row_index,allele,arm,split_regime,fold,fraction,n_train,y_true,y_pred
0,HLA-A*02:01,esm2_mean,locus,0,1.0,13696,1.0296194171811583,1.7432008
1,HLA-A*02:01,esm2_mean,locus,0,1.0,13696,0.09531017980432487,1.7654408
2,HLA-A*02:01,esm2_mean,locus,0,1.0,13696,0.09531017980432487,1.7089136
3,HLA-A*02:01,esm2_mean,locus,0,1.0,13696,0.09531017980432487,2.237814
4,HLA-A*02:01,esm2_mean,locus,0,1.0,13696,0.09531017980432487,1.7901044
5,HLA-A*02:01,esm2_mean,locus,0,1.0,13696,0.09531017980432487,1.7091541
6,HLA-A*02:01,esm2_mean,locus,0,1.0,13696,0.09531017980432487,1.7984557
7,HLA-A*03:01,esm2_mean,locus,0,1.0,13696,0.26236426446749106,1.7203662
8,HLA-A*03:01,esm2_mean,locus,0,1.0,13696,0.18232155679395465,1.738699
9,HLA-A*03:01,esm2_mean,locus,0,1.0,13696,0.0,1.8129342
10,HLA-A*30:01,esm2_mean,locus,0,1.0,13696,0.0,1.1907395
11,HLA-A*30:01,esm2_mean,locus,0,1.0,13696,0.4054651081081644,1.482631
37,HLA-A*01:01,esm2_mean,locus,0,1.0,13696,1.1631508098056809,0.51434475
38,HLA-A*01:01,esm2_mean,locus,0,1.0,13696,2.0794415416798357,0.51085806
39,HLA-A*01:01,esm2_mean,locus,0,1.0,13696,0.18232155679395465,0.5133018
40,HLA-A*01:01,esm2_mean,locus,0,1.0,13696,0.33647223662121295,0.24695545
41,HLA-A*01:01,esm2_mean,locus,0,1.0,13696,0.5306282510621704,1.0058727
42,HLA-A*02:01,esm2_mean,locus,0,1.0,13696,2.714694743820879,1.5676265
43,HLA-A*02:01,esm2_mean,locus,0,1.0,13696,2.5217206229107165,1.4866989
44,HLA-A*02:01,esm2_mean,locus,0,1.0,13696,2.2407096892759584,1.5216916
45,HLA-A*02:01,esm2_mean,locus,0,1.0,13696,1.1631508098056809,1.6447821
46,HLA-A*02:01,esm2_mean,locus,0,1.0,13696,2.379546134130174,1.2467293
47,HLA-A*02:01,esm2_mean,locus,0,1.0,13696,1.7047480922384253,1.5515904
48,HLA-A*02:01,esm2_mean,locus,0,1.0,13696,1.62924053973028,1.6839924
49,HLA-A*02:01,esm2_mean,locus,0,1.0,13696,1.0986122886681098,1.9227135
50,HLA-A*02:01,esm2_mean,locus,0,1.0,13696,2.3608540011180215,1.8155081
51,HLA-A*02:01,esm2_mean,locus,0,1.0,13696,1.308332819650179,1.6278064
52,HLA-A*02:01,esm2_mean,locus,0,1.0,13696,1.8562979903656263,1.6327302
53,HLA-A*02:01,esm2_mean,locus,0,1.0,13696,3.1484533605716547,2.0834038
54,HLA-A*02:01,esm2_mean,locus,0,1.0,13696,3.1945831322991562,1.5952201
55,HLA-A*02:01,esm2_mean,locus,0,1.0,13696,1.9315214116032138,1.4542878
56,HLA-A*02:01,esm2_mean,locus,0,1.0,13696,2.341805806147327,1.8017535
57,HLA-A*02:01,esm2_mean,locus,0,1.0,13696,0.4054651081081644,2.1191719
58,HLA-A*02:01,esm2_mean,locus,0,1.0,13696,1.9459101490553132,1.568881
59,HLA-A*02:01,esm2_mean,locus,0,1.0,13696,2.028148247292285,1.5983367
60,HLA-A*02:01,esm2_mean,locus,0,1.0,13696,1.252762968495368,1.5884979
61,HLA-A*02:01,esm2_mean,locus,0,1.0,13696,0.7419373447293773,1.6426007
62,HLA-A*02:01,esm2_mean,locus,0,1.0,13696,0.8754687373538999,1.585222
63,HLA-A*02:01,esm2_mean,locus,0,1.0,13696,0.9555114450274363,1.9317532
64,HLA-A*02:01,esm2_mean,locus,0,1.0,13696,0.33647223662121295,1.7099025
65,HLA-A*02:01,esm2_mean,locus,0,1.0,13696,3.32862668882732,1.8300273
66,HLA-A*02:01,esm2_mean,locus,0,1.0,13696,0.6418538861723948,2.002022
67,HLA-A*02:01,esm2_mean,locus,0,1.0,13696,3.0032042883926917,1.862236
68,HLA-A*02:01,esm2_mean,locus,0,1.0,13696,0.33647223662121295,1.6394613
69,HLA-A*02:01,esm2_mean,locus,0,1.0,13696,1.0986122886681098,1.7529397
70,HLA-A*02:01,esm2_mean,locus,0,1.0,13696,2.128231705849268,1.7086649
71,HLA-A*02:01,esm2_mean,locus,0,1.0,13696,1.252762968495368,1.786829
72,HLA-A*02:01,esm2_mean,locus,0,1.0,13696,0.5306282510621704,1.7350228
73,HLA-A*02:01,esm2_mean,locus,0,1.0,13696,0.09531017980432487,1.544827
74,HLA-A*02:01,esm2_mean,locus,0,1.0,13696,0.09531017980432487,1.630156
75,HLA-A*02:01,esm2_mean,locus,0,1.0,13696,0.18232155679395465,2.049894
76,HLA-A*02:01,esm2_mean,locus,0,1.0,13696,0.09531017980432487,1.6499672
77,HLA-A*02:01,esm2_mean,locus,0,1.0,13696,0.09531017980432487,1.8573635
78,HLA-A*02:01,esm2_mean,locus,0,1.0,13696,0.09531017980432487,1.899818
79,HLA-A*02:01,esm2_mean,locus,0,1.0,13696,0.09531017980432487,1.7653283
80,HLA-A*02:01,esm2_mean,locus,0,1.0,13696,0.09531017980432487,1.9533398
81,HLA-A*02:01,esm2_mean,locus,0,1.0,13696,0.09531017980432487,1.6554563
82,HLA-A*02:01,esm2_mean,locus,0,1.0,13696,0.09531017980432487,1.9726369
83,HLA-A*02:01,esm2_mean,locus,0,1.0,13696,0.09531017980432487,2.277391
84,HLA-A*02:01,esm2_mean,locus,0,1.0,13696,0.09531017980432487,1.9740834
85,HLA-A*02:01,esm2_mean,locus,0,1.0,13696,0.09531017980432487,2.054051
86,HLA-A*03:01,esm2_mean,locus,0,1.0,13696,1.3862943611198906,1.777933
87,HLA-A*03:01,esm2_mean,locus,0,1.0,13696,0.18232155679395465,1.5691278
88,HLA-A*03:01,esm2_mean,locus,0,1.0,13696,2.9231615807191558,2.233135
89,HLA-A*03:01,esm2_mean,locus,0,1.0,13696,2.468099531471619,2.293528
90,HLA-A*03:01,esm2_mean,locus,0,1.0,13696,4.393213824064446,1.8739934
91,HLA-A*03:01,esm2_mean,locus,0,1.0,13696,2.995732273553991,1.8833514
92,HLA-A*03:01,esm2_mean,locus,0,1.0,13696,0.5306282510621704,1.8368359
93,HLA-A*03:01,esm2_mean,locus,0,1.0,13696,2.302585092994046,2.444342
94,HLA-A*03:01,esm2_mean,locus,0,1.0,13696,0.26236426446749106,1.8240478
95,HLA-A*03:01,esm2_mean,locus,0,1.0,13696,2.028148247292285,1.5925202
96,HLA-A*03:01,esm2_mean,locus,0,1.0,13696,3.3105430133940246,1.8291883
97,HLA-A*03:01,esm2_mean,locus,0,1.0,13696,0.5877866649021191,2.0713308
98,HLA-A*03:01,esm2_mean,locus,0,1.0,13696,1.5040773967762742,1.905669
99,HLA-A*03:01,esm2_mean,locus,0,1.0,13696,2.1162555148025524,1.9965446
100,HLA-A*03:01,esm2_mean,locus,0,1.0,13696,0.6418538861723948,1.9821575
101,HLA-A*03:01,esm2_mean,locus,0,1.0,13696,0.6931471805599453,1.7482902
102,HLA-A*03:01,esm2_mean,locus,0,1.0,13696,3.535145354171894,2.0882053
103,HLA-A*03:01,esm2_mean,locus,0,1.0,13696,0.5306282510621704,2.0429497
104,HLA-A*03:01,esm2_mean,locus,0,1.0,13696,1.840549633397487,1.9664836
105,HLA-A*03:01,esm2_mean,locus,0,1.0,13696,0.33647223662121295,2.0831947
106,HLA-A*03:01,esm2_mean,locus,0,1.0,13696,0.33647223662121295,1.5913597
107,HLA-A*03:01,esm2_mean,locus,0,1.0,13696,2.468099531471619,2.2183652
108,HLA-A*03:01,esm2_mean,locus,0,1.0,13696,0.8754687373538999,2.0653174
109,HLA-A*03:01,esm2_mean,locus,0,1.0,13696,3.0252910757955354,1.8834295
110,HLA-A*03:01,esm2_mean,locus,0,1.0,13696,2.9444389791664403,2.147689
111,HLA-A*03:01,esm2_mean,locus,0,1.0,13696,0.6931471805599453,1.9361231
112,HLA-A*03:01,esm2_mean,locus,0,1.0,13696,2.2407096892759584,1.9294214
113,HLA-A*03:01,esm2_mean,locus,0,1.0,13696,2.6390573296152584,1.7965337
114,HLA-A*03:01,esm2_mean,locus,0,1.0,13696,0.7884573603642702,1.6545117
115,HLA-A*03:01,esm2_mean,locus,0,1.0,13696,4.141546163706395,2.1780736
116,HLA-A*03:01,esm2_mean,locus,0,1.0,13696,0.18232155679395465,2.029269
117,HLA-A*03:01,esm2_mean,locus,0,1.0,13696,3.765840495250065,2.2023726
118,HLA-A*03:01,esm2_mean,locus,0,1.0,13696,4.021773869387265,2.0232816
119,HLA-A*03:01,esm2_mean,locus,0,1.0,13696,0.5306282510621704,1.8864493
120,HLA-A*03:01,esm2_mean,locus,0,1.0,13696,0.18232155679395465,1.9812434
121,HLA-A*03:01,esm2_mean,locus,0,1.0,13696,1.7227665977411035,2.0221002
122,HLA-A*03:01,esm2_mean,locus,0,1.0,13696,0.26236426446749106,1.8769519
123,HLA-A*03:01,esm2_mean,locus,0,1.0,13696,0.4054651081081644,1.922128
124,HLA-A*03:01,esm2_mean,locus,0,1.0,13696,0.18232155679395465,1.8299387
125,HLA-A*03:01,esm2_mean,locus,0,1.0,13696,0.26236426446749106,2.119326
126,HLA-A*03:01,esm2_mean,locus,0,1.0,13696,1.8718021769015913,2.023078
127,HLA-A*03:01,esm2_mean,locus,0,1.0,13696,0.8754687373538999,2.0043776
128,HLA-A*03:01,esm2_mean,locus,0,1.0,13696,0.33647223662121295,1.713391
129,HLA-A*03:01,esm2_mean,locus,0,1.0,13696,0.0,1.3921596
130,HLA-A*03:01,esm2_mean,locus,0,1.0,13696,0.09531017980432487,1.5544698
131,HLA-A*03:01,esm2_mean,locus,0,1.0,13696,0.0,1.7385767
132,HLA-A*03:01,esm2_mean,locus,0,1.0,13696,0.18232155679395465,1.8799007
133,HLA-A*03:01,esm2_mean,locus,0,1.0,13696,0.0,1.7076821
134,HLA-A*03:01,esm2_mean,locus,0,1.0,13696,0.0,1.7122447
135,HLA-A*03:01,esm2_mean,locus,0,1.0,13696,0.18232155679395465,2.092955
136,HLA-A*03:01,esm2_mean,locus,0,1.0,13696,0.5877866649021191,2.1489837
137,HLA-A*11:01,esm2_mean,locus,0,1.0,13696,4.197201947661808,1.317761
138,HLA-A*11:01,esm2_mean,locus,0,1.0,13696,1.3609765531356006,1.7821
139,HLA-A*11:01,esm2_mean,locus,0,1.0,13696,3.8979240810486444,1.1962543
140,HLA-A*11:01,esm2_mean,locus,0,1.0,13696,3.1135153092103742,1.3942417
141,HLA-A*11:01,esm2_mean,locus,0,1.0,13696,2.341805806147327,1.5599031
142,HLA-A*11:01,esm2_mean,locus,0,1.0,13696,4.380775852772229,1.3625648
143,HLA-A*11:01,esm2_mean,locus,0,1.0,13696,1.3609765531356006,1.0810932
144,HLA-A*11:01,esm2_mean,locus,0,1.0,13696,1.1631508098056809,1.236861
145,HLA-A*11:01,esm2_mean,locus,0,1.0,13696,3.4307561839036995,1.4707288
146,HLA-A*11:01,esm2_mean,locus,0,1.0,13696,3.55820113047182,1.3719239
147,HLA-A*11:01,esm2_mean,locus,0,1.0,13696,4.351567427189173,1.5767775
148,HLA-A*11:01,esm2_mean,locus,0,1.0,13696,3.4873750779032076,1.7217073
149,HLA-A*11:01,esm2_mean,locus,0,1.0,13696,3.0726933146901194,1.3720018
150,HLA-A*11:01,esm2_mean,locus,0,1.0,13696,1.791759469228055,1.5717677
151,HLA-A*11:01,esm2_mean,locus,0,1.0,13696,3.9740583963475986,1.6666462
152,HLA-A*11:01,esm2_mean,locus,0,1.0,13696,2.6946271807700692,1.7069387
153,HLA-A*11:01,esm2_mean,locus,0,1.0,13696,0.09531017980432487,1.2665055
154,HLA-A*11:01,esm2_mean,locus,0,1.0,13696,3.9435216724875173,1.6909444
155,HLA-A*11:01,esm2_mean,locus,0,1.0,13696,2.1400661634962708,1.5538898
156,HLA-A*11:01,esm2_mean,locus,0,1.0,13696,0.7419373447293773,1.4246945
157,HLA-A*11:01,esm2_mean,locus,0,1.0,13696,3.4468078929142076,1.4929492
158,HLA-A*11:01,esm2_mean,locus,0,1.0,13696,4.275276264727001,1.5106725
159,HLA-A*11:01,esm2_mean,locus,0,1.0,13696,0.33647223662121295,1.0577002
160,HLA-A*11:01,esm2_mean,locus,0,1.0,13696,3.728100167267218,1.5116502
161,HLA-A*11:01,esm2_mean,locus,0,1.0,13696,1.252762968495368,1.4179924
162,HLA-A*11:01,esm2_mean,locus,0,1.0,13696,2.0794415416798357,1.4550562
163,HLA-A*11:01,esm2_mean,locus,0,1.0,13696,0.4054651081081644,1.3556545
164,HLA-A*11:01,esm2_mean,locus,0,1.0,13696,0.18232155679395465,1.0799309
165,HLA-A*11:01,esm2_mean,locus,0,1.0,13696,0.26236426446749106,1.2008154
166,HLA-A*11:01,esm2_mean,locus,0,1.0,13696,0.26236426446749106,1.3254069
167,HLA-A*11:01,esm2_mean,locus,0,1.0,13696,0.26236426446749106,1.31262
168,HLA-A*11:01,esm2_mean,locus,0,1.0,13696,2.379546134130174,1.6977277
169,HLA-A*11:01,esm2_mean,locus,0,1.0,13696,0.18232155679395465,1.0430411
170,HLA-A*11:01,esm2_mean,locus,0,1.0,13696,0.4700036292457355,1.5522892
171,HLA-A*24:03,esm2_mean,locus,0,1.0,13696,2.6878474937846906,0.8433851
172,HLA-A*24:03,esm2_mean,locus,0,1.0,13696,0.6418538861723948,0.8602741
173,HLA-A*24:03,esm2_mean,locus,0,1.0,13696,2.785011242238338,0.6470744
174,HLA-A*24:03,esm2_mean,locus,0,1.0,13696,0.7884573603642702,0.6903398
175,HLA-A*24:03,esm2_mean,locus,0,1.0,13696,1.9459101490553132,1.0734515
176,HLA-A*24:03,esm2_mean,locus,0,1.0,13696,1.8870696490323797,0.7983892
177,HLA-A*24:03,esm2_mean,locus,0,1.0,13696,3.7796338173824005,1.0284998
178,HLA-A*24:03,esm2_mean,locus,0,1.0,13696,2.0149030205422647,0.42755443
179,HLA-A*24:03,esm2_mean,locus,0,1.0,13696,1.7047480922384253,0.6912652
180,HLA-A*24:03,esm2_mean,locus,0,1.0,13696,3.5409593240373143,1.1457096
181,HLA-A*24:03,esm2_mean,locus,0,1.0,13696,0.9932517730102833,0.9238137
182,HLA-A*24:03,esm2_mean,locus,0,1.0,13696,0.7419373447293773,0.7124392
183,HLA-A*24:03,esm2_mean,locus,0,1.0,13696,0.6931471805599453,1.0240568
184,HLA-A*24:03,esm2_mean,locus,0,1.0,13696,1.9459101490553132,0.5401933
185,HLA-A*24:03,esm2_mean,locus,0,1.0,13696,0.5306282510621704,0.6461943
186,HLA-A*24:03,esm2_mean,locus,0,1.0,13696,2.6946271807700692,0.6704719
187,HLA-A*24:03,esm2_mean,locus,0,1.0,13696,0.26236426446749106,0.6272179
188,HLA-A*24:03,esm2_mean,locus,0,1.0,13696,0.4700036292457355,0.95482904
189,HLA-A*26:01,esm2_mean,locus,0,1.0,13696,0.18232155679395465,0.17296755
190,HLA-A*26:01,esm2_mean,locus,0,1.0,13696,1.5040773967762742,0.4021569
191,HLA-A*26:01,esm2_mean,locus,0,1.0,13696,3.3877743613300146,0.27914268
192,HLA-A*26:01,esm2_mean,locus,0,1.0,13696,2.856470206220483,0.42671138
193,HLA-A*26:01,esm2_mean,locus,0,1.0,13696,1.840549633397487,0.003749907
194,HLA-A*26:01,esm2_mean,locus,0,1.0,13696,0.26236426446749106,0.21711332
195,HLA-A*26:01,esm2_mean,locus,0,1.0,13696,0.6931471805599453,0.25920606
196,HLA-A*26:01,esm2_mean,locus,0,1.0,13696,0.7884573603642702,0.09440106
197,HLA-A*26:01,esm2_mean,locus,0,1.0,13696,1.4350845252893227,0.34456372
198,HLA-A*26:01,esm2_mean,locus,0,1.0,13696,0.6418538861723948,0.20918709
199,HLA-A*26:01,esm2_mean,locus,0,1.0,13696,0.18232155679395465,-0.12379223
200,HLA-A*26:01,esm2_mean,locus,0,1.0,13696,0.4700036292457355,-0.096999586
201,HLA-A*26:01,esm2_mean,locus,0,1.0,13696,0.5877866649021191,0.34430605
202,HLA-A*26:01,esm2_mean,locus,0,1.0,13696,0.0,0.040619552
203,HLA-A*26:01,esm2_mean,locus,0,1.0,13696,0.26236426446749106,0.01712817
204,HLA-A*26:01,esm2_mean,locus,0,1.0,13696,0.18232155679395465,0.25452322
205,HLA-A*26:01,esm2_mean,locus,0,1.0,13696,0.18232155679395465,0.1302926
206,HLA-A*26:01,esm2_mean,locus,0,1.0,13696,0.4054651081081644,0.100164115
207,HLA-A*26:01,esm2_mean,locus,0,1.0,13696,0.4700036292457355,0.13807017
208,HLA-A*26:01,esm2_mean,locus,0,1.0,13696,0.26236426446749106,0.17061698
209,HLA-A*26:01,esm2_mean,locus,0,1.0,13696,0.18232155679395465,0.08430123
210,HLA-A*26:01,esm2_mean,locus,0,1.0,13696,0.18232155679395465,0.0794068
211,HLA-A*26:01,esm2_mean,locus,0,1.0,13696,0.0,0.3896575
212,HLA-A*26:01,esm2_mean,locus,0,1.0,13696,0.0,-0.10333675
213,HLA-A*26:01,esm2_mean,locus,0,1.0,13696,0.0,0.18490523
214,HLA-A*30:01,esm2_mean,locus,0,1.0,13696,0.7419373447293773,1.2111977
215,HLA-A*30:01,esm2_mean,locus,0,1.0,13696,3.6988297849671046,1.3823059
216,HLA-A*30:01,esm2_mean,locus,0,1.0,13696,1.3609765531356006,1.0903136
217,HLA-A*30:01,esm2_mean,locus,0,1.0,13696,4.300002799195291,1.7320886
218,HLA-A*30:01,esm2_mean,locus,0,1.0,13696,1.7047480922384253,1.7924819
219,HLA-A*30:01,esm2_mean,locus,0,1.0,13696,2.714694743820879,1.9432962
220,HLA-A*30:01,esm2_mean,locus,0,1.0,13696,1.2809338454620642,1.0534217
221,HLA-A*30:01,esm2_mean,locus,0,1.0,13696,1.0986122886681098,1.4046232
222,HLA-A*30:01,esm2_mean,locus,0,1.0,13696,3.202746442938317,1.7013264
223,HLA-A*30:01,esm2_mean,locus,0,1.0,13696,2.0149030205422647,1.5871593
224,HLA-A*30:01,esm2_mean,locus,0,1.0,13696,0.09531017980432487,1.2768869
225,HLA-A*30:01,esm2_mean,locus,0,1.0,13696,2.8791984572980396,1.677028
226,HLA-A*30:01,esm2_mean,locus,0,1.0,13696,1.4586150226995167,1.372947
227,HLA-A*30:01,esm2_mean,locus,0,1.0,13696,0.6418538861723948,1.435076
228,HLA-A*30:01,esm2_mean,locus,0,1.0,13696,0.4700036292457355,1.4811099
229,HLA-A*30:01,esm2_mean,locus,0,1.0,13696,1.7227665977411035,1.7173204
230,HLA-A*30:01,esm2_mean,locus,0,1.0,13696,0.18232155679395465,1.2472435
231,HLA-A*30:01,esm2_mean,locus,0,1.0,13696,0.7884573603642702,1.522032
232,HLA-A*30:01,esm2_mean,locus,0,1.0,13696,0.33647223662121295,1.0914748
233,HLA-A*30:01,esm2_mean,locus,0,1.0,13696,1.5040773967762742,1.5821493
234,HLA-A*30:01,esm2_mean,locus,0,1.0,13696,0.0,1.0680819
235,HLA-A*30:01,esm2_mean,locus,0,1.0,13696,0.0,1.5702851
236,HLA-A*31:01,esm2_mean,locus,0,1.0,13696,3.955082494888593,1.2203104
237,HLA-A*31:01,esm2_mean,locus,0,1.0,13696,2.186051276738094,0.88377
238,HLA-A*31:01,esm2_mean,locus,0,1.0,13696,0.9555114450274363,0.8691105
239,HLA-A*31:01,esm2_mean,locus,0,1.0,13696,3.3603753871419,1.3859717
240,HLA-A*31:01,esm2_mean,locus,0,1.0,13696,3.2846635654062037,1.5477765
241,HLA-A*31:01,esm2_mean,locus,0,1.0,13696,1.7047480922384253,1.1979939
242,HLA-A*31:01,esm2_mean,locus,0,1.0,13696,1.840549633397487,1.4927154
243,HLA-A*31:01,esm2_mean,locus,0,1.0,13696,2.151762203259462,1.4028475
244,HLA-A*31:01,esm2_mean,locus,0,1.0,13696,0.26236426446749106,1.2967981
245,HLA-A*31:01,esm2_mean,locus,0,1.0,13696,1.9740810260220096,1.3367422
246,HLA-A*31:01,esm2_mean,locus,0,1.0,13696,1.2809338454620642,1.7589841
247,HLA-A*31:01,esm2_mean,locus,0,1.0,13696,1.0647107369924282,0.90716195
248,HLA-A*31:01,esm2_mean,locus,0,1.0,13696,2.3978952727983707,1.5330081
249,HLA-A*31:01,esm2_mean,locus,0,1.0,13696,0.832909122935104,1.0268856
250,HLA-A*31:01,esm2_mean,locus,0,1.0,13696,3.9889840465642745,1.5170138
251,HLA-A*31:01,esm2_mean,locus,0,1.0,13696,0.09531017980432487,1.6081705
252,HLA-A*31:01,esm2_mean,locus,0,1.0,13696,0.18232155679395465,1.0925753
253,HLA-A*31:01,esm2_mean,locus,0,1.0,13696,0.6418538861723948,1.337718
254,HLA-A*31:01,esm2_mean,locus,0,1.0,13696,0.4700036292457355,1.2507644
255,HLA-A*31:01,esm2_mean,locus,0,1.0,13696,0.6418538861723948,1.3978373
256,HLA-A*31:01,esm2_mean,locus,0,1.0,13696,0.0,1.0629308
442,HLA-A*01:01,esm2_mean,locus,0,1.0,13696,0.33647223662121295,0.6527505
443,HLA-A*01:01,esm2_mean,locus,0,1.0,13696,3.8753590210565547,0.67501354
444,HLA-A*01:01,esm2_mean,locus,0,1.0,13696,0.4700036292457355,0.6149976
445,HLA-A*01:01,esm2_mean,locus,0,1.0,13696,1.791759469228055,0.44482714
446,HLA-A*01:01,esm2_mean,locus,0,1.0,13696,0.832909122935104,0.56344914
447,HLA-A*01:01,esm2_mean,locus,0,1.0,13696,1.3609765531356006,0.4812289
448,HLA-A*01:01,esm2_mean,locus,0,1.0,13696,0.4054651081081644,0.31771392
449,HLA-A*01:01,esm2_mean,locus,0,1.0,13696,1.9459101490553132,0.7531165
450,HLA-A*01:01,esm2_mean,locus,0,1.0,13696,1.0647107369924282,0.5794653
451,HLA-A*01:01,esm2_mean,locus,0,1.0,13696,1.3862943611198906,0.578251
452,HLA-A*01:01,esm2_mean,locus,0,1.0,13696,0.5877866649021191,0.4346407
453,HLA-A*01:01,esm2_mean,locus,0,1.0,13696,1.7227665977411035,0.43377995
454,HLA-A*01:01,esm2_mean,locus,0,1.0,13696,2.028148247292285,0.68996656
455,HLA-A*01:01,esm2_mean,locus,0,1.0,13696,0.26236426446749106,0.48873347
456,HLA-A*01:01,esm2_mean,locus,0,1.0,13696,0.7419373447293773,0.770566
457,HLA-A*01:01,esm2_mean,locus,0,1.0,13696,1.0296194171811583,0.54146504
458,HLA-A*01:01,esm2_mean,locus,0,1.0,13696,1.4816045409242156,0.55932987
459,HLA-A*01:01,esm2_mean,locus,0,1.0,13696,0.26236426446749106,0.48223796
460,HLA-A*01:01,esm2_mean,locus,0,1.0,13696,0.26236426446749106,0.56146073
461,HLA-A*01:01,esm2_mean,locus,0,1.0,13696,0.4700036292457355,0.5426712
462,HLA-A*01:01,esm2_mean,locus,0,1.0,13696,0.9555114450274363,0.69025147
463,HLA-A*01:01,esm2_mean,locus,0,1.0,13696,0.33647223662121295,0.67975044
464,HLA-A*01:01,esm2_mean,locus,0,1.0,13696,0.18232155679395465,0.62017584
465,HLA-A*01:01,esm2_mean,locus,0,1.0,13696,0.18232155679395465,0.74666893
466,HLA-A*01:01,esm2_mean,locus,0,1.0,13696,0.4054651081081644,0.3828026
467,HLA-A*01:01,esm2_mean,locus,0,1.0,13696,0.18232155679395465,0.5249922
468,HLA-A*01:01,esm2_mean,locus,0,1.0,13696,0.18232155679395465,0.48222965
469,HLA-A*01:01,esm2_mean,locus,0,1.0,13696,0.4700036292457355,0.77116215
470,HLA-A*01:01,esm2_mean,locus,0,1.0,13696,0.18232155679395465,0.50543517
471,HLA-A*01:01,esm2_mean,locus,0,1.0,13696,0.26236426446749106,0.49136585
472,HLA-A*01:01,esm2_mean,locus,0,1.0,13696,0.09531017980432487,0.3416201
473,HLA-A*01:01,esm2_mean,locus,0,1.0,13696,3.0525850851467737,0.40552175
474,HLA-A*01:01,esm2_mean,locus,0,1.0,13696,3.429784838514068,0.41377884
475,HLA-A*02:01,esm2_mean,locus,0,1.0,13696,2.9444389791664403,1.5831974
476,HLA-A*02:01,esm2_mean,locus,0,1.0,13696,2.1041341542702074,1.7591517
477,HLA-A*02:01,esm2_mean,locus,0,1.0,13696,2.9652730660692823,1.5855244
478,HLA-A*02:01,esm2_mean,locus,0,1.0,13696,3.459466289786131,1.548841
479,HLA-A*02:01,esm2_mean,locus,0,1.0,13696,2.8507065015037334,1.634068
480,HLA-A*02:01,esm2_mean,locus,0,1.0,13696,3.0301337002713233,1.3706658
481,HLA-A*02:01,esm2_mean,locus,0,1.0,13696,3.3105430133940246,1.5748235
482,HLA-A*02:01,esm2_mean,locus,0,1.0,13696,3.0007198150650303,1.5674037
483,HLA-A*02:01,esm2_mean,locus,0,1.0,13696,3.3638415951183864,1.6697044
484,HLA-A*02:01,esm2_mean,locus,0,1.0,13696,3.1654750481410856,1.6343737
485,HLA-A*02:01,esm2_mean,locus,0,1.0,13696,2.580216829592325,1.657666
486,HLA-A*02:01,esm2_mean,locus,0,1.0,13696,3.456316680883235,1.548458
487,HLA-A*02:01,esm2_mean,locus,0,1.0,13696,2.2082744135228043,1.5123789
488,HLA-A*02:01,esm2_mean,locus,0,1.0,13696,3.391147045808654,1.644711
489,HLA-A*02:01,esm2_mean,locus,0,1.0,13696,2.740840023925201,1.6983716
490,HLA-A*02:01,esm2_mean,locus,0,1.0,13696,1.9459101490553132,1.7321415
491,HLA-A*02:01,esm2_mean,locus,0,1.0,13696,2.917770732084279,1.6796858
492,HLA-A*02:01,esm2_mean,locus,0,1.0,13696,3.4210000089583352,1.6569477
493,HLA-A*02:01,esm2_mean,locus,0,1.0,13696,3.822098297900159,1.7908992
494,HLA-A*02:01,esm2_mean,locus,0,1.0,13696,2.8154087194227095,1.8491933
495,HLA-A*02:01,esm2_mean,locus,0,1.0,13696,3.2347491740244907,1.6960189
496,HLA-A*02:01,esm2_mean,locus,0,1.0,13696,2.803360380906535,1.5640193
497,HLA-A*02:01,esm2_mean,locus,0,1.0,13696,3.3463891451671604,1.6689696
498,HLA-A*02:01,esm2_mean,locus,0,1.0,13696,3.8501476017100584,1.8862174
499,HLA-A*02:01,esm2_mean,locus,0,1.0,13696,0.9555114450274363,1.6832325
500,HLA-A*02:01,esm2_mean,locus,0,1.0,13696,1.0647107369924282,1.8351884
501,HLA-A*02:01,esm2_mean,locus,0,1.0,13696,1.33500106673234,1.8066995
502,HLA-A*02:01,esm2_mean,locus,0,1.0,13696,1.7404661748405046,1.4437603
503,HLA-A*02:01,esm2_mean,locus,0,1.0,13696,0.6931471805599453,1.8392036
504,HLA-A*02:01,esm2_mean,locus,0,1.0,13696,3.349904087274605,2.1865933
505,HLA-A*02:01,esm2_mean,locus,0,1.0,13696,0.33647223662121295,1.5743029
506,HLA-A*02:01,esm2_mean,locus,0,1.0,13696,2.388762789235098,1.9016173
507,HLA-A*02:01,esm2_mean,locus,0,1.0,13696,0.5306282510621704,1.8746021
508,HLA-A*02:01,esm2_mean,locus,0,1.0,13696,1.0647107369924282,1.4873468
509,HLA-A*02:01,esm2_mean,locus,0,1.0,13696,2.8903717578961645,1.6895173
510,HLA-A*02:01,esm2_mean,locus,0,1.0,13696,1.410986973710262,1.9702805
511,HLA-A*02:01,esm2_mean,locus,0,1.0,13696,2.517696472610991,1.7407222
512,HLA-A*02:01,esm2_mean,locus,0,1.0,13696,2.6878474937846906,2.0468888
513,HLA-A*02:01,esm2_mean,locus,0,1.0,13696,2.785011242238338,1.4868582
514,HLA-A*02:01,esm2_mean,locus,0,1.0,13696,1.5686159179138452,1.655545
515,HLA-A*02:01,esm2_mean,locus,0,1.0,13696,2.6741486494265287,1.8468595
516,HLA-A*02:01,esm2_mean,locus,0,1.0,13696,1.9878743481543455,1.9379976
517,HLA-A*02:01,esm2_mean,locus,0,1.0,13696,3.1717842173343502,1.8024242
518,HLA-A*02:01,esm2_mean,locus,0,1.0,13696,1.2809338454620642,1.7623577
519,HLA-A*02:01,esm2_mean,locus,0,1.0,13696,2.954910279033736,1.5432748
520,HLA-A*02:01,esm2_mean,locus,0,1.0,13696,3.735285826928092,2.020446
521,HLA-A*02:01,esm2_mean,locus,0,1.0,13696,2.128231705849268,1.4744498
522,HLA-A*02:01,esm2_mean,locus,0,1.0,13696,2.341805806147327,1.9555485
523,HLA-A*02:01,esm2_mean,locus,0,1.0,13696,0.4054651081081644,1.6001669
524,HLA-A*02:01,esm2_mean,locus,0,1.0,13696,1.6863989535702288,1.9013982
525,HLA-A*02:01,esm2_mean,locus,0,1.0,13696,0.09531017980432487,1.9536676
526,HLA-A*02:01,esm2_mean,locus,0,1.0,13696,2.772588722239781,1.9561887
527,HLA-A*02:01,esm2_mean,locus,0,1.0,13696,0.5877866649021191,1.3808208
528,HLA-A*02:01,esm2_mean,locus,0,1.0,13696,0.7884573603642702,1.4556737
529,HLA-A*02:01,esm2_mean,locus,0,1.0,13696,0.9555114450274363,1.5684053
530,HLA-A*02:01,esm2_mean,locus,0,1.0,13696,3.131136910560194,1.9586768
531,HLA-A*02:01,esm2_mean,locus,0,1.0,13696,1.2237754316221157,1.840682
532,HLA-A*02:01,esm2_mean,locus,0,1.0,13696,3.3250360206965914,1.888617
533,HLA-A*02:01,esm2_mean,locus,0,1.0,13696,2.0412203288596382,1.5045985
534,HLA-A*02:01,esm2_mean,locus,0,1.0,13696,0.26236426446749106,1.6788769
535,HLA-A*02:01,esm2_mean,locus,0,1.0,13696,1.589235205116581,1.726437
536,HLA-A*02:01,esm2_mean,locus,0,1.0,13696,3.893859034800475,1.8117529
537,HLA-A*02:01,esm2_mean,locus,0,1.0,13696,2.667228206581955,1.7723601
538,HLA-A*02:01,esm2_mean,locus,0,1.0,13696,1.5686159179138452,1.7221804
539,HLA-A*02:01,esm2_mean,locus,0,1.0,13696,0.6931471805599453,1.7879288
540,HLA-A*02:01,esm2_mean,locus,0,1.0,13696,0.7419373447293773,1.9748856
541,HLA-A*02:01,esm2_mean,locus,0,1.0,13696,1.5686159179138452,1.6360685
542,HLA-A*02:01,esm2_mean,locus,0,1.0,13696,3.2188758248682006,1.6368806
543,HLA-A*02:01,esm2_mean,locus,0,1.0,13696,0.6418538861723948,1.9792414
544,HLA-A*02:01,esm2_mean,locus,0,1.0,13696,1.308332819650179,1.5879115
545,HLA-A*02:01,esm2_mean,locus,0,1.0,13696,0.7884573603642702,1.8984046
546,HLA-A*02:01,esm2_mean,locus,0,1.0,13696,0.9932517730102833,1.8464315
547,HLA-A*02:01,esm2_mean,locus,0,1.0,13696,0.33647223662121295,1.9463155
548,HLA-A*02:01,esm2_mean,locus,0,1.0,13696,0.33647223662121295,2.0164149
549,HLA-A*02:01,esm2_mean,locus,0,1.0,13696,0.30010459245033805,1.7391002
550,HLA-A*02:01,esm2_mean,locus,0,1.0,13696,0.5877866649021191,1.7634387
551,HLA-A*02:01,esm2_mean,locus,0,1.0,13696,0.26236426446749106,1.8082831
552,HLA-A*02:01,esm2_mean,locus,0,1.0,13696,1.308332819650179,1.8691325
553,HLA-A*02:01,esm2_mean,locus,0,1.0,13696,0.33647223662121295,1.5493071
554,HLA-A*02:01,esm2_mean,locus,0,1.0,13696,0.4700036292457355,1.7635083
555,HLA-A*02:01,esm2_mean,locus,0,1.0,13696,0.18232155679395465,1.7462496
556,HLA-A*02:01,esm2_mean,locus,0,1.0,13696,0.9555114450274363,1.8270186
557,HLA-A*02:01,esm2_mean,locus,0,1.0,13696,1.0647107369924282,1.5963376
558,HLA-A*02:01,esm2_mean,locus,0,1.0,13696,1.0647107369924282,1.6886375
559,HLA-A*02:01,esm2_mean,locus,0,1.0,13696,3.3638415951183864,1.9168332
560,HLA-A*02:01,esm2_mean,locus,0,1.0,13696,0.09531017980432487,1.7523334
561,HLA-A*02:01,esm2_mean,locus,0,1.0,13696,1.0647107369924282,1.672889
562,HLA-A*02:01,esm2_mean,locus,0,1.0,13696,1.5686159179138452,1.6671809
563,HLA-A*02:01,esm2_mean,locus,0,1.0,13696,2.1972245773362196,1.5752232
564,HLA-A*02:01,esm2_mean,locus,0,1.0,13696,0.7884573603642702,1.8967781
565,HLA-A*02:01,esm2_mean,locus,0,1.0,13696,0.09531017980432487,1.8761218
566,HLA-A*02:01,esm2_mean,locus,0,1.0,13696,0.18232155679395465,2.0335605
567,HLA-A*02:01,esm2_mean,locus,0,1.0,13696,0.09531017980432487,1.6994219
568,HLA-A*02:01,esm2_mean,locus,0,1.0,13696,0.09531017980432487,2.0113919
569,HLA-A*02:01,esm2_mean,locus,0,1.0,13696,1.1314021114911006,1.7229142
570,HLA-A*02:01,esm2_mean,locus,0,1.0,13696,0.09531017980432487,1.7301266
571,HLA-A*02:01,esm2_mean,locus,0,1.0,13696,0.09531017980432487,1.5496528
572,HLA-A*02:01,esm2_mean,locus,0,1.0,13696,1.2237754316221157,2.22828
573,HLA-A*02:01,esm2_mean,locus,0,1.0,13696,1.62924053973028,1.5918319
574,HLA-A*02:01,esm2_mean,locus,0,1.0,13696,1.4350845252893227,1.9161708
575,HLA-A*02:01,esm2_mean,locus,0,1.0,13696,0.09531017980432487,1.9025285
576,HLA-A*02:01,esm2_mean,locus,0,1.0,13696,0.09531017980432487,1.8029038
577,HLA-A*02:01,esm2_mean,locus,0,1.0,13696,0.09531017980432487,1.8587179
578,HLA-A*02:01,esm2_mean,locus,0,1.0,13696,0.09531017980432487,1.70523
579,HLA-A*02:01,esm2_mean,locus,0,1.0,13696,0.09531017980432487,1.6466148
580,HLA-A*02:01,esm2_mean,locus,0,1.0,13696,0.09531017980432487,1.7663503
581,HLA-A*02:01,esm2_mean,locus,0,1.0,13696,0.09531017980432487,1.7523445
582,HLA-A*02:01,esm2_mean,locus,0,1.0,13696,0.09531017980432487,1.6861645
583,HLA-A*02:01,esm2_mean,locus,0,1.0,13696,0.09531017980432487,1.9277275
584,HLA-A*02:01,esm2_mean,locus,0,1.0,13696,2.8390784635086144,1.7809551
585,HLA-A*02:01,esm2_mean,locus,0,1.0,13696,0.09531017980432487,1.8132372
586,HLA-A*02:01,esm2_mean,locus,0,1.0,13696,0.09531017980432487,2.089682
587,HLA-A*02:01,esm2_mean,locus,0,1.0,13696,0.09531017980432487,1.7592597
588,HLA-A*02:03,esm2_mean,locus,0,1.0,13696,1.1939224684724346,1.104003
589,HLA-A*02:03,esm2_mean,locus,0,1.0,13696,3.822098297900159,1.2139258
590,HLA-A*02:03,esm2_mean,locus,0,1.0,13696,2.272125885509337,0.92582875
591,HLA-A*02:03,esm2_mean,locus,0,1.0,13696,1.8718021769015913,1.2767134
592,HLA-A*02:03,esm2_mean,locus,0,1.0,13696,2.5416019934645457,1.1299856
593,HLA-A*02:03,esm2_mean,locus,0,1.0,13696,0.7419373447293773,1.1191815
594,HLA-A*02:03,esm2_mean,locus,0,1.0,13696,4.122283930911342,1.2708876
595,HLA-A*02:03,esm2_mean,locus,0,1.0,13696,1.9315214116032138,1.2248664
596,HLA-A*02:03,esm2_mean,locus,0,1.0,13696,3.8815637979434374,1.2864453
597,HLA-A*02:03,esm2_mean,locus,0,1.0,13696,2.4595888418037104,1.3865179
598,HLA-A*02:03,esm2_mean,locus,0,1.0,13696,3.152736022363656,1.1227884
599,HLA-A*02:03,esm2_mean,locus,0,1.0,13696,1.6863989535702288,1.0425091
600,HLA-A*02:03,esm2_mean,locus,0,1.0,13696,3.55820113047182,1.1067524
601,HLA-A*02:03,esm2_mean,locus,0,1.0,13696,2.9014215940827497,1.3361185
602,HLA-A*02:03,esm2_mean,locus,0,1.0,13696,1.308332819650179,1.0270267
603,HLA-A*02:03,esm2_mean,locus,0,1.0,13696,3.100092288878234,1.2128285
604,HLA-A*02:03,esm2_mean,locus,0,1.0,13696,3.0587070727153796,1.3847547
605,HLA-A*02:03,esm2_mean,locus,0,1.0,13696,2.0149030205422647,1.4147137
606,HLA-A*02:03,esm2_mean,locus,0,1.0,13696,1.2237754316221157,1.5041311
607,HLA-A*02:03,esm2_mean,locus,0,1.0,13696,1.2237754316221157,1.1946237
608,HLA-A*02:03,esm2_mean,locus,0,1.0,13696,0.832909122935104,1.2981944
609,HLA-A*02:03,esm2_mean,locus,0,1.0,13696,2.2192034840549946,1.2071365
610,HLA-A*02:03,esm2_mean,locus,0,1.0,13696,3.0492730404820207,1.4159081
611,HLA-A*02:03,esm2_mean,locus,0,1.0,13696,3.0587070727153796,1.5090225
612,HLA-A*02:03,esm2_mean,locus,0,1.0,13696,1.0986122886681098,1.047018
613,HLA-A*02:03,esm2_mean,locus,0,1.0,13696,0.4054651081081644,1.0675415
614,HLA-A*02:03,esm2_mean,locus,0,1.0,13696,3.427514689979529,1.5253055
615,HLA-A*02:03,esm2_mean,locus,0,1.0,13696,1.5260563034950494,1.3748279
616,HLA-A*02:03,esm2_mean,locus,0,1.0,13696,3.4531571205928664,1.4088839
617,HLA-A*02:03,esm2_mean,locus,0,1.0,13696,1.6094379124341003,1.510711
618,HLA-A*02:03,esm2_mean,locus,0,1.0,13696,3.407841924380824,1.3275217
619,HLA-A*02:03,esm2_mean,locus,0,1.0,13696,3.7954891891721947,1.3293871
620,HLA-A*02:03,esm2_mean,locus,0,1.0,13696,2.0918640616783932,1.1203997
621,HLA-A*02:03,esm2_mean,locus,0,1.0,13696,3.4688560301359703,1.0565348
622,HLA-A*02:03,esm2_mean,locus,0,1.0,13696,3.768152635008444,1.2422618
623,HLA-A*02:03,esm2_mean,locus,0,1.0,13696,3.8394523125933104,1.097036
624,HLA-A*02:03,esm2_mean,locus,0,1.0,13696,3.169685580677429,1.2628413
625,HLA-A*02:03,esm2_mean,locus,0,1.0,13696,3.3877743613300146,0.94233906
626,HLA-A*02:03,esm2_mean,locus,0,1.0,13696,1.3609765531356006,1.2511811
627,HLA-A*02:03,esm2_mean,locus,0,1.0,13696,4.147885329150131,1.4413804
628,HLA-A*02:03,esm2_mean,locus,0,1.0,13696,3.1986731175506815,1.164985
629,HLA-A*02:03,esm2_mean,locus,0,1.0,13696,0.7419373447293773,1.4519402
630,HLA-A*02:03,esm2_mean,locus,0,1.0,13696,0.6931471805599453,1.2901847
631,HLA-A*02:03,esm2_mean,locus,0,1.0,13696,0.7419373447293773,1.3234634
632,HLA-A*02:03,esm2_mean,locus,0,1.0,13696,1.2809338454620642,1.2815993
633,HLA-A*02:03,esm2_mean,locus,0,1.0,13696,0.9555114450274363,1.3995857
634,HLA-A*02:03,esm2_mean,locus,0,1.0,13696,0.33647223662121295,1.3706701
635,HLA-A*02:03,esm2_mean,locus,0,1.0,13696,0.9932517730102833,1.412199
636,HLA-A*02:03,esm2_mean,locus,0,1.0,13696,0.33647223662121295,1.3175201
637,HLA-A*02:03,esm2_mean,locus,0,1.0,13696,0.4054651081081644,1.2535349
638,HLA-A*02:03,esm2_mean,locus,0,1.0,13696,0.4700036292457355,0.9463278
639,HLA-A*02:03,esm2_mean,locus,0,1.0,13696,0.6418538861723948,1.4567785
640,HLA-A*02:03,esm2_mean,locus,0,1.0,13696,0.33647223662121295,1.4178107
641,HLA-A*02:03,esm2_mean,locus,0,1.0,13696,0.0,1.5300481
642,HLA-A*02:03,esm2_mean,locus,0,1.0,13696,4.146304301152812,0.83186096
643,HLA-A*02:11,esm2_mean,locus,0,1.0,13696,2.4336133554004498,1.4582341
644,HLA-A*02:11,esm2_mean,locus,0,1.0,13696,3.449987545831587,1.4899817
645,HLA-A*02:11,esm2_mean,locus,0,1.0,13696,3.0633909220278057,1.247922
646,HLA-A*02:11,esm2_mean,locus,0,1.0,13696,2.0412203288596382,1.3331497
647,HLA-A*02:11,esm2_mean,locus,0,1.0,13696,3.1441522786722644,1.548275
648,HLA-A*02:11,esm2_mean,locus,0,1.0,13696,1.0296194171811583,1.4255198
649,HLA-A*02:11,esm2_mean,locus,0,1.0,13696,0.6418538861723948,1.4473672
650,HLA-A*02:11,esm2_mean,locus,0,1.0,13696,0.7419373447293773,1.2495096
651,HLA-A*02:11,esm2_mean,locus,0,1.0,13696,2.5572273113676265,1.0697486
652,HLA-A*02:11,esm2_mean,locus,0,1.0,13696,1.4586150226995167,1.4206337
653,HLA-A*02:11,esm2_mean,locus,0,1.0,13696,1.824549292051046,1.2739062
654,HLA-A*02:11,esm2_mean,locus,0,1.0,13696,2.2300144001592104,1.2631016
655,HLA-A*02:11,esm2_mean,locus,0,1.0,13696,2.8791984572980396,1.4148077
656,HLA-A*02:11,esm2_mean,locus,0,1.0,13696,3.493472657771326,1.3687866
657,HLA-A*02:11,esm2_mean,locus,0,1.0,13696,2.9496883350525844,1.430366
658,HLA-A*02:11,esm2_mean,locus,0,1.0,13696,3.068052935133617,1.3334562
659,HLA-A*02:11,esm2_mean,locus,0,1.0,13696,1.5040773967762742,1.2667091
660,HLA-A*02:11,esm2_mean,locus,0,1.0,13696,1.3609765531356006,1.1864288
661,HLA-A*02:11,esm2_mean,locus,0,1.0,13696,1.33500106673234,1.4341048
662,HLA-A*02:11,esm2_mean,locus,0,1.0,13696,1.4350845252893227,1.2506734
663,HLA-A*02:11,esm2_mean,locus,0,1.0,13696,1.1939224684724346,1.51459
664,HLA-A*02:11,esm2_mean,locus,0,1.0,13696,3.0492730404820207,1.3104986
665,HLA-A*02:11,esm2_mean,locus,0,1.0,13696,1.1314021114911006,1.1709458
666,HLA-A*02:11,esm2_mean,locus,0,1.0,13696,2.8390784635086144,1.5072739
667,HLA-A*02:11,esm2_mean,locus,0,1.0,13696,1.0647107369924282,1.356748
668,HLA-A*02:11,esm2_mean,locus,0,1.0,13696,3.2188758248682006,1.6006994
669,HLA-A*02:11,esm2_mean,locus,0,1.0,13696,1.6863989535702288,1.6739697
670,HLA-A*02:11,esm2_mean,locus,0,1.0,13696,1.308332819650179,1.558634
671,HLA-A*02:11,esm2_mean,locus,0,1.0,13696,1.62924053973028,1.6480508
672,HLA-A*02:11,esm2_mean,locus,0,1.0,13696,1.0647107369924282,1.3385437
673,HLA-A*02:11,esm2_mean,locus,0,1.0,13696,3.086486636822455,1.4421147
674,HLA-A*02:11,esm2_mean,locus,0,1.0,13696,2.3513752571634776,1.3510566
675,HLA-A*02:11,esm2_mean,locus,0,1.0,13696,3.104586678466073,1.6529417
676,HLA-A*02:11,esm2_mean,locus,0,1.0,13696,2.0149030205422647,1.4614414
677,HLA-A*02:11,esm2_mean,locus,0,1.0,13696,3.173878458937465,1.2114612
678,HLA-A*02:11,esm2_mean,locus,0,1.0,13696,1.5040773967762742,1.3438659
679,HLA-A*02:11,esm2_mean,locus,0,1.0,13696,0.6418538861723948,1.0902481
680,HLA-A*02:11,esm2_mean,locus,0,1.0,13696,2.2407096892759584,1.3974544
681,HLA-A*02:11,esm2_mean,locus,0,1.0,13696,3.4242626545931514,1.6546321
682,HLA-A*02:11,esm2_mean,locus,0,1.0,13696,2.4595888418037104,1.4714426
683,HLA-A*02:11,esm2_mean,locus,0,1.0,13696,3.342861804649192,1.5853
684,HLA-A*02:11,esm2_mean,locus,0,1.0,13696,0.6931471805599453,1.4673837
685,HLA-A*02:11,esm2_mean,locus,0,1.0,13696,0.4700036292457355,1.3599601
686,HLA-A*02:11,esm2_mean,locus,0,1.0,13696,0.5877866649021191,1.2643216
687,HLA-A*02:11,esm2_mean,locus,0,1.0,13696,3.292126286607793,1.200456
688,HLA-A*02:11,esm2_mean,locus,0,1.0,13696,2.341805806147327,1.4258481
689,HLA-A*02:11,esm2_mean,locus,0,1.0,13696,2.917770732084279,1.3861814
690,HLA-A*02:11,esm2_mean,locus,0,1.0,13696,3.091042453358316,1.2877917
691,HLA-A*02:11,esm2_mean,locus,0,1.0,13696,3.4904285153900982,1.4067616
692,HLA-A*02:11,esm2_mean,locus,0,1.0,13696,3.086486636822455,1.5958614
693,HLA-A*02:11,esm2_mean,locus,0,1.0,13696,1.4586150226995167,1.5187473
694,HLA-A*02:12,esm2_mean,locus,0,1.0,13696,1.8562979903656263,1.185123
695,HLA-A*02:12,esm2_mean,locus,0,1.0,13696,3.288401887516811,0.97481185
696,HLA-A*02:12,esm2_mean,locus,0,1.0,13696,2.5726122302071057,1.0600398
697,HLA-A*02:12,esm2_mean,locus,0,1.0,13696,1.5260563034950494,0.97639906
698,HLA-A*02:12,esm2_mean,locus,0,1.0,13696,2.8094026953624973,0.7966371
699,HLA-A*02:12,esm2_mean,locus,0,1.0,13696,1.840549633397487,1.0007951
700,HLA-A*02:12,esm2_mean,locus,0,1.0,13696,2.72785282839839,0.9899912
701,HLA-A*02:12,esm2_mean,locus,0,1.0,13696,2.624668592163159,1.1416974
702,HLA-A*02:12,esm2_mean,locus,0,1.0,13696,1.8718021769015913,1.0956757
703,HLA-A*02:12,esm2_mean,locus,0,1.0,13696,2.272125885509337,1.157254
704,HLA-A*02:12,esm2_mean,locus,0,1.0,13696,3.295836866004329,1.0603448
705,HLA-A*02:12,esm2_mean,locus,0,1.0,13696,0.8754687373538999,0.91331774
706,HLA-A*02:12,esm2_mean,locus,0,1.0,13696,0.9932517730102833,0.977562
707,HLA-A*02:12,esm2_mean,locus,0,1.0,13696,3.039749158970765,1.2414794
708,HLA-A*02:12,esm2_mean,locus,0,1.0,13696,3.370738174177447,1.0373878
709,HLA-A*02:12,esm2_mean,locus,0,1.0,13696,3.2108436531709366,1.2341638
710,HLA-A*02:12,esm2_mean,locus,0,1.0,13696,3.0252910757955354,1.0836377
711,HLA-A*02:12,esm2_mean,locus,0,1.0,13696,2.4849066497880004,1.2855237
712,HLA-A*02:12,esm2_mean,locus,0,1.0,13696,2.4849066497880004,1.3749402
713,HLA-A*02:12,esm2_mean,locus,0,1.0,13696,0.9932517730102833,0.93835
714,HLA-A*02:12,esm2_mean,locus,0,1.0,13696,0.7884573603642702,1.070754
715,HLA-A*02:12,esm2_mean,locus,0,1.0,13696,2.580216829592325,1.1942728
716,HLA-A*02:12,esm2_mean,locus,0,1.0,13696,3.2386784521643803,1.086849
717,HLA-A*02:12,esm2_mean,locus,0,1.0,13696,2.5726122302071057,0.9912094
718,HLA-A*02:12,esm2_mean,locus,0,1.0,13696,3.6375861597263857,0.927344
719,HLA-A*02:12,esm2_mean,locus,0,1.0,13696,3.7376696182833684,1.1130702
720,HLA-A*02:12,esm2_mean,locus,0,1.0,13696,3.1986731175506815,1.1336498
721,HLA-A*02:12,esm2_mean,locus,0,1.0,13696,2.4159137783010487,1.1219908
722,HLA-A*02:12,esm2_mean,locus,0,1.0,13696,0.18232155679395465,1.065434
723,HLA-A*02:12,esm2_mean,locus,0,1.0,13696,1.4586150226995167,1.1243434
724,HLA-A*02:12,esm2_mean,locus,0,1.0,13696,3.186352633162641,1.3815204
725,HLA-A*02:12,esm2_mean,locus,0,1.0,13696,2.3702437414678603,1.3275887
726,HLA-A*02:12,esm2_mean,locus,0,1.0,13696,4.014579593753238,1.3121892
727,HLA-A*02:12,esm2_mean,locus,0,1.0,13696,4.1059436980654525,1.216871
728,HLA-A*02:12,esm2_mean,locus,0,1.0,13696,0.9555114450274363,1.1883281
729,HLA-A*02:12,esm2_mean,locus,0,1.0,13696,2.884800712846709,1.1983318
730,HLA-A*02:12,esm2_mean,locus,0,1.0,13696,2.8735646395797834,1.0779457
731,HLA-A*02:12,esm2_mean,locus,0,1.0,13696,2.1162555148025524,1.2456369
732,HLA-A*02:12,esm2_mean,locus,0,1.0,13696,0.6931471805599453,1.3227484
733,HLA-A*02:12,esm2_mean,locus,0,1.0,13696,1.1939224684724346,1.152408
734,HLA-A*02:12,esm2_mean,locus,0,1.0,13696,0.4054651081081644,1.400857
735,HLA-A*02:12,esm2_mean,locus,0,1.0,13696,0.0,1.1742561
736,HLA-A*02:16,esm2_mean,locus,0,1.0,13696,3.250374491927572,1.2995219
737,HLA-A*02:16,esm2_mean,locus,0,1.0,13696,2.791165107812717,1.2887173
738,HLA-A*02:16,esm2_mean,locus,0,1.0,13696,3.4904285153900982,1.394403
739,HLA-A*02:16,esm2_mean,locus,0,1.0,13696,1.0296194171811583,1.2120446
740,HLA-A*02:16,esm2_mean,locus,0,1.0,13696,0.8754687373538999,1.1965623
741,HLA-A*02:16,esm2_mean,locus,0,1.0,13696,1.308332819650179,1.673667
742,HLA-A*02:16,esm2_mean,locus,0,1.0,13696,0.9162907318741551,1.46773
743,HLA-A*02:16,esm2_mean,locus,0,1.0,13696,2.624668592163159,1.376672
744,HLA-A*02:16,esm2_mean,locus,0,1.0,13696,0.832909122935104,1.4870559
745,HLA-A*02:16,esm2_mean,locus,0,1.0,13696,1.6486586255873816,1.2370772
746,HLA-A*02:16,esm2_mean,locus,0,1.0,13696,1.33500106673234,1.1158633
747,HLA-A*02:16,esm2_mean,locus,0,1.0,13696,2.468099531471619,1.4230702
748,HLA-A*02:16,esm2_mean,locus,0,1.0,13696,2.468099531471619,1.6802478
749,HLA-A*02:16,esm2_mean,locus,0,1.0,13696,2.33214389523559,1.4970582
750,HLA-A*02:16,esm2_mean,locus,0,1.0,13696,3.32862668882732,1.420717
751,HLA-A*02:16,esm2_mean,locus,0,1.0,13696,0.6418538861723948,1.4511347
752,HLA-A*02:16,esm2_mean,locus,0,1.0,13696,0.26236426446749106,1.3641591
753,HLA-A*02:16,esm2_mean,locus,0,1.0,13696,0.4054651081081644,1.6214755
754,HLA-A*02:16,esm2_mean,locus,0,1.0,13696,0.6931471805599453,1.2620815
755,HLA-A*02:19,esm2_mean,locus,0,1.0,13696,1.6486586255873816,1.4138606
756,HLA-A*02:19,esm2_mean,locus,0,1.0,13696,2.7013612129514133,1.3771772
757,HLA-A*02:19,esm2_mean,locus,0,1.0,13696,1.547562508716013,1.4721856
758,HLA-A*02:19,esm2_mean,locus,0,1.0,13696,1.7047480922384253,1.4285038
759,HLA-A*02:19,esm2_mean,locus,0,1.0,13696,2.4595888418037104,1.199003
760,HLA-A*02:19,esm2_mean,locus,0,1.0,13696,0.9932517730102833,1.4031608
761,HLA-A*02:19,esm2_mean,locus,0,1.0,13696,2.028148247292285,1.171813
762,HLA-A*02:19,esm2_mean,locus,0,1.0,13696,3.449987545831587,1.4627092
763,HLA-A*02:19,esm2_mean,locus,0,1.0,13696,3.005682604407159,1.4860032
764,HLA-A*02:19,esm2_mean,locus,0,1.0,13696,2.9231615807191558,1.3767954
765,HLA-A*02:19,esm2_mean,locus,0,1.0,13696,0.9932517730102833,1.2091572
766,HLA-A*02:19,esm2_mean,locus,0,1.0,13696,3.966511190712216,1.4730475
767,HLA-A*02:19,esm2_mean,locus,0,1.0,13696,1.2809338454620642,1.5267088
768,HLA-A*02:19,esm2_mean,locus,0,1.0,13696,3.899950424193877,1.7145548
769,HLA-A*02:19,esm2_mean,locus,0,1.0,13696,3.1945831322991562,1.3682843
770,HLA-A*02:19,esm2_mean,locus,0,1.0,13696,3.8022081394209395,1.3297081
771,HLA-A*02:19,esm2_mean,locus,0,1.0,13696,3.7013019741124933,1.5154362
772,HLA-A*02:19,esm2_mean,locus,0,1.0,13696,2.174751721484161,1.5360153
773,HLA-A*02:19,esm2_mean,locus,0,1.0,13696,3.703768066607687,1.4852837
774,HLA-A*02:19,esm2_mean,locus,0,1.0,13696,1.547562508716013,1.4624038
775,HLA-A*02:19,esm2_mean,locus,0,1.0,13696,2.91235066461494,1.6092932
776,HLA-A*02:19,esm2_mean,locus,0,1.0,13696,3.367295829986474,1.4397521
777,HLA-A*02:19,esm2_mean,locus,0,1.0,13696,2.33214389523559,1.4803109
778,HLA-A*02:19,esm2_mean,locus,0,1.0,13696,2.747270914255491,1.7838864
779,HLA-A*02:19,esm2_mean,locus,0,1.0,13696,2.0541237336955462,1.2195007
780,HLA-A*02:19,esm2_mean,locus,0,1.0,13696,0.7884573603642702,1.3002002
781,HLA-A*02:19,esm2_mean,locus,0,1.0,13696,2.379546134130174,1.7773051
782,HLA-A*02:19,esm2_mean,locus,0,1.0,13696,1.6094379124341003,1.7299528
783,HLA-A*02:19,esm2_mean,locus,0,1.0,13696,2.1633230256605382,1.3923559
784,HLA-A*02:19,esm2_mean,locus,0,1.0,13696,2.6100697927420065,1.6006968
785,HLA-A*02:19,esm2_mean,locus,0,1.0,13696,0.5877866649021191,1.3407164
786,HLA-A*02:19,esm2_mean,locus,0,1.0,13696,2.0014800002101243,1.3657204
787,HLA-A*02:19,esm2_mean,locus,0,1.0,13696,1.2809338454620642,1.5713682
788,HLA-A*02:19,esm2_mean,locus,0,1.0,13696,0.7884573603642702,1.5596197
789,HLA-A*02:19,esm2_mean,locus,0,1.0,13696,3.9531649487593215,1.6192361
790,HLA-A*02:19,esm2_mean,locus,0,1.0,13696,3.126760535960395,1.6775303
791,HLA-A*02:19,esm2_mean,locus,0,1.0,13696,0.4700036292457355,1.590694
792,HLA-A*02:19,esm2_mean,locus,0,1.0,13696,0.33647223662121295,1.467798
793,HLA-A*02:19,esm2_mean,locus,0,1.0,13696,0.33647223662121295,1.3156834
794,HLA-A*02:19,esm2_mean,locus,0,1.0,13696,0.4054651081081644,1.5547733
795,HLA-A*02:19,esm2_mean,locus,0,1.0,13696,0.18232155679395465,1.7251151
796,HLA-A*03:01,esm2_mean,locus,0,1.0,13696,1.2809338454620642,1.935399
797,HLA-A*03:01,esm2_mean,locus,0,1.0,13696,4.069026754237811,2.1327636
798,HLA-A*03:01,esm2_mean,locus,0,1.0,13696,3.4468078929142076,1.7289183
799,HLA-A*03:01,esm2_mean,locus,0,1.0,13696,0.6931471805599453,1.8418972
800,HLA-A*03:01,esm2_mean,locus,0,1.0,13696,0.5306282510621704,1.5888064
801,HLA-A*03:01,esm2_mean,locus,0,1.0,13696,1.1314021114911006,1.8140086
802,HLA-A*03:01,esm2_mean,locus,0,1.0,13696,3.979681653901961,1.907263
803,HLA-A*03:01,esm2_mean,locus,0,1.0,13696,3.653252276470785,2.0993104
804,HLA-A*03:01,esm2_mean,locus,0,1.0,13696,1.0647107369924282,2.2918816
805,HLA-A*03:01,esm2_mean,locus,0,1.0,13696,2.186051276738094,1.9199808
806,HLA-A*03:01,esm2_mean,locus,0,1.0,13696,0.4700036292457355,1.7619195
807,HLA-A*03:01,esm2_mean,locus,0,1.0,13696,0.5877866649021191,1.8274629
808,HLA-A*03:01,esm2_mean,locus,0,1.0,13696,0.832909122935104,1.7623031
809,HLA-A*03:01,esm2_mean,locus,0,1.0,13696,2.7788192719904172,1.7856724
810,HLA-A*03:01,esm2_mean,locus,0,1.0,13696,1.1631508098056809,1.6613514
811,HLA-A*03:01,esm2_mean,locus,0,1.0,13696,0.0,1.5799708
812,HLA-A*03:01,esm2_mean,locus,0,1.0,13696,0.5306282510621704,2.0280492
813,HLA-A*03:01,esm2_mean,locus,0,1.0,13696,2.797281334830153,1.9345903
814,HLA-A*03:01,esm2_mean,locus,0,1.0,13696,0.26236426446749106,2.1132085
815,HLA-A*03:01,esm2_mean,locus,0,1.0,13696,1.1631508098056809,1.8067292
816,HLA-A*03:01,esm2_mean,locus,0,1.0,13696,2.517696472610991,1.9404111
817,HLA-A*03:01,esm2_mean,locus,0,1.0,13696,1.1631508098056809,2.04601
818,HLA-A*03:01,esm2_mean,locus,0,1.0,13696,0.4700036292457355,1.7533653
819,HLA-A*03:01,esm2_mean,locus,0,1.0,13696,2.72785282839839,1.9023061
820,HLA-A*03:01,esm2_mean,locus,0,1.0,13696,0.4700036292457355,1.6054375
821,HLA-A*03:01,esm2_mean,locus,0,1.0,13696,0.6931471805599453,1.6195793
822,HLA-A*03:01,esm2_mean,locus,0,1.0,13696,0.9932517730102833,1.9817584
823,HLA-A*03:01,esm2_mean,locus,0,1.0,13696,2.186051276738094,2.2896624
824,HLA-A*03:01,esm2_mean,locus,0,1.0,13696,0.6418538861723948,1.8503516
825,HLA-A*03:01,esm2_mean,locus,0,1.0,13696,4.139955073474153,1.8217897
826,HLA-A*03:01,esm2_mean,locus,0,1.0,13696,2.772588722239781,2.0195496
827,HLA-A*03:01,esm2_mean,locus,0,1.0,13696,3.632309102625542,2.084665
828,HLA-A*03:01,esm2_mean,locus,0,1.0,13696,3.414442608412176,1.9699361
829,HLA-A*03:01,esm2_mean,locus,0,1.0,13696,4.83150862819882,1.9352884
830,HLA-A*03:01,esm2_mean,locus,0,1.0,13696,0.33647223662121295,1.8716943
831,HLA-A*03:01,esm2_mean,locus,0,1.0,13696,2.1972245773362196,1.9979572
832,HLA-A*03:01,esm2_mean,locus,0,1.0,13696,2.91235066461494,1.9054867
833,HLA-A*03:01,esm2_mean,locus,0,1.0,13696,4.382026634673881,1.9874878
834,HLA-A*03:01,esm2_mean,locus,0,1.0,13696,1.0986122886681098,2.190542
835,HLA-A*03:01,esm2_mean,locus,0,1.0,13696,0.18232155679395465,1.6992726
836,HLA-A*03:01,esm2_mean,locus,0,1.0,13696,1.6863989535702288,1.9429874
837,HLA-A*03:01,esm2_mean,locus,0,1.0,13696,4.3067641501733345,2.0870261
838,HLA-A*03:01,esm2_mean,locus,0,1.0,13696,0.6418538861723948,1.868492
839,HLA-A*03:01,esm2_mean,locus,0,1.0,13696,1.8870696490323797,2.0909312
840,HLA-A*03:01,esm2_mean,locus,0,1.0,13696,2.975529566236472,1.8679829
841,HLA-A*03:01,esm2_mean,locus,0,1.0,13696,2.7788192719904172,1.8300872
842,HLA-A*03:01,esm2_mean,locus,0,1.0,13696,2.1041341542702074,1.8277187
843,HLA-A*03:01,esm2_mean,locus,0,1.0,13696,0.4054651081081644,1.7469845
844,HLA-A*03:01,esm2_mean,locus,0,1.0,13696,4.079230924412053,1.9057412
845,HLA-A*03:01,esm2_mean,locus,0,1.0,13696,0.6418538861723948,1.8847489
846,HLA-A*03:01,esm2_mean,locus,0,1.0,13696,1.840549633397487,1.9817214
847,HLA-A*03:01,esm2_mean,locus,0,1.0,13696,1.3609765531356006,2.1013303
848,HLA-A*03:01,esm2_mean,locus,0,1.0,13696,2.681021528714291,2.085492
849,HLA-A*03:01,esm2_mean,locus,0,1.0,13696,2.066862759472976,1.9643707
850,HLA-A*03:01,esm2_mean,locus,0,1.0,13696,3.2347491740244907,1.7947307
851,HLA-A*03:01,esm2_mean,locus,0,1.0,13696,4.563305981889393,1.9221039
852,HLA-A*03:01,esm2_mean,locus,0,1.0,13696,0.832909122935104,1.7319896
853,HLA-A*03:01,esm2_mean,locus,0,1.0,13696,0.5306282510621704,2.0825634
854,HLA-A*03:01,esm2_mean,locus,0,1.0,13696,3.342861804649192,2.1070957
855,HLA-A*03:01,esm2_mean,locus,0,1.0,13696,4.390738575275903,1.9866471
856,HLA-A*03:01,esm2_mean,locus,0,1.0,13696,1.9459101490553132,1.3304427
857,HLA-A*03:01,esm2_mean,locus,0,1.0,13696,2.5649493574615367,2.0623262
858,HLA-A*03:01,esm2_mean,locus,0,1.0,13696,0.4054651081081644,1.9847605
859,HLA-A*03:01,esm2_mean,locus,0,1.0,13696,4.069026754237811,1.9870226
860,HLA-A*03:01,esm2_mean,locus,0,1.0,13696,0.0,1.841505
861,HLA-A*03:01,esm2_mean,locus,0,1.0,13696,0.7419373447293773,1.635066
862,HLA-A*03:01,esm2_mean,locus,0,1.0,13696,0.7419373447293773,1.9419112
863,HLA-A*03:01,esm2_mean,locus,0,1.0,13696,0.5306282510621704,1.8379284
864,HLA-A*03:01,esm2_mean,locus,0,1.0,13696,2.5416019934645457,1.9422159
865,HLA-A*03:01,esm2_mean,locus,0,1.0,13696,0.33647223662121295,1.9021039
866,HLA-A*03:01,esm2_mean,locus,0,1.0,13696,0.26236426446749106,1.8030031
867,HLA-A*03:01,esm2_mean,locus,0,1.0,13696,0.8754687373538999,1.7737982
868,HLA-A*03:01,esm2_mean,locus,0,1.0,13696,2.2082744135228043,1.9846771
869,HLA-A*03:01,esm2_mean,locus,0,1.0,13696,0.832909122935104,1.6280115
870,HLA-A*03:01,esm2_mean,locus,0,1.0,13696,0.33647223662121295,1.8594618
871,HLA-A*03:01,esm2_mean,locus,0,1.0,13696,1.9600947840472698,1.7572734
872,HLA-A*03:01,esm2_mean,locus,0,1.0,13696,2.7212954278522306,2.0643773
873,HLA-A*03:01,esm2_mean,locus,0,1.0,13696,0.18232155679395465,2.1486287
874,HLA-A*03:01,esm2_mean,locus,0,1.0,13696,3.481240089335692,1.9357281
875,HLA-A*03:01,esm2_mean,locus,0,1.0,13696,0.33647223662121295,2.1691103
876,HLA-A*03:01,esm2_mean,locus,0,1.0,13696,3.8480176754522337,2.151055
877,HLA-A*03:01,esm2_mean,locus,0,1.0,13696,4.174387269895637,2.1253428
878,HLA-A*03:01,esm2_mean,locus,0,1.0,13696,1.1314021114911006,1.9711683
879,HLA-A*03:01,esm2_mean,locus,0,1.0,13696,2.2925347571405443,1.9440866
880,HLA-A*03:01,esm2_mean,locus,0,1.0,13696,3.8022081394209395,2.1197565
881,HLA-A*03:01,esm2_mean,locus,0,1.0,13696,4.2626798770413155,2.1401517
882,HLA-A*03:01,esm2_mean,locus,0,1.0,13696,3.5145260669691587,1.4952328
883,HLA-A*03:01,esm2_mean,locus,0,1.0,13696,0.33647223662121295,1.9730995
884,HLA-A*03:01,esm2_mean,locus,0,1.0,13696,0.0,2.1330142
885,HLA-A*03:01,esm2_mean,locus,0,1.0,13696,2.468099531471619,2.0769794
886,HLA-A*03:01,esm2_mean,locus,0,1.0,13696,0.09531017980432487,1.6945958
887,HLA-A*03:01,esm2_mean,locus,0,1.0,13696,0.4054651081081644,1.8035789
888,HLA-A*03:01,esm2_mean,locus,0,1.0,13696,0.0,1.9904416
889,HLA-A*03:01,esm2_mean,locus,0,1.0,13696,0.832909122935104,2.017893
890,HLA-A*03:01,esm2_mean,locus,0,1.0,13696,0.7419373447293773,1.8722967
891,HLA-A*03:01,esm2_mean,locus,0,1.0,13696,2.2192034840549946,1.6915905
892,HLA-A*03:01,esm2_mean,locus,0,1.0,13696,0.18232155679395465,1.8353
893,HLA-A*03:01,esm2_mean,locus,0,1.0,13696,0.33647223662121295,1.695049
894,HLA-A*03:01,esm2_mean,locus,0,1.0,13696,0.0,1.8353503
895,HLA-A*03:01,esm2_mean,locus,0,1.0,13696,0.0,1.9120197
896,HLA-A*03:01,esm2_mean,locus,0,1.0,13696,0.09531017980432487,1.7242401
897,HLA-A*03:01,esm2_mean,locus,0,1.0,13696,0.0,1.4519583
898,HLA-A*03:01,esm2_mean,locus,0,1.0,13696,0.09531017980432487,1.9876988
899,HLA-A*03:01,esm2_mean,locus,0,1.0,13696,0.33647223662121295,1.8980665
900,HLA-A*03:01,esm2_mean,locus,0,1.0,13696,0.0,1.4367499
901,HLA-A*03:01,esm2_mean,locus,0,1.0,13696,0.26236426446749106,1.8485117
902,HLA-A*03:01,esm2_mean,locus,0,1.0,13696,0.0,2.2083144
903,HLA-A*03:01,esm2_mean,locus,0,1.0,13696,0.9932517730102833,1.8624184
904,HLA-A*03:01,esm2_mean,locus,0,1.0,13696,0.0,2.1776772
905,HLA-A*03:01,esm2_mean,locus,0,1.0,13696,0.26236426446749106,1.7900957
906,HLA-A*03:01,esm2_mean,locus,0,1.0,13696,0.8754687373538999,1.669287
907,HLA-A*03:01,esm2_mean,locus,0,1.0,13696,3.4531571205928664,1.9599662
908,HLA-A*03:01,esm2_mean,locus,0,1.0,13696,0.5306282510621704,1.8052856
909,HLA-A*03:01,esm2_mean,locus,0,1.0,13696,0.0,1.8890045
910,HLA-A*03:01,esm2_mean,locus,0,1.0,13696,0.0,1.7799416
911,HLA-A*03:01,esm2_mean,locus,0,1.0,13696,0.0,1.7030687
912,HLA-A*03:01,esm2_mean,locus,0,1.0,13696,0.0,1.6454704
913,HLA-A*03:01,esm2_mean,locus,0,1.0,13696,1.410986973710262,1.9058905
914,HLA-A*03:01,esm2_mean,locus,0,1.0,13696,0.0,1.535521
915,HLA-A*03:01,esm2_mean,locus,0,1.0,13696,0.0,1.5926636
916,HLA-A*03:01,esm2_mean,locus,0,1.0,13696,0.0,1.8431171
917,HLA-A*03:01,esm2_mean,locus,0,1.0,13696,0.0,2.0163062
918,HLA-A*03:01,esm2_mean,locus,0,1.0,13696,0.7419373447293773,2.2938666
919,HLA-A*03:01,esm2_mean,locus,0,1.0,13696,0.33647223662121295,1.9414687
920,HLA-A*03:01,esm2_mean,locus,0,1.0,13696,0.0,1.7055395
921,HLA-A*03:01,esm2_mean,locus,0,1.0,13696,0.18232155679395465,1.8836683
922,HLA-A*03:01,esm2_mean,locus,0,1.0,13696,0.0,2.1216376
923,HLA-A*03:01,esm2_mean,locus,0,1.0,13696,0.0,1.6013973
924,HLA-A*03:01,esm2_mean,locus,0,1.0,13696,0.4054651081081644,1.8436627
925,HLA-A*03:01,esm2_mean,locus,0,1.0,13696,0.0,1.8969779
926,HLA-A*03:01,esm2_mean,locus,0,1.0,13696,0.0,1.9029765
927,HLA-A*03:01,esm2_mean,locus,0,1.0,13696,0.4700036292457355,1.9297354
928,HLA-A*03:01,esm2_mean,locus,0,1.0,13696,1.9315214116032138,1.8878999
929,HLA-A*03:01,esm2_mean,locus,0,1.0,13696,0.18232155679395465,1.7460837
930,HLA-A*11:01,esm2_mean,locus,0,1.0,13696,4.354141431184346,1.2064877
931,HLA-A*11:01,esm2_mean,locus,0,1.0,13696,3.8522730010223722,1.5740635
932,HLA-A*11:01,esm2_mean,locus,0,1.0,13696,0.6418538861723948,1.2217543
933,HLA-A*11:01,esm2_mean,locus,0,1.0,13696,0.5877866649021191,1.3733217
934,HLA-A*11:01,esm2_mean,locus,0,1.0,13696,3.716008121502189,1.4760594
935,HLA-A*11:01,esm2_mean,locus,0,1.0,13696,2.0412203288596382,1.2504913
936,HLA-A*11:01,esm2_mean,locus,0,1.0,13696,2.2617630984737906,1.068543
937,HLA-A*11:01,esm2_mean,locus,0,1.0,13696,2.5952547069568657,0.92532146
938,HLA-A*11:01,esm2_mean,locus,0,1.0,13696,3.2733640101522705,1.220562
939,HLA-A*11:01,esm2_mean,locus,0,1.0,13696,1.0296194171811583,1.2931015
940,HLA-A*11:01,esm2_mean,locus,0,1.0,13696,4.286341384539473,1.4789758
941,HLA-A*11:01,esm2_mean,locus,0,1.0,13696,3.502549875922443,1.5538342
942,HLA-A*11:01,esm2_mean,locus,0,1.0,13696,2.760009940032921,1.1398537
943,HLA-A*11:01,esm2_mean,locus,0,1.0,13696,3.1654750481410856,1.3793178
944,HLA-A*11:01,esm2_mean,locus,0,1.0,13696,3.1945831322991562,1.6213357
945,HLA-A*11:01,esm2_mean,locus,0,1.0,13696,1.33500106673234,1.5166218
946,HLA-A*11:01,esm2_mean,locus,0,1.0,13696,0.4054651081081644,1.1710083
947,HLA-A*11:01,esm2_mean,locus,0,1.0,13696,3.246490991901174,1.4085524
948,HLA-A*11:01,esm2_mean,locus,0,1.0,13696,3.8372994592322094,1.2628635
949,HLA-A*11:01,esm2_mean,locus,0,1.0,13696,2.5877640352277083,1.2128114
950,HLA-A*11:01,esm2_mean,locus,0,1.0,13696,3.254242968705492,1.2953005
951,HLA-A*11:01,esm2_mean,locus,0,1.0,13696,1.9459101490553132,1.2508754
952,HLA-A*11:01,esm2_mean,locus,0,1.0,13696,3.7232808808312687,1.3892101
953,HLA-A*11:01,esm2_mean,locus,0,1.0,13696,4.154184562578117,1.575598
954,HLA-A*11:01,esm2_mean,locus,0,1.0,13696,1.840549633397487,1.0115604
955,HLA-A*11:01,esm2_mean,locus,0,1.0,13696,2.667228206581955,1.3958342
956,HLA-A*11:01,esm2_mean,locus,0,1.0,13696,2.3702437414678603,1.423162
957,HLA-A*11:01,esm2_mean,locus,0,1.0,13696,3.3032169733019514,1.5858035
958,HLA-A*11:01,esm2_mean,locus,0,1.0,13696,3.9473901492654373,1.3746516
959,HLA-A*11:01,esm2_mean,locus,0,1.0,13696,2.766319109226186,1.3606628
960,HLA-A*11:01,esm2_mean,locus,0,1.0,13696,4.219507705176107,1.1560413
961,HLA-A*11:01,esm2_mean,locus,0,1.0,13696,1.4350845252893227,1.2860224
962,HLA-A*11:01,esm2_mean,locus,0,1.0,13696,3.55820113047182,1.2589633
963,HLA-A*11:01,esm2_mean,locus,0,1.0,13696,1.2237754316221157,1.3775771
964,HLA-A*11:01,esm2_mean,locus,0,1.0,13696,1.6863989535702288,1.5878825
965,HLA-A*11:01,esm2_mean,locus,0,1.0,13696,2.5877640352277083,1.3025804
966,HLA-A*11:01,esm2_mean,locus,0,1.0,13696,2.5649493574615367,1.3866382
967,HLA-A*11:01,esm2_mean,locus,0,1.0,13696,3.5667118201397288,1.3565545
968,HLA-A*11:01,esm2_mean,locus,0,1.0,13696,3.7864597824528,1.8328779
969,HLA-A*11:01,esm2_mean,locus,0,1.0,13696,2.653241964607215,1.3103623
970,HLA-A*11:01,esm2_mean,locus,0,1.0,13696,1.1939224684724346,1.2174903
971,HLA-A*11:01,esm2_mean,locus,0,1.0,13696,3.077312260546414,1.5271597
972,HLA-A*11:01,esm2_mean,locus,0,1.0,13696,0.6418538861723948,1.3239214
973,HLA-A*11:01,esm2_mean,locus,0,1.0,13696,0.6931471805599453,1.3825859
974,HLA-A*11:01,esm2_mean,locus,0,1.0,13696,2.302585092994046,1.3407897
975,HLA-A*11:01,esm2_mean,locus,0,1.0,13696,2.2617630984737906,1.3806201
976,HLA-A*11:01,esm2_mean,locus,0,1.0,13696,2.0149030205422647,1.3716741
977,HLA-A*11:01,esm2_mean,locus,0,1.0,13696,4.2456340097683265,1.6396286
978,HLA-A*11:01,esm2_mean,locus,0,1.0,13696,2.5649493574615367,1.123639
979,HLA-A*11:01,esm2_mean,locus,0,1.0,13696,3.122364924487357,1.1808978
980,HLA-A*11:01,esm2_mean,locus,0,1.0,13696,4.551769409260976,1.397962
981,HLA-A*11:01,esm2_mean,locus,0,1.0,13696,3.246490991901174,1.2586389
982,HLA-A*11:01,esm2_mean,locus,0,1.0,13696,2.803360380906535,1.2458441
983,HLA-A*11:01,esm2_mean,locus,0,1.0,13696,4.259859000699674,1.3186595
984,HLA-A*11:01,esm2_mean,locus,0,1.0,13696,2.9496883350525844,1.2841924
985,HLA-A*11:01,esm2_mean,locus,0,1.0,13696,3.9357395320454622,1.3967526
986,HLA-A*11:01,esm2_mean,locus,0,1.0,13696,1.7047480922384253,1.4585078
987,HLA-A*11:01,esm2_mean,locus,0,1.0,13696,0.4700036292457355,1.2860878
988,HLA-A*11:01,esm2_mean,locus,0,1.0,13696,0.6418538861723948,1.2423245
989,HLA-A*11:01,esm2_mean,locus,0,1.0,13696,1.1314021114911006,1.5635524
990,HLA-A*11:01,esm2_mean,locus,0,1.0,13696,0.9162907318741551,1.2355564
991,HLA-A*11:01,esm2_mean,locus,0,1.0,13696,4.207673247529104,1.508122
992,HLA-A*11:01,esm2_mean,locus,0,1.0,13696,3.104586678466073,1.3265007
993,HLA-A*11:01,esm2_mean,locus,0,1.0,13696,3.8110970868381857,1.3943133
994,HLA-A*11:01,esm2_mean,locus,0,1.0,13696,3.681351187693145,1.6494651
995,HLA-A*11:01,esm2_mean,locus,0,1.0,13696,4.037774210733707,1.490443
996,HLA-A*11:01,esm2_mean,locus,0,1.0,13696,2.6741486494265287,1.4272504
997,HLA-A*11:01,esm2_mean,locus,0,1.0,13696,1.0986122886681098,1.5345817
998,HLA-A*11:01,esm2_mean,locus,0,1.0,13696,4.183575695950044,1.5732371
999,HLA-A*11:01,esm2_mean,locus,0,1.0,13696,2.312535423847214,1.3924955
1000,HLA-A*11:01,esm2_mean,locus,0,1.0,13696,3.66612246699132,1.3944623
1001,HLA-A*11:01,esm2_mean,locus,0,1.0,13696,4.212127597878484,1.4732491
1002,HLA-A*11:01,esm2_mean,locus,0,1.0,13696,3.877431560658527,1.3446255
1003,HLA-A*11:01,esm2_mean,locus,0,1.0,13696,0.26236426446749106,1.0773795
1004,HLA-A*11:01,esm2_mean,locus,0,1.0,13696,1.0296194171811583,1.1499228
1005,HLA-A*11:01,esm2_mean,locus,0,1.0,13696,1.9878743481543455,1.4597394
1006,HLA-A*11:01,esm2_mean,locus,0,1.0,13696,3.4468078929142076,1.4326577
1007,HLA-A*11:01,esm2_mean,locus,0,1.0,13696,3.92395157629342,1.394059
1008,HLA-A*11:01,esm2_mean,locus,0,1.0,13696,4.018183201256536,1.3836323
1009,HLA-A*11:01,esm2_mean,locus,0,1.0,13696,2.2082744135228043,1.1998065
1010,HLA-A*11:01,esm2_mean,locus,0,1.0,13696,4.409155302062135,1.6139154
1011,HLA-A*11:01,esm2_mean,locus,0,1.0,13696,3.5709401562492498,1.4562112
1012,HLA-A*11:01,esm2_mean,locus,0,1.0,13696,3.763522997109702,1.475595
1013,HLA-A*11:01,esm2_mean,locus,0,1.0,13696,4.053522567701846,1.3162912
1014,HLA-A*11:01,esm2_mean,locus,0,1.0,13696,1.0647107369924282,1.2277758
1015,HLA-A*11:01,esm2_mean,locus,0,1.0,13696,0.9162907318741551,1.4706
1016,HLA-A*11:01,esm2_mean,locus,0,1.0,13696,0.5306282510621704,1.1246253
1017,HLA-A*11:01,esm2_mean,locus,0,1.0,13696,4.063885354737392,1.4757272
1018,HLA-A*11:01,esm2_mean,locus,0,1.0,13696,4.087655574071304,1.2833025
1019,HLA-A*11:01,esm2_mean,locus,0,1.0,13696,1.308332819650179,1.2616843
1020,HLA-A*11:01,esm2_mean,locus,0,1.0,13696,0.8754687373538999,1.386242
1021,HLA-A*11:01,esm2_mean,locus,0,1.0,13696,0.6931471805599453,0.940529
1022,HLA-A*11:01,esm2_mean,locus,0,1.0,13696,3.903990833730882,1.3764707
1023,HLA-A*11:01,esm2_mean,locus,0,1.0,13696,0.5877866649021191,1.3316898
1024,HLA-A*11:01,esm2_mean,locus,0,1.0,13696,1.1631508098056809,1.4939964
1025,HLA-A*11:01,esm2_mean,locus,0,1.0,13696,2.6602595372658615,1.3894368
1026,HLA-A*11:01,esm2_mean,locus,0,1.0,13696,2.9806186357439426,1.2685128
1027,HLA-A*11:01,esm2_mean,locus,0,1.0,13696,0.26236426446749106,1.2915766
1028,HLA-A*11:01,esm2_mean,locus,0,1.0,13696,4.324132656254979,1.4238608
1029,HLA-A*11:01,esm2_mean,locus,0,1.0,13696,0.5306282510621704,1.5805073
1030,HLA-A*11:01,esm2_mean,locus,0,1.0,13696,0.9555114450274363,1.436554
1031,HLA-A*11:01,esm2_mean,locus,0,1.0,13696,0.5306282510621704,1.5336158
1032,HLA-A*11:01,esm2_mean,locus,0,1.0,13696,0.832909122935104,1.5505428
1033,HLA-A*11:01,esm2_mean,locus,0,1.0,13696,3.269568939183719,1.5472302
1034,HLA-A*11:01,esm2_mean,locus,0,1.0,13696,2.4595888418037104,0.81901526
1035,HLA-A*11:01,esm2_mean,locus,0,1.0,13696,2.0794415416798357,1.2446778
1036,HLA-A*11:01,esm2_mean,locus,0,1.0,13696,1.9740810260220096,1.4289827
1037,HLA-A*11:01,esm2_mean,locus,0,1.0,13696,4.117409835153096,1.3908787
1038,HLA-A*11:01,esm2_mean,locus,0,1.0,13696,4.45898767581001,1.4485381
1039,HLA-A*11:01,esm2_mean,locus,0,1.0,13696,2.833213344056216,1.4464018
1040,HLA-A*11:01,esm2_mean,locus,0,1.0,13696,0.9555114450274363,1.5275328
1041,HLA-A*11:01,esm2_mean,locus,0,1.0,13696,1.840549633397487,1.3974756
1042,HLA-A*11:01,esm2_mean,locus,0,1.0,13696,3.258096538021482,1.3240112
1043,HLA-A*11:01,esm2_mean,locus,0,1.0,13696,0.5306282510621704,1.6191175
1044,HLA-A*11:01,esm2_mean,locus,0,1.0,13696,0.8754687373538999,1.5064538
1045,HLA-A*11:01,esm2_mean,locus,0,1.0,13696,4.33204826486764,1.4106753
1046,HLA-A*11:01,esm2_mean,locus,0,1.0,13696,1.252762968495368,1.4005909
1047,HLA-A*11:01,esm2_mean,locus,0,1.0,13696,0.5877866649021191,1.784174
1048,HLA-A*11:01,esm2_mean,locus,0,1.0,13696,4.366912996863833,1.5508984
1049,HLA-A*11:01,esm2_mean,locus,0,1.0,13696,3.9627161197436642,1.4865283
1050,HLA-A*11:01,esm2_mean,locus,0,1.0,13696,2.6100697927420065,1.5901746
1051,HLA-A*11:01,esm2_mean,locus,0,1.0,13696,0.4054651081081644,1.3804781
1052,HLA-A*11:01,esm2_mean,locus,0,1.0,13696,0.4054651081081644,1.5240816
1053,HLA-A*11:01,esm2_mean,locus,0,1.0,13696,3.475067230228611,1.5956669
1054,HLA-A*11:01,esm2_mean,locus,0,1.0,13696,0.33647223662121295,1.4733328
1055,HLA-A*11:01,esm2_mean,locus,0,1.0,13696,0.33647223662121295,1.2644899
1056,HLA-A*11:01,esm2_mean,locus,0,1.0,13696,2.4595888418037104,0.9838052
1057,HLA-A*11:01,esm2_mean,locus,0,1.0,13696,0.09531017980432487,1.3680936
1058,HLA-A*11:01,esm2_mean,locus,0,1.0,13696,1.0296194171811583,1.2875993
1059,HLA-A*11:01,esm2_mean,locus,0,1.0,13696,4.939497266262916,1.4752195
1060,HLA-A*11:01,esm2_mean,locus,0,1.0,13696,1.5040773967762742,1.5064647
1061,HLA-A*11:01,esm2_mean,locus,0,1.0,13696,3.407841924380824,1.6751561
1062,HLA-A*11:01,esm2_mean,locus,0,1.0,13696,3.0155349008501706,1.1801617
1063,HLA-A*11:01,esm2_mean,locus,0,1.0,13696,1.8870696490323797,1.3564947
1064,HLA-A*11:01,esm2_mean,locus,0,1.0,13696,1.0986122886681098,1.5899029
1065,HLA-A*11:01,esm2_mean,locus,0,1.0,13696,0.33647223662121295,1.3602664
1066,HLA-A*11:01,esm2_mean,locus,0,1.0,13696,1.0647107369924282,1.430322
1067,HLA-A*11:01,esm2_mean,locus,0,1.0,13696,2.6741486494265287,1.2623718
1068,HLA-A*11:01,esm2_mean,locus,0,1.0,13696,1.7404661748405046,1.5984313
1069,HLA-A*11:01,esm2_mean,locus,0,1.0,13696,0.4700036292457355,1.4703302
1070,HLA-A*11:01,esm2_mean,locus,0,1.0,13696,0.832909122935104,1.5230262
1071,HLA-A*11:01,esm2_mean,locus,0,1.0,13696,2.9391619220655967,1.293858
1072,HLA-A*11:01,esm2_mean,locus,0,1.0,13696,4.396915247167632,1.7779155
1073,HLA-A*11:01,esm2_mean,locus,0,1.0,13696,3.462606009790799,1.1578586
1074,HLA-A*11:01,esm2_mean,locus,0,1.0,13696,0.33647223662121295,1.2921506
1075,HLA-A*11:01,esm2_mean,locus,0,1.0,13696,0.26236426446749106,1.1255251
1076,HLA-A*11:01,esm2_mean,locus,0,1.0,13696,4.6061696863211745,1.6287234
1077,HLA-A*11:01,esm2_mean,locus,0,1.0,13696,2.975529566236472,1.7356391
1078,HLA-A*11:01,esm2_mean,locus,0,1.0,13696,2.509599262378372,1.6131318
1079,HLA-A*11:01,esm2_mean,locus,0,1.0,13696,0.26236426446749106,1.524538
1080,HLA-A*11:01,esm2_mean,locus,0,1.0,13696,1.33500106673234,1.2263815
1081,HLA-A*11:01,esm2_mean,locus,0,1.0,13696,0.9932517730102833,1.3322343
1082,HLA-A*11:01,esm2_mean,locus,0,1.0,13696,0.5877866649021191,1.5048783
1083,HLA-A*11:01,esm2_mean,locus,0,1.0,13696,0.18232155679395465,1.3480339
1084,HLA-A*11:01,esm2_mean,locus,0,1.0,13696,0.5877866649021191,1.6919842
1085,HLA-A*11:01,esm2_mean,locus,0,1.0,13696,0.4054651081081644,1.3304697
1086,HLA-A*11:01,esm2_mean,locus,0,1.0,13696,3.4404180948154366,1.7123039
1087,HLA-A*11:01,esm2_mean,locus,0,1.0,13696,1.1314021114911006,1.4581921
1088,HLA-A*11:01,esm2_mean,locus,0,1.0,13696,1.9315214116032138,1.4790137
1089,HLA-A*11:01,esm2_mean,locus,0,1.0,13696,0.9162907318741551,1.5529497
1090,HLA-A*11:01,esm2_mean,locus,0,1.0,13696,0.26236426446749106,1.1509204
1091,HLA-A*11:01,esm2_mean,locus,0,1.0,13696,0.18232155679395465,1.527736
1092,HLA-A*11:01,esm2_mean,locus,0,1.0,13696,2.1633230256605382,1.0696886
1093,HLA-A*11:01,esm2_mean,locus,0,1.0,13696,0.0,1.5420823
1094,HLA-A*11:01,esm2_mean,locus,0,1.0,13696,3.5496173867804286,1.6219051
1095,HLA-A*11:01,esm2_mean,locus,0,1.0,13696,1.1314021114911006,1.5806923
1096,HLA-A*11:01,esm2_mean,locus,0,1.0,13696,0.4700036292457355,1.3712229
1097,HLA-A*11:01,esm2_mean,locus,0,1.0,13696,3.1822118404966093,1.3509912
1098,HLA-A*11:01,esm2_mean,locus,0,1.0,13696,0.7419373447293773,1.7782352
1099,HLA-A*11:01,esm2_mean,locus,0,1.0,13696,2.1972245773362196,1.6576822
1100,HLA-A*11:01,esm2_mean,locus,0,1.0,13696,4.100989104940769,1.1238699
1101,HLA-A*11:01,esm2_mean,locus,0,1.0,13696,0.9555114450274363,1.4445173
1102,HLA-A*11:01,esm2_mean,locus,0,1.0,13696,0.6418538861723948,1.0240932
1103,HLA-A*11:01,esm2_mean,locus,0,1.0,13696,0.18232155679395465,1.0584314
1104,HLA-A*11:01,esm2_mean,locus,0,1.0,13696,2.2823823856765264,1.7338088
1105,HLA-A*11:01,esm2_mean,locus,0,1.0,13696,0.18232155679395465,1.6202103
1106,HLA-A*11:01,esm2_mean,locus,0,1.0,13696,0.26236426446749106,1.134043
1107,HLA-A*11:01,esm2_mean,locus,0,1.0,13696,2.747270914255491,1.4315593
1108,HLA-A*11:01,esm2_mean,locus,0,1.0,13696,3.728100167267218,1.4214885
1109,HLA-A*11:01,esm2_mean,locus,0,1.0,13696,0.7884573603642702,1.3235126
1110,HLA-A*11:01,esm2_mean,locus,0,1.0,13696,0.5877866649021191,1.358287
1111,HLA-A*11:01,esm2_mean,locus,0,1.0,13696,0.33647223662121295,1.2451696
1112,HLA-A*11:01,esm2_mean,locus,0,1.0,13696,0.09531017980432487,1.1836212
1113,HLA-A*11:01,esm2_mean,locus,0,1.0,13696,0.4700036292457355,1.4183702
1114,HLA-A*11:01,esm2_mean,locus,0,1.0,13696,2.990719731730447,1.4243003
1115,HLA-A*11:01,esm2_mean,locus,0,1.0,13696,0.18232155679395465,1.6215858
1116,HLA-A*11:01,esm2_mean,locus,0,1.0,13696,0.5306282510621704,1.2463515
1117,HLA-A*11:01,esm2_mean,locus,0,1.0,13696,0.4054651081081644,1.6676915
1118,HLA-A*11:01,esm2_mean,locus,0,1.0,13696,0.33647223662121295,1.0940094
1119,HLA-A*11:01,esm2_mean,locus,0,1.0,13696,0.0,1.3055626
1120,HLA-A*11:01,esm2_mean,locus,0,1.0,13696,0.26236426446749106,1.2951856
1121,HLA-A*11:01,esm2_mean,locus,0,1.0,13696,0.0,1.6372013
1122,HLA-A*11:01,esm2_mean,locus,0,1.0,13696,0.18232155679395465,1.2724167
1123,HLA-A*11:01,esm2_mean,locus,0,1.0,13696,0.4700036292457355,1.3722388
1124,HLA-A*11:01,esm2_mean,locus,0,1.0,13696,0.7419373447293773,1.1160011
1125,HLA-A*11:01,esm2_mean,locus,0,1.0,13696,0.7419373447293773,1.2535691
1126,HLA-A*11:01,esm2_mean,locus,0,1.0,13696,0.26236426446749106,1.2490427
1127,HLA-A*11:01,esm2_mean,locus,0,1.0,13696,0.4054651081081644,1.3580952
1128,HLA-A*11:01,esm2_mean,locus,0,1.0,13696,0.33647223662121295,1.337084
1129,HLA-A*11:01,esm2_mean,locus,0,1.0,13696,1.1939224684724346,1.4529606
1130,HLA-A*11:01,esm2_mean,locus,0,1.0,13696,2.624668592163159,1.1081508
1131,HLA-A*11:01,esm2_mean,locus,0,1.0,13696,0.0,1.1523972
1132,HLA-A*11:01,esm2_mean,locus,0,1.0,13696,0.0,1.5832665
1133,HLA-A*11:01,esm2_mean,locus,0,1.0,13696,1.791759469228055,1.2344732
1134,HLA-A*11:01,esm2_mean,locus,0,1.0,13696,4.117409835153096,1.608329
1135,HLA-A*11:01,esm2_mean,locus,0,1.0,13696,0.18232155679395465,1.3570633
1136,HLA-A*11:01,esm2_mean,locus,0,1.0,13696,0.0,1.6113031
1137,HLA-A*23:01,esm2_mean,locus,0,1.0,13696,2.766319109226186,0.5861194
1138,HLA-A*23:01,esm2_mean,locus,0,1.0,13696,1.3609765531356006,0.8201894
1139,HLA-A*23:01,esm2_mean,locus,0,1.0,13696,3.8522730010223722,0.82113594
1140,HLA-A*23:01,esm2_mean,locus,0,1.0,13696,2.9444389791664403,1.0044787
1141,HLA-A*23:01,esm2_mean,locus,0,1.0,13696,1.9740810260220096,0.7113738
1142,HLA-A*23:01,esm2_mean,locus,0,1.0,13696,1.9459101490553132,1.5143027
1143,HLA-A*23:01,esm2_mean,locus,0,1.0,13696,2.6741486494265287,0.7841748
1144,HLA-A*23:01,esm2_mean,locus,0,1.0,13696,2.7343675094195836,1.0385774
1145,HLA-A*23:01,esm2_mean,locus,0,1.0,13696,1.547562508716013,0.81420815
1146,HLA-A*23:01,esm2_mean,locus,0,1.0,13696,1.62924053973028,1.2275212
1147,HLA-A*23:01,esm2_mean,locus,0,1.0,13696,0.6931471805599453,1.2375804
1148,HLA-A*23:01,esm2_mean,locus,0,1.0,13696,3.1945831322991562,0.70811963
1149,HLA-A*23:01,esm2_mean,locus,0,1.0,13696,0.7884573603642702,0.5905883
1150,HLA-A*23:01,esm2_mean,locus,0,1.0,13696,1.0986122886681098,0.6487428
1151,HLA-A*23:01,esm2_mean,locus,0,1.0,13696,0.4054651081081644,1.0923529
1152,HLA-A*23:01,esm2_mean,locus,0,1.0,13696,3.054001181677967,1.1637466
1153,HLA-A*23:01,esm2_mean,locus,0,1.0,13696,0.5877866649021191,1.3002102
1154,HLA-A*23:01,esm2_mean,locus,0,1.0,13696,0.6418538861723948,0.8231342
1155,HLA-A*23:01,esm2_mean,locus,0,1.0,13696,0.6931471805599453,0.77964777
1156,HLA-A*23:01,esm2_mean,locus,0,1.0,13696,1.916922612182061,1.100142
1157,HLA-A*23:01,esm2_mean,locus,0,1.0,13696,3.086486636822455,0.5991051
1158,HLA-A*24:02,esm2_mean,locus,0,1.0,13696,1.749199854809259,0.8213506
1159,HLA-A*24:02,esm2_mean,locus,0,1.0,13696,1.7404661748405046,0.7185173
1160,HLA-A*24:02,esm2_mean,locus,0,1.0,13696,2.066862759472976,0.5932631
1161,HLA-A*24:02,esm2_mean,locus,0,1.0,13696,2.277267285009756,0.72034824
1162,HLA-A*24:02,esm2_mean,locus,0,1.0,13696,1.599387576580599,1.1062511
1163,HLA-A*24:02,esm2_mean,locus,0,1.0,13696,3.261935314328648,0.7121116
1164,HLA-A*24:02,esm2_mean,locus,0,1.0,13696,3.4404180948154366,0.7651917
1165,HLA-A*24:02,esm2_mean,locus,0,1.0,13696,0.33647223662121295,0.9534229
1166,HLA-A*24:02,esm2_mean,locus,0,1.0,13696,0.7654678421395714,0.65588725
1167,HLA-A*24:02,esm2_mean,locus,0,1.0,13696,2.180417459019838,0.8659579
1168,HLA-A*24:02,esm2_mean,locus,0,1.0,13696,0.8544153281560676,0.5977314
1169,HLA-A*24:02,esm2_mean,locus,0,1.0,13696,2.827313621929028,1.1708895
1170,HLA-A*24:02,esm2_mean,locus,0,1.0,13696,0.13976194237515868,0.666482
1171,HLA-A*24:02,esm2_mean,locus,0,1.0,13696,0.7419373447293773,0.8273333
1172,HLA-A*24:02,esm2_mean,locus,0,1.0,13696,3.173878458937465,1.0457213
1173,HLA-A*24:02,esm2_mean,locus,0,1.0,13696,0.6931471805599453,1.4016731
1174,HLA-A*24:02,esm2_mean,locus,0,1.0,13696,0.4382549309311553,0.9427871
1175,HLA-A*24:02,esm2_mean,locus,0,1.0,13696,0.6678293725756554,1.2447237
1176,HLA-A*24:02,esm2_mean,locus,0,1.0,13696,0.26236426446749106,0.5189833
1177,HLA-A*24:02,esm2_mean,locus,0,1.0,13696,0.18232155679395465,0.6758004
1178,HLA-A*24:02,esm2_mean,locus,0,1.0,13696,1.1786549963416462,1.0200992
1179,HLA-A*24:02,esm2_mean,locus,0,1.0,13696,0.6678293725756554,0.97151136
1180,HLA-A*24:02,esm2_mean,locus,0,1.0,13696,0.4054651081081644,0.9049872
1181,HLA-A*24:02,esm2_mean,locus,0,1.0,13696,0.8754687373538999,1.2346642
1182,HLA-A*24:02,esm2_mean,locus,0,1.0,13696,0.30010459245033805,1.0994966
1183,HLA-A*24:02,esm2_mean,locus,0,1.0,13696,2.8622008809294686,0.71526396
1184,HLA-A*24:02,esm2_mean,locus,0,1.0,13696,0.832909122935104,1.0664418
1185,HLA-A*24:02,esm2_mean,locus,0,1.0,13696,0.5007752879124893,1.3073539
1186,HLA-A*24:02,esm2_mean,locus,0,1.0,13696,1.0986122886681098,1.1072857
1187,HLA-A*24:02,esm2_mean,locus,0,1.0,13696,0.13976194237515868,0.84891534
1188,HLA-A*24:02,esm2_mean,locus,0,1.0,13696,0.26236426446749106,0.9787439
1189,HLA-A*24:02,esm2_mean,locus,0,1.0,13696,0.04879016416943201,0.89271355
1190,HLA-A*24:03,esm2_mean,locus,0,1.0,13696,2.0794415416798357,0.59595966
1191,HLA-A*24:03,esm2_mean,locus,0,1.0,13696,1.62924053973028,1.0270584
1192,HLA-A*24:03,esm2_mean,locus,0,1.0,13696,3.7909846770510898,0.76052487
1193,HLA-A*24:03,esm2_mean,locus,0,1.0,13696,2.797281334830153,0.43183392
1194,HLA-A*24:03,esm2_mean,locus,0,1.0,13696,2.928523523860541,0.6443065
1195,HLA-A*24:03,esm2_mean,locus,0,1.0,13696,2.1972245773362196,0.43338555
1196,HLA-A*24:03,esm2_mean,locus,0,1.0,13696,3.2809112157876537,0.8713061
1197,HLA-A*24:03,esm2_mean,locus,0,1.0,13696,2.747270914255491,1.150616
1198,HLA-A*24:03,esm2_mean,locus,0,1.0,13696,2.5726122302071057,0.41884816
1199,HLA-A*24:03,esm2_mean,locus,0,1.0,13696,2.995732273553991,1.3470321
1200,HLA-A*24:03,esm2_mean,locus,0,1.0,13696,3.475067230228611,0.8070508
1201,HLA-A*24:03,esm2_mean,locus,0,1.0,13696,3.7954891891721947,0.9521716
1202,HLA-A*24:03,esm2_mean,locus,0,1.0,13696,1.1631508098056809,0.80432916
1203,HLA-A*24:03,esm2_mean,locus,0,1.0,13696,2.2300144001592104,0.4845601
1204,HLA-A*24:03,esm2_mean,locus,0,1.0,13696,2.2617630984737906,0.91749334
1205,HLA-A*24:03,esm2_mean,locus,0,1.0,13696,2.379546134130174,0.97719306
1206,HLA-A*24:03,esm2_mean,locus,0,1.0,13696,2.1633230256605382,1.0048873
1207,HLA-A*24:03,esm2_mean,locus,0,1.0,13696,1.7578579175523736,1.0149541
1208,HLA-A*24:03,esm2_mean,locus,0,1.0,13696,2.6026896854443837,0.5441035
1209,HLA-A*24:03,esm2_mean,locus,0,1.0,13696,1.0986122886681098,0.6904758
1210,HLA-A*24:03,esm2_mean,locus,0,1.0,13696,1.1631508098056809,0.7196953
1211,HLA-A*24:03,esm2_mean,locus,0,1.0,13696,0.4054651081081644,0.8836336
1212,HLA-A*24:03,esm2_mean,locus,0,1.0,13696,1.410986973710262,1.1329393
1213,HLA-A*24:03,esm2_mean,locus,0,1.0,13696,1.4816045409242156,0.43706328
1214,HLA-A*24:03,esm2_mean,locus,0,1.0,13696,1.589235205116581,0.9318365
1215,HLA-A*24:03,esm2_mean,locus,0,1.0,13696,3.1945831322991562,1.0897835
1216,HLA-A*24:03,esm2_mean,locus,0,1.0,13696,0.6931471805599453,0.810681
1217,HLA-A*24:03,esm2_mean,locus,0,1.0,13696,0.7419373447293773,0.8557919
1218,HLA-A*24:03,esm2_mean,locus,0,1.0,13696,0.33647223662121295,0.9120012
1219,HLA-A*24:03,esm2_mean,locus,0,1.0,13696,1.9021075263969205,0.54084945
1220,HLA-A*24:03,esm2_mean,locus,0,1.0,13696,0.26236426446749106,0.38958603
1221,HLA-A*24:03,esm2_mean,locus,0,1.0,13696,2.631888840136646,0.8665028
1222,HLA-A*24:03,esm2_mean,locus,0,1.0,13696,1.7749523509116738,0.47906327
1223,HLA-A*24:03,esm2_mean,locus,0,1.0,13696,0.26236426446749106,0.3701644
1224,HLA-A*24:03,esm2_mean,locus,0,1.0,13696,0.33647223662121295,0.6907588
1225,HLA-A*24:03,esm2_mean,locus,0,1.0,13696,0.18232155679395465,0.9250814
1226,HLA-A*24:03,esm2_mean,locus,0,1.0,13696,0.7419373447293773,0.335154
1227,HLA-A*24:03,esm2_mean,locus,0,1.0,13696,0.4054651081081644,0.28655654
1228,HLA-A*24:03,esm2_mean,locus,0,1.0,13696,1.7227665977411035,0.49403223
1229,HLA-A*24:03,esm2_mean,locus,0,1.0,13696,0.6418538861723948,0.9328714
1230,HLA-A*24:03,esm2_mean,locus,0,1.0,13696,0.5306282510621704,1.0918624
1231,HLA-A*24:03,esm2_mean,locus,0,1.0,13696,0.09531017980432487,0.72834754
1232,HLA-A*24:03,esm2_mean,locus,0,1.0,13696,0.33647223662121295,1.1407193
1233,HLA-A*24:03,esm2_mean,locus,0,1.0,13696,0.18232155679395465,0.7698399
1234,HLA-A*24:03,esm2_mean,locus,0,1.0,13696,0.26236426446749106,0.751689
1235,HLA-A*24:03,esm2_mean,locus,0,1.0,13696,0.4700036292457355,0.5357442
1236,HLA-A*24:03,esm2_mean,locus,0,1.0,13696,0.4700036292457355,0.6250568
1237,HLA-A*24:03,esm2_mean,locus,0,1.0,13696,0.7419373447293773,0.53951764
1238,HLA-A*30:01,esm2_mean,locus,0,1.0,13696,1.5260563034950494,1.3639996
1239,HLA-A*30:01,esm2_mean,locus,0,1.0,13696,0.6931471805599453,1.4210575
1240,HLA-A*30:01,esm2_mean,locus,0,1.0,13696,3.708682081410116,1.0587229
1241,HLA-A*30:01,esm2_mean,locus,0,1.0,13696,0.18232155679395465,1.3469837
1242,HLA-A*30:01,esm2_mean,locus,0,1.0,13696,3.139832617527748,1.5280275
1243,HLA-A*30:01,esm2_mean,locus,0,1.0,13696,4.412798293340635,1.5836201
1244,HLA-A*30:01,esm2_mean,locus,0,1.0,13696,3.269568939183719,1.5859797
1245,HLA-A*30:01,esm2_mean,locus,0,1.0,13696,1.9459101490553132,1.5218874
1246,HLA-A*30:01,esm2_mean,locus,0,1.0,13696,2.2300144001592104,1.3120937
1247,HLA-A*30:01,esm2_mean,locus,0,1.0,13696,0.5877866649021191,1.4046943
1248,HLA-A*30:01,esm2_mean,locus,0,1.0,13696,3.9473901492654373,1.1342524
1249,HLA-A*30:01,esm2_mean,locus,0,1.0,13696,1.9459101490553132,1.6242969
1250,HLA-A*30:01,esm2_mean,locus,0,1.0,13696,1.4816045409242156,1.6651511
1251,HLA-A*30:01,esm2_mean,locus,0,1.0,13696,0.4054651081081644,1.4012594
1252,HLA-A*30:01,esm2_mean,locus,0,1.0,13696,1.62924053973028,1.496911
1253,HLA-A*30:01,esm2_mean,locus,0,1.0,13696,0.4054651081081644,1.4859769
1254,HLA-A*30:01,esm2_mean,locus,0,1.0,13696,1.62924053973028,1.4589198
1255,HLA-A*30:01,esm2_mean,locus,0,1.0,13696,0.18232155679395465,1.6319673
1256,HLA-A*30:01,esm2_mean,locus,0,1.0,13696,0.33647223662121295,0.95091087
1257,HLA-A*30:01,esm2_mean,locus,0,1.0,13696,0.33647223662121295,1.2321348
1258,HLA-A*30:01,esm2_mean,locus,0,1.0,13696,0.832909122935104,1.3995926
1259,HLA-A*30:01,esm2_mean,locus,0,1.0,13696,0.26236426446749106,1.5576129
1260,HLA-A*30:01,esm2_mean,locus,0,1.0,13696,0.6418538861723948,1.2788947
1261,HLA-A*30:01,esm2_mean,locus,0,1.0,13696,1.308332819650179,1.480675
1262,HLA-A*30:01,esm2_mean,locus,0,1.0,13696,0.26236426446749106,1.3290411
1263,HLA-A*30:01,esm2_mean,locus,0,1.0,13696,0.0,1.2727534
1264,HLA-A*30:01,esm2_mean,locus,0,1.0,13696,0.0,1.6295002
1265,HLA-A*30:01,esm2_mean,locus,0,1.0,13696,2.8678989020441064,1.4864417
1266,HLA-A*30:01,esm2_mean,locus,0,1.0,13696,0.33647223662121295,1.3368826
1267,HLA-A*30:01,esm2_mean,locus,0,1.0,13696,0.0,1.5008242
1268,HLA-A*30:01,esm2_mean,locus,0,1.0,13696,0.0,1.334392
1269,HLA-A*30:01,esm2_mean,locus,0,1.0,13696,0.33647223662121295,1.4430387
1270,HLA-A*30:01,esm2_mean,locus,0,1.0,13696,0.0,1.4048438
1271,HLA-A*30:01,esm2_mean,locus,0,1.0,13696,0.26236426446749106,1.43187
1272,HLA-A*30:01,esm2_mean,locus,0,1.0,13696,0.26236426446749106,1.3042397
1273,HLA-A*30:01,esm2_mean,locus,0,1.0,13696,0.18232155679395465,1.3669362
1274,HLA-A*30:01,esm2_mean,locus,0,1.0,13696,0.0,1.3668761
1275,HLA-A*30:01,esm2_mean,locus,0,1.0,13696,0.0,1.1905435
1276,HLA-A*30:01,esm2_mean,locus,0,1.0,13696,0.0,1.6680639
1277,HLA-A*30:01,esm2_mean,locus,0,1.0,13696,0.0,1.1359075
1278,HLA-A*30:01,esm2_mean,locus,0,1.0,13696,0.0,1.2827988
1279,HLA-A*30:01,esm2_mean,locus,0,1.0,13696,0.0,1.6002843
1280,HLA-A*30:01,esm2_mean,locus,0,1.0,13696,0.0,1.3826207
1281,HLA-A*30:01,esm2_mean,locus,0,1.0,13696,0.0,1.2890495
1282,HLA-A*30:01,esm2_mean,locus,0,1.0,13696,0.0,1.3025324
1283,HLA-A*30:01,esm2_mean,locus,0,1.0,13696,0.0,1.3426158
1284,HLA-A*31:01,esm2_mean,locus,0,1.0,13696,3.845883202923601,1.4016669
1285,HLA-A*31:01,esm2_mean,locus,0,1.0,13696,1.62924053973028,1.0984865
1286,HLA-A*31:01,esm2_mean,locus,0,1.0,13696,3.9396381724611196,1.3993073
1287,HLA-A*31:01,esm2_mean,locus,0,1.0,13696,1.8718021769015913,1.2152784
1288,HLA-A*31:01,esm2_mean,locus,0,1.0,13696,4.389498649512583,1.1826243
1289,HLA-A*31:01,esm2_mean,locus,0,1.0,13696,4.93014804318357,1.2205323
1290,HLA-A*31:01,esm2_mean,locus,0,1.0,13696,5.0072963928307415,1.2963631
1291,HLA-A*31:01,esm2_mean,locus,0,1.0,13696,1.6486586255873816,1.236745
1292,HLA-A*31:01,esm2_mean,locus,0,1.0,13696,4.403054001865957,1.1199276
1293,HLA-A*31:01,esm2_mean,locus,0,1.0,13696,0.18232155679395465,1.0478239
1294,HLA-A*31:01,esm2_mean,locus,0,1.0,13696,4.2626798770413155,1.6043046
1295,HLA-A*31:01,esm2_mean,locus,0,1.0,13696,4.0943445622221,1.2587277
1296,HLA-A*31:01,esm2_mean,locus,0,1.0,13696,3.169685580677429,1.4159724
1297,HLA-A*31:01,esm2_mean,locus,0,1.0,13696,0.4700036292457355,1.1182202
1298,HLA-A*31:01,esm2_mean,locus,0,1.0,13696,2.1162555148025524,1.2201288
1299,HLA-A*31:01,esm2_mean,locus,0,1.0,13696,4.819474788635096,1.183133
1300,HLA-A*31:01,esm2_mean,locus,0,1.0,13696,0.7419373447293773,1.3016634
1301,HLA-A*31:01,esm2_mean,locus,0,1.0,13696,4.463606621666305,1.1525702
1302,HLA-A*31:01,esm2_mean,locus,0,1.0,13696,1.1939224684724346,0.7665991
1303,HLA-A*31:01,esm2_mean,locus,0,1.0,13696,1.7047480922384253,1.2203825
1304,HLA-A*31:01,esm2_mean,locus,0,1.0,13696,3.342861804649192,1.421737
1305,HLA-A*31:01,esm2_mean,locus,0,1.0,13696,0.9162907318741551,1.2499303
1306,HLA-A*31:01,esm2_mean,locus,0,1.0,13696,1.410986973710262,1.3012891
1307,HLA-A*31:01,esm2_mean,locus,0,1.0,13696,0.18232155679395465,1.2963994
1308,HLA-A*31:01,esm2_mean,locus,0,1.0,13696,1.1314021114911006,1.3125976
1309,HLA-A*31:01,esm2_mean,locus,0,1.0,13696,3.502549875922443,1.483752
1310,HLA-A*31:01,esm2_mean,locus,0,1.0,13696,2.1041341542702074,1.4547932
1311,HLA-A*31:01,esm2_mean,locus,0,1.0,13696,0.26236426446749106,1.4476558
1312,HLA-A*31:01,esm2_mean,locus,0,1.0,13696,1.6094379124341003,1.2475578
1313,HLA-A*31:01,esm2_mean,locus,0,1.0,13696,0.5306282510621704,1.1500802
1314,HLA-A*31:01,esm2_mean,locus,0,1.0,13696,0.4054651081081644,1.299319
1315,HLA-A*31:01,esm2_mean,locus,0,1.0,13696,0.6931471805599453,1.257629
1316,HLA-A*31:01,esm2_mean,locus,0,1.0,13696,0.33647223662121295,1.2169486
1317,HLA-A*31:01,esm2_mean,locus,0,1.0,13696,1.9021075263969205,1.0062315
1318,HLA-A*31:01,esm2_mean,locus,0,1.0,13696,0.33647223662121295,1.1583042
1319,HLA-A*31:01,esm2_mean,locus,0,1.0,13696,0.4700036292457355,1.1447299
1320,HLA-A*31:01,esm2_mean,locus,0,1.0,13696,0.7884573603642702,1.4343979
1321,HLA-A*31:01,esm2_mean,locus,0,1.0,13696,0.0,1.1825639
1322,HLA-A*31:01,esm2_mean,locus,0,1.0,13696,0.26236426446749106,1.163153
1323,HLA-A*31:01,esm2_mean,locus,0,1.0,13696,0.4700036292457355,1.3021289
1324,HLA-A*31:01,esm2_mean,locus,0,1.0,13696,0.0,1.3165119
1325,HLA-A*31:01,esm2_mean,locus,0,1.0,13696,0.0,1.4451883
1326,HLA-A*31:01,esm2_mean,locus,0,1.0,13696,0.33647223662121295,1.4399854
1327,HLA-A*31:01,esm2_mean,locus,0,1.0,13696,0.26236426446749106,1.0945823
1328,HLA-A*69:01,esm2_mean,locus,0,1.0,13696,0.0,1.1644922
2006,HLA-A*01:01,esm2_mean,locus,0,1.0,13696,3.1822118404966093,0.616408
2007,HLA-A*01:01,esm2_mean,locus,0,1.0,13696,3.3032169733019514,0.585248
2008,HLA-A*01:01,esm2_mean,locus,0,1.0,13696,2.6390573296152584,0.38266414
2009,HLA-A*01:01,esm2_mean,locus,0,1.0,13696,0.9555114450274363,0.22061408
2010,HLA-A*01:01,esm2_mean,locus,0,1.0,13696,3.3141860046725258,0.8515976
2011,HLA-A*01:01,esm2_mean,locus,0,1.0,13696,3.7909846770510898,0.4595161
2012,HLA-A*01:01,esm2_mean,locus,0,1.0,13696,1.1314021114911006,0.36544758
2013,HLA-A*01:01,esm2_mean,locus,0,1.0,13696,0.26236426446749106,0.81488913
2014,HLA-A*01:01,esm2_mean,locus,0,1.0,13696,2.772588722239781,0.6192784
2015,HLA-A*01:01,esm2_mean,locus,0,1.0,13696,0.33647223662121295,0.44676834
2016,HLA-A*01:01,esm2_mean,locus,0,1.0,13696,1.589235205116581,0.8804311
2017,HLA-A*01:01,esm2_mean,locus,0,1.0,13696,1.252762968495368,0.6011267
2018,HLA-A*01:01,esm2_mean,locus,0,1.0,13696,1.9315214116032138,0.7606587
2019,HLA-A*01:01,esm2_mean,locus,0,1.0,13696,3.261935314328648,0.5231806
2020,HLA-A*01:01,esm2_mean,locus,0,1.0,13696,2.2082744135228043,0.6559833
2021,HLA-A*01:01,esm2_mean,locus,0,1.0,13696,0.9162907318741551,0.14995486
2022,HLA-A*01:01,esm2_mean,locus,0,1.0,13696,0.5877866649021191,0.4063176
2023,HLA-A*01:01,esm2_mean,locus,0,1.0,13696,2.760009940032921,0.3921851
2024,HLA-A*01:01,esm2_mean,locus,0,1.0,13696,1.3609765531356006,0.68220556
2025,HLA-A*01:01,esm2_mean,locus,0,1.0,13696,1.5686159179138452,0.668802
2026,HLA-A*01:01,esm2_mean,locus,0,1.0,13696,2.451005098112319,0.5291585
2027,HLA-A*01:01,esm2_mean,locus,0,1.0,13696,2.827313621929028,0.63445735
2028,HLA-A*01:01,esm2_mean,locus,0,1.0,13696,0.9555114450274363,0.34709328
2029,HLA-A*01:01,esm2_mean,locus,0,1.0,13696,3.414442608412176,0.57551324
2030,HLA-A*01:01,esm2_mean,locus,0,1.0,13696,2.970414465569701,0.4034779
2031,HLA-A*01:01,esm2_mean,locus,0,1.0,13696,0.9932517730102833,0.36818802
2032,HLA-A*01:01,esm2_mean,locus,0,1.0,13696,0.7419373447293773,0.3966714
2033,HLA-A*01:01,esm2_mean,locus,0,1.0,13696,1.7749523509116738,0.52444994
2034,HLA-A*01:01,esm2_mean,locus,0,1.0,13696,2.1633230256605382,0.74160814
2035,HLA-A*01:01,esm2_mean,locus,0,1.0,13696,0.832909122935104,0.71085453
2036,HLA-A*01:01,esm2_mean,locus,0,1.0,13696,0.26236426446749106,0.37515062
2037,HLA-A*01:01,esm2_mean,locus,0,1.0,13696,0.4054651081081644,0.6233797
2038,HLA-A*02:01,esm2_mean,locus,0,1.0,13696,1.9878743481543455,1.7047294
2039,HLA-A*02:01,esm2_mean,locus,0,1.0,13696,1.7578579175523736,2.180488
2040,HLA-A*02:01,esm2_mean,locus,0,1.0,13696,1.9021075263969205,1.8525842
2041,HLA-A*02:01,esm2_mean,locus,0,1.0,13696,1.5686159179138452,1.4790555
2042,HLA-A*02:01,esm2_mean,locus,0,1.0,13696,2.8154087194227095,1.8196653
2043,HLA-A*02:01,esm2_mean,locus,0,1.0,13696,0.4700036292457355,1.7122822
2044,HLA-A*02:01,esm2_mean,locus,0,1.0,13696,2.9338568698359038,1.524525
2045,HLA-A*02:01,esm2_mean,locus,0,1.0,13696,0.6931471805599453,2.129878
2046,HLA-A*02:01,esm2_mean,locus,0,1.0,13696,1.0116009116784799,1.8418815
2047,HLA-A*02:01,esm2_mean,locus,0,1.0,13696,3.186352633162641,1.8523545
2048,HLA-A*02:01,esm2_mean,locus,0,1.0,13696,1.5686159179138452,1.6488278
2049,HLA-A*02:01,esm2_mean,locus,0,1.0,13696,3.044522437723423,1.8909531
2050,HLA-A*02:01,esm2_mean,locus,0,1.0,13696,1.9021075263969205,1.8258862
2051,HLA-A*02:01,esm2_mean,locus,0,1.0,13696,0.832909122935104,1.5491474
2052,HLA-A*02:01,esm2_mean,locus,0,1.0,13696,1.9740810260220096,1.6621482
2053,HLA-A*02:01,esm2_mean,locus,0,1.0,13696,0.4054651081081644,1.681819
2054,HLA-A*02:01,esm2_mean,locus,0,1.0,13696,0.26236426446749106,1.6658199
2055,HLA-A*02:01,esm2_mean,locus,0,1.0,13696,1.3862943611198906,1.8365448
2056,HLA-A*02:01,esm2_mean,locus,0,1.0,13696,0.4700036292457355,1.6383572
2057,HLA-A*02:01,esm2_mean,locus,0,1.0,13696,0.4054651081081644,1.8068459
2058,HLA-A*02:01,esm2_mean,locus,0,1.0,13696,0.09531017980432487,1.8529878
2059,HLA-A*02:01,esm2_mean,locus,0,1.0,13696,2.6390573296152584,2.2709043
2060,HLA-A*02:01,esm2_mean,locus,0,1.0,13696,0.4054651081081644,1.725363
2061,HLA-A*02:01,esm2_mean,locus,0,1.0,13696,3.3105430133940246,2.008463
2062,HLA-A*02:01,esm2_mean,locus,0,1.0,13696,1.9600947840472698,1.5851456
2063,HLA-A*02:01,esm2_mean,locus,0,1.0,13696,1.0647107369924282,1.9934058
2064,HLA-A*02:01,esm2_mean,locus,0,1.0,13696,2.186051276738094,1.871244
2065,HLA-A*02:01,esm2_mean,locus,0,1.0,13696,0.4700036292457355,2.1182096
2066,HLA-A*02:01,esm2_mean,locus,0,1.0,13696,2.975529566236472,1.4131703
2067,HLA-A*02:01,esm2_mean,locus,0,1.0,13696,0.18232155679395465,1.8720534
2068,HLA-A*02:01,esm2_mean,locus,0,1.0,13696,0.4054651081081644,1.7526765
2069,HLA-A*02:01,esm2_mean,locus,0,1.0,13696,0.09531017980432487,2.1739833
2070,HLA-A*02:01,esm2_mean,locus,0,1.0,13696,0.09531017980432487,2.324151
2071,HLA-A*02:01,esm2_mean,locus,0,1.0,13696,0.09531017980432487,2.246507
2072,HLA-A*02:01,esm2_mean,locus,0,1.0,13696,0.09531017980432487,1.6455247
2073,HLA-A*02:01,esm2_mean,locus,0,1.0,13696,0.09531017980432487,1.8161793
2074,HLA-A*03:01,esm2_mean,locus,0,1.0,13696,0.4700036292457355,1.8056523
2075,HLA-A*03:01,esm2_mean,locus,0,1.0,13696,2.33214389523559,2.135404
2076,HLA-A*03:01,esm2_mean,locus,0,1.0,13696,2.2082744135228043,1.875236
2077,HLA-A*03:01,esm2_mean,locus,0,1.0,13696,0.6931471805599453,2.0201125
2078,HLA-A*03:01,esm2_mean,locus,0,1.0,13696,1.9021075263969205,2.243909
2079,HLA-A*03:01,esm2_mean,locus,0,1.0,13696,3.8110970868381857,1.9490143
2080,HLA-A*03:01,esm2_mean,locus,0,1.0,13696,4.110873864173311,2.053885
2081,HLA-A*03:01,esm2_mean,locus,0,1.0,13696,2.0541237336955462,2.375426
2082,HLA-A*03:01,esm2_mean,locus,0,1.0,13696,0.9555114450274363,2.0197504
2083,HLA-A*03:01,esm2_mean,locus,0,1.0,13696,0.5306282510621704,1.4283803
2084,HLA-A*03:01,esm2_mean,locus,0,1.0,13696,2.341805806147327,1.8057518
2085,HLA-A*03:01,esm2_mean,locus,0,1.0,13696,0.26236426446749106,2.073625
2086,HLA-A*03:01,esm2_mean,locus,0,1.0,13696,4.056988775678332,1.9236054
2087,HLA-A*03:01,esm2_mean,locus,0,1.0,13696,0.33647223662121295,1.8642933
2088,HLA-A*03:01,esm2_mean,locus,0,1.0,13696,1.4816045409242156,2.1275
2089,HLA-A*03:01,esm2_mean,locus,0,1.0,13696,2.791165107812717,2.0903778
2090,HLA-A*03:01,esm2_mean,locus,0,1.0,13696,1.3609765531356006,2.3805618
2091,HLA-A*03:01,esm2_mean,locus,0,1.0,13696,0.832909122935104,2.017694
2092,HLA-A*03:01,esm2_mean,locus,0,1.0,13696,3.6454498961866,2.066934
2093,HLA-A*03:01,esm2_mean,locus,0,1.0,13696,2.322387720290225,2.0062382
2094,HLA-A*03:01,esm2_mean,locus,0,1.0,13696,2.89591193827178,1.969595
2095,HLA-A*03:01,esm2_mean,locus,0,1.0,13696,0.4700036292457355,1.980897
2096,HLA-A*03:01,esm2_mean,locus,0,1.0,13696,2.856470206220483,1.8047223
2097,HLA-A*03:01,esm2_mean,locus,0,1.0,13696,3.152736022363656,1.9414188
2098,HLA-A*03:01,esm2_mean,locus,0,1.0,13696,0.4700036292457355,1.998368
2099,HLA-A*03:01,esm2_mean,locus,0,1.0,13696,0.0,1.4510645
2100,HLA-A*03:01,esm2_mean,locus,0,1.0,13696,0.18232155679395465,1.4795343
2101,HLA-A*03:01,esm2_mean,locus,0,1.0,13696,0.18232155679395465,1.8073876
2102,HLA-A*03:01,esm2_mean,locus,0,1.0,13696,0.09531017980432487,1.9754865
2103,HLA-A*03:01,esm2_mean,locus,0,1.0,13696,0.0,1.7890818
2104,HLA-A*03:01,esm2_mean,locus,0,1.0,13696,0.0,2.0914023
2105,HLA-A*03:01,esm2_mean,locus,0,1.0,13696,0.0,1.7685463
2106,HLA-A*03:01,esm2_mean,locus,0,1.0,13696,0.0,2.1793578
2107,HLA-A*03:01,esm2_mean,locus,0,1.0,13696,0.0,1.9410633
2108,HLA-A*03:01,esm2_mean,locus,0,1.0,13696,0.0,2.0243556
2109,HLA-A*11:01,esm2_mean,locus,0,1.0,13696,4.751000634199631,1.6239765
2110,HLA-A*11:01,esm2_mean,locus,0,1.0,13696,1.824549292051046,1.4694691
2111,HLA-A*11:01,esm2_mean,locus,0,1.0,13696,3.1780538303479458,1.4398552
2112,HLA-A*11:01,esm2_mean,locus,0,1.0,13696,4.480740107609915,1.4121774
2113,HLA-A*11:01,esm2_mean,locus,0,1.0,13696,3.173878458937465,1.508323
2114,HLA-A*11:01,esm2_mean,locus,0,1.0,13696,1.8870696490323797,1.4948106
2115,HLA-A*11:01,esm2_mean,locus,0,1.0,13696,0.9555114450274363,1.5062664
2116,HLA-A*11:01,esm2_mean,locus,0,1.0,13696,4.128745988939433,1.3206923
2117,HLA-A*11:01,esm2_mean,locus,0,1.0,13696,0.9555114450274363,1.3738248
2118,HLA-A*11:01,esm2_mean,locus,0,1.0,13696,2.4069451083182885,1.352865
2119,HLA-A*11:01,esm2_mean,locus,0,1.0,13696,1.9740810260220096,1.4869399
2120,HLA-A*11:01,esm2_mean,locus,0,1.0,13696,4.09933210373314,1.4375868
2121,HLA-A*11:01,esm2_mean,locus,0,1.0,13696,3.9080149840306073,1.3638088
2122,HLA-A*11:01,esm2_mean,locus,0,1.0,13696,2.128231705849268,1.2571193
2123,HLA-A*11:01,esm2_mean,locus,0,1.0,13696,4.39197696552705,1.294324
2124,HLA-A*11:01,esm2_mean,locus,0,1.0,13696,4.310799125385514,1.5789487
2125,HLA-A*11:01,esm2_mean,locus,0,1.0,13696,1.0296194171811583,1.2966363
2126,HLA-A*11:01,esm2_mean,locus,0,1.0,13696,0.18232155679395465,1.1358691
2127,HLA-A*11:01,esm2_mean,locus,0,1.0,13696,0.26236426446749106,1.294224
2128,HLA-A*11:01,esm2_mean,locus,0,1.0,13696,2.970414465569701,1.1959932
2129,HLA-A*11:01,esm2_mean,locus,0,1.0,13696,3.4372078191851885,1.732481
2130,HLA-A*11:01,esm2_mean,locus,0,1.0,13696,0.18232155679395465,1.2763846
2131,HLA-A*11:01,esm2_mean,locus,0,1.0,13696,0.18232155679395465,1.149875
2132,HLA-A*11:01,esm2_mean,locus,0,1.0,13696,3.449987545831587,1.4299906
2133,HLA-A*11:01,esm2_mean,locus,0,1.0,13696,4.310799125385514,1.458167
2134,HLA-A*11:01,esm2_mean,locus,0,1.0,13696,2.797281334830153,1.5555055
2135,HLA-A*11:01,esm2_mean,locus,0,1.0,13696,2.8507065015037334,1.3968108
2136,HLA-A*11:01,esm2_mean,locus,0,1.0,13696,0.26236426446749106,1.5086846
2137,HLA-A*11:01,esm2_mean,locus,0,1.0,13696,0.18232155679395465,1.3724823
2138,HLA-A*11:01,esm2_mean,locus,0,1.0,13696,4.484131857611035,1.293294
2139,HLA-A*11:01,esm2_mean,locus,0,1.0,13696,3.6938669956249757,1.4087433
2140,HLA-A*11:01,esm2_mean,locus,0,1.0,13696,1.667706820558076,1.6679304
2141,HLA-A*11:01,esm2_mean,locus,0,1.0,13696,2.0541237336955462,1.6160727
2142,HLA-A*11:01,esm2_mean,locus,0,1.0,13696,0.0,1.4385307
2143,HLA-A*11:01,esm2_mean,locus,0,1.0,13696,0.18232155679395465,1.3287172
2144,HLA-A*11:01,esm2_mean,locus,0,1.0,13696,0.0,1.225993
2145,HLA-A*11:01,esm2_mean,locus,0,1.0,13696,0.26236426446749106,1.1043165
2146,HLA-A*11:01,esm2_mean,locus,0,1.0,13696,0.4700036292457355,1.3617853
2147,HLA-A*11:01,esm2_mean,locus,0,1.0,13696,0.0,1.5392025
2148,HLA-A*26:01,esm2_mean,locus,0,1.0,13696,0.33647223662121295,0.49491775
2149,HLA-A*31:01,esm2_mean,locus,0,1.0,13696,2.1162555148025524,1.405019
2150,HLA-A*31:01,esm2_mean,locus,0,1.0,13696,3.254242968705492,1.2636567
2151,HLA-A*31:01,esm2_mean,locus,0,1.0,13696,0.8754687373538999,1.2382474
2152,HLA-A*31:01,esm2_mean,locus,0,1.0,13696,0.18232155679395465,1.3323358
2153,HLA-A*31:01,esm2_mean,locus,0,1.0,13696,0.0,1.2955388
2265,HLA-A*02:01,esm2_mean,locus,0,1.0,13696,3.4307561839036995,1.7486126
2266,HLA-A*02:01,esm2_mean,locus,0,1.0,13696,2.995732273553991,1.6642867
2267,HLA-A*02:01,esm2_mean,locus,0,1.0,13696,0.7178397931503169,1.725452
2268,HLA-A*02:01,esm2_mean,locus,0,1.0,13696,1.1314021114911006,1.4890683
2269,HLA-A*02:01,esm2_mean,locus,0,1.0,13696,0.26236426446749106,1.5730369
2270,HLA-A*02:01,esm2_mean,locus,0,1.0,13696,0.09531017980432487,1.3480647
2271,HLA-A*03:01,esm2_mean,locus,0,1.0,13696,1.589235205116581,1.7700241
2272,HLA-A*03:01,esm2_mean,locus,0,1.0,13696,0.8754687373538999,1.6917849
2273,HLA-A*03:01,esm2_mean,locus,0,1.0,13696,1.9459101490553132,1.8731377
2274,HLA-A*03:01,esm2_mean,locus,0,1.0,13696,2.8678989020441064,1.8554707
2275,HLA-A*03:01,esm2_mean,locus,0,1.0,13696,4.139955073474153,1.8887856
2276,HLA-A*03:01,esm2_mean,locus,0,1.0,13696,0.5306282510621704,1.8982296
2277,HLA-A*03:01,esm2_mean,locus,0,1.0,13696,0.0,2.2280421
2278,HLA-A*03:01,esm2_mean,locus,0,1.0,13696,0.09531017980432487,1.7849362
2279,HLA-A*03:01,esm2_mean,locus,0,1.0,13696,0.0,1.9047823
2303,HLA-A*01:01,esm2_mean,locus,0,1.0,13696,4.08260930600368,0.6117699
2304,HLA-A*01:01,esm2_mean,locus,0,1.0,13696,3.214867803470662,0.45109016
2305,HLA-A*01:01,esm2_mean,locus,0,1.0,13696,2.379546134130174,0.40710932
2306,HLA-A*01:01,esm2_mean,locus,0,1.0,13696,4.05871738457895,0.6258136
2307,HLA-A*01:01,esm2_mean,locus,0,1.0,13696,3.1822118404966093,0.2912023
2308,HLA-A*01:01,esm2_mean,locus,0,1.0,13696,3.6082115510464816,0.7216756
2309,HLA-A*01:01,esm2_mean,locus,0,1.0,13696,3.459466289786131,0.46000743
2310,HLA-A*01:01,esm2_mean,locus,0,1.0,13696,3.4965075614664802,0.65963215
2311,HLA-A*01:01,esm2_mean,locus,0,1.0,13696,3.708682081410116,0.5328153
2312,HLA-A*01:01,esm2_mean,locus,0,1.0,13696,3.151025157960026,0.63739896
2313,HLA-A*01:01,esm2_mean,locus,0,1.0,13696,3.720862499966987,0.715047
2314,HLA-A*01:01,esm2_mean,locus,0,1.0,13696,3.775057150354989,0.384565
2315,HLA-A*01:01,esm2_mean,locus,0,1.0,13696,0.5877866649021191,0.42260498
2316,HLA-A*01:01,esm2_mean,locus,0,1.0,13696,2.6946271807700692,0.2392205
2317,HLA-A*01:01,esm2_mean,locus,0,1.0,13696,0.8754687373538999,0.4393968
2318,HLA-A*01:01,esm2_mean,locus,0,1.0,13696,2.9014215940827497,0.8054497
2319,HLA-A*01:01,esm2_mean,locus,0,1.0,13696,0.9555114450274363,0.66861033
2320,HLA-A*01:01,esm2_mean,locus,0,1.0,13696,0.33647223662121295,0.52088916
2321,HLA-A*01:01,esm2_mean,locus,0,1.0,13696,3.5610460826040513,0.48437363
2322,HLA-A*01:01,esm2_mean,locus,0,1.0,13696,2.4714836294558595,0.47309244
2323,HLA-A*01:01,esm2_mean,locus,0,1.0,13696,1.0647107369924282,0.4677676
2324,HLA-A*01:01,esm2_mean,locus,0,1.0,13696,1.5686159179138452,0.6242305
2325,HLA-A*01:01,esm2_mean,locus,0,1.0,13696,3.3123661679555396,0.8807778
2326,HLA-A*01:01,esm2_mean,locus,0,1.0,13696,1.0296194171811583,0.39792114
2327,HLA-A*01:01,esm2_mean,locus,0,1.0,13696,0.5306282510621704,0.34782505
2328,HLA-A*01:01,esm2_mean,locus,0,1.0,13696,0.5877866649021191,0.8258245
2329,HLA-A*01:01,esm2_mean,locus,0,1.0,13696,0.9932517730102833,0.49960494
2330,HLA-A*01:01,esm2_mean,locus,0,1.0,13696,0.6931471805599453,0.8532063
2331,HLA-A*01:01,esm2_mean,locus,0,1.0,13696,0.26236426446749106,0.7514277
2332,HLA-A*01:01,esm2_mean,locus,0,1.0,13696,0.33647223662121295,0.580789
2333,HLA-A*01:01,esm2_mean,locus,0,1.0,13696,0.18232155679395465,0.5394136
2334,HLA-A*01:01,esm2_mean,locus,0,1.0,13696,0.18232155679395465,0.20860916
2335,HLA-A*01:01,esm2_mean,locus,0,1.0,13696,0.5877866649021191,0.64256096
2336,HLA-A*01:01,esm2_mean,locus,0,1.0,13696,0.18232155679395465,0.7107741
2337,HLA-A*01:01,esm2_mean,locus,0,1.0,13696,0.8754687373538999,0.91776943
2338,HLA-A*01:01,esm2_mean,locus,0,1.0,13696,0.33647223662121295,0.69738096
2339,HLA-A*01:01,esm2_mean,locus,0,1.0,13696,0.18232155679395465,0.5521137
2340,HLA-A*01:01,esm2_mean,locus,0,1.0,13696,0.26236426446749106,0.74764884
2341,HLA-A*01:01,esm2_mean,locus,0,1.0,13696,0.26236426446749106,0.64894205
2342,HLA-A*01:01,esm2_mean,locus,0,1.0,13696,0.0,0.68158454
2343,HLA-A*02:01,esm2_mean,locus,0,1.0,13696,3.56953269648137,1.658763
2344,HLA-A*02:01,esm2_mean,locus,0,1.0,13696,2.151762203259462,1.8313559
2345,HLA-A*02:01,esm2_mean,locus,0,1.0,13696,2.631888840136646,1.410515
2346,HLA-A*02:01,esm2_mean,locus,0,1.0,13696,1.80005827204275,1.1983933
2347,HLA-A*02:01,esm2_mean,locus,0,1.0,13696,1.9600947840472698,1.3553541
2348,HLA-A*02:01,esm2_mean,locus,0,1.0,13696,3.1986731175506815,1.6114166
2349,HLA-A*02:01,esm2_mean,locus,0,1.0,13696,3.005682604407159,1.6945932
2350,HLA-A*02:01,esm2_mean,locus,0,1.0,13696,3.349904087274605,1.8295919
2351,HLA-A*02:01,esm2_mean,locus,0,1.0,13696,1.9878743481543455,1.8315084
2352,HLA-A*02:01,esm2_mean,locus,0,1.0,13696,2.785011242238338,1.9616153
2353,HLA-A*02:01,esm2_mean,locus,0,1.0,13696,2.3702437414678603,1.6503019
2354,HLA-A*02:01,esm2_mean,locus,0,1.0,13696,2.6026896854443837,1.6960787
2355,HLA-A*02:01,esm2_mean,locus,0,1.0,13696,1.9740810260220096,1.7430315
2356,HLA-A*02:01,esm2_mean,locus,0,1.0,13696,1.9459101490553132,1.8607454
2357,HLA-A*02:01,esm2_mean,locus,0,1.0,13696,1.9600947840472698,1.1216264
2358,HLA-A*02:01,esm2_mean,locus,0,1.0,13696,3.2068032436339315,1.6537771
2359,HLA-A*02:01,esm2_mean,locus,0,1.0,13696,0.9932517730102833,1.8197229
2360,HLA-A*02:01,esm2_mean,locus,0,1.0,13696,2.4159137783010487,1.4918554
2361,HLA-A*02:01,esm2_mean,locus,0,1.0,13696,0.33647223662121295,1.6754456
2362,HLA-A*02:01,esm2_mean,locus,0,1.0,13696,2.2512917986064953,1.6433372
2363,HLA-A*02:01,esm2_mean,locus,0,1.0,13696,2.322387720290225,1.9701436
2364,HLA-A*02:01,esm2_mean,locus,0,1.0,13696,3.4995332823830174,1.5912442
2365,HLA-A*02:01,esm2_mean,locus,0,1.0,13696,2.970414465569701,1.8537215
2366,HLA-A*02:01,esm2_mean,locus,0,1.0,13696,1.7749523509116738,1.6337836
2367,HLA-A*02:01,esm2_mean,locus,0,1.0,13696,2.856470206220483,1.6608772
2368,HLA-A*02:01,esm2_mean,locus,0,1.0,13696,2.9856819377004897,1.7742245
2369,HLA-A*02:01,esm2_mean,locus,0,1.0,13696,3.6189933266497696,1.5013726
2370,HLA-A*02:01,esm2_mean,locus,0,1.0,13696,3.5380565643793527,1.6870987
2371,HLA-A*02:01,esm2_mean,locus,0,1.0,13696,3.4468078929142076,1.541873
2372,HLA-A*02:01,esm2_mean,locus,0,1.0,13696,3.407841924380824,1.3871763
2373,HLA-A*02:01,esm2_mean,locus,0,1.0,13696,0.8754687373538999,1.777529
2374,HLA-A*02:01,esm2_mean,locus,0,1.0,13696,3.0349529867072724,1.4586375
2375,HLA-A*02:01,esm2_mean,locus,0,1.0,13696,3.5667118201397288,1.6098219
2376,HLA-A*02:01,esm2_mean,locus,0,1.0,13696,2.3513752571634776,1.7883847
2377,HLA-A*02:01,esm2_mean,locus,0,1.0,13696,0.5877866649021191,1.6593277
2378,HLA-A*02:01,esm2_mean,locus,0,1.0,13696,3.0492730404820207,1.429601
2379,HLA-A*02:01,esm2_mean,locus,0,1.0,13696,0.7419373447293773,1.587532
2380,HLA-A*02:01,esm2_mean,locus,0,1.0,13696,3.152736022363656,1.6519744
2381,HLA-A*02:01,esm2_mean,locus,0,1.0,13696,0.7419373447293773,1.7775655
2382,HLA-A*02:01,esm2_mean,locus,0,1.0,13696,3.5263605246161616,1.7076789
2383,HLA-A*02:01,esm2_mean,locus,0,1.0,13696,3.3214324131932926,2.0623841
2384,HLA-A*02:01,esm2_mean,locus,0,1.0,13696,2.1972245773362196,1.7121611
2385,HLA-A*02:01,esm2_mean,locus,0,1.0,13696,2.1041341542702074,1.5022755
2386,HLA-A*02:01,esm2_mean,locus,0,1.0,13696,2.322387720290225,1.7753575
2387,HLA-A*02:01,esm2_mean,locus,0,1.0,13696,1.1314021114911006,1.853719
2388,HLA-A*02:01,esm2_mean,locus,0,1.0,13696,3.5610460826040513,1.3434759
2389,HLA-A*02:01,esm2_mean,locus,0,1.0,13696,2.0149030205422647,1.4718629
2390,HLA-A*02:01,esm2_mean,locus,0,1.0,13696,1.6094379124341003,1.6532683
2391,HLA-A*02:01,esm2_mean,locus,0,1.0,13696,2.379546134130174,1.9538598
2392,HLA-A*02:01,esm2_mean,locus,0,1.0,13696,0.4054651081081644,2.1215637
2393,HLA-A*02:01,esm2_mean,locus,0,1.0,13696,0.9555114450274363,1.588418
2394,HLA-A*02:01,esm2_mean,locus,0,1.0,13696,3.131136910560194,1.7312827
2395,HLA-A*02:01,esm2_mean,locus,0,1.0,13696,3.258096538021482,1.5781329
2396,HLA-A*02:01,esm2_mean,locus,0,1.0,13696,0.6151856390902335,1.5813279
2397,HLA-A*02:01,esm2_mean,locus,0,1.0,13696,2.8791984572980396,1.4683042
2398,HLA-A*02:01,esm2_mean,locus,0,1.0,13696,2.2617630984737906,1.5574951
2399,HLA-A*02:01,esm2_mean,locus,0,1.0,13696,0.26236426446749106,1.7482846
2400,HLA-A*02:01,esm2_mean,locus,0,1.0,13696,0.4700036292457355,1.825984
2401,HLA-A*02:01,esm2_mean,locus,0,1.0,13696,3.4339872044851463,1.9334514
2402,HLA-A*02:01,esm2_mean,locus,0,1.0,13696,2.1162555148025524,1.5695126
2403,HLA-A*02:01,esm2_mean,locus,0,1.0,13696,0.832909122935104,1.679328
2404,HLA-A*02:01,esm2_mean,locus,0,1.0,13696,3.1822118404966093,1.745842
2405,HLA-A*02:01,esm2_mean,locus,0,1.0,13696,2.2407096892759584,1.9489679
2406,HLA-A*02:01,esm2_mean,locus,0,1.0,13696,0.4700036292457355,1.7289696
2407,HLA-A*02:01,esm2_mean,locus,0,1.0,13696,1.3609765531356006,1.6638093
2408,HLA-A*02:01,esm2_mean,locus,0,1.0,13696,0.7884573603642702,1.5586398
2409,HLA-A*02:01,esm2_mean,locus,0,1.0,13696,2.1633230256605382,2.0387387
2410,HLA-A*02:01,esm2_mean,locus,0,1.0,13696,3.5115454388310208,1.4386843
2411,HLA-A*02:01,esm2_mean,locus,0,1.0,13696,1.1314021114911006,1.7074344
2412,HLA-A*02:01,esm2_mean,locus,0,1.0,13696,0.09531017980432487,1.332607
2413,HLA-A*02:01,esm2_mean,locus,0,1.0,13696,2.322387720290225,1.6487899
2414,HLA-A*02:01,esm2_mean,locus,0,1.0,13696,0.26236426446749106,1.8796694
2415,HLA-A*02:01,esm2_mean,locus,0,1.0,13696,2.2512917986064953,1.8634075
2416,HLA-A*02:01,esm2_mean,locus,0,1.0,13696,2.0149030205422647,1.6154556
2417,HLA-A*02:01,esm2_mean,locus,0,1.0,13696,3.0204248861443626,1.6364758
2418,HLA-A*02:01,esm2_mean,locus,0,1.0,13696,1.3862943611198906,1.3911653
2419,HLA-A*02:01,esm2_mean,locus,0,1.0,13696,1.1631508098056809,1.5872941
2420,HLA-A*02:01,esm2_mean,locus,0,1.0,13696,3.6938669956249757,1.2766986
2421,HLA-A*02:01,esm2_mean,locus,0,1.0,13696,0.7419373447293773,1.7030058
2422,HLA-A*02:01,esm2_mean,locus,0,1.0,13696,0.0,1.7864583
2423,HLA-A*02:01,esm2_mean,locus,0,1.0,13696,0.33647223662121295,1.6466541
2424,HLA-A*02:01,esm2_mean,locus,0,1.0,13696,1.3862943611198906,1.5373824
2425,HLA-A*03:01,esm2_mean,locus,0,1.0,13696,0.4054651081081644,1.7331822
2426,HLA-A*03:01,esm2_mean,locus,0,1.0,13696,1.1939224684724346,2.0391638
2427,HLA-A*03:01,esm2_mean,locus,0,1.0,13696,2.128231705849268,1.8795215
2428,HLA-A*03:01,esm2_mean,locus,0,1.0,13696,0.33647223662121295,1.6824362
2429,HLA-A*03:01,esm2_mean,locus,0,1.0,13696,3.5085558999826545,1.7179158
2430,HLA-A*03:01,esm2_mean,locus,0,1.0,13696,0.5877866649021191,1.7975156
2431,HLA-A*03:01,esm2_mean,locus,0,1.0,13696,0.5877866649021191,1.8169892
2432,HLA-A*03:01,esm2_mean,locus,0,1.0,13696,0.5306282510621704,2.1799533
2433,HLA-A*03:01,esm2_mean,locus,0,1.0,13696,0.33647223662121295,2.0919354
2434,HLA-A*03:01,esm2_mean,locus,0,1.0,13696,3.9852734671677386,1.8860795
2435,HLA-A*03:01,esm2_mean,locus,0,1.0,13696,2.8154087194227095,1.6923254
2436,HLA-A*03:01,esm2_mean,locus,0,1.0,13696,2.2925347571405443,1.9006374
2437,HLA-A*03:01,esm2_mean,locus,0,1.0,13696,0.4700036292457355,1.8907454
2438,HLA-A*03:01,esm2_mean,locus,0,1.0,13696,0.18232155679395465,2.1305456
2439,HLA-A*03:01,esm2_mean,locus,0,1.0,13696,1.3862943611198906,1.7742915
2440,HLA-A*03:01,esm2_mean,locus,0,1.0,13696,0.4054651081081644,1.6369526
2441,HLA-A*03:01,esm2_mean,locus,0,1.0,13696,2.681021528714291,2.058659
2442,HLA-A*03:01,esm2_mean,locus,0,1.0,13696,4.11414718951828,1.8354383
2443,HLA-A*03:01,esm2_mean,locus,0,1.0,13696,3.4242626545931514,2.0385878
2444,HLA-A*03:01,esm2_mean,locus,0,1.0,13696,2.0794415416798357,1.7624542
2445,HLA-A*03:01,esm2_mean,locus,0,1.0,13696,4.345103280569283,1.9676396
2446,HLA-A*03:01,esm2_mean,locus,0,1.0,13696,1.9600947840472698,1.8720903
2447,HLA-A*03:01,esm2_mean,locus,0,1.0,13696,2.174751721484161,2.13393
2448,HLA-A*03:01,esm2_mean,locus,0,1.0,13696,2.772588722239781,2.07454
2449,HLA-A*03:01,esm2_mean,locus,0,1.0,13696,1.0296194171811583,2.0619705
2450,HLA-A*03:01,esm2_mean,locus,0,1.0,13696,4.678420647727684,2.2034113
2451,HLA-A*03:01,esm2_mean,locus,0,1.0,13696,1.9878743481543455,2.0178819
2452,HLA-A*03:01,esm2_mean,locus,0,1.0,13696,2.517696472610991,1.9904044
2453,HLA-A*03:01,esm2_mean,locus,0,1.0,13696,0.5877866649021191,1.5229893
2454,HLA-A*03:01,esm2_mean,locus,0,1.0,13696,1.840549633397487,2.0450442
2455,HLA-A*03:01,esm2_mean,locus,0,1.0,13696,4.039536325727106,1.90818
2456,HLA-A*03:01,esm2_mean,locus,0,1.0,13696,2.186051276738094,1.6512828
2457,HLA-A*03:01,esm2_mean,locus,0,1.0,13696,2.4159137783010487,1.9329172
2458,HLA-A*03:01,esm2_mean,locus,0,1.0,13696,0.5877866649021191,1.9820287
2459,HLA-A*03:01,esm2_mean,locus,0,1.0,13696,1.7047480922384253,1.7703912
2460,HLA-A*03:01,esm2_mean,locus,0,1.0,13696,2.766319109226186,2.1865838
2461,HLA-A*03:01,esm2_mean,locus,0,1.0,13696,1.2237754316221157,1.7974505
2462,HLA-A*03:01,esm2_mean,locus,0,1.0,13696,1.7227665977411035,2.1227314
2463,HLA-A*03:01,esm2_mean,locus,0,1.0,13696,1.5260563034950494,2.092121
2464,HLA-A*03:01,esm2_mean,locus,0,1.0,13696,2.7631695003232895,1.7956219
2465,HLA-A*03:01,esm2_mean,locus,0,1.0,13696,3.2386784521643803,1.8831029
2466,HLA-A*03:01,esm2_mean,locus,0,1.0,13696,2.2300144001592104,2.124559
2467,HLA-A*03:01,esm2_mean,locus,0,1.0,13696,1.5789787049493917,1.8940136
2468,HLA-A*03:01,esm2_mean,locus,0,1.0,13696,2.2082744135228043,1.6674688
2469,HLA-A*03:01,esm2_mean,locus,0,1.0,13696,1.3737155789130306,1.9479811
2470,HLA-A*03:01,esm2_mean,locus,0,1.0,13696,3.775057150354989,1.6352973
2471,HLA-A*03:01,esm2_mean,locus,0,1.0,13696,1.6094379124341003,1.9871564
2472,HLA-A*03:01,esm2_mean,locus,0,1.0,13696,2.151762203259462,1.7561059
2473,HLA-A*03:01,esm2_mean,locus,0,1.0,13696,2.0149030205422647,1.8920474
2474,HLA-A*03:01,esm2_mean,locus,0,1.0,13696,0.8754687373538999,2.2237332
2475,HLA-A*03:01,esm2_mean,locus,0,1.0,13696,0.5877866649021191,1.773112
2476,HLA-A*03:01,esm2_mean,locus,0,1.0,13696,2.760009940032921,1.9386787
2477,HLA-A*03:01,esm2_mean,locus,0,1.0,13696,1.308332819650179,1.8349402
2478,HLA-A*03:01,esm2_mean,locus,0,1.0,13696,0.0,2.002945
2479,HLA-A*03:01,esm2_mean,locus,0,1.0,13696,0.0,2.2057993
2480,HLA-A*03:01,esm2_mean,locus,0,1.0,13696,3.984343667007772,1.7990267
2481,HLA-A*03:01,esm2_mean,locus,0,1.0,13696,1.749199854809259,1.90939
2482,HLA-A*03:01,esm2_mean,locus,0,1.0,13696,0.26236426446749106,1.7759173
2483,HLA-A*03:01,esm2_mean,locus,0,1.0,13696,0.0,1.8679237
2484,HLA-A*03:01,esm2_mean,locus,0,1.0,13696,3.0349529867072724,2.0711043
2485,HLA-A*03:01,esm2_mean,locus,0,1.0,13696,2.3608540011180215,1.9643886
2486,HLA-A*03:01,esm2_mean,locus,0,1.0,13696,3.095577608523707,2.3443053
2487,HLA-A*03:01,esm2_mean,locus,0,1.0,13696,2.4932054526026954,1.9578295
2488,HLA-A*03:01,esm2_mean,locus,0,1.0,13696,1.0647107369924282,2.0972311
2489,HLA-A*03:01,esm2_mean,locus,0,1.0,13696,3.914021008090819,2.0652623
2490,HLA-A*03:01,esm2_mean,locus,0,1.0,13696,2.256541154492639,2.109859
2491,HLA-A*03:01,esm2_mean,locus,0,1.0,13696,1.7749523509116738,2.1608922
2492,HLA-A*03:01,esm2_mean,locus,0,1.0,13696,1.7404661748405046,2.1016028
2493,HLA-A*03:01,esm2_mean,locus,0,1.0,13696,2.302585092994046,2.0018704
2494,HLA-A*03:01,esm2_mean,locus,0,1.0,13696,2.0149030205422647,2.2470667
2495,HLA-A*03:01,esm2_mean,locus,0,1.0,13696,0.0,1.5698607
2496,HLA-A*03:01,esm2_mean,locus,0,1.0,13696,0.0,1.7604715
2497,HLA-A*03:01,esm2_mean,locus,0,1.0,13696,0.0,1.7404864
2498,HLA-A*03:01,esm2_mean,locus,0,1.0,13696,0.0,2.1188288
2499,HLA-A*03:01,esm2_mean,locus,0,1.0,13696,0.8754687373538999,1.8950608
2500,HLA-A*03:01,esm2_mean,locus,0,1.0,13696,0.0,1.9297984
2501,HLA-A*03:01,esm2_mean,locus,0,1.0,13696,0.0,1.6666073
2502,HLA-A*03:01,esm2_mean,locus,0,1.0,13696,0.0,1.8976698
2503,HLA-A*03:01,esm2_mean,locus,0,1.0,13696,0.0,1.6232443
2504,HLA-A*03:01,esm2_mean,locus,0,1.0,13696,0.0,1.7671815
2505,HLA-A*24:03,esm2_mean,locus,0,1.0,13696,1.5260563034950494,0.8456844
2506,HLA-A*24:03,esm2_mean,locus,0,1.0,13696,1.916922612182061,0.67867714
2507,HLA-A*24:03,esm2_mean,locus,0,1.0,13696,3.3068867021909143,0.5376972
2508,HLA-A*24:03,esm2_mean,locus,0,1.0,13696,1.252762968495368,0.7436435
2509,HLA-A*24:03,esm2_mean,locus,0,1.0,13696,3.55820113047182,0.5907769
2510,HLA-A*24:03,esm2_mean,locus,0,1.0,13696,3.735285826928092,0.9298584
2511,HLA-A*24:03,esm2_mean,locus,0,1.0,13696,2.917770732084279,1.1168516
2512,HLA-A*24:03,esm2_mean,locus,0,1.0,13696,3.5524868292083815,0.66472787
2513,HLA-A*24:03,esm2_mean,locus,0,1.0,13696,2.760009940032921,0.7460677
2514,HLA-A*24:03,esm2_mean,locus,0,1.0,13696,2.791165107812717,0.823317
2515,HLA-A*24:03,esm2_mean,locus,0,1.0,13696,3.716008121502189,0.9189124
2516,HLA-A*24:03,esm2_mean,locus,0,1.0,13696,3.2809112157876537,0.996475
2517,HLA-A*24:03,esm2_mean,locus,0,1.0,13696,3.6712245188752153,0.6976521
2518,HLA-A*24:03,esm2_mean,locus,0,1.0,13696,0.7884573603642702,0.6469357
2519,HLA-A*24:03,esm2_mean,locus,0,1.0,13696,3.367295829986474,0.6538658
2520,HLA-A*24:03,esm2_mean,locus,0,1.0,13696,2.975529566236472,0.8509766
2521,HLA-A*24:03,esm2_mean,locus,0,1.0,13696,3.8522730010223722,1.2196143
2522,HLA-A*24:03,esm2_mean,locus,0,1.0,13696,2.272125885509337,0.58028424
2523,HLA-A*24:03,esm2_mean,locus,0,1.0,13696,3.5524868292083815,0.885362
2524,HLA-A*24:03,esm2_mean,locus,0,1.0,13696,0.8754687373538999,0.69734573
2525,HLA-A*24:03,esm2_mean,locus,0,1.0,13696,0.4054651081081644,0.9231279
2526,HLA-A*24:03,esm2_mean,locus,0,1.0,13696,1.2237754316221157,0.42331678
2527,HLA-A*24:03,esm2_mean,locus,0,1.0,13696,2.3513752571634776,0.9964315
2528,HLA-A*24:03,esm2_mean,locus,0,1.0,13696,2.6602595372658615,0.95166445
2529,HLA-A*24:03,esm2_mean,locus,0,1.0,13696,0.5877866649021191,0.52220225
2530,HLA-A*24:03,esm2_mean,locus,0,1.0,13696,3.4242626545931514,0.83720636
2531,HLA-A*24:03,esm2_mean,locus,0,1.0,13696,2.740840023925201,0.94423026
2532,HLA-A*24:03,esm2_mean,locus,0,1.0,13696,0.7884573603642702,0.68321925
2533,HLA-A*24:03,esm2_mean,locus,0,1.0,13696,1.308332819650179,1.2272584
2534,HLA-A*24:03,esm2_mean,locus,0,1.0,13696,0.5306282510621704,0.9002287
2535,HLA-A*24:03,esm2_mean,locus,0,1.0,13696,0.9555114450274363,0.95008856
2536,HLA-A*24:03,esm2_mean,locus,0,1.0,13696,1.8082887711792655,1.0602496
2537,HLA-A*24:03,esm2_mean,locus,0,1.0,13696,3.8394523125933104,0.8144944
2538,HLA-A*24:03,esm2_mean,locus,0,1.0,13696,1.824549292051046,0.6169033
2539,HLA-A*24:03,esm2_mean,locus,0,1.0,13696,0.6931471805599453,0.65291834
2540,HLA-A*24:03,esm2_mean,locus,0,1.0,13696,0.7884573603642702,0.89063966
2541,HLA-A*24:03,esm2_mean,locus,0,1.0,13696,1.0647107369924282,0.65586257
2542,HLA-A*24:03,esm2_mean,locus,0,1.0,13696,0.33647223662121295,0.5779158
2543,HLA-A*24:03,esm2_mean,locus,0,1.0,13696,1.1939224684724346,0.5198093
2544,HLA-A*24:03,esm2_mean,locus,0,1.0,13696,1.7047480922384253,0.7091917
2545,HLA-A*24:03,esm2_mean,locus,0,1.0,13696,2.0918640616783932,0.3586045
2546,HLA-A*24:03,esm2_mean,locus,0,1.0,13696,3.0204248861443626,0.43166095
2547,HLA-A*24:03,esm2_mean,locus,0,1.0,13696,0.9555114450274363,0.6915428
2548,HLA-A*24:03,esm2_mean,locus,0,1.0,13696,1.3609765531356006,0.8467925
2549,HLA-A*24:03,esm2_mean,locus,0,1.0,13696,0.33647223662121295,0.6123757
2550,HLA-A*24:03,esm2_mean,locus,0,1.0,13696,0.7419373447293773,0.79380804
2551,HLA-A*24:03,esm2_mean,locus,0,1.0,13696,0.832909122935104,1.0703098
2552,HLA-A*24:03,esm2_mean,locus,0,1.0,13696,1.0986122886681098,0.6015352
2553,HLA-A*24:03,esm2_mean,locus,0,1.0,13696,0.33647223662121295,0.50138587
2554,HLA-A*24:03,esm2_mean,locus,0,1.0,13696,0.7419373447293773,0.5607759
2555,HLA-A*24:03,esm2_mean,locus,0,1.0,13696,2.7013612129514133,0.78030956
2556,HLA-A*24:03,esm2_mean,locus,0,1.0,13696,0.4700036292457355,0.2998554
2557,HLA-A*24:03,esm2_mean,locus,0,1.0,13696,2.5952547069568657,0.40033323
2558,HLA-A*24:03,esm2_mean,locus,0,1.0,13696,0.26236426446749106,0.6422185
2559,HLA-A*24:03,esm2_mean,locus,0,1.0,13696,0.26236426446749106,0.5459341
2560,HLA-A*24:03,esm2_mean,locus,0,1.0,13696,1.5040773967762742,0.8215116
2561,HLA-A*24:03,esm2_mean,locus,0,1.0,13696,0.7419373447293773,0.7999582
2562,HLA-A*24:03,esm2_mean,locus,0,1.0,13696,0.33647223662121295,0.36558783
2563,HLA-A*24:03,esm2_mean,locus,0,1.0,13696,0.26236426446749106,0.4814729
2564,HLA-A*24:03,esm2_mean,locus,0,1.0,13696,0.5877866649021191,0.48844492
2565,HLA-A*24:03,esm2_mean,locus,0,1.0,13696,0.4700036292457355,0.8804705
2566,HLA-A*24:03,esm2_mean,locus,0,1.0,13696,0.26236426446749106,0.48469648
2567,HLA-A*24:03,esm2_mean,locus,0,1.0,13696,0.4054651081081644,0.37889028
2568,HLA-A*24:03,esm2_mean,locus,0,1.0,13696,0.7884573603642702,0.73917615
2569,HLA-A*24:03,esm2_mean,locus,0,1.0,13696,0.5306282510621704,0.39439887
2570,HLA-A*24:03,esm2_mean,locus,0,1.0,13696,0.33647223662121295,0.6745006
2571,HLA-A*24:03,esm2_mean,locus,0,1.0,13696,1.589235205116581,0.6823336
2572,HLA-A*24:03,esm2_mean,locus,0,1.0,13696,0.9555114450274363,0.70623684
2573,HLA-A*24:03,esm2_mean,locus,0,1.0,13696,1.7578579175523736,0.89202774
2574,HLA-A*24:03,esm2_mean,locus,0,1.0,13696,0.4700036292457355,0.67932564
2575,HLA-A*24:03,esm2_mean,locus,0,1.0,13696,1.1314021114911006,0.8937524
2576,HLA-A*24:03,esm2_mean,locus,0,1.0,13696,0.18232155679395465,0.31396145
2577,HLA-A*24:03,esm2_mean,locus,0,1.0,13696,0.26236426446749106,0.7305722
2578,HLA-A*24:03,esm2_mean,locus,0,1.0,13696,0.26236426446749106,0.34456855
2579,HLA-A*24:03,esm2_mean,locus,0,1.0,13696,0.5306282510621704,0.6952136
2580,HLA-A*24:03,esm2_mean,locus,0,1.0,13696,0.26236426446749106,0.78772414
2581,HLA-A*24:03,esm2_mean,locus,0,1.0,13696,2.8154087194227095,0.52753234
2582,HLA-A*24:03,esm2_mean,locus,0,1.0,13696,0.18232155679395465,0.71829915
2583,HLA-A*24:03,esm2_mean,locus,0,1.0,13696,0.09531017980432487,0.7850151
2584,HLA-A*24:03,esm2_mean,locus,0,1.0,13696,0.18232155679395465,0.67306197
2585,HLA-A*24:03,esm2_mean,locus,0,1.0,13696,0.5877866649021191,1.0801327
2586,HLA-A*24:03,esm2_mean,locus,0,1.0,13696,0.26236426446749106,1.1981407
2587,HLA-A*24:03,esm2_mean,locus,0,1.0,13696,1.8718021769015913,0.61318064
2588,HLA-A*24:03,esm2_mean,locus,0,1.0,13696,0.33647223662121295,0.7250733
2589,HLA-A*24:03,esm2_mean,locus,0,1.0,13696,0.4054651081081644,0.79709685
2590,HLA-A*24:03,esm2_mean,locus,0,1.0,13696,0.832909122935104,0.3556319
2591,HLA-A*24:03,esm2_mean,locus,0,1.0,13696,2.2300144001592104,1.0046766
2592,HLA-A*24:03,esm2_mean,locus,0,1.0,13696,0.33647223662121295,0.6696286
2593,HLA-A*24:03,esm2_mean,locus,0,1.0,13696,1.7578579175523736,0.053291976
2594,HLA-A*24:03,esm2_mean,locus,0,1.0,13696,1.0986122886681098,0.711115
2595,HLA-A*24:03,esm2_mean,locus,0,1.0,13696,0.26236426446749106,0.9985716
2596,HLA-A*24:03,esm2_mean,locus,0,1.0,13696,0.26236426446749106,0.7840995
2597,HLA-A*24:03,esm2_mean,locus,0,1.0,13696,0.18232155679395465,0.8988353
2598,HLA-A*24:03,esm2_mean,locus,0,1.0,13696,3.5779478934066544,0.98831666
2599,HLA-A*24:03,esm2_mean,locus,0,1.0,13696,1.9315214116032138,0.81141955
2600,HLA-A*24:03,esm2_mean,locus,0,1.0,13696,2.760009940032921,0.1449861
2601,HLA-A*24:03,esm2_mean,locus,0,1.0,13696,2.2512917986064953,0.3427618
2602,HLA-A*26:01,esm2_mean,locus,0,1.0,13696,1.5686159179138452,0.26234233
2603,HLA-A*26:01,esm2_mean,locus,0,1.0,13696,3.2108436531709366,0.15992004
2604,HLA-A*26:01,esm2_mean,locus,0,1.0,13696,3.261935314328648,0.2619701
2605,HLA-A*26:01,esm2_mean,locus,0,1.0,13696,0.832909122935104,0.061050296
2606,HLA-A*26:01,esm2_mean,locus,0,1.0,13696,0.9162907318741551,-0.09214777
2607,HLA-A*26:01,esm2_mean,locus,0,1.0,13696,3.339321977944068,0.09774107
2608,HLA-A*26:01,esm2_mean,locus,0,1.0,13696,1.7227665977411035,0.25871927
2609,HLA-A*26:01,esm2_mean,locus,0,1.0,13696,2.772588722239781,0.17726457
2610,HLA-A*26:01,esm2_mean,locus,0,1.0,13696,3.7612001156935624,0.3412164
2611,HLA-A*26:01,esm2_mean,locus,0,1.0,13696,2.028148247292285,0.11527783
2612,HLA-A*26:01,esm2_mean,locus,0,1.0,13696,3.6270040503958487,0.2747956
2613,HLA-A*26:01,esm2_mean,locus,0,1.0,13696,2.028148247292285,0.25267774
2614,HLA-A*26:01,esm2_mean,locus,0,1.0,13696,2.066862759472976,0.14300472
2615,HLA-A*26:01,esm2_mean,locus,0,1.0,13696,1.4350845252893227,0.17541516
2616,HLA-A*26:01,esm2_mean,locus,0,1.0,13696,3.7999735016195233,0.053714097
2617,HLA-A*26:01,esm2_mean,locus,0,1.0,13696,0.6418538861723948,-0.06918126
2618,HLA-A*26:01,esm2_mean,locus,0,1.0,13696,2.60638654732571,0.15563446
2619,HLA-A*26:01,esm2_mean,locus,0,1.0,13696,2.5855058483441162,0.38033956
2620,HLA-A*26:01,esm2_mean,locus,0,1.0,13696,1.6486586255873816,0.2972451
2621,HLA-A*26:01,esm2_mean,locus,0,1.0,13696,1.7749523509116738,0.35874432
2622,HLA-A*26:01,esm2_mean,locus,0,1.0,13696,0.4700036292457355,0.30580002
2623,HLA-A*26:01,esm2_mean,locus,0,1.0,13696,2.509599262378372,0.30057925
2624,HLA-A*26:01,esm2_mean,locus,0,1.0,13696,1.252762968495368,0.46595174
2625,HLA-A*26:01,esm2_mean,locus,0,1.0,13696,0.26236426446749106,0.53845686
2626,HLA-A*26:01,esm2_mean,locus,0,1.0,13696,0.4054651081081644,0.48794958
2627,HLA-A*26:01,esm2_mean,locus,0,1.0,13696,0.26236426446749106,0.23269212
2628,HLA-A*26:01,esm2_mean,locus,0,1.0,13696,0.0,-0.047056496
2629,HLA-A*26:01,esm2_mean,locus,0,1.0,13696,0.5306282510621704,0.50950575
2630,HLA-A*26:01,esm2_mean,locus,0,1.0,13696,0.26236426446749106,0.31386727
2631,HLA-A*26:01,esm2_mean,locus,0,1.0,13696,0.18232155679395465,0.18556815
2632,HLA-A*26:01,esm2_mean,locus,0,1.0,13696,0.33647223662121295,0.28142625
2633,HLA-A*26:01,esm2_mean,locus,0,1.0,13696,0.18232155679395465,0.11550754
2634,HLA-A*26:01,esm2_mean,locus,0,1.0,13696,0.6418538861723948,0.21068734
2635,HLA-A*26:01,esm2_mean,locus,0,1.0,13696,0.18232155679395465,0.30341154
2636,HLA-A*26:01,esm2_mean,locus,0,1.0,13696,0.18232155679395465,0.17439252
2637,HLA-A*26:01,esm2_mean,locus,0,1.0,13696,0.33647223662121295,0.38888353
2638,HLA-A*26:01,esm2_mean,locus,0,1.0,13696,0.18232155679395465,0.5253516
2639,HLA-A*26:01,esm2_mean,locus,0,1.0,13696,0.4054651081081644,0.30881667
2640,HLA-A*26:01,esm2_mean,locus,0,1.0,13696,0.9555114450274363,-0.04936701
2641,HLA-A*26:01,esm2_mean,locus,0,1.0,13696,0.0,0.1468826
2642,HLA-A*26:01,esm2_mean,locus,0,1.0,13696,0.4700036292457355,0.4011882
2643,HLA-A*26:01,esm2_mean,locus,0,1.0,13696,0.33647223662121295,0.14640528
2644,HLA-A*26:01,esm2_mean,locus,0,1.0,13696,0.18232155679395465,0.34173954
2645,HLA-A*26:01,esm2_mean,locus,0,1.0,13696,0.0,0.057778656
2646,HLA-A*26:01,esm2_mean,locus,0,1.0,13696,0.26236426446749106,-0.017403543
2647,HLA-A*26:01,esm2_mean,locus,0,1.0,13696,1.4816045409242156,0.40336037
2648,HLA-A*26:01,esm2_mean,locus,0,1.0,13696,0.26236426446749106,0.15991223
2649,HLA-A*26:01,esm2_mean,locus,0,1.0,13696,0.33647223662121295,0.20716923
2650,HLA-A*26:01,esm2_mean,locus,0,1.0,13696,0.18232155679395465,0.11335325
3063,HLA-A*80:01,esm2_mean,locus,0,1.0,13696,0.0,0.08893186
3064,HLA-A*80:01,esm2_mean,locus,0,1.0,13696,0.0,0.28446692
3065,HLA-A*80:01,esm2_mean,locus,0,1.0,13696,0.0,-0.11118132
3066,HLA-A*80:01,esm2_mean,locus,0,1.0,13696,0.7419373447293773,-0.2230646
3067,HLA-A*80:01,esm2_mean,locus,0,1.0,13696,0.0,0.07977927
3068,HLA-A*80:01,esm2_mean,locus,0,1.0,13696,0.09531017980432487,-0.037072003
3069,HLA-A*80:01,esm2_mean,locus,0,1.0,13696,0.26236426446749106,-0.061206162
3070,HLA-A*80:01,esm2_mean,locus,0,1.0,13696,0.5306282510621704,0.028876007
3071,HLA-A*80:01,esm2_mean,locus,0,1.0,13696,0.0,0.052250326
3072,HLA-A*80:01,esm2_mean,locus,0,1.0,13696,0.4700036292457355,0.25186455
3073,HLA-A*80:01,esm2_mean,locus,0,1.0,13696,0.5877866649021191,0.19645
3074,HLA-A*80:01,esm2_mean,locus,0,1.0,13696,0.0,0.018046916
3075,HLA-A*80:01,esm2_mean,locus,0,1.0,13696,0.0,0.098279
3076,HLA-A*80:01,esm2_mean,locus,0,1.0,13696,0.33647223662121295,-0.26631325
3077,HLA-A*80:01,esm2_mean,locus,0,1.0,13696,0.9932517730102833,0.025550961
3078,HLA-A*80:01,esm2_mean,locus,0,1.0,13696,0.18232155679395465,0.1895687
3079,HLA-A*80:01,esm2_mean,locus,0,1.0,13696,0.0,-0.14546794
3080,HLA-A*80:01,esm2_mean,locus,0,1.0,13696,0.26236426446749106,0.100266516
3081,HLA-A*80:01,esm2_mean,locus,0,1.0,13696,0.7419373447293773,0.3293711
3082,HLA-A*80:01,esm2_mean,locus,0,1.0,13696,0.0,-0.103916705
3083,HLA-A*80:01,esm2_mean,locus,0,1.0,13696,0.0,-0.18430775
3084,HLA-A*80:01,esm2_mean,locus,0,1.0,13696,0.0,-0.076747
3085,HLA-A*80:01,esm2_mean,locus,0,1.0,13696,0.09531017980432487,-0.22396237
3086,HLA-A*80:01,esm2_mean,locus,0,1.0,13696,0.0,-0.012092233
3087,HLA-A*80:01,esm2_mean,locus,0,1.0,13696,0.0,-0.08450991
3088,HLA-A*80:01,esm2_mean,locus,0,1.0,13696,0.0,-0.0056254864
3089,HLA-A*80:01,esm2_mean,locus,0,1.0,13696,0.26236426446749106,0.36264223
3090,HLA-A*80:01,esm2_mean,locus,0,1.0,13696,0.0,-0.13044721
3091,HLA-A*02:01,esm2_mean,locus,0,1.0,13696,1.4586150226995167,1.9787095
3092,HLA-A*02:01,esm2_mean,locus,0,1.0,13696,1.7749523509116738,1.9766297
3093,HLA-A*02:01,esm2_mean,locus,0,1.0,13696,0.26236426446749106,1.5782683
3094,HLA-A*02:01,esm2_mean,locus,0,1.0,13696,2.272125885509337,1.9298785
3095,HLA-A*02:01,esm2_mean,locus,0,1.0,13696,0.5877866649021191,1.6248314
3096,HLA-A*02:01,esm2_mean,locus,0,1.0,13696,0.4054651081081644,1.7020851
3097,HLA-A*02:01,esm2_mean,locus,0,1.0,13696,0.832909122935104,1.6482911
3098,HLA-A*02:01,esm2_mean,locus,0,1.0,13696,0.18232155679395465,1.5224519
3099,HLA-A*02:01,esm2_mean,locus,0,1.0,13696,0.33647223662121295,1.6531713
3100,HLA-A*02:01,esm2_mean,locus,0,1.0,13696,2.954910279033736,1.4555215
3101,HLA-A*02:01,esm2_mean,locus,0,1.0,13696,2.028148247292285,1.7424831
3102,HLA-A*02:01,esm2_mean,locus,0,1.0,13696,0.5877866649021191,1.5498791
3103,HLA-A*02:01,esm2_mean,locus,0,1.0,13696,1.252762968495368,1.7525814
3104,HLA-A*02:01,esm2_mean,locus,0,1.0,13696,0.6931471805599453,1.889009
3105,HLA-A*02:01,esm2_mean,locus,0,1.0,13696,2.2192034840549946,1.8792515
3106,HLA-A*02:01,esm2_mean,locus,0,1.0,13696,0.4700036292457355,1.6636217
3107,HLA-A*02:01,esm2_mean,locus,0,1.0,13696,0.5877866649021191,1.5655898
3108,HLA-A*02:01,esm2_mean,locus,0,1.0,13696,0.4054651081081644,1.9550197
3109,HLA-A*02:01,esm2_mean,locus,0,1.0,13696,2.89591193827178,1.8480065
3110,HLA-A*02:01,esm2_mean,locus,0,1.0,13696,0.7419373447293773,1.7107129
3111,HLA-A*02:01,esm2_mean,locus,0,1.0,13696,0.5306282510621704,1.7118106
3112,HLA-A*02:11,esm2_mean,locus,0,1.0,13696,2.5494451709255714,1.5394425
3113,HLA-A*02:11,esm2_mean,locus,0,1.0,13696,1.1939224684724346,1.6777918
3114,HLA-A*02:11,esm2_mean,locus,0,1.0,13696,3.1986731175506815,1.4415662
3115,HLA-A*02:11,esm2_mean,locus,0,1.0,13696,1.791759469228055,1.6757116
3116,HLA-A*02:11,esm2_mean,locus,0,1.0,13696,3.0492730404820207,1.54709
3117,HLA-A*02:11,esm2_mean,locus,0,1.0,13696,2.341805806147327,1.5783348
3118,HLA-A*02:12,esm2_mean,locus,0,1.0,13696,1.916922612182061,1.2663316
3119,HLA-A*02:12,esm2_mean,locus,0,1.0,13696,0.7884573603642702,1.4046814
3120,HLA-A*02:12,esm2_mean,locus,0,1.0,13696,2.128231705849268,1.1684549
3121,HLA-A*02:12,esm2_mean,locus,0,1.0,13696,1.9600947840472698,1.4026011
3122,HLA-A*02:12,esm2_mean,locus,0,1.0,13696,3.1484533605716547,1.273979
3123,HLA-A*02:12,esm2_mean,locus,0,1.0,13696,1.2809338454620642,1.3052236
3124,HLA-A*02:16,esm2_mean,locus,0,1.0,13696,0.6418538861723948,1.7034082
3125,HLA-A*02:16,esm2_mean,locus,0,1.0,13696,2.2082744135228043,1.4671819
3126,HLA-A*02:16,esm2_mean,locus,0,1.0,13696,1.840549633397487,1.7013278
3127,HLA-A*02:16,esm2_mean,locus,0,1.0,13696,1.6863989535702288,1.60395
3128,HLA-A*02:19,esm2_mean,locus,0,1.0,13696,0.832909122935104,1.6686964
3129,HLA-A*02:19,esm2_mean,locus,0,1.0,13696,0.0,1.8070462
3130,HLA-A*02:19,esm2_mean,locus,0,1.0,13696,0.6931471805599453,1.5708208
3131,HLA-A*02:19,esm2_mean,locus,0,1.0,13696,1.1939224684724346,1.8049659
3132,HLA-A*02:19,esm2_mean,locus,0,1.0,13696,3.353406717825807,1.6763442
3133,HLA-A*02:19,esm2_mean,locus,0,1.0,13696,0.6931471805599453,1.7075887
3134,HLA-A*02:03,esm2_mean,locus,0,1.0,13696,0.5877866649021191,1.3955228
3135,HLA-A*02:03,esm2_mean,locus,0,1.0,13696,1.1314021114911006,1.533872
3136,HLA-A*02:03,esm2_mean,locus,0,1.0,13696,1.0647107369924282,1.5317919
3137,HLA-A*02:03,esm2_mean,locus,0,1.0,13696,0.26236426446749106,1.434414
3138,HLA-A*02:01,esm2_mean,locus,0,1.0,13696,2.5726122302071057,1.8403605
3139,HLA-A*02:01,esm2_mean,locus,0,1.0,13696,0.4054651081081644,1.653018
3140,HLA-A*02:01,esm2_mean,locus,0,1.0,13696,0.26236426446749106,1.8064922
3141,HLA-A*02:01,esm2_mean,locus,0,1.0,13696,0.09531017980432487,1.5312713
3142,HLA-A*02:11,esm2_mean,locus,0,1.0,13696,2.6602595372658615,1.3951019
3143,HLA-A*02:16,esm2_mean,locus,0,1.0,13696,1.791759469228055,1.5650587
3144,HLA-A*02:16,esm2_mean,locus,0,1.0,13696,3.1612467120315646,1.5727056
3234,HLA-A*02:01,esm2_mean,locus,0,1.0,13696,2.9338568698359038,1.8449349
3235,HLA-A*02:01,esm2_mean,locus,0,1.0,13696,2.70805020110221,1.5879271
3236,HLA-A*02:01,esm2_mean,locus,0,1.0,13696,0.33647223662121295,2.0030773
3237,HLA-A*02:01,esm2_mean,locus,0,1.0,13696,2.3608540011180215,1.6497037
3238,HLA-A*02:01,esm2_mean,locus,0,1.0,13696,3.169685580677429,1.9267523
3239,HLA-A*02:01,esm2_mean,locus,0,1.0,13696,1.9878743481543455,2.0014434
3240,HLA-A*02:01,esm2_mean,locus,0,1.0,13696,3.131136910560194,1.6246686
3241,HLA-A*02:01,esm2_mean,locus,0,1.0,13696,3.768152635008444,1.9294384
3242,HLA-A*02:01,esm2_mean,locus,0,1.0,13696,2.827313621929028,1.536052
3243,HLA-A*02:01,esm2_mean,locus,0,1.0,13696,3.417726683613366,1.6471612
3244,HLA-A*02:01,esm2_mean,locus,0,1.0,13696,1.7404661748405046,1.950351
3245,HLA-A*02:01,esm2_mean,locus,0,1.0,13696,1.252762968495368,1.4063044
3246,HLA-A*02:01,esm2_mean,locus,0,1.0,13696,3.713572066704308,2.016251
3247,HLA-A*02:01,esm2_mean,locus,0,1.0,13696,3.2846635654062037,1.749727
3248,HLA-A*02:01,esm2_mean,locus,0,1.0,13696,3.2809112157876537,1.8107485
3249,HLA-A*03:01,esm2_mean,locus,0,1.0,13696,0.9932517730102833,1.5340273
3250,HLA-A*03:01,esm2_mean,locus,0,1.0,13696,0.9555114450274363,1.7756445
3251,HLA-A*03:01,esm2_mean,locus,0,1.0,13696,0.18232155679395465,1.6991427
3252,HLA-A*03:01,esm2_mean,locus,0,1.0,13696,0.6418538861723948,1.8773904
3253,HLA-A*03:01,esm2_mean,locus,0,1.0,13696,0.33647223662121295,1.6641237
3254,HLA-A*03:01,esm2_mean,locus,0,1.0,13696,0.0,1.7889068
3255,HLA-A*03:01,esm2_mean,locus,0,1.0,13696,0.4054651081081644,1.9765319
3256,HLA-A*03:01,esm2_mean,locus,0,1.0,13696,0.6418538861723948,1.9775256
3257,HLA-A*03:01,esm2_mean,locus,0,1.0,13696,0.0,1.9644535
3258,HLA-A*03:01,esm2_mean,locus,0,1.0,13696,0.33647223662121295,1.9783683
3259,HLA-A*03:01,esm2_mean,locus,0,1.0,13696,4.631812116934513,2.2529292
3260,HLA-A*03:01,esm2_mean,locus,0,1.0,13696,4.070734696582967,2.000439
3261,HLA-A*03:01,esm2_mean,locus,0,1.0,13696,0.18232155679395465,1.980922
3262,HLA-A*03:01,esm2_mean,locus,0,1.0,13696,0.6931471805599453,1.6888382
3263,HLA-A*03:01,esm2_mean,locus,0,1.0,13696,0.4054651081081644,1.5773895
3264,HLA-A*03:01,esm2_mean,locus,0,1.0,13696,2.9444389791664403,1.8264704
3265,HLA-A*03:01,esm2_mean,locus,0,1.0,13696,0.09531017980432487,1.6699562
3266,HLA-A*03:01,esm2_mean,locus,0,1.0,13696,0.0,1.4495163
3267,HLA-A*03:01,esm2_mean,locus,0,1.0,13696,0.4054651081081644,2.0207138
3268,HLA-A*03:01,esm2_mean,locus,0,1.0,13696,0.0,1.8208936
3269,HLA-A*03:01,esm2_mean,locus,0,1.0,13696,1.1939224684724346,1.9187617
3270,HLA-A*03:01,esm2_mean,locus,0,1.0,13696,1.9740810260220096,1.8337193
3271,HLA-A*03:01,esm2_mean,locus,0,1.0,13696,2.9652730660692823,2.0569625
3272,HLA-A*03:01,esm2_mean,locus,0,1.0,13696,0.5306282510621704,1.9778166
3273,HLA-A*03:01,esm2_mean,locus,0,1.0,13696,1.0986122886681098,1.9971108
3274,HLA-A*03:01,esm2_mean,locus,0,1.0,13696,0.0,1.7245511
3275,HLA-A*03:01,esm2_mean,locus,0,1.0,13696,0.4054651081081644,1.9099028
3276,HLA-A*03:01,esm2_mean,locus,0,1.0,13696,0.4054651081081644,1.7635014
3277,HLA-A*03:01,esm2_mean,locus,0,1.0,13696,0.6931471805599453,1.7863996
3278,HLA-A*03:01,esm2_mean,locus,0,1.0,13696,0.4700036292457355,1.7009171
3279,HLA-A*03:01,esm2_mean,locus,0,1.0,13696,4.079230924412053,2.3365157
3280,HLA-A*03:01,esm2_mean,locus,0,1.0,13696,0.0,1.3070354
3281,HLA-A*03:01,esm2_mean,locus,0,1.0,13696,0.0,2.0865805
3282,HLA-A*03:01,esm2_mean,locus,0,1.0,13696,1.9740810260220096,1.6502441
3283,HLA-A*03:01,esm2_mean,locus,0,1.0,13696,0.0,2.1983194
3284,HLA-A*03:01,esm2_mean,locus,0,1.0,13696,0.832909122935104,1.8017573
3285,HLA-A*30:01,esm2_mean,locus,0,1.0,13696,0.0,1.3288122
3291,HLA-A*26:01,esm2_mean,locus,0,1.0,13696,3.0349529867072724,0.39984792
3292,HLA-A*26:01,esm2_mean,locus,0,1.0,13696,1.1939224684724346,0.40545863
3293,HLA-A*26:01,esm2_mean,locus,0,1.0,13696,3.265759410767051,0.09247595
3294,HLA-A*26:01,esm2_mean,locus,0,1.0,13696,2.6878474937846906,0.12600929
3295,HLA-A*26:01,esm2_mean,locus,0,1.0,13696,0.6418538861723948,0.42009002
3296,HLA-A*26:01,esm2_mean,locus,0,1.0,13696,1.2237754316221157,0.020589828
3297,HLA-A*26:01,esm2_mean,locus,0,1.0,13696,1.0986122886681098,0.1823858
3298,HLA-A*26:01,esm2_mean,locus,0,1.0,13696,0.4054651081081644,0.2158181
3299,HLA-A*26:01,esm2_mean,locus,0,1.0,13696,1.410986973710262,0.48799303
3300,HLA-A*26:01,esm2_mean,locus,0,1.0,13696,1.7227665977411035,0.249852
3301,HLA-A*26:01,esm2_mean,locus,0,1.0,13696,2.8678989020441064,0.019446492
3302,HLA-A*26:01,esm2_mean,locus,0,1.0,13696,1.9459101490553132,0.17957455
3303,HLA-A*26:01,esm2_mean,locus,0,1.0,13696,0.33647223662121295,0.2287429
3304,HLA-A*26:01,esm2_mean,locus,0,1.0,13696,1.5040773967762742,0.23050141
3305,HLA-A*26:01,esm2_mean,locus,0,1.0,13696,2.803360380906535,0.10929561
3306,HLA-A*26:01,esm2_mean,locus,0,1.0,13696,4.07753744390572,0.051024616
3307,HLA-A*26:01,esm2_mean,locus,0,1.0,13696,3.9318256327243257,0.08347422
3308,HLA-A*26:01,esm2_mean,locus,0,1.0,13696,1.0296194171811583,0.23239905
3309,HLA-A*26:01,esm2_mean,locus,0,1.0,13696,2.6100697927420065,0.09634632
3310,HLA-A*26:01,esm2_mean,locus,0,1.0,13696,1.6863989535702288,0.05410254
3311,HLA-A*26:01,esm2_mean,locus,0,1.0,13696,0.33647223662121295,0.42550987
3312,HLA-A*26:01,esm2_mean,locus,0,1.0,13696,2.6026896854443837,0.017675698
3313,HLA-A*26:01,esm2_mean,locus,0,1.0,13696,1.7227665977411035,0.22114533
3314,HLA-A*26:01,esm2_mean,locus,0,1.0,13696,0.6931471805599453,0.24922442
3315,HLA-A*26:01,esm2_mean,locus,0,1.0,13696,2.4336133554004498,0.23820072
3316,HLA-A*26:01,esm2_mean,locus,0,1.0,13696,2.501435951739211,0.08168733
3317,HLA-A*26:01,esm2_mean,locus,0,1.0,13696,1.824549292051046,0.28331923
3318,HLA-A*26:01,esm2_mean,locus,0,1.0,13696,0.832909122935104,0.23058861
3319,HLA-A*26:01,esm2_mean,locus,0,1.0,13696,1.0986122886681098,0.69476473
3320,HLA-A*26:01,esm2_mean,locus,0,1.0,13696,0.4054651081081644,0.26826286
3321,HLA-A*26:01,esm2_mean,locus,0,1.0,13696,0.26236426446749106,0.36273724
3322,HLA-A*26:01,esm2_mean,locus,0,1.0,13696,0.33647223662121295,0.39460516
3323,HLA-A*26:01,esm2_mean,locus,0,1.0,13696,0.4054651081081644,0.093856156
3324,HLA-A*26:01,esm2_mean,locus,0,1.0,13696,1.5260563034950494,0.25280118
3325,HLA-A*26:01,esm2_mean,locus,0,1.0,13696,0.33647223662121295,0.3235559
3326,HLA-A*26:01,esm2_mean,locus,0,1.0,13696,1.0647107369924282,0.5714724
3327,HLA-A*26:01,esm2_mean,locus,0,1.0,13696,0.4054651081081644,0.30331653
3328,HLA-A*26:01,esm2_mean,locus,0,1.0,13696,0.26236426446749106,0.26005435
3329,HLA-A*26:01,esm2_mean,locus,0,1.0,13696,0.6418538861723948,0.5397531
3330,HLA-A*26:01,esm2_mean,locus,0,1.0,13696,0.7419373447293773,0.5051098
3331,HLA-A*26:01,esm2_mean,locus,0,1.0,13696,1.1631508098056809,0.5508896
3332,HLA-A*26:01,esm2_mean,locus,0,1.0,13696,2.1041341542702074,0.19716
3333,HLA-A*26:01,esm2_mean,locus,0,1.0,13696,0.832909122935104,0.25786906
3334,HLA-A*26:01,esm2_mean,locus,0,1.0,13696,0.26236426446749106,0.274916
3335,HLA-A*26:01,esm2_mean,locus,0,1.0,13696,0.18232155679395465,0.14699835
3336,HLA-A*26:01,esm2_mean,locus,0,1.0,13696,0.26236426446749106,0.15896958
3337,HLA-A*26:01,esm2_mean,locus,0,1.0,13696,0.4700036292457355,0.23449141
3338,HLA-A*26:01,esm2_mean,locus,0,1.0,13696,1.410986973710262,0.09858316
3339,HLA-A*26:01,esm2_mean,locus,0,1.0,13696,0.832909122935104,0.15665889
3340,HLA-A*26:01,esm2_mean,locus,0,1.0,13696,0.0,-0.11011082
3341,HLA-A*26:01,esm2_mean,locus,0,1.0,13696,0.26236426446749106,0.22330761
3342,HLA-A*26:01,esm2_mean,locus,0,1.0,13696,0.4054651081081644,0.18780357
3343,HLA-A*26:01,esm2_mean,locus,0,1.0,13696,0.18232155679395465,0.38851553
3344,HLA-A*26:01,esm2_mean,locus,0,1.0,13696,0.26236426446749106,0.17563438
3345,HLA-A*26:01,esm2_mean,locus,0,1.0,13696,0.5306282510621704,0.115845025
3346,HLA-A*26:01,esm2_mean,locus,0,1.0,13696,0.26236426446749106,0.45626462
3347,HLA-A*26:01,esm2_mean,locus,0,1.0,13696,0.18232155679395465,0.44410318
3348,HLA-A*26:01,esm2_mean,locus,0,1.0,13696,0.18232155679395465,0.42315972
3349,HLA-A*26:01,esm2_mean,locus,0,1.0,13696,0.18232155679395465,0.36982888
3350,HLA-A*26:01,esm2_mean,locus,0,1.0,13696,0.09531017980432487,0.14830214
3351,HLA-A*26:01,esm2_mean,locus,0,1.0,13696,0.26236426446749106,0.5317372
3352,HLA-A*26:01,esm2_mean,locus,0,1.0,13696,0.26236426446749106,0.52005565
3353,HLA-A*26:01,esm2_mean,locus,0,1.0,13696,0.18232155679395465,0.25979668
3354,HLA-A*26:01,esm2_mean,locus,0,1.0,13696,0.18232155679395465,0.8532047
3355,HLA-A*26:01,esm2_mean,locus,0,1.0,13696,0.5877866649021191,0.69709754
3356,HLA-A*26:01,esm2_mean,locus,0,1.0,13696,0.18232155679395465,0.5950618
3357,HLA-A*26:01,esm2_mean,locus,0,1.0,13696,0.18232155679395465,0.1259504
3358,HLA-A*26:01,esm2_mean,locus,0,1.0,13696,0.18232155679395465,0.3895275
3359,HLA-A*26:01,esm2_mean,locus,0,1.0,13696,0.0,0.15452337
3360,HLA-A*26:01,esm2_mean,locus,0,1.0,13696,0.09531017980432487,0.36420578
3361,HLA-A*26:01,esm2_mean,locus,0,1.0,13696,0.09531017980432487,0.7346216
3362,HLA-A*26:01,esm2_mean,locus,0,1.0,13696,0.0,0.4774112
3363,HLA-A*26:01,esm2_mean,locus,0,1.0,13696,0.0,0.21863353
3364,HLA-A*26:01,esm2_mean,locus,0,1.0,13696,0.18232155679395465,0.18504101
3365,HLA-A*26:01,esm2_mean,locus,0,1.0,13696,0.09531017980432487,0.20416176
3366,HLA-A*26:01,esm2_mean,locus,0,1.0,13696,0.6931471805599453,0.34615052
3367,HLA-A*26:01,esm2_mean,locus,0,1.0,13696,1.0986122886681098,0.38723427
3368,HLA-A*26:02,esm2_mean,locus,0,1.0,13696,3.7400477406883357,-0.1529029
3369,HLA-A*26:02,esm2_mean,locus,0,1.0,13696,1.0296194171811583,-0.057766616
3370,HLA-A*26:02,esm2_mean,locus,0,1.0,13696,0.26236426446749106,-0.2579363
3371,HLA-A*26:02,esm2_mean,locus,0,1.0,13696,0.9932517730102833,-0.217861
3372,HLA-A*26:02,esm2_mean,locus,0,1.0,13696,0.26236426446749106,0.2528264
3373,HLA-A*26:02,esm2_mean,locus,0,1.0,13696,0.33647223662121295,-0.026109993
3374,HLA-A*26:02,esm2_mean,locus,0,1.0,13696,1.6486586255873816,-0.12225264
3375,HLA-A*26:02,esm2_mean,locus,0,1.0,13696,2.7013612129514133,-0.026233733
3376,HLA-A*26:02,esm2_mean,locus,0,1.0,13696,0.0,0.186611
3377,HLA-A*26:02,esm2_mean,locus,0,1.0,13696,0.832909122935104,-0.01656872
3378,HLA-A*26:02,esm2_mean,locus,0,1.0,13696,1.4586150226995167,0.018333852
3379,HLA-A*26:02,esm2_mean,locus,0,1.0,13696,0.9162907318741551,-0.02968651
3380,HLA-A*26:02,esm2_mean,locus,0,1.0,13696,3.6000482404073204,0.07983321
3381,HLA-A*26:02,esm2_mean,locus,0,1.0,13696,0.9555114450274363,-0.25832087
3382,HLA-A*26:02,esm2_mean,locus,0,1.0,13696,0.832909122935104,-0.04441923
3383,HLA-A*26:02,esm2_mean,locus,0,1.0,13696,0.6931471805599453,-0.20486599
3384,HLA-A*26:02,esm2_mean,locus,0,1.0,13696,3.4995332823830174,-0.0041160583
3385,HLA-A*26:02,esm2_mean,locus,0,1.0,13696,3.139832617527748,0.06230569
3386,HLA-A*26:02,esm2_mean,locus,0,1.0,13696,0.0,-0.13060898
3387,HLA-A*26:02,esm2_mean,locus,0,1.0,13696,3.427514689979529,-0.029058754
3388,HLA-A*26:02,esm2_mean,locus,0,1.0,13696,2.91235066461494,-0.11899048
3389,HLA-A*26:02,esm2_mean,locus,0,1.0,13696,1.0986122886681098,0.10960466
3390,HLA-A*26:02,esm2_mean,locus,0,1.0,13696,0.5877866649021191,0.021668315
3391,HLA-A*26:02,esm2_mean,locus,0,1.0,13696,3.6988297849671046,-0.19543606
3392,HLA-A*26:02,esm2_mean,locus,0,1.0,13696,3.0007198150650303,-0.10164648
3393,HLA-A*26:02,esm2_mean,locus,0,1.0,13696,1.9315214116032138,-0.19722396
3394,HLA-A*26:02,esm2_mean,locus,0,1.0,13696,1.5260563034950494,-0.18256515
3395,HLA-A*26:02,esm2_mean,locus,0,1.0,13696,0.4700036292457355,-0.18032807
3396,HLA-A*26:02,esm2_mean,locus,0,1.0,13696,1.5260563034950494,-0.3710583
3397,HLA-A*26:02,esm2_mean,locus,0,1.0,13696,1.62924053973028,-0.3480913
3398,HLA-A*26:02,esm2_mean,locus,0,1.0,13696,2.388762789235098,-0.16363305
3399,HLA-A*26:02,esm2_mean,locus,0,1.0,13696,3.7909846770510898,-0.22788674
3400,HLA-A*26:02,esm2_mean,locus,0,1.0,13696,2.740840023925201,-0.099336684
3401,HLA-A*26:02,esm2_mean,locus,0,1.0,13696,3.1570004211501135,-0.26123518
3402,HLA-A*26:02,esm2_mean,locus,0,1.0,13696,3.7819143200811256,-0.18643469
3403,HLA-A*26:02,esm2_mean,locus,0,1.0,13696,3.1986731175506815,-0.22480804
3404,HLA-A*26:02,esm2_mean,locus,0,1.0,13696,2.066862759472976,-0.10349542
3405,HLA-A*26:02,esm2_mean,locus,0,1.0,13696,1.6094379124341003,-0.02019149
3406,HLA-A*26:02,esm2_mean,locus,0,1.0,13696,0.5306282510621704,-0.08175069
3407,HLA-A*26:02,esm2_mean,locus,0,1.0,13696,2.5416019934645457,-0.09652561
3408,HLA-A*26:02,esm2_mean,locus,0,1.0,13696,3.214867803470662,0.2090823
3409,HLA-A*26:02,esm2_mean,locus,0,1.0,13696,2.5257286443082556,-0.25946444
3410,HLA-A*26:02,esm2_mean,locus,0,1.0,13696,3.2809112157876537,-0.18117028
3411,HLA-A*26:02,esm2_mean,locus,0,1.0,13696,2.341805806147327,-0.046512067
3412,HLA-A*26:02,esm2_mean,locus,0,1.0,13696,3.0587070727153796,0.10832256
3413,HLA-A*26:02,esm2_mean,locus,0,1.0,13696,0.4054651081081644,0.14659888
3414,HLA-A*26:02,esm2_mean,locus,0,1.0,13696,0.9162907318741551,-0.328278
3415,HLA-A*26:02,esm2_mean,locus,0,1.0,13696,0.4700036292457355,-0.060397685
3416,HLA-A*26:02,esm2_mean,locus,0,1.0,13696,0.26236426446749106,0.25954533
3417,HLA-A*26:02,esm2_mean,locus,0,1.0,13696,0.5877866649021191,-0.050168455
3418,HLA-A*26:02,esm2_mean,locus,0,1.0,13696,0.26236426446749106,0.20903838
3419,HLA-A*26:02,esm2_mean,locus,0,1.0,13696,3.2771447329921766,-0.048408926
3420,HLA-A*26:02,esm2_mean,locus,0,1.0,13696,2.151762203259462,-0.11994165
3421,HLA-A*26:02,esm2_mean,locus,0,1.0,13696,0.4054651081081644,-0.16340405
3422,HLA-A*26:02,esm2_mean,locus,0,1.0,13696,0.26236426446749106,0.11893684
3423,HLA-A*26:02,esm2_mean,locus,0,1.0,13696,2.6026896854443837,0.14117926
3424,HLA-A*26:02,esm2_mean,locus,0,1.0,13696,2.4765384001174837,0.12654859
3425,HLA-A*26:02,esm2_mean,locus,0,1.0,13696,0.4054651081081644,-0.18505555
3426,HLA-A*26:02,esm2_mean,locus,0,1.0,13696,0.26236426446749106,0.034956396
3427,HLA-A*26:02,esm2_mean,locus,0,1.0,13696,3.242592351485517,-0.123277605
3428,HLA-A*26:02,esm2_mean,locus,0,1.0,13696,0.18232155679395465,0.11061674
3429,HLA-A*26:02,esm2_mean,locus,0,1.0,13696,0.18232155679395465,0.08382636
3430,HLA-A*26:02,esm2_mean,locus,0,1.0,13696,3.7977338590260183,0.12093651
3431,HLA-A*26:02,esm2_mean,locus,0,1.0,13696,1.308332819650179,0.18704051
3432,HLA-A*26:02,esm2_mean,locus,0,1.0,13696,0.4054651081081644,0.22619909
3433,HLA-A*26:02,esm2_mean,locus,0,1.0,13696,0.26236426446749106,-0.09334332
3434,HLA-A*26:02,esm2_mean,locus,0,1.0,13696,0.33647223662121295,0.19768184
3435,HLA-A*26:02,esm2_mean,locus,0,1.0,13696,0.4700036292457355,0.024501383
3436,HLA-A*26:02,esm2_mean,locus,0,1.0,13696,1.0986122886681098,0.06723839
3437,HLA-A*26:02,esm2_mean,locus,0,1.0,13696,0.4054651081081644,0.4181866
3438,HLA-A*26:02,esm2_mean,locus,0,1.0,13696,0.7419373447293773,-0.018856108
3439,HLA-A*26:02,esm2_mean,locus,0,1.0,13696,1.0986122886681098,0.03022188
3440,HLA-A*26:02,esm2_mean,locus,0,1.0,13696,0.5877866649021191,-0.016940415
3441,HLA-A*26:02,esm2_mean,locus,0,1.0,13696,1.840549633397487,-0.16306621
3442,HLA-A*26:02,esm2_mean,locus,0,1.0,13696,0.5306282510621704,0.29256076
3443,HLA-A*26:02,esm2_mean,locus,0,1.0,13696,0.5306282510621704,0.04464519
3444,HLA-A*26:02,esm2_mean,locus,0,1.0,13696,1.1939224684724346,-0.063093245
3445,HLA-A*26:02,esm2_mean,locus,0,1.0,13696,0.33647223662121295,-0.29631478
3446,HLA-A*26:02,esm2_mean,locus,0,1.0,13696,1.1939224684724346,0.0044089556
3447,HLA-A*26:02,esm2_mean,locus,0,1.0,13696,0.4054651081081644,-0.091107786
3448,HLA-A*26:02,esm2_mean,locus,0,1.0,13696,0.0,-0.13081926
3449,HLA-A*26:02,esm2_mean,locus,0,1.0,13696,3.7232808808312687,0.005742848
3450,HLA-A*26:03,esm2_mean,locus,0,1.0,13696,2.186051276738094,0.68957704
3451,HLA-A*26:03,esm2_mean,locus,0,1.0,13696,4.244200317766478,0.51108134
3452,HLA-A*26:03,esm2_mean,locus,0,1.0,13696,1.2237754316221157,0.44705307
3453,HLA-A*26:03,esm2_mean,locus,0,1.0,13696,1.2237754316221157,0.7844601
3454,HLA-A*26:03,esm2_mean,locus,0,1.0,13696,3.3214324131932926,0.48170924
3455,HLA-A*26:03,esm2_mean,locus,0,1.0,13696,3.349904087274605,0.5536146
3456,HLA-A*26:03,esm2_mean,locus,0,1.0,13696,0.8754687373538999,0.624767
3457,HLA-A*26:03,esm2_mean,locus,0,1.0,13696,0.4054651081081644,0.7109257
3458,HLA-A*26:03,esm2_mean,locus,0,1.0,13696,0.18232155679395465,0.44858128
3459,HLA-A*26:03,esm2_mean,locus,0,1.0,13696,0.09531017980432487,0.31749523
3460,HLA-A*26:03,esm2_mean,locus,0,1.0,13696,0.18232155679395465,0.6043566
3461,HLA-A*26:03,esm2_mean,locus,0,1.0,13696,0.0,0.5759087
3462,HLA-A*26:03,esm2_mean,locus,0,1.0,13696,0.0,0.5111618
3463,HLA-A*26:03,esm2_mean,locus,0,1.0,13696,0.18232155679395465,0.8371849
3464,HLA-A*26:03,esm2_mean,locus,0,1.0,13696,0.0,0.65169114
3465,HLA-A*26:03,esm2_mean,locus,0,1.0,13696,3.86702563949741,0.5092931
3466,HLA-A*26:03,esm2_mean,locus,0,1.0,13696,0.26236426446749106,0.68766177
3634,HLA-A*01:01,esm2_mean,locus,0,1.0,13696,0.18232155679395465,0.6378736
3635,HLA-A*01:01,esm2_mean,locus,0,1.0,13696,1.4350845252893227,0.5198516
3636,HLA-A*01:01,esm2_mean,locus,0,1.0,13696,0.33647223662121295,0.40094543
3637,HLA-A*01:01,esm2_mean,locus,0,1.0,13696,0.5877866649021191,0.6855516
3638,HLA-A*01:01,esm2_mean,locus,0,1.0,13696,0.33647223662121295,0.52471614
3639,HLA-A*01:01,esm2_mean,locus,0,1.0,13696,0.33647223662121295,0.5928207
3640,HLA-A*01:01,esm2_mean,locus,0,1.0,13696,1.840549633397487,0.5314413
3641,HLA-A*01:01,esm2_mean,locus,0,1.0,13696,3.8308129500026027,0.6335782
3642,HLA-A*01:01,esm2_mean,locus,0,1.0,13696,0.4700036292457355,0.40391248
3643,HLA-A*01:01,esm2_mean,locus,0,1.0,13696,0.7884573603642702,0.59887844
3644,HLA-A*01:01,esm2_mean,locus,0,1.0,13696,3.9945242269398897,0.32518917
3645,HLA-A*01:01,esm2_mean,locus,0,1.0,13696,1.8870696490323797,0.53548706
3646,HLA-A*02:01,esm2_mean,locus,0,1.0,13696,2.975529566236472,1.8739152
3647,HLA-A*02:01,esm2_mean,locus,0,1.0,13696,2.312535423847214,1.8738
3648,HLA-A*02:01,esm2_mean,locus,0,1.0,13696,3.1570004211501135,1.5399475
3649,HLA-A*02:01,esm2_mean,locus,0,1.0,13696,1.0296194171811583,1.9043947
3650,HLA-A*02:01,esm2_mean,locus,0,1.0,13696,3.535145354171894,1.8322403
3652,HLA-A*02:01,esm2_mean,locus,0,1.0,13696,2.5257286443082556,1.7507927
3653,HLA-A*02:01,esm2_mean,locus,0,1.0,13696,3.1570004211501135,1.7947822
3655,HLA-A*02:01,esm2_mean,locus,0,1.0,13696,2.856470206220483,1.679878
3656,HLA-A*02:01,esm2_mean,locus,0,1.0,13696,3.4372078191851885,1.8691187
3659,HLA-A*02:01,esm2_mean,locus,0,1.0,13696,3.258096538021482,1.6510057
3660,HLA-A*02:01,esm2_mean,locus,0,1.0,13696,3.8022081394209395,1.7118022
3661,HLA-A*02:01,esm2_mean,locus,0,1.0,13696,3.261935314328648,1.4471964
3662,HLA-A*02:01,esm2_mean,locus,0,1.0,13696,2.681021528714291,1.7278003
3665,HLA-A*02:01,esm2_mean,locus,0,1.0,13696,1.8562979903656263,1.6058261
3666,HLA-A*02:01,esm2_mean,locus,0,1.0,13696,3.6454498961866,1.9149101
3667,HLA-A*02:01,esm2_mean,locus,0,1.0,13696,3.054001181677967,1.7828078
3668,HLA-A*02:01,esm2_mean,locus,0,1.0,13696,2.322387720290225,1.7075595
3671,HLA-A*02:01,esm2_mean,locus,0,1.0,13696,3.332204510175204,2.0315378
3673,HLA-A*02:01,esm2_mean,locus,0,1.0,13696,1.5040773967762742,1.9862037
3674,HLA-A*02:01,esm2_mean,locus,0,1.0,13696,0.6931471805599453,1.6357524
3680,HLA-A*02:01,esm2_mean,locus,0,1.0,13696,1.2237754316221157,1.7024782
3685,HLA-A*02:01,esm2_mean,locus,0,1.0,13696,2.681021528714291,2.139754
3691,HLA-A*02:01,esm2_mean,locus,0,1.0,13696,2.833213344056216,1.6643025
3692,HLA-A*03:01,esm2_mean,locus,0,1.0,13696,3.8372994592322094,1.9453733
3693,HLA-A*02:01,esm2_mean,locus,0,1.0,13696,3.292126286607793,1.8168895
3697,HLA-A*02:01,esm2_mean,locus,0,1.0,13696,0.5877866649021191,1.7709892
3699,HLA-A*02:01,esm2_mean,locus,0,1.0,13696,1.9315214116032138,1.5225121
3701,HLA-A*03:01,esm2_mean,locus,0,1.0,13696,2.884800712846709,2.0206962
3704,HLA-A*02:01,esm2_mean,locus,0,1.0,13696,3.58351893845611,1.9708743
3718,HLA-A*03:01,esm2_mean,locus,0,1.0,13696,1.0647107369924282,1.6882317
3721,HLA-A*03:01,esm2_mean,locus,0,1.0,13696,1.1314021114911006,1.872839
3731,HLA-A*03:01,esm2_mean,locus,0,1.0,13696,0.4054651081081644,1.7049091
3735,HLA-A*03:01,esm2_mean,locus,0,1.0,13696,1.410986973710262,1.7424934
3736,HLA-A*03:01,esm2_mean,locus,0,1.0,13696,0.8754687373538999,1.721453
3737,HLA-A*03:01,esm2_mean,locus,0,1.0,13696,3.1441522786722644,1.7316873
3739,HLA-A*03:01,esm2_mean,locus,0,1.0,13696,1.2809338454620642,1.6464822
3741,HLA-A*03:01,esm2_mean,locus,0,1.0,13696,1.8562979903656263,1.864732
3745,HLA-A*03:01,esm2_mean,locus,0,1.0,13696,0.832909122935104,1.7637196
3746,HLA-A*03:01,esm2_mean,locus,0,1.0,13696,1.916922612182061,1.9054778
3748,HLA-A*03:01,esm2_mean,locus,0,1.0,13696,1.0986122886681098,1.8180754
3750,HLA-A*03:01,esm2_mean,locus,0,1.0,13696,2.8449093838194073,1.6286073
3752,HLA-A*03:01,esm2_mean,locus,0,1.0,13696,1.7578579175523736,2.0379884
3753,HLA-A*03:01,esm2_mean,locus,0,1.0,13696,3.3603753871419,2.0616496
3754,HLA-A*03:01,esm2_mean,locus,0,1.0,13696,4.027135812528651,2.2083175
3755,HLA-A*03:01,esm2_mean,locus,0,1.0,13696,0.4700036292457355,1.545346
3758,HLA-A*03:01,esm2_mean,locus,0,1.0,13696,1.4586150226995167,1.9947572
3759,HLA-A*03:01,esm2_mean,locus,0,1.0,13696,1.3862943611198906,1.8688056
3760,HLA-A*03:01,esm2_mean,locus,0,1.0,13696,1.916922612182061,1.8750193
3762,HLA-A*03:01,esm2_mean,locus,0,1.0,13696,1.6863989535702288,1.9558792
3763,HLA-A*03:01,esm2_mean,locus,0,1.0,13696,3.1822118404966093,2.1909008
3764,HLA-A*03:01,esm2_mean,locus,0,1.0,13696,2.533696813957432,1.8933296
3766,HLA-A*03:01,esm2_mean,locus,0,1.0,13696,2.0412203288596382,2.1667705
3767,HLA-A*03:01,esm2_mean,locus,0,1.0,13696,0.6931471805599453,1.7533906
3769,HLA-A*02:01,esm2_mean,locus,0,1.0,13696,1.9021075263969205,1.6346018
3770,HLA-A*03:01,esm2_mean,locus,0,1.0,13696,1.791759469228055,1.6478345
3771,HLA-A*03:01,esm2_mean,locus,0,1.0,13696,1.667706820558076,2.2540352
3772,HLA-A*03:01,esm2_mean,locus,0,1.0,13696,1.410986973710262,1.622566
3773,HLA-A*03:01,esm2_mean,locus,0,1.0,13696,3.5467396869528134,1.8184009
3775,HLA-A*03:01,esm2_mean,locus,0,1.0,13696,1.8870696490323797,1.5688818
3776,HLA-A*03:01,esm2_mean,locus,0,1.0,13696,3.3603753871419,2.063022
3777,HLA-A*03:01,esm2_mean,locus,0,1.0,13696,3.758871825933971,1.8262742
3778,HLA-A*03:01,esm2_mean,locus,0,1.0,13696,0.6418538861723948,1.7374296
3781,HLA-A*03:01,esm2_mean,locus,0,1.0,13696,0.33647223662121295,1.8348255
3782,HLA-A*03:01,esm2_mean,locus,0,1.0,13696,0.9932517730102833,2.0422142
3784,HLA-A*03:01,esm2_mean,locus,0,1.0,13696,0.18232155679395465,1.789109
3785,HLA-A*03:01,esm2_mean,locus,0,1.0,13696,0.6931471805599453,2.0259147
3788,HLA-A*03:01,esm2_mean,locus,0,1.0,13696,0.33647223662121295,1.8198326
3790,HLA-A*03:01,esm2_mean,locus,0,1.0,13696,0.9555114450274363,1.8731999
3791,HLA-A*03:01,esm2_mean,locus,0,1.0,13696,3.910021002757473,1.8716674
3792,HLA-A*03:01,esm2_mean,locus,0,1.0,13696,0.26236426446749106,1.6039886
3793,HLA-A*03:01,esm2_mean,locus,0,1.0,13696,0.33647223662121295,1.7667081
3795,HLA-A*03:01,esm2_mean,locus,0,1.0,13696,0.7419373447293773,1.7624413
3797,HLA-A*03:01,esm2_mean,locus,0,1.0,13696,1.791759469228055,1.8193607
3798,HLA-A*03:01,esm2_mean,locus,0,1.0,13696,0.9932517730102833,1.7523048
3799,HLA-A*03:01,esm2_mean,locus,0,1.0,13696,0.18232155679395465,1.8801105
3802,HLA-A*03:01,esm2_mean,locus,0,1.0,13696,1.547562508716013,2.0440476
3804,HLA-A*03:01,esm2_mean,locus,0,1.0,13696,0.26236426446749106,1.9279704
3805,HLA-A*03:01,esm2_mean,locus,0,1.0,13696,0.7419373447293773,1.519876
3807,HLA-A*03:01,esm2_mean,locus,0,1.0,13696,3.4904285153900982,2.2027278
3808,HLA-A*03:01,esm2_mean,locus,0,1.0,13696,0.4700036292457355,1.9746535
3809,HLA-A*03:01,esm2_mean,locus,0,1.0,13696,1.824549292051046,2.0551183
3810,HLA-A*03:01,esm2_mean,locus,0,1.0,13696,0.9932517730102833,2.2061648
3811,HLA-A*03:01,esm2_mean,locus,0,1.0,13696,3.3068867021909143,1.9565017
3812,HLA-A*03:01,esm2_mean,locus,0,1.0,13696,0.5306282510621704,2.1621926
3813,HLA-A*03:01,esm2_mean,locus,0,1.0,13696,0.26236426446749106,1.7871399
3814,HLA-A*03:01,esm2_mean,locus,0,1.0,13696,0.4700036292457355,1.9363369
3815,HLA-A*03:01,esm2_mean,locus,0,1.0,13696,0.0,1.6864753
3816,HLA-A*03:01,esm2_mean,locus,0,1.0,13696,0.0,1.8909802
3818,HLA-A*02:01,esm2_mean,locus,0,1.0,13696,3.543853682063679,1.6337044
3819,HLA-A*02:01,esm2_mean,locus,0,1.0,13696,2.7212954278522306,1.6427963
3820,HLA-A*02:01,esm2_mean,locus,0,1.0,13696,3.254242968705492,1.5251677
3821,HLA-A*02:01,esm2_mean,locus,0,1.0,13696,2.8678989020441064,1.9778712
3822,HLA-A*02:01,esm2_mean,locus,0,1.0,13696,2.5726122302071057,1.5576972
3823,HLA-A*02:01,esm2_mean,locus,0,1.0,13696,0.0,1.8577871
3824,HLA-A*02:01,esm2_mean,locus,0,1.0,13696,0.0,1.820199
3825,HLA-A*02:01,esm2_mean,locus,0,1.0,13696,0.0,1.5317028
3826,HLA-A*02:01,esm2_mean,locus,0,1.0,13696,0.0,1.5720904
3827,HLA-A*02:01,esm2_mean,locus,0,1.0,13696,0.0,1.5385628
3828,HLA-A*03:01,esm2_mean,locus,0,1.0,13696,0.0,1.7895069
3829,HLA-A*03:01,esm2_mean,locus,0,1.0,13696,1.5686159179138452,2.0639286
3830,HLA-A*03:01,esm2_mean,locus,0,1.0,13696,0.0,1.9780278
3831,HLA-A*03:01,esm2_mean,locus,0,1.0,13696,0.0,1.7338448
3834,HLA-A*02:01,esm2_mean,locus,0,1.0,13696,2.0918640616783932,1.857271
3835,HLA-A*02:03,esm2_mean,locus,0,1.0,13696,0.0,1.4124336
3836,HLA-A*02:11,esm2_mean,locus,0,1.0,13696,1.1631508098056809,1.5563536
3837,HLA-A*02:12,esm2_mean,locus,0,1.0,13696,1.547562508716013,1.2832432
3838,HLA-A*02:16,esm2_mean,locus,0,1.0,13696,1.547562508716013,1.5819695
3839,HLA-A*02:19,esm2_mean,locus,0,1.0,13696,0.6931471805599453,1.6856081
3840,HLA-A*02:03,esm2_mean,locus,0,1.0,13696,2.6946271807700692,1.4031695
3841,HLA-A*02:01,esm2_mean,locus,0,1.0,13696,3.2308043957334744,1.63947
3842,HLA-A*02:01,esm2_mean,locus,0,1.0,13696,3.0106208860477417,1.6733012
3843,HLA-A*02:01,esm2_mean,locus,0,1.0,13696,3.3105430133940246,1.8617578
3844,HLA-A*02:01,esm2_mean,locus,0,1.0,13696,3.258096538021482,1.9194634
3845,HLA-A*02:01,esm2_mean,locus,0,1.0,13696,2.653241964607215,1.676298
3846,HLA-A*02:01,esm2_mean,locus,0,1.0,13696,0.6418538861723948,1.7034078
3847,HLA-A*02:01,esm2_mean,locus,0,1.0,13696,1.0296194171811583,1.7042955
3848,HLA-A*02:01,esm2_mean,locus,0,1.0,13696,2.827313621929028,1.9201593
3849,HLA-A*02:01,esm2_mean,locus,0,1.0,13696,3.3214324131932926,1.6439668
3850,HLA-A*02:01,esm2_mean,locus,0,1.0,13696,1.252762968495368,1.6473069
3851,HLA-A*02:01,esm2_mean,locus,0,1.0,13696,0.7419373447293773,1.869312
3852,HLA-A*02:01,esm2_mean,locus,0,1.0,13696,1.7749523509116738,1.9885547
3853,HLA-A*02:01,esm2_mean,locus,0,1.0,13696,3.370738174177447,1.9619211
3854,HLA-A*02:01,esm2_mean,locus,0,1.0,13696,1.3862943611198906,2.1686876
3855,HLA-A*02:01,esm2_mean,locus,0,1.0,13696,3.5085558999826545,1.7062986
3856,HLA-A*02:01,esm2_mean,locus,0,1.0,13696,2.3978952727983707,1.4103688
3857,HLA-A*02:01,esm2_mean,locus,0,1.0,13696,2.8390784635086144,1.5261606
3858,HLA-A*02:01,esm2_mean,locus,0,1.0,13696,3.2386784521643803,1.2813079
3859,HLA-A*02:01,esm2_mean,locus,0,1.0,13696,2.9856819377004897,1.6899923
3860,HLA-A*02:01,esm2_mean,locus,0,1.0,13696,1.791759469228055,1.6888629
3861,HLA-A*02:01,esm2_mean,locus,0,1.0,13696,2.151762203259462,1.7597725
3990,HLA-A*02:01,esm2_mean,locus,0,1.0,13696,2.028148247292285,1.5556817
3991,HLA-A*02:01,esm2_mean,locus,0,1.0,13696,2.533696813957432,1.619297
3992,HLA-A*02:01,esm2_mean,locus,0,1.0,13696,2.4849066497880004,1.634037
3993,HLA-A*02:01,esm2_mean,locus,0,1.0,13696,3.2228678461377385,1.7019712
3994,HLA-A*02:01,esm2_mean,locus,0,1.0,13696,0.4700036292457355,1.8813772
3995,HLA-A*02:01,esm2_mean,locus,0,1.0,13696,0.5306282510621704,1.392302
3996,HLA-A*02:01,esm2_mean,locus,0,1.0,13696,0.9162907318741551,1.9572184
3997,HLA-A*02:01,esm2_mean,locus,0,1.0,13696,0.9162907318741551,1.7079482
3998,HLA-A*24:03,esm2_mean,locus,0,1.0,13696,0.18232155679395465,0.64332944
3999,HLA-A*24:03,esm2_mean,locus,0,1.0,13696,1.9021075263969205,0.67574596
4000,HLA-A*24:03,esm2_mean,locus,0,1.0,13696,0.4054651081081644,0.7628532
4001,HLA-A*24:03,esm2_mean,locus,0,1.0,13696,3.586292865338835,0.74994487
4002,HLA-A*24:03,esm2_mean,locus,0,1.0,13696,0.4054651081081644,0.99921846
4003,HLA-A*24:03,esm2_mean,locus,0,1.0,13696,3.3603753871419,0.7765981
4004,HLA-A*24:03,esm2_mean,locus,0,1.0,13696,0.5877866649021191,0.896986
4005,HLA-A*24:03,esm2_mean,locus,0,1.0,13696,0.7884573603642702,0.93789256
4006,HLA-A*24:03,esm2_mean,locus,0,1.0,13696,0.9555114450274363,0.8583496
4007,HLA-A*24:03,esm2_mean,locus,0,1.0,13696,0.7884573603642702,0.84397256
4008,HLA-A*24:03,esm2_mean,locus,0,1.0,13696,0.6931471805599453,0.8185048
4009,HLA-A*24:03,esm2_mean,locus,0,1.0,13696,1.2809338454620642,0.7514682
4010,HLA-A*24:03,esm2_mean,locus,0,1.0,13696,2.312535423847214,0.7342649
4011,HLA-A*24:03,esm2_mean,locus,0,1.0,13696,1.916922612182061,0.4918175
4012,HLA-A*24:03,esm2_mean,locus,0,1.0,13696,3.8918202981106265,0.6917235
4013,HLA-A*24:03,esm2_mean,locus,0,1.0,13696,3.4657359027997265,0.8399094
4014,HLA-A*24:03,esm2_mean,locus,0,1.0,13696,1.589235205116581,0.7393606
4015,HLA-A*24:03,esm2_mean,locus,0,1.0,13696,3.4468078929142076,0.71331954
4016,HLA-A*24:03,esm2_mean,locus,0,1.0,13696,2.0014800002101243,0.77547365
4017,HLA-A*24:03,esm2_mean,locus,0,1.0,13696,1.7047480922384253,0.9208714
4018,HLA-A*24:03,esm2_mean,locus,0,1.0,13696,1.6863989535702288,0.48790705
4019,HLA-A*24:03,esm2_mean,locus,0,1.0,13696,2.9231615807191558,0.92795515
4020,HLA-A*24:03,esm2_mean,locus,0,1.0,13696,0.26236426446749106,0.8295486
4021,HLA-A*24:03,esm2_mean,locus,0,1.0,13696,0.4700036292457355,0.6625414
4022,HLA-A*24:03,esm2_mean,locus,0,1.0,13696,0.9932517730102833,0.47667503
4023,HLA-A*24:03,esm2_mean,locus,0,1.0,13696,1.33500106673234,0.9063825
4024,HLA-A*24:03,esm2_mean,locus,0,1.0,13696,1.5686159179138452,0.65633637
4025,HLA-A*24:03,esm2_mean,locus,0,1.0,13696,0.4054651081081644,1.0403343
4026,HLA-A*24:03,esm2_mean,locus,0,1.0,13696,1.8082887711792655,0.69415164
4050,HLA-A*02:03,esm2_mean,locus,0,1.0,13696,0.0,1.2976463
4051,HLA-A*26:01,esm2_mean,locus,0,1.0,13696,1.791759469228055,0.072999835
4052,HLA-A*26:01,esm2_mean,locus,0,1.0,13696,0.6418538861723948,0.064707935
4053,HLA-A*26:01,esm2_mean,locus,0,1.0,13696,2.533696813957432,0.14212948
4054,HLA-A*31:01,esm2_mean,locus,0,1.0,13696,1.7749523509116738,0.76415837
4055,HLA-A*31:01,esm2_mean,locus,0,1.0,13696,0.33647223662121295,0.9648858
4056,HLA-A*31:01,esm2_mean,locus,0,1.0,13696,0.26236426446749106,1.2911737
4057,HLA-A*26:03,esm2_mean,locus,0,1.0,13696,0.18232155679395465,0.37884623
4058,HLA-A*26:03,esm2_mean,locus,0,1.0,13696,0.7884573603642702,0.88444185
4059,HLA-A*26:03,esm2_mean,locus,0,1.0,13696,0.33647223662121295,0.750791
4060,HLA-A*26:03,esm2_mean,locus,0,1.0,13696,1.33500106673234,0.7389313
4061,HLA-A*26:03,esm2_mean,locus,0,1.0,13696,0.0,1.0203353
4062,HLA-A*26:03,esm2_mean,locus,0,1.0,13696,2.501435951739211,0.71167564
4063,HLA-A*26:03,esm2_mean,locus,0,1.0,13696,3.7999735016195233,0.73107886
4064,HLA-A*26:03,esm2_mean,locus,0,1.0,13696,1.1939224684724346,0.66576564
4065,HLA-A*26:03,esm2_mean,locus,0,1.0,13696,0.18232155679395465,0.45778793
4066,HLA-A*26:03,esm2_mean,locus,0,1.0,13696,1.2809338454620642,0.7232847
4067,HLA-A*26:03,esm2_mean,locus,0,1.0,13696,0.8754687373538999,0.30774224
4068,HLA-A*26:03,esm2_mean,locus,0,1.0,13696,0.0,0.57747555
4069,HLA-A*01:01,esm2_mean,locus,0,1.0,13696,3.475067230228611,0.6716324
4070,HLA-A*01:01,esm2_mean,locus,0,1.0,13696,0.4700036292457355,0.58802426
4071,HLA-A*01:01,esm2_mean,locus,0,1.0,13696,0.18232155679395465,0.42603737
4072,HLA-A*01:01,esm2_mean,locus,0,1.0,13696,2.4595888418037104,0.6501112
4073,HLA-A*03:01,esm2_mean,locus,0,1.0,13696,1.5260563034950494,1.9058235
4074,HLA-A*03:01,esm2_mean,locus,0,1.0,13696,3.4307561839036995,1.9910288
4075,HLA-A*03:01,esm2_mean,locus,0,1.0,13696,1.1939224684724346,1.7337592
4076,HLA-A*03:01,esm2_mean,locus,0,1.0,13696,0.33647223662121295,2.1801271
4077,HLA-A*03:01,esm2_mean,locus,0,1.0,13696,0.4054651081081644,1.6986146
4078,HLA-A*03:01,esm2_mean,locus,0,1.0,13696,2.8154087194227095,2.005097
4079,HLA-A*03:01,esm2_mean,locus,0,1.0,13696,0.5877866649021191,1.7777231
4080,HLA-A*03:01,esm2_mean,locus,0,1.0,13696,0.5306282510621704,1.8378186
4081,HLA-A*03:01,esm2_mean,locus,0,1.0,13696,0.26236426446749106,1.7103444
4082,HLA-A*03:01,esm2_mean,locus,0,1.0,13696,3.9512437185814275,1.7962372
4083,HLA-A*03:01,esm2_mean,locus,0,1.0,13696,0.0,1.8483224
4084,HLA-A*03:01,esm2_mean,locus,0,1.0,13696,0.0,1.7426231
4085,HLA-A*03:01,esm2_mean,locus,0,1.0,13696,0.0,1.3985429
4086,HLA-A*03:01,esm2_mean,locus,0,1.0,13696,1.252762968495368,1.6925611
4177,HLA-A*01:01,esm2_mean,locus,0,1.0,13696,0.832909122935104,0.47140265
4178,HLA-A*03:01,esm2_mean,locus,0,1.0,13696,0.26236426446749106,1.7360339
4179,HLA-A*03:01,esm2_mean,locus,0,1.0,13696,3.449987545831587,2.2070444
4180,HLA-A*03:01,esm2_mean,locus,0,1.0,13696,3.169685580677429,2.2277434
4181,HLA-A*03:01,esm2_mean,locus,0,1.0,13696,0.0,1.8720112
4182,HLA-A*03:01,esm2_mean,locus,0,1.0,13696,3.6913763343125234,1.8135914
4183,HLA-A*03:01,esm2_mean,locus,0,1.0,13696,3.505557396986398,1.8638548
4184,HLA-A*03:01,esm2_mean,locus,0,1.0,13696,0.0,1.9084203
4185,HLA-A*03:01,esm2_mean,locus,0,1.0,13696,3.3603753871419,1.7058125
4186,HLA-A*03:01,esm2_mean,locus,0,1.0,13696,3.3603753871419,1.9562931
4187,HLA-A*03:01,esm2_mean,locus,0,1.0,13696,3.6788291182604347,1.9905956
4188,HLA-A*03:01,esm2_mean,locus,0,1.0,13696,0.09531017980432487,1.6668894
4189,HLA-A*03:01,esm2_mean,locus,0,1.0,13696,3.2308043957334744,2.1183877
4190,HLA-A*03:01,esm2_mean,locus,0,1.0,13696,1.3609765531356006,2.1932747
4191,HLA-A*03:01,esm2_mean,locus,0,1.0,13696,1.8562979903656263,2.058462
4192,HLA-A*03:01,esm2_mean,locus,0,1.0,13696,0.8754687373538999,2.0367978
4193,HLA-A*26:01,esm2_mean,locus,0,1.0,13696,0.26236426446749106,-0.032177746
4194,HLA-A*26:01,esm2_mean,locus,0,1.0,13696,0.18232155679395465,0.21012366
4195,HLA-A*26:01,esm2_mean,locus,0,1.0,13696,0.4700036292457355,-0.07727975
4196,HLA-A*26:01,esm2_mean,locus,0,1.0,13696,0.33647223662121295,0.13158542
4197,HLA-A*26:01,esm2_mean,locus,0,1.0,13696,0.6418538861723948,0.3540544
4198,HLA-A*26:01,esm2_mean,locus,0,1.0,13696,2.509599262378372,0.2715009
4199,HLA-A*26:01,esm2_mean,locus,0,1.0,13696,0.7419373447293773,0.45413506
4200,HLA-A*26:01,esm2_mean,locus,0,1.0,13696,0.26236426446749106,0.2159909
4201,HLA-A*26:01,esm2_mean,locus,0,1.0,13696,0.7884573603642702,0.13360375
4202,HLA-A*26:01,esm2_mean,locus,0,1.0,13696,0.8754687373538999,0.32339555
4203,HLA-A*26:01,esm2_mean,locus,0,1.0,13696,0.0,-0.010664523
4204,HLA-A*26:01,esm2_mean,locus,0,1.0,13696,0.33647223662121295,0.38747448
4205,HLA-A*26:01,esm2_mean,locus,0,1.0,13696,0.26236426446749106,0.20305747
4206,HLA-A*26:01,esm2_mean,locus,0,1.0,13696,0.4700036292457355,0.2065475
4207,HLA-A*26:01,esm2_mean,locus,0,1.0,13696,0.18232155679395465,0.30832988
4208,HLA-A*26:01,esm2_mean,locus,0,1.0,13696,0.4054651081081644,0.45426697
4209,HLA-A*26:01,esm2_mean,locus,0,1.0,13696,2.128231705849268,0.27278107
4210,HLA-A*26:01,esm2_mean,locus,0,1.0,13696,2.5572273113676265,0.18586868
4211,HLA-A*26:01,esm2_mean,locus,0,1.0,13696,0.7884573603642702,0.14166683
4217,HLA-A*02:01,esm2_mean,locus,0,1.0,13696,2.2460147415056513,1.8763189
4218,HLA-A*02:01,esm2_mean,locus,0,1.0,13696,2.7047112998366956,1.8664207
4219,HLA-A*02:01,esm2_mean,locus,0,1.0,13696,3.3357695763397,1.8811891
4220,HLA-A*02:01,esm2_mean,locus,0,1.0,13696,0.33647223662121295,1.9695737
4221,HLA-A*02:01,esm2_mean,locus,0,1.0,13696,2.553343811341229,1.8653395
4222,HLA-A*02:01,esm2_mean,locus,0,1.0,13696,1.8082887711792655,1.4247849
4223,HLA-A*02:01,esm2_mean,locus,0,1.0,13696,0.3852624007906449,1.4054811
4224,HLA-A*02:01,esm2_mean,locus,0,1.0,13696,0.4054651081081644,1.5292041
4225,HLA-A*02:01,esm2_mean,locus,0,1.0,13696,0.5877866649021191,1.8941822
4226,HLA-A*02:01,esm2_mean,locus,0,1.0,13696,1.3609765531356006,1.4019936
4227,HLA-A*02:01,esm2_mean,locus,0,1.0,13696,1.0986122886681098,1.7763696
4228,HLA-A*02:01,esm2_mean,locus,0,1.0,13696,2.6026896854443837,2.1365347
4229,HLA-A*02:01,esm2_mean,locus,0,1.0,13696,0.4054651081081644,1.7124007
4230,HLA-A*02:01,esm2_mean,locus,0,1.0,13696,0.7884573603642702,1.5326953
4231,HLA-A*02:01,esm2_mean,locus,0,1.0,13696,3.520460802488973,1.7285454
4232,HLA-A*26:01,esm2_mean,locus,0,1.0,13696,0.26236426446749106,0.1774981
4233,HLA-A*26:01,esm2_mean,locus,0,1.0,13696,3.2188758248682006,0.3535934
4234,HLA-A*26:01,esm2_mean,locus,0,1.0,13696,3.1612467120315646,-0.01809895
4235,HLA-A*26:01,esm2_mean,locus,0,1.0,13696,2.341805806147327,0.026302755
4236,HLA-A*26:01,esm2_mean,locus,0,1.0,13696,3.288401887516811,0.30928326
4237,HLA-A*26:01,esm2_mean,locus,0,1.0,13696,0.33647223662121295,0.3159498
4238,HLA-A*26:01,esm2_mean,locus,0,1.0,13696,1.5040773967762742,0.108697176
4239,HLA-A*26:01,esm2_mean,locus,0,1.0,13696,0.6931471805599453,0.35802203
4240,HLA-A*26:01,esm2_mean,locus,0,1.0,13696,2.0794415416798357,-0.002925098
4241,HLA-A*26:01,esm2_mean,locus,0,1.0,13696,3.299533727885655,0.4469422
4242,HLA-A*26:01,esm2_mean,locus,0,1.0,13696,0.4054651081081644,0.28583676
4243,HLA-A*26:01,esm2_mean,locus,0,1.0,13696,1.1939224684724346,0.16224259
4244,HLA-A*26:01,esm2_mean,locus,0,1.0,13696,0.18232155679395465,0.1565243
4260,HLA-A*24:03,esm2_mean,locus,0,1.0,13696,1.410986973710262,0.7778239
4261,HLA-A*24:03,esm2_mean,locus,0,1.0,13696,2.151762203259462,0.7763583
4262,HLA-A*24:03,esm2_mean,locus,0,1.0,13696,0.18232155679395465,0.7865364
4263,HLA-A*24:03,esm2_mean,locus,0,1.0,13696,3.7232808808312687,1.114307
4264,HLA-A*24:03,esm2_mean,locus,0,1.0,13696,3.288401887516811,0.92135996
4265,HLA-A*24:03,esm2_mean,locus,0,1.0,13696,3.7062280924485496,0.6729348
4266,HLA-A*24:03,esm2_mean,locus,0,1.0,13696,2.6741486494265287,0.99061215
4267,HLA-A*24:03,esm2_mean,locus,0,1.0,13696,1.0647107369924282,0.5986173
4268,HLA-A*24:03,esm2_mean,locus,0,1.0,13696,2.2512917986064953,0.60081464
4269,HLA-A*24:03,esm2_mean,locus,0,1.0,13696,2.388762789235098,0.5148394
4270,HLA-A*24:03,esm2_mean,locus,0,1.0,13696,2.990719731730447,0.9135471
4271,HLA-A*24:03,esm2_mean,locus,0,1.0,13696,0.5877866649021191,0.8129431
4272,HLA-A*24:03,esm2_mean,locus,0,1.0,13696,0.26236426446749106,0.86553204
4273,HLA-A*24:03,esm2_mean,locus,0,1.0,13696,0.6418538861723948,0.8330215
4274,HLA-A*24:03,esm2_mean,locus,0,1.0,13696,0.33647223662121295,0.6781993
4275,HLA-A*24:03,esm2_mean,locus,0,1.0,13696,1.5040773967762742,1.0524944
4276,HLA-A*24:03,esm2_mean,locus,0,1.0,13696,0.5877866649021191,0.5030838
4277,HLA-A*24:03,esm2_mean,locus,0,1.0,13696,0.4700036292457355,0.6863844
4278,HLA-A*24:03,esm2_mean,locus,0,1.0,13696,0.832909122935104,0.41362357
4279,HLA-A*24:03,esm2_mean,locus,0,1.0,13696,0.26236426446749106,0.6267306
4280,HLA-A*24:03,esm2_mean,locus,0,1.0,13696,0.4700036292457355,1.0508956
4281,HLA-A*24:03,esm2_mean,locus,0,1.0,13696,0.18232155679395465,0.5901686
4342,HLA-A*01:01,esm2_mean,locus,0,1.0,13696,2.0014800002101243,0.3626241
4343,HLA-A*01:01,esm2_mean,locus,0,1.0,13696,2.1341664413690826,0.30774724
4344,HLA-A*01:01,esm2_mean,locus,0,1.0,13696,0.9162907318741551,0.55133784
4345,HLA-A*01:01,esm2_mean,locus,0,1.0,13696,4.506454213048934,0.84844613
4346,HLA-A*01:01,esm2_mean,locus,0,1.0,13696,2.151762203259462,0.5202805
4347,HLA-A*01:01,esm2_mean,locus,0,1.0,13696,2.424802725718295,0.44438988
4348,HLA-A*01:01,esm2_mean,locus,0,1.0,13696,0.5306282510621704,0.45490545
4349,HLA-A*02:01,esm2_mean,locus,0,1.0,13696,0.6931471805599453,1.7649044
4350,HLA-A*02:01,esm2_mean,locus,0,1.0,13696,3.339321977944068,1.6811948
4351,HLA-A*02:01,esm2_mean,locus,0,1.0,13696,0.7884573603642702,1.7608945
4352,HLA-A*02:01,esm2_mean,locus,0,1.0,13696,0.8960880245566356,1.6432526
4394,HLA-A*03:01,esm2_mean,locus,0,1.0,13696,3.190476350346503,1.8736042
4395,HLA-A*03:01,esm2_mean,locus,0,1.0,13696,3.6270040503958487,1.7735162
4396,HLA-A*03:01,esm2_mean,locus,0,1.0,13696,0.4700036292457355,1.7494191
4397,HLA-A*03:01,esm2_mean,locus,0,1.0,13696,3.7999735016195233,1.9432392
4398,HLA-A*03:01,esm2_mean,locus,0,1.0,13696,1.0647107369924282,2.046819
4399,HLA-A*03:01,esm2_mean,locus,0,1.0,13696,4.291828366755733,2.1370437
4400,HLA-A*03:01,esm2_mean,locus,0,1.0,13696,1.8082887711792655,1.8509607
4401,HLA-A*03:01,esm2_mean,locus,0,1.0,13696,0.832909122935104,1.8329749
4402,HLA-A*03:01,esm2_mean,locus,0,1.0,13696,0.6418538861723948,1.6691716
4403,HLA-A*03:01,esm2_mean,locus,0,1.0,13696,0.4700036292457355,1.9067395
4437,HLA-A*11:01,esm2_mean,locus,0,1.0,13696,4.054390246715068,1.3569707
4438,HLA-A*02:11,esm2_mean,locus,0,1.0,13696,0.5877866649021191,1.3809024
4439,HLA-A*02:11,esm2_mean,locus,0,1.0,13696,0.4700036292457355,1.3374401
4440,HLA-A*02:12,esm2_mean,locus,0,1.0,13696,0.4700036292457355,1.0643294
4441,HLA-A*02:01,esm2_mean,locus,0,1.0,13696,0.37156355643248307,1.7507768
4442,HLA-A*02:01,esm2_mean,locus,0,1.0,13696,0.30010459245033805,2.1443174
4443,HLA-A*02:01,esm2_mean,locus,0,1.0,13696,0.4054651081081644,1.681046
4444,HLA-A*11:01,esm2_mean,locus,0,1.0,13696,3.139832617527748,1.2715695
4445,HLA-A*11:01,esm2_mean,locus,0,1.0,13696,0.7884573603642702,1.3891098
4446,HLA-A*02:03,esm2_mean,locus,0,1.0,13696,1.824549292051046,1.0418615
4447,HLA-A*02:11,esm2_mean,locus,0,1.0,13696,3.2809112157876537,1.1857818
4448,HLA-A*02:12,esm2_mean,locus,0,1.0,13696,3.005682604407159,0.91267127
4449,HLA-A*02:03,esm2_mean,locus,0,1.0,13696,3.632309102625542,1.1503823
4450,HLA-A*02:11,esm2_mean,locus,0,1.0,13696,3.131136910560194,1.2943027
4451,HLA-A*02:12,esm2_mean,locus,0,1.0,13696,3.3775875160230218,1.0211923
4452,HLA-A*02:03,esm2_mean,locus,0,1.0,13696,3.6136169696133895,1.3569155
4453,HLA-A*02:11,esm2_mean,locus,0,1.0,13696,1.4586150226995167,1.5008352
4454,HLA-A*02:12,esm2_mean,locus,0,1.0,13696,2.6026896854443837,1.2277255
4455,HLA-A*01:01,esm2_mean,locus,0,1.0,13696,1.5040773967762742,0.5429614
4456,HLA-A*01:01,esm2_mean,locus,0,1.0,13696,0.5877866649021191,0.58214486
4457,HLA-A*01:01,esm2_mean,locus,0,1.0,13696,1.0647107369924282,0.5592037
4458,HLA-A*80:01,esm2_mean,locus,0,1.0,13696,0.0,0.17937958
4459,HLA-A*02:03,esm2_mean,locus,0,1.0,13696,3.173878458937465,1.4474216
4460,HLA-A*02:19,esm2_mean,locus,0,1.0,13696,1.0647107369924282,1.4650358
4461,HLA-A*02:01,esm2_mean,locus,0,1.0,13696,3.077312260546414,1.636699
4462,HLA-A*02:01,esm2_mean,locus,0,1.0,13696,2.8507065015037334,1.5185554
4463,HLA-A*02:16,esm2_mean,locus,0,1.0,13696,0.4700036292457355,1.441571
4464,HLA-A*02:03,esm2_mean,locus,0,1.0,13696,1.3862943611198906,1.2720355
4465,HLA-A*02:19,esm2_mean,locus,0,1.0,13696,1.5686159179138452,1.5452089
4466,HLA-A*02:12,esm2_mean,locus,0,1.0,13696,0.9932517730102833,1.1428444
4467,HLA-A*02:01,esm2_mean,locus,0,1.0,13696,1.6094379124341003,1.7168721
4468,HLA-A*02:11,esm2_mean,locus,0,1.0,13696,1.1939224684724346,1.4159542
4469,HLA-A*02:01,esm2_mean,locus,0,1.0,13696,0.22314355131420976,1.5748601
4470,HLA-A*02:01,esm2_mean,locus,0,1.0,13696,2.91235066461494,1.5721972
4471,HLA-A*02:01,esm2_mean,locus,0,1.0,13696,0.5306282510621704,1.6772418
4472,HLA-A*02:16,esm2_mean,locus,0,1.0,13696,1.916922612182061,1.6498184
4473,HLA-A*02:03,esm2_mean,locus,0,1.0,13696,2.9014215940827497,1.4802825
4474,HLA-A*02:01,esm2_mean,locus,0,1.0,13696,2.2617630984737906,1.9251204
4475,HLA-A*02:12,esm2_mean,locus,0,1.0,13696,2.2823823856765264,1.3510919
4476,HLA-A*02:19,esm2_mean,locus,0,1.0,13696,1.1631508098056809,1.7534561
4477,HLA-A*02:19,esm2_mean,locus,0,1.0,13696,3.6428355156125294,1.7395141
4478,HLA-A*02:01,esm2_mean,locus,0,1.0,13696,3.169685580677429,1.9111774
4479,HLA-A*02:01,esm2_mean,locus,0,1.0,13696,1.8718021769015913,1.7117987
4480,HLA-A*02:01,esm2_mean,locus,0,1.0,13696,2.624668592163159,2.0475867
4481,HLA-A*02:01,esm2_mean,locus,0,1.0,13696,0.9162907318741551,1.6390643
4482,HLA-A*02:16,esm2_mean,locus,0,1.0,13696,1.0296194171811583,1.6169565
4483,HLA-A*02:19,esm2_mean,locus,0,1.0,13696,2.8094026953624973,1.7205943
4484,HLA-A*02:12,esm2_mean,locus,0,1.0,13696,2.451005098112319,1.31823
4485,HLA-A*02:01,esm2_mean,locus,0,1.0,13696,2.151762203259462,1.8922578
4486,HLA-A*02:11,esm2_mean,locus,0,1.0,13696,0.7884573603642702,1.5913414
4487,HLA-A*02:01,esm2_mean,locus,0,1.0,13696,1.0986122886681098,1.4364697
4488,HLA-A*02:01,esm2_mean,locus,0,1.0,13696,3.2268439945173775,1.6438494
4489,HLA-A*31:01,esm2_mean,locus,0,1.0,13696,1.2237754316221157,1.1093729
4490,HLA-A*31:01,esm2_mean,locus,0,1.0,13696,0.5306282510621704,1.2746079
4491,HLA-A*31:01,esm2_mean,locus,0,1.0,13696,0.6418538861723948,0.8098748
4492,HLA-A*31:01,esm2_mean,locus,0,1.0,13696,0.7884573603642702,0.9515946
4493,HLA-A*31:01,esm2_mean,locus,0,1.0,13696,0.26236426446749106,0.94993937
4494,HLA-A*31:01,esm2_mean,locus,0,1.0,13696,3.4242626545931514,1.2007208
4495,HLA-A*31:01,esm2_mean,locus,0,1.0,13696,4.044804116661965,0.7513919
4496,HLA-A*31:01,esm2_mean,locus,0,1.0,13696,0.6418538861723948,1.0765607
4497,HLA-A*31:01,esm2_mean,locus,0,1.0,13696,0.4700036292457355,0.9497075
4498,HLA-A*31:01,esm2_mean,locus,0,1.0,13696,0.0,1.234622
4499,HLA-A*31:01,esm2_mean,locus,0,1.0,13696,0.0,1.1993904
4500,HLA-A*31:01,esm2_mean,locus,0,1.0,13696,0.6418538861723948,1.3341916
4501,HLA-A*31:01,esm2_mean,locus,0,1.0,13696,1.1631508098056809,1.0388811
4502,HLA-A*31:01,esm2_mean,locus,0,1.0,13696,1.5040773967762742,1.2235453
4503,HLA-A*31:01,esm2_mean,locus,0,1.0,13696,1.6094379124341003,1.1423608
4504,HLA-A*31:01,esm2_mean,locus,0,1.0,13696,2.4849066497880004,1.1972919
4505,HLA-A*31:01,esm2_mean,locus,0,1.0,13696,3.9435216724875173,1.186336
4506,HLA-A*31:01,esm2_mean,locus,0,1.0,13696,3.4011973816621555,1.1577588
4507,HLA-A*31:01,esm2_mean,locus,0,1.0,13696,1.6094379124341003,1.0177107
4508,HLA-A*31:01,esm2_mean,locus,0,1.0,13696,1.6094379124341003,1.2036469
4509,HLA-A*31:01,esm2_mean,locus,0,1.0,13696,0.9932517730102833,1.1867328
4510,HLA-A*31:01,esm2_mean,locus,0,1.0,13696,2.8735646395797834,1.2966698
4511,HLA-A*31:01,esm2_mean,locus,0,1.0,13696,2.624668592163159,1.2185652
4512,HLA-A*31:01,esm2_mean,locus,0,1.0,13696,2.4765384001174837,1.3766122
4513,HLA-A*31:01,esm2_mean,locus,0,1.0,13696,1.0296194171811583,1.032557
4514,HLA-A*31:01,esm2_mean,locus,0,1.0,13696,0.5306282510621704,1.3017975
4515,HLA-A*31:01,esm2_mean,locus,0,1.0,13696,0.4054651081081644,1.0889313
4516,HLA-A*31:01,esm2_mean,locus,0,1.0,13696,2.451005098112319,1.447406
4517,HLA-A*31:01,esm2_mean,locus,0,1.0,13696,0.9932517730102833,1.1003151
4518,HLA-A*31:01,esm2_mean,locus,0,1.0,13696,0.26236426446749106,1.2845783
4519,HLA-A*31:01,esm2_mean,locus,0,1.0,13696,0.5877866649021191,1.4139518
4520,HLA-A*31:01,esm2_mean,locus,0,1.0,13696,0.0,1.0435588
4521,HLA-A*31:01,esm2_mean,locus,0,1.0,13696,3.3032169733019514,1.0683944
4522,HLA-A*31:01,esm2_mean,locus,0,1.0,13696,0.6931471805599453,1.2127085
4523,HLA-A*31:01,esm2_mean,locus,0,1.0,13696,0.4054651081081644,1.1213716
4524,HLA-A*31:01,esm2_mean,locus,0,1.0,13696,2.6026896854443837,1.0616269
4525,HLA-A*31:01,esm2_mean,locus,0,1.0,13696,0.9932517730102833,1.12865
4526,HLA-A*31:01,esm2_mean,locus,0,1.0,13696,2.128231705849268,1.2444403
4527,HLA-A*31:01,esm2_mean,locus,0,1.0,13696,1.6863989535702288,1.0712392
4528,HLA-A*31:01,esm2_mean,locus,0,1.0,13696,0.0,0.8376305
4529,HLA-A*31:01,esm2_mean,locus,0,1.0,13696,4.96563792816552,1.2053875
4530,HLA-A*31:01,esm2_mean,locus,0,1.0,13696,2.2925347571405443,1.433471
4531,HLA-A*31:01,esm2_mean,locus,0,1.0,13696,1.33500106673234,1.1577275
4532,HLA-A*31:01,esm2_mean,locus,0,1.0,13696,0.4700036292457355,1.0069674
4533,HLA-A*02:01,esm2_mean,locus,0,1.0,13696,0.6418538861723948,1.9834769
4534,HLA-A*02:01,esm2_mean,locus,0,1.0,13696,0.7419373447293773,1.5648637
4535,HLA-A*31:01,esm2_mean,locus,0,1.0,13696,0.6418538861723948,0.9659236
4536,HLA-A*31:01,esm2_mean,locus,0,1.0,13696,3.1654750481410856,1.5180528
4537,HLA-A*31:01,esm2_mean,locus,0,1.0,13696,0.832909122935104,1.2097024
4538,HLA-A*31:01,esm2_mean,locus,0,1.0,13696,5.551796117658319,1.4373721
4539,HLA-A*02:01,esm2_mean,locus,0,1.0,13696,1.6956156086751528,1.6651344
4540,HLA-A*02:01,esm2_mean,locus,0,1.0,13696,3.3551534431607486,1.6620128
4541,HLA-A*02:01,esm2_mean,locus,0,1.0,13696,0.0,1.7520475
4542,HLA-A*31:01,esm2_mean,locus,0,1.0,13696,1.2237754316221157,1.2533208
4543,HLA-A*31:01,esm2_mean,locus,0,1.0,13696,3.32862668882732,1.2626235
4544,HLA-A*31:01,esm2_mean,locus,0,1.0,13696,3.753027273937688,1.4245008
4545,HLA-A*31:01,esm2_mean,locus,0,1.0,13696,1.0647107369924282,1.1841645
4546,HLA-A*31:01,esm2_mean,locus,0,1.0,13696,0.5306282510621704,1.1121576
4547,HLA-A*31:01,esm2_mean,locus,0,1.0,13696,4.020877410340228,1.2066901
4548,HLA-A*02:01,esm2_mean,locus,0,1.0,13696,2.4595888418037104,1.4491279
4549,HLA-A*02:01,esm2_mean,locus,0,1.0,13696,2.580216829592325,1.934902
4550,HLA-A*02:01,esm2_mean,locus,0,1.0,13696,0.4700036292457355,1.4416324
4551,HLA-A*31:01,esm2_mean,locus,0,1.0,13696,2.0149030205422647,1.6589468
4552,HLA-A*31:01,esm2_mean,locus,0,1.0,13696,0.5877866649021191,1.4755343
4553,HLA-A*31:01,esm2_mean,locus,0,1.0,13696,1.916922612182061,1.5012257
4554,HLA-A*02:01,esm2_mean,locus,0,1.0,13696,3.0204248861443626,1.7033951
4555,HLA-A*02:01,esm2_mean,locus,0,1.0,13696,3.1945831322991562,1.448659
4556,HLA-A*02:01,esm2_mean,locus,0,1.0,13696,1.1314021114911006,1.9020673
4557,HLA-A*03:01,esm2_mean,locus,0,1.0,13696,0.0,1.8216522
4567,HLA-A*26:01,esm2_mean,locus,0,1.0,13696,2.33214389523559,0.3330621
4568,HLA-A*26:01,esm2_mean,locus,0,1.0,13696,0.7419373447293773,0.06112379
4569,HLA-A*26:01,esm2_mean,locus,0,1.0,13696,0.4054651081081644,0.22204047
4570,HLA-A*26:01,esm2_mean,locus,0,1.0,13696,2.0541237336955462,-0.040455043
4571,HLA-A*26:01,esm2_mean,locus,0,1.0,13696,2.2925347571405443,-0.11162895
4572,HLA-A*26:01,esm2_mean,locus,0,1.0,13696,2.4765384001174837,0.20040953
4573,HLA-A*26:01,esm2_mean,locus,0,1.0,13696,1.8870696490323797,0.1688143
4574,HLA-A*26:01,esm2_mean,locus,0,1.0,13696,1.7404661748405046,0.117771804
4575,HLA-A*26:01,esm2_mean,locus,0,1.0,13696,0.26236426446749106,0.20039505
4578,HLA-A*02:01,esm2_mean,locus,0,1.0,13696,2.995732273553991,1.7149463
4579,HLA-A*02:01,esm2_mean,locus,0,1.0,13696,1.0647107369924282,1.3169081
4594,HLA-A*02:01,esm2_mean,locus,0,1.0,13696,2.4849066497880004,1.8136468
4595,HLA-A*02:01,esm2_mean,locus,0,1.0,13696,2.6946271807700692,1.8420029
4596,HLA-A*02:01,esm2_mean,locus,0,1.0,13696,3.417726683613366,1.8515527
4597,HLA-A*02:01,esm2_mean,locus,0,1.0,13696,3.3877743613300146,1.6627847
4598,HLA-A*02:01,esm2_mean,locus,0,1.0,13696,1.9459101490553132,1.5580509
4599,HLA-A*02:01,esm2_mean,locus,0,1.0,13696,3.380994674344636,1.5575371
4600,HLA-A*02:01,esm2_mean,locus,0,1.0,13696,3.2733640101522705,2.0095584
4601,HLA-A*02:01,esm2_mean,locus,0,1.0,13696,1.3609765531356006,1.533905
4602,HLA-A*03:01,esm2_mean,locus,0,1.0,13696,1.589235205116581,1.8462336
4603,HLA-A*03:01,esm2_mean,locus,0,1.0,13696,2.174751721484161,1.7577703
4604,HLA-A*03:01,esm2_mean,locus,0,1.0,13696,0.4054651081081644,2.078874
4605,HLA-A*03:01,esm2_mean,locus,0,1.0,13696,0.7884573603642702,1.4104936
4606,HLA-A*03:01,esm2_mean,locus,0,1.0,13696,0.18232155679395465,1.9873683
4607,HLA-A*03:01,esm2_mean,locus,0,1.0,13696,1.840549633397487,1.8732746
4608,HLA-A*03:01,esm2_mean,locus,0,1.0,13696,1.3862943611198906,1.8429029
4609,HLA-A*03:01,esm2_mean,locus,0,1.0,13696,0.6418538861723948,1.819283
4610,HLA-A*03:01,esm2_mean,locus,0,1.0,13696,0.7884573603642702,2.2377546
4611,HLA-A*03:01,esm2_mean,locus,0,1.0,13696,0.5306282510621704,2.142588
4612,HLA-A*03:01,esm2_mean,locus,0,1.0,13696,2.4069451083182885,1.9075233
4643,HLA-A*26:01,esm2_mean,locus,0,1.0,13696,2.1633230256605382,0.23130625
4644,HLA-A*26:01,esm2_mean,locus,0,1.0,13696,1.3862943611198906,0.31063282
4712,HLA-A*01:01,esm2_mean,locus,0,1.0,13696,0.33647223662121295,0.66206527
4713,HLA-A*01:01,esm2_mean,locus,0,1.0,13696,0.7419373447293773,0.6038489
4714,HLA-A*01:01,esm2_mean,locus,0,1.0,13696,2.72785282839839,0.3722052
4715,HLA-A*01:01,esm2_mean,locus,0,1.0,13696,0.7884573603642702,0.37867254
4716,HLA-A*01:01,esm2_mean,locus,0,1.0,13696,0.30010459245033805,0.6241847
4717,HLA-A*01:01,esm2_mean,locus,0,1.0,13696,0.22314355131420976,0.2308883
4718,HLA-A*01:01,esm2_mean,locus,0,1.0,13696,0.8754687373538999,0.28626996
4719,HLA-A*01:01,esm2_mean,locus,0,1.0,13696,0.0,0.27887374
4720,HLA-A*01:01,esm2_mean,locus,0,1.0,13696,1.6863989535702288,0.3592649
4721,HLA-A*01:01,esm2_mean,locus,0,1.0,13696,0.0,0.6853425
4722,HLA-A*01:01,esm2_mean,locus,0,1.0,13696,0.9932517730102833,0.78439283
4723,HLA-A*01:01,esm2_mean,locus,0,1.0,13696,0.0,0.7925532
4724,HLA-A*01:01,esm2_mean,locus,0,1.0,13696,0.0,0.5587274
4725,HLA-A*01:01,esm2_mean,locus,0,1.0,13696,0.13976194237515868,0.33318025
4726,HLA-A*01:01,esm2_mean,locus,0,1.0,13696,0.0,0.4156648
4727,HLA-A*01:01,esm2_mean,locus,0,1.0,13696,0.0,0.6476723
4728,HLA-A*01:01,esm2_mean,locus,0,1.0,13696,0.0,0.32582992
4729,HLA-A*01:01,esm2_mean,locus,0,1.0,13696,0.5306282510621704,0.49205843
4730,HLA-A*01:01,esm2_mean,locus,0,1.0,13696,0.5306282510621704,0.38643456
4731,HLA-A*02:01,esm2_mean,locus,0,1.0,13696,0.09531017980432487,1.7074938
4732,HLA-A*02:01,esm2_mean,locus,0,1.0,13696,1.0647107369924282,1.6531377
4733,HLA-A*02:01,esm2_mean,locus,0,1.0,13696,2.4069451083182885,1.5458491
4734,HLA-A*02:01,esm2_mean,locus,0,1.0,13696,1.2809338454620642,1.5298896
4735,HLA-A*02:01,esm2_mean,locus,0,1.0,13696,1.5686159179138452,1.5973877
4736,HLA-A*02:01,esm2_mean,locus,0,1.0,13696,2.2512917986064953,1.8205378
4737,HLA-A*02:01,esm2_mean,locus,0,1.0,13696,1.2947271675944,1.7984209
4738,HLA-A*02:01,esm2_mean,locus,0,1.0,13696,2.5952547069568657,1.8416865
4739,HLA-A*02:01,esm2_mean,locus,0,1.0,13696,1.410986973710262,1.7846897
4740,HLA-A*02:01,esm2_mean,locus,0,1.0,13696,2.0476928433652555,1.8576608
4741,HLA-A*02:01,esm2_mean,locus,0,1.0,13696,0.6418538861723948,1.8453094
4742,HLA-A*02:01,esm2_mean,locus,0,1.0,13696,0.18232155679395465,1.643244
4743,HLA-A*02:01,esm2_mean,locus,0,1.0,13696,2.803360380906535,1.7116947
4744,HLA-A*02:01,esm2_mean,locus,0,1.0,13696,1.0986122886681098,1.730953
4745,HLA-A*02:01,esm2_mean,locus,0,1.0,13696,1.0818051703517284,1.7375615
4746,HLA-A*02:01,esm2_mean,locus,0,1.0,13696,1.7578579175523736,1.8833462
4747,HLA-A*02:01,esm2_mean,locus,0,1.0,13696,2.2460147415056513,1.572653
4748,HLA-A*02:01,esm2_mean,locus,0,1.0,13696,1.1314021114911006,1.8828613
4749,HLA-A*02:01,esm2_mean,locus,0,1.0,13696,2.691243082785829,1.7055244
4750,HLA-A*02:01,esm2_mean,locus,0,1.0,13696,2.2512917986064953,1.9733862
4751,HLA-A*02:01,esm2_mean,locus,0,1.0,13696,0.5877866649021191,1.9555056
4757,HLA-A*31:01,esm2_mean,locus,0,1.0,13696,2.995732273553991,1.2924588
4759,HLA-A*23:01,esm2_mean,locus,0,1.0,13696,2.70805020110221,0.67476815
4760,HLA-A*23:01,esm2_mean,locus,0,1.0,13696,2.0918640616783932,0.58305097
4761,HLA-A*23:01,esm2_mean,locus,0,1.0,13696,2.884800712846709,0.92474174
4762,HLA-A*23:01,esm2_mean,locus,0,1.0,13696,2.747270914255491,0.9925885
4763,HLA-A*23:01,esm2_mean,locus,0,1.0,13696,0.9932517730102833,1.5229154
4764,HLA-A*23:01,esm2_mean,locus,0,1.0,13696,0.4700036292457355,0.9358486
4765,HLA-A*23:01,esm2_mean,locus,0,1.0,13696,3.039749158970765,0.87051284
4766,HLA-A*23:01,esm2_mean,locus,0,1.0,13696,2.9601050959108397,0.65662
4767,HLA-A*23:01,esm2_mean,locus,0,1.0,13696,0.4054651081081644,1.122489
4768,HLA-A*23:01,esm2_mean,locus,0,1.0,13696,2.5877640352277083,0.9871605
4773,HLA-A*26:01,esm2_mean,locus,0,1.0,13696,0.18232155679395465,0.28481597
4774,HLA-A*26:01,esm2_mean,locus,0,1.0,13696,0.09531017980432487,0.45571297
4775,HLA-A*26:01,esm2_mean,locus,0,1.0,13696,0.18232155679395465,0.22308415
4776,HLA-A*26:01,esm2_mean,locus,0,1.0,13696,0.5877866649021191,0.089680016
4777,HLA-A*26:01,esm2_mean,locus,0,1.0,13696,0.18232155679395465,0.23788774
4778,HLA-A*26:01,esm2_mean,locus,0,1.0,13696,0.18232155679395465,0.2572881
4779,HLA-A*26:01,esm2_mean,locus,0,1.0,13696,0.832909122935104,0.465522
4780,HLA-A*26:01,esm2_mean,locus,0,1.0,13696,1.0986122886681098,0.14274186
4781,HLA-A*26:01,esm2_mean,locus,0,1.0,13696,2.533696813957432,0.39336038
4782,HLA-A*26:01,esm2_mean,locus,0,1.0,13696,2.1400661634962708,0.224662
4783,HLA-A*26:01,esm2_mean,locus,0,1.0,13696,0.5877866649021191,0.0819906
4784,HLA-A*26:01,esm2_mean,locus,0,1.0,13696,0.18232155679395465,0.18528575
4785,HLA-A*26:01,esm2_mean,locus,0,1.0,13696,1.7578579175523736,0.22804171
4786,HLA-A*26:01,esm2_mean,locus,0,1.0,13696,0.09531017980432487,0.103860795
4787,HLA-A*26:01,esm2_mean,locus,0,1.0,13696,1.308332819650179,0.06768489
4812,HLA-A*80:01,esm2_mean,locus,0,1.0,13696,0.18232155679395465,0.018084347
4813,HLA-A*80:01,esm2_mean,locus,0,1.0,13696,0.0,-0.1474095
4814,HLA-A*80:01,esm2_mean,locus,0,1.0,13696,0.4700036292457355,-0.2553323
4815,HLA-A*80:01,esm2_mean,locus,0,1.0,13696,0.26236426446749106,-0.017353356
4816,HLA-A*80:01,esm2_mean,locus,0,1.0,13696,0.09531017980432487,-0.040437162
4879,HLA-A*02:01,esm2_mean,locus,0,1.0,13696,0.26236426446749106,1.3767558
4880,HLA-A*02:01,esm2_mean,locus,0,1.0,13696,0.4054651081081644,1.8110383
4881,HLA-A*02:01,esm2_mean,locus,0,1.0,13696,0.18232155679395465,1.8914045
4882,HLA-A*02:01,esm2_mean,locus,0,1.0,13696,0.5306282510621704,1.7506044
4883,HLA-A*02:01,esm2_mean,locus,0,1.0,13696,0.4054651081081644,1.9063156
4884,HLA-A*02:01,esm2_mean,locus,0,1.0,13696,0.4700036292457355,1.9339623
4924,HLA-A*30:01,esm2_mean,locus,0,1.0,13696,0.33647223662121295,1.3298652
4925,HLA-A*30:01,esm2_mean,locus,0,1.0,13696,2.312535423847214,1.2111431
4926,HLA-A*30:01,esm2_mean,locus,0,1.0,13696,3.9318256327243257,1.207574
4927,HLA-A*11:01,esm2_mean,locus,0,1.0,13696,3.3775875160230218,1.4161655
4928,HLA-A*11:01,esm2_mean,locus,0,1.0,13696,3.9889840465642745,1.335795
4929,HLA-A*11:01,esm2_mean,locus,0,1.0,13696,2.580216829592325,1.356457
4930,HLA-A*11:01,esm2_mean,locus,0,1.0,13696,0.26236426446749106,1.5466478
4931,HLA-A*11:01,esm2_mean,locus,0,1.0,13696,1.1631508098056809,1.5103719
4932,HLA-A*11:01,esm2_mean,locus,0,1.0,13696,0.0,1.1375902
4933,HLA-A*11:01,esm2_mean,locus,0,1.0,13696,2.174751721484161,1.288871
4934,HLA-A*11:01,esm2_mean,locus,0,1.0,13696,1.410986973710262,1.2889906
4935,HLA-A*11:01,esm2_mean,locus,0,1.0,13696,0.33647223662121295,1.1992584
4936,HLA-A*11:01,esm2_mean,locus,0,1.0,13696,3.4111477125153233,1.6827365
4937,HLA-A*11:01,esm2_mean,locus,0,1.0,13696,0.5306282510621704,1.8730145
4938,HLA-A*11:01,esm2_mean,locus,0,1.0,13696,0.26236426446749106,1.3944749
4939,HLA-A*11:01,esm2_mean,locus,0,1.0,13696,0.18232155679395465,1.5700933
4940,HLA-A*11:01,esm2_mean,locus,0,1.0,13696,0.0,1.7538302
4941,HLA-A*11:01,esm2_mean,locus,0,1.0,13696,0.7884573603642702,1.2651223
4942,HLA-A*11:01,esm2_mean,locus,0,1.0,13696,1.1939224684724346,0.82992333
4943,HLA-A*11:01,esm2_mean,locus,0,1.0,13696,0.09531017980432487,1.3699074
4944,HLA-A*11:01,esm2_mean,locus,0,1.0,13696,0.4700036292457355,1.1561292
4945,HLA-A*11:01,esm2_mean,locus,0,1.0,13696,0.0,1.4006219
4946,HLA-A*23:01,esm2_mean,locus,0,1.0,13696,2.631888840136646,1.0985024
4947,HLA-A*23:01,esm2_mean,locus,0,1.0,13696,1.62924053973028,0.74261504
4954,HLA-A*02:16,esm2_mean,locus,0,1.0,13696,3.4307561839036995,1.473309
4955,HLA-A*02:16,esm2_mean,locus,0,1.0,13696,2.975529566236472,1.193002
4956,HLA-A*01:01,esm2_mean,locus,0,1.0,13696,0.0,0.9450125
4957,HLA-A*26:01,esm2_mean,locus,0,1.0,13696,0.4054651081081644,-0.018924892
4958,HLA-A*01:01,esm2_mean,locus,0,1.0,13696,1.8082887711792655,0.5865228
4959,HLA-A*26:01,esm2_mean,locus,0,1.0,13696,0.0,0.31515223
4960,HLA-A*26:01,esm2_mean,locus,0,1.0,13696,0.18232155679395465,0.3423428
4961,HLA-A*26:01,esm2_mean,locus,0,1.0,13696,2.468099531471619,0.23899907
4962,HLA-A*26:01,esm2_mean,locus,0,1.0,13696,0.9555114450274363,0.34387797
4964,HLA-A*24:03,esm2_mean,locus,0,1.0,13696,0.18232155679395465,0.97242844
4966,HLA-A*03:01,esm2_mean,locus,0,1.0,13696,1.7749523509116738,1.5475028
4967,HLA-A*03:01,esm2_mean,locus,0,1.0,13696,3.3105430133940246,1.7153857
4968,HLA-A*03:01,esm2_mean,locus,0,1.0,13696,4.278054044290903,2.1100974
4969,HLA-A*03:01,esm2_mean,locus,0,1.0,13696,0.0,1.8271298
4981,HLA-A*01:01,esm2_mean,locus,0,1.0,13696,0.5306282510621704,0.5603589
4982,HLA-A*01:01,esm2_mean,locus,0,1.0,13696,0.4700036292457355,0.43307513
4983,HLA-A*01:01,esm2_mean,locus,0,1.0,13696,1.1631508098056809,0.5891466
4984,HLA-A*01:01,esm2_mean,locus,0,1.0,13696,0.18232155679395465,0.6159873
4985,HLA-A*01:01,esm2_mean,locus,0,1.0,13696,0.4700036292457355,0.48961464
4986,HLA-A*01:01,esm2_mean,locus,0,1.0,13696,2.760009940032921,0.7536575
4987,HLA-A*01:01,esm2_mean,locus,0,1.0,13696,3.6189933266497696,0.76968277
4988,HLA-A*01:01,esm2_mean,locus,0,1.0,13696,0.18232155679395465,0.5964282
4989,HLA-A*01:01,esm2_mean,locus,0,1.0,13696,1.6094379124341003,0.7734265
4990,HLA-A*01:01,esm2_mean,locus,0,1.0,13696,0.18232155679395465,0.17929173
4991,HLA-A*01:01,esm2_mean,locus,0,1.0,13696,0.18232155679395465,0.60170865
4992,HLA-A*26:01,esm2_mean,locus,0,1.0,13696,2.451005098112319,0.28465372
4993,HLA-A*26:01,esm2_mean,locus,0,1.0,13696,0.0,0.18962675
4994,HLA-A*26:01,esm2_mean,locus,0,1.0,13696,0.26236426446749106,0.19581157
4995,HLA-A*26:01,esm2_mean,locus,0,1.0,13696,0.832909122935104,0.49121973
4996,HLA-A*26:01,esm2_mean,locus,0,1.0,13696,1.5260563034950494,-0.030594647
5016,HLA-A*02:01,esm2_mean,locus,0,1.0,13696,0.7419373447293773,1.4640802
5017,HLA-A*02:01,esm2_mean,locus,0,1.0,13696,0.8754687373538999,1.643475
5018,HLA-A*02:01,esm2_mean,locus,0,1.0,13696,2.7212954278522306,1.8638971
5019,HLA-A*24:03,esm2_mean,locus,0,1.0,13696,3.0007198150650303,0.4879798
5020,HLA-A*24:03,esm2_mean,locus,0,1.0,13696,0.832909122935104,0.8706483
5021,HLA-A*24:03,esm2_mean,locus,0,1.0,13696,1.667706820558076,0.5074976
5022,HLA-A*24:03,esm2_mean,locus,0,1.0,13696,0.4054651081081644,0.55522525
5023,HLA-A*24:03,esm2_mean,locus,0,1.0,13696,2.174751721484161,0.96899086
5024,HLA-A*24:03,esm2_mean,locus,0,1.0,13696,0.6931471805599453,0.5972599
5025,HLA-A*24:03,esm2_mean,locus,0,1.0,13696,1.5260563034950494,0.41577917
5026,HLA-A*24:03,esm2_mean,locus,0,1.0,13696,3.339321977944068,0.75747025
5027,HLA-A*24:03,esm2_mean,locus,0,1.0,13696,2.990719731730447,0.82531804
5028,HLA-A*24:03,esm2_mean,locus,0,1.0,13696,2.174751721484161,0.84752357
5029,HLA-A*24:03,esm2_mean,locus,0,1.0,13696,0.832909122935104,1.3556457
5030,HLA-A*24:03,esm2_mean,locus,0,1.0,13696,0.5306282510621704,0.7685776
5031,HLA-A*24:03,esm2_mean,locus,0,1.0,13696,1.7578579175523736,0.7032415
5032,HLA-A*24:03,esm2_mean,locus,0,1.0,13696,1.9878743481543455,0.40621847
5033,HLA-A*24:03,esm2_mean,locus,0,1.0,13696,2.2082744135228043,0.72843814
5034,HLA-A*24:03,esm2_mean,locus,0,1.0,13696,2.8390784635086144,0.48934853
5035,HLA-A*24:03,esm2_mean,locus,0,1.0,13696,1.252762968495368,0.95521677
5036,HLA-A*24:03,esm2_mean,locus,0,1.0,13696,2.2300144001592104,0.81988996
5037,HLA-A*24:03,esm2_mean,locus,0,1.0,13696,0.6931471805599453,0.39805645
5038,HLA-A*24:03,esm2_mean,locus,0,1.0,13696,0.26236426446749106,0.8379443
5039,HLA-A*24:03,esm2_mean,locus,0,1.0,13696,0.6931471805599453,0.8551585
5040,HLA-A*24:03,esm2_mean,locus,0,1.0,13696,0.33647223662121295,0.6746542
5041,HLA-A*24:03,esm2_mean,locus,0,1.0,13696,0.5877866649021191,0.57534283
5042,HLA-A*24:03,esm2_mean,locus,0,1.0,13696,3.9815490680767565,0.518086
5043,HLA-A*24:03,esm2_mean,locus,0,1.0,13696,3.653252276470785,0.95552754
5044,HLA-A*24:03,esm2_mean,locus,0,1.0,13696,3.6270040503958487,-0.6779097
5045,HLA-A*24:03,esm2_mean,locus,0,1.0,13696,2.4595888418037104,0.75702864
5046,HLA-A*24:03,esm2_mean,locus,0,1.0,13696,0.4054651081081644,0.8205248
5047,HLA-A*24:03,esm2_mean,locus,0,1.0,13696,1.8718021769015913,0.82231575
5048,HLA-A*24:03,esm2_mean,locus,0,1.0,13696,0.8754687373538999,0.7014107
5049,HLA-A*24:03,esm2_mean,locus,0,1.0,13696,3.86702563949741,0.7972806
5050,HLA-A*24:03,esm2_mean,locus,0,1.0,13696,3.5380565643793527,0.5099697
5051,HLA-A*24:03,esm2_mean,locus,0,1.0,13696,0.4700036292457355,0.7947285
5052,HLA-A*24:03,esm2_mean,locus,0,1.0,13696,0.7419373447293773,0.73762965
5053,HLA-A*24:03,esm2_mean,locus,0,1.0,13696,0.4700036292457355,0.99181384
5054,HLA-A*24:03,esm2_mean,locus,0,1.0,13696,1.589235205116581,1.0580584
5055,HLA-A*24:03,esm2_mean,locus,0,1.0,13696,1.308332819650179,0.884973
5056,HLA-A*24:03,esm2_mean,locus,0,1.0,13696,0.18232155679395465,0.7523477
5057,HLA-A*24:03,esm2_mean,locus,0,1.0,13696,0.5306282510621704,0.541987
5058,HLA-A*24:03,esm2_mean,locus,0,1.0,13696,0.4054651081081644,1.0376999
5059,HLA-A*24:03,esm2_mean,locus,0,1.0,13696,1.0986122886681098,1.2663248
5066,HLA-A*02:01,esm2_mean,locus,0,1.0,13696,3.730501128804756,1.7510195
5074,HLA-A*29:02,esm2_mean,locus,0,1.0,13696,3.1945831322991562,1.594919
5075,HLA-A*29:02,esm2_mean,locus,0,1.0,13696,2.6946271807700692,1.3874236
5076,HLA-A*29:02,esm2_mean,locus,0,1.0,13696,1.4350845252893227,1.8694131
5077,HLA-A*29:02,esm2_mean,locus,0,1.0,13696,2.8791984572980396,1.697722
5078,HLA-A*29:02,esm2_mean,locus,0,1.0,13696,2.8678989020441064,1.7238858
5079,HLA-A*29:02,esm2_mean,locus,0,1.0,13696,1.5260563034950494,1.7265089
5080,HLA-A*02:11,esm2_mean,locus,0,1.0,13696,2.6878474937846906,1.4476945
5081,HLA-A*02:11,esm2_mean,locus,0,1.0,13696,3.4965075614664802,1.3680525
5082,HLA-A*02:11,esm2_mean,locus,0,1.0,13696,0.9932517730102833,1.1428417
5083,HLA-A*02:11,esm2_mean,locus,0,1.0,13696,2.3608540011180215,1.885676
5084,HLA-A*02:11,esm2_mean,locus,0,1.0,13696,3.6938669956249757,1.7195296
5085,HLA-A*02:11,esm2_mean,locus,0,1.0,13696,2.7536607123542622,1.6552715
5086,HLA-A*02:11,esm2_mean,locus,0,1.0,13696,0.6418538861723948,1.2674878
5087,HLA-A*02:11,esm2_mean,locus,0,1.0,13696,2.785011242238338,1.1859409
5088,HLA-A*25:01,esm2_mean,locus,0,1.0,13696,0.0,0.6094076
5089,HLA-A*25:01,esm2_mean,locus,0,1.0,13696,0.0,0.46700865
5090,HLA-A*25:01,esm2_mean,locus,0,1.0,13696,0.0,0.867954
5091,HLA-A*25:01,esm2_mean,locus,0,1.0,13696,0.0,0.6981236
5092,HLA-A*25:01,esm2_mean,locus,0,1.0,13696,0.0,0.19016433
5093,HLA-A*25:01,esm2_mean,locus,0,1.0,13696,0.0,0.47984987
5094,HLA-A*25:01,esm2_mean,locus,0,1.0,13696,0.0,0.55076486
5096,HLA-A*80:01,esm2_mean,locus,0,1.0,13696,0.18232155679395465,0.07828218
5097,HLA-A*80:01,esm2_mean,locus,0,1.0,13696,0.0,0.019048154
5098,HLA-A*80:01,esm2_mean,locus,0,1.0,13696,0.18232155679395465,0.49206156
5099,HLA-A*80:01,esm2_mean,locus,0,1.0,13696,0.0,0.056932867
5100,HLA-A*80:01,esm2_mean,locus,0,1.0,13696,0.0,-0.15795463
5101,HLA-A*80:01,esm2_mean,locus,0,1.0,13696,0.18232155679395465,0.02370572
5102,HLA-A*80:01,esm2_mean,locus,0,1.0,13696,0.33647223662121295,-0.14784259
5103,HLA-A*80:01,esm2_mean,locus,0,1.0,13696,0.0,0.24649101
5104,HLA-A*80:01,esm2_mean,locus,0,1.0,13696,0.0,-0.028669417
5105,HLA-A*80:01,esm2_mean,locus,0,1.0,13696,0.0,-0.1822049
5106,HLA-A*80:01,esm2_mean,locus,0,1.0,13696,0.0,-0.20819396
5107,HLA-A*80:01,esm2_mean,locus,0,1.0,13696,0.0,0.05999887
5108,HLA-A*80:01,esm2_mean,locus,0,1.0,13696,0.26236426446749106,0.24767208
5109,HLA-A*02:01,esm2_mean,locus,0,1.0,13696,0.5306282510621704,1.8638034
5110,HLA-A*02:01,esm2_mean,locus,0,1.0,13696,2.8507065015037334,1.9698378
5111,HLA-A*02:01,esm2_mean,locus,0,1.0,13696,2.6602595372658615,1.7728784
5112,HLA-A*02:01,esm2_mean,locus,0,1.0,13696,0.18232155679395465,1.2678826
5113,HLA-A*02:01,esm2_mean,locus,0,1.0,13696,1.0647107369924282,1.8300312
5114,HLA-A*02:01,esm2_mean,locus,0,1.0,13696,1.1474024528375417,1.9618742
5115,HLA-A*02:01,esm2_mean,locus,0,1.0,13696,2.256541154492639,1.6199366
5116,HLA-A*80:01,esm2_mean,locus,0,1.0,13696,0.18232155679395465,0.07828903
5117,HLA-A*80:01,esm2_mean,locus,0,1.0,13696,1.1631508098056809,-0.028541863
5118,HLA-A*02:12,esm2_mean,locus,0,1.0,13696,0.7884573603642702,1.1454592
5119,HLA-A*02:12,esm2_mean,locus,0,1.0,13696,1.9315214116032138,1.0747998
5123,HLA-A*25:01,esm2_mean,locus,0,1.0,13696,1.1314021114911006,0.68061554
5124,HLA-A*25:01,esm2_mean,locus,0,1.0,13696,4.412798293340635,0.38375038
5125,HLA-A*25:01,esm2_mean,locus,0,1.0,13696,3.269568939183719,0.31972188
5126,HLA-A*25:01,esm2_mean,locus,0,1.0,13696,0.18232155679395465,0.32124972
5127,HLA-A*25:01,esm2_mean,locus,0,1.0,13696,0.8754687373538999,0.5835943
5128,HLA-A*25:01,esm2_mean,locus,0,1.0,13696,3.095577608523707,0.38196224
5129,HLA-A*25:01,esm2_mean,locus,0,1.0,13696,0.0,0.7768683
5130,HLA-A*25:01,esm2_mean,locus,0,1.0,13696,1.9315214116032138,0.3543775
5131,HLA-A*25:01,esm2_mean,locus,0,1.0,13696,0.26236426446749106,0.5603305
5132,HLA-A*25:01,esm2_mean,locus,0,1.0,13696,0.6418538861723948,0.99737203
5133,HLA-A*25:01,esm2_mean,locus,0,1.0,13696,0.18232155679395465,0.60557914
5134,HLA-A*25:01,esm2_mean,locus,0,1.0,13696,0.4054651081081644,0.6948806
5135,HLA-A*25:01,esm2_mean,locus,0,1.0,13696,0.33647223662121295,0.6035913
5136,HLA-A*25:01,esm2_mean,locus,0,1.0,13696,0.4054651081081644,0.472547
5137,HLA-A*25:01,esm2_mean,locus,0,1.0,13696,3.9926809084456005,0.5750702
5138,HLA-A*25:01,esm2_mean,locus,0,1.0,13696,2.0149030205422647,0.56261754
5139,HLA-A*25:01,esm2_mean,locus,0,1.0,13696,3.1179499062782403,0.45590907
5140,HLA-A*25:01,esm2_mean,locus,0,1.0,13696,2.791165107812717,0.4775405
5141,HLA-A*25:01,esm2_mean,locus,0,1.0,13696,3.648057459593681,0.39801675
5142,HLA-A*25:01,esm2_mean,locus,0,1.0,13696,3.9396381724611196,0.64149195
5143,HLA-A*25:01,esm2_mean,locus,0,1.0,13696,0.6931471805599453,0.59752
5144,HLA-A*25:01,esm2_mean,locus,0,1.0,13696,0.4054651081081644,0.36132532
5145,HLA-A*25:01,esm2_mean,locus,0,1.0,13696,0.0,0.5109629
5146,HLA-A*25:01,esm2_mean,locus,0,1.0,13696,0.6418538861723948,0.4430173
5147,HLA-A*25:01,esm2_mean,locus,0,1.0,13696,1.8870696490323797,0.6936363
5148,HLA-A*25:01,esm2_mean,locus,0,1.0,13696,1.6486586255873816,0.47569114
5149,HLA-A*25:01,esm2_mean,locus,0,1.0,13696,1.7404661748405046,0.6571281
5150,HLA-A*25:01,esm2_mean,locus,0,1.0,13696,0.4054651081081644,0.52142006
5151,HLA-A*25:01,esm2_mean,locus,0,1.0,13696,0.5306282510621704,0.32086593
5152,HLA-A*25:01,esm2_mean,locus,0,1.0,13696,0.832909122935104,0.8053857
5153,HLA-A*25:01,esm2_mean,locus,0,1.0,13696,2.151762203259462,0.4826615
5154,HLA-A*25:01,esm2_mean,locus,0,1.0,13696,0.5877866649021191,0.7001233
5155,HLA-A*25:01,esm2_mean,locus,0,1.0,13696,0.18232155679395465,0.6875099
5156,HLA-A*25:01,esm2_mean,locus,0,1.0,13696,0.5306282510621704,0.39275134
5157,HLA-A*25:01,esm2_mean,locus,0,1.0,13696,0.5306282510621704,0.31795126
5158,HLA-A*25:01,esm2_mean,locus,0,1.0,13696,3.1822118404966093,0.3966213
5159,HLA-A*25:01,esm2_mean,locus,0,1.0,13696,0.0,0.72036487
5160,HLA-A*25:01,esm2_mean,locus,0,1.0,13696,0.26236426446749106,0.62383115
5161,HLA-A*25:01,esm2_mean,locus,0,1.0,13696,0.26236426446749106,0.42628354
5162,HLA-A*25:01,esm2_mean,locus,0,1.0,13696,0.7884573603642702,0.6464255
5163,HLA-A*25:01,esm2_mean,locus,0,1.0,13696,0.7419373447293773,0.7882686
5164,HLA-A*25:01,esm2_mean,locus,0,1.0,13696,3.2771447329921766,0.55012727
5165,HLA-A*25:01,esm2_mean,locus,0,1.0,13696,0.832909122935104,0.72578496
5166,HLA-A*25:01,esm2_mean,locus,0,1.0,13696,0.0,0.67010355
5167,HLA-A*25:01,esm2_mean,locus,0,1.0,13696,0.5306282510621704,0.35746974
5168,HLA-A*25:01,esm2_mean,locus,0,1.0,13696,0.18232155679395465,0.42960173
5169,HLA-A*25:01,esm2_mean,locus,0,1.0,13696,2.4423470353692043,0.42814517
5170,HLA-A*25:01,esm2_mean,locus,0,1.0,13696,0.6931471805599453,0.49608707
5171,HLA-A*25:01,esm2_mean,locus,0,1.0,13696,0.5306282510621704,0.39413112
5172,HLA-A*25:01,esm2_mean,locus,0,1.0,13696,0.9162907318741551,0.3635136
5173,HLA-A*25:01,esm2_mean,locus,0,1.0,13696,0.0,0.5507642
5174,HLA-A*25:01,esm2_mean,locus,0,1.0,13696,0.18232155679395465,0.3231066
5175,HLA-A*25:01,esm2_mean,locus,0,1.0,13696,1.1314021114911006,0.29711777
5176,HLA-A*25:01,esm2_mean,locus,0,1.0,13696,4.401829261970061,0.41667825
5177,HLA-A*25:01,esm2_mean,locus,0,1.0,13696,2.0014800002101243,0.5840674
5178,HLA-A*25:01,esm2_mean,locus,0,1.0,13696,1.7227665977411035,0.5653113
5179,HLA-A*25:01,esm2_mean,locus,0,1.0,13696,1.0296194171811583,0.7529838
5180,HLA-A*25:01,esm2_mean,locus,0,1.0,13696,0.5306282510621704,0.60804665
5181,HLA-A*25:01,esm2_mean,locus,0,1.0,13696,1.0296194171811583,0.3935138
5182,HLA-A*25:01,esm2_mean,locus,0,1.0,13696,1.1631508098056809,0.50946295
5183,HLA-A*25:01,esm2_mean,locus,0,1.0,13696,0.0,0.3946764
5184,HLA-A*25:01,esm2_mean,locus,0,1.0,13696,0.4054651081081644,0.5878407
5185,HLA-A*25:01,esm2_mean,locus,0,1.0,13696,2.2082744135228043,0.57941765
5186,HLA-A*25:01,esm2_mean,locus,0,1.0,13696,0.33647223662121295,0.31740373
5187,HLA-A*25:01,esm2_mean,locus,0,1.0,13696,0.26236426446749106,0.20327502
5188,HLA-A*25:01,esm2_mean,locus,0,1.0,13696,1.5686159179138452,0.70243263
5189,HLA-A*25:01,esm2_mean,locus,0,1.0,13696,2.1400661634962708,0.304025
5190,HLA-A*02:16,esm2_mean,locus,0,1.0,13696,3.648057459593681,1.7451444
5191,HLA-A*02:19,esm2_mean,locus,0,1.0,13696,2.8622008809294686,1.5405847
5192,HLA-A*02:19,esm2_mean,locus,0,1.0,13696,0.0,1.5330658
5193,HLA-A*02:19,esm2_mean,locus,0,1.0,13696,0.33647223662121295,1.4666946
5194,HLA-A*11:01,esm2_mean,locus,0,1.0,13696,0.18232155679395465,1.708447
5195,HLA-A*11:01,esm2_mean,locus,0,1.0,13696,0.0,1.4189572
5196,HLA-A*11:01,esm2_mean,locus,0,1.0,13696,0.09531017980432487,1.4002331
5197,HLA-A*11:01,esm2_mean,locus,0,1.0,13696,0.6931471805599453,1.3125337
5198,HLA-A*11:01,esm2_mean,locus,0,1.0,13696,0.8754687373538999,1.4073339
5199,HLA-A*11:01,esm2_mean,locus,0,1.0,13696,0.0,0.79560626
5200,HLA-A*11:01,esm2_mean,locus,0,1.0,13696,0.26236426446749106,1.1894891
5201,HLA-A*11:01,esm2_mean,locus,0,1.0,13696,0.6418538861723948,0.88331676
5202,HLA-A*11:01,esm2_mean,locus,0,1.0,13696,0.0,1.3953123
5203,HLA-A*29:02,esm2_mean,locus,0,1.0,13696,0.18232155679395465,1.3923504
5214,HLA-A*80:01,esm2_mean,locus,0,1.0,13696,0.0,-0.12557977
5215,HLA-A*80:01,esm2_mean,locus,0,1.0,13696,0.7884573603642702,0.10583925
5216,HLA-A*80:01,esm2_mean,locus,0,1.0,13696,0.18232155679395465,0.42031366
5217,HLA-A*80:01,esm2_mean,locus,0,1.0,13696,0.8754687373538999,-0.14051098
5218,HLA-A*80:01,esm2_mean,locus,0,1.0,13696,0.9555114450274363,0.27527207
5219,HLA-A*80:01,esm2_mean,locus,0,1.0,13696,0.33647223662121295,-0.22390419
5220,HLA-A*80:01,esm2_mean,locus,0,1.0,13696,0.0,0.18832356
5221,HLA-A*80:01,esm2_mean,locus,0,1.0,13696,0.26236426446749106,0.1980474
5222,HLA-A*80:01,esm2_mean,locus,0,1.0,13696,0.0,-0.30203706
5223,HLA-A*80:01,esm2_mean,locus,0,1.0,13696,0.26236426446749106,-0.032764733
5224,HLA-A*80:01,esm2_mean,locus,0,1.0,13696,0.0,0.15181595
5227,HLA-A*25:01,esm2_mean,locus,0,1.0,13696,2.70805020110221,0.5384759
5228,HLA-A*25:01,esm2_mean,locus,0,1.0,13696,0.0,0.34089476
5229,HLA-A*25:01,esm2_mean,locus,0,1.0,13696,0.33647223662121295,0.47677076
5230,HLA-A*25:01,esm2_mean,locus,0,1.0,13696,0.4054651081081644,0.58360183
5231,HLA-A*25:01,esm2_mean,locus,0,1.0,13696,2.302585092994046,0.5591291
5232,HLA-A*25:01,esm2_mean,locus,0,1.0,13696,1.0986122886681098,0.72698617
5233,HLA-A*29:02,esm2_mean,locus,0,1.0,13696,0.4054651081081644,1.6788275
5234,HLA-A*29:02,esm2_mean,locus,0,1.0,13696,0.4700036292457355,1.6195933
5235,HLA-A*29:02,esm2_mean,locus,0,1.0,13696,1.252762968495368,1.7008121
5236,HLA-A*29:02,esm2_mean,locus,0,1.0,13696,2.128231705849268,1.7901132
5237,HLA-A*29:02,esm2_mean,locus,0,1.0,13696,0.4054651081081644,1.6574781
5238,HLA-A*29:02,esm2_mean,locus,0,1.0,13696,2.2823823856765264,1.5677803
5239,HLA-A*29:02,esm2_mean,locus,0,1.0,13696,3.0633909220278057,1.44259
5240,HLA-A*29:02,esm2_mean,locus,0,1.0,13696,0.0,1.7888684
5241,HLA-A*29:02,esm2_mean,locus,0,1.0,13696,0.33647223662121295,1.7523609
5242,HLA-A*29:02,esm2_mean,locus,0,1.0,13696,2.9444389791664403,1.6242507
5243,HLA-A*29:02,esm2_mean,locus,0,1.0,13696,1.252762968495368,1.9631875
5244,HLA-A*29:02,esm2_mean,locus,0,1.0,13696,3.1179499062782403,1.4527029
5245,HLA-A*29:02,esm2_mean,locus,0,1.0,13696,0.18232155679395465,1.6269784
5246,HLA-A*29:02,esm2_mean,locus,0,1.0,13696,0.7884573603642702,1.5718741
5247,HLA-A*29:02,esm2_mean,locus,0,1.0,13696,1.547562508716013,1.6186295
5248,HLA-A*29:02,esm2_mean,locus,0,1.0,13696,2.3513752571634776,1.6561795
5249,HLA-A*29:02,esm2_mean,locus,0,1.0,13696,2.917770732084279,1.4106477
5250,HLA-A*29:02,esm2_mean,locus,0,1.0,13696,0.4054651081081644,1.4267716
5251,HLA-A*29:02,esm2_mean,locus,0,1.0,13696,0.26236426446749106,1.808995
5252,HLA-A*29:02,esm2_mean,locus,0,1.0,13696,2.451005098112319,1.8162997
5253,HLA-A*29:02,esm2_mean,locus,0,1.0,13696,2.322387720290225,1.6605444
5254,HLA-A*29:02,esm2_mean,locus,0,1.0,13696,1.1631508098056809,1.8482174
5255,HLA-A*29:02,esm2_mean,locus,0,1.0,13696,0.18232155679395465,1.2985079
5256,HLA-A*03:01,esm2_mean,locus,0,1.0,13696,3.3250360206965914,1.9270141
5257,HLA-A*03:01,esm2_mean,locus,0,1.0,13696,0.33647223662121295,1.8200123
5258,HLA-A*03:01,esm2_mean,locus,0,1.0,13696,0.18232155679395465,1.6338997
5259,HLA-A*03:01,esm2_mean,locus,0,1.0,13696,0.26236426446749106,1.6809406
5260,HLA-A*03:01,esm2_mean,locus,0,1.0,13696,1.0986122886681098,1.7831423
5261,HLA-A*03:01,esm2_mean,locus,0,1.0,13696,0.5877866649021191,1.9646199
5262,HLA-A*03:01,esm2_mean,locus,0,1.0,13696,3.9871304779149512,2.064885
5263,HLA-A*03:01,esm2_mean,locus,0,1.0,13696,0.6931471805599453,2.00164
5264,HLA-A*03:01,esm2_mean,locus,0,1.0,13696,2.797281334830153,1.7466072
5265,HLA-A*03:01,esm2_mean,locus,0,1.0,13696,0.18232155679395465,1.9595506
5266,HLA-A*03:01,esm2_mean,locus,0,1.0,13696,0.0,2.0471792
5267,HLA-A*03:01,esm2_mean,locus,0,1.0,13696,0.6418538861723948,2.2284753
5268,HLA-A*03:01,esm2_mean,locus,0,1.0,13696,0.7419373447293773,1.7154586
5269,HLA-A*03:01,esm2_mean,locus,0,1.0,13696,0.26236426446749106,2.3249252
5270,HLA-A*03:01,esm2_mean,locus,0,1.0,13696,0.7884573603642702,1.817838
5271,HLA-A*03:01,esm2_mean,locus,0,1.0,13696,0.26236426446749106,1.919244
5272,HLA-A*03:01,esm2_mean,locus,0,1.0,13696,0.0,1.5869191
5273,HLA-A*03:01,esm2_mean,locus,0,1.0,13696,0.18232155679395465,1.7615995
5274,HLA-A*03:01,esm2_mean,locus,0,1.0,13696,0.0,1.9220984
5275,HLA-A*03:01,esm2_mean,locus,0,1.0,13696,0.0,2.0881014
5276,HLA-A*03:01,esm2_mean,locus,0,1.0,13696,0.0,1.8558605
5277,HLA-A*03:01,esm2_mean,locus,0,1.0,13696,3.3638415951183864,2.3631632
5281,HLA-A*02:01,esm2_mean,locus,0,1.0,13696,1.62924053973028,1.8897505
5282,HLA-A*02:01,esm2_mean,locus,0,1.0,13696,3.3843902633457743,1.5910234
5283,HLA-A*02:01,esm2_mean,locus,0,1.0,13696,0.4700036292457355,1.731805
5284,HLA-A*02:01,esm2_mean,locus,0,1.0,13696,0.7419373447293773,2.0978072
5285,HLA-A*02:01,esm2_mean,locus,0,1.0,13696,1.1151415906193203,1.5160441
5286,HLA-A*02:01,esm2_mean,locus,0,1.0,13696,3.305053521109253,1.7558022
5287,HLA-A*02:01,esm2_mean,locus,0,1.0,13696,1.0116009116784799,1.9811547
5288,HLA-A*02:01,esm2_mean,locus,0,1.0,13696,0.6678293725756554,1.2970047
5289,HLA-A*02:01,esm2_mean,locus,0,1.0,13696,1.0296194171811583,1.6176896
5290,HLA-A*02:01,esm2_mean,locus,0,1.0,13696,1.9671123567059163,1.6302774
5291,HLA-A*02:01,esm2_mean,locus,0,1.0,13696,0.6678293725756554,1.4846604
5292,HLA-A*02:01,esm2_mean,locus,0,1.0,13696,1.589235205116581,1.923306
5293,HLA-A*02:01,esm2_mean,locus,0,1.0,13696,1.0296194171811583,1.6452944
5294,HLA-A*02:01,esm2_mean,locus,0,1.0,13696,0.37156355643248307,1.8674426
5295,HLA-A*02:01,esm2_mean,locus,0,1.0,13696,0.37156355643248307,1.7597435
5296,HLA-A*02:01,esm2_mean,locus,0,1.0,13696,0.8544153281560676,1.5873101
5297,HLA-A*02:01,esm2_mean,locus,0,1.0,13696,0.18232155679395465,1.4317858
5298,HLA-A*02:01,esm2_mean,locus,0,1.0,13696,2.388762789235098,1.6655877
5299,HLA-A*02:01,esm2_mean,locus,0,1.0,13696,0.6931471805599453,1.8290117
5300,HLA-A*02:01,esm2_mean,locus,0,1.0,13696,2.5494451709255714,2.0810194
5301,HLA-A*02:01,esm2_mean,locus,0,1.0,13696,1.3480731482996928,1.720631
5302,HLA-A*02:01,esm2_mean,locus,0,1.0,13696,1.6094379124341003,1.696003
5303,HLA-A*02:01,esm2_mean,locus,0,1.0,13696,0.18232155679395465,1.5421267
5307,HLA-A*03:01,esm2_mean,locus,0,1.0,13696,1.9021075263969205,1.9381998
5308,HLA-A*03:01,esm2_mean,locus,0,1.0,13696,0.9162907318741551,1.8544446
5309,HLA-A*03:01,esm2_mean,locus,0,1.0,13696,0.4700036292457355,1.903923
5310,HLA-A*03:01,esm2_mean,locus,0,1.0,13696,2.5952547069568657,1.843086
5311,HLA-A*03:01,esm2_mean,locus,0,1.0,13696,3.150596984114906,1.9559458
5312,HLA-A*03:01,esm2_mean,locus,0,1.0,13696,0.0,1.5831485
5313,HLA-A*03:01,esm2_mean,locus,0,1.0,13696,1.9671123567059163,1.8522184
5314,HLA-A*03:01,esm2_mean,locus,0,1.0,13696,0.0,1.686064
5315,HLA-A*03:01,esm2_mean,locus,0,1.0,13696,0.0,1.8191123
5316,HLA-A*03:01,esm2_mean,locus,0,1.0,13696,1.410986973710262,1.825418
5317,HLA-A*03:01,esm2_mean,locus,0,1.0,13696,2.6026896854443837,2.132324
5318,HLA-A*03:01,esm2_mean,locus,0,1.0,13696,3.9435216724875173,2.068915
5319,HLA-A*03:01,esm2_mean,locus,0,1.0,13696,0.18232155679395465,1.6999972
5320,HLA-A*03:01,esm2_mean,locus,0,1.0,13696,0.5306282510621704,1.6928195
5321,HLA-A*03:01,esm2_mean,locus,0,1.0,13696,0.5877866649021191,2.373986
5322,HLA-A*03:01,esm2_mean,locus,0,1.0,13696,0.6931471805599453,1.8832059
5323,HLA-A*03:01,esm2_mean,locus,0,1.0,13696,3.292126286607793,2.1496634
5324,HLA-A*03:01,esm2_mean,locus,0,1.0,13696,0.6418538861723948,1.8760912
5325,HLA-A*03:01,esm2_mean,locus,0,1.0,13696,0.0,1.8038759
5326,HLA-A*03:01,esm2_mean,locus,0,1.0,13696,0.4700036292457355,1.5730405
5327,HLA-A*03:01,esm2_mean,locus,0,1.0,13696,0.6418538861723948,2.059096
5328,HLA-A*03:01,esm2_mean,locus,0,1.0,13696,2.72785282839839,1.9068046
5329,HLA-A*03:01,esm2_mean,locus,0,1.0,13696,0.4700036292457355,1.5723674
5349,HLA-A*31:01,esm2_mean,locus,0,1.0,13696,0.5306282510621704,1.2071376
5350,HLA-A*31:01,esm2_mean,locus,0,1.0,13696,0.33647223662121295,1.2174597
5351,HLA-A*31:01,esm2_mean,locus,0,1.0,13696,2.3608540011180215,1.3466506
5352,HLA-A*31:01,esm2_mean,locus,0,1.0,13696,0.26236426446749106,1.1722004
5353,HLA-A*31:01,esm2_mean,locus,0,1.0,13696,1.6863989535702288,1.0519357
5354,HLA-A*31:01,esm2_mean,locus,0,1.0,13696,0.26236426446749106,1.025288
5355,HLA-A*31:01,esm2_mean,locus,0,1.0,13696,1.1631508098056809,1.3823323
5356,HLA-A*31:01,esm2_mean,locus,0,1.0,13696,2.2925347571405443,1.5511732
5357,HLA-A*31:01,esm2_mean,locus,0,1.0,13696,0.4054651081081644,1.110671
5358,HLA-A*31:01,esm2_mean,locus,0,1.0,13696,0.33647223662121295,1.2532172
5364,HLA-A*02:12,esm2_mean,locus,0,1.0,13696,3.481240089335692,1.0706831
5365,HLA-A*02:12,esm2_mean,locus,0,1.0,13696,3.543853682063679,1.2751656
5366,HLA-A*02:12,esm2_mean,locus,0,1.0,13696,1.252762968495368,1.1690023
5367,HLA-A*02:12,esm2_mean,locus,0,1.0,13696,0.7419373447293773,0.89783454
5368,HLA-A*02:12,esm2_mean,locus,0,1.0,13696,2.917770732084279,0.9744293
5369,HLA-A*02:12,esm2_mean,locus,0,1.0,13696,2.6461747973841225,1.0114963
5370,HLA-A*02:12,esm2_mean,locus,0,1.0,13696,2.9652730660692823,0.8131484
5371,HLA-A*02:12,esm2_mean,locus,0,1.0,13696,2.533696813957432,1.0357938
5372,HLA-A*02:12,esm2_mean,locus,0,1.0,13696,3.9926809084456005,0.70267034
5373,HLA-A*02:12,esm2_mean,locus,0,1.0,13696,3.7727609380946383,0.9678448
5374,HLA-A*02:12,esm2_mean,locus,0,1.0,13696,1.5686159179138452,1.2867177
5375,HLA-A*02:12,esm2_mean,locus,0,1.0,13696,0.6931471805599453,0.9178263
5376,HLA-A*02:12,esm2_mean,locus,0,1.0,13696,3.2068032436339315,1.2001973
5377,HLA-A*02:12,esm2_mean,locus,0,1.0,13696,3.5467396869528134,1.0847349
5378,HLA-A*02:12,esm2_mean,locus,0,1.0,13696,2.8390784635086144,1.2555645
5379,HLA-A*02:12,esm2_mean,locus,0,1.0,13696,1.2809338454620642,1.2573271
5380,HLA-A*02:12,esm2_mean,locus,0,1.0,13696,1.5260563034950494,1.3961146
5381,HLA-A*02:12,esm2_mean,locus,0,1.0,13696,3.1441522786722644,1.0949414
5382,HLA-A*02:12,esm2_mean,locus,0,1.0,13696,0.832909122935104,0.8697318
5383,HLA-A*02:12,esm2_mean,locus,0,1.0,13696,3.349904087274605,1.612565
5384,HLA-A*02:12,esm2_mean,locus,0,1.0,13696,2.884800712846709,1.3821605
5385,HLA-A*02:11,esm2_mean,locus,0,1.0,13696,3.202746442938317,1.3437945
5386,HLA-A*02:11,esm2_mean,locus,0,1.0,13696,2.681021528714291,1.6102605
5387,HLA-A*02:11,esm2_mean,locus,0,1.0,13696,2.928523523860541,1.24754
5388,HLA-A*02:11,esm2_mean,locus,0,1.0,13696,3.3568971227655755,1.3560296
5389,HLA-A*02:11,esm2_mean,locus,0,1.0,13696,3.1135153092103742,1.2846069
5390,HLA-A*02:11,esm2_mean,locus,0,1.0,13696,2.624668592163159,1.0799032
5391,HLA-A*02:11,esm2_mean,locus,0,1.0,13696,0.6418538861723948,1.2992498
5392,HLA-A*02:11,esm2_mean,locus,0,1.0,13696,3.380994674344636,1.0425588
5393,HLA-A*02:11,esm2_mean,locus,0,1.0,13696,3.3250360206965914,1.086259
5394,HLA-A*02:11,esm2_mean,locus,0,1.0,13696,3.3978584803966405,1.308905
5395,HLA-A*02:11,esm2_mean,locus,0,1.0,13696,3.0301337002713233,1.2409564
5396,HLA-A*02:11,esm2_mean,locus,0,1.0,13696,2.0794415416798357,1.5598288
5397,HLA-A*02:11,esm2_mean,locus,0,1.0,13696,2.4069451083182885,1.1909384
5398,HLA-A*02:11,esm2_mean,locus,0,1.0,13696,2.2300144001592104,1.4733089
5399,HLA-A*02:11,esm2_mean,locus,0,1.0,13696,3.653252276470785,1.3578457
5400,HLA-A*02:11,esm2_mean,locus,0,1.0,13696,2.740840023925201,1.5286751
5401,HLA-A*02:11,esm2_mean,locus,0,1.0,13696,2.272125885509337,1.530438
5402,HLA-A*02:11,esm2_mean,locus,0,1.0,13696,2.975529566236472,1.5528038
5403,HLA-A*02:11,esm2_mean,locus,0,1.0,13696,3.126760535960395,1.6692264
5404,HLA-A*02:11,esm2_mean,locus,0,1.0,13696,2.379546134130174,1.3357812
5405,HLA-A*02:11,esm2_mean,locus,0,1.0,13696,2.954910279033736,1.167387
5406,HLA-A*02:11,esm2_mean,locus,0,1.0,13696,2.6100697927420065,1.6693636
5407,HLA-A*02:19,esm2_mean,locus,0,1.0,13696,3.0106208860477417,1.5769482
5408,HLA-A*02:19,esm2_mean,locus,0,1.0,13696,1.4350845252893227,1.5243556
5409,HLA-A*02:19,esm2_mean,locus,0,1.0,13696,2.1972245773362196,1.2155137
5410,HLA-A*02:19,esm2_mean,locus,0,1.0,13696,1.1939224684724346,1.4381591
5411,HLA-A*02:19,esm2_mean,locus,0,1.0,13696,3.735285826928092,1.105036
5412,HLA-A*02:19,esm2_mean,locus,0,1.0,13696,3.754198920234579,1.3702092
5413,HLA-A*02:19,esm2_mean,locus,0,1.0,13696,0.9932517730102833,1.689083
5414,HLA-A*02:19,esm2_mean,locus,0,1.0,13696,0.18232155679395465,1.320192
5415,HLA-A*02:19,esm2_mean,locus,0,1.0,13696,2.1400661634962708,1.6025612
5416,HLA-A*02:19,esm2_mean,locus,0,1.0,13696,3.1354942159291497,1.4870999
5417,HLA-A*02:19,esm2_mean,locus,0,1.0,13696,2.2082744135228043,1.657929
5418,HLA-A*02:19,esm2_mean,locus,0,1.0,13696,0.5306282510621704,1.6596926
5419,HLA-A*02:19,esm2_mean,locus,0,1.0,13696,3.8372994592322094,1.6820576
5420,HLA-A*02:19,esm2_mean,locus,0,1.0,13696,0.9555114450274363,1.79848
5421,HLA-A*02:19,esm2_mean,locus,0,1.0,13696,2.5877640352277083,1.4973071
5422,HLA-A*02:19,esm2_mean,locus,0,1.0,13696,1.791759469228055,1.2720969
5423,HLA-A*02:19,esm2_mean,locus,0,1.0,13696,3.493472657771326,2.0149293
5424,HLA-A*02:19,esm2_mean,locus,0,1.0,13696,1.840549633397487,1.7845263
5425,HLA-A*02:19,esm2_mean,locus,0,1.0,13696,0.9932517730102833,1.3967416
5426,HLA-A*02:19,esm2_mean,locus,0,1.0,13696,2.174751721484161,1.3151944
5427,HLA-A*02:03,esm2_mean,locus,0,1.0,13696,3.0726933146901194,1.3037739
5428,HLA-A*02:03,esm2_mean,locus,0,1.0,13696,1.8718021769015913,1.2241322
5429,HLA-A*02:03,esm2_mean,locus,0,1.0,13696,2.6602595372658615,1.7417555
5430,HLA-A*02:03,esm2_mean,locus,0,1.0,13696,2.760009940032921,1.5756087
5431,HLA-A*02:03,esm2_mean,locus,0,1.0,13696,2.6602595372658615,1.5113516
5432,HLA-A*02:03,esm2_mean,locus,0,1.0,13696,1.667706820558076,1.1235676
5433,HLA-A*02:12,esm2_mean,locus,0,1.0,13696,2.4159137783010487,0.9128297
5434,HLA-A*02:12,esm2_mean,locus,0,1.0,13696,3.502549875922443,1.2796932
5435,HLA-A*02:12,esm2_mean,locus,0,1.0,13696,1.1631508098056809,0.9943764
5436,HLA-A*02:12,esm2_mean,locus,0,1.0,13696,2.4423470353692043,1.3962526
5443,HLA-A*02:01,esm2_mean,locus,0,1.0,13696,0.7884573603642702,1.7626312
5444,HLA-A*02:01,esm2_mean,locus,0,1.0,13696,0.18232155679395465,1.5560293
5445,HLA-A*02:01,esm2_mean,locus,0,1.0,13696,1.308332819650179,1.4568677
5446,HLA-A*02:01,esm2_mean,locus,0,1.0,13696,2.917770732084279,1.7350051
5447,HLA-A*02:01,esm2_mean,locus,0,1.0,13696,0.26236426446749106,1.8474381
5448,HLA-A*02:01,esm2_mean,locus,0,1.0,13696,0.9162907318741551,1.9252646
5449,HLA-A*02:01,esm2_mean,locus,0,1.0,13696,0.18232155679395465,1.6059699
5450,HLA-A*02:01,esm2_mean,locus,0,1.0,13696,0.18232155679395465,1.5591094
5451,HLA-A*02:01,esm2_mean,locus,0,1.0,13696,0.8754687373538999,1.7232547
5452,HLA-A*02:01,esm2_mean,locus,0,1.0,13696,0.18232155679395465,1.8675718
5453,HLA-A*02:01,esm2_mean,locus,0,1.0,13696,0.26236426446749106,0.9110906
5454,HLA-A*02:01,esm2_mean,locus,0,1.0,13696,0.09531017980432487,1.7843758
5455,HLA-A*02:01,esm2_mean,locus,0,1.0,13696,2.085672091430472,1.977273
5456,HLA-A*02:01,esm2_mean,locus,0,1.0,13696,0.26236426446749106,1.9411874
5457,HLA-A*02:01,esm2_mean,locus,0,1.0,13696,1.4816045409242156,1.7651733
5458,HLA-A*02:01,esm2_mean,locus,0,1.0,13696,0.7419373447293773,1.8341485
5459,HLA-A*02:01,esm2_mean,locus,0,1.0,13696,1.8082887711792655,1.2956177
5460,HLA-A*02:01,esm2_mean,locus,0,1.0,13696,2.928523523860541,2.0028398
5461,HLA-A*02:01,esm2_mean,locus,0,1.0,13696,0.18232155679395465,1.5757027
5462,HLA-A*02:01,esm2_mean,locus,0,1.0,13696,0.9555114450274363,1.5710518
5463,HLA-A*02:01,esm2_mean,locus,0,1.0,13696,0.7419373447293773,1.6783171
5464,HLA-A*02:01,esm2_mean,locus,0,1.0,13696,0.4700036292457355,1.4917065
5465,HLA-A*02:01,esm2_mean,locus,0,1.0,13696,0.8754687373538999,1.8389502
5466,HLA-A*02:01,esm2_mean,locus,0,1.0,13696,0.4700036292457355,1.7972903
5467,HLA-A*02:01,esm2_mean,locus,0,1.0,13696,0.33647223662121295,1.4823143
5468,HLA-A*02:01,esm2_mean,locus,0,1.0,13696,0.26236426446749106,1.573081
5469,HLA-A*02:01,esm2_mean,locus,0,1.0,13696,0.8754687373538999,1.6472175
5470,HLA-A*02:01,esm2_mean,locus,0,1.0,13696,0.18232155679395465,1.6063263
5471,HLA-A*02:01,esm2_mean,locus,0,1.0,13696,0.832909122935104,1.5149984
5472,HLA-A*02:01,esm2_mean,locus,0,1.0,13696,0.26236426446749106,1.8942761
5473,HLA-A*02:01,esm2_mean,locus,0,1.0,13696,0.26236426446749106,1.7030432
5474,HLA-A*02:01,esm2_mean,locus,0,1.0,13696,0.18232155679395465,1.7418237
5475,HLA-A*02:01,esm2_mean,locus,0,1.0,13696,0.26236426446749106,1.7666001
5476,HLA-A*02:01,esm2_mean,locus,0,1.0,13696,1.0986122886681098,1.9297092
5477,HLA-A*02:01,esm2_mean,locus,0,1.0,13696,0.26236426446749106,1.6587243
5478,HLA-A*02:01,esm2_mean,locus,0,1.0,13696,0.5877866649021191,1.6011441
5479,HLA-A*02:01,esm2_mean,locus,0,1.0,13696,0.9162907318741551,1.6015286
5480,HLA-A*02:01,esm2_mean,locus,0,1.0,13696,0.26236426446749106,1.6421356
5481,HLA-A*02:11,esm2_mean,locus,0,1.0,13696,1.7749523509116738,1.5407686
5482,HLA-A*02:11,esm2_mean,locus,0,1.0,13696,0.9555114450274363,1.4485362
5483,HLA-A*02:03,esm2_mean,locus,0,1.0,13696,3.449987545831587,1.1998734
5484,HLA-A*02:03,esm2_mean,locus,0,1.0,13696,2.9338568698359038,1.4043558
5485,HLA-A*02:03,esm2_mean,locus,0,1.0,13696,3.933784497209659,1.4663395
5486,HLA-A*02:03,esm2_mean,locus,0,1.0,13696,2.9391619220655967,1.1036202
5487,HLA-A*02:03,esm2_mean,locus,0,1.0,13696,3.261935314328648,1.21211
5488,HLA-A*02:03,esm2_mean,locus,0,1.0,13696,1.589235205116581,1.1892302
5489,HLA-A*02:03,esm2_mean,locus,0,1.0,13696,3.370738174177447,1.1895362
5490,HLA-A*02:03,esm2_mean,locus,0,1.0,13696,1.308332819650179,1.1406866
5491,HLA-A*02:03,esm2_mean,locus,0,1.0,13696,3.246490991901174,1.346062
5492,HLA-A*02:03,esm2_mean,locus,0,1.0,13696,2.5877640352277083,1.3143133
5493,HLA-A*02:03,esm2_mean,locus,0,1.0,13696,3.475067230228611,1.1665785
5494,HLA-A*02:03,esm2_mean,locus,0,1.0,13696,1.6863989535702288,0.8986382
5495,HLA-A*02:03,esm2_mean,locus,0,1.0,13696,0.4700036292457355,1.3034465
5496,HLA-A*02:03,esm2_mean,locus,0,1.0,13696,2.970414465569701,1.1918614
5497,HLA-A*03:01,esm2_mean,locus,0,1.0,13696,0.0,1.4615014
5498,HLA-A*03:01,esm2_mean,locus,0,1.0,13696,0.33647223662121295,1.954598
5499,HLA-A*03:01,esm2_mean,locus,0,1.0,13696,1.1314021114911006,1.7700669
5500,HLA-A*03:01,esm2_mean,locus,0,1.0,13696,1.4586150226995167,1.9303842
5501,HLA-A*03:01,esm2_mean,locus,0,1.0,13696,0.09531017980432487,1.9116597
5502,HLA-A*02:12,esm2_mean,locus,0,1.0,13696,2.8390784635086144,1.1745827
5503,HLA-A*02:12,esm2_mean,locus,0,1.0,13696,3.126760535960395,0.76944673
5504,HLA-A*02:12,esm2_mean,locus,0,1.0,13696,1.589235205116581,1.2676586
5505,HLA-A*02:12,esm2_mean,locus,0,1.0,13696,1.3862943611198906,1.2836328
5506,HLA-A*02:12,esm2_mean,locus,0,1.0,13696,1.667706820558076,1.1376656
5507,HLA-A*02:12,esm2_mean,locus,0,1.0,13696,2.9806186357439426,1.5069911
5508,HLA-A*02:12,esm2_mean,locus,0,1.0,13696,0.6418538861723948,1.1765757
5522,HLA-A*03:01,esm2_mean,locus,0,1.0,13696,0.0,2.4985962
5523,HLA-A*03:01,esm2_mean,locus,0,1.0,13696,0.0,1.6873767
5524,HLA-A*80:01,esm2_mean,locus,0,1.0,13696,0.0,0.036935985
5526,HLA-A*25:01,esm2_mean,locus,0,1.0,13696,0.0,0.63198423
5527,HLA-A*25:01,esm2_mean,locus,0,1.0,13696,0.0,0.64737076
5529,HLA-A*25:01,esm2_mean,locus,0,1.0,13696,0.0,0.39989626
5530,HLA-A*03:01,esm2_mean,locus,0,1.0,13696,0.0,1.4945731
5543,HLA-A*03:01,esm2_mean,locus,0,1.0,13696,0.0,1.9800048
5544,HLA-A*03:01,esm2_mean,locus,0,1.0,13696,0.0,1.8002985
5545,HLA-A*03:01,esm2_mean,locus,0,1.0,13696,0.0,1.9059026
5546,HLA-A*02:19,esm2_mean,locus,0,1.0,13696,0.0,1.0520327
5547,HLA-A*02:19,esm2_mean,locus,0,1.0,13696,2.379546134130174,1.530308
5548,HLA-A*02:12,esm2_mean,locus,0,1.0,13696,3.3775875160230218,1.1279428
5556,HLA-A*25:01,esm2_mean,locus,0,1.0,13696,0.0,0.5292558
5557,HLA-A*25:01,esm2_mean,locus,0,1.0,13696,0.0,0.5254104
5561,HLA-A*02:03,esm2_mean,locus,0,1.0,13696,0.0,1.1278157
5563,HLA-A*80:01,esm2_mean,locus,0,1.0,13696,0.0,0.02394396
5564,HLA-A*80:01,esm2_mean,locus,0,1.0,13696,0.0,0.041600764
5566,HLA-A*03:01,esm2_mean,locus,0,1.0,13696,0.0,1.8878136
5567,HLA-A*23:01,esm2_mean,locus,0,1.0,13696,3.2188758248682006,1.3531142
5568,HLA-A*23:01,esm2_mean,locus,0,1.0,13696,1.9600947840472698,0.27144116
5569,HLA-A*23:01,esm2_mean,locus,0,1.0,13696,2.6026896854443837,0.7552067
5570,HLA-A*23:01,esm2_mean,locus,0,1.0,13696,2.8678989020441064,1.0405462
5571,HLA-A*23:01,esm2_mean,locus,0,1.0,13696,3.086486636822455,1.1644996
5572,HLA-A*23:01,esm2_mean,locus,0,1.0,13696,0.6418538861723948,0.9774836
5573,HLA-A*23:01,esm2_mean,locus,0,1.0,13696,2.760009940032921,0.96569145
5574,HLA-A*23:01,esm2_mean,locus,0,1.0,13696,3.4657359027997265,0.9327213
5575,HLA-A*23:01,esm2_mean,locus,0,1.0,13696,2.5257286443082556,0.8623513
5576,HLA-A*23:01,esm2_mean,locus,0,1.0,13696,0.9162907318741551,0.94963664
5577,HLA-A*23:01,esm2_mean,locus,0,1.0,13696,2.4765384001174837,0.6698251
5578,HLA-A*23:01,esm2_mean,locus,0,1.0,13696,0.4700036292457355,1.0942683
5587,HLA-A*29:02,esm2_mean,locus,0,1.0,13696,0.4054651081081644,1.3746219
5588,HLA-A*03:01,esm2_mean,locus,0,1.0,13696,3.594568774642695,1.741949
5589,HLA-A*03:01,esm2_mean,locus,0,1.0,13696,1.1314021114911006,1.8644865
5590,HLA-A*03:01,esm2_mean,locus,0,1.0,13696,0.18232155679395465,1.862911
5591,HLA-A*03:01,esm2_mean,locus,0,1.0,13696,1.5040773967762742,1.7404604
5592,HLA-A*03:01,esm2_mean,locus,0,1.0,13696,0.6931471805599453,2.1476169
5593,HLA-A*03:01,esm2_mean,locus,0,1.0,13696,4.833102254034098,2.0776892
5594,HLA-A*03:01,esm2_mean,locus,0,1.0,13696,3.2733640101522705,1.7263713
5595,HLA-A*03:01,esm2_mean,locus,0,1.0,13696,4.063885354737392,1.8093961
5596,HLA-A*03:01,esm2_mean,locus,0,1.0,13696,3.502549875922443,1.9109752
5597,HLA-A*03:01,esm2_mean,locus,0,1.0,13696,4.360547602996758,2.1088092
5598,HLA-A*03:01,esm2_mean,locus,0,1.0,13696,3.6189933266497696,2.1121037
5599,HLA-A*03:01,esm2_mean,locus,0,1.0,13696,3.66612246699132,1.605325
5600,HLA-A*03:01,esm2_mean,locus,0,1.0,13696,3.32862668882732,1.6546187
5601,HLA-A*03:01,esm2_mean,locus,0,1.0,13696,0.0,1.7747207
5602,HLA-A*03:01,esm2_mean,locus,0,1.0,13696,1.9459101490553132,1.6613333
5603,HLA-A*03:01,esm2_mean,locus,0,1.0,13696,1.1631508098056809,1.7933083
5604,HLA-A*03:01,esm2_mean,locus,0,1.0,13696,3.4965075614664802,2.0236654
5605,HLA-A*03:01,esm2_mean,locus,0,1.0,13696,1.1314021114911006,1.9067388
5606,HLA-A*03:01,esm2_mean,locus,0,1.0,13696,1.6094379124341003,2.0811899
5607,HLA-A*03:01,esm2_mean,locus,0,1.0,13696,0.18232155679395465,1.56529
5608,HLA-A*03:01,esm2_mean,locus,0,1.0,13696,0.9555114450274363,1.8734446
5609,HLA-A*03:01,esm2_mean,locus,0,1.0,13696,0.4700036292457355,1.4655861
5610,HLA-A*03:01,esm2_mean,locus,0,1.0,13696,0.5306282510621704,1.7691221
5611,HLA-A*03:01,esm2_mean,locus,0,1.0,13696,0.33647223662121295,1.7185566
5612,HLA-A*03:01,esm2_mean,locus,0,1.0,13696,4.180522258463153,1.3352176
5613,HLA-A*03:01,esm2_mean,locus,0,1.0,13696,0.0,1.6883194
5614,HLA-A*03:01,esm2_mean,locus,0,1.0,13696,0.0,1.7205964
5615,HLA-A*03:01,esm2_mean,locus,0,1.0,13696,0.4054651081081644,1.8909948
5616,HLA-A*03:01,esm2_mean,locus,0,1.0,13696,4.276666119016055,1.6833467
5617,HLA-A*03:01,esm2_mean,locus,0,1.0,13696,0.6418538861723948,2.0052793
5618,HLA-A*03:01,esm2_mean,locus,0,1.0,13696,0.0,1.8428524
5619,HLA-A*03:01,esm2_mean,locus,0,1.0,13696,0.33647223662121295,2.1038167
5620,HLA-A*03:01,esm2_mean,locus,0,1.0,13696,0.33647223662121295,2.0596774
5621,HLA-A*03:01,esm2_mean,locus,0,1.0,13696,0.7884573603642702,2.251591
5622,HLA-A*03:01,esm2_mean,locus,0,1.0,13696,1.7749523509116738,1.6917088
5623,HLA-A*03:01,esm2_mean,locus,0,1.0,13696,0.26236426446749106,1.6920891
5624,HLA-A*03:01,esm2_mean,locus,0,1.0,13696,4.542230386214217,2.1810615
5625,HLA-A*03:01,esm2_mean,locus,0,1.0,13696,2.272125885509337,2.3013186
5626,HLA-A*03:01,esm2_mean,locus,0,1.0,13696,2.4423470353692043,2.1532664
5627,HLA-A*03:01,esm2_mean,locus,0,1.0,13696,0.18232155679395465,1.8977368
5628,HLA-A*03:01,esm2_mean,locus,0,1.0,13696,0.0,2.0779424
5629,HLA-A*03:01,esm2_mean,locus,0,1.0,13696,0.0,1.6061965
5630,HLA-A*03:01,esm2_mean,locus,0,1.0,13696,4.31748811353631,1.8163501
5631,HLA-A*03:01,esm2_mean,locus,0,1.0,13696,2.2617630984737906,2.1729262
5632,HLA-A*03:01,esm2_mean,locus,0,1.0,13696,0.33647223662121295,2.0408473
5633,HLA-A*03:01,esm2_mean,locus,0,1.0,13696,1.410986973710262,1.9537997
5634,HLA-A*03:01,esm2_mean,locus,0,1.0,13696,0.6418538861723948,1.8083557
5635,HLA-A*03:01,esm2_mean,locus,0,1.0,13696,1.9021075263969205,1.7899387
5636,HLA-A*03:01,esm2_mean,locus,0,1.0,13696,1.0296194171811583,1.8075032
5637,HLA-A*03:01,esm2_mean,locus,0,1.0,13696,1.916922612182061,1.866863
5638,HLA-A*03:01,esm2_mean,locus,0,1.0,13696,0.26236426446749106,1.9010967
5639,HLA-A*03:01,esm2_mean,locus,0,1.0,13696,0.5306282510621704,2.331151
5640,HLA-A*03:01,esm2_mean,locus,0,1.0,13696,3.0587070727153796,2.2653909
5641,HLA-A*03:01,esm2_mean,locus,0,1.0,13696,0.18232155679395465,2.0207
5642,HLA-A*03:01,esm2_mean,locus,0,1.0,13696,0.0,1.7290013
5643,HLA-A*03:01,esm2_mean,locus,0,1.0,13696,0.0,1.696003
5644,HLA-A*03:01,esm2_mean,locus,0,1.0,13696,0.4054651081081644,1.8647771
5645,HLA-A*02:16,esm2_mean,locus,0,1.0,13696,2.4849066497880004,1.211557
5646,HLA-A*02:16,esm2_mean,locus,0,1.0,13696,2.1162555148025524,1.6808872
5647,HLA-A*02:16,esm2_mean,locus,0,1.0,13696,0.4700036292457355,1.293103
5680,HLA-A*02:01,esm2_mean,locus,0,1.0,13696,2.501435951739211,1.8886981
5681,HLA-A*02:01,esm2_mean,locus,0,1.0,13696,0.26236426446749106,1.7622993
5682,HLA-A*02:01,esm2_mean,locus,0,1.0,13696,2.388762789235098,1.5800996
5683,HLA-A*02:01,esm2_mean,locus,0,1.0,13696,2.1972245773362196,1.7117192
5684,HLA-A*02:01,esm2_mean,locus,0,1.0,13696,0.4054651081081644,1.6688995
5685,HLA-A*02:01,esm2_mean,locus,0,1.0,13696,2.954910279033736,1.920477
5686,HLA-A*02:01,esm2_mean,locus,0,1.0,13696,0.33647223662121295,2.022665
5687,HLA-A*02:01,esm2_mean,locus,0,1.0,13696,0.4700036292457355,1.4088542
5688,HLA-A*02:16,esm2_mean,locus,0,1.0,13696,0.6931471805599453,1.6995839
5689,HLA-A*02:16,esm2_mean,locus,0,1.0,13696,3.0492730404820207,1.2679725
5690,HLA-A*02:16,esm2_mean,locus,0,1.0,13696,0.6418538861723948,1.6949781
5691,HLA-A*26:01,esm2_mean,locus,0,1.0,13696,0.26236426446749106,0.10076827
5692,HLA-A*26:01,esm2_mean,locus,0,1.0,13696,0.26236426446749106,0.46923482
5693,HLA-A*26:01,esm2_mean,locus,0,1.0,13696,1.0296194171811583,0.23372501
5694,HLA-A*26:01,esm2_mean,locus,0,1.0,13696,0.7884573603642702,-0.16163248
5695,HLA-A*26:01,esm2_mean,locus,0,1.0,13696,0.4054651081081644,0.34575468
5696,HLA-A*26:01,esm2_mean,locus,0,1.0,13696,0.9555114450274363,-0.048335135
5697,HLA-A*26:01,esm2_mean,locus,0,1.0,13696,0.5306282510621704,-0.0010855794
5711,HLA-A*29:02,esm2_mean,locus,0,1.0,13696,0.7419373447293773,1.5066311
5712,HLA-A*29:02,esm2_mean,locus,0,1.0,13696,0.6931471805599453,1.8322817
5713,HLA-A*29:02,esm2_mean,locus,0,1.0,13696,2.8735646395797834,1.6343312
5714,HLA-A*29:02,esm2_mean,locus,0,1.0,13696,0.26236426446749106,1.8001943
5715,HLA-A*29:02,esm2_mean,locus,0,1.0,13696,1.0296194171811583,2.020859
5716,HLA-A*29:02,esm2_mean,locus,0,1.0,13696,2.1400661634962708,1.706384
5717,HLA-A*29:02,esm2_mean,locus,0,1.0,13696,2.9014215940827497,1.4600339
5718,HLA-A*29:02,esm2_mean,locus,0,1.0,13696,2.6390573296152584,1.8758168
5719,HLA-A*29:02,esm2_mean,locus,0,1.0,13696,1.252762968495368,1.4749651
5720,HLA-A*29:02,esm2_mean,locus,0,1.0,13696,2.827313621929028,1.8781519
5721,HLA-A*02:01,esm2_mean,locus,0,1.0,13696,2.451005098112319,1.6106913
5722,HLA-A*02:01,esm2_mean,locus,0,1.0,13696,1.9600947840472698,1.5873849
5723,HLA-A*02:01,esm2_mean,locus,0,1.0,13696,0.7419373447293773,1.6939604
5724,HLA-A*02:01,esm2_mean,locus,0,1.0,13696,0.33647223662121295,1.8633788
5725,HLA-A*02:01,esm2_mean,locus,0,1.0,13696,3.104586678466073,1.7127075
5726,HLA-A*02:01,esm2_mean,locus,0,1.0,13696,0.18232155679395465,1.5399942
5727,HLA-A*24:03,esm2_mean,locus,0,1.0,13696,2.2300144001592104,0.5237477
5728,HLA-A*24:03,esm2_mean,locus,0,1.0,13696,2.9601050959108397,0.54524326
5729,HLA-A*24:03,esm2_mean,locus,0,1.0,13696,0.7419373447293773,0.58344287
5730,HLA-A*24:03,esm2_mean,locus,0,1.0,13696,0.26236426446749106,0.80560267
5731,HLA-A*24:03,esm2_mean,locus,0,1.0,13696,0.6931471805599453,0.6026734
5732,HLA-A*24:03,esm2_mean,locus,0,1.0,13696,0.5877866649021191,0.99165213
5733,HLA-A*24:03,esm2_mean,locus,0,1.0,13696,1.0296194171811583,0.8817545
5734,HLA-A*24:03,esm2_mean,locus,0,1.0,13696,3.299533727885655,1.049236
5735,HLA-A*24:03,esm2_mean,locus,0,1.0,13696,0.18232155679395465,0.71698445
5736,HLA-A*24:03,esm2_mean,locus,0,1.0,13696,0.5877866649021191,0.6307233
5737,HLA-A*24:03,esm2_mean,locus,0,1.0,13696,2.6461747973841225,0.26720047
5738,HLA-A*24:03,esm2_mean,locus,0,1.0,13696,2.1633230256605382,0.8812768
5739,HLA-A*24:03,esm2_mean,locus,0,1.0,13696,0.5877866649021191,0.7287463
5740,HLA-A*24:03,esm2_mean,locus,0,1.0,13696,0.18232155679395465,0.55603313
5741,HLA-A*29:02,esm2_mean,locus,0,1.0,13696,2.667228206581955,1.3774797
5742,HLA-A*29:02,esm2_mean,locus,0,1.0,13696,2.1633230256605382,1.4451098
5743,HLA-A*29:02,esm2_mean,locus,0,1.0,13696,1.9600947840472698,1.6268134
5744,HLA-A*29:02,esm2_mean,locus,0,1.0,13696,0.4054651081081644,1.596302
5745,HLA-A*29:02,esm2_mean,locus,0,1.0,13696,0.5877866649021191,1.7061406
5746,HLA-A*29:02,esm2_mean,locus,0,1.0,13696,1.0647107369924282,1.4468868
5747,HLA-A*29:02,esm2_mean,locus,0,1.0,13696,0.5306282510621704,1.7392526
5748,HLA-A*29:02,esm2_mean,locus,0,1.0,13696,0.4700036292457355,1.7401764
5753,HLA-A*24:03,esm2_mean,locus,0,1.0,13696,0.33647223662121295,1.135418
5754,HLA-A*24:03,esm2_mean,locus,0,1.0,13696,2.186051276738094,0.53193974
5755,HLA-A*24:03,esm2_mean,locus,0,1.0,13696,3.380994674344636,0.53712684
5756,HLA-A*24:03,esm2_mean,locus,0,1.0,13696,0.4054651081081644,0.6895518
5757,HLA-A*24:03,esm2_mean,locus,0,1.0,13696,1.6486586255873816,0.89536375
5758,HLA-A*24:03,esm2_mean,locus,0,1.0,13696,0.18232155679395465,0.40578967
5759,HLA-A*24:03,esm2_mean,locus,0,1.0,13696,0.7884573603642702,0.69458526
5760,HLA-A*24:03,esm2_mean,locus,0,1.0,13696,1.2809338454620642,0.7233329
5761,HLA-A*24:03,esm2_mean,locus,0,1.0,13696,2.681021528714291,0.4294626
5762,HLA-A*24:03,esm2_mean,locus,0,1.0,13696,0.4700036292457355,1.0509398
5763,HLA-A*24:03,esm2_mean,locus,0,1.0,13696,0.7884573603642702,0.47214055
5764,HLA-A*24:02,esm2_mean,locus,0,1.0,13696,1.9878743481543455,0.58668905
5765,HLA-A*24:02,esm2_mean,locus,0,1.0,13696,3.2809112157876537,1.0351814
5766,HLA-A*24:02,esm2_mean,locus,0,1.0,13696,3.1179499062782403,0.713459
5767,HLA-A*24:02,esm2_mean,locus,0,1.0,13696,3.4657359027997265,1.1018281
5768,HLA-A*24:02,esm2_mean,locus,0,1.0,13696,2.9601050959108397,0.72724295
5769,HLA-A*24:02,esm2_mean,locus,0,1.0,13696,3.6109179126442243,1.2157456
5770,HLA-A*24:02,esm2_mean,locus,0,1.0,13696,2.6026896854443837,1.0029739
5771,HLA-A*24:02,esm2_mean,locus,0,1.0,13696,1.667706820558076,0.552722
5772,HLA-A*24:02,esm2_mean,locus,0,1.0,13696,2.714694743820879,0.7770388
5773,HLA-A*24:02,esm2_mean,locus,0,1.0,13696,3.3655702040190043,1.0579486
5774,HLA-A*24:02,esm2_mean,locus,0,1.0,13696,2.0412203288596382,0.9846971
5775,HLA-A*24:02,esm2_mean,locus,0,1.0,13696,2.3608540011180215,1.2328992
5776,HLA-A*24:02,esm2_mean,locus,0,1.0,13696,2.388762789235098,1.0349283
5777,HLA-A*24:02,esm2_mean,locus,0,1.0,13696,2.806386101823072,0.79506576
5792,HLA-A*23:01,esm2_mean,locus,0,1.0,13696,3.3877743613300146,0.8402054
5793,HLA-A*23:01,esm2_mean,locus,0,1.0,13696,2.797281334830153,0.68211067
5794,HLA-A*23:01,esm2_mean,locus,0,1.0,13696,2.2300144001592104,1.0808185
5795,HLA-A*23:01,esm2_mean,locus,0,1.0,13696,0.5877866649021191,0.9802143
5796,HLA-A*23:01,esm2_mean,locus,0,1.0,13696,2.2192034840549946,1.2197658
5797,HLA-A*23:01,esm2_mean,locus,0,1.0,13696,1.8082887711792655,1.2165077
5798,HLA-A*23:01,esm2_mean,locus,0,1.0,13696,2.9652730660692823,0.43446988
5799,HLA-A*11:01,esm2_mean,locus,0,1.0,13696,3.871201010907891,1.4318116
5800,HLA-A*11:01,esm2_mean,locus,0,1.0,13696,3.768152635008444,1.6256156
5801,HLA-A*11:01,esm2_mean,locus,0,1.0,13696,2.312535423847214,1.3215463
5802,HLA-A*11:01,esm2_mean,locus,0,1.0,13696,0.5306282510621704,1.8555479
5803,HLA-A*11:01,esm2_mean,locus,0,1.0,13696,0.18232155679395465,1.3550922
5804,HLA-A*11:01,esm2_mean,locus,0,1.0,13696,0.4382549309311553,1.6761663
5815,HLA-A*24:02,esm2_mean,locus,0,1.0,13696,3.3877743613300146,1.3602586
5816,HLA-A*29:02,esm2_mean,locus,0,1.0,13696,3.2068032436339315,1.8994576
5827,HLA-A*66:01,esm2_mean,locus,0,1.0,13696,0.6931471805599453,0.8036404
5828,HLA-A*66:01,esm2_mean,locus,0,1.0,13696,0.5306282510621704,0.8829665
5829,HLA-A*66:01,esm2_mean,locus,0,1.0,13696,1.840549633397487,0.9259273
5830,HLA-A*66:01,esm2_mean,locus,0,1.0,13696,0.26236426446749106,0.70252967
5831,HLA-A*66:01,esm2_mean,locus,0,1.0,13696,0.18232155679395465,0.8962155
5832,HLA-A*66:01,esm2_mean,locus,0,1.0,13696,0.33647223662121295,0.9194304
5846,HLA-A*02:01,esm2_mean,locus,0,1.0,13696,0.09531017980432487,1.6483788
5847,HLA-A*29:02,esm2_mean,locus,0,1.0,13696,0.0,1.7535299
5848,HLA-A*66:01,esm2_mean,locus,0,1.0,13696,0.0,0.9303559
5849,HLA-A*29:02,esm2_mean,locus,0,1.0,13696,0.26236426446749106,2.218383
5851,HLA-A*66:01,esm2_mean,locus,0,1.0,13696,0.0,0.72885805
5857,HLA-A*02:01,esm2_mean,locus,0,1.0,13696,0.09531017980432487,1.7776499
5860,HLA-A*02:01,esm2_mean,locus,0,1.0,13696,0.09531017980432487,1.9927323
5866,HLA-A*30:02,esm2_mean,locus,0,1.0,13696,0.18232155679395465,0.65471756
5869,HLA-A*02:01,esm2_mean,locus,0,1.0,13696,2.302585092994046,1.6146841
5872,HLA-A*66:01,esm2_mean,locus,0,1.0,13696,0.0,0.9040433
5905,HLA-A*02:01,esm2_mean,locus,0,1.0,13696,2.8154087194227095,1.794241
5906,HLA-A*02:01,esm2_mean,locus,0,1.0,13696,0.33647223662121295,1.9759722
5907,HLA-A*02:01,esm2_mean,locus,0,1.0,13696,1.2809338454620642,1.5351869
5908,HLA-A*02:01,esm2_mean,locus,0,1.0,13696,0.4700036292457355,1.949364
5909,HLA-A*02:01,esm2_mean,locus,0,1.0,13696,0.6418538861723948,1.6541767
5910,HLA-A*02:01,esm2_mean,locus,0,1.0,13696,1.1939224684724346,1.6970031
5911,HLA-A*02:01,esm2_mean,locus,0,1.0,13696,1.0986122886681098,1.7494533
5912,HLA-A*02:01,esm2_mean,locus,0,1.0,13696,1.6863989535702288,1.6609383
5913,HLA-A*02:01,esm2_mean,locus,0,1.0,13696,1.0296194171811583,1.481955
5914,HLA-A*02:01,esm2_mean,locus,0,1.0,13696,3.261935314328648,1.971014
5915,HLA-A*02:01,esm2_mean,locus,0,1.0,13696,1.1939224684724346,2.0374944
5916,HLA-A*02:01,esm2_mean,locus,0,1.0,13696,0.6931471805599453,1.9702101
5917,HLA-A*02:01,esm2_mean,locus,0,1.0,13696,0.33647223662121295,1.5769384
5918,HLA-A*02:01,esm2_mean,locus,0,1.0,13696,1.0296194171811583,1.5629005
5919,HLA-A*02:01,esm2_mean,locus,0,1.0,13696,0.9162907318741551,1.7368675
5920,HLA-A*02:01,esm2_mean,locus,0,1.0,13696,1.3609765531356006,1.713258
5921,HLA-A*02:01,esm2_mean,locus,0,1.0,13696,0.33647223662121295,2.0140915
5922,HLA-A*02:01,esm2_mean,locus,0,1.0,13696,2.580216829592325,1.7194867
5923,HLA-A*02:01,esm2_mean,locus,0,1.0,13696,1.4350845252893227,1.8821304
5924,HLA-A*02:01,esm2_mean,locus,0,1.0,13696,3.152736022363656,1.83178
5925,HLA-A*02:01,esm2_mean,locus,0,1.0,13696,0.5306282510621704,1.690186
5926,HLA-A*02:01,esm2_mean,locus,0,1.0,13696,1.5686159179138452,1.9930584
5927,HLA-A*02:01,esm2_mean,locus,0,1.0,13696,1.1631508098056809,1.9071901
5928,HLA-A*02:01,esm2_mean,locus,0,1.0,13696,1.0296194171811583,1.7529743
5929,HLA-A*02:01,esm2_mean,locus,0,1.0,13696,3.077312260546414,1.7122474
5930,HLA-A*26:01,esm2_mean,locus,0,1.0,13696,0.33647223662121295,0.04708308
5931,HLA-A*26:01,esm2_mean,locus,0,1.0,13696,0.18232155679395465,0.26019603
5932,HLA-A*26:01,esm2_mean,locus,0,1.0,13696,0.18232155679395465,0.32316107
5933,HLA-A*26:01,esm2_mean,locus,0,1.0,13696,0.33647223662121295,0.11200005
5934,HLA-A*26:01,esm2_mean,locus,0,1.0,13696,3.1179499062782403,0.229711
5935,HLA-A*26:01,esm2_mean,locus,0,1.0,13696,0.4700036292457355,0.44839138
5936,HLA-A*26:01,esm2_mean,locus,0,1.0,13696,0.5877866649021191,0.2017662
5937,HLA-A*26:01,esm2_mean,locus,0,1.0,13696,0.7884573603642702,0.24380732
5938,HLA-A*26:01,esm2_mean,locus,0,1.0,13696,1.2809338454620642,0.20549166
5939,HLA-A*26:01,esm2_mean,locus,0,1.0,13696,1.589235205116581,0.25716573
5940,HLA-A*26:01,esm2_mean,locus,0,1.0,13696,0.4700036292457355,0.2651775
5941,HLA-A*26:01,esm2_mean,locus,0,1.0,13696,0.33647223662121295,0.27685136
5942,HLA-A*26:01,esm2_mean,locus,0,1.0,13696,0.26236426446749106,0.37475574
5943,HLA-A*26:01,esm2_mean,locus,0,1.0,13696,0.8754687373538999,0.17036802
5944,HLA-A*26:01,esm2_mean,locus,0,1.0,13696,0.33647223662121295,0.1395722
5945,HLA-A*26:01,esm2_mean,locus,0,1.0,13696,0.4700036292457355,0.31872737
5946,HLA-A*26:01,esm2_mean,locus,0,1.0,13696,0.5877866649021191,0.49510497
5947,HLA-A*26:01,esm2_mean,locus,0,1.0,13696,1.1631508098056809,0.46198422
5948,HLA-A*26:01,esm2_mean,locus,0,1.0,13696,0.7419373447293773,0.17227256
5949,HLA-A*26:01,esm2_mean,locus,0,1.0,13696,0.4700036292457355,0.30530393
5950,HLA-A*26:01,esm2_mean,locus,0,1.0,13696,0.18232155679395465,0.08355558
5951,HLA-A*26:01,esm2_mean,locus,0,1.0,13696,2.4423470353692043,-0.022386372
5952,HLA-A*26:01,esm2_mean,locus,0,1.0,13696,2.128231705849268,0.3568533
5953,HLA-A*26:01,esm2_mean,locus,0,1.0,13696,0.4700036292457355,0.40957886
5961,HLA-A*03:01,esm2_mean,locus,0,1.0,13696,0.0,1.6655072
5962,HLA-A*03:01,esm2_mean,locus,0,1.0,13696,0.7884573603642702,1.963932
5963,HLA-A*03:01,esm2_mean,locus,0,1.0,13696,0.4700036292457355,1.6855521
5964,HLA-A*03:01,esm2_mean,locus,0,1.0,13696,0.0,1.8266544
5965,HLA-A*03:01,esm2_mean,locus,0,1.0,13696,3.295836866004329,1.804965
5969,HLA-A*03:01,esm2_mean,locus,0,1.0,13696,0.18232155679395465,1.8239613
5970,HLA-A*03:01,esm2_mean,locus,0,1.0,13696,0.4054651081081644,1.8794653
5971,HLA-A*03:01,esm2_mean,locus,0,1.0,13696,0.18232155679395465,1.4988844
5972,HLA-A*03:01,esm2_mean,locus,0,1.0,13696,1.547562508716013,1.8096662
5973,HLA-A*03:01,esm2_mean,locus,0,1.0,13696,0.4700036292457355,1.605979
5974,HLA-A*03:01,esm2_mean,locus,0,1.0,13696,0.26236426446749106,1.5798573
5975,HLA-A*03:01,esm2_mean,locus,0,1.0,13696,1.2809338454620642,2.1098545
5976,HLA-A*03:01,esm2_mean,locus,0,1.0,13696,0.5877866649021191,2.037256
5977,HLA-A*03:01,esm2_mean,locus,0,1.0,13696,0.0,1.843341
6005,HLA-A*30:02,esm2_mean,locus,0,1.0,13696,2.0412203288596382,0.8346446
6006,HLA-A*30:02,esm2_mean,locus,0,1.0,13696,0.18232155679395465,0.80413365
6007,HLA-A*30:02,esm2_mean,locus,0,1.0,13696,0.33647223662121295,0.8575371
6008,HLA-A*30:02,esm2_mean,locus,0,1.0,13696,1.4350845252893227,1.0532039
6009,HLA-A*30:02,esm2_mean,locus,0,1.0,13696,0.9162907318741551,0.96136105
6010,HLA-A*30:02,esm2_mean,locus,0,1.0,13696,2.791165107812717,1.4262142
6011,HLA-A*30:02,esm2_mean,locus,0,1.0,13696,1.1631508098056809,0.9470832
6012,HLA-A*24:03,esm2_mean,locus,0,1.0,13696,0.26236426446749106,0.33294678
6013,HLA-A*24:03,esm2_mean,locus,0,1.0,13696,0.33647223662121295,0.9748992
6014,HLA-A*24:03,esm2_mean,locus,0,1.0,13696,0.4700036292457355,0.8358931
6015,HLA-A*24:03,esm2_mean,locus,0,1.0,13696,0.5306282510621704,0.35339564
6016,HLA-A*24:03,esm2_mean,locus,0,1.0,13696,1.824549292051046,0.95000345
6017,HLA-A*24:03,esm2_mean,locus,0,1.0,13696,0.33647223662121295,1.0826983
6037,HLA-A*24:03,esm2_mean,locus,0,1.0,13696,2.9652730660692823,0.9465139
6038,HLA-A*24:03,esm2_mean,locus,0,1.0,13696,1.6863989535702288,0.9344455
6039,HLA-A*24:03,esm2_mean,locus,0,1.0,13696,2.1400661634962708,0.5690882
6040,HLA-A*24:03,esm2_mean,locus,0,1.0,13696,1.4350845252893227,0.66007817
6041,HLA-A*24:03,esm2_mean,locus,0,1.0,13696,2.2082744135228043,0.90147746
6042,HLA-A*24:03,esm2_mean,locus,0,1.0,13696,3.086486636822455,0.9995341
6043,HLA-A*24:03,esm2_mean,locus,0,1.0,13696,1.2237754316221157,0.99534535
6044,HLA-A*24:03,esm2_mean,locus,0,1.0,13696,1.5040773967762742,0.39125723
6045,HLA-A*24:03,esm2_mean,locus,0,1.0,13696,0.4700036292457355,0.67799366
6046,HLA-A*24:03,esm2_mean,locus,0,1.0,13696,0.6418538861723948,0.774517
6090,HLA-A*29:02,esm2_mean,locus,0,1.0,13696,0.4700036292457355,1.9014626
6091,HLA-A*29:02,esm2_mean,locus,0,1.0,13696,0.5877866649021191,1.6497071
6092,HLA-A*29:02,esm2_mean,locus,0,1.0,13696,0.26236426446749106,1.8453732
6126,HLA-A*24:02,esm2_mean,locus,0,1.0,13696,1.824549292051046,0.94343805
6127,HLA-A*24:02,esm2_mean,locus,0,1.0,13696,3.374168709274236,0.71133876
6128,HLA-A*24:02,esm2_mean,locus,0,1.0,13696,3.4291367503513968,1.1464235
6129,HLA-A*24:02,esm2_mean,locus,0,1.0,13696,2.060513531794317,0.55789274
6130,HLA-A*24:02,esm2_mean,locus,0,1.0,13696,3.150596984114906,0.71762544
6131,HLA-A*24:02,esm2_mean,locus,0,1.0,13696,1.8164520818184267,0.8233273
6132,HLA-A*24:02,esm2_mean,locus,0,1.0,13696,2.4159137783010487,0.5849363
6133,HLA-A*24:02,esm2_mean,locus,0,1.0,13696,3.462606009790799,0.78205
6134,HLA-A*24:02,esm2_mean,locus,0,1.0,13696,3.3178157727231046,0.43630242
6135,HLA-A*24:02,esm2_mean,locus,0,1.0,13696,3.6041382256588457,1.0226282
6136,HLA-A*24:02,esm2_mean,locus,0,1.0,13696,3.159125820462427,1.0769424
6137,HLA-A*24:02,esm2_mean,locus,0,1.0,13696,2.4159137783010487,0.8655545
6138,HLA-A*24:02,esm2_mean,locus,0,1.0,13696,2.9231615807191558,0.7226021
6139,HLA-A*24:02,esm2_mean,locus,0,1.0,13696,3.224857896545748,-0.50349385
6140,HLA-A*24:02,esm2_mean,locus,0,1.0,13696,3.3375473545856993,0.96112925
6141,HLA-A*24:02,esm2_mean,locus,0,1.0,13696,2.509599262378372,1.0917691
6142,HLA-A*24:02,esm2_mean,locus,0,1.0,13696,2.7245795030534206,0.927789
6143,HLA-A*24:02,esm2_mean,locus,0,1.0,13696,3.2128577525426376,0.6287447
6144,HLA-A*24:02,esm2_mean,locus,0,1.0,13696,2.972975286431375,1.1299419
6145,HLA-A*24:02,esm2_mean,locus,0,1.0,13696,3.258096538021482,0.9570901
6146,HLA-A*24:02,esm2_mean,locus,0,1.0,13696,2.812410216426453,0.70684826
6147,HLA-A*24:02,esm2_mean,locus,0,1.0,13696,3.6230067099632284,1.4430268
6148,HLA-A*24:02,esm2_mean,locus,0,1.0,13696,3.7623622308737397,0.6924999
6149,HLA-A*24:02,esm2_mean,locus,0,1.0,13696,2.8820035082256483,1.0473609
6150,HLA-A*24:02,esm2_mean,locus,0,1.0,13696,3.3105430133940246,0.7975057
6151,HLA-A*24:02,esm2_mean,locus,0,1.0,13696,2.9652730660692823,0.73778385
6152,HLA-A*24:02,esm2_mean,locus,0,1.0,13696,3.845883202923601,1.2317332
6153,HLA-A*24:02,esm2_mean,locus,0,1.0,13696,3.367295829986474,1.0132785
6154,HLA-A*24:02,esm2_mean,locus,0,1.0,13696,2.028148247292285,0.49488696
6155,HLA-A*24:02,esm2_mean,locus,0,1.0,13696,1.6094379124341003,0.7653432
6156,HLA-A*24:02,esm2_mean,locus,0,1.0,13696,3.232778730037192,0.5772362
6157,HLA-A*24:02,esm2_mean,locus,0,1.0,13696,3.2809112157876537,0.69938326
6158,HLA-A*24:02,esm2_mean,locus,0,1.0,13696,2.975529566236472,0.7057897
6159,HLA-A*24:02,esm2_mean,locus,0,1.0,13696,0.4700036292457355,1.1148156
6160,HLA-A*24:02,esm2_mean,locus,0,1.0,13696,2.2975725511705014,0.70710564
6161,HLA-A*24:02,esm2_mean,locus,0,1.0,13696,0.9162907318741551,0.8344017
6162,HLA-A*24:02,esm2_mean,locus,0,1.0,13696,2.624668592163159,1.1351862
6163,HLA-A*24:03,esm2_mean,locus,0,1.0,13696,0.33647223662121295,0.48968676
6164,HLA-A*24:03,esm2_mean,locus,0,1.0,13696,1.5686159179138452,0.65420866
6165,HLA-A*24:03,esm2_mean,locus,0,1.0,13696,1.7578579175523736,0.75423294
6174,HLA-A*30:02,esm2_mean,locus,0,1.0,13696,0.5306282510621704,0.5853114
6175,HLA-A*30:02,esm2_mean,locus,0,1.0,13696,0.18232155679395465,0.65294075
6176,HLA-A*30:02,esm2_mean,locus,0,1.0,13696,0.7419373447293773,1.1092926
6177,HLA-A*30:02,esm2_mean,locus,0,1.0,13696,0.18232155679395465,0.9480076
6236,HLA-A*02:01,esm2_mean,locus,0,1.0,13696,2.6390573296152584,1.386445
6237,HLA-A*02:01,esm2_mean,locus,0,1.0,13696,3.044522437723423,1.718147
6238,HLA-A*02:01,esm2_mean,locus,0,1.0,13696,1.9600947840472698,1.6317537
6239,HLA-A*02:01,esm2_mean,locus,0,1.0,13696,0.33647223662121295,1.633378
6240,HLA-A*02:01,esm2_mean,locus,0,1.0,13696,0.33647223662121295,1.8009334
6241,HLA-A*02:01,esm2_mean,locus,0,1.0,13696,2.5257286443082556,1.8281524
6242,HLA-A*02:01,esm2_mean,locus,0,1.0,13696,2.322387720290225,1.5234079
6243,HLA-A*02:01,esm2_mean,locus,0,1.0,13696,2.8678989020441064,1.9664612
6244,HLA-A*02:01,esm2_mean,locus,0,1.0,13696,0.4054651081081644,2.055318
6245,HLA-A*02:01,esm2_mean,locus,0,1.0,13696,2.8449093838194073,1.9330087
6246,HLA-A*02:01,esm2_mean,locus,0,1.0,13696,0.9162907318741551,1.4261662
6247,HLA-A*02:01,esm2_mean,locus,0,1.0,13696,3.100092288878234,1.7603252
6248,HLA-A*02:01,esm2_mean,locus,0,1.0,13696,0.4054651081081644,1.7248209
6249,HLA-A*02:01,esm2_mean,locus,0,1.0,13696,0.26236426446749106,1.3890841
6250,HLA-A*02:01,esm2_mean,locus,0,1.0,13696,1.7749523509116738,1.8200929
6251,HLA-A*02:01,esm2_mean,locus,0,1.0,13696,2.0014800002101243,1.6849406
6252,HLA-A*02:01,esm2_mean,locus,0,1.0,13696,0.26236426446749106,1.7868874
6253,HLA-A*02:01,esm2_mean,locus,0,1.0,13696,1.2809338454620642,1.6393405
6254,HLA-A*02:01,esm2_mean,locus,0,1.0,13696,1.0986122886681098,1.6703985
6255,HLA-A*02:01,esm2_mean,locus,0,1.0,13696,1.0647107369924282,1.8074538
6256,HLA-A*02:01,esm2_mean,locus,0,1.0,13696,2.2617630984737906,1.6389351
6257,HLA-A*02:01,esm2_mean,locus,0,1.0,13696,1.5260563034950494,1.7561733
6258,HLA-A*02:01,esm2_mean,locus,0,1.0,13696,0.5306282510621704,1.5728061
6259,HLA-A*02:01,esm2_mean,locus,0,1.0,13696,0.6931471805599453,1.8154633
6260,HLA-A*02:01,esm2_mean,locus,0,1.0,13696,1.308332819650179,2.1799994
6261,HLA-A*02:01,esm2_mean,locus,0,1.0,13696,1.1631508098056809,1.5987005
6262,HLA-A*02:01,esm2_mean,locus,0,1.0,13696,1.840549633397487,1.8844702
6263,HLA-A*02:01,esm2_mean,locus,0,1.0,13696,0.4054651081081644,1.4246924
6264,HLA-A*02:01,esm2_mean,locus,0,1.0,13696,1.6486586255873816,1.6670775
6265,HLA-A*02:01,esm2_mean,locus,0,1.0,13696,1.3862943611198906,1.4730475
6266,HLA-A*02:01,esm2_mean,locus,0,1.0,13696,1.0986122886681098,1.2555776
6267,HLA-A*02:01,esm2_mean,locus,0,1.0,13696,3.186352633162641,2.0816321
6268,HLA-A*02:01,esm2_mean,locus,0,1.0,13696,1.3609765531356006,1.2879825
6269,HLA-A*24:02,esm2_mean,locus,0,1.0,13696,3.1986731175506815,0.79739195
6270,HLA-A*24:02,esm2_mean,locus,0,1.0,13696,1.3737155789130306,0.678035
6271,HLA-A*24:02,esm2_mean,locus,0,1.0,13696,3.139832617527748,0.86394286
6272,HLA-A*24:02,esm2_mean,locus,0,1.0,13696,0.4054651081081644,1.2081704
6273,HLA-A*24:02,esm2_mean,locus,0,1.0,13696,3.288401887516811,0.6935742
6274,HLA-A*24:02,esm2_mean,locus,0,1.0,13696,0.9555114450274363,0.8608518
6275,HLA-A*24:02,esm2_mean,locus,0,1.0,13696,0.26236426446749106,1.0059166
6276,HLA-A*24:02,esm2_mean,locus,0,1.0,13696,1.2237754316221157,1.0553119
6277,HLA-A*24:02,esm2_mean,locus,0,1.0,13696,0.33647223662121295,0.7758001
6278,HLA-A*24:02,esm2_mean,locus,0,1.0,13696,0.6418538861723948,0.99030733
6343,HLA-A*02:50,esm2_mean,locus,0,1.0,13696,2.2512917986064953,1.7975528
6344,HLA-A*02:50,esm2_mean,locus,0,1.0,13696,0.7884573603642702,1.9983122
6345,HLA-A*02:50,esm2_mean,locus,0,1.0,13696,2.833213344056216,1.9507273
6346,HLA-A*02:50,esm2_mean,locus,0,1.0,13696,0.4054651081081644,2.0764198
6347,HLA-A*02:50,esm2_mean,locus,0,1.0,13696,2.302585092994046,1.588881
6348,HLA-A*02:50,esm2_mean,locus,0,1.0,13696,0.9555114450274363,1.8279705
6349,HLA-A*02:50,esm2_mean,locus,0,1.0,13696,2.9069010598473755,1.7293403
6350,HLA-A*02:50,esm2_mean,locus,0,1.0,13696,3.169685580677429,1.6691608
6351,HLA-A*02:50,esm2_mean,locus,0,1.0,13696,2.91235066461494,1.9032876
6352,HLA-A*02:50,esm2_mean,locus,0,1.0,13696,1.0647107369924282,1.9170423
6353,HLA-A*02:50,esm2_mean,locus,0,1.0,13696,0.5306282510621704,1.8365564
6354,HLA-A*02:50,esm2_mean,locus,0,1.0,13696,1.2237754316221157,1.7409952
6355,HLA-A*02:50,esm2_mean,locus,0,1.0,13696,2.272125885509337,1.6531246
6356,HLA-A*02:50,esm2_mean,locus,0,1.0,13696,3.095577608523707,1.770505
6357,HLA-A*02:50,esm2_mean,locus,0,1.0,13696,2.5494451709255714,2.2881281
6358,HLA-A*02:50,esm2_mean,locus,0,1.0,13696,3.091042453358316,2.121981
6359,HLA-A*02:50,esm2_mean,locus,0,1.0,13696,2.833213344056216,2.0577238
6360,HLA-A*02:50,esm2_mean,locus,0,1.0,13696,2.791165107812717,1.644809
6361,HLA-A*02:50,esm2_mean,locus,0,1.0,13696,2.0412203288596382,1.6699388
6362,HLA-A*02:50,esm2_mean,locus,0,1.0,13696,1.824549292051046,2.0718153
6363,HLA-A*02:50,esm2_mean,locus,0,1.0,13696,2.8791984572980396,1.5883927
6386,HLA-A*02:01,esm2_mean,locus,0,1.0,13696,0.9932517730102833,1.6369562
6387,HLA-A*02:01,esm2_mean,locus,0,1.0,13696,0.9162907318741551,1.9101118
6388,HLA-A*02:01,esm2_mean,locus,0,1.0,13696,0.18232155679395465,1.3946385
6389,HLA-A*30:01,esm2_mean,locus,0,1.0,13696,1.840549633397487,1.4421936
6390,HLA-A*30:01,esm2_mean,locus,0,1.0,13696,0.9555114450274363,1.635998
6391,HLA-A*30:01,esm2_mean,locus,0,1.0,13696,0.26236426446749106,1.331928
6392,HLA-A*30:01,esm2_mean,locus,0,1.0,13696,4.383275854074314,1.3904796
6400,HLA-A*11:01,esm2_mean,locus,0,1.0,13696,0.33647223662121295,1.3693697
6401,HLA-A*11:01,esm2_mean,locus,0,1.0,13696,1.308332819650179,1.3800964
6402,HLA-A*11:01,esm2_mean,locus,0,1.0,13696,2.388762789235098,1.3999971
6403,HLA-A*26:01,esm2_mean,locus,0,1.0,13696,0.6418538861723948,0.44156796
6408,HLA-A*02:01,esm2_mean,locus,0,1.0,13696,0.4700036292457355,1.5796463
6409,HLA-A*11:01,esm2_mean,locus,0,1.0,13696,0.0,0.9561529
6410,HLA-A*11:01,esm2_mean,locus,0,1.0,13696,0.18232155679395465,1.3560175
6411,HLA-A*11:01,esm2_mean,locus,0,1.0,13696,0.18232155679395465,1.8342229
6417,HLA-A*03:01,esm2_mean,locus,0,1.0,13696,0.33647223662121295,1.7659898
6418,HLA-A*03:01,esm2_mean,locus,0,1.0,13696,0.18232155679395465,1.874759
6419,HLA-A*03:01,esm2_mean,locus,0,1.0,13696,0.4700036292457355,1.7408018
6420,HLA-A*03:01,esm2_mean,locus,0,1.0,13696,0.0,1.6133335
6421,HLA-A*03:01,esm2_mean,locus,0,1.0,13696,0.18232155679395465,1.9293252
6422,HLA-A*03:01,esm2_mean,locus,0,1.0,13696,0.832909122935104,2.0236967
6423,HLA-A*03:01,esm2_mean,locus,0,1.0,13696,0.0,1.5948861
6424,HLA-A*03:01,esm2_mean,locus,0,1.0,13696,0.0,1.975524
6425,HLA-A*03:01,esm2_mean,locus,0,1.0,13696,0.9162907318741551,1.7992098
6426,HLA-A*03:01,esm2_mean,locus,0,1.0,13696,1.8718021769015913,2.1813495
6427,HLA-A*03:01,esm2_mean,locus,0,1.0,13696,2.5726122302071057,1.792196
6428,HLA-A*03:01,esm2_mean,locus,0,1.0,13696,1.8562979903656263,2.046719
6429,HLA-A*03:01,esm2_mean,locus,0,1.0,13696,0.18232155679395465,2.0429149
6430,HLA-A*03:01,esm2_mean,locus,0,1.0,13696,0.09531017980432487,1.9101613
6431,HLA-A*03:01,esm2_mean,locus,0,1.0,13696,0.0,1.5879409
6432,HLA-A*03:01,esm2_mean,locus,0,1.0,13696,0.09531017980432487,1.7260351
6433,HLA-A*03:01,esm2_mean,locus,0,1.0,13696,1.410986973710262,1.8377564
6434,HLA-A*03:01,esm2_mean,locus,0,1.0,13696,0.18232155679395465,1.6295801
6435,HLA-A*03:01,esm2_mean,locus,0,1.0,13696,0.33647223662121295,1.7909925
6436,HLA-A*03:01,esm2_mean,locus,0,1.0,13696,1.410986973710262,1.9110746
6437,HLA-A*03:01,esm2_mean,locus,0,1.0,13696,0.26236426446749106,1.9061406
6438,HLA-A*03:01,esm2_mean,locus,0,1.0,13696,0.0,2.0094361
6439,HLA-A*03:01,esm2_mean,locus,0,1.0,13696,0.18232155679395465,1.6979283
6440,HLA-A*03:01,esm2_mean,locus,0,1.0,13696,3.332204510175204,1.6079117
6441,HLA-A*03:01,esm2_mean,locus,0,1.0,13696,0.0,1.7632108
6442,HLA-A*03:01,esm2_mean,locus,0,1.0,13696,0.18232155679395465,1.8850845
6443,HLA-A*03:01,esm2_mean,locus,0,1.0,13696,0.09531017980432487,1.8638009
6444,HLA-A*03:01,esm2_mean,locus,0,1.0,13696,0.33647223662121295,1.8809763
6445,HLA-A*03:01,esm2_mean,locus,0,1.0,13696,1.3862943611198906,1.840253
6446,HLA-A*03:01,esm2_mean,locus,0,1.0,13696,2.5649493574615367,1.5842934
6447,HLA-A*03:01,esm2_mean,locus,0,1.0,13696,0.4054651081081644,1.9605353
6448,HLA-A*03:01,esm2_mean,locus,0,1.0,13696,0.0,1.7964087
6449,HLA-A*03:01,esm2_mean,locus,0,1.0,13696,0.7419373447293773,1.8099036
6450,HLA-A*03:01,esm2_mean,locus,0,1.0,13696,3.517497837358316,1.8915253
6451,HLA-A*11:01,esm2_mean,locus,0,1.0,13696,1.547562508716013,1.5149869
6452,HLA-A*11:01,esm2_mean,locus,0,1.0,13696,0.4054651081081644,0.78923184
6502,HLA-A*29:02,esm2_mean,locus,0,1.0,13696,0.26236426446749106,1.7387817
6503,HLA-A*29:02,esm2_mean,locus,0,1.0,13696,1.589235205116581,1.8649709
6505,HLA-A*23:01,esm2_mean,locus,0,1.0,13696,1.2237754316221157,0.58089405
6506,HLA-A*23:01,esm2_mean,locus,0,1.0,13696,0.9162907318741551,1.039668
6507,HLA-A*26:01,esm2_mean,locus,0,1.0,13696,0.18232155679395465,0.34466892
6508,HLA-A*26:01,esm2_mean,locus,0,1.0,13696,0.33647223662121295,0.051007092
6509,HLA-A*26:01,esm2_mean,locus,0,1.0,13696,0.832909122935104,0.072110236
6510,HLA-A*26:01,esm2_mean,locus,0,1.0,13696,2.0412203288596382,0.19219011
6511,HLA-A*26:01,esm2_mean,locus,0,1.0,13696,0.4700036292457355,0.43775868
6512,HLA-A*26:01,esm2_mean,locus,0,1.0,13696,0.18232155679395465,0.17976826
6513,HLA-A*26:01,esm2_mean,locus,0,1.0,13696,0.18232155679395465,0.273632
6525,HLA-A*31:01,esm2_mean,locus,0,1.0,13696,0.33647223662121295,1.1478958
6560,HLA-A*02:01,esm2_mean,locus,0,1.0,13696,1.308332819650179,1.9241492
6561,HLA-A*02:01,esm2_mean,locus,0,1.0,13696,1.2809338454620642,1.9129019
6562,HLA-A*02:01,esm2_mean,locus,0,1.0,13696,1.0647107369924282,1.7322507
6563,HLA-A*02:01,esm2_mean,locus,0,1.0,13696,1.0296194171811583,2.2970018
6564,HLA-A*02:01,esm2_mean,locus,0,1.0,13696,3.32862668882732,2.0640945
6565,HLA-A*02:01,esm2_mean,locus,0,1.0,13696,0.33647223662121295,1.5061834
6566,HLA-A*02:01,esm2_mean,locus,0,1.0,13696,0.33647223662121295,1.874811
6567,HLA-A*02:01,esm2_mean,locus,0,1.0,13696,1.0986122886681098,1.6232102
6568,HLA-A*02:01,esm2_mean,locus,0,1.0,13696,1.2809338454620642,1.6854389
6569,HLA-A*02:01,esm2_mean,locus,0,1.0,13696,1.33500106673234,1.8081665
6570,HLA-A*02:01,esm2_mean,locus,0,1.0,13696,1.589235205116581,1.9790456
6571,HLA-A*02:01,esm2_mean,locus,0,1.0,13696,0.4054651081081644,1.8160362
6572,HLA-A*02:01,esm2_mean,locus,0,1.0,13696,1.4350845252893227,1.8570365
6573,HLA-A*02:01,esm2_mean,locus,0,1.0,13696,0.5306282510621704,1.8444233
6574,HLA-A*02:01,esm2_mean,locus,0,1.0,13696,0.7419373447293773,1.8550372
6575,HLA-A*02:01,esm2_mean,locus,0,1.0,13696,0.26236426446749106,1.8033394
6576,HLA-A*02:01,esm2_mean,locus,0,1.0,13696,2.388762789235098,1.7070417
6577,HLA-A*02:01,esm2_mean,locus,0,1.0,13696,0.4700036292457355,1.8626474
6578,HLA-A*02:01,esm2_mean,locus,0,1.0,13696,0.18232155679395465,1.76283
6579,HLA-A*02:01,esm2_mean,locus,0,1.0,13696,0.6931471805599453,1.6400704
6580,HLA-A*02:01,esm2_mean,locus,0,1.0,13696,0.33647223662121295,1.6493791
6581,HLA-A*02:01,esm2_mean,locus,0,1.0,13696,0.9932517730102833,1.9354286
6582,HLA-A*02:01,esm2_mean,locus,0,1.0,13696,1.9600947840472698,1.8620254
6583,HLA-A*02:01,esm2_mean,locus,0,1.0,13696,0.8754687373538999,1.6893854
6584,HLA-A*02:01,esm2_mean,locus,0,1.0,13696,3.109060958860994,1.7416426
6585,HLA-A*02:01,esm2_mean,locus,0,1.0,13696,1.2237754316221157,1.9600363
6586,HLA-A*02:01,esm2_mean,locus,0,1.0,13696,0.18232155679395465,1.681282
6587,HLA-A*02:01,esm2_mean,locus,0,1.0,13696,2.8622008809294686,1.449873
6588,HLA-A*02:01,esm2_mean,locus,0,1.0,13696,3.0106208860477417,1.8047652
6589,HLA-A*02:01,esm2_mean,locus,0,1.0,13696,0.09531017980432487,1.4348028
6590,HLA-A*02:01,esm2_mean,locus,0,1.0,13696,0.26236426446749106,1.8977611
6591,HLA-A*02:01,esm2_mean,locus,0,1.0,13696,2.760009940032921,1.9322791
6592,HLA-A*02:01,esm2_mean,locus,0,1.0,13696,1.1314021114911006,1.735857
6593,HLA-A*02:01,esm2_mean,locus,0,1.0,13696,0.6418538861723948,1.5640259
6594,HLA-A*02:01,esm2_mean,locus,0,1.0,13696,0.9932517730102833,1.7024617
6595,HLA-A*02:01,esm2_mean,locus,0,1.0,13696,1.0986122886681098,1.6959698
6596,HLA-A*02:01,esm2_mean,locus,0,1.0,13696,0.09531017980432487,1.8589034
6597,HLA-A*02:01,esm2_mean,locus,0,1.0,13696,0.832909122935104,1.9584756
6598,HLA-A*02:01,esm2_mean,locus,0,1.0,13696,0.18232155679395465,1.8356216
6599,HLA-A*02:01,esm2_mean,locus,0,1.0,13696,1.667706820558076,1.9898767
6646,HLA-A*26:03,esm2_mean,locus,0,1.0,13696,0.0,0.53229403
6647,HLA-A*26:03,esm2_mean,locus,0,1.0,13696,1.7404661748405046,0.8895903
6648,HLA-A*02:03,esm2_mean,locus,0,1.0,13696,0.5306282510621704,0.998922
6649,HLA-A*31:01,esm2_mean,locus,0,1.0,13696,3.367295829986474,1.2568583
6660,HLA-A*02:03,esm2_mean,locus,0,1.0,13696,3.2846635654062037,1.2910197
6661,HLA-A*02:03,esm2_mean,locus,0,1.0,13696,1.33500106673234,1.1191883
6662,HLA-A*02:03,esm2_mean,locus,0,1.0,13696,1.840549633397487,1.1383588
6663,HLA-A*11:01,esm2_mean,locus,0,1.0,13696,0.9555114450274363,1.3906764
6664,HLA-A*11:01,esm2_mean,locus,0,1.0,13696,0.4700036292457355,1.1528335
6665,HLA-A*11:01,esm2_mean,locus,0,1.0,13696,0.09531017980432487,1.2714024
6666,HLA-A*11:01,esm2_mean,locus,0,1.0,13696,0.4054651081081644,1.3166523
6667,HLA-A*11:01,esm2_mean,locus,0,1.0,13696,0.18232155679395465,1.4059544
6668,HLA-A*11:01,esm2_mean,locus,0,1.0,13696,1.9740810260220096,1.2419368
6669,HLA-A*11:01,esm2_mean,locus,0,1.0,13696,0.7419373447293773,1.4431698
6670,HLA-A*11:01,esm2_mean,locus,0,1.0,13696,1.5686159179138452,1.8123796
6671,HLA-A*11:01,esm2_mean,locus,0,1.0,13696,0.18232155679395465,1.3957655
6672,HLA-A*11:01,esm2_mean,locus,0,1.0,13696,0.18232155679395465,1.5046313
6673,HLA-A*11:01,esm2_mean,locus,0,1.0,13696,0.26236426446749106,1.2440408
6674,HLA-A*11:01,esm2_mean,locus,0,1.0,13696,0.18232155679395465,1.5243647
6675,HLA-A*11:01,esm2_mean,locus,0,1.0,13696,0.18232155679395465,1.257354
6676,HLA-A*11:01,esm2_mean,locus,0,1.0,13696,0.18232155679395465,1.368201
6677,HLA-A*11:01,esm2_mean,locus,0,1.0,13696,0.26236426446749106,1.4111958
6678,HLA-A*11:01,esm2_mean,locus,0,1.0,13696,0.09531017980432487,1.2400907
6679,HLA-A*11:01,esm2_mean,locus,0,1.0,13696,0.33647223662121295,1.1373566
6680,HLA-A*11:01,esm2_mean,locus,0,1.0,13696,0.09531017980432487,1.3126081
6681,HLA-A*26:02,esm2_mean,locus,0,1.0,13696,0.832909122935104,-0.17422289
6682,HLA-A*26:02,esm2_mean,locus,0,1.0,13696,1.6863989535702288,0.18307287
6683,HLA-A*26:02,esm2_mean,locus,0,1.0,13696,0.832909122935104,-0.10663861
6684,HLA-A*26:02,esm2_mean,locus,0,1.0,13696,0.18232155679395465,0.13066792
6685,HLA-A*26:02,esm2_mean,locus,0,1.0,13696,0.5877866649021191,0.0779416
6686,HLA-A*26:02,esm2_mean,locus,0,1.0,13696,0.26236426446749106,-0.10216075
6705,HLA-A*01:01,esm2_mean,locus,0,1.0,13696,0.6418538861723948,0.669548
6706,HLA-A*01:01,esm2_mean,locus,0,1.0,13696,0.18232155679395465,0.84857714
6707,HLA-A*01:01,esm2_mean,locus,0,1.0,13696,0.26236426446749106,0.7407919
6708,HLA-A*01:01,esm2_mean,locus,0,1.0,13696,0.6931471805599453,0.7065369
6709,HLA-A*01:01,esm2_mean,locus,0,1.0,13696,0.8754687373538999,0.61488926
6710,HLA-A*01:01,esm2_mean,locus,0,1.0,13696,0.6931471805599453,0.7903012
6711,HLA-A*01:01,esm2_mean,locus,0,1.0,13696,0.4700036292457355,0.6470284
6712,HLA-A*01:01,esm2_mean,locus,0,1.0,13696,0.09531017980432487,0.4868873
6713,HLA-A*03:01,esm2_mean,locus,0,1.0,13696,0.0,1.5047479
6714,HLA-A*26:01,esm2_mean,locus,0,1.0,13696,0.4700036292457355,0.13977653
6715,HLA-A*26:01,esm2_mean,locus,0,1.0,13696,0.4054651081081644,0.24600571
6716,HLA-A*26:01,esm2_mean,locus,0,1.0,13696,0.18232155679395465,0.1612466
6717,HLA-A*11:01,esm2_mean,locus,0,1.0,13696,2.797281334830153,1.430789
6718,HLA-A*11:01,esm2_mean,locus,0,1.0,13696,0.832909122935104,1.4668139
6719,HLA-A*11:01,esm2_mean,locus,0,1.0,13696,3.481240089335692,1.5141958
6720,HLA-A*11:01,esm2_mean,locus,0,1.0,13696,0.09531017980432487,1.1669825
6721,HLA-A*11:01,esm2_mean,locus,0,1.0,13696,0.0,1.3352293
6722,HLA-A*11:01,esm2_mean,locus,0,1.0,13696,0.26236426446749106,1.3624313
6723,HLA-A*31:01,esm2_mean,locus,0,1.0,13696,0.9555114450274363,1.084666
6724,HLA-A*31:01,esm2_mean,locus,0,1.0,13696,4.685828089005546,1.3733008
6725,HLA-A*31:01,esm2_mean,locus,0,1.0,13696,1.2237754316221157,1.3050448
6726,HLA-A*31:01,esm2_mean,locus,0,1.0,13696,3.8308129500026027,1.112092
6727,HLA-A*31:01,esm2_mean,locus,0,1.0,13696,2.917770732084279,1.4392004
6728,HLA-A*31:01,esm2_mean,locus,0,1.0,13696,0.7419373447293773,1.1690866
6729,HLA-A*31:01,esm2_mean,locus,0,1.0,13696,0.33647223662121295,1.344021
6730,HLA-A*31:01,esm2_mean,locus,0,1.0,13696,0.7884573603642702,1.4118729
6731,HLA-A*31:01,esm2_mean,locus,0,1.0,13696,0.4054651081081644,1.1102624
6732,HLA-A*31:01,esm2_mean,locus,0,1.0,13696,0.33647223662121295,0.89778864
6733,HLA-A*31:01,esm2_mean,locus,0,1.0,13696,3.7612001156935624,1.2240313
6734,HLA-A*31:01,esm2_mean,locus,0,1.0,13696,0.4700036292457355,1.1136694
6735,HLA-A*31:01,esm2_mean,locus,0,1.0,13696,1.8562979903656263,1.2170838
6736,HLA-A*31:01,esm2_mean,locus,0,1.0,13696,1.8562979903656263,1.000706
6737,HLA-A*31:01,esm2_mean,locus,0,1.0,13696,3.8691155044168695,1.5675704
6738,HLA-A*31:01,esm2_mean,locus,0,1.0,13696,1.824549292051046,1.2245436
6739,HLA-A*31:01,esm2_mean,locus,0,1.0,13696,1.9315214116032138,1.3353548
6740,HLA-A*31:01,esm2_mean,locus,0,1.0,13696,4.238444906195857,1.024986
6741,HLA-A*31:01,esm2_mean,locus,0,1.0,13696,1.791759469228055,1.3197378
6742,HLA-A*31:01,esm2_mean,locus,0,1.0,13696,1.4350845252893227,1.3731036
6743,HLA-A*31:01,esm2_mean,locus,0,1.0,13696,3.673765816303888,1.3052374
6744,HLA-A*31:01,esm2_mean,locus,0,1.0,13696,0.0,1.1629653
6745,HLA-A*31:01,esm2_mean,locus,0,1.0,13696,1.5686159179138452,1.5079165
6746,HLA-A*31:01,esm2_mean,locus,0,1.0,13696,0.0,1.1524599
6747,HLA-A*31:01,esm2_mean,locus,0,1.0,13696,1.0986122886681098,1.0300268
6748,HLA-A*31:01,esm2_mean,locus,0,1.0,13696,1.0296194171811583,1.4469652
6749,HLA-A*31:01,esm2_mean,locus,0,1.0,13696,0.4054651081081644,1.383558
6750,HLA-A*31:01,esm2_mean,locus,0,1.0,13696,3.8649313978942956,1.4247391
6751,HLA-A*31:01,esm2_mean,locus,0,1.0,13696,2.379546134130174,1.0204544
6752,HLA-A*31:01,esm2_mean,locus,0,1.0,13696,1.0986122886681098,1.1978481
6753,HLA-A*31:01,esm2_mean,locus,0,1.0,13696,2.0541237336955462,1.4643054
6754,HLA-A*31:01,esm2_mean,locus,0,1.0,13696,1.62924053973028,1.1243078
6755,HLA-A*31:01,esm2_mean,locus,0,1.0,13696,3.517497837358316,0.8944987
6756,HLA-A*31:01,esm2_mean,locus,0,1.0,13696,1.8562979903656263,0.81352615
6757,HLA-A*31:01,esm2_mean,locus,0,1.0,13696,0.0,1.1866531
6758,HLA-A*31:01,esm2_mean,locus,0,1.0,13696,1.5260563034950494,0.9815315
6759,HLA-A*31:01,esm2_mean,locus,0,1.0,13696,2.451005098112319,1.4330299
6760,HLA-A*31:01,esm2_mean,locus,0,1.0,13696,2.5416019934645457,0.9206208
6761,HLA-A*31:01,esm2_mean,locus,0,1.0,13696,3.1570004211501135,1.1941068
6762,HLA-A*31:01,esm2_mean,locus,0,1.0,13696,1.589235205116581,1.2078388
6763,HLA-A*31:01,esm2_mean,locus,0,1.0,13696,0.18232155679395465,0.92797446
6764,HLA-A*31:01,esm2_mean,locus,0,1.0,13696,1.1314021114911006,1.2439659
6765,HLA-A*31:01,esm2_mean,locus,0,1.0,13696,4.532599493153256,1.1138523
6766,HLA-A*31:01,esm2_mean,locus,0,1.0,13696,0.5306282510621704,1.4959922
6767,HLA-A*31:01,esm2_mean,locus,0,1.0,13696,2.6878474937846906,1.1068377
6768,HLA-A*31:01,esm2_mean,locus,0,1.0,13696,0.26236426446749106,0.9025817
6769,HLA-A*31:01,esm2_mean,locus,0,1.0,13696,3.3032169733019514,1.0406761
6770,HLA-A*31:01,esm2_mean,locus,0,1.0,13696,0.0,1.1523983
6771,HLA-A*31:01,esm2_mean,locus,0,1.0,13696,3.173878458937465,0.9442229
6772,HLA-A*31:01,esm2_mean,locus,0,1.0,13696,4.119037174812473,1.2257174
6773,HLA-A*31:01,esm2_mean,locus,0,1.0,13696,0.33647223662121295,1.245088
6774,HLA-A*31:01,esm2_mean,locus,0,1.0,13696,3.288401887516811,1.0125698
6775,HLA-A*31:01,esm2_mean,locus,0,1.0,13696,0.5306282510621704,1.0778528
6776,HLA-A*31:01,esm2_mean,locus,0,1.0,13696,1.8082887711792655,1.1997265
6777,HLA-A*31:01,esm2_mean,locus,0,1.0,13696,4.360547602996758,1.2001728
6778,HLA-A*31:01,esm2_mean,locus,0,1.0,13696,0.0,1.1245452
6891,HLA-A*02:01,esm2_mean,locus,0,1.0,13696,1.9021075263969205,1.7239583
6892,HLA-A*02:01,esm2_mean,locus,0,1.0,13696,3.488902962081261,1.5739446
6893,HLA-A*02:01,esm2_mean,locus,0,1.0,13696,1.840549633397487,1.7735034
6894,HLA-A*02:01,esm2_mean,locus,0,1.0,13696,2.468099531471619,1.7333255
6895,HLA-A*02:01,esm2_mean,locus,0,1.0,13696,2.8213788864092133,1.7215506
6896,HLA-A*02:01,esm2_mean,locus,0,1.0,13696,2.5726122302071057,1.8595524
6897,HLA-A*02:01,esm2_mean,locus,0,1.0,13696,3.299533727885655,1.8081915
6898,HLA-A*02:01,esm2_mean,locus,0,1.0,13696,1.5040773967762742,1.5161078
6899,HLA-A*02:01,esm2_mean,locus,0,1.0,13696,2.151762203259462,1.7919571
6900,HLA-A*02:01,esm2_mean,locus,0,1.0,13696,2.7013612129514133,1.7157254
6901,HLA-A*02:01,esm2_mean,locus,0,1.0,13696,1.0296194171811583,1.6947404
6902,HLA-A*02:01,esm2_mean,locus,0,1.0,13696,2.7788192719904172,1.7267661
6903,HLA-A*02:01,esm2_mean,locus,0,1.0,13696,2.617395832834079,1.5652382
6904,HLA-A*02:01,esm2_mean,locus,0,1.0,13696,1.824549292051046,1.7609369
6905,HLA-A*02:01,esm2_mean,locus,0,1.0,13696,1.5686159179138452,1.8703704
6906,HLA-A*02:01,esm2_mean,locus,0,1.0,13696,3.1780538303479458,2.1871011
6907,HLA-A*02:01,esm2_mean,locus,0,1.0,13696,1.8562979903656263,1.5504274
6908,HLA-A*02:01,esm2_mean,locus,0,1.0,13696,0.9162907318741551,1.7336154
6909,HLA-A*02:01,esm2_mean,locus,0,1.0,13696,1.1631508098056809,1.7695413
6910,HLA-A*02:01,esm2_mean,locus,0,1.0,13696,3.109060958860994,1.5887096
6911,HLA-A*02:01,esm2_mean,locus,0,1.0,13696,2.6946271807700692,1.768301
6912,HLA-A*02:01,esm2_mean,locus,0,1.0,13696,0.09531017980432487,1.6422348
6913,HLA-A*02:01,esm2_mean,locus,0,1.0,13696,0.7419373447293773,2.0401535
6914,HLA-A*02:01,esm2_mean,locus,0,1.0,13696,2.833213344056216,1.9390297
6915,HLA-A*02:01,esm2_mean,locus,0,1.0,13696,0.09531017980432487,1.7200522
6916,HLA-A*02:01,esm2_mean,locus,0,1.0,13696,0.09531017980432487,1.5049183
6917,HLA-A*02:01,esm2_mean,locus,0,1.0,13696,0.09531017980432487,1.5913255
6918,HLA-A*02:01,esm2_mean,locus,0,1.0,13696,0.09531017980432487,1.6283302
6919,HLA-A*02:01,esm2_mean,locus,0,1.0,13696,2.341805806147327,2.022989
6920,HLA-A*02:01,esm2_mean,locus,0,1.0,13696,0.09531017980432487,2.4297566
6921,HLA-A*02:01,esm2_mean,locus,0,1.0,13696,0.9162907318741551,1.6255317
6922,HLA-A*02:01,esm2_mean,locus,0,1.0,13696,2.174751721484161,1.8027985
6923,HLA-A*02:01,esm2_mean,locus,0,1.0,13696,3.459466289786131,1.8728096
6924,HLA-A*02:01,esm2_mean,locus,0,1.0,13696,0.18232155679395465,1.8354385
6925,HLA-A*02:01,esm2_mean,locus,0,1.0,13696,0.30010459245033805,1.7714982
6926,HLA-A*02:01,esm2_mean,locus,0,1.0,13696,0.18232155679395465,1.6589782
6927,HLA-A*02:01,esm2_mean,locus,0,1.0,13696,3.202746442938317,1.4779102
6928,HLA-A*02:01,esm2_mean,locus,0,1.0,13696,0.8754687373538999,1.4354179
6929,HLA-A*02:01,esm2_mean,locus,0,1.0,13696,0.0,1.8676908
6930,HLA-A*02:01,esm2_mean,locus,0,1.0,13696,0.0,1.8542864
6931,HLA-A*02:01,esm2_mean,locus,0,1.0,13696,0.0,1.8390926
6932,HLA-A*02:01,esm2_mean,locus,0,1.0,13696,0.0,1.8066547
6933,HLA-A*02:01,esm2_mean,locus,0,1.0,13696,0.5933268452777344,1.527717
6934,HLA-A*02:01,esm2_mean,locus,0,1.0,13696,1.6752256529721035,1.7100306
6935,HLA-A*02:01,esm2_mean,locus,0,1.0,13696,0.09531017980432487,1.6222733
6936,HLA-A*02:01,esm2_mean,locus,0,1.0,13696,0.13976194237515868,1.7344396
6937,HLA-A*02:01,esm2_mean,locus,0,1.0,13696,3.091042453358316,1.6419473
6938,HLA-A*02:01,esm2_mean,locus,0,1.0,13696,2.785011242238338,1.4918104
6939,HLA-A*02:01,esm2_mean,locus,0,1.0,13696,3.095577608523707,1.4984825
6940,HLA-A*02:01,esm2_mean,locus,0,1.0,13696,3.6136169696133895,1.7884004
6941,HLA-A*02:01,esm2_mean,locus,0,1.0,13696,1.1314021114911006,1.7469175
6942,HLA-A*02:01,esm2_mean,locus,0,1.0,13696,1.7578579175523736,1.5560744
6943,HLA-A*02:01,esm2_mean,locus,0,1.0,13696,2.8791984572980396,1.7779274
6944,HLA-A*02:01,esm2_mean,locus,0,1.0,13696,1.410986973710262,1.7128713
6945,HLA-A*02:01,esm2_mean,locus,0,1.0,13696,3.4011973816621555,1.7978706
6946,HLA-A*02:01,esm2_mean,locus,0,1.0,13696,1.8718021769015913,1.9758646
6947,HLA-A*02:01,esm2_mean,locus,0,1.0,13696,2.772588722239781,2.0200908
6948,HLA-A*02:01,esm2_mean,locus,0,1.0,13696,1.589235205116581,2.3095763
6949,HLA-A*02:01,esm2_mean,locus,0,1.0,13696,0.5877866649021191,1.8103304
6950,HLA-A*02:01,esm2_mean,locus,0,1.0,13696,2.970414465569701,2.1484215
6951,HLA-A*02:01,esm2_mean,locus,0,1.0,13696,0.26236426446749106,1.9500992
6952,HLA-A*02:01,esm2_mean,locus,0,1.0,13696,2.6461747973841225,1.7907124
6953,HLA-A*02:01,esm2_mean,locus,0,1.0,13696,2.785011242238338,1.708653
6954,HLA-A*02:01,esm2_mean,locus,0,1.0,13696,1.4182774069729414,2.0322697
6955,HLA-A*02:01,esm2_mean,locus,0,1.0,13696,3.0007198150650303,1.9121902
6956,HLA-A*02:01,esm2_mean,locus,0,1.0,13696,1.6094379124341003,1.8180709
6957,HLA-A*02:01,esm2_mean,locus,0,1.0,13696,0.35065687161316933,1.9483976
6958,HLA-A*02:01,esm2_mean,locus,0,1.0,13696,0.5653138090500605,1.6377048
6959,HLA-A*02:01,esm2_mean,locus,0,1.0,13696,3.131136910560194,1.626519
6960,HLA-A*02:01,esm2_mean,locus,0,1.0,13696,0.0,1.5943625
6961,HLA-A*02:01,esm2_mean,locus,0,1.0,13696,2.8094026953624973,1.8011115
6962,HLA-A*02:01,esm2_mean,locus,0,1.0,13696,2.553343811341229,1.5538359
6963,HLA-A*02:01,esm2_mean,locus,0,1.0,13696,2.725235025856311,1.8211324
6964,HLA-A*02:01,esm2_mean,locus,0,1.0,13696,1.0986122886681098,1.7636439
6965,HLA-A*02:01,esm2_mean,locus,0,1.0,13696,2.451005098112319,1.7983599
6966,HLA-A*02:01,esm2_mean,locus,0,1.0,13696,0.7178397931503169,2.1656594
6967,HLA-A*02:01,esm2_mean,locus,0,1.0,13696,1.8718021769015913,1.5428021
6968,HLA-A*02:01,esm2_mean,locus,0,1.0,13696,0.4700036292457355,1.9131455
6969,HLA-A*02:01,esm2_mean,locus,0,1.0,13696,2.91235066461494,1.8541653
6970,HLA-A*02:01,esm2_mean,locus,0,1.0,13696,2.775708849576025,1.8035032
6971,HLA-A*02:01,esm2_mean,locus,0,1.0,13696,2.7466296830696852,1.8161658
6972,HLA-A*02:01,esm2_mean,locus,0,1.0,13696,2.7013612129514133,1.712333
6973,HLA-A*02:01,esm2_mean,locus,0,1.0,13696,2.388762789235098,1.8262968
6974,HLA-A*02:01,esm2_mean,locus,0,1.0,13696,2.3513752571634776,1.8967905
6975,HLA-A*02:01,esm2_mean,locus,0,1.0,13696,3.265759410767051,1.5538423
6976,HLA-A*02:01,esm2_mean,locus,0,1.0,13696,0.18232155679395465,1.3771949
6977,HLA-A*02:01,esm2_mean,locus,0,1.0,13696,0.0,1.4344063
6978,HLA-A*02:01,esm2_mean,locus,0,1.0,13696,0.6678293725756554,1.731962
6979,HLA-A*02:01,esm2_mean,locus,0,1.0,13696,2.4765384001174837,1.6308786
6980,HLA-A*02:01,esm2_mean,locus,0,1.0,13696,2.631888840136646,1.594638
6981,HLA-A*02:01,esm2_mean,locus,0,1.0,13696,2.5494451709255714,1.6108725
6982,HLA-A*02:01,esm2_mean,locus,0,1.0,13696,1.589235205116581,1.1855692
6983,HLA-A*02:01,esm2_mean,locus,0,1.0,13696,1.1631508098056809,1.6921561
6984,HLA-A*02:01,esm2_mean,locus,0,1.0,13696,1.9021075263969205,1.8599057
6985,HLA-A*02:01,esm2_mean,locus,0,1.0,13696,0.4054651081081644,1.9134297
6986,HLA-A*02:01,esm2_mean,locus,0,1.0,13696,1.3609765531356006,1.4000818
6987,HLA-A*02:01,esm2_mean,locus,0,1.0,13696,3.091042453358316,1.5463526
6988,HLA-A*02:01,esm2_mean,locus,0,1.0,13696,0.832909122935104,1.4342222
6989,HLA-A*24:02,esm2_mean,locus,0,1.0,13696,2.5217206229107165,1.291266
6990,HLA-A*24:02,esm2_mean,locus,0,1.0,13696,1.2809338454620642,0.8836068
6991,HLA-A*24:02,esm2_mean,locus,0,1.0,13696,3.7773481021015445,1.3940276
6992,HLA-A*24:02,esm2_mean,locus,0,1.0,13696,3.6750340472918834,1.2887205
6993,HLA-A*24:02,esm2_mean,locus,0,1.0,13696,2.803360380906535,1.0957747
6994,HLA-A*24:02,esm2_mean,locus,0,1.0,13696,3.4258899942525267,0.84734905
6995,HLA-A*24:02,esm2_mean,locus,0,1.0,13696,1.5789787049493917,0.95223826
6996,HLA-A*24:02,esm2_mean,locus,0,1.0,13696,2.145931282948669,0.9507724
6997,HLA-A*24:02,esm2_mean,locus,0,1.0,13696,0.9745596399981308,0.7730327
6998,HLA-A*24:02,esm2_mean,locus,0,1.0,13696,2.8791984572980396,0.77522933
6999,HLA-A*24:02,esm2_mean,locus,0,1.0,13696,3.039749158970765,0.68925416
7000,HLA-A*24:02,esm2_mean,locus,0,1.0,13696,2.8213788864092133,1.0879619
7001,HLA-A*24:02,esm2_mean,locus,0,1.0,13696,0.37156355643248307,1.0399468
7002,HLA-A*24:02,esm2_mean,locus,0,1.0,13696,0.09531017980432487,0.85261416
7003,HLA-A*24:02,esm2_mean,locus,0,1.0,13696,2.8449093838194073,1.226909
7004,HLA-A*24:02,esm2_mean,locus,0,1.0,13696,0.26236426446749106,0.6774998
7005,HLA-A*24:02,esm2_mean,locus,0,1.0,13696,0.0,0.86079973
7006,HLA-A*24:02,esm2_mean,locus,0,1.0,13696,2.028148247292285,0.5880373
7007,HLA-A*24:02,esm2_mean,locus,0,1.0,13696,0.18232155679395465,1.0153573
7008,HLA-A*24:02,esm2_mean,locus,0,1.0,13696,0.18232155679395465,0.90043247
7009,HLA-A*02:01,esm2_mean,locus,0,1.0,13696,0.18232155679395465,2.028349
7010,HLA-A*02:01,esm2_mean,locus,0,1.0,13696,0.4054651081081644,2.0033467
7011,HLA-A*02:01,esm2_mean,locus,0,1.0,13696,0.26236426446749106,1.7750006
7012,HLA-A*02:01,esm2_mean,locus,0,1.0,13696,1.7047480922384253,1.5999122
7013,HLA-A*02:01,esm2_mean,locus,0,1.0,13696,2.0014800002101243,1.50444
7014,HLA-A*02:01,esm2_mean,locus,0,1.0,13696,2.6461747973841225,1.7564659
7015,HLA-A*02:01,esm2_mean,locus,0,1.0,13696,2.91235066461494,1.9221854
7016,HLA-A*02:01,esm2_mean,locus,0,1.0,13696,2.714694743820879,1.5302976
7017,HLA-A*02:01,esm2_mean,locus,0,1.0,13696,1.9600947840472698,1.8953598
7018,HLA-A*02:01,esm2_mean,locus,0,1.0,13696,2.7013612129514133,1.7384254
7019,HLA-A*02:01,esm2_mean,locus,0,1.0,13696,0.8754687373538999,1.4152254
7020,HLA-A*02:01,esm2_mean,locus,0,1.0,13696,1.2237754316221157,1.961602
7021,HLA-A*02:01,esm2_mean,locus,0,1.0,13696,2.0794415416798357,1.8778517
7022,HLA-A*02:01,esm2_mean,locus,0,1.0,13696,1.3862943611198906,1.9669175
7023,HLA-A*02:01,esm2_mean,locus,0,1.0,13696,3.0252910757955354,1.4543916
7024,HLA-A*02:01,esm2_mean,locus,0,1.0,13696,2.4595888418037104,1.9777818
7025,HLA-A*02:01,esm2_mean,locus,0,1.0,13696,2.028148247292285,1.8561327
7026,HLA-A*02:01,esm2_mean,locus,0,1.0,13696,0.9162907318741551,1.7441685
7027,HLA-A*02:01,esm2_mean,locus,0,1.0,13696,0.6931471805599453,2.024308
7028,HLA-A*02:01,esm2_mean,locus,0,1.0,13696,2.1162555148025524,2.0094757
7029,HLA-A*02:01,esm2_mean,locus,0,1.0,13696,1.9459101490553132,1.796623
7030,HLA-A*02:01,esm2_mean,locus,0,1.0,13696,0.5306282510621704,2.0706017
7031,HLA-A*02:01,esm2_mean,locus,0,1.0,13696,0.5306282510621704,1.7225666
7032,HLA-A*02:01,esm2_mean,locus,0,1.0,13696,2.468099531471619,1.6564181
7033,HLA-A*02:01,esm2_mean,locus,0,1.0,13696,2.9806186357439426,1.5859828
7034,HLA-A*02:01,esm2_mean,locus,0,1.0,13696,1.824549292051046,1.4737078
7035,HLA-A*02:01,esm2_mean,locus,0,1.0,13696,1.7749523509116738,1.7153671
7036,HLA-A*02:01,esm2_mean,locus,0,1.0,13696,1.6389967146756448,1.4867116
7037,HLA-A*02:01,esm2_mean,locus,0,1.0,13696,1.0986122886681098,1.5493863
7038,HLA-A*02:01,esm2_mean,locus,0,1.0,13696,2.617395832834079,1.6429214
7039,HLA-A*02:01,esm2_mean,locus,0,1.0,13696,2.0918640616783932,1.9771113
7040,HLA-A*02:01,esm2_mean,locus,0,1.0,13696,2.509599262378372,1.8343191
7041,HLA-A*02:01,esm2_mean,locus,0,1.0,13696,2.4069451083182885,2.2579553
7042,HLA-A*02:01,esm2_mean,locus,0,1.0,13696,1.9459101490553132,1.6541009
7043,HLA-A*02:01,esm2_mean,locus,0,1.0,13696,3.1441522786722644,1.6633
7044,HLA-A*68:23,esm2_mean,locus,0,1.0,13696,2.388762789235098,0.6939305
7045,HLA-A*68:23,esm2_mean,locus,0,1.0,13696,0.5306282510621704,0.44206637
7046,HLA-A*68:23,esm2_mean,locus,0,1.0,13696,0.8754687373538999,0.46452934
7047,HLA-A*68:23,esm2_mean,locus,0,1.0,13696,0.18232155679395465,0.47607493
7048,HLA-A*68:23,esm2_mean,locus,0,1.0,13696,0.9932517730102833,0.6991721
7049,HLA-A*68:23,esm2_mean,locus,0,1.0,13696,0.33647223662121295,0.72483456
7050,HLA-A*68:23,esm2_mean,locus,0,1.0,13696,0.0,0.70478344
7051,HLA-A*68:23,esm2_mean,locus,0,1.0,13696,0.26236426446749106,0.2819199
7052,HLA-A*68:23,esm2_mean,locus,0,1.0,13696,1.0296194171811583,0.54981446
7053,HLA-A*68:23,esm2_mean,locus,0,1.0,13696,3.131136910560194,0.112653196
7054,HLA-A*68:23,esm2_mean,locus,0,1.0,13696,0.6418538861723948,0.51514316
7055,HLA-A*68:23,esm2_mean,locus,0,1.0,13696,2.1162555148025524,0.5027421
7056,HLA-A*68:23,esm2_mean,locus,0,1.0,13696,0.5306282510621704,0.23014241
7057,HLA-A*68:23,esm2_mean,locus,0,1.0,13696,2.3608540011180215,0.28122526
7058,HLA-A*68:23,esm2_mean,locus,0,1.0,13696,0.4054651081081644,0.4295196
7059,HLA-A*68:23,esm2_mean,locus,0,1.0,13696,1.1939224684724346,0.62320495
7060,HLA-A*68:23,esm2_mean,locus,0,1.0,13696,1.1314021114911006,0.43662733
7061,HLA-A*68:23,esm2_mean,locus,0,1.0,13696,0.26236426446749106,0.66222775
7062,HLA-A*68:23,esm2_mean,locus,0,1.0,13696,0.5306282510621704,0.4721511
7063,HLA-A*68:23,esm2_mean,locus,0,1.0,13696,0.18232155679395465,0.79034567
7064,HLA-A*68:23,esm2_mean,locus,0,1.0,13696,1.1631508098056809,0.6618006
7065,HLA-A*68:23,esm2_mean,locus,0,1.0,13696,1.4350845252893227,0.47581995
7109,HLA-A*32:07,esm2_mean,locus,0,1.0,13696,1.5040773967762742,0.6087023
7110,HLA-A*32:07,esm2_mean,locus,0,1.0,13696,2.70805020110221,0.7801429
7111,HLA-A*32:07,esm2_mean,locus,0,1.0,13696,2.312535423847214,0.68405026
7112,HLA-A*32:07,esm2_mean,locus,0,1.0,13696,1.6863989535702288,0.54728913
7113,HLA-A*32:07,esm2_mean,locus,0,1.0,13696,0.5306282510621704,0.28738695
7114,HLA-A*32:07,esm2_mean,locus,0,1.0,13696,0.9162907318741551,0.70114875
7115,HLA-A*32:07,esm2_mean,locus,0,1.0,13696,2.0541237336955462,0.31560224
7116,HLA-A*32:07,esm2_mean,locus,0,1.0,13696,0.7419373447293773,0.7453838
7117,HLA-A*32:07,esm2_mean,locus,0,1.0,13696,3.5553480614894135,0.51891613
7118,HLA-A*32:07,esm2_mean,locus,0,1.0,13696,1.0647107369924282,0.78427255
7119,HLA-A*32:07,esm2_mean,locus,0,1.0,13696,0.7419373447293773,0.86487603
7120,HLA-A*32:07,esm2_mean,locus,0,1.0,13696,3.5524868292083815,0.8276183
7121,HLA-A*32:07,esm2_mean,locus,0,1.0,13696,0.33647223662121295,0.9281939
7122,HLA-A*32:07,esm2_mean,locus,0,1.0,13696,0.9932517730102833,0.80393136
7123,HLA-A*32:07,esm2_mean,locus,0,1.0,13696,0.26236426446749106,0.5125938
7124,HLA-A*32:07,esm2_mean,locus,0,1.0,13696,0.7884573603642702,0.51566994
7125,HLA-A*32:07,esm2_mean,locus,0,1.0,13696,2.766319109226186,1.0318716
7126,HLA-A*32:07,esm2_mean,locus,0,1.0,13696,0.7884573603642702,0.60074824
7127,HLA-A*32:07,esm2_mean,locus,0,1.0,13696,3.3843902633457743,0.80012685
7128,HLA-A*32:07,esm2_mean,locus,0,1.0,13696,0.4700036292457355,1.0003654
7129,HLA-A*32:07,esm2_mean,locus,0,1.0,13696,2.6741486494265287,0.9833305
7130,HLA-A*32:07,esm2_mean,locus,0,1.0,13696,2.3513752571634776,0.69035906
7131,HLA-A*32:07,esm2_mean,locus,0,1.0,13696,2.9444389791664403,1.034587
7132,HLA-A*32:07,esm2_mean,locus,0,1.0,13696,0.7884573603642702,0.84447885
7133,HLA-A*32:07,esm2_mean,locus,0,1.0,13696,1.0986122886681098,0.4678331
7134,HLA-A*32:07,esm2_mean,locus,0,1.0,13696,4.279440045898781,0.6872676
7135,HLA-A*32:07,esm2_mean,locus,0,1.0,13696,0.4700036292457355,0.6459247
7136,HLA-A*32:07,esm2_mean,locus,0,1.0,13696,3.1654750481410856,0.7641803
7137,HLA-A*32:07,esm2_mean,locus,0,1.0,13696,0.5306282510621704,0.7509746
7138,HLA-A*32:07,esm2_mean,locus,0,1.0,13696,3.7013019741124933,0.83233225
7183,HLA-A*02:01,esm2_mean,locus,0,1.0,13696,3.2771447329921766,1.7689352
7184,HLA-A*03:01,esm2_mean,locus,0,1.0,13696,0.4700036292457355,1.8163872
7185,HLA-A*03:01,esm2_mean,locus,0,1.0,13696,0.18232155679395465,1.5797081
7186,HLA-A*03:01,esm2_mean,locus,0,1.0,13696,0.6418538861723948,1.6626496
7187,HLA-A*03:01,esm2_mean,locus,0,1.0,13696,0.09531017980432487,2.043321
7188,HLA-A*11:01,esm2_mean,locus,0,1.0,13696,2.1162555148025524,1.401391
7189,HLA-A*11:01,esm2_mean,locus,0,1.0,13696,3.9219733362813143,1.8152616
7190,HLA-A*24:02,esm2_mean,locus,0,1.0,13696,2.4849066497880004,1.1650257
7191,HLA-A*24:02,esm2_mean,locus,0,1.0,13696,0.18232155679395465,1.0166285
7192,HLA-A*24:02,esm2_mean,locus,0,1.0,13696,1.5686159179138452,1.0022322
7193,HLA-A*03:01,esm2_mean,locus,0,1.0,13696,0.7419373447293773,1.6641135
7194,HLA-A*03:01,esm2_mean,locus,0,1.0,13696,0.0,1.701979
7195,HLA-A*31:01,esm2_mean,locus,0,1.0,13696,3.214867803470662,1.4189746
7196,HLA-A*26:01,esm2_mean,locus,0,1.0,13696,0.4700036292457355,0.114939034
7197,HLA-A*26:01,esm2_mean,locus,0,1.0,13696,0.26236426446749106,0.44044226
7198,HLA-A*26:01,esm2_mean,locus,0,1.0,13696,3.4436180975461075,0.4516346
7213,HLA-A*26:01,esm2_mean,locus,0,1.0,13696,0.33647223662121295,0.24846655
7220,HLA-A*11:01,esm2_mean,locus,0,1.0,13696,3.9531649487593215,1.3888104
7222,HLA-A*31:01,esm2_mean,locus,0,1.0,13696,2.7788192719904172,1.2148794
7225,HLA-A*03:01,esm2_mean,locus,0,1.0,13696,0.18232155679395465,1.9002385
7227,HLA-A*02:01,esm2_mean,locus,0,1.0,13696,2.0412203288596382,1.8725879
7228,HLA-A*02:01,esm2_mean,locus,0,1.0,13696,3.391147045808654,1.5237498
7243,HLA-A*74:01,esm2_mean,locus,0,1.0,13696,2.6461747973841225,0.63841856
7256,HLA-A*24:02,esm2_mean,locus,0,1.0,13696,3.407841924380824,0.94583803
7257,HLA-A*24:02,esm2_mean,locus,0,1.0,13696,1.8562979903656263,1.1492517
7258,HLA-A*24:02,esm2_mean,locus,0,1.0,13696,0.18232155679395465,1.1175232
7259,HLA-A*24:02,esm2_mean,locus,0,1.0,13696,2.0541237336955462,1.1061001
7260,HLA-A*24:02,esm2_mean,locus,0,1.0,13696,3.017982882488811,1.086917
7261,HLA-A*24:02,esm2_mean,locus,0,1.0,13696,3.104586678466073,0.9909797
7276,HLA-A*02:19,esm2_mean,locus,0,1.0,13696,1.0986122886681098,1.4034452
7281,HLA-A*02:50,esm2_mean,locus,0,1.0,13696,1.0296194171811583,1.9464693
7282,HLA-A*68:01,esm2_mean,locus,0,1.0,13696,0.18232155679395465,1.6634097
7288,HLA-A*02:03,esm2_mean,locus,0,1.0,13696,0.5306282510621704,1.3735392
7291,HLA-A*74:01,esm2_mean,locus,0,1.0,13696,3.56953269648137,0.4978298
7298,HLA-A*32:07,esm2_mean,locus,0,1.0,13696,2.388762789235098,0.99730587
7299,HLA-A*23:01,esm2_mean,locus,0,1.0,13696,3.1419947805322432,1.1637022
7300,HLA-A*26:03,esm2_mean,locus,0,1.0,13696,1.3609765531356006,0.69344306
7302,HLA-A*03:01,esm2_mean,locus,0,1.0,13696,0.0,1.5540398
7303,HLA-A*02:03,esm2_mean,locus,0,1.0,13696,2.954910279033736,1.2819289
7304,HLA-A*74:01,esm2_mean,locus,0,1.0,13696,5.353752073436137,1.0614578
7311,HLA-A*02:16,esm2_mean,locus,0,1.0,13696,1.7047480922384253,1.5402055
7312,HLA-A*68:23,esm2_mean,locus,0,1.0,13696,1.0296194171811583,0.64306855
7314,HLA-A*32:01,esm2_mean,locus,0,1.0,13696,0.33647223662121295,1.1875001
7315,HLA-A*02:03,esm2_mean,locus,0,1.0,13696,2.827313621929028,1.2674952
7316,HLA-A*02:50,esm2_mean,locus,0,1.0,13696,2.7788192719904172,1.6847317
7318,HLA-A*26:03,esm2_mean,locus,0,1.0,13696,0.26236426446749106,0.47012037
7324,HLA-A*25:01,esm2_mean,locus,0,1.0,13696,0.26236426446749106,0.4770251
7325,HLA-A*66:01,esm2_mean,locus,0,1.0,13696,0.0,0.7104044
7327,HLA-A*11:01,esm2_mean,locus,0,1.0,13696,0.5306282510621704,1.6366994
7330,HLA-A*66:01,esm2_mean,locus,0,1.0,13696,0.18232155679395465,0.71400106
7336,HLA-A*29:02,esm2_mean,locus,0,1.0,13696,0.9932517730102833,1.8418186
7337,HLA-A*26:02,esm2_mean,locus,0,1.0,13696,2.1041341542702074,-0.18567294
7338,HLA-A*03:01,esm2_mean,locus,0,1.0,13696,0.09531017980432487,2.1218007
7340,HLA-A*30:02,esm2_mean,locus,0,1.0,13696,0.18232155679395465,0.62960637
7341,HLA-A*23:01,esm2_mean,locus,0,1.0,13696,0.7884573603642702,0.4426698
7343,HLA-A*24:19,esm2_mean,locus,0,1.0,13696,0.0,0.14536113
7344,HLA-A*02:01,esm2_mean,locus,0,1.0,13696,2.714694743820879,1.9029002
7345,HLA-A*25:01,esm2_mean,locus,0,1.0,13696,0.0,0.34315133
7346,HLA-A*26:03,esm2_mean,locus,0,1.0,13696,0.18232155679395465,0.5890963
7347,HLA-A*02:03,esm2_mean,locus,0,1.0,13696,1.9315214116032138,1.0671365
7350,HLA-A*32:07,esm2_mean,locus,0,1.0,13696,0.0,0.65716654
7355,HLA-A*02:11,esm2_mean,locus,0,1.0,13696,1.9740810260220096,1.5211933
7356,HLA-A*02:16,esm2_mean,locus,0,1.0,13696,2.312535423847214,1.3587654
7357,HLA-A*74:01,esm2_mean,locus,0,1.0,13696,3.8877303128591016,0.74932146
7358,HLA-A*25:01,esm2_mean,locus,0,1.0,13696,1.62924053973028,0.60085404
7362,HLA-A*68:23,esm2_mean,locus,0,1.0,13696,0.0,0.44846183
7363,HLA-A*02:12,esm2_mean,locus,0,1.0,13696,1.4816045409242156,1.1767645
7367,HLA-A*30:01,esm2_mean,locus,0,1.0,13696,0.0,1.4112582
7368,HLA-A*02:11,esm2_mean,locus,0,1.0,13696,0.5877866649021191,1.2252445
7370,HLA-A*32:07,esm2_mean,locus,0,1.0,13696,0.33647223662121295,0.32130325
7371,HLA-A*32:07,esm2_mean,locus,0,1.0,13696,1.6486586255873816,0.608466
7380,HLA-A*02:10,esm2_mean,locus,0,1.0,13696,1.252762968495368,0.8661895
7381,HLA-A*02:12,esm2_mean,locus,0,1.0,13696,3.0633909220278057,1.1711326
7382,HLA-A*02:12,esm2_mean,locus,0,1.0,13696,3.6136169696133895,1.3968457
7383,HLA-A*24:07,esm2_mean,locus,0,1.0,13696,0.26236426446749106,0.9688519
7388,HLA-A*74:01,esm2_mean,locus,0,1.0,13696,2.7788192719904172,0.67728174
7389,HLA-A*30:02,esm2_mean,locus,0,1.0,13696,0.18232155679395465,0.6462153
7390,HLA-A*02:01,esm2_mean,locus,0,1.0,13696,0.9162907318741551,1.6548326
7391,HLA-A*26:02,esm2_mean,locus,0,1.0,13696,0.4054651081081644,0.17535597
7392,HLA-A*02:16,esm2_mean,locus,0,1.0,13696,3.955082494888593,1.4365004
7393,HLA-A*74:01,esm2_mean,locus,0,1.0,13696,1.7047480922384253,0.5251866
7399,HLA-A*24:07,esm2_mean,locus,0,1.0,13696,2.970414465569701,0.46277905
7400,HLA-A*02:11,esm2_mean,locus,0,1.0,13696,3.0726933146901194,1.4117901
7402,HLA-A*43:01,esm2_mean,locus,0,1.0,13696,0.0,0.7619568
7403,HLA-A*02:12,esm2_mean,locus,0,1.0,13696,1.6486586255873816,1.248539
7404,HLA-A*02:16,esm2_mean,locus,0,1.0,13696,0.7884573603642702,1.1995983
7405,HLA-A*33:03,esm2_mean,locus,0,1.0,13696,3.077312260546414,1.0527316
7409,HLA-A*02:10,esm2_mean,locus,0,1.0,13696,2.653241964607215,1.0661875
7410,HLA-A*02:16,esm2_mean,locus,0,1.0,13696,3.459466289786131,1.6396071
7412,HLA-A*43:01,esm2_mean,locus,0,1.0,13696,3.591817741270805,0.960372
7413,HLA-A*43:01,esm2_mean,locus,0,1.0,13696,0.4054651081081644,0.86218596
7414,HLA-A*24:07,esm2_mean,locus,0,1.0,13696,0.18232155679395465,0.820138
7418,HLA-A*02:19,esm2_mean,locus,0,1.0,13696,1.5040773967762742,1.3544977
7419,HLA-A*02:19,esm2_mean,locus,0,1.0,13696,2.9391619220655967,1.6504471
7420,HLA-A*33:03,esm2_mean,locus,0,1.0,13696,1.5260563034950494,1.0964241
7422,HLA-A*29:02,esm2_mean,locus,0,1.0,13696,1.9600947840472698,1.4559681
7426,HLA-A*66:01,esm2_mean,locus,0,1.0,13696,0.18232155679395465,0.97779334
7433,HLA-A*11:01,esm2_mean,locus,0,1.0,13696,3.9945242269398897,1.3148456
7434,HLA-A*29:02,esm2_mean,locus,0,1.0,13696,0.8754687373538999,1.7139833
7435,HLA-A*30:02,esm2_mean,locus,0,1.0,13696,0.4054651081081644,0.99081206
7438,HLA-A*02:10,esm2_mean,locus,0,1.0,13696,0.5306282510621704,0.61372393
7439,HLA-A*02:50,esm2_mean,locus,0,1.0,13696,2.6946271807700692,1.7382333
7444,HLA-A*32:07,esm2_mean,locus,0,1.0,13696,0.26236426446749106,0.61773354
7445,HLA-A*32:07,esm2_mean,locus,0,1.0,13696,0.0,0.6919701
7447,HLA-A*02:11,esm2_mean,locus,0,1.0,13696,1.791759469228055,1.6749473
7450,HLA-A*24:19,esm2_mean,locus,0,1.0,13696,0.0,-0.16654092
7452,HLA-A*26:03,esm2_mean,locus,0,1.0,13696,0.4054651081081644,0.49971637
7459,HLA-A*66:01,esm2_mean,locus,0,1.0,13696,0.18232155679395465,0.830203
7461,HLA-A*02:12,esm2_mean,locus,0,1.0,13696,0.26236426446749106,1.0912373
7468,HLA-A*68:23,esm2_mean,locus,0,1.0,13696,0.18232155679395465,0.47141045
7469,HLA-A*66:01,esm2_mean,locus,0,1.0,13696,0.0,1.1107904
7473,HLA-A*02:10,esm2_mean,locus,0,1.0,13696,0.26236426446749106,0.24449188
7474,HLA-A*02:50,esm2_mean,locus,0,1.0,13696,2.174751721484161,2.120411
7477,HLA-A*26:02,esm2_mean,locus,0,1.0,13696,0.6931471805599453,-0.075493395
7478,HLA-A*02:16,esm2_mean,locus,0,1.0,13696,2.7536607123542622,1.3979986
7479,HLA-A*68:01,esm2_mean,locus,0,1.0,13696,3.5380565643793527,1.5495583
7482,HLA-A*11:01,esm2_mean,locus,0,1.0,13696,4.259859000699674,1.4152179
7488,HLA-A*31:01,esm2_mean,locus,0,1.0,13696,0.4054651081081644,1.1309916
7489,HLA-A*68:01,esm2_mean,locus,0,1.0,13696,0.0,1.547884
7492,HLA-A*25:01,esm2_mean,locus,0,1.0,13696,0.0,0.45014495
7496,HLA-A*68:23,esm2_mean,locus,0,1.0,13696,0.0,0.755589
7497,HLA-A*31:01,esm2_mean,locus,0,1.0,13696,3.4468078929142076,1.5286655
7498,HLA-A*74:01,esm2_mean,locus,0,1.0,13696,4.147885329150131,0.35165328
7502,HLA-A*24:07,esm2_mean,locus,0,1.0,13696,0.4054651081081644,0.7980846
7503,HLA-A*02:01,esm2_mean,locus,0,1.0,13696,0.26236426446749106,1.5820453
7505,HLA-A*29:02,esm2_mean,locus,0,1.0,13696,0.18232155679395465,1.5214589
7507,HLA-A*24:19,esm2_mean,locus,0,1.0,13696,0.5877866649021191,-0.098165095
7510,HLA-A*02:50,esm2_mean,locus,0,1.0,13696,1.6094379124341003,1.9585705
7511,HLA-A*30:02,esm2_mean,locus,0,1.0,13696,0.7884573603642702,0.9044764
7512,HLA-A*02:12,esm2_mean,locus,0,1.0,13696,3.6189933266497696,1.488355
7513,HLA-A*68:01,esm2_mean,locus,0,1.0,13696,0.26236426446749106,1.7161653
7519,HLA-A*02:50,esm2_mean,locus,0,1.0,13696,1.8870696490323797,1.5120499
7521,HLA-A*43:01,esm2_mean,locus,0,1.0,13696,0.33647223662121295,1.4875684
7523,HLA-A*02:19,esm2_mean,locus,0,1.0,13696,3.0819099697950434,1.2415072
7524,HLA-A*32:07,esm2_mean,locus,0,1.0,13696,0.0,0.99617577
7525,HLA-A*24:07,esm2_mean,locus,0,1.0,13696,3.0492730404820207,0.54544646
7531,HLA-A*43:01,esm2_mean,locus,0,1.0,13696,0.33647223662121295,1.0029777
7535,HLA-A*03:01,esm2_mean,locus,0,1.0,13696,0.0,1.7313282
7537,HLA-A*25:01,esm2_mean,locus,0,1.0,13696,0.0,0.5971458
7538,HLA-A*02:11,esm2_mean,locus,0,1.0,13696,3.044522437723423,1.7153335
7539,HLA-A*02:12,esm2_mean,locus,0,1.0,13696,0.5877866649021191,0.9497547
7540,HLA-A*02:50,esm2_mean,locus,0,1.0,13696,2.6878474937846906,1.7635477
7542,HLA-A*32:07,esm2_mean,locus,0,1.0,13696,0.0,0.81151175
7545,HLA-A*30:02,esm2_mean,locus,0,1.0,13696,1.8562979903656263,1.0532767
7548,HLA-A*43:01,esm2_mean,locus,0,1.0,13696,2.174751721484161,1.1174028
7549,HLA-A*68:23,esm2_mean,locus,0,1.0,13696,0.0,0.5651612
7551,HLA-A*24:02,esm2_mean,locus,0,1.0,13696,0.33647223662121295,0.62807065
7552,HLA-A*02:03,esm2_mean,locus,0,1.0,13696,2.272125885509337,1.2733091
7553,HLA-A*02:50,esm2_mean,locus,0,1.0,13696,2.4595888418037104,2.102977
7556,HLA-A*30:02,esm2_mean,locus,0,1.0,13696,0.18232155679395465,0.83392763
7557,HLA-A*68:23,esm2_mean,locus,0,1.0,13696,0.0,0.34183705
7561,HLA-A*24:02,esm2_mean,locus,0,1.0,13696,3.634951112088381,0.8720667
7562,HLA-A*02:19,esm2_mean,locus,0,1.0,13696,0.0,1.3600395
7567,HLA-A*43:01,esm2_mean,locus,0,1.0,13696,0.5306282510621704,0.877951
7568,HLA-A*43:01,esm2_mean,locus,0,1.0,13696,1.667706820558076,0.8681113
7570,HLA-A*02:03,esm2_mean,locus,0,1.0,13696,1.0647107369924282,1.2996585
7572,HLA-A*43:01,esm2_mean,locus,0,1.0,13696,0.18232155679395465,0.9488233
7574,HLA-A*02:11,esm2_mean,locus,0,1.0,13696,0.4700036292457355,1.1460178
7578,HLA-A*80:01,esm2_mean,locus,0,1.0,13696,0.0,-0.009317994
7579,HLA-A*23:01,esm2_mean,locus,0,1.0,13696,0.4054651081081644,1.040581
7580,HLA-A*26:03,esm2_mean,locus,0,1.0,13696,0.33647223662121295,0.599494
7583,HLA-A*24:19,esm2_mean,locus,0,1.0,13696,0.5306282510621704,0.032232463
7584,HLA-A*66:01,esm2_mean,locus,0,1.0,13696,0.0,0.96572626
7587,HLA-A*02:03,esm2_mean,locus,0,1.0,13696,2.917770732084279,0.9655317
7588,HLA-A*02:01,esm2_mean,locus,0,1.0,13696,1.62924053973028,1.576627
7593,HLA-A*74:01,esm2_mean,locus,0,1.0,13696,3.2068032436339315,1.0049309
7596,HLA-A*29:02,esm2_mean,locus,0,1.0,13696,1.0296194171811583,1.80813
7597,HLA-A*29:02,esm2_mean,locus,0,1.0,13696,0.9162907318741551,1.6788344
7598,HLA-A*24:07,esm2_mean,locus,0,1.0,13696,0.26236426446749106,0.58441424
7599,HLA-A*24:03,esm2_mean,locus,0,1.0,13696,1.4816045409242156,1.1576355
7602,HLA-A*30:01,esm2_mean,locus,0,1.0,13696,0.18232155679395465,1.7047524
7603,HLA-A*30:01,esm2_mean,locus,0,1.0,13696,3.735285826928092,1.6060488
7605,HLA-A*02:10,esm2_mean,locus,0,1.0,13696,2.322387720290225,0.82705367
7606,HLA-A*24:03,esm2_mean,locus,0,1.0,13696,0.8754687373538999,0.998876
7607,HLA-A*02:11,esm2_mean,locus,0,1.0,13696,3.122364924487357,1.6195581
7608,HLA-A*32:07,esm2_mean,locus,0,1.0,13696,0.0,0.9509194
7609,HLA-A*66:01,esm2_mean,locus,0,1.0,13696,1.667706820558076,0.75190914
7616,HLA-A*66:01,esm2_mean,locus,0,1.0,13696,0.0,0.75210214
7619,HLA-A*02:11,esm2_mean,locus,0,1.0,13696,2.6602595372658615,1.4974424
7620,HLA-A*31:01,esm2_mean,locus,0,1.0,13696,3.3105430133940246,1.1613647
7621,HLA-A*11:01,esm2_mean,locus,0,1.0,13696,2.7788192719904172,1.5179517
7622,HLA-A*74:01,esm2_mean,locus,0,1.0,13696,3.730501128804756,0.72767496
7628,HLA-A*02:19,esm2_mean,locus,0,1.0,13696,0.4054651081081644,1.7236974
7629,HLA-A*30:01,esm2_mean,locus,0,1.0,13696,0.33647223662121295,1.2945741
7630,HLA-A*74:01,esm2_mean,locus,0,1.0,13696,0.8754687373538999,0.42203945
7635,HLA-A*33:03,esm2_mean,locus,0,1.0,13696,0.0,1.5025858
7636,HLA-A*33:03,esm2_mean,locus,0,1.0,13696,0.0,1.2758316
7638,HLA-A*66:01,esm2_mean,locus,0,1.0,13696,0.0,0.50062144
7641,HLA-A*74:01,esm2_mean,locus,0,1.0,13696,4.335982696172475,0.6638437
7643,HLA-A*24:19,esm2_mean,locus,0,1.0,13696,0.0,-0.1106115
7645,HLA-A*29:02,esm2_mean,locus,0,1.0,13696,0.26236426446749106,1.3505871
7646,HLA-A*30:02,esm2_mean,locus,0,1.0,13696,0.0,1.0548679
7647,HLA-A*74:01,esm2_mean,locus,0,1.0,13696,1.3862943611198906,0.34483582
7648,HLA-A*30:02,esm2_mean,locus,0,1.0,13696,2.517696472610991,0.60086435
7649,HLA-A*24:07,esm2_mean,locus,0,1.0,13696,2.1400661634962708,0.5386262
7650,HLA-A*68:23,esm2_mean,locus,0,1.0,13696,0.18232155679395465,0.4391011
7651,HLA-A*30:01,esm2_mean,locus,0,1.0,13696,2.9856819377004897,1.3252281
7652,HLA-A*23:01,esm2_mean,locus,0,1.0,13696,2.451005098112319,0.9967043
7655,HLA-A*32:07,esm2_mean,locus,0,1.0,13696,3.543853682063679,0.9840372
7657,HLA-A*26:03,esm2_mean,locus,0,1.0,13696,0.0,0.6527407
7662,HLA-A*29:02,esm2_mean,locus,0,1.0,13696,3.339321977944068,1.9439563
7663,HLA-A*23:01,esm2_mean,locus,0,1.0,13696,3.520460802488973,1.0061349
7665,HLA-A*24:02,esm2_mean,locus,0,1.0,13696,0.5306282510621704,0.9286467
7666,HLA-A*24:02,esm2_mean,locus,0,1.0,13696,0.5306282510621704,0.6822236
7667,HLA-A*30:02,esm2_mean,locus,0,1.0,13696,1.62924053973028,1.0343595
7669,HLA-A*74:01,esm2_mean,locus,0,1.0,13696,3.4688560301359703,0.56399167
7676,HLA-A*02:16,esm2_mean,locus,0,1.0,13696,0.0,1.5448976
7681,HLA-A*24:03,esm2_mean,locus,0,1.0,13696,3.3463891451671604,0.75337434
7682,HLA-A*24:07,esm2_mean,locus,0,1.0,13696,1.3609765531356006,0.79832447
7683,HLA-A*68:23,esm2_mean,locus,0,1.0,13696,0.832909122935104,0.8707961
7685,HLA-A*02:12,esm2_mean,locus,0,1.0,13696,1.62924053973028,1.0732784
7686,HLA-A*31:01,esm2_mean,locus,0,1.0,13696,0.7419373447293773,1.1256683
7688,HLA-A*24:07,esm2_mean,locus,0,1.0,13696,2.785011242238338,0.6289506
7689,HLA-A*02:16,esm2_mean,locus,0,1.0,13696,0.26236426446749106,1.4597201
7690,HLA-A*33:03,esm2_mean,locus,0,1.0,13696,3.3603753871419,1.2344179
7693,HLA-A*29:02,esm2_mean,locus,0,1.0,13696,0.26236426446749106,1.4558793
7703,HLA-A*02:01,esm2_mean,locus,0,1.0,13696,0.5187937934151676,1.7230258
7704,HLA-A*24:02,esm2_mean,locus,0,1.0,13696,1.2237754316221157,0.7804878
7705,HLA-A*02:11,esm2_mean,locus,0,1.0,13696,1.5260563034950494,1.503264
7706,HLA-A*74:01,esm2_mean,locus,0,1.0,13696,0.0,0.7526925
7708,HLA-A*29:02,esm2_mean,locus,0,1.0,13696,0.8754687373538999,1.5369933
7709,HLA-A*74:01,esm2_mean,locus,0,1.0,13696,0.9162907318741551,0.985821
7713,HLA-A*26:03,esm2_mean,locus,0,1.0,13696,0.18232155679395465,0.4887302
7721,HLA-A*02:03,esm2_mean,locus,0,1.0,13696,1.9021075263969205,1.5566056
7722,HLA-A*31:01,esm2_mean,locus,0,1.0,13696,0.4054651081081644,0.96925974
7724,HLA-A*74:01,esm2_mean,locus,0,1.0,13696,2.341805806147327,0.52410066
7726,HLA-A*23:01,esm2_mean,locus,0,1.0,13696,2.7013612129514133,1.1421081
7727,HLA-A*25:01,esm2_mean,locus,0,1.0,13696,0.832909122935104,0.5861118
7728,HLA-A*26:03,esm2_mean,locus,0,1.0,13696,0.18232155679395465,0.7117362
7730,HLA-A*03:01,esm2_mean,locus,0,1.0,13696,0.0,1.5616479
7731,HLA-A*02:10,esm2_mean,locus,0,1.0,13696,0.7419373447293773,0.7501168
7732,HLA-A*24:03,esm2_mean,locus,0,1.0,13696,2.1972245773362196,0.9312319
7733,HLA-A*26:02,esm2_mean,locus,0,1.0,13696,0.26236426446749106,-0.16408092
7734,HLA-A*03:01,esm2_mean,locus,0,1.0,13696,0.0,1.9285679
7736,HLA-A*26:02,esm2_mean,locus,0,1.0,13696,0.0,-0.21457762
7739,HLA-A*33:03,esm2_mean,locus,0,1.0,13696,0.0,1.5900372
7749,HLA-A*66:01,esm2_mean,locus,0,1.0,13696,0.0,0.97060764
7755,HLA-A*02:03,esm2_mean,locus,0,1.0,13696,2.2617630984737906,1.2651327
7757,HLA-A*43:01,esm2_mean,locus,0,1.0,13696,0.0,1.2045876
7758,HLA-A*66:01,esm2_mean,locus,0,1.0,13696,0.0,0.6233412
7759,HLA-A*02:12,esm2_mean,locus,0,1.0,13696,2.388762789235098,0.9798083
7761,HLA-A*30:02,esm2_mean,locus,0,1.0,13696,0.5306282510621704,0.97115016
7762,HLA-A*32:07,esm2_mean,locus,0,1.0,13696,3.4719664525503626,0.86306226
7763,HLA-A*24:03,esm2_mean,locus,0,1.0,13696,1.5040773967762742,0.48434293
7764,HLA-A*24:03,esm2_mean,locus,0,1.0,13696,3.653252276470785,0.786715
7770,HLA-A*23:01,esm2_mean,locus,0,1.0,13696,2.0014800002101243,0.8227787
7771,HLA-A*32:07,esm2_mean,locus,0,1.0,13696,1.8082887711792655,0.8207195
7772,HLA-A*24:19,esm2_mean,locus,0,1.0,13696,0.0,0.6258902
7774,HLA-A*02:01,esm2_mean,locus,0,1.0,13696,3.713572066704308,1.6631402
7779,HLA-A*02:10,esm2_mean,locus,0,1.0,13696,0.26236426446749106,0.5179607
7780,HLA-A*02:12,esm2_mean,locus,0,1.0,13696,3.295836866004329,1.1700993
7782,HLA-A*66:01,esm2_mean,locus,0,1.0,13696,0.0,0.96085066
7784,HLA-A*02:01,esm2_mean,locus,0,1.0,13696,2.33214389523559,1.9146876
7787,HLA-A*24:03,esm2_mean,locus,0,1.0,13696,3.66612246699132,0.7714226
7792,HLA-A*25:01,esm2_mean,locus,0,1.0,13696,3.906004933102583,0.52493745
7794,HLA-A*02:03,esm2_mean,locus,0,1.0,13696,2.341805806147327,1.0234666
7795,HLA-A*24:03,esm2_mean,locus,0,1.0,13696,0.26236426446749106,0.5464589
7797,HLA-A*24:19,esm2_mean,locus,0,1.0,13696,0.0,-0.18209845
7798,HLA-A*66:01,esm2_mean,locus,0,1.0,13696,0.0,0.76397383
7801,HLA-A*66:01,esm2_mean,locus,0,1.0,13696,0.0,0.6724982
7803,HLA-A*24:02,esm2_mean,locus,0,1.0,13696,3.6584202466292277,1.0933273
7806,HLA-A*02:50,esm2_mean,locus,0,1.0,13696,1.252762968495368,1.7488412
7807,HLA-A*68:01,esm2_mean,locus,0,1.0,13696,0.4054651081081644,1.8198671
7808,HLA-A*24:19,esm2_mean,locus,0,1.0,13696,0.4700036292457355,0.25086743
7809,HLA-A*26:03,esm2_mean,locus,0,1.0,13696,2.70805020110221,0.5239527
7811,HLA-A*29:02,esm2_mean,locus,0,1.0,13696,0.18232155679395465,1.4550775
7812,HLA-A*24:03,esm2_mean,locus,0,1.0,13696,0.26236426446749106,1.0310416
7813,HLA-A*24:19,esm2_mean,locus,0,1.0,13696,0.09531017980432487,-0.21932083
7814,HLA-A*74:01,esm2_mean,locus,0,1.0,13696,0.33647223662121295,0.460028
7816,HLA-A*24:03,esm2_mean,locus,0,1.0,13696,1.7404661748405046,1.1352106
7821,HLA-A*29:02,esm2_mean,locus,0,1.0,13696,1.4350845252893227,1.8482556
7822,HLA-A*66:01,esm2_mean,locus,0,1.0,13696,0.0,0.58393455
7823,HLA-A*69:01,esm2_mean,locus,0,1.0,13696,1.62924053973028,1.0689484
7824,HLA-A*02:11,esm2_mean,locus,0,1.0,13696,2.9806186357439426,1.2566195
7825,HLA-A*02:19,esm2_mean,locus,0,1.0,13696,0.26236426446749106,1.5121363
7826,HLA-A*68:01,esm2_mean,locus,0,1.0,13696,0.0,1.6541498
7828,HLA-A*23:01,esm2_mean,locus,0,1.0,13696,1.7047480922384253,0.96656656
7829,HLA-A*32:07,esm2_mean,locus,0,1.0,13696,0.0,0.3435923
7830,HLA-A*03:01,esm2_mean,locus,0,1.0,13696,0.0,1.6655188
7831,HLA-A*24:02,esm2_mean,locus,0,1.0,13696,2.509599262378372,1.0952849
7840,HLA-A*24:02,esm2_mean,locus,0,1.0,13696,1.0986122886681098,0.6534776
7841,HLA-A*02:11,esm2_mean,locus,0,1.0,13696,1.6863989535702288,1.7663541
7842,HLA-A*68:01,esm2_mean,locus,0,1.0,13696,0.6931471805599453,1.495148
7844,HLA-A*26:03,esm2_mean,locus,0,1.0,13696,0.0,0.25840044
7846,HLA-A*02:10,esm2_mean,locus,0,1.0,13696,0.7419373447293773,0.70923805
7851,HLA-A*66:01,esm2_mean,locus,0,1.0,13696,0.26236426446749106,0.78815234
7857,HLA-A*43:01,esm2_mean,locus,0,1.0,13696,0.0,1.292632
7860,HLA-A*66:01,esm2_mean,locus,0,1.0,13696,0.0,0.88010514
7863,HLA-A*25:01,esm2_mean,locus,0,1.0,13696,0.18232155679395465,0.5440819
7865,HLA-A*02:10,esm2_mean,locus,0,1.0,13696,1.4350845252893227,0.8293547
7868,HLA-A*43:01,esm2_mean,locus,0,1.0,13696,0.33647223662121295,0.8709178
7871,HLA-A*33:03,esm2_mean,locus,0,1.0,13696,2.7536607123542622,1.1445024
7875,HLA-A*66:01,esm2_mean,locus,0,1.0,13696,0.26236426446749106,1.0291698
7876,HLA-A*02:10,esm2_mean,locus,0,1.0,13696,2.3513752571634776,0.6998778
7877,HLA-A*11:01,esm2_mean,locus,0,1.0,13696,3.624340932976365,1.4271477
7881,HLA-A*68:01,esm2_mean,locus,0,1.0,13696,0.0,1.9630433
7885,HLA-A*32:07,esm2_mean,locus,0,1.0,13696,1.824549292051046,0.8241473
7888,HLA-A*02:01,esm2_mean,locus,0,1.0,13696,2.302585092994046,1.5045382
7890,HLA-A*29:02,esm2_mean,locus,0,1.0,13696,0.18232155679395465,1.5634732
7894,HLA-A*24:03,esm2_mean,locus,0,1.0,13696,3.039749158970765,0.7620326
7895,HLA-A*66:01,esm2_mean,locus,0,1.0,13696,3.2771447329921766,0.6791392
7897,HLA-A*02:11,esm2_mean,locus,0,1.0,13696,2.5257286443082556,1.3833623
7898,HLA-A*02:50,esm2_mean,locus,0,1.0,13696,0.5877866649021191,1.3079154
7899,HLA-A*02:50,esm2_mean,locus,0,1.0,13696,0.9555114450274363,2.109997
7900,HLA-A*02:19,esm2_mean,locus,0,1.0,13696,0.33647223662121295,1.685373
7901,HLA-A*68:01,esm2_mean,locus,0,1.0,13696,4.200204952921578,1.6404579
7902,HLA-A*03:01,esm2_mean,locus,0,1.0,13696,1.308332819650179,1.5703534
7905,HLA-A*02:01,esm2_mean,locus,0,1.0,13696,3.068052935133617,2.0991614
7906,HLA-A*02:01,esm2_mean,locus,0,1.0,13696,1.6863989535702288,1.5553749
7908,HLA-A*30:01,esm2_mean,locus,0,1.0,13696,1.5260563034950494,1.472953
7909,HLA-A*68:01,esm2_mean,locus,0,1.0,13696,1.6863989535702288,1.7151488
7910,HLA-A*24:19,esm2_mean,locus,0,1.0,13696,0.0,-0.13115853
7911,HLA-A*26:03,esm2_mean,locus,0,1.0,13696,0.33647223662121295,0.61002976
7916,HLA-A*30:02,esm2_mean,locus,0,1.0,13696,3.0007198150650303,1.1069785
7918,HLA-A*24:02,esm2_mean,locus,0,1.0,13696,2.151762203259462,0.86899966
7919,HLA-A*02:50,esm2_mean,locus,0,1.0,13696,0.5306282510621704,1.6766429
7922,HLA-A*24:07,esm2_mean,locus,0,1.0,13696,0.5306282510621704,0.7611275
7924,HLA-A*43:01,esm2_mean,locus,0,1.0,13696,1.547562508716013,1.0410057
7925,HLA-A*25:01,esm2_mean,locus,0,1.0,13696,0.18232155679395465,0.57519174
7926,HLA-A*02:12,esm2_mean,locus,0,1.0,13696,3.4307561839036995,0.99991626
7927,HLA-A*30:01,esm2_mean,locus,0,1.0,13696,0.26236426446749106,1.5212643
7928,HLA-A*30:01,esm2_mean,locus,0,1.0,13696,0.0,1.3899353
7933,HLA-A*02:11,esm2_mean,locus,0,1.0,13696,2.6390573296152584,1.4938643
7936,HLA-A*29:02,esm2_mean,locus,0,1.0,13696,0.9162907318741551,1.9296904
7937,HLA-A*23:01,esm2_mean,locus,0,1.0,13696,0.4700036292457355,0.7944896
7938,HLA-A*23:01,esm2_mean,locus,0,1.0,13696,1.3862943611198906,1.082546
7940,HLA-A*26:03,esm2_mean,locus,0,1.0,13696,0.26236426446749106,0.72910476
7941,HLA-A*03:01,esm2_mean,locus,0,1.0,13696,0.0,1.6545103
7943,HLA-A*24:03,esm2_mean,locus,0,1.0,13696,2.174751721484161,0.82943505
7944,HLA-A*02:10,esm2_mean,locus,0,1.0,13696,2.2407096892759584,0.6373415
7947,HLA-A*24:07,esm2_mean,locus,0,1.0,13696,0.26236426446749106,0.831563
7949,HLA-A*33:03,esm2_mean,locus,0,1.0,13696,0.4700036292457355,1.033463
7953,HLA-A*02:01,esm2_mean,locus,0,1.0,13696,1.8870696490323797,1.8090721
7955,HLA-A*02:10,esm2_mean,locus,0,1.0,13696,0.6418538861723948,0.34963804
7963,HLA-A*33:03,esm2_mean,locus,0,1.0,13696,5.532598662272703,1.398786
7965,HLA-A*66:01,esm2_mean,locus,0,1.0,13696,0.26236426446749106,0.5917799
7966,HLA-A*02:11,esm2_mean,locus,0,1.0,13696,1.5260563034950494,1.4749995
7970,HLA-A*30:02,esm2_mean,locus,0,1.0,13696,0.26236426446749106,0.9045238
7972,HLA-A*02:16,esm2_mean,locus,0,1.0,13696,0.26236426446749106,1.5691221
7976,HLA-A*66:01,esm2_mean,locus,0,1.0,13696,0.26236426446749106,0.80473304
7977,HLA-A*02:11,esm2_mean,locus,0,1.0,13696,2.3608540011180215,1.3789604
7979,HLA-A*24:19,esm2_mean,locus,0,1.0,13696,0.26236426446749106,0.0025749803
7980,HLA-A*25:01,esm2_mean,locus,0,1.0,13696,0.0,0.078158915
7983,HLA-A*24:02,esm2_mean,locus,0,1.0,13696,0.26236426446749106,0.9438878
7984,HLA-A*02:50,esm2_mean,locus,0,1.0,13696,2.2192034840549946,1.7518349
7986,HLA-A*32:07,esm2_mean,locus,0,1.0,13696,0.0,0.2627185
7988,HLA-A*32:01,esm2_mean,locus,0,1.0,13696,0.4700036292457355,0.9412159
7989,HLA-A*02:01,esm2_mean,locus,0,1.0,13696,3.4873750779032076,1.6377457
7991,HLA-A*02:10,esm2_mean,locus,0,1.0,13696,1.0647107369924282,0.5240084
7992,HLA-A*02:11,esm2_mean,locus,0,1.0,13696,1.1939224684724346,1.4314876
7994,HLA-A*30:01,esm2_mean,locus,0,1.0,13696,4.087655574071304,1.6216838
7996,HLA-A*02:12,esm2_mean,locus,0,1.0,13696,3.8110970868381857,1.2879742
7997,HLA-A*68:01,esm2_mean,locus,0,1.0,13696,1.5260563034950494,1.7802141
8000,HLA-A*29:02,esm2_mean,locus,0,1.0,13696,1.667706820558076,1.8906126
8003,HLA-A*03:01,esm2_mean,locus,0,1.0,13696,1.0986122886681098,2.090456
8005,HLA-A*02:10,esm2_mean,locus,0,1.0,13696,0.0,0.7582585
8006,HLA-A*30:01,esm2_mean,locus,0,1.0,13696,0.0,1.1182923
8007,HLA-A*29:02,esm2_mean,locus,0,1.0,13696,3.214867803470662,1.5720038
8008,HLA-A*80:01,esm2_mean,locus,0,1.0,13696,1.9600947840472698,0.21038651
8009,HLA-A*32:07,esm2_mean,locus,0,1.0,13696,0.7419373447293773,0.8721374
8011,HLA-A*26:03,esm2_mean,locus,0,1.0,13696,0.18232155679395465,0.54076725
8013,HLA-A*33:03,esm2_mean,locus,0,1.0,13696,0.0,1.5784457
8014,HLA-A*68:01,esm2_mean,locus,0,1.0,13696,0.8754687373538999,1.6975431
8018,HLA-A*29:02,esm2_mean,locus,0,1.0,13696,0.0,1.8470366
8020,HLA-A*74:01,esm2_mean,locus,0,1.0,13696,1.62924053973028,0.7938955
8021,HLA-A*74:01,esm2_mean,locus,0,1.0,13696,3.3603753871419,0.5142889
8027,HLA-A*33:03,esm2_mean,locus,0,1.0,13696,0.0,1.2742168
8028,HLA-A*68:01,esm2_mean,locus,0,1.0,13696,3.100092288878234,1.5258996
8033,HLA-A*02:03,esm2_mean,locus,0,1.0,13696,2.1162555148025524,1.4123814
8035,HLA-A*29:02,esm2_mean,locus,0,1.0,13696,0.5877866649021191,1.6499897
8036,HLA-A*80:01,esm2_mean,locus,0,1.0,13696,1.410986973710262,0.2922989
8037,HLA-A*24:07,esm2_mean,locus,0,1.0,13696,3.2733640101522705,0.6277665
8040,HLA-A*02:50,esm2_mean,locus,0,1.0,13696,1.33500106673234,2.0716774
8041,HLA-A*02:50,esm2_mean,locus,0,1.0,13696,1.1939224684724346,2.1216247
8042,HLA-A*11:01,esm2_mean,locus,0,1.0,13696,0.7419373447293773,1.1520202
8051,HLA-A*02:12,esm2_mean,locus,0,1.0,13696,2.1041341542702074,1.2522678
8053,HLA-A*29:02,esm2_mean,locus,0,1.0,13696,1.308332819650179,2.0234466
8054,HLA-A*80:01,esm2_mean,locus,0,1.0,13696,0.18232155679395465,0.31510168
8055,HLA-A*23:01,esm2_mean,locus,0,1.0,13696,1.7047480922384253,0.9606076
8058,HLA-A*80:01,esm2_mean,locus,0,1.0,13696,0.0,0.010781407
8061,HLA-A*02:50,esm2_mean,locus,0,1.0,13696,3.2188758248682006,1.8196819
8062,HLA-A*11:01,esm2_mean,locus,0,1.0,13696,3.6635616461296463,1.3314748
8066,HLA-A*29:02,esm2_mean,locus,0,1.0,13696,0.6931471805599453,1.588453
8067,HLA-A*66:01,esm2_mean,locus,0,1.0,13696,0.26236426446749106,0.59330964
8068,HLA-A*24:02,esm2_mean,locus,0,1.0,13696,3.751854253275325,0.9243587
8069,HLA-A*68:02,esm2_mean,locus,0,1.0,13696,0.4054651081081644,1.2677426
8070,HLA-A*43:01,esm2_mean,locus,0,1.0,13696,0.26236426446749106,0.7035657
8071,HLA-A*29:02,esm2_mean,locus,0,1.0,13696,2.6946271807700692,1.8991474
8073,HLA-A*03:01,esm2_mean,locus,0,1.0,13696,0.5877866649021191,1.5175402
8074,HLA-A*02:19,esm2_mean,locus,0,1.0,13696,0.5877866649021191,1.2462592
8077,HLA-A*02:12,esm2_mean,locus,0,1.0,13696,2.8094026953624973,1.0501974
8078,HLA-A*33:03,esm2_mean,locus,0,1.0,13696,0.0,1.3656251
8081,HLA-A*30:02,esm2_mean,locus,0,1.0,13696,0.18232155679395465,0.69301856
8084,HLA-A*24:02,esm2_mean,locus,0,1.0,13696,0.6418538861723948,0.9357735
8086,HLA-A*02:03,esm2_mean,locus,0,1.0,13696,3.9357395320454622,1.3874023
8087,HLA-A*02:11,esm2_mean,locus,0,1.0,13696,0.9162907318741551,1.2484701
8090,HLA-A*80:01,esm2_mean,locus,0,1.0,13696,0.33647223662121295,0.24335408
8092,HLA-A*02:12,esm2_mean,locus,0,1.0,13696,0.4054651081081644,1.2886194
8099,HLA-A*32:07,esm2_mean,locus,0,1.0,13696,0.0,0.9259126
8100,HLA-A*26:03,esm2_mean,locus,0,1.0,13696,0.9555114450274363,0.42468184
8102,HLA-A*02:10,esm2_mean,locus,0,1.0,13696,2.785011242238338,0.6842977
8108,HLA-A*24:03,esm2_mean,locus,0,1.0,13696,3.937690752176724,1.0413308
8111,HLA-A*68:23,esm2_mean,locus,0,1.0,13696,0.18232155679395465,0.5010905
8113,HLA-A*02:10,esm2_mean,locus,0,1.0,13696,0.0,1.0248077
8114,HLA-A*02:16,esm2_mean,locus,0,1.0,13696,2.468099531471619,1.6785576
8115,HLA-A*43:01,esm2_mean,locus,0,1.0,13696,0.09531017980432487,0.7423552
8116,HLA-A*24:03,esm2_mean,locus,0,1.0,13696,2.8903717578961645,0.9240811
8119,HLA-A*02:50,esm2_mean,locus,0,1.0,13696,2.8791984572980396,1.8283005
8123,HLA-A*30:02,esm2_mean,locus,0,1.0,13696,0.26236426446749106,0.8051136
8127,HLA-A*32:07,esm2_mean,locus,0,1.0,13696,0.0,0.50832915
8129,HLA-A*25:01,esm2_mean,locus,0,1.0,13696,0.26236426446749106,0.6017742
8131,HLA-A*02:03,esm2_mean,locus,0,1.0,13696,0.33647223662121295,0.9359833
8135,HLA-A*24:19,esm2_mean,locus,0,1.0,13696,0.18232155679395465,0.116064966
8136,HLA-A*68:23,esm2_mean,locus,0,1.0,13696,2.9444389791664403,0.6529183
8140,HLA-A*43:01,esm2_mean,locus,0,1.0,13696,0.0,0.65661
8144,HLA-A*02:19,esm2_mean,locus,0,1.0,13696,3.039749158970765,1.4702835
8145,HLA-A*11:01,esm2_mean,locus,0,1.0,13696,0.4054651081081644,1.258596
8152,HLA-A*68:01,esm2_mean,locus,0,1.0,13696,0.0,1.7618215
8153,HLA-A*29:02,esm2_mean,locus,0,1.0,13696,0.33647223662121295,1.4593312
8155,HLA-A*02:12,esm2_mean,locus,0,1.0,13696,2.174751721484161,1.2166835
8163,HLA-A*30:01,esm2_mean,locus,0,1.0,13696,0.0,1.2092974
8164,HLA-A*24:19,esm2_mean,locus,0,1.0,13696,0.26236426446749106,0.10829234
8165,HLA-A*68:23,esm2_mean,locus,0,1.0,13696,0.8754687373538999,0.7278059
8169,HLA-A*43:01,esm2_mean,locus,0,1.0,13696,2.388762789235098,0.8439589
8173,HLA-A*26:02,esm2_mean,locus,0,1.0,13696,1.1631508098056809,-0.18450946
8175,HLA-A*24:03,esm2_mean,locus,0,1.0,13696,3.730501128804756,0.2618876
8177,HLA-A*02:12,esm2_mean,locus,0,1.0,13696,3.768152635008444,1.1545174
8178,HLA-A*33:03,esm2_mean,locus,0,1.0,13696,0.0,1.1371894
8179,HLA-A*74:01,esm2_mean,locus,0,1.0,13696,0.5306282510621704,0.90411896
8183,HLA-A*80:01,esm2_mean,locus,0,1.0,13696,0.0,0.23278612
8187,HLA-A*02:19,esm2_mean,locus,0,1.0,13696,0.26236426446749106,1.6325182
8188,HLA-A*11:01,esm2_mean,locus,0,1.0,13696,3.126760535960395,1.6069603
8189,HLA-A*29:02,esm2_mean,locus,0,1.0,13696,0.9162907318741551,1.6387208
8191,HLA-A*02:10,esm2_mean,locus,0,1.0,13696,0.6931471805599453,0.93056774
8192,HLA-A*02:16,esm2_mean,locus,0,1.0,13696,0.26236426446749106,1.5873461
8194,HLA-A*24:07,esm2_mean,locus,0,1.0,13696,0.4054651081081644,1.0730205
8197,HLA-A*02:16,esm2_mean,locus,0,1.0,13696,3.4531571205928664,1.1118747
8198,HLA-A*02:19,esm2_mean,locus,0,1.0,13696,3.186352633162641,1.700032
8202,HLA-A*02:10,esm2_mean,locus,0,1.0,13696,0.0,0.9038854
8205,HLA-A*24:19,esm2_mean,locus,0,1.0,13696,0.0,0.20627153
8206,HLA-A*02:50,esm2_mean,locus,0,1.0,13696,1.1314021114911006,1.659585
8209,HLA-A*43:01,esm2_mean,locus,0,1.0,13696,0.18232155679395465,0.8650886
8210,HLA-A*26:03,esm2_mean,locus,0,1.0,13696,2.7212954278522306,0.78119993
8211,HLA-A*02:16,esm2_mean,locus,0,1.0,13696,1.6094379124341003,1.6214876
8212,HLA-A*11:01,esm2_mean,locus,0,1.0,13696,3.292126286607793,1.4632258
8213,HLA-A*32:07,esm2_mean,locus,0,1.0,13696,0.0,0.4712577
8214,HLA-A*24:19,esm2_mean,locus,0,1.0,13696,0.0,0.002190411
8218,HLA-A*02:03,esm2_mean,locus,0,1.0,13696,0.5877866649021191,1.1744595
8219,HLA-A*74:01,esm2_mean,locus,0,1.0,13696,0.0,0.55173564
8221,HLA-A*02:50,esm2_mean,locus,0,1.0,13696,2.4765384001174837,1.5147045
8222,HLA-A*30:01,esm2_mean,locus,0,1.0,13696,0.5306282510621704,1.3821589
8224,HLA-A*80:01,esm2_mean,locus,0,1.0,13696,0.0,0.26442468
8225,HLA-A*32:07,esm2_mean,locus,0,1.0,13696,0.0,0.68268806
8226,HLA-A*24:19,esm2_mean,locus,0,1.0,13696,0.26236426446749106,-0.18131989
8227,HLA-A*26:03,esm2_mean,locus,0,1.0,13696,0.18232155679395465,0.62918085
8228,HLA-A*24:02,esm2_mean,locus,0,1.0,13696,0.4700036292457355,0.94710386
8229,HLA-A*02:11,esm2_mean,locus,0,1.0,13696,0.7884573603642702,1.1388681
8230,HLA-A*30:02,esm2_mean,locus,0,1.0,13696,0.18232155679395465,0.58447224
8231,HLA-A*80:01,esm2_mean,locus,0,1.0,13696,0.5306282510621704,0.15316278
8232,HLA-A*02:11,esm2_mean,locus,0,1.0,13696,3.246490991901174,1.780714
8233,HLA-A*68:01,esm2_mean,locus,0,1.0,13696,0.0,1.8618774
8234,HLA-A*30:02,esm2_mean,locus,0,1.0,13696,2.388762789235098,0.8179831
8235,HLA-A*33:03,esm2_mean,locus,0,1.0,13696,3.8066624897703196,0.82588935
8239,HLA-A*31:01,esm2_mean,locus,0,1.0,13696,3.624340932976365,1.2983189
8244,HLA-A*02:10,esm2_mean,locus,0,1.0,13696,3.7932394694381792,0.70388633
8245,HLA-A*02:19,esm2_mean,locus,0,1.0,13696,0.9932517730102833,1.3863885
8246,HLA-A*02:19,esm2_mean,locus,0,1.0,13696,1.0296194171811583,1.3858733
8255,HLA-A*31:01,esm2_mean,locus,0,1.0,13696,0.6931471805599453,0.9339806
8256,HLA-A*11:01,esm2_mean,locus,0,1.0,13696,1.9315214116032138,1.7170479
8262,HLA-A*02:50,esm2_mean,locus,0,1.0,13696,3.1354942159291497,1.5487319
8263,HLA-A*43:01,esm2_mean,locus,0,1.0,13696,0.33647223662121295,0.9387058
8270,HLA-A*11:01,esm2_mean,locus,0,1.0,13696,3.4873750779032076,1.5108821
8272,HLA-A*24:19,esm2_mean,locus,0,1.0,13696,0.0,-0.18162459
8273,HLA-A*26:03,esm2_mean,locus,0,1.0,13696,0.09531017980432487,0.73101884
8275,HLA-A*02:16,esm2_mean,locus,0,1.0,13696,0.26236426446749106,1.363055
8279,HLA-A*26:03,esm2_mean,locus,0,1.0,13696,2.028148247292285,0.65731776
8282,HLA-A*23:01,esm2_mean,locus,0,1.0,13696,0.9162907318741551,0.874538
8285,HLA-A*68:23,esm2_mean,locus,0,1.0,13696,0.26236426446749106,0.4851929
8289,HLA-A*02:16,esm2_mean,locus,0,1.0,13696,1.308332819650179,1.3636336
8298,HLA-A*29:02,esm2_mean,locus,0,1.0,13696,0.18232155679395465,1.5566792
8299,HLA-A*66:01,esm2_mean,locus,0,1.0,13696,0.0,0.7826232
8300,HLA-A*02:19,esm2_mean,locus,0,1.0,13696,2.954910279033736,1.353503
8301,HLA-A*74:01,esm2_mean,locus,0,1.0,13696,0.4054651081081644,0.6846153
8304,HLA-A*24:03,esm2_mean,locus,0,1.0,13696,1.2809338454620642,0.64660424
8306,HLA-A*74:01,esm2_mean,locus,0,1.0,13696,3.3568971227655755,0.97520804
8318,HLA-A*29:02,esm2_mean,locus,0,1.0,13696,1.824549292051046,1.8568628
8319,HLA-A*32:07,esm2_mean,locus,0,1.0,13696,0.0,0.78319645
8323,HLA-A*02:16,esm2_mean,locus,0,1.0,13696,3.5553480614894135,1.7342573
8324,HLA-A*74:01,esm2_mean,locus,0,1.0,13696,2.791165107812717,0.74961174
8326,HLA-A*32:07,esm2_mean,locus,0,1.0,13696,0.4700036292457355,0.7401043
8327,HLA-A*24:19,esm2_mean,locus,0,1.0,13696,0.09531017980432487,0.15482217
8328,HLA-A*25:01,esm2_mean,locus,0,1.0,13696,0.0,0.6985484
8330,HLA-A*03:01,esm2_mean,locus,0,1.0,13696,2.1400661634962708,1.9336112
8331,HLA-A*02:19,esm2_mean,locus,0,1.0,13696,1.5686159179138452,1.806119
8332,HLA-A*31:01,esm2_mean,locus,0,1.0,13696,0.0,1.076945
8334,HLA-A*26:02,esm2_mean,locus,0,1.0,13696,0.6418538861723948,0.04425025
8340,HLA-A*32:07,esm2_mean,locus,0,1.0,13696,0.832909122935104,0.82614785
8346,HLA-A*23:01,esm2_mean,locus,0,1.0,13696,2.8449093838194073,0.8584106
8350,HLA-A*02:12,esm2_mean,locus,0,1.0,13696,1.4350845252893227,1.0568497
8353,HLA-A*24:02,esm2_mean,locus,0,1.0,13696,0.7884573603642702,1.0681677
8355,HLA-A*02:10,esm2_mean,locus,0,1.0,13696,2.0918640616783932,0.8952915
8358,HLA-A*02:10,esm2_mean,locus,0,1.0,13696,0.4054651081081644,0.5893721
8366,HLA-A*43:01,esm2_mean,locus,0,1.0,13696,0.18232155679395465,0.7540105
8367,HLA-A*43:01,esm2_mean,locus,0,1.0,13696,0.9932517730102833,0.8959996
8369,HLA-A*68:01,esm2_mean,locus,0,1.0,13696,0.0,1.959998
8374,HLA-A*23:01,esm2_mean,locus,0,1.0,13696,3.4372078191851885,0.70631504
8375,HLA-A*32:07,esm2_mean,locus,0,1.0,13696,0.0,0.53795743
8376,HLA-A*24:07,esm2_mean,locus,0,1.0,13696,3.6216707044204863,0.73509145
8377,HLA-A*25:01,esm2_mean,locus,0,1.0,13696,3.044522437723423,0.5959536
8378,HLA-A*66:01,esm2_mean,locus,0,1.0,13696,0.0,0.41215044
8382,HLA-A*30:02,esm2_mean,locus,0,1.0,13696,0.4700036292457355,0.7645106
8383,HLA-A*80:01,esm2_mean,locus,0,1.0,13696,0.0,0.039470732
8386,HLA-A*02:11,esm2_mean,locus,0,1.0,13696,1.667706820558076,0.82070905
8387,HLA-A*30:01,esm2_mean,locus,0,1.0,13696,0.6418538861723948,1.3461766
8388,HLA-A*31:01,esm2_mean,locus,0,1.0,13696,0.0,1.2380956
8392,HLA-A*32:07,esm2_mean,locus,0,1.0,13696,2.740840023925201,0.84456563
8393,HLA-A*24:07,esm2_mean,locus,0,1.0,13696,1.62924053973028,0.8618923
8394,HLA-A*66:01,esm2_mean,locus,0,1.0,13696,0.09531017980432487,0.87813413
8395,HLA-A*80:01,esm2_mean,locus,0,1.0,13696,0.0,0.0044597983
8396,HLA-A*23:01,esm2_mean,locus,0,1.0,13696,0.4700036292457355,0.9118246
8401,HLA-A*43:01,esm2_mean,locus,0,1.0,13696,0.4054651081081644,1.3446448
8403,HLA-A*33:03,esm2_mean,locus,0,1.0,13696,1.4816045409242156,1.023545
8406,HLA-A*29:02,esm2_mean,locus,0,1.0,13696,0.4054651081081644,1.5972829
8407,HLA-A*32:07,esm2_mean,locus,0,1.0,13696,0.8754687373538999,0.40838498
8409,HLA-A*02:11,esm2_mean,locus,0,1.0,13696,2.8622008809294686,1.5728817
8411,HLA-A*26:03,esm2_mean,locus,0,1.0,13696,0.4700036292457355,0.7261646
8417,HLA-A*68:23,esm2_mean,locus,0,1.0,13696,0.5877866649021191,0.8044342
8419,HLA-A*02:01,esm2_mean,locus,0,1.0,13696,2.5726122302071057,1.5751084
8421,HLA-A*30:02,esm2_mean,locus,0,1.0,13696,0.7884573603642702,0.771304
8422,HLA-A*24:03,esm2_mean,locus,0,1.0,13696,3.3250360206965914,0.77342826
8424,HLA-A*26:03,esm2_mean,locus,0,1.0,13696,0.18232155679395465,0.6864612
8429,HLA-A*02:10,esm2_mean,locus,0,1.0,13696,0.0,0.8719841
8431,HLA-A*74:01,esm2_mean,locus,0,1.0,13696,5.159629846774143,0.83045447
8432,HLA-A*43:01,esm2_mean,locus,0,1.0,13696,0.4700036292457355,0.70514244
8433,HLA-A*29:02,esm2_mean,locus,0,1.0,13696,2.2823823856765264,1.6878316
8434,HLA-A*24:19,esm2_mean,locus,0,1.0,13696,0.09531017980432487,-0.25071484
8435,HLA-A*24:07,esm2_mean,locus,0,1.0,13696,0.7419373447293773,0.764189
8437,HLA-A*26:02,esm2_mean,locus,0,1.0,13696,1.0986122886681098,-0.24935335
8438,HLA-A*02:16,esm2_mean,locus,0,1.0,13696,0.33647223662121295,1.4782605
8441,HLA-A*68:23,esm2_mean,locus,0,1.0,13696,1.4350845252893227,0.600823
8446,HLA-A*02:03,esm2_mean,locus,0,1.0,13696,0.33647223662121295,1.266857
8447,HLA-A*30:01,esm2_mean,locus,0,1.0,13696,0.4054651081081644,1.1912789
8453,HLA-A*02:01,esm2_mean,locus,0,1.0,13696,2.928523523860541,1.8997886
8454,HLA-A*80:01,esm2_mean,locus,0,1.0,13696,0.0,-0.22592229
8455,HLA-A*80:01,esm2_mean,locus,0,1.0,13696,0.4054651081081644,0.03378576
8460,HLA-A*02:12,esm2_mean,locus,0,1.0,13696,0.33647223662121295,1.1199307
8461,HLA-A*30:01,esm2_mean,locus,0,1.0,13696,0.18232155679395465,1.3844845
8464,HLA-A*74:01,esm2_mean,locus,0,1.0,13696,0.9555114450274363,0.680699
8470,HLA-A*29:02,esm2_mean,locus,0,1.0,13696,2.0541237336955462,1.459841
8471,HLA-A*02:19,esm2_mean,locus,0,1.0,13696,0.5306282510621704,1.4600904
8472,HLA-A*30:01,esm2_mean,locus,0,1.0,13696,0.26236426446749106,1.2287092
8473,HLA-A*74:01,esm2_mean,locus,0,1.0,13696,1.1939224684724346,0.79250926
8474,HLA-A*02:01,esm2_mean,locus,0,1.0,13696,1.4350845252893227,2.2262828
8475,HLA-A*66:01,esm2_mean,locus,0,1.0,13696,0.0,0.6495105
8476,HLA-A*66:01,esm2_mean,locus,0,1.0,13696,3.594568774642695,1.0654067
8479,HLA-A*26:02,esm2_mean,locus,0,1.0,13696,0.4700036292457355,-0.21934181
8482,HLA-A*02:12,esm2_mean,locus,0,1.0,13696,0.0,0.713954
8485,HLA-A*43:01,esm2_mean,locus,0,1.0,13696,0.18232155679395465,1.0592991
8486,HLA-A*25:01,esm2_mean,locus,0,1.0,13696,0.0,0.3304566
8492,HLA-A*43:01,esm2_mean,locus,0,1.0,13696,0.0,1.0920997
8497,HLA-A*68:23,esm2_mean,locus,0,1.0,13696,1.2809338454620642,0.39706618
8505,HLA-A*68:01,esm2_mean,locus,0,1.0,13696,0.0,1.7424003
8506,HLA-A*43:01,esm2_mean,locus,0,1.0,13696,0.5306282510621704,1.0470542
8515,HLA-A*74:01,esm2_mean,locus,0,1.0,13696,5.114394528387108,0.67746496
8517,HLA-A*80:01,esm2_mean,locus,0,1.0,13696,0.0,0.11632615
8521,HLA-A*43:01,esm2_mean,locus,0,1.0,13696,0.4700036292457355,0.77804685
8522,HLA-A*33:03,esm2_mean,locus,0,1.0,13696,0.0,1.4819962
8525,HLA-A*11:01,esm2_mean,locus,0,1.0,13696,0.6418538861723948,1.5457563
8527,HLA-A*02:03,esm2_mean,locus,0,1.0,13696,0.5306282510621704,1.2778528
8528,HLA-A*68:01,esm2_mean,locus,0,1.0,13696,2.1162555148025524,1.8171754
8529,HLA-A*11:01,esm2_mean,locus,0,1.0,13696,2.772588722239781,1.8134968
8543,HLA-A*02:16,esm2_mean,locus,0,1.0,13696,1.1314021114911006,1.1198297
8547,HLA-A*24:19,esm2_mean,locus,0,1.0,13696,0.5306282510621704,-0.3183202
8548,HLA-A*02:50,esm2_mean,locus,0,1.0,13696,2.9444389791664403,1.7455027
8549,HLA-A*02:19,esm2_mean,locus,0,1.0,13696,0.0,1.3669
8552,HLA-A*02:16,esm2_mean,locus,0,1.0,13696,2.6461747973841225,1.0587659
8556,HLA-A*02:10,esm2_mean,locus,0,1.0,13696,2.2192034840549946,1.001648
8561,HLA-A*29:02,esm2_mean,locus,0,1.0,13696,0.6931471805599453,1.3682512
8562,HLA-A*02:10,esm2_mean,locus,0,1.0,13696,1.2237754316221157,0.59493864
8565,HLA-A*43:01,esm2_mean,locus,0,1.0,13696,0.0,0.9658306
8566,HLA-A*24:03,esm2_mean,locus,0,1.0,13696,1.1314021114911006,0.69113946
8567,HLA-A*02:10,esm2_mean,locus,0,1.0,13696,2.128231705849268,0.97553533
8568,HLA-A*68:01,esm2_mean,locus,0,1.0,13696,0.6931471805599453,1.724994
8571,HLA-A*23:01,esm2_mean,locus,0,1.0,13696,3.0349529867072724,0.9895853
8575,HLA-A*33:03,esm2_mean,locus,0,1.0,13696,0.4054651081081644,1.295736
8578,HLA-A*24:07,esm2_mean,locus,0,1.0,13696,3.648057459593681,0.9791415
8579,HLA-A*03:01,esm2_mean,locus,0,1.0,13696,0.09531017980432487,2.0695837
8580,HLA-A*02:10,esm2_mean,locus,0,1.0,13696,2.2925347571405443,0.8052489
8583,HLA-A*24:19,esm2_mean,locus,0,1.0,13696,0.0,0.061223507
8584,HLA-A*26:03,esm2_mean,locus,0,1.0,13696,0.0,0.746083
8588,HLA-A*74:01,esm2_mean,locus,0,1.0,13696,1.0647107369924282,0.49603367
8590,HLA-A*30:02,esm2_mean,locus,0,1.0,13696,0.4700036292457355,0.7085734
8591,HLA-A*66:01,esm2_mean,locus,0,1.0,13696,0.26236426446749106,0.7488301
8597,HLA-A*30:01,esm2_mean,locus,0,1.0,13696,0.6418538861723948,1.2979815
8599,HLA-A*02:03,esm2_mean,locus,0,1.0,13696,0.8754687373538999,1.2184625
8600,HLA-A*02:16,esm2_mean,locus,0,1.0,13696,3.768152635008444,1.475718
8602,HLA-A*32:07,esm2_mean,locus,0,1.0,13696,0.9555114450274363,0.6920951
8605,HLA-A*01:01,esm2_mean,locus,0,1.0,13696,2.1482677326096886,0.4067946
8609,HLA-A*02:50,esm2_mean,locus,0,1.0,13696,2.501435951739211,1.6927786
8612,HLA-A*02:12,esm2_mean,locus,0,1.0,13696,3.214867803470662,0.8646561
8613,HLA-A*02:19,esm2_mean,locus,0,1.0,13696,1.1314021114911006,1.5065978
8614,HLA-A*29:02,esm2_mean,locus,0,1.0,13696,2.803360380906535,1.5368444
8617,HLA-A*02:16,esm2_mean,locus,0,1.0,13696,1.2809338454620642,1.3674932
8620,HLA-A*29:02,esm2_mean,locus,0,1.0,13696,2.4423470353692043,1.661638
8621,HLA-A*02:03,esm2_mean,locus,0,1.0,13696,3.9569963710708773,1.257134
8626,HLA-A*29:02,esm2_mean,locus,0,1.0,13696,0.33647223662121295,1.9111922
8627,HLA-A*23:01,esm2_mean,locus,0,1.0,13696,2.7212954278522306,0.94069934
8630,HLA-A*02:12,esm2_mean,locus,0,1.0,13696,1.4350845252893227,1.1475227
8631,HLA-A*02:12,esm2_mean,locus,0,1.0,13696,1.1314021114911006,1.0934318
8634,HLA-A*02:11,esm2_mean,locus,0,1.0,13696,2.4849066497880004,1.1948065
8635,HLA-A*02:19,esm2_mean,locus,0,1.0,13696,2.1041341542702074,1.087697
8636,HLA-A*68:01,esm2_mean,locus,0,1.0,13696,1.252762968495368,1.687969
8637,HLA-A*74:01,esm2_mean,locus,0,1.0,13696,1.7578579175523736,1.0984845
8638,HLA-A*68:23,esm2_mean,locus,0,1.0,13696,0.7884573603642702,0.8670039
8639,HLA-A*01:01,esm2_mean,locus,0,1.0,13696,1.9933388426264242,0.60743546
8640,HLA-A*30:01,esm2_mean,locus,0,1.0,13696,0.0,1.4269234
8645,HLA-A*02:10,esm2_mean,locus,0,1.0,13696,0.9932517730102833,0.9944312
8647,HLA-A*30:02,esm2_mean,locus,0,1.0,13696,0.0,0.88666546
8650,HLA-A*25:01,esm2_mean,locus,0,1.0,13696,0.0,0.6490715
8651,HLA-A*02:01,esm2_mean,locus,0,1.0,13696,2.2082744135228043,1.4179225
8652,HLA-A*33:03,esm2_mean,locus,0,1.0,13696,3.858622228701031,1.1390514
8654,HLA-A*30:02,esm2_mean,locus,0,1.0,13696,0.4054651081081644,1.1517873
8655,HLA-A*66:01,esm2_mean,locus,0,1.0,13696,0.09531017980432487,0.7487004
8658,HLA-A*33:03,esm2_mean,locus,0,1.0,13696,0.0,1.2742357
8661,HLA-A*01:01,esm2_mean,locus,0,1.0,13696,2.3174737054877963,0.63024557
8664,HLA-A*25:01,esm2_mean,locus,0,1.0,13696,2.4932054526026954,0.2598204
8665,HLA-A*30:01,esm2_mean,locus,0,1.0,13696,1.33500106673234,1.3153038
8668,HLA-A*30:02,esm2_mean,locus,0,1.0,13696,0.832909122935104,0.6240679
8670,HLA-A*24:07,esm2_mean,locus,0,1.0,13696,2.5416019934645457,0.44891322
8672,HLA-A*24:02,esm2_mean,locus,0,1.0,13696,0.6418538861723948,1.0935276
8673,HLA-A*26:03,esm2_mean,locus,0,1.0,13696,0.33647223662121295,0.84337306
8680,HLA-A*24:07,esm2_mean,locus,0,1.0,13696,2.272125885509337,0.46534318
8686,HLA-A*24:02,esm2_mean,locus,0,1.0,13696,0.33647223662121295,0.92547584
8689,HLA-A*02:16,esm2_mean,locus,0,1.0,13696,2.028148247292285,1.5132849
8692,HLA-A*26:02,esm2_mean,locus,0,1.0,13696,0.26236426446749106,-0.16769499
8693,HLA-A*33:03,esm2_mean,locus,0,1.0,13696,0.0,1.1110802
8694,HLA-A*24:07,esm2_mean,locus,0,1.0,13696,3.713572066704308,0.9951293
8696,HLA-A*11:01,esm2_mean,locus,0,1.0,13696,0.33647223662121295,1.4660981
8697,HLA-A*25:01,esm2_mean,locus,0,1.0,13696,0.0,0.47590953
8699,HLA-A*33:03,esm2_mean,locus,0,1.0,13696,0.0,1.0645477
8700,HLA-A*11:01,esm2_mean,locus,0,1.0,13696,0.5306282510621704,0.9380884
8704,HLA-A*29:02,esm2_mean,locus,0,1.0,13696,1.0986122886681098,1.4726847
8707,HLA-A*24:03,esm2_mean,locus,0,1.0,13696,3.484312288372662,0.92741394
8708,HLA-A*24:03,esm2_mean,locus,0,1.0,13696,3.068052935133617,0.76545054
8714,HLA-A*43:01,esm2_mean,locus,0,1.0,13696,0.5877866649021191,1.0440208
8718,HLA-A*74:01,esm2_mean,locus,0,1.0,13696,4.925803358579558,0.6342127
8720,HLA-A*43:01,esm2_mean,locus,0,1.0,13696,0.18232155679395465,0.96999675
8721,HLA-A*26:03,esm2_mean,locus,0,1.0,13696,0.5306282510621704,0.56927323
8725,HLA-A*02:03,esm2_mean,locus,0,1.0,13696,0.6931471805599453,1.5034959
8729,HLA-A*02:01,esm2_mean,locus,0,1.0,13696,1.1939224684724346,1.5764499
8731,HLA-A*02:19,esm2_mean,locus,0,1.0,13696,1.1314021114911006,1.602371
8732,HLA-A*66:01,esm2_mean,locus,0,1.0,13696,0.18232155679395465,0.48018718
8733,HLA-A*26:03,esm2_mean,locus,0,1.0,13696,0.18232155679395465,0.64342463
8734,HLA-A*33:03,esm2_mean,locus,0,1.0,13696,0.9555114450274363,0.84044075
8737,HLA-A*29:02,esm2_mean,locus,0,1.0,13696,2.995732273553991,1.5007422
8738,HLA-A*02:12,esm2_mean,locus,0,1.0,13696,0.8754687373538999,1.330366
8739,HLA-A*11:01,esm2_mean,locus,0,1.0,13696,3.910021002757473,1.5092678
8741,HLA-A*24:07,esm2_mean,locus,0,1.0,13696,1.33500106673234,0.35193568
8743,HLA-A*66:01,esm2_mean,locus,0,1.0,13696,0.4054651081081644,0.9856726
8748,HLA-A*02:12,esm2_mean,locus,0,1.0,13696,2.740840023925201,1.3169242
8749,HLA-A*24:19,esm2_mean,locus,0,1.0,13696,0.0,-0.23275417
8756,HLA-A*02:10,esm2_mean,locus,0,1.0,13696,0.832909122935104,0.6037957
8757,HLA-A*02:11,esm2_mean,locus,0,1.0,13696,1.9878743481543455,1.2200842
8760,HLA-A*24:19,esm2_mean,locus,0,1.0,13696,0.09531017980432487,-0.44574243
8762,HLA-A*02:11,esm2_mean,locus,0,1.0,13696,1.667706820558076,0.98706603
8763,HLA-A*02:12,esm2_mean,locus,0,1.0,13696,1.7047480922384253,1.1231035
8764,HLA-A*02:19,esm2_mean,locus,0,1.0,13696,3.4242626545931514,1.7095261
8766,HLA-A*43:01,esm2_mean,locus,0,1.0,13696,0.6418538861723948,1.3617905
8767,HLA-A*30:02,esm2_mean,locus,0,1.0,13696,0.4054651081081644,0.6328975
8770,HLA-A*33:03,esm2_mean,locus,0,1.0,13696,0.0,1.1558276
8773,HLA-A*02:01,esm2_mean,locus,0,1.0,13696,3.288401887516811,1.8716955
8774,HLA-A*02:10,esm2_mean,locus,0,1.0,13696,0.18232155679395465,0.81006515
8778,HLA-A*24:19,esm2_mean,locus,0,1.0,13696,0.0,0.19085932
8779,HLA-A*02:03,esm2_mean,locus,0,1.0,13696,2.1633230256605382,1.4773481
8780,HLA-A*30:01,esm2_mean,locus,0,1.0,13696,0.5306282510621704,1.2483728
8781,HLA-A*31:01,esm2_mean,locus,0,1.0,13696,4.597138014290827,1.2094811
8784,HLA-A*01:01,esm2_mean,locus,0,1.0,13696,0.883767540168595,0.30381185
8787,HLA-A*24:07,esm2_mean,locus,0,1.0,13696,3.6788291182604347,0.19969845
8788,HLA-A*26:02,esm2_mean,locus,0,1.0,13696,0.33647223662121295,0.0044153333
8789,HLA-A*68:23,esm2_mean,locus,0,1.0,13696,0.7419373447293773,0.44145298
8791,HLA-A*02:03,esm2_mean,locus,0,1.0,13696,3.353406717825807,0.8145238
8793,HLA-A*02:50,esm2_mean,locus,0,1.0,13696,1.9315214116032138,1.7648354
8794,HLA-A*31:01,esm2_mean,locus,0,1.0,13696,0.4054651081081644,1.2930095
8798,HLA-A*80:01,esm2_mean,locus,0,1.0,13696,0.26236426446749106,0.19541669
8799,HLA-A*68:23,esm2_mean,locus,0,1.0,13696,0.0,0.43090963
8800,HLA-A*02:03,esm2_mean,locus,0,1.0,13696,0.0,1.1272528
8801,HLA-A*02:16,esm2_mean,locus,0,1.0,13696,2.379546134130174,1.2165536
8803,HLA-A*23:01,esm2_mean,locus,0,1.0,13696,2.1162555148025524,0.93175757
8804,HLA-A*25:01,esm2_mean,locus,0,1.0,13696,0.18232155679395465,0.5844055
8805,HLA-A*68:23,esm2_mean,locus,0,1.0,13696,0.4700036292457355,0.47859025
8809,HLA-A*25:01,esm2_mean,locus,0,1.0,13696,1.6486586255873816,0.2821762
8810,HLA-A*26:03,esm2_mean,locus,0,1.0,13696,1.33500106673234,0.7606689
8812,HLA-A*24:02,esm2_mean,locus,0,1.0,13696,0.6931471805599453,0.8994872
8813,HLA-A*11:01,esm2_mean,locus,0,1.0,13696,0.7884573603642702,1.198916
8815,HLA-A*68:23,esm2_mean,locus,0,1.0,13696,0.26236426446749106,0.54129755
8816,HLA-A*02:50,esm2_mean,locus,0,1.0,13696,3.068052935133617,1.7814121
8817,HLA-A*02:16,esm2_mean,locus,0,1.0,13696,1.410986973710262,1.5454938
8823,HLA-A*29:02,esm2_mean,locus,0,1.0,13696,2.827313621929028,1.70803
8825,HLA-A*80:01,esm2_mean,locus,0,1.0,13696,0.0,0.10180354
8833,HLA-A*02:50,esm2_mean,locus,0,1.0,13696,2.8622008809294686,1.7643197
8834,HLA-A*80:01,esm2_mean,locus,0,1.0,13696,0.4700036292457355,0.16118973
8848,HLA-A*25:01,esm2_mean,locus,0,1.0,13696,0.7419373447293773,0.32983297
8850,HLA-A*24:02,esm2_mean,locus,0,1.0,13696,1.2809338454620642,0.8530916
8851,HLA-A*02:03,esm2_mean,locus,0,1.0,13696,1.5040773967762742,1.132888
8854,HLA-A*24:19,esm2_mean,locus,0,1.0,13696,0.26236426446749106,0.2938109
8855,HLA-A*26:02,esm2_mean,locus,0,1.0,13696,0.18232155679395465,-0.11742073
8856,HLA-A*32:01,esm2_mean,locus,0,1.0,13696,3.3178157727231046,1.2116151
8857,HLA-A*31:01,esm2_mean,locus,0,1.0,13696,3.109060958860994,1.130547
8858,HLA-A*33:03,esm2_mean,locus,0,1.0,13696,1.0647107369924282,1.2867105
8865,HLA-A*43:01,esm2_mean,locus,0,1.0,13696,2.617395832834079,1.1022888
8869,HLA-A*66:01,esm2_mean,locus,0,1.0,13696,0.0,0.53187954
8870,HLA-A*02:19,esm2_mean,locus,0,1.0,13696,2.8094026953624973,1.6036932
8871,HLA-A*33:03,esm2_mean,locus,0,1.0,13696,0.0,1.2799363
8874,HLA-A*24:02,esm2_mean,locus,0,1.0,13696,0.18232155679395465,1.0103521
8875,HLA-A*74:01,esm2_mean,locus,0,1.0,13696,2.066862759472976,0.50908893
8878,HLA-A*02:10,esm2_mean,locus,0,1.0,13696,2.617395832834079,0.7948262
8879,HLA-A*02:19,esm2_mean,locus,0,1.0,13696,2.0918640616783932,1.4620407
8880,HLA-A*68:01,esm2_mean,locus,0,1.0,13696,1.9459101490553132,1.8191457
8882,HLA-A*32:07,esm2_mean,locus,0,1.0,13696,0.4054651081081644,0.91437864
8883,HLA-A*02:16,esm2_mean,locus,0,1.0,13696,1.547562508716013,1.561473
8884,HLA-A*68:01,esm2_mean,locus,0,1.0,13696,0.4054651081081644,1.4238579
8885,HLA-A*74:01,esm2_mean,locus,0,1.0,13696,0.5877866649021191,0.7539516
8888,HLA-A*26:02,esm2_mean,locus,0,1.0,13696,0.6418538861723948,-0.16397244
8889,HLA-A*68:23,esm2_mean,locus,0,1.0,13696,0.09531017980432487,0.54789805
8892,HLA-A*02:01,esm2_mean,locus,0,1.0,13696,2.9601050959108397,1.7140477
8893,HLA-A*02:16,esm2_mean,locus,0,1.0,13696,2.89591193827178,1.0953642
8897,HLA-A*02:11,esm2_mean,locus,0,1.0,13696,3.0819099697950434,0.95844287
8900,HLA-A*29:02,esm2_mean,locus,0,1.0,13696,0.18232155679395465,1.7337922
8901,HLA-A*24:03,esm2_mean,locus,0,1.0,13696,3.370738174177447,0.9025288
8906,HLA-A*32:07,esm2_mean,locus,0,1.0,13696,0.0,0.59944856
8907,HLA-A*24:19,esm2_mean,locus,0,1.0,13696,0.18232155679395465,-0.23316175
8909,HLA-A*24:02,esm2_mean,locus,0,1.0,13696,2.4849066497880004,0.8187208
8910,HLA-A*02:12,esm2_mean,locus,0,1.0,13696,2.970414465569701,1.2087786
8911,HLA-A*68:01,esm2_mean,locus,0,1.0,13696,3.0349529867072724,1.618171
8913,HLA-A*23:01,esm2_mean,locus,0,1.0,13696,1.0647107369924282,0.721872
8914,HLA-A*24:03,esm2_mean,locus,0,1.0,13696,3.7773481021015445,0.788746
8918,HLA-A*03:01,esm2_mean,locus,0,1.0,13696,0.09531017980432487,1.996681
8919,HLA-A*33:03,esm2_mean,locus,0,1.0,13696,0.0,1.3788644
8925,HLA-A*32:07,esm2_mean,locus,0,1.0,13696,0.0,0.87377656
8930,HLA-A*30:02,esm2_mean,locus,0,1.0,13696,1.7404661748405046,0.8841463
8932,HLA-A*68:23,esm2_mean,locus,0,1.0,13696,0.33647223662121295,0.37232375
8933,HLA-A*24:02,esm2_mean,locus,0,1.0,13696,2.0918640616783932,0.60607636
8934,HLA-A*02:03,esm2_mean,locus,0,1.0,13696,3.2733640101522705,1.0803298
8948,HLA-A*02:01,esm2_mean,locus,0,1.0,13696,0.9162907318741551,1.6903958
8950,HLA-A*30:01,esm2_mean,locus,0,1.0,13696,0.0,1.4088556
8951,HLA-A*23:01,esm2_mean,locus,0,1.0,13696,1.5260563034950494,0.48711497
8952,HLA-A*26:03,esm2_mean,locus,0,1.0,13696,0.0,0.3558944
8957,HLA-A*02:50,esm2_mean,locus,0,1.0,13696,3.0349529867072724,1.7434824
8959,HLA-A*30:02,esm2_mean,locus,0,1.0,13696,1.6094379124341003,1.2312782
8960,HLA-A*32:07,esm2_mean,locus,0,1.0,13696,0.26236426446749106,0.7698548
8961,HLA-A*02:01,esm2_mean,locus,0,1.0,13696,2.222459048514761,1.4564633
8962,HLA-A*80:01,esm2_mean,locus,0,1.0,13696,0.26236426446749106,-0.19229275
8964,HLA-A*26:03,esm2_mean,locus,0,1.0,13696,0.0,0.728744
8966,HLA-A*02:12,esm2_mean,locus,0,1.0,13696,3.5409593240373143,1.2614841
8969,HLA-A*23:01,esm2_mean,locus,0,1.0,13696,3.616308761279101,1.1392795
8971,HLA-A*24:19,esm2_mean,locus,0,1.0,13696,0.26236426446749106,-0.3160481
8976,HLA-A*26:03,esm2_mean,locus,0,1.0,13696,1.1314021114911006,0.6899485
8978,HLA-A*02:10,esm2_mean,locus,0,1.0,13696,0.832909122935104,0.7081111
8979,HLA-A*02:19,esm2_mean,locus,0,1.0,13696,0.0,1.2388444
8985,HLA-A*02:50,esm2_mean,locus,0,1.0,13696,2.5726122302071057,1.8399599
8986,HLA-A*25:01,esm2_mean,locus,0,1.0,13696,0.09531017980432487,0.51353294
8989,HLA-A*02:11,esm2_mean,locus,0,1.0,13696,2.7343675094195836,1.2577754
8992,HLA-A*25:01,esm2_mean,locus,0,1.0,13696,0.33647223662121295,0.75194913
8993,HLA-A*26:02,esm2_mean,locus,0,1.0,13696,0.8754687373538999,0.121766865
8994,HLA-A*02:12,esm2_mean,locus,0,1.0,13696,3.2771447329921766,1.1400197
8996,HLA-A*29:02,esm2_mean,locus,0,1.0,13696,0.6931471805599453,1.5105362
9000,HLA-A*02:50,esm2_mean,locus,0,1.0,13696,2.9444389791664403,1.807833
9002,HLA-A*24:19,esm2_mean,locus,0,1.0,13696,0.5306282510621704,-0.21752113
9003,HLA-A*24:07,esm2_mean,locus,0,1.0,13696,1.8718021769015913,0.88998204
9005,HLA-A*32:07,esm2_mean,locus,0,1.0,13696,3.632309102625542,0.7593521
9006,HLA-A*68:23,esm2_mean,locus,0,1.0,13696,0.4700036292457355,0.35342705
9007,HLA-A*03:01,esm2_mean,locus,0,1.0,13696,1.4350845252893227,2.1929138
9014,HLA-A*33:03,esm2_mean,locus,0,1.0,13696,0.0,1.3119838
9018,HLA-A*02:10,esm2_mean,locus,0,1.0,13696,0.4700036292457355,0.906844
9019,HLA-A*02:11,esm2_mean,locus,0,1.0,13696,2.9652730660692823,1.6610036
9020,HLA-A*02:50,esm2_mean,locus,0,1.0,13696,0.9932517730102833,1.6667726
9024,HLA-A*02:50,esm2_mean,locus,0,1.0,13696,2.803360380906535,2.012712
9025,HLA-A*29:02,esm2_mean,locus,0,1.0,13696,1.1939224684724346,1.8630228
9026,HLA-A*80:01,esm2_mean,locus,0,1.0,13696,0.0,-0.1737724
9035,HLA-A*66:01,esm2_mean,locus,0,1.0,13696,0.0,0.79746974
9036,HLA-A*66:01,esm2_mean,locus,0,1.0,13696,0.09531017980432487,0.63345784
9038,HLA-A*03:01,esm2_mean,locus,0,1.0,13696,0.6931471805599453,2.1481278
9040,HLA-A*29:02,esm2_mean,locus,0,1.0,13696,0.9555114450274363,1.5610499
9043,HLA-A*24:02,esm2_mean,locus,0,1.0,13696,1.410986973710262,0.94988835
9044,HLA-A*02:12,esm2_mean,locus,0,1.0,13696,3.0204248861443626,0.9244543
9050,HLA-A*02:03,esm2_mean,locus,0,1.0,13696,3.152736022363656,1.0469732
9051,HLA-A*02:12,esm2_mean,locus,0,1.0,13696,0.26236426446749106,1.0441518
9052,HLA-A*29:02,esm2_mean,locus,0,1.0,13696,0.26236426446749106,1.689477
9053,HLA-A*02:01,esm2_mean,locus,0,1.0,13696,2.174751721484161,1.740293
9055,HLA-A*02:03,esm2_mean,locus,0,1.0,13696,0.0,1.4129498
9056,HLA-A*02:50,esm2_mean,locus,0,1.0,13696,1.1631508098056809,1.9274204
9058,HLA-A*02:10,esm2_mean,locus,0,1.0,13696,2.501435951739211,0.7485763
9060,HLA-A*24:02,esm2_mean,locus,0,1.0,13696,0.33647223662121295,1.118835
9062,HLA-A*30:02,esm2_mean,locus,0,1.0,13696,0.09531017980432487,1.0616024
9064,HLA-A*02:10,esm2_mean,locus,0,1.0,13696,2.0412203288596382,0.78308505
9069,HLA-A*29:02,esm2_mean,locus,0,1.0,13696,1.8082887711792655,1.5350797
9070,HLA-A*66:01,esm2_mean,locus,0,1.0,13696,1.1631508098056809,0.6260483
9073,HLA-A*23:01,esm2_mean,locus,0,1.0,13696,3.8732821771117156,0.6853567
9074,HLA-A*66:01,esm2_mean,locus,0,1.0,13696,0.0,0.6770219
9076,HLA-A*31:01,esm2_mean,locus,0,1.0,13696,2.766319109226186,0.6473448
9081,HLA-A*02:01,esm2_mean,locus,0,1.0,13696,0.0,1.3340673
9082,HLA-A*30:01,esm2_mean,locus,0,1.0,13696,1.0296194171811583,1.4634064
9083,HLA-A*33:03,esm2_mean,locus,0,1.0,13696,0.26236426446749106,1.3865355
9084,HLA-A*74:01,esm2_mean,locus,0,1.0,13696,0.6418538861723948,0.607234
9085,HLA-A*29:02,esm2_mean,locus,0,1.0,13696,2.128231705849268,1.613533
9086,HLA-A*32:07,esm2_mean,locus,0,1.0,13696,0.5877866649021191,1.0637578
9092,HLA-A*02:03,esm2_mean,locus,0,1.0,13696,4.1588830833596715,1.6514277
9093,HLA-A*02:19,esm2_mean,locus,0,1.0,13696,1.547562508716013,1.8598745
9096,HLA-A*02:50,esm2_mean,locus,0,1.0,13696,2.9806186357439426,1.6267016
9097,HLA-A*68:01,esm2_mean,locus,0,1.0,13696,1.589235205116581,1.7453172
9099,HLA-A*29:02,esm2_mean,locus,0,1.0,13696,1.62924053973028,1.6958196
9100,HLA-A*30:02,esm2_mean,locus,0,1.0,13696,0.4700036292457355,0.7648283
9101,HLA-A*24:07,esm2_mean,locus,0,1.0,13696,1.4816045409242156,0.7265569
9103,HLA-A*74:01,esm2_mean,locus,0,1.0,13696,0.0,0.37970763
9106,HLA-A*24:03,esm2_mean,locus,0,1.0,13696,0.4054651081081644,0.5534225
9109,HLA-A*32:01,esm2_mean,locus,0,1.0,13696,4.630837932736669,0.9726482
9110,HLA-A*02:01,esm2_mean,locus,0,1.0,13696,3.005682604407159,1.9191899
9114,HLA-A*43:01,esm2_mean,locus,0,1.0,13696,0.4054651081081644,0.6875249
9115,HLA-A*80:01,esm2_mean,locus,0,1.0,13696,0.33647223662121295,-0.02583474
9119,HLA-A*02:10,esm2_mean,locus,0,1.0,13696,0.4054651081081644,0.70939773
9121,HLA-A*23:01,esm2_mean,locus,0,1.0,13696,3.100092288878234,1.3178871
9122,HLA-A*26:03,esm2_mean,locus,0,1.0,13696,0.0,0.5762554
9124,HLA-A*30:01,esm2_mean,locus,0,1.0,13696,0.0,1.1854295
9129,HLA-A*02:16,esm2_mean,locus,0,1.0,13696,1.2237754316221157,1.5972862
9130,HLA-A*30:02,esm2_mean,locus,0,1.0,13696,0.5306282510621704,0.7292894
9131,HLA-A*24:07,esm2_mean,locus,0,1.0,13696,0.7419373447293773,0.71123934
9133,HLA-A*11:01,esm2_mean,locus,0,1.0,13696,0.0,1.3102231
9135,HLA-A*25:01,esm2_mean,locus,0,1.0,13696,0.4054651081081644,0.40955442
9138,HLA-A*33:03,esm2_mean,locus,0,1.0,13696,0.5306282510621704,1.1450458
9139,HLA-A*33:03,esm2_mean,locus,0,1.0,13696,3.32862668882732,0.9169693
9140,HLA-A*11:01,esm2_mean,locus,0,1.0,13696,1.7404661748405046,1.2039576
9142,HLA-A*32:07,esm2_mean,locus,0,1.0,13696,0.0,1.1865425
9143,HLA-A*02:19,esm2_mean,locus,0,1.0,13696,1.2237754316221157,1.5845108
9145,HLA-A*23:01,esm2_mean,locus,0,1.0,13696,1.9740810260220096,0.8909881
9146,HLA-A*32:07,esm2_mean,locus,0,1.0,13696,2.1633230256605382,0.69237417
9147,HLA-A*26:03,esm2_mean,locus,0,1.0,13696,0.18232155679395465,0.28534538
9149,HLA-A*02:10,esm2_mean,locus,0,1.0,13696,1.6094379124341003,0.7480686
9150,HLA-A*23:01,esm2_mean,locus,0,1.0,13696,2.617395832834079,0.5948263
9154,HLA-A*30:02,esm2_mean,locus,0,1.0,13696,0.18232155679395465,0.9466125
9155,HLA-A*02:12,esm2_mean,locus,0,1.0,13696,3.8732821771117156,1.1377742
9159,HLA-A*33:03,esm2_mean,locus,0,1.0,13696,0.26236426446749106,1.2179745
9163,HLA-A*24:19,esm2_mean,locus,0,1.0,13696,0.4054651081081644,-0.023490012
9167,HLA-A*74:01,esm2_mean,locus,0,1.0,13696,3.2846635654062037,0.94090605
9169,HLA-A*24:19,esm2_mean,locus,0,1.0,13696,0.4054651081081644,-0.34283453
9171,HLA-A*02:10,esm2_mean,locus,0,1.0,13696,0.18232155679395465,1.2855799
9173,HLA-A*26:03,esm2_mean,locus,0,1.0,13696,0.4700036292457355,0.73392636
9175,HLA-A*02:19,esm2_mean,locus,0,1.0,13696,0.8754687373538999,1.4341629
9176,HLA-A*29:02,esm2_mean,locus,0,1.0,13696,0.33647223662121295,1.6820207
9177,HLA-A*24:19,esm2_mean,locus,0,1.0,13696,0.18232155679395465,0.37458462
9178,HLA-A*68:23,esm2_mean,locus,0,1.0,13696,0.18232155679395465,0.67408067
9179,HLA-A*02:50,esm2_mean,locus,0,1.0,13696,2.624668592163159,1.8456635
9180,HLA-A*68:01,esm2_mean,locus,0,1.0,13696,1.7749523509116738,1.9750848
9181,HLA-A*68:01,esm2_mean,locus,0,1.0,13696,3.5467396869528134,1.5902693
9182,HLA-A*68:01,esm2_mean,locus,0,1.0,13696,0.5877866649021191,1.5248237
9183,HLA-A*74:01,esm2_mean,locus,0,1.0,13696,3.3603753871419,0.6097233
9187,HLA-A*03:01,esm2_mean,locus,0,1.0,13696,3.4372078191851885,1.957634
9188,HLA-A*02:16,esm2_mean,locus,0,1.0,13696,1.2809338454620642,1.3555768
9192,HLA-A*43:01,esm2_mean,locus,0,1.0,13696,0.0,0.82586455
9193,HLA-A*29:02,esm2_mean,locus,0,1.0,13696,0.7419373447293773,1.6925637
9195,HLA-A*68:01,esm2_mean,locus,0,1.0,13696,0.0,1.8142564
9197,HLA-A*43:01,esm2_mean,locus,0,1.0,13696,0.26236426446749106,1.1147983
9199,HLA-A*03:01,esm2_mean,locus,0,1.0,13696,0.18232155679395465,1.7322745
9200,HLA-A*74:01,esm2_mean,locus,0,1.0,13696,0.4700036292457355,0.4264148
9201,HLA-A*32:07,esm2_mean,locus,0,1.0,13696,3.8066624897703196,0.7141504
9202,HLA-A*68:23,esm2_mean,locus,0,1.0,13696,1.252762968495368,0.4297899
9207,HLA-A*23:01,esm2_mean,locus,0,1.0,13696,3.5890591188317256,0.9645518
9210,HLA-A*66:01,esm2_mean,locus,0,1.0,13696,0.0,0.4031275
9211,HLA-A*02:03,esm2_mean,locus,0,1.0,13696,0.4700036292457355,1.1909156
9212,HLA-A*02:10,esm2_mean,locus,0,1.0,13696,0.0,0.42691886
9215,HLA-A*25:01,esm2_mean,locus,0,1.0,13696,0.4700036292457355,0.6441527
9219,HLA-A*24:19,esm2_mean,locus,0,1.0,13696,0.33647223662121295,0.0422073
9220,HLA-A*25:01,esm2_mean,locus,0,1.0,13696,2.9856819377004897,0.18864638
9223,HLA-A*02:50,esm2_mean,locus,0,1.0,13696,2.9444389791664403,1.8502634
9224,HLA-A*02:50,esm2_mean,locus,0,1.0,13696,2.4765384001174837,2.055394
9225,HLA-A*74:01,esm2_mean,locus,0,1.0,13696,3.1945831322991562,0.87312615
9228,HLA-A*02:12,esm2_mean,locus,0,1.0,13696,1.308332819650179,1.1109114
9229,HLA-A*11:01,esm2_mean,locus,0,1.0,13696,2.9652730660692823,1.5307868
9234,HLA-A*02:10,esm2_mean,locus,0,1.0,13696,3.1135153092103742,0.54747075
9235,HLA-A*30:01,esm2_mean,locus,0,1.0,13696,1.916922612182061,1.6657226
9238,HLA-A*74:01,esm2_mean,locus,0,1.0,13696,1.1939224684724346,0.4871809
9240,HLA-A*26:02,esm2_mean,locus,0,1.0,13696,0.18232155679395465,-0.013733685
9241,HLA-A*68:23,esm2_mean,locus,0,1.0,13696,0.4054651081081644,0.48460916
9242,HLA-A*02:01,esm2_mean,locus,0,1.0,13696,0.5766133643039938,1.8273435
9246,HLA-A*31:01,esm2_mean,locus,0,1.0,13696,0.26236426446749106,1.1645072
9248,HLA-A*30:02,esm2_mean,locus,0,1.0,13696,1.8718021769015913,1.1541888
9249,HLA-A*32:07,esm2_mean,locus,0,1.0,13696,0.0,0.99144256
9250,HLA-A*32:07,esm2_mean,locus,0,1.0,13696,2.322387720290225,0.35943508
9253,HLA-A*02:01,esm2_mean,locus,0,1.0,13696,0.9932517730102833,1.6325641
9255,HLA-A*30:01,esm2_mean,locus,0,1.0,13696,1.2237754316221157,1.6922288
9256,HLA-A*25:01,esm2_mean,locus,0,1.0,13696,0.26236426446749106,0.2814085
9258,HLA-A*02:03,esm2_mean,locus,0,1.0,13696,0.4700036292457355,1.0796878
9259,HLA-A*02:19,esm2_mean,locus,0,1.0,13696,0.832909122935104,2.008336
9263,HLA-A*74:01,esm2_mean,locus,0,1.0,13696,0.8754687373538999,0.582821
9266,HLA-A*80:01,esm2_mean,locus,0,1.0,13696,0.33647223662121295,-0.22769755
9267,HLA-A*24:19,esm2_mean,locus,0,1.0,13696,0.26236426446749106,0.089069605
9272,HLA-A*32:07,esm2_mean,locus,0,1.0,13696,0.5877866649021191,0.7700016
9273,HLA-A*02:50,esm2_mean,locus,0,1.0,13696,1.8870696490323797,2.0237198
9276,HLA-A*29:02,esm2_mean,locus,0,1.0,13696,0.26236426446749106,1.6618412
9277,HLA-A*30:02,esm2_mean,locus,0,1.0,13696,2.2407096892759584,0.77370733
9279,HLA-A*24:02,esm2_mean,locus,0,1.0,13696,0.26236426446749106,0.8747329
9281,HLA-A*68:23,esm2_mean,locus,0,1.0,13696,2.1972245773362196,0.36124504
9283,HLA-A*24:02,esm2_mean,locus,0,1.0,13696,1.3862943611198906,0.89774716
9285,HLA-A*24:19,esm2_mean,locus,0,1.0,13696,0.0,-0.10049063
9287,HLA-A*24:02,esm2_mean,locus,0,1.0,13696,0.9162907318741551,0.7063548
9288,HLA-A*74:01,esm2_mean,locus,0,1.0,13696,2.174751721484161,0.79771054
9289,HLA-A*32:07,esm2_mean,locus,0,1.0,13696,4.301358731606427,0.9780233
9290,HLA-A*01:01,esm2_mean,locus,0,1.0,13696,3.141130476243348,0.54161805
9292,HLA-A*30:02,esm2_mean,locus,0,1.0,13696,1.252762968495368,1.2832911
9294,HLA-A*24:19,esm2_mean,locus,0,1.0,13696,0.09531017980432487,0.21330321
9295,HLA-A*25:01,esm2_mean,locus,0,1.0,13696,0.0,0.84016854
9299,HLA-A*11:01,esm2_mean,locus,0,1.0,13696,1.9740810260220096,1.0713977
9304,HLA-A*02:12,esm2_mean,locus,0,1.0,13696,2.9069010598473755,1.2987807
9305,HLA-A*02:19,esm2_mean,locus,0,1.0,13696,0.9555114450274363,1.5406697
9306,HLA-A*66:01,esm2_mean,locus,0,1.0,13696,0.18232155679395465,0.8680122
9307,HLA-A*03:01,esm2_mean,locus,0,1.0,13696,2.2407096892759584,2.166198
9311,HLA-A*25:01,esm2_mean,locus,0,1.0,13696,0.6931471805599453,0.67503166
9313,HLA-A*74:01,esm2_mean,locus,0,1.0,13696,4.770684624465665,0.76239073
9318,HLA-A*29:02,esm2_mean,locus,0,1.0,13696,2.468099531471619,1.6637256
9321,HLA-A*33:03,esm2_mean,locus,0,1.0,13696,0.0,1.1634233
9322,HLA-A*33:03,esm2_mean,locus,0,1.0,13696,0.33647223662121295,1.1922001
9323,HLA-A*74:01,esm2_mean,locus,0,1.0,13696,0.0,0.5460881
9325,HLA-A*26:02,esm2_mean,locus,0,1.0,13696,1.824549292051046,0.030729175
9327,HLA-A*33:03,esm2_mean,locus,0,1.0,13696,3.122364924487357,0.70303786
9328,HLA-A*26:02,esm2_mean,locus,0,1.0,13696,0.26236426446749106,-0.25607914
9329,HLA-A*66:01,esm2_mean,locus,0,1.0,13696,0.0,0.6858809
9331,HLA-A*02:01,esm2_mean,locus,0,1.0,13696,0.9932517730102833,1.6757625
9332,HLA-A*02:12,esm2_mean,locus,0,1.0,13696,2.4159137783010487,1.1102517
9333,HLA-A*02:50,esm2_mean,locus,0,1.0,13696,0.5306282510621704,1.8577082
9334,HLA-A*33:03,esm2_mean,locus,0,1.0,13696,0.6931471805599453,1.18881
9335,HLA-A*24:19,esm2_mean,locus,0,1.0,13696,0.33647223662121295,-0.120327294
9336,HLA-A*30:01,esm2_mean,locus,0,1.0,13696,0.5877866649021191,1.7428629
9337,HLA-A*30:01,esm2_mean,locus,0,1.0,13696,1.62924053973028,1.3940135
9345,HLA-A*29:02,esm2_mean,locus,0,1.0,13696,0.9555114450274363,1.3452127
9350,HLA-A*25:01,esm2_mean,locus,0,1.0,13696,0.5877866649021191,0.4152133
9351,HLA-A*66:01,esm2_mean,locus,0,1.0,13696,0.0,0.72098315
9352,HLA-A*26:03,esm2_mean,locus,0,1.0,13696,0.18232155679395465,0.5431139
9353,HLA-A*68:23,esm2_mean,locus,0,1.0,13696,0.0,0.6131238
9355,HLA-A*68:01,esm2_mean,locus,0,1.0,13696,0.6931471805599453,1.3500385
9356,HLA-A*02:19,esm2_mean,locus,0,1.0,13696,2.388762789235098,1.4144483
9357,HLA-A*68:01,esm2_mean,locus,0,1.0,13696,0.33647223662121295,1.7757379
9359,HLA-A*24:03,esm2_mean,locus,0,1.0,13696,2.4069451083182885,0.66578424
9360,HLA-A*26:02,esm2_mean,locus,0,1.0,13696,0.4054651081081644,0.024404824
9363,HLA-A*11:01,esm2_mean,locus,0,1.0,13696,2.2823823856765264,1.3384377
9364,HLA-A*24:03,esm2_mean,locus,0,1.0,13696,3.6216707044204863,1.185844
9366,HLA-A*03:01,esm2_mean,locus,0,1.0,13696,0.0,1.0742745
9367,HLA-A*24:02,esm2_mean,locus,0,1.0,13696,2.028148247292285,0.690158
9370,HLA-A*02:50,esm2_mean,locus,0,1.0,13696,3.0819099697950434,1.8738942
9374,HLA-A*26:02,esm2_mean,locus,0,1.0,13696,0.6418538861723948,0.029809654
9375,HLA-A*02:01,esm2_mean,locus,0,1.0,13696,0.5877866649021191,1.6838
9376,HLA-A*02:10,esm2_mean,locus,0,1.0,13696,1.7749523509116738,1.0665442
9377,HLA-A*02:10,esm2_mean,locus,0,1.0,13696,2.653241964607215,0.34172487
9378,HLA-A*02:19,esm2_mean,locus,0,1.0,13696,2.0918640616783932,1.5551028
9381,HLA-A*26:02,esm2_mean,locus,0,1.0,13696,0.0,-0.3255933
9384,HLA-A*29:02,esm2_mean,locus,0,1.0,13696,0.33647223662121295,1.5675132
9385,HLA-A*30:02,esm2_mean,locus,0,1.0,13696,1.0986122886681098,0.94162357
9386,HLA-A*32:07,esm2_mean,locus,0,1.0,13696,0.0,0.57617396
9391,HLA-A*24:07,esm2_mean,locus,0,1.0,13696,1.62924053973028,0.9424872
9393,HLA-A*03:01,esm2_mean,locus,0,1.0,13696,0.5306282510621704,1.8575585
9394,HLA-A*24:02,esm2_mean,locus,0,1.0,13696,0.26236426446749106,0.6628591
9396,HLA-A*80:01,esm2_mean,locus,0,1.0,13696,0.0,0.061692953
9397,HLA-A*23:01,esm2_mean,locus,0,1.0,13696,0.4700036292457355,1.302482
9400,HLA-A*03:01,esm2_mean,locus,0,1.0,13696,0.18232155679395465,1.7687814
9407,HLA-A*01:01,esm2_mean,locus,0,1.0,13696,0.5877866649021191,0.47057974
9410,HLA-A*43:01,esm2_mean,locus,0,1.0,13696,0.6931471805599453,1.0009842
9411,HLA-A*43:01,esm2_mean,locus,0,1.0,13696,0.5306282510621704,0.97275007
9412,HLA-A*66:01,esm2_mean,locus,0,1.0,13696,0.0,0.5549306
9413,HLA-A*30:01,esm2_mean,locus,0,1.0,13696,0.18232155679395465,1.4968872
9416,HLA-A*68:23,esm2_mean,locus,0,1.0,13696,0.09531017980432487,0.5213648
9420,HLA-A*24:02,esm2_mean,locus,0,1.0,13696,3.5409593240373143,0.7019472
9421,HLA-A*02:19,esm2_mean,locus,0,1.0,13696,1.1939224684724346,1.4780407
9423,HLA-A*30:02,esm2_mean,locus,0,1.0,13696,0.33647223662121295,1.0048261
9424,HLA-A*24:03,esm2_mean,locus,0,1.0,13696,3.173878458937465,0.91250247
9426,HLA-A*33:03,esm2_mean,locus,0,1.0,13696,3.1945831322991562,0.9638655
9433,HLA-A*80:01,esm2_mean,locus,0,1.0,13696,0.0,0.32072562
9434,HLA-A*26:03,esm2_mean,locus,0,1.0,13696,0.5877866649021191,0.66437703
9435,HLA-A*02:50,esm2_mean,locus,0,1.0,13696,1.667706820558076,1.573398
9436,HLA-A*30:01,esm2_mean,locus,0,1.0,13696,0.0,1.4143848
9439,HLA-A*43:01,esm2_mean,locus,0,1.0,13696,0.18232155679395465,0.7156999
9440,HLA-A*32:07,esm2_mean,locus,0,1.0,13696,1.589235205116581,0.7205264
9441,HLA-A*24:02,esm2_mean,locus,0,1.0,13696,0.33647223662121295,0.5841439
9443,HLA-A*02:19,esm2_mean,locus,0,1.0,13696,0.9932517730102833,1.4430208
9446,HLA-A*32:07,esm2_mean,locus,0,1.0,13696,3.735285826928092,1.1360419
9447,HLA-A*66:01,esm2_mean,locus,0,1.0,13696,0.5877866649021191,0.56940925
9448,HLA-A*02:03,esm2_mean,locus,0,1.0,13696,0.8754687373538999,1.3384197
9452,HLA-A*43:01,esm2_mean,locus,0,1.0,13696,0.832909122935104,1.0346308
9453,HLA-A*32:07,esm2_mean,locus,0,1.0,13696,0.4700036292457355,0.8231455
9454,HLA-A*32:07,esm2_mean,locus,0,1.0,13696,1.547562508716013,0.9980588
9458,HLA-A*24:19,esm2_mean,locus,0,1.0,13696,0.26236426446749106,0.38190198
9462,HLA-A*80:01,esm2_mean,locus,0,1.0,13696,0.33647223662121295,0.10748571
9463,HLA-A*68:23,esm2_mean,locus,0,1.0,13696,0.832909122935104,0.7089025
9465,HLA-A*02:12,esm2_mean,locus,0,1.0,13696,1.0647107369924282,1.1754253
9466,HLA-A*29:02,esm2_mean,locus,0,1.0,13696,0.7419373447293773,1.4082522
9467,HLA-A*80:01,esm2_mean,locus,0,1.0,13696,0.5306282510621704,0.12551457
9469,HLA-A*25:01,esm2_mean,locus,0,1.0,13696,0.18232155679395465,0.41578215
9470,HLA-A*33:03,esm2_mean,locus,0,1.0,13696,0.5306282510621704,1.3115969
9474,HLA-A*30:02,esm2_mean,locus,0,1.0,13696,0.09531017980432487,0.50780046
9475,HLA-A*02:50,esm2_mean,locus,0,1.0,13696,1.547562508716013,1.737287
9476,HLA-A*03:01,esm2_mean,locus,0,1.0,13696,3.912023005428146,1.9979329
9478,HLA-A*32:07,esm2_mean,locus,0,1.0,13696,0.5306282510621704,0.71430564
9479,HLA-A*32:07,esm2_mean,locus,0,1.0,13696,2.2925347571405443,0.9249117
9483,HLA-A*69:01,esm2_mean,locus,0,1.0,13696,0.0,0.43587822
9484,HLA-A*02:50,esm2_mean,locus,0,1.0,13696,3.4307561839036995,1.8092129
9485,HLA-A*02:16,esm2_mean,locus,0,1.0,13696,3.673765816303888,1.0681735
9487,HLA-A*30:01,esm2_mean,locus,0,1.0,13696,0.0,1.5321429
9491,HLA-A*31:01,esm2_mean,locus,0,1.0,13696,0.5306282510621704,1.279262
9494,HLA-A*26:02,esm2_mean,locus,0,1.0,13696,0.26236426446749106,-0.07716972
9497,HLA-A*02:50,esm2_mean,locus,0,1.0,13696,2.0412203288596382,1.5484688
9499,HLA-A*24:07,esm2_mean,locus,0,1.0,13696,0.26236426446749106,0.31470764
9500,HLA-A*66:01,esm2_mean,locus,0,1.0,13696,0.0,0.96569437
9501,HLA-A*68:01,esm2_mean,locus,0,1.0,13696,1.252762968495368,1.8010364
9502,HLA-A*02:50,esm2_mean,locus,0,1.0,13696,1.0647107369924282,1.7463177
9503,HLA-A*33:03,esm2_mean,locus,0,1.0,13696,0.0,1.3905649
9504,HLA-A*43:01,esm2_mean,locus,0,1.0,13696,0.09531017980432487,1.1450022
9507,HLA-A*02:12,esm2_mean,locus,0,1.0,13696,3.0819099697950434,1.1080873
9508,HLA-A*74:01,esm2_mean,locus,0,1.0,13696,1.3862943611198906,0.62624097
9512,HLA-A*30:01,esm2_mean,locus,0,1.0,13696,1.791759469228055,1.0763432
9515,HLA-A*43:01,esm2_mean,locus,0,1.0,13696,1.252762968495368,0.7368032
9516,HLA-A*24:07,esm2_mean,locus,0,1.0,13696,2.33214389523559,0.69118464
9518,HLA-A*25:01,esm2_mean,locus,0,1.0,13696,0.0,0.37573427
9519,HLA-A*25:01,esm2_mean,locus,0,1.0,13696,1.0647107369924282,0.6236701
9521,HLA-A*02:10,esm2_mean,locus,0,1.0,13696,1.791759469228055,0.9033693
9523,HLA-A*02:03,esm2_mean,locus,0,1.0,13696,3.190476350346503,1.1990113
9524,HLA-A*02:10,esm2_mean,locus,0,1.0,13696,2.0794415416798357,0.7737646
9525,HLA-A*74:01,esm2_mean,locus,0,1.0,13696,0.33647223662121295,0.46388394
9526,HLA-A*26:02,esm2_mean,locus,0,1.0,13696,0.33647223662121295,-0.5141631
9527,HLA-A*74:01,esm2_mean,locus,0,1.0,13696,3.979681653901961,0.41035765
9531,HLA-A*30:02,esm2_mean,locus,0,1.0,13696,0.5306282510621704,0.91119564
9533,HLA-A*02:10,esm2_mean,locus,0,1.0,13696,2.747270914255491,0.65751404
9534,HLA-A*31:01,esm2_mean,locus,0,1.0,13696,0.5306282510621704,1.1108785
9535,HLA-A*74:01,esm2_mean,locus,0,1.0,13696,0.0,0.5816999
9542,HLA-A*66:01,esm2_mean,locus,0,1.0,13696,0.26236426446749106,0.84918535
9545,HLA-A*02:10,esm2_mean,locus,0,1.0,13696,0.7884573603642702,0.6316217
9546,HLA-A*02:16,esm2_mean,locus,0,1.0,13696,0.33647223662121295,1.4956868
9547,HLA-A*31:01,esm2_mean,locus,0,1.0,13696,0.0,0.90156037
9548,HLA-A*23:01,esm2_mean,locus,0,1.0,13696,1.5686159179138452,1.2856565
9549,HLA-A*23:01,esm2_mean,locus,0,1.0,13696,0.9555114450274363,1.0946339
9550,HLA-A*24:19,esm2_mean,locus,0,1.0,13696,0.18232155679395465,-0.07604784
9552,HLA-A*02:16,esm2_mean,locus,0,1.0,13696,1.4350845252893227,1.6948411
9553,HLA-A*30:01,esm2_mean,locus,0,1.0,13696,0.26236426446749106,1.2193202
9554,HLA-A*33:03,esm2_mean,locus,0,1.0,13696,0.0,1.5064495
9557,HLA-A*66:01,esm2_mean,locus,0,1.0,13696,0.0,0.8386668
9559,HLA-A*02:12,esm2_mean,locus,0,1.0,13696,2.791165107812717,1.0206096
9564,HLA-A*43:01,esm2_mean,locus,0,1.0,13696,0.5877866649021191,0.9617498
9565,HLA-A*43:01,esm2_mean,locus,0,1.0,13696,1.0986122886681098,0.764315
9566,HLA-A*24:19,esm2_mean,locus,0,1.0,13696,0.0,-0.14956969
9568,HLA-A*02:03,esm2_mean,locus,0,1.0,13696,0.6418538861723948,1.4829602
9569,HLA-A*02:16,esm2_mean,locus,0,1.0,13696,0.18232155679395465,1.3428786
9570,HLA-A*68:01,esm2_mean,locus,0,1.0,13696,0.26236426446749106,1.6869428
9573,HLA-A*24:02,esm2_mean,locus,0,1.0,13696,0.5306282510621704,1.1793022
9574,HLA-A*32:01,esm2_mean,locus,0,1.0,13696,0.5877866649021191,0.77369744
9577,HLA-A*02:03,esm2_mean,locus,0,1.0,13696,3.104586678466073,1.1089995
9581,HLA-A*02:50,esm2_mean,locus,0,1.0,13696,2.2407096892759584,1.588234
9584,HLA-A*30:02,esm2_mean,locus,0,1.0,13696,1.6094379124341003,0.69719446
9588,HLA-A*02:03,esm2_mean,locus,0,1.0,13696,0.6931471805599453,1.091214
9589,HLA-A*02:50,esm2_mean,locus,0,1.0,13696,3.0301337002713233,2.0724077
9590,HLA-A*68:23,esm2_mean,locus,0,1.0,13696,0.26236426446749106,0.7732289
9593,HLA-A*29:02,esm2_mean,locus,0,1.0,13696,0.18232155679395465,1.4162372
9594,HLA-A*80:01,esm2_mean,locus,0,1.0,13696,0.18232155679395465,-0.052253902
9596,HLA-A*74:01,esm2_mean,locus,0,1.0,13696,0.5877866649021191,0.7011193
9599,HLA-A*02:50,esm2_mean,locus,0,1.0,13696,1.9600947840472698,1.8606853
9600,HLA-A*74:01,esm2_mean,locus,0,1.0,13696,0.18232155679395465,0.7364158
9602,HLA-A*30:02,esm2_mean,locus,0,1.0,13696,0.26236426446749106,0.8835666
9603,HLA-A*32:07,esm2_mean,locus,0,1.0,13696,0.0,0.6547473
9606,HLA-A*02:11,esm2_mean,locus,0,1.0,13696,2.714694743820879,1.6768651
9607,HLA-A*02:12,esm2_mean,locus,0,1.0,13696,2.1400661634962708,0.8192816
9608,HLA-A*30:01,esm2_mean,locus,0,1.0,13696,0.0,1.541168
9611,HLA-A*26:02,esm2_mean,locus,0,1.0,13696,0.0,-0.21853954
9617,HLA-A*29:02,esm2_mean,locus,0,1.0,13696,2.322387720290225,1.8454454
9618,HLA-A*11:01,esm2_mean,locus,0,1.0,13696,3.5524868292083815,1.3223996
9620,HLA-A*32:07,esm2_mean,locus,0,1.0,13696,0.0,0.7401914
9622,HLA-A*68:01,esm2_mean,locus,0,1.0,13696,3.261935314328648,1.5957096
9625,HLA-A*43:01,esm2_mean,locus,0,1.0,13696,3.0587070727153796,0.92666256
9626,HLA-A*32:07,esm2_mean,locus,0,1.0,13696,0.0,0.8193345
9627,HLA-A*68:23,esm2_mean,locus,0,1.0,13696,0.09531017980432487,0.9286237
9630,HLA-A*02:50,esm2_mean,locus,0,1.0,13696,0.7419373447293773,1.8132284
9631,HLA-A*30:01,esm2_mean,locus,0,1.0,13696,0.0,1.3937937
9632,HLA-A*03:01,esm2_mean,locus,0,1.0,13696,0.18232155679395465,1.7149761
9633,HLA-A*30:02,esm2_mean,locus,0,1.0,13696,2.791165107812717,0.716583
9635,HLA-A*02:01,esm2_mean,locus,0,1.0,13696,3.039749158970765,1.7628362
9638,HLA-A*29:02,esm2_mean,locus,0,1.0,13696,0.9555114450274363,1.8370757
9639,HLA-A*30:02,esm2_mean,locus,0,1.0,13696,1.547562508716013,1.0016122
9640,HLA-A*68:23,esm2_mean,locus,0,1.0,13696,0.4054651081081644,0.56166625
9641,HLA-A*11:01,esm2_mean,locus,0,1.0,13696,2.7343675094195836,1.294476
9642,HLA-A*02:10,esm2_mean,locus,0,1.0,13696,0.9555114450274363,0.8150327
9643,HLA-A*31:01,esm2_mean,locus,0,1.0,13696,4.470495282661489,1.6547041
9644,HLA-A*33:03,esm2_mean,locus,0,1.0,13696,2.9856819377004897,1.0594255
9646,HLA-A*66:01,esm2_mean,locus,0,1.0,13696,0.7884573603642702,0.8020455
9648,HLA-A*33:03,esm2_mean,locus,0,1.0,13696,0.0,0.9417533
9651,HLA-A*25:01,esm2_mean,locus,0,1.0,13696,0.0,0.34278876
9653,HLA-A*29:02,esm2_mean,locus,0,1.0,13696,0.18232155679395465,1.6803231
9654,HLA-A*24:03,esm2_mean,locus,0,1.0,13696,0.4054651081081644,0.8823277
9655,HLA-A*26:03,esm2_mean,locus,0,1.0,13696,0.26236426446749106,0.6041024
9656,HLA-A*02:50,esm2_mean,locus,0,1.0,13696,2.8213788864092133,1.7392805
9657,HLA-A*24:19,esm2_mean,locus,0,1.0,13696,0.26236426446749106,-0.30751938
9662,HLA-A*30:02,esm2_mean,locus,0,1.0,13696,0.4054651081081644,0.86062586
9663,HLA-A*32:07,esm2_mean,locus,0,1.0,13696,2.2407096892759584,0.9337027
9665,HLA-A*02:50,esm2_mean,locus,0,1.0,13696,2.0412203288596382,1.8768911
9667,HLA-A*68:23,esm2_mean,locus,0,1.0,13696,3.1570004211501135,0.53063047
9668,HLA-A*26:03,esm2_mean,locus,0,1.0,13696,2.1162555148025524,0.7003868
9669,HLA-A*02:01,esm2_mean,locus,0,1.0,13696,0.6043159668533296,1.1462696
9672,HLA-A*74:01,esm2_mean,locus,0,1.0,13696,0.26236426446749106,0.82987225
9675,HLA-A*68:23,esm2_mean,locus,0,1.0,13696,0.0,0.47682232
9676,HLA-A*02:10,esm2_mean,locus,0,1.0,13696,0.6931471805599453,0.9428749
9677,HLA-A*33:03,esm2_mean,locus,0,1.0,13696,1.2809338454620642,0.93958485
9681,HLA-A*24:02,esm2_mean,locus,0,1.0,13696,0.4054651081081644,1.2035942
9682,HLA-A*02:12,esm2_mean,locus,0,1.0,13696,2.8449093838194073,1.5625057
9684,HLA-A*24:19,esm2_mean,locus,0,1.0,13696,0.0,0.085742176
9686,HLA-A*24:02,esm2_mean,locus,0,1.0,13696,0.8754687373538999,0.82267195
9687,HLA-A*02:16,esm2_mean,locus,0,1.0,13696,2.312535423847214,1.5075054
9688,HLA-A*03:01,esm2_mean,locus,0,1.0,13696,0.0,1.5831473
9696,HLA-A*30:02,esm2_mean,locus,0,1.0,13696,1.9878743481543455,0.89661723
9697,HLA-A*32:07,esm2_mean,locus,0,1.0,13696,0.0,0.77534723
9698,HLA-A*24:07,esm2_mean,locus,0,1.0,13696,1.6094379124341003,0.833174
9699,HLA-A*02:19,esm2_mean,locus,0,1.0,13696,1.8870696490323797,1.6249592
9701,HLA-A*30:02,esm2_mean,locus,0,1.0,13696,0.26236426446749106,0.98570013
9704,HLA-A*26:03,esm2_mean,locus,0,1.0,13696,0.0,0.678096
9705,HLA-A*24:02,esm2_mean,locus,0,1.0,13696,3.580737295494233,0.82827985
9708,HLA-A*80:01,esm2_mean,locus,0,1.0,13696,0.4054651081081644,-0.16458827
9711,HLA-A*24:19,esm2_mean,locus,0,1.0,13696,0.18232155679395465,-0.074205935
9714,HLA-A*68:23,esm2_mean,locus,0,1.0,13696,0.09531017980432487,0.41483092
9715,HLA-A*02:10,esm2_mean,locus,0,1.0,13696,0.5877866649021191,0.8025646
9716,HLA-A*02:10,esm2_mean,locus,0,1.0,13696,0.7419373447293773,0.6353266
9717,HLA-A*31:01,esm2_mean,locus,0,1.0,13696,0.8754687373538999,0.8977884
9718,HLA-A*33:03,esm2_mean,locus,0,1.0,13696,1.8082887711792655,0.95933396
9722,HLA-A*26:03,esm2_mean,locus,0,1.0,13696,0.0,0.48480135
9723,HLA-A*24:02,esm2_mean,locus,0,1.0,13696,3.520460802488973,1.1790912
9724,HLA-A*24:19,esm2_mean,locus,0,1.0,13696,0.26236426446749106,-0.18870813
9727,HLA-A*30:01,esm2_mean,locus,0,1.0,13696,0.9932517730102833,1.5666444
9728,HLA-A*68:01,esm2_mean,locus,0,1.0,13696,2.5877640352277083,1.7364206
9729,HLA-A*68:01,esm2_mean,locus,0,1.0,13696,0.7419373447293773,1.9169056
9735,HLA-A*02:03,esm2_mean,locus,0,1.0,13696,2.9391619220655967,1.2089424
9739,HLA-A*23:01,esm2_mean,locus,0,1.0,13696,0.6931471805599453,0.9831642
9743,HLA-A*24:02,esm2_mean,locus,0,1.0,13696,2.6602595372658615,0.5885387
9745,HLA-A*23:01,esm2_mean,locus,0,1.0,13696,3.6454498961866,1.4358838
9746,HLA-A*24:19,esm2_mean,locus,0,1.0,13696,0.0,0.028802693
9747,HLA-A*02:10,esm2_mean,locus,0,1.0,13696,0.7419373447293773,0.70697546
9748,HLA-A*02:19,esm2_mean,locus,0,1.0,13696,0.5877866649021191,1.3774829
9749,HLA-A*30:01,esm2_mean,locus,0,1.0,13696,0.33647223662121295,1.3565127
9751,HLA-A*29:02,esm2_mean,locus,0,1.0,13696,2.2192034840549946,1.5396311
9752,HLA-A*24:03,esm2_mean,locus,0,1.0,13696,0.832909122935104,0.37689704
9755,HLA-A*02:16,esm2_mean,locus,0,1.0,13696,0.6418538861723948,1.460556
9760,HLA-A*24:02,esm2_mean,locus,0,1.0,13696,1.33500106673234,1.1569152
9763,HLA-A*30:01,esm2_mean,locus,0,1.0,13696,0.0,1.4224075
9764,HLA-A*74:01,esm2_mean,locus,0,1.0,13696,2.2300144001592104,0.51878023
9771,HLA-A*43:01,esm2_mean,locus,0,1.0,13696,1.7404661748405046,0.96619165
9772,HLA-A*25:01,esm2_mean,locus,0,1.0,13696,0.26236426446749106,0.6141425
9773,HLA-A*26:03,esm2_mean,locus,0,1.0,13696,0.5306282510621704,0.8803153
9774,HLA-A*02:03,esm2_mean,locus,0,1.0,13696,0.7884573603642702,1.2560062
9775,HLA-A*02:16,esm2_mean,locus,0,1.0,13696,1.4816045409242156,1.2269733
9776,HLA-A*30:01,esm2_mean,locus,0,1.0,13696,0.832909122935104,1.5982645
9781,HLA-A*32:07,esm2_mean,locus,0,1.0,13696,2.272125885509337,-0.677079
9782,HLA-A*26:03,esm2_mean,locus,0,1.0,13696,0.18232155679395465,0.5095968
9784,HLA-A*68:23,esm2_mean,locus,0,1.0,13696,0.26236426446749106,0.412659
9785,HLA-A*24:02,esm2_mean,locus,0,1.0,13696,0.0,0.856272
9786,HLA-A*66:01,esm2_mean,locus,0,1.0,13696,2.856470206220483,0.6997994
9787,HLA-A*02:10,esm2_mean,locus,0,1.0,13696,2.2925347571405443,0.8756905
9789,HLA-A*03:01,esm2_mean,locus,0,1.0,13696,0.18232155679395465,1.6668999
9790,HLA-A*02:03,esm2_mean,locus,0,1.0,13696,2.3513752571634776,1.3971647
9792,HLA-A*24:02,esm2_mean,locus,0,1.0,13696,0.09531017980432487,0.7266487
9794,HLA-A*02:12,esm2_mean,locus,0,1.0,13696,2.4849066497880004,1.2085003
9795,HLA-A*02:12,esm2_mean,locus,0,1.0,13696,2.3702437414678603,1.3924332
9797,HLA-A*23:01,esm2_mean,locus,0,1.0,13696,3.1780538303479458,0.69864655
9798,HLA-A*24:07,esm2_mean,locus,0,1.0,13696,0.4700036292457355,0.48191375
9802,HLA-A*29:02,esm2_mean,locus,0,1.0,13696,0.4054651081081644,1.8346345
9805,HLA-A*31:01,esm2_mean,locus,0,1.0,13696,3.005682604407159,1.6413312
9806,HLA-A*03:01,esm2_mean,locus,0,1.0,13696,1.791759469228055,2.0331893
9809,HLA-A*30:02,esm2_mean,locus,0,1.0,13696,2.1162555148025524,0.692085
9810,HLA-A*23:01,esm2_mean,locus,0,1.0,13696,2.8094026953624973,0.9905879
9811,HLA-A*23:01,esm2_mean,locus,0,1.0,13696,0.6931471805599453,0.73521566
9813,HLA-A*02:03,esm2_mean,locus,0,1.0,13696,0.33647223662121295,1.0508873
9814,HLA-A*24:03,esm2_mean,locus,0,1.0,13696,3.7062280924485496,0.6076359
9817,HLA-A*26:03,esm2_mean,locus,0,1.0,13696,0.0,0.46822602
9818,HLA-A*33:03,esm2_mean,locus,0,1.0,13696,1.308332819650179,1.0751731
9821,HLA-A*29:02,esm2_mean,locus,0,1.0,13696,1.6863989535702288,1.9665222
9822,HLA-A*23:01,esm2_mean,locus,0,1.0,13696,0.6931471805599453,1.048034
9823,HLA-A*03:01,esm2_mean,locus,0,1.0,13696,0.0,2.0113008
9825,HLA-A*02:11,esm2_mean,locus,0,1.0,13696,2.6461747973841225,1.3380504
9826,HLA-A*02:16,esm2_mean,locus,0,1.0,13696,0.9162907318741551,1.4168549
9829,HLA-A*32:07,esm2_mean,locus,0,1.0,13696,4.5591262474866845,1.0421611
9830,HLA-A*33:03,esm2_mean,locus,0,1.0,13696,0.0,1.2514788
9831,HLA-A*11:01,esm2_mean,locus,0,1.0,13696,0.6418538861723948,1.2749717
9832,HLA-A*24:07,esm2_mean,locus,0,1.0,13696,1.9315214116032138,0.858681
9834,HLA-A*02:11,esm2_mean,locus,0,1.0,13696,1.4350845252893227,1.2822802
9835,HLA-A*68:01,esm2_mean,locus,0,1.0,13696,0.0,1.717247
9836,HLA-A*74:01,esm2_mean,locus,0,1.0,13696,0.4700036292457355,0.7171693
9839,HLA-A*24:19,esm2_mean,locus,0,1.0,13696,0.09531017980432487,-0.0138762
9841,HLA-A*02:01,esm2_mean,locus,0,1.0,13696,1.840549633397487,1.7885869
9842,HLA-A*11:01,esm2_mean,locus,0,1.0,13696,2.3702437414678603,1.8286345
9843,HLA-A*23:01,esm2_mean,locus,0,1.0,13696,2.186051276738094,0.8764634
9846,HLA-A*11:01,esm2_mean,locus,0,1.0,13696,0.09531017980432487,1.3984736
9847,HLA-A*43:01,esm2_mean,locus,0,1.0,13696,0.7884573603642702,0.5929806
9849,HLA-A*74:01,esm2_mean,locus,0,1.0,13696,4.535820107853298,0.88165325
9851,HLA-A*43:01,esm2_mean,locus,0,1.0,13696,1.308332819650179,0.94756824
9852,HLA-A*25:01,esm2_mean,locus,0,1.0,13696,0.33647223662121295,0.36789137
9854,HLA-A*30:02,esm2_mean,locus,0,1.0,13696,0.33647223662121295,1.2605163
9856,HLA-A*24:19,esm2_mean,locus,0,1.0,13696,0.4700036292457355,-0.20373112
9857,HLA-A*25:01,esm2_mean,locus,0,1.0,13696,0.7419373447293773,0.3118751
9859,HLA-A*24:02,esm2_mean,locus,0,1.0,13696,0.6418538861723948,0.9426067
9861,HLA-A*02:03,esm2_mean,locus,0,1.0,13696,0.832909122935104,1.1728516
9863,HLA-A*30:02,esm2_mean,locus,0,1.0,13696,0.4700036292457355,0.7474623
9865,HLA-A*24:02,esm2_mean,locus,0,1.0,13696,3.462606009790799,1.1042727
9867,HLA-A*33:03,esm2_mean,locus,0,1.0,13696,1.2237754316221157,0.8363452
9869,HLA-A*32:07,esm2_mean,locus,0,1.0,13696,0.0,0.7350963
9870,HLA-A*02:03,esm2_mean,locus,0,1.0,13696,2.0918640616783932,1.1026092
9871,HLA-A*02:16,esm2_mean,locus,0,1.0,13696,3.0492730404820207,1.2607503
9872,HLA-A*33:03,esm2_mean,locus,0,1.0,13696,1.252762968495368,0.94584614
9873,HLA-A*11:01,esm2_mean,locus,0,1.0,13696,0.26236426446749106,1.4530249
9875,HLA-A*43:01,esm2_mean,locus,0,1.0,13696,1.0986122886681098,1.1686419
9876,HLA-A*29:02,esm2_mean,locus,0,1.0,13696,0.4700036292457355,1.6966455
9877,HLA-A*24:02,esm2_mean,locus,0,1.0,13696,0.4054651081081644,0.8780228
9878,HLA-A*02:19,esm2_mean,locus,0,1.0,13696,1.1631508098056809,1.4476336
9879,HLA-A*74:01,esm2_mean,locus,0,1.0,13696,0.33647223662121295,0.7079185
9880,HLA-A*23:01,esm2_mean,locus,0,1.0,13696,2.7212954278522306,0.65183085
9881,HLA-A*26:02,esm2_mean,locus,0,1.0,13696,1.9021075263969205,-0.0074101686
9883,HLA-A*80:01,esm2_mean,locus,0,1.0,13696,0.0,0.2477107
9888,HLA-A*30:02,esm2_mean,locus,0,1.0,13696,0.4054651081081644,0.6637999
9889,HLA-A*80:01,esm2_mean,locus,0,1.0,13696,0.9932517730102833,0.06859434
9890,HLA-A*26:03,esm2_mean,locus,0,1.0,13696,0.0,0.40873986
9894,HLA-A*26:03,esm2_mean,locus,0,1.0,13696,0.18232155679395465,0.6768309
9898,HLA-A*30:01,esm2_mean,locus,0,1.0,13696,0.33647223662121295,1.6803029
9899,HLA-A*74:01,esm2_mean,locus,0,1.0,13696,0.0,0.53371537
9900,HLA-A*30:02,esm2_mean,locus,0,1.0,13696,1.9459101490553132,0.66786516
9901,HLA-A*24:07,esm2_mean,locus,0,1.0,13696,1.308332819650179,0.7141685
9902,HLA-A*25:01,esm2_mean,locus,0,1.0,13696,0.26236426446749106,0.5422492
9903,HLA-A*03:01,esm2_mean,locus,0,1.0,13696,1.0296194171811583,1.9643452
9906,HLA-A*24:02,esm2_mean,locus,0,1.0,13696,0.22314355131420976,0.7298441
9907,HLA-A*68:01,esm2_mean,locus,0,1.0,13696,0.33647223662121295,1.7551663
9908,HLA-A*11:01,esm2_mean,locus,0,1.0,13696,0.4054651081081644,1.0717192
9909,HLA-A*74:01,esm2_mean,locus,0,1.0,13696,1.9878743481543455,0.4633847
9912,HLA-A*02:16,esm2_mean,locus,0,1.0,13696,1.9600947840472698,1.2785355
9916,HLA-A*66:01,esm2_mean,locus,0,1.0,13696,0.18232155679395465,0.68549603
9917,HLA-A*26:03,esm2_mean,locus,0,1.0,13696,0.26236426446749106,0.5047831
9919,HLA-A*24:02,esm2_mean,locus,0,1.0,13696,0.0,1.2311637
9920,HLA-A*33:03,esm2_mean,locus,0,1.0,13696,3.55820113047182,0.9514499
9921,HLA-A*68:01,esm2_mean,locus,0,1.0,13696,1.5040773967762742,1.5510535
9926,HLA-A*02:11,esm2_mean,locus,0,1.0,13696,1.4586150226995167,1.5944436
9930,HLA-A*26:03,esm2_mean,locus,0,1.0,13696,0.0,0.70123804
9940,HLA-A*26:02,esm2_mean,locus,0,1.0,13696,0.9162907318741551,0.17522448
9942,HLA-A*02:50,esm2_mean,locus,0,1.0,13696,2.4336133554004498,2.0773976
9947,HLA-A*24:02,esm2_mean,locus,0,1.0,13696,2.803360380906535,0.6062491
9948,HLA-A*30:01,esm2_mean,locus,0,1.0,13696,0.9932517730102833,1.428277
9952,HLA-A*29:02,esm2_mean,locus,0,1.0,13696,0.4700036292457355,1.7537704
9954,HLA-A*29:02,esm2_mean,locus,0,1.0,13696,2.2925347571405443,1.5831912
9955,HLA-A*66:01,esm2_mean,locus,0,1.0,13696,0.5877866649021191,0.7547202
9957,HLA-A*02:03,esm2_mean,locus,0,1.0,13696,1.8562979903656263,1.4248948
9958,HLA-A*02:16,esm2_mean,locus,0,1.0,13696,2.6100697927420065,1.3106811
9961,HLA-A*30:02,esm2_mean,locus,0,1.0,13696,0.5877866649021191,0.9758564
9962,HLA-A*80:01,esm2_mean,locus,0,1.0,13696,0.33647223662121295,0.08728635
9964,HLA-A*30:02,esm2_mean,locus,0,1.0,13696,1.7404661748405046,1.0187625
9965,HLA-A*24:19,esm2_mean,locus,0,1.0,13696,0.18232155679395465,0.18138647
9967,HLA-A*02:03,esm2_mean,locus,0,1.0,13696,3.214867803470662,1.4279721
9974,HLA-A*43:01,esm2_mean,locus,0,1.0,13696,1.62924053973028,0.6520831
9975,HLA-A*02:19,esm2_mean,locus,0,1.0,13696,2.7536607123542622,1.7192891
9981,HLA-A*24:03,esm2_mean,locus,0,1.0,13696,0.33647223662121295,0.8102119
9982,HLA-A*66:01,esm2_mean,locus,0,1.0,13696,0.0,0.9421629
9984,HLA-A*02:12,esm2_mean,locus,0,1.0,13696,0.9932517730102833,1.4121757
9985,HLA-A*02:50,esm2_mean,locus,0,1.0,13696,1.9600947840472698,1.8704698
9987,HLA-A*24:03,esm2_mean,locus,0,1.0,13696,0.26236426446749106,0.7894796
9992,HLA-A*24:19,esm2_mean,locus,0,1.0,13696,0.26236426446749106,-0.26681143
9993,HLA-A*24:07,esm2_mean,locus,0,1.0,13696,0.6418538861723948,0.76312745
9994,HLA-A*68:23,esm2_mean,locus,0,1.0,13696,2.533696813957432,0.7126623
9998,HLA-A*02:11,esm2_mean,locus,0,1.0,13696,2.833213344056216,1.2423577
9999,HLA-A*68:01,esm2_mean,locus,0,1.0,13696,1.33500106673234,1.9195237
10000,HLA-A*03:01,esm2_mean,locus,0,1.0,13696,1.5040773967762742,1.8249899
10002,HLA-A*24:07,esm2_mean,locus,0,1.0,13696,2.5572273113676265,0.8676684
10003,HLA-A*26:03,esm2_mean,locus,0,1.0,13696,0.18232155679395465,0.86917555
10005,HLA-A*29:02,esm2_mean,locus,0,1.0,13696,0.0,1.7850361
10006,HLA-A*02:50,esm2_mean,locus,0,1.0,13696,2.9652730660692823,1.9706529
10008,HLA-A*24:07,esm2_mean,locus,0,1.0,13696,0.4700036292457355,0.3514346
10009,HLA-A*26:03,esm2_mean,locus,0,1.0,13696,0.0,0.6338308
10010,HLA-A*24:02,esm2_mean,locus,0,1.0,13696,1.2237754316221157,0.82992303
10012,HLA-A*02:11,esm2_mean,locus,0,1.0,13696,2.174751721484161,1.0331513
10014,HLA-A*29:02,esm2_mean,locus,0,1.0,13696,0.4054651081081644,1.798593
10015,HLA-A*25:01,esm2_mean,locus,0,1.0,13696,0.0,0.60659444
10017,HLA-A*02:16,esm2_mean,locus,0,1.0,13696,1.9021075263969205,1.272145
10019,HLA-A*68:23,esm2_mean,locus,0,1.0,13696,0.09531017980432487,0.47569108
10022,HLA-A*24:02,esm2_mean,locus,0,1.0,13696,0.5877866649021191,0.5326831
10023,HLA-A*02:16,esm2_mean,locus,0,1.0,13696,3.0492730404820207,1.5885952
10024,HLA-A*31:01,esm2_mean,locus,0,1.0,13696,2.3978952727983707,0.8849963
10026,HLA-A*29:02,esm2_mean,locus,0,1.0,13696,2.517696472610991,1.3166547
10027,HLA-A*25:01,esm2_mean,locus,0,1.0,13696,0.7419373447293773,0.8776609
10028,HLA-A*68:01,esm2_mean,locus,0,1.0,13696,0.0,1.9413078
10029,HLA-A*68:01,esm2_mean,locus,0,1.0,13696,1.8870696490323797,1.6272287
10031,HLA-A*23:01,esm2_mean,locus,0,1.0,13696,0.7419373447293773,0.8138747
10032,HLA-A*26:02,esm2_mean,locus,0,1.0,13696,2.6946271807700692,0.07789928
10034,HLA-A*30:02,esm2_mean,locus,0,1.0,13696,1.6863989535702288,0.67959315
10035,HLA-A*32:07,esm2_mean,locus,0,1.0,13696,2.72785282839839,0.9972622
10036,HLA-A*11:01,esm2_mean,locus,0,1.0,13696,0.18232155679395465,1.4669399
10038,HLA-A*30:02,esm2_mean,locus,0,1.0,13696,2.5416019934645457,0.7460691
10039,HLA-A*02:10,esm2_mean,locus,0,1.0,13696,0.18232155679395465,0.9253496
10040,HLA-A*02:11,esm2_mean,locus,0,1.0,13696,3.676300671907076,1.4680172
10041,HLA-A*02:16,esm2_mean,locus,0,1.0,13696,0.33647223662121295,1.3248649
10042,HLA-A*30:01,esm2_mean,locus,0,1.0,13696,0.0,1.308858
10043,HLA-A*30:01,esm2_mean,locus,0,1.0,13696,0.18232155679395465,1.2139292
10044,HLA-A*33:03,esm2_mean,locus,0,1.0,13696,0.0,1.3444527
10045,HLA-A*68:01,esm2_mean,locus,0,1.0,13696,0.09531017980432487,1.7711763
10046,HLA-A*26:03,esm2_mean,locus,0,1.0,13696,0.4700036292457355,0.6021253
10049,HLA-A*30:02,esm2_mean,locus,0,1.0,13696,0.0,0.7002428
10050,HLA-A*24:03,esm2_mean,locus,0,1.0,13696,0.18232155679395465,0.51176304
10051,HLA-A*02:11,esm2_mean,locus,0,1.0,13696,1.410986973710262,1.5440176
10052,HLA-A*02:16,esm2_mean,locus,0,1.0,13696,3.2733640101522705,1.2026083
10054,HLA-A*23:01,esm2_mean,locus,0,1.0,13696,0.33647223662121295,0.988582
10056,HLA-A*26:02,esm2_mean,locus,0,1.0,13696,0.26236426446749106,-0.21420234
10057,HLA-A*24:07,esm2_mean,locus,0,1.0,13696,0.8754687373538999,0.41448575
10058,HLA-A*26:03,esm2_mean,locus,0,1.0,13696,0.0,0.37823844
10062,HLA-A*30:02,esm2_mean,locus,0,1.0,13696,0.0,0.6184782
10064,HLA-A*33:03,esm2_mean,locus,0,1.0,13696,0.6931471805599453,1.6166854
10066,HLA-A*30:02,esm2_mean,locus,0,1.0,13696,0.18232155679395465,0.9002102
10068,HLA-A*01:01,esm2_mean,locus,0,1.0,13696,1.6428726885203377,0.6216518
10069,HLA-A*02:16,esm2_mean,locus,0,1.0,13696,0.26236426446749106,1.4304619
10072,HLA-A*24:19,esm2_mean,locus,0,1.0,13696,0.33647223662121295,0.13962519
10073,HLA-A*24:07,esm2_mean,locus,0,1.0,13696,1.7578579175523736,0.627338
10075,HLA-A*02:01,esm2_mean,locus,0,1.0,13696,0.30010459245033805,1.7137425
10076,HLA-A*02:11,esm2_mean,locus,0,1.0,13696,1.9600947840472698,1.7191722
10077,HLA-A*02:16,esm2_mean,locus,0,1.0,13696,1.7047480922384253,1.5842507
10078,HLA-A*31:01,esm2_mean,locus,0,1.0,13696,2.995732273553991,1.2426122
10079,HLA-A*33:03,esm2_mean,locus,0,1.0,13696,3.770459441106359,0.86990726
10080,HLA-A*11:01,esm2_mean,locus,0,1.0,13696,4.470495282661489,1.2848084
10081,HLA-A*43:01,esm2_mean,locus,0,1.0,13696,0.0,0.8557033
10082,HLA-A*26:03,esm2_mean,locus,0,1.0,13696,0.09531017980432487,0.6039742
10087,HLA-A*24:03,esm2_mean,locus,0,1.0,13696,0.5877866649021191,1.0957263
10088,HLA-A*68:23,esm2_mean,locus,0,1.0,13696,0.4054651081081644,0.37143368
10090,HLA-A*74:01,esm2_mean,locus,0,1.0,13696,2.4765384001174837,0.7588185
10095,HLA-A*74:01,esm2_mean,locus,0,1.0,13696,0.9555114450274363,0.6368409
10099,HLA-A*23:01,esm2_mean,locus,0,1.0,13696,1.840549633397487,0.9065451
10106,HLA-A*43:01,esm2_mean,locus,0,1.0,13696,0.4700036292457355,1.0661805
10108,HLA-A*03:01,esm2_mean,locus,0,1.0,13696,0.0,1.7245172
10109,HLA-A*02:01,esm2_mean,locus,0,1.0,13696,2.1102132003465894,1.8207958
10110,HLA-A*43:01,esm2_mean,locus,0,1.0,13696,0.4054651081081644,0.4780218
10111,HLA-A*29:02,esm2_mean,locus,0,1.0,13696,2.1162555148025524,1.7692903
10112,HLA-A*24:19,esm2_mean,locus,0,1.0,13696,0.09531017980432487,0.037380517
10115,HLA-A*24:03,esm2_mean,locus,0,1.0,13696,2.501435951739211,1.1030433
10120,HLA-A*02:03,esm2_mean,locus,0,1.0,13696,0.0,0.8892297
10121,HLA-A*31:01,esm2_mean,locus,0,1.0,13696,3.3032169733019514,1.3020111
10122,HLA-A*43:01,esm2_mean,locus,0,1.0,13696,0.0,0.8366986
10123,HLA-A*80:01,esm2_mean,locus,0,1.0,13696,0.4700036292457355,-0.41721195
10125,HLA-A*01:01,esm2_mean,locus,0,1.0,13696,2.7376090033437546,0.57975036
10127,HLA-A*02:16,esm2_mean,locus,0,1.0,13696,2.580216829592325,1.3613973
10132,HLA-A*02:03,esm2_mean,locus,0,1.0,13696,2.580216829592325,1.2275736
10133,HLA-A*68:01,esm2_mean,locus,0,1.0,13696,1.4586150226995167,1.5428424
10135,HLA-A*68:01,esm2_mean,locus,0,1.0,13696,0.33647223662121295,1.9262469
10137,HLA-A*26:03,esm2_mean,locus,0,1.0,13696,0.26236426446749106,0.60379547
10139,HLA-A*23:01,esm2_mean,locus,0,1.0,13696,3.0492730404820207,0.7409327
10140,HLA-A*24:07,esm2_mean,locus,0,1.0,13696,0.5877866649021191,1.0408541
10142,HLA-A*03:01,esm2_mean,locus,0,1.0,13696,1.4350845252893227,2.2584894
10144,HLA-A*02:05,esm2_mean,locus,0,1.0,13696,0.6931471805599453,1.8364184
10145,HLA-A*02:16,esm2_mean,locus,0,1.0,13696,0.6931471805599453,1.1684577
10147,HLA-A*32:07,esm2_mean,locus,0,1.0,13696,0.4054651081081644,0.79925084
10153,HLA-A*02:16,esm2_mean,locus,0,1.0,13696,3.190476350346503,1.1378683
10154,HLA-A*02:16,esm2_mean,locus,0,1.0,13696,0.0,1.2564007
10155,HLA-A*30:01,esm2_mean,locus,0,1.0,13696,3.6027767550605247,1.8354702
10156,HLA-A*33:03,esm2_mean,locus,0,1.0,13696,0.0,1.4444222
10158,HLA-A*74:01,esm2_mean,locus,0,1.0,13696,0.9162907318741551,0.9650698
10159,HLA-A*80:01,esm2_mean,locus,0,1.0,13696,0.0,0.044128954
10162,HLA-A*74:01,esm2_mean,locus,0,1.0,13696,0.9932517730102833,0.49216226
10165,HLA-A*24:19,esm2_mean,locus,0,1.0,13696,0.26236426446749106,-0.28948015
10167,HLA-A*33:03,esm2_mean,locus,0,1.0,13696,4.373238128640803,1.1828455
10173,HLA-A*02:03,esm2_mean,locus,0,1.0,13696,2.747270914255491,1.4242814
10174,HLA-A*02:11,esm2_mean,locus,0,1.0,13696,2.3608540011180215,1.3828826
10175,HLA-A*80:01,esm2_mean,locus,0,1.0,13696,1.4816045409242156,0.47491485
10176,HLA-A*23:01,esm2_mean,locus,0,1.0,13696,0.5306282510621704,0.45382684
10180,HLA-A*24:02,esm2_mean,locus,0,1.0,13696,0.9162907318741551,1.1017773
10182,HLA-A*02:01,esm2_mean,locus,0,1.0,13696,1.6486586255873816,1.5586929
10183,HLA-A*02:50,esm2_mean,locus,0,1.0,13696,0.5306282510621704,1.8440187
10184,HLA-A*31:01,esm2_mean,locus,0,1.0,13696,0.6418538861723948,1.392584
10186,HLA-A*66:01,esm2_mean,locus,0,1.0,13696,0.0,0.8209088
10188,HLA-A*02:10,esm2_mean,locus,0,1.0,13696,2.2407096892759584,1.2326912
10189,HLA-A*02:50,esm2_mean,locus,0,1.0,13696,2.468099531471619,1.8373914
10190,HLA-A*30:01,esm2_mean,locus,0,1.0,13696,0.5877866649021191,1.5570297
10191,HLA-A*33:03,esm2_mean,locus,0,1.0,13696,1.410986973710262,1.3248513
10197,HLA-A*02:03,esm2_mean,locus,0,1.0,13696,2.9391619220655967,1.1897645
10199,HLA-A*02:12,esm2_mean,locus,0,1.0,13696,3.6000482404073204,1.3071606
10202,HLA-A*80:01,esm2_mean,locus,0,1.0,13696,0.4054651081081644,0.20844948
10203,HLA-A*68:23,esm2_mean,locus,0,1.0,13696,0.33647223662121295,0.20717686
10204,HLA-A*11:01,esm2_mean,locus,0,1.0,13696,1.5686159179138452,1.2045009
10205,HLA-A*32:07,esm2_mean,locus,0,1.0,13696,3.713572066704308,1.1038746
10210,HLA-A*24:03,esm2_mean,locus,0,1.0,13696,2.9652730660692823,0.63714314
10212,HLA-A*66:01,esm2_mean,locus,0,1.0,13696,0.0,0.8803909
10219,HLA-A*23:01,esm2_mean,locus,0,1.0,13696,0.26236426446749106,0.5616704
10221,HLA-A*30:01,esm2_mean,locus,0,1.0,13696,0.0,1.3533989
10222,HLA-A*43:01,esm2_mean,locus,0,1.0,13696,0.18232155679395465,0.77972156
10223,HLA-A*23:01,esm2_mean,locus,0,1.0,13696,0.5877866649021191,1.061024
10229,HLA-A*24:02,esm2_mean,locus,0,1.0,13696,0.18232155679395465,0.8300258
10230,HLA-A*02:10,esm2_mean,locus,0,1.0,13696,0.7884573603642702,0.6899474
10231,HLA-A*02:16,esm2_mean,locus,0,1.0,13696,0.4700036292457355,1.6290927
10233,HLA-A*68:23,esm2_mean,locus,0,1.0,13696,2.2617630984737906,0.5868901
10235,HLA-A*02:05,esm2_mean,locus,0,1.0,13696,2.2300144001592104,1.7696095
10236,HLA-A*33:03,esm2_mean,locus,0,1.0,13696,0.33647223662121295,0.8588457
10238,HLA-A*11:01,esm2_mean,locus,0,1.0,13696,4.4355674016019115,1.4112396
10241,HLA-A*25:01,esm2_mean,locus,0,1.0,13696,0.9555114450274363,0.47568995
10242,HLA-A*26:03,esm2_mean,locus,0,1.0,13696,0.0,0.7764032
10245,HLA-A*29:02,esm2_mean,locus,0,1.0,13696,2.8449093838194073,1.8438983
10247,HLA-A*23:01,esm2_mean,locus,0,1.0,13696,0.4054651081081644,1.0495979
10248,HLA-A*24:07,esm2_mean,locus,0,1.0,13696,0.18232155679395465,0.42619818
10252,HLA-A*68:01,esm2_mean,locus,0,1.0,13696,3.5667118201397288,1.6792219
10257,HLA-A*02:03,esm2_mean,locus,0,1.0,13696,2.3608540011180215,1.1793885
10258,HLA-A*02:19,esm2_mean,locus,0,1.0,13696,0.0,1.0347176
10259,HLA-A*33:03,esm2_mean,locus,0,1.0,13696,0.5877866649021191,1.1079664
10261,HLA-A*24:19,esm2_mean,locus,0,1.0,13696,0.09531017980432487,-0.008702338
10262,HLA-A*24:07,esm2_mean,locus,0,1.0,13696,0.18232155679395465,0.4495741
10266,HLA-A*23:01,esm2_mean,locus,0,1.0,13696,3.332204510175204,0.8649231
10267,HLA-A*32:07,esm2_mean,locus,0,1.0,13696,0.6418538861723948,0.5642004
10275,HLA-A*43:01,esm2_mean,locus,0,1.0,13696,0.4054651081081644,1.236165
10276,HLA-A*30:01,esm2_mean,locus,0,1.0,13696,0.6418538861723948,1.542274
10277,HLA-A*23:01,esm2_mean,locus,0,1.0,13696,0.4700036292457355,1.0109196
10281,HLA-A*02:12,esm2_mean,locus,0,1.0,13696,1.8082887711792655,1.182145
10282,HLA-A*32:07,esm2_mean,locus,0,1.0,13696,0.9555114450274363,0.7763043
10283,HLA-A*68:23,esm2_mean,locus,0,1.0,13696,0.18232155679395465,0.692685
10284,HLA-A*26:03,esm2_mean,locus,0,1.0,13696,0.6418538861723948,0.39701152
10286,HLA-A*02:11,esm2_mean,locus,0,1.0,13696,1.7227665977411035,1.7179587
10287,HLA-A*33:03,esm2_mean,locus,0,1.0,13696,0.8754687373538999,1.128541
10288,HLA-A*02:01,esm2_mean,locus,0,1.0,13696,0.4054651081081644,1.7418437
10291,HLA-A*02:03,esm2_mean,locus,0,1.0,13696,0.33647223662121295,1.20399
10292,HLA-A*02:16,esm2_mean,locus,0,1.0,13696,0.26236426446749106,1.964181
10295,HLA-A*26:03,esm2_mean,locus,0,1.0,13696,2.0541237336955462,0.68028414
10297,HLA-A*02:11,esm2_mean,locus,0,1.0,13696,2.760009940032921,1.3372827
10298,HLA-A*02:50,esm2_mean,locus,0,1.0,13696,2.151762203259462,1.8230853
10299,HLA-A*24:02,esm2_mean,locus,0,1.0,13696,2.772588722239781,0.71154207
10300,HLA-A*02:11,esm2_mean,locus,0,1.0,13696,3.2268439945173775,1.6606966
10301,HLA-A*30:01,esm2_mean,locus,0,1.0,13696,0.5877866649021191,1.6855375
10303,HLA-A*66:01,esm2_mean,locus,0,1.0,13696,0.0,0.7741003
10305,HLA-A*02:10,esm2_mean,locus,0,1.0,13696,0.9932517730102833,0.6460103
10306,HLA-A*33:03,esm2_mean,locus,0,1.0,13696,1.1939224684724346,1.0167322
10310,HLA-A*30:02,esm2_mean,locus,0,1.0,13696,0.832909122935104,0.5420626
10311,HLA-A*02:01,esm2_mean,locus,0,1.0,13696,0.8754687373538999,1.7434598
10319,HLA-A*29:02,esm2_mean,locus,0,1.0,13696,1.1314021114911006,1.7260592
10320,HLA-A*11:01,esm2_mean,locus,0,1.0,13696,2.0918640616783932,1.2984753
10321,HLA-A*29:02,esm2_mean,locus,0,1.0,13696,0.33647223662121295,1.7566421
10322,HLA-A*02:12,esm2_mean,locus,0,1.0,13696,0.7884573603642702,1.2518585
10323,HLA-A*02:16,esm2_mean,locus,0,1.0,13696,3.292126286607793,1.5130997
10325,HLA-A*24:19,esm2_mean,locus,0,1.0,13696,1.9878743481543455,-0.0014460087
10326,HLA-A*26:03,esm2_mean,locus,0,1.0,13696,0.0,0.67607343
10329,HLA-A*24:19,esm2_mean,locus,0,1.0,13696,0.0,-0.19360894
10332,HLA-A*74:01,esm2_mean,locus,0,1.0,13696,1.824549292051046,0.4087481
10333,HLA-A*24:03,esm2_mean,locus,0,1.0,13696,0.4054651081081644,0.6786541
10335,HLA-A*24:19,esm2_mean,locus,0,1.0,13696,0.0,-0.17915481
10336,HLA-A*25:01,esm2_mean,locus,0,1.0,13696,0.4700036292457355,0.5474902
10340,HLA-A*24:02,esm2_mean,locus,0,1.0,13696,0.18232155679395465,1.2373416
10342,HLA-A*02:50,esm2_mean,locus,0,1.0,13696,2.1400661634962708,2.0631492
10343,HLA-A*68:01,esm2_mean,locus,0,1.0,13696,3.996364153861897,1.7414008
10350,HLA-A*43:01,esm2_mean,locus,0,1.0,13696,0.18232155679395465,1.1699661
10360,HLA-A*02:19,esm2_mean,locus,0,1.0,13696,1.0986122886681098,1.5132761
10364,HLA-A*43:01,esm2_mean,locus,0,1.0,13696,3.7232808808312687,0.83853203
10366,HLA-A*68:23,esm2_mean,locus,0,1.0,13696,0.0,0.36037475
10367,HLA-A*66:01,esm2_mean,locus,0,1.0,13696,0.0,0.6625918
10371,HLA-A*02:10,esm2_mean,locus,0,1.0,13696,0.4700036292457355,0.5580718
10373,HLA-A*24:02,esm2_mean,locus,0,1.0,13696,2.0918640616783932,1.04993
10374,HLA-A*43:01,esm2_mean,locus,0,1.0,13696,0.7419373447293773,0.62352246
10375,HLA-A*43:01,esm2_mean,locus,0,1.0,13696,0.33647223662121295,1.1582239
10376,HLA-A*29:02,esm2_mean,locus,0,1.0,13696,1.2237754316221157,1.5569979
10377,HLA-A*66:01,esm2_mean,locus,0,1.0,13696,0.0,0.8786539
10382,HLA-A*02:50,esm2_mean,locus,0,1.0,13696,2.5877640352277083,1.9807861
10386,HLA-A*43:01,esm2_mean,locus,0,1.0,13696,0.5306282510621704,0.992153
10388,HLA-A*68:23,esm2_mean,locus,0,1.0,13696,0.0,0.691979
10390,HLA-A*02:12,esm2_mean,locus,0,1.0,13696,0.7884573603642702,0.9690922
10391,HLA-A*26:03,esm2_mean,locus,0,1.0,13696,2.128231705849268,0.63309777
10392,HLA-A*11:01,esm2_mean,locus,0,1.0,13696,0.26236426446749106,1.0109859
10395,HLA-A*68:01,esm2_mean,locus,0,1.0,13696,0.0,1.700989
10400,HLA-A*29:02,esm2_mean,locus,0,1.0,13696,3.367295829986474,1.6970062
10403,HLA-A*68:23,esm2_mean,locus,0,1.0,13696,0.18232155679395465,0.25886935
10404,HLA-A*30:01,esm2_mean,locus,0,1.0,13696,0.33647223662121295,1.4017715
10405,HLA-A*74:01,esm2_mean,locus,0,1.0,13696,2.990719731730447,0.6938988
10407,HLA-A*02:03,esm2_mean,locus,0,1.0,13696,3.6375861597263857,1.193362
10408,HLA-A*02:50,esm2_mean,locus,0,1.0,13696,2.772588722239781,1.9057153
10410,HLA-A*30:02,esm2_mean,locus,0,1.0,13696,0.0,0.7627746
10413,HLA-A*02:16,esm2_mean,locus,0,1.0,13696,2.970414465569701,1.432377
10414,HLA-A*74:01,esm2_mean,locus,0,1.0,13696,0.33647223662121295,0.3491854
10416,HLA-A*23:01,esm2_mean,locus,0,1.0,13696,1.4586150226995167,0.91741467
10419,HLA-A*02:01,esm2_mean,locus,0,1.0,13696,2.580216829592325,1.6861014
10420,HLA-A*30:01,esm2_mean,locus,0,1.0,13696,1.1939224684724346,1.0786613
10422,HLA-A*24:03,esm2_mean,locus,0,1.0,13696,2.4849066497880004,0.9004101
10423,HLA-A*24:19,esm2_mean,locus,0,1.0,13696,0.4054651081081644,-0.007666111
10424,HLA-A*02:11,esm2_mean,locus,0,1.0,13696,3.535145354171894,1.4031014
10425,HLA-A*02:16,esm2_mean,locus,0,1.0,13696,0.7419373447293773,1.1055193
10428,HLA-A*03:01,esm2_mean,locus,0,1.0,13696,1.6863989535702288,1.7372937
10430,HLA-A*02:10,esm2_mean,locus,0,1.0,13696,1.9878743481543455,0.7610437
10431,HLA-A*26:02,esm2_mean,locus,0,1.0,13696,0.18232155679395465,0.064832926
10432,HLA-A*74:01,esm2_mean,locus,0,1.0,13696,0.9162907318741551,0.5753738
10435,HLA-A*43:01,esm2_mean,locus,0,1.0,13696,0.6418538861723948,1.0215466
10436,HLA-A*24:03,esm2_mean,locus,0,1.0,13696,3.0252910757955354,0.6036316
10438,HLA-A*66:01,esm2_mean,locus,0,1.0,13696,1.33500106673234,0.67661977
10439,HLA-A*31:01,esm2_mean,locus,0,1.0,13696,0.0,1.2348119
10440,HLA-A*80:01,esm2_mean,locus,0,1.0,13696,0.0,0.13274616
10441,HLA-A*23:01,esm2_mean,locus,0,1.0,13696,0.8754687373538999,1.1626159
10444,HLA-A*24:19,esm2_mean,locus,0,1.0,13696,0.0,0.076501906
10445,HLA-A*26:02,esm2_mean,locus,0,1.0,13696,0.09531017980432487,0.017960131
10448,HLA-A*43:01,esm2_mean,locus,0,1.0,13696,0.4700036292457355,0.93832517
10449,HLA-A*29:02,esm2_mean,locus,0,1.0,13696,1.840549633397487,1.586518
10450,HLA-A*66:01,esm2_mean,locus,0,1.0,13696,1.547562508716013,0.74516106
10452,HLA-A*03:01,esm2_mean,locus,0,1.0,13696,0.0,1.7086194
10457,HLA-A*02:16,esm2_mean,locus,0,1.0,13696,2.5572273113676265,1.5468087
10459,HLA-A*30:02,esm2_mean,locus,0,1.0,13696,0.5877866649021191,1.2023633
10460,HLA-A*23:01,esm2_mean,locus,0,1.0,13696,0.26236426446749106,0.8452648
10463,HLA-A*02:03,esm2_mean,locus,0,1.0,13696,3.044522437723423,1.1317898
10465,HLA-A*02:03,esm2_mean,locus,0,1.0,13696,0.4054651081081644,1.1302719
10466,HLA-A*02:10,esm2_mean,locus,0,1.0,13696,2.9231615807191558,0.9158293
10467,HLA-A*68:01,esm2_mean,locus,0,1.0,13696,4.403054001865957,2.0233998
10472,HLA-A*02:12,esm2_mean,locus,0,1.0,13696,1.2237754316221157,0.93041176
10475,HLA-A*24:19,esm2_mean,locus,0,1.0,13696,0.33647223662121295,-0.23179394
10477,HLA-A*24:02,esm2_mean,locus,0,1.0,13696,0.18232155679395465,0.6005857
10479,HLA-A*24:19,esm2_mean,locus,0,1.0,13696,1.0647107369924282,-0.14579803
10481,HLA-A*02:03,esm2_mean,locus,0,1.0,13696,3.367295829986474,1.4363517
10482,HLA-A*02:10,esm2_mean,locus,0,1.0,13696,1.62924053973028,0.75606775
10484,HLA-A*26:02,esm2_mean,locus,0,1.0,13696,0.26236426446749106,-0.13913447
10485,HLA-A*66:01,esm2_mean,locus,0,1.0,13696,0.0,1.0462388
10490,HLA-A*02:16,esm2_mean,locus,0,1.0,13696,3.122364924487357,1.4691935
10492,HLA-A*24:19,esm2_mean,locus,0,1.0,13696,0.09531017980432487,-0.07406801
10496,HLA-A*30:02,esm2_mean,locus,0,1.0,13696,0.8754687373538999,0.5621687
10497,HLA-A*24:07,esm2_mean,locus,0,1.0,13696,2.995732273553991,0.5104259
10502,HLA-A*24:19,esm2_mean,locus,0,1.0,13696,0.09531017980432487,0.12224203
10505,HLA-A*30:01,esm2_mean,locus,0,1.0,13696,1.0296194171811583,1.2820967
10506,HLA-A*74:01,esm2_mean,locus,0,1.0,13696,0.6931471805599453,0.45827025
10511,HLA-A*29:02,esm2_mean,locus,0,1.0,13696,0.26236426446749106,1.5117669
10512,HLA-A*32:07,esm2_mean,locus,0,1.0,13696,0.0,0.79031026
10514,HLA-A*80:01,esm2_mean,locus,0,1.0,13696,0.0,0.26247746
10515,HLA-A*33:03,esm2_mean,locus,0,1.0,13696,0.0,0.94561005
10520,HLA-A*43:01,esm2_mean,locus,0,1.0,13696,0.6931471805599453,1.074272
10521,HLA-A*30:02,esm2_mean,locus,0,1.0,13696,0.4700036292457355,1.1266245
10523,HLA-A*30:01,esm2_mean,locus,0,1.0,13696,0.18232155679395465,1.3655773
10524,HLA-A*24:19,esm2_mean,locus,0,1.0,13696,0.33647223662121295,0.013123393
10525,HLA-A*30:01,esm2_mean,locus,0,1.0,13696,0.0,1.5606034
10529,HLA-A*74:01,esm2_mean,locus,0,1.0,13696,4.534747721691546,0.6776856
10533,HLA-A*32:07,esm2_mean,locus,0,1.0,13696,0.0,0.9217008
10534,HLA-A*66:01,esm2_mean,locus,0,1.0,13696,0.26236426446749106,0.6700753
10536,HLA-A*68:01,esm2_mean,locus,0,1.0,13696,1.3609765531356006,1.8867373
10537,HLA-A*68:01,esm2_mean,locus,0,1.0,13696,3.2108436531709366,1.5794826
10542,HLA-A*02:11,esm2_mean,locus,0,1.0,13696,3.044522437723423,1.2785509
10545,HLA-A*66:01,esm2_mean,locus,0,1.0,13696,1.2809338454620642,0.84227514
10546,HLA-A*02:50,esm2_mean,locus,0,1.0,13696,2.791165107812717,1.7129508
10547,HLA-A*02:16,esm2_mean,locus,0,1.0,13696,2.6741486494265287,1.6468835
10549,HLA-A*24:03,esm2_mean,locus,0,1.0,13696,0.832909122935104,0.8436494
10550,HLA-A*24:02,esm2_mean,locus,0,1.0,13696,0.4054651081081644,0.69907004
10553,HLA-A*24:02,esm2_mean,locus,0,1.0,13696,3.100092288878234,1.1302855
10554,HLA-A*02:12,esm2_mean,locus,0,1.0,13696,2.2082744135228043,0.8750996
10558,HLA-A*43:01,esm2_mean,locus,0,1.0,13696,0.0,0.8326591
10564,HLA-A*25:01,esm2_mean,locus,0,1.0,13696,0.18232155679395465,0.3579026
10565,HLA-A*66:01,esm2_mean,locus,0,1.0,13696,0.5877866649021191,0.85612637
10567,HLA-A*02:01,esm2_mean,locus,0,1.0,13696,1.589235205116581,1.8572199
10568,HLA-A*02:19,esm2_mean,locus,0,1.0,13696,2.9391619220655967,1.564599
10569,HLA-A*33:03,esm2_mean,locus,0,1.0,13696,1.9021075263969205,0.972077
10574,HLA-A*24:02,esm2_mean,locus,0,1.0,13696,0.0,1.2959361
10575,HLA-A*30:01,esm2_mean,locus,0,1.0,13696,0.0,1.104933
10577,HLA-A*32:07,esm2_mean,locus,0,1.0,13696,0.18232155679395465,1.1207116
10578,HLA-A*26:03,esm2_mean,locus,0,1.0,13696,1.308332819650179,0.409508
10580,HLA-A*30:01,esm2_mean,locus,0,1.0,13696,0.18232155679395465,1.1491973
10581,HLA-A*33:03,esm2_mean,locus,0,1.0,13696,0.7419373447293773,1.067529
10583,HLA-A*68:23,esm2_mean,locus,0,1.0,13696,0.0,0.41256803
10586,HLA-A*02:01,esm2_mean,locus,0,1.0,13696,0.3784364357202451,1.9463718
10589,HLA-A*03:01,esm2_mean,locus,0,1.0,13696,0.0,2.046061
10590,HLA-A*02:10,esm2_mean,locus,0,1.0,13696,2.617395832834079,0.9198982
10593,HLA-A*23:01,esm2_mean,locus,0,1.0,13696,1.0647107369924282,0.55685675
10594,HLA-A*23:01,esm2_mean,locus,0,1.0,13696,3.1570004211501135,0.79036164
10595,HLA-A*24:07,esm2_mean,locus,0,1.0,13696,1.916922612182061,0.608282
10596,HLA-A*68:23,esm2_mean,locus,0,1.0,13696,0.18232155679395465,0.44573045
10598,HLA-A*02:10,esm2_mean,locus,0,1.0,13696,3.879499813722586,0.6348066
10599,HLA-A*02:16,esm2_mean,locus,0,1.0,13696,1.410986973710262,1.3564527
10600,HLA-A*33:03,esm2_mean,locus,0,1.0,13696,0.0,1.3472704
10606,HLA-A*24:02,esm2_mean,locus,0,1.0,13696,0.8754687373538999,1.168235
10610,HLA-A*29:02,esm2_mean,locus,0,1.0,13696,1.3609765531356006,1.8781548
10613,HLA-A*02:11,esm2_mean,locus,0,1.0,13696,3.4719664525503626,1.3622222
10614,HLA-A*68:01,esm2_mean,locus,0,1.0,13696,3.3638415951183864,1.637784
10619,HLA-A*24:19,esm2_mean,locus,0,1.0,13696,1.0986122886681098,-0.17295367
10620,HLA-A*24:19,esm2_mean,locus,0,1.0,13696,0.0,0.33734316
10623,HLA-A*24:07,esm2_mean,locus,0,1.0,13696,0.7884573603642702,0.8133266
10624,HLA-A*02:50,esm2_mean,locus,0,1.0,13696,0.9162907318741551,1.8460315
10631,HLA-A*23:01,esm2_mean,locus,0,1.0,13696,2.772588722239781,1.0913523
10632,HLA-A*24:07,esm2_mean,locus,0,1.0,13696,0.4700036292457355,0.5847473
10634,HLA-A*02:10,esm2_mean,locus,0,1.0,13696,3.9908341858524357,0.6707667
10635,HLA-A*02:50,esm2_mean,locus,0,1.0,13696,0.9555114450274363,1.7954938
10636,HLA-A*03:01,esm2_mean,locus,0,1.0,13696,4.687671407499835,1.922669
10639,HLA-A*23:01,esm2_mean,locus,0,1.0,13696,3.9080149840306073,1.2086021
10640,HLA-A*24:19,esm2_mean,locus,0,1.0,13696,0.33647223662121295,-0.19971853
10642,HLA-A*33:03,esm2_mean,locus,0,1.0,13696,0.7419373447293773,1.0864953
10648,HLA-A*02:03,esm2_mean,locus,0,1.0,13696,2.797281334830153,1.541367
10649,HLA-A*02:03,esm2_mean,locus,0,1.0,13696,2.322387720290225,1.2334237
10653,HLA-A*24:19,esm2_mean,locus,0,1.0,13696,1.1939224684724346,-0.056414187
10655,HLA-A*30:01,esm2_mean,locus,0,1.0,13696,0.5306282510621704,1.4789584
10659,HLA-A*25:01,esm2_mean,locus,0,1.0,13696,0.4054651081081644,0.472162
10663,HLA-A*30:01,esm2_mean,locus,0,1.0,13696,0.26236426446749106,1.4190522
10667,HLA-A*24:19,esm2_mean,locus,0,1.0,13696,1.0647107369924282,-0.019731581
10672,HLA-A*43:01,esm2_mean,locus,0,1.0,13696,0.18232155679395465,0.72232103
10673,HLA-A*80:01,esm2_mean,locus,0,1.0,13696,0.0,-0.043791354
10674,HLA-A*24:07,esm2_mean,locus,0,1.0,13696,0.4700036292457355,0.6148335
10675,HLA-A*68:23,esm2_mean,locus,0,1.0,13696,0.26236426446749106,0.35889405
10677,HLA-A*68:23,esm2_mean,locus,0,1.0,13696,0.09531017980432487,0.3187704
10678,HLA-A*66:01,esm2_mean,locus,0,1.0,13696,0.26236426446749106,0.82155913
10685,HLA-A*02:01,esm2_mean,locus,0,1.0,13696,2.355177543113216,1.8180135
10686,HLA-A*02:03,esm2_mean,locus,0,1.0,13696,4.028916756899646,1.6367943
10688,HLA-A*31:01,esm2_mean,locus,0,1.0,13696,0.5877866649021191,1.0331984
10689,HLA-A*68:01,esm2_mean,locus,0,1.0,13696,3.720862499966987,1.929729
10691,HLA-A*43:01,esm2_mean,locus,0,1.0,13696,0.4700036292457355,0.9753263
10692,HLA-A*43:01,esm2_mean,locus,0,1.0,13696,2.8507065015037334,1.1303524
10693,HLA-A*25:01,esm2_mean,locus,0,1.0,13696,0.7884573603642702,0.6326348
10694,HLA-A*26:03,esm2_mean,locus,0,1.0,13696,0.4054651081081644,0.5740125
10696,HLA-A*30:01,esm2_mean,locus,0,1.0,13696,0.0,1.0788108
10699,HLA-A*11:01,esm2_mean,locus,0,1.0,13696,2.3513752571634776,1.1783031
10700,HLA-A*74:01,esm2_mean,locus,0,1.0,13696,0.9932517730102833,0.8407108
10702,HLA-A*43:01,esm2_mean,locus,0,1.0,13696,0.26236426446749106,0.9066667
10703,HLA-A*24:03,esm2_mean,locus,0,1.0,13696,0.26236426446749106,0.48838815
10704,HLA-A*29:02,esm2_mean,locus,0,1.0,13696,0.18232155679395465,1.6960902
10705,HLA-A*02:19,esm2_mean,locus,0,1.0,13696,0.5877866649021191,1.543704
10706,HLA-A*80:01,esm2_mean,locus,0,1.0,13696,0.5306282510621704,0.11653048
10707,HLA-A*68:23,esm2_mean,locus,0,1.0,13696,0.0,0.7759168
10708,HLA-A*02:12,esm2_mean,locus,0,1.0,13696,0.6418538861723948,1.3875735
10709,HLA-A*02:12,esm2_mean,locus,0,1.0,13696,2.4849066497880004,1.1441187
10710,HLA-A*03:01,esm2_mean,locus,0,1.0,13696,0.18232155679395465,1.8855304
10716,HLA-A*02:12,esm2_mean,locus,0,1.0,13696,2.1400661634962708,1.4274145
10717,HLA-A*02:50,esm2_mean,locus,0,1.0,13696,0.6418538861723948,1.7503624
10720,HLA-A*23:01,esm2_mean,locus,0,1.0,13696,0.4700036292457355,0.8094896
10721,HLA-A*03:01,esm2_mean,locus,0,1.0,13696,2.928523523860541,1.927593
10726,HLA-A*68:23,esm2_mean,locus,0,1.0,13696,0.18232155679395465,0.32888228
10727,HLA-A*26:03,esm2_mean,locus,0,1.0,13696,0.7884573603642702,0.77336067
10729,HLA-A*02:11,esm2_mean,locus,0,1.0,13696,2.0918640616783932,1.085528
10730,HLA-A*24:02,esm2_mean,locus,0,1.0,13696,0.33647223662121295,0.8723041
10734,HLA-A*80:01,esm2_mean,locus,0,1.0,13696,0.0,-0.091545284
10737,HLA-A*30:01,esm2_mean,locus,0,1.0,13696,1.589235205116581,1.3069134
10738,HLA-A*66:01,esm2_mean,locus,0,1.0,13696,0.09531017980432487,0.7427021
10743,HLA-A*66:01,esm2_mean,locus,0,1.0,13696,0.5877866649021191,0.87580687
10747,HLA-A*43:01,esm2_mean,locus,0,1.0,13696,0.0,1.1025155
10748,HLA-A*29:02,esm2_mean,locus,0,1.0,13696,1.9315214116032138,1.89102
10750,HLA-A*24:02,esm2_mean,locus,0,1.0,13696,0.6931471805599453,0.6987
10751,HLA-A*02:50,esm2_mean,locus,0,1.0,13696,3.2188758248682006,1.8774519
10764,HLA-A*02:50,esm2_mean,locus,0,1.0,13696,2.791165107812717,1.6375864
10765,HLA-A*02:16,esm2_mean,locus,0,1.0,13696,2.4932054526026954,1.2481065
10766,HLA-A*30:01,esm2_mean,locus,0,1.0,13696,0.7419373447293773,1.2362473
10767,HLA-A*43:01,esm2_mean,locus,0,1.0,13696,0.0,1.099874
10768,HLA-A*43:01,esm2_mean,locus,0,1.0,13696,0.26236426446749106,0.9952452
10769,HLA-A*43:01,esm2_mean,locus,0,1.0,13696,0.26236426446749106,0.8068217
10775,HLA-A*25:01,esm2_mean,locus,0,1.0,13696,0.26236426446749106,0.4424042
10776,HLA-A*02:01,esm2_mean,locus,0,1.0,13696,1.5686159179138452,1.7556968
10778,HLA-A*31:01,esm2_mean,locus,0,1.0,13696,3.9435216724875173,1.3990493
10784,HLA-A*43:01,esm2_mean,locus,0,1.0,13696,0.26236426446749106,0.8261833
10785,HLA-A*23:01,esm2_mean,locus,0,1.0,13696,0.18232155679395465,0.82977885
10786,HLA-A*24:19,esm2_mean,locus,0,1.0,13696,0.09531017980432487,0.13913226
10795,HLA-A*30:02,esm2_mean,locus,0,1.0,13696,0.0,1.0129173
10803,HLA-A*02:03,esm2_mean,locus,0,1.0,13696,0.6418538861723948,0.9502943
10808,HLA-A*02:11,esm2_mean,locus,0,1.0,13696,0.6931471805599453,1.5291138
10809,HLA-A*02:16,esm2_mean,locus,0,1.0,13696,3.8543938925915096,1.001397
10811,HLA-A*02:05,esm2_mean,locus,0,1.0,13696,2.1633230256605382,2.126472
10812,HLA-A*02:10,esm2_mean,locus,0,1.0,13696,4.128745988939433,0.7971171
10814,HLA-A*68:23,esm2_mean,locus,0,1.0,13696,0.0,0.32029945
10815,HLA-A*24:02,esm2_mean,locus,0,1.0,13696,0.7419373447293773,0.88116264
10816,HLA-A*02:16,esm2_mean,locus,0,1.0,13696,1.5686159179138452,1.2291383
10817,HLA-A*33:03,esm2_mean,locus,0,1.0,13696,0.0,0.962141
10821,HLA-A*02:12,esm2_mean,locus,0,1.0,13696,3.648057459593681,1.5657258
10823,HLA-A*23:01,esm2_mean,locus,0,1.0,13696,1.8870696490323797,0.9857748
10824,HLA-A*01:01,esm2_mean,locus,0,1.0,13696,0.0,0.81853586
10825,HLA-A*02:12,esm2_mean,locus,0,1.0,13696,2.0412203288596382,1.0406568
10829,HLA-A*31:01,esm2_mean,locus,0,1.0,13696,4.146304301152812,1.0350091
10834,HLA-A*02:19,esm2_mean,locus,0,1.0,13696,0.0,1.4004266
10835,HLA-A*80:01,esm2_mean,locus,0,1.0,13696,0.7884573603642702,-0.13292724
10842,HLA-A*25:01,esm2_mean,locus,0,1.0,13696,0.0,0.40897244
10845,HLA-A*24:02,esm2_mean,locus,0,1.0,13696,0.09531017980432487,0.6692196
10846,HLA-A*02:12,esm2_mean,locus,0,1.0,13696,2.6461747973841225,1.1527381
10847,HLA-A*03:01,esm2_mean,locus,0,1.0,13696,0.0,2.214024
10848,HLA-A*25:01,esm2_mean,locus,0,1.0,13696,2.151762203259462,0.6036873
10849,HLA-A*26:02,esm2_mean,locus,0,1.0,13696,1.3609765531356006,0.14957058
10852,HLA-A*30:01,esm2_mean,locus,0,1.0,13696,0.9555114450274363,1.726995
10857,HLA-A*26:03,esm2_mean,locus,0,1.0,13696,3.6375861597263857,0.827454
10858,HLA-A*30:01,esm2_mean,locus,0,1.0,13696,0.0,1.3709652
10860,HLA-A*66:01,esm2_mean,locus,0,1.0,13696,0.6931471805599453,0.68873733
10861,HLA-A*02:03,esm2_mean,locus,0,1.0,13696,0.6418538861723948,1.4277503
10862,HLA-A*33:03,esm2_mean,locus,0,1.0,13696,0.0,0.9825222
10864,HLA-A*66:01,esm2_mean,locus,0,1.0,13696,0.0,0.9435719
10866,HLA-A*43:01,esm2_mean,locus,0,1.0,13696,0.18232155679395465,1.0951082
10869,HLA-A*26:03,esm2_mean,locus,0,1.0,13696,0.9162907318741551,0.6134758
10870,HLA-A*68:01,esm2_mean,locus,0,1.0,13696,1.7578579175523736,2.1466784
10871,HLA-A*74:01,esm2_mean,locus,0,1.0,13696,1.5040773967762742,1.0157051
10872,HLA-A*74:01,esm2_mean,locus,0,1.0,13696,1.1631508098056809,1.0967201
10873,HLA-A*24:03,esm2_mean,locus,0,1.0,13696,3.66612246699132,0.6230912
10874,HLA-A*03:01,esm2_mean,locus,0,1.0,13696,0.0,1.9743056
10875,HLA-A*25:01,esm2_mean,locus,0,1.0,13696,0.4700036292457355,0.5263088
10876,HLA-A*02:10,esm2_mean,locus,0,1.0,13696,0.4054651081081644,0.61450315
10877,HLA-A*68:01,esm2_mean,locus,0,1.0,13696,2.0149030205422647,1.7629442
10880,HLA-A*02:01,esm2_mean,locus,0,1.0,13696,1.5789787049493917,1.8755807
10883,HLA-A*80:01,esm2_mean,locus,0,1.0,13696,0.0,0.23272079
10884,HLA-A*68:23,esm2_mean,locus,0,1.0,13696,1.5040773967762742,0.47889894
10886,HLA-A*02:10,esm2_mean,locus,0,1.0,13696,0.0,0.68070006
10890,HLA-A*24:07,esm2_mean,locus,0,1.0,13696,1.8082887711792655,0.788787
10891,HLA-A*26:02,esm2_mean,locus,0,1.0,13696,2.5572273113676265,0.07842219
10893,HLA-A*02:03,esm2_mean,locus,0,1.0,13696,3.676300671907076,1.1055901
10894,HLA-A*11:01,esm2_mean,locus,0,1.0,13696,0.0,1.3430173
10898,HLA-A*02:16,esm2_mean,locus,0,1.0,13696,0.9555114450274363,1.2114093
10899,HLA-A*02:19,esm2_mean,locus,0,1.0,13696,1.4816045409242156,1.477165
10900,HLA-A*33:03,esm2_mean,locus,0,1.0,13696,0.26236426446749106,1.2401688
10906,HLA-A*02:10,esm2_mean,locus,0,1.0,13696,0.33647223662121295,0.7967019
10907,HLA-A*02:10,esm2_mean,locus,0,1.0,13696,1.589235205116581,0.4827127
10909,HLA-A*30:02,esm2_mean,locus,0,1.0,13696,0.6418538861723948,1.1914384
10910,HLA-A*23:01,esm2_mean,locus,0,1.0,13696,0.33647223662121295,0.9090502
10912,HLA-A*02:03,esm2_mean,locus,0,1.0,13696,2.785011242238338,1.6916964
10913,HLA-A*30:01,esm2_mean,locus,0,1.0,13696,0.0,1.6470814
10914,HLA-A*68:01,esm2_mean,locus,0,1.0,13696,3.3568971227655755,1.6663253
10915,HLA-A*11:01,esm2_mean,locus,0,1.0,13696,0.5306282510621704,1.2071285
10919,HLA-A*24:03,esm2_mean,locus,0,1.0,13696,0.9555114450274363,0.38347793
10920,HLA-A*24:07,esm2_mean,locus,0,1.0,13696,1.1631508098056809,0.7480223
10923,HLA-A*23:01,esm2_mean,locus,0,1.0,13696,3.414442608412176,0.42915833
10925,HLA-A*66:01,esm2_mean,locus,0,1.0,13696,0.0,1.0285987
10927,HLA-A*02:12,esm2_mean,locus,0,1.0,13696,2.8154087194227095,1.0797501
10928,HLA-A*33:03,esm2_mean,locus,0,1.0,13696,0.6418538861723948,0.8885873
10929,HLA-A*11:01,esm2_mean,locus,0,1.0,13696,3.9454577815143836,1.3635919
10930,HLA-A*74:01,esm2_mean,locus,0,1.0,13696,0.4700036292457355,0.6293546
10931,HLA-A*02:19,esm2_mean,locus,0,1.0,13696,2.468099531471619,1.7986176
10937,HLA-A*74:01,esm2_mean,locus,0,1.0,13696,2.884800712846709,0.68118554
10938,HLA-A*74:01,esm2_mean,locus,0,1.0,13696,0.7884573603642702,0.41827577
10941,HLA-A*02:11,esm2_mean,locus,0,1.0,13696,3.1780538303479458,1.3268884
10942,HLA-A*33:03,esm2_mean,locus,0,1.0,13696,4.056988775678332,1.1368726
10950,HLA-A*43:01,esm2_mean,locus,0,1.0,13696,0.26236426446749106,0.6740732
10958,HLA-A*02:16,esm2_mean,locus,0,1.0,13696,3.417726683613366,1.3666451
10959,HLA-A*30:01,esm2_mean,locus,0,1.0,13696,0.0,1.2732449
10960,HLA-A*30:01,esm2_mean,locus,0,1.0,13696,3.5553480614894135,1.4685488
10964,HLA-A*66:01,esm2_mean,locus,0,1.0,13696,0.33647223662121295,0.38566297
10965,HLA-A*68:23,esm2_mean,locus,0,1.0,13696,0.6418538861723948,0.6975981
10967,HLA-A*02:10,esm2_mean,locus,0,1.0,13696,0.4054651081081644,0.7805988
10968,HLA-A*02:50,esm2_mean,locus,0,1.0,13696,2.3608540011180215,1.6553717
10969,HLA-A*68:01,esm2_mean,locus,0,1.0,13696,0.0,1.6081433
10972,HLA-A*29:02,esm2_mean,locus,0,1.0,13696,1.667706820558076,1.1833333
10973,HLA-A*32:07,esm2_mean,locus,0,1.0,13696,0.0,0.48921874
10974,HLA-A*25:01,esm2_mean,locus,0,1.0,13696,1.3862943611198906,0.41555327
10976,HLA-A*02:03,esm2_mean,locus,0,1.0,13696,1.3862943611198906,1.0789461
10977,HLA-A*02:19,esm2_mean,locus,0,1.0,13696,3.4339872044851463,1.6365283
10978,HLA-A*68:01,esm2_mean,locus,0,1.0,13696,0.0,1.796952
10979,HLA-A*74:01,esm2_mean,locus,0,1.0,13696,0.5877866649021191,0.7948741
10987,HLA-A*26:03,esm2_mean,locus,0,1.0,13696,0.7419373447293773,0.8543179
10988,HLA-A*24:02,esm2_mean,locus,0,1.0,13696,2.379546134130174,0.93293667
10989,HLA-A*02:19,esm2_mean,locus,0,1.0,13696,2.5572273113676265,1.7821958
10990,HLA-A*30:01,esm2_mean,locus,0,1.0,13696,0.0,1.3239439
10993,HLA-A*24:07,esm2_mean,locus,0,1.0,13696,0.8754687373538999,0.59331894
10995,HLA-A*02:03,esm2_mean,locus,0,1.0,13696,1.5040773967762742,1.6175463
10997,HLA-A*29:02,esm2_mean,locus,0,1.0,13696,3.2809112157876537,1.4615381
10998,HLA-A*29:02,esm2_mean,locus,0,1.0,13696,3.169685580677429,1.3728473
10999,HLA-A*80:01,esm2_mean,locus,0,1.0,13696,0.33647223662121295,0.1932357
11001,HLA-A*68:23,esm2_mean,locus,0,1.0,13696,0.33647223662121295,0.39948863
11002,HLA-A*02:19,esm2_mean,locus,0,1.0,13696,3.1822118404966093,1.7902575
11003,HLA-A*33:03,esm2_mean,locus,0,1.0,13696,0.0,1.371909
11006,HLA-A*26:02,esm2_mean,locus,0,1.0,13696,0.09531017980432487,-0.27844638
11007,HLA-A*66:01,esm2_mean,locus,0,1.0,13696,0.0,0.84596604
11009,HLA-A*02:01,esm2_mean,locus,0,1.0,13696,0.4382549309311553,1.7975502
11014,HLA-A*80:01,esm2_mean,locus,0,1.0,13696,0.0,0.026911259
11015,HLA-A*02:03,esm2_mean,locus,0,1.0,13696,2.791165107812717,1.0951102
11018,HLA-A*68:01,esm2_mean,locus,0,1.0,13696,0.0,1.6805279
11022,HLA-A*29:02,esm2_mean,locus,0,1.0,13696,1.0647107369924282,1.7533187
11024,HLA-A*02:16,esm2_mean,locus,0,1.0,13696,3.2068032436339315,1.4058928
11029,HLA-A*02:19,esm2_mean,locus,0,1.0,13696,1.824549292051046,1.5440625
11031,HLA-A*29:02,esm2_mean,locus,0,1.0,13696,0.26236426446749106,1.6604261
11032,HLA-A*66:01,esm2_mean,locus,0,1.0,13696,0.0,1.1122283
11034,HLA-A*02:10,esm2_mean,locus,0,1.0,13696,0.33647223662121295,0.77850235
11035,HLA-A*02:16,esm2_mean,locus,0,1.0,13696,0.7884573603642702,1.3694798
11039,HLA-A*24:19,esm2_mean,locus,0,1.0,13696,0.18232155679395465,0.122592986
11041,HLA-A*30:01,esm2_mean,locus,0,1.0,13696,0.5306282510621704,1.862119
11042,HLA-A*29:02,esm2_mean,locus,0,1.0,13696,2.3608540011180215,1.43438
11045,HLA-A*66:01,esm2_mean,locus,0,1.0,13696,1.840549633397487,0.7579018
11046,HLA-A*66:01,esm2_mean,locus,0,1.0,13696,0.18232155679395465,0.5760838
11047,HLA-A*02:19,esm2_mean,locus,0,1.0,13696,0.6931471805599453,1.3032368
11048,HLA-A*30:01,esm2_mean,locus,0,1.0,13696,3.1179499062782403,1.447968
11049,HLA-A*74:01,esm2_mean,locus,0,1.0,13696,0.0,0.10223919
11051,HLA-A*30:02,esm2_mean,locus,0,1.0,13696,0.4054651081081644,0.6787978
11052,HLA-A*66:01,esm2_mean,locus,0,1.0,13696,0.18232155679395465,0.8143072
11055,HLA-A*24:02,esm2_mean,locus,0,1.0,13696,0.5306282510621704,0.6510898
11056,HLA-A*24:02,esm2_mean,locus,0,1.0,13696,0.4700036292457355,0.77594995
11059,HLA-A*29:02,esm2_mean,locus,0,1.0,13696,2.1972245773362196,1.8359495
11060,HLA-A*30:01,esm2_mean,locus,0,1.0,13696,0.8754687373538999,1.7643442
11063,HLA-A*32:07,esm2_mean,locus,0,1.0,13696,1.7404661748405046,1.0610805
11066,HLA-A*25:01,esm2_mean,locus,0,1.0,13696,0.4054651081081644,0.41343588
11068,HLA-A*02:11,esm2_mean,locus,0,1.0,13696,1.6094379124341003,1.2364664
11070,HLA-A*24:03,esm2_mean,locus,0,1.0,13696,0.4054651081081644,0.7072657
11072,HLA-A*02:50,esm2_mean,locus,0,1.0,13696,2.797281334830153,1.7624118
11073,HLA-A*74:01,esm2_mean,locus,0,1.0,13696,0.0,0.84973747
11074,HLA-A*30:02,esm2_mean,locus,0,1.0,13696,0.832909122935104,1.0080252
11075,HLA-A*24:02,esm2_mean,locus,0,1.0,13696,0.18232155679395465,0.8080038
11077,HLA-A*25:01,esm2_mean,locus,0,1.0,13696,0.26236426446749106,0.49067682
11079,HLA-A*68:01,esm2_mean,locus,0,1.0,13696,1.0296194171811583,1.7754853
11084,HLA-A*02:12,esm2_mean,locus,0,1.0,13696,3.66612246699132,1.1322693
11085,HLA-A*02:16,esm2_mean,locus,0,1.0,13696,3.8199077165203406,1.6541367
11086,HLA-A*02:16,esm2_mean,locus,0,1.0,13696,0.0,1.135206
11087,HLA-A*30:01,esm2_mean,locus,0,1.0,13696,0.0,1.2567247
11088,HLA-A*68:01,esm2_mean,locus,0,1.0,13696,0.0,1.7240223
11089,HLA-A*24:07,esm2_mean,locus,0,1.0,13696,1.6863989535702288,0.56090146
11091,HLA-A*02:16,esm2_mean,locus,0,1.0,13696,2.8213788864092133,1.4363929
11092,HLA-A*23:01,esm2_mean,locus,0,1.0,13696,0.7884573603642702,0.57150143
11093,HLA-A*25:01,esm2_mean,locus,0,1.0,13696,0.0,0.65386814
11095,HLA-A*02:19,esm2_mean,locus,0,1.0,13696,0.9932517730102833,1.6419833
11096,HLA-A*11:01,esm2_mean,locus,0,1.0,13696,0.18232155679395465,1.3551958
11097,HLA-A*30:02,esm2_mean,locus,0,1.0,13696,0.18232155679395465,0.55841964
11098,HLA-A*24:02,esm2_mean,locus,0,1.0,13696,0.4054651081081644,0.95366067
11099,HLA-A*02:03,esm2_mean,locus,0,1.0,13696,0.7884573603642702,1.3087242
11100,HLA-A*68:01,esm2_mean,locus,0,1.0,13696,0.18232155679395465,1.8375947
11101,HLA-A*68:01,esm2_mean,locus,0,1.0,13696,2.617395832834079,1.6484041
11102,HLA-A*11:01,esm2_mean,locus,0,1.0,13696,0.6418538861723948,1.7025954
11104,HLA-A*68:23,esm2_mean,locus,0,1.0,13696,0.09531017980432487,0.35033095
11106,HLA-A*02:50,esm2_mean,locus,0,1.0,13696,0.9932517730102833,1.6260599
11107,HLA-A*02:16,esm2_mean,locus,0,1.0,13696,3.0349529867072724,1.2231805
11108,HLA-A*29:02,esm2_mean,locus,0,1.0,13696,0.4054651081081644,1.7113924
11109,HLA-A*80:01,esm2_mean,locus,0,1.0,13696,0.0,0.11433649
11110,HLA-A*23:01,esm2_mean,locus,0,1.0,13696,0.18232155679395465,0.91833246
11114,HLA-A*24:02,esm2_mean,locus,0,1.0,13696,2.5416019934645457,0.868566
11115,HLA-A*30:01,esm2_mean,locus,0,1.0,13696,0.0,0.90944695
11117,HLA-A*23:01,esm2_mean,locus,0,1.0,13696,2.341805806147327,0.7508874
11118,HLA-A*02:12,esm2_mean,locus,0,1.0,13696,3.520460802488973,0.9497216
11120,HLA-A*30:02,esm2_mean,locus,0,1.0,13696,0.832909122935104,0.62617123
11121,HLA-A*23:01,esm2_mean,locus,0,1.0,13696,3.5115454388310208,1.1194415
11122,HLA-A*24:19,esm2_mean,locus,0,1.0,13696,0.0,0.21069509
11123,HLA-A*33:03,esm2_mean,locus,0,1.0,13696,0.5306282510621704,0.90480316
11124,HLA-A*24:19,esm2_mean,locus,0,1.0,13696,0.4054651081081644,0.19972843
11125,HLA-A*02:03,esm2_mean,locus,0,1.0,13696,2.4159137783010487,1.516777
11126,HLA-A*02:16,esm2_mean,locus,0,1.0,13696,2.6602595372658615,1.4987321
11129,HLA-A*30:01,esm2_mean,locus,0,1.0,13696,0.6418538861723948,1.735486
11130,HLA-A*30:02,esm2_mean,locus,0,1.0,13696,1.1314021114911006,0.8257942
11131,HLA-A*24:07,esm2_mean,locus,0,1.0,13696,0.8754687373538999,1.0546619
11132,HLA-A*24:07,esm2_mean,locus,0,1.0,13696,0.7884573603642702,0.54144216
11133,HLA-A*02:10,esm2_mean,locus,0,1.0,13696,0.4054651081081644,0.685033
11134,HLA-A*02:12,esm2_mean,locus,0,1.0,13696,3.254242968705492,1.0983827
11135,HLA-A*02:50,esm2_mean,locus,0,1.0,13696,0.6931471805599453,2.0059288
11136,HLA-A*30:01,esm2_mean,locus,0,1.0,13696,0.0,1.1122875
11139,HLA-A*02:01,esm2_mean,locus,0,1.0,13696,1.62924053973028,1.7753983
11140,HLA-A*02:03,esm2_mean,locus,0,1.0,13696,4.151039905898646,1.5867002
11141,HLA-A*02:12,esm2_mean,locus,0,1.0,13696,1.5260563034950494,0.80679244
11146,HLA-A*02:11,esm2_mean,locus,0,1.0,13696,2.9444389791664403,1.3509538
11149,HLA-A*32:07,esm2_mean,locus,0,1.0,13696,0.0,0.5554323
11158,HLA-A*68:23,esm2_mean,locus,0,1.0,13696,0.0,0.13011843
11162,HLA-A*43:01,esm2_mean,locus,0,1.0,13696,0.18232155679395465,0.86548746
11163,HLA-A*25:01,esm2_mean,locus,0,1.0,13696,2.9391619220655967,0.47411335
11167,HLA-A*32:07,esm2_mean,locus,0,1.0,13696,0.33647223662121295,0.6804912
11172,HLA-A*31:01,esm2_mean,locus,0,1.0,13696,0.0,0.95057935
11173,HLA-A*11:01,esm2_mean,locus,0,1.0,13696,0.09531017980432487,1.2175728
11174,HLA-A*74:01,esm2_mean,locus,0,1.0,13696,3.459466289786131,0.9170611
11177,HLA-A*24:02,esm2_mean,locus,0,1.0,13696,1.4586150226995167,1.0919075
11178,HLA-A*74:01,esm2_mean,locus,0,1.0,13696,0.0,0.534098
11179,HLA-A*03:01,esm2_mean,locus,0,1.0,13696,0.0,1.7452316
11181,HLA-A*30:01,esm2_mean,locus,0,1.0,13696,0.0,1.4807119
11186,HLA-A*24:07,esm2_mean,locus,0,1.0,13696,0.9162907318741551,0.6892786
11187,HLA-A*26:02,esm2_mean,locus,0,1.0,13696,0.0,0.0527969
11191,HLA-A*30:02,esm2_mean,locus,0,1.0,13696,0.33647223662121295,0.91749704
11195,HLA-A*02:03,esm2_mean,locus,0,1.0,13696,3.8308129500026027,1.4519523
11198,HLA-A*30:01,esm2_mean,locus,0,1.0,13696,0.7884573603642702,1.444328
11199,HLA-A*33:03,esm2_mean,locus,0,1.0,13696,1.1314021114911006,1.2281749
11200,HLA-A*33:03,esm2_mean,locus,0,1.0,13696,0.0,1.180166
11203,HLA-A*43:01,esm2_mean,locus,0,1.0,13696,1.3609765531356006,1.0653701
11204,HLA-A*26:03,esm2_mean,locus,0,1.0,13696,0.5877866649021191,0.7844161
11212,HLA-A*24:19,esm2_mean,locus,0,1.0,13696,0.09531017980432487,0.055216253
11214,HLA-A*32:07,esm2_mean,locus,0,1.0,13696,3.5322256440685598,0.90124017
11215,HLA-A*02:16,esm2_mean,locus,0,1.0,13696,3.380994674344636,1.6955712
11221,HLA-A*24:07,esm2_mean,locus,0,1.0,13696,0.4054651081081644,0.27296466
11222,HLA-A*26:03,esm2_mean,locus,0,1.0,13696,1.7749523509116738,0.6412361
11224,HLA-A*24:02,esm2_mean,locus,0,1.0,13696,2.9806186357439426,0.9967295
11232,HLA-A*24:07,esm2_mean,locus,0,1.0,13696,0.18232155679395465,1.0007381
11233,HLA-A*66:01,esm2_mean,locus,0,1.0,13696,0.0,0.8381711
11237,HLA-A*32:07,esm2_mean,locus,0,1.0,13696,3.8155121050473024,0.05412239
11239,HLA-A*02:10,esm2_mean,locus,0,1.0,13696,0.5306282510621704,0.72821385
11243,HLA-A*43:01,esm2_mean,locus,0,1.0,13696,0.26236426446749106,1.0491817
11244,HLA-A*24:19,esm2_mean,locus,0,1.0,13696,0.5877866649021191,0.0064173937
11245,HLA-A*24:19,esm2_mean,locus,0,1.0,13696,0.26236426446749106,0.274203
11246,HLA-A*24:07,esm2_mean,locus,0,1.0,13696,0.33647223662121295,0.74091196
11247,HLA-A*25:01,esm2_mean,locus,0,1.0,13696,1.547562508716013,0.49743557
11248,HLA-A*66:01,esm2_mean,locus,0,1.0,13696,0.26236426446749106,0.5229673
11259,HLA-A*24:03,esm2_mean,locus,0,1.0,13696,0.5877866649021191,0.744554
11264,HLA-A*24:02,esm2_mean,locus,0,1.0,13696,3.261935314328648,1.011621
11266,HLA-A*43:01,esm2_mean,locus,0,1.0,13696,0.5306282510621704,0.8350613
11271,HLA-A*24:19,esm2_mean,locus,0,1.0,13696,0.18232155679395465,0.43649358
11272,HLA-A*24:07,esm2_mean,locus,0,1.0,13696,3.7864597824528,0.8213439
11273,HLA-A*66:01,esm2_mean,locus,0,1.0,13696,0.26236426446749106,0.7026267
11276,HLA-A*68:23,esm2_mean,locus,0,1.0,13696,0.18232155679395465,0.40612876
11277,HLA-A*26:03,esm2_mean,locus,0,1.0,13696,1.667706820558076,0.5344109
11280,HLA-A*02:03,esm2_mean,locus,0,1.0,13696,3.169685580677429,1.4171646
11283,HLA-A*26:03,esm2_mean,locus,0,1.0,13696,0.4054651081081644,0.60302186
11286,HLA-A*24:02,esm2_mean,locus,0,1.0,13696,0.9555114450274363,0.8981316
11289,HLA-A*26:03,esm2_mean,locus,0,1.0,13696,0.5306282510621704,0.8476963
11292,HLA-A*02:19,esm2_mean,locus,0,1.0,13696,0.9555114450274363,1.4934713
11296,HLA-A*32:07,esm2_mean,locus,0,1.0,13696,0.0,0.38430864
11300,HLA-A*02:50,esm2_mean,locus,0,1.0,13696,2.0149030205422647,2.238068
11301,HLA-A*02:16,esm2_mean,locus,0,1.0,13696,3.4719664525503626,1.2735386
11302,HLA-A*02:16,esm2_mean,locus,0,1.0,13696,3.169685580677429,1.6058877
11305,HLA-A*02:03,esm2_mean,locus,0,1.0,13696,3.7932394694381792,1.5170839
11306,HLA-A*11:01,esm2_mean,locus,0,1.0,13696,0.9162907318741551,1.298238
11310,HLA-A*43:01,esm2_mean,locus,0,1.0,13696,0.0,1.105135
11311,HLA-A*32:07,esm2_mean,locus,0,1.0,13696,0.9555114450274363,0.7410799
11312,HLA-A*25:01,esm2_mean,locus,0,1.0,13696,0.18232155679395465,0.5654524
11314,HLA-A*02:50,esm2_mean,locus,0,1.0,13696,2.5877640352277083,1.9348449
11316,HLA-A*23:01,esm2_mean,locus,0,1.0,13696,2.302585092994046,0.99877286
11317,HLA-A*25:01,esm2_mean,locus,0,1.0,13696,0.4054651081081644,0.40496272
11318,HLA-A*66:01,esm2_mean,locus,0,1.0,13696,0.0,0.76452476
11319,HLA-A*30:01,esm2_mean,locus,0,1.0,13696,0.26236426446749106,1.3367714
11320,HLA-A*74:01,esm2_mean,locus,0,1.0,13696,0.9932517730102833,0.61901915
11321,HLA-A*66:01,esm2_mean,locus,0,1.0,13696,0.18232155679395465,1.0774453
11322,HLA-A*02:03,esm2_mean,locus,0,1.0,13696,4.00369019395397,1.5647213
11323,HLA-A*02:10,esm2_mean,locus,0,1.0,13696,0.5877866649021191,0.8472096
11324,HLA-A*80:01,esm2_mean,locus,0,1.0,13696,1.0296194171811583,-0.44282824
11325,HLA-A*25:01,esm2_mean,locus,0,1.0,13696,0.0,0.76579726
11331,HLA-A*02:12,esm2_mean,locus,0,1.0,13696,0.4700036292457355,0.98999786
11332,HLA-A*68:01,esm2_mean,locus,0,1.0,13696,0.4054651081081644,1.8520484
11336,HLA-A*24:19,esm2_mean,locus,0,1.0,13696,0.0,0.30820793
11338,HLA-A*24:03,esm2_mean,locus,0,1.0,13696,0.8754687373538999,0.9025633
11339,HLA-A*02:10,esm2_mean,locus,0,1.0,13696,3.091042453358316,0.7030441
11340,HLA-A*02:12,esm2_mean,locus,0,1.0,13696,2.186051276738094,1.001081
11342,HLA-A*29:02,esm2_mean,locus,0,1.0,13696,0.5306282510621704,1.802465
11343,HLA-A*30:02,esm2_mean,locus,0,1.0,13696,0.6931471805599453,1.0449077
11344,HLA-A*24:02,esm2_mean,locus,0,1.0,13696,0.26236426446749106,0.716045
11345,HLA-A*24:02,esm2_mean,locus,0,1.0,13696,0.33647223662121295,0.8868533
11346,HLA-A*24:07,esm2_mean,locus,0,1.0,13696,2.1972245773362196,0.32128882
11347,HLA-A*33:03,esm2_mean,locus,0,1.0,13696,0.0,1.2975682
11350,HLA-A*23:01,esm2_mean,locus,0,1.0,13696,2.6946271807700692,1.284122
11351,HLA-A*32:07,esm2_mean,locus,0,1.0,13696,0.09531017980432487,0.7605749
11353,HLA-A*02:11,esm2_mean,locus,0,1.0,13696,0.6418538861723948,1.4725859
11362,HLA-A*68:01,esm2_mean,locus,0,1.0,13696,0.5306282510621704,1.658772
11365,HLA-A*24:19,esm2_mean,locus,0,1.0,13696,0.0,0.047435105
11366,HLA-A*66:01,esm2_mean,locus,0,1.0,13696,0.9162907318741551,0.62335867
11369,HLA-A*68:23,esm2_mean,locus,0,1.0,13696,0.18232155679395465,0.4409908
11371,HLA-A*24:19,esm2_mean,locus,0,1.0,13696,0.26236426446749106,0.018132508
11372,HLA-A*29:02,esm2_mean,locus,0,1.0,13696,2.772588722239781,1.7654448
11373,HLA-A*02:10,esm2_mean,locus,0,1.0,13696,0.33647223662121295,0.9950657
11376,HLA-A*68:23,esm2_mean,locus,0,1.0,13696,0.0,0.43739426
11377,HLA-A*26:03,esm2_mean,locus,0,1.0,13696,0.0,0.565676
11378,HLA-A*29:02,esm2_mean,locus,0,1.0,13696,0.7884573603642702,1.4601092
11380,HLA-A*26:02,esm2_mean,locus,0,1.0,13696,0.6931471805599453,-0.06972319
11381,HLA-A*68:23,esm2_mean,locus,0,1.0,13696,0.0,0.83778036
11382,HLA-A*02:11,esm2_mean,locus,0,1.0,13696,2.2082744135228043,1.6474166
11383,HLA-A*30:01,esm2_mean,locus,0,1.0,13696,1.0647107369924282,0.9357037
11384,HLA-A*33:03,esm2_mean,locus,0,1.0,13696,0.0,1.3418605
11385,HLA-A*30:02,esm2_mean,locus,0,1.0,13696,0.4700036292457355,1.0517308
11386,HLA-A*68:23,esm2_mean,locus,0,1.0,13696,0.33647223662121295,0.6073809
11387,HLA-A*02:50,esm2_mean,locus,0,1.0,13696,1.1631508098056809,1.7324128
11388,HLA-A*03:01,esm2_mean,locus,0,1.0,13696,0.4054651081081644,1.7339314
11390,HLA-A*23:01,esm2_mean,locus,0,1.0,13696,0.832909122935104,0.7658889
11391,HLA-A*32:07,esm2_mean,locus,0,1.0,13696,1.5260563034950494,0.9282445
11393,HLA-A*68:01,esm2_mean,locus,0,1.0,13696,0.9162907318741551,1.405539
11398,HLA-A*30:02,esm2_mean,locus,0,1.0,13696,0.4054651081081644,0.93388987
11399,HLA-A*30:02,esm2_mean,locus,0,1.0,13696,0.26236426446749106,0.8685167
11402,HLA-A*11:01,esm2_mean,locus,0,1.0,13696,1.2237754316221157,1.3152268
11404,HLA-A*24:19,esm2_mean,locus,0,1.0,13696,0.5877866649021191,0.06557268
11406,HLA-A*03:01,esm2_mean,locus,0,1.0,13696,0.09531017980432487,1.5843647
11407,HLA-A*24:02,esm2_mean,locus,0,1.0,13696,0.6931471805599453,0.7703736
11410,HLA-A*30:02,esm2_mean,locus,0,1.0,13696,0.0,1.0728017
11411,HLA-A*25:01,esm2_mean,locus,0,1.0,13696,2.4932054526026954,0.46019512
11412,HLA-A*02:03,esm2_mean,locus,0,1.0,13696,2.2823823856765264,1.3336463
11413,HLA-A*02:03,esm2_mean,locus,0,1.0,13696,2.4069451083182885,1.237278
11417,HLA-A*66:01,esm2_mean,locus,0,1.0,13696,0.18232155679395465,0.9211306
11419,HLA-A*02:03,esm2_mean,locus,0,1.0,13696,3.1822118404966093,1.1443913
11420,HLA-A*74:01,esm2_mean,locus,0,1.0,13696,1.667706820558076,0.48772514
11423,HLA-A*32:07,esm2_mean,locus,0,1.0,13696,0.0,0.96160245
11424,HLA-A*24:19,esm2_mean,locus,0,1.0,13696,0.4700036292457355,0.23472863
11425,HLA-A*02:16,esm2_mean,locus,0,1.0,13696,2.517696472610991,1.6358751
11426,HLA-A*23:01,esm2_mean,locus,0,1.0,13696,0.9555114450274363,0.95071375
11427,HLA-A*68:23,esm2_mean,locus,0,1.0,13696,0.09531017980432487,0.60512435
11433,HLA-A*03:01,esm2_mean,locus,0,1.0,13696,0.4054651081081644,1.6359375
11434,HLA-A*31:01,esm2_mean,locus,0,1.0,13696,0.0,1.2274611
11435,HLA-A*11:01,esm2_mean,locus,0,1.0,13696,2.6461747973841225,1.2056316
11439,HLA-A*68:01,esm2_mean,locus,0,1.0,13696,2.4069451083182885,1.622593
11442,HLA-A*31:01,esm2_mean,locus,0,1.0,13696,4.929425238670713,1.3579624
11443,HLA-A*74:01,esm2_mean,locus,0,1.0,13696,0.0,0.6397182
11446,HLA-A*02:03,esm2_mean,locus,0,1.0,13696,1.9021075263969205,1.1430899
11447,HLA-A*02:50,esm2_mean,locus,0,1.0,13696,3.3463891451671604,1.7646754
11448,HLA-A*32:07,esm2_mean,locus,0,1.0,13696,0.4054651081081644,0.61320674
11449,HLA-A*32:07,esm2_mean,locus,0,1.0,13696,1.2809338454620642,0.8815921
11450,HLA-A*02:19,esm2_mean,locus,0,1.0,13696,1.840549633397487,1.3935744
11452,HLA-A*23:01,esm2_mean,locus,0,1.0,13696,3.258096538021482,0.7104815
11453,HLA-A*25:01,esm2_mean,locus,0,1.0,13696,0.9555114450274363,0.4136104
11454,HLA-A*32:01,esm2_mean,locus,0,1.0,13696,0.0,0.69407433
11455,HLA-A*33:03,esm2_mean,locus,0,1.0,13696,0.0,1.3936726
11456,HLA-A*25:01,esm2_mean,locus,0,1.0,13696,0.6418538861723948,0.5530756
11457,HLA-A*26:03,esm2_mean,locus,0,1.0,13696,0.18232155679395465,0.6695801
11459,HLA-A*68:02,esm2_mean,locus,0,1.0,13696,0.5877866649021191,1.1175878
11462,HLA-A*02:10,esm2_mean,locus,0,1.0,13696,2.8094026953624973,0.6682528
11463,HLA-A*02:19,esm2_mean,locus,0,1.0,13696,1.667706820558076,1.5993049
11465,HLA-A*03:01,esm2_mean,locus,0,1.0,13696,0.0,1.730979
11466,HLA-A*24:02,esm2_mean,locus,0,1.0,13696,0.6931471805599453,0.74975824
11467,HLA-A*74:01,esm2_mean,locus,0,1.0,13696,0.33647223662121295,0.49324846
11469,HLA-A*43:01,esm2_mean,locus,0,1.0,13696,0.4054651081081644,0.8576385
11470,HLA-A*80:01,esm2_mean,locus,0,1.0,13696,0.4054651081081644,0.1259647
11471,HLA-A*32:07,esm2_mean,locus,0,1.0,13696,2.0918640616783932,0.9278287
11475,HLA-A*33:03,esm2_mean,locus,0,1.0,13696,1.9600947840472698,1.1739143
11478,HLA-A*23:01,esm2_mean,locus,0,1.0,13696,4.0809215418899605,0.85899425
11486,HLA-A*24:07,esm2_mean,locus,0,1.0,13696,3.6712245188752153,0.8652242
11487,HLA-A*66:01,esm2_mean,locus,0,1.0,13696,0.26236426446749106,0.76814544
11488,HLA-A*24:02,esm2_mean,locus,0,1.0,13696,2.186051276738094,1.1573792
11489,HLA-A*02:03,esm2_mean,locus,0,1.0,13696,0.0,0.8431453
11490,HLA-A*24:03,esm2_mean,locus,0,1.0,13696,2.302585092994046,0.79924804
11492,HLA-A*02:11,esm2_mean,locus,0,1.0,13696,3.0301337002713233,1.3368275
11493,HLA-A*02:50,esm2_mean,locus,0,1.0,13696,3.0349529867072724,1.4948454
11496,HLA-A*23:01,esm2_mean,locus,0,1.0,13696,2.9496883350525844,0.69970465
11499,HLA-A*02:16,esm2_mean,locus,0,1.0,13696,3.4372078191851885,1.358403
11501,HLA-A*68:23,esm2_mean,locus,0,1.0,13696,0.18232155679395465,0.5571936
11502,HLA-A*30:01,esm2_mean,locus,0,1.0,13696,0.26236426446749106,1.4044403
11503,HLA-A*29:02,esm2_mean,locus,0,1.0,13696,0.33647223662121295,1.7680252
11506,HLA-A*24:19,esm2_mean,locus,0,1.0,13696,0.0,-0.04314798
11507,HLA-A*26:03,esm2_mean,locus,0,1.0,13696,0.09531017980432487,0.7334058
11510,HLA-A*24:19,esm2_mean,locus,0,1.0,13696,0.0,0.08953816
11514,HLA-A*02:19,esm2_mean,locus,0,1.0,13696,1.0296194171811583,1.6859984
11519,HLA-A*43:01,esm2_mean,locus,0,1.0,13696,1.1314021114911006,1.215543
11520,HLA-A*29:02,esm2_mean,locus,0,1.0,13696,0.832909122935104,1.6101526
11525,HLA-A*68:01,esm2_mean,locus,0,1.0,13696,0.6418538861723948,1.5383105
11534,HLA-A*03:01,esm2_mean,locus,0,1.0,13696,0.5877866649021191,2.1089547
11535,HLA-A*02:03,esm2_mean,locus,0,1.0,13696,2.533696813957432,1.1929086
11541,HLA-A*02:03,esm2_mean,locus,0,1.0,13696,1.6863989535702288,1.18604
11543,HLA-A*43:01,esm2_mean,locus,0,1.0,13696,0.0,0.95866185
11544,HLA-A*43:01,esm2_mean,locus,0,1.0,13696,1.33500106673234,0.8604125
11545,HLA-A*80:01,esm2_mean,locus,0,1.0,13696,0.0,0.07909316
11546,HLA-A*66:01,esm2_mean,locus,0,1.0,13696,0.33647223662121295,0.8250115
11550,HLA-A*24:07,esm2_mean,locus,0,1.0,13696,0.26236426446749106,0.97156686
11551,HLA-A*66:01,esm2_mean,locus,0,1.0,13696,0.0,0.54173994
11553,HLA-A*02:12,esm2_mean,locus,0,1.0,13696,3.4011973816621555,1.2950907
11554,HLA-A*80:01,esm2_mean,locus,0,1.0,13696,0.09531017980432487,-0.01377666
11556,HLA-A*24:07,esm2_mean,locus,0,1.0,13696,1.8870696490323797,0.6035955
11559,HLA-A*02:16,esm2_mean,locus,0,1.0,13696,1.9021075263969205,1.6524963
11560,HLA-A*02:19,esm2_mean,locus,0,1.0,13696,0.26236426446749106,1.3521199
11562,HLA-A*02:03,esm2_mean,locus,0,1.0,13696,0.4054651081081644,1.3191292
11564,HLA-A*30:02,esm2_mean,locus,0,1.0,13696,3.2809112157876537,1.0689981
11565,HLA-A*02:19,esm2_mean,locus,0,1.0,13696,2.2925347571405443,1.4954143
11569,HLA-A*30:02,esm2_mean,locus,0,1.0,13696,0.8754687373538999,0.8866589
11571,HLA-A*24:07,esm2_mean,locus,0,1.0,13696,2.2407096892759584,0.6290752
11573,HLA-A*30:02,esm2_mean,locus,0,1.0,13696,0.26236426446749106,0.87863034
11577,HLA-A*29:02,esm2_mean,locus,0,1.0,13696,0.5877866649021191,1.6090438
11578,HLA-A*24:19,esm2_mean,locus,0,1.0,13696,0.0,0.17261022
11579,HLA-A*66:01,esm2_mean,locus,0,1.0,13696,0.0,0.6730034
11582,HLA-A*68:01,esm2_mean,locus,0,1.0,13696,0.0,2.06903
11583,HLA-A*11:01,esm2_mean,locus,0,1.0,13696,1.9740810260220096,1.1364067
11586,HLA-A*24:07,esm2_mean,locus,0,1.0,13696,0.26236426446749106,0.6823643
11587,HLA-A*24:07,esm2_mean,locus,0,1.0,13696,2.9444389791664403,0.78602386
11589,HLA-A*02:01,esm2_mean,locus,0,1.0,13696,2.917770732084279,1.638967
11593,HLA-A*30:02,esm2_mean,locus,0,1.0,13696,0.18232155679395465,0.66290903
11594,HLA-A*24:03,esm2_mean,locus,0,1.0,13696,2.2082744135228043,0.5111021
11595,HLA-A*25:01,esm2_mean,locus,0,1.0,13696,1.9459101490553132,0.7009526
11598,HLA-A*02:50,esm2_mean,locus,0,1.0,13696,3.2108436531709366,1.4722006
11599,HLA-A*23:01,esm2_mean,locus,0,1.0,13696,3.8264651170664994,1.22459
11614,HLA-A*24:02,esm2_mean,locus,0,1.0,13696,3.6454498961866,0.9997319
11616,HLA-A*43:01,esm2_mean,locus,0,1.0,13696,0.6931471805599453,0.9026763
11623,HLA-A*43:01,esm2_mean,locus,0,1.0,13696,0.26236426446749106,0.8782296
11624,HLA-A*80:01,esm2_mean,locus,0,1.0,13696,0.6418538861723948,0.008220553
11626,HLA-A*68:01,esm2_mean,locus,0,1.0,13696,4.089332020398556,2.0764062
11628,HLA-A*68:23,esm2_mean,locus,0,1.0,13696,1.1631508098056809,0.40009254
11629,HLA-A*26:03,esm2_mean,locus,0,1.0,13696,0.5877866649021191,0.5879554
11630,HLA-A*24:02,esm2_mean,locus,0,1.0,13696,0.4700036292457355,0.4460317
11631,HLA-A*02:11,esm2_mean,locus,0,1.0,13696,1.0647107369924282,1.4744401
11632,HLA-A*74:01,esm2_mean,locus,0,1.0,13696,1.0986122886681098,0.8348172
11636,HLA-A*24:19,esm2_mean,locus,0,1.0,13696,0.09531017980432487,-0.030001938
11640,HLA-A*24:02,esm2_mean,locus,0,1.0,13696,2.174751721484161,0.6819124
11641,HLA-A*02:12,esm2_mean,locus,0,1.0,13696,3.139832617527748,1.1268158
11642,HLA-A*02:16,esm2_mean,locus,0,1.0,13696,2.72785282839839,1.249866
11643,HLA-A*31:01,esm2_mean,locus,0,1.0,13696,0.4054651081081644,1.1701133
11644,HLA-A*29:02,esm2_mean,locus,0,1.0,13696,1.4816045409242156,2.0032768
11646,HLA-A*02:03,esm2_mean,locus,0,1.0,13696,3.104586678466073,1.2992909
11647,HLA-A*74:01,esm2_mean,locus,0,1.0,13696,2.468099531471619,0.483985
11653,HLA-A*02:01,esm2_mean,locus,0,1.0,13696,0.6043159668533296,1.4538512
11656,HLA-A*02:16,esm2_mean,locus,0,1.0,13696,1.33500106673234,1.5213217
11665,HLA-A*29:02,esm2_mean,locus,0,1.0,13696,0.18232155679395465,1.9728932
11666,HLA-A*68:23,esm2_mean,locus,0,1.0,13696,0.0,0.70148236
11668,HLA-A*02:12,esm2_mean,locus,0,1.0,13696,2.1400661634962708,0.968773
11676,HLA-A*30:02,esm2_mean,locus,0,1.0,13696,0.5306282510621704,0.8465514
11678,HLA-A*03:01,esm2_mean,locus,0,1.0,13696,0.26236426446749106,1.8421512
11682,HLA-A*29:02,esm2_mean,locus,0,1.0,13696,0.7419373447293773,1.4048885
11683,HLA-A*32:07,esm2_mean,locus,0,1.0,13696,0.33647223662121295,0.60690296
11684,HLA-A*24:07,esm2_mean,locus,0,1.0,13696,3.1612467120315646,0.4786598
11688,HLA-A*43:01,esm2_mean,locus,0,1.0,13696,0.4054651081081644,1.1209582
11689,HLA-A*23:01,esm2_mean,locus,0,1.0,13696,1.6863989535702288,0.99364865
11696,HLA-A*80:01,esm2_mean,locus,0,1.0,13696,0.18232155679395465,0.34221286
11697,HLA-A*26:03,esm2_mean,locus,0,1.0,13696,0.26236426446749106,0.5649091
11699,HLA-A*02:16,esm2_mean,locus,0,1.0,13696,2.1972245773362196,1.4929988
11700,HLA-A*02:16,esm2_mean,locus,0,1.0,13696,3.104586678466073,1.3879976
11701,HLA-A*74:01,esm2_mean,locus,0,1.0,13696,0.0,0.50563943
11702,HLA-A*43:01,esm2_mean,locus,0,1.0,13696,0.4054651081081644,1.0013794
11706,HLA-A*02:19,esm2_mean,locus,0,1.0,13696,3.3568971227655755,1.8062077
11709,HLA-A*80:01,esm2_mean,locus,0,1.0,13696,0.26236426446749106,0.07783836
11711,HLA-A*68:23,esm2_mean,locus,0,1.0,13696,0.5877866649021191,0.45584822
11717,HLA-A*26:03,esm2_mean,locus,0,1.0,13696,0.0,0.6461202
11720,HLA-A*02:11,esm2_mean,locus,0,1.0,13696,2.0412203288596382,1.4478108
11721,HLA-A*31:01,esm2_mean,locus,0,1.0,13696,0.4054651081081644,1.0360949
11723,HLA-A*43:01,esm2_mean,locus,0,1.0,13696,0.33647223662121295,1.1110039
11724,HLA-A*25:01,esm2_mean,locus,0,1.0,13696,0.18232155679395465,0.4617645
11725,HLA-A*26:03,esm2_mean,locus,0,1.0,13696,0.0,0.81612235
11727,HLA-A*02:50,esm2_mean,locus,0,1.0,13696,3.1612467120315646,1.4887109
11728,HLA-A*32:07,esm2_mean,locus,0,1.0,13696,0.0,1.0906141
11729,HLA-A*26:02,esm2_mean,locus,0,1.0,13696,0.33647223662121295,-0.10272199
11730,HLA-A*68:23,esm2_mean,locus,0,1.0,13696,1.1939224684724346,0.57424045
11732,HLA-A*02:16,esm2_mean,locus,0,1.0,13696,3.1441522786722644,1.3108089
11733,HLA-A*30:01,esm2_mean,locus,0,1.0,13696,0.0,1.2327987
11735,HLA-A*29:02,esm2_mean,locus,0,1.0,13696,2.509599262378372,1.6613295
11736,HLA-A*29:02,esm2_mean,locus,0,1.0,13696,0.5306282510621704,1.5292771
11737,HLA-A*24:03,esm2_mean,locus,0,1.0,13696,3.832979798087693,1.0573184
11738,HLA-A*26:02,esm2_mean,locus,0,1.0,13696,2.0541237336955462,-0.2059117
11744,HLA-A*30:02,esm2_mean,locus,0,1.0,13696,0.26236426446749106,0.99794495
11745,HLA-A*66:01,esm2_mean,locus,0,1.0,13696,0.18232155679395465,0.793478
11746,HLA-A*30:01,esm2_mean,locus,0,1.0,13696,0.6931471805599453,1.611057
11747,HLA-A*68:01,esm2_mean,locus,0,1.0,13696,2.5572273113676265,1.5240879
11749,HLA-A*66:01,esm2_mean,locus,0,1.0,13696,0.26236426446749106,0.6686803
11752,HLA-A*68:01,esm2_mean,locus,0,1.0,13696,0.832909122935104,1.6465056
11753,HLA-A*68:01,esm2_mean,locus,0,1.0,13696,0.09531017980432487,1.797118
11755,HLA-A*30:02,esm2_mean,locus,0,1.0,13696,3.246490991901174,0.5952562
11756,HLA-A*32:07,esm2_mean,locus,0,1.0,13696,0.8754687373538999,0.7241626
11758,HLA-A*02:11,esm2_mean,locus,0,1.0,13696,3.2228678461377385,1.5127289
11760,HLA-A*02:05,esm2_mean,locus,0,1.0,13696,3.077312260546414,1.8829529
11764,HLA-A*02:11,esm2_mean,locus,0,1.0,13696,2.9601050959108397,1.5323925
11765,HLA-A*31:01,esm2_mean,locus,0,1.0,13696,0.26236426446749106,1.3113228
11767,HLA-A*30:02,esm2_mean,locus,0,1.0,13696,0.18232155679395465,0.15483516
11768,HLA-A*03:01,esm2_mean,locus,0,1.0,13696,0.33647223662121295,1.90808
11771,HLA-A*32:07,esm2_mean,locus,0,1.0,13696,0.26236426446749106,0.6666839
11772,HLA-A*66:01,esm2_mean,locus,0,1.0,13696,0.26236426446749106,0.77782714
11775,HLA-A*02:50,esm2_mean,locus,0,1.0,13696,2.0014800002101243,1.890121
11777,HLA-A*24:19,esm2_mean,locus,0,1.0,13696,0.0,0.07724768
11778,HLA-A*24:02,esm2_mean,locus,0,1.0,13696,1.33500106673234,1.2255272
11782,HLA-A*68:01,esm2_mean,locus,0,1.0,13696,0.0,1.4993882
11784,HLA-A*23:01,esm2_mean,locus,0,1.0,13696,3.349904087274605,0.64965
11785,HLA-A*02:50,esm2_mean,locus,0,1.0,13696,1.2237754316221157,1.9459577
11786,HLA-A*02:19,esm2_mean,locus,0,1.0,13696,2.785011242238338,1.382179
11791,HLA-A*24:02,esm2_mean,locus,0,1.0,13696,0.09531017980432487,0.76148075
11792,HLA-A*68:01,esm2_mean,locus,0,1.0,13696,0.0,1.6756158
11797,HLA-A*30:01,esm2_mean,locus,0,1.0,13696,1.9021075263969205,1.7129784
11803,HLA-A*25:01,esm2_mean,locus,0,1.0,13696,1.5260563034950494,0.5661124
11807,HLA-A*30:02,esm2_mean,locus,0,1.0,13696,1.252762968495368,0.7910228
11810,HLA-A*02:03,esm2_mean,locus,0,1.0,13696,1.3609765531356006,1.2204283
11811,HLA-A*02:16,esm2_mean,locus,0,1.0,13696,2.6741486494265287,1.3439959
11812,HLA-A*68:01,esm2_mean,locus,0,1.0,13696,0.7419373447293773,1.7710743
11814,HLA-A*29:02,esm2_mean,locus,0,1.0,13696,1.252762968495368,1.9085238
11815,HLA-A*23:01,esm2_mean,locus,0,1.0,13696,3.2386784521643803,0.6783729
11817,HLA-A*02:12,esm2_mean,locus,0,1.0,13696,2.5877640352277083,0.9734186
11820,HLA-A*03:01,esm2_mean,locus,0,1.0,13696,0.0,1.9448395
11821,HLA-A*02:10,esm2_mean,locus,0,1.0,13696,0.4054651081081644,0.80845445
11822,HLA-A*32:07,esm2_mean,locus,0,1.0,13696,0.5306282510621704,0.38759875
11823,HLA-A*02:19,esm2_mean,locus,0,1.0,13696,2.0794415416798357,1.3821723
11824,HLA-A*33:03,esm2_mean,locus,0,1.0,13696,3.6136169696133895,0.89208305
11825,HLA-A*33:03,esm2_mean,locus,0,1.0,13696,1.8082887711792655,0.8728601
11829,HLA-A*68:01,esm2_mean,locus,0,1.0,13696,0.9555114450274363,1.6654723
11831,HLA-A*80:01,esm2_mean,locus,0,1.0,13696,0.0,-0.045377076
11832,HLA-A*23:01,esm2_mean,locus,0,1.0,13696,3.32862668882732,0.71545875
11836,HLA-A*24:02,esm2_mean,locus,0,1.0,13696,0.22314355131420976,0.958513
11838,HLA-A*02:03,esm2_mean,locus,0,1.0,13696,2.70805020110221,1.3814592
11839,HLA-A*02:11,esm2_mean,locus,0,1.0,13696,1.8870696490323797,1.3207419
11842,HLA-A*43:01,esm2_mean,locus,0,1.0,13696,0.18232155679395465,1.1988766
11843,HLA-A*24:03,esm2_mean,locus,0,1.0,13696,2.379546134130174,0.6899568
11846,HLA-A*02:19,esm2_mean,locus,0,1.0,13696,3.214867803470662,1.3150363
11847,HLA-A*30:01,esm2_mean,locus,0,1.0,13696,0.0,1.1881926
11849,HLA-A*24:19,esm2_mean,locus,0,1.0,13696,0.0,0.10217452
11850,HLA-A*24:19,esm2_mean,locus,0,1.0,13696,0.5306282510621704,0.15016419
11853,HLA-A*02:03,esm2_mean,locus,0,1.0,13696,3.744787086052232,1.4268577
11855,HLA-A*29:02,esm2_mean,locus,0,1.0,13696,0.0,1.9468373
11856,HLA-A*02:16,esm2_mean,locus,0,1.0,13696,0.6931471805599453,1.6863
11861,HLA-A*02:03,esm2_mean,locus,0,1.0,13696,0.0,1.375362
11862,HLA-A*43:01,esm2_mean,locus,0,1.0,13696,0.0,1.2420791
11865,HLA-A*02:10,esm2_mean,locus,0,1.0,13696,0.7884573603642702,0.72791743
11866,HLA-A*11:01,esm2_mean,locus,0,1.0,13696,2.8154087194227095,1.6046319
11871,HLA-A*43:01,esm2_mean,locus,0,1.0,13696,0.0,1.0854852
11872,HLA-A*30:02,esm2_mean,locus,0,1.0,13696,0.33647223662121295,0.96160305
11873,HLA-A*80:01,esm2_mean,locus,0,1.0,13696,0.0,0.05116254
11874,HLA-A*11:01,esm2_mean,locus,0,1.0,13696,4.219507705176107,1.4339454
11878,HLA-A*66:01,esm2_mean,locus,0,1.0,13696,0.33647223662121295,0.7002047
11884,HLA-A*02:50,esm2_mean,locus,0,1.0,13696,0.5877866649021191,1.7231939
11885,HLA-A*68:01,esm2_mean,locus,0,1.0,13696,4.216562194946349,1.7273388
11886,HLA-A*80:01,esm2_mean,locus,0,1.0,13696,0.0,0.1773228
11887,HLA-A*23:01,esm2_mean,locus,0,1.0,13696,3.214867803470662,0.77090293
11888,HLA-A*02:03,esm2_mean,locus,0,1.0,13696,3.6136169696133895,1.3688089
11889,HLA-A*02:11,esm2_mean,locus,0,1.0,13696,3.2188758248682006,1.5098317
11890,HLA-A*02:12,esm2_mean,locus,0,1.0,13696,1.252762968495368,1.0577254
11892,HLA-A*24:19,esm2_mean,locus,0,1.0,13696,0.6418538861723948,-0.27331752
11894,HLA-A*24:02,esm2_mean,locus,0,1.0,13696,2.3702437414678603,0.93144345
11895,HLA-A*74:01,esm2_mean,locus,0,1.0,13696,4.801558999993482,1.0247256
11899,HLA-A*23:01,esm2_mean,locus,0,1.0,13696,1.5789787049493917,0.9475803
11900,HLA-A*74:01,esm2_mean,locus,0,1.0,13696,0.26236426446749106,0.6050508
11909,HLA-A*24:19,esm2_mean,locus,0,1.0,13696,2.1633230256605382,-0.20305544
11910,HLA-A*24:07,esm2_mean,locus,0,1.0,13696,0.18232155679395465,0.32457805
11912,HLA-A*02:50,esm2_mean,locus,0,1.0,13696,2.9069010598473755,1.7113568
11916,HLA-A*24:02,esm2_mean,locus,0,1.0,13696,0.9162907318741551,0.5674528
11917,HLA-A*02:01,esm2_mean,locus,0,1.0,13696,2.8903717578961645,1.3933104
11918,HLA-A*02:12,esm2_mean,locus,0,1.0,13696,1.33500106673234,0.9840221
11921,HLA-A*30:02,esm2_mean,locus,0,1.0,13696,0.33647223662121295,1.1086113
11922,HLA-A*26:03,esm2_mean,locus,0,1.0,13696,0.5306282510621704,0.50306535
11926,HLA-A*02:03,esm2_mean,locus,0,1.0,13696,1.308332819650179,1.2202971
11929,HLA-A*29:02,esm2_mean,locus,0,1.0,13696,1.589235205116581,1.5859101
11933,HLA-A*02:12,esm2_mean,locus,0,1.0,13696,3.254242968705492,1.3481569
11934,HLA-A*33:03,esm2_mean,locus,0,1.0,13696,3.5322256440685598,0.8448812
11938,HLA-A*33:03,esm2_mean,locus,0,1.0,13696,1.2237754316221157,1.0713592
11939,HLA-A*74:01,esm2_mean,locus,0,1.0,13696,4.508659285607248,1.1118581
11945,HLA-A*02:19,esm2_mean,locus,0,1.0,13696,2.827313621929028,1.6042538
11946,HLA-A*33:03,esm2_mean,locus,0,1.0,13696,0.6418538861723948,1.027812
11948,HLA-A*43:01,esm2_mean,locus,0,1.0,13696,0.26236426446749106,0.94801986
11949,HLA-A*26:02,esm2_mean,locus,0,1.0,13696,0.0,-0.025351703
11950,HLA-A*02:50,esm2_mean,locus,0,1.0,13696,2.5952547069568657,1.7591996
11951,HLA-A*02:19,esm2_mean,locus,0,1.0,13696,2.468099531471619,1.404964
11953,HLA-A*80:01,esm2_mean,locus,0,1.0,13696,0.0,0.17127508
11954,HLA-A*24:07,esm2_mean,locus,0,1.0,13696,1.5260563034950494,0.47493845
11959,HLA-A*03:01,esm2_mean,locus,0,1.0,13696,0.0,2.024928
11964,HLA-A*02:11,esm2_mean,locus,0,1.0,13696,1.33500106673234,0.9227785
11965,HLA-A*31:01,esm2_mean,locus,0,1.0,13696,5.100475998096045,1.508806
11971,HLA-A*24:07,esm2_mean,locus,0,1.0,13696,0.4700036292457355,0.707468
11972,HLA-A*26:02,esm2_mean,locus,0,1.0,13696,0.18232155679395465,-0.1946103
11976,HLA-A*24:03,esm2_mean,locus,0,1.0,13696,0.18232155679395465,0.98631966
11978,HLA-A*26:02,esm2_mean,locus,0,1.0,13696,0.0,-0.14732534
11982,HLA-A*30:02,esm2_mean,locus,0,1.0,13696,0.33647223662121295,0.84997785
11986,HLA-A*24:02,esm2_mean,locus,0,1.0,13696,2.8213788864092133,0.924407
11987,HLA-A*02:16,esm2_mean,locus,0,1.0,13696,2.2300144001592104,1.6596
11988,HLA-A*02:19,esm2_mean,locus,0,1.0,13696,3.2386784521643803,1.4022819
11993,HLA-A*32:07,esm2_mean,locus,0,1.0,13696,0.0,0.4823032
11994,HLA-A*24:02,esm2_mean,locus,0,1.0,13696,0.4054651081081644,1.0039629
11995,HLA-A*02:12,esm2_mean,locus,0,1.0,13696,2.8678989020441064,1.4575093
11996,HLA-A*02:16,esm2_mean,locus,0,1.0,13696,0.6418538861723948,1.2738456
12002,HLA-A*33:03,esm2_mean,locus,0,1.0,13696,0.0,1.2825952
12003,HLA-A*80:01,esm2_mean,locus,0,1.0,13696,0.26236426446749106,-0.0024012923
12007,HLA-A*02:10,esm2_mean,locus,0,1.0,13696,0.33647223662121295,0.6101169
12008,HLA-A*02:10,esm2_mean,locus,0,1.0,13696,2.2823823856765264,0.6047908
12009,HLA-A*02:50,esm2_mean,locus,0,1.0,13696,2.0918640616783932,1.8339386
12010,HLA-A*02:16,esm2_mean,locus,0,1.0,13696,1.840549633397487,1.4524984
12011,HLA-A*11:01,esm2_mean,locus,0,1.0,13696,0.832909122935104,1.5122688
12012,HLA-A*03:01,esm2_mean,locus,0,1.0,13696,1.4816045409242156,1.6163862
12014,HLA-A*30:02,esm2_mean,locus,0,1.0,13696,0.9162907318741551,1.0409354
12015,HLA-A*32:07,esm2_mean,locus,0,1.0,13696,0.4054651081081644,0.7786548
12018,HLA-A*80:01,esm2_mean,locus,0,1.0,13696,0.33647223662121295,0.15609664
12020,HLA-A*02:10,esm2_mean,locus,0,1.0,13696,0.26236426446749106,0.71355844
12021,HLA-A*11:01,esm2_mean,locus,0,1.0,13696,0.6418538861723948,1.0684311
12024,HLA-A*11:01,esm2_mean,locus,0,1.0,13696,0.26236426446749106,1.3135623
12025,HLA-A*74:01,esm2_mean,locus,0,1.0,13696,0.0,0.35871428
12030,HLA-A*02:03,esm2_mean,locus,0,1.0,13696,2.0149030205422647,1.2194657
12031,HLA-A*11:01,esm2_mean,locus,0,1.0,13696,0.4700036292457355,1.1819739
12034,HLA-A*23:01,esm2_mean,locus,0,1.0,13696,3.126760535960395,0.8115769
12037,HLA-A*68:01,esm2_mean,locus,0,1.0,13696,0.9162907318741551,1.5189731
12043,HLA-A*24:07,esm2_mean,locus,0,1.0,13696,1.5260563034950494,0.5749543
12048,HLA-A*33:03,esm2_mean,locus,0,1.0,13696,0.0,1.0497586
12049,HLA-A*68:01,esm2_mean,locus,0,1.0,13696,2.2512917986064953,1.8100238
12054,HLA-A*25:01,esm2_mean,locus,0,1.0,13696,0.26236426446749106,0.5382571
12055,HLA-A*02:11,esm2_mean,locus,0,1.0,13696,2.4595888418037104,1.2757106
12060,HLA-A*30:02,esm2_mean,locus,0,1.0,13696,0.18232155679395465,1.0743816
12063,HLA-A*02:12,esm2_mean,locus,0,1.0,13696,3.3603753871419,0.9659193
12064,HLA-A*02:19,esm2_mean,locus,0,1.0,13696,1.1939224684724346,1.3622419
12065,HLA-A*03:01,esm2_mean,locus,0,1.0,13696,0.6931471805599453,1.6385622
12068,HLA-A*24:02,esm2_mean,locus,0,1.0,13696,0.4700036292457355,0.8066547
12069,HLA-A*02:11,esm2_mean,locus,0,1.0,13696,3.086486636822455,1.4353446
12073,HLA-A*30:01,esm2_mean,locus,0,1.0,13696,0.0,1.2279537
12074,HLA-A*68:01,esm2_mean,locus,0,1.0,13696,1.252762968495368,1.7348044
12075,HLA-A*68:01,esm2_mean,locus,0,1.0,13696,1.1314021114911006,1.6060145
12078,HLA-A*02:12,esm2_mean,locus,0,1.0,13696,2.7212954278522306,1.1643965
12079,HLA-A*68:01,esm2_mean,locus,0,1.0,13696,0.0,2.1221607
12082,HLA-A*03:01,esm2_mean,locus,0,1.0,13696,0.5306282510621704,1.8678842
12083,HLA-A*02:10,esm2_mean,locus,0,1.0,13696,2.995732273553991,0.59768796
12087,HLA-A*30:02,esm2_mean,locus,0,1.0,13696,0.09531017980432487,0.9532335
12089,HLA-A*74:01,esm2_mean,locus,0,1.0,13696,5.271973391208435,0.6056227
12090,HLA-A*74:01,esm2_mean,locus,0,1.0,13696,0.0,0.620119
12092,HLA-A*26:02,esm2_mean,locus,0,1.0,13696,0.18232155679395465,0.026392937
12093,HLA-A*68:23,esm2_mean,locus,0,1.0,13696,0.18232155679395465,0.20378637
12095,HLA-A*02:50,esm2_mean,locus,0,1.0,13696,3.3357695763397,2.1831658
12097,HLA-A*24:19,esm2_mean,locus,0,1.0,13696,0.09531017980432487,-0.04246503
12099,HLA-A*31:01,esm2_mean,locus,0,1.0,13696,0.0,1.1226017
12101,HLA-A*02:11,esm2_mean,locus,0,1.0,13696,1.7227665977411035,1.4800375
12103,HLA-A*80:01,esm2_mean,locus,0,1.0,13696,0.0,0.30091769
12104,HLA-A*24:03,esm2_mean,locus,0,1.0,13696,3.269568939183719,0.87327486
12106,HLA-A*68:23,esm2_mean,locus,0,1.0,13696,0.26236426446749106,0.4142626
12107,HLA-A*66:01,esm2_mean,locus,0,1.0,13696,0.26236426446749106,0.85565394
12108,HLA-A*68:02,esm2_mean,locus,0,1.0,13696,0.7884573603642702,1.0487719
12109,HLA-A*31:01,esm2_mean,locus,0,1.0,13696,1.9600947840472698,1.1010414
12111,HLA-A*24:07,esm2_mean,locus,0,1.0,13696,1.0986122886681098,0.77501726
12112,HLA-A*66:01,esm2_mean,locus,0,1.0,13696,0.26236426446749106,0.7680533
12115,HLA-A*43:01,esm2_mean,locus,0,1.0,13696,0.18232155679395465,0.7218871
12116,HLA-A*30:02,esm2_mean,locus,0,1.0,13696,0.7419373447293773,0.9875754
12121,HLA-A*02:50,esm2_mean,locus,0,1.0,13696,2.517696472610991,1.7257607
12122,HLA-A*24:19,esm2_mean,locus,0,1.0,13696,0.0,-0.33155566
12123,HLA-A*11:01,esm2_mean,locus,0,1.0,13696,0.6931471805599453,1.4155867
12124,HLA-A*11:01,esm2_mean,locus,0,1.0,13696,0.0,1.417896
12130,HLA-A*32:07,esm2_mean,locus,0,1.0,13696,0.0,0.4926479
12133,HLA-A*29:02,esm2_mean,locus,0,1.0,13696,1.2237754316221157,0.9470045
12134,HLA-A*23:01,esm2_mean,locus,0,1.0,13696,0.7419373447293773,0.82118857
12135,HLA-A*24:19,esm2_mean,locus,0,1.0,13696,0.0,0.4647016
12140,HLA-A*30:02,esm2_mean,locus,0,1.0,13696,0.7419373447293773,0.8266458
12141,HLA-A*32:01,esm2_mean,locus,0,1.0,13696,3.4995332823830174,1.1376629
12146,HLA-A*68:02,esm2_mean,locus,0,1.0,13696,0.8754687373538999,1.0116453
12147,HLA-A*02:03,esm2_mean,locus,0,1.0,13696,0.9162907318741551,1.2491226
12148,HLA-A*26:03,esm2_mean,locus,0,1.0,13696,0.0,0.68116564
12150,HLA-A*01:01,esm2_mean,locus,0,1.0,13696,0.2776317365982795,0.6411973
12153,HLA-A*02:50,esm2_mean,locus,0,1.0,13696,2.8735646395797834,1.6478863
12161,HLA-A*32:07,esm2_mean,locus,0,1.0,13696,0.8754687373538999,1.1337693
12162,HLA-A*24:07,esm2_mean,locus,0,1.0,13696,2.0918640616783932,0.7032614
12164,HLA-A*02:50,esm2_mean,locus,0,1.0,13696,3.077312260546414,2.111093
12165,HLA-A*74:01,esm2_mean,locus,0,1.0,13696,1.1631508098056809,0.39436167
12166,HLA-A*29:02,esm2_mean,locus,0,1.0,13696,2.0412203288596382,1.618815
12167,HLA-A*29:02,esm2_mean,locus,0,1.0,13696,0.832909122935104,1.4653944
12168,HLA-A*30:02,esm2_mean,locus,0,1.0,13696,0.0,0.9036503
12172,HLA-A*30:02,esm2_mean,locus,0,1.0,13696,0.09531017980432487,1.1748103
12174,HLA-A*25:01,esm2_mean,locus,0,1.0,13696,0.33647223662121295,0.5581434
12177,HLA-A*11:01,esm2_mean,locus,0,1.0,13696,3.9815490680767565,1.2258649
12181,HLA-A*26:02,esm2_mean,locus,0,1.0,13696,0.8754687373538999,-0.099645674
12184,HLA-A*74:01,esm2_mean,locus,0,1.0,13696,1.8562979903656263,0.7589505
12188,HLA-A*24:19,esm2_mean,locus,0,1.0,13696,0.18232155679395465,0.14290458
12192,HLA-A*24:02,esm2_mean,locus,0,1.0,13696,1.9021075263969205,0.9943039
12193,HLA-A*02:10,esm2_mean,locus,0,1.0,13696,0.33647223662121295,0.9665743
12195,HLA-A*24:07,esm2_mean,locus,0,1.0,13696,0.4054651081081644,0.76459765
12196,HLA-A*02:12,esm2_mean,locus,0,1.0,13696,0.5306282510621704,1.199475
12197,HLA-A*02:19,esm2_mean,locus,0,1.0,13696,1.9600947840472698,1.7251267
12200,HLA-A*24:03,esm2_mean,locus,0,1.0,13696,1.5260563034950494,0.40509313
12207,HLA-A*26:03,esm2_mean,locus,0,1.0,13696,1.8870696490323797,0.7747018
12213,HLA-A*24:03,esm2_mean,locus,0,1.0,13696,0.4700036292457355,0.7185004
12214,HLA-A*24:03,esm2_mean,locus,0,1.0,13696,0.26236426446749106,0.80310124
12217,HLA-A*33:03,esm2_mean,locus,0,1.0,13696,0.0,1.4815629
12220,HLA-A*26:03,esm2_mean,locus,0,1.0,13696,0.8754687373538999,0.44473493
12222,HLA-A*74:01,esm2_mean,locus,0,1.0,13696,0.18232155679395465,0.35494274
12227,HLA-A*68:23,esm2_mean,locus,0,1.0,13696,0.832909122935104,0.5010656
12230,HLA-A*68:01,esm2_mean,locus,0,1.0,13696,0.0,1.7747152
12233,HLA-A*32:07,esm2_mean,locus,0,1.0,13696,0.0,0.7522991
12235,HLA-A*02:03,esm2_mean,locus,0,1.0,13696,3.6216707044204863,1.2837083
12236,HLA-A*02:19,esm2_mean,locus,0,1.0,13696,0.5306282510621704,1.4561427
12237,HLA-A*68:01,esm2_mean,locus,0,1.0,13696,0.0,1.9655123
12241,HLA-A*26:02,esm2_mean,locus,0,1.0,13696,1.791759469228055,-0.056869566
12245,HLA-A*24:19,esm2_mean,locus,0,1.0,13696,0.0,-0.029418647
12246,HLA-A*26:03,esm2_mean,locus,0,1.0,13696,0.0,0.59788656
12247,HLA-A*24:02,esm2_mean,locus,0,1.0,13696,0.9162907318741551,0.6958379
12248,HLA-A*02:03,esm2_mean,locus,0,1.0,13696,3.1484533605716547,1.1798313
12249,HLA-A*01:01,esm2_mean,locus,0,1.0,13696,0.18232155679395465,0.62437177
12250,HLA-A*02:12,esm2_mean,locus,0,1.0,13696,1.2237754316221157,1.6654551
12255,HLA-A*25:01,esm2_mean,locus,0,1.0,13696,0.26236426446749106,0.5495002
12256,HLA-A*24:02,esm2_mean,locus,0,1.0,13696,0.33647223662121295,0.64141786
12257,HLA-A*33:03,esm2_mean,locus,0,1.0,13696,2.0541237336955462,1.2335263
12259,HLA-A*30:02,esm2_mean,locus,0,1.0,13696,2.0412203288596382,0.84714544
12260,HLA-A*02:10,esm2_mean,locus,0,1.0,13696,0.33647223662121295,0.82458115
12261,HLA-A*02:50,esm2_mean,locus,0,1.0,13696,1.4586150226995167,1.6389177
12262,HLA-A*68:01,esm2_mean,locus,0,1.0,13696,0.5306282510621704,1.8542969
12267,HLA-A*68:01,esm2_mean,locus,0,1.0,13696,0.0,1.3549104
12268,HLA-A*02:16,esm2_mean,locus,0,1.0,13696,2.766319109226186,1.2492232
12269,HLA-A*02:19,esm2_mean,locus,0,1.0,13696,2.151762203259462,1.6266971
12272,HLA-A*25:01,esm2_mean,locus,0,1.0,13696,0.0,0.62415594
12275,HLA-A*02:12,esm2_mean,locus,0,1.0,13696,0.9162907318741551,1.3537694
12276,HLA-A*02:50,esm2_mean,locus,0,1.0,13696,2.517696472610991,1.8090945
12277,HLA-A*33:03,esm2_mean,locus,0,1.0,13696,2.624668592163159,1.1537595
12278,HLA-A*02:01,esm2_mean,locus,0,1.0,13696,1.5260563034950494,1.5454153
12279,HLA-A*02:10,esm2_mean,locus,0,1.0,13696,2.312535423847214,0.74005747
12280,HLA-A*02:19,esm2_mean,locus,0,1.0,13696,1.9459101490553132,1.2388518
12282,HLA-A*31:01,esm2_mean,locus,0,1.0,13696,0.0,1.1455526
12283,HLA-A*68:01,esm2_mean,locus,0,1.0,13696,2.5494451709255714,1.4518366
12287,HLA-A*32:07,esm2_mean,locus,0,1.0,13696,0.4700036292457355,0.54404056
12289,HLA-A*26:03,esm2_mean,locus,0,1.0,13696,1.1939224684724346,0.8297634
12290,HLA-A*02:50,esm2_mean,locus,0,1.0,13696,3.1179499062782403,1.8172598
12294,HLA-A*23:01,esm2_mean,locus,0,1.0,13696,2.827313621929028,0.72968763
12298,HLA-A*24:07,esm2_mean,locus,0,1.0,13696,0.5306282510621704,0.37119657
12301,HLA-A*02:03,esm2_mean,locus,0,1.0,13696,3.7864597824528,1.2921501
12303,HLA-A*29:02,esm2_mean,locus,0,1.0,13696,0.09531017980432487,1.8934319
12306,HLA-A*02:10,esm2_mean,locus,0,1.0,13696,2.174751721484161,0.68506515
12307,HLA-A*02:12,esm2_mean,locus,0,1.0,13696,3.4719664525503626,0.95113945
12308,HLA-A*74:01,esm2_mean,locus,0,1.0,13696,1.547562508716013,0.67243385
12311,HLA-A*43:01,esm2_mean,locus,0,1.0,13696,0.4054651081081644,0.9219797
12314,HLA-A*02:03,esm2_mean,locus,0,1.0,13696,0.33647223662121295,1.3968489
12315,HLA-A*02:10,esm2_mean,locus,0,1.0,13696,0.9555114450274363,0.8289059
12317,HLA-A*24:07,esm2_mean,locus,0,1.0,13696,0.5306282510621704,0.6615279
12318,HLA-A*25:01,esm2_mean,locus,0,1.0,13696,0.832909122935104,0.37745124
12319,HLA-A*26:02,esm2_mean,locus,0,1.0,13696,1.7047480922384253,-0.16557616
12321,HLA-A*30:01,esm2_mean,locus,0,1.0,13696,3.0633909220278057,1.5927017
12322,HLA-A*33:03,esm2_mean,locus,0,1.0,13696,2.312535423847214,1.0634251
12324,HLA-A*26:03,esm2_mean,locus,0,1.0,13696,0.7884573603642702,0.5283743
12326,HLA-A*02:01,esm2_mean,locus,0,1.0,13696,2.5257286443082556,1.8982775
12329,HLA-A*24:07,esm2_mean,locus,0,1.0,13696,3.0301337002713233,0.8110864
12331,HLA-A*11:01,esm2_mean,locus,0,1.0,13696,0.4054651081081644,1.2183282
12333,HLA-A*43:01,esm2_mean,locus,0,1.0,13696,0.09531017980432487,1.134156
12335,HLA-A*26:02,esm2_mean,locus,0,1.0,13696,0.4054651081081644,0.0449695
12337,HLA-A*02:10,esm2_mean,locus,0,1.0,13696,0.4700036292457355,0.8774544
12338,HLA-A*02:19,esm2_mean,locus,0,1.0,13696,3.711130063048756,1.6638494
12339,HLA-A*24:19,esm2_mean,locus,0,1.0,13696,0.26236426446749106,-1.3990519
12342,HLA-A*32:07,esm2_mean,locus,0,1.0,13696,0.0,0.81104255
12343,HLA-A*02:50,esm2_mean,locus,0,1.0,13696,0.6418538861723948,1.9741225
12344,HLA-A*02:19,esm2_mean,locus,0,1.0,13696,2.3978952727983707,1.2387061
12345,HLA-A*02:19,esm2_mean,locus,0,1.0,13696,3.5322256440685598,1.5423844
12346,HLA-A*30:01,esm2_mean,locus,0,1.0,13696,0.26236426446749106,1.1681265
12347,HLA-A*24:03,esm2_mean,locus,0,1.0,13696,0.4054651081081644,0.38676757
12348,HLA-A*25:01,esm2_mean,locus,0,1.0,13696,0.4700036292457355,0.3988586
12349,HLA-A*66:01,esm2_mean,locus,0,1.0,13696,0.6418538861723948,0.7627356
12351,HLA-A*33:03,esm2_mean,locus,0,1.0,13696,0.33647223662121295,1.0614812
12358,HLA-A*11:01,esm2_mean,locus,0,1.0,13696,0.26236426446749106,1.06828
12361,HLA-A*30:02,esm2_mean,locus,0,1.0,13696,0.0,0.96956605
12362,HLA-A*30:02,esm2_mean,locus,0,1.0,13696,0.26236426446749106,1.0040164
12363,HLA-A*26:03,esm2_mean,locus,0,1.0,13696,1.252762968495368,0.45887017
12364,HLA-A*69:01,esm2_mean,locus,0,1.0,13696,0.26236426446749106,1.2545264
12365,HLA-A*02:11,esm2_mean,locus,0,1.0,13696,1.9459101490553132,0.9947099
12366,HLA-A*02:16,esm2_mean,locus,0,1.0,13696,2.6100697927420065,1.1426218
12369,HLA-A*02:12,esm2_mean,locus,0,1.0,13696,0.0,0.9645342
12370,HLA-A*30:01,esm2_mean,locus,0,1.0,13696,0.0,1.3420715
12371,HLA-A*68:01,esm2_mean,locus,0,1.0,13696,0.9555114450274363,2.0016081
12372,HLA-A*03:01,esm2_mean,locus,0,1.0,13696,3.242592351485517,2.1160598
12375,HLA-A*11:01,esm2_mean,locus,0,1.0,13696,2.7343675094195836,1.1943846
12378,HLA-A*25:01,esm2_mean,locus,0,1.0,13696,0.33647223662121295,0.065022886
12379,HLA-A*68:23,esm2_mean,locus,0,1.0,13696,0.18232155679395465,0.444835
12381,HLA-A*24:02,esm2_mean,locus,0,1.0,13696,0.9932517730102833,1.2337072
12382,HLA-A*80:01,esm2_mean,locus,0,1.0,13696,0.09531017980432487,-0.0032958984
12383,HLA-A*23:01,esm2_mean,locus,0,1.0,13696,0.26236426446749106,0.73884344
12385,HLA-A*24:02,esm2_mean,locus,0,1.0,13696,0.26236426446749106,1.0295738
12389,HLA-A*24:07,esm2_mean,locus,0,1.0,13696,1.4350845252893227,0.88164794
12390,HLA-A*02:01,esm2_mean,locus,0,1.0,13696,1.8082887711792655,1.4834553
12391,HLA-A*68:23,esm2_mean,locus,0,1.0,13696,0.18232155679395465,0.4105401
12394,HLA-A*31:01,esm2_mean,locus,0,1.0,13696,0.5306282510621704,1.0902859
12395,HLA-A*29:02,esm2_mean,locus,0,1.0,13696,1.5040773967762742,1.5973709
12398,HLA-A*02:12,esm2_mean,locus,0,1.0,13696,1.33500106673234,1.121952
12399,HLA-A*24:07,esm2_mean,locus,0,1.0,13696,0.9555114450274363,0.44530964
12401,HLA-A*02:16,esm2_mean,locus,0,1.0,13696,2.1400661634962708,1.5663846
12409,HLA-A*29:02,esm2_mean,locus,0,1.0,13696,0.9555114450274363,1.7170752
12415,HLA-A*43:01,esm2_mean,locus,0,1.0,13696,0.9162907318741551,0.7809533
12416,HLA-A*80:01,esm2_mean,locus,0,1.0,13696,0.4054651081081644,0.24506706
12417,HLA-A*24:19,esm2_mean,locus,0,1.0,13696,0.4054651081081644,-0.045395553
12419,HLA-A*23:01,esm2_mean,locus,0,1.0,13696,0.26236426446749106,0.46712494
12422,HLA-A*23:01,esm2_mean,locus,0,1.0,13696,3.6988297849671046,1.0697995
12424,HLA-A*24:19,esm2_mean,locus,0,1.0,13696,0.0,0.25605088
12429,HLA-A*24:02,esm2_mean,locus,0,1.0,13696,0.4252677354043441,0.69661766
12434,HLA-A*24:07,esm2_mean,locus,0,1.0,13696,0.5306282510621704,0.83822006
12436,HLA-A*02:10,esm2_mean,locus,0,1.0,13696,1.1631508098056809,0.58214974
12437,HLA-A*43:01,esm2_mean,locus,0,1.0,13696,0.4054651081081644,1.0773153
12442,HLA-A*02:03,esm2_mean,locus,0,1.0,13696,3.2228678461377385,1.345875
12443,HLA-A*74:01,esm2_mean,locus,0,1.0,13696,0.0,0.6027063
12447,HLA-A*02:19,esm2_mean,locus,0,1.0,13696,1.7227665977411035,1.275534
12448,HLA-A*68:01,esm2_mean,locus,0,1.0,13696,2.5416019934645457,1.4677962
12452,HLA-A*24:19,esm2_mean,locus,0,1.0,13696,0.6931471805599453,-0.17793101
12457,HLA-A*33:03,esm2_mean,locus,0,1.0,13696,0.0,1.6978633
12465,HLA-A*02:11,esm2_mean,locus,0,1.0,13696,0.6931471805599453,1.1010755
12466,HLA-A*31:01,esm2_mean,locus,0,1.0,13696,2.2823823856765264,1.3972056
12471,HLA-A*66:01,esm2_mean,locus,0,1.0,13696,0.0,0.7368105
12473,HLA-A*80:01,esm2_mean,locus,0,1.0,13696,0.0,-0.123046815
12476,HLA-A*24:19,esm2_mean,locus,0,1.0,13696,1.8082887711792655,-0.067225516
12477,HLA-A*24:02,esm2_mean,locus,0,1.0,13696,0.33647223662121295,0.96022767
12479,HLA-A*32:07,esm2_mean,locus,0,1.0,13696,1.0647107369924282,1.1192164
12484,HLA-A*74:01,esm2_mean,locus,0,1.0,13696,0.5306282510621704,0.7535535
12488,HLA-A*03:01,esm2_mean,locus,0,1.0,13696,1.2237754316221157,1.6468093
12489,HLA-A*02:19,esm2_mean,locus,0,1.0,13696,2.501435951739211,1.8367993
12490,HLA-A*02:19,esm2_mean,locus,0,1.0,13696,1.3862943611198906,1.4926395
12491,HLA-A*68:01,esm2_mean,locus,0,1.0,13696,0.0,1.5411179
12496,HLA-A*23:01,esm2_mean,locus,0,1.0,13696,0.6418538861723948,0.5441683
12497,HLA-A*32:07,esm2_mean,locus,0,1.0,13696,0.0,0.32067478
12499,HLA-A*26:03,esm2_mean,locus,0,1.0,13696,0.0,0.41417676
12502,HLA-A*25:01,esm2_mean,locus,0,1.0,13696,0.832909122935104,0.41382134
12504,HLA-A*24:02,esm2_mean,locus,0,1.0,13696,2.5726122302071057,0.6623945
12505,HLA-A*02:11,esm2_mean,locus,0,1.0,13696,3.353406717825807,1.7953484
12506,HLA-A*02:50,esm2_mean,locus,0,1.0,13696,2.884800712846709,1.892434
12512,HLA-A*31:01,esm2_mean,locus,0,1.0,13696,0.18232155679395465,0.649859
12513,HLA-A*74:01,esm2_mean,locus,0,1.0,13696,3.517497837358316,0.18228757
12514,HLA-A*26:03,esm2_mean,locus,0,1.0,13696,0.0,0.96749985
12515,HLA-A*02:10,esm2_mean,locus,0,1.0,13696,0.5306282510621704,0.7382545
12516,HLA-A*30:01,esm2_mean,locus,0,1.0,13696,0.6418538861723948,1.2168694
12517,HLA-A*31:01,esm2_mean,locus,0,1.0,13696,0.7419373447293773,1.1796874
12520,HLA-A*24:02,esm2_mean,locus,0,1.0,13696,3.2386784521643803,0.44161487
12521,HLA-A*02:19,esm2_mean,locus,0,1.0,13696,0.33647223662121295,1.2681222
12522,HLA-A*30:01,esm2_mean,locus,0,1.0,13696,0.26236426446749106,1.392151
12524,HLA-A*32:07,esm2_mean,locus,0,1.0,13696,0.0,0.3359846
12526,HLA-A*43:01,esm2_mean,locus,0,1.0,13696,0.6931471805599453,0.843896
12533,HLA-A*02:12,esm2_mean,locus,0,1.0,13696,3.4657359027997265,1.0879849
12534,HLA-A*02:19,esm2_mean,locus,0,1.0,13696,1.2809338454620642,1.4592149
12536,HLA-A*25:01,esm2_mean,locus,0,1.0,13696,0.0,0.40104336
12537,HLA-A*24:02,esm2_mean,locus,0,1.0,13696,0.4700036292457355,0.8213197
12539,HLA-A*02:12,esm2_mean,locus,0,1.0,13696,3.3603753871419,0.9038818
12540,HLA-A*02:50,esm2_mean,locus,0,1.0,13696,2.9391619220655967,1.6763581
12541,HLA-A*30:01,esm2_mean,locus,0,1.0,13696,1.252762968495368,1.4048561
12542,HLA-A*33:03,esm2_mean,locus,0,1.0,13696,0.0,1.2352794
12549,HLA-A*33:03,esm2_mean,locus,0,1.0,13696,0.0,1.2406769
12551,HLA-A*66:01,esm2_mean,locus,0,1.0,13696,1.2237754316221157,0.9291865
12554,HLA-A*30:02,esm2_mean,locus,0,1.0,13696,1.33500106673234,0.7752265
12556,HLA-A*30:01,esm2_mean,locus,0,1.0,13696,0.33647223662121295,1.2095997
12560,HLA-A*43:01,esm2_mean,locus,0,1.0,13696,0.0,1.0698608
12561,HLA-A*68:23,esm2_mean,locus,0,1.0,13696,0.26236426446749106,0.31092453
12563,HLA-A*02:12,esm2_mean,locus,0,1.0,13696,3.095577608523707,1.2592814
12564,HLA-A*02:16,esm2_mean,locus,0,1.0,13696,1.8870696490323797,1.7005622
12566,HLA-A*68:23,esm2_mean,locus,0,1.0,13696,0.18232155679395465,0.83106244
12567,HLA-A*02:11,esm2_mean,locus,0,1.0,13696,3.339321977944068,1.6139927
12568,HLA-A*03:01,esm2_mean,locus,0,1.0,13696,0.9555114450274363,2.340062
12569,HLA-A*43:01,esm2_mean,locus,0,1.0,13696,0.26236426446749106,0.87419057
12570,HLA-A*43:01,esm2_mean,locus,0,1.0,13696,2.5649493574615367,0.8550947
12571,HLA-A*43:01,esm2_mean,locus,0,1.0,13696,0.26236426446749106,1.0502394
12573,HLA-A*68:23,esm2_mean,locus,0,1.0,13696,0.18232155679395465,0.527367
12574,HLA-A*66:01,esm2_mean,locus,0,1.0,13696,1.589235205116581,0.6648105
12576,HLA-A*02:01,esm2_mean,locus,0,1.0,13696,2.1162555148025524,1.770968
12581,HLA-A*02:16,esm2_mean,locus,0,1.0,13696,3.1654750481410856,1.3361144
12584,HLA-A*02:05,esm2_mean,locus,0,1.0,13696,0.4700036292457355,1.7833583
12585,HLA-A*30:01,esm2_mean,locus,0,1.0,13696,0.5877866649021191,1.8238788
12588,HLA-A*24:19,esm2_mean,locus,0,1.0,13696,0.18232155679395465,0.1011731
12591,HLA-A*24:07,esm2_mean,locus,0,1.0,13696,0.09531017980432487,0.6003181
12592,HLA-A*68:23,esm2_mean,locus,0,1.0,13696,0.09531017980432487,0.22204459
12595,HLA-A*02:19,esm2_mean,locus,0,1.0,13696,3.1135153092103742,1.6467137
12599,HLA-A*24:02,esm2_mean,locus,0,1.0,13696,0.26236426446749106,1.1296315
12600,HLA-A*68:01,esm2_mean,locus,0,1.0,13696,3.3032169733019514,1.8793173
12604,HLA-A*02:19,esm2_mean,locus,0,1.0,13696,0.8754687373538999,1.564194
12607,HLA-A*80:01,esm2_mean,locus,0,1.0,13696,0.33647223662121295,0.09614831
12610,HLA-A*68:23,esm2_mean,locus,0,1.0,13696,0.4054651081081644,0.5204687
12613,HLA-A*02:10,esm2_mean,locus,0,1.0,13696,1.2237754316221157,0.8629869
12616,HLA-A*29:02,esm2_mean,locus,0,1.0,13696,0.26236426446749106,1.4250656
12617,HLA-A*24:03,esm2_mean,locus,0,1.0,13696,2.747270914255491,0.8285602
12618,HLA-A*25:01,esm2_mean,locus,0,1.0,13696,0.9162907318741551,0.553835
12620,HLA-A*32:07,esm2_mean,locus,0,1.0,13696,0.0,1.0057182
12621,HLA-A*32:07,esm2_mean,locus,0,1.0,13696,0.7419373447293773,1.1151363
12622,HLA-A*66:01,esm2_mean,locus,0,1.0,13696,0.18232155679395465,0.81133235
12624,HLA-A*30:01,esm2_mean,locus,0,1.0,13696,2.7788192719904172,1.2745985
12625,HLA-A*80:01,esm2_mean,locus,0,1.0,13696,0.0,-0.034668505
12626,HLA-A*80:01,esm2_mean,locus,0,1.0,13696,0.18232155679395465,0.34581238
12627,HLA-A*68:23,esm2_mean,locus,0,1.0,13696,0.0,0.36256236
12628,HLA-A*02:10,esm2_mean,locus,0,1.0,13696,3.5779478934066544,0.6200429
12630,HLA-A*32:07,esm2_mean,locus,0,1.0,13696,0.0,1.0157839
12632,HLA-A*02:10,esm2_mean,locus,0,1.0,13696,0.33647223662121295,0.9087461
12633,HLA-A*03:01,esm2_mean,locus,0,1.0,13696,1.0296194171811583,1.8338273
12638,HLA-A*30:02,esm2_mean,locus,0,1.0,13696,0.4054651081081644,0.58067894
12640,HLA-A*25:01,esm2_mean,locus,0,1.0,13696,1.2809338454620642,0.44194162
12641,HLA-A*24:02,esm2_mean,locus,0,1.0,13696,1.4350845252893227,1.1516078
12642,HLA-A*02:12,esm2_mean,locus,0,1.0,13696,2.4336133554004498,0.87316924
12650,HLA-A*26:03,esm2_mean,locus,0,1.0,13696,2.791165107812717,0.91559994
12652,HLA-A*74:01,esm2_mean,locus,0,1.0,13696,1.6094379124341003,0.46350545
12657,HLA-A*29:02,esm2_mean,locus,0,1.0,13696,3.459466289786131,1.7537079
12658,HLA-A*80:01,esm2_mean,locus,0,1.0,13696,0.0,0.11343962
12660,HLA-A*26:02,esm2_mean,locus,0,1.0,13696,1.308332819650179,-0.047604978
12663,HLA-A*02:12,esm2_mean,locus,0,1.0,13696,1.8870696490323797,0.9504971
12667,HLA-A*24:19,esm2_mean,locus,0,1.0,13696,0.09531017980432487,-0.10876554
12668,HLA-A*02:16,esm2_mean,locus,0,1.0,13696,2.7343675094195836,1.2508597
12669,HLA-A*24:07,esm2_mean,locus,0,1.0,13696,2.272125885509337,1.0561962
12673,HLA-A*24:03,esm2_mean,locus,0,1.0,13696,0.4700036292457355,0.27539927
12674,HLA-A*24:07,esm2_mean,locus,0,1.0,13696,0.26236426446749106,0.72729003
12675,HLA-A*26:02,esm2_mean,locus,0,1.0,13696,2.928523523860541,-0.3193664
12678,HLA-A*02:19,esm2_mean,locus,0,1.0,13696,0.18232155679395465,1.5478246
12680,HLA-A*29:02,esm2_mean,locus,0,1.0,13696,2.2082744135228043,1.5087516
12681,HLA-A*02:01,esm2_mean,locus,0,1.0,13696,3.3775875160230218,2.003863
12682,HLA-A*66:01,esm2_mean,locus,0,1.0,13696,0.4382549309311553,0.87291324
12683,HLA-A*68:01,esm2_mean,locus,0,1.0,13696,0.7419373447293773,1.767787
12687,HLA-A*29:02,esm2_mean,locus,0,1.0,13696,3.0106208860477417,1.7025903
12688,HLA-A*02:19,esm2_mean,locus,0,1.0,13696,3.0726933146901194,1.7432461
12689,HLA-A*31:01,esm2_mean,locus,0,1.0,13696,2.1162555148025524,1.2578809
12693,HLA-A*33:03,esm2_mean,locus,0,1.0,13696,1.33500106673234,1.4401054
12695,HLA-A*24:07,esm2_mean,locus,0,1.0,13696,0.4700036292457355,0.85308546
12696,HLA-A*68:01,esm2_mean,locus,0,1.0,13696,0.18232155679395465,1.6163423
12698,HLA-A*26:02,esm2_mean,locus,0,1.0,13696,1.1314021114911006,-0.108630955
12699,HLA-A*26:03,esm2_mean,locus,0,1.0,13696,0.0,0.35950148
12700,HLA-A*02:11,esm2_mean,locus,0,1.0,13696,1.5040773967762742,1.4172301
12701,HLA-A*68:01,esm2_mean,locus,0,1.0,13696,0.0,2.0854273
12702,HLA-A*11:01,esm2_mean,locus,0,1.0,13696,3.242592351485517,1.1111379
12706,HLA-A*24:03,esm2_mean,locus,0,1.0,13696,1.308332819650179,0.8102833
12708,HLA-A*74:01,esm2_mean,locus,0,1.0,13696,0.5306282510621704,0.64578843
12709,HLA-A*03:01,esm2_mean,locus,0,1.0,13696,3.6938669956249757,2.249065
12711,HLA-A*02:03,esm2_mean,locus,0,1.0,13696,2.617395832834079,1.4698501
12712,HLA-A*74:01,esm2_mean,locus,0,1.0,13696,3.1612467120315646,0.40040338
12715,HLA-A*24:03,esm2_mean,locus,0,1.0,13696,0.18232155679395465,0.8385852
12718,HLA-A*02:03,esm2_mean,locus,0,1.0,13696,0.5877866649021191,0.96567804
12719,HLA-A*02:16,esm2_mean,locus,0,1.0,13696,0.9162907318741551,0.9310788
12723,HLA-A*68:23,esm2_mean,locus,0,1.0,13696,0.4054651081081644,0.4296167
12727,HLA-A*26:02,esm2_mean,locus,0,1.0,13696,0.5306282510621704,-0.43909568
12729,HLA-A*02:50,esm2_mean,locus,0,1.0,13696,2.884800712846709,1.7462454
12730,HLA-A*74:01,esm2_mean,locus,0,1.0,13696,0.0,0.5212145
12734,HLA-A*24:07,esm2_mean,locus,0,1.0,13696,3.039749158970765,0.9126477
12735,HLA-A*26:03,esm2_mean,locus,0,1.0,13696,0.0,0.9533691
12736,HLA-A*68:01,esm2_mean,locus,0,1.0,13696,2.7536607123542622,1.839577
12737,HLA-A*03:01,esm2_mean,locus,0,1.0,13696,1.6094379124341003,2.0542395
12738,HLA-A*66:01,esm2_mean,locus,0,1.0,13696,3.5751506887855933,0.64779305
12739,HLA-A*68:02,esm2_mean,locus,0,1.0,13696,1.7404661748405046,1.2419103
12740,HLA-A*02:12,esm2_mean,locus,0,1.0,13696,1.33500106673234,1.1486616
12742,HLA-A*24:07,esm2_mean,locus,0,1.0,13696,0.9932517730102833,0.5185116
12743,HLA-A*66:01,esm2_mean,locus,0,1.0,13696,0.18232155679395465,0.63995004
12744,HLA-A*26:03,esm2_mean,locus,0,1.0,13696,2.928523523860541,0.6014448
12745,HLA-A*23:01,esm2_mean,locus,0,1.0,13696,0.33647223662121295,0.5461619
12746,HLA-A*74:01,esm2_mean,locus,0,1.0,13696,2.0794415416798357,0.6720342
12748,HLA-A*66:01,esm2_mean,locus,0,1.0,13696,0.09531017980432487,0.92966664
12749,HLA-A*66:01,esm2_mean,locus,0,1.0,13696,0.0,0.6879513
12751,HLA-A*68:01,esm2_mean,locus,0,1.0,13696,1.252762968495368,1.7004805
12753,HLA-A*23:01,esm2_mean,locus,0,1.0,13696,1.8082887711792655,0.995089
12756,HLA-A*02:16,esm2_mean,locus,0,1.0,13696,2.151762203259462,1.6200583
12760,HLA-A*24:19,esm2_mean,locus,0,1.0,13696,0.33647223662121295,-0.18845099
12761,HLA-A*26:03,esm2_mean,locus,0,1.0,13696,3.586292865338835,0.47863078
12763,HLA-A*02:11,esm2_mean,locus,0,1.0,13696,0.8754687373538999,1.1356974
12765,HLA-A*43:01,esm2_mean,locus,0,1.0,13696,3.708682081410116,0.7984631
12768,HLA-A*29:02,esm2_mean,locus,0,1.0,13696,2.5649493574615367,1.8611672
12771,HLA-A*31:01,esm2_mean,locus,0,1.0,13696,0.33647223662121295,0.96247643
12780,HLA-A*30:02,esm2_mean,locus,0,1.0,13696,0.26236426446749106,1.0759335
12781,HLA-A*23:01,esm2_mean,locus,0,1.0,13696,0.33647223662121295,0.67903405
12782,HLA-A*33:03,esm2_mean,locus,0,1.0,13696,0.5306282510621704,1.0373659
12785,HLA-A*68:23,esm2_mean,locus,0,1.0,13696,0.7884573603642702,0.35034811
12786,HLA-A*33:03,esm2_mean,locus,0,1.0,13696,0.0,1.3858454
12787,HLA-A*24:02,esm2_mean,locus,0,1.0,13696,1.0986122886681098,1.0212069
12790,HLA-A*02:12,esm2_mean,locus,0,1.0,13696,3.5115454388310208,1.005439
12791,HLA-A*11:01,esm2_mean,locus,0,1.0,13696,0.0,1.3094656
12793,HLA-A*23:01,esm2_mean,locus,0,1.0,13696,0.18232155679395465,1.0109258
12799,HLA-A*32:07,esm2_mean,locus,0,1.0,13696,0.0,0.4798932
12801,HLA-A*66:01,esm2_mean,locus,0,1.0,13696,0.26236426446749106,0.7144631
12802,HLA-A*02:03,esm2_mean,locus,0,1.0,13696,0.0,1.0020971
12803,HLA-A*02:01,esm2_mean,locus,0,1.0,13696,2.151762203259462,1.7324047
12806,HLA-A*23:01,esm2_mean,locus,0,1.0,13696,3.342861804649192,-0.5106413
12807,HLA-A*32:07,esm2_mean,locus,0,1.0,13696,4.914858338702487,1.1441959
12808,HLA-A*32:07,esm2_mean,locus,0,1.0,13696,0.9555114450274363,0.6448151
12810,HLA-A*24:19,esm2_mean,locus,0,1.0,13696,0.4054651081081644,-0.017900527
12816,HLA-A*66:01,esm2_mean,locus,0,1.0,13696,0.0,0.55890495
12817,HLA-A*26:03,esm2_mean,locus,0,1.0,13696,0.0,0.5052676
12820,HLA-A*68:01,esm2_mean,locus,0,1.0,13696,0.0,1.6315255
12821,HLA-A*11:01,esm2_mean,locus,0,1.0,13696,3.3178157727231046,1.2100248
12822,HLA-A*74:01,esm2_mean,locus,0,1.0,13696,1.308332819650179,0.7070844
12826,HLA-A*03:01,esm2_mean,locus,0,1.0,13696,0.18232155679395465,1.7131783
12836,HLA-A*02:50,esm2_mean,locus,0,1.0,13696,0.4700036292457355,1.8509881
12839,HLA-A*25:01,esm2_mean,locus,0,1.0,13696,0.26236426446749106,0.48584324
12840,HLA-A*66:01,esm2_mean,locus,0,1.0,13696,0.0,0.63666767
12841,HLA-A*02:03,esm2_mean,locus,0,1.0,13696,2.0541237336955462,1.1291075
12842,HLA-A*02:16,esm2_mean,locus,0,1.0,13696,0.832909122935104,1.5288789
12843,HLA-A*68:01,esm2_mean,locus,0,1.0,13696,0.6418538861723948,1.7275581
12851,HLA-A*29:02,esm2_mean,locus,0,1.0,13696,1.0296194171811583,1.6626327
12852,HLA-A*80:01,esm2_mean,locus,0,1.0,13696,0.18232155679395465,0.020097196
12853,HLA-A*24:03,esm2_mean,locus,0,1.0,13696,2.747270914255491,0.82781756
12856,HLA-A*32:07,esm2_mean,locus,0,1.0,13696,0.5306282510621704,1.0965562
12857,HLA-A*24:07,esm2_mean,locus,0,1.0,13696,0.26236426446749106,0.80185664
12861,HLA-A*02:19,esm2_mean,locus,0,1.0,13696,3.246490991901174,1.531732
12862,HLA-A*33:03,esm2_mean,locus,0,1.0,13696,0.0,1.1761901
12864,HLA-A*74:01,esm2_mean,locus,0,1.0,13696,1.3609765531356006,0.22375268
12865,HLA-A*74:01,esm2_mean,locus,0,1.0,13696,1.7404661748405046,0.9385651
12868,HLA-A*80:01,esm2_mean,locus,0,1.0,13696,0.0,-0.091793
12869,HLA-A*33:03,esm2_mean,locus,0,1.0,13696,1.410986973710262,1.1976061
12875,HLA-A*23:01,esm2_mean,locus,0,1.0,13696,2.917770732084279,1.2703143
12877,HLA-A*24:02,esm2_mean,locus,0,1.0,13696,0.0,0.65911055
12878,HLA-A*02:50,esm2_mean,locus,0,1.0,13696,3.0252910757955354,1.8133376
12879,HLA-A*68:01,esm2_mean,locus,0,1.0,13696,1.7578579175523736,1.7765837
12881,HLA-A*66:01,esm2_mean,locus,0,1.0,13696,0.18232155679395465,0.6661904
12882,HLA-A*02:16,esm2_mean,locus,0,1.0,13696,3.258096538021482,1.2822349
12883,HLA-A*29:02,esm2_mean,locus,0,1.0,13696,1.7578579175523736,1.8332663
12887,HLA-A*68:23,esm2_mean,locus,0,1.0,13696,0.0,0.13914126
12888,HLA-A*66:01,esm2_mean,locus,0,1.0,13696,0.18232155679395465,0.9352379
12889,HLA-A*01:01,esm2_mean,locus,0,1.0,13696,2.6282852326333477,0.6259565
12890,HLA-A*74:01,esm2_mean,locus,0,1.0,13696,0.18232155679395465,0.35150367
12891,HLA-A*43:01,esm2_mean,locus,0,1.0,13696,0.4054651081081644,0.88877815
12892,HLA-A*80:01,esm2_mean,locus,0,1.0,13696,0.26236426446749106,-0.07457167
12893,HLA-A*23:01,esm2_mean,locus,0,1.0,13696,3.1780538303479458,0.8442933
12895,HLA-A*24:19,esm2_mean,locus,0,1.0,13696,0.18232155679395465,-0.007822216
12896,HLA-A*24:07,esm2_mean,locus,0,1.0,13696,0.33647223662121295,0.552841
12897,HLA-A*66:01,esm2_mean,locus,0,1.0,13696,0.0,0.681031
12899,HLA-A*02:16,esm2_mean,locus,0,1.0,13696,3.3568971227655755,1.3134074
12902,HLA-A*43:01,esm2_mean,locus,0,1.0,13696,0.0,1.1549351
12903,HLA-A*24:02,esm2_mean,locus,0,1.0,13696,0.4700036292457355,1.0123596
12904,HLA-A*02:01,esm2_mean,locus,0,1.0,13696,0.4700036292457355,1.6323841
12910,HLA-A*25:01,esm2_mean,locus,0,1.0,13696,0.0,0.75925714
12919,HLA-A*02:11,esm2_mean,locus,0,1.0,13696,2.322387720290225,1.4823399
12920,HLA-A*02:12,esm2_mean,locus,0,1.0,13696,2.9014215940827497,1.6968763
12924,HLA-A*24:19,esm2_mean,locus,0,1.0,13696,1.9459101490553132,0.035886824
12926,HLA-A*02:50,esm2_mean,locus,0,1.0,13696,3.6584202466292277,1.9732286
12931,HLA-A*43:01,esm2_mean,locus,0,1.0,13696,0.8754687373538999,1.0166764
12932,HLA-A*24:03,esm2_mean,locus,0,1.0,13696,0.4700036292457355,0.7040222
12933,HLA-A*02:50,esm2_mean,locus,0,1.0,13696,3.077312260546414,1.8899353
12936,HLA-A*24:07,esm2_mean,locus,0,1.0,13696,3.0155349008501706,0.66537076
12937,HLA-A*66:01,esm2_mean,locus,0,1.0,13696,0.0,0.63704234
12939,HLA-A*68:01,esm2_mean,locus,0,1.0,13696,0.0,1.3922681
12940,HLA-A*11:01,esm2_mean,locus,0,1.0,13696,3.6082115510464816,1.7251043
12944,HLA-A*30:01,esm2_mean,locus,0,1.0,13696,0.0,1.2328868
12948,HLA-A*30:01,esm2_mean,locus,0,1.0,13696,0.33647223662121295,1.4255993
12955,HLA-A*02:10,esm2_mean,locus,0,1.0,13696,0.832909122935104,0.761824
12956,HLA-A*30:01,esm2_mean,locus,0,1.0,13696,0.0,1.255552
12961,HLA-A*02:11,esm2_mean,locus,0,1.0,13696,0.9932517730102833,1.2422032
12962,HLA-A*30:01,esm2_mean,locus,0,1.0,13696,2.6100697927420065,1.4419413
12965,HLA-A*68:01,esm2_mean,locus,0,1.0,13696,0.5877866649021191,1.5447422
12970,HLA-A*23:01,esm2_mean,locus,0,1.0,13696,2.1041341542702074,1.0432357
12972,HLA-A*01:01,esm2_mean,locus,0,1.0,13696,1.2237754316221157,0.689165
12974,HLA-A*03:01,esm2_mean,locus,0,1.0,13696,0.6931471805599453,2.1941636
12976,HLA-A*23:01,esm2_mean,locus,0,1.0,13696,0.33647223662121295,1.1535907
12977,HLA-A*24:07,esm2_mean,locus,0,1.0,13696,0.6931471805599453,0.7577
12979,HLA-A*24:19,esm2_mean,locus,0,1.0,13696,0.0,-0.07683569
12980,HLA-A*02:16,esm2_mean,locus,0,1.0,13696,3.3638415951183864,1.6722611
12981,HLA-A*33:03,esm2_mean,locus,0,1.0,13696,0.0,1.1805369
12983,HLA-A*32:07,esm2_mean,locus,0,1.0,13696,0.5306282510621704,0.67130214
12985,HLA-A*24:19,esm2_mean,locus,0,1.0,13696,0.4054651081081644,0.3201887
12986,HLA-A*26:03,esm2_mean,locus,0,1.0,13696,0.9162907318741551,0.7599655
12988,HLA-A*02:11,esm2_mean,locus,0,1.0,13696,3.0349529867072724,1.5688161
12994,HLA-A*02:11,esm2_mean,locus,0,1.0,13696,0.7419373447293773,1.5249684
12995,HLA-A*24:03,esm2_mean,locus,0,1.0,13696,0.26236426446749106,0.87331
12996,HLA-A*24:19,esm2_mean,locus,0,1.0,13696,0.4054651081081644,-0.18421727
12997,HLA-A*66:01,esm2_mean,locus,0,1.0,13696,0.0,0.84712934
12998,HLA-A*26:03,esm2_mean,locus,0,1.0,13696,0.18232155679395465,0.6131748
13001,HLA-A*01:01,esm2_mean,locus,0,1.0,13696,0.3987761199573678,0.708249
13002,HLA-A*02:03,esm2_mean,locus,0,1.0,13696,3.0492730404820207,1.2829624
13007,HLA-A*24:02,esm2_mean,locus,0,1.0,13696,1.5260563034950494,1.203764
13011,HLA-A*68:01,esm2_mean,locus,0,1.0,13696,0.26236426446749106,1.9171637
13014,HLA-A*30:02,esm2_mean,locus,0,1.0,13696,0.18232155679395465,0.7561212
13015,HLA-A*32:07,esm2_mean,locus,0,1.0,13696,0.33647223662121295,0.40506077
13017,HLA-A*03:01,esm2_mean,locus,0,1.0,13696,0.26236426446749106,2.012281
13018,HLA-A*02:12,esm2_mean,locus,0,1.0,13696,2.72785282839839,0.91778207
13021,HLA-A*29:02,esm2_mean,locus,0,1.0,13696,0.8754687373538999,1.8318081
13022,HLA-A*31:01,esm2_mean,locus,0,1.0,13696,0.0,1.2219044
13023,HLA-A*68:01,esm2_mean,locus,0,1.0,13696,0.7419373447293773,1.9578407
13025,HLA-A*32:07,esm2_mean,locus,0,1.0,13696,0.0,0.6609074
13026,HLA-A*24:07,esm2_mean,locus,0,1.0,13696,0.6418538861723948,0.7311468
13029,HLA-A*24:02,esm2_mean,locus,0,1.0,13696,1.62924053973028,1.0494043
13030,HLA-A*02:03,esm2_mean,locus,0,1.0,13696,1.4586150226995167,1.0042906
13031,HLA-A*02:19,esm2_mean,locus,0,1.0,13696,0.0,1.498736
13034,HLA-A*02:11,esm2_mean,locus,0,1.0,13696,0.8754687373538999,1.6268811
13037,HLA-A*24:02,esm2_mean,locus,0,1.0,13696,2.8678989020441064,0.6662314
13038,HLA-A*24:02,esm2_mean,locus,0,1.0,13696,0.26236426446749106,0.8661551
13040,HLA-A*11:01,esm2_mean,locus,0,1.0,13696,0.9162907318741551,1.3834119
13042,HLA-A*02:10,esm2_mean,locus,0,1.0,13696,3.597312260588446,0.5965255
13043,HLA-A*30:01,esm2_mean,locus,0,1.0,13696,0.0,1.4773219
13045,HLA-A*24:02,esm2_mean,locus,0,1.0,13696,2.6878474937846906,0.7408531
13046,HLA-A*02:10,esm2_mean,locus,0,1.0,13696,0.5306282510621704,0.773898
13047,HLA-A*02:11,esm2_mean,locus,0,1.0,13696,1.3609765531356006,1.2418841
13048,HLA-A*02:12,esm2_mean,locus,0,1.0,13696,0.33647223662121295,1.2460642
13049,HLA-A*30:02,esm2_mean,locus,0,1.0,13696,1.9600947840472698,1.2111089
13052,HLA-A*68:01,esm2_mean,locus,0,1.0,13696,0.33647223662121295,1.9150617
13054,HLA-A*43:01,esm2_mean,locus,0,1.0,13696,0.0,0.61977327
13055,HLA-A*30:02,esm2_mean,locus,0,1.0,13696,2.5726122302071057,0.9113954
13058,HLA-A*43:01,esm2_mean,locus,0,1.0,13696,0.9162907318741551,0.9305155
13063,HLA-A*30:01,esm2_mean,locus,0,1.0,13696,3.246490991901174,1.4216217
13066,HLA-A*32:07,esm2_mean,locus,0,1.0,13696,0.7419373447293773,0.69848216
13069,HLA-A*68:01,esm2_mean,locus,0,1.0,13696,0.0,1.7397609
13070,HLA-A*11:01,esm2_mean,locus,0,1.0,13696,2.2823823856765264,1.5929048
13082,HLA-A*26:03,esm2_mean,locus,0,1.0,13696,0.4054651081081644,0.63352877
13087,HLA-A*80:01,esm2_mean,locus,0,1.0,13696,0.26236426446749106,-0.09168464
13090,HLA-A*24:02,esm2_mean,locus,0,1.0,13696,1.5686159179138452,0.8344929
13092,HLA-A*30:01,esm2_mean,locus,0,1.0,13696,1.8082887711792655,1.561976
13101,HLA-A*80:01,esm2_mean,locus,0,1.0,13696,0.5877866649021191,0.45213956
13105,HLA-A*43:01,esm2_mean,locus,0,1.0,13696,0.26236426446749106,0.9308232
13106,HLA-A*29:02,esm2_mean,locus,0,1.0,13696,0.0,1.5392752
13107,HLA-A*30:02,esm2_mean,locus,0,1.0,13696,0.0,0.7471067
13114,HLA-A*02:16,esm2_mean,locus,0,1.0,13696,1.916922612182061,1.3024237
13115,HLA-A*02:19,esm2_mean,locus,0,1.0,13696,0.6931471805599453,1.3610318
13116,HLA-A*74:01,esm2_mean,locus,0,1.0,13696,0.33647223662121295,0.4352439
13117,HLA-A*74:01,esm2_mean,locus,0,1.0,13696,3.475067230228611,0.80380315
13119,HLA-A*24:03,esm2_mean,locus,0,1.0,13696,0.7884573603642702,1.1183854
13122,HLA-A*02:12,esm2_mean,locus,0,1.0,13696,2.970414465569701,1.0138988
13124,HLA-A*30:02,esm2_mean,locus,0,1.0,13696,2.714694743820879,0.9611503
13127,HLA-A*02:10,esm2_mean,locus,0,1.0,13696,0.26236426446749106,0.6778518
13128,HLA-A*32:07,esm2_mean,locus,0,1.0,13696,0.4054651081081644,0.42414796
13129,HLA-A*32:07,esm2_mean,locus,0,1.0,13696,0.0,0.39041585
13131,HLA-A*43:01,esm2_mean,locus,0,1.0,13696,1.252762968495368,0.8291539
13132,HLA-A*43:01,esm2_mean,locus,0,1.0,13696,1.1939224684724346,0.9197425
13133,HLA-A*24:07,esm2_mean,locus,0,1.0,13696,0.33647223662121295,0.7814655
13135,HLA-A*02:50,esm2_mean,locus,0,1.0,13696,0.5306282510621704,1.7356019
13138,HLA-A*23:01,esm2_mean,locus,0,1.0,13696,1.9459101490553132,0.92930263
13141,HLA-A*02:01,esm2_mean,locus,0,1.0,13696,2.322387720290225,1.7825286
13142,HLA-A*74:01,esm2_mean,locus,0,1.0,13696,0.8754687373538999,0.6568799
13143,HLA-A*23:01,esm2_mean,locus,0,1.0,13696,0.26236426446749106,0.8503875
13146,HLA-A*68:01,esm2_mean,locus,0,1.0,13696,2.884800712846709,1.9777632
13147,HLA-A*43:01,esm2_mean,locus,0,1.0,13696,0.26236426446749106,0.80742323
13148,HLA-A*68:23,esm2_mean,locus,0,1.0,13696,0.6418538861723948,0.45829386
13149,HLA-A*11:01,esm2_mean,locus,0,1.0,13696,2.1041341542702074,1.2877822
13153,HLA-A*68:23,esm2_mean,locus,0,1.0,13696,0.4700036292457355,0.46156698
13154,HLA-A*02:10,esm2_mean,locus,0,1.0,13696,2.2512917986064953,1.0125597
13155,HLA-A*02:12,esm2_mean,locus,0,1.0,13696,1.7578579175523736,1.0911064
13164,HLA-A*02:12,esm2_mean,locus,0,1.0,13696,1.5686159179138452,1.1704681
13165,HLA-A*68:01,esm2_mean,locus,0,1.0,13696,0.26236426446749106,1.6900563
13167,HLA-A*24:03,esm2_mean,locus,0,1.0,13696,0.18232155679395465,0.6831157
13169,HLA-A*02:10,esm2_mean,locus,0,1.0,13696,0.5306282510621704,0.8597443
13170,HLA-A*11:01,esm2_mean,locus,0,1.0,13696,3.1612467120315646,1.6311586
13171,HLA-A*74:01,esm2_mean,locus,0,1.0,13696,2.066862759472976,0.7150352
13174,HLA-A*02:03,esm2_mean,locus,0,1.0,13696,0.0,1.0868648
13175,HLA-A*33:03,esm2_mean,locus,0,1.0,13696,3.3603753871419,0.9874542
13176,HLA-A*24:03,esm2_mean,locus,0,1.0,13696,3.202746442938317,0.67702204
13177,HLA-A*24:03,esm2_mean,locus,0,1.0,13696,2.468099531471619,0.54818743
13179,HLA-A*24:02,esm2_mean,locus,0,1.0,13696,1.9600947840472698,0.8307508
13180,HLA-A*68:02,esm2_mean,locus,0,1.0,13696,0.09531017980432487,0.8561604
13181,HLA-A*02:01,esm2_mean,locus,0,1.0,13696,3.005682604407159,1.6424744
13182,HLA-A*68:23,esm2_mean,locus,0,1.0,13696,0.18232155679395465,0.683813
13185,HLA-A*43:01,esm2_mean,locus,0,1.0,13696,0.0,0.4269014
13186,HLA-A*80:01,esm2_mean,locus,0,1.0,13696,1.7404661748405046,-0.054759324
13187,HLA-A*25:01,esm2_mean,locus,0,1.0,13696,0.4054651081081644,0.39053267
13188,HLA-A*02:10,esm2_mean,locus,0,1.0,13696,0.6418538861723948,0.7185092
13189,HLA-A*33:03,esm2_mean,locus,0,1.0,13696,3.8501476017100584,1.0588073
13190,HLA-A*11:01,esm2_mean,locus,0,1.0,13696,3.9318256327243257,1.4450722
13191,HLA-A*03:01,esm2_mean,locus,0,1.0,13696,0.33647223662121295,2.0844085
13194,HLA-A*02:01,esm2_mean,locus,0,1.0,13696,0.4700036292457355,1.560323
13195,HLA-A*23:01,esm2_mean,locus,0,1.0,13696,0.4700036292457355,1.2144911
13202,HLA-A*25:01,esm2_mean,locus,0,1.0,13696,0.5306282510621704,0.5843445
13204,HLA-A*29:02,esm2_mean,locus,0,1.0,13696,1.0473189942805592,1.6763165
13205,HLA-A*25:01,esm2_mean,locus,0,1.0,13696,0.832909122935104,0.5666089
13206,HLA-A*66:01,esm2_mean,locus,0,1.0,13696,0.0,0.58946246
13210,HLA-A*31:01,esm2_mean,locus,0,1.0,13696,4.437934266612178,1.2347388
13211,HLA-A*74:01,esm2_mean,locus,0,1.0,13696,0.0,0.759283
13220,HLA-A*31:01,esm2_mean,locus,0,1.0,13696,1.9740810260220096,1.0064278
13221,HLA-A*68:01,esm2_mean,locus,0,1.0,13696,0.0,1.8747127
13224,HLA-A*24:07,esm2_mean,locus,0,1.0,13696,0.832909122935104,0.37487417
13225,HLA-A*24:07,esm2_mean,locus,0,1.0,13696,0.6418538861723948,0.21321034
13228,HLA-A*24:03,esm2_mean,locus,0,1.0,13696,2.928523523860541,0.76965743
13230,HLA-A*02:01,esm2_mean,locus,0,1.0,13696,0.173953307123438,1.7324396
13231,HLA-A*68:01,esm2_mean,locus,0,1.0,13696,2.6461747973841225,1.9986947
13232,HLA-A*74:01,esm2_mean,locus,0,1.0,13696,0.0,0.40773296
13233,HLA-A*43:01,esm2_mean,locus,0,1.0,13696,0.09531017980432487,0.6615367
13234,HLA-A*30:02,esm2_mean,locus,0,1.0,13696,0.18232155679395465,1.019183
13235,HLA-A*30:01,esm2_mean,locus,0,1.0,13696,0.33647223662121295,1.2317568
13237,HLA-A*32:07,esm2_mean,locus,0,1.0,13696,0.9932517730102833,0.40365255
13238,HLA-A*02:50,esm2_mean,locus,0,1.0,13696,1.7749523509116738,1.7999065
13241,HLA-A*24:07,esm2_mean,locus,0,1.0,13696,2.2300144001592104,1.011262
13244,HLA-A*74:01,esm2_mean,locus,0,1.0,13696,3.122364924487357,0.8806044
13245,HLA-A*74:01,esm2_mean,locus,0,1.0,13696,0.0,0.6627773
13249,HLA-A*43:01,esm2_mean,locus,0,1.0,13696,0.0,0.79689735
13250,HLA-A*24:07,esm2_mean,locus,0,1.0,13696,0.6418538861723948,0.6450764
13251,HLA-A*26:03,esm2_mean,locus,0,1.0,13696,0.5877866649021191,0.69582254
13256,HLA-A*24:19,esm2_mean,locus,0,1.0,13696,0.0,-0.36551028
13259,HLA-A*03:01,esm2_mean,locus,0,1.0,13696,1.824549292051046,1.9544158
13263,HLA-A*02:12,esm2_mean,locus,0,1.0,13696,2.747270914255491,1.4460623
13266,HLA-A*02:01,esm2_mean,locus,0,1.0,13696,3.3214324131932926,1.5430543
13271,HLA-A*24:07,esm2_mean,locus,0,1.0,13696,0.9162907318741551,0.9641909
13272,HLA-A*26:03,esm2_mean,locus,0,1.0,13696,0.0,0.636794
13273,HLA-A*80:01,esm2_mean,locus,0,1.0,13696,0.0,-0.15403038
13274,HLA-A*03:01,esm2_mean,locus,0,1.0,13696,0.0,1.8795873
13276,HLA-A*24:03,esm2_mean,locus,0,1.0,13696,0.4700036292457355,0.79333687
13277,HLA-A*24:19,esm2_mean,locus,0,1.0,13696,0.33647223662121295,0.119684696
13278,HLA-A*24:07,esm2_mean,locus,0,1.0,13696,0.9932517730102833,0.5841273
13281,HLA-A*24:03,esm2_mean,locus,0,1.0,13696,1.0296194171811583,0.6150306
13283,HLA-A*25:01,esm2_mean,locus,0,1.0,13696,1.308332819650179,0.8717469
13284,HLA-A*66:01,esm2_mean,locus,0,1.0,13696,0.09531017980432487,0.46222365
13285,HLA-A*66:01,esm2_mean,locus,0,1.0,13696,0.0,0.68354994
13289,HLA-A*43:01,esm2_mean,locus,0,1.0,13696,0.33647223662121295,1.0214384
13290,HLA-A*68:23,esm2_mean,locus,0,1.0,13696,0.33647223662121295,0.4696923
13291,HLA-A*02:16,esm2_mean,locus,0,1.0,13696,3.2108436531709366,1.7562358
13295,HLA-A*68:02,esm2_mean,locus,0,1.0,13696,0.6931471805599453,1.4640533
13298,HLA-A*80:01,esm2_mean,locus,0,1.0,13696,0.33647223662121295,0.24490112
13302,HLA-A*74:01,esm2_mean,locus,0,1.0,13696,3.246490991901174,0.5765182
13303,HLA-A*30:02,esm2_mean,locus,0,1.0,13696,1.7047480922384253,1.0037923
13304,HLA-A*26:02,esm2_mean,locus,0,1.0,13696,0.33647223662121295,-0.08727223
13305,HLA-A*66:01,esm2_mean,locus,0,1.0,13696,0.0,0.6426995
13306,HLA-A*26:03,esm2_mean,locus,0,1.0,13696,0.33647223662121295,0.6926428
13308,HLA-A*43:01,esm2_mean,locus,0,1.0,13696,0.26236426446749106,0.96156394
13310,HLA-A*68:01,esm2_mean,locus,0,1.0,13696,2.8678989020441064,1.6761606
13311,HLA-A*74:01,esm2_mean,locus,0,1.0,13696,0.33647223662121295,0.66986215
13313,HLA-A*30:02,esm2_mean,locus,0,1.0,13696,1.5260563034950494,0.76230836
13315,HLA-A*02:50,esm2_mean,locus,0,1.0,13696,2.5877640352277083,1.7553134
13316,HLA-A*02:16,esm2_mean,locus,0,1.0,13696,3.258096538021482,1.8063293
13319,HLA-A*24:19,esm2_mean,locus,0,1.0,13696,0.33647223662121295,0.46456987
13322,HLA-A*02:11,esm2_mean,locus,0,1.0,13696,3.353406717825807,1.4501022
13323,HLA-A*02:12,esm2_mean,locus,0,1.0,13696,2.8154087194227095,1.267974
13327,HLA-A*23:01,esm2_mean,locus,0,1.0,13696,2.0149030205422647,0.84594786
13328,HLA-A*68:23,esm2_mean,locus,0,1.0,13696,0.09531017980432487,0.38958162
13329,HLA-A*24:02,esm2_mean,locus,0,1.0,13696,0.33647223662121295,0.9846266
13330,HLA-A*02:10,esm2_mean,locus,0,1.0,13696,1.0986122886681098,0.7676491
13333,HLA-A*43:01,esm2_mean,locus,0,1.0,13696,0.4054651081081644,0.74415106
13334,HLA-A*25:01,esm2_mean,locus,0,1.0,13696,0.0,0.36498296
13335,HLA-A*24:02,esm2_mean,locus,0,1.0,13696,1.0296194171811583,0.7130223
13337,HLA-A*26:02,esm2_mean,locus,0,1.0,13696,0.6931471805599453,-0.12238723
13338,HLA-A*68:23,esm2_mean,locus,0,1.0,13696,1.7749523509116738,0.5675413
13339,HLA-A*24:02,esm2_mean,locus,0,1.0,13696,0.4700036292457355,1.0896894
13340,HLA-A*31:01,esm2_mean,locus,0,1.0,13696,1.5686159179138452,1.0484862
13343,HLA-A*31:01,esm2_mean,locus,0,1.0,13696,1.410986973710262,1.4814115
13344,HLA-A*80:01,esm2_mean,locus,0,1.0,13696,0.0,-0.105415404
13346,HLA-A*24:03,esm2_mean,locus,0,1.0,13696,2.312535423847214,0.58793527
13347,HLA-A*68:01,esm2_mean,locus,0,1.0,13696,0.33647223662121295,2.1956615
13348,HLA-A*24:07,esm2_mean,locus,0,1.0,13696,1.791759469228055,0.92842144
13351,HLA-A*43:01,esm2_mean,locus,0,1.0,13696,0.0,0.91921616
13352,HLA-A*32:07,esm2_mean,locus,0,1.0,13696,0.0,0.8380376
13353,HLA-A*24:07,esm2_mean,locus,0,1.0,13696,0.832909122935104,0.42962712
13354,HLA-A*24:07,esm2_mean,locus,0,1.0,13696,0.4054651081081644,1.0322775
13356,HLA-A*02:10,esm2_mean,locus,0,1.0,13696,0.18232155679395465,0.7243588
13359,HLA-A*23:01,esm2_mean,locus,0,1.0,13696,2.5877640352277083,0.8537088
13368,HLA-A*24:03,esm2_mean,locus,0,1.0,13696,0.9162907318741551,0.8213107
13369,HLA-A*24:07,esm2_mean,locus,0,1.0,13696,0.18232155679395465,0.6502488
13370,HLA-A*02:11,esm2_mean,locus,0,1.0,13696,2.468099531471619,1.0942138
13371,HLA-A*02:50,esm2_mean,locus,0,1.0,13696,0.26236426446749106,2.063137
13376,HLA-A*24:07,esm2_mean,locus,0,1.0,13696,0.9555114450274363,1.2934555
13377,HLA-A*30:01,esm2_mean,locus,0,1.0,13696,1.3609765531356006,1.543
13378,HLA-A*11:01,esm2_mean,locus,0,1.0,13696,4.39197696552705,1.262089
13379,HLA-A*74:01,esm2_mean,locus,0,1.0,13696,2.028148247292285,0.8600008
13382,HLA-A*30:02,esm2_mean,locus,0,1.0,13696,0.4054651081081644,0.38122225
13383,HLA-A*25:01,esm2_mean,locus,0,1.0,13696,0.26236426446749106,0.40043944
13384,HLA-A*66:01,esm2_mean,locus,0,1.0,13696,0.4054651081081644,0.77575195
13386,HLA-A*02:10,esm2_mean,locus,0,1.0,13696,1.9315214116032138,0.7943828
13387,HLA-A*02:10,esm2_mean,locus,0,1.0,13696,0.4700036292457355,0.5999402
13388,HLA-A*02:16,esm2_mean,locus,0,1.0,13696,1.0296194171811583,1.4982014
13392,HLA-A*31:01,esm2_mean,locus,0,1.0,13696,5.099256485749784,1.4307017
13393,HLA-A*68:01,esm2_mean,locus,0,1.0,13696,0.26236426446749106,1.9156933
13402,HLA-A*02:11,esm2_mean,locus,0,1.0,13696,1.9878743481543455,1.0026224
13404,HLA-A*26:03,esm2_mean,locus,0,1.0,13696,0.0,0.61979645
13405,HLA-A*11:01,esm2_mean,locus,0,1.0,13696,2.8903717578961645,1.5092859
13409,HLA-A*23:01,esm2_mean,locus,0,1.0,13696,2.028148247292285,1.3529832
13410,HLA-A*24:07,esm2_mean,locus,0,1.0,13696,0.9162907318741551,0.4771272
13411,HLA-A*24:07,esm2_mean,locus,0,1.0,13696,0.6418538861723948,0.50689816
13412,HLA-A*02:01,esm2_mean,locus,0,1.0,13696,3.242592351485517,1.790689
13413,HLA-A*66:01,esm2_mean,locus,0,1.0,13696,1.2809338454620642,1.0266013
13414,HLA-A*26:03,esm2_mean,locus,0,1.0,13696,0.6418538861723948,0.7087292
13415,HLA-A*02:11,esm2_mean,locus,0,1.0,13696,0.33647223662121295,1.9385653
13418,HLA-A*26:02,esm2_mean,locus,0,1.0,13696,2.128231705849268,0.008654535
13420,HLA-A*02:19,esm2_mean,locus,0,1.0,13696,0.4700036292457355,1.5818989
13423,HLA-A*29:02,esm2_mean,locus,0,1.0,13696,1.4350845252893227,1.650557
13424,HLA-A*32:07,esm2_mean,locus,0,1.0,13696,0.0,0.4853901
13428,HLA-A*24:07,esm2_mean,locus,0,1.0,13696,1.5260563034950494,0.42571658
13429,HLA-A*24:02,esm2_mean,locus,0,1.0,13696,1.840549633397487,0.662321
13430,HLA-A*24:02,esm2_mean,locus,0,1.0,13696,0.832909122935104,0.9258822
13432,HLA-A*43:01,esm2_mean,locus,0,1.0,13696,0.26236426446749106,0.9512061
13434,HLA-A*24:19,esm2_mean,locus,0,1.0,13696,0.18232155679395465,0.15125495
13436,HLA-A*02:10,esm2_mean,locus,0,1.0,13696,3.1135153092103742,0.82145584
13437,HLA-A*02:19,esm2_mean,locus,0,1.0,13696,0.0,1.1624048
13438,HLA-A*11:01,esm2_mean,locus,0,1.0,13696,0.6418538861723948,1.6382349
13441,HLA-A*66:01,esm2_mean,locus,0,1.0,13696,0.18232155679395465,0.74114865
13442,HLA-A*26:03,esm2_mean,locus,0,1.0,13696,0.0,0.5438664
13444,HLA-A*02:10,esm2_mean,locus,0,1.0,13696,0.7419373447293773,0.63221025
13445,HLA-A*02:16,esm2_mean,locus,0,1.0,13696,0.0,1.2967886
13446,HLA-A*74:01,esm2_mean,locus,0,1.0,13696,1.33500106673234,0.8915529
13448,HLA-A*43:01,esm2_mean,locus,0,1.0,13696,0.26236426446749106,0.71429455
13449,HLA-A*24:07,esm2_mean,locus,0,1.0,13696,0.4054651081081644,0.32739598
13450,HLA-A*01:01,esm2_mean,locus,0,1.0,13696,2.9678470700644555,0.8065934
13451,HLA-A*24:02,esm2_mean,locus,0,1.0,13696,0.09531017980432487,0.57744205
13454,HLA-A*02:03,esm2_mean,locus,0,1.0,13696,0.33647223662121295,1.199944
13455,HLA-A*33:03,esm2_mean,locus,0,1.0,13696,0.0,1.1287578
13456,HLA-A*68:01,esm2_mean,locus,0,1.0,13696,3.126760535960395,1.8561947
13457,HLA-A*74:01,esm2_mean,locus,0,1.0,13696,0.0,0.500713
13459,HLA-A*29:02,esm2_mean,locus,0,1.0,13696,0.33647223662121295,1.8485564
13465,HLA-A*02:11,esm2_mean,locus,0,1.0,13696,3.044522437723423,1.3610959
13471,HLA-A*01:01,esm2_mean,locus,0,1.0,13696,2.402430427963762,0.8402002
13472,HLA-A*03:01,esm2_mean,locus,0,1.0,13696,0.0,1.6378047
13473,HLA-A*33:03,esm2_mean,locus,0,1.0,13696,1.6094379124341003,1.1590078
13477,HLA-A*43:01,esm2_mean,locus,0,1.0,13696,0.0,0.7409483
13480,HLA-A*02:50,esm2_mean,locus,0,1.0,13696,2.2407096892759584,2.1825545
13486,HLA-A*02:11,esm2_mean,locus,0,1.0,13696,3.139832617527748,1.6285207
13487,HLA-A*02:11,esm2_mean,locus,0,1.0,13696,2.8154087194227095,1.1769924
13488,HLA-A*02:19,esm2_mean,locus,0,1.0,13696,3.3463891451671604,1.5560031
13490,HLA-A*29:02,esm2_mean,locus,0,1.0,13696,1.4586150226995167,1.1733913
13493,HLA-A*02:16,esm2_mean,locus,0,1.0,13696,3.186352633162641,1.2646457
13498,HLA-A*29:02,esm2_mean,locus,0,1.0,13696,0.4054651081081644,1.3766404
13500,HLA-A*43:01,esm2_mean,locus,0,1.0,13696,0.33647223662121295,0.9862611
13501,HLA-A*30:02,esm2_mean,locus,0,1.0,13696,1.2809338454620642,0.98261684
13503,HLA-A*25:01,esm2_mean,locus,0,1.0,13696,0.0,0.8042246
13504,HLA-A*68:23,esm2_mean,locus,0,1.0,13696,0.4700036292457355,0.5253581
13506,HLA-A*02:16,esm2_mean,locus,0,1.0,13696,0.9555114450274363,1.4571021
13508,HLA-A*43:01,esm2_mean,locus,0,1.0,13696,0.832909122935104,0.9085005
13509,HLA-A*32:07,esm2_mean,locus,0,1.0,13696,0.0,0.724548
13511,HLA-A*24:02,esm2_mean,locus,0,1.0,13696,0.4700036292457355,0.7645832
13512,HLA-A*02:19,esm2_mean,locus,0,1.0,13696,3.543853682063679,1.8378956
13513,HLA-A*74:01,esm2_mean,locus,0,1.0,13696,0.4054651081081644,0.67905784
13516,HLA-A*26:03,esm2_mean,locus,0,1.0,13696,1.8870696490323797,0.6553581
13518,HLA-A*02:03,esm2_mean,locus,0,1.0,13696,1.252762968495368,1.2896633
13523,HLA-A*02:50,esm2_mean,locus,0,1.0,13696,2.8507065015037334,2.050502
13524,HLA-A*02:19,esm2_mean,locus,0,1.0,13696,1.2237754316221157,1.5358965
13526,HLA-A*80:01,esm2_mean,locus,0,1.0,13696,0.0,0.16361421
13528,HLA-A*26:02,esm2_mean,locus,0,1.0,13696,1.410986973710262,-0.088508785
13532,HLA-A*02:03,esm2_mean,locus,0,1.0,13696,3.949318790171843,1.2183025
13533,HLA-A*33:03,esm2_mean,locus,0,1.0,13696,0.6418538861723948,0.8265623
13534,HLA-A*32:07,esm2_mean,locus,0,1.0,13696,1.308332819650179,0.39208764
13537,HLA-A*33:03,esm2_mean,locus,0,1.0,13696,0.0,1.3623315
13538,HLA-A*68:01,esm2_mean,locus,0,1.0,13696,1.7749523509116738,1.2692482
13541,HLA-A*43:01,esm2_mean,locus,0,1.0,13696,0.0,1.037211
13548,HLA-A*02:50,esm2_mean,locus,0,1.0,13696,1.33500106673234,1.519458
13549,HLA-A*11:01,esm2_mean,locus,0,1.0,13696,0.8754687373538999,1.3736565
13550,HLA-A*26:03,esm2_mean,locus,0,1.0,13696,0.0,0.59549826
13551,HLA-A*26:03,esm2_mean,locus,0,1.0,13696,0.0,0.4098063
13554,HLA-A*29:02,esm2_mean,locus,0,1.0,13696,0.5877866649021191,1.9945326
13557,HLA-A*68:23,esm2_mean,locus,0,1.0,13696,2.884800712846709,0.5692652
13558,HLA-A*74:01,esm2_mean,locus,0,1.0,13696,0.7419373447293773,0.748327
13563,HLA-A*02:03,esm2_mean,locus,0,1.0,13696,0.4700036292457355,1.1411455
13564,HLA-A*02:01,esm2_mean,locus,0,1.0,13696,2.70805020110221,1.6674604
13565,HLA-A*24:19,esm2_mean,locus,0,1.0,13696,0.0,-0.06727594
13566,HLA-A*26:02,esm2_mean,locus,0,1.0,13696,0.6931471805599453,-0.06528205
13568,HLA-A*02:10,esm2_mean,locus,0,1.0,13696,0.33647223662121295,0.5698813
13569,HLA-A*29:02,esm2_mean,locus,0,1.0,13696,0.0,1.8006756
13570,HLA-A*02:16,esm2_mean,locus,0,1.0,13696,2.2082744135228043,1.2998068
13571,HLA-A*43:01,esm2_mean,locus,0,1.0,13696,0.7419373447293773,0.9480125
13573,HLA-A*02:16,esm2_mean,locus,0,1.0,13696,2.0541237336955462,1.5984979
13577,HLA-A*24:03,esm2_mean,locus,0,1.0,13696,1.9459101490553132,1.0263804
13578,HLA-A*24:07,esm2_mean,locus,0,1.0,13696,0.7884573603642702,0.76012534
13580,HLA-A*02:10,esm2_mean,locus,0,1.0,13696,2.1162555148025524,1.1084821
13581,HLA-A*31:01,esm2_mean,locus,0,1.0,13696,2.5416019934645457,1.0571342
13582,HLA-A*68:01,esm2_mean,locus,0,1.0,13696,0.5877866649021191,1.8272552
13583,HLA-A*11:01,esm2_mean,locus,0,1.0,13696,0.5306282510621704,1.2408767
13589,HLA-A*30:01,esm2_mean,locus,0,1.0,13696,0.4054651081081644,1.5185032
13590,HLA-A*74:01,esm2_mean,locus,0,1.0,13696,0.4054651081081644,0.60098517
13593,HLA-A*29:02,esm2_mean,locus,0,1.0,13696,0.4700036292457355,1.5981431
13594,HLA-A*24:07,esm2_mean,locus,0,1.0,13696,2.028148247292285,0.554713
13595,HLA-A*43:01,esm2_mean,locus,0,1.0,13696,0.0,0.8665564
13596,HLA-A*26:02,esm2_mean,locus,0,1.0,13696,0.18232155679395465,-0.29671055
13597,HLA-A*33:03,esm2_mean,locus,0,1.0,13696,0.0,0.96420777
13600,HLA-A*02:16,esm2_mean,locus,0,1.0,13696,2.186051276738094,1.7025695
13601,HLA-A*43:01,esm2_mean,locus,0,1.0,13696,0.6931471805599453,0.7294007
13604,HLA-A*02:10,esm2_mean,locus,0,1.0,13696,3.7328963395307104,0.640736
13605,HLA-A*02:16,esm2_mean,locus,0,1.0,13696,2.3513752571634776,1.9956028
13607,HLA-A*03:01,esm2_mean,locus,0,1.0,13696,0.0,1.7297556
13609,HLA-A*02:03,esm2_mean,locus,0,1.0,13696,2.9231615807191558,1.1464067
13610,HLA-A*02:50,esm2_mean,locus,0,1.0,13696,1.547562508716013,1.8843429
13615,HLA-A*02:50,esm2_mean,locus,0,1.0,13696,3.242592351485517,1.6029072
13617,HLA-A*02:03,esm2_mean,locus,0,1.0,13696,2.3513752571634776,0.6767889
13618,HLA-A*23:01,esm2_mean,locus,0,1.0,13696,1.4816045409242156,0.8869662
13620,HLA-A*02:12,esm2_mean,locus,0,1.0,13696,3.0106208860477417,1.2069273
13621,HLA-A*30:01,esm2_mean,locus,0,1.0,13696,0.0,1.1658441
13627,HLA-A*43:01,esm2_mean,locus,0,1.0,13696,0.4054651081081644,1.088753
13631,HLA-A*26:03,esm2_mean,locus,0,1.0,13696,0.0,0.73673916
13633,HLA-A*02:10,esm2_mean,locus,0,1.0,13696,3.100092288878234,1.0227275
13634,HLA-A*26:03,esm2_mean,locus,0,1.0,13696,0.4700036292457355,0.49529025
13635,HLA-A*26:03,esm2_mean,locus,0,1.0,13696,0.33647223662121295,0.87928104
13636,HLA-A*02:19,esm2_mean,locus,0,1.0,13696,0.4700036292457355,1.3746892
13637,HLA-A*68:01,esm2_mean,locus,0,1.0,13696,0.0,1.8589134
13638,HLA-A*11:01,esm2_mean,locus,0,1.0,13696,0.9932517730102833,1.3680372
13642,HLA-A*02:50,esm2_mean,locus,0,1.0,13696,0.7884573603642702,1.7853348
13646,HLA-A*32:07,esm2_mean,locus,0,1.0,13696,0.832909122935104,0.41135144
13648,HLA-A*26:02,esm2_mean,locus,0,1.0,13696,0.33647223662121295,-0.17874712
13651,HLA-A*02:10,esm2_mean,locus,0,1.0,13696,2.2192034840549946,0.66539514
13652,HLA-A*30:01,esm2_mean,locus,0,1.0,13696,0.0,1.2608736
13655,HLA-A*80:01,esm2_mean,locus,0,1.0,13696,0.18232155679395465,0.23255873
13657,HLA-A*24:19,esm2_mean,locus,0,1.0,13696,0.0,-0.40637022
13658,HLA-A*24:07,esm2_mean,locus,0,1.0,13696,2.0412203288596382,0.96716017
13660,HLA-A*03:01,esm2_mean,locus,0,1.0,13696,0.0,1.8740578
13661,HLA-A*02:10,esm2_mean,locus,0,1.0,13696,0.33647223662121295,0.68445534
13662,HLA-A*30:01,esm2_mean,locus,0,1.0,13696,0.5306282510621704,1.4861093
13664,HLA-A*24:19,esm2_mean,locus,0,1.0,13696,0.0,0.2100901
13669,HLA-A*26:03,esm2_mean,locus,0,1.0,13696,0.33647223662121295,0.7593145
13670,HLA-A*03:01,esm2_mean,locus,0,1.0,13696,2.884800712846709,2.2873273
13672,HLA-A*02:03,esm2_mean,locus,0,1.0,13696,0.832909122935104,1.3286653
13678,HLA-A*11:01,esm2_mean,locus,0,1.0,13696,2.740840023925201,1.6553414
13679,HLA-A*74:01,esm2_mean,locus,0,1.0,13696,4.804840381116659,0.75547373
13682,HLA-A*80:01,esm2_mean,locus,0,1.0,13696,0.0,0.0757705
13683,HLA-A*02:10,esm2_mean,locus,0,1.0,13696,0.9932517730102833,0.7955508
13684,HLA-A*74:01,esm2_mean,locus,0,1.0,13696,0.6931471805599453,0.66080076
13685,HLA-A*24:02,esm2_mean,locus,0,1.0,13696,3.152736022363656,1.171643
13688,HLA-A*24:03,esm2_mean,locus,0,1.0,13696,0.9162907318741551,0.5806999
13691,HLA-A*24:02,esm2_mean,locus,0,1.0,13696,0.26236426446749106,0.8407346
13695,HLA-A*30:02,esm2_mean,locus,0,1.0,13696,0.26236426446749106,0.8372518
13696,HLA-A*24:03,esm2_mean,locus,0,1.0,13696,1.667706820558076,0.85742867
13699,HLA-A*24:07,esm2_mean,locus,0,1.0,13696,2.4595888418037104,1.1574242
13700,HLA-A*24:07,esm2_mean,locus,0,1.0,13696,0.6418538861723948,0.70638746
13703,HLA-A*24:02,esm2_mean,locus,0,1.0,13696,0.4700036292457355,1.1576196
13706,HLA-A*68:23,esm2_mean,locus,0,1.0,13696,0.18232155679395465,0.5178374
13709,HLA-A*24:19,esm2_mean,locus,0,1.0,13696,0.09531017980432487,0.39873922
13710,HLA-A*66:01,esm2_mean,locus,0,1.0,13696,0.4700036292457355,1.14972
13714,HLA-A*02:03,esm2_mean,locus,0,1.0,13696,2.0794415416798357,1.8260674
13715,HLA-A*02:10,esm2_mean,locus,0,1.0,13696,0.6931471805599453,0.79125845
13717,HLA-A*24:07,esm2_mean,locus,0,1.0,13696,0.4700036292457355,0.91500306
13718,HLA-A*24:02,esm2_mean,locus,0,1.0,13696,0.18232155679395465,0.6490912
13719,HLA-A*02:01,esm2_mean,locus,0,1.0,13696,2.3702437414678603,1.8367748
13720,HLA-A*02:12,esm2_mean,locus,0,1.0,13696,1.9600947840472698,1.0036974
13722,HLA-A*66:01,esm2_mean,locus,0,1.0,13696,0.26236426446749106,0.728992
13725,HLA-A*29:02,esm2_mean,locus,0,1.0,13696,0.09531017980432487,1.680162
13726,HLA-A*02:03,esm2_mean,locus,0,1.0,13696,1.667706820558076,1.4289627
13727,HLA-A*74:01,esm2_mean,locus,0,1.0,13696,1.1631508098056809,0.9626966
13729,HLA-A*23:01,esm2_mean,locus,0,1.0,13696,1.1939224684724346,1.111501
13730,HLA-A*26:02,esm2_mean,locus,0,1.0,13696,0.0,0.31381994
13733,HLA-A*66:01,esm2_mean,locus,0,1.0,13696,1.3609765531356006,0.8343045
13735,HLA-A*02:01,esm2_mean,locus,0,1.0,13696,3.40452517175483,1.7444961
13738,HLA-A*03:01,esm2_mean,locus,0,1.0,13696,4.646312129319266,1.8472228
13740,HLA-A*02:10,esm2_mean,locus,0,1.0,13696,1.7578579175523736,0.86866415
13741,HLA-A*26:02,esm2_mean,locus,0,1.0,13696,0.26236426446749106,-0.078501046
13746,HLA-A*23:01,esm2_mean,locus,0,1.0,13696,0.9555114450274363,0.7823021
13747,HLA-A*24:19,esm2_mean,locus,0,1.0,13696,0.0,-0.025928676
13748,HLA-A*24:07,esm2_mean,locus,0,1.0,13696,0.9932517730102833,0.78777313
13749,HLA-A*24:02,esm2_mean,locus,0,1.0,13696,1.8718021769015913,0.59019434
13753,HLA-A*74:01,esm2_mean,locus,0,1.0,13696,0.5877866649021191,0.54531205
13756,HLA-A*25:01,esm2_mean,locus,0,1.0,13696,0.13976194237515868,0.68980277
13757,HLA-A*03:01,esm2_mean,locus,0,1.0,13696,1.0296194171811583,2.0139964
13761,HLA-A*24:07,esm2_mean,locus,0,1.0,13696,2.8213788864092133,0.48102012
13763,HLA-A*33:03,esm2_mean,locus,0,1.0,13696,2.4336133554004498,1.3121804
13764,HLA-A*68:01,esm2_mean,locus,0,1.0,13696,0.9162907318741551,1.7526693
13766,HLA-A*43:01,esm2_mean,locus,0,1.0,13696,0.26236426446749106,1.0148417
13767,HLA-A*24:07,esm2_mean,locus,0,1.0,13696,0.5877866649021191,0.7656284
13768,HLA-A*24:02,esm2_mean,locus,0,1.0,13696,0.832909122935104,1.1845434
13770,HLA-A*26:02,esm2_mean,locus,0,1.0,13696,1.7749523509116738,0.119362295
13772,HLA-A*68:23,esm2_mean,locus,0,1.0,13696,0.5306282510621704,0.5831158
13774,HLA-A*24:02,esm2_mean,locus,0,1.0,13696,0.832909122935104,1.0758929
13776,HLA-A*43:01,esm2_mean,locus,0,1.0,13696,0.33647223662121295,1.0493422
13778,HLA-A*68:23,esm2_mean,locus,0,1.0,13696,0.6931471805599453,0.3810113
13780,HLA-A*29:02,esm2_mean,locus,0,1.0,13696,0.18232155679395465,1.9212701
13781,HLA-A*26:03,esm2_mean,locus,0,1.0,13696,0.9555114450274363,0.6233253
13784,HLA-A*24:02,esm2_mean,locus,0,1.0,13696,0.5306282510621704,1.3035928
13785,HLA-A*33:03,esm2_mean,locus,0,1.0,13696,0.0,1.2514547
13788,HLA-A*24:03,esm2_mean,locus,0,1.0,13696,3.1484533605716547,0.9036279
13790,HLA-A*24:19,esm2_mean,locus,0,1.0,13696,0.0,0.091801345
13791,HLA-A*26:03,esm2_mean,locus,0,1.0,13696,0.18232155679395465,0.55429566
13792,HLA-A*11:01,esm2_mean,locus,0,1.0,13696,2.580216829592325,1.5574872
13795,HLA-A*80:01,esm2_mean,locus,0,1.0,13696,0.0,-0.0790872
13796,HLA-A*23:01,esm2_mean,locus,0,1.0,13696,3.3945083935113587,0.73064023
13797,HLA-A*24:03,esm2_mean,locus,0,1.0,13696,1.840549633397487,0.7644865
13798,HLA-A*25:01,esm2_mean,locus,0,1.0,13696,0.0,0.29734993
13810,HLA-A*66:01,esm2_mean,locus,0,1.0,13696,0.0,0.8208016
13816,HLA-A*02:01,esm2_mean,locus,0,1.0,13696,1.9740810260220096,1.4957244
13817,HLA-A*02:10,esm2_mean,locus,0,1.0,13696,0.26236426446749106,0.80227095
13818,HLA-A*68:01,esm2_mean,locus,0,1.0,13696,0.26236426446749106,1.2820143
13820,HLA-A*80:01,esm2_mean,locus,0,1.0,13696,0.0,0.1382364
13821,HLA-A*26:02,esm2_mean,locus,0,1.0,13696,0.26236426446749106,-0.113826334
13827,HLA-A*02:01,esm2_mean,locus,0,1.0,13696,3.201933104137889,1.4372232
13829,HLA-A*02:10,esm2_mean,locus,0,1.0,13696,0.8754687373538999,0.36300606
13830,HLA-A*68:01,esm2_mean,locus,0,1.0,13696,4.019082077721554,1.5664306
13839,HLA-A*23:01,esm2_mean,locus,0,1.0,13696,0.4054651081081644,1.0792725
13841,HLA-A*02:16,esm2_mean,locus,0,1.0,13696,3.459466289786131,1.5569384
13842,HLA-A*33:03,esm2_mean,locus,0,1.0,13696,2.379546134130174,0.80798984
13843,HLA-A*24:03,esm2_mean,locus,0,1.0,13696,2.028148247292285,0.7585223
13845,HLA-A*02:19,esm2_mean,locus,0,1.0,13696,2.379546134130174,1.5633423
13846,HLA-A*23:01,esm2_mean,locus,0,1.0,13696,3.0252910757955354,0.78792274
13848,HLA-A*25:01,esm2_mean,locus,0,1.0,13696,1.252762968495368,0.48807842
13850,HLA-A*24:02,esm2_mean,locus,0,1.0,13696,3.0204248861443626,0.9086784
13851,HLA-A*68:01,esm2_mean,locus,0,1.0,13696,1.9878743481543455,1.6435244
13854,HLA-A*24:19,esm2_mean,locus,0,1.0,13696,0.09531017980432487,0.1924054
13856,HLA-A*24:02,esm2_mean,locus,0,1.0,13696,0.6418538861723948,0.9137751
13860,HLA-A*32:07,esm2_mean,locus,0,1.0,13696,0.0,0.7788639
13862,HLA-A*24:02,esm2_mean,locus,0,1.0,13696,2.856470206220483,0.62223923
13863,HLA-A*02:50,esm2_mean,locus,0,1.0,13696,2.533696813957432,1.9495416
13867,HLA-A*32:07,esm2_mean,locus,0,1.0,13696,0.0,0.3542263
13870,HLA-A*02:12,esm2_mean,locus,0,1.0,13696,2.833213344056216,0.83634067
13874,HLA-A*24:02,esm2_mean,locus,0,1.0,13696,0.4054651081081644,0.611478
13875,HLA-A*24:19,esm2_mean,locus,0,1.0,13696,0.26236426446749106,-0.1677211
13876,HLA-A*02:03,esm2_mean,locus,0,1.0,13696,3.4011973816621555,1.1498002
13879,HLA-A*24:19,esm2_mean,locus,0,1.0,13696,0.18232155679395465,-0.04148084
13888,HLA-A*32:01,esm2_mean,locus,0,1.0,13696,1.7047480922384253,0.8621796
13889,HLA-A*31:01,esm2_mean,locus,0,1.0,13696,0.9555114450274363,1.3776635
13893,HLA-A*02:10,esm2_mean,locus,0,1.0,13696,1.9878743481543455,0.71506846
13894,HLA-A*30:01,esm2_mean,locus,0,1.0,13696,0.6418538861723948,1.3910017
13897,HLA-A*43:01,esm2_mean,locus,0,1.0,13696,0.26236426446749106,0.9131597
13898,HLA-A*02:50,esm2_mean,locus,0,1.0,13696,2.8791984572980396,1.5933454
13899,HLA-A*02:16,esm2_mean,locus,0,1.0,13696,3.104586678466073,1.5580084
13903,HLA-A*02:03,esm2_mean,locus,0,1.0,13696,1.9315214116032138,1.2627221
13904,HLA-A*30:02,esm2_mean,locus,0,1.0,13696,0.33647223662121295,1.3761648
13905,HLA-A*29:02,esm2_mean,locus,0,1.0,13696,1.9530276168241774,1.4966273
13907,HLA-A*68:01,esm2_mean,locus,0,1.0,13696,0.0,1.8064978
13910,HLA-A*29:02,esm2_mean,locus,0,1.0,13696,2.0794415416798357,1.6057973
13911,HLA-A*26:03,esm2_mean,locus,0,1.0,13696,0.4054651081081644,0.67482185
13912,HLA-A*26:03,esm2_mean,locus,0,1.0,13696,0.0,0.527228
13913,HLA-A*26:03,esm2_mean,locus,0,1.0,13696,0.0,0.7244766
13914,HLA-A*02:10,esm2_mean,locus,0,1.0,13696,1.33500106673234,0.43327492
13915,HLA-A*02:11,esm2_mean,locus,0,1.0,13696,1.824549292051046,1.455549
13918,HLA-A*26:02,esm2_mean,locus,0,1.0,13696,0.9932517730102833,-0.07714468
13920,HLA-A*02:50,esm2_mean,locus,0,1.0,13696,3.2268439945173775,1.7886331
13925,HLA-A*24:02,esm2_mean,locus,0,1.0,13696,0.8754687373538999,1.0748246
13932,HLA-A*24:02,esm2_mean,locus,0,1.0,13696,1.0296194171811583,0.71373063
13933,HLA-A*31:01,esm2_mean,locus,0,1.0,13696,0.8754687373538999,1.3785698
13935,HLA-A*80:01,esm2_mean,locus,0,1.0,13696,2.0541237336955462,0.36597806
13936,HLA-A*24:02,esm2_mean,locus,0,1.0,13696,0.26236426446749106,0.96798134
13942,HLA-A*02:11,esm2_mean,locus,0,1.0,13696,2.6461747973841225,1.4375076
13943,HLA-A*02:16,esm2_mean,locus,0,1.0,13696,2.0412203288596382,1.5560532
13946,HLA-A*23:01,esm2_mean,locus,0,1.0,13696,0.7419373447293773,1.0246994
13949,HLA-A*02:11,esm2_mean,locus,0,1.0,13696,3.0349529867072724,1.2228318
13953,HLA-A*30:02,esm2_mean,locus,0,1.0,13696,0.18232155679395465,0.99669945
13955,HLA-A*24:02,esm2_mean,locus,0,1.0,13696,0.09531017980432487,0.89291435
13957,HLA-A*30:01,esm2_mean,locus,0,1.0,13696,0.0,1.6442182
13958,HLA-A*68:01,esm2_mean,locus,0,1.0,13696,2.0918640616783932,1.8229015
13965,HLA-A*68:23,esm2_mean,locus,0,1.0,13696,1.8718021769015913,0.75616014
13969,HLA-A*23:01,esm2_mean,locus,0,1.0,13696,1.0296194171811583,0.9364433
13970,HLA-A*24:19,esm2_mean,locus,0,1.0,13696,1.4816045409242156,0.050281107
13971,HLA-A*01:01,esm2_mean,locus,0,1.0,13696,0.4700036292457355,0.6751224
13973,HLA-A*68:01,esm2_mean,locus,0,1.0,13696,0.26236426446749106,1.9695419
13975,HLA-A*80:01,esm2_mean,locus,0,1.0,13696,0.26236426446749106,0.005251348
13976,HLA-A*26:03,esm2_mean,locus,0,1.0,13696,0.7884573603642702,0.8148405
13981,HLA-A*43:01,esm2_mean,locus,0,1.0,13696,0.7884573603642702,0.9310262
13982,HLA-A*01:01,esm2_mean,locus,0,1.0,13696,0.2151113796169455,0.1626069
13983,HLA-A*24:02,esm2_mean,locus,0,1.0,13696,3.100092288878234,0.981466
13984,HLA-A*02:11,esm2_mean,locus,0,1.0,13696,1.7047480922384253,1.2035227
13985,HLA-A*02:19,esm2_mean,locus,0,1.0,13696,2.714694743820879,1.6798897
13988,HLA-A*43:01,esm2_mean,locus,0,1.0,13696,0.26236426446749106,0.86646855
13991,HLA-A*26:02,esm2_mean,locus,0,1.0,13696,0.4054651081081644,-0.029744923
13993,HLA-A*23:01,esm2_mean,locus,0,1.0,13696,1.2809338454620642,0.76880634
13994,HLA-A*11:01,esm2_mean,locus,0,1.0,13696,4.279440045898781,1.096484
13997,HLA-A*80:01,esm2_mean,locus,0,1.0,13696,0.0,0.20454127
14001,HLA-A*02:50,esm2_mean,locus,0,1.0,13696,0.832909122935104,1.5972588
14002,HLA-A*24:19,esm2_mean,locus,0,1.0,13696,0.18232155679395465,-0.10423857
14003,HLA-A*25:01,esm2_mean,locus,0,1.0,13696,1.4586150226995167,0.20812792
14004,HLA-A*68:01,esm2_mean,locus,0,1.0,13696,3.505557396986398,1.723479
14006,HLA-A*43:01,esm2_mean,locus,0,1.0,13696,0.0,0.9113314
14011,HLA-A*24:02,esm2_mean,locus,0,1.0,13696,2.0541237336955462,0.82565117
14015,HLA-A*24:07,esm2_mean,locus,0,1.0,13696,0.5306282510621704,0.7022968
14016,HLA-A*68:23,esm2_mean,locus,0,1.0,13696,2.312535423847214,0.68679875
14019,HLA-A*33:03,esm2_mean,locus,0,1.0,13696,2.631888840136646,1.3507522
14020,HLA-A*25:01,esm2_mean,locus,0,1.0,13696,0.26236426446749106,0.113604486
14026,HLA-A*80:01,esm2_mean,locus,0,1.0,13696,0.33647223662121295,-0.060913622
14027,HLA-A*23:01,esm2_mean,locus,0,1.0,13696,2.8390784635086144,0.92429966
14028,HLA-A*23:01,esm2_mean,locus,0,1.0,13696,3.246490991901174,0.8331251
14029,HLA-A*26:02,esm2_mean,locus,0,1.0,13696,1.0296194171811583,-0.049930155
14030,HLA-A*66:01,esm2_mean,locus,0,1.0,13696,0.0,0.6499967
14031,HLA-A*03:01,esm2_mean,locus,0,1.0,13696,1.62924053973028,1.8910086
14032,HLA-A*02:12,esm2_mean,locus,0,1.0,13696,2.8507065015037334,1.0902746
14033,HLA-A*02:50,esm2_mean,locus,0,1.0,13696,2.4336133554004498,1.7355714
14037,HLA-A*68:01,esm2_mean,locus,0,1.0,13696,2.5572273113676265,1.4595606
14038,HLA-A*02:12,esm2_mean,locus,0,1.0,13696,3.711130063048756,1.2582116
14039,HLA-A*30:01,esm2_mean,locus,0,1.0,13696,0.0,1.3028302
14041,HLA-A*32:07,esm2_mean,locus,0,1.0,13696,0.33647223662121295,0.50265205
14045,HLA-A*03:01,esm2_mean,locus,0,1.0,13696,2.7788192719904172,1.9739988
14046,HLA-A*02:16,esm2_mean,locus,0,1.0,13696,3.0155349008501706,1.4309962
14047,HLA-A*24:03,esm2_mean,locus,0,1.0,13696,2.4595888418037104,0.53137565
14049,HLA-A*02:10,esm2_mean,locus,0,1.0,13696,2.8449093838194073,0.5945565
14050,HLA-A*02:19,esm2_mean,locus,0,1.0,13696,0.6418538861723948,1.7009244
14051,HLA-A*30:01,esm2_mean,locus,0,1.0,13696,0.0,1.4548333
14052,HLA-A*74:01,esm2_mean,locus,0,1.0,13696,1.824549292051046,0.27068013
14053,HLA-A*74:01,esm2_mean,locus,0,1.0,13696,1.8718021769015913,0.6468154
14055,HLA-A*68:23,esm2_mean,locus,0,1.0,13696,0.0,0.6691533
14056,HLA-A*24:02,esm2_mean,locus,0,1.0,13696,0.18232155679395465,0.94083416
14059,HLA-A*66:01,esm2_mean,locus,0,1.0,13696,0.0,0.7461732
14060,HLA-A*24:02,esm2_mean,locus,0,1.0,13696,3.709906821306012,0.70482063
14061,HLA-A*02:10,esm2_mean,locus,0,1.0,13696,0.33647223662121295,0.7444703
14062,HLA-A*02:50,esm2_mean,locus,0,1.0,13696,2.151762203259462,1.6519622
14063,HLA-A*24:19,esm2_mean,locus,0,1.0,13696,0.0,-0.10611075
14064,HLA-A*02:50,esm2_mean,locus,0,1.0,13696,2.6461747973841225,1.7525392
14065,HLA-A*74:01,esm2_mean,locus,0,1.0,13696,0.4700036292457355,0.46103477
14066,HLA-A*43:01,esm2_mean,locus,0,1.0,13696,0.5306282510621704,0.7951589
14071,HLA-A*24:19,esm2_mean,locus,0,1.0,13696,0.0,-0.038025677
14072,HLA-A*26:02,esm2_mean,locus,0,1.0,13696,0.4054651081081644,-0.0020596385
14073,HLA-A*26:03,esm2_mean,locus,0,1.0,13696,0.0,0.54322374
14075,HLA-A*30:01,esm2_mean,locus,0,1.0,13696,0.0,1.2964046
14077,HLA-A*43:01,esm2_mean,locus,0,1.0,13696,0.18232155679395465,0.7758168
14078,HLA-A*02:12,esm2_mean,locus,0,1.0,13696,0.8754687373538999,1.207042
14082,HLA-A*26:02,esm2_mean,locus,0,1.0,13696,3.543853682063679,-0.30950576
14084,HLA-A*24:07,esm2_mean,locus,0,1.0,13696,1.252762968495368,0.69633275
14086,HLA-A*43:01,esm2_mean,locus,0,1.0,13696,0.18232155679395465,1.1372871
14087,HLA-A*30:02,esm2_mean,locus,0,1.0,13696,0.18232155679395465,1.0549731
14088,HLA-A*80:01,esm2_mean,locus,0,1.0,13696,0.0,-0.06370002
14090,HLA-A*02:11,esm2_mean,locus,0,1.0,13696,0.6418538861723948,1.3380178
14097,HLA-A*02:10,esm2_mean,locus,0,1.0,13696,0.5877866649021191,0.8201325
14098,HLA-A*02:10,esm2_mean,locus,0,1.0,13696,1.840549633397487,0.66427857
14099,HLA-A*02:16,esm2_mean,locus,0,1.0,13696,3.4436180975461075,1.3671727
14102,HLA-A*43:01,esm2_mean,locus,0,1.0,13696,0.0,1.0384755
14103,HLA-A*66:01,esm2_mean,locus,0,1.0,13696,0.6931471805599453,0.55423576
14104,HLA-A*02:10,esm2_mean,locus,0,1.0,13696,2.5726122302071057,0.6958017
14110,HLA-A*68:23,esm2_mean,locus,0,1.0,13696,0.18232155679395465,0.55603683
14111,HLA-A*24:02,esm2_mean,locus,0,1.0,13696,1.2237754316221157,0.8207302
14112,HLA-A*02:16,esm2_mean,locus,0,1.0,13696,3.484312288372662,1.3041666
14116,HLA-A*02:10,esm2_mean,locus,0,1.0,13696,1.791759469228055,0.51440245
14117,HLA-A*02:11,esm2_mean,locus,0,1.0,13696,2.5952547069568657,1.6212683
14119,HLA-A*29:02,esm2_mean,locus,0,1.0,13696,2.6741486494265287,1.626096
14121,HLA-A*02:10,esm2_mean,locus,0,1.0,13696,0.7419373447293773,0.59524465
14122,HLA-A*43:01,esm2_mean,locus,0,1.0,13696,1.547562508716013,1.2323735
14123,HLA-A*24:19,esm2_mean,locus,0,1.0,13696,0.0,-0.31358677
14124,HLA-A*66:01,esm2_mean,locus,0,1.0,13696,0.0,1.0240088
14126,HLA-A*02:03,esm2_mean,locus,0,1.0,13696,0.6418538861723948,1.2369816
14127,HLA-A*32:07,esm2_mean,locus,0,1.0,13696,0.0,0.41495454
14129,HLA-A*30:01,esm2_mean,locus,0,1.0,13696,0.4054651081081644,1.2523451
14131,HLA-A*02:01,esm2_mean,locus,0,1.0,13696,1.1939224684724346,1.8041806
14132,HLA-A*02:12,esm2_mean,locus,0,1.0,13696,0.26236426446749106,1.061724
14135,HLA-A*26:03,esm2_mean,locus,0,1.0,13696,1.7047480922384253,0.5489262
14138,HLA-A*23:01,esm2_mean,locus,0,1.0,13696,3.493472657771326,0.7580482
14143,HLA-A*02:12,esm2_mean,locus,0,1.0,13696,2.6602595372658615,1.0626714
14153,HLA-A*02:03,esm2_mean,locus,0,1.0,13696,1.5686159179138452,1.1132133
14155,HLA-A*24:03,esm2_mean,locus,0,1.0,13696,0.832909122935104,1.0944657
14160,HLA-A*02:16,esm2_mean,locus,0,1.0,13696,2.0149030205422647,1.2899352
14161,HLA-A*02:16,esm2_mean,locus,0,1.0,13696,1.1631508098056809,1.2833912
14162,HLA-A*31:01,esm2_mean,locus,0,1.0,13696,3.6838669122903918,1.072413
14163,HLA-A*74:01,esm2_mean,locus,0,1.0,13696,5.252796851246227,0.8151167
14165,HLA-A*23:01,esm2_mean,locus,0,1.0,13696,0.26236426446749106,0.9465833
14168,HLA-A*02:10,esm2_mean,locus,0,1.0,13696,2.0918640616783932,0.88161045
14169,HLA-A*23:01,esm2_mean,locus,0,1.0,13696,1.4350845252893227,0.8504917
14171,HLA-A*02:10,esm2_mean,locus,0,1.0,13696,2.1162555148025524,0.79470956
14172,HLA-A*02:11,esm2_mean,locus,0,1.0,13696,3.299533727885655,1.4824345
14173,HLA-A*33:03,esm2_mean,locus,0,1.0,13696,0.0,1.5978264
14176,HLA-A*02:03,esm2_mean,locus,0,1.0,13696,3.005682604407159,1.3179982
14179,HLA-A*32:07,esm2_mean,locus,0,1.0,13696,0.0,0.9728392
14180,HLA-A*66:01,esm2_mean,locus,0,1.0,13696,0.33647223662121295,0.59863704
14182,HLA-A*02:10,esm2_mean,locus,0,1.0,13696,3.417726683613366,0.83699733
14184,HLA-A*24:02,esm2_mean,locus,0,1.0,13696,0.8754687373538999,0.8270815
14185,HLA-A*02:03,esm2_mean,locus,0,1.0,13696,1.791759469228055,1.3109095
14187,HLA-A*11:01,esm2_mean,locus,0,1.0,13696,3.8522730010223722,1.5205805
14190,HLA-A*43:01,esm2_mean,locus,0,1.0,13696,0.0,1.1229571
14191,HLA-A*24:19,esm2_mean,locus,0,1.0,13696,0.0,0.072194874
14192,HLA-A*02:10,esm2_mean,locus,0,1.0,13696,0.4700036292457355,0.7601458
14193,HLA-A*02:16,esm2_mean,locus,0,1.0,13696,3.6938669956249757,1.6109159
14197,HLA-A*25:01,esm2_mean,locus,0,1.0,13696,0.0,0.50682336
14199,HLA-A*31:01,esm2_mean,locus,0,1.0,13696,0.18232155679395465,1.1825264
14203,HLA-A*01:01,esm2_mean,locus,0,1.0,13696,0.3784364357202451,0.5836673
14206,HLA-A*31:01,esm2_mean,locus,0,1.0,13696,4.255612709818223,1.1770605
14209,HLA-A*02:50,esm2_mean,locus,0,1.0,13696,1.5260563034950494,1.9241012
14210,HLA-A*74:01,esm2_mean,locus,0,1.0,13696,2.1400661634962708,0.6149132
14216,HLA-A*68:01,esm2_mean,locus,0,1.0,13696,3.3357695763397,1.7889986
14217,HLA-A*74:01,esm2_mean,locus,0,1.0,13696,0.0,0.75351775
14219,HLA-A*68:23,esm2_mean,locus,0,1.0,13696,0.0,0.817999
14221,HLA-A*02:10,esm2_mean,locus,0,1.0,13696,0.7884573603642702,0.8542899
14225,HLA-A*26:03,esm2_mean,locus,0,1.0,13696,0.09531017980432487,0.7329105
14227,HLA-A*43:01,esm2_mean,locus,0,1.0,13696,0.0,1.1215951
14228,HLA-A*29:02,esm2_mean,locus,0,1.0,13696,0.5877866649021191,1.7801571
14230,HLA-A*02:01,esm2_mean,locus,0,1.0,13696,3.173878458937465,1.8976033
14231,HLA-A*25:01,esm2_mean,locus,0,1.0,13696,0.0,0.68582135
14232,HLA-A*25:01,esm2_mean,locus,0,1.0,13696,0.26236426446749106,0.47479415
14233,HLA-A*11:01,esm2_mean,locus,0,1.0,13696,4.251348311031766,1.0728648
14237,HLA-A*33:03,esm2_mean,locus,0,1.0,13696,1.547562508716013,1.1367264
14241,HLA-A*24:02,esm2_mean,locus,0,1.0,13696,2.8678989020441064,1.2147484
14242,HLA-A*30:01,esm2_mean,locus,0,1.0,13696,0.0,1.3086196
14243,HLA-A*31:01,esm2_mean,locus,0,1.0,13696,1.4586150226995167,1.1618645
14244,HLA-A*74:01,esm2_mean,locus,0,1.0,13696,0.26236426446749106,0.7954925
14245,HLA-A*23:01,esm2_mean,locus,0,1.0,13696,4.065602093356446,0.9172161
14246,HLA-A*26:03,esm2_mean,locus,0,1.0,13696,0.9162907318741551,0.5363038
14247,HLA-A*23:01,esm2_mean,locus,0,1.0,13696,0.26236426446749106,0.8807471
14248,HLA-A*32:07,esm2_mean,locus,0,1.0,13696,1.410986973710262,0.58111525
14250,HLA-A*02:19,esm2_mean,locus,0,1.0,13696,2.322387720290225,1.479342
14253,HLA-A*80:01,esm2_mean,locus,0,1.0,13696,0.0,0.23408955
14254,HLA-A*69:01,esm2_mean,locus,0,1.0,13696,0.6931471805599453,1.3754358
14255,HLA-A*02:03,esm2_mean,locus,0,1.0,13696,2.827313621929028,1.3906748
14257,HLA-A*80:01,esm2_mean,locus,0,1.0,13696,0.33647223662121295,0.07518995
14258,HLA-A*26:02,esm2_mean,locus,0,1.0,13696,1.0986122886681098,-0.04394275
14260,HLA-A*43:01,esm2_mean,locus,0,1.0,13696,0.09531017980432487,1.1762309
14261,HLA-A*24:07,esm2_mean,locus,0,1.0,13696,1.0647107369924282,0.5907289
14264,HLA-A*02:19,esm2_mean,locus,0,1.0,13696,2.8735646395797834,1.5653241
14265,HLA-A*31:01,esm2_mean,locus,0,1.0,13696,0.26236426446749106,1.2056223
14266,HLA-A*66:01,esm2_mean,locus,0,1.0,13696,0.6418538861723948,0.6876117
14270,HLA-A*24:19,esm2_mean,locus,0,1.0,13696,0.0,0.13937217
14271,HLA-A*74:01,esm2_mean,locus,0,1.0,13696,4.6549122778829055,0.68287
14275,HLA-A*24:07,esm2_mean,locus,0,1.0,13696,3.979681653901961,0.45589632
14276,HLA-A*23:01,esm2_mean,locus,0,1.0,13696,3.5115454388310208,0.69480366
14277,HLA-A*24:07,esm2_mean,locus,0,1.0,13696,3.152736022363656,0.392142
14278,HLA-A*68:23,esm2_mean,locus,0,1.0,13696,0.18232155679395465,0.5298261
14280,HLA-A*02:19,esm2_mean,locus,0,1.0,13696,0.7884573603642702,1.4623744
14282,HLA-A*29:02,esm2_mean,locus,0,1.0,13696,0.5306282510621704,1.6185923
14289,HLA-A*02:03,esm2_mean,locus,0,1.0,13696,3.824284091120139,1.2179477
14290,HLA-A*02:10,esm2_mean,locus,0,1.0,13696,3.912023005428146,0.70486164
14292,HLA-A*26:02,esm2_mean,locus,0,1.0,13696,0.6418538861723948,0.06818473
14295,HLA-A*32:07,esm2_mean,locus,0,1.0,13696,0.0,0.65925086
14297,HLA-A*66:01,esm2_mean,locus,0,1.0,13696,2.341805806147327,0.7694943
14300,HLA-A*24:02,esm2_mean,locus,0,1.0,13696,1.2237754316221157,1.0243764
14302,HLA-A*33:03,esm2_mean,locus,0,1.0,13696,0.0,1.5677016
14304,HLA-A*26:02,esm2_mean,locus,0,1.0,13696,0.33647223662121295,-0.10439187
14306,HLA-A*24:02,esm2_mean,locus,0,1.0,13696,0.09531017980432487,0.8369218
14307,HLA-A*33:03,esm2_mean,locus,0,1.0,13696,0.4054651081081644,0.83322924
14308,HLA-A*33:03,esm2_mean,locus,0,1.0,13696,0.9555114450274363,1.2482786
14309,HLA-A*11:01,esm2_mean,locus,0,1.0,13696,0.0,1.3017112
14311,HLA-A*29:02,esm2_mean,locus,0,1.0,13696,1.0296194171811583,1.7454023
14312,HLA-A*32:07,esm2_mean,locus,0,1.0,13696,0.18232155679395465,0.56877506
14314,HLA-A*66:01,esm2_mean,locus,0,1.0,13696,0.13976194237515868,0.6816135
14316,HLA-A*02:11,esm2_mean,locus,0,1.0,13696,2.451005098112319,1.4010539
14317,HLA-A*68:01,esm2_mean,locus,0,1.0,13696,0.18232155679395465,1.5622537
14319,HLA-A*43:01,esm2_mean,locus,0,1.0,13696,0.0,0.785221
14320,HLA-A*26:03,esm2_mean,locus,0,1.0,13696,0.4054651081081644,0.51786476
14323,HLA-A*02:16,esm2_mean,locus,0,1.0,13696,3.0633909220278057,1.3624437
14324,HLA-A*33:03,esm2_mean,locus,0,1.0,13696,3.6635616461296463,1.1002449
14326,HLA-A*68:23,esm2_mean,locus,0,1.0,13696,0.0,0.46380037
14330,HLA-A*02:03,esm2_mean,locus,0,1.0,13696,0.7419373447293773,1.3437494
14331,HLA-A*80:01,esm2_mean,locus,0,1.0,13696,0.0,0.31824785
14333,HLA-A*26:02,esm2_mean,locus,0,1.0,13696,2.7343675094195836,-0.11370593
14334,HLA-A*24:02,esm2_mean,locus,0,1.0,13696,0.33647223662121295,0.64484143
14336,HLA-A*74:01,esm2_mean,locus,0,1.0,13696,3.109060958860994,0.6397772
14339,HLA-A*03:01,esm2_mean,locus,0,1.0,13696,0.18232155679395465,1.6433043
14341,HLA-A*03:01,esm2_mean,locus,0,1.0,13696,0.26236426446749106,1.3327036
14343,HLA-A*43:01,esm2_mean,locus,0,1.0,13696,0.0,0.882719
14344,HLA-A*24:07,esm2_mean,locus,0,1.0,13696,0.4700036292457355,0.5501871
14345,HLA-A*25:01,esm2_mean,locus,0,1.0,13696,0.09531017980432487,0.50619745
14352,HLA-A*26:02,esm2_mean,locus,0,1.0,13696,2.0014800002101243,-0.2820683
14355,HLA-A*68:01,esm2_mean,locus,0,1.0,13696,0.4700036292457355,2.025772
14356,HLA-A*68:01,esm2_mean,locus,0,1.0,13696,0.0,2.0408156
14357,HLA-A*23:01,esm2_mean,locus,0,1.0,13696,0.4054651081081644,0.7206924
14360,HLA-A*02:11,esm2_mean,locus,0,1.0,13696,2.0412203288596382,1.4630505
14362,HLA-A*11:01,esm2_mean,locus,0,1.0,13696,0.18232155679395465,1.5769114
14364,HLA-A*80:01,esm2_mean,locus,0,1.0,13696,0.4054651081081644,-0.09980196
14365,HLA-A*25:01,esm2_mean,locus,0,1.0,13696,0.0,0.49246514
14367,HLA-A*80:01,esm2_mean,locus,0,1.0,13696,0.0,-0.045601904
14368,HLA-A*66:01,esm2_mean,locus,0,1.0,13696,0.18232155679395465,0.52357495
14369,HLA-A*30:01,esm2_mean,locus,0,1.0,13696,2.174751721484161,1.5196483
14372,HLA-A*80:01,esm2_mean,locus,0,1.0,13696,0.26236426446749106,0.29711473
14375,HLA-A*24:02,esm2_mean,locus,0,1.0,13696,0.7419373447293773,0.5918742
14377,HLA-A*02:12,esm2_mean,locus,0,1.0,13696,2.028148247292285,1.3608735
14380,HLA-A*02:01,esm2_mean,locus,0,1.0,13696,3.349904087274605,1.947563
14381,HLA-A*02:10,esm2_mean,locus,0,1.0,13696,3.6609942506244004,0.6347733
14382,HLA-A*02:11,esm2_mean,locus,0,1.0,13696,1.9740810260220096,1.4112427
14384,HLA-A*26:02,esm2_mean,locus,0,1.0,13696,0.33647223662121295,-0.082300365
14385,HLA-A*02:12,esm2_mean,locus,0,1.0,13696,0.18232155679395465,0.6323528
14386,HLA-A*31:01,esm2_mean,locus,0,1.0,13696,0.5877866649021191,0.89203084
14387,HLA-A*11:01,esm2_mean,locus,0,1.0,13696,0.7884573603642702,1.1768034
14388,HLA-A*24:02,esm2_mean,locus,0,1.0,13696,1.5686159179138452,1.2927994
14389,HLA-A*31:01,esm2_mean,locus,0,1.0,13696,1.7749523509116738,1.0296168
14398,HLA-A*23:01,esm2_mean,locus,0,1.0,13696,2.6026896854443837,1.1668053
14399,HLA-A*24:19,esm2_mean,locus,0,1.0,13696,0.09531017980432487,-0.36253816
14400,HLA-A*68:01,esm2_mean,locus,0,1.0,13696,0.8754687373538999,1.8656876
14404,HLA-A*24:19,esm2_mean,locus,0,1.0,13696,0.9162907318741551,0.26717502
14405,HLA-A*68:23,esm2_mean,locus,0,1.0,13696,1.1314021114911006,0.534292
14406,HLA-A*31:01,esm2_mean,locus,0,1.0,13696,1.9740810260220096,1.4808384
14408,HLA-A*43:01,esm2_mean,locus,0,1.0,13696,0.4054651081081644,1.2724633
14409,HLA-A*24:02,esm2_mean,locus,0,1.0,13696,0.4054651081081644,0.9775153
14412,HLA-A*02:11,esm2_mean,locus,0,1.0,13696,2.509599262378372,1.7801031
14413,HLA-A*03:01,esm2_mean,locus,0,1.0,13696,0.18232155679395465,1.7159297
14415,HLA-A*26:03,esm2_mean,locus,0,1.0,13696,0.4054651081081644,0.78493893
14417,HLA-A*02:11,esm2_mean,locus,0,1.0,13696,1.33500106673234,1.5358573
14422,HLA-A*43:01,esm2_mean,locus,0,1.0,13696,0.4054651081081644,0.9214061
14423,HLA-A*24:03,esm2_mean,locus,0,1.0,13696,2.8154087194227095,0.5191601
14427,HLA-A*02:03,esm2_mean,locus,0,1.0,13696,2.7343675094195836,1.2692103
14429,HLA-A*43:01,esm2_mean,locus,0,1.0,13696,0.18232155679395465,0.88800025
14430,HLA-A*30:02,esm2_mean,locus,0,1.0,13696,0.8754687373538999,0.96008396
14433,HLA-A*02:11,esm2_mean,locus,0,1.0,13696,2.772588722239781,1.4267486
14434,HLA-A*33:03,esm2_mean,locus,0,1.0,13696,0.8754687373538999,1.1455694
14436,HLA-A*80:01,esm2_mean,locus,0,1.0,13696,0.18232155679395465,0.07608527
14438,HLA-A*68:23,esm2_mean,locus,0,1.0,13696,0.4700036292457355,0.6099569
14442,HLA-A*11:01,esm2_mean,locus,0,1.0,13696,0.9162907318741551,1.4791672
14446,HLA-A*02:03,esm2_mean,locus,0,1.0,13696,3.353406717825807,1.2614608
14448,HLA-A*30:02,esm2_mean,locus,0,1.0,13696,0.33647223662121295,0.73710895
14449,HLA-A*25:01,esm2_mean,locus,0,1.0,13696,0.0,0.6887916
14452,HLA-A*24:07,esm2_mean,locus,0,1.0,13696,3.417726683613366,0.6838779
14453,HLA-A*68:23,esm2_mean,locus,0,1.0,13696,0.09531017980432487,0.24961346
14455,HLA-A*02:16,esm2_mean,locus,0,1.0,13696,2.424802725718295,1.5056535
14459,HLA-A*24:19,esm2_mean,locus,0,1.0,13696,0.7419373447293773,0.10016817
14462,HLA-A*02:19,esm2_mean,locus,0,1.0,13696,3.730501128804756,1.49035
14465,HLA-A*24:07,esm2_mean,locus,0,1.0,13696,2.6741486494265287,0.67207456
14466,HLA-A*68:23,esm2_mean,locus,0,1.0,13696,0.26236426446749106,0.3030743
14469,HLA-A*24:19,esm2_mean,locus,0,1.0,13696,0.18232155679395465,0.14108992
14472,HLA-A*24:02,esm2_mean,locus,0,1.0,13696,0.26236426446749106,0.5185069
14474,HLA-A*30:02,esm2_mean,locus,0,1.0,13696,0.09531017980432487,0.8956638
14476,HLA-A*02:12,esm2_mean,locus,0,1.0,13696,3.8308129500026027,1.2143731
14477,HLA-A*26:02,esm2_mean,locus,0,1.0,13696,0.4700036292457355,0.11569446
14484,HLA-A*68:23,esm2_mean,locus,0,1.0,13696,0.33647223662121295,0.3295061
14488,HLA-A*02:16,esm2_mean,locus,0,1.0,13696,2.3513752571634776,1.4045758
14489,HLA-A*43:01,esm2_mean,locus,0,1.0,13696,0.0,0.67983377
14490,HLA-A*80:01,esm2_mean,locus,0,1.0,13696,0.26236426446749106,0.22236973
14493,HLA-A*24:02,esm2_mean,locus,0,1.0,13696,1.9600947840472698,0.54000264
14494,HLA-A*24:03,esm2_mean,locus,0,1.0,13696,1.1939224684724346,0.8315019
14497,HLA-A*02:16,esm2_mean,locus,0,1.0,13696,2.9391619220655967,1.1718953
14498,HLA-A*11:01,esm2_mean,locus,0,1.0,13696,3.8501476017100584,1.4936693
14501,HLA-A*80:01,esm2_mean,locus,0,1.0,13696,0.0,-0.040560663
14502,HLA-A*80:01,esm2_mean,locus,0,1.0,13696,0.832909122935104,-0.27674955
14506,HLA-A*30:02,esm2_mean,locus,0,1.0,13696,0.0,1.0532323
14507,HLA-A*23:01,esm2_mean,locus,0,1.0,13696,2.1041341542702074,0.52290344
14512,HLA-A*02:19,esm2_mean,locus,0,1.0,13696,0.5306282510621704,1.364389
14513,HLA-A*68:01,esm2_mean,locus,0,1.0,13696,0.33647223662121295,1.6797202
14517,HLA-A*26:02,esm2_mean,locus,0,1.0,13696,0.832909122935104,-0.0039949417
14518,HLA-A*43:01,esm2_mean,locus,0,1.0,13696,0.6931471805599453,0.93291074
14519,HLA-A*29:02,esm2_mean,locus,0,1.0,13696,0.33647223662121295,1.6400156
14520,HLA-A*29:02,esm2_mean,locus,0,1.0,13696,0.18232155679395465,1.691186
14521,HLA-A*30:02,esm2_mean,locus,0,1.0,13696,0.26236426446749106,1.0085068
14524,HLA-A*02:03,esm2_mean,locus,0,1.0,13696,0.9162907318741551,1.1412743
14525,HLA-A*24:19,esm2_mean,locus,0,1.0,13696,1.6094379124341003,0.30735773
14526,HLA-A*32:01,esm2_mean,locus,0,1.0,13696,0.26236426446749106,0.72402036
14532,HLA-A*68:23,esm2_mean,locus,0,1.0,13696,0.9162907318741551,0.583393
14536,HLA-A*02:10,esm2_mean,locus,0,1.0,13696,0.0,0.57780004
14539,HLA-A*66:01,esm2_mean,locus,0,1.0,13696,0.18232155679395465,0.7442213
14540,HLA-A*02:03,esm2_mean,locus,0,1.0,13696,2.7013612129514133,1.0023599
14542,HLA-A*24:03,esm2_mean,locus,0,1.0,13696,3.0007198150650303,0.9173549
14543,HLA-A*24:19,esm2_mean,locus,0,1.0,13696,0.18232155679395465,0.020637155
14544,HLA-A*24:19,esm2_mean,locus,0,1.0,13696,0.26236426446749106,-0.13021308
14546,HLA-A*80:01,esm2_mean,locus,0,1.0,13696,1.2237754316221157,-0.025771797
14547,HLA-A*25:01,esm2_mean,locus,0,1.0,13696,3.822098297900159,0.5307769
14548,HLA-A*25:01,esm2_mean,locus,0,1.0,13696,0.5877866649021191,0.6161585
14549,HLA-A*26:02,esm2_mean,locus,0,1.0,13696,0.18232155679395465,-0.06565374
14550,HLA-A*02:16,esm2_mean,locus,0,1.0,13696,2.2925347571405443,1.7447891
14553,HLA-A*43:01,esm2_mean,locus,0,1.0,13696,0.6418538861723948,1.1130844
14554,HLA-A*66:01,esm2_mean,locus,0,1.0,13696,0.0,0.7815223
14556,HLA-A*30:02,esm2_mean,locus,0,1.0,13696,1.3609765531356006,0.87735164
14557,HLA-A*80:01,esm2_mean,locus,0,1.0,13696,0.5877866649021191,-0.06546527
14559,HLA-A*30:02,esm2_mean,locus,0,1.0,13696,0.33647223662121295,0.9601923
14561,HLA-A*02:12,esm2_mean,locus,0,1.0,13696,3.292126286607793,1.1071663
14562,HLA-A*30:01,esm2_mean,locus,0,1.0,13696,0.832909122935104,1.1906638
14563,HLA-A*33:03,esm2_mean,locus,0,1.0,13696,0.0,1.2730713
14565,HLA-A*32:07,esm2_mean,locus,0,1.0,13696,0.0,0.62804866
14567,HLA-A*02:16,esm2_mean,locus,0,1.0,13696,2.0541237336955462,1.4609604
14569,HLA-A*25:01,esm2_mean,locus,0,1.0,13696,0.18232155679395465,0.5105641
14571,HLA-A*24:02,esm2_mean,locus,0,1.0,13696,1.252762968495368,0.79131806
14572,HLA-A*02:12,esm2_mean,locus,0,1.0,13696,2.322387720290225,1.1746997
14575,HLA-A*43:01,esm2_mean,locus,0,1.0,13696,0.4054651081081644,1.0093622
14576,HLA-A*29:02,esm2_mean,locus,0,1.0,13696,0.0,1.6533768
14578,HLA-A*24:02,esm2_mean,locus,0,1.0,13696,0.6931471805599453,0.9120446
14580,HLA-A*32:07,esm2_mean,locus,0,1.0,13696,0.0,0.7992205
14581,HLA-A*25:01,esm2_mean,locus,0,1.0,13696,0.0,0.36064607
14583,HLA-A*68:01,esm2_mean,locus,0,1.0,13696,1.5260563034950494,1.4959462
14586,HLA-A*26:03,esm2_mean,locus,0,1.0,13696,2.0918640616783932,0.55780125
14588,HLA-A*02:10,esm2_mean,locus,0,1.0,13696,1.0296194171811583,0.90313375
14589,HLA-A*02:16,esm2_mean,locus,0,1.0,13696,2.2512917986064953,1.3393836
14590,HLA-A*02:01,esm2_mean,locus,0,1.0,13696,0.10436001532424277,1.7829652
14594,HLA-A*26:03,esm2_mean,locus,0,1.0,13696,0.6418538861723948,0.75100183
14595,HLA-A*02:10,esm2_mean,locus,0,1.0,13696,0.4700036292457355,0.95049274
14596,HLA-A*02:16,esm2_mean,locus,0,1.0,13696,2.186051276738094,1.4734268
14598,HLA-A*03:01,esm2_mean,locus,0,1.0,13696,3.594568774642695,1.7121894
14599,HLA-A*02:12,esm2_mean,locus,0,1.0,13696,0.7419373447293773,1.0892719
14600,HLA-A*03:01,esm2_mean,locus,0,1.0,13696,3.9740583963475986,2.0829823
14606,HLA-A*02:50,esm2_mean,locus,0,1.0,13696,2.785011242238338,1.6414819
14608,HLA-A*32:07,esm2_mean,locus,0,1.0,13696,0.7884573603642702,0.50338566
14609,HLA-A*02:03,esm2_mean,locus,0,1.0,13696,0.7419373447293773,1.2092637
14612,HLA-A*24:19,esm2_mean,locus,0,1.0,13696,0.7419373447293773,0.02492565
14614,HLA-A*02:03,esm2_mean,locus,0,1.0,13696,2.4159137783010487,1.4461153
14616,HLA-A*29:02,esm2_mean,locus,0,1.0,13696,1.3609765531356006,1.5277116
14617,HLA-A*80:01,esm2_mean,locus,0,1.0,13696,0.18232155679395465,-0.16216046
14618,HLA-A*03:01,esm2_mean,locus,0,1.0,13696,2.4159137783010487,1.8480301
14620,HLA-A*43:01,esm2_mean,locus,0,1.0,13696,0.18232155679395465,0.867329
14621,HLA-A*80:01,esm2_mean,locus,0,1.0,13696,0.18232155679395465,0.13870764
14624,HLA-A*02:11,esm2_mean,locus,0,1.0,13696,0.33647223662121295,1.3360397
14625,HLA-A*02:12,esm2_mean,locus,0,1.0,13696,1.0986122886681098,1.0778432
14629,HLA-A*24:03,esm2_mean,locus,0,1.0,13696,2.72785282839839,0.8755155
14630,HLA-A*26:02,esm2_mean,locus,0,1.0,13696,1.6094379124341003,0.044273615
14638,HLA-A*43:01,esm2_mean,locus,0,1.0,13696,0.09531017980432487,0.94733393
14639,HLA-A*80:01,esm2_mean,locus,0,1.0,13696,0.0,0.29860204
14640,HLA-A*32:07,esm2_mean,locus,0,1.0,13696,3.5467396869528134,0.604462
14641,HLA-A*25:01,esm2_mean,locus,0,1.0,13696,4.027135812528651,0.26968086
14643,HLA-A*66:01,esm2_mean,locus,0,1.0,13696,0.0,0.8373704
14644,HLA-A*24:02,esm2_mean,locus,0,1.0,13696,0.33647223662121295,0.7867907
14645,HLA-A*02:03,esm2_mean,locus,0,1.0,13696,3.0106208860477417,1.2701089
14646,HLA-A*24:07,esm2_mean,locus,0,1.0,13696,0.5306282510621704,0.8651732
14648,HLA-A*02:03,esm2_mean,locus,0,1.0,13696,0.5877866649021191,0.9730851
14649,HLA-A*02:16,esm2_mean,locus,0,1.0,13696,2.2823823856765264,1.1350667
14652,HLA-A*68:01,esm2_mean,locus,0,1.0,13696,3.095577608523707,2.0138474
14655,HLA-A*32:07,esm2_mean,locus,0,1.0,13696,0.0,0.69255364
14656,HLA-A*24:03,esm2_mean,locus,0,1.0,13696,3.2347491740244907,0.8165642
14658,HLA-A*24:02,esm2_mean,locus,0,1.0,13696,0.4700036292457355,0.9578573
14659,HLA-A*24:02,esm2_mean,locus,0,1.0,13696,0.26236426446749106,0.633536
14662,HLA-A*24:07,esm2_mean,locus,0,1.0,13696,0.09531017980432487,0.4082387
14663,HLA-A*11:01,esm2_mean,locus,0,1.0,13696,1.410986973710262,1.1806605
14664,HLA-A*74:01,esm2_mean,locus,0,1.0,13696,2.5649493574615367,0.8337662
14666,HLA-A*32:07,esm2_mean,locus,0,1.0,13696,2.5257286443082556,0.7835052
14668,HLA-A*03:01,esm2_mean,locus,0,1.0,13696,0.9162907318741551,1.9128202
14671,HLA-A*25:01,esm2_mean,locus,0,1.0,13696,0.0,0.4705556
14675,HLA-A*26:03,esm2_mean,locus,0,1.0,13696,1.2809338454620642,0.59642005
14678,HLA-A*80:01,esm2_mean,locus,0,1.0,13696,0.0,0.33341992
14681,HLA-A*23:01,esm2_mean,locus,0,1.0,13696,0.7884573603642702,0.9093974
14682,HLA-A*02:01,esm2_mean,locus,0,1.0,13696,2.2082744135228043,1.5777256
14684,HLA-A*24:03,esm2_mean,locus,0,1.0,13696,1.7047480922384253,0.53269047
14685,HLA-A*24:07,esm2_mean,locus,0,1.0,13696,0.6418538861723948,0.45264965
14687,HLA-A*74:01,esm2_mean,locus,0,1.0,13696,0.5877866649021191,0.773666
14690,HLA-A*11:01,esm2_mean,locus,0,1.0,13696,0.4054651081081644,1.3218262
14696,HLA-A*68:01,esm2_mean,locus,0,1.0,13696,0.832909122935104,1.8145266
14700,HLA-A*74:01,esm2_mean,locus,0,1.0,13696,3.572345637857985,0.34215003
14705,HLA-A*80:01,esm2_mean,locus,0,1.0,13696,0.18232155679395465,0.25631768
14706,HLA-A*23:01,esm2_mean,locus,0,1.0,13696,3.254242968705492,0.92779624
14711,HLA-A*02:12,esm2_mean,locus,0,1.0,13696,3.2846635654062037,0.96924716
14717,HLA-A*29:02,esm2_mean,locus,0,1.0,13696,2.856470206220483,1.7937812
14718,HLA-A*68:23,esm2_mean,locus,0,1.0,13696,0.0,0.4660576
14719,HLA-A*02:16,esm2_mean,locus,0,1.0,13696,3.0587070727153796,1.2165089
14720,HLA-A*30:01,esm2_mean,locus,0,1.0,13696,2.3608540011180215,1.6173416
14721,HLA-A*31:01,esm2_mean,locus,0,1.0,13696,2.617395832834079,1.006351
14724,HLA-A*24:02,esm2_mean,locus,0,1.0,13696,2.975529566236472,0.90197456
14726,HLA-A*80:01,esm2_mean,locus,0,1.0,13696,1.410986973710262,0.2448278
14729,HLA-A*24:07,esm2_mean,locus,0,1.0,13696,2.6390573296152584,0.74809337
14733,HLA-A*24:02,esm2_mean,locus,0,1.0,13696,0.4054651081081644,1.2403474
14734,HLA-A*02:19,esm2_mean,locus,0,1.0,13696,3.2771447329921766,1.5323555
14735,HLA-A*74:01,esm2_mean,locus,0,1.0,13696,0.0,0.5200851
14737,HLA-A*32:07,esm2_mean,locus,0,1.0,13696,1.0296194171811583,0.8507917
14743,HLA-A*43:01,esm2_mean,locus,0,1.0,13696,0.18232155679395465,1.1778824
14745,HLA-A*66:01,esm2_mean,locus,0,1.0,13696,0.26236426446749106,0.7495184
14750,HLA-A*29:02,esm2_mean,locus,0,1.0,13696,2.8449093838194073,2.0754595
14751,HLA-A*23:01,esm2_mean,locus,0,1.0,13696,0.832909122935104,1.0110061
14752,HLA-A*66:01,esm2_mean,locus,0,1.0,13696,0.0,0.88146734
14753,HLA-A*24:02,esm2_mean,locus,0,1.0,13696,1.2237754316221157,0.74350184
14755,HLA-A*02:16,esm2_mean,locus,0,1.0,13696,0.7884573603642702,1.9046967
14756,HLA-A*30:01,esm2_mean,locus,0,1.0,13696,2.4765384001174837,1.7274283
14769,HLA-A*02:10,esm2_mean,locus,0,1.0,13696,2.785011242238338,0.87239444
14770,HLA-A*02:19,esm2_mean,locus,0,1.0,13696,0.5306282510621704,1.7128063
14774,HLA-A*80:01,esm2_mean,locus,0,1.0,13696,0.18232155679395465,-0.15543503
14775,HLA-A*02:10,esm2_mean,locus,0,1.0,13696,1.308332819650179,0.9370502
14776,HLA-A*02:50,esm2_mean,locus,0,1.0,13696,0.5306282510621704,1.6506813
14777,HLA-A*30:01,esm2_mean,locus,0,1.0,13696,0.0,1.071995
14782,HLA-A*03:01,esm2_mean,locus,0,1.0,13696,0.09531017980432487,1.9579573
14783,HLA-A*02:16,esm2_mean,locus,0,1.0,13696,2.2512917986064953,1.70248
14784,HLA-A*11:01,esm2_mean,locus,0,1.0,13696,0.4054651081081644,1.0945513
14789,HLA-A*32:07,esm2_mean,locus,0,1.0,13696,0.0,0.82720876
14792,HLA-A*02:10,esm2_mean,locus,0,1.0,13696,1.6094379124341003,0.7432306
14793,HLA-A*30:02,esm2_mean,locus,0,1.0,13696,2.3978952727983707,0.812836
14794,HLA-A*02:50,esm2_mean,locus,0,1.0,13696,1.589235205116581,2.0293324
14795,HLA-A*11:01,esm2_mean,locus,0,1.0,13696,3.109060958860994,1.8027527
14798,HLA-A*32:07,esm2_mean,locus,0,1.0,13696,1.5040773967762742,0.7245484
14799,HLA-A*32:07,esm2_mean,locus,0,1.0,13696,0.0,0.9450606
14800,HLA-A*26:03,esm2_mean,locus,0,1.0,13696,0.4054651081081644,0.7917009
14804,HLA-A*24:07,esm2_mean,locus,0,1.0,13696,2.766319109226186,0.4705025
14808,HLA-A*68:01,esm2_mean,locus,0,1.0,13696,2.1041341542702074,1.4550638
14810,HLA-A*43:01,esm2_mean,locus,0,1.0,13696,0.18232155679395465,1.0677774
14811,HLA-A*29:02,esm2_mean,locus,0,1.0,13696,2.186051276738094,1.7788723
14813,HLA-A*02:01,esm2_mean,locus,0,1.0,13696,3.6686767467964168,1.7833518
14814,HLA-A*02:16,esm2_mean,locus,0,1.0,13696,2.6602595372658615,1.5784192
14819,HLA-A*24:02,esm2_mean,locus,0,1.0,13696,1.8562979903656263,0.8891018
14820,HLA-A*02:10,esm2_mean,locus,0,1.0,13696,0.9932517730102833,0.6637871
14821,HLA-A*02:16,esm2_mean,locus,0,1.0,13696,1.840549633397487,1.8644521
14826,HLA-A*24:02,esm2_mean,locus,0,1.0,13696,1.3609765531356006,0.8463369
14828,HLA-A*02:11,esm2_mean,locus,0,1.0,13696,2.5494451709255714,1.3528621
14832,HLA-A*24:02,esm2_mean,locus,0,1.0,13696,0.18232155679395465,1.3830521
14833,HLA-A*26:03,esm2_mean,locus,0,1.0,13696,0.18232155679395465,0.3584267
14834,HLA-A*02:11,esm2_mean,locus,0,1.0,13696,1.5040773967762742,1.4038115
14835,HLA-A*32:07,esm2_mean,locus,0,1.0,13696,0.0,0.43266487
14836,HLA-A*26:02,esm2_mean,locus,0,1.0,13696,2.3608540011180215,0.11444932
14837,HLA-A*26:02,esm2_mean,locus,0,1.0,13696,0.0,-0.021041155
14838,HLA-A*02:03,esm2_mean,locus,0,1.0,13696,0.5306282510621704,1.2401025
14839,HLA-A*74:01,esm2_mean,locus,0,1.0,13696,0.5306282510621704,0.5995138
14842,HLA-A*68:23,esm2_mean,locus,0,1.0,13696,0.33647223662121295,0.58264357
14843,HLA-A*66:01,esm2_mean,locus,0,1.0,13696,0.18232155679395465,0.6400192
14846,HLA-A*11:01,esm2_mean,locus,0,1.0,13696,2.797281334830153,1.6547699
14847,HLA-A*32:07,esm2_mean,locus,0,1.0,13696,2.322387720290225,0.5398743
14848,HLA-A*11:01,esm2_mean,locus,0,1.0,13696,3.5409593240373143,1.8517361
14853,HLA-A*02:50,esm2_mean,locus,0,1.0,13696,2.0794415416798357,2.0364363
14855,HLA-A*30:01,esm2_mean,locus,0,1.0,13696,0.7419373447293773,1.3741902
14856,HLA-A*31:01,esm2_mean,locus,0,1.0,13696,2.797281334830153,1.3923306
14865,HLA-A*02:03,esm2_mean,locus,0,1.0,13696,1.410986973710262,1.2061678
14870,HLA-A*74:01,esm2_mean,locus,0,1.0,13696,0.0,0.8549907
14871,HLA-A*74:01,esm2_mean,locus,0,1.0,13696,3.970291913552122,0.9801123
14872,HLA-A*23:01,esm2_mean,locus,0,1.0,13696,3.295836866004329,0.7680847
14873,HLA-A*68:23,esm2_mean,locus,0,1.0,13696,0.7419373447293773,0.48170957
14874,HLA-A*33:03,esm2_mean,locus,0,1.0,13696,0.0,1.4900539
14876,HLA-A*43:01,esm2_mean,locus,0,1.0,13696,0.18232155679395465,0.88878644
14877,HLA-A*29:02,esm2_mean,locus,0,1.0,13696,1.7047480922384253,1.8265288
14878,HLA-A*80:01,esm2_mean,locus,0,1.0,13696,0.4700036292457355,-0.1407041
14879,HLA-A*26:02,esm2_mean,locus,0,1.0,13696,1.308332819650179,0.17272353
14881,HLA-A*31:01,esm2_mean,locus,0,1.0,13696,1.4816045409242156,0.725135
14882,HLA-A*68:01,esm2_mean,locus,0,1.0,13696,0.7419373447293773,1.8973823
14885,HLA-A*26:02,esm2_mean,locus,0,1.0,13696,0.0,0.10856372
14886,HLA-A*68:23,esm2_mean,locus,0,1.0,13696,0.18232155679395465,0.50481707
14890,HLA-A*25:01,esm2_mean,locus,0,1.0,13696,1.252762968495368,0.57177657
14892,HLA-A*02:12,esm2_mean,locus,0,1.0,13696,3.0492730404820207,1.403843
14893,HLA-A*02:19,esm2_mean,locus,0,1.0,13696,1.1631508098056809,1.5145721
14899,HLA-A*69:01,esm2_mean,locus,0,1.0,13696,0.5306282510621704,1.023481
14900,HLA-A*02:10,esm2_mean,locus,0,1.0,13696,0.26236426446749106,0.91779363
14901,HLA-A*02:19,esm2_mean,locus,0,1.0,13696,0.5877866649021191,1.6542232
14902,HLA-A*30:02,esm2_mean,locus,0,1.0,13696,0.0,0.8612084
14905,HLA-A*02:03,esm2_mean,locus,0,1.0,13696,0.33647223662121295,1.5329447
14907,HLA-A*29:02,esm2_mean,locus,0,1.0,13696,2.791165107812717,1.8109319
14908,HLA-A*23:01,esm2_mean,locus,0,1.0,13696,3.7773481021015445,0.83199865
14910,HLA-A*24:19,esm2_mean,locus,0,1.0,13696,0.09531017980432487,0.12881917
14913,HLA-A*02:50,esm2_mean,locus,0,1.0,13696,1.1314021114911006,1.6354395
14914,HLA-A*30:01,esm2_mean,locus,0,1.0,13696,0.0,1.2231932
14915,HLA-A*30:01,esm2_mean,locus,0,1.0,13696,1.547562508716013,1.5961853
14917,HLA-A*02:10,esm2_mean,locus,0,1.0,13696,3.374168709274236,0.74211735
14918,HLA-A*02:10,esm2_mean,locus,0,1.0,13696,1.0647107369924282,0.67980224
14920,HLA-A*23:01,esm2_mean,locus,0,1.0,13696,0.26236426446749106,0.33689314
14922,HLA-A*24:19,esm2_mean,locus,0,1.0,13696,0.26236426446749106,-0.15205437
14923,HLA-A*66:01,esm2_mean,locus,0,1.0,13696,0.0,0.8703854
14926,HLA-A*03:01,esm2_mean,locus,0,1.0,13696,0.0,2.1452644
14930,HLA-A*02:11,esm2_mean,locus,0,1.0,13696,2.0149030205422647,0.8974754
14931,HLA-A*02:50,esm2_mean,locus,0,1.0,13696,1.2809338454620642,1.9097259
14938,HLA-A*29:02,esm2_mean,locus,0,1.0,13696,0.4382549309311553,1.508861
14939,HLA-A*80:01,esm2_mean,locus,0,1.0,13696,0.4054651081081644,-0.12786096
14940,HLA-A*31:01,esm2_mean,locus,0,1.0,13696,3.6686767467964168,1.3405572
14942,HLA-A*23:01,esm2_mean,locus,0,1.0,13696,3.6109179126442243,0.91333866
14945,HLA-A*02:10,esm2_mean,locus,0,1.0,13696,3.054001181677967,0.73103786
14952,HLA-A*29:02,esm2_mean,locus,0,1.0,13696,0.18232155679395465,1.7641597
14954,HLA-A*68:01,esm2_mean,locus,0,1.0,13696,0.0,1.9395931
14958,HLA-A*02:10,esm2_mean,locus,0,1.0,13696,0.09531017980432487,0.72989786
14959,HLA-A*02:16,esm2_mean,locus,0,1.0,13696,2.4849066497880004,1.3855761
14960,HLA-A*68:01,esm2_mean,locus,0,1.0,13696,0.0,1.9992669
14961,HLA-A*26:03,esm2_mean,locus,0,1.0,13696,1.2809338454620642,0.65226835
14962,HLA-A*02:10,esm2_mean,locus,0,1.0,13696,3.4111477125153233,0.7902264
14963,HLA-A*02:19,esm2_mean,locus,0,1.0,13696,2.7013612129514133,1.2848
14966,HLA-A*68:23,esm2_mean,locus,0,1.0,13696,0.4700036292457355,0.55937874
14967,HLA-A*68:23,esm2_mean,locus,0,1.0,13696,1.0647107369924282,0.42719465
14968,HLA-A*66:01,esm2_mean,locus,0,1.0,13696,0.0,0.70062315
14970,HLA-A*02:11,esm2_mean,locus,0,1.0,13696,1.9740810260220096,1.3912396
14971,HLA-A*31:01,esm2_mean,locus,0,1.0,13696,0.18232155679395465,1.0640612
14973,HLA-A*43:01,esm2_mean,locus,0,1.0,13696,0.0,0.7307238
14974,HLA-A*68:23,esm2_mean,locus,0,1.0,13696,0.18232155679395465,0.41572744
14975,HLA-A*32:01,esm2_mean,locus,0,1.0,13696,0.0,0.8642532
14976,HLA-A*02:12,esm2_mean,locus,0,1.0,13696,3.6000482404073204,1.0684462
14977,HLA-A*02:50,esm2_mean,locus,0,1.0,13696,1.62924053973028,1.7404689
14978,HLA-A*33:03,esm2_mean,locus,0,1.0,13696,1.8718021769015913,1.2181405
14981,HLA-A*24:02,esm2_mean,locus,0,1.0,13696,0.6931471805599453,0.652308
14982,HLA-A*02:11,esm2_mean,locus,0,1.0,13696,2.128231705849268,1.4360712
14983,HLA-A*74:01,esm2_mean,locus,0,1.0,13696,0.4054651081081644,0.41963083
14987,HLA-A*66:01,esm2_mean,locus,0,1.0,13696,0.4700036292457355,0.828491
14992,HLA-A*80:01,esm2_mean,locus,0,1.0,13696,0.4054651081081644,0.29047567
14993,HLA-A*32:07,esm2_mean,locus,0,1.0,13696,3.3032169733019514,0.50864017
14996,HLA-A*02:12,esm2_mean,locus,0,1.0,13696,0.0,1.2837584
14997,HLA-A*30:01,esm2_mean,locus,0,1.0,13696,0.0,1.202023
15000,HLA-A*43:01,esm2_mean,locus,0,1.0,13696,0.26236426446749106,0.8871488
15001,HLA-A*43:01,esm2_mean,locus,0,1.0,13696,0.0,0.97556996
15002,HLA-A*02:03,esm2_mean,locus,0,1.0,13696,2.8094026953624973,1.2048665
15006,HLA-A*24:19,esm2_mean,locus,0,1.0,13696,0.18232155679395465,-0.22932488
15007,HLA-A*24:19,esm2_mean,locus,0,1.0,13696,0.18232155679395465,-0.19073611
15008,HLA-A*68:23,esm2_mean,locus,0,1.0,13696,0.4700036292457355,0.41709566
15012,HLA-A*25:01,esm2_mean,locus,0,1.0,13696,2.4292177439274116,0.4606244
15013,HLA-A*66:01,esm2_mean,locus,0,1.0,13696,0.18232155679395465,1.1438054
15015,HLA-A*02:50,esm2_mean,locus,0,1.0,13696,2.151762203259462,1.9587545
15016,HLA-A*02:19,esm2_mean,locus,0,1.0,13696,1.8562979903656263,1.1318762
15017,HLA-A*26:02,esm2_mean,locus,0,1.0,13696,0.0,-0.16536385
15018,HLA-A*01:01,esm2_mean,locus,0,1.0,13696,4.456670177669648,0.59752214
15019,HLA-A*31:01,esm2_mean,locus,0,1.0,13696,0.0,1.0443978
15021,HLA-A*02:11,esm2_mean,locus,0,1.0,13696,3.005682604407159,1.2883117
15024,HLA-A*32:07,esm2_mean,locus,0,1.0,13696,2.128231705849268,0.95362896
15028,HLA-A*24:02,esm2_mean,locus,0,1.0,13696,0.33647223662121295,0.98509467
15029,HLA-A*02:10,esm2_mean,locus,0,1.0,13696,3.751854253275325,0.7579001
15030,HLA-A*74:01,esm2_mean,locus,0,1.0,13696,1.4586150226995167,0.772234
15034,HLA-A*02:10,esm2_mean,locus,0,1.0,13696,0.8754687373538999,0.6462643
15035,HLA-A*02:10,esm2_mean,locus,0,1.0,13696,0.18232155679395465,0.46402138
15038,HLA-A*26:02,esm2_mean,locus,0,1.0,13696,1.0986122886681098,-0.26731044
15039,HLA-A*30:01,esm2_mean,locus,0,1.0,13696,0.5306282510621704,1.4078573
15041,HLA-A*24:07,esm2_mean,locus,0,1.0,13696,1.0296194171811583,0.29344314
15043,HLA-A*23:01,esm2_mean,locus,0,1.0,13696,0.26236426446749106,0.7227009
15044,HLA-A*23:01,esm2_mean,locus,0,1.0,13696,0.4054651081081644,0.6894746
15045,HLA-A*31:01,esm2_mean,locus,0,1.0,13696,1.0296194171811583,1.6778054
15050,HLA-A*02:10,esm2_mean,locus,0,1.0,13696,2.3702437414678603,0.6908089
15051,HLA-A*33:03,esm2_mean,locus,0,1.0,13696,1.589235205116581,1.3360846
15052,HLA-A*11:01,esm2_mean,locus,0,1.0,13696,3.9684033388642534,1.5662619
15054,HLA-A*30:02,esm2_mean,locus,0,1.0,13696,2.1400661634962708,0.8704644
15055,HLA-A*25:01,esm2_mean,locus,0,1.0,13696,0.0,0.63333786
15058,HLA-A*02:03,esm2_mean,locus,0,1.0,13696,0.4054651081081644,1.4505224
15059,HLA-A*68:01,esm2_mean,locus,0,1.0,13696,0.6418538861723948,1.920704
15061,HLA-A*43:01,esm2_mean,locus,0,1.0,13696,0.33647223662121295,0.64203334
15062,HLA-A*24:19,esm2_mean,locus,0,1.0,13696,0.0,-0.30536228
15063,HLA-A*66:01,esm2_mean,locus,0,1.0,13696,0.09531017980432487,0.89589006
15065,HLA-A*26:02,esm2_mean,locus,0,1.0,13696,0.6418538861723948,0.02886045
15070,HLA-A*30:02,esm2_mean,locus,0,1.0,13696,0.4054651081081644,0.8696722
15071,HLA-A*26:02,esm2_mean,locus,0,1.0,13696,0.18232155679395465,0.026888728
15072,HLA-A*31:01,esm2_mean,locus,0,1.0,13696,1.547562508716013,1.0680318
15075,HLA-A*32:07,esm2_mean,locus,0,1.0,13696,1.4586150226995167,1.1176819
15082,HLA-A*02:12,esm2_mean,locus,0,1.0,13696,0.0,0.99806166
15084,HLA-A*23:01,esm2_mean,locus,0,1.0,13696,0.33647223662121295,0.97795177
15088,HLA-A*24:02,esm2_mean,locus,0,1.0,13696,0.18232155679395465,0.62226486
15092,HLA-A*32:07,esm2_mean,locus,0,1.0,13696,0.0,0.92878497
15094,HLA-A*02:01,esm2_mean,locus,0,1.0,13696,3.1135153092103742,1.8221102
15095,HLA-A*02:11,esm2_mean,locus,0,1.0,13696,0.9162907318741551,1.4775677
15096,HLA-A*33:03,esm2_mean,locus,0,1.0,13696,2.0541237336955462,0.85950077
15097,HLA-A*29:02,esm2_mean,locus,0,1.0,13696,0.33647223662121295,1.9156463
15100,HLA-A*02:19,esm2_mean,locus,0,1.0,13696,2.9231615807191558,1.6116889
15101,HLA-A*74:01,esm2_mean,locus,0,1.0,13696,1.9878743481543455,0.5581954
15104,HLA-A*23:01,esm2_mean,locus,0,1.0,13696,3.6913763343125234,0.72010016
15105,HLA-A*25:01,esm2_mean,locus,0,1.0,13696,0.4054651081081644,0.37432003
15106,HLA-A*66:01,esm2_mean,locus,0,1.0,13696,0.0,1.2694323
15107,HLA-A*26:03,esm2_mean,locus,0,1.0,13696,0.18232155679395465,0.24093485
15109,HLA-A*02:03,esm2_mean,locus,0,1.0,13696,1.308332819650179,1.3038908
15115,HLA-A*80:01,esm2_mean,locus,0,1.0,13696,0.0,0.18243748
15116,HLA-A*25:01,esm2_mean,locus,0,1.0,13696,0.0,0.7912959
15117,HLA-A*66:01,esm2_mean,locus,0,1.0,13696,0.0,0.57279867
15123,HLA-A*30:01,esm2_mean,locus,0,1.0,13696,0.4700036292457355,1.11534
15124,HLA-A*30:01,esm2_mean,locus,0,1.0,13696,0.0,1.4767709
15126,HLA-A*23:01,esm2_mean,locus,0,1.0,13696,2.151762203259462,0.5258748
15131,HLA-A*32:07,esm2_mean,locus,0,1.0,13696,3.616308761279101,0.6239215
15133,HLA-A*24:19,esm2_mean,locus,0,1.0,13696,0.18232155679395465,-0.1225242
15134,HLA-A*24:02,esm2_mean,locus,0,1.0,13696,2.2407096892759584,1.1245034
15135,HLA-A*74:01,esm2_mean,locus,0,1.0,13696,0.0,0.5015513
15136,HLA-A*29:02,esm2_mean,locus,0,1.0,13696,1.2809338454620642,1.7799959
15138,HLA-A*02:50,esm2_mean,locus,0,1.0,13696,2.0014800002101243,1.9223303
15140,HLA-A*26:03,esm2_mean,locus,0,1.0,13696,0.33647223662121295,0.6234181
15143,HLA-A*32:07,esm2_mean,locus,0,1.0,13696,2.975529566236472,0.9837961
15144,HLA-A*11:01,esm2_mean,locus,0,1.0,13696,4.097672352314776,1.825088
15145,HLA-A*02:03,esm2_mean,locus,0,1.0,13696,3.4719664525503626,1.1346295
15151,HLA-A*68:01,esm2_mean,locus,0,1.0,13696,0.18232155679395465,1.8548087
15156,HLA-A*43:01,esm2_mean,locus,0,1.0,13696,0.33647223662121295,1.0439708
15160,HLA-A*02:12,esm2_mean,locus,0,1.0,13696,3.4436180975461075,1.0637172
15162,HLA-A*30:01,esm2_mean,locus,0,1.0,13696,0.0,1.145435
15163,HLA-A*68:01,esm2_mean,locus,0,1.0,13696,0.0,1.9522544
15168,HLA-A*02:12,esm2_mean,locus,0,1.0,13696,3.845883202923601,1.0891109
15169,HLA-A*02:50,esm2_mean,locus,0,1.0,13696,3.100092288878234,1.3782338
15175,HLA-A*02:50,esm2_mean,locus,0,1.0,13696,2.72785282839839,1.8049295
15176,HLA-A*02:50,esm2_mean,locus,0,1.0,13696,0.4700036292457355,1.6875174
15178,HLA-A*26:02,esm2_mean,locus,0,1.0,13696,0.0,-0.11217648
15180,HLA-A*02:10,esm2_mean,locus,0,1.0,13696,0.6418538861723948,0.94288844
15181,HLA-A*02:12,esm2_mean,locus,0,1.0,13696,1.6094379124341003,1.283191
15188,HLA-A*23:01,esm2_mean,locus,0,1.0,13696,2.7788192719904172,0.5455786
15189,HLA-A*24:19,esm2_mean,locus,0,1.0,13696,0.0,0.22308755
15193,HLA-A*02:10,esm2_mean,locus,0,1.0,13696,0.18232155679395465,0.77286464
15195,HLA-A*23:01,esm2_mean,locus,0,1.0,13696,1.7047480922384253,0.7479707
15199,HLA-A*02:19,esm2_mean,locus,0,1.0,13696,3.32862668882732,1.6605775
15200,HLA-A*11:01,esm2_mean,locus,0,1.0,13696,2.6390573296152584,1.1865005
15203,HLA-A*24:03,esm2_mean,locus,0,1.0,13696,2.6100697927420065,1.0159512
15204,HLA-A*66:01,esm2_mean,locus,0,1.0,13696,0.18232155679395465,1.0398489
15206,HLA-A*80:01,esm2_mean,locus,0,1.0,13696,0.6931471805599453,0.019055963
15207,HLA-A*26:02,esm2_mean,locus,0,1.0,13696,0.4700036292457355,-0.05287677
15208,HLA-A*26:03,esm2_mean,locus,0,1.0,13696,0.0,0.6347761
15210,HLA-A*24:07,esm2_mean,locus,0,1.0,13696,2.0149030205422647,0.41687334
15212,HLA-A*68:01,esm2_mean,locus,0,1.0,13696,4.255612709818223,1.8483473
15214,HLA-A*24:19,esm2_mean,locus,0,1.0,13696,1.2809338454620642,-0.020824373
15215,HLA-A*02:50,esm2_mean,locus,0,1.0,13696,1.589235205116581,1.7689948
15217,HLA-A*29:02,esm2_mean,locus,0,1.0,13696,0.6418538861723948,1.7189175
15218,HLA-A*80:01,esm2_mean,locus,0,1.0,13696,0.5877866649021191,0.23540431
15219,HLA-A*23:01,esm2_mean,locus,0,1.0,13696,3.4719664525503626,0.98176587
15220,HLA-A*24:19,esm2_mean,locus,0,1.0,13696,0.18232155679395465,-0.0026422143
15228,HLA-A*02:03,esm2_mean,locus,0,1.0,13696,0.6418538861723948,1.7351619
15231,HLA-A*43:01,esm2_mean,locus,0,1.0,13696,0.26236426446749106,1.033345
15232,HLA-A*24:07,esm2_mean,locus,0,1.0,13696,0.5877866649021191,0.8137747
15234,HLA-A*30:01,esm2_mean,locus,0,1.0,13696,0.26236426446749106,1.1215194
15235,HLA-A*74:01,esm2_mean,locus,0,1.0,13696,0.7419373447293773,0.5984509
15237,HLA-A*26:03,esm2_mean,locus,0,1.0,13696,0.0,0.89312786
15239,HLA-A*02:50,esm2_mean,locus,0,1.0,13696,3.427514689979529,1.9337748
15240,HLA-A*68:01,esm2_mean,locus,0,1.0,13696,3.6428355156125294,1.6067894
15245,HLA-A*30:01,esm2_mean,locus,0,1.0,13696,2.617395832834079,1.4100294
15246,HLA-A*68:01,esm2_mean,locus,0,1.0,13696,0.0,1.9446015
15247,HLA-A*11:01,esm2_mean,locus,0,1.0,13696,2.91235066461494,1.4040024
15249,HLA-A*02:19,esm2_mean,locus,0,1.0,13696,3.292126286607793,1.6167378
15251,HLA-A*30:02,esm2_mean,locus,0,1.0,13696,0.18232155679395465,0.5844143
15252,HLA-A*23:01,esm2_mean,locus,0,1.0,13696,0.4054651081081644,1.1983113
15253,HLA-A*32:07,esm2_mean,locus,0,1.0,13696,0.0,0.4283852
15254,HLA-A*66:01,esm2_mean,locus,0,1.0,13696,0.0,0.8290465
15255,HLA-A*24:02,esm2_mean,locus,0,1.0,13696,0.26236426446749106,0.8016322
15261,HLA-A*74:01,esm2_mean,locus,0,1.0,13696,2.9338568698359038,0.581461
15262,HLA-A*74:01,esm2_mean,locus,0,1.0,13696,0.0,0.43444502
15269,HLA-A*02:50,esm2_mean,locus,0,1.0,13696,2.2192034840549946,2.0679965
15271,HLA-A*29:02,esm2_mean,locus,0,1.0,13696,0.26236426446749106,2.092606
15272,HLA-A*02:03,esm2_mean,locus,0,1.0,13696,0.7419373447293773,1.3376907
15274,HLA-A*43:01,esm2_mean,locus,0,1.0,13696,0.18232155679395465,0.9495098
15275,HLA-A*25:01,esm2_mean,locus,0,1.0,13696,0.33647223662121295,0.41612035
15276,HLA-A*24:02,esm2_mean,locus,0,1.0,13696,0.4054651081081644,0.73519075
15277,HLA-A*24:02,esm2_mean,locus,0,1.0,13696,0.6418538861723948,0.6918256
15278,HLA-A*02:03,esm2_mean,locus,0,1.0,13696,1.2809338454620642,1.0890675
15279,HLA-A*23:01,esm2_mean,locus,0,1.0,13696,0.33647223662121295,1.0058559
15285,HLA-A*02:03,esm2_mean,locus,0,1.0,13696,3.122364924487357,1.3772731
15286,HLA-A*30:01,esm2_mean,locus,0,1.0,13696,3.4372078191851885,1.4554541
15288,HLA-A*23:01,esm2_mean,locus,0,1.0,13696,3.0106208860477417,0.8614222
15289,HLA-A*24:03,esm2_mean,locus,0,1.0,13696,1.1939224684724346,0.6539165
15294,HLA-A*02:12,esm2_mean,locus,0,1.0,13696,3.190476350346503,1.1409181
15295,HLA-A*02:50,esm2_mean,locus,0,1.0,13696,2.0794415416798357,1.4184425
15297,HLA-A*29:02,esm2_mean,locus,0,1.0,13696,3.2188758248682006,1.4676176
15298,HLA-A*68:23,esm2_mean,locus,0,1.0,13696,0.18232155679395465,0.7509991
15300,HLA-A*33:03,esm2_mean,locus,0,1.0,13696,1.33500106673234,1.2772181
15306,HLA-A*23:01,esm2_mean,locus,0,1.0,13696,3.353406717825807,1.1719477
15308,HLA-A*02:50,esm2_mean,locus,0,1.0,13696,3.0349529867072724,1.643408
15309,HLA-A*30:01,esm2_mean,locus,0,1.0,13696,0.0,1.64154
15311,HLA-A*24:07,esm2_mean,locus,0,1.0,13696,0.33647223662121295,0.9366871
15312,HLA-A*26:02,esm2_mean,locus,0,1.0,13696,2.0014800002101243,-0.1333999
15316,HLA-A*23:01,esm2_mean,locus,0,1.0,13696,2.2192034840549946,0.64633393
15318,HLA-A*02:11,esm2_mean,locus,0,1.0,13696,0.4700036292457355,1.2317789
15319,HLA-A*74:01,esm2_mean,locus,0,1.0,13696,0.9555114450274363,0.6550009
15321,HLA-A*32:07,esm2_mean,locus,0,1.0,13696,0.0,0.76940787
15324,HLA-A*02:01,esm2_mean,locus,0,1.0,13696,0.6418538861723948,1.2236955
15325,HLA-A*02:16,esm2_mean,locus,0,1.0,13696,2.9014215940827497,1.3628978
15326,HLA-A*33:03,esm2_mean,locus,0,1.0,13696,3.186352633162641,0.82265013
15327,HLA-A*33:03,esm2_mean,locus,0,1.0,13696,0.26236426446749106,0.9641669
15328,HLA-A*68:01,esm2_mean,locus,0,1.0,13696,0.26236426446749106,1.7331362
15329,HLA-A*43:01,esm2_mean,locus,0,1.0,13696,0.0,1.235708
15330,HLA-A*02:11,esm2_mean,locus,0,1.0,13696,2.128231705849268,1.5159708
15331,HLA-A*02:16,esm2_mean,locus,0,1.0,13696,2.4932054526026954,1.4280933
15332,HLA-A*74:01,esm2_mean,locus,0,1.0,13696,0.7884573603642702,0.8049847
15334,HLA-A*32:07,esm2_mean,locus,0,1.0,13696,2.8735646395797834,0.6474339
15335,HLA-A*26:02,esm2_mean,locus,0,1.0,13696,0.0,-0.0483225
15336,HLA-A*26:02,esm2_mean,locus,0,1.0,13696,0.4054651081081644,0.095844805
15337,HLA-A*68:23,esm2_mean,locus,0,1.0,13696,0.7884573603642702,0.32562667
15341,HLA-A*25:01,esm2_mean,locus,0,1.0,13696,4.048300623720694,0.5702171
15342,HLA-A*26:03,esm2_mean,locus,0,1.0,13696,0.0,0.6032404
15344,HLA-A*24:02,esm2_mean,locus,0,1.0,13696,0.18232155679395465,0.67717916
15345,HLA-A*02:50,esm2_mean,locus,0,1.0,13696,2.856470206220483,1.6902432
15346,HLA-A*23:01,esm2_mean,locus,0,1.0,13696,1.5686159179138452,0.91908324
15348,HLA-A*26:02,esm2_mean,locus,0,1.0,13696,0.7419373447293773,-0.13616878
15349,HLA-A*26:03,esm2_mean,locus,0,1.0,13696,0.0,0.8171339
15350,HLA-A*02:03,esm2_mean,locus,0,1.0,13696,0.8754687373538999,1.2394421
15353,HLA-A*68:23,esm2_mean,locus,0,1.0,13696,1.5040773967762742,0.42761344
15355,HLA-A*24:19,esm2_mean,locus,0,1.0,13696,0.26236426446749106,-0.14085811
15358,HLA-A*24:07,esm2_mean,locus,0,1.0,13696,1.6863989535702288,0.76724476
15359,HLA-A*02:10,esm2_mean,locus,0,1.0,13696,1.8718021769015913,0.589218
15360,HLA-A*02:05,esm2_mean,locus,0,1.0,13696,2.9806186357439426,1.5185803
15372,HLA-A*02:03,esm2_mean,locus,0,1.0,13696,0.8754687373538999,1.3046155
15373,HLA-A*02:19,esm2_mean,locus,0,1.0,13696,2.803360380906535,1.6438439
15378,HLA-A*43:01,esm2_mean,locus,0,1.0,13696,0.09531017980432487,0.61439854
15379,HLA-A*80:01,esm2_mean,locus,0,1.0,13696,0.18232155679395465,0.23014337
15382,HLA-A*02:50,esm2_mean,locus,0,1.0,13696,0.6418538861723948,1.8210223
15386,HLA-A*30:01,esm2_mean,locus,0,1.0,13696,1.8718021769015913,1.3266724
15388,HLA-A*24:19,esm2_mean,locus,0,1.0,13696,0.0,0.03860271
15389,HLA-A*24:07,esm2_mean,locus,0,1.0,13696,2.3702437414678603,0.74469566
15390,HLA-A*26:03,esm2_mean,locus,0,1.0,13696,1.5260563034950494,0.5832404
15391,HLA-A*02:12,esm2_mean,locus,0,1.0,13696,2.0149030205422647,1.104233
15392,HLA-A*31:01,esm2_mean,locus,0,1.0,13696,3.979681653901961,1.2705224
15395,HLA-A*74:01,esm2_mean,locus,0,1.0,13696,0.7419373447293773,0.56652665
15397,HLA-A*03:01,esm2_mean,locus,0,1.0,13696,0.26236426446749106,1.79679
15398,HLA-A*33:03,esm2_mean,locus,0,1.0,13696,3.0106208860477417,1.1896441
15401,HLA-A*66:01,esm2_mean,locus,0,1.0,13696,0.18232155679395465,0.7515996
15402,HLA-A*03:01,esm2_mean,locus,0,1.0,13696,0.0,1.4272382
15404,HLA-A*68:01,esm2_mean,locus,0,1.0,13696,0.832909122935104,1.4156454
15407,HLA-A*68:23,esm2_mean,locus,0,1.0,13696,2.3702437414678603,0.35303932
15408,HLA-A*26:03,esm2_mean,locus,0,1.0,13696,0.6418538861723948,0.6991073
15409,HLA-A*03:01,esm2_mean,locus,0,1.0,13696,0.09531017980432487,2.099366
15415,HLA-A*02:11,esm2_mean,locus,0,1.0,13696,2.7343675094195836,1.326596
15416,HLA-A*02:16,esm2_mean,locus,0,1.0,13696,3.2108436531709366,1.5963941
15417,HLA-A*68:01,esm2_mean,locus,0,1.0,13696,3.7256934272366524,1.6574887
15419,HLA-A*43:01,esm2_mean,locus,0,1.0,13696,0.18232155679395465,0.8236624
15420,HLA-A*80:01,esm2_mean,locus,0,1.0,13696,0.26236426446749106,-0.1295777
15421,HLA-A*24:03,esm2_mean,locus,0,1.0,13696,1.1939224684724346,0.7780336
15422,HLA-A*25:01,esm2_mean,locus,0,1.0,13696,0.5306282510621704,0.614075
15424,HLA-A*33:03,esm2_mean,locus,0,1.0,13696,5.273512247629066,1.5935838
15428,HLA-A*68:23,esm2_mean,locus,0,1.0,13696,1.3609765531356006,0.473163
15430,HLA-A*33:03,esm2_mean,locus,0,1.0,13696,1.0296194171811583,1.0914493
15434,HLA-A*23:01,esm2_mean,locus,0,1.0,13696,3.0587070727153796,0.977554
15438,HLA-A*30:02,esm2_mean,locus,0,1.0,13696,0.5306282510621704,0.7429111
15439,HLA-A*80:01,esm2_mean,locus,0,1.0,13696,0.0,0.11084652
15440,HLA-A*26:03,esm2_mean,locus,0,1.0,13696,0.33647223662121295,0.8282845
15441,HLA-A*33:03,esm2_mean,locus,0,1.0,13696,2.6100697927420065,0.9469235
15442,HLA-A*68:01,esm2_mean,locus,0,1.0,13696,0.0,2.0978894
15445,HLA-A*24:02,esm2_mean,locus,0,1.0,13696,0.6418538861723948,0.924558
15446,HLA-A*68:01,esm2_mean,locus,0,1.0,13696,0.4054651081081644,1.4250191
15449,HLA-A*24:07,esm2_mean,locus,0,1.0,13696,0.0,0.6158045
15450,HLA-A*26:03,esm2_mean,locus,0,1.0,13696,2.388762789235098,0.7358582
15452,HLA-A*02:12,esm2_mean,locus,0,1.0,13696,2.0918640616783932,1.2467672
15455,HLA-A*24:19,esm2_mean,locus,0,1.0,13696,0.0,-0.15319854
15456,HLA-A*66:01,esm2_mean,locus,0,1.0,13696,0.0,0.7477495
15458,HLA-A*25:01,esm2_mean,locus,0,1.0,13696,2.803360380906535,0.5730564
15460,HLA-A*24:02,esm2_mean,locus,0,1.0,13696,0.8754687373538999,0.71423674
15461,HLA-A*32:07,esm2_mean,locus,0,1.0,13696,0.0,0.6839465
15470,HLA-A*43:01,esm2_mean,locus,0,1.0,13696,0.4054651081081644,0.83023596
15473,HLA-A*31:01,esm2_mean,locus,0,1.0,13696,2.186051276738094,1.1193652
15475,HLA-A*24:03,esm2_mean,locus,0,1.0,13696,2.653241964607215,0.7518682
15476,HLA-A*25:01,esm2_mean,locus,0,1.0,13696,1.8718021769015913,0.6576083
15477,HLA-A*02:01,esm2_mean,locus,0,1.0,13696,2.94706710157271,1.9350228
15479,HLA-A*74:01,esm2_mean,locus,0,1.0,13696,2.0541237336955462,0.6997648
15481,HLA-A*68:23,esm2_mean,locus,0,1.0,13696,0.0,0.6084569
15484,HLA-A*02:10,esm2_mean,locus,0,1.0,13696,1.2809338454620642,0.62556523
15485,HLA-A*02:50,esm2_mean,locus,0,1.0,13696,0.5306282510621704,2.0793169
15486,HLA-A*02:19,esm2_mean,locus,0,1.0,13696,1.547562508716013,1.3268187
15488,HLA-A*43:01,esm2_mean,locus,0,1.0,13696,0.0,0.9037236
15489,HLA-A*32:07,esm2_mean,locus,0,1.0,13696,0.33647223662121295,0.81672394
15494,HLA-A*02:01,esm2_mean,locus,0,1.0,13696,3.5810158082379915,1.8814683
15495,HLA-A*74:01,esm2_mean,locus,0,1.0,13696,4.387014176184921,0.8564611
15496,HLA-A*68:23,esm2_mean,locus,0,1.0,13696,0.0,0.2526427
15499,HLA-A*24:02,esm2_mean,locus,0,1.0,13696,3.1484533605716547,1.1023687
15500,HLA-A*33:03,esm2_mean,locus,0,1.0,13696,0.0,1.4031849
15504,HLA-A*24:07,esm2_mean,locus,0,1.0,13696,1.6863989535702288,0.25828296
15505,HLA-A*66:01,esm2_mean,locus,0,1.0,13696,0.18232155679395465,0.87763774
15508,HLA-A*02:50,esm2_mean,locus,0,1.0,13696,2.4069451083182885,1.7290478
15510,HLA-A*02:50,esm2_mean,locus,0,1.0,13696,3.0492730404820207,1.8377967
15513,HLA-A*24:07,esm2_mean,locus,0,1.0,13696,2.7536607123542622,0.44778043
15515,HLA-A*02:01,esm2_mean,locus,0,1.0,13696,2.388762789235098,2.1376817
15516,HLA-A*02:10,esm2_mean,locus,0,1.0,13696,0.4054651081081644,0.7773812
15517,HLA-A*33:03,esm2_mean,locus,0,1.0,13696,0.33647223662121295,1.3312097
15519,HLA-A*30:02,esm2_mean,locus,0,1.0,13696,1.7227665977411035,1.0644506
15521,HLA-A*03:01,esm2_mean,locus,0,1.0,13696,0.0,2.0267253
15527,HLA-A*25:01,esm2_mean,locus,0,1.0,13696,0.0,0.33153826
15529,HLA-A*02:03,esm2_mean,locus,0,1.0,13696,2.9652730660692823,1.2226225
15538,HLA-A*02:01,esm2_mean,locus,0,1.0,13696,3.166740070447672,1.7768021
15540,HLA-A*02:12,esm2_mean,locus,0,1.0,13696,2.856470206220483,1.0698206
15541,HLA-A*02:12,esm2_mean,locus,0,1.0,13696,1.7749523509116738,1.0600085
15542,HLA-A*02:50,esm2_mean,locus,0,1.0,13696,2.1633230256605382,2.1688066
15543,HLA-A*02:50,esm2_mean,locus,0,1.0,13696,2.1633230256605382,2.016443
15544,HLA-A*74:01,esm2_mean,locus,0,1.0,13696,2.9601050959108397,0.71401215
15546,HLA-A*24:02,esm2_mean,locus,0,1.0,13696,0.18232155679395465,1.0956842
15548,HLA-A*43:01,esm2_mean,locus,0,1.0,13696,0.26236426446749106,1.2900441
15549,HLA-A*32:07,esm2_mean,locus,0,1.0,13696,0.26236426446749106,0.66333824
15551,HLA-A*01:01,esm2_mean,locus,0,1.0,13696,0.1310282624064041,0.49178118
15552,HLA-A*02:16,esm2_mean,locus,0,1.0,13696,3.077312260546414,1.4387461
15553,HLA-A*33:03,esm2_mean,locus,0,1.0,13696,0.0,1.4569325
15556,HLA-A*30:02,esm2_mean,locus,0,1.0,13696,2.8622008809294686,0.8823205
15559,HLA-A*02:10,esm2_mean,locus,0,1.0,13696,1.6094379124341003,0.75880575
15560,HLA-A*02:19,esm2_mean,locus,0,1.0,13696,2.760009940032921,1.4786384
15561,HLA-A*74:01,esm2_mean,locus,0,1.0,13696,0.8754687373538999,0.6018826
15565,HLA-A*02:12,esm2_mean,locus,0,1.0,13696,0.9555114450274363,1.0317972
15566,HLA-A*68:01,esm2_mean,locus,0,1.0,13696,0.4700036292457355,2.0054245
15567,HLA-A*68:01,esm2_mean,locus,0,1.0,13696,1.5260563034950494,1.5185622
15572,HLA-A*02:50,esm2_mean,locus,0,1.0,13696,1.7227665977411035,1.8184066
15573,HLA-A*43:01,esm2_mean,locus,0,1.0,13696,0.0,0.9309988
15574,HLA-A*24:02,esm2_mean,locus,0,1.0,13696,0.6418538861723948,1.1697598
15575,HLA-A*24:02,esm2_mean,locus,0,1.0,13696,0.33647223662121295,0.75338066
15577,HLA-A*02:16,esm2_mean,locus,0,1.0,13696,2.028148247292285,1.5328896
15578,HLA-A*68:01,esm2_mean,locus,0,1.0,13696,1.0647107369924282,1.8555756
15579,HLA-A*29:02,esm2_mean,locus,0,1.0,13696,0.26236426446749106,1.6421456
15581,HLA-A*01:01,esm2_mean,locus,0,1.0,13696,2.6195832197798796,0.41092718
15582,HLA-A*02:19,esm2_mean,locus,0,1.0,13696,0.9555114450274363,1.5204935
15583,HLA-A*30:01,esm2_mean,locus,0,1.0,13696,0.5306282510621704,1.4893575
15587,HLA-A*43:01,esm2_mean,locus,0,1.0,13696,0.0,1.0491095
15592,HLA-A*68:01,esm2_mean,locus,0,1.0,13696,0.0,1.6285272
15594,HLA-A*02:01,esm2_mean,locus,0,1.0,13696,3.713572066704308,2.0962656
15595,HLA-A*29:02,esm2_mean,locus,0,1.0,13696,0.26236426446749106,1.7718201
15597,HLA-A*24:07,esm2_mean,locus,0,1.0,13696,1.5040773967762742,0.6354619
15599,HLA-A*68:01,esm2_mean,locus,0,1.0,13696,4.050044303325521,1.6810092
15603,HLA-A*66:01,esm2_mean,locus,0,1.0,13696,0.0,0.7830205
15607,HLA-A*43:01,esm2_mean,locus,0,1.0,13696,0.18232155679395465,0.72851664
15608,HLA-A*23:01,esm2_mean,locus,0,1.0,13696,0.18232155679395465,0.5605042
15610,HLA-A*24:19,esm2_mean,locus,0,1.0,13696,0.26236426446749106,0.15962058
15612,HLA-A*02:12,esm2_mean,locus,0,1.0,13696,2.785011242238338,1.0769763
15613,HLA-A*02:16,esm2_mean,locus,0,1.0,13696,1.7749523509116738,1.1811622
15614,HLA-A*33:03,esm2_mean,locus,0,1.0,13696,0.4054651081081644,1.0744141
15619,HLA-A*32:07,esm2_mean,locus,0,1.0,13696,0.0,0.62148213
15621,HLA-A*69:01,esm2_mean,locus,0,1.0,13696,0.832909122935104,1.2992125
15622,HLA-A*02:10,esm2_mean,locus,0,1.0,13696,3.1441522786722644,0.97389567
15623,HLA-A*02:12,esm2_mean,locus,0,1.0,13696,1.7047480922384253,0.9620243
15624,HLA-A*02:19,esm2_mean,locus,0,1.0,13696,2.9601050959108397,1.611145
15625,HLA-A*33:03,esm2_mean,locus,0,1.0,13696,1.2809338454620642,0.9427599
15626,HLA-A*68:01,esm2_mean,locus,0,1.0,13696,2.6026896854443837,1.8020935
15627,HLA-A*74:01,esm2_mean,locus,0,1.0,13696,2.5416019934645457,0.10449821
15628,HLA-A*80:01,esm2_mean,locus,0,1.0,13696,0.0,-0.03314978
15631,HLA-A*68:01,esm2_mean,locus,0,1.0,13696,0.26236426446749106,1.819654
15632,HLA-A*68:01,esm2_mean,locus,0,1.0,13696,0.0,1.8125024
15634,HLA-A*02:16,esm2_mean,locus,0,1.0,13696,1.5040773967762742,1.6263146
15636,HLA-A*30:02,esm2_mean,locus,0,1.0,13696,0.33647223662121295,0.50633913
15638,HLA-A*26:03,esm2_mean,locus,0,1.0,13696,0.0,0.19235438
15640,HLA-A*25:01,esm2_mean,locus,0,1.0,13696,0.0,0.46475142
15645,HLA-A*25:01,esm2_mean,locus,0,1.0,13696,0.26236426446749106,0.47064286
15646,HLA-A*26:02,esm2_mean,locus,0,1.0,13696,0.0,-0.11443406
15648,HLA-A*02:16,esm2_mean,locus,0,1.0,13696,0.9162907318741551,1.3525045
15649,HLA-A*30:01,esm2_mean,locus,0,1.0,13696,0.0,1.3472774
15650,HLA-A*68:01,esm2_mean,locus,0,1.0,13696,2.0412203288596382,1.7778715
15652,HLA-A*29:02,esm2_mean,locus,0,1.0,13696,0.5877866649021191,1.6707985
15653,HLA-A*68:01,esm2_mean,locus,0,1.0,13696,0.5877866649021191,1.5355668
15655,HLA-A*26:02,esm2_mean,locus,0,1.0,13696,1.4816045409242156,-0.040751994
15659,HLA-A*30:02,esm2_mean,locus,0,1.0,13696,0.26236426446749106,0.8720466
15661,HLA-A*26:02,esm2_mean,locus,0,1.0,13696,0.4054651081081644,-0.14861816
15664,HLA-A*02:03,esm2_mean,locus,0,1.0,13696,2.379546134130174,1.2705295
15667,HLA-A*80:01,esm2_mean,locus,0,1.0,13696,0.18232155679395465,0.03876984
15668,HLA-A*32:07,esm2_mean,locus,0,1.0,13696,0.0,0.811113
15672,HLA-A*02:10,esm2_mean,locus,0,1.0,13696,0.9162907318741551,0.4932948
15675,HLA-A*30:02,esm2_mean,locus,0,1.0,13696,0.18232155679395465,0.9086431
15678,HLA-A*02:11,esm2_mean,locus,0,1.0,13696,0.4700036292457355,1.5617311
15679,HLA-A*43:01,esm2_mean,locus,0,1.0,13696,2.714694743820879,0.6438077
15680,HLA-A*24:03,esm2_mean,locus,0,1.0,13696,3.3978584803966405,0.8388635
15681,HLA-A*24:19,esm2_mean,locus,0,1.0,13696,0.09531017980432487,-0.13036495
15682,HLA-A*24:07,esm2_mean,locus,0,1.0,13696,3.2228678461377385,0.47685486
15684,HLA-A*02:19,esm2_mean,locus,0,1.0,13696,3.3945083935113587,1.3150482
15689,HLA-A*02:11,esm2_mean,locus,0,1.0,13696,1.0986122886681098,1.2989955
15691,HLA-A*74:01,esm2_mean,locus,0,1.0,13696,1.0986122886681098,0.69540066
15692,HLA-A*74:01,esm2_mean,locus,0,1.0,13696,4.163559631243574,0.6625414
15694,HLA-A*68:01,esm2_mean,locus,0,1.0,13696,0.8754687373538999,1.4837798
15700,HLA-A*01:01,esm2_mean,locus,0,1.0,13696,2.8166056076565558,0.6623997
15702,HLA-A*43:01,esm2_mean,locus,0,1.0,13696,0.18232155679395465,0.93181837
15704,HLA-A*24:19,esm2_mean,locus,0,1.0,13696,0.18232155679395465,0.043344975
15706,HLA-A*23:01,esm2_mean,locus,0,1.0,13696,0.26236426446749106,0.7386843
15710,HLA-A*43:01,esm2_mean,locus,0,1.0,13696,0.4054651081081644,0.8411894
15712,HLA-A*25:01,esm2_mean,locus,0,1.0,13696,1.410986973710262,0.23109376
15713,HLA-A*32:01,esm2_mean,locus,0,1.0,13696,2.066862759472976,1.2553567
15716,HLA-A*80:01,esm2_mean,locus,0,1.0,13696,0.832909122935104,0.28988016
15718,HLA-A*68:23,esm2_mean,locus,0,1.0,13696,0.26236426446749106,0.5554816
15721,HLA-A*02:03,esm2_mean,locus,0,1.0,13696,1.1939224684724346,1.5636249
15722,HLA-A*02:10,esm2_mean,locus,0,1.0,13696,0.18232155679395465,1.0475413
15723,HLA-A*24:03,esm2_mean,locus,0,1.0,13696,0.6931471805599453,0.84082663
15724,HLA-A*68:01,esm2_mean,locus,0,1.0,13696,0.0,1.8615716
15725,HLA-A*11:01,esm2_mean,locus,0,1.0,13696,3.8155121050473024,1.30641
15730,HLA-A*02:11,esm2_mean,locus,0,1.0,13696,2.6741486494265287,1.4185694
15731,HLA-A*43:01,esm2_mean,locus,0,1.0,13696,0.26236426446749106,1.0084379
15733,HLA-A*02:16,esm2_mean,locus,0,1.0,13696,2.8903717578961645,1.2710505
15736,HLA-A*02:50,esm2_mean,locus,0,1.0,13696,2.4423470353692043,1.9236443
15739,HLA-A*68:01,esm2_mean,locus,0,1.0,13696,2.424802725718295,1.5016696
15743,HLA-A*80:01,esm2_mean,locus,0,1.0,13696,0.0,0.10912001
15746,HLA-A*02:10,esm2_mean,locus,0,1.0,13696,0.33647223662121295,0.72597575
15747,HLA-A*30:01,esm2_mean,locus,0,1.0,13696,0.0,1.6235133
15750,HLA-A*24:19,esm2_mean,locus,0,1.0,13696,0.5877866649021191,-0.3298853
15751,HLA-A*02:01,esm2_mean,locus,0,1.0,13696,1.0986122886681098,1.753562
15752,HLA-A*30:01,esm2_mean,locus,0,1.0,13696,3.0007198150650303,1.3840392
15756,HLA-A*25:01,esm2_mean,locus,0,1.0,13696,0.0,0.5651937
15757,HLA-A*68:23,esm2_mean,locus,0,1.0,13696,1.252762968495368,0.41248566
15759,HLA-A*02:50,esm2_mean,locus,0,1.0,13696,1.1939224684724346,1.9654319
15761,HLA-A*33:03,esm2_mean,locus,0,1.0,13696,0.0,1.2381989
15764,HLA-A*25:01,esm2_mean,locus,0,1.0,13696,0.0,0.4681673
15765,HLA-A*26:02,esm2_mean,locus,0,1.0,13696,0.832909122935104,-0.2751611
15766,HLA-A*24:02,esm2_mean,locus,0,1.0,13696,0.9555114450274363,0.41066647
15773,HLA-A*02:03,esm2_mean,locus,0,1.0,13696,0.33647223662121295,1.4190594
15775,HLA-A*02:12,esm2_mean,locus,0,1.0,13696,2.6026896854443837,0.9379457
15776,HLA-A*31:01,esm2_mean,locus,0,1.0,13696,4.3067641501733345,0.94324887
15781,HLA-A*23:01,esm2_mean,locus,0,1.0,13696,0.6931471805599453,0.8123645
15782,HLA-A*26:03,esm2_mean,locus,0,1.0,13696,1.6863989535702288,0.5220077
15785,HLA-A*69:01,esm2_mean,locus,0,1.0,13696,1.2237754316221157,1.3372127
15797,HLA-A*02:11,esm2_mean,locus,0,1.0,13696,2.624668592163159,1.3568704
15799,HLA-A*32:07,esm2_mean,locus,0,1.0,13696,0.5306282510621704,0.4342155
15801,HLA-A*02:05,esm2_mean,locus,0,1.0,13696,2.9856819377004897,1.6285977
15802,HLA-A*02:50,esm2_mean,locus,0,1.0,13696,3.1179499062782403,1.774835
15805,HLA-A*30:02,esm2_mean,locus,0,1.0,13696,0.33647223662121295,0.61271906
15807,HLA-A*26:02,esm2_mean,locus,0,1.0,13696,0.26236426446749106,-0.2212835
15808,HLA-A*30:01,esm2_mean,locus,0,1.0,13696,0.0,1.1340194
15809,HLA-A*11:01,esm2_mean,locus,0,1.0,13696,1.3609765531356006,1.3691915
15812,HLA-A*33:03,esm2_mean,locus,0,1.0,13696,0.18232155679395465,1.0391943
15815,HLA-A*02:11,esm2_mean,locus,0,1.0,13696,3.2386784521643803,1.1122524
15817,HLA-A*24:03,esm2_mean,locus,0,1.0,13696,0.18232155679395465,0.39323276
15819,HLA-A*30:02,esm2_mean,locus,0,1.0,13696,0.5877866649021191,0.8478472
15821,HLA-A*43:01,esm2_mean,locus,0,1.0,13696,0.0,0.6989117
15826,HLA-A*02:16,esm2_mean,locus,0,1.0,13696,2.33214389523559,1.3890005
15827,HLA-A*02:19,esm2_mean,locus,0,1.0,13696,0.33647223662121295,1.3517454
15828,HLA-A*26:03,esm2_mean,locus,0,1.0,13696,0.4054651081081644,0.54288405
15832,HLA-A*29:02,esm2_mean,locus,0,1.0,13696,1.7404661748405046,1.4851876
15833,HLA-A*74:01,esm2_mean,locus,0,1.0,13696,0.26236426446749106,0.4551419
15838,HLA-A*25:01,esm2_mean,locus,0,1.0,13696,0.33647223662121295,0.42696446
15839,HLA-A*66:01,esm2_mean,locus,0,1.0,13696,0.09531017980432487,0.8957298
15840,HLA-A*24:02,esm2_mean,locus,0,1.0,13696,1.824549292051046,0.758031
15848,HLA-A*24:19,esm2_mean,locus,0,1.0,13696,0.33647223662121295,0.34916693
15849,HLA-A*68:23,esm2_mean,locus,0,1.0,13696,1.2237754316221157,0.48972553
15851,HLA-A*23:01,esm2_mean,locus,0,1.0,13696,3.4468078929142076,0.6864307
15853,HLA-A*24:07,esm2_mean,locus,0,1.0,13696,1.2237754316221157,0.5610995
15855,HLA-A*03:01,esm2_mean,locus,0,1.0,13696,0.0,1.8537786
15857,HLA-A*24:03,esm2_mean,locus,0,1.0,13696,3.2386784521643803,0.40755445
15859,HLA-A*02:03,esm2_mean,locus,0,1.0,13696,3.2268439945173775,1.1971087
15860,HLA-A*02:16,esm2_mean,locus,0,1.0,13696,2.341805806147327,1.1111436
15862,HLA-A*24:07,esm2_mean,locus,0,1.0,13696,0.09531017980432487,0.34204108
15868,HLA-A*03:01,esm2_mean,locus,0,1.0,13696,0.9162907318741551,2.0030859
15869,HLA-A*02:03,esm2_mean,locus,0,1.0,13696,2.509599262378372,1.3261305
15870,HLA-A*30:01,esm2_mean,locus,0,1.0,13696,0.5306282510621704,1.7072711
15872,HLA-A*43:01,esm2_mean,locus,0,1.0,13696,1.2237754316221157,1.078032
15874,HLA-A*02:03,esm2_mean,locus,0,1.0,13696,1.7047480922384253,1.3362318
15877,HLA-A*80:01,esm2_mean,locus,0,1.0,13696,0.9932517730102833,0.34341133
15880,HLA-A*24:19,esm2_mean,locus,0,1.0,13696,0.0,-0.06527859
15881,HLA-A*66:01,esm2_mean,locus,0,1.0,13696,0.09531017980432487,0.5031538
15883,HLA-A*26:01,esm2_mean,locus,0,1.0,13696,0.4054651081081644,0.1824233
15884,HLA-A*02:16,esm2_mean,locus,0,1.0,13696,3.716008121502189,1.5155973
15886,HLA-A*24:19,esm2_mean,locus,0,1.0,13696,0.4054651081081644,0.047881603
15887,HLA-A*68:23,esm2_mean,locus,0,1.0,13696,0.0,0.36968905
15888,HLA-A*68:01,esm2_mean,locus,0,1.0,13696,4.4953553199808844,1.415323
15890,HLA-A*80:01,esm2_mean,locus,0,1.0,13696,0.0,-0.031199276
15894,HLA-A*29:02,esm2_mean,locus,0,1.0,13696,0.26236426446749106,1.700978
15895,HLA-A*68:23,esm2_mean,locus,0,1.0,13696,0.6931471805599453,0.4286505
15897,HLA-A*68:23,esm2_mean,locus,0,1.0,13696,0.7419373447293773,0.5761757
15900,HLA-A*24:02,esm2_mean,locus,0,1.0,13696,0.4700036292457355,1.1014117
15902,HLA-A*31:01,esm2_mean,locus,0,1.0,13696,0.4700036292457355,0.96112263
15905,HLA-A*29:02,esm2_mean,locus,0,1.0,13696,1.7047480922384253,1.6179631
15907,HLA-A*25:01,esm2_mean,locus,0,1.0,13696,2.174751721484161,0.64602995
15908,HLA-A*68:23,esm2_mean,locus,0,1.0,13696,0.6931471805599453,0.8032733
15909,HLA-A*03:01,esm2_mean,locus,0,1.0,13696,1.0986122886681098,2.0229337
15910,HLA-A*24:02,esm2_mean,locus,0,1.0,13696,3.122364924487357,0.93493974
15911,HLA-A*24:02,esm2_mean,locus,0,1.0,13696,0.5306282510621704,1.3177807
15912,HLA-A*02:19,esm2_mean,locus,0,1.0,13696,3.2809112157876537,1.9099679
15913,HLA-A*80:01,esm2_mean,locus,0,1.0,13696,0.0,0.1674807
15917,HLA-A*30:01,esm2_mean,locus,0,1.0,13696,0.7419373447293773,1.4635733
15918,HLA-A*31:01,esm2_mean,locus,0,1.0,13696,0.0,1.2886415
15921,HLA-A*02:10,esm2_mean,locus,0,1.0,13696,0.0,0.87940764
15922,HLA-A*68:01,esm2_mean,locus,0,1.0,13696,1.0296194171811583,1.5697916
15924,HLA-A*30:02,esm2_mean,locus,0,1.0,13696,0.5877866649021191,1.143233
15925,HLA-A*80:01,esm2_mean,locus,0,1.0,13696,0.0,0.1469456
15927,HLA-A*26:03,esm2_mean,locus,0,1.0,13696,0.9162907318741551,0.6847722
15929,HLA-A*03:01,esm2_mean,locus,0,1.0,13696,0.0,1.9726703
15931,HLA-A*02:01,esm2_mean,locus,0,1.0,13696,3.054001181677967,1.774034
15933,HLA-A*26:03,esm2_mean,locus,0,1.0,13696,1.6486586255873816,0.70674866
15935,HLA-A*02:12,esm2_mean,locus,0,1.0,13696,1.3609765531356006,1.6059711
15936,HLA-A*33:03,esm2_mean,locus,0,1.0,13696,0.0,0.9867028
15939,HLA-A*26:02,esm2_mean,locus,0,1.0,13696,0.33647223662121295,0.04124534
15940,HLA-A*66:01,esm2_mean,locus,0,1.0,13696,1.5260563034950494,0.46070594
15941,HLA-A*66:01,esm2_mean,locus,0,1.0,13696,0.09531017980432487,0.85698843
15946,HLA-A*02:11,esm2_mean,locus,0,1.0,13696,3.6027767550605247,1.2851933
15947,HLA-A*23:01,esm2_mean,locus,0,1.0,13696,1.0296194171811583,1.1773995
15948,HLA-A*02:01,esm2_mean,locus,0,1.0,13696,0.7839015438284094,1.9496282
15949,HLA-A*33:03,esm2_mean,locus,0,1.0,13696,0.0,0.9368682
15950,HLA-A*33:03,esm2_mean,locus,0,1.0,13696,0.0,1.1864381
15955,HLA-A*02:01,esm2_mean,locus,0,1.0,13696,0.832909122935104,1.6468153
15957,HLA-A*68:01,esm2_mean,locus,0,1.0,13696,0.5306282510621704,1.8944688
15960,HLA-A*68:23,esm2_mean,locus,0,1.0,13696,0.26236426446749106,0.75359106
15964,HLA-A*29:02,esm2_mean,locus,0,1.0,13696,1.824549292051046,1.886728
15968,HLA-A*02:11,esm2_mean,locus,0,1.0,13696,2.4069451083182885,1.4442436
15969,HLA-A*30:01,esm2_mean,locus,0,1.0,13696,2.9444389791664403,1.3991926
15972,HLA-A*02:16,esm2_mean,locus,0,1.0,13696,3.763522997109702,1.2986419
15973,HLA-A*74:01,esm2_mean,locus,0,1.0,13696,0.18232155679395465,0.78949
15978,HLA-A*26:03,esm2_mean,locus,0,1.0,13696,0.0,0.7900824
15980,HLA-A*24:02,esm2_mean,locus,0,1.0,13696,0.5306282510621704,0.9377645
15981,HLA-A*02:50,esm2_mean,locus,0,1.0,13696,2.8735646395797834,1.9635367
15982,HLA-A*11:01,esm2_mean,locus,0,1.0,13696,0.6931471805599453,1.2224172
15987,HLA-A*02:50,esm2_mean,locus,0,1.0,13696,0.26236426446749106,1.8638926
15990,HLA-A*30:01,esm2_mean,locus,0,1.0,13696,0.9932517730102833,1.341857
15991,HLA-A*68:01,esm2_mean,locus,0,1.0,13696,3.3978584803966405,1.7479281
15993,HLA-A*43:01,esm2_mean,locus,0,1.0,13696,0.18232155679395465,1.0801169
15994,HLA-A*80:01,esm2_mean,locus,0,1.0,13696,0.0,0.008498728
15995,HLA-A*02:50,esm2_mean,locus,0,1.0,13696,2.6461747973841225,1.8155825
15996,HLA-A*66:01,esm2_mean,locus,0,1.0,13696,0.26236426446749106,0.9578805
16001,HLA-A*02:11,esm2_mean,locus,0,1.0,13696,2.8507065015037334,1.5216482
16002,HLA-A*02:12,esm2_mean,locus,0,1.0,13696,0.9555114450274363,1.043661
16003,HLA-A*31:01,esm2_mean,locus,0,1.0,13696,1.410986973710262,1.5431175
16007,HLA-A*29:02,esm2_mean,locus,0,1.0,13696,1.1939224684724346,1.7633193
16008,HLA-A*29:02,esm2_mean,locus,0,1.0,13696,2.2617630984737906,1.554477
16009,HLA-A*24:07,esm2_mean,locus,0,1.0,13696,1.9315214116032138,0.2805724
16010,HLA-A*68:01,esm2_mean,locus,0,1.0,13696,3.224857896545748,1.4156454
16013,HLA-A*32:07,esm2_mean,locus,0,1.0,13696,0.8754687373538999,0.7542045
16015,HLA-A*02:11,esm2_mean,locus,0,1.0,13696,2.302585092994046,1.4335842
16016,HLA-A*32:07,esm2_mean,locus,0,1.0,13696,0.26236426446749106,0.89619434
16017,HLA-A*02:03,esm2_mean,locus,0,1.0,13696,3.591817741270805,1.526037
16020,HLA-A*02:10,esm2_mean,locus,0,1.0,13696,2.4849066497880004,0.8864579
16021,HLA-A*33:03,esm2_mean,locus,0,1.0,13696,3.3978584803966405,1.1515877
16022,HLA-A*74:01,esm2_mean,locus,0,1.0,13696,4.637637376125593,0.89018345
16023,HLA-A*23:01,esm2_mean,locus,0,1.0,13696,3.4307561839036995,0.6922399
16024,HLA-A*24:07,esm2_mean,locus,0,1.0,13696,1.791759469228055,0.8906083
16025,HLA-A*25:01,esm2_mean,locus,0,1.0,13696,0.0,0.3007396
16026,HLA-A*02:10,esm2_mean,locus,0,1.0,13696,0.7884573603642702,0.844458
16034,HLA-A*03:01,esm2_mean,locus,0,1.0,13696,0.0,1.9020541
16036,HLA-A*24:03,esm2_mean,locus,0,1.0,13696,2.33214389523559,0.80688465
16037,HLA-A*02:12,esm2_mean,locus,0,1.0,13696,0.7419373447293773,1.2145586
16039,HLA-A*30:02,esm2_mean,locus,0,1.0,13696,1.0986122886681098,1.0102975
16040,HLA-A*80:01,esm2_mean,locus,0,1.0,13696,0.0,0.26755708
16041,HLA-A*24:07,esm2_mean,locus,0,1.0,13696,0.4054651081081644,0.44562
16042,HLA-A*24:07,esm2_mean,locus,0,1.0,13696,0.9162907318741551,0.59623116
16043,HLA-A*26:03,esm2_mean,locus,0,1.0,13696,2.1041341542702074,0.722141
16045,HLA-A*02:12,esm2_mean,locus,0,1.0,13696,3.5467396869528134,1.0829194
16050,HLA-A*24:02,esm2_mean,locus,0,1.0,13696,0.33647223662121295,0.91619384
16051,HLA-A*68:01,esm2_mean,locus,0,1.0,13696,1.5260563034950494,1.7180283
16053,HLA-A*43:01,esm2_mean,locus,0,1.0,13696,2.3513752571634776,1.1163274
16054,HLA-A*24:02,esm2_mean,locus,0,1.0,13696,0.4054651081081644,1.0016003
16055,HLA-A*02:11,esm2_mean,locus,0,1.0,13696,2.0541237336955462,1.3183796
16060,HLA-A*23:01,esm2_mean,locus,0,1.0,13696,1.5260563034950494,0.82569206
16061,HLA-A*24:19,esm2_mean,locus,0,1.0,13696,3.0007198150650303,0.08590847
16062,HLA-A*26:02,esm2_mean,locus,0,1.0,13696,2.8622008809294686,0.00023120642
16064,HLA-A*68:01,esm2_mean,locus,0,1.0,13696,0.0,1.6392274
16065,HLA-A*68:01,esm2_mean,locus,0,1.0,13696,3.4061849231731944,1.6384017
16067,HLA-A*24:07,esm2_mean,locus,0,1.0,13696,1.8870696490323797,0.47550792
16068,HLA-A*25:01,esm2_mean,locus,0,1.0,13696,0.7884573603642702,0.4826991
16070,HLA-A*74:01,esm2_mean,locus,0,1.0,13696,0.0,0.6470326
16072,HLA-A*80:01,esm2_mean,locus,0,1.0,13696,0.0,0.10559535
16075,HLA-A*02:03,esm2_mean,locus,0,1.0,13696,2.791165107812717,1.1015148
16076,HLA-A*74:01,esm2_mean,locus,0,1.0,13696,0.7884573603642702,0.7924906
16079,HLA-A*43:01,esm2_mean,locus,0,1.0,13696,0.18232155679395465,0.75854945
16080,HLA-A*23:01,esm2_mean,locus,0,1.0,13696,1.9600947840472698,0.9656613
16085,HLA-A*66:01,esm2_mean,locus,0,1.0,13696,0.0,1.0264704
16086,HLA-A*30:01,esm2_mean,locus,0,1.0,13696,0.0,1.3784192
16090,HLA-A*80:01,esm2_mean,locus,0,1.0,13696,0.5306282510621704,0.13691849
16095,HLA-A*03:01,esm2_mean,locus,0,1.0,13696,1.1314021114911006,2.0926502
16096,HLA-A*02:16,esm2_mean,locus,0,1.0,13696,1.9878743481543455,1.4322581
16097,HLA-A*74:01,esm2_mean,locus,0,1.0,13696,1.4350845252893227,1.0002695
16109,HLA-A*43:01,esm2_mean,locus,0,1.0,13696,0.33647223662121295,1.1706471
16110,HLA-A*23:01,esm2_mean,locus,0,1.0,13696,2.451005098112319,0.70746374
16111,HLA-A*26:03,esm2_mean,locus,0,1.0,13696,1.9315214116032138,0.40672064
16113,HLA-A*02:19,esm2_mean,locus,0,1.0,13696,0.33647223662121295,1.3870301
16124,HLA-A*02:10,esm2_mean,locus,0,1.0,13696,1.6863989535702288,0.7687877
16125,HLA-A*74:01,esm2_mean,locus,0,1.0,13696,0.26236426446749106,1.0653235
16127,HLA-A*02:01,esm2_mean,locus,0,1.0,13696,2.2407096892759584,1.6275127
16130,HLA-A*68:23,esm2_mean,locus,0,1.0,13696,0.18232155679395465,0.40860403
16131,HLA-A*02:10,esm2_mean,locus,0,1.0,13696,1.33500106673234,1.0239686
16133,HLA-A*30:02,esm2_mean,locus,0,1.0,13696,0.18232155679395465,0.9644728
16135,HLA-A*74:01,esm2_mean,locus,0,1.0,13696,0.6418538861723948,0.6984408
16139,HLA-A*24:07,esm2_mean,locus,0,1.0,13696,2.624668592163159,0.9342855
16141,HLA-A*02:03,esm2_mean,locus,0,1.0,13696,4.147885329150131,1.3435637
16142,HLA-A*30:01,esm2_mean,locus,0,1.0,13696,0.5877866649021191,1.7886164
16145,HLA-A*43:01,esm2_mean,locus,0,1.0,13696,0.18232155679395465,1.1146309
16147,HLA-A*68:23,esm2_mean,locus,0,1.0,13696,0.7419373447293773,0.47121114
16151,HLA-A*80:01,esm2_mean,locus,0,1.0,13696,0.0,0.09183329
16152,HLA-A*68:23,esm2_mean,locus,0,1.0,13696,0.18232155679395465,0.59500265
16153,HLA-A*24:02,esm2_mean,locus,0,1.0,13696,0.26236426446749106,1.1662283
16155,HLA-A*02:10,esm2_mean,locus,0,1.0,13696,2.0014800002101243,0.62092185
16156,HLA-A*02:10,esm2_mean,locus,0,1.0,13696,0.26236426446749106,1.0323023
16157,HLA-A*80:01,esm2_mean,locus,0,1.0,13696,0.0,-0.175479
16158,HLA-A*32:07,esm2_mean,locus,0,1.0,13696,4.662495252607361,1.0581491
16160,HLA-A*33:03,esm2_mean,locus,0,1.0,13696,1.1631508098056809,1.0913385
16164,HLA-A*02:11,esm2_mean,locus,0,1.0,13696,2.917770732084279,1.6655439
16166,HLA-A*02:50,esm2_mean,locus,0,1.0,13696,0.7419373447293773,1.6792598
16170,HLA-A*11:01,esm2_mean,locus,0,1.0,13696,4.646312129319266,1.171919
16172,HLA-A*68:02,esm2_mean,locus,0,1.0,13696,0.09531017980432487,1.1870196
16174,HLA-A*02:11,esm2_mean,locus,0,1.0,13696,1.252762968495368,1.0159912
16175,HLA-A*02:19,esm2_mean,locus,0,1.0,13696,2.1633230256605382,1.6108661
16176,HLA-A*02:19,esm2_mean,locus,0,1.0,13696,3.295836866004329,1.4708107
16178,HLA-A*29:02,esm2_mean,locus,0,1.0,13696,0.33647223662121295,1.6781483
16180,HLA-A*25:01,esm2_mean,locus,0,1.0,13696,0.0,0.41351926
16183,HLA-A*02:19,esm2_mean,locus,0,1.0,13696,3.044522437723423,1.5016376
16185,HLA-A*24:19,esm2_mean,locus,0,1.0,13696,0.33647223662121295,0.20393974
16186,HLA-A*03:01,esm2_mean,locus,0,1.0,13696,0.0,1.9917152
16188,HLA-A*30:02,esm2_mean,locus,0,1.0,13696,0.4054651081081644,0.8423692
16189,HLA-A*24:19,esm2_mean,locus,0,1.0,13696,0.0,-0.21364492
16190,HLA-A*26:03,esm2_mean,locus,0,1.0,13696,0.26236426446749106,0.8935574
16192,HLA-A*03:01,esm2_mean,locus,0,1.0,13696,0.0,1.9389007
16193,HLA-A*02:19,esm2_mean,locus,0,1.0,13696,1.3862943611198906,1.3201473
16194,HLA-A*33:03,esm2_mean,locus,0,1.0,13696,1.1631508098056809,1.1594242
16196,HLA-A*43:01,esm2_mean,locus,0,1.0,13696,0.18232155679395465,0.76581347
16197,HLA-A*66:01,esm2_mean,locus,0,1.0,13696,0.0,0.70391965
16199,HLA-A*11:01,esm2_mean,locus,0,1.0,13696,3.6635616461296463,1.0609397
16205,HLA-A*24:02,esm2_mean,locus,0,1.0,13696,2.1972245773362196,1.1260785
16207,HLA-A*25:01,esm2_mean,locus,0,1.0,13696,1.0296194171811583,0.6570851
16216,HLA-A*02:03,esm2_mean,locus,0,1.0,13696,3.765840495250065,1.1976366
16217,HLA-A*33:03,esm2_mean,locus,0,1.0,13696,0.0,1.2606004
16220,HLA-A*24:07,esm2_mean,locus,0,1.0,13696,0.33647223662121295,0.22436768
16221,HLA-A*26:03,esm2_mean,locus,0,1.0,13696,0.26236426446749106,0.5214625
16222,HLA-A*33:03,esm2_mean,locus,0,1.0,13696,1.252762968495368,1.3961084
16223,HLA-A*43:01,esm2_mean,locus,0,1.0,13696,0.4700036292457355,1.1385986
16230,HLA-A*24:02,esm2_mean,locus,0,1.0,13696,0.09531017980432487,1.0074356
16231,HLA-A*24:02,esm2_mean,locus,0,1.0,13696,1.2809338454620642,0.82148826
16232,HLA-A*02:11,esm2_mean,locus,0,1.0,13696,1.8870696490323797,1.8356161
16234,HLA-A*26:02,esm2_mean,locus,0,1.0,13696,3.885679030088544,0.004881203
16235,HLA-A*02:03,esm2_mean,locus,0,1.0,13696,0.0,1.1979578
16236,HLA-A*02:19,esm2_mean,locus,0,1.0,13696,0.9555114450274363,1.4143198
16237,HLA-A*02:19,esm2_mean,locus,0,1.0,13696,0.5877866649021191,1.5341003
16238,HLA-A*74:01,esm2_mean,locus,0,1.0,13696,3.858622228701031,0.8788901
16239,HLA-A*24:19,esm2_mean,locus,0,1.0,13696,0.0,0.117443144
16240,HLA-A*25:01,esm2_mean,locus,0,1.0,13696,0.5877866649021191,0.37238514
16242,HLA-A*30:02,esm2_mean,locus,0,1.0,13696,0.26236426446749106,1.1148762
16243,HLA-A*23:01,esm2_mean,locus,0,1.0,13696,0.9162907318741551,1.3249068
16245,HLA-A*24:19,esm2_mean,locus,0,1.0,13696,0.4700036292457355,0.12250763
16246,HLA-A*66:01,esm2_mean,locus,0,1.0,13696,0.4700036292457355,0.8556605
16247,HLA-A*24:02,esm2_mean,locus,0,1.0,13696,0.33647223662121295,0.6848779
16249,HLA-A*03:01,esm2_mean,locus,0,1.0,13696,0.4054651081081644,1.3006603
16251,HLA-A*02:10,esm2_mean,locus,0,1.0,13696,0.4054651081081644,0.41676384
16252,HLA-A*74:01,esm2_mean,locus,0,1.0,13696,2.6026896854443837,0.34092432
16254,HLA-A*23:01,esm2_mean,locus,0,1.0,13696,0.5306282510621704,1.2010278
16256,HLA-A*02:01,esm2_mean,locus,0,1.0,13696,0.26236426446749106,1.4687167
16257,HLA-A*74:01,esm2_mean,locus,0,1.0,13696,2.028148247292285,0.6649935
16258,HLA-A*43:01,esm2_mean,locus,0,1.0,13696,0.33647223662121295,0.84106016
16259,HLA-A*24:03,esm2_mean,locus,0,1.0,13696,1.0986122886681098,0.79764354
16261,HLA-A*24:19,esm2_mean,locus,0,1.0,13696,0.33647223662121295,-0.29782444
16265,HLA-A*02:10,esm2_mean,locus,0,1.0,13696,0.18232155679395465,0.81960094
16266,HLA-A*02:16,esm2_mean,locus,0,1.0,13696,1.824549292051046,1.3823639
16269,HLA-A*24:07,esm2_mean,locus,0,1.0,13696,1.0986122886681098,0.81075716
16270,HLA-A*33:03,esm2_mean,locus,0,1.0,13696,3.3032169733019514,1.0436171
16277,HLA-A*26:03,esm2_mean,locus,0,1.0,13696,0.0,0.63415426
16280,HLA-A*02:50,esm2_mean,locus,0,1.0,13696,3.2188758248682006,1.9877527
16282,HLA-A*24:03,esm2_mean,locus,0,1.0,13696,0.9162907318741551,0.864046
16283,HLA-A*02:01,esm2_mean,locus,0,1.0,13696,1.4816045409242156,1.2063814
16284,HLA-A*74:01,esm2_mean,locus,0,1.0,13696,0.7419373447293773,0.6668556
16288,HLA-A*02:10,esm2_mean,locus,0,1.0,13696,0.9555114450274363,0.82716715
16290,HLA-A*24:07,esm2_mean,locus,0,1.0,13696,1.0986122886681098,0.80431414
16291,HLA-A*33:03,esm2_mean,locus,0,1.0,13696,4.123903364463645,1.1252153
16292,HLA-A*29:02,esm2_mean,locus,0,1.0,13696,0.26236426446749106,1.7443047
16294,HLA-A*25:01,esm2_mean,locus,0,1.0,13696,0.7419373447293773,0.53909826
16295,HLA-A*26:03,esm2_mean,locus,0,1.0,13696,0.832909122935104,0.8079467
16298,HLA-A*24:02,esm2_mean,locus,0,1.0,13696,1.62924053973028,0.81839883
16299,HLA-A*29:02,esm2_mean,locus,0,1.0,13696,0.18232155679395465,1.55587
16301,HLA-A*02:03,esm2_mean,locus,0,1.0,13696,1.547562508716013,1.5216236
16304,HLA-A*26:03,esm2_mean,locus,0,1.0,13696,2.0541237336955462,0.5208444
16305,HLA-A*24:02,esm2_mean,locus,0,1.0,13696,0.33647223662121295,1.0244337
16306,HLA-A*02:50,esm2_mean,locus,0,1.0,13696,2.631888840136646,1.8922474
16307,HLA-A*02:16,esm2_mean,locus,0,1.0,13696,2.8094026953624973,1.2785404
16311,HLA-A*02:10,esm2_mean,locus,0,1.0,13696,0.5306282510621704,0.5505372
16314,HLA-A*80:01,esm2_mean,locus,0,1.0,13696,0.18232155679395465,0.24801105
16315,HLA-A*31:01,esm2_mean,locus,0,1.0,13696,0.0,1.0436418
16318,HLA-A*80:01,esm2_mean,locus,0,1.0,13696,0.26236426446749106,0.026433289
16322,HLA-A*02:12,esm2_mean,locus,0,1.0,13696,2.2512917986064953,1.0756752
16323,HLA-A*74:01,esm2_mean,locus,0,1.0,13696,2.2192034840549946,0.8158425
16325,HLA-A*23:01,esm2_mean,locus,0,1.0,13696,3.269568939183719,0.31225735
16326,HLA-A*24:03,esm2_mean,locus,0,1.0,13696,0.832909122935104,0.40423048
16327,HLA-A*66:01,esm2_mean,locus,0,1.0,13696,0.18232155679395465,0.8028363
16328,HLA-A*66:01,esm2_mean,locus,0,1.0,13696,0.0,0.52262414
16329,HLA-A*02:01,esm2_mean,locus,0,1.0,13696,2.7140322727797574,1.692285
16330,HLA-A*33:03,esm2_mean,locus,0,1.0,13696,1.7578579175523736,1.2371991
16332,HLA-A*66:01,esm2_mean,locus,0,1.0,13696,0.0,0.8438351
16338,HLA-A*02:03,esm2_mean,locus,0,1.0,13696,0.33647223662121295,1.2585578
16339,HLA-A*74:01,esm2_mean,locus,0,1.0,13696,1.7227665977411035,0.5618909
16348,HLA-A*29:02,esm2_mean,locus,0,1.0,13696,0.33647223662121295,1.9354012
16352,HLA-A*02:12,esm2_mean,locus,0,1.0,13696,1.5686159179138452,1.161829
16353,HLA-A*23:01,esm2_mean,locus,0,1.0,13696,3.186352633162641,0.8112545
16354,HLA-A*66:01,esm2_mean,locus,0,1.0,13696,0.26236426446749106,0.9978442
16355,HLA-A*02:50,esm2_mean,locus,0,1.0,13696,2.995732273553991,2.0162225
16356,HLA-A*80:01,esm2_mean,locus,0,1.0,13696,0.4054651081081644,-0.09187573
16359,HLA-A*02:10,esm2_mean,locus,0,1.0,13696,4.102643365036796,1.0776356
16360,HLA-A*02:16,esm2_mean,locus,0,1.0,13696,3.4965075614664802,1.2731562
16361,HLA-A*11:01,esm2_mean,locus,0,1.0,13696,3.616308761279101,1.5525005
16362,HLA-A*30:02,esm2_mean,locus,0,1.0,13696,3.845883202923601,0.9400253
16363,HLA-A*24:19,esm2_mean,locus,0,1.0,13696,0.0,0.17926812
16364,HLA-A*26:03,esm2_mean,locus,0,1.0,13696,0.5877866649021191,0.6664293
16367,HLA-A*02:05,esm2_mean,locus,0,1.0,13696,1.9315214116032138,1.3059895
16368,HLA-A*31:01,esm2_mean,locus,0,1.0,13696,2.6026896854443837,1.6395663
16369,HLA-A*24:19,esm2_mean,locus,0,1.0,13696,0.18232155679395465,-0.07892281
16370,HLA-A*24:07,esm2_mean,locus,0,1.0,13696,2.186051276738094,0.5257457
16371,HLA-A*03:01,esm2_mean,locus,0,1.0,13696,0.4054651081081644,1.8738594
16372,HLA-A*24:02,esm2_mean,locus,0,1.0,13696,0.8754687373538999,0.9489313
16373,HLA-A*02:19,esm2_mean,locus,0,1.0,13696,1.7404661748405046,1.4756432
16380,HLA-A*31:01,esm2_mean,locus,0,1.0,13696,0.0,1.0232608
16381,HLA-A*30:02,esm2_mean,locus,0,1.0,13696,0.8754687373538999,0.8595394
16382,HLA-A*24:02,esm2_mean,locus,0,1.0,13696,0.18232155679395465,1.0030183
16383,HLA-A*33:03,esm2_mean,locus,0,1.0,13696,4.844974178195408,0.9705818
16388,HLA-A*02:03,esm2_mean,locus,0,1.0,13696,1.5686159179138452,1.0418737
16389,HLA-A*02:16,esm2_mean,locus,0,1.0,13696,1.0647107369924282,1.4838493
16391,HLA-A*25:01,esm2_mean,locus,0,1.0,13696,0.0,0.4383455
16392,HLA-A*26:03,esm2_mean,locus,0,1.0,13696,0.6418538861723948,0.68376267
16393,HLA-A*24:02,esm2_mean,locus,0,1.0,13696,1.840549633397487,0.9929185
16394,HLA-A*24:02,esm2_mean,locus,0,1.0,13696,3.299533727885655,0.6843842
16395,HLA-A*02:03,esm2_mean,locus,0,1.0,13696,2.151762203259462,1.305767
16396,HLA-A*26:02,esm2_mean,locus,0,1.0,13696,0.0,-0.10608393
16397,HLA-A*02:01,esm2_mean,locus,0,1.0,13696,2.8535925063928684,1.9121952
16398,HLA-A*02:03,esm2_mean,locus,0,1.0,13696,2.5877640352277083,1.3385146
16399,HLA-A*02:11,esm2_mean,locus,0,1.0,13696,2.8678989020441064,1.5001943
16400,HLA-A*02:11,esm2_mean,locus,0,1.0,13696,2.5649493574615367,1.5506356
16402,HLA-A*80:01,esm2_mean,locus,0,1.0,13696,0.4700036292457355,0.06318003
16403,HLA-A*24:07,esm2_mean,locus,0,1.0,13696,0.5306282510621704,0.59172726
16404,HLA-A*26:03,esm2_mean,locus,0,1.0,13696,1.7578579175523736,0.5875273
16405,HLA-A*31:01,esm2_mean,locus,0,1.0,13696,0.0,1.1898787
16406,HLA-A*80:01,esm2_mean,locus,0,1.0,13696,0.4054651081081644,0.39398795
16410,HLA-A*30:02,esm2_mean,locus,0,1.0,13696,0.26236426446749106,0.76793814
16415,HLA-A*30:02,esm2_mean,locus,0,1.0,13696,0.5877866649021191,0.6346023
16419,HLA-A*02:10,esm2_mean,locus,0,1.0,13696,2.3513752571634776,0.4858828
16428,HLA-A*24:02,esm2_mean,locus,0,1.0,13696,0.6418538861723948,0.69422376
16433,HLA-A*02:10,esm2_mean,locus,0,1.0,13696,0.5877866649021191,0.45660573
16434,HLA-A*02:50,esm2_mean,locus,0,1.0,13696,2.667228206581955,1.6655542
16436,HLA-A*30:01,esm2_mean,locus,0,1.0,13696,0.0,1.3256087
16437,HLA-A*68:01,esm2_mean,locus,0,1.0,13696,0.4382549309311553,1.7245462
16440,HLA-A*68:23,esm2_mean,locus,0,1.0,13696,0.18232155679395465,0.25056392
16442,HLA-A*24:02,esm2_mean,locus,0,1.0,13696,0.9162907318741551,0.75056374
16443,HLA-A*02:16,esm2_mean,locus,0,1.0,13696,3.4372078191851885,1.3874835
16445,HLA-A*11:01,esm2_mean,locus,0,1.0,13696,2.302585092994046,1.1803579
16447,HLA-A*43:01,esm2_mean,locus,0,1.0,13696,0.26236426446749106,0.92256224
16449,HLA-A*25:01,esm2_mean,locus,0,1.0,13696,0.0,0.3670954
16450,HLA-A*68:23,esm2_mean,locus,0,1.0,13696,0.0,0.408022
16452,HLA-A*24:02,esm2_mean,locus,0,1.0,13696,1.2809338454620642,1.1186439
16454,HLA-A*02:03,esm2_mean,locus,0,1.0,13696,3.4404180948154366,1.3759577
16455,HLA-A*11:01,esm2_mean,locus,0,1.0,13696,2.9444389791664403,1.5326186
16457,HLA-A*29:02,esm2_mean,locus,0,1.0,13696,1.5686159179138452,1.4709669
16459,HLA-A*24:02,esm2_mean,locus,0,1.0,13696,0.26236426446749106,0.8689693
16461,HLA-A*02:03,esm2_mean,locus,0,1.0,13696,2.1972245773362196,1.2674099
16465,HLA-A*24:19,esm2_mean,locus,0,1.0,13696,0.18232155679395465,-0.32790905
16466,HLA-A*68:23,esm2_mean,locus,0,1.0,13696,0.0,0.47909182
16469,HLA-A*02:16,esm2_mean,locus,0,1.0,13696,2.186051276738094,1.437031
16471,HLA-A*68:23,esm2_mean,locus,0,1.0,13696,2.128231705849268,0.5999033
16472,HLA-A*30:01,esm2_mean,locus,0,1.0,13696,0.0,1.1467887
16482,HLA-A*33:03,esm2_mean,locus,0,1.0,13696,0.0,1.0270374
16487,HLA-A*24:19,esm2_mean,locus,0,1.0,13696,0.8754687373538999,-0.022217274
16488,HLA-A*25:01,esm2_mean,locus,0,1.0,13696,0.0,0.55744123
16489,HLA-A*30:01,esm2_mean,locus,0,1.0,13696,0.0,1.5248687
16496,HLA-A*32:07,esm2_mean,locus,0,1.0,13696,0.5877866649021191,0.72839046
16499,HLA-A*68:23,esm2_mean,locus,0,1.0,13696,0.33647223662121295,0.41460294
16502,HLA-A*02:16,esm2_mean,locus,0,1.0,13696,3.832979798087693,1.5080507
16505,HLA-A*29:02,esm2_mean,locus,0,1.0,13696,2.6100697927420065,1.752318
16506,HLA-A*25:01,esm2_mean,locus,0,1.0,13696,0.0,0.5983263
16507,HLA-A*26:03,esm2_mean,locus,0,1.0,13696,0.33647223662121295,0.48523378
16509,HLA-A*02:01,esm2_mean,locus,0,1.0,13696,2.8390784635086144,1.5886756
16510,HLA-A*30:02,esm2_mean,locus,0,1.0,13696,0.09531017980432487,0.60018235
16515,HLA-A*29:02,esm2_mean,locus,0,1.0,13696,0.6418538861723948,1.5080168
16517,HLA-A*68:23,esm2_mean,locus,0,1.0,13696,0.9162907318741551,0.3765008
16520,HLA-A*32:07,esm2_mean,locus,0,1.0,13696,0.0,0.45516127
16530,HLA-A*24:07,esm2_mean,locus,0,1.0,13696,0.18232155679395465,0.5277935
16532,HLA-A*03:01,esm2_mean,locus,0,1.0,13696,0.0,1.9810402
16535,HLA-A*32:07,esm2_mean,locus,0,1.0,13696,4.321480134805848,1.3478619
16538,HLA-A*43:01,esm2_mean,locus,0,1.0,13696,0.18232155679395465,0.75437295
16539,HLA-A*80:01,esm2_mean,locus,0,1.0,13696,0.0,0.29288644
16540,HLA-A*66:01,esm2_mean,locus,0,1.0,13696,0.26236426446749106,0.64444387
16543,HLA-A*23:01,esm2_mean,locus,0,1.0,13696,0.5306282510621704,0.7067885
16547,HLA-A*33:03,esm2_mean,locus,0,1.0,13696,0.8754687373538999,0.9226936
16550,HLA-A*80:01,esm2_mean,locus,0,1.0,13696,0.0,0.09527379
16553,HLA-A*24:19,esm2_mean,locus,0,1.0,13696,0.26236426446749106,-0.04248768
16554,HLA-A*24:02,esm2_mean,locus,0,1.0,13696,1.1314021114911006,1.1272126
16558,HLA-A*29:02,esm2_mean,locus,0,1.0,13696,0.22314355131420976,1.88575
16567,HLA-A*43:01,esm2_mean,locus,0,1.0,13696,0.4054651081081644,0.8174762
16570,HLA-A*03:01,esm2_mean,locus,0,1.0,13696,0.18232155679395465,1.9234538
16571,HLA-A*26:03,esm2_mean,locus,0,1.0,13696,1.9600947840472698,0.8330663
16572,HLA-A*74:01,esm2_mean,locus,0,1.0,13696,4.4942386252808095,0.31714135
16575,HLA-A*80:01,esm2_mean,locus,0,1.0,13696,0.0,0.02626872
16577,HLA-A*24:02,esm2_mean,locus,0,1.0,13696,0.18232155679395465,0.8878902
16580,HLA-A*30:02,esm2_mean,locus,0,1.0,13696,0.4700036292457355,1.0410975
16581,HLA-A*68:23,esm2_mean,locus,0,1.0,13696,0.18232155679395465,0.49096274
16582,HLA-A*02:10,esm2_mean,locus,0,1.0,13696,2.791165107812717,0.3895743
16583,HLA-A*02:50,esm2_mean,locus,0,1.0,13696,0.9162907318741551,1.7667999
16584,HLA-A*11:01,esm2_mean,locus,0,1.0,13696,2.424802725718295,1.5973816
16587,HLA-A*24:03,esm2_mean,locus,0,1.0,13696,2.0149030205422647,0.7501445
16588,HLA-A*24:07,esm2_mean,locus,0,1.0,13696,0.9555114450274363,0.86576474
16589,HLA-A*24:02,esm2_mean,locus,0,1.0,13696,0.0,0.7465062
16590,HLA-A*24:02,esm2_mean,locus,0,1.0,13696,0.26236426446749106,1.0746431
16591,HLA-A*02:11,esm2_mean,locus,0,1.0,13696,2.0014800002101243,1.4731163
16592,HLA-A*31:01,esm2_mean,locus,0,1.0,13696,1.308332819650179,1.1409156
16593,HLA-A*30:01,esm2_mean,locus,0,1.0,13696,1.6863989535702288,1.5309631
16594,HLA-A*74:01,esm2_mean,locus,0,1.0,13696,0.0,0.6917757
16596,HLA-A*43:01,esm2_mean,locus,0,1.0,13696,0.4054651081081644,0.90351635
16598,HLA-A*03:01,esm2_mean,locus,0,1.0,13696,0.4700036292457355,1.8332543
16599,HLA-A*02:50,esm2_mean,locus,0,1.0,13696,2.6026896854443837,2.079405
16600,HLA-A*33:03,esm2_mean,locus,0,1.0,13696,0.0,0.94325227
16603,HLA-A*74:01,esm2_mean,locus,0,1.0,13696,0.0,0.36315495
16605,HLA-A*66:01,esm2_mean,locus,0,1.0,13696,0.18232155679395465,0.66673505
16606,HLA-A*66:01,esm2_mean,locus,0,1.0,13696,0.18232155679395465,0.8003765
16607,HLA-A*02:19,esm2_mean,locus,0,1.0,13696,0.7884573603642702,1.4731197
16609,HLA-A*26:03,esm2_mean,locus,0,1.0,13696,0.0,0.4952225
16612,HLA-A*02:50,esm2_mean,locus,0,1.0,13696,0.4054651081081644,1.7443297
16613,HLA-A*80:01,esm2_mean,locus,0,1.0,13696,0.0,0.081475854
16619,HLA-A*68:23,esm2_mean,locus,0,1.0,13696,1.2237754316221157,0.3669405
16620,HLA-A*66:01,esm2_mean,locus,0,1.0,13696,0.0,0.6148478
16621,HLA-A*02:10,esm2_mean,locus,0,1.0,13696,0.0,0.6181881
16622,HLA-A*02:11,esm2_mean,locus,0,1.0,13696,1.0296194171811583,1.4015614
16623,HLA-A*30:01,esm2_mean,locus,0,1.0,13696,0.5306282510621704,1.6187103
16624,HLA-A*30:01,esm2_mean,locus,0,1.0,13696,0.0,0.99418706
16626,HLA-A*02:12,esm2_mean,locus,0,1.0,13696,0.9162907318741551,1.2830082
16627,HLA-A*30:01,esm2_mean,locus,0,1.0,13696,0.0,1.2911494
16628,HLA-A*68:01,esm2_mean,locus,0,1.0,13696,0.0,1.6991212
16631,HLA-A*25:01,esm2_mean,locus,0,1.0,13696,0.0,0.13106853
16633,HLA-A*24:02,esm2_mean,locus,0,1.0,13696,0.6418538861723948,0.8624593
16634,HLA-A*02:10,esm2_mean,locus,0,1.0,13696,0.4054651081081644,0.9810002
16637,HLA-A*24:03,esm2_mean,locus,0,1.0,13696,0.4054651081081644,0.65842134
16638,HLA-A*24:19,esm2_mean,locus,0,1.0,13696,0.26236426446749106,0.23407489
16642,HLA-A*26:02,esm2_mean,locus,0,1.0,13696,0.7884573603642702,0.036972523
16643,HLA-A*68:23,esm2_mean,locus,0,1.0,13696,0.5306282510621704,0.53832257
16644,HLA-A*01:01,esm2_mean,locus,0,1.0,13696,2.136530508663963,0.5061953
16645,HLA-A*24:02,esm2_mean,locus,0,1.0,13696,0.5306282510621704,0.7164025
16646,HLA-A*23:01,esm2_mean,locus,0,1.0,13696,0.26236426446749106,1.3321838
16650,HLA-A*29:02,esm2_mean,locus,0,1.0,13696,2.7343675094195836,1.5989256
16651,HLA-A*24:03,esm2_mean,locus,0,1.0,13696,1.1631508098056809,0.50780976
16653,HLA-A*11:01,esm2_mean,locus,0,1.0,13696,0.26236426446749106,1.5327704
16654,HLA-A*02:03,esm2_mean,locus,0,1.0,13696,3.3463891451671604,1.5027251
16655,HLA-A*02:10,esm2_mean,locus,0,1.0,13696,2.9391619220655967,0.66078234
16656,HLA-A*68:01,esm2_mean,locus,0,1.0,13696,3.7471483622379123,1.5304258
16658,HLA-A*03:01,esm2_mean,locus,0,1.0,13696,0.0,2.0571847
16660,HLA-A*02:19,esm2_mean,locus,0,1.0,13696,1.308332819650179,1.6651111
16661,HLA-A*11:01,esm2_mean,locus,0,1.0,13696,3.246490991901174,1.6614985
16664,HLA-A*33:03,esm2_mean,locus,0,1.0,13696,1.2237754316221157,1.0058265
16666,HLA-A*30:02,esm2_mean,locus,0,1.0,13696,0.26236426446749106,0.6038036
16669,HLA-A*26:02,esm2_mean,locus,0,1.0,13696,0.5877866649021191,-0.1085425
16670,HLA-A*26:03,esm2_mean,locus,0,1.0,13696,0.5306282510621704,0.49442655
16677,HLA-A*80:01,esm2_mean,locus,0,1.0,13696,0.0,0.28849202
16678,HLA-A*32:07,esm2_mean,locus,0,1.0,13696,0.0,0.5119333
16679,HLA-A*03:01,esm2_mean,locus,0,1.0,13696,2.1041341542702074,2.0676913
16685,HLA-A*24:07,esm2_mean,locus,0,1.0,13696,0.5877866649021191,0.54834163
16686,HLA-A*02:01,esm2_mean,locus,0,1.0,13696,1.5686159179138452,2.0188754
16687,HLA-A*23:01,esm2_mean,locus,0,1.0,13696,2.827313621929028,0.9015362
16688,HLA-A*24:03,esm2_mean,locus,0,1.0,13696,2.2082744135228043,0.55460143
16690,HLA-A*11:01,esm2_mean,locus,0,1.0,13696,4.2612704335380815,1.0589257
16691,HLA-A*80:01,esm2_mean,locus,0,1.0,13696,0.0,-0.30057532
16694,HLA-A*02:50,esm2_mean,locus,0,1.0,13696,3.104586678466073,1.8757591
16695,HLA-A*02:16,esm2_mean,locus,0,1.0,13696,1.9740810260220096,1.2484816
16696,HLA-A*30:02,esm2_mean,locus,0,1.0,13696,0.33647223662121295,0.9411222
16697,HLA-A*30:02,esm2_mean,locus,0,1.0,13696,0.33647223662121295,0.66716224
16698,HLA-A*80:01,esm2_mean,locus,0,1.0,13696,0.26236426446749106,0.28520507
16699,HLA-A*26:03,esm2_mean,locus,0,1.0,13696,0.33647223662121295,0.60302204
16701,HLA-A*68:01,esm2_mean,locus,0,1.0,13696,1.0296194171811583,1.1677163
16706,HLA-A*24:19,esm2_mean,locus,0,1.0,13696,0.09531017980432487,-0.15872473
16707,HLA-A*68:23,esm2_mean,locus,0,1.0,13696,2.322387720290225,0.22761238
16709,HLA-A*02:12,esm2_mean,locus,0,1.0,13696,2.3702437414678603,1.0481257
16710,HLA-A*68:01,esm2_mean,locus,0,1.0,13696,1.1314021114911006,1.6679356
16711,HLA-A*30:02,esm2_mean,locus,0,1.0,13696,0.18232155679395465,1.0646935
16712,HLA-A*24:03,esm2_mean,locus,0,1.0,13696,1.8562979903656263,0.4141243
16714,HLA-A*02:50,esm2_mean,locus,0,1.0,13696,0.7884573603642702,1.5120418
16726,HLA-A*23:01,esm2_mean,locus,0,1.0,13696,3.077312260546414,0.5989329
16728,HLA-A*68:01,esm2_mean,locus,0,1.0,13696,0.18232155679395465,1.5017853
16729,HLA-A*29:02,esm2_mean,locus,0,1.0,13696,0.7419373447293773,1.8050871
16731,HLA-A*11:01,esm2_mean,locus,0,1.0,13696,3.744787086052232,1.5470345
16733,HLA-A*29:02,esm2_mean,locus,0,1.0,13696,1.3862943611198906,1.3543371
16742,HLA-A*02:50,esm2_mean,locus,0,1.0,13696,3.091042453358316,1.7602979
16746,HLA-A*80:01,esm2_mean,locus,0,1.0,13696,0.4700036292457355,-0.1403293
16751,HLA-A*68:23,esm2_mean,locus,0,1.0,13696,1.4350845252893227,0.41494113
16752,HLA-A*03:01,esm2_mean,locus,0,1.0,13696,1.0986122886681098,1.9435685
16753,HLA-A*02:10,esm2_mean,locus,0,1.0,13696,0.26236426446749106,0.78452367
16754,HLA-A*74:01,esm2_mean,locus,0,1.0,13696,5.104125637183595,0.68722594
16756,HLA-A*43:01,esm2_mean,locus,0,1.0,13696,0.0,1.1162215
16757,HLA-A*24:19,esm2_mean,locus,0,1.0,13696,0.18232155679395465,0.2651772
16759,HLA-A*68:23,esm2_mean,locus,0,1.0,13696,0.9932517730102833,0.29639906
16762,HLA-A*02:50,esm2_mean,locus,0,1.0,13696,2.2823823856765264,1.9328899
16763,HLA-A*02:16,esm2_mean,locus,0,1.0,13696,1.3862943611198906,1.58236
16764,HLA-A*33:03,esm2_mean,locus,0,1.0,13696,0.4700036292457355,1.3381871
16765,HLA-A*68:01,esm2_mean,locus,0,1.0,13696,0.0,1.5656798
16766,HLA-A*23:01,esm2_mean,locus,0,1.0,13696,3.077312260546414,0.7049688
16767,HLA-A*26:03,esm2_mean,locus,0,1.0,13696,1.6094379124341003,0.66580725
16768,HLA-A*24:02,esm2_mean,locus,0,1.0,13696,2.8154087194227095,0.8776559
16770,HLA-A*02:19,esm2_mean,locus,0,1.0,13696,0.4054651081081644,1.4607208
16771,HLA-A*74:01,esm2_mean,locus,0,1.0,13696,4.5591262474866845,0.57708097
16775,HLA-A*80:01,esm2_mean,locus,0,1.0,13696,0.0,-0.39170855
16776,HLA-A*23:01,esm2_mean,locus,0,1.0,13696,3.214867803470662,1.0280375
16777,HLA-A*24:03,esm2_mean,locus,0,1.0,13696,1.7404661748405046,0.8729458
16778,HLA-A*24:19,esm2_mean,locus,0,1.0,13696,1.1939224684724346,0.002575159
16781,HLA-A*30:01,esm2_mean,locus,0,1.0,13696,0.26236426446749106,1.4895487
16783,HLA-A*25:01,esm2_mean,locus,0,1.0,13696,0.09531017980432487,0.4009443
16786,HLA-A*02:16,esm2_mean,locus,0,1.0,13696,1.1939224684724346,1.5000536
16788,HLA-A*02:01,esm2_mean,locus,0,1.0,13696,0.4054651081081644,1.8756036
16793,HLA-A*30:02,esm2_mean,locus,0,1.0,13696,0.09531017980432487,1.0596042
16798,HLA-A*02:03,esm2_mean,locus,0,1.0,13696,0.6418538861723948,1.2222402
16802,HLA-A*30:02,esm2_mean,locus,0,1.0,13696,1.9878743481543455,0.8052021
16803,HLA-A*24:03,esm2_mean,locus,0,1.0,13696,0.4700036292457355,0.7003179
16804,HLA-A*24:07,esm2_mean,locus,0,1.0,13696,2.0794415416798357,0.4403653
16806,HLA-A*24:03,esm2_mean,locus,0,1.0,13696,1.4816045409242156,0.16962183
16807,HLA-A*68:23,esm2_mean,locus,0,1.0,13696,0.0,0.51001084
16809,HLA-A*03:01,esm2_mean,locus,0,1.0,13696,1.0647107369924282,2.1043332
16815,HLA-A*26:02,esm2_mean,locus,0,1.0,13696,0.26236426446749106,-0.030336559
16821,HLA-A*32:07,esm2_mean,locus,0,1.0,13696,0.5306282510621704,0.64714694
16823,HLA-A*68:01,esm2_mean,locus,0,1.0,13696,4.254193263163997,1.6424019
16830,HLA-A*24:07,esm2_mean,locus,0,1.0,13696,1.7227665977411035,0.63289106
16833,HLA-A*02:19,esm2_mean,locus,0,1.0,13696,3.068052935133617,1.5911727
16835,HLA-A*32:07,esm2_mean,locus,0,1.0,13696,0.0,0.7771878
16838,HLA-A*02:16,esm2_mean,locus,0,1.0,13696,3.2386784521643803,1.3685476
16839,HLA-A*30:01,esm2_mean,locus,0,1.0,13696,0.18232155679395465,1.4764799
16841,HLA-A*25:01,esm2_mean,locus,0,1.0,13696,0.0,0.3779369
16842,HLA-A*25:01,esm2_mean,locus,0,1.0,13696,0.4054651081081644,0.50185
16843,HLA-A*26:03,esm2_mean,locus,0,1.0,13696,0.7884573603642702,0.6073741
16844,HLA-A*32:01,esm2_mean,locus,0,1.0,13696,0.5306282510621704,0.66185665
16846,HLA-A*30:02,esm2_mean,locus,0,1.0,13696,1.6486586255873816,1.0859821
16848,HLA-A*24:19,esm2_mean,locus,0,1.0,13696,0.0,-0.24446636
16855,HLA-A*02:10,esm2_mean,locus,0,1.0,13696,3.6635616461296463,0.5670993
16856,HLA-A*02:50,esm2_mean,locus,0,1.0,13696,2.4765384001174837,1.6139133
16858,HLA-A*11:01,esm2_mean,locus,0,1.0,13696,3.56953269648137,1.681846
16860,HLA-A*43:01,esm2_mean,locus,0,1.0,13696,0.0,0.58583975
16862,HLA-A*66:01,esm2_mean,locus,0,1.0,13696,0.09531017980432487,0.33708227
16864,HLA-A*02:03,esm2_mean,locus,0,1.0,13696,2.4595888418037104,1.1773167
16865,HLA-A*30:01,esm2_mean,locus,0,1.0,13696,1.1631508098056809,1.1068652
16866,HLA-A*68:01,esm2_mean,locus,0,1.0,13696,0.0,1.8304317
16868,HLA-A*24:03,esm2_mean,locus,0,1.0,13696,2.5572273113676265,0.41052204
16870,HLA-A*02:10,esm2_mean,locus,0,1.0,13696,2.2407096892759584,0.6838441
16871,HLA-A*02:50,esm2_mean,locus,0,1.0,13696,0.7884573603642702,1.5933899
16872,HLA-A*33:03,esm2_mean,locus,0,1.0,13696,0.0,0.9228091
16879,HLA-A*02:16,esm2_mean,locus,0,1.0,13696,2.0149030205422647,1.5383449
16884,HLA-A*80:01,esm2_mean,locus,0,1.0,13696,0.0,0.31064665
16885,HLA-A*26:02,esm2_mean,locus,0,1.0,13696,3.3105430133940246,0.0534482
16889,HLA-A*68:01,esm2_mean,locus,0,1.0,13696,0.6418538861723948,1.8911572
16890,HLA-A*74:01,esm2_mean,locus,0,1.0,13696,0.0,0.61469907
16894,HLA-A*68:23,esm2_mean,locus,0,1.0,13696,0.4700036292457355,0.6927165
16895,HLA-A*11:01,esm2_mean,locus,0,1.0,13696,1.410986973710262,1.4759407
16900,HLA-A*32:07,esm2_mean,locus,0,1.0,13696,0.0,1.0533249
16901,HLA-A*68:01,esm2_mean,locus,0,1.0,13696,2.2823823856765264,1.5539513
16905,HLA-A*24:02,esm2_mean,locus,0,1.0,13696,0.18232155679395465,0.9631781
16907,HLA-A*33:03,esm2_mean,locus,0,1.0,13696,2.8507065015037334,0.6902719
16911,HLA-A*25:01,esm2_mean,locus,0,1.0,13696,0.4700036292457355,0.5529523
16913,HLA-A*02:11,esm2_mean,locus,0,1.0,13696,0.5306282510621704,1.3172642
16916,HLA-A*02:10,esm2_mean,locus,0,1.0,13696,0.7419373447293773,1.1271176
16923,HLA-A*24:07,esm2_mean,locus,0,1.0,13696,0.26236426446749106,0.6381301
16924,HLA-A*68:23,esm2_mean,locus,0,1.0,13696,0.33647223662121295,0.8767098
16927,HLA-A*02:19,esm2_mean,locus,0,1.0,13696,1.252762968495368,1.4723048
16930,HLA-A*26:03,esm2_mean,locus,0,1.0,13696,0.0,0.47048265
16932,HLA-A*11:01,esm2_mean,locus,0,1.0,13696,2.1041341542702074,1.138817
16935,HLA-A*02:03,esm2_mean,locus,0,1.0,13696,0.9162907318741551,1.169847
16936,HLA-A*02:10,esm2_mean,locus,0,1.0,13696,0.33647223662121295,0.4372635
16937,HLA-A*02:50,esm2_mean,locus,0,1.0,13696,1.6486586255873816,2.3724394
16938,HLA-A*80:01,esm2_mean,locus,0,1.0,13696,0.0,0.049444616
16939,HLA-A*68:23,esm2_mean,locus,0,1.0,13696,0.832909122935104,0.4681378
16948,HLA-A*23:01,esm2_mean,locus,0,1.0,13696,1.5040773967762742,0.94509465
16951,HLA-A*30:01,esm2_mean,locus,0,1.0,13696,0.0,1.3456776
16952,HLA-A*68:01,esm2_mean,locus,0,1.0,13696,0.0,1.3869665
16954,HLA-A*02:16,esm2_mean,locus,0,1.0,13696,1.0296194171811583,1.410934
16957,HLA-A*23:01,esm2_mean,locus,0,1.0,13696,3.299533727885655,1.1502364
16958,HLA-A*68:23,esm2_mean,locus,0,1.0,13696,0.9162907318741551,0.9964221
16959,HLA-A*26:03,esm2_mean,locus,0,1.0,13696,0.4054651081081644,0.8254548
16963,HLA-A*30:01,esm2_mean,locus,0,1.0,13696,0.0,1.2278714
16968,HLA-A*02:03,esm2_mean,locus,0,1.0,13696,3.8394523125933104,1.3059556
16970,HLA-A*02:50,esm2_mean,locus,0,1.0,13696,2.3702437414678603,1.7666698
16971,HLA-A*02:19,esm2_mean,locus,0,1.0,13696,1.0986122886681098,1.7021369
16972,HLA-A*30:01,esm2_mean,locus,0,1.0,13696,2.1972245773362196,1.4836309
16974,HLA-A*02:10,esm2_mean,locus,0,1.0,13696,2.827313621929028,0.67697597
16975,HLA-A*02:19,esm2_mean,locus,0,1.0,13696,3.591817741270805,1.4672719
16980,HLA-A*32:07,esm2_mean,locus,0,1.0,13696,0.0,0.93527603
16982,HLA-A*24:19,esm2_mean,locus,0,1.0,13696,0.33647223662121295,-0.11506909
16983,HLA-A*66:01,esm2_mean,locus,0,1.0,13696,2.667228206581955,0.8311881
16987,HLA-A*02:50,esm2_mean,locus,0,1.0,13696,1.824549292051046,1.9383082
16989,HLA-A*32:07,esm2_mean,locus,0,1.0,13696,3.2733640101522705,0.95300245
16992,HLA-A*02:11,esm2_mean,locus,0,1.0,13696,1.824549292051046,1.4498754
16993,HLA-A*02:50,esm2_mean,locus,0,1.0,13696,2.3978952727983707,1.9591954
16997,HLA-A*43:01,esm2_mean,locus,0,1.0,13696,0.0,0.8805116
16998,HLA-A*29:02,esm2_mean,locus,0,1.0,13696,0.832909122935104,1.706189
17000,HLA-A*24:07,esm2_mean,locus,0,1.0,13696,0.6418538861723948,0.1074329
17001,HLA-A*24:02,esm2_mean,locus,0,1.0,13696,2.1400661634962708,1.0409175
17002,HLA-A*68:01,esm2_mean,locus,0,1.0,13696,0.6931471805599453,1.7384007
17003,HLA-A*03:01,esm2_mean,locus,0,1.0,13696,3.6609942506244004,1.8650452
17005,HLA-A*24:19,esm2_mean,locus,0,1.0,13696,0.18232155679395465,-0.23658234
17006,HLA-A*03:01,esm2_mean,locus,0,1.0,13696,1.7749523509116738,1.7691413
17008,HLA-A*02:11,esm2_mean,locus,0,1.0,13696,0.5877866649021191,1.2482307
17009,HLA-A*80:01,esm2_mean,locus,0,1.0,13696,0.0,-0.24995703
17010,HLA-A*24:07,esm2_mean,locus,0,1.0,13696,0.33647223662121295,0.5848856
17011,HLA-A*02:50,esm2_mean,locus,0,1.0,13696,1.9740810260220096,1.6602278
17012,HLA-A*02:19,esm2_mean,locus,0,1.0,13696,3.871201010907891,1.799211
17017,HLA-A*03:01,esm2_mean,locus,0,1.0,13696,0.0,1.6642611
17018,HLA-A*29:02,esm2_mean,locus,0,1.0,13696,0.0,1.7013075
17023,HLA-A*24:19,esm2_mean,locus,0,1.0,13696,0.18232155679395465,0.30523908
17024,HLA-A*24:07,esm2_mean,locus,0,1.0,13696,0.4700036292457355,0.73545516
17025,HLA-A*02:16,esm2_mean,locus,0,1.0,13696,2.5649493574615367,1.4597042
17028,HLA-A*32:07,esm2_mean,locus,0,1.0,13696,0.0,0.54281867
17030,HLA-A*26:02,esm2_mean,locus,0,1.0,13696,0.6418538861723948,0.2887687
17034,HLA-A*30:02,esm2_mean,locus,0,1.0,13696,0.5306282510621704,0.58245236
17038,HLA-A*24:19,esm2_mean,locus,0,1.0,13696,0.5306282510621704,-0.06106478
17044,HLA-A*74:01,esm2_mean,locus,0,1.0,13696,0.832909122935104,0.40686196
17045,HLA-A*74:01,esm2_mean,locus,0,1.0,13696,3.55820113047182,0.871106
17047,HLA-A*74:01,esm2_mean,locus,0,1.0,13696,0.09531017980432487,0.3643164
17052,HLA-A*68:23,esm2_mean,locus,0,1.0,13696,0.9555114450274363,0.766839
17057,HLA-A*02:10,esm2_mean,locus,0,1.0,13696,0.6418538861723948,0.43940914
17061,HLA-A*43:01,esm2_mean,locus,0,1.0,13696,0.0,1.1683323
17062,HLA-A*30:02,esm2_mean,locus,0,1.0,13696,0.33647223662121295,0.90665454
17064,HLA-A*24:02,esm2_mean,locus,0,1.0,13696,0.5306282510621704,0.7139324
17066,HLA-A*68:01,esm2_mean,locus,0,1.0,13696,0.0,1.6025226
17067,HLA-A*29:02,esm2_mean,locus,0,1.0,13696,1.9740810260220096,1.5614724
17069,HLA-A*02:10,esm2_mean,locus,0,1.0,13696,1.7047480922384253,0.9682835
17070,HLA-A*02:50,esm2_mean,locus,0,1.0,13696,1.252762968495368,1.8698351
17071,HLA-A*24:07,esm2_mean,locus,0,1.0,13696,0.9162907318741551,0.8591713
17075,HLA-A*26:02,esm2_mean,locus,0,1.0,13696,0.4054651081081644,0.10557741
17077,HLA-A*02:19,esm2_mean,locus,0,1.0,13696,1.7227665977411035,1.330611
17078,HLA-A*80:01,esm2_mean,locus,0,1.0,13696,0.26236426446749106,-0.062307417
17079,HLA-A*32:07,esm2_mean,locus,0,1.0,13696,0.0,0.43249255
17081,HLA-A*02:11,esm2_mean,locus,0,1.0,13696,1.1939224684724346,1.2567799
17087,HLA-A*24:03,esm2_mean,locus,0,1.0,13696,0.7884573603642702,0.6232893
17088,HLA-A*02:11,esm2_mean,locus,0,1.0,13696,1.33500106673234,1.5835526
17089,HLA-A*02:16,esm2_mean,locus,0,1.0,13696,1.5260563034950494,1.4956669
17093,HLA-A*30:02,esm2_mean,locus,0,1.0,13696,0.0,0.98775554
17094,HLA-A*23:01,esm2_mean,locus,0,1.0,13696,3.543853682063679,0.7475565
17096,HLA-A*68:23,esm2_mean,locus,0,1.0,13696,0.33647223662121295,0.5096136
17099,HLA-A*24:02,esm2_mean,locus,0,1.0,13696,2.833213344056216,0.7546991
17101,HLA-A*02:11,esm2_mean,locus,0,1.0,13696,1.8870696490323797,1.3962153
17102,HLA-A*11:01,esm2_mean,locus,0,1.0,13696,2.6026896854443837,1.5428114
17103,HLA-A*74:01,esm2_mean,locus,0,1.0,13696,1.667706820558076,0.76219934
17111,HLA-A*29:02,esm2_mean,locus,0,1.0,13696,1.4350845252893227,1.7799246
17112,HLA-A*25:01,esm2_mean,locus,0,1.0,13696,0.0,0.2535935
17113,HLA-A*11:01,esm2_mean,locus,0,1.0,13696,0.18232155679395465,1.40867
17116,HLA-A*43:01,esm2_mean,locus,0,1.0,13696,0.33647223662121295,0.8877785
17118,HLA-A*02:10,esm2_mean,locus,0,1.0,13696,0.0,0.5722591
17119,HLA-A*68:01,esm2_mean,locus,0,1.0,13696,1.410986973710262,2.1768034
17122,HLA-A*32:07,esm2_mean,locus,0,1.0,13696,0.0,0.44865525
17128,HLA-A*02:03,esm2_mean,locus,0,1.0,13696,2.6741486494265287,1.2669652
17129,HLA-A*11:01,esm2_mean,locus,0,1.0,13696,1.2809338454620642,1.6208962
17134,HLA-A*02:03,esm2_mean,locus,0,1.0,13696,0.5306282510621704,1.173343
17135,HLA-A*02:11,esm2_mean,locus,0,1.0,13696,2.0918640616783932,1.2877581
17136,HLA-A*31:01,esm2_mean,locus,0,1.0,13696,1.5260563034950494,1.4055731
17138,HLA-A*24:02,esm2_mean,locus,0,1.0,13696,0.5007752879124893,0.47427005
17140,HLA-A*02:10,esm2_mean,locus,0,1.0,13696,1.0296194171811583,0.59354514
17141,HLA-A*03:01,esm2_mean,locus,0,1.0,13696,0.18232155679395465,1.9154308
17143,HLA-A*25:01,esm2_mean,locus,0,1.0,13696,0.26236426446749106,0.3838308
17147,HLA-A*43:01,esm2_mean,locus,0,1.0,13696,0.5306282510621704,0.69595695
17148,HLA-A*80:01,esm2_mean,locus,0,1.0,13696,0.0,0.07760316
17149,HLA-A*23:01,esm2_mean,locus,0,1.0,13696,2.0412203288596382,0.7804514
17150,HLA-A*24:03,esm2_mean,locus,0,1.0,13696,1.0986122886681098,0.50255454
17154,HLA-A*03:01,esm2_mean,locus,0,1.0,13696,0.5306282510621704,1.8948402
17157,HLA-A*68:23,esm2_mean,locus,0,1.0,13696,0.6931471805599453,0.41287088
17158,HLA-A*02:10,esm2_mean,locus,0,1.0,13696,2.5416019934645457,0.71123224
17159,HLA-A*33:03,esm2_mean,locus,0,1.0,13696,4.019980146933238,1.1220133
17160,HLA-A*02:16,esm2_mean,locus,0,1.0,13696,3.299533727885655,1.5542903
17161,HLA-A*68:01,esm2_mean,locus,0,1.0,13696,0.6418538861723948,1.522229
17165,HLA-A*24:19,esm2_mean,locus,0,1.0,13696,0.26236426446749106,0.053375304
17166,HLA-A*24:19,esm2_mean,locus,0,1.0,13696,0.0,-0.062720835
17167,HLA-A*25:01,esm2_mean,locus,0,1.0,13696,3.6189933266497696,0.65901953
17168,HLA-A*24:02,esm2_mean,locus,0,1.0,13696,0.26236426446749106,0.8628113
17170,HLA-A*43:01,esm2_mean,locus,0,1.0,13696,2.468099531471619,1.0215039
17171,HLA-A*74:01,esm2_mean,locus,0,1.0,13696,0.4054651081081644,0.7147825
17173,HLA-A*30:02,esm2_mean,locus,0,1.0,13696,1.2237754316221157,1.0496501
17174,HLA-A*26:03,esm2_mean,locus,0,1.0,13696,0.0,0.7134429
17178,HLA-A*02:11,esm2_mean,locus,0,1.0,13696,3.091042453358316,1.4108846
17179,HLA-A*33:03,esm2_mean,locus,0,1.0,13696,0.0,1.2025362
17182,HLA-A*32:07,esm2_mean,locus,0,1.0,13696,1.5260563034950494,0.7518918
17188,HLA-A*32:07,esm2_mean,locus,0,1.0,13696,0.0,0.5332643
17189,HLA-A*02:50,esm2_mean,locus,0,1.0,13696,2.2823823856765264,1.8169014
17192,HLA-A*68:23,esm2_mean,locus,0,1.0,13696,0.0,0.45598352
17193,HLA-A*66:01,esm2_mean,locus,0,1.0,13696,0.26236426446749106,0.9348105
17194,HLA-A*26:03,esm2_mean,locus,0,1.0,13696,2.928523523860541,0.31597728
17195,HLA-A*68:01,esm2_mean,locus,0,1.0,13696,1.62924053973028,1.7379844
17196,HLA-A*32:07,esm2_mean,locus,0,1.0,13696,0.0,0.61586076
17197,HLA-A*24:03,esm2_mean,locus,0,1.0,13696,2.2617630984737906,0.98250014
17199,HLA-A*68:01,esm2_mean,locus,0,1.0,13696,0.0,1.543144
17200,HLA-A*11:01,esm2_mean,locus,0,1.0,13696,0.5306282510621704,1.4089653
17201,HLA-A*11:01,esm2_mean,locus,0,1.0,13696,4.019980146933238,1.1802813
17203,HLA-A*23:01,esm2_mean,locus,0,1.0,13696,3.4781584227982836,0.83774227
17205,HLA-A*24:07,esm2_mean,locus,0,1.0,13696,0.26236426446749106,0.6196688
17209,HLA-A*02:12,esm2_mean,locus,0,1.0,13696,2.9856819377004897,1.1609769
17214,HLA-A*02:50,esm2_mean,locus,0,1.0,13696,0.9162907318741551,1.8840624
17215,HLA-A*31:01,esm2_mean,locus,0,1.0,13696,0.832909122935104,1.3375763
17218,HLA-A*30:02,esm2_mean,locus,0,1.0,13696,1.4350845252893227,0.76779914
17219,HLA-A*24:03,esm2_mean,locus,0,1.0,13696,2.9806186357439426,0.57366234
17221,HLA-A*80:01,esm2_mean,locus,0,1.0,13696,0.09531017980432487,0.12242168
17222,HLA-A*26:02,esm2_mean,locus,0,1.0,13696,3.7909846770510898,-0.16250783
17223,HLA-A*26:03,esm2_mean,locus,0,1.0,13696,0.18232155679395465,0.74147296
17226,HLA-A*43:01,esm2_mean,locus,0,1.0,13696,0.0,1.1145586
17227,HLA-A*32:07,esm2_mean,locus,0,1.0,13696,1.33500106673234,0.6563393
17230,HLA-A*02:12,esm2_mean,locus,0,1.0,13696,1.7047480922384253,1.1335309
17236,HLA-A*29:02,esm2_mean,locus,0,1.0,13696,0.33647223662121295,1.6393144
17237,HLA-A*32:07,esm2_mean,locus,0,1.0,13696,0.0,0.4166093
17238,HLA-A*66:01,esm2_mean,locus,0,1.0,13696,1.0296194171811583,0.85640395
17240,HLA-A*24:02,esm2_mean,locus,0,1.0,13696,1.547562508716013,0.2277062
17241,HLA-A*32:01,esm2_mean,locus,0,1.0,13696,0.4700036292457355,1.0781293
17243,HLA-A*66:01,esm2_mean,locus,0,1.0,13696,0.4054651081081644,0.9053971
17245,HLA-A*02:01,esm2_mean,locus,0,1.0,13696,2.517696472610991,1.4469352
17247,HLA-A*43:01,esm2_mean,locus,0,1.0,13696,0.0,0.90920126
17248,HLA-A*66:01,esm2_mean,locus,0,1.0,13696,0.18232155679395465,0.7943748
17251,HLA-A*24:02,esm2_mean,locus,0,1.0,13696,0.26236426446749106,0.46097076
17252,HLA-A*43:01,esm2_mean,locus,0,1.0,13696,0.0,0.7160716
17255,HLA-A*25:01,esm2_mean,locus,0,1.0,13696,2.0412203288596382,0.50576675
17256,HLA-A*66:01,esm2_mean,locus,0,1.0,13696,0.0,1.0762832
17257,HLA-A*26:03,esm2_mean,locus,0,1.0,13696,0.0,0.20549005
17260,HLA-A*80:01,esm2_mean,locus,0,1.0,13696,0.0,0.21902287
17261,HLA-A*24:07,esm2_mean,locus,0,1.0,13696,2.33214389523559,0.62935305
17262,HLA-A*68:23,esm2_mean,locus,0,1.0,13696,0.18232155679395465,0.4765088
17264,HLA-A*24:02,esm2_mean,locus,0,1.0,13696,0.6418538861723948,1.3151337
17265,HLA-A*24:02,esm2_mean,locus,0,1.0,13696,0.26236426446749106,0.9271131
17269,HLA-A*02:16,esm2_mean,locus,0,1.0,13696,1.9878743481543455,0.9483938
17270,HLA-A*02:19,esm2_mean,locus,0,1.0,13696,1.1939224684724346,1.4060627
17275,HLA-A*02:50,esm2_mean,locus,0,1.0,13696,0.5306282510621704,1.6509211
17276,HLA-A*74:01,esm2_mean,locus,0,1.0,13696,0.0,0.59678555
17278,HLA-A*32:07,esm2_mean,locus,0,1.0,13696,1.916922612182061,0.95635796
17281,HLA-A*24:02,esm2_mean,locus,0,1.0,13696,0.18232155679395465,0.688691
17282,HLA-A*02:16,esm2_mean,locus,0,1.0,13696,3.4404180948154366,1.3345206
17284,HLA-A*26:03,esm2_mean,locus,0,1.0,13696,0.832909122935104,0.67809606
17290,HLA-A*02:50,esm2_mean,locus,0,1.0,13696,3.0007198150650303,2.049097
17291,HLA-A*11:01,esm2_mean,locus,0,1.0,13696,1.1631508098056809,1.1181536
17296,HLA-A*26:03,esm2_mean,locus,0,1.0,13696,0.7419373447293773,0.7198707
17297,HLA-A*33:03,esm2_mean,locus,0,1.0,13696,0.5877866649021191,1.1965094
17301,HLA-A*24:02,esm2_mean,locus,0,1.0,13696,3.0587070727153796,1.2236505
17306,HLA-A*02:10,esm2_mean,locus,0,1.0,13696,2.5257286443082556,0.92728686
17307,HLA-A*02:11,esm2_mean,locus,0,1.0,13696,2.2925347571405443,1.323751
17308,HLA-A*02:12,esm2_mean,locus,0,1.0,13696,1.8562979903656263,1.0605736
17309,HLA-A*02:19,esm2_mean,locus,0,1.0,13696,2.4932054526026954,2.0992413
17310,HLA-A*80:01,esm2_mean,locus,0,1.0,13696,0.4054651081081644,0.017417967
17311,HLA-A*68:23,esm2_mean,locus,0,1.0,13696,0.9162907318741551,0.36700922
17312,HLA-A*24:02,esm2_mean,locus,0,1.0,13696,3.730501128804756,0.91466427
17313,HLA-A*02:19,esm2_mean,locus,0,1.0,13696,0.9932517730102833,1.5628369
17316,HLA-A*02:16,esm2_mean,locus,0,1.0,13696,0.7884573603642702,1.3013253
17317,HLA-A*02:01,esm2_mean,locus,0,1.0,13696,0.26236426446749106,1.7288225
17319,HLA-A*02:19,esm2_mean,locus,0,1.0,13696,2.5572273113676265,1.4170458
17322,HLA-A*32:07,esm2_mean,locus,0,1.0,13696,2.3513752571634776,0.69538504
17325,HLA-A*26:03,esm2_mean,locus,0,1.0,13696,1.1939224684724346,0.48797712
17332,HLA-A*24:19,esm2_mean,locus,0,1.0,13696,0.0,-0.31691128
17334,HLA-A*03:01,esm2_mean,locus,0,1.0,13696,0.26236426446749106,1.857137
17335,HLA-A*24:19,esm2_mean,locus,0,1.0,13696,0.0,0.15437382
17336,HLA-A*02:19,esm2_mean,locus,0,1.0,13696,2.4423470353692043,1.6878884
17337,HLA-A*23:01,esm2_mean,locus,0,1.0,13696,2.5726122302071057,0.9191397
17339,HLA-A*33:03,esm2_mean,locus,0,1.0,13696,0.0,1.384067
17340,HLA-A*68:01,esm2_mean,locus,0,1.0,13696,1.3609765531356006,1.9726491
17348,HLA-A*02:11,esm2_mean,locus,0,1.0,13696,0.9555114450274363,1.3463905
17351,HLA-A*32:07,esm2_mean,locus,0,1.0,13696,1.308332819650179,0.8490436
17355,HLA-A*66:01,esm2_mean,locus,0,1.0,13696,0.33647223662121295,0.73268366
17356,HLA-A*02:19,esm2_mean,locus,0,1.0,13696,2.2192034840549946,1.6703398
17358,HLA-A*80:01,esm2_mean,locus,0,1.0,13696,0.0,0.10043323
17359,HLA-A*24:03,esm2_mean,locus,0,1.0,13696,1.8718021769015913,0.8263779
17365,HLA-A*66:01,esm2_mean,locus,0,1.0,13696,0.0,0.7338232
17366,HLA-A*26:03,esm2_mean,locus,0,1.0,13696,1.7749523509116738,0.6581087
17369,HLA-A*02:50,esm2_mean,locus,0,1.0,13696,2.302585092994046,1.7827287
17370,HLA-A*74:01,esm2_mean,locus,0,1.0,13696,2.6878474937846906,0.71047354
17371,HLA-A*24:19,esm2_mean,locus,0,1.0,13696,1.1939224684724346,-0.15777212
17374,HLA-A*24:02,esm2_mean,locus,0,1.0,13696,0.6418538861723948,0.8576344
17375,HLA-A*02:03,esm2_mean,locus,0,1.0,13696,3.091042453358316,1.4900646
17376,HLA-A*02:10,esm2_mean,locus,0,1.0,13696,1.0986122886681098,0.7113634
17379,HLA-A*80:01,esm2_mean,locus,0,1.0,13696,0.0,-0.12878281
17380,HLA-A*24:19,esm2_mean,locus,0,1.0,13696,0.33647223662121295,0.19777083
17381,HLA-A*26:03,esm2_mean,locus,0,1.0,13696,0.0,0.886588
17382,HLA-A*02:10,esm2_mean,locus,0,1.0,13696,1.252762968495368,0.95727515
17383,HLA-A*33:03,esm2_mean,locus,0,1.0,13696,0.0,1.3810213
17386,HLA-A*24:02,esm2_mean,locus,0,1.0,13696,2.533696813957432,0.88773346
17387,HLA-A*02:10,esm2_mean,locus,0,1.0,13696,0.7419373447293773,0.61133575
17388,HLA-A*02:10,esm2_mean,locus,0,1.0,13696,2.970414465569701,0.48478264
17389,HLA-A*43:01,esm2_mean,locus,0,1.0,13696,0.26236426446749106,1.1904559
17391,HLA-A*29:02,esm2_mean,locus,0,1.0,13696,0.09531017980432487,1.8421094
17392,HLA-A*02:10,esm2_mean,locus,0,1.0,13696,0.0,1.185852
17398,HLA-A*02:16,esm2_mean,locus,0,1.0,13696,3.5751506887855933,1.4287169
17403,HLA-A*25:01,esm2_mean,locus,0,1.0,13696,0.0,0.459244
17405,HLA-A*02:12,esm2_mean,locus,0,1.0,13696,3.3357695763397,1.1382196
17406,HLA-A*02:19,esm2_mean,locus,0,1.0,13696,1.0986122886681098,1.7430254
17410,HLA-A*43:01,esm2_mean,locus,0,1.0,13696,0.4700036292457355,1.1777095
17411,HLA-A*32:07,esm2_mean,locus,0,1.0,13696,1.2237754316221157,1.0109599
17414,HLA-A*02:50,esm2_mean,locus,0,1.0,13696,0.7419373447293773,1.8826041
17415,HLA-A*74:01,esm2_mean,locus,0,1.0,13696,3.8264651170664994,0.54559505
17417,HLA-A*30:02,esm2_mean,locus,0,1.0,13696,1.4586150226995167,0.9218159
17418,HLA-A*24:03,esm2_mean,locus,0,1.0,13696,1.0296194171811583,0.875964
17422,HLA-A*11:01,esm2_mean,locus,0,1.0,13696,1.8082887711792655,1.4190178
17424,HLA-A*24:02,esm2_mean,locus,0,1.0,13696,0.9555114450274363,0.97901726
17427,HLA-A*02:19,esm2_mean,locus,0,1.0,13696,0.09531017980432487,1.4282485
17431,HLA-A*24:07,esm2_mean,locus,0,1.0,13696,0.26236426446749106,0.47763276
17433,HLA-A*24:07,esm2_mean,locus,0,1.0,13696,0.26236426446749106,0.6879545
17434,HLA-A*02:01,esm2_mean,locus,0,1.0,13696,1.9878743481543455,1.998704
17435,HLA-A*30:01,esm2_mean,locus,0,1.0,13696,0.26236426446749106,1.3970208
17438,HLA-A*24:19,esm2_mean,locus,0,1.0,13696,0.09531017980432487,-0.11751026
17440,HLA-A*26:03,esm2_mean,locus,0,1.0,13696,2.667228206581955,0.71225977
17444,HLA-A*02:03,esm2_mean,locus,0,1.0,13696,0.5306282510621704,1.1875463
17447,HLA-A*26:03,esm2_mean,locus,0,1.0,13696,0.4700036292457355,0.91862804
17449,HLA-A*31:01,esm2_mean,locus,0,1.0,13696,2.2300144001592104,1.3688803
17451,HLA-A*43:01,esm2_mean,locus,0,1.0,13696,0.4700036292457355,0.94550043
17453,HLA-A*24:02,esm2_mean,locus,0,1.0,13696,2.3702437414678603,0.57474804
17455,HLA-A*24:19,esm2_mean,locus,0,1.0,13696,1.1631508098056809,-0.3859877
17456,HLA-A*03:01,esm2_mean,locus,0,1.0,13696,0.0,1.9089036
17459,HLA-A*68:23,esm2_mean,locus,0,1.0,13696,1.7578579175523736,0.6080452
17460,HLA-A*68:01,esm2_mean,locus,0,1.0,13696,3.086486636822455,1.6755843
17462,HLA-A*03:01,esm2_mean,locus,0,1.0,13696,0.0,1.907425
17465,HLA-A*02:50,esm2_mean,locus,0,1.0,13696,2.9444389791664403,1.7440083
17466,HLA-A*02:16,esm2_mean,locus,0,1.0,13696,3.8877303128591016,1.2260711
17468,HLA-A*25:01,esm2_mean,locus,0,1.0,13696,0.0,0.7160429
17471,HLA-A*02:10,esm2_mean,locus,0,1.0,13696,0.33647223662121295,0.5888995
17472,HLA-A*02:16,esm2_mean,locus,0,1.0,13696,0.33647223662121295,1.4084988
17474,HLA-A*24:03,esm2_mean,locus,0,1.0,13696,0.26236426446749106,0.6818588
17476,HLA-A*24:19,esm2_mean,locus,0,1.0,13696,0.09531017980432487,0.34178573
17478,HLA-A*68:01,esm2_mean,locus,0,1.0,13696,0.18232155679395465,1.584803
17480,HLA-A*43:01,esm2_mean,locus,0,1.0,13696,0.09531017980432487,0.76992786
17485,HLA-A*02:50,esm2_mean,locus,0,1.0,13696,2.1041341542702074,1.872503
17486,HLA-A*02:16,esm2_mean,locus,0,1.0,13696,1.7578579175523736,1.3305247
17489,HLA-A*29:02,esm2_mean,locus,0,1.0,13696,1.6094379124341003,1.4731693
17490,HLA-A*29:02,esm2_mean,locus,0,1.0,13696,0.9555114450274363,1.9669797
17492,HLA-A*24:19,esm2_mean,locus,0,1.0,13696,0.09531017980432487,-0.23876256
17493,HLA-A*02:16,esm2_mean,locus,0,1.0,13696,3.535145354171894,1.3694091
17497,HLA-A*43:01,esm2_mean,locus,0,1.0,13696,2.0412203288596382,1.1024513
17500,HLA-A*02:11,esm2_mean,locus,0,1.0,13696,3.1612467120315646,1.3723832
17507,HLA-A*24:07,esm2_mean,locus,0,1.0,13696,1.7404661748405046,0.8551657
17508,HLA-A*68:23,esm2_mean,locus,0,1.0,13696,0.4054651081081644,0.52445924
17509,HLA-A*66:01,esm2_mean,locus,0,1.0,13696,0.0,0.8908112
17510,HLA-A*02:03,esm2_mean,locus,0,1.0,13696,3.086486636822455,1.1609889
17511,HLA-A*33:03,esm2_mean,locus,0,1.0,13696,2.0918640616783932,1.0666612
17514,HLA-A*24:07,esm2_mean,locus,0,1.0,13696,2.501435951739211,0.95376146
17518,HLA-A*02:16,esm2_mean,locus,0,1.0,13696,2.272125885509337,1.3587363
17520,HLA-A*43:01,esm2_mean,locus,0,1.0,13696,0.0,0.9208929
17523,HLA-A*30:01,esm2_mean,locus,0,1.0,13696,2.928523523860541,1.1823007
17527,HLA-A*02:10,esm2_mean,locus,0,1.0,13696,0.5877866649021191,0.59993494
17530,HLA-A*26:01,esm2_mean,locus,0,1.0,13696,0.0,0.10111952
17534,HLA-A*24:02,esm2_mean,locus,0,1.0,13696,1.9740810260220096,0.869683
17535,HLA-A*31:01,esm2_mean,locus,0,1.0,13696,0.0,1.3150808
17539,HLA-A*11:01,esm2_mean,locus,0,1.0,13696,1.0647107369924282,1.5044212
17543,HLA-A*24:19,esm2_mean,locus,0,1.0,13696,0.4054651081081644,0.28898686
17544,HLA-A*02:01,esm2_mean,locus,0,1.0,13696,0.9282193027394289,2.0249827
17545,HLA-A*24:02,esm2_mean,locus,0,1.0,13696,1.62924053973028,0.9800921
17546,HLA-A*02:11,esm2_mean,locus,0,1.0,13696,0.18232155679395465,1.6034769
17551,HLA-A*24:19,esm2_mean,locus,0,1.0,13696,2.028148247292285,0.4294743
17552,HLA-A*03:01,esm2_mean,locus,0,1.0,13696,0.09531017980432487,1.8999217
17553,HLA-A*31:01,esm2_mean,locus,0,1.0,13696,0.6931471805599453,1.2600151
17560,HLA-A*33:03,esm2_mean,locus,0,1.0,13696,0.0,1.3367168
17561,HLA-A*68:01,esm2_mean,locus,0,1.0,13696,0.0,1.8146544
17566,HLA-A*02:50,esm2_mean,locus,0,1.0,13696,3.0301337002713233,1.6000172
17567,HLA-A*33:03,esm2_mean,locus,0,1.0,13696,0.0,1.2410086
17568,HLA-A*74:01,esm2_mean,locus,0,1.0,13696,0.26236426446749106,0.79821074
17571,HLA-A*43:01,esm2_mean,locus,0,1.0,13696,0.0,0.9725504
17572,HLA-A*32:07,esm2_mean,locus,0,1.0,13696,2.5952547069568657,0.91610545
17573,HLA-A*26:02,esm2_mean,locus,0,1.0,13696,0.26236426446749106,-0.040927947
17574,HLA-A*66:01,esm2_mean,locus,0,1.0,13696,0.13976194237515868,0.9618619
17582,HLA-A*24:03,esm2_mean,locus,0,1.0,13696,2.5494451709255714,0.78715575
17584,HLA-A*68:23,esm2_mean,locus,0,1.0,13696,0.9162907318741551,0.60709596
17588,HLA-A*80:01,esm2_mean,locus,0,1.0,13696,0.0,0.009607434
17591,HLA-A*02:10,esm2_mean,locus,0,1.0,13696,1.0647107369924282,0.887784
17592,HLA-A*68:01,esm2_mean,locus,0,1.0,13696,0.26236426446749106,1.5528648
17593,HLA-A*23:01,esm2_mean,locus,0,1.0,13696,0.5306282510621704,1.1721588
17594,HLA-A*33:03,esm2_mean,locus,0,1.0,13696,0.0,1.461838
17597,HLA-A*68:23,esm2_mean,locus,0,1.0,13696,0.33647223662121295,0.18921292
17599,HLA-A*02:10,esm2_mean,locus,0,1.0,13696,2.0014800002101243,0.63402545
17600,HLA-A*74:01,esm2_mean,locus,0,1.0,13696,0.4054651081081644,0.7022421
17605,HLA-A*24:02,esm2_mean,locus,0,1.0,13696,0.6931471805599453,1.0551772
17606,HLA-A*33:03,esm2_mean,locus,0,1.0,13696,0.0,1.2829003
17607,HLA-A*74:01,esm2_mean,locus,0,1.0,13696,5.167639042905921,0.65732473
17609,HLA-A*23:01,esm2_mean,locus,0,1.0,13696,0.26236426446749106,1.2629972
17610,HLA-A*24:07,esm2_mean,locus,0,1.0,13696,1.6863989535702288,0.869648
17611,HLA-A*66:01,esm2_mean,locus,0,1.0,13696,0.18232155679395465,0.81115776
17612,HLA-A*02:10,esm2_mean,locus,0,1.0,13696,2.151762203259462,0.7469425
17614,HLA-A*66:01,esm2_mean,locus,0,1.0,13696,0.0,0.6355729
17618,HLA-A*26:03,esm2_mean,locus,0,1.0,13696,0.18232155679395465,0.85311663
17619,HLA-A*68:01,esm2_mean,locus,0,1.0,13696,0.832909122935104,1.9338281
17620,HLA-A*11:01,esm2_mean,locus,0,1.0,13696,0.0,1.076513
17621,HLA-A*43:01,esm2_mean,locus,0,1.0,13696,0.0,1.0024769
17622,HLA-A*32:07,esm2_mean,locus,0,1.0,13696,3.3250360206965914,0.6737646
17625,HLA-A*02:10,esm2_mean,locus,0,1.0,13696,1.6094379124341003,0.6413183
17626,HLA-A*02:50,esm2_mean,locus,0,1.0,13696,1.0296194171811583,1.5882447
17630,HLA-A*66:01,esm2_mean,locus,0,1.0,13696,1.33500106673234,0.7016609
17631,HLA-A*29:02,esm2_mean,locus,0,1.0,13696,1.0647107369924282,1.7617342
17632,HLA-A*80:01,esm2_mean,locus,0,1.0,13696,0.18232155679395465,0.4027326
17633,HLA-A*80:01,esm2_mean,locus,0,1.0,13696,0.0,-0.24620825
17635,HLA-A*02:50,esm2_mean,locus,0,1.0,13696,2.4159137783010487,1.7535088
17637,HLA-A*24:19,esm2_mean,locus,0,1.0,13696,0.18232155679395465,-0.09785253
17638,HLA-A*68:23,esm2_mean,locus,0,1.0,13696,0.33647223662121295,0.53172356
17641,HLA-A*66:01,esm2_mean,locus,0,1.0,13696,0.26236426446749106,0.6025156
17642,HLA-A*24:02,esm2_mean,locus,0,1.0,13696,2.6100697927420065,0.6589749
17644,HLA-A*02:10,esm2_mean,locus,0,1.0,13696,0.18232155679395465,0.7642447
17645,HLA-A*30:01,esm2_mean,locus,0,1.0,13696,2.631888840136646,1.6898555
17647,HLA-A*32:07,esm2_mean,locus,0,1.0,13696,1.4350845252893227,0.97566783
17650,HLA-A*80:01,esm2_mean,locus,0,1.0,13696,0.26236426446749106,-0.014027715
17652,HLA-A*02:10,esm2_mean,locus,0,1.0,13696,0.4054651081081644,0.7891297
17653,HLA-A*30:01,esm2_mean,locus,0,1.0,13696,1.2809338454620642,1.521054
17654,HLA-A*31:01,esm2_mean,locus,0,1.0,13696,3.3775875160230218,1.3093985
17656,HLA-A*24:19,esm2_mean,locus,0,1.0,13696,0.26236426446749106,-0.40129775
17658,HLA-A*24:02,esm2_mean,locus,0,1.0,13696,1.8082887711792655,0.57247114
17659,HLA-A*31:01,esm2_mean,locus,0,1.0,13696,1.6863989535702288,1.3727171
17662,HLA-A*24:02,esm2_mean,locus,0,1.0,13696,2.2192034840549946,0.95068586
17664,HLA-A*80:01,esm2_mean,locus,0,1.0,13696,1.9600947840472698,0.012988448
17665,HLA-A*80:01,esm2_mean,locus,0,1.0,13696,1.824549292051046,0.09717649
17666,HLA-A*24:19,esm2_mean,locus,0,1.0,13696,0.09531017980432487,0.030326486
17667,HLA-A*25:01,esm2_mean,locus,0,1.0,13696,0.6418538861723948,0.6060749
17668,HLA-A*02:11,esm2_mean,locus,0,1.0,13696,2.4595888418037104,1.3327873
17671,HLA-A*23:01,esm2_mean,locus,0,1.0,13696,1.62924053973028,1.1173595
17672,HLA-A*24:02,esm2_mean,locus,0,1.0,13696,2.501435951739211,0.9341585
17674,HLA-A*24:07,esm2_mean,locus,0,1.0,13696,0.9932517730102833,0.7158448
17675,HLA-A*02:03,esm2_mean,locus,0,1.0,13696,3.7471483622379123,1.1991302
17677,HLA-A*80:01,esm2_mean,locus,0,1.0,13696,0.4054651081081644,0.27761048
17678,HLA-A*32:07,esm2_mean,locus,0,1.0,13696,2.797281334830153,0.6795065
17679,HLA-A*32:07,esm2_mean,locus,0,1.0,13696,3.9531649487593215,0.75077426
17681,HLA-A*02:12,esm2_mean,locus,0,1.0,13696,1.6486586255873816,0.9723239
17682,HLA-A*74:01,esm2_mean,locus,0,1.0,13696,1.8082887711792655,1.0371859
17684,HLA-A*30:02,esm2_mean,locus,0,1.0,13696,1.8562979903656263,0.76930237
17685,HLA-A*32:07,esm2_mean,locus,0,1.0,13696,3.288401887516811,1.14654
17686,HLA-A*02:12,esm2_mean,locus,0,1.0,13696,3.655839600035736,1.0172162
17687,HLA-A*30:01,esm2_mean,locus,0,1.0,13696,0.0,1.4117733
17690,HLA-A*43:01,esm2_mean,locus,0,1.0,13696,0.33647223662121295,0.8149711
17691,HLA-A*29:02,esm2_mean,locus,0,1.0,13696,2.272125885509337,1.8890378
17693,HLA-A*24:19,esm2_mean,locus,0,1.0,13696,1.0296194171811583,0.20681238
17694,HLA-A*26:02,esm2_mean,locus,0,1.0,13696,1.252762968495368,-0.10141271
17698,HLA-A*02:12,esm2_mean,locus,0,1.0,13696,3.417726683613366,1.3735347
17702,HLA-A*31:01,esm2_mean,locus,0,1.0,13696,0.33647223662121295,1.5800321
17703,HLA-A*33:03,esm2_mean,locus,0,1.0,13696,0.0,0.9749747
17710,HLA-A*66:01,esm2_mean,locus,0,1.0,13696,0.33647223662121295,0.7027995
17714,HLA-A*23:01,esm2_mean,locus,0,1.0,13696,1.0986122886681098,0.66909206
17717,HLA-A*24:02,esm2_mean,locus,0,1.0,13696,0.26236426446749106,0.76439756
17718,HLA-A*74:01,esm2_mean,locus,0,1.0,13696,1.6486586255873816,0.5474391
17727,HLA-A*68:23,esm2_mean,locus,0,1.0,13696,0.4700036292457355,0.40401214
17729,HLA-A*24:02,esm2_mean,locus,0,1.0,13696,0.18232155679395465,1.1803299
17730,HLA-A*02:19,esm2_mean,locus,0,1.0,13696,0.5306282510621704,1.5498886
17731,HLA-A*02:03,esm2_mean,locus,0,1.0,13696,3.2188758248682006,1.4746262
17734,HLA-A*25:01,esm2_mean,locus,0,1.0,13696,0.0,0.5326742
17735,HLA-A*03:01,esm2_mean,locus,0,1.0,13696,0.26236426446749106,1.7826052
17736,HLA-A*68:01,esm2_mean,locus,0,1.0,13696,1.5040773967762742,1.7604681
17740,HLA-A*32:07,esm2_mean,locus,0,1.0,13696,2.7212954278522306,0.76135576
17741,HLA-A*02:50,esm2_mean,locus,0,1.0,13696,1.1631508098056809,1.8572814
17742,HLA-A*33:03,esm2_mean,locus,0,1.0,13696,1.3862943611198906,1.2231165
17747,HLA-A*29:02,esm2_mean,locus,0,1.0,13696,1.4350845252893227,1.460216
17748,HLA-A*29:02,esm2_mean,locus,0,1.0,13696,0.18232155679395465,1.6923792
17749,HLA-A*24:03,esm2_mean,locus,0,1.0,13696,2.0918640616783932,0.86051464
17750,HLA-A*26:03,esm2_mean,locus,0,1.0,13696,0.0,0.6378952
17751,HLA-A*24:02,esm2_mean,locus,0,1.0,13696,1.252762968495368,0.9165411
17752,HLA-A*33:03,esm2_mean,locus,0,1.0,13696,0.0,1.3154919
17754,HLA-A*43:01,esm2_mean,locus,0,1.0,13696,0.6418538861723948,0.44257724
17756,HLA-A*02:12,esm2_mean,locus,0,1.0,13696,2.917770732084279,1.1359425
17764,HLA-A*02:05,esm2_mean,locus,0,1.0,13696,2.7788192719904172,1.7209392
17765,HLA-A*24:19,esm2_mean,locus,0,1.0,13696,0.26236426446749106,0.21172905
17769,HLA-A*30:02,esm2_mean,locus,0,1.0,13696,0.4054651081081644,0.6371248
17770,HLA-A*24:03,esm2_mean,locus,0,1.0,13696,0.4700036292457355,0.8622318
17771,HLA-A*02:05,esm2_mean,locus,0,1.0,13696,1.9021075263969205,1.0409958
17772,HLA-A*02:03,esm2_mean,locus,0,1.0,13696,1.9878743481543455,1.3379707
17773,HLA-A*02:12,esm2_mean,locus,0,1.0,13696,1.62924053973028,1.1817188
17774,HLA-A*29:02,esm2_mean,locus,0,1.0,13696,0.7419373447293773,1.5959027
17775,HLA-A*29:02,esm2_mean,locus,0,1.0,13696,1.0296194171811583,1.5393393
17776,HLA-A*30:02,esm2_mean,locus,0,1.0,13696,0.18232155679395465,0.80373424
17777,HLA-A*23:01,esm2_mean,locus,0,1.0,13696,3.131136910560194,0.58139527
17778,HLA-A*02:10,esm2_mean,locus,0,1.0,13696,1.3862943611198906,0.822015
17779,HLA-A*02:50,esm2_mean,locus,0,1.0,13696,3.202746442938317,1.7397342
17780,HLA-A*02:16,esm2_mean,locus,0,1.0,13696,0.7419373447293773,1.3616552
17781,HLA-A*68:01,esm2_mean,locus,0,1.0,13696,0.4054651081081644,1.5944176
17782,HLA-A*24:19,esm2_mean,locus,0,1.0,13696,0.9555114450274363,-0.4592536
17783,HLA-A*24:07,esm2_mean,locus,0,1.0,13696,0.26236426446749106,0.72017634
17787,HLA-A*30:02,esm2_mean,locus,0,1.0,13696,0.6418538861723948,0.7042193
17788,HLA-A*32:07,esm2_mean,locus,0,1.0,13696,1.7404661748405046,1.005507
17790,HLA-A*24:07,esm2_mean,locus,0,1.0,13696,1.2237754316221157,0.58179575
17791,HLA-A*02:11,esm2_mean,locus,0,1.0,13696,2.5649493574615367,1.7005262
17792,HLA-A*02:11,esm2_mean,locus,0,1.0,13696,3.109060958860994,1.3714943
17799,HLA-A*24:07,esm2_mean,locus,0,1.0,13696,0.18232155679395465,0.8498123
17800,HLA-A*24:07,esm2_mean,locus,0,1.0,13696,0.9555114450274363,0.8936819
17803,HLA-A*43:01,esm2_mean,locus,0,1.0,13696,0.6931471805599453,1.0145879
17810,HLA-A*24:02,esm2_mean,locus,0,1.0,13696,0.33647223662121295,0.7442217
17812,HLA-A*02:50,esm2_mean,locus,0,1.0,13696,2.6878474937846906,1.9968944
17813,HLA-A*30:01,esm2_mean,locus,0,1.0,13696,0.0,1.4287524
17818,HLA-A*23:01,esm2_mean,locus,0,1.0,13696,2.6741486494265287,0.65525085
17819,HLA-A*24:02,esm2_mean,locus,0,1.0,13696,0.26236426446749106,0.8195078
17824,HLA-A*02:11,esm2_mean,locus,0,1.0,13696,1.7047480922384253,1.3950632
17825,HLA-A*02:19,esm2_mean,locus,0,1.0,13696,3.005682604407159,1.5007482
17827,HLA-A*24:07,esm2_mean,locus,0,1.0,13696,3.4904285153900982,1.0521171
17828,HLA-A*24:07,esm2_mean,locus,0,1.0,13696,0.0,0.7814594
17829,HLA-A*02:01,esm2_mean,locus,0,1.0,13696,3.0587070727153796,1.5861111
17837,HLA-A*30:02,esm2_mean,locus,0,1.0,13696,1.62924053973028,1.1505892
17838,HLA-A*23:01,esm2_mean,locus,0,1.0,13696,0.7884573603642702,1.1661471
17842,HLA-A*68:23,esm2_mean,locus,0,1.0,13696,0.26236426446749106,0.5834546
17843,HLA-A*74:01,esm2_mean,locus,0,1.0,13696,1.2237754316221157,0.83025855
17844,HLA-A*68:01,esm2_mean,locus,0,1.0,13696,0.0,2.0359097
17847,HLA-A*80:01,esm2_mean,locus,0,1.0,13696,0.0,0.059882164
17850,HLA-A*02:19,esm2_mean,locus,0,1.0,13696,1.667706820558076,1.8956084
17851,HLA-A*29:02,esm2_mean,locus,0,1.0,13696,1.6486586255873816,1.5577509
17853,HLA-A*11:01,esm2_mean,locus,0,1.0,13696,0.0,1.4008768
17856,HLA-A*29:02,esm2_mean,locus,0,1.0,13696,1.6094379124341003,1.6900425
17859,HLA-A*01:01,esm2_mean,locus,0,1.0,13696,0.4054651081081644,0.7314122
17862,HLA-A*02:19,esm2_mean,locus,0,1.0,13696,2.580216829592325,1.7488132
17863,HLA-A*74:01,esm2_mean,locus,0,1.0,13696,0.6418538861723948,0.89713824
17865,HLA-A*23:01,esm2_mean,locus,0,1.0,13696,3.349904087274605,0.9741555
17867,HLA-A*32:01,esm2_mean,locus,0,1.0,13696,2.975529566236472,1.0539126
17868,HLA-A*02:01,esm2_mean,locus,0,1.0,13696,3.152736022363656,1.7276664
17879,HLA-A*02:03,esm2_mean,locus,0,1.0,13696,3.597312260588446,1.0536453
17880,HLA-A*02:12,esm2_mean,locus,0,1.0,13696,0.0,0.6496666
17881,HLA-A*02:50,esm2_mean,locus,0,1.0,13696,1.4586150226995167,1.7384913
17882,HLA-A*02:19,esm2_mean,locus,0,1.0,13696,0.7884573603642702,1.4629385
17883,HLA-A*31:01,esm2_mean,locus,0,1.0,13696,0.0,0.6450841
17884,HLA-A*11:01,esm2_mean,locus,0,1.0,13696,4.697749367281185,1.5534561
17885,HLA-A*33:03,esm2_mean,locus,0,1.0,13696,0.6931471805599453,1.2764554
17887,HLA-A*02:12,esm2_mean,locus,0,1.0,13696,2.186051276738094,1.002599
17888,HLA-A*24:07,esm2_mean,locus,0,1.0,13696,1.9740810260220096,0.95276475
17890,HLA-A*02:11,esm2_mean,locus,0,1.0,13696,2.0918640616783932,1.3336838
17891,HLA-A*74:01,esm2_mean,locus,0,1.0,13696,0.26236426446749106,0.4824825
17892,HLA-A*30:02,esm2_mean,locus,0,1.0,13696,0.8754687373538999,0.7349241
17895,HLA-A*24:02,esm2_mean,locus,0,1.0,13696,1.4350845252893227,1.0625823
17896,HLA-A*02:50,esm2_mean,locus,0,1.0,13696,2.186051276738094,2.0220108
17897,HLA-A*02:16,esm2_mean,locus,0,1.0,13696,3.0155349008501706,1.319918
17898,HLA-A*03:01,esm2_mean,locus,0,1.0,13696,0.0,1.8395076
17900,HLA-A*02:12,esm2_mean,locus,0,1.0,13696,3.0252910757955354,1.0679178
17901,HLA-A*33:03,esm2_mean,locus,0,1.0,13696,0.0,1.2234578
17902,HLA-A*30:02,esm2_mean,locus,0,1.0,13696,0.8754687373538999,0.76781565
17903,HLA-A*25:01,esm2_mean,locus,0,1.0,13696,0.26236426446749106,0.7571108
17906,HLA-A*02:10,esm2_mean,locus,0,1.0,13696,0.4700036292457355,1.0545611
17907,HLA-A*02:16,esm2_mean,locus,0,1.0,13696,0.7884573603642702,1.2674996
17909,HLA-A*24:07,esm2_mean,locus,0,1.0,13696,2.1162555148025524,0.42579055
17910,HLA-A*68:23,esm2_mean,locus,0,1.0,13696,0.26236426446749106,0.76527554
17912,HLA-A*02:12,esm2_mean,locus,0,1.0,13696,2.7788192719904172,1.0120828
17913,HLA-A*33:03,esm2_mean,locus,0,1.0,13696,1.3862943611198906,0.99081534
17915,HLA-A*30:02,esm2_mean,locus,0,1.0,13696,0.9932517730102833,0.7446755
17916,HLA-A*30:02,esm2_mean,locus,0,1.0,13696,3.1945831322991562,1.093581
17917,HLA-A*24:03,esm2_mean,locus,0,1.0,13696,2.917770732084279,0.5633692
17919,HLA-A*66:01,esm2_mean,locus,0,1.0,13696,0.09531017980432487,0.9701824
17920,HLA-A*02:19,esm2_mean,locus,0,1.0,13696,2.70805020110221,1.4525628
17922,HLA-A*43:01,esm2_mean,locus,0,1.0,13696,0.18232155679395465,1.1038201
17923,HLA-A*32:07,esm2_mean,locus,0,1.0,13696,1.3862943611198906,0.82864815
17924,HLA-A*02:12,esm2_mean,locus,0,1.0,13696,2.1162555148025524,1.2396183
17926,HLA-A*24:07,esm2_mean,locus,0,1.0,13696,0.09531017980432487,0.36112767
17927,HLA-A*24:07,esm2_mean,locus,0,1.0,13696,2.5416019934645457,0.36727387
17930,HLA-A*30:02,esm2_mean,locus,0,1.0,13696,0.6418538861723948,0.6676725
17931,HLA-A*68:23,esm2_mean,locus,0,1.0,13696,0.4054651081081644,0.47495818
17935,HLA-A*26:02,esm2_mean,locus,0,1.0,13696,3.086486636822455,-0.29700977
17936,HLA-A*32:01,esm2_mean,locus,0,1.0,13696,0.4054651081081644,0.6978611
17937,HLA-A*74:01,esm2_mean,locus,0,1.0,13696,0.6418538861723948,0.46152693
17946,HLA-A*24:19,esm2_mean,locus,0,1.0,13696,1.0647107369924282,0.23330408
17949,HLA-A*24:02,esm2_mean,locus,0,1.0,13696,0.8754687373538999,0.7850908
17950,HLA-A*02:12,esm2_mean,locus,0,1.0,13696,0.9932517730102833,1.1969606
17951,HLA-A*02:16,esm2_mean,locus,0,1.0,13696,3.1179499062782403,1.4428452
17952,HLA-A*74:01,esm2_mean,locus,0,1.0,13696,4.919250732294404,0.6402871
17955,HLA-A*24:03,esm2_mean,locus,0,1.0,13696,2.3608540011180215,0.62065154
17959,HLA-A*68:01,esm2_mean,locus,0,1.0,13696,0.0,2.0508647
17961,HLA-A*24:19,esm2_mean,locus,0,1.0,13696,1.2237754316221157,0.27839237
17962,HLA-A*25:01,esm2_mean,locus,0,1.0,13696,0.26236426446749106,0.60991544
17964,HLA-A*02:50,esm2_mean,locus,0,1.0,13696,3.186352633162641,1.829335
17967,HLA-A*26:03,esm2_mean,locus,0,1.0,13696,0.0,0.69278353
17969,HLA-A*02:19,esm2_mean,locus,0,1.0,13696,1.0296194171811583,1.6190491
17972,HLA-A*02:12,esm2_mean,locus,0,1.0,13696,2.667228206581955,1.0699385
17973,HLA-A*02:50,esm2_mean,locus,0,1.0,13696,2.8094026953624973,1.5579972
17974,HLA-A*02:50,esm2_mean,locus,0,1.0,13696,0.9932517730102833,1.7975149
17975,HLA-A*30:02,esm2_mean,locus,0,1.0,13696,0.26236426446749106,0.9601494
17980,HLA-A*24:02,esm2_mean,locus,0,1.0,13696,2.740840023925201,1.0697783
17981,HLA-A*24:02,esm2_mean,locus,0,1.0,13696,2.5257286443082556,0.8643711
17982,HLA-A*02:11,esm2_mean,locus,0,1.0,13696,1.824549292051046,1.3308367
17984,HLA-A*24:19,esm2_mean,locus,0,1.0,13696,0.09531017980432487,-0.2133326
17987,HLA-A*02:16,esm2_mean,locus,0,1.0,13696,1.9740810260220096,1.3787985
17988,HLA-A*11:01,esm2_mean,locus,0,1.0,13696,0.18232155679395465,1.2035477
17989,HLA-A*11:01,esm2_mean,locus,0,1.0,13696,2.0014800002101243,1.0339179
17990,HLA-A*02:11,esm2_mean,locus,0,1.0,13696,2.797281334830153,1.4114156
17991,HLA-A*02:50,esm2_mean,locus,0,1.0,13696,1.8082887711792655,1.8142426
17992,HLA-A*02:19,esm2_mean,locus,0,1.0,13696,3.0106208860477417,1.9680916
17995,HLA-A*26:02,esm2_mean,locus,0,1.0,13696,0.33647223662121295,-0.028421462
17998,HLA-A*02:03,esm2_mean,locus,0,1.0,13696,0.26236426446749106,1.3810492
18000,HLA-A*23:01,esm2_mean,locus,0,1.0,13696,3.6609942506244004,1.0861835
18003,HLA-A*68:23,esm2_mean,locus,0,1.0,13696,0.09531017980432487,0.3813148
18009,HLA-A*68:01,esm2_mean,locus,0,1.0,13696,4.04305126783455,2.1725605
18010,HLA-A*30:02,esm2_mean,locus,0,1.0,13696,1.0296194171811583,1.0836481
18013,HLA-A*02:01,esm2_mean,locus,0,1.0,13696,2.0541237336955462,1.2956269
18014,HLA-A*11:01,esm2_mean,locus,0,1.0,13696,0.5877866649021191,1.2642163
18016,HLA-A*29:02,esm2_mean,locus,0,1.0,13696,2.186051276738094,1.7522526
18017,HLA-A*23:01,esm2_mean,locus,0,1.0,13696,3.077312260546414,0.89483124
18018,HLA-A*24:07,esm2_mean,locus,0,1.0,13696,3.0633909220278057,0.856723
18023,HLA-A*30:02,esm2_mean,locus,0,1.0,13696,0.09531017980432487,0.6680463
18024,HLA-A*30:02,esm2_mean,locus,0,1.0,13696,1.1939224684724346,1.1375223
18025,HLA-A*26:02,esm2_mean,locus,0,1.0,13696,0.4700036292457355,-0.093625724
18028,HLA-A*30:01,esm2_mean,locus,0,1.0,13696,0.5877866649021191,1.3739737
18030,HLA-A*26:02,esm2_mean,locus,0,1.0,13696,0.4700036292457355,-0.16963154
18033,HLA-A*68:01,esm2_mean,locus,0,1.0,13696,2.0412203288596382,1.7686212
18036,HLA-A*24:19,esm2_mean,locus,0,1.0,13696,0.5306282510621704,0.33617598
18037,HLA-A*26:03,esm2_mean,locus,0,1.0,13696,0.0,0.48717573
18038,HLA-A*02:01,esm2_mean,locus,0,1.0,13696,2.837908188360424,1.7874382
18039,HLA-A*02:50,esm2_mean,locus,0,1.0,13696,2.7536607123542622,1.7739455
18042,HLA-A*02:50,esm2_mean,locus,0,1.0,13696,2.8507065015037334,1.733288
18043,HLA-A*43:01,esm2_mean,locus,0,1.0,13696,0.0,0.8966421
18053,HLA-A*68:01,esm2_mean,locus,0,1.0,13696,4.4355674016019115,1.813395
18057,HLA-A*43:01,esm2_mean,locus,0,1.0,13696,0.26236426446749106,1.01349
18059,HLA-A*66:01,esm2_mean,locus,0,1.0,13696,0.0,0.6990227
18062,HLA-A*02:03,esm2_mean,locus,0,1.0,13696,0.26236426446749106,1.0300624
18063,HLA-A*02:11,esm2_mean,locus,0,1.0,13696,1.8870696490323797,1.2110566
18066,HLA-A*66:01,esm2_mean,locus,0,1.0,13696,0.0,0.7859633
18068,HLA-A*32:07,esm2_mean,locus,0,1.0,13696,0.0,0.8221413
18069,HLA-A*24:03,esm2_mean,locus,0,1.0,13696,0.5877866649021191,0.5528284
18070,HLA-A*24:07,esm2_mean,locus,0,1.0,13696,0.7884573603642702,0.6770843
18072,HLA-A*11:01,esm2_mean,locus,0,1.0,13696,2.33214389523559,1.2310653
18076,HLA-A*30:02,esm2_mean,locus,0,1.0,13696,0.0,0.74546814
18077,HLA-A*24:03,esm2_mean,locus,0,1.0,13696,0.8754687373538999,0.31984353
18078,HLA-A*26:03,esm2_mean,locus,0,1.0,13696,3.5467396869528134,0.54094076
18079,HLA-A*02:01,esm2_mean,locus,0,1.0,13696,2.7013612129514133,1.7451603
18080,HLA-A*68:01,esm2_mean,locus,0,1.0,13696,0.6151856390902335,1.942357
18081,HLA-A*43:01,esm2_mean,locus,0,1.0,13696,0.0,0.98605657
18082,HLA-A*30:02,esm2_mean,locus,0,1.0,13696,1.4350845252893227,0.7029603
18083,HLA-A*24:02,esm2_mean,locus,0,1.0,13696,2.8094026953624973,0.95101273
18084,HLA-A*32:01,esm2_mean,locus,0,1.0,13696,0.5306282510621704,0.8354506
18085,HLA-A*02:03,esm2_mean,locus,0,1.0,13696,2.1041341542702074,1.2473187
18087,HLA-A*43:01,esm2_mean,locus,0,1.0,13696,0.18232155679395465,1.0716516
18090,HLA-A*30:01,esm2_mean,locus,0,1.0,13696,1.547562508716013,1.3198466
18097,HLA-A*68:23,esm2_mean,locus,0,1.0,13696,0.26236426446749106,0.57082546
18100,HLA-A*25:01,esm2_mean,locus,0,1.0,13696,0.0,0.52901727
18102,HLA-A*24:07,esm2_mean,locus,0,1.0,13696,2.2300144001592104,0.4906395
18105,HLA-A*30:02,esm2_mean,locus,0,1.0,13696,0.4700036292457355,0.9888855
18106,HLA-A*24:03,esm2_mean,locus,0,1.0,13696,0.832909122935104,0.8437351
18114,HLA-A*02:12,esm2_mean,locus,0,1.0,13696,2.9391619220655967,1.0596762
18115,HLA-A*02:19,esm2_mean,locus,0,1.0,13696,2.3702437414678603,1.541045
18119,HLA-A*80:01,esm2_mean,locus,0,1.0,13696,0.26236426446749106,-0.12737602
18120,HLA-A*25:01,esm2_mean,locus,0,1.0,13696,0.0,0.72875696
18123,HLA-A*24:02,esm2_mean,locus,0,1.0,13696,2.954910279033736,0.7368311
18125,HLA-A*02:19,esm2_mean,locus,0,1.0,13696,3.5553480614894135,1.4673034
18126,HLA-A*74:01,esm2_mean,locus,0,1.0,13696,1.4816045409242156,0.8992969
18129,HLA-A*24:19,esm2_mean,locus,0,1.0,13696,0.18232155679395465,0.078106284
18135,HLA-A*43:01,esm2_mean,locus,0,1.0,13696,0.5306282510621704,0.75343907
18136,HLA-A*43:01,esm2_mean,locus,0,1.0,13696,1.33500106673234,1.1597981
18138,HLA-A*24:02,esm2_mean,locus,0,1.0,13696,0.8754687373538999,0.96156967
18140,HLA-A*02:03,esm2_mean,locus,0,1.0,13696,0.4700036292457355,1.0878587
18141,HLA-A*02:50,esm2_mean,locus,0,1.0,13696,0.6931471805599453,1.9641821
18142,HLA-A*30:01,esm2_mean,locus,0,1.0,13696,0.26236426446749106,1.3322089
18144,HLA-A*30:02,esm2_mean,locus,0,1.0,13696,0.33647223662121295,0.78136086
18145,HLA-A*30:02,esm2_mean,locus,0,1.0,13696,0.7419373447293773,1.0945594
18146,HLA-A*23:01,esm2_mean,locus,0,1.0,13696,3.591817741270805,1.0971291
18149,HLA-A*02:03,esm2_mean,locus,0,1.0,13696,1.3609765531356006,1.2591809
18150,HLA-A*02:10,esm2_mean,locus,0,1.0,13696,0.5306282510621704,0.55847657
18151,HLA-A*02:12,esm2_mean,locus,0,1.0,13696,3.169685580677429,1.3371488
18152,HLA-A*30:01,esm2_mean,locus,0,1.0,13696,0.4700036292457355,1.3668382
18158,HLA-A*02:10,esm2_mean,locus,0,1.0,13696,0.4700036292457355,0.89052105
18159,HLA-A*02:10,esm2_mean,locus,0,1.0,13696,0.8754687373538999,0.5025616
18164,HLA-A*43:01,esm2_mean,locus,0,1.0,13696,0.4700036292457355,1.0228933
18166,HLA-A*29:02,esm2_mean,locus,0,1.0,13696,1.824549292051046,1.6017318
18167,HLA-A*24:03,esm2_mean,locus,0,1.0,13696,0.4054651081081644,0.7823657
18169,HLA-A*24:07,esm2_mean,locus,0,1.0,13696,0.4054651081081644,0.29120618
18171,HLA-A*02:03,esm2_mean,locus,0,1.0,13696,3.122364924487357,1.6949159
18173,HLA-A*01:01,esm2_mean,locus,0,1.0,13696,0.2151113796169455,0.42220336
18174,HLA-A*02:19,esm2_mean,locus,0,1.0,13696,1.2237754316221157,1.4115342
18175,HLA-A*74:01,esm2_mean,locus,0,1.0,13696,0.33647223662121295,0.5674157
18177,HLA-A*11:01,esm2_mean,locus,0,1.0,13696,0.18232155679395465,1.0659616
18180,HLA-A*02:19,esm2_mean,locus,0,1.0,13696,1.2809338454620642,1.2303303
18181,HLA-A*33:03,esm2_mean,locus,0,1.0,13696,0.0,0.7487544
18183,HLA-A*02:11,esm2_mean,locus,0,1.0,13696,2.5494451709255714,1.8388362
18185,HLA-A*24:02,esm2_mean,locus,0,1.0,13696,0.8754687373538999,1.0183873
18189,HLA-A*24:07,esm2_mean,locus,0,1.0,13696,2.028148247292285,0.68967855
18190,HLA-A*26:03,esm2_mean,locus,0,1.0,13696,0.18232155679395465,0.6804073
18192,HLA-A*33:03,esm2_mean,locus,0,1.0,13696,1.6863989535702288,0.7524057
18193,HLA-A*68:01,esm2_mean,locus,0,1.0,13696,0.4700036292457355,2.0656333
18197,HLA-A*32:07,esm2_mean,locus,0,1.0,13696,0.7884573603642702,0.86134475
18198,HLA-A*68:23,esm2_mean,locus,0,1.0,13696,1.33500106673234,0.78731704
18199,HLA-A*66:01,esm2_mean,locus,0,1.0,13696,0.4054651081081644,0.9924244
18200,HLA-A*02:50,esm2_mean,locus,0,1.0,13696,3.039749158970765,1.7593226
18201,HLA-A*33:03,esm2_mean,locus,0,1.0,13696,0.33647223662121295,0.9081398
18203,HLA-A*24:03,esm2_mean,locus,0,1.0,13696,1.791759469228055,0.7237189
18204,HLA-A*24:03,esm2_mean,locus,0,1.0,13696,2.4595888418037104,0.95587116
18206,HLA-A*68:23,esm2_mean,locus,0,1.0,13696,0.33647223662121295,0.50089794
18208,HLA-A*03:01,esm2_mean,locus,0,1.0,13696,0.4054651081081644,1.7106459
18212,HLA-A*31:01,esm2_mean,locus,0,1.0,13696,1.0647107369924282,1.1983087
18215,HLA-A*11:01,esm2_mean,locus,0,1.0,13696,2.740840023925201,1.2463429
18219,HLA-A*80:01,esm2_mean,locus,0,1.0,13696,0.0,-0.042793572
18220,HLA-A*26:02,esm2_mean,locus,0,1.0,13696,0.0,-0.20854646
18223,HLA-A*24:02,esm2_mean,locus,0,1.0,13696,0.5877866649021191,1.1088605
18225,HLA-A*80:01,esm2_mean,locus,0,1.0,13696,0.0,0.052831948
18227,HLA-A*03:01,esm2_mean,locus,0,1.0,13696,1.0473189942805592,2.0223103
18232,HLA-A*24:02,esm2_mean,locus,0,1.0,13696,0.0,0.48918673
18240,HLA-A*02:12,esm2_mean,locus,0,1.0,13696,2.631888840136646,1.1537716
18241,HLA-A*31:01,esm2_mean,locus,0,1.0,13696,1.5040773967762742,1.3586886
18242,HLA-A*31:01,esm2_mean,locus,0,1.0,13696,0.33647223662121295,1.188635
18252,HLA-A*68:23,esm2_mean,locus,0,1.0,13696,0.5306282510621704,0.46081412
18253,HLA-A*66:01,esm2_mean,locus,0,1.0,13696,0.0,0.9180885
18255,HLA-A*02:11,esm2_mean,locus,0,1.0,13696,1.667706820558076,1.2741915
18256,HLA-A*02:11,esm2_mean,locus,0,1.0,13696,0.0,1.2376449
18257,HLA-A*32:07,esm2_mean,locus,0,1.0,13696,2.2300144001592104,0.9320625
18263,HLA-A*30:02,esm2_mean,locus,0,1.0,13696,1.3862943611198906,0.83208114
18266,HLA-A*24:19,esm2_mean,locus,0,1.0,13696,0.26236426446749106,-0.31062013
18271,HLA-A*02:01,esm2_mean,locus,0,1.0,13696,3.091042453358316,1.7362623
18272,HLA-A*24:03,esm2_mean,locus,0,1.0,13696,2.9444389791664403,0.7392736
18276,HLA-A*02:12,esm2_mean,locus,0,1.0,13696,2.3513752571634776,1.222595
18280,HLA-A*30:02,esm2_mean,locus,0,1.0,13696,0.9162907318741551,1.0772429
18282,HLA-A*33:03,esm2_mean,locus,0,1.0,13696,3.095577608523707,1.1215038
18285,HLA-A*68:23,esm2_mean,locus,0,1.0,13696,0.7419373447293773,0.15706366
18286,HLA-A*66:01,esm2_mean,locus,0,1.0,13696,0.26236426446749106,0.84725106
18295,HLA-A*31:01,esm2_mean,locus,0,1.0,13696,1.791759469228055,1.0268312
18300,HLA-A*02:03,esm2_mean,locus,0,1.0,13696,0.0,1.0937253
18301,HLA-A*24:19,esm2_mean,locus,0,1.0,13696,0.18232155679395465,-0.029877007
18311,HLA-A*68:01,esm2_mean,locus,0,1.0,13696,0.6931471805599453,1.8545984
18315,HLA-A*02:10,esm2_mean,locus,0,1.0,13696,2.70805020110221,0.96100706
18316,HLA-A*68:01,esm2_mean,locus,0,1.0,13696,0.6418538861723948,1.7381675
18319,HLA-A*24:07,esm2_mean,locus,0,1.0,13696,0.4054651081081644,0.34290403
18322,HLA-A*26:02,esm2_mean,locus,0,1.0,13696,0.5877866649021191,-0.1416077
18328,HLA-A*24:07,esm2_mean,locus,0,1.0,13696,3.5085558999826545,0.9261272
18330,HLA-A*02:11,esm2_mean,locus,0,1.0,13696,3.624340932976365,1.5682013
18332,HLA-A*32:07,esm2_mean,locus,0,1.0,13696,3.7400477406883357,0.88315773
18333,HLA-A*66:01,esm2_mean,locus,0,1.0,13696,0.4700036292457355,1.063356
18337,HLA-A*02:10,esm2_mean,locus,0,1.0,13696,0.5306282510621704,0.76558524
18338,HLA-A*33:03,esm2_mean,locus,0,1.0,13696,2.5649493574615367,0.9684967
18339,HLA-A*11:01,esm2_mean,locus,0,1.0,13696,4.633757642840004,1.3440433
18341,HLA-A*02:10,esm2_mean,locus,0,1.0,13696,0.9555114450274363,0.7614652
18342,HLA-A*02:10,esm2_mean,locus,0,1.0,13696,0.4700036292457355,0.45646703
18345,HLA-A*24:07,esm2_mean,locus,0,1.0,13696,2.151762203259462,0.04198408
18346,HLA-A*02:01,esm2_mean,locus,0,1.0,13696,2.5416019934645457,1.8076291
18349,HLA-A*02:16,esm2_mean,locus,0,1.0,13696,2.6026896854443837,1.2678185
18357,HLA-A*24:02,esm2_mean,locus,0,1.0,13696,0.7884573603642702,1.2324731
18358,HLA-A*31:01,esm2_mean,locus,0,1.0,13696,0.0,0.9772915
18359,HLA-A*74:01,esm2_mean,locus,0,1.0,13696,0.0,0.59344673
18365,HLA-A*02:19,esm2_mean,locus,0,1.0,13696,0.26236426446749106,1.522296
18366,HLA-A*31:01,esm2_mean,locus,0,1.0,13696,0.33647223662121295,0.8943497
18370,HLA-A*68:23,esm2_mean,locus,0,1.0,13696,0.6418538861723948,0.6106493
18372,HLA-A*02:16,esm2_mean,locus,0,1.0,13696,0.9162907318741551,1.7435741
18375,HLA-A*30:02,esm2_mean,locus,0,1.0,13696,1.6094379124341003,1.1190231
18376,HLA-A*02:03,esm2_mean,locus,0,1.0,13696,2.312535423847214,1.4396328
18379,HLA-A*02:12,esm2_mean,locus,0,1.0,13696,3.1780538303479458,1.1888075
18380,HLA-A*30:02,esm2_mean,locus,0,1.0,13696,0.33647223662121295,0.7144627
18381,HLA-A*30:02,esm2_mean,locus,0,1.0,13696,0.5306282510621704,1.107288
18387,HLA-A*32:01,esm2_mean,locus,0,1.0,13696,0.4700036292457355,0.92727774
18389,HLA-A*80:01,esm2_mean,locus,0,1.0,13696,0.0,-0.21312016
18394,HLA-A*24:19,esm2_mean,locus,0,1.0,13696,0.26236426446749106,-0.069906056
18395,HLA-A*68:23,esm2_mean,locus,0,1.0,13696,0.0,0.59737515
18396,HLA-A*02:16,esm2_mean,locus,0,1.0,13696,2.6946271807700692,1.3133738
18398,HLA-A*23:01,esm2_mean,locus,0,1.0,13696,3.3178157727231046,1.0526321
18400,HLA-A*26:02,esm2_mean,locus,0,1.0,13696,0.0,0.3503884
18401,HLA-A*68:23,esm2_mean,locus,0,1.0,13696,0.33647223662121295,0.56129444
18404,HLA-A*02:50,esm2_mean,locus,0,1.0,13696,2.8507065015037334,1.9122837
18409,HLA-A*11:01,esm2_mean,locus,0,1.0,13696,3.5553480614894135,1.104958
18412,HLA-A*68:23,esm2_mean,locus,0,1.0,13696,0.5877866649021191,0.5826502
18416,HLA-A*02:03,esm2_mean,locus,0,1.0,13696,3.758871825933971,1.4700713
18417,HLA-A*02:12,esm2_mean,locus,0,1.0,13696,3.686376323895818,1.2428601
18420,HLA-A*80:01,esm2_mean,locus,0,1.0,13696,0.0,0.13963181
18421,HLA-A*26:02,esm2_mean,locus,0,1.0,13696,0.18232155679395465,-0.19535488
18422,HLA-A*11:01,esm2_mean,locus,0,1.0,13696,2.681021528714291,1.1245095
18424,HLA-A*26:02,esm2_mean,locus,0,1.0,13696,3.2108436531709366,-0.3905396
18425,HLA-A*66:01,esm2_mean,locus,0,1.0,13696,0.18232155679395465,0.5929239
18426,HLA-A*66:01,esm2_mean,locus,0,1.0,13696,0.5306282510621704,0.97218233
18430,HLA-A*02:16,esm2_mean,locus,0,1.0,13696,0.6931471805599453,1.5505847
18436,HLA-A*24:02,esm2_mean,locus,0,1.0,13696,0.33647223662121295,0.8154601
18443,HLA-A*24:19,esm2_mean,locus,0,1.0,13696,0.26236426446749106,-0.30701858
18444,HLA-A*68:23,esm2_mean,locus,0,1.0,13696,0.18232155679395465,0.360447
18446,HLA-A*24:02,esm2_mean,locus,0,1.0,13696,0.4700036292457355,1.0073957
18449,HLA-A*11:01,esm2_mean,locus,0,1.0,13696,1.9740810260220096,1.5729805
18450,HLA-A*74:01,esm2_mean,locus,0,1.0,13696,0.0,0.5049771
18453,HLA-A*25:01,esm2_mean,locus,0,1.0,13696,0.0,0.7545422
18459,HLA-A*26:03,esm2_mean,locus,0,1.0,13696,0.0,0.5673833
18461,HLA-A*02:03,esm2_mean,locus,0,1.0,13696,0.4054651081081644,0.85870236
18462,HLA-A*30:01,esm2_mean,locus,0,1.0,13696,0.0,1.5226502
18463,HLA-A*74:01,esm2_mean,locus,0,1.0,13696,0.0,0.6438067
18466,HLA-A*24:07,esm2_mean,locus,0,1.0,13696,0.18232155679395465,0.5093827
18475,HLA-A*69:01,esm2_mean,locus,0,1.0,13696,0.4700036292457355,1.3250457
18477,HLA-A*43:01,esm2_mean,locus,0,1.0,13696,0.18232155679395465,1.061267
18478,HLA-A*24:07,esm2_mean,locus,0,1.0,13696,0.5877866649021191,0.2576539
18479,HLA-A*26:02,esm2_mean,locus,0,1.0,13696,0.33647223662121295,-0.10327703
18484,HLA-A*29:02,esm2_mean,locus,0,1.0,13696,0.9162907318741551,1.5382378
18486,HLA-A*68:23,esm2_mean,locus,0,1.0,13696,0.0,0.60273594
18487,HLA-A*66:01,esm2_mean,locus,0,1.0,13696,1.1631508098056809,0.6035972
18489,HLA-A*02:03,esm2_mean,locus,0,1.0,13696,0.6931471805599453,1.092546
18490,HLA-A*66:01,esm2_mean,locus,0,1.0,13696,0.0,0.8372531
18491,HLA-A*03:01,esm2_mean,locus,0,1.0,13696,0.26236426446749106,2.0217993
18492,HLA-A*02:16,esm2_mean,locus,0,1.0,13696,2.2407096892759584,1.3522117
18493,HLA-A*02:16,esm2_mean,locus,0,1.0,13696,3.0633909220278057,1.3867111
18494,HLA-A*74:01,esm2_mean,locus,0,1.0,13696,0.33647223662121295,0.53500617
18497,HLA-A*24:19,esm2_mean,locus,0,1.0,13696,0.09531017980432487,-0.23679918
18498,HLA-A*11:01,esm2_mean,locus,0,1.0,13696,1.8718021769015913,0.899066
18501,HLA-A*24:07,esm2_mean,locus,0,1.0,13696,2.714694743820879,0.72048587
18502,HLA-A*68:23,esm2_mean,locus,0,1.0,13696,0.6931471805599453,0.6178009
18503,HLA-A*68:01,esm2_mean,locus,0,1.0,13696,3.5467396869528134,1.8770232
18504,HLA-A*02:10,esm2_mean,locus,0,1.0,13696,0.5306282510621704,0.7104009
18505,HLA-A*30:01,esm2_mean,locus,0,1.0,13696,0.5306282510621704,1.5678687
18506,HLA-A*33:03,esm2_mean,locus,0,1.0,13696,0.0,0.98243845
18510,HLA-A*26:02,esm2_mean,locus,0,1.0,13696,0.4700036292457355,0.027408838
18511,HLA-A*26:02,esm2_mean,locus,0,1.0,13696,2.9338568698359038,-0.25260824
18512,HLA-A*68:01,esm2_mean,locus,0,1.0,13696,0.0,1.7524781
18515,HLA-A*26:02,esm2_mean,locus,0,1.0,13696,0.7884573603642702,-0.15062243
18516,HLA-A*66:01,esm2_mean,locus,0,1.0,13696,0.13976194237515868,0.93107843
18519,HLA-A*02:03,esm2_mean,locus,0,1.0,13696,1.5040773967762742,1.359343
18521,HLA-A*68:01,esm2_mean,locus,0,1.0,13696,2.6741486494265287,1.3778441
18522,HLA-A*68:01,esm2_mean,locus,0,1.0,13696,3.1780538303479458,1.4710596
18525,HLA-A*24:19,esm2_mean,locus,0,1.0,13696,0.0,-0.34424478
18527,HLA-A*68:02,esm2_mean,locus,0,1.0,13696,2.8213788864092133,1.3181329
18528,HLA-A*68:01,esm2_mean,locus,0,1.0,13696,1.2237754316221157,1.4384779
18529,HLA-A*68:01,esm2_mean,locus,0,1.0,13696,0.4700036292457355,1.7654145
18530,HLA-A*74:01,esm2_mean,locus,0,1.0,13696,0.5306282510621704,0.93268836
18531,HLA-A*74:01,esm2_mean,locus,0,1.0,13696,3.126760535960395,0.34416336
18533,HLA-A*66:01,esm2_mean,locus,0,1.0,13696,0.0,0.74983245
18535,HLA-A*02:10,esm2_mean,locus,0,1.0,13696,0.832909122935104,0.9033179
18536,HLA-A*02:50,esm2_mean,locus,0,1.0,13696,2.0541237336955462,1.993793
18538,HLA-A*30:02,esm2_mean,locus,0,1.0,13696,0.6418538861723948,1.1165278
18540,HLA-A*02:01,esm2_mean,locus,0,1.0,13696,0.18232155679395465,1.78321
18541,HLA-A*02:01,esm2_mean,locus,0,1.0,13696,1.0296194171811583,1.7557471
18546,HLA-A*32:07,esm2_mean,locus,0,1.0,13696,0.0,0.8732273
18549,HLA-A*30:02,esm2_mean,locus,0,1.0,13696,2.0794415416798357,0.9317169
18550,HLA-A*24:07,esm2_mean,locus,0,1.0,13696,2.3978952727983707,0.5002279
18551,HLA-A*26:02,esm2_mean,locus,0,1.0,13696,0.4054651081081644,0.101429045
18552,HLA-A*24:02,esm2_mean,locus,0,1.0,13696,0.4054651081081644,0.82101816
18553,HLA-A*02:11,esm2_mean,locus,0,1.0,13696,3.202746442938317,1.3212368
18558,HLA-A*33:03,esm2_mean,locus,0,1.0,13696,1.916922612182061,1.0889599
18559,HLA-A*24:03,esm2_mean,locus,0,1.0,13696,3.139832617527748,0.9829655
18561,HLA-A*66:01,esm2_mean,locus,0,1.0,13696,0.0,1.098097
18562,HLA-A*26:03,esm2_mean,locus,0,1.0,13696,0.26236426446749106,0.9990777
18563,HLA-A*68:01,esm2_mean,locus,0,1.0,13696,2.379546134130174,1.5890961
18570,HLA-A*43:01,esm2_mean,locus,0,1.0,13696,3.3568971227655755,0.82435334
18571,HLA-A*23:01,esm2_mean,locus,0,1.0,13696,2.272125885509337,0.70658743
18572,HLA-A*24:03,esm2_mean,locus,0,1.0,13696,2.1972245773362196,0.8267879
18575,HLA-A*29:02,esm2_mean,locus,0,1.0,13696,0.4054651081081644,1.7829819
18577,HLA-A*66:01,esm2_mean,locus,0,1.0,13696,0.18232155679395465,0.82218623
18579,HLA-A*02:01,esm2_mean,locus,0,1.0,13696,1.589235205116581,1.6518943
18580,HLA-A*02:19,esm2_mean,locus,0,1.0,13696,3.5322256440685598,1.5432824
18583,HLA-A*68:23,esm2_mean,locus,0,1.0,13696,0.09531017980432487,0.6224855
18584,HLA-A*66:01,esm2_mean,locus,0,1.0,13696,0.33647223662121295,0.6558087
18585,HLA-A*26:03,esm2_mean,locus,0,1.0,13696,0.18232155679395465,0.33060652
18586,HLA-A*26:03,esm2_mean,locus,0,1.0,13696,0.33647223662121295,0.750767
18588,HLA-A*23:01,esm2_mean,locus,0,1.0,13696,3.258096538021482,0.94386923
18591,HLA-A*11:01,esm2_mean,locus,0,1.0,13696,1.7578579175523736,1.4571103
18594,HLA-A*26:02,esm2_mean,locus,0,1.0,13696,0.0,0.08399242
18596,HLA-A*11:01,esm2_mean,locus,0,1.0,13696,0.0,1.3605834
18598,HLA-A*30:02,esm2_mean,locus,0,1.0,13696,1.7227665977411035,0.7943486
18604,HLA-A*02:50,esm2_mean,locus,0,1.0,13696,3.1484533605716547,1.6810024
18605,HLA-A*02:19,esm2_mean,locus,0,1.0,13696,0.5306282510621704,1.3787638
18606,HLA-A*30:01,esm2_mean,locus,0,1.0,13696,4.209160236650682,1.6032875
18607,HLA-A*33:03,esm2_mean,locus,0,1.0,13696,1.308332819650179,0.97776085
18609,HLA-A*32:07,esm2_mean,locus,0,1.0,13696,0.26236426446749106,0.41967833
18610,HLA-A*31:01,esm2_mean,locus,0,1.0,13696,0.7884573603642702,1.0043718
18611,HLA-A*23:01,esm2_mean,locus,0,1.0,13696,0.8754687373538999,0.9649154
18613,HLA-A*24:02,esm2_mean,locus,0,1.0,13696,0.4700036292457355,0.91896814
18616,HLA-A*32:07,esm2_mean,locus,0,1.0,13696,0.0,0.54901886
18619,HLA-A*02:10,esm2_mean,locus,0,1.0,13696,1.916922612182061,0.7494932
18627,HLA-A*02:10,esm2_mean,locus,0,1.0,13696,0.18232155679395465,0.7577923
18628,HLA-A*30:01,esm2_mean,locus,0,1.0,13696,0.0,0.99783814
18636,HLA-A*02:01,esm2_mean,locus,0,1.0,13696,0.7419373447293773,1.7057635
18638,HLA-A*43:01,esm2_mean,locus,0,1.0,13696,0.5306282510621704,0.8042655
18639,HLA-A*23:01,esm2_mean,locus,0,1.0,13696,1.410986973710262,1.1822248
18644,HLA-A*43:01,esm2_mean,locus,0,1.0,13696,0.18232155679395465,0.74668396
18647,HLA-A*02:10,esm2_mean,locus,0,1.0,13696,0.5877866649021191,0.97121763
18648,HLA-A*43:01,esm2_mean,locus,0,1.0,13696,0.4054651081081644,0.66221887
18651,HLA-A*32:07,esm2_mean,locus,0,1.0,13696,0.0,1.0742826
18657,HLA-A*30:02,esm2_mean,locus,0,1.0,13696,0.0,0.7238666
18658,HLA-A*32:07,esm2_mean,locus,0,1.0,13696,0.5877866649021191,0.9567008
18660,HLA-A*24:07,esm2_mean,locus,0,1.0,13696,0.5306282510621704,0.7249662
18662,HLA-A*43:01,esm2_mean,locus,0,1.0,13696,0.26236426446749106,0.6909607
18663,HLA-A*66:01,esm2_mean,locus,0,1.0,13696,0.26236426446749106,0.95980865
18665,HLA-A*24:02,esm2_mean,locus,0,1.0,13696,0.4054651081081644,1.0864152
18669,HLA-A*30:02,esm2_mean,locus,0,1.0,13696,3.077312260546414,0.982667
18671,HLA-A*26:03,esm2_mean,locus,0,1.0,13696,0.4054651081081644,0.55807215
18674,HLA-A*24:07,esm2_mean,locus,0,1.0,13696,0.26236426446749106,0.56502885
18675,HLA-A*24:07,esm2_mean,locus,0,1.0,13696,2.272125885509337,0.36964506
18676,HLA-A*24:07,esm2_mean,locus,0,1.0,13696,2.884800712846709,0.5584619
18677,HLA-A*26:02,esm2_mean,locus,0,1.0,13696,0.4700036292457355,0.019647062
18679,HLA-A*31:01,esm2_mean,locus,0,1.0,13696,0.4700036292457355,1.2205443
18680,HLA-A*68:01,esm2_mean,locus,0,1.0,13696,2.028148247292285,1.6702547
18681,HLA-A*23:01,esm2_mean,locus,0,1.0,13696,1.2809338454620642,0.7905599
18682,HLA-A*68:23,esm2_mean,locus,0,1.0,13696,0.7884573603642702,0.61520743
18685,HLA-A*02:11,esm2_mean,locus,0,1.0,13696,2.9652730660692823,1.4552563
18688,HLA-A*43:01,esm2_mean,locus,0,1.0,13696,0.5306282510621704,0.7392838
18689,HLA-A*43:01,esm2_mean,locus,0,1.0,13696,2.5572273113676265,0.7779377
18690,HLA-A*43:01,esm2_mean,locus,0,1.0,13696,0.0,0.76159686
18691,HLA-A*29:02,esm2_mean,locus,0,1.0,13696,1.410986973710262,1.7748356
18692,HLA-A*02:19,esm2_mean,locus,0,1.0,13696,0.0,1.493602
18694,HLA-A*30:02,esm2_mean,locus,0,1.0,13696,1.9021075263969205,1.1191509
18695,HLA-A*68:01,esm2_mean,locus,0,1.0,13696,1.308332819650179,1.8941472
18697,HLA-A*29:02,esm2_mean,locus,0,1.0,13696,2.667228206581955,1.7374631
18699,HLA-A*31:01,esm2_mean,locus,0,1.0,13696,3.4011973816621555,1.2373099
18703,HLA-A*24:03,esm2_mean,locus,0,1.0,13696,1.3609765531356006,1.0337561
18706,HLA-A*02:10,esm2_mean,locus,0,1.0,13696,0.832909122935104,0.9099947
18712,HLA-A*32:07,esm2_mean,locus,0,1.0,13696,1.2237754316221157,0.9181857
18713,HLA-A*68:23,esm2_mean,locus,0,1.0,13696,0.0,0.44762605
18716,HLA-A*11:01,esm2_mean,locus,0,1.0,13696,1.791759469228055,1.2517829
18720,HLA-A*24:07,esm2_mean,locus,0,1.0,13696,3.0252910757955354,0.5011813
18722,HLA-A*68:01,esm2_mean,locus,0,1.0,13696,1.5260563034950494,1.6363745
18724,HLA-A*02:19,esm2_mean,locus,0,1.0,13696,0.26236426446749106,0.94996333
18725,HLA-A*68:01,esm2_mean,locus,0,1.0,13696,0.7884573603642702,1.5446873
18727,HLA-A*33:03,esm2_mean,locus,0,1.0,13696,0.0,1.0836089
18728,HLA-A*68:01,esm2_mean,locus,0,1.0,13696,0.4700036292457355,2.0190823
18734,HLA-A*68:23,esm2_mean,locus,0,1.0,13696,3.086486636822455,0.5290357
18739,HLA-A*74:01,esm2_mean,locus,0,1.0,13696,1.4350845252893227,0.65546334
18742,HLA-A*02:12,esm2_mean,locus,0,1.0,13696,0.0,0.9576745
18743,HLA-A*30:01,esm2_mean,locus,0,1.0,13696,0.09531017980432487,1.5253694
18748,HLA-A*33:03,esm2_mean,locus,0,1.0,13696,0.0,1.3314631
18752,HLA-A*68:23,esm2_mean,locus,0,1.0,13696,0.18232155679395465,0.4479738
18754,HLA-A*33:03,esm2_mean,locus,0,1.0,13696,0.33647223662121295,1.0827099
18756,HLA-A*30:02,esm2_mean,locus,0,1.0,13696,2.4765384001174837,1.0159607
18758,HLA-A*24:03,esm2_mean,locus,0,1.0,13696,1.5040773967762742,0.5268371
18764,HLA-A*30:02,esm2_mean,locus,0,1.0,13696,0.33647223662121295,0.81659627
18765,HLA-A*30:02,esm2_mean,locus,0,1.0,13696,0.4054651081081644,0.8067571
18766,HLA-A*80:01,esm2_mean,locus,0,1.0,13696,1.0986122886681098,0.1783272
18773,HLA-A*26:03,esm2_mean,locus,0,1.0,13696,0.33647223662121295,0.28092545
18775,HLA-A*02:19,esm2_mean,locus,0,1.0,13696,3.8155121050473024,1.5568817
18776,HLA-A*32:07,esm2_mean,locus,0,1.0,13696,0.0,0.76286376
18778,HLA-A*02:19,esm2_mean,locus,0,1.0,13696,3.169685580677429,1.3777237
18779,HLA-A*32:07,esm2_mean,locus,0,1.0,13696,0.0,0.69975567
18784,HLA-A*32:07,esm2_mean,locus,0,1.0,13696,2.1162555148025524,0.8767941
18786,HLA-A*24:19,esm2_mean,locus,0,1.0,13696,0.0,-0.17703968
18787,HLA-A*26:02,esm2_mean,locus,0,1.0,13696,3.9889840465642745,0.25346738
18790,HLA-A*68:01,esm2_mean,locus,0,1.0,13696,4.130354999745133,1.5585325
18791,HLA-A*11:01,esm2_mean,locus,0,1.0,13696,2.066862759472976,0.82127583
18792,HLA-A*80:01,esm2_mean,locus,0,1.0,13696,0.0,0.096461356
18800,HLA-A*33:03,esm2_mean,locus,0,1.0,13696,2.151762203259462,1.1663404
18807,HLA-A*25:01,esm2_mean,locus,0,1.0,13696,0.33647223662121295,0.18041074
18808,HLA-A*25:01,esm2_mean,locus,0,1.0,13696,0.26236426446749106,0.3679601
18809,HLA-A*03:01,esm2_mean,locus,0,1.0,13696,0.0,1.5266004
18812,HLA-A*26:03,esm2_mean,locus,0,1.0,13696,0.0,0.5767436
18813,HLA-A*23:01,esm2_mean,locus,0,1.0,13696,3.696351468952637,0.7041954
18814,HLA-A*24:02,esm2_mean,locus,0,1.0,13696,0.4054651081081644,0.88065153
18816,HLA-A*31:01,esm2_mean,locus,0,1.0,13696,0.8754687373538999,1.3353375
18819,HLA-A*43:01,esm2_mean,locus,0,1.0,13696,0.18232155679395465,0.78748465
18820,HLA-A*24:03,esm2_mean,locus,0,1.0,13696,0.9555114450274363,0.643984
18821,HLA-A*26:03,esm2_mean,locus,0,1.0,13696,0.0,0.5408502
18822,HLA-A*26:03,esm2_mean,locus,0,1.0,13696,0.4054651081081644,0.599879
18823,HLA-A*32:01,esm2_mean,locus,0,1.0,13696,0.33647223662121295,0.76849544
18824,HLA-A*74:01,esm2_mean,locus,0,1.0,13696,2.1972245773362196,0.65514725
18828,HLA-A*30:02,esm2_mean,locus,0,1.0,13696,0.18232155679395465,0.85180616
18832,HLA-A*02:50,esm2_mean,locus,0,1.0,13696,0.4700036292457355,1.5764337
18835,HLA-A*25:01,esm2_mean,locus,0,1.0,13696,1.589235205116581,0.62343615
18836,HLA-A*24:02,esm2_mean,locus,0,1.0,13696,0.9932517730102833,0.7438755
18837,HLA-A*32:01,esm2_mean,locus,0,1.0,13696,1.547562508716013,0.88969123
18838,HLA-A*02:11,esm2_mean,locus,0,1.0,13696,2.995732273553991,1.2390305
18841,HLA-A*32:07,esm2_mean,locus,0,1.0,13696,2.5572273113676265,0.48880988
18844,HLA-A*25:01,esm2_mean,locus,0,1.0,13696,1.4350845252893227,0.58170164
18845,HLA-A*02:50,esm2_mean,locus,0,1.0,13696,2.533696813957432,1.7686121
18846,HLA-A*33:03,esm2_mean,locus,0,1.0,13696,0.18232155679395465,1.0072738
18848,HLA-A*24:07,esm2_mean,locus,0,1.0,13696,0.7419373447293773,0.8820406
18849,HLA-A*02:19,esm2_mean,locus,0,1.0,13696,3.1570004211501135,1.6974556
18853,HLA-A*80:01,esm2_mean,locus,0,1.0,13696,0.09531017980432487,0.055635154
18857,HLA-A*02:12,esm2_mean,locus,0,1.0,13696,2.128231705849268,1.3406596
18858,HLA-A*74:01,esm2_mean,locus,0,1.0,13696,0.0,0.6776984
18860,HLA-A*80:01,esm2_mean,locus,0,1.0,13696,0.0,-0.14043564
18862,HLA-A*33:03,esm2_mean,locus,0,1.0,13696,0.0,1.2356774
18863,HLA-A*68:01,esm2_mean,locus,0,1.0,13696,0.4700036292457355,1.5245874
18864,HLA-A*11:01,esm2_mean,locus,0,1.0,13696,0.18232155679395465,0.9874571
18865,HLA-A*74:01,esm2_mean,locus,0,1.0,13696,0.5877866649021191,0.77887386
18870,HLA-A*03:01,esm2_mean,locus,0,1.0,13696,0.0,1.545608
18871,HLA-A*24:02,esm2_mean,locus,0,1.0,13696,0.33647223662121295,0.8941096
18872,HLA-A*31:01,esm2_mean,locus,0,1.0,13696,4.672828834461906,1.0317005
18875,HLA-A*66:01,esm2_mean,locus,0,1.0,13696,0.18232155679395465,0.6983427
18877,HLA-A*24:02,esm2_mean,locus,0,1.0,13696,1.7749523509116738,1.5214467
18882,HLA-A*02:01,esm2_mean,locus,0,1.0,13696,2.0541237336955462,1.9042697
18884,HLA-A*02:11,esm2_mean,locus,0,1.0,13696,1.791759469228055,1.3773438
18886,HLA-A*43:01,esm2_mean,locus,0,1.0,13696,0.26236426446749106,0.8085247
18894,HLA-A*24:19,esm2_mean,locus,0,1.0,13696,0.7884573603642702,0.16421974
18896,HLA-A*02:10,esm2_mean,locus,0,1.0,13696,1.4816045409242156,1.3170033
18897,HLA-A*02:10,esm2_mean,locus,0,1.0,13696,0.5877866649021191,0.68889374
18901,HLA-A*24:19,esm2_mean,locus,0,1.0,13696,0.6931471805599453,-0.037921965
18902,HLA-A*24:07,esm2_mean,locus,0,1.0,13696,0.18232155679395465,0.58290505
18904,HLA-A*24:02,esm2_mean,locus,0,1.0,13696,1.6094379124341003,1.080797
18905,HLA-A*02:10,esm2_mean,locus,0,1.0,13696,3.0106208860477417,0.81706613
18908,HLA-A*80:01,esm2_mean,locus,0,1.0,13696,0.26236426446749106,0.10564464
18909,HLA-A*31:01,esm2_mean,locus,0,1.0,13696,0.7419373447293773,0.9838141
18913,HLA-A*24:02,esm2_mean,locus,0,1.0,13696,0.6418538861723948,1.098228
18923,HLA-A*43:01,esm2_mean,locus,0,1.0,13696,0.0,1.0325058
18927,HLA-A*24:07,esm2_mean,locus,0,1.0,13696,2.1162555148025524,0.8503134
18930,HLA-A*33:03,esm2_mean,locus,0,1.0,13696,2.1972245773362196,0.9694506
18933,HLA-A*25:01,esm2_mean,locus,0,1.0,13696,0.0,0.55643225
18936,HLA-A*02:12,esm2_mean,locus,0,1.0,13696,0.832909122935104,1.0583556
18937,HLA-A*02:50,esm2_mean,locus,0,1.0,13696,0.0,1.6332376
18938,HLA-A*02:16,esm2_mean,locus,0,1.0,13696,2.9444389791664403,1.4875338
18939,HLA-A*68:01,esm2_mean,locus,0,1.0,13696,4.275276264727001,1.6360768
18941,HLA-A*02:10,esm2_mean,locus,0,1.0,13696,0.26236426446749106,0.53279793
18942,HLA-A*33:03,esm2_mean,locus,0,1.0,13696,4.04305126783455,1.3695812
18945,HLA-A*02:01,esm2_mean,locus,0,1.0,13696,0.4700036292457355,1.5664682
18946,HLA-A*02:10,esm2_mean,locus,0,1.0,13696,1.308332819650179,0.7158019
18948,HLA-A*29:02,esm2_mean,locus,0,1.0,13696,3.3141860046725258,1.911319
18951,HLA-A*11:01,esm2_mean,locus,0,1.0,13696,0.7419373447293773,1.0061123
18952,HLA-A*02:11,esm2_mean,locus,0,1.0,13696,0.832909122935104,1.6852877
18953,HLA-A*03:01,esm2_mean,locus,0,1.0,13696,3.2308043957334744,1.80796
18954,HLA-A*03:01,esm2_mean,locus,0,1.0,13696,0.0,1.6839473
18955,HLA-A*02:16,esm2_mean,locus,0,1.0,13696,2.33214389523559,1.4346678
18956,HLA-A*68:01,esm2_mean,locus,0,1.0,13696,0.26236426446749106,1.4194176
18957,HLA-A*80:01,esm2_mean,locus,0,1.0,13696,1.0296194171811583,0.103019595
18958,HLA-A*25:01,esm2_mean,locus,0,1.0,13696,1.1631508098056809,0.4959936
18959,HLA-A*68:23,esm2_mean,locus,0,1.0,13696,0.0,0.39372474
18966,HLA-A*43:01,esm2_mean,locus,0,1.0,13696,0.4700036292457355,0.8088165
18967,HLA-A*30:02,esm2_mean,locus,0,1.0,13696,0.6418538861723948,0.75361717
18968,HLA-A*26:03,esm2_mean,locus,0,1.0,13696,0.0,0.73566246
18969,HLA-A*02:10,esm2_mean,locus,0,1.0,13696,0.6418538861723948,0.5800027
18970,HLA-A*02:19,esm2_mean,locus,0,1.0,13696,1.667706820558076,1.5082142
18976,HLA-A*02:12,esm2_mean,locus,0,1.0,13696,0.26236426446749106,1.109772
18977,HLA-A*68:01,esm2_mean,locus,0,1.0,13696,0.0,1.8195207
18978,HLA-A*68:01,esm2_mean,locus,0,1.0,13696,0.832909122935104,1.4694514
18980,HLA-A*80:01,esm2_mean,locus,0,1.0,13696,1.2809338454620642,0.09201902
18982,HLA-A*66:01,esm2_mean,locus,0,1.0,13696,0.0,0.8258937
18985,HLA-A*30:02,esm2_mean,locus,0,1.0,13696,0.18232155679395465,0.8859797
18988,HLA-A*02:16,esm2_mean,locus,0,1.0,13696,0.4700036292457355,1.4804455
18990,HLA-A*02:12,esm2_mean,locus,0,1.0,13696,2.917770732084279,1.014648
18991,HLA-A*02:16,esm2_mean,locus,0,1.0,13696,0.7884573603642702,1.0416068
18992,HLA-A*30:01,esm2_mean,locus,0,1.0,13696,1.916922612182061,1.3167918
18993,HLA-A*68:23,esm2_mean,locus,0,1.0,13696,1.0986122886681098,0.4141547
18994,HLA-A*30:01,esm2_mean,locus,0,1.0,13696,0.0,1.5872936
18996,HLA-A*24:02,esm2_mean,locus,0,1.0,13696,3.5496173867804286,1.1627309
18997,HLA-A*02:12,esm2_mean,locus,0,1.0,13696,1.1631508098056809,1.4448477
19001,HLA-A*24:19,esm2_mean,locus,0,1.0,13696,0.0,0.10417563
19002,HLA-A*24:07,esm2_mean,locus,0,1.0,13696,0.9162907318741551,0.92077583
19003,HLA-A*66:01,esm2_mean,locus,0,1.0,13696,0.0,0.74261457
19006,HLA-A*02:01,esm2_mean,locus,0,1.0,13696,0.18232155679395465,1.6181805
19009,HLA-A*24:19,esm2_mean,locus,0,1.0,13696,0.18232155679395465,-0.25413913
19011,HLA-A*24:19,esm2_mean,locus,0,1.0,13696,0.18232155679395465,0.05817032
19012,HLA-A*02:01,esm2_mean,locus,0,1.0,13696,2.6741486494265287,1.6655264
19015,HLA-A*25:01,esm2_mean,locus,0,1.0,13696,0.18232155679395465,0.44857746
19016,HLA-A*74:01,esm2_mean,locus,0,1.0,13696,0.0,0.7591649
19018,HLA-A*43:01,esm2_mean,locus,0,1.0,13696,0.33647223662121295,0.8291692
19022,HLA-A*30:01,esm2_mean,locus,0,1.0,13696,1.0296194171811583,1.8432589
19023,HLA-A*25:01,esm2_mean,locus,0,1.0,13696,0.0,0.6109077
19024,HLA-A*02:05,esm2_mean,locus,0,1.0,13696,0.33647223662121295,1.9141057
19025,HLA-A*02:11,esm2_mean,locus,0,1.0,13696,3.370738174177447,0.9757811
19026,HLA-A*02:11,esm2_mean,locus,0,1.0,13696,3.4372078191851885,1.41133
19028,HLA-A*02:16,esm2_mean,locus,0,1.0,13696,2.3513752571634776,1.5696332
19029,HLA-A*68:01,esm2_mean,locus,0,1.0,13696,1.547562508716013,1.682364
19030,HLA-A*74:01,esm2_mean,locus,0,1.0,13696,0.4700036292457355,0.54181933
19031,HLA-A*74:01,esm2_mean,locus,0,1.0,13696,0.26236426446749106,0.60477084
19034,HLA-A*30:02,esm2_mean,locus,0,1.0,13696,0.5306282510621704,0.97712064
19035,HLA-A*32:07,esm2_mean,locus,0,1.0,13696,0.0,0.9326676
19038,HLA-A*02:01,esm2_mean,locus,0,1.0,13696,0.4700036292457355,1.8007407
19039,HLA-A*26:02,esm2_mean,locus,0,1.0,13696,0.5877866649021191,-0.29979676
19040,HLA-A*24:02,esm2_mean,locus,0,1.0,13696,0.6418538861723948,0.7770876
19041,HLA-A*29:02,esm2_mean,locus,0,1.0,13696,0.832909122935104,1.6966932
19042,HLA-A*24:03,esm2_mean,locus,0,1.0,13696,0.4700036292457355,0.7417792
19043,HLA-A*24:19,esm2_mean,locus,0,1.0,13696,0.33647223662121295,0.30989867
19044,HLA-A*25:01,esm2_mean,locus,0,1.0,13696,1.33500106673234,0.500685
19045,HLA-A*02:03,esm2_mean,locus,0,1.0,13696,2.797281334830153,1.2875674
19047,HLA-A*68:23,esm2_mean,locus,0,1.0,13696,2.3608540011180215,0.55817807
19048,HLA-A*66:01,esm2_mean,locus,0,1.0,13696,0.0,0.64637953
19049,HLA-A*66:01,esm2_mean,locus,0,1.0,13696,0.0,1.031316
19059,HLA-A*02:10,esm2_mean,locus,0,1.0,13696,0.0,0.7323341
19061,HLA-A*30:02,esm2_mean,locus,0,1.0,13696,0.5877866649021191,0.9796515
19062,HLA-A*02:50,esm2_mean,locus,0,1.0,13696,0.4700036292457355,1.7719327
19063,HLA-A*30:01,esm2_mean,locus,0,1.0,13696,1.7047480922384253,1.1871861
19064,HLA-A*68:01,esm2_mean,locus,0,1.0,13696,0.33647223662121295,1.3277314
19065,HLA-A*26:02,esm2_mean,locus,0,1.0,13696,2.1400661634962708,-0.32767123
19067,HLA-A*33:03,esm2_mean,locus,0,1.0,13696,0.0,0.88945913
19068,HLA-A*33:03,esm2_mean,locus,0,1.0,13696,1.4816045409242156,0.9960147
19071,HLA-A*02:16,esm2_mean,locus,0,1.0,13696,3.5409593240373143,1.3159423
19074,HLA-A*68:01,esm2_mean,locus,0,1.0,13696,1.589235205116581,1.4123557
19076,HLA-A*43:01,esm2_mean,locus,0,1.0,13696,0.6418538861723948,0.89343625
19078,HLA-A*02:19,esm2_mean,locus,0,1.0,13696,1.3609765531356006,1.2774639
19082,HLA-A*30:02,esm2_mean,locus,0,1.0,13696,3.5263605246161616,1.0385202
19085,HLA-A*74:01,esm2_mean,locus,0,1.0,13696,0.4700036292457355,0.49035093
19086,HLA-A*23:01,esm2_mean,locus,0,1.0,13696,0.26236426446749106,0.6376984
19087,HLA-A*24:19,esm2_mean,locus,0,1.0,13696,0.09531017980432487,-0.24207908
19088,HLA-A*26:02,esm2_mean,locus,0,1.0,13696,2.33214389523559,0.015623033
19089,HLA-A*24:02,esm2_mean,locus,0,1.0,13696,2.747270914255491,0.7780454
19091,HLA-A*66:01,esm2_mean,locus,0,1.0,13696,0.5877866649021191,0.8534573
19100,HLA-A*02:10,esm2_mean,locus,0,1.0,13696,1.0986122886681098,0.75365776
19107,HLA-A*25:01,esm2_mean,locus,0,1.0,13696,3.122364924487357,0.4723611
19109,HLA-A*02:10,esm2_mean,locus,0,1.0,13696,0.4700036292457355,0.894105
19111,HLA-A*23:01,esm2_mean,locus,0,1.0,13696,3.370738174177447,1.3129816
19114,HLA-A*74:01,esm2_mean,locus,0,1.0,13696,3.32862668882732,0.96596014
19116,HLA-A*26:02,esm2_mean,locus,0,1.0,13696,1.1314021114911006,-0.093042195
19118,HLA-A*02:01,esm2_mean,locus,0,1.0,13696,0.0,1.8104713
19119,HLA-A*02:11,esm2_mean,locus,0,1.0,13696,0.8754687373538999,1.6606846
19122,HLA-A*43:01,esm2_mean,locus,0,1.0,13696,0.6931471805599453,1.1258051
19125,HLA-A*26:03,esm2_mean,locus,0,1.0,13696,2.0541237336955462,0.60487145
19128,HLA-A*02:11,esm2_mean,locus,0,1.0,13696,2.186051276738094,1.4053817
19134,HLA-A*33:03,esm2_mean,locus,0,1.0,13696,0.7419373447293773,1.5431838
19136,HLA-A*30:02,esm2_mean,locus,0,1.0,13696,1.3609765531356006,0.78166
19137,HLA-A*24:19,esm2_mean,locus,0,1.0,13696,0.33647223662121295,0.09335333
19139,HLA-A*02:10,esm2_mean,locus,0,1.0,13696,0.9555114450274363,1.0556571
19140,HLA-A*02:19,esm2_mean,locus,0,1.0,13696,3.9945242269398897,1.6903381
19141,HLA-A*30:02,esm2_mean,locus,0,1.0,13696,2.3702437414678603,0.80956256
19142,HLA-A*26:02,esm2_mean,locus,0,1.0,13696,3.7796338173824005,-0.21634966
19143,HLA-A*68:23,esm2_mean,locus,0,1.0,13696,0.4054651081081644,0.6004618
19146,HLA-A*31:01,esm2_mean,locus,0,1.0,13696,2.6390573296152584,1.457229
19147,HLA-A*11:01,esm2_mean,locus,0,1.0,13696,0.6931471805599453,1.1971912
19148,HLA-A*68:23,esm2_mean,locus,0,1.0,13696,0.26236426446749106,0.34220058
19152,HLA-A*68:23,esm2_mean,locus,0,1.0,13696,0.5306282510621704,0.47658944
19154,HLA-A*30:01,esm2_mean,locus,0,1.0,13696,0.9162907318741551,1.0832477
19158,HLA-A*02:19,esm2_mean,locus,0,1.0,13696,3.0726933146901194,1.5724643
19161,HLA-A*02:19,esm2_mean,locus,0,1.0,13696,3.4210000089583352,1.5346359
19162,HLA-A*24:03,esm2_mean,locus,0,1.0,13696,0.5306282510621704,0.58998406
19163,HLA-A*68:23,esm2_mean,locus,0,1.0,13696,0.5306282510621704,0.41516954
19171,HLA-A*02:16,esm2_mean,locus,0,1.0,13696,3.5145260669691587,1.2484493
19172,HLA-A*03:01,esm2_mean,locus,0,1.0,13696,0.7419373447293773,1.8666232
19175,HLA-A*23:01,esm2_mean,locus,0,1.0,13696,0.5306282510621704,0.86758906
19179,HLA-A*24:07,esm2_mean,locus,0,1.0,13696,0.6418538861723948,0.62103057
19182,HLA-A*24:07,esm2_mean,locus,0,1.0,13696,0.5877866649021191,0.43963212
19185,HLA-A*02:16,esm2_mean,locus,0,1.0,13696,2.8390784635086144,1.4631238
19186,HLA-A*02:16,esm2_mean,locus,0,1.0,13696,3.4404180948154366,1.3590715
19191,HLA-A*26:02,esm2_mean,locus,0,1.0,13696,0.33647223662121295,-0.29777724
19193,HLA-A*02:12,esm2_mean,locus,0,1.0,13696,0.4700036292457355,0.8438941
19194,HLA-A*02:19,esm2_mean,locus,0,1.0,13696,1.33500106673234,1.6546335
19196,HLA-A*68:23,esm2_mean,locus,0,1.0,13696,0.0,0.56565785
19203,HLA-A*24:03,esm2_mean,locus,0,1.0,13696,3.7256934272366524,0.88353324
19205,HLA-A*24:19,esm2_mean,locus,0,1.0,13696,0.0,0.28374618
19206,HLA-A*24:02,esm2_mean,locus,0,1.0,13696,0.4700036292457355,1.3096247
19208,HLA-A*02:11,esm2_mean,locus,0,1.0,13696,2.388762789235098,1.7306206
19209,HLA-A*11:01,esm2_mean,locus,0,1.0,13696,1.4816045409242156,1.3352962
19211,HLA-A*31:01,esm2_mean,locus,0,1.0,13696,1.308332819650179,1.1896602
19212,HLA-A*11:01,esm2_mean,locus,0,1.0,13696,1.2809338454620642,1.2846012
19213,HLA-A*74:01,esm2_mean,locus,0,1.0,13696,3.126760535960395,0.8963553
19216,HLA-A*02:11,esm2_mean,locus,0,1.0,13696,2.3513752571634776,1.257133
19218,HLA-A*80:01,esm2_mean,locus,0,1.0,13696,0.09531017980432487,0.061267495
19219,HLA-A*26:03,esm2_mean,locus,0,1.0,13696,1.667706820558076,0.5434514
19221,HLA-A*74:01,esm2_mean,locus,0,1.0,13696,0.0,0.719512
19224,HLA-A*68:01,esm2_mean,locus,0,1.0,13696,1.589235205116581,1.7561035
19233,HLA-A*66:01,esm2_mean,locus,0,1.0,13696,0.26236426446749106,0.52612954
19234,HLA-A*02:50,esm2_mean,locus,0,1.0,13696,0.6931471805599453,1.9432211
19235,HLA-A*74:01,esm2_mean,locus,0,1.0,13696,2.8154087194227095,0.35462052
19238,HLA-A*43:01,esm2_mean,locus,0,1.0,13696,0.8754687373538999,1.1559129
19243,HLA-A*24:02,esm2_mean,locus,0,1.0,13696,0.6418538861723948,0.7743305
19247,HLA-A*30:02,esm2_mean,locus,0,1.0,13696,1.547562508716013,1.2286899
19250,HLA-A*29:02,esm2_mean,locus,0,1.0,13696,0.9932517730102833,1.9427594
19253,HLA-A*66:01,esm2_mean,locus,0,1.0,13696,0.0,0.6566354
19256,HLA-A*02:03,esm2_mean,locus,0,1.0,13696,1.3862943611198906,1.1940975
19257,HLA-A*33:03,esm2_mean,locus,0,1.0,13696,0.0,1.2134877
19259,HLA-A*29:02,esm2_mean,locus,0,1.0,13696,0.18232155679395465,1.9086974
19260,HLA-A*32:07,esm2_mean,locus,0,1.0,13696,0.0,0.90339434
19262,HLA-A*24:19,esm2_mean,locus,0,1.0,13696,0.4700036292457355,0.04089111
19263,HLA-A*24:07,esm2_mean,locus,0,1.0,13696,1.0986122886681098,0.6877551
19264,HLA-A*68:23,esm2_mean,locus,0,1.0,13696,0.26236426446749106,0.33994287
19265,HLA-A*02:01,esm2_mean,locus,0,1.0,13696,0.636576829071551,1.5602264
19266,HLA-A*02:03,esm2_mean,locus,0,1.0,13696,0.4700036292457355,1.5167649
19269,HLA-A*23:01,esm2_mean,locus,0,1.0,13696,0.6418538861723948,0.9417882
19276,HLA-A*02:12,esm2_mean,locus,0,1.0,13696,2.8213788864092133,1.0762738
19280,HLA-A*02:10,esm2_mean,locus,0,1.0,13696,1.667706820558076,0.88809997
19281,HLA-A*33:03,esm2_mean,locus,0,1.0,13696,0.0,1.1275139
19283,HLA-A*66:01,esm2_mean,locus,0,1.0,13696,0.0,0.7855924
19288,HLA-A*25:01,esm2_mean,locus,0,1.0,13696,0.5306282510621704,0.15801346
19289,HLA-A*02:10,esm2_mean,locus,0,1.0,13696,0.0,0.68555933
19291,HLA-A*30:02,esm2_mean,locus,0,1.0,13696,0.26236426446749106,0.8284737
19295,HLA-A*02:50,esm2_mean,locus,0,1.0,13696,3.2308043957334744,1.9530878
19296,HLA-A*33:03,esm2_mean,locus,0,1.0,13696,3.427514689979529,1.0966065
19299,HLA-A*24:07,esm2_mean,locus,0,1.0,13696,2.9231615807191558,0.51809627
19300,HLA-A*66:01,esm2_mean,locus,0,1.0,13696,0.0,0.88066417
19303,HLA-A*02:01,esm2_mean,locus,0,1.0,13696,1.5195132049061133,1.6838365
19304,HLA-A*68:01,esm2_mean,locus,0,1.0,13696,0.18232155679395465,1.7265121
19305,HLA-A*02:50,esm2_mean,locus,0,1.0,13696,1.0296194171811583,1.3895172
19309,HLA-A*02:16,esm2_mean,locus,0,1.0,13696,3.0106208860477417,1.368665
19310,HLA-A*31:01,esm2_mean,locus,0,1.0,13696,3.005682604407159,1.1355351
19313,HLA-A*80:01,esm2_mean,locus,0,1.0,13696,0.0,0.33485657
19314,HLA-A*33:03,esm2_mean,locus,0,1.0,13696,0.832909122935104,0.9013557
19317,HLA-A*68:01,esm2_mean,locus,0,1.0,13696,2.322387720290225,1.6062971
19321,HLA-A*24:19,esm2_mean,locus,0,1.0,13696,0.18232155679395465,0.09736234
19322,HLA-A*66:01,esm2_mean,locus,0,1.0,13696,0.9162907318741551,1.0239683
19325,HLA-A*03:01,esm2_mean,locus,0,1.0,13696,0.33647223662121295,1.8944167
19327,HLA-A*03:01,esm2_mean,locus,0,1.0,13696,1.1314021114911006,2.0182889
19328,HLA-A*02:03,esm2_mean,locus,0,1.0,13696,0.5306282510621704,0.99494743
19329,HLA-A*68:01,esm2_mean,locus,0,1.0,13696,0.33647223662121295,2.1574225
19330,HLA-A*68:23,esm2_mean,locus,0,1.0,13696,0.18232155679395465,0.548549
19337,HLA-A*68:23,esm2_mean,locus,0,1.0,13696,1.2237754316221157,0.60279727
19338,HLA-A*68:01,esm2_mean,locus,0,1.0,13696,0.0,1.8501921
19341,HLA-A*30:02,esm2_mean,locus,0,1.0,13696,0.33647223662121295,0.6754487
19343,HLA-A*26:03,esm2_mean,locus,0,1.0,13696,2.7536607123542622,0.52534753
19345,HLA-A*23:01,esm2_mean,locus,0,1.0,13696,1.7578579175523736,0.94362986
19346,HLA-A*24:19,esm2_mean,locus,0,1.0,13696,0.26236426446749106,-0.19617218
19347,HLA-A*02:10,esm2_mean,locus,0,1.0,13696,1.1314021114911006,0.71649677
19351,HLA-A*02:01,esm2_mean,locus,0,1.0,13696,2.89591193827178,1.8697324
19352,HLA-A*02:16,esm2_mean,locus,0,1.0,13696,2.9652730660692823,1.3139278
19358,HLA-A*24:07,esm2_mean,locus,0,1.0,13696,3.4436180975461075,0.9098196
19361,HLA-A*03:01,esm2_mean,locus,0,1.0,13696,0.0,1.9656314
19362,HLA-A*02:16,esm2_mean,locus,0,1.0,13696,1.0296194171811583,1.5031824
19372,HLA-A*43:01,esm2_mean,locus,0,1.0,13696,0.5877866649021191,0.9930717
19373,HLA-A*02:10,esm2_mean,locus,0,1.0,13696,0.7419373447293773,0.8143989
19374,HLA-A*43:01,esm2_mean,locus,0,1.0,13696,0.18232155679395465,1.1014678
19377,HLA-A*68:23,esm2_mean,locus,0,1.0,13696,0.5306282510621704,0.5721054
19378,HLA-A*66:01,esm2_mean,locus,0,1.0,13696,1.824549292051046,0.964988
19380,HLA-A*02:50,esm2_mean,locus,0,1.0,13696,3.288401887516811,2.0209968
19381,HLA-A*30:01,esm2_mean,locus,0,1.0,13696,0.8754687373538999,1.1502352
19386,HLA-A*11:01,esm2_mean,locus,0,1.0,13696,0.18232155679395465,1.5665128
19387,HLA-A*30:02,esm2_mean,locus,0,1.0,13696,0.9932517730102833,0.73162806
19391,HLA-A*24:19,esm2_mean,locus,0,1.0,13696,0.9555114450274363,-0.03161317
19394,HLA-A*02:19,esm2_mean,locus,0,1.0,13696,1.791759469228055,1.4229742
19395,HLA-A*11:01,esm2_mean,locus,0,1.0,13696,1.589235205116581,1.472249
19397,HLA-A*26:03,esm2_mean,locus,0,1.0,13696,0.0,0.99528575
19401,HLA-A*29:02,esm2_mean,locus,0,1.0,13696,0.26236426446749106,1.4848247
19402,HLA-A*23:01,esm2_mean,locus,0,1.0,13696,0.5877866649021191,0.96651894
19403,HLA-A*32:07,esm2_mean,locus,0,1.0,13696,2.028148247292285,0.8843641
19404,HLA-A*32:07,esm2_mean,locus,0,1.0,13696,2.5649493574615367,1.0500671
19405,HLA-A*24:07,esm2_mean,locus,0,1.0,13696,2.0541237336955462,0.7144089
19408,HLA-A*43:01,esm2_mean,locus,0,1.0,13696,0.0,1.1602061
19409,HLA-A*29:02,esm2_mean,locus,0,1.0,13696,2.5952547069568657,1.7828925
19411,HLA-A*25:01,esm2_mean,locus,0,1.0,13696,0.0,0.20473707
19413,HLA-A*02:12,esm2_mean,locus,0,1.0,13696,0.5306282510621704,0.97511804
19414,HLA-A*02:12,esm2_mean,locus,0,1.0,13696,1.5260563034950494,1.0452695
19415,HLA-A*30:01,esm2_mean,locus,0,1.0,13696,3.648057459593681,1.607763
19416,HLA-A*68:23,esm2_mean,locus,0,1.0,13696,0.09531017980432487,0.322156
19419,HLA-A*30:02,esm2_mean,locus,0,1.0,13696,0.0,0.85250515
19420,HLA-A*32:07,esm2_mean,locus,0,1.0,13696,1.4350845252893227,0.59160805
19421,HLA-A*24:07,esm2_mean,locus,0,1.0,13696,0.5306282510621704,0.67959
19422,HLA-A*26:02,esm2_mean,locus,0,1.0,13696,0.26236426446749106,-0.039913118
19426,HLA-A*24:03,esm2_mean,locus,0,1.0,13696,3.109060958860994,0.78267586
19428,HLA-A*02:10,esm2_mean,locus,0,1.0,13696,0.7884573603642702,0.6818501
19429,HLA-A*02:12,esm2_mean,locus,0,1.0,13696,3.1354942159291497,0.83914167
19434,HLA-A*24:02,esm2_mean,locus,0,1.0,13696,1.3862943611198906,1.1893684
19436,HLA-A*74:01,esm2_mean,locus,0,1.0,13696,0.5877866649021191,0.57769954
19437,HLA-A*30:02,esm2_mean,locus,0,1.0,13696,0.4700036292457355,0.7448242
19438,HLA-A*68:01,esm2_mean,locus,0,1.0,13696,3.6609942506244004,1.4789796
19440,HLA-A*24:03,esm2_mean,locus,0,1.0,13696,3.9531649487593215,0.8482134
19441,HLA-A*02:16,esm2_mean,locus,0,1.0,13696,0.9932517730102833,1.0282383
19445,HLA-A*30:02,esm2_mean,locus,0,1.0,13696,1.4350845252893227,0.39116323
19449,HLA-A*03:01,esm2_mean,locus,0,1.0,13696,0.0,1.760759
19450,HLA-A*30:01,esm2_mean,locus,0,1.0,13696,3.095577608523707,1.576896
19455,HLA-A*24:02,esm2_mean,locus,0,1.0,13696,0.26236426446749106,1.0180634
19456,HLA-A*24:02,esm2_mean,locus,0,1.0,13696,0.26236426446749106,0.7985839
19457,HLA-A*02:03,esm2_mean,locus,0,1.0,13696,2.89591193827178,1.2413985
19458,HLA-A*02:19,esm2_mean,locus,0,1.0,13696,1.5260563034950494,1.3240613
19460,HLA-A*23:01,esm2_mean,locus,0,1.0,13696,0.7884573603642702,0.90663195
19461,HLA-A*24:19,esm2_mean,locus,0,1.0,13696,0.09531017980432487,0.23438561
19462,HLA-A*66:01,esm2_mean,locus,0,1.0,13696,0.0,0.82949996
19465,HLA-A*02:03,esm2_mean,locus,0,1.0,13696,0.5306282510621704,1.104549
19466,HLA-A*02:10,esm2_mean,locus,0,1.0,13696,0.26236426446749106,0.71317583
19467,HLA-A*02:16,esm2_mean,locus,0,1.0,13696,1.6863989535702288,1.3423877
19468,HLA-A*02:16,esm2_mean,locus,0,1.0,13696,3.339321977944068,1.4523644
19475,HLA-A*02:01,esm2_mean,locus,0,1.0,13696,1.589235205116581,1.6842794
19477,HLA-A*26:02,esm2_mean,locus,0,1.0,13696,1.4816045409242156,-0.1070233
19479,HLA-A*33:03,esm2_mean,locus,0,1.0,13696,1.916922612182061,0.58622456
19485,HLA-A*02:12,esm2_mean,locus,0,1.0,13696,3.126760535960395,0.91268307
19487,HLA-A*30:01,esm2_mean,locus,0,1.0,13696,0.4700036292457355,1.504051
19488,HLA-A*30:01,esm2_mean,locus,0,1.0,13696,0.0,1.1375151
19489,HLA-A*68:01,esm2_mean,locus,0,1.0,13696,0.0,1.5862508
19494,HLA-A*74:01,esm2_mean,locus,0,1.0,13696,0.8754687373538999,0.80117476
19495,HLA-A*24:19,esm2_mean,locus,0,1.0,13696,0.0,-0.031184733
19497,HLA-A*02:19,esm2_mean,locus,0,1.0,13696,2.2407096892759584,1.5607412
19498,HLA-A*33:03,esm2_mean,locus,0,1.0,13696,5.111987788356544,1.467546
19499,HLA-A*66:01,esm2_mean,locus,0,1.0,13696,0.0,0.8598995
19501,HLA-A*02:12,esm2_mean,locus,0,1.0,13696,2.631888840136646,1.2709064
19502,HLA-A*02:12,esm2_mean,locus,0,1.0,13696,0.9162907318741551,0.94938
19503,HLA-A*30:01,esm2_mean,locus,0,1.0,13696,0.0,1.2512587
19504,HLA-A*74:01,esm2_mean,locus,0,1.0,13696,3.4995332823830174,0.52956676
19506,HLA-A*02:12,esm2_mean,locus,0,1.0,13696,0.6931471805599453,1.1317352
19507,HLA-A*02:16,esm2_mean,locus,0,1.0,13696,2.2512917986064953,1.436859
19508,HLA-A*24:02,esm2_mean,locus,0,1.0,13696,0.26236426446749106,0.95677984
19510,HLA-A*02:03,esm2_mean,locus,0,1.0,13696,0.5877866649021191,1.7946451
19511,HLA-A*02:12,esm2_mean,locus,0,1.0,13696,2.6100697927420065,1.0992725
19513,HLA-A*43:01,esm2_mean,locus,0,1.0,13696,0.5306282510621704,0.88781476
19516,HLA-A*24:02,esm2_mean,locus,0,1.0,13696,0.4054651081081644,0.49425802
19519,HLA-A*03:01,esm2_mean,locus,0,1.0,13696,0.4700036292457355,1.9304465
19523,HLA-A*02:01,esm2_mean,locus,0,1.0,13696,2.3702437414678603,1.9491588
19528,HLA-A*02:50,esm2_mean,locus,0,1.0,13696,1.4350845252893227,1.9860041
19536,HLA-A*31:01,esm2_mean,locus,0,1.0,13696,1.2237754316221157,0.941704
19538,HLA-A*68:01,esm2_mean,locus,0,1.0,13696,3.332204510175204,1.6949165
19539,HLA-A*74:01,esm2_mean,locus,0,1.0,13696,0.0,0.60955226
19541,HLA-A*30:02,esm2_mean,locus,0,1.0,13696,0.4054651081081644,0.9521357
19543,HLA-A*26:02,esm2_mean,locus,0,1.0,13696,0.33647223662121295,0.006925285
19545,HLA-A*25:01,esm2_mean,locus,0,1.0,13696,0.0,0.5487422
19551,HLA-A*43:01,esm2_mean,locus,0,1.0,13696,0.832909122935104,0.72426313
19553,HLA-A*02:01,esm2_mean,locus,0,1.0,13696,2.733067964077498,1.3502519
19554,HLA-A*24:02,esm2_mean,locus,0,1.0,13696,2.4595888418037104,0.60387796
19555,HLA-A*02:03,esm2_mean,locus,0,1.0,13696,1.0986122886681098,1.0574377
19556,HLA-A*11:01,esm2_mean,locus,0,1.0,13696,3.765840495250065,1.4663894
19557,HLA-A*74:01,esm2_mean,locus,0,1.0,13696,0.0,0.3262632
19563,HLA-A*24:02,esm2_mean,locus,0,1.0,13696,0.5877866649021191,1.122224
19564,HLA-A*68:01,esm2_mean,locus,0,1.0,13696,0.0,1.7256951
19565,HLA-A*30:02,esm2_mean,locus,0,1.0,13696,0.26236426446749106,0.94529456
19567,HLA-A*02:12,esm2_mean,locus,0,1.0,13696,0.7419373447293773,1.0800724
19568,HLA-A*30:02,esm2_mean,locus,0,1.0,13696,0.33647223662121295,0.8978739
19570,HLA-A*24:07,esm2_mean,locus,0,1.0,13696,0.26236426446749106,0.6575062
19571,HLA-A*26:03,esm2_mean,locus,0,1.0,13696,0.18232155679395465,0.88174206
19572,HLA-A*02:11,esm2_mean,locus,0,1.0,13696,3.58351893845611,1.5707774
19573,HLA-A*02:50,esm2_mean,locus,0,1.0,13696,3.4781584227982836,1.9827235
19574,HLA-A*68:01,esm2_mean,locus,0,1.0,13696,0.33647223662121295,1.3554864
19577,HLA-A*30:02,esm2_mean,locus,0,1.0,13696,1.33500106673234,0.71836686
19579,HLA-A*02:11,esm2_mean,locus,0,1.0,13696,2.6602595372658615,1.4140283
19581,HLA-A*80:01,esm2_mean,locus,0,1.0,13696,0.09531017980432487,-0.014635026
19584,HLA-A*02:03,esm2_mean,locus,0,1.0,13696,2.766319109226186,1.1128606
19586,HLA-A*24:03,esm2_mean,locus,0,1.0,13696,0.33647223662121295,0.5398228
19588,HLA-A*24:02,esm2_mean,locus,0,1.0,13696,1.62924053973028,0.67696893
19589,HLA-A*02:11,esm2_mean,locus,0,1.0,13696,2.8094026953624973,1.2242501
19591,HLA-A*29:02,esm2_mean,locus,0,1.0,13696,0.4700036292457355,1.4927716
19593,HLA-A*26:02,esm2_mean,locus,0,1.0,13696,2.970414465569701,-0.013074994
19595,HLA-A*02:01,esm2_mean,locus,0,1.0,13696,1.6370530794670737,1.7723911
19597,HLA-A*02:03,esm2_mean,locus,0,1.0,13696,1.547562508716013,1.391937
19598,HLA-A*80:01,esm2_mean,locus,0,1.0,13696,0.0,-0.004642129
19599,HLA-A*03:01,esm2_mean,locus,0,1.0,13696,0.18232155679395465,1.8296938
19600,HLA-A*02:12,esm2_mean,locus,0,1.0,13696,0.6931471805599453,0.74288
19601,HLA-A*30:01,esm2_mean,locus,0,1.0,13696,0.18232155679395465,1.0693084
19603,HLA-A*29:02,esm2_mean,locus,0,1.0,13696,0.4700036292457355,1.7035649
19604,HLA-A*26:02,esm2_mean,locus,0,1.0,13696,0.33647223662121295,-0.071741164
19608,HLA-A*24:07,esm2_mean,locus,0,1.0,13696,1.4586150226995167,0.5131542
19612,HLA-A*24:02,esm2_mean,locus,0,1.0,13696,0.33647223662121295,1.3407972
19614,HLA-A*33:03,esm2_mean,locus,0,1.0,13696,4.2456340097683265,0.9452312
19615,HLA-A*74:01,esm2_mean,locus,0,1.0,13696,3.2108436531709366,0.91438186
19618,HLA-A*26:03,esm2_mean,locus,0,1.0,13696,0.7419373447293773,0.44819695
19620,HLA-A*24:02,esm2_mean,locus,0,1.0,13696,0.33647223662121295,1.1123065
19627,HLA-A*29:02,esm2_mean,locus,0,1.0,13696,0.26236426446749106,1.637482
19633,HLA-A*30:02,esm2_mean,locus,0,1.0,13696,2.312535423847214,0.5907291
19637,HLA-A*02:03,esm2_mean,locus,0,1.0,13696,3.8649313978942956,1.2129487
19638,HLA-A*02:12,esm2_mean,locus,0,1.0,13696,0.8754687373538999,1.0537782
19640,HLA-A*02:50,esm2_mean,locus,0,1.0,13696,2.33214389523559,1.6225357
19641,HLA-A*68:01,esm2_mean,locus,0,1.0,13696,0.0,1.950886
19642,HLA-A*11:01,esm2_mean,locus,0,1.0,13696,2.2192034840549946,1.1512215
19645,HLA-A*24:07,esm2_mean,locus,0,1.0,13696,0.26236426446749106,0.543884
19648,HLA-A*02:03,esm2_mean,locus,0,1.0,13696,0.5306282510621704,1.176822
19654,HLA-A*02:10,esm2_mean,locus,0,1.0,13696,2.9652730660692823,0.6238232
19655,HLA-A*68:01,esm2_mean,locus,0,1.0,13696,1.791759469228055,1.8161751
19657,HLA-A*01:01,esm2_mean,locus,0,1.0,13696,0.5128236264286637,0.8264875
19659,HLA-A*32:07,esm2_mean,locus,0,1.0,13696,0.0,0.1704523
19660,HLA-A*32:07,esm2_mean,locus,0,1.0,13696,0.0,0.60164595
19662,HLA-A*26:03,esm2_mean,locus,0,1.0,13696,0.0,0.8560885
19664,HLA-A*32:07,esm2_mean,locus,0,1.0,13696,0.0,0.5908141
19667,HLA-A*33:03,esm2_mean,locus,0,1.0,13696,0.0,1.3224366
19668,HLA-A*11:01,esm2_mean,locus,0,1.0,13696,0.7419373447293773,1.34613
19672,HLA-A*02:19,esm2_mean,locus,0,1.0,13696,0.0,1.1163197
19674,HLA-A*66:01,esm2_mean,locus,0,1.0,13696,0.0,0.82150024
19675,HLA-A*26:03,esm2_mean,locus,0,1.0,13696,0.33647223662121295,0.60687184
19679,HLA-A*24:19,esm2_mean,locus,0,1.0,13696,0.18232155679395465,0.16118556
19680,HLA-A*68:23,esm2_mean,locus,0,1.0,13696,0.0,0.59657
19681,HLA-A*66:01,esm2_mean,locus,0,1.0,13696,0.8754687373538999,0.5691771
19684,HLA-A*02:10,esm2_mean,locus,0,1.0,13696,0.7419373447293773,0.72729266
19687,HLA-A*43:01,esm2_mean,locus,0,1.0,13696,0.18232155679395465,0.72921956
19688,HLA-A*43:01,esm2_mean,locus,0,1.0,13696,0.26236426446749106,0.72515404
19691,HLA-A*32:07,esm2_mean,locus,0,1.0,13696,0.6418538861723948,0.53220624
19695,HLA-A*32:07,esm2_mean,locus,0,1.0,13696,0.0,0.5044517
19699,HLA-A*02:11,esm2_mean,locus,0,1.0,13696,2.2192034840549946,1.580272
19701,HLA-A*43:01,esm2_mean,locus,0,1.0,13696,0.0,0.9772165
19703,HLA-A*66:01,esm2_mean,locus,0,1.0,13696,1.0647107369924282,0.73753893
19706,HLA-A*30:01,esm2_mean,locus,0,1.0,13696,0.0,0.8316567
19711,HLA-A*68:01,esm2_mean,locus,0,1.0,13696,4.535820107853298,1.4488846
19713,HLA-A*25:01,esm2_mean,locus,0,1.0,13696,0.26236426446749106,0.43056762
19714,HLA-A*26:02,esm2_mean,locus,0,1.0,13696,0.0,-0.030443728
19718,HLA-A*02:16,esm2_mean,locus,0,1.0,13696,2.8390784635086144,1.573892
19722,HLA-A*66:01,esm2_mean,locus,0,1.0,13696,0.26236426446749106,0.88058543
19726,HLA-A*30:01,esm2_mean,locus,0,1.0,13696,0.0,1.1910429
19729,HLA-A*68:01,esm2_mean,locus,0,1.0,13696,0.0,1.6591532
19734,HLA-A*24:02,esm2_mean,locus,0,1.0,13696,0.09531017980432487,0.8932973
19736,HLA-A*02:10,esm2_mean,locus,0,1.0,13696,3.1135153092103742,0.9037588
19737,HLA-A*02:19,esm2_mean,locus,0,1.0,13696,0.26236426446749106,1.3923624
19738,HLA-A*02:19,esm2_mean,locus,0,1.0,13696,2.5494451709255714,1.5734966
19742,HLA-A*02:10,esm2_mean,locus,0,1.0,13696,0.4054651081081644,0.5706227
19743,HLA-A*02:19,esm2_mean,locus,0,1.0,13696,0.5877866649021191,1.650903
19745,HLA-A*32:07,esm2_mean,locus,0,1.0,13696,0.4054651081081644,0.7094245
19746,HLA-A*26:03,esm2_mean,locus,0,1.0,13696,2.4423470353692043,0.5006064
19748,HLA-A*02:19,esm2_mean,locus,0,1.0,13696,3.414442608412176,1.8445874
19749,HLA-A*33:03,esm2_mean,locus,0,1.0,13696,2.0541237336955462,0.9451119
19751,HLA-A*24:19,esm2_mean,locus,0,1.0,13696,0.8754687373538999,0.11876696
19752,HLA-A*33:03,esm2_mean,locus,0,1.0,13696,0.0,1.0495503
19756,HLA-A*24:02,esm2_mean,locus,0,1.0,13696,0.4054651081081644,0.52781034
19757,HLA-A*02:10,esm2_mean,locus,0,1.0,13696,1.4586150226995167,0.8203224
19771,HLA-A*02:12,esm2_mean,locus,0,1.0,13696,3.3978584803966405,0.9798135
19774,HLA-A*23:01,esm2_mean,locus,0,1.0,13696,0.4700036292457355,0.89098847
19776,HLA-A*02:12,esm2_mean,locus,0,1.0,13696,1.0296194171811583,1.0534842
19777,HLA-A*33:03,esm2_mean,locus,0,1.0,13696,0.33647223662121295,1.0154408
19779,HLA-A*66:01,esm2_mean,locus,0,1.0,13696,1.9315214116032138,0.9990462
19780,HLA-A*02:10,esm2_mean,locus,0,1.0,13696,0.0,0.86629677
19781,HLA-A*30:02,esm2_mean,locus,0,1.0,13696,0.33647223662121295,1.040113
19782,HLA-A*26:02,esm2_mean,locus,0,1.0,13696,0.26236426446749106,0.06988561
19783,HLA-A*66:01,esm2_mean,locus,0,1.0,13696,0.0,0.7601378
19784,HLA-A*66:01,esm2_mean,locus,0,1.0,13696,1.1939224684724346,0.7727441
19785,HLA-A*26:03,esm2_mean,locus,0,1.0,13696,0.9932517730102833,0.5731178
19788,HLA-A*02:11,esm2_mean,locus,0,1.0,13696,2.6946271807700692,1.2631083
19789,HLA-A*30:01,esm2_mean,locus,0,1.0,13696,2.3513752571634776,1.5766428
19790,HLA-A*33:03,esm2_mean,locus,0,1.0,13696,1.1631508098056809,1.080176
19791,HLA-A*11:01,esm2_mean,locus,0,1.0,13696,4.147885329150131,1.6794741
19793,HLA-A*30:02,esm2_mean,locus,0,1.0,13696,0.18232155679395465,0.80083156
19795,HLA-A*26:03,esm2_mean,locus,0,1.0,13696,0.0,0.9015109
19797,HLA-A*33:03,esm2_mean,locus,0,1.0,13696,0.0,1.25396
19800,HLA-A*68:23,esm2_mean,locus,0,1.0,13696,0.33647223662121295,0.83921725
19801,HLA-A*02:16,esm2_mean,locus,0,1.0,13696,3.3068867021909143,1.378478
19802,HLA-A*68:01,esm2_mean,locus,0,1.0,13696,0.4054651081081644,1.807152
19803,HLA-A*25:01,esm2_mean,locus,0,1.0,13696,0.9555114450274363,0.6582973
19807,HLA-A*02:03,esm2_mean,locus,0,1.0,13696,1.2237754316221157,1.3261507
19808,HLA-A*74:01,esm2_mean,locus,0,1.0,13696,0.0,0.4410814
19811,HLA-A*31:01,esm2_mean,locus,0,1.0,13696,0.5306282510621704,1.1205459
19812,HLA-A*11:01,esm2_mean,locus,0,1.0,13696,0.0,1.5318937
19815,HLA-A*29:02,esm2_mean,locus,0,1.0,13696,0.5306282510621704,1.5237968
19816,HLA-A*24:03,esm2_mean,locus,0,1.0,13696,0.4054651081081644,0.7793124
19822,HLA-A*25:01,esm2_mean,locus,0,1.0,13696,0.6418538861723948,0.50369287
19824,HLA-A*03:01,esm2_mean,locus,0,1.0,13696,0.0,1.5804038
19825,HLA-A*02:10,esm2_mean,locus,0,1.0,13696,0.9932517730102833,0.25247902
19829,HLA-A*66:01,esm2_mean,locus,0,1.0,13696,0.26236426446749106,0.74685335
19830,HLA-A*66:01,esm2_mean,locus,0,1.0,13696,0.26236426446749106,0.76894486
19832,HLA-A*02:01,esm2_mean,locus,0,1.0,13696,1.9600947840472698,1.5615203
19833,HLA-A*03:01,esm2_mean,locus,0,1.0,13696,0.4054651081081644,1.8861594
19835,HLA-A*74:01,esm2_mean,locus,0,1.0,13696,3.4873750779032076,0.46972317
19836,HLA-A*66:01,esm2_mean,locus,0,1.0,13696,0.26236426446749106,0.6391545
19841,HLA-A*26:02,esm2_mean,locus,0,1.0,13696,0.18232155679395465,-0.23603469
19842,HLA-A*68:23,esm2_mean,locus,0,1.0,13696,0.6418538861723948,0.5729562
19843,HLA-A*68:23,esm2_mean,locus,0,1.0,13696,3.288401887516811,0.49648428
19846,HLA-A*24:19,esm2_mean,locus,0,1.0,13696,0.33647223662121295,0.19136089
19847,HLA-A*26:03,esm2_mean,locus,0,1.0,13696,0.832909122935104,0.7863498
19851,HLA-A*02:50,esm2_mean,locus,0,1.0,13696,1.0986122886681098,1.7398922
19852,HLA-A*02:16,esm2_mean,locus,0,1.0,13696,3.0204248861443626,1.3102231
19853,HLA-A*68:01,esm2_mean,locus,0,1.0,13696,0.6931471805599453,1.467564
19856,HLA-A*24:07,esm2_mean,locus,0,1.0,13696,0.18232155679395465,0.25258237
19857,HLA-A*01:01,esm2_mean,locus,0,1.0,13696,3.1161784266298582,0.6685611
19862,HLA-A*30:02,esm2_mean,locus,0,1.0,13696,0.18232155679395465,0.884462
19863,HLA-A*80:01,esm2_mean,locus,0,1.0,13696,0.18232155679395465,-0.07283336
19865,HLA-A*25:01,esm2_mean,locus,0,1.0,13696,0.33647223662121295,0.36460823
19866,HLA-A*68:23,esm2_mean,locus,0,1.0,13696,0.5306282510621704,0.2804579
19867,HLA-A*66:01,esm2_mean,locus,0,1.0,13696,0.0,0.7317691
19869,HLA-A*02:12,esm2_mean,locus,0,1.0,13696,2.1972245773362196,1.2000059
19870,HLA-A*02:19,esm2_mean,locus,0,1.0,13696,1.308332819650179,1.2752717
19871,HLA-A*31:01,esm2_mean,locus,0,1.0,13696,1.252762968495368,1.2416576
19876,HLA-A*02:01,esm2_mean,locus,0,1.0,13696,2.028148247292285,1.5652082
19877,HLA-A*74:01,esm2_mean,locus,0,1.0,13696,0.0,0.7317622
19880,HLA-A*29:02,esm2_mean,locus,0,1.0,13696,2.3978952727983707,1.6695198
19882,HLA-A*02:16,esm2_mean,locus,0,1.0,13696,0.9932517730102833,1.3720056
19889,HLA-A*43:01,esm2_mean,locus,0,1.0,13696,1.7227665977411035,0.9715346
19891,HLA-A*68:23,esm2_mean,locus,0,1.0,13696,0.4700036292457355,0.63168323
19899,HLA-A*69:01,esm2_mean,locus,0,1.0,13696,0.26236426446749106,1.1158224
19900,HLA-A*32:07,esm2_mean,locus,0,1.0,13696,3.7954891891721947,1.0952964
19902,HLA-A*03:01,esm2_mean,locus,0,1.0,13696,0.0,1.5832367
19907,HLA-A*23:01,esm2_mean,locus,0,1.0,13696,2.7343675094195836,0.5967345
19908,HLA-A*24:03,esm2_mean,locus,0,1.0,13696,0.4054651081081644,0.46700376
19909,HLA-A*24:02,esm2_mean,locus,0,1.0,13696,0.26236426446749106,0.8758249
19912,HLA-A*80:01,esm2_mean,locus,0,1.0,13696,0.0,-0.06127006
19915,HLA-A*68:01,esm2_mean,locus,0,1.0,13696,0.7884573603642702,1.594801
19917,HLA-A*02:10,esm2_mean,locus,0,1.0,13696,0.09531017980432487,0.6827979
19918,HLA-A*02:11,esm2_mean,locus,0,1.0,13696,0.9932517730102833,1.5561192
19924,HLA-A*80:01,esm2_mean,locus,0,1.0,13696,0.0,0.2253775
19925,HLA-A*32:07,esm2_mean,locus,0,1.0,13696,0.6931471805599453,0.79847485
19926,HLA-A*24:19,esm2_mean,locus,0,1.0,13696,0.4054651081081644,0.23165566
19927,HLA-A*66:01,esm2_mean,locus,0,1.0,13696,0.0,0.6719557
19929,HLA-A*02:10,esm2_mean,locus,0,1.0,13696,1.5260563034950494,0.8478518
19930,HLA-A*74:01,esm2_mean,locus,0,1.0,13696,1.2237754316221157,0.61982596
19932,HLA-A*30:02,esm2_mean,locus,0,1.0,13696,0.4054651081081644,0.8973081
19933,HLA-A*43:01,esm2_mean,locus,0,1.0,13696,0.5877866649021191,0.93998444
19935,HLA-A*68:23,esm2_mean,locus,0,1.0,13696,1.1314021114911006,0.75203365
19941,HLA-A*29:02,esm2_mean,locus,0,1.0,13696,3.5085558999826545,1.5747732
19942,HLA-A*30:02,esm2_mean,locus,0,1.0,13696,0.33647223662121295,0.8600513
19945,HLA-A*03:01,esm2_mean,locus,0,1.0,13696,3.7932394694381792,1.6618953
19947,HLA-A*30:02,esm2_mean,locus,0,1.0,13696,0.4054651081081644,0.8348095
19948,HLA-A*68:23,esm2_mean,locus,0,1.0,13696,0.4054651081081644,0.5360953
19951,HLA-A*02:50,esm2_mean,locus,0,1.0,13696,0.7419373447293773,1.9315655
19952,HLA-A*68:01,esm2_mean,locus,0,1.0,13696,0.6931471805599453,1.8532109
19959,HLA-A*43:01,esm2_mean,locus,0,1.0,13696,2.5494451709255714,0.9592279
19960,HLA-A*24:19,esm2_mean,locus,0,1.0,13696,0.0,-0.17468292
19966,HLA-A*30:02,esm2_mean,locus,0,1.0,13696,1.9315214116032138,0.7756109
19968,HLA-A*74:01,esm2_mean,locus,0,1.0,13696,0.4054651081081644,0.6642918
19970,HLA-A*24:07,esm2_mean,locus,0,1.0,13696,0.6418538861723948,0.71328413
19971,HLA-A*02:16,esm2_mean,locus,0,1.0,13696,3.7232808808312687,1.3816452
19972,HLA-A*68:01,esm2_mean,locus,0,1.0,13696,0.33647223662121295,1.5807877
19973,HLA-A*26:03,esm2_mean,locus,0,1.0,13696,0.18232155679395465,0.74349105
19974,HLA-A*02:16,esm2_mean,locus,0,1.0,13696,2.0412203288596382,1.805717
19976,HLA-A*68:23,esm2_mean,locus,0,1.0,13696,0.832909122935104,0.45967394
19977,HLA-A*66:01,esm2_mean,locus,0,1.0,13696,1.2809338454620642,0.9291443
19980,HLA-A*02:11,esm2_mean,locus,0,1.0,13696,1.7047480922384253,1.1482096
19986,HLA-A*43:01,esm2_mean,locus,0,1.0,13696,0.0,0.79627883
19988,HLA-A*33:03,esm2_mean,locus,0,1.0,13696,0.8754687373538999,1.1574447
19990,HLA-A*24:19,esm2_mean,locus,0,1.0,13696,0.26236426446749106,0.39316416
19992,HLA-A*02:16,esm2_mean,locus,0,1.0,13696,2.1972245773362196,1.6393847
19993,HLA-A*11:01,esm2_mean,locus,0,1.0,13696,2.1633230256605382,1.5795039
19995,HLA-A*29:02,esm2_mean,locus,0,1.0,13696,1.0647107369924282,1.9007814
19996,HLA-A*30:02,esm2_mean,locus,0,1.0,13696,0.18232155679395465,0.8691611
19999,HLA-A*26:03,esm2_mean,locus,0,1.0,13696,0.26236426446749106,0.6051045
20002,HLA-A*02:10,esm2_mean,locus,0,1.0,13696,0.33647223662121295,0.7811198
20003,HLA-A*02:50,esm2_mean,locus,0,1.0,13696,1.8718021769015913,1.7877698
20004,HLA-A*80:01,esm2_mean,locus,0,1.0,13696,0.832909122935104,0.2900681
20008,HLA-A*29:02,esm2_mean,locus,0,1.0,13696,0.5306282510621704,1.8227057
20009,HLA-A*68:01,esm2_mean,locus,0,1.0,13696,0.9555114450274363,1.89552
20017,HLA-A*23:01,esm2_mean,locus,0,1.0,13696,0.26236426446749106,0.84912896
20022,HLA-A*68:23,esm2_mean,locus,0,1.0,13696,1.2809338454620642,0.35651785
20023,HLA-A*02:12,esm2_mean,locus,0,1.0,13696,2.3513752571634776,0.89427614
20026,HLA-A*26:02,esm2_mean,locus,0,1.0,13696,1.1314021114911006,-0.10349625
20027,HLA-A*24:19,esm2_mean,locus,0,1.0,13696,0.0,-0.077157795
20029,HLA-A*24:03,esm2_mean,locus,0,1.0,13696,0.26236426446749106,0.5018206
20034,HLA-A*25:01,esm2_mean,locus,0,1.0,13696,0.18232155679395465,0.50201654
20039,HLA-A*24:02,esm2_mean,locus,0,1.0,13696,0.18232155679395465,0.5533054
20046,HLA-A*02:01,esm2_mean,locus,0,1.0,13696,0.712949807856125,1.6950183
20048,HLA-A*23:01,esm2_mean,locus,0,1.0,13696,2.4423470353692043,1.0427871
20049,HLA-A*02:01,esm2_mean,locus,0,1.0,13696,3.6027767550605247,1.8355131
20050,HLA-A*30:01,esm2_mean,locus,0,1.0,13696,0.0,1.1348908
20053,HLA-A*29:02,esm2_mean,locus,0,1.0,13696,2.760009940032921,1.6766309
20054,HLA-A*66:01,esm2_mean,locus,0,1.0,13696,0.0,0.79836833
20056,HLA-A*30:01,esm2_mean,locus,0,1.0,13696,0.09531017980432487,1.4846077
20058,HLA-A*30:01,esm2_mean,locus,0,1.0,13696,0.0,1.4189343
20059,HLA-A*68:01,esm2_mean,locus,0,1.0,13696,0.33647223662121295,1.5504134
20064,HLA-A*02:03,esm2_mean,locus,0,1.0,13696,0.5306282510621704,0.957156
20065,HLA-A*11:01,esm2_mean,locus,0,1.0,13696,3.8732821771117156,1.5353913
20066,HLA-A*29:02,esm2_mean,locus,0,1.0,13696,0.7884573603642702,1.4924114
20068,HLA-A*02:10,esm2_mean,locus,0,1.0,13696,0.7419373447293773,0.69492596
20069,HLA-A*02:12,esm2_mean,locus,0,1.0,13696,2.667228206581955,1.2013288
20070,HLA-A*68:01,esm2_mean,locus,0,1.0,13696,1.1631508098056809,1.1652005
20072,HLA-A*30:02,esm2_mean,locus,0,1.0,13696,1.0986122886681098,0.733805
20075,HLA-A*43:01,esm2_mean,locus,0,1.0,13696,0.0,0.77720237
20076,HLA-A*29:02,esm2_mean,locus,0,1.0,13696,1.824549292051046,1.5930011
20082,HLA-A*66:01,esm2_mean,locus,0,1.0,13696,1.5260563034950494,1.0139028
20083,HLA-A*24:07,esm2_mean,locus,0,1.0,13696,1.8082887711792655,0.34536576
20084,HLA-A*66:01,esm2_mean,locus,0,1.0,13696,0.33647223662121295,0.42565256
20086,HLA-A*02:12,esm2_mean,locus,0,1.0,13696,0.6418538861723948,0.83647835
20088,HLA-A*02:50,esm2_mean,locus,0,1.0,13696,2.580216829592325,1.7236886
20089,HLA-A*32:07,esm2_mean,locus,0,1.0,13696,0.5877866649021191,0.6034547
20090,HLA-A*02:19,esm2_mean,locus,0,1.0,13696,2.9338568698359038,1.8907216
20091,HLA-A*33:03,esm2_mean,locus,0,1.0,13696,0.26236426446749106,1.0602503
20095,HLA-A*23:01,esm2_mean,locus,0,1.0,13696,3.4531571205928664,1.0946847
20099,HLA-A*29:02,esm2_mean,locus,0,1.0,13696,1.824549292051046,1.6757357
20103,HLA-A*30:01,esm2_mean,locus,0,1.0,13696,0.4700036292457355,1.27247
20106,HLA-A*29:02,esm2_mean,locus,0,1.0,13696,0.33647223662121295,1.8665504
20108,HLA-A*24:02,esm2_mean,locus,0,1.0,13696,0.18232155679395465,0.74598795
20109,HLA-A*31:01,esm2_mean,locus,0,1.0,13696,3.2809112157876537,1.271143
20112,HLA-A*02:12,esm2_mean,locus,0,1.0,13696,1.3609765531356006,0.81241643
20113,HLA-A*33:03,esm2_mean,locus,0,1.0,13696,4.192680462942962,1.2012372
20114,HLA-A*33:03,esm2_mean,locus,0,1.0,13696,2.272125885509337,1.1361722
20118,HLA-A*24:19,esm2_mean,locus,0,1.0,13696,0.26236426446749106,0.41406864
20125,HLA-A*24:02,esm2_mean,locus,0,1.0,13696,0.6931471805599453,0.9524479
20126,HLA-A*02:11,esm2_mean,locus,0,1.0,13696,1.7578579175523736,1.3487872
20128,HLA-A*24:19,esm2_mean,locus,0,1.0,13696,0.0,0.018218935
20129,HLA-A*25:01,esm2_mean,locus,0,1.0,13696,0.09531017980432487,0.7565394
20130,HLA-A*33:03,esm2_mean,locus,0,1.0,13696,1.7404661748405046,1.0112921
20131,HLA-A*74:01,esm2_mean,locus,0,1.0,13696,0.6418538861723948,0.756472
20132,HLA-A*43:01,esm2_mean,locus,0,1.0,13696,0.4054651081081644,0.72929466
20135,HLA-A*02:11,esm2_mean,locus,0,1.0,13696,1.1939224684724346,1.3999268
20138,HLA-A*23:01,esm2_mean,locus,0,1.0,13696,2.7212954278522306,0.510033
20140,HLA-A*03:01,esm2_mean,locus,0,1.0,13696,0.0,1.520302
20142,HLA-A*02:03,esm2_mean,locus,0,1.0,13696,1.6863989535702288,1.3240974
20143,HLA-A*02:19,esm2_mean,locus,0,1.0,13696,2.8507065015037334,1.6231185
20144,HLA-A*23:01,esm2_mean,locus,0,1.0,13696,3.1945831322991562,1.2407228
20145,HLA-A*23:01,esm2_mean,locus,0,1.0,13696,3.265759410767051,0.8567992
20146,HLA-A*24:03,esm2_mean,locus,0,1.0,13696,2.501435951739211,0.65550876
20147,HLA-A*24:07,esm2_mean,locus,0,1.0,13696,0.6931471805599453,0.92031103
20148,HLA-A*02:11,esm2_mean,locus,0,1.0,13696,2.2407096892759584,1.304909
20149,HLA-A*02:11,esm2_mean,locus,0,1.0,13696,0.0,1.2307849
20150,HLA-A*31:01,esm2_mean,locus,0,1.0,13696,0.18232155679395465,1.195261
20151,HLA-A*68:01,esm2_mean,locus,0,1.0,13696,1.1314021114911006,1.5484273
20152,HLA-A*74:01,esm2_mean,locus,0,1.0,13696,0.0,0.29478437
20153,HLA-A*32:07,esm2_mean,locus,0,1.0,13696,2.6461747973841225,0.80771476
20157,HLA-A*02:11,esm2_mean,locus,0,1.0,13696,3.1441522786722644,1.8790815
20158,HLA-A*11:01,esm2_mean,locus,0,1.0,13696,0.0,1.0394737
20159,HLA-A*30:01,esm2_mean,locus,0,1.0,13696,1.9315214116032138,1.4688907
20161,HLA-A*30:02,esm2_mean,locus,0,1.0,13696,0.33647223662121295,0.6732254
20165,HLA-A*68:01,esm2_mean,locus,0,1.0,13696,1.2383742310432684,1.6281188
20167,HLA-A*25:01,esm2_mean,locus,0,1.0,13696,0.5306282510621704,0.8320131
20168,HLA-A*25:01,esm2_mean,locus,0,1.0,13696,0.4054651081081644,0.608996
20170,HLA-A*32:07,esm2_mean,locus,0,1.0,13696,1.7749523509116738,0.49017942
20175,HLA-A*24:07,esm2_mean,locus,0,1.0,13696,0.9932517730102833,0.20501208
20177,HLA-A*68:02,esm2_mean,locus,0,1.0,13696,0.6931471805599453,1.1071898
20179,HLA-A*23:01,esm2_mean,locus,0,1.0,13696,2.1400661634962708,0.6006561
20190,HLA-A*02:16,esm2_mean,locus,0,1.0,13696,1.7749523509116738,1.3749994
20191,HLA-A*24:03,esm2_mean,locus,0,1.0,13696,1.0647107369924282,0.52142334
20202,HLA-A*02:10,esm2_mean,locus,0,1.0,13696,1.1631508098056809,0.78236055
20203,HLA-A*68:01,esm2_mean,locus,0,1.0,13696,0.0,1.7175825
20204,HLA-A*74:01,esm2_mean,locus,0,1.0,13696,0.4700036292457355,0.56782454
20208,HLA-A*30:01,esm2_mean,locus,0,1.0,13696,1.589235205116581,1.4193468
20211,HLA-A*02:19,esm2_mean,locus,0,1.0,13696,2.3608540011180215,1.5126168
20214,HLA-A*24:02,esm2_mean,locus,0,1.0,13696,0.18232155679395465,0.67623544
20216,HLA-A*02:16,esm2_mean,locus,0,1.0,13696,2.4932054526026954,0.9230916
20218,HLA-A*02:10,esm2_mean,locus,0,1.0,13696,0.7884573603642702,0.7905948
20222,HLA-A*30:02,esm2_mean,locus,0,1.0,13696,2.7212954278522306,0.816874
20223,HLA-A*66:01,esm2_mean,locus,0,1.0,13696,0.0,0.74022645
20224,HLA-A*03:01,esm2_mean,locus,0,1.0,13696,0.0,1.9662554
20226,HLA-A*80:01,esm2_mean,locus,0,1.0,13696,0.18232155679395465,0.05001211
20230,HLA-A*24:07,esm2_mean,locus,0,1.0,13696,0.18232155679395465,0.71712375
20234,HLA-A*02:50,esm2_mean,locus,0,1.0,13696,1.2237754316221157,2.0266545
20238,HLA-A*74:01,esm2_mean,locus,0,1.0,13696,1.8870696490323797,0.8621731
20239,HLA-A*23:01,esm2_mean,locus,0,1.0,13696,3.169685580677429,0.9270153
20241,HLA-A*24:19,esm2_mean,locus,0,1.0,13696,0.18232155679395465,0.056682467
20242,HLA-A*03:01,esm2_mean,locus,0,1.0,13696,0.4054651081081644,2.1479256
20243,HLA-A*02:50,esm2_mean,locus,0,1.0,13696,0.5306282510621704,1.8550965
20244,HLA-A*02:16,esm2_mean,locus,0,1.0,13696,2.517696472610991,1.4294275
20245,HLA-A*30:02,esm2_mean,locus,0,1.0,13696,0.9162907318741551,0.9349879
20246,HLA-A*32:01,esm2_mean,locus,0,1.0,13696,0.26236426446749106,0.6585593
20247,HLA-A*03:01,esm2_mean,locus,0,1.0,13696,1.3609765531356006,2.0937917
20249,HLA-A*24:19,esm2_mean,locus,0,1.0,13696,1.7404661748405046,0.03067106
20250,HLA-A*26:02,esm2_mean,locus,0,1.0,13696,0.5306282510621704,-0.26178223
20251,HLA-A*02:12,esm2_mean,locus,0,1.0,13696,0.9932517730102833,1.0119553
20252,HLA-A*33:03,esm2_mean,locus,0,1.0,13696,0.0,1.0785116
20257,HLA-A*24:19,esm2_mean,locus,0,1.0,13696,0.09531017980432487,0.105235994
20259,HLA-A*02:16,esm2_mean,locus,0,1.0,13696,3.2347491740244907,1.3757031
20260,HLA-A*33:03,esm2_mean,locus,0,1.0,13696,0.0,0.5887396
20261,HLA-A*68:01,esm2_mean,locus,0,1.0,13696,2.2925347571405443,1.6754007
20262,HLA-A*43:01,esm2_mean,locus,0,1.0,13696,0.0,0.9191749
20265,HLA-A*02:01,esm2_mean,locus,0,1.0,13696,2.468099531471619,1.6915194
20266,HLA-A*68:01,esm2_mean,locus,0,1.0,13696,0.0,1.9552293
20267,HLA-A*74:01,esm2_mean,locus,0,1.0,13696,3.0349529867072724,0.68169725
20269,HLA-A*43:01,esm2_mean,locus,0,1.0,13696,1.252762968495368,1.187978
20270,HLA-A*24:19,esm2_mean,locus,0,1.0,13696,0.18232155679395465,-0.18094867
20273,HLA-A*68:01,esm2_mean,locus,0,1.0,13696,0.0,1.4827424
20275,HLA-A*24:07,esm2_mean,locus,0,1.0,13696,0.26236426446749106,0.7815455
20280,HLA-A*26:02,esm2_mean,locus,0,1.0,13696,3.901972669574645,-0.040710628
20283,HLA-A*02:12,esm2_mean,locus,0,1.0,13696,0.0,0.76003915
20284,HLA-A*30:01,esm2_mean,locus,0,1.0,13696,0.26236426446749106,1.6150136
20285,HLA-A*11:01,esm2_mean,locus,0,1.0,13696,2.6461747973841225,1.4444523
20286,HLA-A*74:01,esm2_mean,locus,0,1.0,13696,0.26236426446749106,0.6524149
20290,HLA-A*68:23,esm2_mean,locus,0,1.0,13696,0.33647223662121295,0.7150917
20292,HLA-A*24:02,esm2_mean,locus,0,1.0,13696,2.760009940032921,1.0476891
20296,HLA-A*26:02,esm2_mean,locus,0,1.0,13696,0.832909122935104,0.12324566
20297,HLA-A*02:11,esm2_mean,locus,0,1.0,13696,2.631888840136646,1.3137679
20298,HLA-A*02:16,esm2_mean,locus,0,1.0,13696,2.151762203259462,1.4616851
20299,HLA-A*68:01,esm2_mean,locus,0,1.0,13696,0.832909122935104,1.6299486
20302,HLA-A*29:02,esm2_mean,locus,0,1.0,13696,0.6418538861723948,1.5673952
20303,HLA-A*26:02,esm2_mean,locus,0,1.0,13696,0.26236426446749106,-0.036937535
20304,HLA-A*80:01,esm2_mean,locus,0,1.0,13696,0.0,0.5677885
20305,HLA-A*32:07,esm2_mean,locus,0,1.0,13696,0.0,0.41445345
20308,HLA-A*24:19,esm2_mean,locus,0,1.0,13696,0.5877866649021191,0.4245674
20309,HLA-A*68:23,esm2_mean,locus,0,1.0,13696,0.5877866649021191,0.60896486
20311,HLA-A*66:01,esm2_mean,locus,0,1.0,13696,0.0,0.7214713
20314,HLA-A*23:01,esm2_mean,locus,0,1.0,13696,2.9856819377004897,0.97432214
20315,HLA-A*32:07,esm2_mean,locus,0,1.0,13696,0.0,0.6477675
20318,HLA-A*26:02,esm2_mean,locus,0,1.0,13696,0.4700036292457355,-0.17814249
20319,HLA-A*68:23,esm2_mean,locus,0,1.0,13696,0.0,0.29823804
20322,HLA-A*02:19,esm2_mean,locus,0,1.0,13696,2.8791984572980396,1.8042002
20326,HLA-A*31:01,esm2_mean,locus,0,1.0,13696,3.2228678461377385,1.2842376
20327,HLA-A*23:01,esm2_mean,locus,0,1.0,13696,1.252762968495368,1.0275447
20328,HLA-A*23:01,esm2_mean,locus,0,1.0,13696,3.768152635008444,1.1957707
20329,HLA-A*25:01,esm2_mean,locus,0,1.0,13696,1.0296194171811583,0.55899477
20330,HLA-A*66:01,esm2_mean,locus,0,1.0,13696,0.26236426446749106,0.6936542
20333,HLA-A*30:01,esm2_mean,locus,0,1.0,13696,3.572345637857985,1.2981646
20338,HLA-A*24:02,esm2_mean,locus,0,1.0,13696,1.62924053973028,1.0984964
20339,HLA-A*02:10,esm2_mean,locus,0,1.0,13696,1.0647107369924282,0.78110313
20340,HLA-A*33:03,esm2_mean,locus,0,1.0,13696,2.5877640352277083,1.3780799
20342,HLA-A*30:02,esm2_mean,locus,0,1.0,13696,0.09531017980432487,0.6543459
20343,HLA-A*80:01,esm2_mean,locus,0,1.0,13696,0.5877866649021191,0.20758516
20344,HLA-A*23:01,esm2_mean,locus,0,1.0,13696,1.8562979903656263,0.9306207
20346,HLA-A*66:01,esm2_mean,locus,0,1.0,13696,0.09531017980432487,0.8195489
20348,HLA-A*33:03,esm2_mean,locus,0,1.0,13696,2.803360380906535,1.3379291
20350,HLA-A*68:23,esm2_mean,locus,0,1.0,13696,0.18232155679395465,0.5520016
20354,HLA-A*23:01,esm2_mean,locus,0,1.0,13696,0.7884573603642702,0.8712937
20356,HLA-A*26:02,esm2_mean,locus,0,1.0,13696,0.4054651081081644,0.0791108
20357,HLA-A*68:23,esm2_mean,locus,0,1.0,13696,0.4054651081081644,0.3769861
20358,HLA-A*02:10,esm2_mean,locus,0,1.0,13696,0.5877866649021191,1.2260972
20359,HLA-A*02:50,esm2_mean,locus,0,1.0,13696,0.5877866649021191,1.5381484
20362,HLA-A*68:23,esm2_mean,locus,0,1.0,13696,0.26236426446749106,0.5645014
20365,HLA-A*30:02,esm2_mean,locus,0,1.0,13696,0.5306282510621704,0.82646054
20366,HLA-A*32:07,esm2_mean,locus,0,1.0,13696,0.0,0.8444853
20373,HLA-A*24:03,esm2_mean,locus,0,1.0,13696,3.6270040503958487,0.6895282
20375,HLA-A*24:19,esm2_mean,locus,0,1.0,13696,0.0,0.04802978
20376,HLA-A*26:02,esm2_mean,locus,0,1.0,13696,3.126760535960395,-0.2818355
20378,HLA-A*02:01,esm2_mean,locus,0,1.0,13696,3.4011973816621555,1.7759173
20379,HLA-A*02:12,esm2_mean,locus,0,1.0,13696,1.7404661748405046,1.2985593
20381,HLA-A*24:07,esm2_mean,locus,0,1.0,13696,0.5306282510621704,0.9210168
20383,HLA-A*33:03,esm2_mean,locus,0,1.0,13696,0.0,1.4197185
20385,HLA-A*29:02,esm2_mean,locus,0,1.0,13696,2.4336133554004498,1.7961859
20386,HLA-A*23:01,esm2_mean,locus,0,1.0,13696,3.5115454388310208,0.7698959
20390,HLA-A*02:10,esm2_mean,locus,0,1.0,13696,3.3638415951183864,0.7584314
20391,HLA-A*02:16,esm2_mean,locus,0,1.0,13696,0.6418538861723948,1.4741513
20392,HLA-A*33:03,esm2_mean,locus,0,1.0,13696,2.468099531471619,1.4348707
20393,HLA-A*43:01,esm2_mean,locus,0,1.0,13696,0.33647223662121295,1.2637175
20394,HLA-A*29:02,esm2_mean,locus,0,1.0,13696,1.62924053973028,1.6206428
20396,HLA-A*02:16,esm2_mean,locus,0,1.0,13696,2.4336133554004498,1.5154104
20397,HLA-A*02:19,esm2_mean,locus,0,1.0,13696,1.5040773967762742,1.8297794
20398,HLA-A*68:01,esm2_mean,locus,0,1.0,13696,3.4688560301359703,1.6488476
20401,HLA-A*31:01,esm2_mean,locus,0,1.0,13696,0.8754687373538999,0.8989352
20404,HLA-A*02:10,esm2_mean,locus,0,1.0,13696,0.09531017980432487,0.76297015
20405,HLA-A*02:19,esm2_mean,locus,0,1.0,13696,2.341805806147327,1.5464832
20406,HLA-A*33:03,esm2_mean,locus,0,1.0,13696,0.0,1.1735017
20408,HLA-A*66:01,esm2_mean,locus,0,1.0,13696,0.33647223662121295,0.8161412
20409,HLA-A*26:03,esm2_mean,locus,0,1.0,13696,1.6094379124341003,0.82096726
20412,HLA-A*02:03,esm2_mean,locus,0,1.0,13696,3.6054978451748854,1.1826758
20413,HLA-A*02:11,esm2_mean,locus,0,1.0,13696,2.2925347571405443,1.1094518
20415,HLA-A*74:01,esm2_mean,locus,0,1.0,13696,5.217649463480582,0.8878547
20417,HLA-A*80:01,esm2_mean,locus,0,1.0,13696,0.0,0.24127382
20420,HLA-A*31:01,esm2_mean,locus,0,1.0,13696,0.8754687373538999,1.1185181
20421,HLA-A*02:16,esm2_mean,locus,0,1.0,13696,3.5085558999826545,1.9112914
20426,HLA-A*80:01,esm2_mean,locus,0,1.0,13696,0.5877866649021191,0.25322586
20427,HLA-A*02:01,esm2_mean,locus,0,1.0,13696,1.252762968495368,1.3035402
20428,HLA-A*02:11,esm2_mean,locus,0,1.0,13696,1.8562979903656263,1.2329876
20433,HLA-A*02:03,esm2_mean,locus,0,1.0,13696,1.0647107369924282,1.0116262
20434,HLA-A*02:12,esm2_mean,locus,0,1.0,13696,3.3105430133940246,1.105849
20436,HLA-A*26:03,esm2_mean,locus,0,1.0,13696,0.26236426446749106,0.35032678
20437,HLA-A*02:01,esm2_mean,locus,0,1.0,13696,1.0647107369924282,0.93339926
20438,HLA-A*02:16,esm2_mean,locus,0,1.0,13696,3.3068867021909143,1.5194795
20439,HLA-A*03:01,esm2_mean,locus,0,1.0,13696,0.832909122935104,1.7170591
20441,HLA-A*31:01,esm2_mean,locus,0,1.0,13696,0.33647223662121295,1.1362929
20442,HLA-A*74:01,esm2_mean,locus,0,1.0,13696,2.5649493574615367,0.8761289
20443,HLA-A*29:02,esm2_mean,locus,0,1.0,13696,1.0986122886681098,1.8904257
20444,HLA-A*33:03,esm2_mean,locus,0,1.0,13696,2.4849066497880004,0.7988677
20448,HLA-A*24:07,esm2_mean,locus,0,1.0,13696,1.7404661748405046,0.8231715
20450,HLA-A*02:16,esm2_mean,locus,0,1.0,13696,2.747270914255491,1.5938165
20451,HLA-A*74:01,esm2_mean,locus,0,1.0,13696,0.33647223662121295,0.8601339
20453,HLA-A*30:02,esm2_mean,locus,0,1.0,13696,1.0986122886681098,0.8453129
20454,HLA-A*32:07,esm2_mean,locus,0,1.0,13696,1.4586150226995167,0.40592432
20457,HLA-A*24:02,esm2_mean,locus,0,1.0,13696,0.18232155679395465,1.071197
20461,HLA-A*30:02,esm2_mean,locus,0,1.0,13696,0.7884573603642702,0.9732763
20462,HLA-A*30:02,esm2_mean,locus,0,1.0,13696,2.302585092994046,0.7158483
20465,HLA-A*02:03,esm2_mean,locus,0,1.0,13696,0.9555114450274363,1.5752525
20466,HLA-A*68:01,esm2_mean,locus,0,1.0,13696,0.0,1.5614157
20473,HLA-A*43:01,esm2_mean,locus,0,1.0,13696,0.0,1.1626172
20475,HLA-A*33:03,esm2_mean,locus,0,1.0,13696,1.0647107369924282,0.8366684
20482,HLA-A*30:02,esm2_mean,locus,0,1.0,13696,1.791759469228055,1.0968692
20483,HLA-A*23:01,esm2_mean,locus,0,1.0,13696,3.4719664525503626,1.281577
20484,HLA-A*23:01,esm2_mean,locus,0,1.0,13696,2.9014215940827497,1.0626346
20485,HLA-A*02:10,esm2_mean,locus,0,1.0,13696,2.424802725718295,1.1277292
20486,HLA-A*33:03,esm2_mean,locus,0,1.0,13696,2.9069010598473755,1.0101197
20489,HLA-A*32:07,esm2_mean,locus,0,1.0,13696,0.0,0.70224106
20490,HLA-A*66:01,esm2_mean,locus,0,1.0,13696,0.18232155679395465,0.8862011
20497,HLA-A*25:01,esm2_mean,locus,0,1.0,13696,0.0,0.44836777
20501,HLA-A*30:01,esm2_mean,locus,0,1.0,13696,1.0296194171811583,1.528333
20505,HLA-A*68:01,esm2_mean,locus,0,1.0,13696,0.0,1.8645065
20507,HLA-A*80:01,esm2_mean,locus,0,1.0,13696,0.33647223662121295,0.089497864
20509,HLA-A*24:19,esm2_mean,locus,0,1.0,13696,0.18232155679395465,-0.45394176
20513,HLA-A*26:02,esm2_mean,locus,0,1.0,13696,0.33647223662121295,-0.4211728
20515,HLA-A*31:01,esm2_mean,locus,0,1.0,13696,1.62924053973028,1.0669466
20516,HLA-A*24:07,esm2_mean,locus,0,1.0,13696,0.0,0.74849224
20519,HLA-A*31:01,esm2_mean,locus,0,1.0,13696,1.4350845252893227,1.3304905
20530,HLA-A*26:03,esm2_mean,locus,0,1.0,13696,0.33647223662121295,0.45716375
20536,HLA-A*30:02,esm2_mean,locus,0,1.0,13696,0.26236426446749106,1.1743538
20538,HLA-A*02:11,esm2_mean,locus,0,1.0,13696,3.4468078929142076,1.2730281
20539,HLA-A*02:19,esm2_mean,locus,0,1.0,13696,2.4423470353692043,1.3711386
20543,HLA-A*02:50,esm2_mean,locus,0,1.0,13696,1.9878743481543455,1.5794444
20547,HLA-A*26:02,esm2_mean,locus,0,1.0,13696,3.6375861597263857,-0.049200237
20548,HLA-A*68:23,esm2_mean,locus,0,1.0,13696,0.7419373447293773,0.7648467
20549,HLA-A*26:03,esm2_mean,locus,0,1.0,13696,0.33647223662121295,0.64086425
20550,HLA-A*24:02,esm2_mean,locus,0,1.0,13696,0.5306282510621704,1.0468117
20552,HLA-A*02:11,esm2_mean,locus,0,1.0,13696,0.6418538861723948,1.3840228
20554,HLA-A*43:01,esm2_mean,locus,0,1.0,13696,0.0,0.91889226
20556,HLA-A*02:50,esm2_mean,locus,0,1.0,13696,2.70805020110221,1.6489816
20558,HLA-A*33:03,esm2_mean,locus,0,1.0,13696,3.906004933102583,1.4476851
20559,HLA-A*24:02,esm2_mean,locus,0,1.0,13696,0.7884573603642702,0.748633
20561,HLA-A*24:19,esm2_mean,locus,0,1.0,13696,0.18232155679395465,-0.18976694
20566,HLA-A*24:02,esm2_mean,locus,0,1.0,13696,0.18232155679395465,1.334774
20567,HLA-A*23:01,esm2_mean,locus,0,1.0,13696,3.4873750779032076,0.95398676
20572,HLA-A*24:02,esm2_mean,locus,0,1.0,13696,0.0,0.9615905
20573,HLA-A*24:03,esm2_mean,locus,0,1.0,13696,1.791759469228055,1.0584849
20575,HLA-A*25:01,esm2_mean,locus,0,1.0,13696,0.0,0.62184256
20576,HLA-A*02:50,esm2_mean,locus,0,1.0,13696,2.186051276738094,1.9712667
20577,HLA-A*02:19,esm2_mean,locus,0,1.0,13696,1.7047480922384253,1.6480024
20579,HLA-A*29:02,esm2_mean,locus,0,1.0,13696,0.26236426446749106,1.6988244
20582,HLA-A*24:02,esm2_mean,locus,0,1.0,13696,0.26236426446749106,0.8106711
20583,HLA-A*02:16,esm2_mean,locus,0,1.0,13696,3.2771447329921766,1.5430744
20585,HLA-A*26:03,esm2_mean,locus,0,1.0,13696,1.824549292051046,0.82026064
20590,HLA-A*02:12,esm2_mean,locus,0,1.0,13696,3.4372078191851885,1.2018883
20593,HLA-A*24:02,esm2_mean,locus,0,1.0,13696,0.6931471805599453,1.1508011
20594,HLA-A*24:02,esm2_mean,locus,0,1.0,13696,0.30010459245033805,1.0598508
20595,HLA-A*02:50,esm2_mean,locus,0,1.0,13696,2.9806186357439426,1.511903
20596,HLA-A*24:19,esm2_mean,locus,0,1.0,13696,0.18232155679395465,0.33910716
20597,HLA-A*25:01,esm2_mean,locus,0,1.0,13696,0.7419373447293773,0.8189499
20598,HLA-A*26:02,esm2_mean,locus,0,1.0,13696,0.4700036292457355,0.10663515
20600,HLA-A*24:07,esm2_mean,locus,0,1.0,13696,0.26236426446749106,0.48426908
20602,HLA-A*33:03,esm2_mean,locus,0,1.0,13696,2.2617630984737906,0.9657105
20605,HLA-A*32:07,esm2_mean,locus,0,1.0,13696,0.832909122935104,1.0593138
20607,HLA-A*24:07,esm2_mean,locus,0,1.0,13696,3.1135153092103742,0.7092339
20609,HLA-A*24:02,esm2_mean,locus,0,1.0,13696,0.8754687373538999,0.6146995
20610,HLA-A*02:50,esm2_mean,locus,0,1.0,13696,2.91235066461494,1.6754788
20619,HLA-A*31:01,esm2_mean,locus,0,1.0,13696,0.5306282510621704,1.1412961
20620,HLA-A*29:02,esm2_mean,locus,0,1.0,13696,2.833213344056216,1.508669
20621,HLA-A*30:02,esm2_mean,locus,0,1.0,13696,0.18232155679395465,1.141795
20622,HLA-A*32:07,esm2_mean,locus,0,1.0,13696,0.0,0.43789488
20624,HLA-A*43:01,esm2_mean,locus,0,1.0,13696,0.09531017980432487,0.96500456
20626,HLA-A*24:19,esm2_mean,locus,0,1.0,13696,0.0,0.27608657
20629,HLA-A*24:02,esm2_mean,locus,0,1.0,13696,1.5686159179138452,0.9476416
20630,HLA-A*02:12,esm2_mean,locus,0,1.0,13696,2.833213344056216,1.3227619
20632,HLA-A*30:01,esm2_mean,locus,0,1.0,13696,0.0,1.220406
20634,HLA-A*32:07,esm2_mean,locus,0,1.0,13696,1.0986122886681098,0.8861921
20635,HLA-A*02:01,esm2_mean,locus,0,1.0,13696,0.7884573603642702,1.7291238
20639,HLA-A*02:12,esm2_mean,locus,0,1.0,13696,0.5306282510621704,1.2703948
20640,HLA-A*33:03,esm2_mean,locus,0,1.0,13696,1.6863989535702288,1.100744
20641,HLA-A*74:01,esm2_mean,locus,0,1.0,13696,1.0647107369924282,0.5692471
20648,HLA-A*43:01,esm2_mean,locus,0,1.0,13696,0.4054651081081644,0.976018
20650,HLA-A*68:01,esm2_mean,locus,0,1.0,13696,0.8754687373538999,1.5819168
20651,HLA-A*68:01,esm2_mean,locus,0,1.0,13696,0.0,1.8531933
20654,HLA-A*26:02,esm2_mean,locus,0,1.0,13696,0.5306282510621704,-0.11856109
20658,HLA-A*23:01,esm2_mean,locus,0,1.0,13696,3.2308043957334744,1.1231421
20659,HLA-A*26:03,esm2_mean,locus,0,1.0,13696,0.0,0.73593676
20663,HLA-A*03:01,esm2_mean,locus,0,1.0,13696,2.0014800002101243,1.8309114
20664,HLA-A*24:02,esm2_mean,locus,0,1.0,13696,0.26236426446749106,1.1607337
20665,HLA-A*02:19,esm2_mean,locus,0,1.0,13696,3.6428355156125294,1.6390855
20666,HLA-A*31:01,esm2_mean,locus,0,1.0,13696,4.976043849326636,1.459907
20672,HLA-A*43:01,esm2_mean,locus,0,1.0,13696,0.33647223662121295,0.8259396
20673,HLA-A*74:01,esm2_mean,locus,0,1.0,13696,2.4336133554004498,1.0859747
20678,HLA-A*43:01,esm2_mean,locus,0,1.0,13696,0.4054651081081644,0.9840672
20680,HLA-A*02:19,esm2_mean,locus,0,1.0,13696,2.4336133554004498,1.5972714
20681,HLA-A*30:01,esm2_mean,locus,0,1.0,13696,0.09531017980432487,1.5166485
20683,HLA-A*74:01,esm2_mean,locus,0,1.0,13696,0.4054651081081644,0.39113492
20686,HLA-A*26:03,esm2_mean,locus,0,1.0,13696,0.5306282510621704,0.55693233
20687,HLA-A*68:01,esm2_mean,locus,0,1.0,13696,0.0,1.16294
20688,HLA-A*11:01,esm2_mean,locus,0,1.0,13696,1.824549292051046,1.0616125
20691,HLA-A*30:02,esm2_mean,locus,0,1.0,13696,1.6486586255873816,1.1163555
20693,HLA-A*02:10,esm2_mean,locus,0,1.0,13696,1.7404661748405046,0.86160564
20696,HLA-A*02:03,esm2_mean,locus,0,1.0,13696,3.254242968705492,1.5310259
20699,HLA-A*25:01,esm2_mean,locus,0,1.0,13696,0.0,0.3706404
20701,HLA-A*02:10,esm2_mean,locus,0,1.0,13696,3.9219733362813143,0.6885721
20703,HLA-A*29:02,esm2_mean,locus,0,1.0,13696,0.7419373447293773,1.6334912
20704,HLA-A*24:19,esm2_mean,locus,0,1.0,13696,0.18232155679395465,-0.1834448
20705,HLA-A*43:01,esm2_mean,locus,0,1.0,13696,1.0986122886681098,0.8369655
20708,HLA-A*02:11,esm2_mean,locus,0,1.0,13696,2.772588722239781,1.590035
20709,HLA-A*02:16,esm2_mean,locus,0,1.0,13696,3.091042453358316,1.3489244
20712,HLA-A*66:01,esm2_mean,locus,0,1.0,13696,0.0,0.57124805
20717,HLA-A*24:02,esm2_mean,locus,0,1.0,13696,0.9162907318741551,0.9135913
20720,HLA-A*68:23,esm2_mean,locus,0,1.0,13696,3.8264651170664994,0.7000023
20721,HLA-A*66:01,esm2_mean,locus,0,1.0,13696,0.0,1.1400127
20722,HLA-A*66:01,esm2_mean,locus,0,1.0,13696,0.09531017980432487,0.68859434
20724,HLA-A*02:16,esm2_mean,locus,0,1.0,13696,2.151762203259462,0.8463243
20731,HLA-A*32:07,esm2_mean,locus,0,1.0,13696,0.0,0.47750556
20732,HLA-A*24:07,esm2_mean,locus,0,1.0,13696,0.7419373447293773,0.42215413
20733,HLA-A*26:02,esm2_mean,locus,0,1.0,13696,0.5877866649021191,-0.11458892
20734,HLA-A*24:02,esm2_mean,locus,0,1.0,13696,0.18232155679395465,1.1024932
20737,HLA-A*02:10,esm2_mean,locus,0,1.0,13696,0.4054651081081644,0.6801663
20739,HLA-A*02:16,esm2_mean,locus,0,1.0,13696,2.6390573296152584,1.444185
20742,HLA-A*02:03,esm2_mean,locus,0,1.0,13696,2.1972245773362196,0.968333
20750,HLA-A*68:23,esm2_mean,locus,0,1.0,13696,0.18232155679395465,0.62288046
20752,HLA-A*03:01,esm2_mean,locus,0,1.0,13696,0.6418538861723948,1.7456236
20753,HLA-A*03:01,esm2_mean,locus,0,1.0,13696,0.0,1.7137871
20754,HLA-A*24:02,esm2_mean,locus,0,1.0,13696,1.2237754316221157,0.8696285
20756,HLA-A*31:01,esm2_mean,locus,0,1.0,13696,1.33500106673234,0.978089
20759,HLA-A*23:01,esm2_mean,locus,0,1.0,13696,2.2823823856765264,1.22533
20762,HLA-A*24:02,esm2_mean,locus,0,1.0,13696,0.33647223662121295,0.8648907
20763,HLA-A*02:10,esm2_mean,locus,0,1.0,13696,0.5877866649021191,0.81708646
20764,HLA-A*30:02,esm2_mean,locus,0,1.0,13696,0.26236426446749106,0.9879879
20765,HLA-A*30:02,esm2_mean,locus,0,1.0,13696,0.6418538861723948,1.0257922
20766,HLA-A*24:02,esm2_mean,locus,0,1.0,13696,2.4069451083182885,1.120928
20770,HLA-A*02:03,esm2_mean,locus,0,1.0,13696,2.995732273553991,1.0813241
20771,HLA-A*30:01,esm2_mean,locus,0,1.0,13696,0.0,1.3148599
20775,HLA-A*26:02,esm2_mean,locus,0,1.0,13696,0.18232155679395465,-0.077337086
20776,HLA-A*26:03,esm2_mean,locus,0,1.0,13696,0.0,0.676772
20781,HLA-A*32:07,esm2_mean,locus,0,1.0,13696,0.0,0.56991774
20783,HLA-A*02:03,esm2_mean,locus,0,1.0,13696,1.9740810260220096,1.0982826
20784,HLA-A*33:03,esm2_mean,locus,0,1.0,13696,0.0,1.1607833
20785,HLA-A*68:23,esm2_mean,locus,0,1.0,13696,1.2237754316221157,0.51258206
20788,HLA-A*24:19,esm2_mean,locus,0,1.0,13696,0.26236426446749106,0.12983531
20790,HLA-A*02:16,esm2_mean,locus,0,1.0,13696,0.7419373447293773,1.4089782
20791,HLA-A*30:01,esm2_mean,locus,0,1.0,13696,3.0633909220278057,1.3914499
20794,HLA-A*02:11,esm2_mean,locus,0,1.0,13696,0.7884573603642702,0.9054637
20795,HLA-A*02:12,esm2_mean,locus,0,1.0,13696,3.5115454388310208,1.3878926
20796,HLA-A*26:03,esm2_mean,locus,0,1.0,13696,0.0,0.71517193
20798,HLA-A*24:02,esm2_mean,locus,0,1.0,13696,0.09531017980432487,1.0481342
20799,HLA-A*02:10,esm2_mean,locus,0,1.0,13696,0.4054651081081644,0.8184576
20800,HLA-A*02:16,esm2_mean,locus,0,1.0,13696,3.520460802488973,1.3824856
20810,HLA-A*26:03,esm2_mean,locus,0,1.0,13696,0.6931471805599453,0.51190764
20819,HLA-A*02:11,esm2_mean,locus,0,1.0,13696,2.7788192719904172,1.3479109
20820,HLA-A*02:12,esm2_mean,locus,0,1.0,13696,1.9459101490553132,0.9216963
20821,HLA-A*33:03,esm2_mean,locus,0,1.0,13696,0.33647223662121295,1.4264482
20822,HLA-A*68:01,esm2_mean,locus,0,1.0,13696,0.4054651081081644,1.6616871
20823,HLA-A*02:12,esm2_mean,locus,0,1.0,13696,0.6418538861723948,0.8729062
20824,HLA-A*02:50,esm2_mean,locus,0,1.0,13696,0.9932517730102833,1.8072972
20825,HLA-A*31:01,esm2_mean,locus,0,1.0,13696,0.26236426446749106,1.3369517
20829,HLA-A*24:07,esm2_mean,locus,0,1.0,13696,3.214867803470662,0.6025389
20830,HLA-A*68:23,esm2_mean,locus,0,1.0,13696,0.18232155679395465,0.6481205
20831,HLA-A*30:02,esm2_mean,locus,0,1.0,13696,0.8754687373538999,0.88985187
20833,HLA-A*24:19,esm2_mean,locus,0,1.0,13696,0.6418538861723948,-0.055357516
20835,HLA-A*02:11,esm2_mean,locus,0,1.0,13696,3.3141860046725258,1.7075458
20841,HLA-A*68:23,esm2_mean,locus,0,1.0,13696,0.0,0.6878396
20849,HLA-A*68:23,esm2_mean,locus,0,1.0,13696,0.18232155679395465,0.2997892
20850,HLA-A*66:01,esm2_mean,locus,0,1.0,13696,0.09531017980432487,0.6299617
20854,HLA-A*02:16,esm2_mean,locus,0,1.0,13696,1.6486586255873816,1.2740843
20859,HLA-A*24:19,esm2_mean,locus,0,1.0,13696,0.5306282510621704,0.12707108
20860,HLA-A*24:02,esm2_mean,locus,0,1.0,13696,2.151762203259462,1.1056461
20861,HLA-A*02:11,esm2_mean,locus,0,1.0,13696,2.1162555148025524,1.1095989
20862,HLA-A*74:01,esm2_mean,locus,0,1.0,13696,3.1179499062782403,0.65787476
20864,HLA-A*30:02,esm2_mean,locus,0,1.0,13696,0.26236426446749106,0.95348823
20867,HLA-A*03:01,esm2_mean,locus,0,1.0,13696,1.1314021114911006,1.7960287
20873,HLA-A*32:07,esm2_mean,locus,0,1.0,13696,2.312535423847214,0.8763468
20876,HLA-A*74:01,esm2_mean,locus,0,1.0,13696,3.529297384289471,0.9119468
20877,HLA-A*24:07,esm2_mean,locus,0,1.0,13696,0.4700036292457355,1.0954471
20878,HLA-A*26:03,esm2_mean,locus,0,1.0,13696,0.26236426446749106,0.5425453
20880,HLA-A*29:02,esm2_mean,locus,0,1.0,13696,3.246490991901174,1.31668
20882,HLA-A*74:01,esm2_mean,locus,0,1.0,13696,0.0,0.6216607
20886,HLA-A*24:19,esm2_mean,locus,0,1.0,13696,0.26236426446749106,0.15180427
20889,HLA-A*24:19,esm2_mean,locus,0,1.0,13696,1.8870696490323797,0.31261486
20891,HLA-A*02:01,esm2_mean,locus,0,1.0,13696,1.5260563034950494,1.6518712
20893,HLA-A*26:03,esm2_mean,locus,0,1.0,13696,0.7419373447293773,0.59281135
20895,HLA-A*24:03,esm2_mean,locus,0,1.0,13696,2.714694743820879,0.68643785
20896,HLA-A*02:03,esm2_mean,locus,0,1.0,13696,0.33647223662121295,0.7615437
20902,HLA-A*43:01,esm2_mean,locus,0,1.0,13696,0.0,1.4375182
20903,HLA-A*30:02,esm2_mean,locus,0,1.0,13696,0.0,0.82136416
20904,HLA-A*23:01,esm2_mean,locus,0,1.0,13696,2.272125885509337,1.120069
20905,HLA-A*23:01,esm2_mean,locus,0,1.0,13696,1.9459101490553132,0.9187393
20907,HLA-A*29:02,esm2_mean,locus,0,1.0,13696,0.0,1.5851347
20908,HLA-A*68:01,esm2_mean,locus,0,1.0,13696,0.26236426446749106,1.4803321
20911,HLA-A*68:23,esm2_mean,locus,0,1.0,13696,0.5877866649021191,0.15264314
20912,HLA-A*66:01,esm2_mean,locus,0,1.0,13696,0.26236426446749106,0.81049335
20913,HLA-A*03:01,esm2_mean,locus,0,1.0,13696,0.0,1.7106864
20914,HLA-A*30:01,esm2_mean,locus,0,1.0,13696,0.4054651081081644,1.259425
20915,HLA-A*02:19,esm2_mean,locus,0,1.0,13696,1.1939224684724346,1.6583674
20920,HLA-A*02:12,esm2_mean,locus,0,1.0,13696,2.517696472610991,0.685332
20923,HLA-A*26:02,esm2_mean,locus,0,1.0,13696,0.7419373447293773,-0.21778673
20933,HLA-A*03:01,esm2_mean,locus,0,1.0,13696,0.4054651081081644,2.0700266
20934,HLA-A*11:01,esm2_mean,locus,0,1.0,13696,1.9600947840472698,1.5502219
20936,HLA-A*23:01,esm2_mean,locus,0,1.0,13696,1.5040773967762742,0.85722774
20937,HLA-A*26:02,esm2_mean,locus,0,1.0,13696,2.4069451083182885,0.032414734
20938,HLA-A*32:01,esm2_mean,locus,0,1.0,13696,0.18232155679395465,0.039882362
20940,HLA-A*02:16,esm2_mean,locus,0,1.0,13696,3.6838669122903918,1.2665719
20946,HLA-A*31:01,esm2_mean,locus,0,1.0,13696,3.100092288878234,0.9532029
20951,HLA-A*02:16,esm2_mean,locus,0,1.0,13696,1.9878743481543455,1.4462483
20952,HLA-A*02:16,esm2_mean,locus,0,1.0,13696,3.0106208860477417,1.3921583
20955,HLA-A*68:23,esm2_mean,locus,0,1.0,13696,0.5306282510621704,0.7408923
20957,HLA-A*02:10,esm2_mean,locus,0,1.0,13696,0.18232155679395465,0.6736117
20958,HLA-A*43:01,esm2_mean,locus,0,1.0,13696,1.8718021769015913,0.97161126
20959,HLA-A*66:01,esm2_mean,locus,0,1.0,13696,0.18232155679395465,0.8000854
20960,HLA-A*43:01,esm2_mean,locus,0,1.0,13696,0.18232155679395465,1.1473407
20963,HLA-A*74:01,esm2_mean,locus,0,1.0,13696,0.26236426446749106,0.6203071
20969,HLA-A*02:19,esm2_mean,locus,0,1.0,13696,1.33500106673234,1.6732705
20978,HLA-A*66:01,esm2_mean,locus,0,1.0,13696,0.0,0.6253181
20981,HLA-A*29:02,esm2_mean,locus,0,1.0,13696,0.4700036292457355,1.7033647
20983,HLA-A*02:01,esm2_mean,locus,0,1.0,13696,0.6931471805599453,1.737154
20984,HLA-A*24:02,esm2_mean,locus,0,1.0,13696,0.7419373447293773,1.2774575
20985,HLA-A*02:11,esm2_mean,locus,0,1.0,13696,1.9315214116032138,1.4700506
20987,HLA-A*24:03,esm2_mean,locus,0,1.0,13696,2.8094026953624973,1.1857114
20988,HLA-A*24:19,esm2_mean,locus,0,1.0,13696,0.0,0.05545658
20991,HLA-A*02:50,esm2_mean,locus,0,1.0,13696,2.3702437414678603,1.2999272
20992,HLA-A*33:03,esm2_mean,locus,0,1.0,13696,0.7884573603642702,1.243925
20994,HLA-A*03:01,esm2_mean,locus,0,1.0,13696,3.3463891451671604,1.9477166
20998,HLA-A*29:02,esm2_mean,locus,0,1.0,13696,1.0647107369924282,1.4717617
21001,HLA-A*24:02,esm2_mean,locus,0,1.0,13696,3.4452142670789296,1.1708463
21002,HLA-A*02:10,esm2_mean,locus,0,1.0,13696,2.2082744135228043,0.69807184
21004,HLA-A*32:07,esm2_mean,locus,0,1.0,13696,0.09531017980432487,1.07114
21012,HLA-A*02:01,esm2_mean,locus,0,1.0,13696,1.4586150226995167,2.0289645
21014,HLA-A*02:10,esm2_mean,locus,0,1.0,13696,2.424802725718295,0.8344995
21015,HLA-A*68:01,esm2_mean,locus,0,1.0,13696,0.7419373447293773,1.7157031
21017,HLA-A*43:01,esm2_mean,locus,0,1.0,13696,0.26236426446749106,0.9963429
21018,HLA-A*24:19,esm2_mean,locus,0,1.0,13696,0.18232155679395465,-0.6678502
21019,HLA-A*24:19,esm2_mean,locus,0,1.0,13696,0.18232155679395465,-0.029599011
21020,HLA-A*24:19,esm2_mean,locus,0,1.0,13696,1.7578579175523736,0.08914071
21028,HLA-A*43:01,esm2_mean,locus,0,1.0,13696,0.7884573603642702,0.21618992
21032,HLA-A*43:01,esm2_mean,locus,0,1.0,13696,0.26236426446749106,0.8430139
21034,HLA-A*02:01,esm2_mean,locus,0,1.0,13696,3.054001181677967,1.7202538
21038,HLA-A*24:07,esm2_mean,locus,0,1.0,13696,3.095577608523707,1.123654
21039,HLA-A*25:01,esm2_mean,locus,0,1.0,13696,0.26236426446749106,0.5494417
21040,HLA-A*66:01,esm2_mean,locus,0,1.0,13696,0.18232155679395465,0.8861332
21041,HLA-A*43:01,esm2_mean,locus,0,1.0,13696,0.5877866649021191,0.8664347
21042,HLA-A*23:01,esm2_mean,locus,0,1.0,13696,0.5306282510621704,0.5024254
21044,HLA-A*33:03,esm2_mean,locus,0,1.0,13696,0.18232155679395465,1.2712152
21047,HLA-A*02:11,esm2_mean,locus,0,1.0,13696,1.667706820558076,1.6242026
21048,HLA-A*02:16,esm2_mean,locus,0,1.0,13696,2.509599262378372,1.4591992
21049,HLA-A*02:01,esm2_mean,locus,0,1.0,13696,0.5877866649021191,1.9217253
21050,HLA-A*11:01,esm2_mean,locus,0,1.0,13696,0.18232155679395465,1.1992178
21054,HLA-A*24:03,esm2_mean,locus,0,1.0,13696,3.5496173867804286,0.5304061
21057,HLA-A*03:01,esm2_mean,locus,0,1.0,13696,3.484312288372662,2.3266885
21059,HLA-A*02:16,esm2_mean,locus,0,1.0,13696,0.9555114450274363,1.4808717
21060,HLA-A*02:19,esm2_mean,locus,0,1.0,13696,1.9021075263969205,1.577065
21062,HLA-A*31:01,esm2_mean,locus,0,1.0,13696,0.18232155679395465,1.3478312
21065,HLA-A*25:01,esm2_mean,locus,0,1.0,13696,0.0,0.50204146
21066,HLA-A*66:01,esm2_mean,locus,0,1.0,13696,0.0,0.6295273
21069,HLA-A*23:01,esm2_mean,locus,0,1.0,13696,1.33500106673234,1.2617365
21072,HLA-A*02:19,esm2_mean,locus,0,1.0,13696,2.2925347571405443,1.7766697
21073,HLA-A*24:02,esm2_mean,locus,0,1.0,13696,1.0986122886681098,0.48842317
21074,HLA-A*11:01,esm2_mean,locus,0,1.0,13696,3.1654750481410856,1.4865052
21079,HLA-A*24:03,esm2_mean,locus,0,1.0,13696,1.2237754316221157,0.35826916
21081,HLA-A*33:03,esm2_mean,locus,0,1.0,13696,3.742420221041966,1.1594119
21084,HLA-A*80:01,esm2_mean,locus,0,1.0,13696,0.0,-0.20751172
21085,HLA-A*24:19,esm2_mean,locus,0,1.0,13696,0.9555114450274363,0.030726492
21086,HLA-A*02:01,esm2_mean,locus,0,1.0,13696,1.9021075263969205,1.7635934
21090,HLA-A*02:12,esm2_mean,locus,0,1.0,13696,3.3638415951183864,1.2480822
21091,HLA-A*02:50,esm2_mean,locus,0,1.0,13696,0.6931471805599453,1.4823552
21094,HLA-A*23:01,esm2_mean,locus,0,1.0,13696,3.9219733362813143,1.0154849
21096,HLA-A*02:10,esm2_mean,locus,0,1.0,13696,1.4586150226995167,0.8018452
21097,HLA-A*31:01,esm2_mean,locus,0,1.0,13696,0.832909122935104,0.93102837
21098,HLA-A*30:02,esm2_mean,locus,0,1.0,13696,0.26236426446749106,0.8694696
21099,HLA-A*26:03,esm2_mean,locus,0,1.0,13696,1.0296194171811583,0.5926908
21100,HLA-A*03:01,esm2_mean,locus,0,1.0,13696,0.0,1.6223984
21101,HLA-A*02:16,esm2_mean,locus,0,1.0,13696,1.6863989535702288,1.4218304
21102,HLA-A*80:01,esm2_mean,locus,0,1.0,13696,0.4700036292457355,-0.171251
21104,HLA-A*25:01,esm2_mean,locus,0,1.0,13696,0.4054651081081644,0.41510528
21108,HLA-A*80:01,esm2_mean,locus,0,1.0,13696,0.0,0.22598344
21110,HLA-A*31:01,esm2_mean,locus,0,1.0,13696,2.2192034840549946,1.5585501
21114,HLA-A*32:07,esm2_mean,locus,0,1.0,13696,0.0,0.6566935
21115,HLA-A*26:03,esm2_mean,locus,0,1.0,13696,2.681021528714291,0.60718167
21116,HLA-A*30:01,esm2_mean,locus,0,1.0,13696,0.5306282510621704,1.304859
21120,HLA-A*30:02,esm2_mean,locus,0,1.0,13696,0.5877866649021191,0.930797
21122,HLA-A*26:03,esm2_mean,locus,0,1.0,13696,0.33647223662121295,0.33545965
21125,HLA-A*24:02,esm2_mean,locus,0,1.0,13696,0.18232155679395465,1.1450728
21126,HLA-A*02:10,esm2_mean,locus,0,1.0,13696,2.8213788864092133,0.6804708
21129,HLA-A*68:23,esm2_mean,locus,0,1.0,13696,3.131136910560194,0.72603583
21136,HLA-A*24:07,esm2_mean,locus,0,1.0,13696,1.0647107369924282,0.5287405
21140,HLA-A*68:23,esm2_mean,locus,0,1.0,13696,0.33647223662121295,0.6580686
21141,HLA-A*03:01,esm2_mean,locus,0,1.0,13696,0.0,1.599031
21142,HLA-A*02:11,esm2_mean,locus,0,1.0,13696,0.8754687373538999,1.4801519
21143,HLA-A*33:03,esm2_mean,locus,0,1.0,13696,0.0,1.1920977
21145,HLA-A*26:02,esm2_mean,locus,0,1.0,13696,0.0,-0.44811732
21146,HLA-A*68:02,esm2_mean,locus,0,1.0,13696,0.7419373447293773,0.3785767
21150,HLA-A*02:16,esm2_mean,locus,0,1.0,13696,3.169685580677429,1.437406
21151,HLA-A*02:16,esm2_mean,locus,0,1.0,13696,2.2407096892759584,1.5472653
21152,HLA-A*31:01,esm2_mean,locus,0,1.0,13696,1.589235205116581,1.0011168
21157,HLA-A*26:02,esm2_mean,locus,0,1.0,13696,0.33647223662121295,0.188604
21159,HLA-A*02:10,esm2_mean,locus,0,1.0,13696,0.7884573603642702,0.5334446
21161,HLA-A*68:01,esm2_mean,locus,0,1.0,13696,0.7419373447293773,1.7862949
21164,HLA-A*24:03,esm2_mean,locus,0,1.0,13696,3.6635616461296463,0.5369246
21174,HLA-A*02:16,esm2_mean,locus,0,1.0,13696,2.954910279033736,1.4698591
21176,HLA-A*32:07,esm2_mean,locus,0,1.0,13696,4.1713056033582285,0.6655588
21180,HLA-A*74:01,esm2_mean,locus,0,1.0,13696,0.33647223662121295,0.4230773
21183,HLA-A*32:07,esm2_mean,locus,0,1.0,13696,0.5306282510621704,0.87410533
21186,HLA-A*30:02,esm2_mean,locus,0,1.0,13696,2.451005098112319,1.0859863
21187,HLA-A*80:01,esm2_mean,locus,0,1.0,13696,0.0,0.049485505
21188,HLA-A*80:01,esm2_mean,locus,0,1.0,13696,0.09531017980432487,-0.035752
21189,HLA-A*23:01,esm2_mean,locus,0,1.0,13696,1.0986122886681098,0.9369283
21194,HLA-A*24:02,esm2_mean,locus,0,1.0,13696,2.509599262378372,0.6637634
21195,HLA-A*02:50,esm2_mean,locus,0,1.0,13696,0.7419373447293773,1.7014468
21199,HLA-A*26:02,esm2_mean,locus,0,1.0,13696,0.26236426446749106,-0.13724476
21201,HLA-A*02:05,esm2_mean,locus,0,1.0,13696,2.2407096892759584,1.7800071
21206,HLA-A*02:10,esm2_mean,locus,0,1.0,13696,3.295836866004329,0.8668936
21209,HLA-A*32:07,esm2_mean,locus,0,1.0,13696,0.7419373447293773,0.6379741
21210,HLA-A*26:02,esm2_mean,locus,0,1.0,13696,0.0,-0.21567172
21211,HLA-A*68:01,esm2_mean,locus,0,1.0,13696,1.5151272329628591,1.7804804
21212,HLA-A*31:01,esm2_mean,locus,0,1.0,13696,0.0,1.1575453
21218,HLA-A*29:02,esm2_mean,locus,0,1.0,13696,0.0,1.6274564
21219,HLA-A*80:01,esm2_mean,locus,0,1.0,13696,0.26236426446749106,0.1517728
21220,HLA-A*32:07,esm2_mean,locus,0,1.0,13696,0.0,0.6430489
21222,HLA-A*02:01,esm2_mean,locus,0,1.0,13696,2.0014800002101243,1.7832565
21223,HLA-A*02:01,esm2_mean,locus,0,1.0,13696,2.8535925063928684,1.5210016
21224,HLA-A*68:01,esm2_mean,locus,0,1.0,13696,0.4700036292457355,1.409888
21228,HLA-A*26:02,esm2_mean,locus,0,1.0,13696,3.937690752176724,-0.22519642
21229,HLA-A*31:01,esm2_mean,locus,0,1.0,13696,1.6863989535702288,1.5637065
21230,HLA-A*11:01,esm2_mean,locus,0,1.0,13696,2.8903717578961645,1.3316569
21232,HLA-A*26:02,esm2_mean,locus,0,1.0,13696,0.6931471805599453,-0.20680171
21233,HLA-A*26:03,esm2_mean,locus,0,1.0,13696,0.0,0.8222125
21239,HLA-A*43:01,esm2_mean,locus,0,1.0,13696,0.33647223662121295,0.8952812
21241,HLA-A*24:19,esm2_mean,locus,0,1.0,13696,0.33647223662121295,-0.20198089
21244,HLA-A*68:01,esm2_mean,locus,0,1.0,13696,0.0,2.2768407
21245,HLA-A*11:01,esm2_mean,locus,0,1.0,13696,0.4054651081081644,1.2786678
21250,HLA-A*29:02,esm2_mean,locus,0,1.0,13696,0.0,1.4774988
21251,HLA-A*24:07,esm2_mean,locus,0,1.0,13696,1.9315214116032138,-0.7400978
21252,HLA-A*26:02,esm2_mean,locus,0,1.0,13696,0.33647223662121295,-0.37591106
21253,HLA-A*30:01,esm2_mean,locus,0,1.0,13696,0.18232155679395465,1.6486168
21255,HLA-A*24:19,esm2_mean,locus,0,1.0,13696,0.6418538861723948,0.054331243
21261,HLA-A*66:01,esm2_mean,locus,0,1.0,13696,0.0,0.8882184
21262,HLA-A*02:50,esm2_mean,locus,0,1.0,13696,0.5306282510621704,1.8725233
21268,HLA-A*24:03,esm2_mean,locus,0,1.0,13696,0.4054651081081644,0.47042727
21269,HLA-A*24:19,esm2_mean,locus,0,1.0,13696,0.0,0.23963052
21270,HLA-A*02:01,esm2_mean,locus,0,1.0,13696,1.9459101490553132,1.8173196
21271,HLA-A*03:01,esm2_mean,locus,0,1.0,13696,0.0,1.750603
21278,HLA-A*24:19,esm2_mean,locus,0,1.0,13696,0.9162907318741551,-0.3022936
21279,HLA-A*31:01,esm2_mean,locus,0,1.0,13696,0.9555114450274363,1.5055426
21280,HLA-A*74:01,esm2_mean,locus,0,1.0,13696,0.0,0.89452666
21284,HLA-A*23:01,esm2_mean,locus,0,1.0,13696,1.8082887711792655,1.257055
21286,HLA-A*26:03,esm2_mean,locus,0,1.0,13696,0.0,0.5870415
21288,HLA-A*02:19,esm2_mean,locus,0,1.0,13696,0.5306282510621704,1.2147826
21291,HLA-A*25:01,esm2_mean,locus,0,1.0,13696,2.6026896854443837,0.48614413
21292,HLA-A*02:19,esm2_mean,locus,0,1.0,13696,0.0,1.6484292
21293,HLA-A*30:01,esm2_mean,locus,0,1.0,13696,0.33647223662121295,1.1624022
21295,HLA-A*66:01,esm2_mean,locus,0,1.0,13696,0.18232155679395465,0.8103167
21296,HLA-A*03:01,esm2_mean,locus,0,1.0,13696,0.09531017980432487,1.8805878
21297,HLA-A*33:03,esm2_mean,locus,0,1.0,13696,2.7536607123542622,1.1159397
21300,HLA-A*02:03,esm2_mean,locus,0,1.0,13696,3.6375861597263857,1.2171757
21301,HLA-A*30:01,esm2_mean,locus,0,1.0,13696,1.5260563034950494,1.6931181
21302,HLA-A*74:01,esm2_mean,locus,0,1.0,13696,0.0,0.4804153
21307,HLA-A*02:03,esm2_mean,locus,0,1.0,13696,2.4595888418037104,1.033073
21308,HLA-A*33:03,esm2_mean,locus,0,1.0,13696,0.0,1.2586185
21309,HLA-A*11:01,esm2_mean,locus,0,1.0,13696,3.9473901492654373,1.5515943
21320,HLA-A*66:01,esm2_mean,locus,0,1.0,13696,0.0,0.93507165
21321,HLA-A*24:02,esm2_mean,locus,0,1.0,13696,0.33647223662121295,0.86396515
21322,HLA-A*02:03,esm2_mean,locus,0,1.0,13696,1.308332819650179,1.1043097
21328,HLA-A*32:07,esm2_mean,locus,0,1.0,13696,0.9555114450274363,0.98714966
21330,HLA-A*68:23,esm2_mean,locus,0,1.0,13696,0.33647223662121295,0.54849017
21333,HLA-A*43:01,esm2_mean,locus,0,1.0,13696,0.5877866649021191,0.8060302
21334,HLA-A*23:01,esm2_mean,locus,0,1.0,13696,1.0296194171811583,0.9940578
21337,HLA-A*24:07,esm2_mean,locus,0,1.0,13696,3.2347491740244907,0.72452605
21340,HLA-A*66:01,esm2_mean,locus,0,1.0,13696,0.26236426446749106,1.1040721
21344,HLA-A*02:10,esm2_mean,locus,0,1.0,13696,0.26236426446749106,0.80893415
21345,HLA-A*02:11,esm2_mean,locus,0,1.0,13696,1.589235205116581,1.385318
21346,HLA-A*02:50,esm2_mean,locus,0,1.0,13696,2.954910279033736,1.6276956
21347,HLA-A*02:19,esm2_mean,locus,0,1.0,13696,2.341805806147327,1.5291808
21348,HLA-A*30:01,esm2_mean,locus,0,1.0,13696,0.0,1.0442997
21350,HLA-A*68:01,esm2_mean,locus,0,1.0,13696,0.832909122935104,1.618898
21351,HLA-A*74:01,esm2_mean,locus,0,1.0,13696,0.26236426446749106,0.4824418
21355,HLA-A*24:19,esm2_mean,locus,0,1.0,13696,0.18232155679395465,0.33691716
21356,HLA-A*02:11,esm2_mean,locus,0,1.0,13696,3.3141860046725258,1.4144489
21357,HLA-A*02:12,esm2_mean,locus,0,1.0,13696,0.6931471805599453,1.0963695
21358,HLA-A*02:19,esm2_mean,locus,0,1.0,13696,2.6461747973841225,1.4660827
21359,HLA-A*02:10,esm2_mean,locus,0,1.0,13696,0.832909122935104,0.7037635
21365,HLA-A*02:50,esm2_mean,locus,0,1.0,13696,0.6931471805599453,1.6240464
21369,HLA-A*24:07,esm2_mean,locus,0,1.0,13696,3.139832617527748,0.46821725
21372,HLA-A*02:03,esm2_mean,locus,0,1.0,13696,2.174751721484161,1.4000969
21373,HLA-A*68:01,esm2_mean,locus,0,1.0,13696,3.5779478934066544,1.8142198
21377,HLA-A*02:10,esm2_mean,locus,0,1.0,13696,0.5306282510621704,0.7583459
21378,HLA-A*30:01,esm2_mean,locus,0,1.0,13696,0.26236426446749106,1.5531926
21380,HLA-A*24:03,esm2_mean,locus,0,1.0,13696,2.9069010598473755,0.9438362
21381,HLA-A*24:02,esm2_mean,locus,0,1.0,13696,0.7419373447293773,0.97437316
21382,HLA-A*02:03,esm2_mean,locus,0,1.0,13696,0.4054651081081644,0.8720707
21383,HLA-A*02:11,esm2_mean,locus,0,1.0,13696,3.100092288878234,1.3618679
21387,HLA-A*02:11,esm2_mean,locus,0,1.0,13696,0.7419373447293773,1.4024763
21388,HLA-A*80:01,esm2_mean,locus,0,1.0,13696,0.09531017980432487,0.07394427
21391,HLA-A*02:16,esm2_mean,locus,0,1.0,13696,2.0412203288596382,1.5072255
21392,HLA-A*24:03,esm2_mean,locus,0,1.0,13696,0.18232155679395465,0.84365505
21393,HLA-A*24:07,esm2_mean,locus,0,1.0,13696,1.9878743481543455,0.77772015
21394,HLA-A*68:23,esm2_mean,locus,0,1.0,13696,0.09531017980432487,0.6566571
21395,HLA-A*02:11,esm2_mean,locus,0,1.0,13696,2.312535423847214,1.252925
21397,HLA-A*29:02,esm2_mean,locus,0,1.0,13696,0.18232155679395465,1.6606853
21399,HLA-A*68:23,esm2_mean,locus,0,1.0,13696,0.33647223662121295,0.42601347
21401,HLA-A*80:01,esm2_mean,locus,0,1.0,13696,0.0,0.27760595
21402,HLA-A*24:03,esm2_mean,locus,0,1.0,13696,1.5686159179138452,0.98320544
21407,HLA-A*24:02,esm2_mean,locus,0,1.0,13696,0.09531017980432487,0.93780166
21410,HLA-A*68:23,esm2_mean,locus,0,1.0,13696,2.5416019934645457,0.65613437
21411,HLA-A*68:23,esm2_mean,locus,0,1.0,13696,0.33647223662121295,0.6450788
21413,HLA-A*80:01,esm2_mean,locus,0,1.0,13696,0.4700036292457355,-0.06355256
21421,HLA-A*26:02,esm2_mean,locus,0,1.0,13696,0.4054651081081644,0.22503847
21425,HLA-A*24:19,esm2_mean,locus,0,1.0,13696,0.09531017980432487,-0.57615525
21426,HLA-A*66:01,esm2_mean,locus,0,1.0,13696,0.0,0.35021806
21429,HLA-A*29:02,esm2_mean,locus,0,1.0,13696,0.18232155679395465,1.9187938
21431,HLA-A*01:01,esm2_mean,locus,0,1.0,13696,0.5877866649021191,0.48169607
21432,HLA-A*02:16,esm2_mean,locus,0,1.0,13696,2.151762203259462,1.69116
21433,HLA-A*33:03,esm2_mean,locus,0,1.0,13696,2.2823823856765264,1.1629112
21437,HLA-A*25:01,esm2_mean,locus,0,1.0,13696,0.18232155679395465,0.41653442
21441,HLA-A*02:12,esm2_mean,locus,0,1.0,13696,2.4159137783010487,1.0091691
21442,HLA-A*02:12,esm2_mean,locus,0,1.0,13696,1.0647107369924282,0.82796484
21445,HLA-A*30:02,esm2_mean,locus,0,1.0,13696,0.832909122935104,1.1375935
21446,HLA-A*80:01,esm2_mean,locus,0,1.0,13696,0.0,0.11837268
21451,HLA-A*66:01,esm2_mean,locus,0,1.0,13696,0.4054651081081644,0.79699564
21453,HLA-A*02:16,esm2_mean,locus,0,1.0,13696,3.4995332823830174,1.5762517
21454,HLA-A*33:03,esm2_mean,locus,0,1.0,13696,0.0,1.4202914
21455,HLA-A*33:03,esm2_mean,locus,0,1.0,13696,2.6026896854443837,1.3723501
21457,HLA-A*26:02,esm2_mean,locus,0,1.0,13696,2.917770732084279,0.10532606
21460,HLA-A*02:19,esm2_mean,locus,0,1.0,13696,3.3032169733019514,1.491477
21461,HLA-A*74:01,esm2_mean,locus,0,1.0,13696,1.9878743481543455,0.7464485
21463,HLA-A*23:01,esm2_mean,locus,0,1.0,13696,1.0986122886681098,1.1504765
21464,HLA-A*66:01,esm2_mean,locus,0,1.0,13696,0.0,1.0910094
21468,HLA-A*30:02,esm2_mean,locus,0,1.0,13696,0.5306282510621704,0.82642317
21469,HLA-A*30:02,esm2_mean,locus,0,1.0,13696,0.26236426446749106,0.6422117
21470,HLA-A*25:01,esm2_mean,locus,0,1.0,13696,1.5040773967762742,0.25151563
21471,HLA-A*66:01,esm2_mean,locus,0,1.0,13696,0.18232155679395465,1.0250432
21472,HLA-A*02:19,esm2_mean,locus,0,1.0,13696,3.214867803470662,1.4078045
21475,HLA-A*11:01,esm2_mean,locus,0,1.0,13696,2.4595888418037104,1.6006758
21477,HLA-A*43:01,esm2_mean,locus,0,1.0,13696,0.18232155679395465,0.76557326
21480,HLA-A*68:23,esm2_mean,locus,0,1.0,13696,0.26236426446749106,0.39894527
21485,HLA-A*24:19,esm2_mean,locus,0,1.0,13696,0.4054651081081644,0.26135767
21489,HLA-A*26:03,esm2_mean,locus,0,1.0,13696,0.09531017980432487,0.47861302
21495,HLA-A*29:02,esm2_mean,locus,0,1.0,13696,0.0,2.0785303
21498,HLA-A*31:01,esm2_mean,locus,0,1.0,13696,0.7419373447293773,1.4083903
21506,HLA-A*30:02,esm2_mean,locus,0,1.0,13696,0.18232155679395465,0.52448547
21509,HLA-A*24:02,esm2_mean,locus,0,1.0,13696,2.5726122302071057,1.3425496
21510,HLA-A*02:50,esm2_mean,locus,0,1.0,13696,0.7884573603642702,1.7339184
21514,HLA-A*02:01,esm2_mean,locus,0,1.0,13696,2.4336133554004498,1.7487283
21515,HLA-A*02:16,esm2_mean,locus,0,1.0,13696,3.417726683613366,1.5975087
21521,HLA-A*30:01,esm2_mean,locus,0,1.0,13696,0.0,1.1850171
21522,HLA-A*43:01,esm2_mean,locus,0,1.0,13696,1.3609765531356006,1.1668456
21523,HLA-A*24:19,esm2_mean,locus,0,1.0,13696,0.5306282510621704,0.07815331
21524,HLA-A*02:16,esm2_mean,locus,0,1.0,13696,2.4765384001174837,1.8612328
21525,HLA-A*11:01,esm2_mean,locus,0,1.0,13696,4.075841090657541,1.157744
21526,HLA-A*11:01,esm2_mean,locus,0,1.0,13696,2.0149030205422647,1.7376368
21527,HLA-A*02:11,esm2_mean,locus,0,1.0,13696,2.2407096892759584,1.293721
21528,HLA-A*33:03,esm2_mean,locus,0,1.0,13696,0.7419373447293773,1.0582446
21534,HLA-A*02:16,esm2_mean,locus,0,1.0,13696,2.9806186357439426,1.171632
21535,HLA-A*30:01,esm2_mean,locus,0,1.0,13696,1.7227665977411035,1.4993924
21539,HLA-A*33:03,esm2_mean,locus,0,1.0,13696,1.9459101490553132,1.1425271
21540,HLA-A*11:01,esm2_mean,locus,0,1.0,13696,0.18232155679395465,1.2717149
21541,HLA-A*11:01,esm2_mean,locus,0,1.0,13696,4.286341384539473,1.3049219
21543,HLA-A*80:01,esm2_mean,locus,0,1.0,13696,0.4054651081081644,-0.09000939
21544,HLA-A*32:07,esm2_mean,locus,0,1.0,13696,0.0,0.81377375
21546,HLA-A*02:12,esm2_mean,locus,0,1.0,13696,2.4595888418037104,0.9521324
21555,HLA-A*66:01,esm2_mean,locus,0,1.0,13696,1.7749523509116738,0.6709176
21557,HLA-A*24:02,esm2_mean,locus,0,1.0,13696,1.410986973710262,0.9180577
21560,HLA-A*26:02,esm2_mean,locus,0,1.0,13696,0.4054651081081644,-0.020056725
21562,HLA-A*69:01,esm2_mean,locus,0,1.0,13696,0.0,1.12003
21563,HLA-A*02:50,esm2_mean,locus,0,1.0,13696,3.1354942159291497,1.7352384
21564,HLA-A*33:03,esm2_mean,locus,0,1.0,13696,0.0,0.5839639
21569,HLA-A*74:01,esm2_mean,locus,0,1.0,13696,2.1972245773362196,0.489711
21571,HLA-A*43:01,esm2_mean,locus,0,1.0,13696,0.26236426446749106,0.945816
21572,HLA-A*23:01,esm2_mean,locus,0,1.0,13696,1.667706820558076,1.3106363
21573,HLA-A*25:01,esm2_mean,locus,0,1.0,13696,0.6931471805599453,0.35128194
21577,HLA-A*25:01,esm2_mean,locus,0,1.0,13696,1.252762968495368,0.52802646
21580,HLA-A*74:01,esm2_mean,locus,0,1.0,13696,0.33647223662121295,0.4651969
21586,HLA-A*74:01,esm2_mean,locus,0,1.0,13696,1.410986973710262,0.86554384
21588,HLA-A*80:01,esm2_mean,locus,0,1.0,13696,0.0,-0.10777289
21590,HLA-A*74:01,esm2_mean,locus,0,1.0,13696,2.1400661634962708,0.7501628
21596,HLA-A*25:01,esm2_mean,locus,0,1.0,13696,0.0,0.5064987
21597,HLA-A*26:02,esm2_mean,locus,0,1.0,13696,0.4054651081081644,-0.13250536
21600,HLA-A*02:10,esm2_mean,locus,0,1.0,13696,0.18232155679395465,0.6979691
21601,HLA-A*68:01,esm2_mean,locus,0,1.0,13696,0.0,1.7595131
21605,HLA-A*66:01,esm2_mean,locus,0,1.0,13696,0.0,0.5900101
21607,HLA-A*03:01,esm2_mean,locus,0,1.0,13696,0.26236426446749106,2.1787283
21609,HLA-A*11:01,esm2_mean,locus,0,1.0,13696,0.4700036292457355,1.1079109
21615,HLA-A*24:02,esm2_mean,locus,0,1.0,13696,0.26236426446749106,0.7189611
21617,HLA-A*32:07,esm2_mean,locus,0,1.0,13696,0.0,0.7048538
21621,HLA-A*24:19,esm2_mean,locus,0,1.0,13696,0.6418538861723948,0.33135235
21625,HLA-A*31:01,esm2_mean,locus,0,1.0,13696,3.9180050771056933,1.3568556
21626,HLA-A*80:01,esm2_mean,locus,0,1.0,13696,0.26236426446749106,-0.14457685
21627,HLA-A*24:07,esm2_mean,locus,0,1.0,13696,2.1400661634962708,0.47800326
21628,HLA-A*02:50,esm2_mean,locus,0,1.0,13696,2.760009940032921,1.6870584
21633,HLA-A*02:50,esm2_mean,locus,0,1.0,13696,2.9231615807191558,1.8385222
21638,HLA-A*31:01,esm2_mean,locus,0,1.0,13696,3.0726933146901194,1.2892947
21639,HLA-A*68:01,esm2_mean,locus,0,1.0,13696,1.2809338454620642,1.4404094
21640,HLA-A*68:01,esm2_mean,locus,0,1.0,13696,0.0,1.6657531
21641,HLA-A*03:01,esm2_mean,locus,0,1.0,13696,0.18232155679395465,1.6634483
21642,HLA-A*30:02,esm2_mean,locus,0,1.0,13696,1.0986122886681098,1.1710187
21643,HLA-A*32:07,esm2_mean,locus,0,1.0,13696,0.0,0.6794843
21645,HLA-A*24:02,esm2_mean,locus,0,1.0,13696,0.4700036292457355,1.339328
21646,HLA-A*30:01,esm2_mean,locus,0,1.0,13696,0.18232155679395465,1.3066213
21647,HLA-A*68:01,esm2_mean,locus,0,1.0,13696,0.0,1.92343
21650,HLA-A*23:01,esm2_mean,locus,0,1.0,13696,3.3463891451671604,0.92064476
21652,HLA-A*24:02,esm2_mean,locus,0,1.0,13696,0.832909122935104,1.0759518
21653,HLA-A*02:01,esm2_mean,locus,0,1.0,13696,3.258096538021482,1.5794678
21654,HLA-A*02:11,esm2_mean,locus,0,1.0,13696,2.7536607123542622,1.6769538
21657,HLA-A*66:01,esm2_mean,locus,0,1.0,13696,0.18232155679395465,0.59516585
21658,HLA-A*02:11,esm2_mean,locus,0,1.0,13696,3.353406717825807,1.2228663
21659,HLA-A*02:05,esm2_mean,locus,0,1.0,13696,0.7419373447293773,1.9423296
21660,HLA-A*30:02,esm2_mean,locus,0,1.0,13696,0.5877866649021191,0.86530983
21661,HLA-A*30:02,esm2_mean,locus,0,1.0,13696,2.501435951739211,0.66053313
21663,HLA-A*66:01,esm2_mean,locus,0,1.0,13696,0.18232155679395465,0.89551926
21666,HLA-A*02:11,esm2_mean,locus,0,1.0,13696,0.9162907318741551,1.4217725
21667,HLA-A*74:01,esm2_mean,locus,0,1.0,13696,3.481240089335692,0.883898
21670,HLA-A*30:02,esm2_mean,locus,0,1.0,13696,0.0,1.1807243
21671,HLA-A*23:01,esm2_mean,locus,0,1.0,13696,3.0492730404820207,0.61509484
21674,HLA-A*24:02,esm2_mean,locus,0,1.0,13696,0.7419373447293773,1.0418421
21678,HLA-A*66:01,esm2_mean,locus,0,1.0,13696,0.18232155679395465,0.7782568
21679,HLA-A*26:03,esm2_mean,locus,0,1.0,13696,0.6931471805599453,0.43920732
21682,HLA-A*26:03,esm2_mean,locus,0,1.0,13696,3.8133070324889884,0.5200827
21684,HLA-A*33:03,esm2_mean,locus,0,1.0,13696,0.8754687373538999,1.1256121
21687,HLA-A*02:50,esm2_mean,locus,0,1.0,13696,2.3978952727983707,1.6252851
21688,HLA-A*74:01,esm2_mean,locus,0,1.0,13696,0.7884573603642702,0.7947292
21690,HLA-A*26:02,esm2_mean,locus,0,1.0,13696,2.8213788864092133,0.013413131
21694,HLA-A*02:10,esm2_mean,locus,0,1.0,13696,0.4054651081081644,0.8828718
21695,HLA-A*68:01,esm2_mean,locus,0,1.0,13696,1.7578579175523736,1.8584133
21704,HLA-A*02:01,esm2_mean,locus,0,1.0,13696,0.7884573603642702,1.7483935
21705,HLA-A*02:19,esm2_mean,locus,0,1.0,13696,1.4350845252893227,1.1239638
21707,HLA-A*43:01,esm2_mean,locus,0,1.0,13696,0.18232155679395465,0.8427151
21709,HLA-A*02:11,esm2_mean,locus,0,1.0,13696,2.760009940032921,1.2870109
21712,HLA-A*26:02,esm2_mean,locus,0,1.0,13696,0.4700036292457355,-0.042140305
21714,HLA-A*68:01,esm2_mean,locus,0,1.0,13696,3.342861804649192,1.7305646
21717,HLA-A*02:03,esm2_mean,locus,0,1.0,13696,0.832909122935104,1.0776744
21721,HLA-A*25:01,esm2_mean,locus,0,1.0,13696,0.5877866649021191,0.25090766
21725,HLA-A*29:02,esm2_mean,locus,0,1.0,13696,0.33647223662121295,1.6744895
21732,HLA-A*25:01,esm2_mean,locus,0,1.0,13696,0.0,0.6630126
21733,HLA-A*66:01,esm2_mean,locus,0,1.0,13696,0.33647223662121295,0.916212
21737,HLA-A*02:19,esm2_mean,locus,0,1.0,13696,3.077312260546414,1.4162649
21742,HLA-A*30:02,esm2_mean,locus,0,1.0,13696,3.5263605246161616,1.0984441
21745,HLA-A*68:01,esm2_mean,locus,0,1.0,13696,0.4700036292457355,2.0105717
21746,HLA-A*74:01,esm2_mean,locus,0,1.0,13696,0.5306282510621704,0.74173164
21750,HLA-A*23:01,esm2_mean,locus,0,1.0,13696,2.803360380906535,0.8906032
21755,HLA-A*32:07,esm2_mean,locus,0,1.0,13696,1.9459101490553132,0.7895772
21757,HLA-A*68:23,esm2_mean,locus,0,1.0,13696,0.5306282510621704,0.6464201
21758,HLA-A*02:11,esm2_mean,locus,0,1.0,13696,0.0,1.5568695
21759,HLA-A*74:01,esm2_mean,locus,0,1.0,13696,0.26236426446749106,0.6396801
21768,HLA-A*26:03,esm2_mean,locus,0,1.0,13696,0.0,0.82587945
21770,HLA-A*02:11,esm2_mean,locus,0,1.0,13696,1.7578579175523736,1.3661606
21771,HLA-A*02:50,esm2_mean,locus,0,1.0,13696,2.0014800002101243,1.9278307
21772,HLA-A*31:01,esm2_mean,locus,0,1.0,13696,1.8718021769015913,1.0305705
21775,HLA-A*66:01,esm2_mean,locus,0,1.0,13696,0.0,0.856465
21776,HLA-A*02:11,esm2_mean,locus,0,1.0,13696,3.104586678466073,1.4432101
21779,HLA-A*24:19,esm2_mean,locus,0,1.0,13696,0.0,-0.36774558
21785,HLA-A*68:23,esm2_mean,locus,0,1.0,13696,2.5257286443082556,0.39179987
21786,HLA-A*02:12,esm2_mean,locus,0,1.0,13696,1.9740810260220096,1.4932435
21788,HLA-A*26:03,esm2_mean,locus,0,1.0,13696,0.0,0.6293475
21791,HLA-A*29:02,esm2_mean,locus,0,1.0,13696,0.4054651081081644,1.4531351
21792,HLA-A*32:07,esm2_mean,locus,0,1.0,13696,2.4765384001174837,0.8000798
21793,HLA-A*02:50,esm2_mean,locus,0,1.0,13696,2.653241964607215,1.3608944
21794,HLA-A*68:01,esm2_mean,locus,0,1.0,13696,2.970414465569701,1.7559512
21796,HLA-A*80:01,esm2_mean,locus,0,1.0,13696,0.0,-0.11629099
21797,HLA-A*02:50,esm2_mean,locus,0,1.0,13696,2.4765384001174837,1.678162
21799,HLA-A*24:07,esm2_mean,locus,0,1.0,13696,2.4159137783010487,0.47473443
21801,HLA-A*02:19,esm2_mean,locus,0,1.0,13696,2.8154087194227095,1.3520868
21804,HLA-A*43:01,esm2_mean,locus,0,1.0,13696,0.26236426446749106,0.90790546
21805,HLA-A*80:01,esm2_mean,locus,0,1.0,13696,0.0,0.15298373
21806,HLA-A*02:10,esm2_mean,locus,0,1.0,13696,0.7884573603642702,1.020983
21807,HLA-A*30:01,esm2_mean,locus,0,1.0,13696,1.0647107369924282,1.7518826
21808,HLA-A*30:01,esm2_mean,locus,0,1.0,13696,0.5306282510621704,1.3206054
21809,HLA-A*33:03,esm2_mean,locus,0,1.0,13696,4.298645025734831,1.4974301
21811,HLA-A*30:02,esm2_mean,locus,0,1.0,13696,0.26236426446749106,0.9304428
21812,HLA-A*30:01,esm2_mean,locus,0,1.0,13696,0.9162907318741551,1.6088128
21819,HLA-A*24:07,esm2_mean,locus,0,1.0,13696,2.4595888418037104,0.798577
21820,HLA-A*25:01,esm2_mean,locus,0,1.0,13696,0.18232155679395465,0.3613987
21822,HLA-A*33:03,esm2_mean,locus,0,1.0,13696,3.3775875160230218,1.1442671
21823,HLA-A*11:01,esm2_mean,locus,0,1.0,13696,3.634951112088381,1.7415012
21829,HLA-A*33:03,esm2_mean,locus,0,1.0,13696,1.62924053973028,0.9399969
21833,HLA-A*24:03,esm2_mean,locus,0,1.0,13696,2.681021528714291,0.97200835
21836,HLA-A*02:50,esm2_mean,locus,0,1.0,13696,2.2925347571405443,1.7712383
21837,HLA-A*11:01,esm2_mean,locus,0,1.0,13696,4.585987366571318,1.4956508
21838,HLA-A*03:01,esm2_mean,locus,0,1.0,13696,2.856470206220483,1.9028184
21839,HLA-A*02:50,esm2_mean,locus,0,1.0,13696,2.533696813957432,2.1330717
21840,HLA-A*74:01,esm2_mean,locus,0,1.0,13696,4.067315889834181,0.69446325
21843,HLA-A*30:01,esm2_mean,locus,0,1.0,13696,0.26236426446749106,1.2949829
21844,HLA-A*02:16,esm2_mean,locus,0,1.0,13696,2.1633230256605382,1.5509946
21846,HLA-A*43:01,esm2_mean,locus,0,1.0,13696,0.26236426446749106,0.98057723
21847,HLA-A*29:02,esm2_mean,locus,0,1.0,13696,3.380994674344636,1.6691397
21849,HLA-A*24:19,esm2_mean,locus,0,1.0,13696,0.0,0.06601411
21857,HLA-A*66:01,esm2_mean,locus,0,1.0,13696,0.18232155679395465,1.0382857
21858,HLA-A*30:01,esm2_mean,locus,0,1.0,13696,0.0,1.3896989
21859,HLA-A*74:01,esm2_mean,locus,0,1.0,13696,0.832909122935104,1.0083278
21862,HLA-A*68:23,esm2_mean,locus,0,1.0,13696,0.18232155679395465,0.51295334
21864,HLA-A*32:07,esm2_mean,locus,0,1.0,13696,0.0,0.5917597
21867,HLA-A*02:01,esm2_mean,locus,0,1.0,13696,0.0,1.5352207
21868,HLA-A*02:03,esm2_mean,locus,0,1.0,13696,2.856470206220483,1.1891998
21869,HLA-A*80:01,esm2_mean,locus,0,1.0,13696,0.0,0.20192099
21871,HLA-A*26:02,esm2_mean,locus,0,1.0,13696,0.4700036292457355,-0.096487224
21872,HLA-A*68:23,esm2_mean,locus,0,1.0,13696,0.18232155679395465,0.60564417
21874,HLA-A*24:02,esm2_mean,locus,0,1.0,13696,2.0541237336955462,0.84019876
21876,HLA-A*30:01,esm2_mean,locus,0,1.0,13696,0.5306282510621704,1.3674455
21880,HLA-A*24:19,esm2_mean,locus,0,1.0,13696,0.18232155679395465,-0.43458492
21883,HLA-A*02:12,esm2_mean,locus,0,1.0,13696,2.3978952727983707,1.2243319
21885,HLA-A*30:02,esm2_mean,locus,0,1.0,13696,1.824549292051046,0.9102574
21886,HLA-A*24:02,esm2_mean,locus,0,1.0,13696,0.6418538861723948,0.6587573
21888,HLA-A*02:50,esm2_mean,locus,0,1.0,13696,3.169685580677429,1.8035058
21889,HLA-A*02:16,esm2_mean,locus,0,1.0,13696,2.772588722239781,1.2823956
21890,HLA-A*30:01,esm2_mean,locus,0,1.0,13696,0.18232155679395465,1.4342422
21891,HLA-A*26:03,esm2_mean,locus,0,1.0,13696,1.1631508098056809,0.7025223
21892,HLA-A*30:01,esm2_mean,locus,0,1.0,13696,2.803360380906535,1.5060325
21893,HLA-A*33:03,esm2_mean,locus,0,1.0,13696,0.0,1.2405438
21894,HLA-A*68:01,esm2_mean,locus,0,1.0,13696,4.12552017969055,1.7435725
21895,HLA-A*32:07,esm2_mean,locus,0,1.0,13696,0.0,0.5403479
21896,HLA-A*24:02,esm2_mean,locus,0,1.0,13696,2.3608540011180215,0.8633518
21897,HLA-A*02:11,esm2_mean,locus,0,1.0,13696,2.833213344056216,1.0923924
21898,HLA-A*30:01,esm2_mean,locus,0,1.0,13696,0.0,1.3706481
21899,HLA-A*26:02,esm2_mean,locus,0,1.0,13696,0.4054651081081644,0.022587836
21902,HLA-A*24:02,esm2_mean,locus,0,1.0,13696,1.8562979903656263,0.8128475
21905,HLA-A*24:19,esm2_mean,locus,0,1.0,13696,0.4054651081081644,-0.28930777
21906,HLA-A*24:19,esm2_mean,locus,0,1.0,13696,0.7884573603642702,0.11772221
21907,HLA-A*24:07,esm2_mean,locus,0,1.0,13696,1.8718021769015913,0.69483924
21908,HLA-A*68:23,esm2_mean,locus,0,1.0,13696,0.0,0.3636579
21912,HLA-A*25:01,esm2_mean,locus,0,1.0,13696,2.272125885509337,0.32657892
21915,HLA-A*23:01,esm2_mean,locus,0,1.0,13696,0.9162907318741551,1.1017158
21921,HLA-A*30:02,esm2_mean,locus,0,1.0,13696,0.4054651081081644,0.8413222
21922,HLA-A*30:02,esm2_mean,locus,0,1.0,13696,0.18232155679395465,0.7261305
21925,HLA-A*29:02,esm2_mean,locus,0,1.0,13696,2.128231705849268,1.7969948
21927,HLA-A*66:01,esm2_mean,locus,0,1.0,13696,0.0,0.4950542
21928,HLA-A*02:12,esm2_mean,locus,0,1.0,13696,2.7788192719904172,0.9835082
21929,HLA-A*23:01,esm2_mean,locus,0,1.0,13696,2.70805020110221,1.088631
21931,HLA-A*24:03,esm2_mean,locus,0,1.0,13696,0.9162907318741551,0.5909287
21932,HLA-A*68:23,esm2_mean,locus,0,1.0,13696,0.9162907318741551,0.3640318
21933,HLA-A*02:03,esm2_mean,locus,0,1.0,13696,3.3568971227655755,1.2160404
21934,HLA-A*74:01,esm2_mean,locus,0,1.0,13696,0.5306282510621704,0.5785244
21939,HLA-A*24:03,esm2_mean,locus,0,1.0,13696,1.7749523509116738,0.76902354
21944,HLA-A*02:01,esm2_mean,locus,0,1.0,13696,2.4423470353692043,1.622154
21945,HLA-A*02:10,esm2_mean,locus,0,1.0,13696,0.6418538861723948,0.8346847
21946,HLA-A*02:12,esm2_mean,locus,0,1.0,13696,1.252762968495368,1.3213326
21947,HLA-A*02:12,esm2_mean,locus,0,1.0,13696,3.4436180975461075,1.2207527
21948,HLA-A*02:50,esm2_mean,locus,0,1.0,13696,1.916922612182061,1.8750372
21949,HLA-A*24:03,esm2_mean,locus,0,1.0,13696,0.09531017980432487,0.60607326
21951,HLA-A*68:01,esm2_mean,locus,0,1.0,13696,0.0,1.9652617
21952,HLA-A*23:01,esm2_mean,locus,0,1.0,13696,3.8110970868381857,1.050805
21957,HLA-A*68:23,esm2_mean,locus,0,1.0,13696,0.26236426446749106,0.47473943
21958,HLA-A*02:50,esm2_mean,locus,0,1.0,13696,2.91235066461494,1.690764
21959,HLA-A*02:50,esm2_mean,locus,0,1.0,13696,2.4849066497880004,1.858001
21960,HLA-A*02:16,esm2_mean,locus,0,1.0,13696,3.3357695763397,1.5867009
21962,HLA-A*24:07,esm2_mean,locus,0,1.0,13696,1.1631508098056809,0.9373447
21963,HLA-A*66:01,esm2_mean,locus,0,1.0,13696,0.18232155679395465,0.6543243
21966,HLA-A*02:16,esm2_mean,locus,0,1.0,13696,2.760009940032921,1.787082
21967,HLA-A*30:01,esm2_mean,locus,0,1.0,13696,0.5877866649021191,1.1275611
21968,HLA-A*24:19,esm2_mean,locus,0,1.0,13696,0.18232155679395465,0.27773458
21972,HLA-A*68:23,esm2_mean,locus,0,1.0,13696,0.5306282510621704,0.37478328
21973,HLA-A*02:01,esm2_mean,locus,0,1.0,13696,1.3110318766193438,1.6582558
21974,HLA-A*24:02,esm2_mean,locus,0,1.0,13696,1.1314021114911006,1.2827492
21976,HLA-A*24:03,esm2_mean,locus,0,1.0,13696,0.4700036292457355,1.0629271
21981,HLA-A*02:03,esm2_mean,locus,0,1.0,13696,2.33214389523559,1.3291966
21982,HLA-A*02:12,esm2_mean,locus,0,1.0,13696,0.0,1.2461703
21983,HLA-A*02:50,esm2_mean,locus,0,1.0,13696,1.308332819650179,1.8040135
21990,HLA-A*24:02,esm2_mean,locus,0,1.0,13696,0.6418538861723948,1.1962355
21992,HLA-A*02:50,esm2_mean,locus,0,1.0,13696,2.0918640616783932,1.806264
21993,HLA-A*02:50,esm2_mean,locus,0,1.0,13696,2.272125885509337,1.605974
21994,HLA-A*02:50,esm2_mean,locus,0,1.0,13696,3.186352633162641,2.063456
21995,HLA-A*30:01,esm2_mean,locus,0,1.0,13696,0.0,1.1616035
22000,HLA-A*02:05,esm2_mean,locus,0,1.0,13696,2.760009940032921,1.7727304
22001,HLA-A*02:50,esm2_mean,locus,0,1.0,13696,1.0647107369924282,2.0802443
22006,HLA-A*25:01,esm2_mean,locus,0,1.0,13696,0.0,0.5347668
22008,HLA-A*24:02,esm2_mean,locus,0,1.0,13696,0.18232155679395465,0.7208736
22009,HLA-A*30:01,esm2_mean,locus,0,1.0,13696,0.5877866649021191,1.4376323
22012,HLA-A*02:12,esm2_mean,locus,0,1.0,13696,0.5306282510621704,0.8657569
22013,HLA-A*33:03,esm2_mean,locus,0,1.0,13696,0.4700036292457355,0.8309104
22016,HLA-A*66:01,esm2_mean,locus,0,1.0,13696,0.0,0.72063625
22018,HLA-A*24:02,esm2_mean,locus,0,1.0,13696,3.5263605246161616,1.0597763
22019,HLA-A*02:12,esm2_mean,locus,0,1.0,13696,1.3609765531356006,0.81713665
22020,HLA-A*02:12,esm2_mean,locus,0,1.0,13696,2.4595888418037104,1.2898679
22023,HLA-A*30:02,esm2_mean,locus,0,1.0,13696,0.18232155679395465,0.71959865
22024,HLA-A*80:01,esm2_mean,locus,0,1.0,13696,0.4700036292457355,0.18050879
22026,HLA-A*02:12,esm2_mean,locus,0,1.0,13696,0.832909122935104,0.90087134
22027,HLA-A*02:16,esm2_mean,locus,0,1.0,13696,3.7256934272366524,1.4117973
22028,HLA-A*33:03,esm2_mean,locus,0,1.0,13696,0.0,1.2502024
22034,HLA-A*32:07,esm2_mean,locus,0,1.0,13696,0.0,0.7653173
22037,HLA-A*02:11,esm2_mean,locus,0,1.0,13696,2.4932054526026954,1.3299613
22038,HLA-A*02:50,esm2_mean,locus,0,1.0,13696,3.190476350346503,1.6592321
22039,HLA-A*11:01,esm2_mean,locus,0,1.0,13696,3.4404180948154366,1.58232
22042,HLA-A*68:23,esm2_mean,locus,0,1.0,13696,0.4054651081081644,0.4253325
22043,HLA-A*02:19,esm2_mean,locus,0,1.0,13696,4.028916756899646,1.9246016
22048,HLA-A*24:07,esm2_mean,locus,0,1.0,13696,2.028148247292285,0.42715913
22050,HLA-A*02:01,esm2_mean,locus,0,1.0,13696,2.9601050959108397,1.654769
22054,HLA-A*43:01,esm2_mean,locus,0,1.0,13696,0.33647223662121295,1.2031496
22057,HLA-A*02:03,esm2_mean,locus,0,1.0,13696,2.4595888418037104,1.0596023
22058,HLA-A*02:19,esm2_mean,locus,0,1.0,13696,0.6418538861723948,1.5510261
22059,HLA-A*68:01,esm2_mean,locus,0,1.0,13696,1.410986973710262,1.7327368
22062,HLA-A*23:01,esm2_mean,locus,0,1.0,13696,1.4586150226995167,0.6750804
22063,HLA-A*30:01,esm2_mean,locus,0,1.0,13696,0.0,0.94847023
22067,HLA-A*02:50,esm2_mean,locus,0,1.0,13696,2.5494451709255714,1.813695
22070,HLA-A*02:16,esm2_mean,locus,0,1.0,13696,2.451005098112319,1.4068136
22072,HLA-A*80:01,esm2_mean,locus,0,1.0,13696,0.7884573603642702,-0.15365857
22075,HLA-A*33:03,esm2_mean,locus,0,1.0,13696,2.6602595372658615,1.0399213
22076,HLA-A*33:03,esm2_mean,locus,0,1.0,13696,0.0,1.1382701
22078,HLA-A*74:01,esm2_mean,locus,0,1.0,13696,0.0,0.6952491
22081,HLA-A*24:07,esm2_mean,locus,0,1.0,13696,0.7419373447293773,0.6611428
22085,HLA-A*03:01,esm2_mean,locus,0,1.0,13696,4.117409835153096,1.926064
22086,HLA-A*30:01,esm2_mean,locus,0,1.0,13696,0.7884573603642702,1.4754848
22087,HLA-A*23:01,esm2_mean,locus,0,1.0,13696,2.2407096892759584,1.033774
22088,HLA-A*24:03,esm2_mean,locus,0,1.0,13696,2.388762789235098,0.84996134
22090,HLA-A*74:01,esm2_mean,locus,0,1.0,13696,2.797281334830153,1.0208601
22097,HLA-A*02:03,esm2_mean,locus,0,1.0,13696,0.7884573603642702,1.2935877
22098,HLA-A*33:03,esm2_mean,locus,0,1.0,13696,0.09531017980432487,1.1089921
22103,HLA-A*30:01,esm2_mean,locus,0,1.0,13696,3.462606009790799,1.7023659
22104,HLA-A*33:03,esm2_mean,locus,0,1.0,13696,0.0,1.001811
22105,HLA-A*32:07,esm2_mean,locus,0,1.0,13696,3.8264651170664994,1.0272107
22107,HLA-A*02:19,esm2_mean,locus,0,1.0,13696,1.4350845252893227,1.2216473
22109,HLA-A*43:01,esm2_mean,locus,0,1.0,13696,0.0,1.1620294
22110,HLA-A*24:07,esm2_mean,locus,0,1.0,13696,0.6418538861723948,0.7811955
22111,HLA-A*02:03,esm2_mean,locus,0,1.0,13696,2.9652730660692823,1.0789136
22112,HLA-A*30:01,esm2_mean,locus,0,1.0,13696,0.0,1.5196669
22114,HLA-A*30:02,esm2_mean,locus,0,1.0,13696,1.1314021114911006,0.83231986
22115,HLA-A*25:01,esm2_mean,locus,0,1.0,13696,0.0,0.35325927
22117,HLA-A*02:01,esm2_mean,locus,0,1.0,13696,0.6931471805599453,1.4105068
22122,HLA-A*24:07,esm2_mean,locus,0,1.0,13696,1.1631508098056809,1.1235219
22127,HLA-A*02:16,esm2_mean,locus,0,1.0,13696,2.2192034840549946,1.4754915
22131,HLA-A*43:01,esm2_mean,locus,0,1.0,13696,0.0,1.0781803
22132,HLA-A*25:01,esm2_mean,locus,0,1.0,13696,0.9162907318741551,0.46547967
22133,HLA-A*66:01,esm2_mean,locus,0,1.0,13696,0.33647223662121295,0.9669404
22141,HLA-A*03:01,esm2_mean,locus,0,1.0,13696,0.0,1.8208389
22142,HLA-A*68:01,esm2_mean,locus,0,1.0,13696,1.0647107369924282,1.5749913
22144,HLA-A*26:02,esm2_mean,locus,0,1.0,13696,0.26236426446749106,-0.012578428
22146,HLA-A*03:01,esm2_mean,locus,0,1.0,13696,0.4054651081081644,1.9685383
22147,HLA-A*02:11,esm2_mean,locus,0,1.0,13696,2.8735646395797834,1.5345943
22148,HLA-A*11:01,esm2_mean,locus,0,1.0,13696,3.5234150143864045,1.241963
22152,HLA-A*02:03,esm2_mean,locus,0,1.0,13696,3.3638415951183864,1.3499444
22153,HLA-A*02:10,esm2_mean,locus,0,1.0,13696,2.533696813957432,0.99366015
22154,HLA-A*02:50,esm2_mean,locus,0,1.0,13696,1.7227665977411035,1.8824909
22156,HLA-A*32:07,esm2_mean,locus,0,1.0,13696,1.0986122886681098,0.8173951
22158,HLA-A*02:01,esm2_mean,locus,0,1.0,13696,1.8562979903656263,1.486265
22162,HLA-A*02:03,esm2_mean,locus,0,1.0,13696,1.7227665977411035,1.4128237
22166,HLA-A*69:01,esm2_mean,locus,0,1.0,13696,0.6931471805599453,1.2443218
22168,HLA-A*29:02,esm2_mean,locus,0,1.0,13696,1.5686159179138452,1.4844264
22169,HLA-A*02:11,esm2_mean,locus,0,1.0,13696,2.0794415416798357,1.5567439
22176,HLA-A*23:01,esm2_mean,locus,0,1.0,13696,3.7013019741124933,0.6976771
22177,HLA-A*32:07,esm2_mean,locus,0,1.0,13696,2.509599262378372,0.6520665
22178,HLA-A*25:01,esm2_mean,locus,0,1.0,13696,2.9856819377004897,0.5622456
22180,HLA-A*02:11,esm2_mean,locus,0,1.0,13696,2.2407096892759584,1.4131308
22181,HLA-A*33:03,esm2_mean,locus,0,1.0,13696,0.33647223662121295,1.1957384
22186,HLA-A*24:02,esm2_mean,locus,0,1.0,13696,0.5306282510621704,0.62877476
22187,HLA-A*11:01,esm2_mean,locus,0,1.0,13696,0.0,1.633836
22190,HLA-A*26:02,esm2_mean,locus,0,1.0,13696,0.4700036292457355,0.022226274
22191,HLA-A*66:01,esm2_mean,locus,0,1.0,13696,0.09531017980432487,0.83238864
22194,HLA-A*24:02,esm2_mean,locus,0,1.0,13696,1.2809338454620642,0.99592626
22195,HLA-A*30:01,esm2_mean,locus,0,1.0,13696,0.0,1.071322
22197,HLA-A*23:01,esm2_mean,locus,0,1.0,13696,2.186051276738094,0.7337087
22199,HLA-A*24:19,esm2_mean,locus,0,1.0,13696,0.0,-0.6169718
22200,HLA-A*02:01,esm2_mean,locus,0,1.0,13696,2.5726122302071057,1.8313191
22201,HLA-A*02:03,esm2_mean,locus,0,1.0,13696,0.33647223662121295,1.3305192
22202,HLA-A*02:10,esm2_mean,locus,0,1.0,13696,0.4700036292457355,0.7725355
22204,HLA-A*24:19,esm2_mean,locus,0,1.0,13696,0.18232155679395465,-0.012547374
22205,HLA-A*02:11,esm2_mean,locus,0,1.0,13696,0.7419373447293773,1.3348361
22206,HLA-A*24:03,esm2_mean,locus,0,1.0,13696,3.5524868292083815,0.86076665
22207,HLA-A*24:07,esm2_mean,locus,0,1.0,13696,2.9391619220655967,0.84033924
22211,HLA-A*29:02,esm2_mean,locus,0,1.0,13696,0.26236426446749106,1.6796381
22212,HLA-A*25:01,esm2_mean,locus,0,1.0,13696,2.7212954278522306,0.36283618
22213,HLA-A*26:02,esm2_mean,locus,0,1.0,13696,1.5686159179138452,-0.10682458
22214,HLA-A*66:01,esm2_mean,locus,0,1.0,13696,0.0,0.822824
22216,HLA-A*26:02,esm2_mean,locus,0,1.0,13696,1.8082887711792655,-0.3286212
22217,HLA-A*24:02,esm2_mean,locus,0,1.0,13696,0.9162907318741551,0.59953
22223,HLA-A*24:19,esm2_mean,locus,0,1.0,13696,0.33647223662121295,-0.011949897
22227,HLA-A*68:01,esm2_mean,locus,0,1.0,13696,0.5877866649021191,1.2844551
22230,HLA-A*24:07,esm2_mean,locus,0,1.0,13696,0.5877866649021191,0.8513575
22231,HLA-A*24:02,esm2_mean,locus,0,1.0,13696,2.9069010598473755,1.0075066
22232,HLA-A*32:01,esm2_mean,locus,0,1.0,13696,3.9721769282478934,1.1495773
22235,HLA-A*68:01,esm2_mean,locus,0,1.0,13696,0.26236426446749106,1.7131174
22237,HLA-A*26:03,esm2_mean,locus,0,1.0,13696,2.6946271807700692,0.70240146
22239,HLA-A*02:19,esm2_mean,locus,0,1.0,13696,3.8918202981106265,1.4911222
22246,HLA-A*24:19,esm2_mean,locus,0,1.0,13696,0.09531017980432487,-0.23966902
22252,HLA-A*26:03,esm2_mean,locus,0,1.0,13696,1.1314021114911006,0.38715124
22253,HLA-A*74:01,esm2_mean,locus,0,1.0,13696,0.6418538861723948,0.83572394
22257,HLA-A*02:19,esm2_mean,locus,0,1.0,13696,2.785011242238338,1.489214
22258,HLA-A*24:02,esm2_mean,locus,0,1.0,13696,2.9069010598473755,0.5568447
22260,HLA-A*02:03,esm2_mean,locus,0,1.0,13696,3.086486636822455,1.2828287
22261,HLA-A*26:03,esm2_mean,locus,0,1.0,13696,0.33647223662121295,0.58413017
22265,HLA-A*26:03,esm2_mean,locus,0,1.0,13696,0.0,0.57569784
22268,HLA-A*30:02,esm2_mean,locus,0,1.0,13696,1.8562979903656263,0.94040537
22269,HLA-A*02:01,esm2_mean,locus,0,1.0,13696,0.5306282510621704,1.5260007
22270,HLA-A*25:01,esm2_mean,locus,0,1.0,13696,0.4700036292457355,0.5813973
22271,HLA-A*25:01,esm2_mean,locus,0,1.0,13696,0.33647223662121295,0.6847639
22272,HLA-A*26:02,esm2_mean,locus,0,1.0,13696,0.7884573603642702,-0.11666852
22273,HLA-A*02:50,esm2_mean,locus,0,1.0,13696,1.308332819650179,1.865501
22274,HLA-A*68:01,esm2_mean,locus,0,1.0,13696,0.0,1.8024342
22279,HLA-A*24:02,esm2_mean,locus,0,1.0,13696,0.4700036292457355,1.097542
22280,HLA-A*33:03,esm2_mean,locus,0,1.0,13696,0.0,1.2855291
22282,HLA-A*43:01,esm2_mean,locus,0,1.0,13696,0.0,0.79064345
22288,HLA-A*33:03,esm2_mean,locus,0,1.0,13696,3.332204510175204,1.275321
22289,HLA-A*32:07,esm2_mean,locus,0,1.0,13696,0.0,0.6537497
22292,HLA-A*02:11,esm2_mean,locus,0,1.0,13696,1.1631508098056809,1.3643491
22295,HLA-A*43:01,esm2_mean,locus,0,1.0,13696,1.7578579175523736,0.8365803
22296,HLA-A*24:03,esm2_mean,locus,0,1.0,13696,2.791165107812717,0.56241655
22298,HLA-A*30:01,esm2_mean,locus,0,1.0,13696,3.3032169733019514,1.3099804
22304,HLA-A*02:10,esm2_mean,locus,0,1.0,13696,0.26236426446749106,0.5924504
22305,HLA-A*30:01,esm2_mean,locus,0,1.0,13696,4.799090878625398,1.7480192
22308,HLA-A*43:01,esm2_mean,locus,0,1.0,13696,0.26236426446749106,1.0629663
22309,HLA-A*24:02,esm2_mean,locus,0,1.0,13696,0.18232155679395465,0.72183913
22310,HLA-A*33:03,esm2_mean,locus,0,1.0,13696,0.0,1.0812397
22314,HLA-A*02:50,esm2_mean,locus,0,1.0,13696,1.62924053973028,1.6253176
22318,HLA-A*24:02,esm2_mean,locus,0,1.0,13696,0.4054651081081644,1.4407394
22319,HLA-A*74:01,esm2_mean,locus,0,1.0,13696,0.26236426446749106,0.8008688
22321,HLA-A*26:03,esm2_mean,locus,0,1.0,13696,0.0,0.4805897
22322,HLA-A*33:03,esm2_mean,locus,0,1.0,13696,0.0,1.1736928
22323,HLA-A*26:02,esm2_mean,locus,0,1.0,13696,3.5524868292083815,-0.16113931
22324,HLA-A*01:01,esm2_mean,locus,0,1.0,13696,3.3541057741283047,0.9081021
22326,HLA-A*02:03,esm2_mean,locus,0,1.0,13696,3.8753590210565547,1.1438389
22327,HLA-A*31:01,esm2_mean,locus,0,1.0,13696,0.9162907318741551,1.5426826
22328,HLA-A*66:01,esm2_mean,locus,0,1.0,13696,0.33647223662121295,0.84055084
22329,HLA-A*24:03,esm2_mean,locus,0,1.0,13696,0.7419373447293773,0.7237169
22330,HLA-A*25:01,esm2_mean,locus,0,1.0,13696,0.0,0.66436994
22331,HLA-A*68:23,esm2_mean,locus,0,1.0,13696,0.4054651081081644,0.547791
22334,HLA-A*02:03,esm2_mean,locus,0,1.0,13696,3.6375861597263857,1.6224351
22338,HLA-A*30:02,esm2_mean,locus,0,1.0,13696,0.33647223662121295,1.1377473
22340,HLA-A*02:50,esm2_mean,locus,0,1.0,13696,1.6486586255873816,1.644655
22341,HLA-A*02:19,esm2_mean,locus,0,1.0,13696,1.7578579175523736,1.7899501
22342,HLA-A*02:19,esm2_mean,locus,0,1.0,13696,0.9932517730102833,1.6094064
22343,HLA-A*31:01,esm2_mean,locus,0,1.0,13696,0.33647223662121295,1.0067306
22345,HLA-A*02:16,esm2_mean,locus,0,1.0,13696,1.667706820558076,1.3246105
22349,HLA-A*30:01,esm2_mean,locus,0,1.0,13696,0.0,1.2689784
22352,HLA-A*30:02,esm2_mean,locus,0,1.0,13696,1.4816045409242156,1.030745
22353,HLA-A*24:07,esm2_mean,locus,0,1.0,13696,2.2823823856765264,0.7068347
22354,HLA-A*02:11,esm2_mean,locus,0,1.0,13696,2.3513752571634776,1.1462795
22358,HLA-A*23:01,esm2_mean,locus,0,1.0,13696,2.1400661634962708,0.22056192
22359,HLA-A*68:23,esm2_mean,locus,0,1.0,13696,1.0647107369924282,0.38279927
22361,HLA-A*02:03,esm2_mean,locus,0,1.0,13696,2.0794415416798357,0.85079026
22363,HLA-A*02:01,esm2_mean,locus,0,1.0,13696,2.1041341542702074,1.6215118
22364,HLA-A*30:01,esm2_mean,locus,0,1.0,13696,0.18232155679395465,1.3327811
22365,HLA-A*33:03,esm2_mean,locus,0,1.0,13696,1.62924053973028,0.92041147
22367,HLA-A*43:01,esm2_mean,locus,0,1.0,13696,0.4700036292457355,1.0817168
22369,HLA-A*30:01,esm2_mean,locus,0,1.0,13696,0.0,1.3879594
22371,HLA-A*66:01,esm2_mean,locus,0,1.0,13696,0.0,0.9568226
22372,HLA-A*02:10,esm2_mean,locus,0,1.0,13696,0.4700036292457355,0.70019925
22373,HLA-A*02:50,esm2_mean,locus,0,1.0,13696,0.5306282510621704,1.8847904
22376,HLA-A*23:01,esm2_mean,locus,0,1.0,13696,3.580737295494233,0.5700931
22377,HLA-A*32:07,esm2_mean,locus,0,1.0,13696,0.0,0.6140109
22381,HLA-A*02:12,esm2_mean,locus,0,1.0,13696,0.5306282510621704,1.1795338
22385,HLA-A*30:02,esm2_mean,locus,0,1.0,13696,0.26236426446749106,0.827424
22390,HLA-A*69:01,esm2_mean,locus,0,1.0,13696,0.0,1.277838
22391,HLA-A*33:03,esm2_mean,locus,0,1.0,13696,0.0,1.0525489
22393,HLA-A*03:01,esm2_mean,locus,0,1.0,13696,0.0,2.0663342
22394,HLA-A*02:03,esm2_mean,locus,0,1.0,13696,2.9652730660692823,0.99384737
22397,HLA-A*80:01,esm2_mean,locus,0,1.0,13696,0.0,0.25122756
22400,HLA-A*11:01,esm2_mean,locus,0,1.0,13696,0.5306282510621704,1.5217617
22402,HLA-A*25:01,esm2_mean,locus,0,1.0,13696,0.0,0.5308635
22403,HLA-A*66:01,esm2_mean,locus,0,1.0,13696,0.4700036292457355,0.7374186
22404,HLA-A*26:03,esm2_mean,locus,0,1.0,13696,1.33500106673234,0.6589124
22407,HLA-A*24:02,esm2_mean,locus,0,1.0,13696,0.18232155679395465,0.5982746
22408,HLA-A*02:50,esm2_mean,locus,0,1.0,13696,0.33647223662121295,1.5413201
22409,HLA-A*02:50,esm2_mean,locus,0,1.0,13696,0.4054651081081644,2.3410177
22412,HLA-A*29:02,esm2_mean,locus,0,1.0,13696,1.1314021114911006,1.8566198
22413,HLA-A*24:02,esm2_mean,locus,0,1.0,13696,0.4700036292457355,1.1660672
22414,HLA-A*02:16,esm2_mean,locus,0,1.0,13696,2.928523523860541,1.5415869
22419,HLA-A*29:02,esm2_mean,locus,0,1.0,13696,0.5306282510621704,1.8928442
22420,HLA-A*23:01,esm2_mean,locus,0,1.0,13696,0.6418538861723948,0.8624851
22421,HLA-A*01:01,esm2_mean,locus,0,1.0,13696,4.837075242970874,0.35504782
22423,HLA-A*33:03,esm2_mean,locus,0,1.0,13696,0.0,1.1460173
22425,HLA-A*80:01,esm2_mean,locus,0,1.0,13696,0.4054651081081644,0.13164848
22426,HLA-A*66:01,esm2_mean,locus,0,1.0,13696,0.0,0.959569
22428,HLA-A*24:07,esm2_mean,locus,0,1.0,13696,1.9021075263969205,0.8091165
22430,HLA-A*02:10,esm2_mean,locus,0,1.0,13696,0.4054651081081644,0.6830548
22431,HLA-A*02:12,esm2_mean,locus,0,1.0,13696,3.5890591188317256,1.4355308
22432,HLA-A*31:01,esm2_mean,locus,0,1.0,13696,0.9932517730102833,1.1626712
22433,HLA-A*29:02,esm2_mean,locus,0,1.0,13696,1.791759469228055,1.4951296
22435,HLA-A*68:01,esm2_mean,locus,0,1.0,13696,0.0,2.0609732
22440,HLA-A*02:01,esm2_mean,locus,0,1.0,13696,1.4350845252893227,1.7967337
22445,HLA-A*25:01,esm2_mean,locus,0,1.0,13696,1.6486586255873816,0.45693332
22446,HLA-A*68:23,esm2_mean,locus,0,1.0,13696,0.26236426446749106,0.46960443
22447,HLA-A*66:01,esm2_mean,locus,0,1.0,13696,0.0,0.5042304
22450,HLA-A*30:01,esm2_mean,locus,0,1.0,13696,0.18232155679395465,1.4956342
22453,HLA-A*24:19,esm2_mean,locus,0,1.0,13696,0.18232155679395465,-0.1547032
22454,HLA-A*68:23,esm2_mean,locus,0,1.0,13696,0.18232155679395465,0.4755141
22457,HLA-A*02:11,esm2_mean,locus,0,1.0,13696,2.617395832834079,1.3633854
22458,HLA-A*74:01,esm2_mean,locus,0,1.0,13696,0.7419373447293773,0.107013285
22463,HLA-A*02:03,esm2_mean,locus,0,1.0,13696,3.005682604407159,1.5740385
22466,HLA-A*23:01,esm2_mean,locus,0,1.0,13696,1.840549633397487,1.0676808
22469,HLA-A*43:01,esm2_mean,locus,0,1.0,13696,0.4700036292457355,1.2527928
22471,HLA-A*02:11,esm2_mean,locus,0,1.0,13696,2.9069010598473755,1.2529211
22474,HLA-A*24:07,esm2_mean,locus,0,1.0,13696,2.6946271807700692,0.99629503
22475,HLA-A*66:01,esm2_mean,locus,0,1.0,13696,0.26236426446749106,0.8954953
22477,HLA-A*24:02,esm2_mean,locus,0,1.0,13696,0.33647223662121295,0.99493945
22478,HLA-A*23:01,esm2_mean,locus,0,1.0,13696,2.2823823856765264,0.9453048
22479,HLA-A*68:23,esm2_mean,locus,0,1.0,13696,0.18232155679395465,0.5491765
22480,HLA-A*66:01,esm2_mean,locus,0,1.0,13696,0.0,0.87574595
22481,HLA-A*68:01,esm2_mean,locus,0,1.0,13696,1.308332819650179,1.7045887
22484,HLA-A*43:01,esm2_mean,locus,0,1.0,13696,0.26236426446749106,0.7290273
22485,HLA-A*02:03,esm2_mean,locus,0,1.0,13696,0.7419373447293773,0.7788575
22486,HLA-A*33:03,esm2_mean,locus,0,1.0,13696,0.0,1.4718877
22487,HLA-A*30:01,esm2_mean,locus,0,1.0,13696,2.6100697927420065,1.4225595
22491,HLA-A*68:23,esm2_mean,locus,0,1.0,13696,0.33647223662121295,0.45875967
22492,HLA-A*02:11,esm2_mean,locus,0,1.0,13696,1.410986973710262,1.3642185
22493,HLA-A*02:12,esm2_mean,locus,0,1.0,13696,1.1631508098056809,1.0687678
22494,HLA-A*68:01,esm2_mean,locus,0,1.0,13696,0.5306282510621704,1.7525959
22497,HLA-A*66:01,esm2_mean,locus,0,1.0,13696,0.4054651081081644,1.0603275
22502,HLA-A*02:50,esm2_mean,locus,0,1.0,13696,1.0296194171811583,2.1639192
22504,HLA-A*24:07,esm2_mean,locus,0,1.0,13696,2.5416019934645457,0.7448616
22505,HLA-A*25:01,esm2_mean,locus,0,1.0,13696,2.066862759472976,0.4690886
22507,HLA-A*32:07,esm2_mean,locus,0,1.0,13696,1.62924053973028,0.7132696
22512,HLA-A*66:01,esm2_mean,locus,0,1.0,13696,0.18232155679395465,0.90469396
22513,HLA-A*02:16,esm2_mean,locus,0,1.0,13696,1.308332819650179,1.6091683
22514,HLA-A*02:19,esm2_mean,locus,0,1.0,13696,1.1631508098056809,1.8145401
22515,HLA-A*11:01,esm2_mean,locus,0,1.0,13696,4.410371107683024,1.2965318
22522,HLA-A*24:02,esm2_mean,locus,0,1.0,13696,1.8718021769015913,0.9858335
22527,HLA-A*43:01,esm2_mean,locus,0,1.0,13696,1.5686159179138452,0.69425166
22531,HLA-A*02:12,esm2_mean,locus,0,1.0,13696,2.9231615807191558,1.3798305
22534,HLA-A*43:01,esm2_mean,locus,0,1.0,13696,0.18232155679395465,0.9252947
22535,HLA-A*26:03,esm2_mean,locus,0,1.0,13696,0.0,0.5388219
22538,HLA-A*02:16,esm2_mean,locus,0,1.0,13696,0.33647223662121295,1.3570824
22539,HLA-A*33:03,esm2_mean,locus,0,1.0,13696,0.0,0.9161714
22540,HLA-A*68:23,esm2_mean,locus,0,1.0,13696,1.8082887711792655,0.33058816
22543,HLA-A*43:01,esm2_mean,locus,0,1.0,13696,0.0,0.8793373
22544,HLA-A*80:01,esm2_mean,locus,0,1.0,13696,0.0,-0.07345182
22546,HLA-A*80:01,esm2_mean,locus,0,1.0,13696,0.0,-0.04386598
22549,HLA-A*80:01,esm2_mean,locus,0,1.0,13696,0.0,-0.14121443
22550,HLA-A*26:03,esm2_mean,locus,0,1.0,13696,1.1314021114911006,0.67745847
22552,HLA-A*02:19,esm2_mean,locus,0,1.0,13696,2.33214389523559,1.9093561
22555,HLA-A*11:01,esm2_mean,locus,0,1.0,13696,3.8088822465086327,1.2007611
22559,HLA-A*02:16,esm2_mean,locus,0,1.0,13696,2.2512917986064953,1.3078958
22562,HLA-A*24:07,esm2_mean,locus,0,1.0,13696,0.18232155679395465,0.29608
22566,HLA-A*24:02,esm2_mean,locus,0,1.0,13696,0.33647223662121295,1.2054547
22567,HLA-A*02:19,esm2_mean,locus,0,1.0,13696,0.33647223662121295,1.6018393
22571,HLA-A*02:16,esm2_mean,locus,0,1.0,13696,2.667228206581955,1.5667005
22574,HLA-A*32:07,esm2_mean,locus,0,1.0,13696,0.33647223662121295,1.0301809
22582,HLA-A*03:01,esm2_mean,locus,0,1.0,13696,2.3978952727983707,2.0508373
22583,HLA-A*29:02,esm2_mean,locus,0,1.0,13696,0.26236426446749106,1.8614602
22584,HLA-A*02:16,esm2_mean,locus,0,1.0,13696,3.713572066704308,1.4532444
22585,HLA-A*68:01,esm2_mean,locus,0,1.0,13696,0.18232155679395465,1.89096
22588,HLA-A*02:01,esm2_mean,locus,0,1.0,13696,3.505557396986398,1.7040184
22589,HLA-A*03:01,esm2_mean,locus,0,1.0,13696,3.7256934272366524,1.8110261
22595,HLA-A*25:01,esm2_mean,locus,0,1.0,13696,1.9021075263969205,0.7622582
22599,HLA-A*24:02,esm2_mean,locus,0,1.0,13696,0.18232155679395465,1.056741
22601,HLA-A*26:02,esm2_mean,locus,0,1.0,13696,2.388762789235098,-0.006129563
22603,HLA-A*02:03,esm2_mean,locus,0,1.0,13696,1.8718021769015913,1.290168
22604,HLA-A*02:19,esm2_mean,locus,0,1.0,13696,2.0918640616783932,1.848427
22608,HLA-A*02:12,esm2_mean,locus,0,1.0,13696,0.6418538861723948,0.54759794
22609,HLA-A*68:01,esm2_mean,locus,0,1.0,13696,4.127134385045092,1.6703153
22610,HLA-A*74:01,esm2_mean,locus,0,1.0,13696,2.72785282839839,0.7015941
22613,HLA-A*29:02,esm2_mean,locus,0,1.0,13696,2.388762789235098,1.3930329
22614,HLA-A*23:01,esm2_mean,locus,0,1.0,13696,0.4700036292457355,0.9567507
22617,HLA-A*43:01,esm2_mean,locus,0,1.0,13696,0.33647223662121295,0.9138597
22618,HLA-A*29:02,esm2_mean,locus,0,1.0,13696,0.4054651081081644,1.5182989
22619,HLA-A*33:03,esm2_mean,locus,0,1.0,13696,0.6931471805599453,0.9689073
22620,HLA-A*68:23,esm2_mean,locus,0,1.0,13696,0.09531017980432487,0.3164531
22621,HLA-A*68:23,esm2_mean,locus,0,1.0,13696,0.18232155679395465,0.574119
22623,HLA-A*02:01,esm2_mean,locus,0,1.0,13696,1.6094379124341003,1.6099446
22627,HLA-A*66:01,esm2_mean,locus,0,1.0,13696,0.5306282510621704,0.8939022
22630,HLA-A*02:01,esm2_mean,locus,0,1.0,13696,1.1939224684724346,1.4366145
22631,HLA-A*02:50,esm2_mean,locus,0,1.0,13696,2.066862759472976,1.8138674
22632,HLA-A*74:01,esm2_mean,locus,0,1.0,13696,0.5877866649021191,0.9447228
22634,HLA-A*30:02,esm2_mean,locus,0,1.0,13696,0.4054651081081644,0.775344
22637,HLA-A*68:01,esm2_mean,locus,0,1.0,13696,4.299324142908639,1.5217373
22641,HLA-A*80:01,esm2_mean,locus,0,1.0,13696,0.0,0.06366998
22642,HLA-A*24:19,esm2_mean,locus,0,1.0,13696,0.18232155679395465,-0.1132707
22643,HLA-A*02:10,esm2_mean,locus,0,1.0,13696,1.8718021769015913,1.0238795
22644,HLA-A*02:10,esm2_mean,locus,0,1.0,13696,2.1400661634962708,0.6971032
22647,HLA-A*26:02,esm2_mean,locus,0,1.0,13696,0.18232155679395465,-0.23829192
22652,HLA-A*68:02,esm2_mean,locus,0,1.0,13696,0.9932517730102833,1.2799103
22655,HLA-A*68:23,esm2_mean,locus,0,1.0,13696,0.26236426446749106,0.71941435
22657,HLA-A*24:02,esm2_mean,locus,0,1.0,13696,0.832909122935104,1.352836
22658,HLA-A*02:16,esm2_mean,locus,0,1.0,13696,0.7884573603642702,1.3950974
22662,HLA-A*26:03,esm2_mean,locus,0,1.0,13696,0.0,0.966063
22665,HLA-A*24:02,esm2_mean,locus,0,1.0,13696,0.33647223662121295,0.5513112
22666,HLA-A*30:01,esm2_mean,locus,0,1.0,13696,0.0,1.2175102
22669,HLA-A*25:01,esm2_mean,locus,0,1.0,13696,0.5877866649021191,0.2828707
22671,HLA-A*68:01,esm2_mean,locus,0,1.0,13696,1.1314021114911006,1.3313818
22674,HLA-A*30:02,esm2_mean,locus,0,1.0,13696,0.8754687373538999,0.71649975
22676,HLA-A*02:10,esm2_mean,locus,0,1.0,13696,1.5686159179138452,0.5379091
22677,HLA-A*74:01,esm2_mean,locus,0,1.0,13696,1.33500106673234,0.9901622
22680,HLA-A*24:02,esm2_mean,locus,0,1.0,13696,1.0986122886681098,1.1199895
22685,HLA-A*26:03,esm2_mean,locus,0,1.0,13696,0.0,0.49194
22688,HLA-A*43:01,esm2_mean,locus,0,1.0,13696,0.09531017980432487,0.9436743
22689,HLA-A*24:19,esm2_mean,locus,0,1.0,13696,0.09531017980432487,-0.2332359
22691,HLA-A*24:02,esm2_mean,locus,0,1.0,13696,0.18232155679395465,1.172986
22692,HLA-A*33:03,esm2_mean,locus,0,1.0,13696,0.0,1.4016491
22697,HLA-A*02:11,esm2_mean,locus,0,1.0,13696,2.0794415416798357,1.3930426
22698,HLA-A*80:01,esm2_mean,locus,0,1.0,13696,1.667706820558076,0.31077397
22702,HLA-A*02:03,esm2_mean,locus,0,1.0,13696,2.89591193827178,1.3116285
22703,HLA-A*31:01,esm2_mean,locus,0,1.0,13696,1.7404661748405046,1.3437163
22704,HLA-A*29:02,esm2_mean,locus,0,1.0,13696,0.26236426446749106,1.6618117
22708,HLA-A*02:01,esm2_mean,locus,0,1.0,13696,3.139832617527748,1.8183765
22709,HLA-A*33:03,esm2_mean,locus,0,1.0,13696,0.0,1.00294
22710,HLA-A*11:01,esm2_mean,locus,0,1.0,13696,2.8791984572980396,1.237991
22714,HLA-A*68:01,esm2_mean,locus,0,1.0,13696,0.0,1.9513277
22717,HLA-A*30:02,esm2_mean,locus,0,1.0,13696,0.33647223662121295,0.91466427
22719,HLA-A*24:19,esm2_mean,locus,0,1.0,13696,0.09531017980432487,-0.5515198
22727,HLA-A*33:03,esm2_mean,locus,0,1.0,13696,3.265759410767051,1.0005059
22731,HLA-A*02:10,esm2_mean,locus,0,1.0,13696,0.7884573603642702,0.69639933
22732,HLA-A*02:12,esm2_mean,locus,0,1.0,13696,1.33500106673234,0.97535896
22734,HLA-A*80:01,esm2_mean,locus,0,1.0,13696,0.18232155679395465,0.3291462
22740,HLA-A*68:23,esm2_mean,locus,0,1.0,13696,0.18232155679395465,0.28589463
22741,HLA-A*68:02,esm2_mean,locus,0,1.0,13696,0.33647223662121295,0.9661779
22743,HLA-A*43:01,esm2_mean,locus,0,1.0,13696,3.0819099697950434,0.9570178
22746,HLA-A*68:01,esm2_mean,locus,0,1.0,13696,0.0,1.9933903
22748,HLA-A*30:02,esm2_mean,locus,0,1.0,13696,0.0,0.6926571
22750,HLA-A*66:01,esm2_mean,locus,0,1.0,13696,0.26236426446749106,0.6540216
22753,HLA-A*03:01,esm2_mean,locus,0,1.0,13696,1.6863989535702288,1.737361
22754,HLA-A*02:10,esm2_mean,locus,0,1.0,13696,0.26236426446749106,0.7508269
22755,HLA-A*02:50,esm2_mean,locus,0,1.0,13696,2.72785282839839,1.7797949
22756,HLA-A*11:01,esm2_mean,locus,0,1.0,13696,3.8044377947482086,1.3810679
22758,HLA-A*24:19,esm2_mean,locus,0,1.0,13696,0.6931471805599453,0.27533346
22759,HLA-A*24:19,esm2_mean,locus,0,1.0,13696,0.4054651081081644,0.059167564
22760,HLA-A*02:03,esm2_mean,locus,0,1.0,13696,3.1654750481410856,1.188867
22762,HLA-A*24:19,esm2_mean,locus,0,1.0,13696,0.9555114450274363,-0.2916786
22763,HLA-A*26:02,esm2_mean,locus,0,1.0,13696,3.4468078929142076,0.054151535
22764,HLA-A*02:12,esm2_mean,locus,0,1.0,13696,3.295836866004329,0.9469732
22765,HLA-A*02:19,esm2_mean,locus,0,1.0,13696,0.4054651081081644,1.3714563
22767,HLA-A*26:02,esm2_mean,locus,0,1.0,13696,0.26236426446749106,-0.10241538
22768,HLA-A*02:50,esm2_mean,locus,0,1.0,13696,2.4159137783010487,1.6503745
22771,HLA-A*25:01,esm2_mean,locus,0,1.0,13696,0.0,0.7741791
22772,HLA-A*02:10,esm2_mean,locus,0,1.0,13696,0.0,0.65192413
22773,HLA-A*02:12,esm2_mean,locus,0,1.0,13696,2.8154087194227095,1.1386796
22776,HLA-A*32:07,esm2_mean,locus,0,1.0,13696,4.563305981889393,1.1514469
22777,HLA-A*25:01,esm2_mean,locus,0,1.0,13696,0.5877866649021191,0.44578552
22780,HLA-A*02:01,esm2_mean,locus,0,1.0,13696,3.342861804649192,1.6397262
22782,HLA-A*30:01,esm2_mean,locus,0,1.0,13696,0.26236426446749106,1.2612562
22784,HLA-A*32:07,esm2_mean,locus,0,1.0,13696,2.970414465569701,0.989147
22785,HLA-A*68:23,esm2_mean,locus,0,1.0,13696,0.26236426446749106,0.7534597
22787,HLA-A*66:01,esm2_mean,locus,0,1.0,13696,0.8754687373538999,0.4524688
22790,HLA-A*32:07,esm2_mean,locus,0,1.0,13696,3.6375861597263857,0.8741401
22791,HLA-A*24:19,esm2_mean,locus,0,1.0,13696,0.0,-0.093923986
22792,HLA-A*25:01,esm2_mean,locus,0,1.0,13696,0.0,0.4777736
22796,HLA-A*24:02,esm2_mean,locus,0,1.0,13696,0.26236426446749106,0.98503995
22797,HLA-A*02:01,esm2_mean,locus,0,1.0,13696,2.341805806147327,1.7345016
22801,HLA-A*29:02,esm2_mean,locus,0,1.0,13696,0.8754687373538999,2.0526857
22805,HLA-A*24:19,esm2_mean,locus,0,1.0,13696,0.18232155679395465,0.261823
22806,HLA-A*24:19,esm2_mean,locus,0,1.0,13696,0.18232155679395465,-0.1185177
22810,HLA-A*31:01,esm2_mean,locus,0,1.0,13696,0.18232155679395465,1.3410561
22811,HLA-A*68:01,esm2_mean,locus,0,1.0,13696,1.0986122886681098,1.7075179
22813,HLA-A*33:03,esm2_mean,locus,0,1.0,13696,0.26236426446749106,1.084433
22815,HLA-A*23:01,esm2_mean,locus,0,1.0,13696,2.312535423847214,0.73635817
22816,HLA-A*25:01,esm2_mean,locus,0,1.0,13696,0.0,0.4114917
22817,HLA-A*26:02,esm2_mean,locus,0,1.0,13696,0.26236426446749106,-0.23639756
22819,HLA-A*02:03,esm2_mean,locus,0,1.0,13696,1.308332819650179,1.3720517
22820,HLA-A*02:50,esm2_mean,locus,0,1.0,13696,0.4054651081081644,1.9418949
22822,HLA-A*32:07,esm2_mean,locus,0,1.0,13696,1.547562508716013,0.84073955
22827,HLA-A*30:02,esm2_mean,locus,0,1.0,13696,0.26236426446749106,0.9878275
22830,HLA-A*80:01,esm2_mean,locus,0,1.0,13696,0.18232155679395465,-0.19565636
22832,HLA-A*24:07,esm2_mean,locus,0,1.0,13696,0.09531017980432487,0.59367365
22835,HLA-A*02:19,esm2_mean,locus,0,1.0,13696,2.066862759472976,1.6616464
22838,HLA-A*30:02,esm2_mean,locus,0,1.0,13696,1.4816045409242156,1.1054912
22841,HLA-A*02:19,esm2_mean,locus,0,1.0,13696,2.70805020110221,1.466537
22845,HLA-A*03:01,esm2_mean,locus,0,1.0,13696,0.09531017980432487,1.9605992
22847,HLA-A*02:19,esm2_mean,locus,0,1.0,13696,0.6931471805599453,1.8472133
22848,HLA-A*02:05,esm2_mean,locus,0,1.0,13696,2.884800712846709,2.0420737
22850,HLA-A*24:02,esm2_mean,locus,0,1.0,13696,1.6094379124341003,0.93986464
22853,HLA-A*24:07,esm2_mean,locus,0,1.0,13696,1.4586150226995167,0.8690426
22854,HLA-A*24:07,esm2_mean,locus,0,1.0,13696,0.18232155679395465,0.40481412
22857,HLA-A*02:11,esm2_mean,locus,0,1.0,13696,2.2823823856765264,1.2215948
22858,HLA-A*30:01,esm2_mean,locus,0,1.0,13696,1.840549633397487,1.3036766
22861,HLA-A*24:19,esm2_mean,locus,0,1.0,13696,0.09531017980432487,-0.29358727
22863,HLA-A*02:11,esm2_mean,locus,0,1.0,13696,2.5494451709255714,1.137768
22865,HLA-A*29:02,esm2_mean,locus,0,1.0,13696,0.33647223662121295,1.6244886
22866,HLA-A*24:19,esm2_mean,locus,0,1.0,13696,0.26236426446749106,-0.06563324
22869,HLA-A*30:02,esm2_mean,locus,0,1.0,13696,2.322387720290225,0.9907241
22871,HLA-A*24:02,esm2_mean,locus,0,1.0,13696,0.832909122935104,0.6492121
22873,HLA-A*30:02,esm2_mean,locus,0,1.0,13696,2.5877640352277083,0.7655819
22874,HLA-A*32:07,esm2_mean,locus,0,1.0,13696,3.126760535960395,0.75264287
22877,HLA-A*24:02,esm2_mean,locus,0,1.0,13696,3.983413001514819,0.83914304
22879,HLA-A*32:07,esm2_mean,locus,0,1.0,13696,1.3609765531356006,0.5312365
22881,HLA-A*31:01,esm2_mean,locus,0,1.0,13696,2.2192034840549946,0.89746594
22882,HLA-A*33:03,esm2_mean,locus,0,1.0,13696,0.6418538861723948,1.3405476
22885,HLA-A*24:19,esm2_mean,locus,0,1.0,13696,0.6418538861723948,0.0615322
22886,HLA-A*26:02,esm2_mean,locus,0,1.0,13696,0.18232155679395465,0.13685673
22887,HLA-A*02:50,esm2_mean,locus,0,1.0,13696,2.4595888418037104,1.8242242
22888,HLA-A*68:01,esm2_mean,locus,0,1.0,13696,0.0,1.876545
22892,HLA-A*66:01,esm2_mean,locus,0,1.0,13696,0.0,0.7964192
22897,HLA-A*30:01,esm2_mean,locus,0,1.0,13696,0.0,0.82939696
22898,HLA-A*31:01,esm2_mean,locus,0,1.0,13696,0.9555114450274363,1.4875684
22901,HLA-A*74:01,esm2_mean,locus,0,1.0,13696,0.4700036292457355,0.38512892
22904,HLA-A*33:03,esm2_mean,locus,0,1.0,13696,0.0,1.3438988
22912,HLA-A*74:01,esm2_mean,locus,0,1.0,13696,2.1633230256605382,0.9741689
22913,HLA-A*23:01,esm2_mean,locus,0,1.0,13696,1.2237754316221157,1.1076722
22914,HLA-A*32:07,esm2_mean,locus,0,1.0,13696,1.8718021769015913,0.54014707
22916,HLA-A*24:02,esm2_mean,locus,0,1.0,13696,1.308332819650179,0.8733382
22917,HLA-A*02:10,esm2_mean,locus,0,1.0,13696,0.4054651081081644,0.6801355
22918,HLA-A*02:50,esm2_mean,locus,0,1.0,13696,1.4816045409242156,2.0877388
22919,HLA-A*29:02,esm2_mean,locus,0,1.0,13696,1.1939224684724346,1.5599835
22920,HLA-A*25:01,esm2_mean,locus,0,1.0,13696,0.8754687373538999,0.35130012
22924,HLA-A*11:01,esm2_mean,locus,0,1.0,13696,4.321480134805848,1.2995982
22943,HLA-A*43:01,esm2_mean,locus,0,1.0,13696,0.33647223662121295,0.8523775
22947,HLA-A*43:01,esm2_mean,locus,0,1.0,13696,0.0,1.0229568
22950,HLA-A*24:07,esm2_mean,locus,0,1.0,13696,3.246490991901174,0.59167653
22952,HLA-A*43:01,esm2_mean,locus,0,1.0,13696,0.18232155679395465,1.0066485
22953,HLA-A*66:01,esm2_mean,locus,0,1.0,13696,0.33647223662121295,0.74460703
22956,HLA-A*80:01,esm2_mean,locus,0,1.0,13696,0.09531017980432487,0.23173702
22957,HLA-A*25:01,esm2_mean,locus,0,1.0,13696,0.0,0.29918915
22962,HLA-A*25:01,esm2_mean,locus,0,1.0,13696,1.7047480922384253,0.62043077
22964,HLA-A*02:12,esm2_mean,locus,0,1.0,13696,0.9555114450274363,1.3104415
22965,HLA-A*02:05,esm2_mean,locus,0,1.0,13696,1.8082887711792655,1.797993
22968,HLA-A*02:19,esm2_mean,locus,0,1.0,13696,3.7328963395307104,1.7577741
22969,HLA-A*02:19,esm2_mean,locus,0,1.0,13696,2.6741486494265287,1.306246
22976,HLA-A*24:02,esm2_mean,locus,0,1.0,13696,1.5040773967762742,0.9131426
22977,HLA-A*02:16,esm2_mean,locus,0,1.0,13696,3.380994674344636,1.4369454
22979,HLA-A*66:01,esm2_mean,locus,0,1.0,13696,0.0,0.86957836
22980,HLA-A*66:01,esm2_mean,locus,0,1.0,13696,0.0,0.8810547
22982,HLA-A*30:01,esm2_mean,locus,0,1.0,13696,1.6863989535702288,1.4856011
22984,HLA-A*24:19,esm2_mean,locus,0,1.0,13696,0.33647223662121295,0.16239166
22987,HLA-A*03:01,esm2_mean,locus,0,1.0,13696,0.0,1.8341007
22989,HLA-A*32:01,esm2_mean,locus,0,1.0,13696,0.18232155679395465,0.9238021
22990,HLA-A*24:19,esm2_mean,locus,0,1.0,13696,0.18232155679395465,0.196213
22991,HLA-A*66:01,esm2_mean,locus,0,1.0,13696,0.0,0.8645985
22994,HLA-A*02:03,esm2_mean,locus,0,1.0,13696,0.7419373447293773,1.2389631
22995,HLA-A*68:01,esm2_mean,locus,0,1.0,13696,1.7578579175523736,1.8329365
22998,HLA-A*24:03,esm2_mean,locus,0,1.0,13696,1.4586150226995167,0.76335
23002,HLA-A*29:02,esm2_mean,locus,0,1.0,13696,0.26236426446749106,1.830689
23004,HLA-A*02:10,esm2_mean,locus,0,1.0,13696,0.6931471805599453,0.6703237
23005,HLA-A*02:19,esm2_mean,locus,0,1.0,13696,2.2192034840549946,1.3757834
23006,HLA-A*30:01,esm2_mean,locus,0,1.0,13696,0.0,1.0219418
23010,HLA-A*03:01,esm2_mean,locus,0,1.0,13696,4.222444564849416,1.6915249
23011,HLA-A*30:01,esm2_mean,locus,0,1.0,13696,0.4054651081081644,1.5691235
23012,HLA-A*02:50,esm2_mean,locus,0,1.0,13696,2.128231705849268,1.8115044
23014,HLA-A*24:07,esm2_mean,locus,0,1.0,13696,0.26236426446749106,1.0335361
23015,HLA-A*03:01,esm2_mean,locus,0,1.0,13696,0.6418538861723948,2.029073
23016,HLA-A*02:16,esm2_mean,locus,0,1.0,13696,1.0986122886681098,1.3593006
23020,HLA-A*25:01,esm2_mean,locus,0,1.0,13696,0.0,0.60833186
23021,HLA-A*03:01,esm2_mean,locus,0,1.0,13696,2.624668592163159,2.0937493
23023,HLA-A*32:07,esm2_mean,locus,0,1.0,13696,1.1631508098056809,0.82938933
23024,HLA-A*02:03,esm2_mean,locus,0,1.0,13696,1.5260563034950494,1.1869167
23025,HLA-A*02:16,esm2_mean,locus,0,1.0,13696,2.0918640616783932,1.5443635
23029,HLA-A*29:02,esm2_mean,locus,0,1.0,13696,0.7884573603642702,1.560107
23030,HLA-A*23:01,esm2_mean,locus,0,1.0,13696,2.4765384001174837,0.95442694
23031,HLA-A*24:07,esm2_mean,locus,0,1.0,13696,1.916922612182061,0.59788835
23032,HLA-A*24:02,esm2_mean,locus,0,1.0,13696,0.5877866649021191,1.0219375
23035,HLA-A*02:10,esm2_mean,locus,0,1.0,13696,0.5306282510621704,0.58604586
23036,HLA-A*43:01,esm2_mean,locus,0,1.0,13696,0.0,1.147337
23037,HLA-A*29:02,esm2_mean,locus,0,1.0,13696,0.7884573603642702,1.8517724
23038,HLA-A*80:01,esm2_mean,locus,0,1.0,13696,0.4700036292457355,0.123340845
23039,HLA-A*23:01,esm2_mean,locus,0,1.0,13696,2.186051276738094,0.8273481
23040,HLA-A*24:19,esm2_mean,locus,0,1.0,13696,0.09531017980432487,-0.13752574
23041,HLA-A*02:50,esm2_mean,locus,0,1.0,13696,1.1939224684724346,1.7864738
23043,HLA-A*29:02,esm2_mean,locus,0,1.0,13696,1.62924053973028,1.9463575
23045,HLA-A*24:07,esm2_mean,locus,0,1.0,13696,1.9878743481543455,0.5941468
23048,HLA-A*02:16,esm2_mean,locus,0,1.0,13696,0.9162907318741551,1.4206777
23050,HLA-A*29:02,esm2_mean,locus,0,1.0,13696,2.468099531471619,1.4292936
23053,HLA-A*24:19,esm2_mean,locus,0,1.0,13696,1.8082887711792655,0.07613832
23054,HLA-A*25:01,esm2_mean,locus,0,1.0,13696,0.4054651081081644,0.5160935
23056,HLA-A*29:02,esm2_mean,locus,0,1.0,13696,2.5649493574615367,1.5457854
23058,HLA-A*66:01,esm2_mean,locus,0,1.0,13696,0.6678293725756554,0.6327051
23060,HLA-A*02:10,esm2_mean,locus,0,1.0,13696,1.5686159179138452,0.82862693
23061,HLA-A*23:01,esm2_mean,locus,0,1.0,13696,2.4336133554004498,0.82360727
23062,HLA-A*23:01,esm2_mean,locus,0,1.0,13696,3.616308761279101,0.67724085
23063,HLA-A*32:07,esm2_mean,locus,0,1.0,13696,2.2300144001592104,0.77225435
23064,HLA-A*02:50,esm2_mean,locus,0,1.0,13696,2.740840023925201,1.613508
23067,HLA-A*02:01,esm2_mean,locus,0,1.0,13696,1.824549292051046,1.72269
23068,HLA-A*74:01,esm2_mean,locus,0,1.0,13696,0.4700036292457355,0.6741025
23070,HLA-A*29:02,esm2_mean,locus,0,1.0,13696,0.6931471805599453,1.7321942
23073,HLA-A*31:01,esm2_mean,locus,0,1.0,13696,0.5877866649021191,1.0253272
23076,HLA-A*66:01,esm2_mean,locus,0,1.0,13696,0.18232155679395465,0.7477498
23078,HLA-A*43:01,esm2_mean,locus,0,1.0,13696,0.33647223662121295,0.8241283
23079,HLA-A*43:01,esm2_mean,locus,0,1.0,13696,0.26236426446749106,0.94492024
23080,HLA-A*43:01,esm2_mean,locus,0,1.0,13696,0.33647223662121295,0.96690726
23081,HLA-A*24:07,esm2_mean,locus,0,1.0,13696,1.0296194171811583,0.71812046
23082,HLA-A*25:01,esm2_mean,locus,0,1.0,13696,0.0,0.83873063
23083,HLA-A*25:01,esm2_mean,locus,0,1.0,13696,0.18232155679395465,0.7057342
23084,HLA-A*02:12,esm2_mean,locus,0,1.0,13696,3.126760535960395,1.0506402
23085,HLA-A*30:01,esm2_mean,locus,0,1.0,13696,1.33500106673234,1.5638382
23087,HLA-A*68:23,esm2_mean,locus,0,1.0,13696,0.4054651081081644,0.6432028
23089,HLA-A*03:01,esm2_mean,locus,0,1.0,13696,0.0,1.8184546
23091,HLA-A*02:16,esm2_mean,locus,0,1.0,13696,2.9496883350525844,1.3971088
23093,HLA-A*29:02,esm2_mean,locus,0,1.0,13696,0.4054651081081644,1.3959727
23094,HLA-A*24:07,esm2_mean,locus,0,1.0,13696,0.9162907318741551,0.8879
23100,HLA-A*74:01,esm2_mean,locus,0,1.0,13696,4.115779842942166,0.76972806
23103,HLA-A*80:01,esm2_mean,locus,0,1.0,13696,0.0,0.03294581
23105,HLA-A*68:23,esm2_mean,locus,0,1.0,13696,0.33647223662121295,0.50524616
23106,HLA-A*26:03,esm2_mean,locus,0,1.0,13696,0.18232155679395465,0.41020358
23108,HLA-A*23:01,esm2_mean,locus,0,1.0,13696,3.186352633162641,1.0071806
23109,HLA-A*24:07,esm2_mean,locus,0,1.0,13696,2.174751721484161,0.7362315
23114,HLA-A*02:10,esm2_mean,locus,0,1.0,13696,3.6686767467964168,0.77464366
23115,HLA-A*31:01,esm2_mean,locus,0,1.0,13696,0.18232155679395465,0.9979869
23116,HLA-A*68:01,esm2_mean,locus,0,1.0,13696,1.33500106673234,1.6625853
23124,HLA-A*02:10,esm2_mean,locus,0,1.0,13696,3.3068867021909143,0.960786
23125,HLA-A*02:11,esm2_mean,locus,0,1.0,13696,3.5263605246161616,1.1555464
23128,HLA-A*24:07,esm2_mean,locus,0,1.0,13696,0.5877866649021191,0.8414391
23132,HLA-A*02:50,esm2_mean,locus,0,1.0,13696,2.186051276738094,1.8023794
23134,HLA-A*80:01,esm2_mean,locus,0,1.0,13696,0.18232155679395465,0.05167538
23135,HLA-A*80:01,esm2_mean,locus,0,1.0,13696,0.8754687373538999,0.2688676
23136,HLA-A*02:03,esm2_mean,locus,0,1.0,13696,0.7419373447293773,1.0420206
23137,HLA-A*11:01,esm2_mean,locus,0,1.0,13696,3.0726933146901194,1.304478
23141,HLA-A*68:23,esm2_mean,locus,0,1.0,13696,1.308332819650179,0.49151435
23142,HLA-A*66:01,esm2_mean,locus,0,1.0,13696,0.33647223662121295,0.9526743
23143,HLA-A*02:10,esm2_mean,locus,0,1.0,13696,0.0,1.002287
23144,HLA-A*02:10,esm2_mean,locus,0,1.0,13696,3.0819099697950434,0.8682076
23146,HLA-A*43:01,esm2_mean,locus,0,1.0,13696,2.8154087194227095,1.0489297
23147,HLA-A*24:07,esm2_mean,locus,0,1.0,13696,0.5877866649021191,1.081176
23149,HLA-A*02:16,esm2_mean,locus,0,1.0,13696,3.265759410767051,1.4255427
23152,HLA-A*74:01,esm2_mean,locus,0,1.0,13696,0.832909122935104,1.1161019
23155,HLA-A*24:02,esm2_mean,locus,0,1.0,13696,0.18232155679395465,0.903202
23156,HLA-A*30:01,esm2_mean,locus,0,1.0,13696,0.0,1.2148831
23157,HLA-A*11:01,esm2_mean,locus,0,1.0,13696,1.791759469228055,1.3996474
23159,HLA-A*80:01,esm2_mean,locus,0,1.0,13696,0.0,0.3292187
23160,HLA-A*24:07,esm2_mean,locus,0,1.0,13696,0.4700036292457355,0.8000423
23162,HLA-A*02:10,esm2_mean,locus,0,1.0,13696,2.2407096892759584,0.6934048
23163,HLA-A*31:01,esm2_mean,locus,0,1.0,13696,1.3609765531356006,1.4421417
23167,HLA-A*26:03,esm2_mean,locus,0,1.0,13696,0.33647223662121295,0.5898495
23169,HLA-A*24:02,esm2_mean,locus,0,1.0,13696,0.18232155679395465,0.926104
23170,HLA-A*02:19,esm2_mean,locus,0,1.0,13696,0.26236426446749106,1.465293
23173,HLA-A*29:02,esm2_mean,locus,0,1.0,13696,2.766319109226186,1.5912268
23174,HLA-A*80:01,esm2_mean,locus,0,1.0,13696,0.09531017980432487,-0.0032622218
23178,HLA-A*02:16,esm2_mean,locus,0,1.0,13696,1.5260563034950494,1.7261405
23180,HLA-A*32:07,esm2_mean,locus,0,1.0,13696,1.1939224684724346,0.6788239
23183,HLA-A*02:11,esm2_mean,locus,0,1.0,13696,2.580216829592325,1.1739824
23185,HLA-A*66:01,esm2_mean,locus,0,1.0,13696,0.26236426446749106,0.6901063
23187,HLA-A*02:10,esm2_mean,locus,0,1.0,13696,1.1631508098056809,0.9383559
23188,HLA-A*02:12,esm2_mean,locus,0,1.0,13696,2.3513752571634776,0.72159845
23189,HLA-A*02:19,esm2_mean,locus,0,1.0,13696,0.18232155679395465,1.5633588
23191,HLA-A*43:01,esm2_mean,locus,0,1.0,13696,0.0,1.0520775
23193,HLA-A*68:23,esm2_mean,locus,0,1.0,13696,0.18232155679395465,0.49513614
23196,HLA-A*02:01,esm2_mean,locus,0,1.0,13696,2.9856819377004897,1.5913789
23202,HLA-A*29:02,esm2_mean,locus,0,1.0,13696,0.832909122935104,1.8524098
23203,HLA-A*29:02,esm2_mean,locus,0,1.0,13696,1.252762968495368,1.6196012
23205,HLA-A*25:01,esm2_mean,locus,0,1.0,13696,0.0,0.7882251
23206,HLA-A*02:16,esm2_mean,locus,0,1.0,13696,1.1631508098056809,1.1266909
23207,HLA-A*30:01,esm2_mean,locus,0,1.0,13696,3.4242626545931514,1.4809823
23209,HLA-A*30:02,esm2_mean,locus,0,1.0,13696,2.6100697927420065,0.9158619
23211,HLA-A*66:01,esm2_mean,locus,0,1.0,13696,0.0,0.7204261
23212,HLA-A*68:01,esm2_mean,locus,0,1.0,13696,0.0,1.645637
23217,HLA-A*43:01,esm2_mean,locus,0,1.0,13696,0.18232155679395465,0.95797163
23224,HLA-A*02:01,esm2_mean,locus,0,1.0,13696,0.7884573603642702,1.8875365
23226,HLA-A*02:01,esm2_mean,locus,0,1.0,13696,2.580216829592325,1.6782608
23230,HLA-A*24:07,esm2_mean,locus,0,1.0,13696,2.2300144001592104,0.77667403
23231,HLA-A*02:16,esm2_mean,locus,0,1.0,13696,3.339321977944068,1.5354468
23233,HLA-A*03:01,esm2_mean,locus,0,1.0,13696,0.0,1.8176503
23234,HLA-A*24:02,esm2_mean,locus,0,1.0,13696,1.4350845252893227,1.1181803
23235,HLA-A*02:11,esm2_mean,locus,0,1.0,13696,2.517696472610991,1.4090533
23236,HLA-A*02:19,esm2_mean,locus,0,1.0,13696,2.4595888418037104,1.692234
23237,HLA-A*24:03,esm2_mean,locus,0,1.0,13696,1.6486586255873816,0.7984202
23239,HLA-A*02:19,esm2_mean,locus,0,1.0,13696,3.1484533605716547,1.3716117
23240,HLA-A*74:01,esm2_mean,locus,0,1.0,13696,2.970414465569701,0.61851954
23242,HLA-A*33:03,esm2_mean,locus,0,1.0,13696,2.2617630984737906,0.8668539
23247,HLA-A*24:19,esm2_mean,locus,0,1.0,13696,0.18232155679395465,0.062300503
23248,HLA-A*30:01,esm2_mean,locus,0,1.0,13696,0.26236426446749106,1.2414467
23251,HLA-A*32:07,esm2_mean,locus,0,1.0,13696,0.0,0.5258
23252,HLA-A*32:07,esm2_mean,locus,0,1.0,13696,1.6486586255873816,0.58153033
23262,HLA-A*33:03,esm2_mean,locus,0,1.0,13696,0.0,1.1467186
23264,HLA-A*30:02,esm2_mean,locus,0,1.0,13696,0.26236426446749106,0.8027508
23266,HLA-A*02:12,esm2_mean,locus,0,1.0,13696,0.33647223662121295,1.0258845
23268,HLA-A*80:01,esm2_mean,locus,0,1.0,13696,0.0,-0.20457238
23269,HLA-A*80:01,esm2_mean,locus,0,1.0,13696,0.5877866649021191,0.26062173
23272,HLA-A*24:07,esm2_mean,locus,0,1.0,13696,1.9740810260220096,0.9342418
23275,HLA-A*33:03,esm2_mean,locus,0,1.0,13696,0.6931471805599453,1.1967607
23277,HLA-A*26:03,esm2_mean,locus,0,1.0,13696,0.33647223662121295,0.59969294
23282,HLA-A*24:19,esm2_mean,locus,0,1.0,13696,0.09531017980432487,-0.21858639
23285,HLA-A*33:03,esm2_mean,locus,0,1.0,13696,0.0,1.2355498
23291,HLA-A*24:07,esm2_mean,locus,0,1.0,13696,0.4700036292457355,0.6615273
23292,HLA-A*68:23,esm2_mean,locus,0,1.0,13696,0.0,0.39999336
23294,HLA-A*02:16,esm2_mean,locus,0,1.0,13696,2.028148247292285,1.2366724
23296,HLA-A*66:01,esm2_mean,locus,0,1.0,13696,0.7884573603642702,0.6342548
23297,HLA-A*02:16,esm2_mean,locus,0,1.0,13696,2.0918640616783932,1.4514642
23300,HLA-A*24:07,esm2_mean,locus,0,1.0,13696,0.4054651081081644,1.0081202
23301,HLA-A*26:03,esm2_mean,locus,0,1.0,13696,0.0,0.5979738
23302,HLA-A*02:01,esm2_mean,locus,0,1.0,13696,0.6575200029167942,1.6015275
23304,HLA-A*43:01,esm2_mean,locus,0,1.0,13696,0.6931471805599453,0.9788512
23305,HLA-A*80:01,esm2_mean,locus,0,1.0,13696,0.0,0.04343027
23308,HLA-A*24:19,esm2_mean,locus,0,1.0,13696,2.322387720290225,-0.050670803
23309,HLA-A*24:02,esm2_mean,locus,0,1.0,13696,0.26236426446749106,0.92329144
23310,HLA-A*68:01,esm2_mean,locus,0,1.0,13696,0.33647223662121295,1.5431845
23312,HLA-A*25:01,esm2_mean,locus,0,1.0,13696,0.0,0.49688524
23315,HLA-A*24:02,esm2_mean,locus,0,1.0,13696,0.5877866649021191,1.0597643
23318,HLA-A*43:01,esm2_mean,locus,0,1.0,13696,0.26236426446749106,1.1260486
23320,HLA-A*02:03,esm2_mean,locus,0,1.0,13696,0.6931471805599453,1.3535231
23321,HLA-A*74:01,esm2_mean,locus,0,1.0,13696,0.6931471805599453,0.5708225
23323,HLA-A*32:07,esm2_mean,locus,0,1.0,13696,3.653252276470785,0.90445864
23325,HLA-A*02:03,esm2_mean,locus,0,1.0,13696,1.7047480922384253,1.0979648
23326,HLA-A*02:10,esm2_mean,locus,0,1.0,13696,3.427514689979529,1.0219612
23327,HLA-A*68:01,esm2_mean,locus,0,1.0,13696,0.0,1.4167916
23335,HLA-A*02:19,esm2_mean,locus,0,1.0,13696,2.6390573296152584,1.2649521
23336,HLA-A*33:03,esm2_mean,locus,0,1.0,13696,0.0,1.3184059
23340,HLA-A*23:01,esm2_mean,locus,0,1.0,13696,1.2237754316221157,0.5255394
23341,HLA-A*25:01,esm2_mean,locus,0,1.0,13696,0.0,0.60141236
23343,HLA-A*02:50,esm2_mean,locus,0,1.0,13696,2.341805806147327,1.7658378
23344,HLA-A*11:01,esm2_mean,locus,0,1.0,13696,2.501435951739211,1.1350532
23345,HLA-A*74:01,esm2_mean,locus,0,1.0,13696,1.9315214116032138,0.72080934
23349,HLA-A*24:02,esm2_mean,locus,0,1.0,13696,1.7749523509116738,1.5300579
23351,HLA-A*68:23,esm2_mean,locus,0,1.0,13696,0.33647223662121295,0.5283053
23352,HLA-A*26:03,esm2_mean,locus,0,1.0,13696,0.0,0.8120949
23353,HLA-A*24:02,esm2_mean,locus,0,1.0,13696,3.4719664525503626,0.9204818
23354,HLA-A*02:16,esm2_mean,locus,0,1.0,13696,0.5877866649021191,1.5817351
23357,HLA-A*66:01,esm2_mean,locus,0,1.0,13696,0.0,0.86686844
23358,HLA-A*33:03,esm2_mean,locus,0,1.0,13696,2.4423470353692043,1.0273201
23359,HLA-A*74:01,esm2_mean,locus,0,1.0,13696,2.624668592163159,0.40137666
23362,HLA-A*26:03,esm2_mean,locus,0,1.0,13696,1.589235205116581,0.65564907
23367,HLA-A*02:12,esm2_mean,locus,0,1.0,13696,2.6100697927420065,1.3454355
23368,HLA-A*25:01,esm2_mean,locus,0,1.0,13696,0.4700036292457355,0.46459645
23369,HLA-A*66:01,esm2_mean,locus,0,1.0,13696,0.0,0.70963705
23370,HLA-A*02:11,esm2_mean,locus,0,1.0,13696,3.1945831322991562,1.5174587
23371,HLA-A*30:02,esm2_mean,locus,0,1.0,13696,0.33647223662121295,0.8769715
23373,HLA-A*30:01,esm2_mean,locus,0,1.0,13696,0.5877866649021191,1.5628817
23375,HLA-A*29:02,esm2_mean,locus,0,1.0,13696,3.481240089335692,1.5693467
23378,HLA-A*03:01,esm2_mean,locus,0,1.0,13696,3.104586678466073,1.8059039
23381,HLA-A*32:07,esm2_mean,locus,0,1.0,13696,0.0,0.94123167
23384,HLA-A*68:23,esm2_mean,locus,0,1.0,13696,0.33647223662121295,0.6620625
23387,HLA-A*74:01,esm2_mean,locus,0,1.0,13696,0.4054651081081644,0.55493784
23389,HLA-A*24:02,esm2_mean,locus,0,1.0,13696,1.7047480922384253,0.65679383
23390,HLA-A*24:02,esm2_mean,locus,0,1.0,13696,0.4054651081081644,1.0964787
23400,HLA-A*23:01,esm2_mean,locus,0,1.0,13696,0.6931471805599453,0.6342742
23402,HLA-A*24:02,esm2_mean,locus,0,1.0,13696,0.26236426446749106,1.1744019
23404,HLA-A*02:01,esm2_mean,locus,0,1.0,13696,1.5260563034950494,1.5237834
23405,HLA-A*02:11,esm2_mean,locus,0,1.0,13696,2.028148247292285,1.5191758
23410,HLA-A*30:02,esm2_mean,locus,0,1.0,13696,3.3843902633457743,1.0928433
23411,HLA-A*02:12,esm2_mean,locus,0,1.0,13696,2.2300144001592104,1.1604732
23412,HLA-A*02:16,esm2_mean,locus,0,1.0,13696,1.791759469228055,1.5230579
23413,HLA-A*30:01,esm2_mean,locus,0,1.0,13696,0.18232155679395465,1.3056824
23414,HLA-A*33:03,esm2_mean,locus,0,1.0,13696,4.074141854904581,1.2352428
23416,HLA-A*02:50,esm2_mean,locus,0,1.0,13696,0.8754687373538999,1.4966662
23417,HLA-A*02:19,esm2_mean,locus,0,1.0,13696,1.5686159179138452,1.4802079
23420,HLA-A*30:02,esm2_mean,locus,0,1.0,13696,1.2809338454620642,0.99991244
23423,HLA-A*24:19,esm2_mean,locus,0,1.0,13696,0.18232155679395465,-0.18029195
23424,HLA-A*26:03,esm2_mean,locus,0,1.0,13696,4.02535169073515,0.48132104
23429,HLA-A*26:02,esm2_mean,locus,0,1.0,13696,0.5306282510621704,0.17792445
23430,HLA-A*26:02,esm2_mean,locus,0,1.0,13696,0.0,-0.1721062
23431,HLA-A*24:02,esm2_mean,locus,0,1.0,13696,3.269568939183719,0.31940126
23433,HLA-A*26:03,esm2_mean,locus,0,1.0,13696,0.6418538861723948,0.7199305
23434,HLA-A*02:03,esm2_mean,locus,0,1.0,13696,3.7727609380946383,1.5714135
23435,HLA-A*74:01,esm2_mean,locus,0,1.0,13696,0.0,0.6919681
23438,HLA-A*24:19,esm2_mean,locus,0,1.0,13696,0.33647223662121295,-0.08399969
23441,HLA-A*02:11,esm2_mean,locus,0,1.0,13696,2.797281334830153,1.4340892
23444,HLA-A*02:03,esm2_mean,locus,0,1.0,13696,0.5877866649021191,1.2609261
23445,HLA-A*02:16,esm2_mean,locus,0,1.0,13696,0.26236426446749106,1.4065182
23446,HLA-A*30:01,esm2_mean,locus,0,1.0,13696,4.005513348515485,1.3850334
23447,HLA-A*33:03,esm2_mean,locus,0,1.0,13696,0.0,1.3174497
23450,HLA-A*23:01,esm2_mean,locus,0,1.0,13696,3.5667118201397288,0.70439756
23451,HLA-A*24:02,esm2_mean,locus,0,1.0,13696,0.4700036292457355,1.1220608
23452,HLA-A*02:12,esm2_mean,locus,0,1.0,13696,3.077312260546414,1.3875862
23453,HLA-A*11:01,esm2_mean,locus,0,1.0,13696,0.4054651081081644,1.1554621
23458,HLA-A*66:01,esm2_mean,locus,0,1.0,13696,0.0,0.61521035
23460,HLA-A*02:11,esm2_mean,locus,0,1.0,13696,0.33647223662121295,1.5435054
23463,HLA-A*80:01,esm2_mean,locus,0,1.0,13696,0.26236426446749106,0.09610027
23464,HLA-A*25:01,esm2_mean,locus,0,1.0,13696,0.0,0.5384345
23467,HLA-A*02:10,esm2_mean,locus,0,1.0,13696,0.6418538861723948,0.48985744
23468,HLA-A*68:01,esm2_mean,locus,0,1.0,13696,0.9932517730102833,1.6317091
23469,HLA-A*11:01,esm2_mean,locus,0,1.0,13696,3.0819099697950434,1.6699219
23470,HLA-A*74:01,esm2_mean,locus,0,1.0,13696,0.0,0.73624873
23472,HLA-A*26:03,esm2_mean,locus,0,1.0,13696,0.18232155679395465,0.9041993
23476,HLA-A*02:11,esm2_mean,locus,0,1.0,13696,0.0,1.5192823
23477,HLA-A*33:03,esm2_mean,locus,0,1.0,13696,0.18232155679395465,1.1015513
23480,HLA-A*02:10,esm2_mean,locus,0,1.0,13696,0.0,0.58466053
23481,HLA-A*68:01,esm2_mean,locus,0,1.0,13696,0.0,1.5158446
23482,HLA-A*68:01,esm2_mean,locus,0,1.0,13696,1.4816045409242156,1.6372204
23484,HLA-A*25:01,esm2_mean,locus,0,1.0,13696,1.4350845252893227,0.6037477
23488,HLA-A*68:23,esm2_mean,locus,0,1.0,13696,0.33647223662121295,0.6225097
23490,HLA-A*02:16,esm2_mean,locus,0,1.0,13696,2.151762203259462,1.1738257
23491,HLA-A*33:03,esm2_mean,locus,0,1.0,13696,4.4355674016019115,1.1624254
23495,HLA-A*02:12,esm2_mean,locus,0,1.0,13696,1.824549292051046,1.196939
23497,HLA-A*80:01,esm2_mean,locus,0,1.0,13696,1.9021075263969205,0.16874456
23498,HLA-A*23:01,esm2_mean,locus,0,1.0,13696,1.33500106673234,0.6551775
23499,HLA-A*26:02,esm2_mean,locus,0,1.0,13696,1.1939224684724346,-0.11947626
23500,HLA-A*68:23,esm2_mean,locus,0,1.0,13696,1.1314021114911006,0.59788215
23503,HLA-A*29:02,esm2_mean,locus,0,1.0,13696,0.26236426446749106,1.565875
23507,HLA-A*24:19,esm2_mean,locus,0,1.0,13696,0.09531017980432487,0.06760448
23511,HLA-A*11:01,esm2_mean,locus,0,1.0,13696,2.6878474937846906,1.4362891
23512,HLA-A*11:01,esm2_mean,locus,0,1.0,13696,0.6931471805599453,1.3913894
23515,HLA-A*02:03,esm2_mean,locus,0,1.0,13696,0.7884573603642702,1.3633547
23516,HLA-A*30:01,esm2_mean,locus,0,1.0,13696,0.0,1.0858731
23522,HLA-A*24:07,esm2_mean,locus,0,1.0,13696,0.26236426446749106,0.6464039
23523,HLA-A*24:07,esm2_mean,locus,0,1.0,13696,2.0794415416798357,0.647002
23524,HLA-A*68:23,esm2_mean,locus,0,1.0,13696,2.7536607123542622,0.65617734
23525,HLA-A*02:01,esm2_mean,locus,0,1.0,13696,2.4336133554004498,2.1025853
23526,HLA-A*66:01,esm2_mean,locus,0,1.0,13696,0.26236426446749106,0.88197446
23527,HLA-A*02:50,esm2_mean,locus,0,1.0,13696,1.0986122886681098,1.755635
23529,HLA-A*80:01,esm2_mean,locus,0,1.0,13696,0.0,0.19564062
23530,HLA-A*02:10,esm2_mean,locus,0,1.0,13696,0.8754687373538999,0.6908802
23532,HLA-A*30:02,esm2_mean,locus,0,1.0,13696,0.7884573603642702,0.8191571
23536,HLA-A*24:02,esm2_mean,locus,0,1.0,13696,0.5877866649021191,0.96914303
23538,HLA-A*02:11,esm2_mean,locus,0,1.0,13696,3.342861804649192,1.342932
23542,HLA-A*03:01,esm2_mean,locus,0,1.0,13696,0.0,1.8172538
23544,HLA-A*24:02,esm2_mean,locus,0,1.0,13696,1.1631508098056809,0.52384925
23547,HLA-A*66:01,esm2_mean,locus,0,1.0,13696,0.33647223662121295,0.6319036
23550,HLA-A*30:01,esm2_mean,locus,0,1.0,13696,2.714694743820879,1.2853543
23551,HLA-A*68:01,esm2_mean,locus,0,1.0,13696,0.832909122935104,1.7815121
23553,HLA-A*29:02,esm2_mean,locus,0,1.0,13696,0.18232155679395465,1.7920814
23554,HLA-A*32:07,esm2_mean,locus,0,1.0,13696,0.0,0.7704881
23555,HLA-A*24:19,esm2_mean,locus,0,1.0,13696,0.0,0.20021844
23556,HLA-A*25:01,esm2_mean,locus,0,1.0,13696,1.7749523509116738,0.592599
23558,HLA-A*30:02,esm2_mean,locus,0,1.0,13696,0.5306282510621704,0.6679395
23559,HLA-A*80:01,esm2_mean,locus,0,1.0,13696,0.0,0.12661254
23560,HLA-A*66:01,esm2_mean,locus,0,1.0,13696,0.0,0.8010771
23565,HLA-A*02:11,esm2_mean,locus,0,1.0,13696,2.4423470353692043,1.5629793
23567,HLA-A*32:07,esm2_mean,locus,0,1.0,13696,1.547562508716013,0.5734471
23570,HLA-A*74:01,esm2_mean,locus,0,1.0,13696,2.0149030205422647,0.77689326
23572,HLA-A*23:01,esm2_mean,locus,0,1.0,13696,0.4700036292457355,0.7070931
23574,HLA-A*68:02,esm2_mean,locus,0,1.0,13696,0.26236426446749106,1.0585198
23575,HLA-A*30:01,esm2_mean,locus,0,1.0,13696,4.1956970564823886,1.6391051
23579,HLA-A*68:23,esm2_mean,locus,0,1.0,13696,0.33647223662121295,0.48712736
23581,HLA-A*24:02,esm2_mean,locus,0,1.0,13696,0.832909122935104,0.86949503
23582,HLA-A*30:01,esm2_mean,locus,0,1.0,13696,0.26236426446749106,1.5833626
23587,HLA-A*43:01,esm2_mean,locus,0,1.0,13696,0.18232155679395465,1.0693797
23588,HLA-A*43:01,esm2_mean,locus,0,1.0,13696,0.0,0.87498224
23593,HLA-A*32:01,esm2_mean,locus,0,1.0,13696,0.18232155679395465,0.7980019
23596,HLA-A*66:01,esm2_mean,locus,0,1.0,13696,0.18232155679395465,0.6871643
23598,HLA-A*29:02,esm2_mean,locus,0,1.0,13696,2.451005098112319,1.8471422
23599,HLA-A*23:01,esm2_mean,locus,0,1.0,13696,0.7884573603642702,1.0313165
23600,HLA-A*24:03,esm2_mean,locus,0,1.0,13696,2.72785282839839,0.95279783
23601,HLA-A*24:19,esm2_mean,locus,0,1.0,13696,1.791759469228055,-0.026061237
23602,HLA-A*68:23,esm2_mean,locus,0,1.0,13696,0.0,0.39790738
23603,HLA-A*02:10,esm2_mean,locus,0,1.0,13696,1.1314021114911006,0.9189079
23604,HLA-A*02:50,esm2_mean,locus,0,1.0,13696,2.388762789235098,1.9199109
23606,HLA-A*32:07,esm2_mean,locus,0,1.0,13696,0.0,0.91283214
23611,HLA-A*02:16,esm2_mean,locus,0,1.0,13696,2.4849066497880004,1.52581
23615,HLA-A*25:01,esm2_mean,locus,0,1.0,13696,0.33647223662121295,0.48556066
23616,HLA-A*25:01,esm2_mean,locus,0,1.0,13696,0.5877866649021191,0.52436054
23617,HLA-A*68:23,esm2_mean,locus,0,1.0,13696,0.8754687373538999,0.4644081
23618,HLA-A*66:01,esm2_mean,locus,0,1.0,13696,0.0,1.0343179
23620,HLA-A*30:02,esm2_mean,locus,0,1.0,13696,0.26236426446749106,0.90880936
23622,HLA-A*02:50,esm2_mean,locus,0,1.0,13696,2.797281334830153,1.8300807
23624,HLA-A*32:07,esm2_mean,locus,0,1.0,13696,0.33647223662121295,0.53352076
23626,HLA-A*24:02,esm2_mean,locus,0,1.0,13696,0.33647223662121295,0.7296396
23628,HLA-A*24:07,esm2_mean,locus,0,1.0,13696,1.0986122886681098,0.3535903
23629,HLA-A*24:02,esm2_mean,locus,0,1.0,13696,0.18232155679395465,1.0389956
23631,HLA-A*33:03,esm2_mean,locus,0,1.0,13696,1.547562508716013,1.3003414
23632,HLA-A*68:01,esm2_mean,locus,0,1.0,13696,0.8754687373538999,1.7924643
23634,HLA-A*68:23,esm2_mean,locus,0,1.0,13696,0.33647223662121295,0.17945904
23635,HLA-A*02:11,esm2_mean,locus,0,1.0,13696,1.0647107369924282,1.245435
23637,HLA-A*66:01,esm2_mean,locus,0,1.0,13696,0.26236426446749106,0.9470904
23638,HLA-A*02:01,esm2_mean,locus,0,1.0,13696,2.4849066497880004,1.6441572
23640,HLA-A*02:50,esm2_mean,locus,0,1.0,13696,2.740840023925201,1.8328173
23641,HLA-A*33:03,esm2_mean,locus,0,1.0,13696,0.0,1.2756219
23643,HLA-A*30:02,esm2_mean,locus,0,1.0,13696,0.26236426446749106,0.77983475
23644,HLA-A*26:03,esm2_mean,locus,0,1.0,13696,0.33647223662121295,0.5703485
23645,HLA-A*24:02,esm2_mean,locus,0,1.0,13696,0.18232155679395465,0.969519
23647,HLA-A*02:03,esm2_mean,locus,0,1.0,13696,3.6838669122903918,1.33108
23650,HLA-A*02:01,esm2_mean,locus,0,1.0,13696,0.6729444732424258,1.757055
23651,HLA-A*02:19,esm2_mean,locus,0,1.0,13696,1.5260563034950494,1.6115937
23654,HLA-A*29:02,esm2_mean,locus,0,1.0,13696,1.9459101490553132,1.5160351
23657,HLA-A*03:01,esm2_mean,locus,0,1.0,13696,0.26236426446749106,2.0883396
23660,HLA-A*02:10,esm2_mean,locus,0,1.0,13696,0.7419373447293773,0.7331974
23661,HLA-A*02:12,esm2_mean,locus,0,1.0,13696,3.246490991901174,1.4344349
23662,HLA-A*68:01,esm2_mean,locus,0,1.0,13696,2.33214389523559,1.4611056
23664,HLA-A*30:02,esm2_mean,locus,0,1.0,13696,0.0,1.0560864
23668,HLA-A*23:01,esm2_mean,locus,0,1.0,13696,3.2268439945173775,1.0182478
23674,HLA-A*32:07,esm2_mean,locus,0,1.0,13696,0.4054651081081644,0.54493344
23675,HLA-A*24:02,esm2_mean,locus,0,1.0,13696,1.7047480922384253,1.3250302
23678,HLA-A*24:19,esm2_mean,locus,0,1.0,13696,1.6486586255873816,0.29480952
23679,HLA-A*26:02,esm2_mean,locus,0,1.0,13696,0.09531017980432487,-0.22790474
23680,HLA-A*66:01,esm2_mean,locus,0,1.0,13696,0.18232155679395465,0.601892
23682,HLA-A*24:02,esm2_mean,locus,0,1.0,13696,0.4054651081081644,0.85753095
23683,HLA-A*02:11,esm2_mean,locus,0,1.0,13696,1.1314021114911006,1.595873
23685,HLA-A*24:07,esm2_mean,locus,0,1.0,13696,0.7884573603642702,0.4552223
23686,HLA-A*24:02,esm2_mean,locus,0,1.0,13696,3.3068867021909143,1.0143243
23691,HLA-A*24:07,esm2_mean,locus,0,1.0,13696,2.9856819377004897,0.6107454
23694,HLA-A*32:07,esm2_mean,locus,0,1.0,13696,2.8791984572980396,0.86159706
23696,HLA-A*25:01,esm2_mean,locus,0,1.0,13696,0.7884573603642702,0.53927296
23698,HLA-A*02:16,esm2_mean,locus,0,1.0,13696,2.379546134130174,1.6730309
23700,HLA-A*26:02,esm2_mean,locus,0,1.0,13696,3.8372994592322094,-0.008969247
23703,HLA-A*30:02,esm2_mean,locus,0,1.0,13696,0.18232155679395465,0.7608975
23704,HLA-A*23:01,esm2_mean,locus,0,1.0,13696,2.272125885509337,1.1578829
23705,HLA-A*24:02,esm2_mean,locus,0,1.0,13696,0.09531017980432487,0.6861774
23707,HLA-A*02:16,esm2_mean,locus,0,1.0,13696,3.054001181677967,1.7331614
23711,HLA-A*43:01,esm2_mean,locus,0,1.0,13696,0.7884573603642702,0.8269366
23712,HLA-A*29:02,esm2_mean,locus,0,1.0,13696,0.33647223662121295,1.6527952
23714,HLA-A*02:16,esm2_mean,locus,0,1.0,13696,3.4719664525503626,1.7409492
23718,HLA-A*24:02,esm2_mean,locus,0,1.0,13696,0.18232155679395465,1.018069
23724,HLA-A*02:50,esm2_mean,locus,0,1.0,13696,1.4350845252893227,1.8055539
23726,HLA-A*29:02,esm2_mean,locus,0,1.0,13696,1.840549633397487,1.7474909
23727,HLA-A*24:03,esm2_mean,locus,0,1.0,13696,3.543853682063679,0.7518122
23728,HLA-A*24:19,esm2_mean,locus,0,1.0,13696,0.33647223662121295,0.019107759
23731,HLA-A*24:19,esm2_mean,locus,0,1.0,13696,0.33647223662121295,0.02900225
23733,HLA-A*02:03,esm2_mean,locus,0,1.0,13696,4.01096295328305,1.3061823
23734,HLA-A*02:11,esm2_mean,locus,0,1.0,13696,1.2809338454620642,1.5563025
23735,HLA-A*30:01,esm2_mean,locus,0,1.0,13696,0.4700036292457355,1.5893306
23736,HLA-A*68:01,esm2_mean,locus,0,1.0,13696,4.0163830207523885,1.4620788
23737,HLA-A*74:01,esm2_mean,locus,0,1.0,13696,0.5306282510621704,0.38818145
23739,HLA-A*02:50,esm2_mean,locus,0,1.0,13696,1.547562508716013,1.4926999
23745,HLA-A*02:12,esm2_mean,locus,0,1.0,13696,2.747270914255491,0.882435
23746,HLA-A*11:01,esm2_mean,locus,0,1.0,13696,0.18232155679395465,1.4651041
23748,HLA-A*66:01,esm2_mean,locus,0,1.0,13696,0.0,0.7390684
23755,HLA-A*32:01,esm2_mean,locus,0,1.0,13696,3.4688560301359703,0.99922836
23756,HLA-A*33:03,esm2_mean,locus,0,1.0,13696,0.5877866649021191,1.0698717
23762,HLA-A*02:16,esm2_mean,locus,0,1.0,13696,1.5040773967762742,1.2751256
23763,HLA-A*33:03,esm2_mean,locus,0,1.0,13696,1.33500106673234,1.2553921
23764,HLA-A*68:23,esm2_mean,locus,0,1.0,13696,0.33647223662121295,0.23121995
23765,HLA-A*24:02,esm2_mean,locus,0,1.0,13696,0.5877866649021191,1.2469101
23768,HLA-A*26:02,esm2_mean,locus,0,1.0,13696,0.5877866649021191,-0.09914333
23773,HLA-A*02:16,esm2_mean,locus,0,1.0,13696,2.6602595372658615,1.6863132
23776,HLA-A*25:01,esm2_mean,locus,0,1.0,13696,1.1939224684724346,0.74184394
23777,HLA-A*68:23,esm2_mean,locus,0,1.0,13696,0.18232155679395465,0.4155845
23779,HLA-A*02:11,esm2_mean,locus,0,1.0,13696,2.5649493574615367,1.2903271
23780,HLA-A*33:03,esm2_mean,locus,0,1.0,13696,2.6026896854443837,1.045718
23783,HLA-A*01:01,esm2_mean,locus,0,1.0,13696,0.8458682675776092,0.9556562
23784,HLA-A*29:02,esm2_mean,locus,0,1.0,13696,0.26236426446749106,1.6345389
23785,HLA-A*80:01,esm2_mean,locus,0,1.0,13696,0.33647223662121295,0.07025355
23786,HLA-A*32:07,esm2_mean,locus,0,1.0,13696,4.635699391022914,1.0293304
23787,HLA-A*24:03,esm2_mean,locus,0,1.0,13696,0.18232155679395465,0.6945536
23788,HLA-A*26:02,esm2_mean,locus,0,1.0,13696,0.4054651081081644,-0.17928964
23795,HLA-A*26:03,esm2_mean,locus,0,1.0,13696,0.0,0.68431914
23797,HLA-A*03:01,esm2_mean,locus,0,1.0,13696,2.0014800002101243,2.2365324
23799,HLA-A*68:23,esm2_mean,locus,0,1.0,13696,0.4700036292457355,0.47384363
23800,HLA-A*03:01,esm2_mean,locus,0,1.0,13696,0.832909122935104,1.5828238
23802,HLA-A*68:23,esm2_mean,locus,0,1.0,13696,0.0,0.35230827
23805,HLA-A*02:12,esm2_mean,locus,0,1.0,13696,4.102643365036796,1.5222363
23806,HLA-A*33:03,esm2_mean,locus,0,1.0,13696,0.0,1.4315948
23810,HLA-A*31:01,esm2_mean,locus,0,1.0,13696,0.9162907318741551,1.0977836
23812,HLA-A*30:02,esm2_mean,locus,0,1.0,13696,0.26236426446749106,0.857821
23813,HLA-A*32:07,esm2_mean,locus,0,1.0,13696,0.0,0.6451375
23814,HLA-A*26:02,esm2_mean,locus,0,1.0,13696,0.18232155679395465,-0.10254353
23818,HLA-A*24:07,esm2_mean,locus,0,1.0,13696,0.33647223662121295,0.63236505
23819,HLA-A*26:02,esm2_mean,locus,0,1.0,13696,0.7419373447293773,-0.14084071
23820,HLA-A*02:03,esm2_mean,locus,0,1.0,13696,1.840549633397487,1.1829687
23821,HLA-A*02:10,esm2_mean,locus,0,1.0,13696,1.1631508098056809,0.73037726
23827,HLA-A*24:07,esm2_mean,locus,0,1.0,13696,1.308332819650179,0.51147294
23828,HLA-A*02:50,esm2_mean,locus,0,1.0,13696,2.302585092994046,1.9216266
23833,HLA-A*30:01,esm2_mean,locus,0,1.0,13696,0.33647223662121295,1.8256435
23836,HLA-A*23:01,esm2_mean,locus,0,1.0,13696,2.6026896854443837,1.1111076
23838,HLA-A*25:01,esm2_mean,locus,0,1.0,13696,0.26236426446749106,0.5771263
23839,HLA-A*68:23,esm2_mean,locus,0,1.0,13696,0.18232155679395465,0.892055
23842,HLA-A*33:03,esm2_mean,locus,0,1.0,13696,0.0,1.1769756
23846,HLA-A*23:01,esm2_mean,locus,0,1.0,13696,0.5306282510621704,1.2871519
23852,HLA-A*43:01,esm2_mean,locus,0,1.0,13696,1.0647107369924282,0.71177685
23854,HLA-A*26:03,esm2_mean,locus,0,1.0,13696,1.4816045409242156,0.811844
23855,HLA-A*02:12,esm2_mean,locus,0,1.0,13696,1.2237754316221157,0.94848317
23859,HLA-A*68:23,esm2_mean,locus,0,1.0,13696,0.6418538861723948,0.49504307
23860,HLA-A*66:01,esm2_mean,locus,0,1.0,13696,1.2237754316221157,0.55346704
23861,HLA-A*03:01,esm2_mean,locus,0,1.0,13696,0.0,1.6907418
23862,HLA-A*24:03,esm2_mean,locus,0,1.0,13696,1.6094379124341003,1.1198809
23864,HLA-A*26:03,esm2_mean,locus,0,1.0,13696,0.6931471805599453,0.7737562
23870,HLA-A*43:01,esm2_mean,locus,0,1.0,13696,0.26236426446749106,1.1062622
23871,HLA-A*43:01,esm2_mean,locus,0,1.0,13696,0.9555114450274363,0.89367443
23872,HLA-A*24:07,esm2_mean,locus,0,1.0,13696,0.4700036292457355,0.94793963
23875,HLA-A*23:01,esm2_mean,locus,0,1.0,13696,0.7884573603642702,0.6043342
23876,HLA-A*26:03,esm2_mean,locus,0,1.0,13696,4.316153890523174,0.71139824
23877,HLA-A*03:01,esm2_mean,locus,0,1.0,13696,0.09531017980432487,1.5018907
23878,HLA-A*31:01,esm2_mean,locus,0,1.0,13696,1.9878743481543455,1.4267454
23879,HLA-A*33:03,esm2_mean,locus,0,1.0,13696,0.0,1.3732778
23882,HLA-A*43:01,esm2_mean,locus,0,1.0,13696,0.7419373447293773,1.3935065
23885,HLA-A*02:03,esm2_mean,locus,0,1.0,13696,0.6418538861723948,1.3851941
23886,HLA-A*11:01,esm2_mean,locus,0,1.0,13696,0.18232155679395465,1.208939
23888,HLA-A*80:01,esm2_mean,locus,0,1.0,13696,0.0,-0.13515061
23892,HLA-A*24:19,esm2_mean,locus,0,1.0,13696,0.0,0.10564631
23893,HLA-A*68:23,esm2_mean,locus,0,1.0,13696,3.572345637857985,0.68356097
23894,HLA-A*03:01,esm2_mean,locus,0,1.0,13696,1.1314021114911006,2.0408213
23895,HLA-A*02:19,esm2_mean,locus,0,1.0,13696,0.0,1.6485357
23899,HLA-A*68:23,esm2_mean,locus,0,1.0,13696,0.8754687373538999,0.28152418
23900,HLA-A*26:03,esm2_mean,locus,0,1.0,13696,0.0,0.52777034
23903,HLA-A*03:01,esm2_mean,locus,0,1.0,13696,0.18232155679395465,1.8492382
23906,HLA-A*02:19,esm2_mean,locus,0,1.0,13696,0.18232155679395465,1.6727598
23909,HLA-A*66:01,esm2_mean,locus,0,1.0,13696,0.0,0.80292326
23910,HLA-A*26:03,esm2_mean,locus,0,1.0,13696,3.983413001514819,0.6975474
23911,HLA-A*24:02,esm2_mean,locus,0,1.0,13696,1.1631508098056809,0.8844077
23912,HLA-A*02:11,esm2_mean,locus,0,1.0,13696,1.6863989535702288,1.5716705
23913,HLA-A*02:50,esm2_mean,locus,0,1.0,13696,2.9391619220655967,1.4450094
23917,HLA-A*23:01,esm2_mean,locus,0,1.0,13696,2.6946271807700692,1.2257558
23918,HLA-A*02:19,esm2_mean,locus,0,1.0,13696,1.916922612182061,1.5923033
23919,HLA-A*02:01,esm2_mean,locus,0,1.0,13696,0.5766133643039938,1.8872335
23920,HLA-A*02:16,esm2_mean,locus,0,1.0,13696,2.2300144001592104,1.1352139
23921,HLA-A*02:16,esm2_mean,locus,0,1.0,13696,2.1972245773362196,1.3468521
23923,HLA-A*29:02,esm2_mean,locus,0,1.0,13696,0.5877866649021191,1.6642151
23924,HLA-A*30:02,esm2_mean,locus,0,1.0,13696,0.5877866649021191,0.6437882
23926,HLA-A*02:03,esm2_mean,locus,0,1.0,13696,1.2809338454620642,0.9416072
23927,HLA-A*68:01,esm2_mean,locus,0,1.0,13696,0.0,1.8291788
23932,HLA-A*30:01,esm2_mean,locus,0,1.0,13696,0.4700036292457355,1.4466703
23934,HLA-A*25:01,esm2_mean,locus,0,1.0,13696,1.589235205116581,0.22299582
23937,HLA-A*02:11,esm2_mean,locus,0,1.0,13696,1.589235205116581,1.5198777
23938,HLA-A*02:50,esm2_mean,locus,0,1.0,13696,2.6461747973841225,1.943537
23941,HLA-A*30:01,esm2_mean,locus,0,1.0,13696,1.1939224684724346,1.8390152
23944,HLA-A*24:07,esm2_mean,locus,0,1.0,13696,0.33647223662121295,1.0707499
23945,HLA-A*26:02,esm2_mean,locus,0,1.0,13696,0.9555114450274363,-0.21209008
23946,HLA-A*26:02,esm2_mean,locus,0,1.0,13696,0.5877866649021191,-0.040088117
23947,HLA-A*02:01,esm2_mean,locus,0,1.0,13696,2.797281334830153,1.7639678
23952,HLA-A*80:01,esm2_mean,locus,0,1.0,13696,0.0,-0.027015984
23957,HLA-A*26:03,esm2_mean,locus,0,1.0,13696,0.4700036292457355,0.48865682
23959,HLA-A*24:02,esm2_mean,locus,0,1.0,13696,2.6461747973841225,0.9812988
23961,HLA-A*31:01,esm2_mean,locus,0,1.0,13696,2.884800712846709,1.1812654
23962,HLA-A*33:03,esm2_mean,locus,0,1.0,13696,0.4700036292457355,0.83781433
23964,HLA-A*23:01,esm2_mean,locus,0,1.0,13696,2.740840023925201,0.6708915
23965,HLA-A*32:07,esm2_mean,locus,0,1.0,13696,2.6602595372658615,0.6546971
23967,HLA-A*24:02,esm2_mean,locus,0,1.0,13696,0.5877866649021191,0.5639994
23969,HLA-A*02:10,esm2_mean,locus,0,1.0,13696,2.5952547069568657,0.5445802
23970,HLA-A*02:12,esm2_mean,locus,0,1.0,13696,3.3978584803966405,1.1299906
23971,HLA-A*30:01,esm2_mean,locus,0,1.0,13696,0.0,1.1682405
23972,HLA-A*74:01,esm2_mean,locus,0,1.0,13696,0.0,0.74579406
23976,HLA-A*02:12,esm2_mean,locus,0,1.0,13696,0.4700036292457355,0.9586672
23977,HLA-A*33:03,esm2_mean,locus,0,1.0,13696,2.7013612129514133,0.81329095
23978,HLA-A*74:01,esm2_mean,locus,0,1.0,13696,0.0,0.7103715
23980,HLA-A*25:01,esm2_mean,locus,0,1.0,13696,0.6418538861723948,0.44941282
23981,HLA-A*66:01,esm2_mean,locus,0,1.0,13696,0.0,0.97449124
23984,HLA-A*80:01,esm2_mean,locus,0,1.0,13696,0.26236426446749106,0.29891163
23989,HLA-A*68:01,esm2_mean,locus,0,1.0,13696,0.09531017980432487,1.6610742
23992,HLA-A*02:19,esm2_mean,locus,0,1.0,13696,2.884800712846709,1.5667622
23999,HLA-A*24:07,esm2_mean,locus,0,1.0,13696,0.8754687373538999,0.7123277
24002,HLA-A*31:01,esm2_mean,locus,0,1.0,13696,0.33647223662121295,1.1476169
24008,HLA-A*02:50,esm2_mean,locus,0,1.0,13696,2.9601050959108397,1.7405019
24011,HLA-A*24:19,esm2_mean,locus,0,1.0,13696,0.0,0.048515618
24013,HLA-A*02:03,esm2_mean,locus,0,1.0,13696,2.6741486494265287,1.4067161
24014,HLA-A*02:01,esm2_mean,locus,0,1.0,13696,2.3608540011180215,1.6971331
24015,HLA-A*24:03,esm2_mean,locus,0,1.0,13696,2.302585092994046,0.66585326
24018,HLA-A*26:03,esm2_mean,locus,0,1.0,13696,0.4700036292457355,0.74776256
24022,HLA-A*31:01,esm2_mean,locus,0,1.0,13696,2.0412203288596382,1.1047374
24029,HLA-A*66:01,esm2_mean,locus,0,1.0,13696,1.0986122886681098,0.8228235
24030,HLA-A*02:03,esm2_mean,locus,0,1.0,13696,0.26236426446749106,1.3113366
24031,HLA-A*25:01,esm2_mean,locus,0,1.0,13696,1.840549633397487,0.52998674
24033,HLA-A*02:11,esm2_mean,locus,0,1.0,13696,2.791165107812717,1.7086413
24034,HLA-A*02:50,esm2_mean,locus,0,1.0,13696,2.0918640616783932,1.5402184
24037,HLA-A*25:01,esm2_mean,locus,0,1.0,13696,0.0,0.8930054
24038,HLA-A*66:01,esm2_mean,locus,0,1.0,13696,0.4054651081081644,0.831054
24041,HLA-A*68:01,esm2_mean,locus,0,1.0,13696,0.0,2.1690142
24042,HLA-A*80:01,esm2_mean,locus,0,1.0,13696,0.0,0.16489977
24043,HLA-A*26:03,esm2_mean,locus,0,1.0,13696,0.5877866649021191,0.9315556
24047,HLA-A*26:02,esm2_mean,locus,0,1.0,13696,2.4069451083182885,-0.35619015
24048,HLA-A*03:01,esm2_mean,locus,0,1.0,13696,0.18232155679395465,2.038058
24049,HLA-A*02:16,esm2_mean,locus,0,1.0,13696,0.7884573603642702,1.7109027
24050,HLA-A*30:01,esm2_mean,locus,0,1.0,13696,0.0,1.2459387
24051,HLA-A*33:03,esm2_mean,locus,0,1.0,13696,4.636668853047462,1.1483614
24052,HLA-A*68:01,esm2_mean,locus,0,1.0,13696,3.970291913552122,1.4028511
24053,HLA-A*32:07,esm2_mean,locus,0,1.0,13696,0.6418538861723948,0.5542521
24059,HLA-A*68:23,esm2_mean,locus,0,1.0,13696,2.0794415416798357,0.5916483
24060,HLA-A*26:03,esm2_mean,locus,0,1.0,13696,0.5306282510621704,0.49084562
24063,HLA-A*02:12,esm2_mean,locus,0,1.0,13696,2.1041341542702074,1.0930493
24069,HLA-A*30:02,esm2_mean,locus,0,1.0,13696,0.33647223662121295,0.9055534
24070,HLA-A*66:01,esm2_mean,locus,0,1.0,13696,2.066862759472976,0.6731024
24071,HLA-A*68:01,esm2_mean,locus,0,1.0,13696,0.5877866649021191,1.4378226
24073,HLA-A*29:02,esm2_mean,locus,0,1.0,13696,2.4423470353692043,1.5747101
24074,HLA-A*24:03,esm2_mean,locus,0,1.0,13696,1.5040773967762742,1.1433656
24076,HLA-A*02:10,esm2_mean,locus,0,1.0,13696,0.26236426446749106,0.5328087
24077,HLA-A*02:50,esm2_mean,locus,0,1.0,13696,2.5952547069568657,1.9311261
24079,HLA-A*24:02,esm2_mean,locus,0,1.0,13696,1.0647107369924282,0.8501599
24080,HLA-A*24:02,esm2_mean,locus,0,1.0,13696,2.066862759472976,0.71460676
24082,HLA-A*23:01,esm2_mean,locus,0,1.0,13696,3.1780538303479458,0.9362939
24085,HLA-A*02:10,esm2_mean,locus,0,1.0,13696,1.8870696490323797,0.5695056
24086,HLA-A*33:03,esm2_mean,locus,0,1.0,13696,0.6931471805599453,1.0158243
24088,HLA-A*80:01,esm2_mean,locus,0,1.0,13696,0.0,0.14485681
24090,HLA-A*02:03,esm2_mean,locus,0,1.0,13696,2.8154087194227095,1.3003235
24091,HLA-A*02:10,esm2_mean,locus,0,1.0,13696,1.1314021114911006,1.0169725
24092,HLA-A*02:19,esm2_mean,locus,0,1.0,13696,3.580737295494233,1.698069
24093,HLA-A*74:01,esm2_mean,locus,0,1.0,13696,0.0,0.69218886
24098,HLA-A*43:01,esm2_mean,locus,0,1.0,13696,0.18232155679395465,0.56915545
24099,HLA-A*23:01,esm2_mean,locus,0,1.0,13696,0.4700036292457355,1.193651
24100,HLA-A*24:07,esm2_mean,locus,0,1.0,13696,2.312535423847214,0.689623
24101,HLA-A*02:01,esm2_mean,locus,0,1.0,13696,2.803360380906535,1.5892287
24102,HLA-A*02:11,esm2_mean,locus,0,1.0,13696,1.1631508098056809,1.4066422
24103,HLA-A*30:01,esm2_mean,locus,0,1.0,13696,0.18232155679395465,1.3795731
24105,HLA-A*23:01,esm2_mean,locus,0,1.0,13696,1.840549633397487,0.9257932
24106,HLA-A*24:07,esm2_mean,locus,0,1.0,13696,1.791759469228055,0.36536592
24107,HLA-A*68:23,esm2_mean,locus,0,1.0,13696,0.26236426446749106,0.7872741
24112,HLA-A*26:03,esm2_mean,locus,0,1.0,13696,0.0,0.6536403
24114,HLA-A*32:07,esm2_mean,locus,0,1.0,13696,3.5890591188317256,0.93068945
24116,HLA-A*24:07,esm2_mean,locus,0,1.0,13696,3.4210000089583352,0.54043543
24117,HLA-A*66:01,esm2_mean,locus,0,1.0,13696,0.26236426446749106,0.65589005
24122,HLA-A*02:03,esm2_mean,locus,0,1.0,13696,0.6931471805599453,1.3777286
24123,HLA-A*68:23,esm2_mean,locus,0,1.0,13696,0.4700036292457355,0.20232421
24125,HLA-A*24:02,esm2_mean,locus,0,1.0,13696,0.33647223662121295,0.8647549
24126,HLA-A*29:02,esm2_mean,locus,0,1.0,13696,1.9459101490553132,1.7096646
24128,HLA-A*74:01,esm2_mean,locus,0,1.0,13696,0.0,0.50079626
24130,HLA-A*68:01,esm2_mean,locus,0,1.0,13696,0.0,1.4204375
24131,HLA-A*25:01,esm2_mean,locus,0,1.0,13696,0.0,0.61875176
24132,HLA-A*02:19,esm2_mean,locus,0,1.0,13696,0.26236426446749106,2.0678194
24133,HLA-A*68:01,esm2_mean,locus,0,1.0,13696,0.0,1.8905733
24141,HLA-A*24:19,esm2_mean,locus,0,1.0,13696,0.4054651081081644,-0.039283812
24142,HLA-A*24:07,esm2_mean,locus,0,1.0,13696,2.2512917986064953,0.6295335
24143,HLA-A*25:01,esm2_mean,locus,0,1.0,13696,1.7047480922384253,0.56849116
24145,HLA-A*24:02,esm2_mean,locus,0,1.0,13696,0.5877866649021191,0.8816802
24147,HLA-A*24:19,esm2_mean,locus,0,1.0,13696,0.18232155679395465,0.32809466
24148,HLA-A*25:01,esm2_mean,locus,0,1.0,13696,0.0,0.5187889
24149,HLA-A*26:02,esm2_mean,locus,0,1.0,13696,1.0986122886681098,0.029340625
24150,HLA-A*68:23,esm2_mean,locus,0,1.0,13696,0.26236426446749106,0.5234091
24153,HLA-A*02:01,esm2_mean,locus,0,1.0,13696,1.5260563034950494,1.4749002
24161,HLA-A*03:01,esm2_mean,locus,0,1.0,13696,0.26236426446749106,2.0570316
24162,HLA-A*02:19,esm2_mean,locus,0,1.0,13696,2.747270914255491,1.7505221
24164,HLA-A*24:19,esm2_mean,locus,0,1.0,13696,1.2809338454620642,0.056891978
24165,HLA-A*24:07,esm2_mean,locus,0,1.0,13696,0.9555114450274363,0.7156346
24166,HLA-A*68:23,esm2_mean,locus,0,1.0,13696,0.18232155679395465,0.6865586
24167,HLA-A*66:01,esm2_mean,locus,0,1.0,13696,0.0,0.8581705
24168,HLA-A*11:01,esm2_mean,locus,0,1.0,13696,0.18232155679395465,1.3795526
24170,HLA-A*25:01,esm2_mean,locus,0,1.0,13696,0.0,0.76779014
24171,HLA-A*02:10,esm2_mean,locus,0,1.0,13696,1.33500106673234,0.84272134
24173,HLA-A*26:02,esm2_mean,locus,0,1.0,13696,0.4054651081081644,-0.022198081
24176,HLA-A*24:02,esm2_mean,locus,0,1.0,13696,0.26236426446749106,0.55549467
24178,HLA-A*29:02,esm2_mean,locus,0,1.0,13696,1.6094379124341003,1.6439742
24179,HLA-A*23:01,esm2_mean,locus,0,1.0,13696,2.5952547069568657,1.0402168
24183,HLA-A*43:01,esm2_mean,locus,0,1.0,13696,0.33647223662121295,0.6774381
24184,HLA-A*32:07,esm2_mean,locus,0,1.0,13696,2.0541237336955462,0.5199898
24185,HLA-A*26:02,esm2_mean,locus,0,1.0,13696,3.1441522786722644,-0.021744907
24189,HLA-A*02:19,esm2_mean,locus,0,1.0,13696,0.9555114450274363,1.7632391
24192,HLA-A*66:01,esm2_mean,locus,0,1.0,13696,0.13976194237515868,0.77950346
24200,HLA-A*02:01,esm2_mean,locus,0,1.0,13696,3.0633909220278057,1.7441287
24201,HLA-A*11:01,esm2_mean,locus,0,1.0,13696,4.191168746857641,1.462571
24203,HLA-A*24:07,esm2_mean,locus,0,1.0,13696,2.9652730660692823,0.6983359
24205,HLA-A*03:01,esm2_mean,locus,0,1.0,13696,1.0647107369924282,1.8754624
24206,HLA-A*02:16,esm2_mean,locus,0,1.0,13696,1.308332819650179,1.5547302
24210,HLA-A*32:07,esm2_mean,locus,0,1.0,13696,0.26236426446749106,0.48517364
24212,HLA-A*02:12,esm2_mean,locus,0,1.0,13696,3.5751506887855933,1.1622343
24216,HLA-A*03:01,esm2_mean,locus,0,1.0,13696,1.4350845252893227,1.7337253
24219,HLA-A*31:01,esm2_mean,locus,0,1.0,13696,3.8416005411316,1.3125749
24220,HLA-A*68:01,esm2_mean,locus,0,1.0,13696,1.1314021114911006,1.6287348
24221,HLA-A*11:01,esm2_mean,locus,0,1.0,13696,0.4054651081081644,1.1750475
24223,HLA-A*29:02,esm2_mean,locus,0,1.0,13696,0.0,1.6294205
24224,HLA-A*24:19,esm2_mean,locus,0,1.0,13696,0.33647223662121295,-0.20630246
24225,HLA-A*02:11,esm2_mean,locus,0,1.0,13696,1.1314021114911006,1.4496865
24226,HLA-A*33:03,esm2_mean,locus,0,1.0,13696,0.5306282510621704,1.4866562
24227,HLA-A*30:02,esm2_mean,locus,0,1.0,13696,2.0014800002101243,0.7825414
24228,HLA-A*66:01,esm2_mean,locus,0,1.0,13696,0.7419373447293773,0.91355085
24229,HLA-A*31:01,esm2_mean,locus,0,1.0,13696,1.1314021114911006,1.2412865
24232,HLA-A*80:01,esm2_mean,locus,0,1.0,13696,0.0,-0.03907281
24233,HLA-A*32:07,esm2_mean,locus,0,1.0,13696,2.8791984572980396,0.75830054
24234,HLA-A*69:01,esm2_mean,locus,0,1.0,13696,0.0,1.5213552
24235,HLA-A*02:19,esm2_mean,locus,0,1.0,13696,0.6418538861723948,1.7561345
24236,HLA-A*33:03,esm2_mean,locus,0,1.0,13696,0.0,1.1485819
24241,HLA-A*30:01,esm2_mean,locus,0,1.0,13696,0.7419373447293773,1.6264539
24242,HLA-A*74:01,esm2_mean,locus,0,1.0,13696,2.468099531471619,0.81400925
24246,HLA-A*24:19,esm2_mean,locus,0,1.0,13696,0.4054651081081644,-0.40066987
24252,HLA-A*24:03,esm2_mean,locus,0,1.0,13696,1.2809338454620642,0.7597445
24253,HLA-A*24:03,esm2_mean,locus,0,1.0,13696,1.9459101490553132,0.5664379
24254,HLA-A*24:19,esm2_mean,locus,0,1.0,13696,0.09531017980432487,-0.2093783
24255,HLA-A*02:01,esm2_mean,locus,0,1.0,13696,0.6312717768418579,1.425113
24256,HLA-A*23:01,esm2_mean,locus,0,1.0,13696,0.4054651081081644,0.9703716
24257,HLA-A*24:07,esm2_mean,locus,0,1.0,13696,2.5649493574615367,0.42018968
24260,HLA-A*33:03,esm2_mean,locus,0,1.0,13696,4.489759334476764,1.1736197
24264,HLA-A*29:02,esm2_mean,locus,0,1.0,13696,2.2617630984737906,1.1577163
24266,HLA-A*32:01,esm2_mean,locus,0,1.0,13696,0.0,0.8707531
24268,HLA-A*24:03,esm2_mean,locus,0,1.0,13696,3.56953269648137,0.74024975
24269,HLA-A*24:19,esm2_mean,locus,0,1.0,13696,0.18232155679395465,-0.21117228
24272,HLA-A*24:19,esm2_mean,locus,0,1.0,13696,0.18232155679395465,0.41179746
24273,HLA-A*68:23,esm2_mean,locus,0,1.0,13696,0.0,0.46721643
24275,HLA-A*26:02,esm2_mean,locus,0,1.0,13696,2.5952547069568657,-0.07341856
24276,HLA-A*02:11,esm2_mean,locus,0,1.0,13696,2.4932054526026954,1.4526443
24277,HLA-A*32:07,esm2_mean,locus,0,1.0,13696,0.0,0.3564633
24279,HLA-A*74:01,esm2_mean,locus,0,1.0,13696,0.33647223662121295,0.54972863
24280,HLA-A*74:01,esm2_mean,locus,0,1.0,13696,3.572345637857985,0.6666353
24285,HLA-A*30:02,esm2_mean,locus,0,1.0,13696,0.09531017980432487,0.9247029
24286,HLA-A*24:03,esm2_mean,locus,0,1.0,13696,1.0296194171811583,0.69892454
24288,HLA-A*24:07,esm2_mean,locus,0,1.0,13696,0.5306282510621704,0.98704696
24290,HLA-A*24:02,esm2_mean,locus,0,1.0,13696,0.4700036292457355,0.8302774
24292,HLA-A*02:03,esm2_mean,locus,0,1.0,13696,3.0301337002713233,1.1090044
24295,HLA-A*02:16,esm2_mean,locus,0,1.0,13696,2.312535423847214,1.2113972
24296,HLA-A*68:01,esm2_mean,locus,0,1.0,13696,0.26236426446749106,1.900189
24297,HLA-A*74:01,esm2_mean,locus,0,1.0,13696,0.26236426446749106,0.9199239
24300,HLA-A*68:01,esm2_mean,locus,0,1.0,13696,3.3568971227655755,1.6503358
24310,HLA-A*80:01,esm2_mean,locus,0,1.0,13696,0.0,0.36643457
24312,HLA-A*66:01,esm2_mean,locus,0,1.0,13696,0.18232155679395465,0.74442065
24314,HLA-A*02:11,esm2_mean,locus,0,1.0,13696,3.109060958860994,1.4876695
24315,HLA-A*74:01,esm2_mean,locus,0,1.0,13696,0.5306282510621704,1.1349598
24319,HLA-A*25:01,esm2_mean,locus,0,1.0,13696,1.33500106673234,0.35399002
24323,HLA-A*68:01,esm2_mean,locus,0,1.0,13696,3.6913763343125234,1.7383881
24326,HLA-A*02:11,esm2_mean,locus,0,1.0,13696,3.005682604407159,1.3418789
24327,HLA-A*02:50,esm2_mean,locus,0,1.0,13696,2.0149030205422647,1.689462
24328,HLA-A*02:19,esm2_mean,locus,0,1.0,13696,3.139832617527748,1.5095308
24334,HLA-A*68:23,esm2_mean,locus,0,1.0,13696,0.09531017980432487,0.52707577
24337,HLA-A*02:01,esm2_mean,locus,0,1.0,13696,3.4657359027997265,1.6577864
24338,HLA-A*03:01,esm2_mean,locus,0,1.0,13696,0.7884573603642702,1.8924959
24341,HLA-A*43:01,esm2_mean,locus,0,1.0,13696,0.4054651081081644,1.0521667
24344,HLA-A*26:03,esm2_mean,locus,0,1.0,13696,2.0412203288596382,0.4313556
24345,HLA-A*26:03,esm2_mean,locus,0,1.0,13696,0.0,0.5919286
24347,HLA-A*02:12,esm2_mean,locus,0,1.0,13696,2.186051276738094,0.96335477
24349,HLA-A*24:02,esm2_mean,locus,0,1.0,13696,3.077312260546414,1.0253909
24350,HLA-A*02:16,esm2_mean,locus,0,1.0,13696,2.4336133554004498,1.2457001
24351,HLA-A*11:01,esm2_mean,locus,0,1.0,13696,2.0412203288596382,1.4165423
24355,HLA-A*02:50,esm2_mean,locus,0,1.0,13696,2.8094026953624973,1.8981578
24356,HLA-A*33:03,esm2_mean,locus,0,1.0,13696,0.9555114450274363,1.0971832
24359,HLA-A*80:01,esm2_mean,locus,0,1.0,13696,0.0,-0.0016193986
24360,HLA-A*80:01,esm2_mean,locus,0,1.0,13696,0.0,-0.0075439215
24364,HLA-A*03:01,esm2_mean,locus,0,1.0,13696,0.0,1.8306336
24365,HLA-A*02:12,esm2_mean,locus,0,1.0,13696,3.414442608412176,1.2367208
24366,HLA-A*02:50,esm2_mean,locus,0,1.0,13696,2.70805020110221,1.8292005
24368,HLA-A*29:02,esm2_mean,locus,0,1.0,13696,1.252762968495368,1.9836066
24369,HLA-A*80:01,esm2_mean,locus,0,1.0,13696,0.4054651081081644,0.06078565
24370,HLA-A*24:03,esm2_mean,locus,0,1.0,13696,2.128231705849268,0.9607719
24376,HLA-A*02:19,esm2_mean,locus,0,1.0,13696,0.0,1.6861241
24382,HLA-A*68:23,esm2_mean,locus,0,1.0,13696,0.7419373447293773,0.54313076
24383,HLA-A*02:50,esm2_mean,locus,0,1.0,13696,2.501435951739211,1.9753346
24384,HLA-A*31:01,esm2_mean,locus,0,1.0,13696,2.3608540011180215,1.6511567
24385,HLA-A*25:01,esm2_mean,locus,0,1.0,13696,3.3105430133940246,0.6929292
24387,HLA-A*02:10,esm2_mean,locus,0,1.0,13696,2.5494451709255714,0.90809983
24388,HLA-A*24:19,esm2_mean,locus,0,1.0,13696,0.4054651081081644,0.25369495
24389,HLA-A*24:07,esm2_mean,locus,0,1.0,13696,1.9315214116032138,0.08279884
24392,HLA-A*02:19,esm2_mean,locus,0,1.0,13696,2.9231615807191558,1.6300898
24396,HLA-A*02:19,esm2_mean,locus,0,1.0,13696,0.4054651081081644,1.4916371
24398,HLA-A*80:01,esm2_mean,locus,0,1.0,13696,0.0,-0.21764702
24402,HLA-A*02:03,esm2_mean,locus,0,1.0,13696,0.7419373447293773,1.2598916
24403,HLA-A*33:03,esm2_mean,locus,0,1.0,13696,0.5877866649021191,0.70547915
24409,HLA-A*29:02,esm2_mean,locus,0,1.0,13696,2.174751721484161,1.8259227
24411,HLA-A*31:01,esm2_mean,locus,0,1.0,13696,1.7047480922384253,1.1324797
24412,HLA-A*30:02,esm2_mean,locus,0,1.0,13696,0.5306282510621704,0.9192225
24415,HLA-A*02:19,esm2_mean,locus,0,1.0,13696,3.6609942506244004,1.5793555
24419,HLA-A*24:07,esm2_mean,locus,0,1.0,13696,0.7884573603642702,0.5214261
24423,HLA-A*30:02,esm2_mean,locus,0,1.0,13696,0.09531017980432487,0.82743233
24424,HLA-A*24:07,esm2_mean,locus,0,1.0,13696,3.2268439945173775,0.5607879
24425,HLA-A*68:01,esm2_mean,locus,0,1.0,13696,0.0,1.7591429
24429,HLA-A*23:01,esm2_mean,locus,0,1.0,13696,2.5877640352277083,0.5507486
24430,HLA-A*03:01,esm2_mean,locus,0,1.0,13696,0.0,1.8084407
24432,HLA-A*02:19,esm2_mean,locus,0,1.0,13696,2.272125885509337,1.5966381
24433,HLA-A*74:01,esm2_mean,locus,0,1.0,13696,4.247065649239764,0.7158809
24440,HLA-A*30:01,esm2_mean,locus,0,1.0,13696,0.0,1.381604
24442,HLA-A*24:19,esm2_mean,locus,0,1.0,13696,0.26236426446749106,-0.058633626
24445,HLA-A*02:50,esm2_mean,locus,0,1.0,13696,1.4816045409242156,1.8800185
24446,HLA-A*02:19,esm2_mean,locus,0,1.0,13696,0.7419373447293773,1.4711325
24450,HLA-A*23:01,esm2_mean,locus,0,1.0,13696,1.9740810260220096,1.0106553
24451,HLA-A*23:01,esm2_mean,locus,0,1.0,13696,1.0986122886681098,1.0172333
24453,HLA-A*31:01,esm2_mean,locus,0,1.0,13696,3.4468078929142076,0.8599881
24458,HLA-A*26:02,esm2_mean,locus,0,1.0,13696,0.8754687373538999,0.066842854
24461,HLA-A*11:01,esm2_mean,locus,0,1.0,13696,4.623991940228679,1.4890109
24463,HLA-A*03:01,esm2_mean,locus,0,1.0,13696,0.26236426446749106,1.9537168
24465,HLA-A*68:01,esm2_mean,locus,0,1.0,13696,0.0,2.1260269
24469,HLA-A*24:07,esm2_mean,locus,0,1.0,13696,0.5877866649021191,1.0884262
24473,HLA-A*02:11,esm2_mean,locus,0,1.0,13696,2.7212954278522306,1.3500874
24475,HLA-A*30:02,esm2_mean,locus,0,1.0,13696,1.6094379124341003,1.129102
24476,HLA-A*25:01,esm2_mean,locus,0,1.0,13696,1.308332819650179,0.71361303
24477,HLA-A*02:12,esm2_mean,locus,0,1.0,13696,3.202746442938317,1.0641713
24479,HLA-A*30:02,esm2_mean,locus,0,1.0,13696,0.4700036292457355,0.9267486
24481,HLA-A*24:02,esm2_mean,locus,0,1.0,13696,2.2512917986064953,1.0780423
24482,HLA-A*02:12,esm2_mean,locus,0,1.0,13696,3.139832617527748,1.1293671
24485,HLA-A*29:02,esm2_mean,locus,0,1.0,13696,0.33647223662121295,1.9070446
24486,HLA-A*80:01,esm2_mean,locus,0,1.0,13696,1.2237754316221157,-0.18989724
24487,HLA-A*24:02,esm2_mean,locus,0,1.0,13696,1.5260563034950494,0.8369557
24489,HLA-A*23:01,esm2_mean,locus,0,1.0,13696,3.6109179126442243,0.6216021
24491,HLA-A*29:02,esm2_mean,locus,0,1.0,13696,0.18232155679395465,1.2088368
24493,HLA-A*02:11,esm2_mean,locus,0,1.0,13696,1.7227665977411035,1.4548292
24494,HLA-A*33:03,esm2_mean,locus,0,1.0,13696,0.6931471805599453,1.1563387
24495,HLA-A*68:01,esm2_mean,locus,0,1.0,13696,1.791759469228055,1.7077348
24496,HLA-A*43:01,esm2_mean,locus,0,1.0,13696,0.33647223662121295,1.1596109
24497,HLA-A*24:02,esm2_mean,locus,0,1.0,13696,0.7884573603642702,0.5656712
24499,HLA-A*30:01,esm2_mean,locus,0,1.0,13696,0.18232155679395465,1.3837019
24500,HLA-A*26:02,esm2_mean,locus,0,1.0,13696,0.0,0.08356458
24505,HLA-A*68:23,esm2_mean,locus,0,1.0,13696,0.18232155679395465,0.52398574
24506,HLA-A*68:23,esm2_mean,locus,0,1.0,13696,1.3862943611198906,0.6131917
24507,HLA-A*68:23,esm2_mean,locus,0,1.0,13696,1.589235205116581,0.62089217
24508,HLA-A*03:01,esm2_mean,locus,0,1.0,13696,0.09531017980432487,1.8907391
24509,HLA-A*02:19,esm2_mean,locus,0,1.0,13696,1.4816045409242156,1.5404974
24511,HLA-A*30:02,esm2_mean,locus,0,1.0,13696,0.26236426446749106,1.006423
24512,HLA-A*26:02,esm2_mean,locus,0,1.0,13696,0.4054651081081644,-0.15222234
24515,HLA-A*02:10,esm2_mean,locus,0,1.0,13696,3.871201010907891,0.32279634
24516,HLA-A*02:16,esm2_mean,locus,0,1.0,13696,2.174751721484161,1.4029593
24520,HLA-A*80:01,esm2_mean,locus,0,1.0,13696,0.0,0.13324702
24521,HLA-A*32:07,esm2_mean,locus,0,1.0,13696,1.410986973710262,0.708097
24522,HLA-A*32:07,esm2_mean,locus,0,1.0,13696,4.42484663185681,1.2694435
24525,HLA-A*29:02,esm2_mean,locus,0,1.0,13696,0.26236426446749106,1.8850126
24528,HLA-A*03:01,esm2_mean,locus,0,1.0,13696,0.09531017980432487,1.7834492
24531,HLA-A*24:19,esm2_mean,locus,0,1.0,13696,0.18232155679395465,0.22894716
24532,HLA-A*24:02,esm2_mean,locus,0,1.0,13696,0.7884573603642702,0.9682229
24533,HLA-A*68:01,esm2_mean,locus,0,1.0,13696,0.0,2.0348694
24534,HLA-A*74:01,esm2_mean,locus,0,1.0,13696,0.5877866649021191,0.48403966
24542,HLA-A*02:01,esm2_mean,locus,0,1.0,13696,0.8285518175661483,1.6032683
24544,HLA-A*02:01,esm2_mean,locus,0,1.0,13696,3.4904285153900982,1.7008448
24545,HLA-A*68:01,esm2_mean,locus,0,1.0,13696,4.658710952916121,1.834369
24549,HLA-A*02:11,esm2_mean,locus,0,1.0,13696,2.766319109226186,1.3331206
24552,HLA-A*80:01,esm2_mean,locus,0,1.0,13696,0.09531017980432487,0.09064102
24553,HLA-A*32:07,esm2_mean,locus,0,1.0,13696,0.33647223662121295,0.76628137
24555,HLA-A*31:01,esm2_mean,locus,0,1.0,13696,2.9069010598473755,0.9372069
24559,HLA-A*24:03,esm2_mean,locus,0,1.0,13696,0.4054651081081644,0.9269971
24560,HLA-A*02:16,esm2_mean,locus,0,1.0,13696,3.481240089335692,1.3936683
24562,HLA-A*33:03,esm2_mean,locus,0,1.0,13696,1.7047480922384253,1.1386057
24563,HLA-A*68:01,esm2_mean,locus,0,1.0,13696,1.0647107369924282,1.7158501
24567,HLA-A*29:02,esm2_mean,locus,0,1.0,13696,0.6931471805599453,1.6113266
24568,HLA-A*26:02,esm2_mean,locus,0,1.0,13696,1.2809338454620642,0.2468515
24569,HLA-A*68:23,esm2_mean,locus,0,1.0,13696,0.4700036292457355,0.54653937
24571,HLA-A*02:10,esm2_mean,locus,0,1.0,13696,0.6418538861723948,0.4325438
24573,HLA-A*43:01,esm2_mean,locus,0,1.0,13696,0.0,0.6651584
24574,HLA-A*68:23,esm2_mean,locus,0,1.0,13696,0.26236426446749106,0.50851214
24576,HLA-A*02:12,esm2_mean,locus,0,1.0,13696,1.1631508098056809,1.2560022
24579,HLA-A*29:02,esm2_mean,locus,0,1.0,13696,0.6418538861723948,1.7317991
24580,HLA-A*23:01,esm2_mean,locus,0,1.0,13696,3.6270040503958487,0.956017
24581,HLA-A*68:23,esm2_mean,locus,0,1.0,13696,1.3609765531356006,0.07720846
24583,HLA-A*24:02,esm2_mean,locus,0,1.0,13696,1.7749523509116738,1.2545474
24584,HLA-A*02:10,esm2_mean,locus,0,1.0,13696,1.667706820558076,0.59548503
24585,HLA-A*11:01,esm2_mean,locus,0,1.0,13696,3.5467396869528134,1.3194826
24588,HLA-A*24:02,esm2_mean,locus,0,1.0,13696,0.4054651081081644,1.0580479
24589,HLA-A*31:01,esm2_mean,locus,0,1.0,13696,3.8877303128591016,1.2300725
24593,HLA-A*24:03,esm2_mean,locus,0,1.0,13696,1.7227665977411035,0.5174108
24598,HLA-A*68:01,esm2_mean,locus,0,1.0,13696,0.5877866649021191,1.9425963
24603,HLA-A*02:10,esm2_mean,locus,0,1.0,13696,2.0412203288596382,0.71939915
24604,HLA-A*11:01,esm2_mean,locus,0,1.0,13696,3.8543938925915096,1.4702945
24605,HLA-A*74:01,esm2_mean,locus,0,1.0,13696,2.6741486494265287,0.58770066
24608,HLA-A*02:10,esm2_mean,locus,0,1.0,13696,1.8082887711792655,0.75377643
24609,HLA-A*02:50,esm2_mean,locus,0,1.0,13696,3.173878458937465,1.8525538
24610,HLA-A*43:01,esm2_mean,locus,0,1.0,13696,1.1314021114911006,0.77785456
24611,HLA-A*23:01,esm2_mean,locus,0,1.0,13696,0.4054651081081644,0.88577074
24614,HLA-A*25:01,esm2_mean,locus,0,1.0,13696,0.4054651081081644,0.42856336
24616,HLA-A*02:16,esm2_mean,locus,0,1.0,13696,3.126760535960395,1.4396443
24617,HLA-A*02:16,esm2_mean,locus,0,1.0,13696,0.832909122935104,1.3463587
24618,HLA-A*33:03,esm2_mean,locus,0,1.0,13696,1.7749523509116738,1.1833196
24622,HLA-A*66:01,esm2_mean,locus,0,1.0,13696,0.0,0.7178454
24623,HLA-A*24:02,esm2_mean,locus,0,1.0,13696,3.9435216724875173,0.86613727
24624,HLA-A*31:01,esm2_mean,locus,0,1.0,13696,0.26236426446749106,1.4627682
24625,HLA-A*68:01,esm2_mean,locus,0,1.0,13696,0.0,1.9318088
24626,HLA-A*74:01,esm2_mean,locus,0,1.0,13696,0.26236426446749106,0.37711996
24630,HLA-A*26:03,esm2_mean,locus,0,1.0,13696,0.0,0.68547547
24633,HLA-A*68:01,esm2_mean,locus,0,1.0,13696,0.0,1.9806254
24634,HLA-A*74:01,esm2_mean,locus,0,1.0,13696,0.7884573603642702,0.8394861
24635,HLA-A*24:19,esm2_mean,locus,0,1.0,13696,0.0,-0.16831237
24638,HLA-A*02:10,esm2_mean,locus,0,1.0,13696,0.832909122935104,0.6784817
24639,HLA-A*11:01,esm2_mean,locus,0,1.0,13696,0.6418538861723948,1.3741031
24643,HLA-A*43:01,esm2_mean,locus,0,1.0,13696,0.0,1.1357358
24645,HLA-A*24:02,esm2_mean,locus,0,1.0,13696,2.975529566236472,1.1739492
24646,HLA-A*02:10,esm2_mean,locus,0,1.0,13696,0.33647223662121295,0.16772395
24647,HLA-A*30:01,esm2_mean,locus,0,1.0,13696,4.222444564849416,1.4411706
24648,HLA-A*80:01,esm2_mean,locus,0,1.0,13696,0.26236426446749106,-0.1390056
24651,HLA-A*31:01,esm2_mean,locus,0,1.0,13696,1.667706820558076,1.628822
24652,HLA-A*74:01,esm2_mean,locus,0,1.0,13696,2.580216829592325,0.4821399
24653,HLA-A*74:01,esm2_mean,locus,0,1.0,13696,3.927896354584436,0.65126157
24658,HLA-A*24:02,esm2_mean,locus,0,1.0,13696,0.8754687373538999,1.056316
24659,HLA-A*74:01,esm2_mean,locus,0,1.0,13696,3.4307561839036995,0.86272734
24661,HLA-A*32:07,esm2_mean,locus,0,1.0,13696,0.26236426446749106,0.75785875
24662,HLA-A*68:23,esm2_mean,locus,0,1.0,13696,0.6931471805599453,0.42064315
24664,HLA-A*11:01,esm2_mean,locus,0,1.0,13696,3.6000482404073204,1.7539632
24665,HLA-A*74:01,esm2_mean,locus,0,1.0,13696,0.0,0.7941047
24669,HLA-A*02:01,esm2_mean,locus,0,1.0,13696,2.3978952727983707,1.7369878
24670,HLA-A*02:12,esm2_mean,locus,0,1.0,13696,1.8718021769015913,0.83648765
24673,HLA-A*11:01,esm2_mean,locus,0,1.0,13696,3.3214324131932926,1.1171795
24676,HLA-A*30:02,esm2_mean,locus,0,1.0,13696,2.2407096892759584,1.0982565
24678,HLA-A*33:03,esm2_mean,locus,0,1.0,13696,3.5610460826040513,1.1329871
24679,HLA-A*68:01,esm2_mean,locus,0,1.0,13696,0.4382549309311553,1.7418876
24683,HLA-A*02:01,esm2_mean,locus,0,1.0,13696,1.2809338454620642,1.8065093
24684,HLA-A*29:02,esm2_mean,locus,0,1.0,13696,0.6418538861723948,1.8333313
24685,HLA-A*24:07,esm2_mean,locus,0,1.0,13696,0.09531017980432487,0.65631044
24686,HLA-A*25:01,esm2_mean,locus,0,1.0,13696,0.5877866649021191,0.14009088
24693,HLA-A*32:07,esm2_mean,locus,0,1.0,13696,0.6418538861723948,0.8582594
24695,HLA-A*68:01,esm2_mean,locus,0,1.0,13696,0.0,1.6533909
24698,HLA-A*11:01,esm2_mean,locus,0,1.0,13696,1.1314021114911006,1.5711358
24702,HLA-A*68:23,esm2_mean,locus,0,1.0,13696,0.26236426446749106,0.5961948
24703,HLA-A*66:01,esm2_mean,locus,0,1.0,13696,0.33647223662121295,1.2016333
24704,HLA-A*26:03,esm2_mean,locus,0,1.0,13696,0.9162907318741551,0.37789625
24706,HLA-A*03:01,esm2_mean,locus,0,1.0,13696,0.5877866649021191,1.909116
24707,HLA-A*24:02,esm2_mean,locus,0,1.0,13696,2.0412203288596382,1.0548849
24712,HLA-A*26:02,esm2_mean,locus,0,1.0,13696,3.1780538303479458,0.1478008
24713,HLA-A*68:23,esm2_mean,locus,0,1.0,13696,1.5040773967762742,0.31700003
24715,HLA-A*03:01,esm2_mean,locus,0,1.0,13696,0.33647223662121295,1.8498647
24716,HLA-A*24:02,esm2_mean,locus,0,1.0,13696,1.3609765531356006,0.9547247
24717,HLA-A*02:10,esm2_mean,locus,0,1.0,13696,3.1945831322991562,0.5712648
24718,HLA-A*25:01,esm2_mean,locus,0,1.0,13696,0.26236426446749106,0.52831703
24719,HLA-A*26:03,esm2_mean,locus,0,1.0,13696,0.0,0.81315243
24722,HLA-A*02:12,esm2_mean,locus,0,1.0,13696,2.9806186357439426,1.1949067
24729,HLA-A*24:07,esm2_mean,locus,0,1.0,13696,0.26236426446749106,1.0576915
24730,HLA-A*68:23,esm2_mean,locus,0,1.0,13696,0.33647223662121295,0.5528835
24732,HLA-A*02:50,esm2_mean,locus,0,1.0,13696,1.2237754316221157,1.7836504
24733,HLA-A*33:03,esm2_mean,locus,0,1.0,13696,0.4700036292457355,1.2300534
24736,HLA-A*30:01,esm2_mean,locus,0,1.0,13696,0.18232155679395465,1.153573
24737,HLA-A*74:01,esm2_mean,locus,0,1.0,13696,2.2192034840549946,0.46358025
24740,HLA-A*43:01,esm2_mean,locus,0,1.0,13696,1.5686159179138452,0.74186975
24741,HLA-A*30:02,esm2_mean,locus,0,1.0,13696,0.33647223662121295,0.7355429
24744,HLA-A*02:19,esm2_mean,locus,0,1.0,13696,2.2512917986064953,1.3528621
24745,HLA-A*02:19,esm2_mean,locus,0,1.0,13696,4.14946386144318,1.4195806
24751,HLA-A*43:01,esm2_mean,locus,0,1.0,13696,0.18232155679395465,0.6458265
24752,HLA-A*29:02,esm2_mean,locus,0,1.0,13696,0.7419373447293773,1.5972488
24756,HLA-A*29:02,esm2_mean,locus,0,1.0,13696,0.26236426446749106,1.6050055
24757,HLA-A*29:02,esm2_mean,locus,0,1.0,13696,0.33647223662121295,1.8179612
24759,HLA-A*26:02,esm2_mean,locus,0,1.0,13696,0.7419373447293773,-0.14958435
24761,HLA-A*74:01,esm2_mean,locus,0,1.0,13696,1.1631508098056809,0.22131097
24762,HLA-A*23:01,esm2_mean,locus,0,1.0,13696,3.5890591188317256,0.8044144
24764,HLA-A*02:01,esm2_mean,locus,0,1.0,13696,2.151762203259462,1.9483325
24765,HLA-A*02:16,esm2_mean,locus,0,1.0,13696,3.0007198150650303,0.9840593
24766,HLA-A*43:01,esm2_mean,locus,0,1.0,13696,0.18232155679395465,0.933401
24767,HLA-A*32:07,esm2_mean,locus,0,1.0,13696,0.26236426446749106,0.74689794
24768,HLA-A*32:07,esm2_mean,locus,0,1.0,13696,0.26236426446749106,0.57240343
24769,HLA-A*24:19,esm2_mean,locus,0,1.0,13696,0.18232155679395465,0.2620635
24773,HLA-A*02:10,esm2_mean,locus,0,1.0,13696,0.33647223662121295,1.0077002
24774,HLA-A*68:01,esm2_mean,locus,0,1.0,13696,1.252762968495368,1.7004209
24776,HLA-A*32:07,esm2_mean,locus,0,1.0,13696,0.0,0.9446676
24777,HLA-A*24:19,esm2_mean,locus,0,1.0,13696,0.0,-0.3628735
24778,HLA-A*30:01,esm2_mean,locus,0,1.0,13696,0.5877866649021191,1.3474646
24779,HLA-A*33:03,esm2_mean,locus,0,1.0,13696,4.8543712716215905,1.1645962
24783,HLA-A*32:07,esm2_mean,locus,0,1.0,13696,3.520460802488973,0.9133336
24785,HLA-A*02:12,esm2_mean,locus,0,1.0,13696,0.9162907318741551,1.1122073
24787,HLA-A*01:01,esm2_mean,locus,0,1.0,13696,2.845490610223448,0.36439854
24789,HLA-A*25:01,esm2_mean,locus,0,1.0,13696,0.0,0.4597097
24790,HLA-A*02:16,esm2_mean,locus,0,1.0,13696,0.4700036292457355,1.1644837
24791,HLA-A*33:03,esm2_mean,locus,0,1.0,13696,2.785011242238338,0.88212895
24793,HLA-A*30:02,esm2_mean,locus,0,1.0,13696,0.832909122935104,0.8639398
24795,HLA-A*02:50,esm2_mean,locus,0,1.0,13696,2.1162555148025524,1.6876462
24796,HLA-A*02:50,esm2_mean,locus,0,1.0,13696,2.4159137783010487,1.8643699
24797,HLA-A*30:01,esm2_mean,locus,0,1.0,13696,0.6418538861723948,1.545774
24799,HLA-A*68:23,esm2_mean,locus,0,1.0,13696,1.252762968495368,0.4848923
24800,HLA-A*02:16,esm2_mean,locus,0,1.0,13696,3.2771447329921766,1.6866194
24803,HLA-A*03:01,esm2_mean,locus,0,1.0,13696,2.1972245773362196,1.6897306
24805,HLA-A*02:16,esm2_mean,locus,0,1.0,13696,0.9555114450274363,1.4271765
24806,HLA-A*33:03,esm2_mean,locus,0,1.0,13696,0.0,1.3212125
24807,HLA-A*68:01,esm2_mean,locus,0,1.0,13696,1.3862943611198906,1.7528913
24809,HLA-A*43:01,esm2_mean,locus,0,1.0,13696,0.6418538861723948,1.1991022
24811,HLA-A*24:07,esm2_mean,locus,0,1.0,13696,1.0986122886681098,0.6410521
24812,HLA-A*02:10,esm2_mean,locus,0,1.0,13696,1.252762968495368,0.75239694
24813,HLA-A*02:19,esm2_mean,locus,0,1.0,13696,1.7404661748405046,1.5848026
24814,HLA-A*02:19,esm2_mean,locus,0,1.0,13696,2.714694743820879,1.4175655
24819,HLA-A*30:02,esm2_mean,locus,0,1.0,13696,2.8791984572980396,1.0241313
24820,HLA-A*33:03,esm2_mean,locus,0,1.0,13696,0.4054651081081644,1.139601
24821,HLA-A*74:01,esm2_mean,locus,0,1.0,13696,3.005682604407159,0.90883917
24824,HLA-A*24:19,esm2_mean,locus,0,1.0,13696,0.0,-0.064805806
24826,HLA-A*29:02,esm2_mean,locus,0,1.0,13696,1.5040773967762742,1.3828971
24829,HLA-A*26:03,esm2_mean,locus,0,1.0,13696,0.26236426446749106,0.9155556
24835,HLA-A*02:03,esm2_mean,locus,0,1.0,13696,2.1972245773362196,1.6361818
24836,HLA-A*32:07,esm2_mean,locus,0,1.0,13696,0.0,0.5377541
24837,HLA-A*26:02,esm2_mean,locus,0,1.0,13696,2.714694743820879,-0.050868094
24840,HLA-A*24:02,esm2_mean,locus,0,1.0,13696,2.2300144001592104,1.0327641
24842,HLA-A*30:01,esm2_mean,locus,0,1.0,13696,0.0,1.4028763
24843,HLA-A*74:01,esm2_mean,locus,0,1.0,13696,0.0,0.35973626
24845,HLA-A*26:02,esm2_mean,locus,0,1.0,13696,2.2617630984737906,0.18007106
24847,HLA-A*30:02,esm2_mean,locus,0,1.0,13696,1.6486586255873816,1.0437809
24848,HLA-A*80:01,esm2_mean,locus,0,1.0,13696,0.09531017980432487,-0.115719736
24850,HLA-A*26:02,esm2_mean,locus,0,1.0,13696,2.0149030205422647,0.005158365
24852,HLA-A*02:12,esm2_mean,locus,0,1.0,13696,1.8718021769015913,0.9598769
24857,HLA-A*02:16,esm2_mean,locus,0,1.0,13696,3.3843902633457743,1.3493663
24860,HLA-A*66:01,esm2_mean,locus,0,1.0,13696,0.26236426446749106,0.55144817
24861,HLA-A*33:03,esm2_mean,locus,0,1.0,13696,0.4700036292457355,1.1033864
24862,HLA-A*68:01,esm2_mean,locus,0,1.0,13696,0.0,1.9368314
24867,HLA-A*66:01,esm2_mean,locus,0,1.0,13696,0.33647223662121295,0.8756506
24870,HLA-A*02:03,esm2_mean,locus,0,1.0,13696,3.261935314328648,1.076164
24871,HLA-A*30:01,esm2_mean,locus,0,1.0,13696,0.0,1.2621648
24873,HLA-A*80:01,esm2_mean,locus,0,1.0,13696,0.18232155679395465,0.30815178
24875,HLA-A*33:03,esm2_mean,locus,0,1.0,13696,2.424802725718295,1.0571009
24879,HLA-A*66:01,esm2_mean,locus,0,1.0,13696,0.4054651081081644,0.81053513
24889,HLA-A*23:01,esm2_mean,locus,0,1.0,13696,2.2617630984737906,1.0952256
24893,HLA-A*68:01,esm2_mean,locus,0,1.0,13696,0.0,1.7622974
24898,HLA-A*68:23,esm2_mean,locus,0,1.0,13696,1.840549633397487,0.5643604
24899,HLA-A*02:03,esm2_mean,locus,0,1.0,13696,3.481240089335692,1.2350409
24900,HLA-A*32:07,esm2_mean,locus,0,1.0,13696,2.0918640616783932,0.7742596
24901,HLA-A*24:03,esm2_mean,locus,0,1.0,13696,3.4531571205928664,0.6229768
24902,HLA-A*02:50,esm2_mean,locus,0,1.0,13696,1.4350845252893227,1.6249427
24907,HLA-A*29:02,esm2_mean,locus,0,1.0,13696,0.09531017980432487,1.3011711
24908,HLA-A*31:01,esm2_mean,locus,0,1.0,13696,2.766319109226186,1.2946467
24909,HLA-A*74:01,esm2_mean,locus,0,1.0,13696,1.1939224684724346,0.59806955
24910,HLA-A*24:07,esm2_mean,locus,0,1.0,13696,0.4700036292457355,0.81020707
24911,HLA-A*66:01,esm2_mean,locus,0,1.0,13696,1.0647107369924282,0.97301257
24912,HLA-A*26:03,esm2_mean,locus,0,1.0,13696,0.26236426446749106,0.8023627
24915,HLA-A*32:01,esm2_mean,locus,0,1.0,13696,0.5306282510621704,0.85487497
24916,HLA-A*74:01,esm2_mean,locus,0,1.0,13696,0.26236426446749106,0.7684773
24919,HLA-A*43:01,esm2_mean,locus,0,1.0,13696,0.18232155679395465,1.114587
24920,HLA-A*66:01,esm2_mean,locus,0,1.0,13696,0.0,0.715076
24922,HLA-A*02:10,esm2_mean,locus,0,1.0,13696,2.6100697927420065,0.6036351
24924,HLA-A*03:01,esm2_mean,locus,0,1.0,13696,0.18232155679395465,1.8931978
24925,HLA-A*02:12,esm2_mean,locus,0,1.0,13696,2.6100697927420065,1.2270834
24926,HLA-A*02:12,esm2_mean,locus,0,1.0,13696,3.58351893845611,1.2775245
24927,HLA-A*24:07,esm2_mean,locus,0,1.0,13696,1.4350845252893227,0.32906812
24929,HLA-A*02:19,esm2_mean,locus,0,1.0,13696,1.6094379124341003,1.5400312
24932,HLA-A*02:03,esm2_mean,locus,0,1.0,13696,3.2268439945173775,1.365911
24935,HLA-A*02:01,esm2_mean,locus,0,1.0,13696,1.4350845252893227,1.8010352
24936,HLA-A*02:10,esm2_mean,locus,0,1.0,13696,0.5306282510621704,0.6212058
24940,HLA-A*24:19,esm2_mean,locus,0,1.0,13696,0.0,0.63450325
24941,HLA-A*26:03,esm2_mean,locus,0,1.0,13696,0.0,0.8209975
24945,HLA-A*03:01,esm2_mean,locus,0,1.0,13696,0.0,1.920393
24947,HLA-A*02:16,esm2_mean,locus,0,1.0,13696,1.0296194171811583,1.2827485
24948,HLA-A*68:01,esm2_mean,locus,0,1.0,13696,0.9932517730102833,1.855432
24949,HLA-A*74:01,esm2_mean,locus,0,1.0,13696,0.33647223662121295,0.6746132
24952,HLA-A*02:10,esm2_mean,locus,0,1.0,13696,2.0541237336955462,0.68804514
24955,HLA-A*74:01,esm2_mean,locus,0,1.0,13696,0.7884573603642702,0.5680325
24956,HLA-A*02:01,esm2_mean,locus,0,1.0,13696,1.0296194171811583,1.7238677
24957,HLA-A*68:01,esm2_mean,locus,0,1.0,13696,0.5306282510621704,1.6421647
24959,HLA-A*68:23,esm2_mean,locus,0,1.0,13696,0.6931471805599453,0.5373068
24966,HLA-A*43:01,esm2_mean,locus,0,1.0,13696,0.09531017980432487,0.8292929
24967,HLA-A*30:02,esm2_mean,locus,0,1.0,13696,0.6418538861723948,0.5530438
24972,HLA-A*26:02,esm2_mean,locus,0,1.0,13696,0.0,0.029419303
24973,HLA-A*02:19,esm2_mean,locus,0,1.0,13696,0.9555114450274363,1.6855571
24978,HLA-A*68:01,esm2_mean,locus,0,1.0,13696,0.0,1.6104317
24980,HLA-A*24:03,esm2_mean,locus,0,1.0,13696,0.5877866649021191,0.7134763
24982,HLA-A*33:03,esm2_mean,locus,0,1.0,13696,1.916922612182061,0.8760869
24985,HLA-A*25:01,esm2_mean,locus,0,1.0,13696,0.6418538861723948,0.7544108
24989,HLA-A*30:02,esm2_mean,locus,0,1.0,13696,2.0918640616783932,1.3321531
24990,HLA-A*02:01,esm2_mean,locus,0,1.0,13696,2.2082744135228043,1.7923081
24992,HLA-A*74:01,esm2_mean,locus,0,1.0,13696,2.797281334830153,0.7413907
24997,HLA-A*66:01,esm2_mean,locus,0,1.0,13696,0.18232155679395465,0.7576193
24998,HLA-A*25:01,esm2_mean,locus,0,1.0,13696,0.18232155679395465,0.70985425
25000,HLA-A*66:01,esm2_mean,locus,0,1.0,13696,0.37156355643248307,0.7187406
25001,HLA-A*02:50,esm2_mean,locus,0,1.0,13696,2.128231705849268,1.9151816
25002,HLA-A*02:50,esm2_mean,locus,0,1.0,13696,2.797281334830153,1.9370468
25003,HLA-A*02:16,esm2_mean,locus,0,1.0,13696,0.4700036292457355,1.2887241
25008,HLA-A*32:07,esm2_mean,locus,0,1.0,13696,0.0,0.3791383
25009,HLA-A*26:03,esm2_mean,locus,0,1.0,13696,0.5306282510621704,0.9462812
25010,HLA-A*02:10,esm2_mean,locus,0,1.0,13696,1.667706820558076,0.58797145
25013,HLA-A*23:01,esm2_mean,locus,0,1.0,13696,1.9315214116032138,1.1444645
25014,HLA-A*23:01,esm2_mean,locus,0,1.0,13696,3.4011973816621555,0.9499459
25016,HLA-A*24:02,esm2_mean,locus,0,1.0,13696,0.09531017980432487,1.166885
25020,HLA-A*30:02,esm2_mean,locus,0,1.0,13696,0.5877866649021191,0.65042233
25021,HLA-A*23:01,esm2_mean,locus,0,1.0,13696,0.33647223662121295,0.87586445
25022,HLA-A*24:03,esm2_mean,locus,0,1.0,13696,3.2188758248682006,0.4028216
25023,HLA-A*11:01,esm2_mean,locus,0,1.0,13696,3.6506582412937387,1.0717204
25024,HLA-A*02:10,esm2_mean,locus,0,1.0,13696,0.5877866649021191,0.85027844
25025,HLA-A*02:16,esm2_mean,locus,0,1.0,13696,2.33214389523559,1.5006154
25029,HLA-A*24:07,esm2_mean,locus,0,1.0,13696,1.840549633397487,0.42237073
25033,HLA-A*33:03,esm2_mean,locus,0,1.0,13696,0.7419373447293773,0.8614326
25039,HLA-A*68:01,esm2_mean,locus,0,1.0,13696,3.5751506887855933,1.7232437
25040,HLA-A*32:07,esm2_mean,locus,0,1.0,13696,0.0,0.69078696
25041,HLA-A*24:19,esm2_mean,locus,0,1.0,13696,1.916922612182061,-0.28775662
25042,HLA-A*02:01,esm2_mean,locus,0,1.0,13696,2.0014800002101243,1.5119747
25043,HLA-A*74:01,esm2_mean,locus,0,1.0,13696,1.4586150226995167,0.5896341
25045,HLA-A*30:02,esm2_mean,locus,0,1.0,13696,0.4054651081081644,0.8421625
25047,HLA-A*02:16,esm2_mean,locus,0,1.0,13696,2.4932054526026954,1.2923236
25048,HLA-A*02:16,esm2_mean,locus,0,1.0,13696,3.624340932976365,1.8209636
25049,HLA-A*30:01,esm2_mean,locus,0,1.0,13696,0.0,1.6177824
25050,HLA-A*31:01,esm2_mean,locus,0,1.0,13696,0.0,0.98392856
25057,HLA-A*02:50,esm2_mean,locus,0,1.0,13696,2.9231615807191558,1.9983249
25060,HLA-A*23:01,esm2_mean,locus,0,1.0,13696,2.6741486494265287,0.8330561
25064,HLA-A*02:12,esm2_mean,locus,0,1.0,13696,1.1314021114911006,1.1284504
25069,HLA-A*33:03,esm2_mean,locus,0,1.0,13696,0.4054651081081644,0.89047474
25072,HLA-A*24:19,esm2_mean,locus,0,1.0,13696,0.0,0.20622063
25073,HLA-A*68:23,esm2_mean,locus,0,1.0,13696,2.9496883350525844,0.64547527
25075,HLA-A*02:16,esm2_mean,locus,0,1.0,13696,2.4423470353692043,1.2204221
25076,HLA-A*11:01,esm2_mean,locus,0,1.0,13696,0.18232155679395465,1.4852538
25077,HLA-A*02:10,esm2_mean,locus,0,1.0,13696,1.667706820558076,0.94145805
25081,HLA-A*24:03,esm2_mean,locus,0,1.0,13696,2.8622008809294686,0.5432106
25082,HLA-A*30:01,esm2_mean,locus,0,1.0,13696,0.09531017980432487,1.1886852
25083,HLA-A*66:01,esm2_mean,locus,0,1.0,13696,0.0,0.7788826
25084,HLA-A*24:02,esm2_mean,locus,0,1.0,13696,1.1314021114911006,1.0366465
25085,HLA-A*33:03,esm2_mean,locus,0,1.0,13696,1.916922612182061,1.2794367
25086,HLA-A*74:01,esm2_mean,locus,0,1.0,13696,2.151762203259462,0.8543583
25089,HLA-A*26:02,esm2_mean,locus,0,1.0,13696,0.7884573603642702,0.13442707
25092,HLA-A*30:02,esm2_mean,locus,0,1.0,13696,0.5306282510621704,1.0563874
25094,HLA-A*66:01,esm2_mean,locus,0,1.0,13696,2.4765384001174837,0.75820357
25098,HLA-A*24:07,esm2_mean,locus,0,1.0,13696,2.1972245773362196,0.35665888
25099,HLA-A*66:01,esm2_mean,locus,0,1.0,13696,0.18232155679395465,0.77407575
25100,HLA-A*66:01,esm2_mean,locus,0,1.0,13696,0.9162907318741551,1.0378561
25102,HLA-A*24:02,esm2_mean,locus,0,1.0,13696,0.7419373447293773,0.7367507
25105,HLA-A*30:02,esm2_mean,locus,0,1.0,13696,2.8903717578961645,0.95532215
25107,HLA-A*24:19,esm2_mean,locus,0,1.0,13696,0.4054651081081644,-0.14747983
25108,HLA-A*26:03,esm2_mean,locus,0,1.0,13696,0.26236426446749106,0.55789924
25111,HLA-A*32:07,esm2_mean,locus,0,1.0,13696,0.0,0.5672686
25113,HLA-A*25:01,esm2_mean,locus,0,1.0,13696,0.8754687373538999,0.44005132
25114,HLA-A*66:01,esm2_mean,locus,0,1.0,13696,0.7419373447293773,0.63489527
25118,HLA-A*03:01,esm2_mean,locus,0,1.0,13696,0.4054651081081644,1.9728804
25119,HLA-A*02:03,esm2_mean,locus,0,1.0,13696,2.4423470353692043,1.2054636
25128,HLA-A*33:03,esm2_mean,locus,0,1.0,13696,0.0,0.9832771
25131,HLA-A*24:07,esm2_mean,locus,0,1.0,13696,2.4159137783010487,0.89858246
25132,HLA-A*02:10,esm2_mean,locus,0,1.0,13696,1.0986122886681098,0.91521657
25133,HLA-A*02:12,esm2_mean,locus,0,1.0,13696,2.1972245773362196,0.98366857
25134,HLA-A*24:07,esm2_mean,locus,0,1.0,13696,0.4700036292457355,0.99806076
25135,HLA-A*02:12,esm2_mean,locus,0,1.0,13696,3.104586678466073,1.2443479
25141,HLA-A*80:01,esm2_mean,locus,0,1.0,13696,0.18232155679395465,-0.02671653
25142,HLA-A*68:23,esm2_mean,locus,0,1.0,13696,0.0,0.06407237
25145,HLA-A*24:02,esm2_mean,locus,0,1.0,13696,0.33647223662121295,0.85935265
25146,HLA-A*11:01,esm2_mean,locus,0,1.0,13696,2.9496883350525844,1.7166147
25149,HLA-A*30:02,esm2_mean,locus,0,1.0,13696,0.4700036292457355,0.7471703
25150,HLA-A*24:03,esm2_mean,locus,0,1.0,13696,0.5306282510621704,0.7085941
25151,HLA-A*02:11,esm2_mean,locus,0,1.0,13696,0.7419373447293773,1.4349396
25163,HLA-A*02:10,esm2_mean,locus,0,1.0,13696,0.9162907318741551,0.69006544
25166,HLA-A*68:01,esm2_mean,locus,0,1.0,13696,3.152736022363656,1.4016259
25167,HLA-A*11:01,esm2_mean,locus,0,1.0,13696,3.152736022363656,1.336602
25170,HLA-A*29:02,esm2_mean,locus,0,1.0,13696,1.33500106673234,1.5482893
25172,HLA-A*24:07,esm2_mean,locus,0,1.0,13696,2.667228206581955,0.6975548
25173,HLA-A*02:01,esm2_mean,locus,0,1.0,13696,3.0349529867072724,1.9565268
25178,HLA-A*43:01,esm2_mean,locus,0,1.0,13696,0.7419373447293773,0.9658786
25183,HLA-A*80:01,esm2_mean,locus,0,1.0,13696,0.18232155679395465,-0.16616446
25184,HLA-A*24:07,esm2_mean,locus,0,1.0,13696,0.26236426446749106,0.8628932
25185,HLA-A*02:16,esm2_mean,locus,0,1.0,13696,2.2407096892759584,1.3917763
25186,HLA-A*33:03,esm2_mean,locus,0,1.0,13696,0.26236426446749106,1.0867758
25187,HLA-A*11:01,esm2_mean,locus,0,1.0,13696,3.1654750481410856,1.0938959
25194,HLA-A*29:02,esm2_mean,locus,0,1.0,13696,0.5877866649021191,1.280885
25195,HLA-A*02:50,esm2_mean,locus,0,1.0,13696,2.5257286443082556,1.8164808
25196,HLA-A*68:01,esm2_mean,locus,0,1.0,13696,0.0,1.7045095
25197,HLA-A*29:02,esm2_mean,locus,0,1.0,13696,2.2925347571405443,1.5599687
25199,HLA-A*24:19,esm2_mean,locus,0,1.0,13696,0.4054651081081644,0.2752897
25200,HLA-A*02:03,esm2_mean,locus,0,1.0,13696,1.0296194171811583,1.2024691
25201,HLA-A*02:50,esm2_mean,locus,0,1.0,13696,2.388762789235098,1.4879797
25203,HLA-A*29:02,esm2_mean,locus,0,1.0,13696,0.18232155679395465,1.4842539
25205,HLA-A*66:01,esm2_mean,locus,0,1.0,13696,0.33647223662121295,0.7490847
25208,HLA-A*02:50,esm2_mean,locus,0,1.0,13696,0.4054651081081644,1.4050744
25209,HLA-A*11:01,esm2_mean,locus,0,1.0,13696,3.1135153092103742,1.3717774
25211,HLA-A*02:10,esm2_mean,locus,0,1.0,13696,0.26236426446749106,0.7518609
25212,HLA-A*30:02,esm2_mean,locus,0,1.0,13696,0.18232155679395465,0.61608344
25213,HLA-A*24:03,esm2_mean,locus,0,1.0,13696,1.1631508098056809,0.8807623
25216,HLA-A*25:01,esm2_mean,locus,0,1.0,13696,0.0,0.5739066
25217,HLA-A*26:03,esm2_mean,locus,0,1.0,13696,1.33500106673234,0.64875114
25219,HLA-A*68:02,esm2_mean,locus,0,1.0,13696,0.18232155679395465,1.1972241
25222,HLA-A*02:01,esm2_mean,locus,0,1.0,13696,1.6863989535702288,1.6862359
25223,HLA-A*23:01,esm2_mean,locus,0,1.0,13696,3.5524868292083815,1.1832228
25225,HLA-A*68:23,esm2_mean,locus,0,1.0,13696,0.26236426446749106,0.35695195
25227,HLA-A*24:03,esm2_mean,locus,0,1.0,13696,0.26236426446749106,0.9404013
25229,HLA-A*03:01,esm2_mean,locus,0,1.0,13696,0.18232155679395465,1.8504598
25231,HLA-A*24:02,esm2_mean,locus,0,1.0,13696,0.6418538861723948,1.0775548
25232,HLA-A*69:01,esm2_mean,locus,0,1.0,13696,0.5877866649021191,1.1060742
25233,HLA-A*02:10,esm2_mean,locus,0,1.0,13696,1.547562508716013,0.53295636
25234,HLA-A*68:01,esm2_mean,locus,0,1.0,13696,3.2308043957334744,1.5242832
25236,HLA-A*02:01,esm2_mean,locus,0,1.0,13696,3.6454498961866,1.4401388
25238,HLA-A*02:16,esm2_mean,locus,0,1.0,13696,1.547562508716013,1.276288
25239,HLA-A*30:01,esm2_mean,locus,0,1.0,13696,1.7578579175523736,1.3544245
25240,HLA-A*66:01,esm2_mean,locus,0,1.0,13696,0.0,0.63338405
25243,HLA-A*30:01,esm2_mean,locus,0,1.0,13696,0.0,1.4863224
25244,HLA-A*11:01,esm2_mean,locus,0,1.0,13696,0.26236426446749106,1.3368956
25248,HLA-A*23:01,esm2_mean,locus,0,1.0,13696,0.33647223662121295,0.84592533
25249,HLA-A*24:19,esm2_mean,locus,0,1.0,13696,0.26236426446749106,-0.048207343
25253,HLA-A*02:10,esm2_mean,locus,0,1.0,13696,2.1400661634962708,0.33408052
25254,HLA-A*24:19,esm2_mean,locus,0,1.0,13696,0.4700036292457355,0.21054316
25255,HLA-A*24:07,esm2_mean,locus,0,1.0,13696,2.7212954278522306,0.9663104
25256,HLA-A*23:01,esm2_mean,locus,0,1.0,13696,3.7268975213014572,0.90752053
25260,HLA-A*30:02,esm2_mean,locus,0,1.0,13696,0.26236426446749106,0.88815504
25261,HLA-A*26:03,esm2_mean,locus,0,1.0,13696,0.26236426446749106,0.95934457
25263,HLA-A*24:02,esm2_mean,locus,0,1.0,13696,0.26236426446749106,1.2701405
25264,HLA-A*11:01,esm2_mean,locus,0,1.0,13696,1.4586150226995167,1.3263286
25266,HLA-A*43:01,esm2_mean,locus,0,1.0,13696,0.09531017980432487,1.0225049
25267,HLA-A*32:07,esm2_mean,locus,0,1.0,13696,0.0,0.61136115
25268,HLA-A*24:03,esm2_mean,locus,0,1.0,13696,2.028148247292285,0.32047248
25275,HLA-A*43:01,esm2_mean,locus,0,1.0,13696,0.832909122935104,1.2131419
25277,HLA-A*74:01,esm2_mean,locus,0,1.0,13696,0.0,0.7518003
25280,HLA-A*24:07,esm2_mean,locus,0,1.0,13696,0.5877866649021191,0.6367345
25284,HLA-A*80:01,esm2_mean,locus,0,1.0,13696,0.0,0.17429096
25285,HLA-A*32:07,esm2_mean,locus,0,1.0,13696,0.0,0.58876544
25288,HLA-A*66:01,esm2_mean,locus,0,1.0,13696,0.18232155679395465,0.6655722
25289,HLA-A*03:01,esm2_mean,locus,0,1.0,13696,0.0,1.6842673
25295,HLA-A*80:01,esm2_mean,locus,0,1.0,13696,0.26236426446749106,0.10188079
25296,HLA-A*66:01,esm2_mean,locus,0,1.0,13696,0.0,0.8068259
25298,HLA-A*02:16,esm2_mean,locus,0,1.0,13696,3.1135153092103742,1.644161
25302,HLA-A*02:11,esm2_mean,locus,0,1.0,13696,0.5306282510621704,1.3167719
25304,HLA-A*25:01,esm2_mean,locus,0,1.0,13696,0.9932517730102833,0.75190943
25307,HLA-A*23:01,esm2_mean,locus,0,1.0,13696,0.6931471805599453,1.2301985
25308,HLA-A*02:01,esm2_mean,locus,0,1.0,13696,0.4700036292457355,1.4397852
25309,HLA-A*30:02,esm2_mean,locus,0,1.0,13696,0.26236426446749106,1.0168262
25311,HLA-A*02:10,esm2_mean,locus,0,1.0,13696,1.4816045409242156,0.54837215
25313,HLA-A*29:02,esm2_mean,locus,0,1.0,13696,0.26236426446749106,1.6887861
25314,HLA-A*29:02,esm2_mean,locus,0,1.0,13696,3.6913763343125234,1.9269568
25315,HLA-A*30:01,esm2_mean,locus,0,1.0,13696,0.9555114450274363,1.328142
25316,HLA-A*11:01,esm2_mean,locus,0,1.0,13696,1.9600947840472698,1.4833286
25319,HLA-A*66:01,esm2_mean,locus,0,1.0,13696,0.0,0.74796796
25323,HLA-A*74:01,esm2_mean,locus,0,1.0,13696,1.3862943611198906,0.9583797
25324,HLA-A*24:19,esm2_mean,locus,0,1.0,13696,0.5877866649021191,0.20293981
25325,HLA-A*66:01,esm2_mean,locus,0,1.0,13696,0.4700036292457355,0.85147667
25327,HLA-A*02:16,esm2_mean,locus,0,1.0,13696,1.6486586255873816,1.2472095
25328,HLA-A*31:01,esm2_mean,locus,0,1.0,13696,1.5686159179138452,1.451685
25333,HLA-A*02:10,esm2_mean,locus,0,1.0,13696,0.9162907318741551,0.83681047
25334,HLA-A*30:01,esm2_mean,locus,0,1.0,13696,0.18232155679395465,1.2160139
25335,HLA-A*30:02,esm2_mean,locus,0,1.0,13696,0.18232155679395465,0.77717745
25336,HLA-A*80:01,esm2_mean,locus,0,1.0,13696,0.18232155679395465,-0.09391338
25339,HLA-A*02:19,esm2_mean,locus,0,1.0,13696,2.028148247292285,1.4821155
25341,HLA-A*25:01,esm2_mean,locus,0,1.0,13696,0.0,0.68774825
25344,HLA-A*02:03,esm2_mean,locus,0,1.0,13696,4.055257173514054,1.2914248
25345,HLA-A*02:11,esm2_mean,locus,0,1.0,13696,3.0301337002713233,1.2351348
25346,HLA-A*74:01,esm2_mean,locus,0,1.0,13696,1.589235205116581,0.5057279
25347,HLA-A*29:02,esm2_mean,locus,0,1.0,13696,0.26236426446749106,1.8195677
25348,HLA-A*30:02,esm2_mean,locus,0,1.0,13696,0.33647223662121295,0.85786223
25350,HLA-A*24:19,esm2_mean,locus,0,1.0,13696,0.18232155679395465,0.37332344
25352,HLA-A*24:02,esm2_mean,locus,0,1.0,13696,2.0149030205422647,0.9728345
25353,HLA-A*02:50,esm2_mean,locus,0,1.0,13696,0.0,1.6736243
25357,HLA-A*24:19,esm2_mean,locus,0,1.0,13696,0.0,-0.37837893
25358,HLA-A*02:16,esm2_mean,locus,0,1.0,13696,2.8449093838194073,1.3636658
25360,HLA-A*80:01,esm2_mean,locus,0,1.0,13696,0.832909122935104,0.4229014
25361,HLA-A*24:07,esm2_mean,locus,0,1.0,13696,0.26236426446749106,0.8930279
25362,HLA-A*66:01,esm2_mean,locus,0,1.0,13696,0.18232155679395465,0.8251354
25363,HLA-A*03:01,esm2_mean,locus,0,1.0,13696,0.4700036292457355,1.8313559
25365,HLA-A*23:01,esm2_mean,locus,0,1.0,13696,2.424802725718295,1.0846264
25367,HLA-A*68:23,esm2_mean,locus,0,1.0,13696,0.0,0.3836255
25371,HLA-A*02:12,esm2_mean,locus,0,1.0,13696,3.55820113047182,1.0887568
25372,HLA-A*30:01,esm2_mean,locus,0,1.0,13696,0.0,1.252706
25373,HLA-A*03:01,esm2_mean,locus,0,1.0,13696,0.0,1.693402
25374,HLA-A*24:07,esm2_mean,locus,0,1.0,13696,0.18232155679395465,0.58002925
25375,HLA-A*24:07,esm2_mean,locus,0,1.0,13696,0.33647223662121295,0.7371064
25377,HLA-A*03:01,esm2_mean,locus,0,1.0,13696,0.0,1.8544264
25378,HLA-A*23:01,esm2_mean,locus,0,1.0,13696,2.5952547069568657,1.0277847
25380,HLA-A*26:02,esm2_mean,locus,0,1.0,13696,0.18232155679395465,0.2121113
25381,HLA-A*68:01,esm2_mean,locus,0,1.0,13696,2.747270914255491,2.0465221
25383,HLA-A*80:01,esm2_mean,locus,0,1.0,13696,0.18232155679395465,0.30649984
25384,HLA-A*24:19,esm2_mean,locus,0,1.0,13696,0.0,0.18142158
25386,HLA-A*24:02,esm2_mean,locus,0,1.0,13696,1.8718021769015913,0.60779905
25388,HLA-A*30:01,esm2_mean,locus,0,1.0,13696,0.0,1.1923555
25390,HLA-A*33:03,esm2_mean,locus,0,1.0,13696,0.0,1.3578547
25391,HLA-A*33:03,esm2_mean,locus,0,1.0,13696,0.0,1.4558945
25393,HLA-A*24:19,esm2_mean,locus,0,1.0,13696,0.0,0.39570934
25395,HLA-A*66:01,esm2_mean,locus,0,1.0,13696,0.18232155679395465,0.8537605
25396,HLA-A*02:50,esm2_mean,locus,0,1.0,13696,3.104586678466073,1.7359076
25398,HLA-A*02:01,esm2_mean,locus,0,1.0,13696,0.4700036292457355,1.8762804
25400,HLA-A*66:01,esm2_mean,locus,0,1.0,13696,0.26236426446749106,1.104713
25406,HLA-A*33:03,esm2_mean,locus,0,1.0,13696,1.8718021769015913,0.77650964
25407,HLA-A*02:01,esm2_mean,locus,0,1.0,13696,2.6658383522929006,1.5280199
25413,HLA-A*29:02,esm2_mean,locus,0,1.0,13696,0.18232155679395465,1.8976601
25417,HLA-A*68:23,esm2_mean,locus,0,1.0,13696,0.0,0.6634187
25420,HLA-A*68:01,esm2_mean,locus,0,1.0,13696,0.7419373447293773,1.8964264
25422,HLA-A*30:02,esm2_mean,locus,0,1.0,13696,2.4423470353692043,1.1234782
25423,HLA-A*80:01,esm2_mean,locus,0,1.0,13696,0.0,0.033993304
25427,HLA-A*24:02,esm2_mean,locus,0,1.0,13696,0.18232155679395465,0.9370713
25428,HLA-A*23:01,esm2_mean,locus,0,1.0,13696,0.4700036292457355,0.77334416
25430,HLA-A*66:01,esm2_mean,locus,0,1.0,13696,0.0,0.68557787
25433,HLA-A*24:02,esm2_mean,locus,0,1.0,13696,0.4700036292457355,1.2014728
25437,HLA-A*24:19,esm2_mean,locus,0,1.0,13696,0.6418538861723948,-0.09805101
25438,HLA-A*25:01,esm2_mean,locus,0,1.0,13696,0.33647223662121295,0.38226575
25441,HLA-A*02:16,esm2_mean,locus,0,1.0,13696,2.5572273113676265,1.374402
25442,HLA-A*68:23,esm2_mean,locus,0,1.0,13696,0.33647223662121295,0.5374827
25444,HLA-A*33:03,esm2_mean,locus,0,1.0,13696,0.4700036292457355,1.2441169
25445,HLA-A*74:01,esm2_mean,locus,0,1.0,13696,1.840549633397487,1.216137
25446,HLA-A*80:01,esm2_mean,locus,0,1.0,13696,0.0,0.16277432
25447,HLA-A*26:02,esm2_mean,locus,0,1.0,13696,1.1314021114911006,0.23976356
25448,HLA-A*26:03,esm2_mean,locus,0,1.0,13696,3.9357395320454622,0.5440096
25449,HLA-A*11:01,esm2_mean,locus,0,1.0,13696,1.791759469228055,1.1156342
25452,HLA-A*03:01,esm2_mean,locus,0,1.0,13696,0.09531017980432487,1.847723
25456,HLA-A*32:07,esm2_mean,locus,0,1.0,13696,3.7999735016195233,1.2204444
25457,HLA-A*24:07,esm2_mean,locus,0,1.0,13696,3.104586678466073,0.34063262
25458,HLA-A*02:50,esm2_mean,locus,0,1.0,13696,2.0794415416798357,1.9622798
25459,HLA-A*33:03,esm2_mean,locus,0,1.0,13696,0.0,1.118567
25460,HLA-A*11:01,esm2_mean,locus,0,1.0,13696,0.5306282510621704,1.1019062
25461,HLA-A*74:01,esm2_mean,locus,0,1.0,13696,2.740840023925201,0.82603407
25465,HLA-A*43:01,esm2_mean,locus,0,1.0,13696,0.0,1.0871469
25466,HLA-A*30:02,esm2_mean,locus,0,1.0,13696,1.9740810260220096,1.1012633
25467,HLA-A*26:03,esm2_mean,locus,0,1.0,13696,0.0,0.7974356
25472,HLA-A*24:19,esm2_mean,locus,0,1.0,13696,0.0,-0.107961595
25473,HLA-A*68:01,esm2_mean,locus,0,1.0,13696,0.0,1.7353159
25474,HLA-A*11:01,esm2_mean,locus,0,1.0,13696,1.5260563034950494,1.2225049
25478,HLA-A*23:01,esm2_mean,locus,0,1.0,13696,2.580216829592325,0.48774385
25480,HLA-A*02:50,esm2_mean,locus,0,1.0,13696,1.840549633397487,1.7534056
25482,HLA-A*23:01,esm2_mean,locus,0,1.0,13696,2.1633230256605382,0.85853624
25483,HLA-A*02:12,esm2_mean,locus,0,1.0,13696,2.803360380906535,1.3743045
25484,HLA-A*30:02,esm2_mean,locus,0,1.0,13696,0.6418538861723948,0.87155455
25485,HLA-A*24:03,esm2_mean,locus,0,1.0,13696,1.252762968495368,0.8723974
25492,HLA-A*68:23,esm2_mean,locus,0,1.0,13696,0.0,0.26872927
25493,HLA-A*26:03,esm2_mean,locus,0,1.0,13696,2.2192034840549946,0.60999227
25496,HLA-A*74:01,esm2_mean,locus,0,1.0,13696,3.2268439945173775,0.37777466
25501,HLA-A*43:01,esm2_mean,locus,0,1.0,13696,0.0,1.0017598
25505,HLA-A*33:03,esm2_mean,locus,0,1.0,13696,0.18232155679395465,1.1341403
25509,HLA-A*24:19,esm2_mean,locus,0,1.0,13696,0.09531017980432487,0.19413233
25510,HLA-A*24:19,esm2_mean,locus,0,1.0,13696,0.26236426446749106,0.26946968
25511,HLA-A*66:01,esm2_mean,locus,0,1.0,13696,0.0,0.77855825
25513,HLA-A*02:12,esm2_mean,locus,0,1.0,13696,1.308332819650179,1.1413383
25514,HLA-A*24:07,esm2_mean,locus,0,1.0,13696,3.5496173867804286,0.6780604
25515,HLA-A*66:01,esm2_mean,locus,0,1.0,13696,0.18232155679395465,0.8924903
25517,HLA-A*01:01,esm2_mean,locus,0,1.0,13696,0.4054651081081644,0.9945476
25518,HLA-A*02:11,esm2_mean,locus,0,1.0,13696,2.8735646395797834,1.369482
25519,HLA-A*02:50,esm2_mean,locus,0,1.0,13696,1.5686159179138452,1.7361362
25520,HLA-A*68:01,esm2_mean,locus,0,1.0,13696,0.5306282510621704,1.7185781
25522,HLA-A*43:01,esm2_mean,locus,0,1.0,13696,0.18232155679395465,0.9296125
25529,HLA-A*26:02,esm2_mean,locus,0,1.0,13696,1.9021075263969205,0.17379814
25530,HLA-A*26:02,esm2_mean,locus,0,1.0,13696,0.4054651081081644,-0.46558148
25532,HLA-A*11:01,esm2_mean,locus,0,1.0,13696,2.8507065015037334,1.5330977
25543,HLA-A*33:03,esm2_mean,locus,0,1.0,13696,0.0,1.5802099
25544,HLA-A*74:01,esm2_mean,locus,0,1.0,13696,0.7884573603642702,0.5881452
25548,HLA-A*23:01,esm2_mean,locus,0,1.0,13696,3.6506582412937387,0.7398861
25549,HLA-A*25:01,esm2_mean,locus,0,1.0,13696,0.0,0.54884934
25550,HLA-A*02:19,esm2_mean,locus,0,1.0,13696,1.0296194171811583,1.7327313
25552,HLA-A*24:02,esm2_mean,locus,0,1.0,13696,2.4069451083182885,1.1736325
25558,HLA-A*32:07,esm2_mean,locus,0,1.0,13696,0.0,0.86110485
25560,HLA-A*02:50,esm2_mean,locus,0,1.0,13696,1.667706820558076,1.6443367
25561,HLA-A*11:01,esm2_mean,locus,0,1.0,13696,3.5145260669691587,1.5562627
25563,HLA-A*30:02,esm2_mean,locus,0,1.0,13696,0.33647223662121295,0.53162605
25564,HLA-A*24:03,esm2_mean,locus,0,1.0,13696,1.5040773967762742,0.9152747
25565,HLA-A*02:19,esm2_mean,locus,0,1.0,13696,2.8213788864092133,1.7011468
25568,HLA-A*25:01,esm2_mean,locus,0,1.0,13696,0.33647223662121295,0.47954094
25570,HLA-A*24:03,esm2_mean,locus,0,1.0,13696,1.308332819650179,0.8158931
25571,HLA-A*68:23,esm2_mean,locus,0,1.0,13696,0.18232155679395465,0.27843785
25576,HLA-A*32:07,esm2_mean,locus,0,1.0,13696,1.2237754316221157,0.99970657
25579,HLA-A*26:03,esm2_mean,locus,0,1.0,13696,0.0,0.38092417
25583,HLA-A*02:10,esm2_mean,locus,0,1.0,13696,0.4054651081081644,1.062349
25584,HLA-A*25:01,esm2_mean,locus,0,1.0,13696,0.0,0.25056505
25585,HLA-A*26:02,esm2_mean,locus,0,1.0,13696,2.667228206581955,-0.11009735
25587,HLA-A*02:50,esm2_mean,locus,0,1.0,13696,2.4069451083182885,2.0781643
25588,HLA-A*02:50,esm2_mean,locus,0,1.0,13696,2.1633230256605382,1.7858136
25591,HLA-A*43:01,esm2_mean,locus,0,1.0,13696,0.33647223662121295,0.97537494
25592,HLA-A*80:01,esm2_mean,locus,0,1.0,13696,1.1631508098056809,0.21575528
25594,HLA-A*30:01,esm2_mean,locus,0,1.0,13696,4.089332020398556,1.6090518
25596,HLA-A*29:02,esm2_mean,locus,0,1.0,13696,0.26236426446749106,1.6561091
25597,HLA-A*30:02,esm2_mean,locus,0,1.0,13696,2.760009940032921,0.6609664
25601,HLA-A*66:01,esm2_mean,locus,0,1.0,13696,0.18232155679395465,0.68817997
25603,HLA-A*02:12,esm2_mean,locus,0,1.0,13696,2.424802725718295,0.7295119
25604,HLA-A*02:50,esm2_mean,locus,0,1.0,13696,2.617395832834079,1.9924877
25606,HLA-A*32:07,esm2_mean,locus,0,1.0,13696,2.0149030205422647,0.932516
25610,HLA-A*02:10,esm2_mean,locus,0,1.0,13696,0.4700036292457355,1.0077121
25613,HLA-A*23:01,esm2_mean,locus,0,1.0,13696,3.5610460826040513,0.7749074
25614,HLA-A*66:01,esm2_mean,locus,0,1.0,13696,0.0,0.873471
25616,HLA-A*24:19,esm2_mean,locus,0,1.0,13696,0.4054651081081644,0.1521318
25618,HLA-A*02:11,esm2_mean,locus,0,1.0,13696,2.803360380906535,1.1975648
25620,HLA-A*24:03,esm2_mean,locus,0,1.0,13696,0.26236426446749106,0.6625074
25624,HLA-A*02:12,esm2_mean,locus,0,1.0,13696,1.8718021769015913,1.299772
25627,HLA-A*25:01,esm2_mean,locus,0,1.0,13696,1.7404661748405046,0.4180464
25628,HLA-A*02:03,esm2_mean,locus,0,1.0,13696,0.33647223662121295,1.2746496
25629,HLA-A*30:01,esm2_mean,locus,0,1.0,13696,0.0,1.0868943
25630,HLA-A*74:01,esm2_mean,locus,0,1.0,13696,0.0,0.6565434
25639,HLA-A*03:01,esm2_mean,locus,0,1.0,13696,0.0,1.8267517
25641,HLA-A*24:03,esm2_mean,locus,0,1.0,13696,2.2082744135228043,0.9748365
25642,HLA-A*66:01,esm2_mean,locus,0,1.0,13696,0.8754687373538999,1.060284
25643,HLA-A*02:03,esm2_mean,locus,0,1.0,13696,3.572345637857985,1.0984377
25644,HLA-A*11:01,esm2_mean,locus,0,1.0,13696,0.09531017980432487,1.4120263
25647,HLA-A*32:07,esm2_mean,locus,0,1.0,13696,0.9162907318741551,0.8396952
25649,HLA-A*68:23,esm2_mean,locus,0,1.0,13696,0.18232155679395465,0.45924544
25651,HLA-A*33:03,esm2_mean,locus,0,1.0,13696,4.143134726391533,1.1689516
25653,HLA-A*33:03,esm2_mean,locus,0,1.0,13696,0.0,1.2765987
25655,HLA-A*43:01,esm2_mean,locus,0,1.0,13696,0.4054651081081644,0.5676931
25662,HLA-A*66:01,esm2_mean,locus,0,1.0,13696,0.4054651081081644,0.74959797
25663,HLA-A*02:12,esm2_mean,locus,0,1.0,13696,2.128231705849268,1.1381328
25665,HLA-A*02:11,esm2_mean,locus,0,1.0,13696,2.791165107812717,1.489794
25666,HLA-A*31:01,esm2_mean,locus,0,1.0,13696,0.18232155679395465,1.4029816
25670,HLA-A*68:01,esm2_mean,locus,0,1.0,13696,0.4700036292457355,1.9038287
25673,HLA-A*30:02,esm2_mean,locus,0,1.0,13696,1.0986122886681098,0.8136282
25674,HLA-A*32:07,esm2_mean,locus,0,1.0,13696,0.0,0.83026534
25676,HLA-A*02:01,esm2_mean,locus,0,1.0,13696,0.4700036292457355,1.6652663
25677,HLA-A*02:12,esm2_mean,locus,0,1.0,13696,3.8628327612373745,1.1769905
25678,HLA-A*02:19,esm2_mean,locus,0,1.0,13696,0.9555114450274363,1.1452452
25681,HLA-A*25:01,esm2_mean,locus,0,1.0,13696,0.26236426446749106,0.556988
25682,HLA-A*02:19,esm2_mean,locus,0,1.0,13696,0.9555114450274363,1.7947977
25683,HLA-A*33:03,esm2_mean,locus,0,1.0,13696,3.8501476017100584,1.1020329
25688,HLA-A*68:01,esm2_mean,locus,0,1.0,13696,3.648057459593681,1.4827402
25689,HLA-A*02:05,esm2_mean,locus,0,1.0,13696,1.1631508098056809,1.9043287
25692,HLA-A*02:03,esm2_mean,locus,0,1.0,13696,3.751854253275325,1.2284636
25698,HLA-A*66:01,esm2_mean,locus,0,1.0,13696,0.33647223662121295,0.7222035
25701,HLA-A*24:02,esm2_mean,locus,0,1.0,13696,0.5877866649021191,1.2007953
25702,HLA-A*31:01,esm2_mean,locus,0,1.0,13696,0.5877866649021191,1.0028739
25704,HLA-A*29:02,esm2_mean,locus,0,1.0,13696,0.5877866649021191,1.7271576
25705,HLA-A*32:07,esm2_mean,locus,0,1.0,13696,2.4069451083182885,0.71002275
25706,HLA-A*68:23,esm2_mean,locus,0,1.0,13696,2.509599262378372,0.5580439
25707,HLA-A*30:01,esm2_mean,locus,0,1.0,13696,2.2082744135228043,1.4736075
25710,HLA-A*02:03,esm2_mean,locus,0,1.0,13696,0.7419373447293773,1.1921197
25711,HLA-A*02:12,esm2_mean,locus,0,1.0,13696,2.2407096892759584,1.158376
25712,HLA-A*02:50,esm2_mean,locus,0,1.0,13696,2.5257286443082556,1.6902103
25713,HLA-A*26:02,esm2_mean,locus,0,1.0,13696,3.653252276470785,-0.17021447
25720,HLA-A*03:01,esm2_mean,locus,0,1.0,13696,0.4054651081081644,1.5597696
25723,HLA-A*02:12,esm2_mean,locus,0,1.0,13696,0.4700036292457355,0.9846647
25724,HLA-A*02:50,esm2_mean,locus,0,1.0,13696,2.8622008809294686,1.696754
25725,HLA-A*24:07,esm2_mean,locus,0,1.0,13696,0.26236426446749106,0.9331558
25726,HLA-A*02:19,esm2_mean,locus,0,1.0,13696,3.648057459593681,1.486124
25729,HLA-A*30:02,esm2_mean,locus,0,1.0,13696,3.655839600035736,0.98670393
25730,HLA-A*23:01,esm2_mean,locus,0,1.0,13696,3.169685580677429,1.0881419
25733,HLA-A*32:07,esm2_mean,locus,0,1.0,13696,3.6216707044204863,0.9197428
25735,HLA-A*26:02,esm2_mean,locus,0,1.0,13696,2.2617630984737906,-0.22171563
25737,HLA-A*02:19,esm2_mean,locus,0,1.0,13696,3.6712245188752153,1.5401392
25738,HLA-A*33:03,esm2_mean,locus,0,1.0,13696,0.7884573603642702,0.66401446
25742,HLA-A*02:11,esm2_mean,locus,0,1.0,13696,2.0794415416798357,1.2850654
25744,HLA-A*24:19,esm2_mean,locus,0,1.0,13696,0.18232155679395465,0.13628697
25747,HLA-A*24:02,esm2_mean,locus,0,1.0,13696,0.18232155679395465,0.5676477
25748,HLA-A*24:02,esm2_mean,locus,0,1.0,13696,0.4054651081081644,0.31700468
25750,HLA-A*43:01,esm2_mean,locus,0,1.0,13696,0.18232155679395465,1.1177423
25751,HLA-A*29:02,esm2_mean,locus,0,1.0,13696,2.151762203259462,1.702426
25752,HLA-A*25:01,esm2_mean,locus,0,1.0,13696,0.5306282510621704,0.47310263
25753,HLA-A*25:01,esm2_mean,locus,0,1.0,13696,0.0,0.43186092
25756,HLA-A*29:02,esm2_mean,locus,0,1.0,13696,2.970414465569701,1.6446741
25758,HLA-A*25:01,esm2_mean,locus,0,1.0,13696,0.4054651081081644,0.51390415
25760,HLA-A*68:01,esm2_mean,locus,0,1.0,13696,2.4159137783010487,1.5663431
25764,HLA-A*29:02,esm2_mean,locus,0,1.0,13696,2.0149030205422647,1.8454015
25765,HLA-A*24:02,esm2_mean,locus,0,1.0,13696,1.5040773967762742,1.0593874
25766,HLA-A*02:50,esm2_mean,locus,0,1.0,13696,2.760009940032921,1.6590708
25770,HLA-A*66:01,esm2_mean,locus,0,1.0,13696,0.0,0.845115
25781,HLA-A*74:01,esm2_mean,locus,0,1.0,13696,1.1631508098056809,0.64388573
25785,HLA-A*24:19,esm2_mean,locus,0,1.0,13696,0.09531017980432487,-0.026587546
25790,HLA-A*24:02,esm2_mean,locus,0,1.0,13696,0.0,1.1316408
25794,HLA-A*29:02,esm2_mean,locus,0,1.0,13696,0.33647223662121295,1.5200274
25796,HLA-A*33:03,esm2_mean,locus,0,1.0,13696,0.7884573603642702,1.3151708
25797,HLA-A*74:01,esm2_mean,locus,0,1.0,13696,4.412798293340635,0.6918937
25798,HLA-A*74:01,esm2_mean,locus,0,1.0,13696,0.0,0.7935944
25799,HLA-A*66:01,esm2_mean,locus,0,1.0,13696,0.6931471805599453,0.75475806
25800,HLA-A*03:01,esm2_mean,locus,0,1.0,13696,0.0,1.809289
25801,HLA-A*02:11,esm2_mean,locus,0,1.0,13696,3.139832617527748,1.5718925
25802,HLA-A*02:50,esm2_mean,locus,0,1.0,13696,1.252762968495368,1.5506616
25805,HLA-A*29:02,esm2_mean,locus,0,1.0,13696,1.3987168811184478,1.9299164
25813,HLA-A*26:03,esm2_mean,locus,0,1.0,13696,0.5877866649021191,1.0569054
25816,HLA-A*02:05,esm2_mean,locus,0,1.0,13696,3.3068867021909143,2.0058732
25817,HLA-A*43:01,esm2_mean,locus,0,1.0,13696,0.26236426446749106,0.83397937
25818,HLA-A*80:01,esm2_mean,locus,0,1.0,13696,0.0,0.1028198
25819,HLA-A*66:01,esm2_mean,locus,0,1.0,13696,0.09531017980432487,0.6129536
25820,HLA-A*66:01,esm2_mean,locus,0,1.0,13696,0.0,0.73665714
25822,HLA-A*02:10,esm2_mean,locus,0,1.0,13696,2.501435951739211,0.94771457
25823,HLA-A*33:03,esm2_mean,locus,0,1.0,13696,0.0,1.0314541
25827,HLA-A*02:12,esm2_mean,locus,0,1.0,13696,3.214867803470662,1.1536384
25828,HLA-A*68:01,esm2_mean,locus,0,1.0,13696,0.0,1.91044
25830,HLA-A*68:23,esm2_mean,locus,0,1.0,13696,2.5494451709255714,0.7509584
25833,HLA-A*32:07,esm2_mean,locus,0,1.0,13696,0.0,0.10500127
25835,HLA-A*02:01,esm2_mean,locus,0,1.0,13696,2.424802725718295,1.822567
25836,HLA-A*02:50,esm2_mean,locus,0,1.0,13696,2.9444389791664403,2.0309718
25837,HLA-A*30:01,esm2_mean,locus,0,1.0,13696,0.7884573603642702,1.2846267
25838,HLA-A*26:03,esm2_mean,locus,0,1.0,13696,0.5306282510621704,0.87924075
25842,HLA-A*30:02,esm2_mean,locus,0,1.0,13696,0.6418538861723948,1.0337527
25843,HLA-A*32:07,esm2_mean,locus,0,1.0,13696,0.0,0.4887369
25844,HLA-A*25:01,esm2_mean,locus,0,1.0,13696,0.0,0.4567991
25845,HLA-A*02:03,esm2_mean,locus,0,1.0,13696,1.7578579175523736,1.2070336
25846,HLA-A*30:01,esm2_mean,locus,0,1.0,13696,2.468099531471619,1.2047668
25847,HLA-A*32:07,esm2_mean,locus,0,1.0,13696,1.0986122886681098,1.1584661
25848,HLA-A*26:02,esm2_mean,locus,0,1.0,13696,0.4054651081081644,-0.13026172
25854,HLA-A*30:02,esm2_mean,locus,0,1.0,13696,0.6931471805599453,0.92490697
25856,HLA-A*30:02,esm2_mean,locus,0,1.0,13696,0.18232155679395465,0.8640107
25857,HLA-A*24:19,esm2_mean,locus,0,1.0,13696,3.2188758248682006,0.35230964
25861,HLA-A*24:03,esm2_mean,locus,0,1.0,13696,3.6402142821326553,0.52496916
25865,HLA-A*29:02,esm2_mean,locus,0,1.0,13696,0.6418538861723948,1.4359572
25874,HLA-A*02:50,esm2_mean,locus,0,1.0,13696,3.173878458937465,1.8963156
25877,HLA-A*24:07,esm2_mean,locus,0,1.0,13696,0.4054651081081644,0.7011608
25878,HLA-A*68:23,esm2_mean,locus,0,1.0,13696,0.26236426446749106,0.5064932
25880,HLA-A*02:19,esm2_mean,locus,0,1.0,13696,2.772588722239781,1.5777895
25883,HLA-A*02:10,esm2_mean,locus,0,1.0,13696,1.9878743481543455,0.6292957
25884,HLA-A*02:50,esm2_mean,locus,0,1.0,13696,1.9740810260220096,1.9211991
25892,HLA-A*43:01,esm2_mean,locus,0,1.0,13696,0.9932517730102833,1.0580537
25893,HLA-A*80:01,esm2_mean,locus,0,1.0,13696,0.0,0.38306206
25895,HLA-A*24:07,esm2_mean,locus,0,1.0,13696,1.33500106673234,0.8111199
25896,HLA-A*68:23,esm2_mean,locus,0,1.0,13696,0.7419373447293773,0.2499569
25897,HLA-A*66:01,esm2_mean,locus,0,1.0,13696,0.4700036292457355,0.68727267
25900,HLA-A*33:03,esm2_mean,locus,0,1.0,13696,0.9162907318741551,0.8460417
25903,HLA-A*68:23,esm2_mean,locus,0,1.0,13696,1.5260563034950494,0.54981285
25905,HLA-A*02:01,esm2_mean,locus,0,1.0,13696,1.3402504226184837,1.437301
25906,HLA-A*02:11,esm2_mean,locus,0,1.0,13696,1.791759469228055,1.443579
25907,HLA-A*02:12,esm2_mean,locus,0,1.0,13696,3.091042453358316,1.0152004
25912,HLA-A*24:19,esm2_mean,locus,0,1.0,13696,1.547562508716013,-0.055288732
25915,HLA-A*80:01,esm2_mean,locus,0,1.0,13696,0.0,0.24485654
25916,HLA-A*74:01,esm2_mean,locus,0,1.0,13696,0.26236426446749106,0.60961366
25920,HLA-A*24:19,esm2_mean,locus,0,1.0,13696,0.0,0.20585597
25922,HLA-A*24:02,esm2_mean,locus,0,1.0,13696,0.6151856390902335,0.87176037
25923,HLA-A*74:01,esm2_mean,locus,0,1.0,13696,1.1314021114911006,0.6148806
25925,HLA-A*32:07,esm2_mean,locus,0,1.0,13696,0.0,0.43029374
25928,HLA-A*68:01,esm2_mean,locus,0,1.0,13696,0.0,1.9821618
25931,HLA-A*24:07,esm2_mean,locus,0,1.0,13696,1.667706820558076,0.31611764
25938,HLA-A*43:01,esm2_mean,locus,0,1.0,13696,0.7419373447293773,1.0227146
25939,HLA-A*32:07,esm2_mean,locus,0,1.0,13696,0.26236426446749106,0.7811402
25945,HLA-A*26:03,esm2_mean,locus,0,1.0,13696,0.0,0.5411532
25952,HLA-A*80:01,esm2_mean,locus,0,1.0,13696,0.0,0.2001307
25953,HLA-A*80:01,esm2_mean,locus,0,1.0,13696,0.0,0.28618258
25954,HLA-A*02:03,esm2_mean,locus,0,1.0,13696,1.6094379124341003,1.251143
25956,HLA-A*26:02,esm2_mean,locus,0,1.0,13696,1.9459101490553132,-0.13678163
25957,HLA-A*68:23,esm2_mean,locus,0,1.0,13696,0.18232155679395465,0.64054143
25958,HLA-A*02:01,esm2_mean,locus,0,1.0,13696,1.4951487660319727,2.198789
25960,HLA-A*02:11,esm2_mean,locus,0,1.0,13696,3.054001181677967,1.969986
25962,HLA-A*24:03,esm2_mean,locus,0,1.0,13696,0.4700036292457355,0.6078709
25963,HLA-A*68:23,esm2_mean,locus,0,1.0,13696,0.18232155679395465,0.5839786
25966,HLA-A*68:01,esm2_mean,locus,0,1.0,13696,2.0014800002101243,1.7041917
25967,HLA-A*74:01,esm2_mean,locus,0,1.0,13696,1.916922612182061,0.6757189
25968,HLA-A*26:02,esm2_mean,locus,0,1.0,13696,0.5306282510621704,-0.21122605
25973,HLA-A*23:01,esm2_mean,locus,0,1.0,13696,1.308332819650179,0.9427434
25981,HLA-A*02:10,esm2_mean,locus,0,1.0,13696,2.1041341542702074,0.49522483
25984,HLA-A*66:01,esm2_mean,locus,0,1.0,13696,0.6931471805599453,0.8346758
25985,HLA-A*24:02,esm2_mean,locus,0,1.0,13696,0.26236426446749106,0.8733312
25986,HLA-A*33:03,esm2_mean,locus,0,1.0,13696,0.832909122935104,1.3636194
25987,HLA-A*68:01,esm2_mean,locus,0,1.0,13696,1.252762968495368,1.52073
25988,HLA-A*24:07,esm2_mean,locus,0,1.0,13696,3.2188758248682006,0.75230545
25991,HLA-A*02:50,esm2_mean,locus,0,1.0,13696,1.7047480922384253,1.7208321
25996,HLA-A*80:01,esm2_mean,locus,0,1.0,13696,0.0,0.37234825
25997,HLA-A*32:07,esm2_mean,locus,0,1.0,13696,1.824549292051046,1.1866736
25999,HLA-A*74:01,esm2_mean,locus,0,1.0,13696,4.533674184283021,0.66331947
26002,HLA-A*26:02,esm2_mean,locus,0,1.0,13696,1.3609765531356006,-0.07298845
26003,HLA-A*68:23,esm2_mean,locus,0,1.0,13696,0.26236426446749106,0.36188453
26004,HLA-A*24:02,esm2_mean,locus,0,1.0,13696,0.33647223662121295,0.87843704
26009,HLA-A*02:03,esm2_mean,locus,0,1.0,13696,3.261935314328648,1.112699
26010,HLA-A*02:11,esm2_mean,locus,0,1.0,13696,3.186352633162641,1.3531828
26011,HLA-A*68:01,esm2_mean,locus,0,1.0,13696,3.126760535960395,1.6124399
26013,HLA-A*23:01,esm2_mean,locus,0,1.0,13696,3.0106208860477417,0.6590882
26015,HLA-A*02:50,esm2_mean,locus,0,1.0,13696,2.6461747973841225,1.9743435
26017,HLA-A*80:01,esm2_mean,locus,0,1.0,13696,2.631888840136646,0.15170759
26018,HLA-A*26:02,esm2_mean,locus,0,1.0,13696,0.0,0.0649665
26019,HLA-A*68:23,esm2_mean,locus,0,1.0,13696,0.832909122935104,0.58044714
26020,HLA-A*43:01,esm2_mean,locus,0,1.0,13696,0.18232155679395465,1.0651464
26021,HLA-A*32:07,esm2_mean,locus,0,1.0,13696,0.5877866649021191,0.3777266
26023,HLA-A*25:01,esm2_mean,locus,0,1.0,13696,0.0,0.2285617
26026,HLA-A*03:01,esm2_mean,locus,0,1.0,13696,0.0,1.510167
26027,HLA-A*02:16,esm2_mean,locus,0,1.0,13696,2.6100697927420065,1.6156514
26028,HLA-A*31:01,esm2_mean,locus,0,1.0,13696,0.6418538861723948,1.3614612
26029,HLA-A*11:01,esm2_mean,locus,0,1.0,13696,4.189654742026425,1.6968899
26033,HLA-A*24:03,esm2_mean,locus,0,1.0,13696,2.797281334830153,0.7275603
26034,HLA-A*11:01,esm2_mean,locus,0,1.0,13696,0.0,1.3817694
26036,HLA-A*02:01,esm2_mean,locus,0,1.0,13696,1.33500106673234,1.5128772
26039,HLA-A*01:01,esm2_mean,locus,0,1.0,13696,0.0,0.6553875
26047,HLA-A*80:01,esm2_mean,locus,0,1.0,13696,0.0,0.17945129
26048,HLA-A*32:07,esm2_mean,locus,0,1.0,13696,0.0,0.851807
26050,HLA-A*24:02,esm2_mean,locus,0,1.0,13696,0.8109302162163288,0.5688133
26053,HLA-A*02:11,esm2_mean,locus,0,1.0,13696,2.653241964607215,1.4268826
26054,HLA-A*33:03,esm2_mean,locus,0,1.0,13696,0.0,1.3417269
26057,HLA-A*02:11,esm2_mean,locus,0,1.0,13696,2.8094026953624973,1.3233082
26058,HLA-A*02:50,esm2_mean,locus,0,1.0,13696,1.33500106673234,1.83654
26060,HLA-A*24:02,esm2_mean,locus,0,1.0,13696,1.4816045409242156,1.2521504
26061,HLA-A*02:50,esm2_mean,locus,0,1.0,13696,1.252762968495368,1.8998945
26062,HLA-A*68:01,esm2_mean,locus,0,1.0,13696,3.703768066607687,1.5858891
26064,HLA-A*23:01,esm2_mean,locus,0,1.0,13696,1.0647107369924282,0.6556604
26065,HLA-A*26:02,esm2_mean,locus,0,1.0,13696,0.7419373447293773,-0.15104097
26068,HLA-A*02:11,esm2_mean,locus,0,1.0,13696,0.18232155679395465,1.4048461
26069,HLA-A*30:02,esm2_mean,locus,0,1.0,13696,0.18232155679395465,1.0534433
26070,HLA-A*80:01,esm2_mean,locus,0,1.0,13696,0.18232155679395465,-0.2838903
26072,HLA-A*68:23,esm2_mean,locus,0,1.0,13696,0.4054651081081644,0.53381544
26077,HLA-A*24:07,esm2_mean,locus,0,1.0,13696,1.1939224684724346,0.7362007
26078,HLA-A*02:01,esm2_mean,locus,0,1.0,13696,0.7884573603642702,1.9344771
26079,HLA-A*02:10,esm2_mean,locus,0,1.0,13696,1.1631508098056809,0.3801654
26080,HLA-A*02:10,esm2_mean,locus,0,1.0,13696,0.0,0.6227252
26083,HLA-A*02:01,esm2_mean,locus,0,1.0,13696,2.9391619220655967,1.6666305
26084,HLA-A*26:02,esm2_mean,locus,0,1.0,13696,0.9932517730102833,-0.031695187
26085,HLA-A*66:01,esm2_mean,locus,0,1.0,13696,0.18232155679395465,0.80730194
26086,HLA-A*24:02,esm2_mean,locus,0,1.0,13696,0.832909122935104,0.42910653
26088,HLA-A*29:02,esm2_mean,locus,0,1.0,13696,0.4700036292457355,1.7148826
26089,HLA-A*24:19,esm2_mean,locus,0,1.0,13696,0.26236426446749106,0.0522874
26091,HLA-A*02:01,esm2_mean,locus,0,1.0,13696,0.7227059828014898,1.7234086
26092,HLA-A*29:02,esm2_mean,locus,0,1.0,13696,1.0647107369924282,1.7988682
26094,HLA-A*02:50,esm2_mean,locus,0,1.0,13696,1.1314021114911006,2.0031507
26095,HLA-A*68:01,esm2_mean,locus,0,1.0,13696,2.740840023925201,1.6704266
26096,HLA-A*23:01,esm2_mean,locus,0,1.0,13696,0.4700036292457355,0.7137302
26097,HLA-A*32:07,esm2_mean,locus,0,1.0,13696,3.0252910757955354,0.51079977
26100,HLA-A*02:03,esm2_mean,locus,0,1.0,13696,2.766319109226186,1.4756396
26101,HLA-A*33:03,esm2_mean,locus,0,1.0,13696,0.5306282510621704,0.88881934
26104,HLA-A*24:19,esm2_mean,locus,0,1.0,13696,0.0,0.036328375
26106,HLA-A*24:02,esm2_mean,locus,0,1.0,13696,0.33647223662121295,0.85558796
26111,HLA-A*29:02,esm2_mean,locus,0,1.0,13696,0.0,1.7168708
26112,HLA-A*68:23,esm2_mean,locus,0,1.0,13696,0.4700036292457355,0.552126
26113,HLA-A*68:23,esm2_mean,locus,0,1.0,13696,0.18232155679395465,0.7613081
26115,HLA-A*02:50,esm2_mean,locus,0,1.0,13696,2.9806186357439426,2.1177857
26116,HLA-A*68:01,esm2_mean,locus,0,1.0,13696,1.308332819650179,1.8230937
26121,HLA-A*23:01,esm2_mean,locus,0,1.0,13696,3.616308761279101,0.93869406
26122,HLA-A*03:01,esm2_mean,locus,0,1.0,13696,0.18232155679395465,2.0130184
26123,HLA-A*33:03,esm2_mean,locus,0,1.0,13696,0.9162907318741551,0.8414614
26124,HLA-A*25:01,esm2_mean,locus,0,1.0,13696,3.456316680883235,0.37327504
26125,HLA-A*33:03,esm2_mean,locus,0,1.0,13696,1.1631508098056809,1.2968408
26128,HLA-A*02:16,esm2_mean,locus,0,1.0,13696,1.1939224684724346,1.4096388
26131,HLA-A*02:12,esm2_mean,locus,0,1.0,13696,2.631888840136646,1.2093235
26132,HLA-A*02:16,esm2_mean,locus,0,1.0,13696,1.6094379124341003,1.5447904
26133,HLA-A*31:01,esm2_mean,locus,0,1.0,13696,0.4700036292457355,0.92255354
26136,HLA-A*26:02,esm2_mean,locus,0,1.0,13696,2.501435951739211,-0.15759104
26137,HLA-A*33:03,esm2_mean,locus,0,1.0,13696,1.0296194171811583,1.0912781
26141,HLA-A*43:01,esm2_mean,locus,0,1.0,13696,0.0,1.030921
26142,HLA-A*30:02,esm2_mean,locus,0,1.0,13696,0.26236426446749106,0.8050806
26143,HLA-A*25:01,esm2_mean,locus,0,1.0,13696,0.26236426446749106,0.4764644
26144,HLA-A*68:23,esm2_mean,locus,0,1.0,13696,0.6418538861723948,0.18769628
26145,HLA-A*26:03,esm2_mean,locus,0,1.0,13696,0.4054651081081644,0.42444932
26146,HLA-A*24:02,esm2_mean,locus,0,1.0,13696,0.9932517730102833,0.9677512
26149,HLA-A*30:02,esm2_mean,locus,0,1.0,13696,0.0,0.8352879
26150,HLA-A*30:02,esm2_mean,locus,0,1.0,13696,0.33647223662121295,0.71669185
26151,HLA-A*24:07,esm2_mean,locus,0,1.0,13696,0.33647223662121295,0.4192832
26155,HLA-A*29:02,esm2_mean,locus,0,1.0,13696,1.791759469228055,1.8456123
26156,HLA-A*23:01,esm2_mean,locus,0,1.0,13696,3.295836866004329,0.57482594
26157,HLA-A*25:01,esm2_mean,locus,0,1.0,13696,1.2237754316221157,0.48004287
26161,HLA-A*24:19,esm2_mean,locus,0,1.0,13696,0.4700036292457355,0.36864167
26162,HLA-A*25:01,esm2_mean,locus,0,1.0,13696,0.4054651081081644,0.43757778
26163,HLA-A*68:23,esm2_mean,locus,0,1.0,13696,0.09531017980432487,0.3828801
26165,HLA-A*30:01,esm2_mean,locus,0,1.0,13696,3.597312260588446,1.2951912
26166,HLA-A*24:07,esm2_mean,locus,0,1.0,13696,0.18232155679395465,0.75912106
26168,HLA-A*24:02,esm2_mean,locus,0,1.0,13696,3.6838669122903918,1.126586
26170,HLA-A*11:01,esm2_mean,locus,0,1.0,13696,2.7212954278522306,1.514488
26172,HLA-A*24:07,esm2_mean,locus,0,1.0,13696,2.714694743820879,0.7663701
26178,HLA-A*02:03,esm2_mean,locus,0,1.0,13696,2.341805806147327,1.1550753
26179,HLA-A*02:10,esm2_mean,locus,0,1.0,13696,3.756538102587751,1.0080186
26180,HLA-A*02:50,esm2_mean,locus,0,1.0,13696,1.2809338454620642,1.7986672
26181,HLA-A*02:16,esm2_mean,locus,0,1.0,13696,2.272125885509337,1.5944295
26182,HLA-A*33:03,esm2_mean,locus,0,1.0,13696,3.407841924380824,0.9453072
26184,HLA-A*25:01,esm2_mean,locus,0,1.0,13696,0.26236426446749106,0.43074077
26185,HLA-A*26:02,esm2_mean,locus,0,1.0,13696,0.33647223662121295,0.002211988
26186,HLA-A*32:07,esm2_mean,locus,0,1.0,13696,0.4054651081081644,0.5744926
26189,HLA-A*02:10,esm2_mean,locus,0,1.0,13696,2.0794415416798357,1.0649742
26190,HLA-A*33:03,esm2_mean,locus,0,1.0,13696,0.0,1.1771269
26192,HLA-A*32:07,esm2_mean,locus,0,1.0,13696,3.7977338590260183,0.7879862
26193,HLA-A*02:19,esm2_mean,locus,0,1.0,13696,2.4159137783010487,1.5383062
26196,HLA-A*30:01,esm2_mean,locus,0,1.0,13696,0.18232155679395465,1.3420392
26201,HLA-A*02:16,esm2_mean,locus,0,1.0,13696,0.4700036292457355,1.3604511
26202,HLA-A*33:03,esm2_mean,locus,0,1.0,13696,2.5726122302071057,1.1201448
26203,HLA-A*26:03,esm2_mean,locus,0,1.0,13696,1.0647107369924282,0.6280165
26209,HLA-A*80:01,esm2_mean,locus,0,1.0,13696,0.0,0.15277445
26211,HLA-A*23:01,esm2_mean,locus,0,1.0,13696,3.3568971227655755,1.3868852
26212,HLA-A*68:23,esm2_mean,locus,0,1.0,13696,0.33647223662121295,0.39318037
26215,HLA-A*30:02,esm2_mean,locus,0,1.0,13696,0.26236426446749106,0.7278589
26216,HLA-A*24:03,esm2_mean,locus,0,1.0,13696,2.272125885509337,0.9972281
26219,HLA-A*02:03,esm2_mean,locus,0,1.0,13696,3.414442608412176,1.1438721
26220,HLA-A*02:10,esm2_mean,locus,0,1.0,13696,0.18232155679395465,0.5834812
26221,HLA-A*24:07,esm2_mean,locus,0,1.0,13696,2.6741486494265287,0.75437593
26223,HLA-A*02:50,esm2_mean,locus,0,1.0,13696,2.2082744135228043,1.7512388
26224,HLA-A*33:03,esm2_mean,locus,0,1.0,13696,2.7536607123542622,1.0694271
26225,HLA-A*30:02,esm2_mean,locus,0,1.0,13696,0.5306282510621704,1.0988519
26227,HLA-A*24:02,esm2_mean,locus,0,1.0,13696,3.5890591188317256,0.98890936
26228,HLA-A*02:10,esm2_mean,locus,0,1.0,13696,2.0794415416798357,0.89981914
26229,HLA-A*02:50,esm2_mean,locus,0,1.0,13696,2.4595888418037104,1.7453835
26230,HLA-A*02:50,esm2_mean,locus,0,1.0,13696,1.1314021114911006,1.9184237
26231,HLA-A*68:01,esm2_mean,locus,0,1.0,13696,0.0,1.9208381
26234,HLA-A*26:02,esm2_mean,locus,0,1.0,13696,3.629660094453965,-0.10507208
26235,HLA-A*31:01,esm2_mean,locus,0,1.0,13696,4.212127597878484,0.8744111
26237,HLA-A*66:01,esm2_mean,locus,0,1.0,13696,0.0,0.6453338
26239,HLA-A*02:11,esm2_mean,locus,0,1.0,13696,1.1314021114911006,1.4107773
26240,HLA-A*02:11,esm2_mean,locus,0,1.0,13696,3.648057459593681,1.6699576
26246,HLA-A*24:07,esm2_mean,locus,0,1.0,13696,0.4054651081081644,0.5456816
26248,HLA-A*24:19,esm2_mean,locus,0,1.0,13696,0.09531017980432487,-0.0682227
26249,HLA-A*68:23,esm2_mean,locus,0,1.0,13696,0.5306282510621704,0.31991434
26250,HLA-A*68:23,esm2_mean,locus,0,1.0,13696,1.7047480922384253,0.83170277
26253,HLA-A*02:16,esm2_mean,locus,0,1.0,13696,2.0541237336955462,1.440424
26256,HLA-A*32:07,esm2_mean,locus,0,1.0,13696,0.18232155679395465,0.540653
26257,HLA-A*24:07,esm2_mean,locus,0,1.0,13696,2.3608540011180215,0.8933382
26260,HLA-A*02:16,esm2_mean,locus,0,1.0,13696,2.1633230256605382,1.3735268
26263,HLA-A*26:03,esm2_mean,locus,0,1.0,13696,0.4054651081081644,1.1247034
26264,HLA-A*02:03,esm2_mean,locus,0,1.0,13696,3.8958936234982624,1.4846008
26270,HLA-A*03:01,esm2_mean,locus,0,1.0,13696,0.0,1.6696589
26271,HLA-A*24:02,esm2_mean,locus,0,1.0,13696,0.8754687373538999,0.7551142
26273,HLA-A*32:07,esm2_mean,locus,0,1.0,13696,0.0,0.5416796
26274,HLA-A*26:02,esm2_mean,locus,0,1.0,13696,1.5686159179138452,0.04265666
26277,HLA-A*24:02,esm2_mean,locus,0,1.0,13696,0.26236426446749106,1.348357
26281,HLA-A*24:19,esm2_mean,locus,0,1.0,13696,0.5306282510621704,0.044308364
26282,HLA-A*24:07,esm2_mean,locus,0,1.0,13696,0.5306282510621704,0.8722561
26283,HLA-A*02:10,esm2_mean,locus,0,1.0,13696,1.0296194171811583,0.7420782
26286,HLA-A*80:01,esm2_mean,locus,0,1.0,13696,0.0,-0.0925284
26287,HLA-A*32:07,esm2_mean,locus,0,1.0,13696,0.0,0.6960441
26289,HLA-A*02:10,esm2_mean,locus,0,1.0,13696,0.832909122935104,0.70888305
26291,HLA-A*68:23,esm2_mean,locus,0,1.0,13696,0.26236426446749106,0.5642427
26292,HLA-A*02:01,esm2_mean,locus,0,1.0,13696,3.414442608412176,1.8620024
26294,HLA-A*24:03,esm2_mean,locus,0,1.0,13696,0.8754687373538999,0.53243333
26295,HLA-A*26:03,esm2_mean,locus,0,1.0,13696,0.33647223662121295,0.5368862
26296,HLA-A*03:01,esm2_mean,locus,0,1.0,13696,0.6418538861723948,1.5871108
26298,HLA-A*24:02,esm2_mean,locus,0,1.0,13696,1.0986122886681098,0.95503795
26299,HLA-A*02:19,esm2_mean,locus,0,1.0,13696,3.720862499966987,1.645226
26300,HLA-A*23:01,esm2_mean,locus,0,1.0,13696,1.9740810260220096,0.684682
26301,HLA-A*25:01,esm2_mean,locus,0,1.0,13696,3.126760535960395,0.59480935
26302,HLA-A*68:23,esm2_mean,locus,0,1.0,13696,2.2300144001592104,0.49973416
26304,HLA-A*24:19,esm2_mean,locus,0,1.0,13696,0.5877866649021191,0.5474701
26305,HLA-A*24:07,esm2_mean,locus,0,1.0,13696,2.0794415416798357,0.38563526
26309,HLA-A*68:01,esm2_mean,locus,0,1.0,13696,1.0986122886681098,1.9228756
26310,HLA-A*11:01,esm2_mean,locus,0,1.0,13696,0.18232155679395465,1.4531919
26312,HLA-A*24:07,esm2_mean,locus,0,1.0,13696,1.840549633397487,0.6164884
26313,HLA-A*68:23,esm2_mean,locus,0,1.0,13696,1.252762968495368,0.47473997
26318,HLA-A*24:19,esm2_mean,locus,0,1.0,13696,0.0,0.23102957
26320,HLA-A*74:01,esm2_mean,locus,0,1.0,13696,0.4700036292457355,0.4070937
26324,HLA-A*01:01,esm2_mean,locus,0,1.0,13696,2.422144328051685,0.43421495
26327,HLA-A*02:01,esm2_mean,locus,0,1.0,13696,0.598836501088704,1.8937008
26328,HLA-A*02:10,esm2_mean,locus,0,1.0,13696,2.0014800002101243,0.8644746
26329,HLA-A*02:11,esm2_mean,locus,0,1.0,13696,3.32862668882732,1.3415575
26330,HLA-A*02:12,esm2_mean,locus,0,1.0,13696,3.681351187693145,1.3408815
26331,HLA-A*30:01,esm2_mean,locus,0,1.0,13696,0.18232155679395465,1.1042781
26333,HLA-A*02:16,esm2_mean,locus,0,1.0,13696,0.9162907318741551,1.2586037
26335,HLA-A*66:01,esm2_mean,locus,0,1.0,13696,0.18232155679395465,0.988101
26337,HLA-A*68:01,esm2_mean,locus,0,1.0,13696,0.5306282510621704,1.700383
26343,HLA-A*26:03,esm2_mean,locus,0,1.0,13696,0.5306282510621704,0.7281857
26345,HLA-A*32:07,esm2_mean,locus,0,1.0,13696,2.6946271807700692,0.64790523
26349,HLA-A*32:07,esm2_mean,locus,0,1.0,13696,0.0,0.7526986
26351,HLA-A*24:19,esm2_mean,locus,0,1.0,13696,0.18232155679395465,0.22269458
26352,HLA-A*74:01,esm2_mean,locus,0,1.0,13696,0.26236426446749106,0.6272663
26356,HLA-A*24:02,esm2_mean,locus,0,1.0,13696,0.5306282510621704,0.9435856
26357,HLA-A*02:03,esm2_mean,locus,0,1.0,13696,2.0412203288596382,1.2673234
26363,HLA-A*02:01,esm2_mean,locus,0,1.0,13696,1.6486586255873816,1.7784835
26366,HLA-A*26:02,esm2_mean,locus,0,1.0,13696,0.4054651081081644,-0.1110186
26367,HLA-A*30:01,esm2_mean,locus,0,1.0,13696,0.18232155679395465,1.4727108
26368,HLA-A*30:02,esm2_mean,locus,0,1.0,13696,0.5306282510621704,1.0560479
26369,HLA-A*02:19,esm2_mean,locus,0,1.0,13696,0.0,1.4465176
26370,HLA-A*33:03,esm2_mean,locus,0,1.0,13696,3.6054978451748854,0.8238758
26373,HLA-A*43:01,esm2_mean,locus,0,1.0,13696,0.4700036292457355,1.0957142
26374,HLA-A*02:11,esm2_mean,locus,0,1.0,13696,2.766319109226186,1.3410296
26375,HLA-A*74:01,esm2_mean,locus,0,1.0,13696,1.308332819650179,0.7584429
26377,HLA-A*25:01,esm2_mean,locus,0,1.0,13696,0.0,0.46535957
26378,HLA-A*02:50,esm2_mean,locus,0,1.0,13696,0.832909122935104,1.66556
26379,HLA-A*02:50,esm2_mean,locus,0,1.0,13696,1.3609765531356006,1.7017012
26380,HLA-A*33:03,esm2_mean,locus,0,1.0,13696,0.0,1.159262
26381,HLA-A*68:01,esm2_mean,locus,0,1.0,13696,1.4816045409242156,2.0266623
26387,HLA-A*26:03,esm2_mean,locus,0,1.0,13696,1.0296194171811583,0.9599853
26388,HLA-A*02:10,esm2_mean,locus,0,1.0,13696,3.6402142821326553,0.8408798
26389,HLA-A*31:01,esm2_mean,locus,0,1.0,13696,2.8903717578961645,1.2921674
26392,HLA-A*24:19,esm2_mean,locus,0,1.0,13696,0.0,-0.33437437
26394,HLA-A*02:11,esm2_mean,locus,0,1.0,13696,3.104586678466073,1.4874837
26395,HLA-A*33:03,esm2_mean,locus,0,1.0,13696,0.5306282510621704,1.3548515
26397,HLA-A*02:19,esm2_mean,locus,0,1.0,13696,1.7578579175523736,1.450491
26401,HLA-A*23:01,esm2_mean,locus,0,1.0,13696,2.2192034840549946,1.0708994
26403,HLA-A*24:19,esm2_mean,locus,0,1.0,13696,0.0,0.21925956
26410,HLA-A*30:01,esm2_mean,locus,0,1.0,13696,0.18232155679395465,0.8341715
26411,HLA-A*33:03,esm2_mean,locus,0,1.0,13696,1.3862943611198906,0.90000266
26413,HLA-A*02:11,esm2_mean,locus,0,1.0,13696,3.0492730404820207,1.5313222
26416,HLA-A*03:01,esm2_mean,locus,0,1.0,13696,0.0,1.677207
26417,HLA-A*02:12,esm2_mean,locus,0,1.0,13696,2.2192034840549946,1.4037532
26419,HLA-A*68:23,esm2_mean,locus,0,1.0,13696,0.0,0.39256257
26421,HLA-A*01:01,esm2_mean,locus,0,1.0,13696,0.0,0.5896255
26422,HLA-A*31:01,esm2_mean,locus,0,1.0,13696,0.13976194237515868,1.0038805
26428,HLA-A*24:03,esm2_mean,locus,0,1.0,13696,2.4069451083182885,0.60262454
26431,HLA-A*02:12,esm2_mean,locus,0,1.0,13696,2.624668592163159,1.1824377
26432,HLA-A*33:03,esm2_mean,locus,0,1.0,13696,0.0,1.54705
26436,HLA-A*68:01,esm2_mean,locus,0,1.0,13696,0.0,1.8758191
26442,HLA-A*74:01,esm2_mean,locus,0,1.0,13696,1.4350845252893227,0.6775365
26451,HLA-A*02:01,esm2_mean,locus,0,1.0,13696,1.4586150226995167,1.9277983
26456,HLA-A*25:01,esm2_mean,locus,0,1.0,13696,0.7419373447293773,0.4215954
26459,HLA-A*01:01,esm2_mean,locus,0,1.0,13696,3.126760535960395,0.56686544
26460,HLA-A*02:03,esm2_mean,locus,0,1.0,13696,1.791759469228055,1.3517854
26461,HLA-A*02:16,esm2_mean,locus,0,1.0,13696,0.8754687373538999,1.5057683
26462,HLA-A*11:01,esm2_mean,locus,0,1.0,13696,3.475067230228611,1.5115061
26465,HLA-A*30:02,esm2_mean,locus,0,1.0,13696,0.0,0.36554736
26469,HLA-A*02:12,esm2_mean,locus,0,1.0,13696,0.7884573603642702,1.2044561
26470,HLA-A*33:03,esm2_mean,locus,0,1.0,13696,0.5306282510621704,1.2318892
26473,HLA-A*43:01,esm2_mean,locus,0,1.0,13696,0.4054651081081644,1.0258268
26475,HLA-A*26:02,esm2_mean,locus,0,1.0,13696,0.18232155679395465,-0.10172707
26481,HLA-A*29:02,esm2_mean,locus,0,1.0,13696,1.7047480922384253,1.8537711
26482,HLA-A*24:03,esm2_mean,locus,0,1.0,13696,2.0149030205422647,0.76917195
26483,HLA-A*66:01,esm2_mean,locus,0,1.0,13696,0.0,1.0008154
26487,HLA-A*80:01,esm2_mean,locus,0,1.0,13696,0.33647223662121295,-0.10813397
26488,HLA-A*02:01,esm2_mean,locus,0,1.0,13696,0.33647223662121295,1.4284217
26490,HLA-A*31:01,esm2_mean,locus,0,1.0,13696,2.917770732084279,1.4234517
26492,HLA-A*66:01,esm2_mean,locus,0,1.0,13696,0.0,0.809105
26497,HLA-A*02:11,esm2_mean,locus,0,1.0,13696,3.2268439945173775,1.6466458
26498,HLA-A*31:01,esm2_mean,locus,0,1.0,13696,1.3609765531356006,0.887682
26502,HLA-A*24:07,esm2_mean,locus,0,1.0,13696,0.7419373447293773,0.2964155
26506,HLA-A*33:03,esm2_mean,locus,0,1.0,13696,0.832909122935104,1.0491422
26508,HLA-A*43:01,esm2_mean,locus,0,1.0,13696,0.4054651081081644,1.3218703
26509,HLA-A*24:07,esm2_mean,locus,0,1.0,13696,0.18232155679395465,0.65128547
26510,HLA-A*66:01,esm2_mean,locus,0,1.0,13696,0.18232155679395465,0.6878413
26512,HLA-A*33:03,esm2_mean,locus,0,1.0,13696,2.3978952727983707,1.1814914
26513,HLA-A*30:02,esm2_mean,locus,0,1.0,13696,0.4700036292457355,0.76888186
26516,HLA-A*01:01,esm2_mean,locus,0,1.0,13696,2.2181159363675955,0.8773223
26517,HLA-A*30:01,esm2_mean,locus,0,1.0,13696,3.9454577815143836,1.5815172
26520,HLA-A*23:01,esm2_mean,locus,0,1.0,13696,0.5306282510621704,0.8618264
26522,HLA-A*24:07,esm2_mean,locus,0,1.0,13696,0.4700036292457355,0.68887156
26523,HLA-A*68:23,esm2_mean,locus,0,1.0,13696,0.33647223662121295,0.50587195
26524,HLA-A*30:01,esm2_mean,locus,0,1.0,13696,0.6418538861723948,1.6317182
26526,HLA-A*02:50,esm2_mean,locus,0,1.0,13696,0.26236426446749106,2.2815332
26529,HLA-A*24:02,esm2_mean,locus,0,1.0,13696,0.6418538861723948,0.99572504
26531,HLA-A*02:03,esm2_mean,locus,0,1.0,13696,2.917770732084279,0.9917766
26532,HLA-A*02:10,esm2_mean,locus,0,1.0,13696,0.18232155679395465,0.8910328
26533,HLA-A*02:50,esm2_mean,locus,0,1.0,13696,2.8154087194227095,1.9610863
26534,HLA-A*31:01,esm2_mean,locus,0,1.0,13696,3.927896354584436,0.88700855
26535,HLA-A*68:01,esm2_mean,locus,0,1.0,13696,0.8754687373538999,1.9101877
26537,HLA-A*32:07,esm2_mean,locus,0,1.0,13696,0.0,1.0588902
26539,HLA-A*32:01,esm2_mean,locus,0,1.0,13696,0.18232155679395465,1.0265484
26541,HLA-A*26:03,esm2_mean,locus,0,1.0,13696,0.18232155679395465,0.70445764
26543,HLA-A*33:03,esm2_mean,locus,0,1.0,13696,0.33647223662121295,0.97143674
26544,HLA-A*33:03,esm2_mean,locus,0,1.0,13696,1.2237754316221157,1.231338
26548,HLA-A*29:02,esm2_mean,locus,0,1.0,13696,1.8082887711792655,1.7959615
26549,HLA-A*68:23,esm2_mean,locus,0,1.0,13696,0.4700036292457355,0.60757613
26556,HLA-A*03:01,esm2_mean,locus,0,1.0,13696,0.0,1.8131392
26557,HLA-A*24:02,esm2_mean,locus,0,1.0,13696,2.151762203259462,1.2641978
26559,HLA-A*02:10,esm2_mean,locus,0,1.0,13696,2.272125885509337,0.45661324
26563,HLA-A*02:11,esm2_mean,locus,0,1.0,13696,2.322387720290225,1.761467
26564,HLA-A*33:03,esm2_mean,locus,0,1.0,13696,3.6136169696133895,1.1591911
26565,HLA-A*30:02,esm2_mean,locus,0,1.0,13696,0.7884573603642702,0.8862147
26567,HLA-A*29:02,esm2_mean,locus,0,1.0,13696,0.4054651081081644,1.5259116
26571,HLA-A*03:01,esm2_mean,locus,0,1.0,13696,0.0,1.851154
26572,HLA-A*02:03,esm2_mean,locus,0,1.0,13696,0.26236426446749106,1.0785713
26573,HLA-A*68:01,esm2_mean,locus,0,1.0,13696,0.33647223662121295,1.4122066
26574,HLA-A*25:01,esm2_mean,locus,0,1.0,13696,2.0794415416798357,0.27938896
26575,HLA-A*66:01,esm2_mean,locus,0,1.0,13696,0.33647223662121295,0.98191357
26576,HLA-A*30:01,esm2_mean,locus,0,1.0,13696,1.7227665977411035,1.4937112
26581,HLA-A*02:11,esm2_mean,locus,0,1.0,13696,3.4873750779032076,1.4957051
26582,HLA-A*26:03,esm2_mean,locus,0,1.0,13696,0.0,0.65658766
26585,HLA-A*80:01,esm2_mean,locus,0,1.0,13696,0.18232155679395465,0.062087834
26590,HLA-A*24:03,esm2_mean,locus,0,1.0,13696,2.772588722239781,0.447824
26593,HLA-A*30:01,esm2_mean,locus,0,1.0,13696,0.18232155679395465,1.0817796
26599,HLA-A*02:03,esm2_mean,locus,0,1.0,13696,0.8754687373538999,0.96567005
26602,HLA-A*80:01,esm2_mean,locus,0,1.0,13696,0.0,0.30797893
26605,HLA-A*23:01,esm2_mean,locus,0,1.0,13696,2.533696813957432,0.81434536
26606,HLA-A*24:19,esm2_mean,locus,0,1.0,13696,0.4054651081081644,0.18248576
26607,HLA-A*24:19,esm2_mean,locus,0,1.0,13696,0.6418538861723948,-0.18401486
26608,HLA-A*24:03,esm2_mean,locus,0,1.0,13696,0.18232155679395465,1.0011506
26609,HLA-A*26:02,esm2_mean,locus,0,1.0,13696,1.6863989535702288,-0.051160634
26611,HLA-A*24:02,esm2_mean,locus,0,1.0,13696,1.0296194171811583,0.7623507
26612,HLA-A*23:01,esm2_mean,locus,0,1.0,13696,1.4816045409242156,0.7581999
26615,HLA-A*24:02,esm2_mean,locus,0,1.0,13696,2.272125885509337,0.66844666
26619,HLA-A*24:19,esm2_mean,locus,0,1.0,13696,0.0,-0.12122482
26620,HLA-A*66:01,esm2_mean,locus,0,1.0,13696,0.832909122935104,0.43007356
26621,HLA-A*03:01,esm2_mean,locus,0,1.0,13696,0.9162907318741551,1.6193382
26623,HLA-A*02:12,esm2_mean,locus,0,1.0,13696,3.246490991901174,1.1629586
26627,HLA-A*43:01,esm2_mean,locus,0,1.0,13696,0.26236426446749106,0.92972964
26629,HLA-A*25:01,esm2_mean,locus,0,1.0,13696,0.18232155679395465,0.28247505
26630,HLA-A*02:01,esm2_mean,locus,0,1.0,13696,3.0204248861443626,1.850718
26631,HLA-A*24:02,esm2_mean,locus,0,1.0,13696,0.33647223662121295,1.2335489
26632,HLA-A*02:16,esm2_mean,locus,0,1.0,13696,1.547562508716013,1.4473882
26633,HLA-A*33:03,esm2_mean,locus,0,1.0,13696,0.0,1.3528314
26635,HLA-A*24:07,esm2_mean,locus,0,1.0,13696,1.5686159179138452,0.7563143
26637,HLA-A*11:01,esm2_mean,locus,0,1.0,13696,3.9908341858524357,1.0483416
26641,HLA-A*02:19,esm2_mean,locus,0,1.0,13696,0.9555114450274363,1.4460262
26642,HLA-A*33:03,esm2_mean,locus,0,1.0,13696,3.0633909220278057,0.987366
26644,HLA-A*68:01,esm2_mean,locus,0,1.0,13696,0.5306282510621704,1.4458314
26645,HLA-A*24:03,esm2_mean,locus,0,1.0,13696,0.18232155679395465,0.75106037
26647,HLA-A*32:07,esm2_mean,locus,0,1.0,13696,0.0,1.0167813
26649,HLA-A*02:11,esm2_mean,locus,0,1.0,13696,0.832909122935104,1.1857927
26651,HLA-A*32:07,esm2_mean,locus,0,1.0,13696,0.33647223662121295,0.8394151
26653,HLA-A*02:12,esm2_mean,locus,0,1.0,13696,0.832909122935104,0.6243649
26654,HLA-A*33:03,esm2_mean,locus,0,1.0,13696,1.8082887711792655,1.3606168
26657,HLA-A*02:12,esm2_mean,locus,0,1.0,13696,2.917770732084279,1.4018362
26661,HLA-A*02:11,esm2_mean,locus,0,1.0,13696,0.7419373447293773,1.1095903
26662,HLA-A*02:50,esm2_mean,locus,0,1.0,13696,2.509599262378372,1.8445663
26663,HLA-A*11:01,esm2_mean,locus,0,1.0,13696,1.7047480922384253,1.143191
26667,HLA-A*30:02,esm2_mean,locus,0,1.0,13696,0.7419373447293773,0.9343406
26668,HLA-A*11:01,esm2_mean,locus,0,1.0,13696,0.33647223662121295,1.1778114
26670,HLA-A*02:11,esm2_mean,locus,0,1.0,13696,1.2809338454620642,1.2224908
26671,HLA-A*33:03,esm2_mean,locus,0,1.0,13696,1.252762968495368,0.9738883
26673,HLA-A*29:02,esm2_mean,locus,0,1.0,13696,0.18232155679395465,1.527093
26674,HLA-A*24:03,esm2_mean,locus,0,1.0,13696,3.095577608523707,0.45433074
26678,HLA-A*02:50,esm2_mean,locus,0,1.0,13696,2.5416019934645457,1.7936916
26679,HLA-A*02:19,esm2_mean,locus,0,1.0,13696,1.5040773967762742,1.3860343
26683,HLA-A*02:12,esm2_mean,locus,0,1.0,13696,1.547562508716013,1.1181285
26684,HLA-A*02:50,esm2_mean,locus,0,1.0,13696,3.3032169733019514,2.1977992
26685,HLA-A*02:19,esm2_mean,locus,0,1.0,13696,1.6863989535702288,1.5254698
26686,HLA-A*33:03,esm2_mean,locus,0,1.0,13696,0.5306282510621704,1.1756251
26690,HLA-A*02:11,esm2_mean,locus,0,1.0,13696,1.410986973710262,1.481611
26692,HLA-A*80:01,esm2_mean,locus,0,1.0,13696,0.0,0.13202906
26694,HLA-A*31:01,esm2_mean,locus,0,1.0,13696,1.7404661748405046,1.3364404
26696,HLA-A*24:03,esm2_mean,locus,0,1.0,13696,2.312535423847214,1.0101292
26699,HLA-A*24:19,esm2_mean,locus,0,1.0,13696,1.1314021114911006,-0.21003991
26700,HLA-A*24:07,esm2_mean,locus,0,1.0,13696,0.5306282510621704,0.70698214
26701,HLA-A*26:03,esm2_mean,locus,0,1.0,13696,0.8754687373538999,0.49016678
26704,HLA-A*02:01,esm2_mean,locus,0,1.0,13696,2.791165107812717,1.2593603
26705,HLA-A*33:03,esm2_mean,locus,0,1.0,13696,0.0,1.3165437
26707,HLA-A*26:03,esm2_mean,locus,0,1.0,13696,0.5877866649021191,0.5558966
26708,HLA-A*03:01,esm2_mean,locus,0,1.0,13696,1.2809338454620642,1.7765505
26711,HLA-A*30:02,esm2_mean,locus,0,1.0,13696,0.4700036292457355,0.91017985
26717,HLA-A*30:02,esm2_mean,locus,0,1.0,13696,1.7578579175523736,0.6805154
26718,HLA-A*23:01,esm2_mean,locus,0,1.0,13696,1.0647107369924282,0.8797106
26719,HLA-A*68:23,esm2_mean,locus,0,1.0,13696,0.18232155679395465,0.3661443
26723,HLA-A*23:01,esm2_mean,locus,0,1.0,13696,3.5496173867804286,1.1555876
26727,HLA-A*11:01,esm2_mean,locus,0,1.0,13696,0.18232155679395465,1.2807677
26729,HLA-A*74:01,esm2_mean,locus,0,1.0,13696,5.094363509626968,0.5710064
26730,HLA-A*03:01,esm2_mean,locus,0,1.0,13696,0.4054651081081644,1.8467237
26733,HLA-A*32:07,esm2_mean,locus,0,1.0,13696,2.5726122302071057,0.84165686
26734,HLA-A*26:02,esm2_mean,locus,0,1.0,13696,3.40452517175483,0.016767025
26736,HLA-A*02:50,esm2_mean,locus,0,1.0,13696,0.7419373447293773,1.5035279
26737,HLA-A*74:01,esm2_mean,locus,0,1.0,13696,5.344723739362192,0.48885518
26738,HLA-A*26:02,esm2_mean,locus,0,1.0,13696,0.4700036292457355,-0.010694027
26740,HLA-A*02:19,esm2_mean,locus,0,1.0,13696,0.4700036292457355,1.4558501
26743,HLA-A*24:07,esm2_mean,locus,0,1.0,13696,2.3702437414678603,1.0835203
26744,HLA-A*26:03,esm2_mean,locus,0,1.0,13696,0.6931471805599453,0.6293724
26745,HLA-A*02:01,esm2_mean,locus,0,1.0,13696,2.917770732084279,1.6821156
26746,HLA-A*02:19,esm2_mean,locus,0,1.0,13696,0.33647223662121295,1.4957967
26749,HLA-A*23:01,esm2_mean,locus,0,1.0,13696,3.349904087274605,0.9958313
26750,HLA-A*25:01,esm2_mean,locus,0,1.0,13696,2.468099531471619,0.6845118
26753,HLA-A*02:16,esm2_mean,locus,0,1.0,13696,3.8155121050473024,1.3878376
26755,HLA-A*29:02,esm2_mean,locus,0,1.0,13696,0.18232155679395465,1.6517081
26756,HLA-A*24:07,esm2_mean,locus,0,1.0,13696,2.1972245773362196,0.4702441
26763,HLA-A*02:10,esm2_mean,locus,0,1.0,13696,0.26236426446749106,0.8976507
26765,HLA-A*43:01,esm2_mean,locus,0,1.0,13696,0.18232155679395465,1.2119439
26771,HLA-A*68:23,esm2_mean,locus,0,1.0,13696,0.26236426446749106,0.6888524
26772,HLA-A*24:02,esm2_mean,locus,0,1.0,13696,1.0296194171811583,1.0318433
26775,HLA-A*24:07,esm2_mean,locus,0,1.0,13696,2.302585092994046,0.5285883
26776,HLA-A*24:07,esm2_mean,locus,0,1.0,13696,1.8562979903656263,1.2848428
26777,HLA-A*26:03,esm2_mean,locus,0,1.0,13696,0.4054651081081644,0.6761801
26781,HLA-A*68:01,esm2_mean,locus,0,1.0,13696,4.507557357121091,1.5242072
26783,HLA-A*29:02,esm2_mean,locus,0,1.0,13696,0.26236426446749106,1.774786
26784,HLA-A*26:03,esm2_mean,locus,0,1.0,13696,0.26236426446749106,0.6128914
26787,HLA-A*29:02,esm2_mean,locus,0,1.0,13696,2.833213344056216,1.3237948
26788,HLA-A*25:01,esm2_mean,locus,0,1.0,13696,1.1314021114911006,0.76622707
26791,HLA-A*32:07,esm2_mean,locus,0,1.0,13696,0.0,0.95604783
26792,HLA-A*26:02,esm2_mean,locus,0,1.0,13696,2.8154087194227095,0.074682236
26793,HLA-A*02:03,esm2_mean,locus,0,1.0,13696,3.6635616461296463,1.3562737
26794,HLA-A*02:12,esm2_mean,locus,0,1.0,13696,0.33647223662121295,1.1307006
26795,HLA-A*02:50,esm2_mean,locus,0,1.0,13696,2.7013612129514133,2.2412884
26796,HLA-A*02:50,esm2_mean,locus,0,1.0,13696,0.832909122935104,1.6038089
26799,HLA-A*02:10,esm2_mean,locus,0,1.0,13696,3.475067230228611,0.8761281
26800,HLA-A*02:10,esm2_mean,locus,0,1.0,13696,2.2512917986064953,0.9186854
26801,HLA-A*74:01,esm2_mean,locus,0,1.0,13696,0.33647223662121295,0.58580357
26805,HLA-A*43:01,esm2_mean,locus,0,1.0,13696,0.18232155679395465,0.96800965
26806,HLA-A*68:23,esm2_mean,locus,0,1.0,13696,0.0,0.63103247
26812,HLA-A*68:23,esm2_mean,locus,0,1.0,13696,1.5686159179138452,0.47159666
26813,HLA-A*24:02,esm2_mean,locus,0,1.0,13696,0.33647223662121295,1.2688801
26816,HLA-A*29:02,esm2_mean,locus,0,1.0,13696,0.8754687373538999,1.6783832
26817,HLA-A*80:01,esm2_mean,locus,0,1.0,13696,0.26236426446749106,0.211986
26820,HLA-A*02:16,esm2_mean,locus,0,1.0,13696,0.832909122935104,1.5819175
26822,HLA-A*32:01,esm2_mean,locus,0,1.0,13696,1.1939224684724346,0.94009113
26825,HLA-A*30:02,esm2_mean,locus,0,1.0,13696,0.09531017980432487,0.6375574
26826,HLA-A*26:02,esm2_mean,locus,0,1.0,13696,1.1314021114911006,-0.39877516
26828,HLA-A*30:01,esm2_mean,locus,0,1.0,13696,1.6486586255873816,1.2143402
26830,HLA-A*80:01,esm2_mean,locus,0,1.0,13696,0.0,0.21741658
26831,HLA-A*80:01,esm2_mean,locus,0,1.0,13696,1.0296194171811583,0.0011863112
26834,HLA-A*31:01,esm2_mean,locus,0,1.0,13696,0.6418538861723948,1.0881584
26835,HLA-A*33:03,esm2_mean,locus,0,1.0,13696,1.8082887711792655,0.96576566
26836,HLA-A*74:01,esm2_mean,locus,0,1.0,13696,1.0296194171811583,0.9498695
26838,HLA-A*26:03,esm2_mean,locus,0,1.0,13696,2.4069451083182885,0.45390958
26839,HLA-A*02:12,esm2_mean,locus,0,1.0,13696,1.916922612182061,0.9282472
26840,HLA-A*74:01,esm2_mean,locus,0,1.0,13696,3.2068032436339315,0.3315649
26842,HLA-A*31:01,esm2_mean,locus,0,1.0,13696,0.6418538861723948,1.3217212
26846,HLA-A*30:02,esm2_mean,locus,0,1.0,13696,0.4054651081081644,0.85838884
26847,HLA-A*25:01,esm2_mean,locus,0,1.0,13696,1.0647107369924282,0.8326542
26850,HLA-A*02:10,esm2_mean,locus,0,1.0,13696,0.8754687373538999,0.6739044
26851,HLA-A*02:50,esm2_mean,locus,0,1.0,13696,1.8562979903656263,1.7073605
26852,HLA-A*02:50,esm2_mean,locus,0,1.0,13696,2.028148247292285,1.7162194
26853,HLA-A*29:02,esm2_mean,locus,0,1.0,13696,0.7884573603642702,1.4297262
26855,HLA-A*68:23,esm2_mean,locus,0,1.0,13696,0.33647223662121295,0.5938593
26856,HLA-A*25:01,esm2_mean,locus,0,1.0,13696,0.5007752879124893,0.44668025
26859,HLA-A*74:01,esm2_mean,locus,0,1.0,13696,0.5877866649021191,0.44096792
26860,HLA-A*02:01,esm2_mean,locus,0,1.0,13696,2.2407096892759584,1.5474467
26861,HLA-A*68:23,esm2_mean,locus,0,1.0,13696,2.302585092994046,0.6046285
26862,HLA-A*26:03,esm2_mean,locus,0,1.0,13696,0.0,0.724852
26866,HLA-A*26:02,esm2_mean,locus,0,1.0,13696,0.5877866649021191,-0.16265076
26869,HLA-A*29:02,esm2_mean,locus,0,1.0,13696,0.0,1.5558585
26872,HLA-A*03:01,esm2_mean,locus,0,1.0,13696,0.4700036292457355,1.8806198
26877,HLA-A*02:50,esm2_mean,locus,0,1.0,13696,2.8154087194227095,1.6553762
26878,HLA-A*68:01,esm2_mean,locus,0,1.0,13696,0.0,1.6602166
26881,HLA-A*29:02,esm2_mean,locus,0,1.0,13696,0.26236426446749106,2.1243205
26883,HLA-A*66:01,esm2_mean,locus,0,1.0,13696,0.0,0.5256524
26887,HLA-A*68:23,esm2_mean,locus,0,1.0,13696,2.0541237336955462,0.52806675
26888,HLA-A*26:03,esm2_mean,locus,0,1.0,13696,0.0,0.59208333
26890,HLA-A*02:50,esm2_mean,locus,0,1.0,13696,2.8390784635086144,1.726203
26892,HLA-A*24:03,esm2_mean,locus,0,1.0,13696,3.7954891891721947,1.2686126
26894,HLA-A*02:12,esm2_mean,locus,0,1.0,13696,0.33647223662121295,1.1609944
26895,HLA-A*02:16,esm2_mean,locus,0,1.0,13696,0.0,1.5824852
26898,HLA-A*31:01,esm2_mean,locus,0,1.0,13696,3.597312260588446,1.0884415
26900,HLA-A*25:01,esm2_mean,locus,0,1.0,13696,0.5306282510621704,0.6234605
26903,HLA-A*30:01,esm2_mean,locus,0,1.0,13696,0.4054651081081644,1.4191253
26904,HLA-A*74:01,esm2_mean,locus,0,1.0,13696,1.6863989535702288,0.76975363
26907,HLA-A*80:01,esm2_mean,locus,0,1.0,13696,0.09531017980432487,0.30023587
26908,HLA-A*02:01,esm2_mean,locus,0,1.0,13696,0.6626879730752367,1.6043799
26909,HLA-A*02:03,esm2_mean,locus,0,1.0,13696,0.9162907318741551,0.94847256
26918,HLA-A*02:12,esm2_mean,locus,0,1.0,13696,0.6418538861723948,0.82110333
26920,HLA-A*30:02,esm2_mean,locus,0,1.0,13696,0.832909122935104,0.80597466
26922,HLA-A*26:03,esm2_mean,locus,0,1.0,13696,0.33647223662121295,0.7363265
26924,HLA-A*02:16,esm2_mean,locus,0,1.0,13696,2.4765384001174837,1.3193359
26928,HLA-A*02:10,esm2_mean,locus,0,1.0,13696,0.09531017980432487,0.6101239
26929,HLA-A*02:12,esm2_mean,locus,0,1.0,13696,0.5877866649021191,1.0629277
26930,HLA-A*02:11,esm2_mean,locus,0,1.0,13696,3.0819099697950434,1.5253786
26933,HLA-A*02:16,esm2_mean,locus,0,1.0,13696,3.2228678461377385,1.4688271
26937,HLA-A*02:11,esm2_mean,locus,0,1.0,13696,2.341805806147327,1.5410851
26938,HLA-A*68:01,esm2_mean,locus,0,1.0,13696,1.5040773967762742,1.5474734
26941,HLA-A*24:07,esm2_mean,locus,0,1.0,13696,2.8903717578961645,0.65113
26950,HLA-A*29:02,esm2_mean,locus,0,1.0,13696,0.6418538861723948,1.7023492
26951,HLA-A*24:07,esm2_mean,locus,0,1.0,13696,0.33647223662121295,0.6771711
26952,HLA-A*24:02,esm2_mean,locus,0,1.0,13696,1.4586150226995167,0.8158172
26953,HLA-A*68:01,esm2_mean,locus,0,1.0,13696,0.26236426446749106,1.8108656
26954,HLA-A*29:02,esm2_mean,locus,0,1.0,13696,1.7749523509116738,1.781055
26956,HLA-A*68:23,esm2_mean,locus,0,1.0,13696,0.7419373447293773,0.67966425
26957,HLA-A*26:03,esm2_mean,locus,0,1.0,13696,0.0,0.65634817
26959,HLA-A*30:01,esm2_mean,locus,0,1.0,13696,0.0,1.1285346
26960,HLA-A*31:01,esm2_mean,locus,0,1.0,13696,2.631888840136646,1.3795257
26965,HLA-A*02:16,esm2_mean,locus,0,1.0,13696,2.785011242238338,1.1180084
26973,HLA-A*02:11,esm2_mean,locus,0,1.0,13696,2.5572273113676265,1.1908929
26974,HLA-A*33:03,esm2_mean,locus,0,1.0,13696,1.6094379124341003,1.050972
26976,HLA-A*24:07,esm2_mean,locus,0,1.0,13696,2.747270914255491,1.0275942
26979,HLA-A*24:02,esm2_mean,locus,0,1.0,13696,1.308332819650179,1.122732
26981,HLA-A*02:10,esm2_mean,locus,0,1.0,13696,0.18232155679395465,0.604149
26982,HLA-A*02:12,esm2_mean,locus,0,1.0,13696,3.186352633162641,1.0146809
26983,HLA-A*24:19,esm2_mean,locus,0,1.0,13696,0.26236426446749106,0.17422158
26985,HLA-A*43:01,esm2_mean,locus,0,1.0,13696,0.18232155679395465,0.92536545
26987,HLA-A*24:19,esm2_mean,locus,0,1.0,13696,0.33647223662121295,0.107418
26988,HLA-A*02:11,esm2_mean,locus,0,1.0,13696,3.122364924487357,1.561085
26989,HLA-A*02:50,esm2_mean,locus,0,1.0,13696,0.26236426446749106,1.958806
26995,HLA-A*24:07,esm2_mean,locus,0,1.0,13696,0.9162907318741551,0.9903059
27001,HLA-A*80:01,esm2_mean,locus,0,1.0,13696,0.26236426446749106,0.14511144
27003,HLA-A*02:50,esm2_mean,locus,0,1.0,13696,2.785011242238338,2.0570843
27006,HLA-A*43:01,esm2_mean,locus,0,1.0,13696,0.0,0.80846053
27008,HLA-A*02:16,esm2_mean,locus,0,1.0,13696,2.7343675094195836,1.4989239
27009,HLA-A*33:03,esm2_mean,locus,0,1.0,13696,0.0,1.1255327
27010,HLA-A*23:01,esm2_mean,locus,0,1.0,13696,2.740840023925201,1.1497713
27011,HLA-A*02:10,esm2_mean,locus,0,1.0,13696,1.0296194171811583,0.93231606
27013,HLA-A*30:02,esm2_mean,locus,0,1.0,13696,0.18232155679395465,0.7726255
27014,HLA-A*03:01,esm2_mean,locus,0,1.0,13696,0.33647223662121295,1.6730556
27018,HLA-A*26:02,esm2_mean,locus,0,1.0,13696,0.4700036292457355,-0.16574961
27023,HLA-A*24:07,esm2_mean,locus,0,1.0,13696,0.26236426446749106,0.5057555
27024,HLA-A*30:02,esm2_mean,locus,0,1.0,13696,0.7419373447293773,0.6853292
27025,HLA-A*02:10,esm2_mean,locus,0,1.0,13696,0.5877866649021191,0.9999572
27026,HLA-A*74:01,esm2_mean,locus,0,1.0,13696,2.2617630984737906,0.43868482
27028,HLA-A*80:01,esm2_mean,locus,0,1.0,13696,1.410986973710262,0.18234795
27029,HLA-A*32:07,esm2_mean,locus,0,1.0,13696,0.0,0.52836263
27031,HLA-A*68:23,esm2_mean,locus,0,1.0,13696,2.128231705849268,0.53814673
27034,HLA-A*30:01,esm2_mean,locus,0,1.0,13696,0.0,1.3423256
27035,HLA-A*02:10,esm2_mean,locus,0,1.0,13696,1.308332819650179,0.79965967
27036,HLA-A*68:01,esm2_mean,locus,0,1.0,13696,1.840549633397487,1.6808211
27037,HLA-A*68:23,esm2_mean,locus,0,1.0,13696,0.0,0.35969597
27038,HLA-A*03:01,esm2_mean,locus,0,1.0,13696,2.2617630984737906,2.0117188
27039,HLA-A*33:03,esm2_mean,locus,0,1.0,13696,4.65586330030361,0.8831021
27043,HLA-A*03:01,esm2_mean,locus,0,1.0,13696,2.9069010598473755,1.9385769
27045,HLA-A*02:19,esm2_mean,locus,0,1.0,13696,3.1135153092103742,1.5104516
27051,HLA-A*24:07,esm2_mean,locus,0,1.0,13696,0.0,0.8922569
27053,HLA-A*24:03,esm2_mean,locus,0,1.0,13696,0.5306282510621704,0.6105304
27056,HLA-A*24:19,esm2_mean,locus,0,1.0,13696,0.0,-0.1404422
27057,HLA-A*03:01,esm2_mean,locus,0,1.0,13696,0.0,1.6931443
27058,HLA-A*24:02,esm2_mean,locus,0,1.0,13696,2.1633230256605382,0.9318846
27059,HLA-A*24:02,esm2_mean,locus,0,1.0,13696,1.0986122886681098,1.1010513
27060,HLA-A*02:12,esm2_mean,locus,0,1.0,13696,3.254242968705492,1.346448
27061,HLA-A*33:03,esm2_mean,locus,0,1.0,13696,2.990719731730447,1.0631881
27062,HLA-A*24:03,esm2_mean,locus,0,1.0,13696,1.1631508098056809,0.7834424
27063,HLA-A*26:03,esm2_mean,locus,0,1.0,13696,0.0,0.7905098
27064,HLA-A*03:01,esm2_mean,locus,0,1.0,13696,0.26236426446749106,1.694664
27065,HLA-A*02:11,esm2_mean,locus,0,1.0,13696,2.272125885509337,1.4619176
27066,HLA-A*02:50,esm2_mean,locus,0,1.0,13696,2.928523523860541,1.9552553
27067,HLA-A*74:01,esm2_mean,locus,0,1.0,13696,3.0204248861443626,0.48677018
27072,HLA-A*43:01,esm2_mean,locus,0,1.0,13696,0.26236426446749106,0.8961636
27073,HLA-A*02:12,esm2_mean,locus,0,1.0,13696,0.4700036292457355,1.2301522
27074,HLA-A*24:07,esm2_mean,locus,0,1.0,13696,3.068052935133617,0.46918696
27077,HLA-A*02:11,esm2_mean,locus,0,1.0,13696,1.2237754316221157,1.3802772
27080,HLA-A*32:07,esm2_mean,locus,0,1.0,13696,0.7884573603642702,0.6959103
27084,HLA-A*26:03,esm2_mean,locus,0,1.0,13696,1.8562979903656263,0.7414062
27085,HLA-A*32:01,esm2_mean,locus,0,1.0,13696,0.26236426446749106,1.1110649
27088,HLA-A*30:01,esm2_mean,locus,0,1.0,13696,0.0,1.2249881
27089,HLA-A*43:01,esm2_mean,locus,0,1.0,13696,0.7884573603642702,1.1989479
27090,HLA-A*80:01,esm2_mean,locus,0,1.0,13696,0.18232155679395465,0.06109315
27094,HLA-A*02:12,esm2_mean,locus,0,1.0,13696,3.3603753871419,1.0649388
27100,HLA-A*43:01,esm2_mean,locus,0,1.0,13696,0.0,0.64666545
27101,HLA-A*24:19,esm2_mean,locus,0,1.0,13696,1.308332819650179,-0.1135059
27102,HLA-A*24:02,esm2_mean,locus,0,1.0,13696,0.7884573603642702,0.9720582
27105,HLA-A*25:01,esm2_mean,locus,0,1.0,13696,0.9162907318741551,0.38457674
27109,HLA-A*26:02,esm2_mean,locus,0,1.0,13696,3.2771447329921766,0.024561405
27113,HLA-A*68:23,esm2_mean,locus,0,1.0,13696,0.0,0.44919366
27116,HLA-A*02:19,esm2_mean,locus,0,1.0,13696,2.2407096892759584,1.7477999
27117,HLA-A*30:01,esm2_mean,locus,0,1.0,13696,0.26236426446749106,1.6718811
27121,HLA-A*02:03,esm2_mean,locus,0,1.0,13696,0.4700036292457355,1.2363572
27122,HLA-A*02:16,esm2_mean,locus,0,1.0,13696,3.7909846770510898,1.3834617
27126,HLA-A*32:07,esm2_mean,locus,0,1.0,13696,0.4700036292457355,0.74260986
27128,HLA-A*25:01,esm2_mean,locus,0,1.0,13696,0.0,0.8260368
27129,HLA-A*33:03,esm2_mean,locus,0,1.0,13696,0.8754687373538999,1.1839678
27132,HLA-A*02:11,esm2_mean,locus,0,1.0,13696,2.128231705849268,1.2768083
27133,HLA-A*30:01,esm2_mean,locus,0,1.0,13696,0.7884573603642702,1.5574164
27135,HLA-A*30:02,esm2_mean,locus,0,1.0,13696,1.2809338454620642,1.1006761
27136,HLA-A*32:07,esm2_mean,locus,0,1.0,13696,3.407841924380824,0.9033587
27138,HLA-A*24:02,esm2_mean,locus,0,1.0,13696,0.4700036292457355,0.5784614
27139,HLA-A*02:50,esm2_mean,locus,0,1.0,13696,2.624668592163159,1.3971616
27141,HLA-A*33:03,esm2_mean,locus,0,1.0,13696,3.3843902633457743,0.833379
27144,HLA-A*25:01,esm2_mean,locus,0,1.0,13696,0.0,0.5074446
27149,HLA-A*26:02,esm2_mean,locus,0,1.0,13696,0.33647223662121295,-0.022753298
27151,HLA-A*02:10,esm2_mean,locus,0,1.0,13696,2.424802725718295,0.6559206
27152,HLA-A*02:10,esm2_mean,locus,0,1.0,13696,1.0647107369924282,1.1423626
27153,HLA-A*11:01,esm2_mean,locus,0,1.0,13696,2.0918640616783932,1.32639
27157,HLA-A*43:01,esm2_mean,locus,0,1.0,13696,1.6486586255873816,1.1805046
27158,HLA-A*24:19,esm2_mean,locus,0,1.0,13696,0.26236426446749106,0.39724362
27159,HLA-A*26:02,esm2_mean,locus,0,1.0,13696,0.0,-0.053776085
27160,HLA-A*24:02,esm2_mean,locus,0,1.0,13696,0.9162907318741551,0.7452362
27161,HLA-A*02:03,esm2_mean,locus,0,1.0,13696,3.543853682063679,1.5330334
27162,HLA-A*02:19,esm2_mean,locus,0,1.0,13696,0.6418538861723948,1.379926
27165,HLA-A*24:02,esm2_mean,locus,0,1.0,13696,3.784189633918261,0.9716951
27166,HLA-A*02:05,esm2_mean,locus,0,1.0,13696,0.5877866649021191,1.8420966
27168,HLA-A*24:19,esm2_mean,locus,0,1.0,13696,0.18232155679395465,-0.01711911
27169,HLA-A*26:02,esm2_mean,locus,0,1.0,13696,1.6094379124341003,-0.08319181
27171,HLA-A*32:07,esm2_mean,locus,0,1.0,13696,0.0,0.5844471
27172,HLA-A*24:19,esm2_mean,locus,0,1.0,13696,0.26236426446749106,0.098746955
27174,HLA-A*33:03,esm2_mean,locus,0,1.0,13696,1.547562508716013,0.9795557
27175,HLA-A*74:01,esm2_mean,locus,0,1.0,13696,3.100092288878234,0.88189304
27179,HLA-A*24:19,esm2_mean,locus,0,1.0,13696,0.4700036292457355,0.07727778
27180,HLA-A*66:01,esm2_mean,locus,0,1.0,13696,0.5877866649021191,0.9160787
27183,HLA-A*26:03,esm2_mean,locus,0,1.0,13696,0.0,0.6581942
27184,HLA-A*02:16,esm2_mean,locus,0,1.0,13696,1.1631508098056809,1.3898327
27186,HLA-A*29:02,esm2_mean,locus,0,1.0,13696,0.5877866649021191,1.9339645
27188,HLA-A*02:03,esm2_mean,locus,0,1.0,13696,1.8718021769015913,1.5254433
27189,HLA-A*30:01,esm2_mean,locus,0,1.0,13696,0.0,1.0821005
27190,HLA-A*74:01,esm2_mean,locus,0,1.0,13696,0.0,0.59268844
27192,HLA-A*26:02,esm2_mean,locus,0,1.0,13696,0.832909122935104,-0.035104096
27193,HLA-A*02:10,esm2_mean,locus,0,1.0,13696,0.5877866649021191,0.4480912
27195,HLA-A*24:02,esm2_mean,locus,0,1.0,13696,0.33647223662121295,0.7278362
27198,HLA-A*23:01,esm2_mean,locus,0,1.0,13696,3.505557396986398,0.7902482
27200,HLA-A*25:01,esm2_mean,locus,0,1.0,13696,3.4242626545931514,0.6116004
27202,HLA-A*24:02,esm2_mean,locus,0,1.0,13696,0.5306282510621704,0.848456
27207,HLA-A*24:02,esm2_mean,locus,0,1.0,13696,0.18232155679395465,0.82060885
27208,HLA-A*02:50,esm2_mean,locus,0,1.0,13696,0.5877866649021191,1.3252299
27211,HLA-A*80:01,esm2_mean,locus,0,1.0,13696,0.4054651081081644,-0.046068013
27213,HLA-A*26:03,esm2_mean,locus,0,1.0,13696,0.9162907318741551,0.584265
27214,HLA-A*02:16,esm2_mean,locus,0,1.0,13696,1.2809338454620642,1.5854437
27216,HLA-A*02:16,esm2_mean,locus,0,1.0,13696,1.7047480922384253,1.5264518
27217,HLA-A*74:01,esm2_mean,locus,0,1.0,13696,2.5726122302071057,0.7538249
27219,HLA-A*30:02,esm2_mean,locus,0,1.0,13696,1.2809338454620642,0.88746893
27220,HLA-A*02:01,esm2_mean,locus,0,1.0,13696,1.791759469228055,1.7099702
27221,HLA-A*31:01,esm2_mean,locus,0,1.0,13696,0.33647223662121295,1.0080441
27222,HLA-A*68:01,esm2_mean,locus,0,1.0,13696,0.0,1.7382398
27223,HLA-A*24:07,esm2_mean,locus,0,1.0,13696,0.8754687373538999,0.9350394
27225,HLA-A*33:03,esm2_mean,locus,0,1.0,13696,3.353406717825807,1.2310473
27226,HLA-A*68:23,esm2_mean,locus,0,1.0,13696,0.0,0.4817478
27229,HLA-A*24:07,esm2_mean,locus,0,1.0,13696,2.517696472610991,-0.008896053
27230,HLA-A*26:03,esm2_mean,locus,0,1.0,13696,0.4700036292457355,0.8818734
27231,HLA-A*26:03,esm2_mean,locus,0,1.0,13696,0.0,0.489527
27233,HLA-A*02:01,esm2_mean,locus,0,1.0,13696,3.039749158970765,1.6382
27237,HLA-A*43:01,esm2_mean,locus,0,1.0,13696,0.09531017980432487,0.60341775
27238,HLA-A*26:02,esm2_mean,locus,0,1.0,13696,0.9555114450274363,-0.34701508
27239,HLA-A*68:23,esm2_mean,locus,0,1.0,13696,0.0,0.61948043
27241,HLA-A*30:01,esm2_mean,locus,0,1.0,13696,1.4350845252893227,1.5207534
27244,HLA-A*43:01,esm2_mean,locus,0,1.0,13696,0.26236426446749106,1.0480585
27245,HLA-A*43:01,esm2_mean,locus,0,1.0,13696,0.0,0.93142366
27248,HLA-A*24:19,esm2_mean,locus,0,1.0,13696,0.26236426446749106,0.20871639
27249,HLA-A*24:07,esm2_mean,locus,0,1.0,13696,0.26236426446749106,0.7952395
27253,HLA-A*23:01,esm2_mean,locus,0,1.0,13696,3.095577608523707,1.1280437
27254,HLA-A*23:01,esm2_mean,locus,0,1.0,13696,0.6931471805599453,1.008097
27255,HLA-A*24:19,esm2_mean,locus,0,1.0,13696,0.33647223662121295,-0.026989639
27256,HLA-A*24:19,esm2_mean,locus,0,1.0,13696,0.0,-0.13320643
27257,HLA-A*66:01,esm2_mean,locus,0,1.0,13696,0.18232155679395465,0.47533447
27259,HLA-A*02:12,esm2_mean,locus,0,1.0,13696,0.5877866649021191,0.8625872
27260,HLA-A*29:02,esm2_mean,locus,0,1.0,13696,0.4700036292457355,1.4217746
27261,HLA-A*66:01,esm2_mean,locus,0,1.0,13696,0.5877866649021191,0.9184846
27263,HLA-A*33:03,esm2_mean,locus,0,1.0,13696,0.0,1.4467957
27265,HLA-A*30:02,esm2_mean,locus,0,1.0,13696,0.9162907318741551,0.7797041
27266,HLA-A*26:02,esm2_mean,locus,0,1.0,13696,2.0412203288596382,0.17276376
27267,HLA-A*66:01,esm2_mean,locus,0,1.0,13696,0.18232155679395465,0.8836591
27274,HLA-A*80:01,esm2_mean,locus,0,1.0,13696,0.0,0.1062876
27279,HLA-A*26:03,esm2_mean,locus,0,1.0,13696,0.0,0.49797142
27280,HLA-A*30:01,esm2_mean,locus,0,1.0,13696,0.26236426446749106,1.6598461
27286,HLA-A*02:03,esm2_mean,locus,0,1.0,13696,3.686376323895818,1.1935208
27287,HLA-A*02:01,esm2_mean,locus,0,1.0,13696,0.18232155679395465,2.2394826
27288,HLA-A*02:12,esm2_mean,locus,0,1.0,13696,2.517696472610991,1.189939
27290,HLA-A*02:16,esm2_mean,locus,0,1.0,13696,0.26236426446749106,1.3899643
27291,HLA-A*33:03,esm2_mean,locus,0,1.0,13696,4.440295542797857,1.3762519
27298,HLA-A*80:01,esm2_mean,locus,0,1.0,13696,0.0,0.06897533
27301,HLA-A*03:01,esm2_mean,locus,0,1.0,13696,0.5877866649021191,2.0580754
27302,HLA-A*03:01,esm2_mean,locus,0,1.0,13696,1.791759469228055,2.0293794
27303,HLA-A*02:10,esm2_mean,locus,0,1.0,13696,1.4816045409242156,0.45926803
27304,HLA-A*02:16,esm2_mean,locus,0,1.0,13696,1.7578579175523736,1.4400651
27308,HLA-A*68:23,esm2_mean,locus,0,1.0,13696,0.0,0.5851608
27309,HLA-A*30:01,esm2_mean,locus,0,1.0,13696,0.7884573603642702,1.479851
27312,HLA-A*33:03,esm2_mean,locus,0,1.0,13696,0.0,1.4144137
27313,HLA-A*74:01,esm2_mean,locus,0,1.0,13696,3.427514689979529,0.92145914
27316,HLA-A*24:19,esm2_mean,locus,0,1.0,13696,0.18232155679395465,0.28353518
27324,HLA-A*30:02,esm2_mean,locus,0,1.0,13696,2.4765384001174837,0.8682581
27325,HLA-A*80:01,esm2_mean,locus,0,1.0,13696,0.0,-0.033032358
27327,HLA-A*66:01,esm2_mean,locus,0,1.0,13696,0.26236426446749106,0.7345775
27328,HLA-A*24:02,esm2_mean,locus,0,1.0,13696,2.2300144001592104,1.0450629
27334,HLA-A*29:02,esm2_mean,locus,0,1.0,13696,3.190476350346503,1.7797451
27335,HLA-A*30:02,esm2_mean,locus,0,1.0,13696,1.308332819650179,0.6810005
27340,HLA-A*29:02,esm2_mean,locus,0,1.0,13696,1.0296194171811583,1.3765821
27343,HLA-A*32:07,esm2_mean,locus,0,1.0,13696,0.4054651081081644,0.9221906
27344,HLA-A*24:07,esm2_mean,locus,0,1.0,13696,0.18232155679395465,0.7212537
27345,HLA-A*66:01,esm2_mean,locus,0,1.0,13696,0.0,1.0489275
27353,HLA-A*24:19,esm2_mean,locus,0,1.0,13696,0.33647223662121295,0.15216821
27358,HLA-A*24:07,esm2_mean,locus,0,1.0,13696,0.33647223662121295,0.8648075
27359,HLA-A*26:03,esm2_mean,locus,0,1.0,13696,0.26236426446749106,0.6625746
27360,HLA-A*24:02,esm2_mean,locus,0,1.0,13696,0.09531017980432487,0.90617186
27363,HLA-A*24:03,esm2_mean,locus,0,1.0,13696,0.26236426446749106,0.64509404
27364,HLA-A*68:01,esm2_mean,locus,0,1.0,13696,2.8678989020441064,1.7215028
27368,HLA-A*02:11,esm2_mean,locus,0,1.0,13696,0.9555114450274363,1.362382
27369,HLA-A*74:01,esm2_mean,locus,0,1.0,13696,1.589235205116581,0.8366807
27372,HLA-A*26:03,esm2_mean,locus,0,1.0,13696,0.7419373447293773,0.6666047
27375,HLA-A*02:50,esm2_mean,locus,0,1.0,13696,0.9932517730102833,1.7197154
27380,HLA-A*30:01,esm2_mean,locus,0,1.0,13696,3.86702563949741,1.5898858
27382,HLA-A*43:01,esm2_mean,locus,0,1.0,13696,0.0,1.1848321
27385,HLA-A*24:07,esm2_mean,locus,0,1.0,13696,2.3978952727983707,0.6036642
27387,HLA-A*30:02,esm2_mean,locus,0,1.0,13696,1.7578579175523736,0.92271334
27388,HLA-A*24:02,esm2_mean,locus,0,1.0,13696,0.18232155679395465,0.48837635
27391,HLA-A*02:19,esm2_mean,locus,0,1.0,13696,2.2192034840549946,1.6294482
27396,HLA-A*80:01,esm2_mean,locus,0,1.0,13696,0.09531017980432487,0.060140252
27397,HLA-A*02:03,esm2_mean,locus,0,1.0,13696,3.9531649487593215,1.2576404
27410,HLA-A*24:19,esm2_mean,locus,0,1.0,13696,0.4054651081081644,-0.1485272
27411,HLA-A*66:01,esm2_mean,locus,0,1.0,13696,1.7047480922384253,0.8646584
27413,HLA-A*74:01,esm2_mean,locus,0,1.0,13696,2.7536607123542622,0.8562038
27415,HLA-A*26:03,esm2_mean,locus,0,1.0,13696,0.0,0.5943407
27418,HLA-A*24:02,esm2_mean,locus,0,1.0,13696,1.0647107369924282,1.0714009
27419,HLA-A*02:16,esm2_mean,locus,0,1.0,13696,2.89591193827178,1.3126262
27420,HLA-A*74:01,esm2_mean,locus,0,1.0,13696,4.097672352314776,0.83344513
27424,HLA-A*68:23,esm2_mean,locus,0,1.0,13696,0.0,0.6971726
27427,HLA-A*02:19,esm2_mean,locus,0,1.0,13696,1.667706820558076,1.5840852
27431,HLA-A*02:50,esm2_mean,locus,0,1.0,13696,2.9601050959108397,1.758482
27432,HLA-A*30:01,esm2_mean,locus,0,1.0,13696,0.0,1.2096403
27433,HLA-A*43:01,esm2_mean,locus,0,1.0,13696,0.0,0.6854233
27439,HLA-A*26:02,esm2_mean,locus,0,1.0,13696,0.5306282510621704,-0.013874471
27441,HLA-A*24:02,esm2_mean,locus,0,1.0,13696,0.26236426446749106,0.9528959
27442,HLA-A*02:03,esm2_mean,locus,0,1.0,13696,0.5306282510621704,1.2522945
27448,HLA-A*01:01,esm2_mean,locus,0,1.0,13696,0.0,0.56905186
27449,HLA-A*02:03,esm2_mean,locus,0,1.0,13696,0.832909122935104,1.1138558
27450,HLA-A*02:50,esm2_mean,locus,0,1.0,13696,2.0918640616783932,1.884887
27453,HLA-A*32:07,esm2_mean,locus,0,1.0,13696,0.0,0.89458287
27456,HLA-A*74:01,esm2_mean,locus,0,1.0,13696,3.8607297110405954,1.1083099
27459,HLA-A*24:07,esm2_mean,locus,0,1.0,13696,0.33647223662121295,0.4797979
27465,HLA-A*68:23,esm2_mean,locus,0,1.0,13696,1.8870696490323797,0.57846683
27469,HLA-A*02:11,esm2_mean,locus,0,1.0,13696,2.1633230256605382,1.3811977
27470,HLA-A*68:01,esm2_mean,locus,0,1.0,13696,0.18232155679395465,1.4684353
27471,HLA-A*74:01,esm2_mean,locus,0,1.0,13696,2.6946271807700692,0.69881094
27472,HLA-A*74:01,esm2_mean,locus,0,1.0,13696,3.5751506887855933,0.8494845
27474,HLA-A*25:01,esm2_mean,locus,0,1.0,13696,0.4054651081081644,0.4625184
27475,HLA-A*26:03,esm2_mean,locus,0,1.0,13696,0.5306282510621704,0.5697355
27476,HLA-A*30:01,esm2_mean,locus,0,1.0,13696,0.4054651081081644,1.3488194
27477,HLA-A*74:01,esm2_mean,locus,0,1.0,13696,0.4700036292457355,0.7913449
27478,HLA-A*74:01,esm2_mean,locus,0,1.0,13696,0.9555114450274363,0.8186155
27480,HLA-A*02:50,esm2_mean,locus,0,1.0,13696,2.6602595372658615,1.8501467
27482,HLA-A*02:50,esm2_mean,locus,0,1.0,13696,0.7884573603642702,1.7192242
27483,HLA-A*02:16,esm2_mean,locus,0,1.0,13696,2.928523523860541,1.4266696
27484,HLA-A*02:16,esm2_mean,locus,0,1.0,13696,1.840549633397487,1.5079556
27485,HLA-A*68:01,esm2_mean,locus,0,1.0,13696,1.1939224684724346,1.9485576
27488,HLA-A*80:01,esm2_mean,locus,0,1.0,13696,0.09531017980432487,0.61783767
27492,HLA-A*24:19,esm2_mean,locus,0,1.0,13696,0.09531017980432487,-0.28407842
27496,HLA-A*31:01,esm2_mean,locus,0,1.0,13696,1.824549292051046,1.0485749
27500,HLA-A*68:01,esm2_mean,locus,0,1.0,13696,0.9932517730102833,1.7546012
27502,HLA-A*24:19,esm2_mean,locus,0,1.0,13696,1.1939224684724346,0.12251264
27503,HLA-A*66:01,esm2_mean,locus,0,1.0,13696,0.18232155679395465,0.6856686
27504,HLA-A*02:10,esm2_mean,locus,0,1.0,13696,2.70805020110221,0.56984794
27505,HLA-A*02:11,esm2_mean,locus,0,1.0,13696,2.975529566236472,1.3430501
27508,HLA-A*26:02,esm2_mean,locus,0,1.0,13696,0.26236426446749106,-0.16329378
27510,HLA-A*30:01,esm2_mean,locus,0,1.0,13696,0.33647223662121295,1.4375299
27511,HLA-A*29:02,esm2_mean,locus,0,1.0,13696,1.4816045409242156,1.7068329
27512,HLA-A*29:02,esm2_mean,locus,0,1.0,13696,0.8754687373538999,1.5567547
27514,HLA-A*30:01,esm2_mean,locus,0,1.0,13696,1.3862943611198906,1.4259696
27515,HLA-A*32:07,esm2_mean,locus,0,1.0,13696,1.1631508098056809,0.71932995
27516,HLA-A*26:02,esm2_mean,locus,0,1.0,13696,0.26236426446749106,0.29847473
27517,HLA-A*66:01,esm2_mean,locus,0,1.0,13696,0.26236426446749106,0.7485235
27518,HLA-A*26:03,esm2_mean,locus,0,1.0,13696,0.0,0.6925258
27520,HLA-A*26:01,esm2_mean,locus,0,1.0,13696,0.5306282510621704,0.5344087
27522,HLA-A*43:01,esm2_mean,locus,0,1.0,13696,0.18232155679395465,0.79298276
27523,HLA-A*32:07,esm2_mean,locus,0,1.0,13696,0.6418538861723948,0.7774289
27525,HLA-A*26:02,esm2_mean,locus,0,1.0,13696,0.33647223662121295,-0.1969201
27526,HLA-A*68:02,esm2_mean,locus,0,1.0,13696,0.4054651081081644,1.1466125
27527,HLA-A*68:01,esm2_mean,locus,0,1.0,13696,3.2108436531709366,1.9570584
27531,HLA-A*02:19,esm2_mean,locus,0,1.0,13696,2.322387720290225,1.3959622
27536,HLA-A*24:03,esm2_mean,locus,0,1.0,13696,0.8754687373538999,0.37830758
27537,HLA-A*02:10,esm2_mean,locus,0,1.0,13696,1.308332819650179,1.113369
27538,HLA-A*02:50,esm2_mean,locus,0,1.0,13696,1.62924053973028,1.8521377
27546,HLA-A*66:01,esm2_mean,locus,0,1.0,13696,0.0,1.1067424
27547,HLA-A*31:01,esm2_mean,locus,0,1.0,13696,4.091005660956586,1.3762909
27553,HLA-A*24:07,esm2_mean,locus,0,1.0,13696,2.3608540011180215,0.69528157
27555,HLA-A*03:01,esm2_mean,locus,0,1.0,13696,0.9162907318741551,2.0264146
27556,HLA-A*02:50,esm2_mean,locus,0,1.0,13696,2.1041341542702074,1.8523276
27563,HLA-A*24:07,esm2_mean,locus,0,1.0,13696,0.18232155679395465,0.33104414
27564,HLA-A*26:02,esm2_mean,locus,0,1.0,13696,0.832909122935104,-0.0830999
27566,HLA-A*29:02,esm2_mean,locus,0,1.0,13696,2.424802725718295,1.525974
27567,HLA-A*24:19,esm2_mean,locus,0,1.0,13696,0.0,0.023412228
27569,HLA-A*24:02,esm2_mean,locus,0,1.0,13696,0.26236426446749106,1.0882142
27571,HLA-A*68:01,esm2_mean,locus,0,1.0,13696,0.6931471805599453,1.7064909
27576,HLA-A*25:01,esm2_mean,locus,0,1.0,13696,1.2947271675944,0.5849299
27578,HLA-A*43:01,esm2_mean,locus,0,1.0,13696,0.0,0.8306575
27579,HLA-A*24:03,esm2_mean,locus,0,1.0,13696,1.7749523509116738,0.67966115
27580,HLA-A*02:01,esm2_mean,locus,0,1.0,13696,0.9360933591703348,1.6010659
27581,HLA-A*66:01,esm2_mean,locus,0,1.0,13696,0.4700036292457355,1.1650646
27582,HLA-A*66:01,esm2_mean,locus,0,1.0,13696,0.09531017980432487,0.87383336
27583,HLA-A*68:01,esm2_mean,locus,0,1.0,13696,2.4159137783010487,1.2429917
27585,HLA-A*68:23,esm2_mean,locus,0,1.0,13696,0.4054651081081644,0.5375242
27588,HLA-A*03:01,esm2_mean,locus,0,1.0,13696,0.4700036292457355,1.5379171
27590,HLA-A*02:11,esm2_mean,locus,0,1.0,13696,2.827313621929028,1.3493849
27593,HLA-A*24:19,esm2_mean,locus,0,1.0,13696,0.0,0.11035925
27594,HLA-A*24:07,esm2_mean,locus,0,1.0,13696,0.7419373447293773,0.8782117
27595,HLA-A*02:05,esm2_mean,locus,0,1.0,13696,2.1633230256605382,1.6988409
27597,HLA-A*23:01,esm2_mean,locus,0,1.0,13696,0.832909122935104,0.5540388
27601,HLA-A*33:03,esm2_mean,locus,0,1.0,13696,0.8754687373538999,1.2094008
27606,HLA-A*02:10,esm2_mean,locus,0,1.0,13696,0.5306282510621704,0.30545902
27608,HLA-A*02:11,esm2_mean,locus,0,1.0,13696,0.9162907318741551,1.4700712
27612,HLA-A*24:02,esm2_mean,locus,0,1.0,13696,0.0,0.4900664
27615,HLA-A*80:01,esm2_mean,locus,0,1.0,13696,0.26236426446749106,-0.08224577
27616,HLA-A*23:01,esm2_mean,locus,0,1.0,13696,0.26236426446749106,1.0698342
27619,HLA-A*24:07,esm2_mean,locus,0,1.0,13696,0.33647223662121295,0.49123287
27625,HLA-A*30:02,esm2_mean,locus,0,1.0,13696,0.4054651081081644,0.70060325
27632,HLA-A*80:01,esm2_mean,locus,0,1.0,13696,0.18232155679395465,-0.65354055
27633,HLA-A*32:07,esm2_mean,locus,0,1.0,13696,0.0,0.66661525
27636,HLA-A*03:01,esm2_mean,locus,0,1.0,13696,0.0,1.8239138
27640,HLA-A*24:07,esm2_mean,locus,0,1.0,13696,2.6602595372658615,0.58211714
27647,HLA-A*30:02,esm2_mean,locus,0,1.0,13696,0.33647223662121295,0.91421556
27650,HLA-A*31:01,esm2_mean,locus,0,1.0,13696,0.0,1.3383391
27652,HLA-A*24:03,esm2_mean,locus,0,1.0,13696,2.6741486494265287,0.6463163
27661,HLA-A*32:01,esm2_mean,locus,0,1.0,13696,4.063885354737392,1.2137499
27662,HLA-A*02:16,esm2_mean,locus,0,1.0,13696,3.835141961092188,1.560211
27663,HLA-A*33:03,esm2_mean,locus,0,1.0,13696,0.0,1.0797955
27669,HLA-A*02:11,esm2_mean,locus,0,1.0,13696,1.2809338454620642,1.2013578
27670,HLA-A*33:03,esm2_mean,locus,0,1.0,13696,0.6418538861723948,1.0482521
27672,HLA-A*24:19,esm2_mean,locus,0,1.0,13696,0.0,-0.03470391
27675,HLA-A*30:02,esm2_mean,locus,0,1.0,13696,0.5306282510621704,0.90483755
27676,HLA-A*32:07,esm2_mean,locus,0,1.0,13696,0.18232155679395465,0.56324756
27678,HLA-A*02:11,esm2_mean,locus,0,1.0,13696,2.772588722239781,1.3665426
27680,HLA-A*68:23,esm2_mean,locus,0,1.0,13696,0.0,0.8250867
27682,HLA-A*02:10,esm2_mean,locus,0,1.0,13696,0.26236426446749106,1.0163794
27683,HLA-A*02:50,esm2_mean,locus,0,1.0,13696,2.8213788864092133,1.8466952
27686,HLA-A*29:02,esm2_mean,locus,0,1.0,13696,0.18232155679395465,1.438384
27691,HLA-A*80:01,esm2_mean,locus,0,1.0,13696,0.33647223662121295,0.049160957
27692,HLA-A*23:01,esm2_mean,locus,0,1.0,13696,2.312535423847214,0.8469322
27694,HLA-A*24:07,esm2_mean,locus,0,1.0,13696,2.9231615807191558,0.4859982
27695,HLA-A*24:07,esm2_mean,locus,0,1.0,13696,0.5306282510621704,0.69984335
27700,HLA-A*74:01,esm2_mean,locus,0,1.0,13696,1.9021075263969205,0.93799376
27702,HLA-A*66:01,esm2_mean,locus,0,1.0,13696,0.0,0.5545337
27704,HLA-A*24:02,esm2_mean,locus,0,1.0,13696,0.18232155679395465,1.1732908
27705,HLA-A*02:01,esm2_mean,locus,0,1.0,13696,2.8535925063928684,1.672411
27706,HLA-A*02:10,esm2_mean,locus,0,1.0,13696,0.7419373447293773,0.5787933
27709,HLA-A*26:03,esm2_mean,locus,0,1.0,13696,0.0,0.8150814
27711,HLA-A*02:10,esm2_mean,locus,0,1.0,13696,3.152736022363656,0.8568467
27716,HLA-A*30:02,esm2_mean,locus,0,1.0,13696,0.4054651081081644,0.9719901
27717,HLA-A*26:02,esm2_mean,locus,0,1.0,13696,1.410986973710262,0.0052190423
27719,HLA-A*24:02,esm2_mean,locus,0,1.0,13696,0.9932517730102833,0.47813675
27720,HLA-A*24:03,esm2_mean,locus,0,1.0,13696,2.7788192719904172,0.6512358
27722,HLA-A*11:01,esm2_mean,locus,0,1.0,13696,3.169685580677429,1.1271334
27728,HLA-A*24:19,esm2_mean,locus,0,1.0,13696,0.0,-0.07482535
27729,HLA-A*66:01,esm2_mean,locus,0,1.0,13696,0.5877866649021191,0.62643796
27734,HLA-A*11:01,esm2_mean,locus,0,1.0,13696,4.210645017918261,1.3536173
27742,HLA-A*66:01,esm2_mean,locus,0,1.0,13696,1.0986122886681098,0.9565709
27744,HLA-A*24:02,esm2_mean,locus,0,1.0,13696,0.9932517730102833,1.1946694
27747,HLA-A*30:02,esm2_mean,locus,0,1.0,13696,0.18232155679395465,0.9140209
27749,HLA-A*02:50,esm2_mean,locus,0,1.0,13696,0.7884573603642702,1.7833543
27750,HLA-A*02:16,esm2_mean,locus,0,1.0,13696,1.410986973710262,1.4886656
27752,HLA-A*25:01,esm2_mean,locus,0,1.0,13696,0.4700036292457355,0.6936658
27753,HLA-A*25:01,esm2_mean,locus,0,1.0,13696,1.1939224684724346,0.53158104
27754,HLA-A*26:02,esm2_mean,locus,0,1.0,13696,2.174751721484161,-0.054249227
27755,HLA-A*24:02,esm2_mean,locus,0,1.0,13696,1.252762968495368,1.0406333
27757,HLA-A*02:12,esm2_mean,locus,0,1.0,13696,1.6094379124341003,1.2627459
27758,HLA-A*31:01,esm2_mean,locus,0,1.0,13696,0.18232155679395465,1.2790954
27760,HLA-A*33:03,esm2_mean,locus,0,1.0,13696,0.0,1.3862853
27766,HLA-A*32:07,esm2_mean,locus,0,1.0,13696,0.0,1.3564749
27767,HLA-A*02:19,esm2_mean,locus,0,1.0,13696,0.26236426446749106,1.6909847
27768,HLA-A*02:19,esm2_mean,locus,0,1.0,13696,0.4700036292457355,1.5993257
27772,HLA-A*23:01,esm2_mean,locus,0,1.0,13696,3.417726683613366,0.9838358
27775,HLA-A*31:01,esm2_mean,locus,0,1.0,13696,3.6913763343125234,1.2061665
27776,HLA-A*30:01,esm2_mean,locus,0,1.0,13696,0.18232155679395465,1.0821013
27777,HLA-A*24:19,esm2_mean,locus,0,1.0,13696,0.0,-0.18182582
27778,HLA-A*02:11,esm2_mean,locus,0,1.0,13696,3.202746442938317,1.6339848
27779,HLA-A*43:01,esm2_mean,locus,0,1.0,13696,0.0,0.77818525
27781,HLA-A*02:19,esm2_mean,locus,0,1.0,13696,1.0986122886681098,1.6491327
27783,HLA-A*80:01,esm2_mean,locus,0,1.0,13696,0.4700036292457355,0.1796121
27785,HLA-A*68:01,esm2_mean,locus,0,1.0,13696,0.26236426446749106,1.8766965
27787,HLA-A*02:16,esm2_mean,locus,0,1.0,13696,2.7013612129514133,1.4559809
27790,HLA-A*29:02,esm2_mean,locus,0,1.0,13696,0.7884573603642702,1.8331044
27791,HLA-A*26:03,esm2_mean,locus,0,1.0,13696,0.4700036292457355,1.0049922
27792,HLA-A*24:02,esm2_mean,locus,0,1.0,13696,2.6026896854443837,0.53301865
27798,HLA-A*24:02,esm2_mean,locus,0,1.0,13696,1.5040773967762742,0.53004754
27800,HLA-A*74:01,esm2_mean,locus,0,1.0,13696,3.4531571205928664,0.8588202
27802,HLA-A*80:01,esm2_mean,locus,0,1.0,13696,0.0,0.23653167
27803,HLA-A*23:01,esm2_mean,locus,0,1.0,13696,3.214867803470662,1.0797735
27804,HLA-A*26:03,esm2_mean,locus,0,1.0,13696,0.6418538861723948,0.5554768
27812,HLA-A*30:02,esm2_mean,locus,0,1.0,13696,0.18232155679395465,1.0424663
27818,HLA-A*32:07,esm2_mean,locus,0,1.0,13696,0.0,0.5385283
27819,HLA-A*24:19,esm2_mean,locus,0,1.0,13696,0.09531017980432487,-0.07453805
27820,HLA-A*24:07,esm2_mean,locus,0,1.0,13696,3.2771447329921766,0.4569704
27821,HLA-A*66:01,esm2_mean,locus,0,1.0,13696,0.0,0.8013151
27826,HLA-A*33:03,esm2_mean,locus,0,1.0,13696,2.1633230256605382,1.0069126
27834,HLA-A*26:03,esm2_mean,locus,0,1.0,13696,1.547562508716013,0.631024
27837,HLA-A*80:01,esm2_mean,locus,0,1.0,13696,0.0,0.19153637
27841,HLA-A*02:10,esm2_mean,locus,0,1.0,13696,1.1631508098056809,0.5686104
27842,HLA-A*68:01,esm2_mean,locus,0,1.0,13696,0.0,1.8090291
27846,HLA-A*02:11,esm2_mean,locus,0,1.0,13696,3.3105430133940246,1.427629
27847,HLA-A*02:11,esm2_mean,locus,0,1.0,13696,1.824549292051046,1.6137705
27851,HLA-A*23:01,esm2_mean,locus,0,1.0,13696,1.0647107369924282,0.75725436
27852,HLA-A*66:01,esm2_mean,locus,0,1.0,13696,0.33647223662121295,0.87089276
27859,HLA-A*80:01,esm2_mean,locus,0,1.0,13696,0.0,0.24659699
27864,HLA-A*74:01,esm2_mean,locus,0,1.0,13696,3.5890591188317256,0.90455973
27865,HLA-A*74:01,esm2_mean,locus,0,1.0,13696,0.4700036292457355,0.5797542
27869,HLA-A*33:03,esm2_mean,locus,0,1.0,13696,0.5306282510621704,1.1018443
27871,HLA-A*43:01,esm2_mean,locus,0,1.0,13696,0.4054651081081644,0.89860606
27873,HLA-A*26:02,esm2_mean,locus,0,1.0,13696,0.7884573603642702,-0.21129483
27875,HLA-A*02:50,esm2_mean,locus,0,1.0,13696,1.5260563034950494,1.836035
27876,HLA-A*33:03,esm2_mean,locus,0,1.0,13696,0.0,1.1214443
27877,HLA-A*30:02,esm2_mean,locus,0,1.0,13696,2.5726122302071057,0.9615387
27882,HLA-A*02:01,esm2_mean,locus,0,1.0,13696,0.8754687373538999,1.5520779
27885,HLA-A*32:07,esm2_mean,locus,0,1.0,13696,4.366912996863833,0.79811084
27886,HLA-A*24:03,esm2_mean,locus,0,1.0,13696,1.2809338454620642,1.02935
27893,HLA-A*29:02,esm2_mean,locus,0,1.0,13696,3.1354942159291497,1.652221
27894,HLA-A*30:02,esm2_mean,locus,0,1.0,13696,0.26236426446749106,1.070854
27895,HLA-A*32:07,esm2_mean,locus,0,1.0,13696,0.0,0.6765771
27896,HLA-A*24:07,esm2_mean,locus,0,1.0,13696,3.5234150143864045,1.2064233
27897,HLA-A*26:02,esm2_mean,locus,0,1.0,13696,2.2617630984737906,-0.20173436
27898,HLA-A*02:03,esm2_mean,locus,0,1.0,13696,0.26236426446749106,1.3752548
27900,HLA-A*26:03,esm2_mean,locus,0,1.0,13696,2.928523523860541,0.768823
27901,HLA-A*30:01,esm2_mean,locus,0,1.0,13696,0.5877866649021191,1.4062165
27902,HLA-A*74:01,esm2_mean,locus,0,1.0,13696,2.580216829592325,0.4776078
27904,HLA-A*03:01,esm2_mean,locus,0,1.0,13696,2.2300144001592104,2.0320075
27906,HLA-A*02:01,esm2_mean,locus,0,1.0,13696,0.4382549309311553,1.7615614
27907,HLA-A*26:03,esm2_mean,locus,0,1.0,13696,1.2237754316221157,0.68632597
27912,HLA-A*02:10,esm2_mean,locus,0,1.0,13696,1.1939224684724346,0.54182243
27918,HLA-A*24:19,esm2_mean,locus,0,1.0,13696,0.18232155679395465,-0.044119418
27919,HLA-A*68:23,esm2_mean,locus,0,1.0,13696,0.5306282510621704,0.5299121
27921,HLA-A*11:01,esm2_mean,locus,0,1.0,13696,0.5306282510621704,1.2924488
27923,HLA-A*30:02,esm2_mean,locus,0,1.0,13696,1.62924053973028,0.6827968
27925,HLA-A*26:03,esm2_mean,locus,0,1.0,13696,0.0,0.5016518
27927,HLA-A*33:03,esm2_mean,locus,0,1.0,13696,0.0,1.4226316
27928,HLA-A*32:07,esm2_mean,locus,0,1.0,13696,1.791759469228055,0.8442149
27933,HLA-A*24:19,esm2_mean,locus,0,1.0,13696,0.26236426446749106,0.06833762
27938,HLA-A*02:10,esm2_mean,locus,0,1.0,13696,0.4054651081081644,1.0162411
27940,HLA-A*02:03,esm2_mean,locus,0,1.0,13696,0.0,1.2255611
27941,HLA-A*31:01,esm2_mean,locus,0,1.0,13696,1.4350845252893227,1.52296
27944,HLA-A*01:01,esm2_mean,locus,0,1.0,13696,0.6471032420585385,0.7192558
27945,HLA-A*68:01,esm2_mean,locus,0,1.0,13696,2.928523523860541,1.7119634
27946,HLA-A*30:02,esm2_mean,locus,0,1.0,13696,0.5306282510621704,0.89901805
27947,HLA-A*23:01,esm2_mean,locus,0,1.0,13696,3.068052935133617,1.1227986
27948,HLA-A*25:01,esm2_mean,locus,0,1.0,13696,0.8754687373538999,0.5223162
27949,HLA-A*33:03,esm2_mean,locus,0,1.0,13696,1.7227665977411035,1.198895
27951,HLA-A*24:07,esm2_mean,locus,0,1.0,13696,0.4054651081081644,0.6418332
27952,HLA-A*02:19,esm2_mean,locus,0,1.0,13696,2.0541237336955462,1.5561361
27953,HLA-A*33:03,esm2_mean,locus,0,1.0,13696,0.0,0.9037657
27956,HLA-A*29:02,esm2_mean,locus,0,1.0,13696,0.6931471805599453,1.5551682
27957,HLA-A*30:02,esm2_mean,locus,0,1.0,13696,0.18232155679395465,0.7629989
27961,HLA-A*03:01,esm2_mean,locus,0,1.0,13696,0.33647223662121295,1.8245347
27964,HLA-A*24:07,esm2_mean,locus,0,1.0,13696,1.4586150226995167,0.617472
27966,HLA-A*02:10,esm2_mean,locus,0,1.0,13696,2.33214389523559,0.8657634
27968,HLA-A*30:02,esm2_mean,locus,0,1.0,13696,0.4054651081081644,0.90039563
27970,HLA-A*30:01,esm2_mean,locus,0,1.0,13696,1.7404661748405046,1.408344
27972,HLA-A*29:02,esm2_mean,locus,0,1.0,13696,0.4700036292457355,1.5647933
27975,HLA-A*02:12,esm2_mean,locus,0,1.0,13696,3.449987545831587,1.2957041
27976,HLA-A*24:19,esm2_mean,locus,0,1.0,13696,0.0,0.49847224
27979,HLA-A*02:11,esm2_mean,locus,0,1.0,13696,2.5572273113676265,1.2236079
27980,HLA-A*03:01,esm2_mean,locus,0,1.0,13696,3.100092288878234,2.314181
27983,HLA-A*30:02,esm2_mean,locus,0,1.0,13696,0.4700036292457355,1.0411623
27986,HLA-A*02:12,esm2_mean,locus,0,1.0,13696,1.9021075263969205,1.2092286
27989,HLA-A*29:02,esm2_mean,locus,0,1.0,13696,0.9162907318741551,1.8229142
27991,HLA-A*02:01,esm2_mean,locus,0,1.0,13696,3.0106208860477417,1.6242256
27992,HLA-A*02:11,esm2_mean,locus,0,1.0,13696,2.0794415416798357,1.4818904
27995,HLA-A*23:01,esm2_mean,locus,0,1.0,13696,2.341805806147327,1.1966219
27998,HLA-A*02:16,esm2_mean,locus,0,1.0,13696,1.6863989535702288,1.0203254
27999,HLA-A*32:07,esm2_mean,locus,0,1.0,13696,0.4054651081081644,0.7875451
28001,HLA-A*26:03,esm2_mean,locus,0,1.0,13696,1.6863989535702288,0.66000545
28004,HLA-A*02:12,esm2_mean,locus,0,1.0,13696,3.6584202466292277,1.5076035
28007,HLA-A*29:02,esm2_mean,locus,0,1.0,13696,0.18232155679395465,1.2999698
28008,HLA-A*68:23,esm2_mean,locus,0,1.0,13696,3.3463891451671604,0.29616678
28009,HLA-A*02:03,esm2_mean,locus,0,1.0,13696,2.1041341542702074,0.75355566
28010,HLA-A*02:01,esm2_mean,locus,0,1.0,13696,0.9932517730102833,1.3951316
28011,HLA-A*74:01,esm2_mean,locus,0,1.0,13696,0.0,0.9023412
28014,HLA-A*32:01,esm2_mean,locus,0,1.0,13696,0.0,0.7612524
28015,HLA-A*02:10,esm2_mean,locus,0,1.0,13696,1.0647107369924282,0.26979357
28021,HLA-A*66:01,esm2_mean,locus,0,1.0,13696,0.0,0.8692049
28022,HLA-A*02:11,esm2_mean,locus,0,1.0,13696,0.5877866649021191,1.3314663
28023,HLA-A*29:02,esm2_mean,locus,0,1.0,13696,1.2809338454620642,1.470098
28024,HLA-A*24:03,esm2_mean,locus,0,1.0,13696,0.7884573603642702,0.56794405
28025,HLA-A*24:19,esm2_mean,locus,0,1.0,13696,1.0647107369924282,0.095422745
28026,HLA-A*66:01,esm2_mean,locus,0,1.0,13696,0.26236426446749106,0.77390856
28028,HLA-A*74:01,esm2_mean,locus,0,1.0,13696,1.1939224684724346,0.58493596
28029,HLA-A*74:01,esm2_mean,locus,0,1.0,13696,0.4700036292457355,0.46412027
28032,HLA-A*30:02,esm2_mean,locus,0,1.0,13696,0.26236426446749106,1.3004355
28034,HLA-A*02:50,esm2_mean,locus,0,1.0,13696,1.3609765531356006,2.0498674
28035,HLA-A*68:01,esm2_mean,locus,0,1.0,13696,0.0,1.9014132
28038,HLA-A*30:02,esm2_mean,locus,0,1.0,13696,0.0,0.8696442
28039,HLA-A*24:19,esm2_mean,locus,0,1.0,13696,0.09531017980432487,0.08195865
28045,HLA-A*24:19,esm2_mean,locus,0,1.0,13696,0.18232155679395465,0.1066761
28048,HLA-A*30:01,esm2_mean,locus,0,1.0,13696,0.33647223662121295,1.3477507
28049,HLA-A*31:01,esm2_mean,locus,0,1.0,13696,1.9600947840472698,1.1277809
28054,HLA-A*02:16,esm2_mean,locus,0,1.0,13696,2.2082744135228043,1.4811639
28058,HLA-A*23:01,esm2_mean,locus,0,1.0,13696,2.7788192719904172,0.6999616
28060,HLA-A*02:19,esm2_mean,locus,0,1.0,13696,2.1400661634962708,1.4170129
28063,HLA-A*68:01,esm2_mean,locus,0,1.0,13696,1.9600947840472698,1.6558537
28064,HLA-A*02:50,esm2_mean,locus,0,1.0,13696,2.747270914255491,1.6961727
28065,HLA-A*02:50,esm2_mean,locus,0,1.0,13696,2.797281334830153,1.9026456
28066,HLA-A*02:19,esm2_mean,locus,0,1.0,13696,2.928523523860541,1.3403099
28069,HLA-A*30:02,esm2_mean,locus,0,1.0,13696,0.33647223662121295,0.793741
28071,HLA-A*25:01,esm2_mean,locus,0,1.0,13696,0.0,0.60860544
28076,HLA-A*01:01,esm2_mean,locus,0,1.0,13696,0.7371640659767197,0.47168058
28077,HLA-A*01:01,esm2_mean,locus,0,1.0,13696,0.3987761199573678,0.75629735
28078,HLA-A*02:50,esm2_mean,locus,0,1.0,13696,2.714694743820879,1.8755684
28079,HLA-A*02:50,esm2_mean,locus,0,1.0,13696,2.6602595372658615,1.5698382
28080,HLA-A*30:01,esm2_mean,locus,0,1.0,13696,3.7796338173824005,1.3129617
28082,HLA-A*02:11,esm2_mean,locus,0,1.0,13696,0.832909122935104,1.1170044
28083,HLA-A*02:50,esm2_mean,locus,0,1.0,13696,2.3513752571634776,1.8137814
28085,HLA-A*68:23,esm2_mean,locus,0,1.0,13696,0.5877866649021191,0.6026402
28088,HLA-A*24:03,esm2_mean,locus,0,1.0,13696,0.09531017980432487,0.57157314
28089,HLA-A*02:50,esm2_mean,locus,0,1.0,13696,2.1400661634962708,1.2231604
28090,HLA-A*68:01,esm2_mean,locus,0,1.0,13696,0.26236426446749106,1.4871168
28091,HLA-A*29:02,esm2_mean,locus,0,1.0,13696,1.9740810260220096,1.7456572
28092,HLA-A*30:02,esm2_mean,locus,0,1.0,13696,0.18232155679395465,0.8683753
28093,HLA-A*32:07,esm2_mean,locus,0,1.0,13696,0.6418538861723948,0.4832086
28094,HLA-A*02:12,esm2_mean,locus,0,1.0,13696,3.246490991901174,1.0649061
28095,HLA-A*30:02,esm2_mean,locus,0,1.0,13696,0.4700036292457355,0.7645853
28096,HLA-A*23:01,esm2_mean,locus,0,1.0,13696,2.2617630984737906,0.813587
28098,HLA-A*02:10,esm2_mean,locus,0,1.0,13696,1.7227665977411035,0.7885819
28099,HLA-A*02:19,esm2_mean,locus,0,1.0,13696,2.7536607123542622,1.4530053
28105,HLA-A*29:02,esm2_mean,locus,0,1.0,13696,0.5306282510621704,1.5549419
28106,HLA-A*26:02,esm2_mean,locus,0,1.0,13696,0.4054651081081644,-0.27999693
28107,HLA-A*02:10,esm2_mean,locus,0,1.0,13696,0.18232155679395465,0.52099776
28108,HLA-A*29:02,esm2_mean,locus,0,1.0,13696,0.6418538861723948,1.5867689
28109,HLA-A*26:02,esm2_mean,locus,0,1.0,13696,0.4054651081081644,0.08518398
28113,HLA-A*02:01,esm2_mean,locus,0,1.0,13696,2.341805806147327,1.5431201
28114,HLA-A*02:16,esm2_mean,locus,0,1.0,13696,0.4054651081081644,1.418658
28115,HLA-A*33:03,esm2_mean,locus,0,1.0,13696,0.0,1.5189122
28118,HLA-A*26:02,esm2_mean,locus,0,1.0,13696,0.5877866649021191,-0.028420508
28121,HLA-A*68:23,esm2_mean,locus,0,1.0,13696,1.0296194171811583,0.4549582
28123,HLA-A*03:01,esm2_mean,locus,0,1.0,13696,3.6000482404073204,2.2018547
28128,HLA-A*02:16,esm2_mean,locus,0,1.0,13696,1.3862943611198906,1.0126815
28129,HLA-A*68:01,esm2_mean,locus,0,1.0,13696,0.0,2.081563
28132,HLA-A*33:03,esm2_mean,locus,0,1.0,13696,0.0,1.3633797
28135,HLA-A*02:05,esm2_mean,locus,0,1.0,13696,0.9555114450274363,1.9283913
28136,HLA-A*02:16,esm2_mean,locus,0,1.0,13696,3.1945831322991562,1.4936335
28137,HLA-A*30:01,esm2_mean,locus,0,1.0,13696,0.6931471805599453,1.361372
28138,HLA-A*68:01,esm2_mean,locus,0,1.0,13696,0.33647223662121295,1.6246946
28142,HLA-A*23:01,esm2_mean,locus,0,1.0,13696,3.6838669122903918,0.88059
28143,HLA-A*26:02,esm2_mean,locus,0,1.0,13696,0.26236426446749106,-0.14871544
28144,HLA-A*68:01,esm2_mean,locus,0,1.0,13696,3.6686767467964168,1.4048656
28145,HLA-A*68:01,esm2_mean,locus,0,1.0,13696,4.084294226368599,1.5567374
28146,HLA-A*74:01,esm2_mean,locus,0,1.0,13696,3.4468078929142076,0.766552
28149,HLA-A*24:02,esm2_mean,locus,0,1.0,13696,1.33500106673234,1.2438263
28150,HLA-A*02:50,esm2_mean,locus,0,1.0,13696,2.803360380906535,1.6499922
28154,HLA-A*02:03,esm2_mean,locus,0,1.0,13696,3.104586678466073,1.1941293
28156,HLA-A*29:02,esm2_mean,locus,0,1.0,13696,2.2407096892759584,1.5738298
28162,HLA-A*33:03,esm2_mean,locus,0,1.0,13696,0.0,1.3077607
28163,HLA-A*11:01,esm2_mean,locus,0,1.0,13696,0.5306282510621704,1.5176456
