row_index,allele,arm,split_regime,fold,fraction,n_train,y_true,y_pred
0,HLA-A*02:01,esm2_joint,locus,0,1.0,13696,1.0296194171811583,0.30416256
1,HLA-A*02:01,esm2_joint,locus,0,1.0,13696,0.09531017980432487,0.4427784
2,HLA-A*02:01,esm2_joint,locus,0,1.0,13696,0.09531017980432487,0.0023391247
3,HLA-A*02:01,esm2_joint,locus,0,1.0,13696,0.09531017980432487,0.7497986
4,HLA-A*02:01,esm2_joint,locus,0,1.0,13696,0.09531017980432487,0.42765045
5,HLA-A*02:01,esm2_joint,locus,0,1.0,13696,0.09531017980432487,0.5814185
6,HLA-A*02:01,esm2_joint,locus,0,1.0,13696,0.09531017980432487,0.9979118
7,HLA-A*03:01,esm2_joint,locus,0,1.0,13696,0.26236426446749106,0.5055696
8,HLA-A*03:01,esm2_joint,locus,0,1.0,13696,0.18232155679395465,0.90606606
9,HLA-A*03:01,esm2_joint,locus,0,1.0,13696,0.0,0.9043356
10,HLA-A*30:01,esm2_joint,locus,0,1.0,13696,0.0,0.6476054
11,HLA-A*30:01,esm2_joint,locus,0,1.0,13696,0.4054651081081644,0.50365424
37,HLA-A*01:01,esm2_joint,locus,0,1.0,13696,1.1631508098056809,0.37993437
38,HLA-A*01:01,esm2_joint,locus,0,1.0,13696,2.0794415416798357,0.48061866
39,HLA-A*01:01,esm2_joint,locus,0,1.0,13696,0.18232155679395465,0.70963144
40,HLA-A*01:01,esm2_joint,locus,0,1.0,13696,0.33647223662121295,0.5419007
41,HLA-A*01:01,esm2_joint,locus,0,1.0,13696,0.5306282510621704,1.2901046
42,HLA-A*02:01,esm2_joint,locus,0,1.0,13696,2.714694743820879,0.086189926
43,HLA-A*02:01,esm2_joint,locus,0,1.0,13696,2.5217206229107165,0.2691505
44,HLA-A*02:01,esm2_joint,locus,0,1.0,13696,2.2407096892759584,-0.15472382
45,HLA-A*02:01,esm2_joint,locus,0,1.0,13696,1.1631508098056809,-0.47777694
46,HLA-A*02:01,esm2_joint,locus,0,1.0,13696,2.379546134130174,0.01361686
47,HLA-A*02:01,esm2_joint,locus,0,1.0,13696,1.7047480922384253,0.81599605
48,HLA-A*02:01,esm2_joint,locus,0,1.0,13696,1.62924053973028,0.79933363
49,HLA-A*02:01,esm2_joint,locus,0,1.0,13696,1.0986122886681098,0.59046483
50,HLA-A*02:01,esm2_joint,locus,0,1.0,13696,2.3608540011180215,0.7676863
51,HLA-A*02:01,esm2_joint,locus,0,1.0,13696,1.308332819650179,0.65601045
52,HLA-A*02:01,esm2_joint,locus,0,1.0,13696,1.8562979903656263,0.004893303
53,HLA-A*02:01,esm2_joint,locus,0,1.0,13696,3.1484533605716547,0.5772868
54,HLA-A*02:01,esm2_joint,locus,0,1.0,13696,3.1945831322991562,0.5118117
55,HLA-A*02:01,esm2_joint,locus,0,1.0,13696,1.9315214116032138,0.08641869
56,HLA-A*02:01,esm2_joint,locus,0,1.0,13696,2.341805806147327,0.46837556
57,HLA-A*02:01,esm2_joint,locus,0,1.0,13696,0.4054651081081644,0.7972512
58,HLA-A*02:01,esm2_joint,locus,0,1.0,13696,1.9459101490553132,0.0013688803
59,HLA-A*02:01,esm2_joint,locus,0,1.0,13696,2.028148247292285,0.3574658
60,HLA-A*02:01,esm2_joint,locus,0,1.0,13696,1.252762968495368,0.21847135
61,HLA-A*02:01,esm2_joint,locus,0,1.0,13696,0.7419373447293773,0.033791244
62,HLA-A*02:01,esm2_joint,locus,0,1.0,13696,0.8754687373538999,-0.353921
63,HLA-A*02:01,esm2_joint,locus,0,1.0,13696,0.9555114450274363,0.23725057
64,HLA-A*02:01,esm2_joint,locus,0,1.0,13696,0.33647223662121295,0.47004336
65,HLA-A*02:01,esm2_joint,locus,0,1.0,13696,3.32862668882732,0.5008931
66,HLA-A*02:01,esm2_joint,locus,0,1.0,13696,0.6418538861723948,-0.002106607
67,HLA-A*02:01,esm2_joint,locus,0,1.0,13696,3.0032042883926917,0.30813533
68,HLA-A*02:01,esm2_joint,locus,0,1.0,13696,0.33647223662121295,0.2803675
69,HLA-A*02:01,esm2_joint,locus,0,1.0,13696,1.0986122886681098,0.57789993
70,HLA-A*02:01,esm2_joint,locus,0,1.0,13696,2.128231705849268,0.32501096
71,HLA-A*02:01,esm2_joint,locus,0,1.0,13696,1.252762968495368,0.4802575
72,HLA-A*02:01,esm2_joint,locus,0,1.0,13696,0.5306282510621704,0.6825596
73,HLA-A*02:01,esm2_joint,locus,0,1.0,13696,0.09531017980432487,-0.1926884
74,HLA-A*02:01,esm2_joint,locus,0,1.0,13696,0.09531017980432487,0.24338347
75,HLA-A*02:01,esm2_joint,locus,0,1.0,13696,0.18232155679395465,0.53043437
76,HLA-A*02:01,esm2_joint,locus,0,1.0,13696,0.09531017980432487,0.5617293
77,HLA-A*02:01,esm2_joint,locus,0,1.0,13696,0.09531017980432487,0.41901332
78,HLA-A*02:01,esm2_joint,locus,0,1.0,13696,0.09531017980432487,0.3925892
79,HLA-A*02:01,esm2_joint,locus,0,1.0,13696,0.09531017980432487,0.33246624
80,HLA-A*02:01,esm2_joint,locus,0,1.0,13696,0.09531017980432487,0.3905124
81,HLA-A*02:01,esm2_joint,locus,0,1.0,13696,0.09531017980432487,-0.3366267
82,HLA-A*02:01,esm2_joint,locus,0,1.0,13696,0.09531017980432487,0.64289653
83,HLA-A*02:01,esm2_joint,locus,0,1.0,13696,0.09531017980432487,0.94103247
84,HLA-A*02:01,esm2_joint,locus,0,1.0,13696,0.09531017980432487,1.0037501
85,HLA-A*02:01,esm2_joint,locus,0,1.0,13696,0.09531017980432487,1.0201757
86,HLA-A*03:01,esm2_joint,locus,0,1.0,13696,1.3862943611198906,1.1148777
87,HLA-A*03:01,esm2_joint,locus,0,1.0,13696,0.18232155679395465,0.92901313
88,HLA-A*03:01,esm2_joint,locus,0,1.0,13696,2.9231615807191558,1.3862332
89,HLA-A*03:01,esm2_joint,locus,0,1.0,13696,2.468099531471619,0.69668216
90,HLA-A*03:01,esm2_joint,locus,0,1.0,13696,4.393213824064446,1.0149744
91,HLA-A*03:01,esm2_joint,locus,0,1.0,13696,2.995732273553991,0.45524287
92,HLA-A*03:01,esm2_joint,locus,0,1.0,13696,0.5306282510621704,1.2194138
93,HLA-A*03:01,esm2_joint,locus,0,1.0,13696,2.302585092994046,1.0358346
94,HLA-A*03:01,esm2_joint,locus,0,1.0,13696,0.26236426446749106,1.0007439
95,HLA-A*03:01,esm2_joint,locus,0,1.0,13696,2.028148247292285,1.0092893
96,HLA-A*03:01,esm2_joint,locus,0,1.0,13696,3.3105430133940246,1.2624463
97,HLA-A*03:01,esm2_joint,locus,0,1.0,13696,0.5877866649021191,1.2145354
98,HLA-A*03:01,esm2_joint,locus,0,1.0,13696,1.5040773967762742,0.9357248
99,HLA-A*03:01,esm2_joint,locus,0,1.0,13696,2.1162555148025524,1.1407578
100,HLA-A*03:01,esm2_joint,locus,0,1.0,13696,0.6418538861723948,1.0156816
101,HLA-A*03:01,esm2_joint,locus,0,1.0,13696,0.6931471805599453,1.0221508
102,HLA-A*03:01,esm2_joint,locus,0,1.0,13696,3.535145354171894,1.1962172
103,HLA-A*03:01,esm2_joint,locus,0,1.0,13696,0.5306282510621704,1.0488265
104,HLA-A*03:01,esm2_joint,locus,0,1.0,13696,1.840549633397487,0.9392422
105,HLA-A*03:01,esm2_joint,locus,0,1.0,13696,0.33647223662121295,1.0429637
106,HLA-A*03:01,esm2_joint,locus,0,1.0,13696,0.33647223662121295,0.5882156
107,HLA-A*03:01,esm2_joint,locus,0,1.0,13696,2.468099531471619,1.1475765
108,HLA-A*03:01,esm2_joint,locus,0,1.0,13696,0.8754687373538999,1.5252383
109,HLA-A*03:01,esm2_joint,locus,0,1.0,13696,3.0252910757955354,1.1051737
110,HLA-A*03:01,esm2_joint,locus,0,1.0,13696,2.9444389791664403,0.70216393
111,HLA-A*03:01,esm2_joint,locus,0,1.0,13696,0.6931471805599453,1.0325258
112,HLA-A*03:01,esm2_joint,locus,0,1.0,13696,2.2407096892759584,0.8368057
113,HLA-A*03:01,esm2_joint,locus,0,1.0,13696,2.6390573296152584,0.7494555
114,HLA-A*03:01,esm2_joint,locus,0,1.0,13696,0.7884573603642702,0.42567515
115,HLA-A*03:01,esm2_joint,locus,0,1.0,13696,4.141546163706395,1.2373068
116,HLA-A*03:01,esm2_joint,locus,0,1.0,13696,0.18232155679395465,1.1796125
117,HLA-A*03:01,esm2_joint,locus,0,1.0,13696,3.765840495250065,1.391048
118,HLA-A*03:01,esm2_joint,locus,0,1.0,13696,4.021773869387265,1.462765
119,HLA-A*03:01,esm2_joint,locus,0,1.0,13696,0.5306282510621704,0.86742026
120,HLA-A*03:01,esm2_joint,locus,0,1.0,13696,0.18232155679395465,1.1336583
121,HLA-A*03:01,esm2_joint,locus,0,1.0,13696,1.7227665977411035,1.2852571
122,HLA-A*03:01,esm2_joint,locus,0,1.0,13696,0.26236426446749106,1.1692348
123,HLA-A*03:01,esm2_joint,locus,0,1.0,13696,0.4054651081081644,1.207892
124,HLA-A*03:01,esm2_joint,locus,0,1.0,13696,0.18232155679395465,1.1453469
125,HLA-A*03:01,esm2_joint,locus,0,1.0,13696,0.26236426446749106,0.43818665
126,HLA-A*03:01,esm2_joint,locus,0,1.0,13696,1.8718021769015913,1.0917554
127,HLA-A*03:01,esm2_joint,locus,0,1.0,13696,0.8754687373538999,0.8870928
128,HLA-A*03:01,esm2_joint,locus,0,1.0,13696,0.33647223662121295,0.61556643
129,HLA-A*03:01,esm2_joint,locus,0,1.0,13696,0.0,0.6403371
130,HLA-A*03:01,esm2_joint,locus,0,1.0,13696,0.09531017980432487,0.70682704
131,HLA-A*03:01,esm2_joint,locus,0,1.0,13696,0.0,1.0384488
132,HLA-A*03:01,esm2_joint,locus,0,1.0,13696,0.18232155679395465,0.8899751
133,HLA-A*03:01,esm2_joint,locus,0,1.0,13696,0.0,0.82887757
134,HLA-A*03:01,esm2_joint,locus,0,1.0,13696,0.0,0.8770672
135,HLA-A*03:01,esm2_joint,locus,0,1.0,13696,0.18232155679395465,1.1434103
136,HLA-A*03:01,esm2_joint,locus,0,1.0,13696,0.5877866649021191,0.8584846
137,HLA-A*11:01,esm2_joint,locus,0,1.0,13696,4.197201947661808,0.87317055
138,HLA-A*11:01,esm2_joint,locus,0,1.0,13696,1.3609765531356006,0.51577246
139,HLA-A*11:01,esm2_joint,locus,0,1.0,13696,3.8979240810486444,0.7195009
140,HLA-A*11:01,esm2_joint,locus,0,1.0,13696,3.1135153092103742,0.6805737
141,HLA-A*11:01,esm2_joint,locus,0,1.0,13696,2.341805806147327,0.90473735
142,HLA-A*11:01,esm2_joint,locus,0,1.0,13696,4.380775852772229,1.1796594
143,HLA-A*11:01,esm2_joint,locus,0,1.0,13696,1.3609765531356006,0.84632975
144,HLA-A*11:01,esm2_joint,locus,0,1.0,13696,1.1631508098056809,0.7067252
145,HLA-A*11:01,esm2_joint,locus,0,1.0,13696,3.4307561839036995,0.7306714
146,HLA-A*11:01,esm2_joint,locus,0,1.0,13696,3.55820113047182,0.34628427
147,HLA-A*11:01,esm2_joint,locus,0,1.0,13696,4.351567427189173,0.92553884
148,HLA-A*11:01,esm2_joint,locus,0,1.0,13696,3.4873750779032076,1.2421919
149,HLA-A*11:01,esm2_joint,locus,0,1.0,13696,3.0726933146901194,0.92225116
150,HLA-A*11:01,esm2_joint,locus,0,1.0,13696,1.791759469228055,0.81403124
151,HLA-A*11:01,esm2_joint,locus,0,1.0,13696,3.9740583963475986,1.1553282
152,HLA-A*11:01,esm2_joint,locus,0,1.0,13696,2.6946271807700692,1.0557071
153,HLA-A*11:01,esm2_joint,locus,0,1.0,13696,0.09531017980432487,0.8810141
154,HLA-A*11:01,esm2_joint,locus,0,1.0,13696,3.9435216724875173,1.3156128
155,HLA-A*11:01,esm2_joint,locus,0,1.0,13696,2.1400661634962708,1.133053
156,HLA-A*11:01,esm2_joint,locus,0,1.0,13696,0.7419373447293773,0.7152077
157,HLA-A*11:01,esm2_joint,locus,0,1.0,13696,3.4468078929142076,0.8439378
158,HLA-A*11:01,esm2_joint,locus,0,1.0,13696,4.275276264727001,0.99110353
159,HLA-A*11:01,esm2_joint,locus,0,1.0,13696,0.33647223662121295,0.6896929
160,HLA-A*11:01,esm2_joint,locus,0,1.0,13696,3.728100167267218,0.89063126
161,HLA-A*11:01,esm2_joint,locus,0,1.0,13696,1.252762968495368,0.6837946
162,HLA-A*11:01,esm2_joint,locus,0,1.0,13696,2.0794415416798357,0.928182
163,HLA-A*11:01,esm2_joint,locus,0,1.0,13696,0.4054651081081644,0.9202037
164,HLA-A*11:01,esm2_joint,locus,0,1.0,13696,0.18232155679395465,0.47512025
165,HLA-A*11:01,esm2_joint,locus,0,1.0,13696,0.26236426446749106,0.6996276
166,HLA-A*11:01,esm2_joint,locus,0,1.0,13696,0.26236426446749106,0.9780618
167,HLA-A*11:01,esm2_joint,locus,0,1.0,13696,0.26236426446749106,0.9410565
168,HLA-A*11:01,esm2_joint,locus,0,1.0,13696,2.379546134130174,0.5465483
169,HLA-A*11:01,esm2_joint,locus,0,1.0,13696,0.18232155679395465,0.5908418
170,HLA-A*11:01,esm2_joint,locus,0,1.0,13696,0.4700036292457355,1.0379674
171,HLA-A*24:03,esm2_joint,locus,0,1.0,13696,2.6878474937846906,0.65217924
172,HLA-A*24:03,esm2_joint,locus,0,1.0,13696,0.6418538861723948,1.5595052
173,HLA-A*24:03,esm2_joint,locus,0,1.0,13696,2.785011242238338,0.49087706
174,HLA-A*24:03,esm2_joint,locus,0,1.0,13696,0.7884573603642702,0.11305934
175,HLA-A*24:03,esm2_joint,locus,0,1.0,13696,1.9459101490553132,0.65904796
176,HLA-A*24:03,esm2_joint,locus,0,1.0,13696,1.8870696490323797,0.89811325
177,HLA-A*24:03,esm2_joint,locus,0,1.0,13696,3.7796338173824005,1.3840756
178,HLA-A*24:03,esm2_joint,locus,0,1.0,13696,2.0149030205422647,-0.07672256
179,HLA-A*24:03,esm2_joint,locus,0,1.0,13696,1.7047480922384253,0.8816281
180,HLA-A*24:03,esm2_joint,locus,0,1.0,13696,3.5409593240373143,1.8918881
181,HLA-A*24:03,esm2_joint,locus,0,1.0,13696,0.9932517730102833,0.51027143
182,HLA-A*24:03,esm2_joint,locus,0,1.0,13696,0.7419373447293773,0.5972301
183,HLA-A*24:03,esm2_joint,locus,0,1.0,13696,0.6931471805599453,0.74330914
184,HLA-A*24:03,esm2_joint,locus,0,1.0,13696,1.9459101490553132,0.2515909
185,HLA-A*24:03,esm2_joint,locus,0,1.0,13696,0.5306282510621704,0.26944363
186,HLA-A*24:03,esm2_joint,locus,0,1.0,13696,2.6946271807700692,0.6495788
187,HLA-A*24:03,esm2_joint,locus,0,1.0,13696,0.26236426446749106,0.6117318
188,HLA-A*24:03,esm2_joint,locus,0,1.0,13696,0.4700036292457355,0.85191876
189,HLA-A*26:01,esm2_joint,locus,0,1.0,13696,0.18232155679395465,0.47162664
190,HLA-A*26:01,esm2_joint,locus,0,1.0,13696,1.5040773967762742,0.39807415
191,HLA-A*26:01,esm2_joint,locus,0,1.0,13696,3.3877743613300146,0.42510736
192,HLA-A*26:01,esm2_joint,locus,0,1.0,13696,2.856470206220483,0.82142544
193,HLA-A*26:01,esm2_joint,locus,0,1.0,13696,1.840549633397487,0.35605103
194,HLA-A*26:01,esm2_joint,locus,0,1.0,13696,0.26236426446749106,0.28633887
195,HLA-A*26:01,esm2_joint,locus,0,1.0,13696,0.6931471805599453,0.36632723
196,HLA-A*26:01,esm2_joint,locus,0,1.0,13696,0.7884573603642702,0.8739466
197,HLA-A*26:01,esm2_joint,locus,0,1.0,13696,1.4350845252893227,1.0685309
198,HLA-A*26:01,esm2_joint,locus,0,1.0,13696,0.6418538861723948,0.690735
199,HLA-A*26:01,esm2_joint,locus,0,1.0,13696,0.18232155679395465,0.5706608
200,HLA-A*26:01,esm2_joint,locus,0,1.0,13696,0.4700036292457355,0.6453092
201,HLA-A*26:01,esm2_joint,locus,0,1.0,13696,0.5877866649021191,0.640151
202,HLA-A*26:01,esm2_joint,locus,0,1.0,13696,0.0,0.29726845
203,HLA-A*26:01,esm2_joint,locus,0,1.0,13696,0.26236426446749106,0.1333232
204,HLA-A*26:01,esm2_joint,locus,0,1.0,13696,0.18232155679395465,1.1238685
205,HLA-A*26:01,esm2_joint,locus,0,1.0,13696,0.18232155679395465,0.26704854
206,HLA-A*26:01,esm2_joint,locus,0,1.0,13696,0.4054651081081644,0.33592844
207,HLA-A*26:01,esm2_joint,locus,0,1.0,13696,0.4700036292457355,0.077629685
208,HLA-A*26:01,esm2_joint,locus,0,1.0,13696,0.26236426446749106,0.54733914
209,HLA-A*26:01,esm2_joint,locus,0,1.0,13696,0.18232155679395465,0.3737082
210,HLA-A*26:01,esm2_joint,locus,0,1.0,13696,0.18232155679395465,0.721279
211,HLA-A*26:01,esm2_joint,locus,0,1.0,13696,0.0,0.30665642
212,HLA-A*26:01,esm2_joint,locus,0,1.0,13696,0.0,0.41002792
213,HLA-A*26:01,esm2_joint,locus,0,1.0,13696,0.0,0.80803835
214,HLA-A*30:01,esm2_joint,locus,0,1.0,13696,0.7419373447293773,0.6473457
215,HLA-A*30:01,esm2_joint,locus,0,1.0,13696,3.6988297849671046,0.48130393
216,HLA-A*30:01,esm2_joint,locus,0,1.0,13696,1.3609765531356006,0.25490028
217,HLA-A*30:01,esm2_joint,locus,0,1.0,13696,4.300002799195291,1.1222194
218,HLA-A*30:01,esm2_joint,locus,0,1.0,13696,1.7047480922384253,0.4484859
219,HLA-A*30:01,esm2_joint,locus,0,1.0,13696,2.714694743820879,0.49512967
220,HLA-A*30:01,esm2_joint,locus,0,1.0,13696,1.2809338454620642,0.30498368
221,HLA-A*30:01,esm2_joint,locus,0,1.0,13696,1.0986122886681098,0.47593045
222,HLA-A*30:01,esm2_joint,locus,0,1.0,13696,3.202746442938317,1.0736619
223,HLA-A*30:01,esm2_joint,locus,0,1.0,13696,2.0149030205422647,0.7617151
224,HLA-A*30:01,esm2_joint,locus,0,1.0,13696,0.09531017980432487,0.402058
225,HLA-A*30:01,esm2_joint,locus,0,1.0,13696,2.8791984572980396,1.0137919
226,HLA-A*30:01,esm2_joint,locus,0,1.0,13696,1.4586150226995167,0.95022243
227,HLA-A*30:01,esm2_joint,locus,0,1.0,13696,0.6418538861723948,0.5340165
228,HLA-A*30:01,esm2_joint,locus,0,1.0,13696,0.4700036292457355,0.5884061
229,HLA-A*30:01,esm2_joint,locus,0,1.0,13696,1.7227665977411035,0.9403107
230,HLA-A*30:01,esm2_joint,locus,0,1.0,13696,0.18232155679395465,0.473975
231,HLA-A*30:01,esm2_joint,locus,0,1.0,13696,0.7884573603642702,0.71564186
232,HLA-A*30:01,esm2_joint,locus,0,1.0,13696,0.33647223662121295,0.74746084
233,HLA-A*30:01,esm2_joint,locus,0,1.0,13696,1.5040773967762742,0.7665483
234,HLA-A*30:01,esm2_joint,locus,0,1.0,13696,0.0,0.27262348
235,HLA-A*30:01,esm2_joint,locus,0,1.0,13696,0.0,0.6388431
236,HLA-A*31:01,esm2_joint,locus,0,1.0,13696,3.955082494888593,0.6899619
237,HLA-A*31:01,esm2_joint,locus,0,1.0,13696,2.186051276738094,0.8794402
238,HLA-A*31:01,esm2_joint,locus,0,1.0,13696,0.9555114450274363,0.54872394
239,HLA-A*31:01,esm2_joint,locus,0,1.0,13696,3.3603753871419,1.0620356
240,HLA-A*31:01,esm2_joint,locus,0,1.0,13696,3.2846635654062037,1.6200016
241,HLA-A*31:01,esm2_joint,locus,0,1.0,13696,1.7047480922384253,0.67962146
242,HLA-A*31:01,esm2_joint,locus,0,1.0,13696,1.840549633397487,1.3074203
243,HLA-A*31:01,esm2_joint,locus,0,1.0,13696,2.151762203259462,1.2763188
244,HLA-A*31:01,esm2_joint,locus,0,1.0,13696,0.26236426446749106,1.1083593
245,HLA-A*31:01,esm2_joint,locus,0,1.0,13696,1.9740810260220096,1.1889124
246,HLA-A*31:01,esm2_joint,locus,0,1.0,13696,1.2809338454620642,0.86347234
247,HLA-A*31:01,esm2_joint,locus,0,1.0,13696,1.0647107369924282,0.99094486
248,HLA-A*31:01,esm2_joint,locus,0,1.0,13696,2.3978952727983707,1.2501365
249,HLA-A*31:01,esm2_joint,locus,0,1.0,13696,0.832909122935104,0.86122847
250,HLA-A*31:01,esm2_joint,locus,0,1.0,13696,3.9889840465642745,1.2037508
251,HLA-A*31:01,esm2_joint,locus,0,1.0,13696,0.09531017980432487,0.7206402
252,HLA-A*31:01,esm2_joint,locus,0,1.0,13696,0.18232155679395465,0.89216685
253,HLA-A*31:01,esm2_joint,locus,0,1.0,13696,0.6418538861723948,0.9989644
254,HLA-A*31:01,esm2_joint,locus,0,1.0,13696,0.4700036292457355,1.019546
255,HLA-A*31:01,esm2_joint,locus,0,1.0,13696,0.6418538861723948,1.0446697
256,HLA-A*31:01,esm2_joint,locus,0,1.0,13696,0.0,1.1315737
442,HLA-A*01:01,esm2_joint,locus,0,1.0,13696,0.33647223662121295,1.051044
443,HLA-A*01:01,esm2_joint,locus,0,1.0,13696,3.8753590210565547,0.7950313
444,HLA-A*01:01,esm2_joint,locus,0,1.0,13696,0.4700036292457355,0.8802906
445,HLA-A*01:01,esm2_joint,locus,0,1.0,13696,1.791759469228055,0.8053005
446,HLA-A*01:01,esm2_joint,locus,0,1.0,13696,0.832909122935104,0.6883023
447,HLA-A*01:01,esm2_joint,locus,0,1.0,13696,1.3609765531356006,0.6312505
448,HLA-A*01:01,esm2_joint,locus,0,1.0,13696,0.4054651081081644,0.87078303
449,HLA-A*01:01,esm2_joint,locus,0,1.0,13696,1.9459101490553132,0.25346333
450,HLA-A*01:01,esm2_joint,locus,0,1.0,13696,1.0647107369924282,0.46998906
451,HLA-A*01:01,esm2_joint,locus,0,1.0,13696,1.3862943611198906,0.46943307
452,HLA-A*01:01,esm2_joint,locus,0,1.0,13696,0.5877866649021191,0.8348719
453,HLA-A*01:01,esm2_joint,locus,0,1.0,13696,1.7227665977411035,0.29265112
454,HLA-A*01:01,esm2_joint,locus,0,1.0,13696,2.028148247292285,0.19404012
455,HLA-A*01:01,esm2_joint,locus,0,1.0,13696,0.26236426446749106,0.9068141
456,HLA-A*01:01,esm2_joint,locus,0,1.0,13696,0.7419373447293773,0.41787058
457,HLA-A*01:01,esm2_joint,locus,0,1.0,13696,1.0296194171811583,0.74512553
458,HLA-A*01:01,esm2_joint,locus,0,1.0,13696,1.4816045409242156,0.8298721
459,HLA-A*01:01,esm2_joint,locus,0,1.0,13696,0.26236426446749106,0.6727917
460,HLA-A*01:01,esm2_joint,locus,0,1.0,13696,0.26236426446749106,0.8771127
461,HLA-A*01:01,esm2_joint,locus,0,1.0,13696,0.4700036292457355,0.74740154
462,HLA-A*01:01,esm2_joint,locus,0,1.0,13696,0.9555114450274363,0.63055027
463,HLA-A*01:01,esm2_joint,locus,0,1.0,13696,0.33647223662121295,0.555687
464,HLA-A*01:01,esm2_joint,locus,0,1.0,13696,0.18232155679395465,0.39162505
465,HLA-A*01:01,esm2_joint,locus,0,1.0,13696,0.18232155679395465,0.45599568
466,HLA-A*01:01,esm2_joint,locus,0,1.0,13696,0.4054651081081644,0.63505614
467,HLA-A*01:01,esm2_joint,locus,0,1.0,13696,0.18232155679395465,-0.034972847
468,HLA-A*01:01,esm2_joint,locus,0,1.0,13696,0.18232155679395465,0.5301887
469,HLA-A*01:01,esm2_joint,locus,0,1.0,13696,0.4700036292457355,1.316366
470,HLA-A*01:01,esm2_joint,locus,0,1.0,13696,0.18232155679395465,0.52080566
471,HLA-A*01:01,esm2_joint,locus,0,1.0,13696,0.26236426446749106,0.77147174
472,HLA-A*01:01,esm2_joint,locus,0,1.0,13696,0.09531017980432487,0.48861632
473,HLA-A*01:01,esm2_joint,locus,0,1.0,13696,3.0525850851467737,0.27679837
474,HLA-A*01:01,esm2_joint,locus,0,1.0,13696,3.429784838514068,0.8118123
475,HLA-A*02:01,esm2_joint,locus,0,1.0,13696,2.9444389791664403,0.68087494
476,HLA-A*02:01,esm2_joint,locus,0,1.0,13696,2.1041341542702074,0.95468223
477,HLA-A*02:01,esm2_joint,locus,0,1.0,13696,2.9652730660692823,0.11201507
478,HLA-A*02:01,esm2_joint,locus,0,1.0,13696,3.459466289786131,0.6126414
479,HLA-A*02:01,esm2_joint,locus,0,1.0,13696,2.8507065015037334,0.5855099
480,HLA-A*02:01,esm2_joint,locus,0,1.0,13696,3.0301337002713233,0.06657213
481,HLA-A*02:01,esm2_joint,locus,0,1.0,13696,3.3105430133940246,0.29048365
482,HLA-A*02:01,esm2_joint,locus,0,1.0,13696,3.0007198150650303,0.40658832
483,HLA-A*02:01,esm2_joint,locus,0,1.0,13696,3.3638415951183864,-0.02060014
484,HLA-A*02:01,esm2_joint,locus,0,1.0,13696,3.1654750481410856,0.62838364
485,HLA-A*02:01,esm2_joint,locus,0,1.0,13696,2.580216829592325,0.3901559
486,HLA-A*02:01,esm2_joint,locus,0,1.0,13696,3.456316680883235,0.6064134
487,HLA-A*02:01,esm2_joint,locus,0,1.0,13696,2.2082744135228043,0.28699082
488,HLA-A*02:01,esm2_joint,locus,0,1.0,13696,3.391147045808654,0.49946192
489,HLA-A*02:01,esm2_joint,locus,0,1.0,13696,2.740840023925201,0.5322198
490,HLA-A*02:01,esm2_joint,locus,0,1.0,13696,1.9459101490553132,0.10012573
491,HLA-A*02:01,esm2_joint,locus,0,1.0,13696,2.917770732084279,0.77579606
492,HLA-A*02:01,esm2_joint,locus,0,1.0,13696,3.4210000089583352,0.7460952
493,HLA-A*02:01,esm2_joint,locus,0,1.0,13696,3.822098297900159,0.925844
494,HLA-A*02:01,esm2_joint,locus,0,1.0,13696,2.8154087194227095,1.098821
495,HLA-A*02:01,esm2_joint,locus,0,1.0,13696,3.2347491740244907,0.45356125
496,HLA-A*02:01,esm2_joint,locus,0,1.0,13696,2.803360380906535,-0.099600255
497,HLA-A*02:01,esm2_joint,locus,0,1.0,13696,3.3463891451671604,0.5007623
498,HLA-A*02:01,esm2_joint,locus,0,1.0,13696,3.8501476017100584,0.8056685
499,HLA-A*02:01,esm2_joint,locus,0,1.0,13696,0.9555114450274363,0.5654954
500,HLA-A*02:01,esm2_joint,locus,0,1.0,13696,1.0647107369924282,0.20041972
501,HLA-A*02:01,esm2_joint,locus,0,1.0,13696,1.33500106673234,0.30706215
502,HLA-A*02:01,esm2_joint,locus,0,1.0,13696,1.7404661748405046,0.01466912
503,HLA-A*02:01,esm2_joint,locus,0,1.0,13696,0.6931471805599453,-0.018966079
504,HLA-A*02:01,esm2_joint,locus,0,1.0,13696,3.349904087274605,0.6173196
505,HLA-A*02:01,esm2_joint,locus,0,1.0,13696,0.33647223662121295,-0.05910474
506,HLA-A*02:01,esm2_joint,locus,0,1.0,13696,2.388762789235098,0.48195592
507,HLA-A*02:01,esm2_joint,locus,0,1.0,13696,0.5306282510621704,-0.30936474
508,HLA-A*02:01,esm2_joint,locus,0,1.0,13696,1.0647107369924282,0.12203443
509,HLA-A*02:01,esm2_joint,locus,0,1.0,13696,2.8903717578961645,0.68813443
510,HLA-A*02:01,esm2_joint,locus,0,1.0,13696,1.410986973710262,-0.19481677
511,HLA-A*02:01,esm2_joint,locus,0,1.0,13696,2.517696472610991,0.1804536
512,HLA-A*02:01,esm2_joint,locus,0,1.0,13696,2.6878474937846906,0.6509566
513,HLA-A*02:01,esm2_joint,locus,0,1.0,13696,2.785011242238338,-0.10790998
514,HLA-A*02:01,esm2_joint,locus,0,1.0,13696,1.5686159179138452,0.25441325
515,HLA-A*02:01,esm2_joint,locus,0,1.0,13696,2.6741486494265287,0.39848995
516,HLA-A*02:01,esm2_joint,locus,0,1.0,13696,1.9878743481543455,0.066628575
517,HLA-A*02:01,esm2_joint,locus,0,1.0,13696,3.1717842173343502,0.39569443
518,HLA-A*02:01,esm2_joint,locus,0,1.0,13696,1.2809338454620642,0.20276159
519,HLA-A*02:01,esm2_joint,locus,0,1.0,13696,2.954910279033736,0.12779468
520,HLA-A*02:01,esm2_joint,locus,0,1.0,13696,3.735285826928092,0.94517434
521,HLA-A*02:01,esm2_joint,locus,0,1.0,13696,2.128231705849268,0.15736091
522,HLA-A*02:01,esm2_joint,locus,0,1.0,13696,2.341805806147327,0.7538867
523,HLA-A*02:01,esm2_joint,locus,0,1.0,13696,0.4054651081081644,-0.16186553
524,HLA-A*02:01,esm2_joint,locus,0,1.0,13696,1.6863989535702288,0.19649124
525,HLA-A*02:01,esm2_joint,locus,0,1.0,13696,0.09531017980432487,0.5784179
526,HLA-A*02:01,esm2_joint,locus,0,1.0,13696,2.772588722239781,0.48540786
527,HLA-A*02:01,esm2_joint,locus,0,1.0,13696,0.5877866649021191,-0.39505905
528,HLA-A*02:01,esm2_joint,locus,0,1.0,13696,0.7884573603642702,0.11827886
529,HLA-A*02:01,esm2_joint,locus,0,1.0,13696,0.9555114450274363,0.32000685
530,HLA-A*02:01,esm2_joint,locus,0,1.0,13696,3.131136910560194,0.69806767
531,HLA-A*02:01,esm2_joint,locus,0,1.0,13696,1.2237754316221157,0.14456087
532,HLA-A*02:01,esm2_joint,locus,0,1.0,13696,3.3250360206965914,0.6920182
533,HLA-A*02:01,esm2_joint,locus,0,1.0,13696,2.0412203288596382,0.21107394
534,HLA-A*02:01,esm2_joint,locus,0,1.0,13696,0.26236426446749106,0.70544577
535,HLA-A*02:01,esm2_joint,locus,0,1.0,13696,1.589235205116581,0.64619625
536,HLA-A*02:01,esm2_joint,locus,0,1.0,13696,3.893859034800475,0.62776446
537,HLA-A*02:01,esm2_joint,locus,0,1.0,13696,2.667228206581955,0.12822181
538,HLA-A*02:01,esm2_joint,locus,0,1.0,13696,1.5686159179138452,0.62947756
539,HLA-A*02:01,esm2_joint,locus,0,1.0,13696,0.6931471805599453,0.27587885
540,HLA-A*02:01,esm2_joint,locus,0,1.0,13696,0.7419373447293773,0.5135306
541,HLA-A*02:01,esm2_joint,locus,0,1.0,13696,1.5686159179138452,0.15685058
542,HLA-A*02:01,esm2_joint,locus,0,1.0,13696,3.2188758248682006,0.27303183
543,HLA-A*02:01,esm2_joint,locus,0,1.0,13696,0.6418538861723948,0.977832
544,HLA-A*02:01,esm2_joint,locus,0,1.0,13696,1.308332819650179,0.5019601
545,HLA-A*02:01,esm2_joint,locus,0,1.0,13696,0.7884573603642702,0.3360514
546,HLA-A*02:01,esm2_joint,locus,0,1.0,13696,0.9932517730102833,0.5086357
547,HLA-A*02:01,esm2_joint,locus,0,1.0,13696,0.33647223662121295,0.43266684
548,HLA-A*02:01,esm2_joint,locus,0,1.0,13696,0.33647223662121295,0.7739026
549,HLA-A*02:01,esm2_joint,locus,0,1.0,13696,0.30010459245033805,0.75902903
550,HLA-A*02:01,esm2_joint,locus,0,1.0,13696,0.5877866649021191,0.92504483
551,HLA-A*02:01,esm2_joint,locus,0,1.0,13696,0.26236426446749106,0.12755579
552,HLA-A*02:01,esm2_joint,locus,0,1.0,13696,1.308332819650179,0.7757657
553,HLA-A*02:01,esm2_joint,locus,0,1.0,13696,0.33647223662121295,0.34828866
554,HLA-A*02:01,esm2_joint,locus,0,1.0,13696,0.4700036292457355,0.44971043
555,HLA-A*02:01,esm2_joint,locus,0,1.0,13696,0.18232155679395465,0.106052876
556,HLA-A*02:01,esm2_joint,locus,0,1.0,13696,0.9555114450274363,0.49963635
557,HLA-A*02:01,esm2_joint,locus,0,1.0,13696,1.0647107369924282,-0.25592035
558,HLA-A*02:01,esm2_joint,locus,0,1.0,13696,1.0647107369924282,0.27581722
559,HLA-A*02:01,esm2_joint,locus,0,1.0,13696,3.3638415951183864,1.1950172
560,HLA-A*02:01,esm2_joint,locus,0,1.0,13696,0.09531017980432487,0.10288042
561,HLA-A*02:01,esm2_joint,locus,0,1.0,13696,1.0647107369924282,0.18414158
562,HLA-A*02:01,esm2_joint,locus,0,1.0,13696,1.5686159179138452,0.36050987
563,HLA-A*02:01,esm2_joint,locus,0,1.0,13696,2.1972245773362196,-0.120159686
564,HLA-A*02:01,esm2_joint,locus,0,1.0,13696,0.7884573603642702,0.63288665
565,HLA-A*02:01,esm2_joint,locus,0,1.0,13696,0.09531017980432487,0.13351125
566,HLA-A*02:01,esm2_joint,locus,0,1.0,13696,0.18232155679395465,0.8951906
567,HLA-A*02:01,esm2_joint,locus,0,1.0,13696,0.09531017980432487,0.08520931
568,HLA-A*02:01,esm2_joint,locus,0,1.0,13696,0.09531017980432487,0.6871191
569,HLA-A*02:01,esm2_joint,locus,0,1.0,13696,1.1314021114911006,0.052634895
570,HLA-A*02:01,esm2_joint,locus,0,1.0,13696,0.09531017980432487,-0.12598306
571,HLA-A*02:01,esm2_joint,locus,0,1.0,13696,0.09531017980432487,0.6938917
572,HLA-A*02:01,esm2_joint,locus,0,1.0,13696,1.2237754316221157,1.1698533
573,HLA-A*02:01,esm2_joint,locus,0,1.0,13696,1.62924053973028,0.39399868
574,HLA-A*02:01,esm2_joint,locus,0,1.0,13696,1.4350845252893227,1.1496586
575,HLA-A*02:01,esm2_joint,locus,0,1.0,13696,0.09531017980432487,0.6850588
576,HLA-A*02:01,esm2_joint,locus,0,1.0,13696,0.09531017980432487,0.43329066
577,HLA-A*02:01,esm2_joint,locus,0,1.0,13696,0.09531017980432487,0.3034172
578,HLA-A*02:01,esm2_joint,locus,0,1.0,13696,0.09531017980432487,-0.52888423
579,HLA-A*02:01,esm2_joint,locus,0,1.0,13696,0.09531017980432487,0.09913474
580,HLA-A*02:01,esm2_joint,locus,0,1.0,13696,0.09531017980432487,0.6507146
581,HLA-A*02:01,esm2_joint,locus,0,1.0,13696,0.09531017980432487,0.20354491
582,HLA-A*02:01,esm2_joint,locus,0,1.0,13696,0.09531017980432487,0.040980935
583,HLA-A*02:01,esm2_joint,locus,0,1.0,13696,0.09531017980432487,0.42121512
584,HLA-A*02:01,esm2_joint,locus,0,1.0,13696,2.8390784635086144,0.29157037
585,HLA-A*02:01,esm2_joint,locus,0,1.0,13696,0.09531017980432487,0.052967727
586,HLA-A*02:01,esm2_joint,locus,0,1.0,13696,0.09531017980432487,0.29330748
587,HLA-A*02:01,esm2_joint,locus,0,1.0,13696,0.09531017980432487,0.33305073
588,HLA-A*02:03,esm2_joint,locus,0,1.0,13696,1.1939224684724346,0.75962573
589,HLA-A*02:03,esm2_joint,locus,0,1.0,13696,3.822098297900159,0.45725375
590,HLA-A*02:03,esm2_joint,locus,0,1.0,13696,2.272125885509337,0.12723625
591,HLA-A*02:03,esm2_joint,locus,0,1.0,13696,1.8718021769015913,0.1031732
592,HLA-A*02:03,esm2_joint,locus,0,1.0,13696,2.5416019934645457,0.23508507
593,HLA-A*02:03,esm2_joint,locus,0,1.0,13696,0.7419373447293773,0.20925695
594,HLA-A*02:03,esm2_joint,locus,0,1.0,13696,4.122283930911342,0.45783144
595,HLA-A*02:03,esm2_joint,locus,0,1.0,13696,1.9315214116032138,0.12481707
596,HLA-A*02:03,esm2_joint,locus,0,1.0,13696,3.8815637979434374,0.19732016
597,HLA-A*02:03,esm2_joint,locus,0,1.0,13696,2.4595888418037104,0.07208264
598,HLA-A*02:03,esm2_joint,locus,0,1.0,13696,3.152736022363656,0.22789961
599,HLA-A*02:03,esm2_joint,locus,0,1.0,13696,1.6863989535702288,-0.10510665
600,HLA-A*02:03,esm2_joint,locus,0,1.0,13696,3.55820113047182,0.58012706
601,HLA-A*02:03,esm2_joint,locus,0,1.0,13696,2.9014215940827497,0.2780766
602,HLA-A*02:03,esm2_joint,locus,0,1.0,13696,1.308332819650179,0.24131411
603,HLA-A*02:03,esm2_joint,locus,0,1.0,13696,3.100092288878234,0.5082767
604,HLA-A*02:03,esm2_joint,locus,0,1.0,13696,3.0587070727153796,0.63637334
605,HLA-A*02:03,esm2_joint,locus,0,1.0,13696,2.0149030205422647,0.11925411
606,HLA-A*02:03,esm2_joint,locus,0,1.0,13696,1.2237754316221157,0.3958395
607,HLA-A*02:03,esm2_joint,locus,0,1.0,13696,1.2237754316221157,0.40340394
608,HLA-A*02:03,esm2_joint,locus,0,1.0,13696,0.832909122935104,0.160573
609,HLA-A*02:03,esm2_joint,locus,0,1.0,13696,2.2192034840549946,0.21302712
610,HLA-A*02:03,esm2_joint,locus,0,1.0,13696,3.0492730404820207,0.276025
611,HLA-A*02:03,esm2_joint,locus,0,1.0,13696,3.0587070727153796,0.6550954
612,HLA-A*02:03,esm2_joint,locus,0,1.0,13696,1.0986122886681098,0.18515939
613,HLA-A*02:03,esm2_joint,locus,0,1.0,13696,0.4054651081081644,0.26699024
614,HLA-A*02:03,esm2_joint,locus,0,1.0,13696,3.427514689979529,0.41991693
615,HLA-A*02:03,esm2_joint,locus,0,1.0,13696,1.5260563034950494,0.5172525
616,HLA-A*02:03,esm2_joint,locus,0,1.0,13696,3.4531571205928664,0.62107867
617,HLA-A*02:03,esm2_joint,locus,0,1.0,13696,1.6094379124341003,0.8233706
618,HLA-A*02:03,esm2_joint,locus,0,1.0,13696,3.407841924380824,0.37314963
619,HLA-A*02:03,esm2_joint,locus,0,1.0,13696,3.7954891891721947,0.47926503
620,HLA-A*02:03,esm2_joint,locus,0,1.0,13696,2.0918640616783932,-0.076194584
621,HLA-A*02:03,esm2_joint,locus,0,1.0,13696,3.4688560301359703,-0.0058437586
622,HLA-A*02:03,esm2_joint,locus,0,1.0,13696,3.768152635008444,0.5543677
623,HLA-A*02:03,esm2_joint,locus,0,1.0,13696,3.8394523125933104,0.58037674
624,HLA-A*02:03,esm2_joint,locus,0,1.0,13696,3.169685580677429,0.34746963
625,HLA-A*02:03,esm2_joint,locus,0,1.0,13696,3.3877743613300146,0.11097628
626,HLA-A*02:03,esm2_joint,locus,0,1.0,13696,1.3609765531356006,0.35420853
627,HLA-A*02:03,esm2_joint,locus,0,1.0,13696,4.147885329150131,0.83647037
628,HLA-A*02:03,esm2_joint,locus,0,1.0,13696,3.1986731175506815,0.3104146
629,HLA-A*02:03,esm2_joint,locus,0,1.0,13696,0.7419373447293773,0.73012155
630,HLA-A*02:03,esm2_joint,locus,0,1.0,13696,0.6931471805599453,0.2905231
631,HLA-A*02:03,esm2_joint,locus,0,1.0,13696,0.7419373447293773,0.085930645
632,HLA-A*02:03,esm2_joint,locus,0,1.0,13696,1.2809338454620642,0.5294581
633,HLA-A*02:03,esm2_joint,locus,0,1.0,13696,0.9555114450274363,0.49827766
634,HLA-A*02:03,esm2_joint,locus,0,1.0,13696,0.33647223662121295,0.5963404
635,HLA-A*02:03,esm2_joint,locus,0,1.0,13696,0.9932517730102833,0.7963121
636,HLA-A*02:03,esm2_joint,locus,0,1.0,13696,0.33647223662121295,0.4439528
637,HLA-A*02:03,esm2_joint,locus,0,1.0,13696,0.4054651081081644,0.41687715
638,HLA-A*02:03,esm2_joint,locus,0,1.0,13696,0.4700036292457355,0.2113232
639,HLA-A*02:03,esm2_joint,locus,0,1.0,13696,0.6418538861723948,0.41779155
640,HLA-A*02:03,esm2_joint,locus,0,1.0,13696,0.33647223662121295,-0.022275388
641,HLA-A*02:03,esm2_joint,locus,0,1.0,13696,0.0,0.56903344
642,HLA-A*02:03,esm2_joint,locus,0,1.0,13696,4.146304301152812,0.45078093
643,HLA-A*02:11,esm2_joint,locus,0,1.0,13696,2.4336133554004498,1.5297165
644,HLA-A*02:11,esm2_joint,locus,0,1.0,13696,3.449987545831587,0.9321103
645,HLA-A*02:11,esm2_joint,locus,0,1.0,13696,3.0633909220278057,1.004902
646,HLA-A*02:11,esm2_joint,locus,0,1.0,13696,2.0412203288596382,0.54284924
647,HLA-A*02:11,esm2_joint,locus,0,1.0,13696,3.1441522786722644,1.009332
648,HLA-A*02:11,esm2_joint,locus,0,1.0,13696,1.0296194171811583,0.8776145
649,HLA-A*02:11,esm2_joint,locus,0,1.0,13696,0.6418538861723948,0.8682595
650,HLA-A*02:11,esm2_joint,locus,0,1.0,13696,0.7419373447293773,0.3603772
651,HLA-A*02:11,esm2_joint,locus,0,1.0,13696,2.5572273113676265,0.38249475
652,HLA-A*02:11,esm2_joint,locus,0,1.0,13696,1.4586150226995167,0.45028836
653,HLA-A*02:11,esm2_joint,locus,0,1.0,13696,1.824549292051046,0.254883
654,HLA-A*02:11,esm2_joint,locus,0,1.0,13696,2.2300144001592104,0.23070669
655,HLA-A*02:11,esm2_joint,locus,0,1.0,13696,2.8791984572980396,0.483555
656,HLA-A*02:11,esm2_joint,locus,0,1.0,13696,3.493472657771326,0.14004302
657,HLA-A*02:11,esm2_joint,locus,0,1.0,13696,2.9496883350525844,0.48724538
658,HLA-A*02:11,esm2_joint,locus,0,1.0,13696,3.068052935133617,0.7876739
659,HLA-A*02:11,esm2_joint,locus,0,1.0,13696,1.5040773967762742,0.3446908
660,HLA-A*02:11,esm2_joint,locus,0,1.0,13696,1.3609765531356006,0.32524627
661,HLA-A*02:11,esm2_joint,locus,0,1.0,13696,1.33500106673234,0.6419618
662,HLA-A*02:11,esm2_joint,locus,0,1.0,13696,1.4350845252893227,0.62890255
663,HLA-A*02:11,esm2_joint,locus,0,1.0,13696,1.1939224684724346,0.7438216
664,HLA-A*02:11,esm2_joint,locus,0,1.0,13696,3.0492730404820207,0.57553434
665,HLA-A*02:11,esm2_joint,locus,0,1.0,13696,1.1314021114911006,0.5572851
666,HLA-A*02:11,esm2_joint,locus,0,1.0,13696,2.8390784635086144,0.9128687
667,HLA-A*02:11,esm2_joint,locus,0,1.0,13696,1.0647107369924282,0.84105515
668,HLA-A*02:11,esm2_joint,locus,0,1.0,13696,3.2188758248682006,0.5862865
669,HLA-A*02:11,esm2_joint,locus,0,1.0,13696,1.6863989535702288,0.44833678
670,HLA-A*02:11,esm2_joint,locus,0,1.0,13696,1.308332819650179,0.040347695
671,HLA-A*02:11,esm2_joint,locus,0,1.0,13696,1.62924053973028,0.49685326
672,HLA-A*02:11,esm2_joint,locus,0,1.0,13696,1.0647107369924282,0.35405165
673,HLA-A*02:11,esm2_joint,locus,0,1.0,13696,3.086486636822455,0.22275609
674,HLA-A*02:11,esm2_joint,locus,0,1.0,13696,2.3513752571634776,0.23561817
675,HLA-A*02:11,esm2_joint,locus,0,1.0,13696,3.104586678466073,0.69869345
676,HLA-A*02:11,esm2_joint,locus,0,1.0,13696,2.0149030205422647,0.36875826
677,HLA-A*02:11,esm2_joint,locus,0,1.0,13696,3.173878458937465,0.432644
678,HLA-A*02:11,esm2_joint,locus,0,1.0,13696,1.5040773967762742,-0.07997173
679,HLA-A*02:11,esm2_joint,locus,0,1.0,13696,0.6418538861723948,0.03256303
680,HLA-A*02:11,esm2_joint,locus,0,1.0,13696,2.2407096892759584,0.63409257
681,HLA-A*02:11,esm2_joint,locus,0,1.0,13696,3.4242626545931514,0.7140181
682,HLA-A*02:11,esm2_joint,locus,0,1.0,13696,2.4595888418037104,0.158099
683,HLA-A*02:11,esm2_joint,locus,0,1.0,13696,3.342861804649192,0.36762625
684,HLA-A*02:11,esm2_joint,locus,0,1.0,13696,0.6931471805599453,0.410735
685,HLA-A*02:11,esm2_joint,locus,0,1.0,13696,0.4700036292457355,0.7996083
686,HLA-A*02:11,esm2_joint,locus,0,1.0,13696,0.5877866649021191,0.40111554
687,HLA-A*02:11,esm2_joint,locus,0,1.0,13696,3.292126286607793,0.48393628
688,HLA-A*02:11,esm2_joint,locus,0,1.0,13696,2.341805806147327,0.65606594
689,HLA-A*02:11,esm2_joint,locus,0,1.0,13696,2.917770732084279,0.68984556
690,HLA-A*02:11,esm2_joint,locus,0,1.0,13696,3.091042453358316,0.7939104
691,HLA-A*02:11,esm2_joint,locus,0,1.0,13696,3.4904285153900982,0.537933
692,HLA-A*02:11,esm2_joint,locus,0,1.0,13696,3.086486636822455,1.2709843
693,HLA-A*02:11,esm2_joint,locus,0,1.0,13696,1.4586150226995167,1.1512347
694,HLA-A*02:12,esm2_joint,locus,0,1.0,13696,1.8562979903656263,1.0331337
695,HLA-A*02:12,esm2_joint,locus,0,1.0,13696,3.288401887516811,0.6267487
696,HLA-A*02:12,esm2_joint,locus,0,1.0,13696,2.5726122302071057,0.62111056
697,HLA-A*02:12,esm2_joint,locus,0,1.0,13696,1.5260563034950494,0.46422088
698,HLA-A*02:12,esm2_joint,locus,0,1.0,13696,2.8094026953624973,0.10244459
699,HLA-A*02:12,esm2_joint,locus,0,1.0,13696,1.840549633397487,0.39664274
700,HLA-A*02:12,esm2_joint,locus,0,1.0,13696,2.72785282839839,0.121602
701,HLA-A*02:12,esm2_joint,locus,0,1.0,13696,2.624668592163159,0.71000564
702,HLA-A*02:12,esm2_joint,locus,0,1.0,13696,1.8718021769015913,0.043762743
703,HLA-A*02:12,esm2_joint,locus,0,1.0,13696,2.272125885509337,0.3115481
704,HLA-A*02:12,esm2_joint,locus,0,1.0,13696,3.295836866004329,0.57490206
705,HLA-A*02:12,esm2_joint,locus,0,1.0,13696,0.8754687373538999,0.18040293
706,HLA-A*02:12,esm2_joint,locus,0,1.0,13696,0.9932517730102833,0.7806635
707,HLA-A*02:12,esm2_joint,locus,0,1.0,13696,3.039749158970765,0.58850217
708,HLA-A*02:12,esm2_joint,locus,0,1.0,13696,3.370738174177447,0.6024043
709,HLA-A*02:12,esm2_joint,locus,0,1.0,13696,3.2108436531709366,0.5437844
710,HLA-A*02:12,esm2_joint,locus,0,1.0,13696,3.0252910757955354,0.19466549
711,HLA-A*02:12,esm2_joint,locus,0,1.0,13696,2.4849066497880004,0.0683521
712,HLA-A*02:12,esm2_joint,locus,0,1.0,13696,2.4849066497880004,0.5001305
713,HLA-A*02:12,esm2_joint,locus,0,1.0,13696,0.9932517730102833,0.35354477
714,HLA-A*02:12,esm2_joint,locus,0,1.0,13696,0.7884573603642702,-0.201137
715,HLA-A*02:12,esm2_joint,locus,0,1.0,13696,2.580216829592325,-0.18623525
716,HLA-A*02:12,esm2_joint,locus,0,1.0,13696,3.2386784521643803,0.21679205
717,HLA-A*02:12,esm2_joint,locus,0,1.0,13696,2.5726122302071057,0.37298924
718,HLA-A*02:12,esm2_joint,locus,0,1.0,13696,3.6375861597263857,-0.01998061
719,HLA-A*02:12,esm2_joint,locus,0,1.0,13696,3.7376696182833684,0.6012529
720,HLA-A*02:12,esm2_joint,locus,0,1.0,13696,3.1986731175506815,0.6347562
721,HLA-A*02:12,esm2_joint,locus,0,1.0,13696,2.4159137783010487,0.3315093
722,HLA-A*02:12,esm2_joint,locus,0,1.0,13696,0.18232155679395465,0.38716364
723,HLA-A*02:12,esm2_joint,locus,0,1.0,13696,1.4586150226995167,0.75836295
724,HLA-A*02:12,esm2_joint,locus,0,1.0,13696,3.186352633162641,0.845931
725,HLA-A*02:12,esm2_joint,locus,0,1.0,13696,2.3702437414678603,0.4132666
726,HLA-A*02:12,esm2_joint,locus,0,1.0,13696,4.014579593753238,0.674551
727,HLA-A*02:12,esm2_joint,locus,0,1.0,13696,4.1059436980654525,1.0764253
728,HLA-A*02:12,esm2_joint,locus,0,1.0,13696,0.9555114450274363,0.33160275
729,HLA-A*02:12,esm2_joint,locus,0,1.0,13696,2.884800712846709,0.39522964
730,HLA-A*02:12,esm2_joint,locus,0,1.0,13696,2.8735646395797834,0.10528499
731,HLA-A*02:12,esm2_joint,locus,0,1.0,13696,2.1162555148025524,0.67527324
732,HLA-A*02:12,esm2_joint,locus,0,1.0,13696,0.6931471805599453,0.62517697
733,HLA-A*02:12,esm2_joint,locus,0,1.0,13696,1.1939224684724346,0.5155659
734,HLA-A*02:12,esm2_joint,locus,0,1.0,13696,0.4054651081081644,0.43115997
735,HLA-A*02:12,esm2_joint,locus,0,1.0,13696,0.0,0.74434364
736,HLA-A*02:16,esm2_joint,locus,0,1.0,13696,3.250374491927572,0.3407281
737,HLA-A*02:16,esm2_joint,locus,0,1.0,13696,2.791165107812717,-0.21199769
738,HLA-A*02:16,esm2_joint,locus,0,1.0,13696,3.4904285153900982,0.16400182
739,HLA-A*02:16,esm2_joint,locus,0,1.0,13696,1.0296194171811583,0.14542496
740,HLA-A*02:16,esm2_joint,locus,0,1.0,13696,0.8754687373538999,0.2641887
741,HLA-A*02:16,esm2_joint,locus,0,1.0,13696,1.308332819650179,0.30225635
742,HLA-A*02:16,esm2_joint,locus,0,1.0,13696,0.9162907318741551,-0.027442157
743,HLA-A*02:16,esm2_joint,locus,0,1.0,13696,2.624668592163159,0.041962147
744,HLA-A*02:16,esm2_joint,locus,0,1.0,13696,0.832909122935104,0.3463514
745,HLA-A*02:16,esm2_joint,locus,0,1.0,13696,1.6486586255873816,0.17440295
746,HLA-A*02:16,esm2_joint,locus,0,1.0,13696,1.33500106673234,0.2302807
747,HLA-A*02:16,esm2_joint,locus,0,1.0,13696,2.468099531471619,0.5362022
748,HLA-A*02:16,esm2_joint,locus,0,1.0,13696,2.468099531471619,0.7019449
749,HLA-A*02:16,esm2_joint,locus,0,1.0,13696,2.33214389523559,0.005139172
750,HLA-A*02:16,esm2_joint,locus,0,1.0,13696,3.32862668882732,0.46105212
751,HLA-A*02:16,esm2_joint,locus,0,1.0,13696,0.6418538861723948,0.6297547
752,HLA-A*02:16,esm2_joint,locus,0,1.0,13696,0.26236426446749106,0.29792517
753,HLA-A*02:16,esm2_joint,locus,0,1.0,13696,0.4054651081081644,0.83682
754,HLA-A*02:16,esm2_joint,locus,0,1.0,13696,0.6931471805599453,0.39855653
755,HLA-A*02:19,esm2_joint,locus,0,1.0,13696,1.6486586255873816,0.36216313
756,HLA-A*02:19,esm2_joint,locus,0,1.0,13696,2.7013612129514133,1.0778966
757,HLA-A*02:19,esm2_joint,locus,0,1.0,13696,1.547562508716013,0.735999
758,HLA-A*02:19,esm2_joint,locus,0,1.0,13696,1.7047480922384253,0.07226986
759,HLA-A*02:19,esm2_joint,locus,0,1.0,13696,2.4595888418037104,0.5583807
760,HLA-A*02:19,esm2_joint,locus,0,1.0,13696,0.9932517730102833,0.32235938
761,HLA-A*02:19,esm2_joint,locus,0,1.0,13696,2.028148247292285,0.3452267
762,HLA-A*02:19,esm2_joint,locus,0,1.0,13696,3.449987545831587,0.60537326
763,HLA-A*02:19,esm2_joint,locus,0,1.0,13696,3.005682604407159,0.37782735
764,HLA-A*02:19,esm2_joint,locus,0,1.0,13696,2.9231615807191558,0.70293605
765,HLA-A*02:19,esm2_joint,locus,0,1.0,13696,0.9932517730102833,0.5939253
766,HLA-A*02:19,esm2_joint,locus,0,1.0,13696,3.966511190712216,0.47218198
767,HLA-A*02:19,esm2_joint,locus,0,1.0,13696,1.2809338454620642,0.7429676
768,HLA-A*02:19,esm2_joint,locus,0,1.0,13696,3.899950424193877,1.0014755
769,HLA-A*02:19,esm2_joint,locus,0,1.0,13696,3.1945831322991562,0.60667586
770,HLA-A*02:19,esm2_joint,locus,0,1.0,13696,3.8022081394209395,0.2956019
771,HLA-A*02:19,esm2_joint,locus,0,1.0,13696,3.7013019741124933,0.5206887
772,HLA-A*02:19,esm2_joint,locus,0,1.0,13696,2.174751721484161,0.8725993
773,HLA-A*02:19,esm2_joint,locus,0,1.0,13696,3.703768066607687,0.5378972
774,HLA-A*02:19,esm2_joint,locus,0,1.0,13696,1.547562508716013,0.71031356
775,HLA-A*02:19,esm2_joint,locus,0,1.0,13696,2.91235066461494,0.39278078
776,HLA-A*02:19,esm2_joint,locus,0,1.0,13696,3.367295829986474,0.6989233
777,HLA-A*02:19,esm2_joint,locus,0,1.0,13696,2.33214389523559,0.14202529
778,HLA-A*02:19,esm2_joint,locus,0,1.0,13696,2.747270914255491,0.7422449
779,HLA-A*02:19,esm2_joint,locus,0,1.0,13696,2.0541237336955462,0.31228018
780,HLA-A*02:19,esm2_joint,locus,0,1.0,13696,0.7884573603642702,0.4838227
781,HLA-A*02:19,esm2_joint,locus,0,1.0,13696,2.379546134130174,0.3757431
782,HLA-A*02:19,esm2_joint,locus,0,1.0,13696,1.6094379124341003,0.4797571
783,HLA-A*02:19,esm2_joint,locus,0,1.0,13696,2.1633230256605382,0.051906347
784,HLA-A*02:19,esm2_joint,locus,0,1.0,13696,2.6100697927420065,0.43985814
785,HLA-A*02:19,esm2_joint,locus,0,1.0,13696,0.5877866649021191,0.8002037
786,HLA-A*02:19,esm2_joint,locus,0,1.0,13696,2.0014800002101243,0.43612653
787,HLA-A*02:19,esm2_joint,locus,0,1.0,13696,1.2809338454620642,0.77380145
788,HLA-A*02:19,esm2_joint,locus,0,1.0,13696,0.7884573603642702,0.4950893
789,HLA-A*02:19,esm2_joint,locus,0,1.0,13696,3.9531649487593215,1.1433073
790,HLA-A*02:19,esm2_joint,locus,0,1.0,13696,3.126760535960395,1.0324332
791,HLA-A*02:19,esm2_joint,locus,0,1.0,13696,0.4700036292457355,0.49481484
792,HLA-A*02:19,esm2_joint,locus,0,1.0,13696,0.33647223662121295,0.37100923
793,HLA-A*02:19,esm2_joint,locus,0,1.0,13696,0.33647223662121295,0.22227621
794,HLA-A*02:19,esm2_joint,locus,0,1.0,13696,0.4054651081081644,0.81378794
795,HLA-A*02:19,esm2_joint,locus,0,1.0,13696,0.18232155679395465,0.7660644
796,HLA-A*03:01,esm2_joint,locus,0,1.0,13696,1.2809338454620642,1.3920027
797,HLA-A*03:01,esm2_joint,locus,0,1.0,13696,4.069026754237811,1.5804603
798,HLA-A*03:01,esm2_joint,locus,0,1.0,13696,3.4468078929142076,0.67640376
799,HLA-A*03:01,esm2_joint,locus,0,1.0,13696,0.6931471805599453,1.8990998
800,HLA-A*03:01,esm2_joint,locus,0,1.0,13696,0.5306282510621704,0.85810316
801,HLA-A*03:01,esm2_joint,locus,0,1.0,13696,1.1314021114911006,0.24621832
802,HLA-A*03:01,esm2_joint,locus,0,1.0,13696,3.979681653901961,1.1522771
803,HLA-A*03:01,esm2_joint,locus,0,1.0,13696,3.653252276470785,1.3562367
804,HLA-A*03:01,esm2_joint,locus,0,1.0,13696,1.0647107369924282,0.88478994
805,HLA-A*03:01,esm2_joint,locus,0,1.0,13696,2.186051276738094,1.1532636
806,HLA-A*03:01,esm2_joint,locus,0,1.0,13696,0.4700036292457355,0.7040636
807,HLA-A*03:01,esm2_joint,locus,0,1.0,13696,0.5877866649021191,0.6501181
808,HLA-A*03:01,esm2_joint,locus,0,1.0,13696,0.832909122935104,0.71773374
809,HLA-A*03:01,esm2_joint,locus,0,1.0,13696,2.7788192719904172,1.1249492
810,HLA-A*03:01,esm2_joint,locus,0,1.0,13696,1.1631508098056809,0.8179502
811,HLA-A*03:01,esm2_joint,locus,0,1.0,13696,0.0,0.89605397
812,HLA-A*03:01,esm2_joint,locus,0,1.0,13696,0.5306282510621704,1.643786
813,HLA-A*03:01,esm2_joint,locus,0,1.0,13696,2.797281334830153,1.2755067
814,HLA-A*03:01,esm2_joint,locus,0,1.0,13696,0.26236426446749106,1.234029
815,HLA-A*03:01,esm2_joint,locus,0,1.0,13696,1.1631508098056809,0.85622674
816,HLA-A*03:01,esm2_joint,locus,0,1.0,13696,2.517696472610991,0.92438006
817,HLA-A*03:01,esm2_joint,locus,0,1.0,13696,1.1631508098056809,1.2222258
818,HLA-A*03:01,esm2_joint,locus,0,1.0,13696,0.4700036292457355,1.0413443
819,HLA-A*03:01,esm2_joint,locus,0,1.0,13696,2.72785282839839,0.9511776
820,HLA-A*03:01,esm2_joint,locus,0,1.0,13696,0.4700036292457355,0.31302923
821,HLA-A*03:01,esm2_joint,locus,0,1.0,13696,0.6931471805599453,1.2221632
822,HLA-A*03:01,esm2_joint,locus,0,1.0,13696,0.9932517730102833,1.7644677
823,HLA-A*03:01,esm2_joint,locus,0,1.0,13696,2.186051276738094,0.67199045
824,HLA-A*03:01,esm2_joint,locus,0,1.0,13696,0.6418538861723948,0.9775112
825,HLA-A*03:01,esm2_joint,locus,0,1.0,13696,4.139955073474153,0.8335806
826,HLA-A*03:01,esm2_joint,locus,0,1.0,13696,2.772588722239781,1.6626699
827,HLA-A*03:01,esm2_joint,locus,0,1.0,13696,3.632309102625542,1.2535374
828,HLA-A*03:01,esm2_joint,locus,0,1.0,13696,3.414442608412176,1.2127157
829,HLA-A*03:01,esm2_joint,locus,0,1.0,13696,4.83150862819882,1.277663
830,HLA-A*03:01,esm2_joint,locus,0,1.0,13696,0.33647223662121295,0.71622497
831,HLA-A*03:01,esm2_joint,locus,0,1.0,13696,2.1972245773362196,1.4599248
832,HLA-A*03:01,esm2_joint,locus,0,1.0,13696,2.91235066461494,1.1149007
833,HLA-A*03:01,esm2_joint,locus,0,1.0,13696,4.382026634673881,0.8778852
834,HLA-A*03:01,esm2_joint,locus,0,1.0,13696,1.0986122886681098,1.497869
835,HLA-A*03:01,esm2_joint,locus,0,1.0,13696,0.18232155679395465,1.279443
836,HLA-A*03:01,esm2_joint,locus,0,1.0,13696,1.6863989535702288,1.0497999
837,HLA-A*03:01,esm2_joint,locus,0,1.0,13696,4.3067641501733345,1.072957
838,HLA-A*03:01,esm2_joint,locus,0,1.0,13696,0.6418538861723948,0.8573879
839,HLA-A*03:01,esm2_joint,locus,0,1.0,13696,1.8870696490323797,1.3495761
840,HLA-A*03:01,esm2_joint,locus,0,1.0,13696,2.975529566236472,0.8341209
841,HLA-A*03:01,esm2_joint,locus,0,1.0,13696,2.7788192719904172,1.2987049
842,HLA-A*03:01,esm2_joint,locus,0,1.0,13696,2.1041341542702074,0.9555822
843,HLA-A*03:01,esm2_joint,locus,0,1.0,13696,0.4054651081081644,0.6989281
844,HLA-A*03:01,esm2_joint,locus,0,1.0,13696,4.079230924412053,1.2568033
845,HLA-A*03:01,esm2_joint,locus,0,1.0,13696,0.6418538861723948,1.4331026
846,HLA-A*03:01,esm2_joint,locus,0,1.0,13696,1.840549633397487,1.2913343
847,HLA-A*03:01,esm2_joint,locus,0,1.0,13696,1.3609765531356006,0.14087623
848,HLA-A*03:01,esm2_joint,locus,0,1.0,13696,2.681021528714291,1.5086262
849,HLA-A*03:01,esm2_joint,locus,0,1.0,13696,2.066862759472976,1.3194585
850,HLA-A*03:01,esm2_joint,locus,0,1.0,13696,3.2347491740244907,1.1638825
851,HLA-A*03:01,esm2_joint,locus,0,1.0,13696,4.563305981889393,1.1621026
852,HLA-A*03:01,esm2_joint,locus,0,1.0,13696,0.832909122935104,0.7078407
853,HLA-A*03:01,esm2_joint,locus,0,1.0,13696,0.5306282510621704,1.0348135
854,HLA-A*03:01,esm2_joint,locus,0,1.0,13696,3.342861804649192,1.4630105
855,HLA-A*03:01,esm2_joint,locus,0,1.0,13696,4.390738575275903,1.2673548
856,HLA-A*03:01,esm2_joint,locus,0,1.0,13696,1.9459101490553132,0.54391044
857,HLA-A*03:01,esm2_joint,locus,0,1.0,13696,2.5649493574615367,1.4581933
858,HLA-A*03:01,esm2_joint,locus,0,1.0,13696,0.4054651081081644,1.0361685
859,HLA-A*03:01,esm2_joint,locus,0,1.0,13696,4.069026754237811,0.22349942
860,HLA-A*03:01,esm2_joint,locus,0,1.0,13696,0.0,1.0157075
861,HLA-A*03:01,esm2_joint,locus,0,1.0,13696,0.7419373447293773,0.72452044
862,HLA-A*03:01,esm2_joint,locus,0,1.0,13696,0.7419373447293773,0.5379253
863,HLA-A*03:01,esm2_joint,locus,0,1.0,13696,0.5306282510621704,0.6738211
864,HLA-A*03:01,esm2_joint,locus,0,1.0,13696,2.5416019934645457,0.95416814
865,HLA-A*03:01,esm2_joint,locus,0,1.0,13696,0.33647223662121295,1.3209116
866,HLA-A*03:01,esm2_joint,locus,0,1.0,13696,0.26236426446749106,1.1820225
867,HLA-A*03:01,esm2_joint,locus,0,1.0,13696,0.8754687373538999,0.75186354
868,HLA-A*03:01,esm2_joint,locus,0,1.0,13696,2.2082744135228043,1.1807301
869,HLA-A*03:01,esm2_joint,locus,0,1.0,13696,0.832909122935104,1.0993686
870,HLA-A*03:01,esm2_joint,locus,0,1.0,13696,0.33647223662121295,1.5437553
871,HLA-A*03:01,esm2_joint,locus,0,1.0,13696,1.9600947840472698,1.2671657
872,HLA-A*03:01,esm2_joint,locus,0,1.0,13696,2.7212954278522306,0.8923649
873,HLA-A*03:01,esm2_joint,locus,0,1.0,13696,0.18232155679395465,1.2514381
874,HLA-A*03:01,esm2_joint,locus,0,1.0,13696,3.481240089335692,1.5684755
875,HLA-A*03:01,esm2_joint,locus,0,1.0,13696,0.33647223662121295,1.041759
876,HLA-A*03:01,esm2_joint,locus,0,1.0,13696,3.8480176754522337,1.4045758
877,HLA-A*03:01,esm2_joint,locus,0,1.0,13696,4.174387269895637,1.458389
878,HLA-A*03:01,esm2_joint,locus,0,1.0,13696,1.1314021114911006,1.1680956
879,HLA-A*03:01,esm2_joint,locus,0,1.0,13696,2.2925347571405443,1.3393191
880,HLA-A*03:01,esm2_joint,locus,0,1.0,13696,3.8022081394209395,1.2137817
881,HLA-A*03:01,esm2_joint,locus,0,1.0,13696,4.2626798770413155,1.2282829
882,HLA-A*03:01,esm2_joint,locus,0,1.0,13696,3.5145260669691587,0.9791012
883,HLA-A*03:01,esm2_joint,locus,0,1.0,13696,0.33647223662121295,1.2550738
884,HLA-A*03:01,esm2_joint,locus,0,1.0,13696,0.0,1.243331
885,HLA-A*03:01,esm2_joint,locus,0,1.0,13696,2.468099531471619,1.4958014
886,HLA-A*03:01,esm2_joint,locus,0,1.0,13696,0.09531017980432487,0.32015377
887,HLA-A*03:01,esm2_joint,locus,0,1.0,13696,0.4054651081081644,1.0851637
888,HLA-A*03:01,esm2_joint,locus,0,1.0,13696,0.0,1.186592
889,HLA-A*03:01,esm2_joint,locus,0,1.0,13696,0.832909122935104,0.65718627
890,HLA-A*03:01,esm2_joint,locus,0,1.0,13696,0.7419373447293773,1.1546506
891,HLA-A*03:01,esm2_joint,locus,0,1.0,13696,2.2192034840549946,0.79584765
892,HLA-A*03:01,esm2_joint,locus,0,1.0,13696,0.18232155679395465,1.2975466
893,HLA-A*03:01,esm2_joint,locus,0,1.0,13696,0.33647223662121295,0.6923452
894,HLA-A*03:01,esm2_joint,locus,0,1.0,13696,0.0,0.8883078
895,HLA-A*03:01,esm2_joint,locus,0,1.0,13696,0.0,0.79469347
896,HLA-A*03:01,esm2_joint,locus,0,1.0,13696,0.09531017980432487,0.42711723
897,HLA-A*03:01,esm2_joint,locus,0,1.0,13696,0.0,0.65210116
898,HLA-A*03:01,esm2_joint,locus,0,1.0,13696,0.09531017980432487,1.3670437
899,HLA-A*03:01,esm2_joint,locus,0,1.0,13696,0.33647223662121295,1.0768932
900,HLA-A*03:01,esm2_joint,locus,0,1.0,13696,0.0,0.6166126
901,HLA-A*03:01,esm2_joint,locus,0,1.0,13696,0.26236426446749106,0.4926597
902,HLA-A*03:01,esm2_joint,locus,0,1.0,13696,0.0,0.7555342
903,HLA-A*03:01,esm2_joint,locus,0,1.0,13696,0.9932517730102833,0.61505663
904,HLA-A*03:01,esm2_joint,locus,0,1.0,13696,0.0,1.513077
905,HLA-A*03:01,esm2_joint,locus,0,1.0,13696,0.26236426446749106,0.9241499
906,HLA-A*03:01,esm2_joint,locus,0,1.0,13696,0.8754687373538999,1.1561822
907,HLA-A*03:01,esm2_joint,locus,0,1.0,13696,3.4531571205928664,1.1383214
908,HLA-A*03:01,esm2_joint,locus,0,1.0,13696,0.5306282510621704,1.1383958
909,HLA-A*03:01,esm2_joint,locus,0,1.0,13696,0.0,0.92468345
910,HLA-A*03:01,esm2_joint,locus,0,1.0,13696,0.0,0.8156092
911,HLA-A*03:01,esm2_joint,locus,0,1.0,13696,0.0,0.9815771
912,HLA-A*03:01,esm2_joint,locus,0,1.0,13696,0.0,0.60181487
913,HLA-A*03:01,esm2_joint,locus,0,1.0,13696,1.410986973710262,1.2812461
914,HLA-A*03:01,esm2_joint,locus,0,1.0,13696,0.0,1.2458885
915,HLA-A*03:01,esm2_joint,locus,0,1.0,13696,0.0,0.80582637
916,HLA-A*03:01,esm2_joint,locus,0,1.0,13696,0.0,0.44353217
917,HLA-A*03:01,esm2_joint,locus,0,1.0,13696,0.0,1.4118993
918,HLA-A*03:01,esm2_joint,locus,0,1.0,13696,0.7419373447293773,1.7304764
919,HLA-A*03:01,esm2_joint,locus,0,1.0,13696,0.33647223662121295,1.3357615
920,HLA-A*03:01,esm2_joint,locus,0,1.0,13696,0.0,0.49912056
921,HLA-A*03:01,esm2_joint,locus,0,1.0,13696,0.18232155679395465,0.8697213
922,HLA-A*03:01,esm2_joint,locus,0,1.0,13696,0.0,1.0942421
923,HLA-A*03:01,esm2_joint,locus,0,1.0,13696,0.0,0.82485616
924,HLA-A*03:01,esm2_joint,locus,0,1.0,13696,0.4054651081081644,1.2272774
925,HLA-A*03:01,esm2_joint,locus,0,1.0,13696,0.0,1.0026467
926,HLA-A*03:01,esm2_joint,locus,0,1.0,13696,0.0,0.32991582
927,HLA-A*03:01,esm2_joint,locus,0,1.0,13696,0.4700036292457355,1.0389009
928,HLA-A*03:01,esm2_joint,locus,0,1.0,13696,1.9315214116032138,1.5765773
929,HLA-A*03:01,esm2_joint,locus,0,1.0,13696,0.18232155679395465,0.9654255
930,HLA-A*11:01,esm2_joint,locus,0,1.0,13696,4.354141431184346,1.2331111
931,HLA-A*11:01,esm2_joint,locus,0,1.0,13696,3.8522730010223722,1.2720664
932,HLA-A*11:01,esm2_joint,locus,0,1.0,13696,0.6418538861723948,0.6183348
933,HLA-A*11:01,esm2_joint,locus,0,1.0,13696,0.5877866649021191,1.2714372
934,HLA-A*11:01,esm2_joint,locus,0,1.0,13696,3.716008121502189,0.74392897
935,HLA-A*11:01,esm2_joint,locus,0,1.0,13696,2.0412203288596382,0.46578377
936,HLA-A*11:01,esm2_joint,locus,0,1.0,13696,2.2617630984737906,0.8133539
937,HLA-A*11:01,esm2_joint,locus,0,1.0,13696,2.5952547069568657,0.47785273
938,HLA-A*11:01,esm2_joint,locus,0,1.0,13696,3.2733640101522705,0.5168545
939,HLA-A*11:01,esm2_joint,locus,0,1.0,13696,1.0296194171811583,0.5011922
940,HLA-A*11:01,esm2_joint,locus,0,1.0,13696,4.286341384539473,1.1278963
941,HLA-A*11:01,esm2_joint,locus,0,1.0,13696,3.502549875922443,1.027417
942,HLA-A*11:01,esm2_joint,locus,0,1.0,13696,2.760009940032921,0.90532535
943,HLA-A*11:01,esm2_joint,locus,0,1.0,13696,3.1654750481410856,0.57471716
944,HLA-A*11:01,esm2_joint,locus,0,1.0,13696,3.1945831322991562,1.0059481
945,HLA-A*11:01,esm2_joint,locus,0,1.0,13696,1.33500106673234,1.420275
946,HLA-A*11:01,esm2_joint,locus,0,1.0,13696,0.4054651081081644,0.90354645
947,HLA-A*11:01,esm2_joint,locus,0,1.0,13696,3.246490991901174,0.9299152
948,HLA-A*11:01,esm2_joint,locus,0,1.0,13696,3.8372994592322094,1.0835779
949,HLA-A*11:01,esm2_joint,locus,0,1.0,13696,2.5877640352277083,0.44659835
950,HLA-A*11:01,esm2_joint,locus,0,1.0,13696,3.254242968705492,0.5579593
951,HLA-A*11:01,esm2_joint,locus,0,1.0,13696,1.9459101490553132,0.6147559
952,HLA-A*11:01,esm2_joint,locus,0,1.0,13696,3.7232808808312687,1.2635269
953,HLA-A*11:01,esm2_joint,locus,0,1.0,13696,4.154184562578117,0.951988
954,HLA-A*11:01,esm2_joint,locus,0,1.0,13696,1.840549633397487,0.503839
955,HLA-A*11:01,esm2_joint,locus,0,1.0,13696,2.667228206581955,0.80873895
956,HLA-A*11:01,esm2_joint,locus,0,1.0,13696,2.3702437414678603,1.2331197
957,HLA-A*11:01,esm2_joint,locus,0,1.0,13696,3.3032169733019514,0.70240265
958,HLA-A*11:01,esm2_joint,locus,0,1.0,13696,3.9473901492654373,1.1763582
959,HLA-A*11:01,esm2_joint,locus,0,1.0,13696,2.766319109226186,1.0937164
960,HLA-A*11:01,esm2_joint,locus,0,1.0,13696,4.219507705176107,0.92173505
961,HLA-A*11:01,esm2_joint,locus,0,1.0,13696,1.4350845252893227,0.37066007
962,HLA-A*11:01,esm2_joint,locus,0,1.0,13696,3.55820113047182,0.8743865
963,HLA-A*11:01,esm2_joint,locus,0,1.0,13696,1.2237754316221157,0.73909706
964,HLA-A*11:01,esm2_joint,locus,0,1.0,13696,1.6863989535702288,1.1936785
965,HLA-A*11:01,esm2_joint,locus,0,1.0,13696,2.5877640352277083,0.30514425
966,HLA-A*11:01,esm2_joint,locus,0,1.0,13696,2.5649493574615367,0.8724116
967,HLA-A*11:01,esm2_joint,locus,0,1.0,13696,3.5667118201397288,0.91666764
968,HLA-A*11:01,esm2_joint,locus,0,1.0,13696,3.7864597824528,1.2128432
969,HLA-A*11:01,esm2_joint,locus,0,1.0,13696,2.653241964607215,0.6706401
970,HLA-A*11:01,esm2_joint,locus,0,1.0,13696,1.1939224684724346,0.56658703
971,HLA-A*11:01,esm2_joint,locus,0,1.0,13696,3.077312260546414,1.3051946
972,HLA-A*11:01,esm2_joint,locus,0,1.0,13696,0.6418538861723948,0.70825183
973,HLA-A*11:01,esm2_joint,locus,0,1.0,13696,0.6931471805599453,1.1451585
974,HLA-A*11:01,esm2_joint,locus,0,1.0,13696,2.302585092994046,0.8495095
975,HLA-A*11:01,esm2_joint,locus,0,1.0,13696,2.2617630984737906,0.5726119
976,HLA-A*11:01,esm2_joint,locus,0,1.0,13696,2.0149030205422647,0.71961004
977,HLA-A*11:01,esm2_joint,locus,0,1.0,13696,4.2456340097683265,1.120759
978,HLA-A*11:01,esm2_joint,locus,0,1.0,13696,2.5649493574615367,0.5223838
979,HLA-A*11:01,esm2_joint,locus,0,1.0,13696,3.122364924487357,0.8409842
980,HLA-A*11:01,esm2_joint,locus,0,1.0,13696,4.551769409260976,0.99702746
981,HLA-A*11:01,esm2_joint,locus,0,1.0,13696,3.246490991901174,0.8348905
982,HLA-A*11:01,esm2_joint,locus,0,1.0,13696,2.803360380906535,1.0810279
983,HLA-A*11:01,esm2_joint,locus,0,1.0,13696,4.259859000699674,1.1673604
984,HLA-A*11:01,esm2_joint,locus,0,1.0,13696,2.9496883350525844,0.8564904
985,HLA-A*11:01,esm2_joint,locus,0,1.0,13696,3.9357395320454622,0.96890056
986,HLA-A*11:01,esm2_joint,locus,0,1.0,13696,1.7047480922384253,0.9211683
987,HLA-A*11:01,esm2_joint,locus,0,1.0,13696,0.4700036292457355,0.78125024
988,HLA-A*11:01,esm2_joint,locus,0,1.0,13696,0.6418538861723948,0.513296
989,HLA-A*11:01,esm2_joint,locus,0,1.0,13696,1.1314021114911006,0.9899848
990,HLA-A*11:01,esm2_joint,locus,0,1.0,13696,0.9162907318741551,0.5020418
991,HLA-A*11:01,esm2_joint,locus,0,1.0,13696,4.207673247529104,1.2481432
992,HLA-A*11:01,esm2_joint,locus,0,1.0,13696,3.104586678466073,0.73907137
993,HLA-A*11:01,esm2_joint,locus,0,1.0,13696,3.8110970868381857,0.7334051
994,HLA-A*11:01,esm2_joint,locus,0,1.0,13696,3.681351187693145,1.3789532
995,HLA-A*11:01,esm2_joint,locus,0,1.0,13696,4.037774210733707,0.8165885
996,HLA-A*11:01,esm2_joint,locus,0,1.0,13696,2.6741486494265287,1.1416458
997,HLA-A*11:01,esm2_joint,locus,0,1.0,13696,1.0986122886681098,0.99364233
998,HLA-A*11:01,esm2_joint,locus,0,1.0,13696,4.183575695950044,1.055597
999,HLA-A*11:01,esm2_joint,locus,0,1.0,13696,2.312535423847214,0.81366974
1000,HLA-A*11:01,esm2_joint,locus,0,1.0,13696,3.66612246699132,0.9472746
1001,HLA-A*11:01,esm2_joint,locus,0,1.0,13696,4.212127597878484,0.9574192
1002,HLA-A*11:01,esm2_joint,locus,0,1.0,13696,3.877431560658527,1.3508663
1003,HLA-A*11:01,esm2_joint,locus,0,1.0,13696,0.26236426446749106,0.7232863
1004,HLA-A*11:01,esm2_joint,locus,0,1.0,13696,1.0296194171811583,0.35790515
1005,HLA-A*11:01,esm2_joint,locus,0,1.0,13696,1.9878743481543455,1.0793846
1006,HLA-A*11:01,esm2_joint,locus,0,1.0,13696,3.4468078929142076,1.0861998
1007,HLA-A*11:01,esm2_joint,locus,0,1.0,13696,3.92395157629342,0.8920365
1008,HLA-A*11:01,esm2_joint,locus,0,1.0,13696,4.018183201256536,1.2466797
1009,HLA-A*11:01,esm2_joint,locus,0,1.0,13696,2.2082744135228043,0.5669369
1010,HLA-A*11:01,esm2_joint,locus,0,1.0,13696,4.409155302062135,0.8805678
1011,HLA-A*11:01,esm2_joint,locus,0,1.0,13696,3.5709401562492498,0.9104748
1012,HLA-A*11:01,esm2_joint,locus,0,1.0,13696,3.763522997109702,0.029461265
1013,HLA-A*11:01,esm2_joint,locus,0,1.0,13696,4.053522567701846,0.8470957
1014,HLA-A*11:01,esm2_joint,locus,0,1.0,13696,1.0647107369924282,0.48567498
1015,HLA-A*11:01,esm2_joint,locus,0,1.0,13696,0.9162907318741551,0.9106686
1016,HLA-A*11:01,esm2_joint,locus,0,1.0,13696,0.5306282510621704,0.73183745
1017,HLA-A*11:01,esm2_joint,locus,0,1.0,13696,4.063885354737392,1.4037688
1018,HLA-A*11:01,esm2_joint,locus,0,1.0,13696,4.087655574071304,1.0318027
1019,HLA-A*11:01,esm2_joint,locus,0,1.0,13696,1.308332819650179,0.5093303
1020,HLA-A*11:01,esm2_joint,locus,0,1.0,13696,0.8754687373538999,0.6479875
1021,HLA-A*11:01,esm2_joint,locus,0,1.0,13696,0.6931471805599453,0.47245467
1022,HLA-A*11:01,esm2_joint,locus,0,1.0,13696,3.903990833730882,1.4256325
1023,HLA-A*11:01,esm2_joint,locus,0,1.0,13696,0.5877866649021191,0.26560545
1024,HLA-A*11:01,esm2_joint,locus,0,1.0,13696,1.1631508098056809,1.1172246
1025,HLA-A*11:01,esm2_joint,locus,0,1.0,13696,2.6602595372658615,1.2499368
1026,HLA-A*11:01,esm2_joint,locus,0,1.0,13696,2.9806186357439426,0.5264539
1027,HLA-A*11:01,esm2_joint,locus,0,1.0,13696,0.26236426446749106,0.94895107
1028,HLA-A*11:01,esm2_joint,locus,0,1.0,13696,4.324132656254979,0.9581896
1029,HLA-A*11:01,esm2_joint,locus,0,1.0,13696,0.5306282510621704,1.1334574
1030,HLA-A*11:01,esm2_joint,locus,0,1.0,13696,0.9555114450274363,0.88093823
1031,HLA-A*11:01,esm2_joint,locus,0,1.0,13696,0.5306282510621704,1.0118192
1032,HLA-A*11:01,esm2_joint,locus,0,1.0,13696,0.832909122935104,0.9032535
1033,HLA-A*11:01,esm2_joint,locus,0,1.0,13696,3.269568939183719,0.7695785
1034,HLA-A*11:01,esm2_joint,locus,0,1.0,13696,2.4595888418037104,0.4665714
1035,HLA-A*11:01,esm2_joint,locus,0,1.0,13696,2.0794415416798357,0.77380455
1036,HLA-A*11:01,esm2_joint,locus,0,1.0,13696,1.9740810260220096,0.81977016
1037,HLA-A*11:01,esm2_joint,locus,0,1.0,13696,4.117409835153096,0.99074346
1038,HLA-A*11:01,esm2_joint,locus,0,1.0,13696,4.45898767581001,0.9341091
1039,HLA-A*11:01,esm2_joint,locus,0,1.0,13696,2.833213344056216,1.0341935
1040,HLA-A*11:01,esm2_joint,locus,0,1.0,13696,0.9555114450274363,0.6536124
1041,HLA-A*11:01,esm2_joint,locus,0,1.0,13696,1.840549633397487,0.64273417
1042,HLA-A*11:01,esm2_joint,locus,0,1.0,13696,3.258096538021482,0.698773
1043,HLA-A*11:01,esm2_joint,locus,0,1.0,13696,0.5306282510621704,0.90516174
1044,HLA-A*11:01,esm2_joint,locus,0,1.0,13696,0.8754687373538999,0.96355116
1045,HLA-A*11:01,esm2_joint,locus,0,1.0,13696,4.33204826486764,0.8939307
1046,HLA-A*11:01,esm2_joint,locus,0,1.0,13696,1.252762968495368,0.4652794
1047,HLA-A*11:01,esm2_joint,locus,0,1.0,13696,0.5877866649021191,1.2014159
1048,HLA-A*11:01,esm2_joint,locus,0,1.0,13696,4.366912996863833,1.2113647
1049,HLA-A*11:01,esm2_joint,locus,0,1.0,13696,3.9627161197436642,1.392006
1050,HLA-A*11:01,esm2_joint,locus,0,1.0,13696,2.6100697927420065,0.86983025
1051,HLA-A*11:01,esm2_joint,locus,0,1.0,13696,0.4054651081081644,0.8759065
1052,HLA-A*11:01,esm2_joint,locus,0,1.0,13696,0.4054651081081644,1.406502
1053,HLA-A*11:01,esm2_joint,locus,0,1.0,13696,3.475067230228611,1.0191588
1054,HLA-A*11:01,esm2_joint,locus,0,1.0,13696,0.33647223662121295,0.7801248
1055,HLA-A*11:01,esm2_joint,locus,0,1.0,13696,0.33647223662121295,0.8525155
1056,HLA-A*11:01,esm2_joint,locus,0,1.0,13696,2.4595888418037104,0.87491596
1057,HLA-A*11:01,esm2_joint,locus,0,1.0,13696,0.09531017980432487,0.86443776
1058,HLA-A*11:01,esm2_joint,locus,0,1.0,13696,1.0296194171811583,0.8401833
1059,HLA-A*11:01,esm2_joint,locus,0,1.0,13696,4.939497266262916,1.0752622
1060,HLA-A*11:01,esm2_joint,locus,0,1.0,13696,1.5040773967762742,0.5026983
1061,HLA-A*11:01,esm2_joint,locus,0,1.0,13696,3.407841924380824,0.4782297
1062,HLA-A*11:01,esm2_joint,locus,0,1.0,13696,3.0155349008501706,0.67071444
1063,HLA-A*11:01,esm2_joint,locus,0,1.0,13696,1.8870696490323797,0.6328003
1064,HLA-A*11:01,esm2_joint,locus,0,1.0,13696,1.0986122886681098,0.06461948
1065,HLA-A*11:01,esm2_joint,locus,0,1.0,13696,0.33647223662121295,0.6232718
1066,HLA-A*11:01,esm2_joint,locus,0,1.0,13696,1.0647107369924282,0.9567986
1067,HLA-A*11:01,esm2_joint,locus,0,1.0,13696,2.6741486494265287,0.6373123
1068,HLA-A*11:01,esm2_joint,locus,0,1.0,13696,1.7404661748405046,0.68051076
1069,HLA-A*11:01,esm2_joint,locus,0,1.0,13696,0.4700036292457355,1.3450148
1070,HLA-A*11:01,esm2_joint,locus,0,1.0,13696,0.832909122935104,0.8230573
1071,HLA-A*11:01,esm2_joint,locus,0,1.0,13696,2.9391619220655967,0.82295877
1072,HLA-A*11:01,esm2_joint,locus,0,1.0,13696,4.396915247167632,1.019285
1073,HLA-A*11:01,esm2_joint,locus,0,1.0,13696,3.462606009790799,1.0243744
1074,HLA-A*11:01,esm2_joint,locus,0,1.0,13696,0.33647223662121295,0.92558694
1075,HLA-A*11:01,esm2_joint,locus,0,1.0,13696,0.26236426446749106,0.32062662
1076,HLA-A*11:01,esm2_joint,locus,0,1.0,13696,4.6061696863211745,1.0378778
1077,HLA-A*11:01,esm2_joint,locus,0,1.0,13696,2.975529566236472,1.2575874
1078,HLA-A*11:01,esm2_joint,locus,0,1.0,13696,2.509599262378372,0.47778463
1079,HLA-A*11:01,esm2_joint,locus,0,1.0,13696,0.26236426446749106,1.1341913
1080,HLA-A*11:01,esm2_joint,locus,0,1.0,13696,1.33500106673234,0.57613814
1081,HLA-A*11:01,esm2_joint,locus,0,1.0,13696,0.9932517730102833,0.7736818
1082,HLA-A*11:01,esm2_joint,locus,0,1.0,13696,0.5877866649021191,1.1687392
1083,HLA-A*11:01,esm2_joint,locus,0,1.0,13696,0.18232155679395465,1.2726477
1084,HLA-A*11:01,esm2_joint,locus,0,1.0,13696,0.5877866649021191,0.5535941
1085,HLA-A*11:01,esm2_joint,locus,0,1.0,13696,0.4054651081081644,1.5821009
1086,HLA-A*11:01,esm2_joint,locus,0,1.0,13696,3.4404180948154366,0.830831
1087,HLA-A*11:01,esm2_joint,locus,0,1.0,13696,1.1314021114911006,0.9360878
1088,HLA-A*11:01,esm2_joint,locus,0,1.0,13696,1.9315214116032138,0.90815294
1089,HLA-A*11:01,esm2_joint,locus,0,1.0,13696,0.9162907318741551,1.0679171
1090,HLA-A*11:01,esm2_joint,locus,0,1.0,13696,0.26236426446749106,0.8555515
1091,HLA-A*11:01,esm2_joint,locus,0,1.0,13696,0.18232155679395465,0.986175
1092,HLA-A*11:01,esm2_joint,locus,0,1.0,13696,2.1633230256605382,0.50659275
1093,HLA-A*11:01,esm2_joint,locus,0,1.0,13696,0.0,0.982793
1094,HLA-A*11:01,esm2_joint,locus,0,1.0,13696,3.5496173867804286,1.1152782
1095,HLA-A*11:01,esm2_joint,locus,0,1.0,13696,1.1314021114911006,0.8416592
1096,HLA-A*11:01,esm2_joint,locus,0,1.0,13696,0.4700036292457355,0.64529777
1097,HLA-A*11:01,esm2_joint,locus,0,1.0,13696,3.1822118404966093,0.5657716
1098,HLA-A*11:01,esm2_joint,locus,0,1.0,13696,0.7419373447293773,0.5933529
1099,HLA-A*11:01,esm2_joint,locus,0,1.0,13696,2.1972245773362196,0.7305158
1100,HLA-A*11:01,esm2_joint,locus,0,1.0,13696,4.100989104940769,0.8677119
1101,HLA-A*11:01,esm2_joint,locus,0,1.0,13696,0.9555114450274363,0.29005682
1102,HLA-A*11:01,esm2_joint,locus,0,1.0,13696,0.6418538861723948,0.9444422
1103,HLA-A*11:01,esm2_joint,locus,0,1.0,13696,0.18232155679395465,0.77216583
1104,HLA-A*11:01,esm2_joint,locus,0,1.0,13696,2.2823823856765264,1.0366356
1105,HLA-A*11:01,esm2_joint,locus,0,1.0,13696,0.18232155679395465,0.5928415
1106,HLA-A*11:01,esm2_joint,locus,0,1.0,13696,0.26236426446749106,0.5240608
1107,HLA-A*11:01,esm2_joint,locus,0,1.0,13696,2.747270914255491,0.7945077
1108,HLA-A*11:01,esm2_joint,locus,0,1.0,13696,3.728100167267218,0.82937014
1109,HLA-A*11:01,esm2_joint,locus,0,1.0,13696,0.7884573603642702,0.67504597
1110,HLA-A*11:01,esm2_joint,locus,0,1.0,13696,0.5877866649021191,1.1711192
1111,HLA-A*11:01,esm2_joint,locus,0,1.0,13696,0.33647223662121295,0.6241101
1112,HLA-A*11:01,esm2_joint,locus,0,1.0,13696,0.09531017980432487,0.68460786
1113,HLA-A*11:01,esm2_joint,locus,0,1.0,13696,0.4700036292457355,0.67471164
1114,HLA-A*11:01,esm2_joint,locus,0,1.0,13696,2.990719731730447,1.0404406
1115,HLA-A*11:01,esm2_joint,locus,0,1.0,13696,0.18232155679395465,1.0586172
1116,HLA-A*11:01,esm2_joint,locus,0,1.0,13696,0.5306282510621704,0.44332153
1117,HLA-A*11:01,esm2_joint,locus,0,1.0,13696,0.4054651081081644,1.0780627
1118,HLA-A*11:01,esm2_joint,locus,0,1.0,13696,0.33647223662121295,0.28659314
1119,HLA-A*11:01,esm2_joint,locus,0,1.0,13696,0.0,0.8302733
1120,HLA-A*11:01,esm2_joint,locus,0,1.0,13696,0.26236426446749106,0.13217217
1121,HLA-A*11:01,esm2_joint,locus,0,1.0,13696,0.0,0.9425223
1122,HLA-A*11:01,esm2_joint,locus,0,1.0,13696,0.18232155679395465,0.6131402
1123,HLA-A*11:01,esm2_joint,locus,0,1.0,13696,0.4700036292457355,0.6385216
1124,HLA-A*11:01,esm2_joint,locus,0,1.0,13696,0.7419373447293773,0.7740998
1125,HLA-A*11:01,esm2_joint,locus,0,1.0,13696,0.7419373447293773,1.009305
1126,HLA-A*11:01,esm2_joint,locus,0,1.0,13696,0.26236426446749106,0.39930922
1127,HLA-A*11:01,esm2_joint,locus,0,1.0,13696,0.4054651081081644,0.6688053
1128,HLA-A*11:01,esm2_joint,locus,0,1.0,13696,0.33647223662121295,0.40135044
1129,HLA-A*11:01,esm2_joint,locus,0,1.0,13696,1.1939224684724346,0.69636476
1130,HLA-A*11:01,esm2_joint,locus,0,1.0,13696,2.624668592163159,0.8741761
1131,HLA-A*11:01,esm2_joint,locus,0,1.0,13696,0.0,0.46724606
1132,HLA-A*11:01,esm2_joint,locus,0,1.0,13696,0.0,0.61639714
1133,HLA-A*11:01,esm2_joint,locus,0,1.0,13696,1.791759469228055,0.6856316
1134,HLA-A*11:01,esm2_joint,locus,0,1.0,13696,4.117409835153096,1.1096699
1135,HLA-A*11:01,esm2_joint,locus,0,1.0,13696,0.18232155679395465,0.5741396
1136,HLA-A*11:01,esm2_joint,locus,0,1.0,13696,0.0,0.7923875
1137,HLA-A*23:01,esm2_joint,locus,0,1.0,13696,2.766319109226186,0.66883254
1138,HLA-A*23:01,esm2_joint,locus,0,1.0,13696,1.3609765531356006,0.57692164
1139,HLA-A*23:01,esm2_joint,locus,0,1.0,13696,3.8522730010223722,0.5611811
1140,HLA-A*23:01,esm2_joint,locus,0,1.0,13696,2.9444389791664403,0.20359862
1141,HLA-A*23:01,esm2_joint,locus,0,1.0,13696,1.9740810260220096,0.73127615
1142,HLA-A*23:01,esm2_joint,locus,0,1.0,13696,1.9459101490553132,1.6724415
1143,HLA-A*23:01,esm2_joint,locus,0,1.0,13696,2.6741486494265287,0.78775823
1144,HLA-A*23:01,esm2_joint,locus,0,1.0,13696,2.7343675094195836,0.7773369
1145,HLA-A*23:01,esm2_joint,locus,0,1.0,13696,1.547562508716013,0.35620105
1146,HLA-A*23:01,esm2_joint,locus,0,1.0,13696,1.62924053973028,1.7559772
1147,HLA-A*23:01,esm2_joint,locus,0,1.0,13696,0.6931471805599453,0.5475047
1148,HLA-A*23:01,esm2_joint,locus,0,1.0,13696,3.1945831322991562,0.7450348
1149,HLA-A*23:01,esm2_joint,locus,0,1.0,13696,0.7884573603642702,0.28382105
1150,HLA-A*23:01,esm2_joint,locus,0,1.0,13696,1.0986122886681098,0.45946544
1151,HLA-A*23:01,esm2_joint,locus,0,1.0,13696,0.4054651081081644,0.64039075
1152,HLA-A*23:01,esm2_joint,locus,0,1.0,13696,3.054001181677967,0.7751627
1153,HLA-A*23:01,esm2_joint,locus,0,1.0,13696,0.5877866649021191,1.3433629
1154,HLA-A*23:01,esm2_joint,locus,0,1.0,13696,0.6418538861723948,1.1630251
1155,HLA-A*23:01,esm2_joint,locus,0,1.0,13696,0.6931471805599453,0.269396
1156,HLA-A*23:01,esm2_joint,locus,0,1.0,13696,1.916922612182061,0.9750336
1157,HLA-A*23:01,esm2_joint,locus,0,1.0,13696,3.086486636822455,0.59424776
1158,HLA-A*24:02,esm2_joint,locus,0,1.0,13696,1.749199854809259,0.47256607
1159,HLA-A*24:02,esm2_joint,locus,0,1.0,13696,1.7404661748405046,0.6751743
1160,HLA-A*24:02,esm2_joint,locus,0,1.0,13696,2.066862759472976,0.6739935
1161,HLA-A*24:02,esm2_joint,locus,0,1.0,13696,2.277267285009756,0.5467466
1162,HLA-A*24:02,esm2_joint,locus,0,1.0,13696,1.599387576580599,0.35300982
1163,HLA-A*24:02,esm2_joint,locus,0,1.0,13696,3.261935314328648,0.07380664
1164,HLA-A*24:02,esm2_joint,locus,0,1.0,13696,3.4404180948154366,0.6784545
1165,HLA-A*24:02,esm2_joint,locus,0,1.0,13696,0.33647223662121295,-0.22152156
1166,HLA-A*24:02,esm2_joint,locus,0,1.0,13696,0.7654678421395714,0.33555263
1167,HLA-A*24:02,esm2_joint,locus,0,1.0,13696,2.180417459019838,0.62093216
1168,HLA-A*24:02,esm2_joint,locus,0,1.0,13696,0.8544153281560676,0.98722523
1169,HLA-A*24:02,esm2_joint,locus,0,1.0,13696,2.827313621929028,0.7958551
1170,HLA-A*24:02,esm2_joint,locus,0,1.0,13696,0.13976194237515868,0.24245387
1171,HLA-A*24:02,esm2_joint,locus,0,1.0,13696,0.7419373447293773,0.6479372
1172,HLA-A*24:02,esm2_joint,locus,0,1.0,13696,3.173878458937465,0.8157171
1173,HLA-A*24:02,esm2_joint,locus,0,1.0,13696,0.6931471805599453,0.83665955
1174,HLA-A*24:02,esm2_joint,locus,0,1.0,13696,0.4382549309311553,0.38249153
1175,HLA-A*24:02,esm2_joint,locus,0,1.0,13696,0.6678293725756554,0.601823
1176,HLA-A*24:02,esm2_joint,locus,0,1.0,13696,0.26236426446749106,0.3590569
1177,HLA-A*24:02,esm2_joint,locus,0,1.0,13696,0.18232155679395465,0.52854574
1178,HLA-A*24:02,esm2_joint,locus,0,1.0,13696,1.1786549963416462,0.6816787
1179,HLA-A*24:02,esm2_joint,locus,0,1.0,13696,0.6678293725756554,0.27858168
1180,HLA-A*24:02,esm2_joint,locus,0,1.0,13696,0.4054651081081644,0.51979697
1181,HLA-A*24:02,esm2_joint,locus,0,1.0,13696,0.8754687373538999,2.0309997
1182,HLA-A*24:02,esm2_joint,locus,0,1.0,13696,0.30010459245033805,0.78747046
1183,HLA-A*24:02,esm2_joint,locus,0,1.0,13696,2.8622008809294686,0.5118517
1184,HLA-A*24:02,esm2_joint,locus,0,1.0,13696,0.832909122935104,1.1477787
1185,HLA-A*24:02,esm2_joint,locus,0,1.0,13696,0.5007752879124893,1.0573198
1186,HLA-A*24:02,esm2_joint,locus,0,1.0,13696,1.0986122886681098,1.052203
1187,HLA-A*24:02,esm2_joint,locus,0,1.0,13696,0.13976194237515868,-0.21292037
1188,HLA-A*24:02,esm2_joint,locus,0,1.0,13696,0.26236426446749106,0.65842617
1189,HLA-A*24:02,esm2_joint,locus,0,1.0,13696,0.04879016416943201,0.31455797
1190,HLA-A*24:03,esm2_joint,locus,0,1.0,13696,2.0794415416798357,0.6881575
1191,HLA-A*24:03,esm2_joint,locus,0,1.0,13696,1.62924053973028,0.5765946
1192,HLA-A*24:03,esm2_joint,locus,0,1.0,13696,3.7909846770510898,0.46730173
1193,HLA-A*24:03,esm2_joint,locus,0,1.0,13696,2.797281334830153,0.5883498
1194,HLA-A*24:03,esm2_joint,locus,0,1.0,13696,2.928523523860541,0.35907763
1195,HLA-A*24:03,esm2_joint,locus,0,1.0,13696,2.1972245773362196,0.62637067
1196,HLA-A*24:03,esm2_joint,locus,0,1.0,13696,3.2809112157876537,0.606569
1197,HLA-A*24:03,esm2_joint,locus,0,1.0,13696,2.747270914255491,0.6916658
1198,HLA-A*24:03,esm2_joint,locus,0,1.0,13696,2.5726122302071057,0.6427938
1199,HLA-A*24:03,esm2_joint,locus,0,1.0,13696,2.995732273553991,1.7166562
1200,HLA-A*24:03,esm2_joint,locus,0,1.0,13696,3.475067230228611,0.13452154
1201,HLA-A*24:03,esm2_joint,locus,0,1.0,13696,3.7954891891721947,0.87108415
1202,HLA-A*24:03,esm2_joint,locus,0,1.0,13696,1.1631508098056809,0.6648448
1203,HLA-A*24:03,esm2_joint,locus,0,1.0,13696,2.2300144001592104,0.12058842
1204,HLA-A*24:03,esm2_joint,locus,0,1.0,13696,2.2617630984737906,0.13691014
1205,HLA-A*24:03,esm2_joint,locus,0,1.0,13696,2.379546134130174,0.8439465
1206,HLA-A*24:03,esm2_joint,locus,0,1.0,13696,2.1633230256605382,0.14733487
1207,HLA-A*24:03,esm2_joint,locus,0,1.0,13696,1.7578579175523736,0.75908273
1208,HLA-A*24:03,esm2_joint,locus,0,1.0,13696,2.6026896854443837,0.5149522
1209,HLA-A*24:03,esm2_joint,locus,0,1.0,13696,1.0986122886681098,0.6436424
1210,HLA-A*24:03,esm2_joint,locus,0,1.0,13696,1.1631508098056809,0.89164376
1211,HLA-A*24:03,esm2_joint,locus,0,1.0,13696,0.4054651081081644,0.5463927
1212,HLA-A*24:03,esm2_joint,locus,0,1.0,13696,1.410986973710262,1.1766202
1213,HLA-A*24:03,esm2_joint,locus,0,1.0,13696,1.4816045409242156,0.06422871
1214,HLA-A*24:03,esm2_joint,locus,0,1.0,13696,1.589235205116581,0.2780624
1215,HLA-A*24:03,esm2_joint,locus,0,1.0,13696,3.1945831322991562,1.435915
1216,HLA-A*24:03,esm2_joint,locus,0,1.0,13696,0.6931471805599453,0.46745855
1217,HLA-A*24:03,esm2_joint,locus,0,1.0,13696,0.7419373447293773,0.84423566
1218,HLA-A*24:03,esm2_joint,locus,0,1.0,13696,0.33647223662121295,0.6434121
1219,HLA-A*24:03,esm2_joint,locus,0,1.0,13696,1.9021075263969205,0.45862967
1220,HLA-A*24:03,esm2_joint,locus,0,1.0,13696,0.26236426446749106,0.9121008
1221,HLA-A*24:03,esm2_joint,locus,0,1.0,13696,2.631888840136646,-0.01326853
1222,HLA-A*24:03,esm2_joint,locus,0,1.0,13696,1.7749523509116738,-0.10940021
1223,HLA-A*24:03,esm2_joint,locus,0,1.0,13696,0.26236426446749106,0.09151298
1224,HLA-A*24:03,esm2_joint,locus,0,1.0,13696,0.33647223662121295,0.41057318
1225,HLA-A*24:03,esm2_joint,locus,0,1.0,13696,0.18232155679395465,0.60242724
1226,HLA-A*24:03,esm2_joint,locus,0,1.0,13696,0.7419373447293773,0.2083469
1227,HLA-A*24:03,esm2_joint,locus,0,1.0,13696,0.4054651081081644,0.5808451
1228,HLA-A*24:03,esm2_joint,locus,0,1.0,13696,1.7227665977411035,0.36765128
1229,HLA-A*24:03,esm2_joint,locus,0,1.0,13696,0.6418538861723948,0.9642836
1230,HLA-A*24:03,esm2_joint,locus,0,1.0,13696,0.5306282510621704,1.2227577
1231,HLA-A*24:03,esm2_joint,locus,0,1.0,13696,0.09531017980432487,0.5303534
1232,HLA-A*24:03,esm2_joint,locus,0,1.0,13696,0.33647223662121295,0.54422987
1233,HLA-A*24:03,esm2_joint,locus,0,1.0,13696,0.18232155679395465,0.0042390227
1234,HLA-A*24:03,esm2_joint,locus,0,1.0,13696,0.26236426446749106,0.47280866
1235,HLA-A*24:03,esm2_joint,locus,0,1.0,13696,0.4700036292457355,0.504247
1236,HLA-A*24:03,esm2_joint,locus,0,1.0,13696,0.4700036292457355,0.31305075
1237,HLA-A*24:03,esm2_joint,locus,0,1.0,13696,0.7419373447293773,0.8861383
1238,HLA-A*30:01,esm2_joint,locus,0,1.0,13696,1.5260563034950494,1.0470655
1239,HLA-A*30:01,esm2_joint,locus,0,1.0,13696,0.6931471805599453,0.5799927
1240,HLA-A*30:01,esm2_joint,locus,0,1.0,13696,3.708682081410116,0.6346087
1241,HLA-A*30:01,esm2_joint,locus,0,1.0,13696,0.18232155679395465,0.37020057
1242,HLA-A*30:01,esm2_joint,locus,0,1.0,13696,3.139832617527748,0.82030845
1243,HLA-A*30:01,esm2_joint,locus,0,1.0,13696,4.412798293340635,0.87422013
1244,HLA-A*30:01,esm2_joint,locus,0,1.0,13696,3.269568939183719,1.0070912
1245,HLA-A*30:01,esm2_joint,locus,0,1.0,13696,1.9459101490553132,0.55916685
1246,HLA-A*30:01,esm2_joint,locus,0,1.0,13696,2.2300144001592104,0.26660103
1247,HLA-A*30:01,esm2_joint,locus,0,1.0,13696,0.5877866649021191,0.8775056
1248,HLA-A*30:01,esm2_joint,locus,0,1.0,13696,3.9473901492654373,0.88978475
1249,HLA-A*30:01,esm2_joint,locus,0,1.0,13696,1.9459101490553132,0.9466611
1250,HLA-A*30:01,esm2_joint,locus,0,1.0,13696,1.4816045409242156,1.3861153
1251,HLA-A*30:01,esm2_joint,locus,0,1.0,13696,0.4054651081081644,0.64811814
1252,HLA-A*30:01,esm2_joint,locus,0,1.0,13696,1.62924053973028,1.0142144
1253,HLA-A*30:01,esm2_joint,locus,0,1.0,13696,0.4054651081081644,0.03646612
1254,HLA-A*30:01,esm2_joint,locus,0,1.0,13696,1.62924053973028,0.7753707
1255,HLA-A*30:01,esm2_joint,locus,0,1.0,13696,0.18232155679395465,0.8272353
1256,HLA-A*30:01,esm2_joint,locus,0,1.0,13696,0.33647223662121295,0.2951272
1257,HLA-A*30:01,esm2_joint,locus,0,1.0,13696,0.33647223662121295,0.4894544
1258,HLA-A*30:01,esm2_joint,locus,0,1.0,13696,0.832909122935104,1.1264614
1259,HLA-A*30:01,esm2_joint,locus,0,1.0,13696,0.26236426446749106,0.50437516
1260,HLA-A*30:01,esm2_joint,locus,0,1.0,13696,0.6418538861723948,0.47417718
1261,HLA-A*30:01,esm2_joint,locus,0,1.0,13696,1.308332819650179,0.9404737
1262,HLA-A*30:01,esm2_joint,locus,0,1.0,13696,0.26236426446749106,1.0998403
1263,HLA-A*30:01,esm2_joint,locus,0,1.0,13696,0.0,0.47458678
1264,HLA-A*30:01,esm2_joint,locus,0,1.0,13696,0.0,0.80594075
1265,HLA-A*30:01,esm2_joint,locus,0,1.0,13696,2.8678989020441064,0.720239
1266,HLA-A*30:01,esm2_joint,locus,0,1.0,13696,0.33647223662121295,0.41161156
1267,HLA-A*30:01,esm2_joint,locus,0,1.0,13696,0.0,1.2913934
1268,HLA-A*30:01,esm2_joint,locus,0,1.0,13696,0.0,0.40864503
1269,HLA-A*30:01,esm2_joint,locus,0,1.0,13696,0.33647223662121295,0.7799628
1270,HLA-A*30:01,esm2_joint,locus,0,1.0,13696,0.0,0.88937193
1271,HLA-A*30:01,esm2_joint,locus,0,1.0,13696,0.26236426446749106,0.6377819
1272,HLA-A*30:01,esm2_joint,locus,0,1.0,13696,0.26236426446749106,0.82132804
1273,HLA-A*30:01,esm2_joint,locus,0,1.0,13696,0.18232155679395465,0.6693648
1274,HLA-A*30:01,esm2_joint,locus,0,1.0,13696,0.0,0.49547338
1275,HLA-A*30:01,esm2_joint,locus,0,1.0,13696,0.0,0.31532186
1276,HLA-A*30:01,esm2_joint,locus,0,1.0,13696,0.0,0.66450715
1277,HLA-A*30:01,esm2_joint,locus,0,1.0,13696,0.0,0.07183468
1278,HLA-A*30:01,esm2_joint,locus,0,1.0,13696,0.0,0.234941
1279,HLA-A*30:01,esm2_joint,locus,0,1.0,13696,0.0,0.15323788
1280,HLA-A*30:01,esm2_joint,locus,0,1.0,13696,0.0,0.6337843
1281,HLA-A*30:01,esm2_joint,locus,0,1.0,13696,0.0,0.5456816
1282,HLA-A*30:01,esm2_joint,locus,0,1.0,13696,0.0,0.617767
1283,HLA-A*30:01,esm2_joint,locus,0,1.0,13696,0.0,0.6730698
1284,HLA-A*31:01,esm2_joint,locus,0,1.0,13696,3.845883202923601,1.2421035
1285,HLA-A*31:01,esm2_joint,locus,0,1.0,13696,1.62924053973028,0.7622724
1286,HLA-A*31:01,esm2_joint,locus,0,1.0,13696,3.9396381724611196,1.262834
1287,HLA-A*31:01,esm2_joint,locus,0,1.0,13696,1.8718021769015913,1.2614532
1288,HLA-A*31:01,esm2_joint,locus,0,1.0,13696,4.389498649512583,1.0497329
1289,HLA-A*31:01,esm2_joint,locus,0,1.0,13696,4.93014804318357,1.2831764
1290,HLA-A*31:01,esm2_joint,locus,0,1.0,13696,5.0072963928307415,0.89517355
1291,HLA-A*31:01,esm2_joint,locus,0,1.0,13696,1.6486586255873816,0.9423565
1292,HLA-A*31:01,esm2_joint,locus,0,1.0,13696,4.403054001865957,0.9726278
1293,HLA-A*31:01,esm2_joint,locus,0,1.0,13696,0.18232155679395465,0.6746823
1294,HLA-A*31:01,esm2_joint,locus,0,1.0,13696,4.2626798770413155,1.2074658
1295,HLA-A*31:01,esm2_joint,locus,0,1.0,13696,4.0943445622221,1.2187766
1296,HLA-A*31:01,esm2_joint,locus,0,1.0,13696,3.169685580677429,0.610487
1297,HLA-A*31:01,esm2_joint,locus,0,1.0,13696,0.4700036292457355,1.0010858
1298,HLA-A*31:01,esm2_joint,locus,0,1.0,13696,2.1162555148025524,1.0684904
1299,HLA-A*31:01,esm2_joint,locus,0,1.0,13696,4.819474788635096,0.6163163
1300,HLA-A*31:01,esm2_joint,locus,0,1.0,13696,0.7419373447293773,0.3686269
1301,HLA-A*31:01,esm2_joint,locus,0,1.0,13696,4.463606621666305,0.87191176
1302,HLA-A*31:01,esm2_joint,locus,0,1.0,13696,1.1939224684724346,0.41961682
1303,HLA-A*31:01,esm2_joint,locus,0,1.0,13696,1.7047480922384253,1.1385312
1304,HLA-A*31:01,esm2_joint,locus,0,1.0,13696,3.342861804649192,1.2831435
1305,HLA-A*31:01,esm2_joint,locus,0,1.0,13696,0.9162907318741551,1.0889895
1306,HLA-A*31:01,esm2_joint,locus,0,1.0,13696,1.410986973710262,1.2670956
1307,HLA-A*31:01,esm2_joint,locus,0,1.0,13696,0.18232155679395465,1.4933699
1308,HLA-A*31:01,esm2_joint,locus,0,1.0,13696,1.1314021114911006,1.483516
1309,HLA-A*31:01,esm2_joint,locus,0,1.0,13696,3.502549875922443,0.97062886
1310,HLA-A*31:01,esm2_joint,locus,0,1.0,13696,2.1041341542702074,1.4591395
1311,HLA-A*31:01,esm2_joint,locus,0,1.0,13696,0.26236426446749106,1.2200708
1312,HLA-A*31:01,esm2_joint,locus,0,1.0,13696,1.6094379124341003,0.8013252
1313,HLA-A*31:01,esm2_joint,locus,0,1.0,13696,0.5306282510621704,0.8507917
1314,HLA-A*31:01,esm2_joint,locus,0,1.0,13696,0.4054651081081644,1.2248026
1315,HLA-A*31:01,esm2_joint,locus,0,1.0,13696,0.6931471805599453,0.83348864
1316,HLA-A*31:01,esm2_joint,locus,0,1.0,13696,0.33647223662121295,1.2103462
1317,HLA-A*31:01,esm2_joint,locus,0,1.0,13696,1.9021075263969205,0.81052655
1318,HLA-A*31:01,esm2_joint,locus,0,1.0,13696,0.33647223662121295,1.0318787
1319,HLA-A*31:01,esm2_joint,locus,0,1.0,13696,0.4700036292457355,1.2880708
1320,HLA-A*31:01,esm2_joint,locus,0,1.0,13696,0.7884573603642702,1.0556569
1321,HLA-A*31:01,esm2_joint,locus,0,1.0,13696,0.0,0.74924016
1322,HLA-A*31:01,esm2_joint,locus,0,1.0,13696,0.26236426446749106,0.56364244
1323,HLA-A*31:01,esm2_joint,locus,0,1.0,13696,0.4700036292457355,0.63214207
1324,HLA-A*31:01,esm2_joint,locus,0,1.0,13696,0.0,1.3063362
1325,HLA-A*31:01,esm2_joint,locus,0,1.0,13696,0.0,1.325292
1326,HLA-A*31:01,esm2_joint,locus,0,1.0,13696,0.33647223662121295,1.0521199
1327,HLA-A*31:01,esm2_joint,locus,0,1.0,13696,0.26236426446749106,0.8010012
1328,HLA-A*69:01,esm2_joint,locus,0,1.0,13696,0.0,0.4618464
2006,HLA-A*01:01,esm2_joint,locus,0,1.0,13696,3.1822118404966093,0.7178094
2007,HLA-A*01:01,esm2_joint,locus,0,1.0,13696,3.3032169733019514,0.9283789
2008,HLA-A*01:01,esm2_joint,locus,0,1.0,13696,2.6390573296152584,0.5500197
2009,HLA-A*01:01,esm2_joint,locus,0,1.0,13696,0.9555114450274363,0.510097
2010,HLA-A*01:01,esm2_joint,locus,0,1.0,13696,3.3141860046725258,1.175815
2011,HLA-A*01:01,esm2_joint,locus,0,1.0,13696,3.7909846770510898,0.6679827
2012,HLA-A*01:01,esm2_joint,locus,0,1.0,13696,1.1314021114911006,1.5219574
2013,HLA-A*01:01,esm2_joint,locus,0,1.0,13696,0.26236426446749106,0.48395416
2014,HLA-A*01:01,esm2_joint,locus,0,1.0,13696,2.772588722239781,0.5817358
2015,HLA-A*01:01,esm2_joint,locus,0,1.0,13696,0.33647223662121295,0.60471594
2016,HLA-A*01:01,esm2_joint,locus,0,1.0,13696,1.589235205116581,0.76512897
2017,HLA-A*01:01,esm2_joint,locus,0,1.0,13696,1.252762968495368,-0.12865287
2018,HLA-A*01:01,esm2_joint,locus,0,1.0,13696,1.9315214116032138,0.59966886
2019,HLA-A*01:01,esm2_joint,locus,0,1.0,13696,3.261935314328648,0.6492404
2020,HLA-A*01:01,esm2_joint,locus,0,1.0,13696,2.2082744135228043,0.66699994
2021,HLA-A*01:01,esm2_joint,locus,0,1.0,13696,0.9162907318741551,0.4927237
2022,HLA-A*01:01,esm2_joint,locus,0,1.0,13696,0.5877866649021191,0.16184533
2023,HLA-A*01:01,esm2_joint,locus,0,1.0,13696,2.760009940032921,0.6553196
2024,HLA-A*01:01,esm2_joint,locus,0,1.0,13696,1.3609765531356006,0.39678723
2025,HLA-A*01:01,esm2_joint,locus,0,1.0,13696,1.5686159179138452,0.5556919
2026,HLA-A*01:01,esm2_joint,locus,0,1.0,13696,2.451005098112319,0.5350263
2027,HLA-A*01:01,esm2_joint,locus,0,1.0,13696,2.827313621929028,0.54626405
2028,HLA-A*01:01,esm2_joint,locus,0,1.0,13696,0.9555114450274363,0.5215782
2029,HLA-A*01:01,esm2_joint,locus,0,1.0,13696,3.414442608412176,0.58238846
2030,HLA-A*01:01,esm2_joint,locus,0,1.0,13696,2.970414465569701,1.0432211
2031,HLA-A*01:01,esm2_joint,locus,0,1.0,13696,0.9932517730102833,0.5240184
2032,HLA-A*01:01,esm2_joint,locus,0,1.0,13696,0.7419373447293773,0.7959407
2033,HLA-A*01:01,esm2_joint,locus,0,1.0,13696,1.7749523509116738,0.53102505
2034,HLA-A*01:01,esm2_joint,locus,0,1.0,13696,2.1633230256605382,1.1418171
2035,HLA-A*01:01,esm2_joint,locus,0,1.0,13696,0.832909122935104,1.0791816
2036,HLA-A*01:01,esm2_joint,locus,0,1.0,13696,0.26236426446749106,0.60027206
2037,HLA-A*01:01,esm2_joint,locus,0,1.0,13696,0.4054651081081644,0.78281736
2038,HLA-A*02:01,esm2_joint,locus,0,1.0,13696,1.9878743481543455,0.5641587
2039,HLA-A*02:01,esm2_joint,locus,0,1.0,13696,1.7578579175523736,1.2029006
2040,HLA-A*02:01,esm2_joint,locus,0,1.0,13696,1.9021075263969205,0.49999872
2041,HLA-A*02:01,esm2_joint,locus,0,1.0,13696,1.5686159179138452,0.13820094
2042,HLA-A*02:01,esm2_joint,locus,0,1.0,13696,2.8154087194227095,0.62215865
2043,HLA-A*02:01,esm2_joint,locus,0,1.0,13696,0.4700036292457355,0.5814492
2044,HLA-A*02:01,esm2_joint,locus,0,1.0,13696,2.9338568698359038,0.036730528
2045,HLA-A*02:01,esm2_joint,locus,0,1.0,13696,0.6931471805599453,0.04722482
2046,HLA-A*02:01,esm2_joint,locus,0,1.0,13696,1.0116009116784799,0.5790856
2047,HLA-A*02:01,esm2_joint,locus,0,1.0,13696,3.186352633162641,0.6083707
2048,HLA-A*02:01,esm2_joint,locus,0,1.0,13696,1.5686159179138452,0.0034452677
2049,HLA-A*02:01,esm2_joint,locus,0,1.0,13696,3.044522437723423,0.28730607
2050,HLA-A*02:01,esm2_joint,locus,0,1.0,13696,1.9021075263969205,0.7110409
2051,HLA-A*02:01,esm2_joint,locus,0,1.0,13696,0.832909122935104,0.842574
2052,HLA-A*02:01,esm2_joint,locus,0,1.0,13696,1.9740810260220096,-0.10954577
2053,HLA-A*02:01,esm2_joint,locus,0,1.0,13696,0.4054651081081644,0.65404606
2054,HLA-A*02:01,esm2_joint,locus,0,1.0,13696,0.26236426446749106,0.910604
2055,HLA-A*02:01,esm2_joint,locus,0,1.0,13696,1.3862943611198906,0.18247682
2056,HLA-A*02:01,esm2_joint,locus,0,1.0,13696,0.4700036292457355,0.12829322
2057,HLA-A*02:01,esm2_joint,locus,0,1.0,13696,0.4054651081081644,0.14745593
2058,HLA-A*02:01,esm2_joint,locus,0,1.0,13696,0.09531017980432487,0.17644757
2059,HLA-A*02:01,esm2_joint,locus,0,1.0,13696,2.6390573296152584,0.6032988
2060,HLA-A*02:01,esm2_joint,locus,0,1.0,13696,0.4054651081081644,0.39898437
2061,HLA-A*02:01,esm2_joint,locus,0,1.0,13696,3.3105430133940246,0.739389
2062,HLA-A*02:01,esm2_joint,locus,0,1.0,13696,1.9600947840472698,0.0005758405
2063,HLA-A*02:01,esm2_joint,locus,0,1.0,13696,1.0647107369924282,0.6705429
2064,HLA-A*02:01,esm2_joint,locus,0,1.0,13696,2.186051276738094,0.31350315
2065,HLA-A*02:01,esm2_joint,locus,0,1.0,13696,0.4700036292457355,0.32573587
2066,HLA-A*02:01,esm2_joint,locus,0,1.0,13696,2.975529566236472,-0.1268062
2067,HLA-A*02:01,esm2_joint,locus,0,1.0,13696,0.18232155679395465,0.5939379
2068,HLA-A*02:01,esm2_joint,locus,0,1.0,13696,0.4054651081081644,0.21667552
2069,HLA-A*02:01,esm2_joint,locus,0,1.0,13696,0.09531017980432487,0.8160648
2070,HLA-A*02:01,esm2_joint,locus,0,1.0,13696,0.09531017980432487,1.1240549
2071,HLA-A*02:01,esm2_joint,locus,0,1.0,13696,0.09531017980432487,0.64401156
2072,HLA-A*02:01,esm2_joint,locus,0,1.0,13696,0.09531017980432487,0.3209979
2073,HLA-A*02:01,esm2_joint,locus,0,1.0,13696,0.09531017980432487,0.3141762
2074,HLA-A*03:01,esm2_joint,locus,0,1.0,13696,0.4700036292457355,1.3806677
2075,HLA-A*03:01,esm2_joint,locus,0,1.0,13696,2.33214389523559,1.4167014
2076,HLA-A*03:01,esm2_joint,locus,0,1.0,13696,2.2082744135228043,1.0544803
2077,HLA-A*03:01,esm2_joint,locus,0,1.0,13696,0.6931471805599453,1.3365909
2078,HLA-A*03:01,esm2_joint,locus,0,1.0,13696,1.9021075263969205,1.3680866
2079,HLA-A*03:01,esm2_joint,locus,0,1.0,13696,3.8110970868381857,1.2992485
2080,HLA-A*03:01,esm2_joint,locus,0,1.0,13696,4.110873864173311,0.83914435
2081,HLA-A*03:01,esm2_joint,locus,0,1.0,13696,2.0541237336955462,1.3125226
2082,HLA-A*03:01,esm2_joint,locus,0,1.0,13696,0.9555114450274363,0.9503964
2083,HLA-A*03:01,esm2_joint,locus,0,1.0,13696,0.5306282510621704,0.8677543
2084,HLA-A*03:01,esm2_joint,locus,0,1.0,13696,2.341805806147327,1.2278745
2085,HLA-A*03:01,esm2_joint,locus,0,1.0,13696,0.26236426446749106,1.402332
2086,HLA-A*03:01,esm2_joint,locus,0,1.0,13696,4.056988775678332,1.4374259
2087,HLA-A*03:01,esm2_joint,locus,0,1.0,13696,0.33647223662121295,0.89802474
2088,HLA-A*03:01,esm2_joint,locus,0,1.0,13696,1.4816045409242156,0.7430785
2089,HLA-A*03:01,esm2_joint,locus,0,1.0,13696,2.791165107812717,1.1071935
2090,HLA-A*03:01,esm2_joint,locus,0,1.0,13696,1.3609765531356006,1.6225345
2091,HLA-A*03:01,esm2_joint,locus,0,1.0,13696,0.832909122935104,1.5006187
2092,HLA-A*03:01,esm2_joint,locus,0,1.0,13696,3.6454498961866,1.320548
2093,HLA-A*03:01,esm2_joint,locus,0,1.0,13696,2.322387720290225,1.1924804
2094,HLA-A*03:01,esm2_joint,locus,0,1.0,13696,2.89591193827178,0.992927
2095,HLA-A*03:01,esm2_joint,locus,0,1.0,13696,0.4700036292457355,1.1807777
2096,HLA-A*03:01,esm2_joint,locus,0,1.0,13696,2.856470206220483,1.2023978
2097,HLA-A*03:01,esm2_joint,locus,0,1.0,13696,3.152736022363656,1.4692713
2098,HLA-A*03:01,esm2_joint,locus,0,1.0,13696,0.4700036292457355,1.0984784
2099,HLA-A*03:01,esm2_joint,locus,0,1.0,13696,0.0,1.0346218
2100,HLA-A*03:01,esm2_joint,locus,0,1.0,13696,0.18232155679395465,0.7360923
2101,HLA-A*03:01,esm2_joint,locus,0,1.0,13696,0.18232155679395465,1.3012488
2102,HLA-A*03:01,esm2_joint,locus,0,1.0,13696,0.09531017980432487,1.5563972
2103,HLA-A*03:01,esm2_joint,locus,0,1.0,13696,0.0,0.7620524
2104,HLA-A*03:01,esm2_joint,locus,0,1.0,13696,0.0,1.1715536
2105,HLA-A*03:01,esm2_joint,locus,0,1.0,13696,0.0,0.93174976
2106,HLA-A*03:01,esm2_joint,locus,0,1.0,13696,0.0,1.2387118
2107,HLA-A*03:01,esm2_joint,locus,0,1.0,13696,0.0,1.1970142
2108,HLA-A*03:01,esm2_joint,locus,0,1.0,13696,0.0,1.0619581
2109,HLA-A*11:01,esm2_joint,locus,0,1.0,13696,4.751000634199631,1.1970656
2110,HLA-A*11:01,esm2_joint,locus,0,1.0,13696,1.824549292051046,0.92011535
2111,HLA-A*11:01,esm2_joint,locus,0,1.0,13696,3.1780538303479458,1.0159963
2112,HLA-A*11:01,esm2_joint,locus,0,1.0,13696,4.480740107609915,1.0774521
2113,HLA-A*11:01,esm2_joint,locus,0,1.0,13696,3.173878458937465,0.8197363
2114,HLA-A*11:01,esm2_joint,locus,0,1.0,13696,1.8870696490323797,1.053263
2115,HLA-A*11:01,esm2_joint,locus,0,1.0,13696,0.9555114450274363,1.2546135
2116,HLA-A*11:01,esm2_joint,locus,0,1.0,13696,4.128745988939433,0.7566084
2117,HLA-A*11:01,esm2_joint,locus,0,1.0,13696,0.9555114450274363,1.0873332
2118,HLA-A*11:01,esm2_joint,locus,0,1.0,13696,2.4069451083182885,0.65394217
2119,HLA-A*11:01,esm2_joint,locus,0,1.0,13696,1.9740810260220096,1.1447399
2120,HLA-A*11:01,esm2_joint,locus,0,1.0,13696,4.09933210373314,1.0133113
2121,HLA-A*11:01,esm2_joint,locus,0,1.0,13696,3.9080149840306073,0.40441465
2122,HLA-A*11:01,esm2_joint,locus,0,1.0,13696,2.128231705849268,0.66085243
2123,HLA-A*11:01,esm2_joint,locus,0,1.0,13696,4.39197696552705,0.93948245
2124,HLA-A*11:01,esm2_joint,locus,0,1.0,13696,4.310799125385514,0.89020795
2125,HLA-A*11:01,esm2_joint,locus,0,1.0,13696,1.0296194171811583,0.5866953
2126,HLA-A*11:01,esm2_joint,locus,0,1.0,13696,0.18232155679395465,0.7135281
2127,HLA-A*11:01,esm2_joint,locus,0,1.0,13696,0.26236426446749106,1.0231068
2128,HLA-A*11:01,esm2_joint,locus,0,1.0,13696,2.970414465569701,0.8154343
2129,HLA-A*11:01,esm2_joint,locus,0,1.0,13696,3.4372078191851885,1.1524512
2130,HLA-A*11:01,esm2_joint,locus,0,1.0,13696,0.18232155679395465,0.7919749
2131,HLA-A*11:01,esm2_joint,locus,0,1.0,13696,0.18232155679395465,0.79753715
2132,HLA-A*11:01,esm2_joint,locus,0,1.0,13696,3.449987545831587,1.3657181
2133,HLA-A*11:01,esm2_joint,locus,0,1.0,13696,4.310799125385514,0.90579253
2134,HLA-A*11:01,esm2_joint,locus,0,1.0,13696,2.797281334830153,0.86054134
2135,HLA-A*11:01,esm2_joint,locus,0,1.0,13696,2.8507065015037334,0.77660316
2136,HLA-A*11:01,esm2_joint,locus,0,1.0,13696,0.26236426446749106,1.0375957
2137,HLA-A*11:01,esm2_joint,locus,0,1.0,13696,0.18232155679395465,0.65662706
2138,HLA-A*11:01,esm2_joint,locus,0,1.0,13696,4.484131857611035,1.1363399
2139,HLA-A*11:01,esm2_joint,locus,0,1.0,13696,3.6938669956249757,0.91365236
2140,HLA-A*11:01,esm2_joint,locus,0,1.0,13696,1.667706820558076,1.1122382
2141,HLA-A*11:01,esm2_joint,locus,0,1.0,13696,2.0541237336955462,0.73087
2142,HLA-A*11:01,esm2_joint,locus,0,1.0,13696,0.0,1.1192465
2143,HLA-A*11:01,esm2_joint,locus,0,1.0,13696,0.18232155679395465,0.71372724
2144,HLA-A*11:01,esm2_joint,locus,0,1.0,13696,0.0,1.001013
2145,HLA-A*11:01,esm2_joint,locus,0,1.0,13696,0.26236426446749106,0.64378107
2146,HLA-A*11:01,esm2_joint,locus,0,1.0,13696,0.4700036292457355,0.93174505
2147,HLA-A*11:01,esm2_joint,locus,0,1.0,13696,0.0,1.3945143
2148,HLA-A*26:01,esm2_joint,locus,0,1.0,13696,0.33647223662121295,1.0902925
2149,HLA-A*31:01,esm2_joint,locus,0,1.0,13696,2.1162555148025524,1.1655047
2150,HLA-A*31:01,esm2_joint,locus,0,1.0,13696,3.254242968705492,1.0886544
2151,HLA-A*31:01,esm2_joint,locus,0,1.0,13696,0.8754687373538999,1.4043669
2152,HLA-A*31:01,esm2_joint,locus,0,1.0,13696,0.18232155679395465,1.5342588
2153,HLA-A*31:01,esm2_joint,locus,0,1.0,13696,0.0,1.080928
2265,HLA-A*02:01,esm2_joint,locus,0,1.0,13696,3.4307561839036995,0.584201
2266,HLA-A*02:01,esm2_joint,locus,0,1.0,13696,2.995732273553991,0.5303764
2267,HLA-A*02:01,esm2_joint,locus,0,1.0,13696,0.7178397931503169,0.02342087
2268,HLA-A*02:01,esm2_joint,locus,0,1.0,13696,1.1314021114911006,-0.13406986
2269,HLA-A*02:01,esm2_joint,locus,0,1.0,13696,0.26236426446749106,0.17791611
2270,HLA-A*02:01,esm2_joint,locus,0,1.0,13696,0.09531017980432487,-0.14319903
2271,HLA-A*03:01,esm2_joint,locus,0,1.0,13696,1.589235205116581,0.6774904
2272,HLA-A*03:01,esm2_joint,locus,0,1.0,13696,0.8754687373538999,0.9752767
2273,HLA-A*03:01,esm2_joint,locus,0,1.0,13696,1.9459101490553132,1.0582832
2274,HLA-A*03:01,esm2_joint,locus,0,1.0,13696,2.8678989020441064,1.4747555
2275,HLA-A*03:01,esm2_joint,locus,0,1.0,13696,4.139955073474153,1.2166746
2276,HLA-A*03:01,esm2_joint,locus,0,1.0,13696,0.5306282510621704,0.8770865
2277,HLA-A*03:01,esm2_joint,locus,0,1.0,13696,0.0,1.1666372
2278,HLA-A*03:01,esm2_joint,locus,0,1.0,13696,0.09531017980432487,0.5123671
2279,HLA-A*03:01,esm2_joint,locus,0,1.0,13696,0.0,0.8336826
2303,HLA-A*01:01,esm2_joint,locus,0,1.0,13696,4.08260930600368,0.7837949
2304,HLA-A*01:01,esm2_joint,locus,0,1.0,13696,3.214867803470662,0.5689138
2305,HLA-A*01:01,esm2_joint,locus,0,1.0,13696,2.379546134130174,1.6781406
2306,HLA-A*01:01,esm2_joint,locus,0,1.0,13696,4.05871738457895,0.5764718
2307,HLA-A*01:01,esm2_joint,locus,0,1.0,13696,3.1822118404966093,0.82068145
2308,HLA-A*01:01,esm2_joint,locus,0,1.0,13696,3.6082115510464816,0.91930336
2309,HLA-A*01:01,esm2_joint,locus,0,1.0,13696,3.459466289786131,0.6721982
2310,HLA-A*01:01,esm2_joint,locus,0,1.0,13696,3.4965075614664802,0.44871432
2311,HLA-A*01:01,esm2_joint,locus,0,1.0,13696,3.708682081410116,0.55219495
2312,HLA-A*01:01,esm2_joint,locus,0,1.0,13696,3.151025157960026,-0.053139746
2313,HLA-A*01:01,esm2_joint,locus,0,1.0,13696,3.720862499966987,0.5974123
2314,HLA-A*01:01,esm2_joint,locus,0,1.0,13696,3.775057150354989,0.81201476
2315,HLA-A*01:01,esm2_joint,locus,0,1.0,13696,0.5877866649021191,0.52220845
2316,HLA-A*01:01,esm2_joint,locus,0,1.0,13696,2.6946271807700692,0.6314946
2317,HLA-A*01:01,esm2_joint,locus,0,1.0,13696,0.8754687373538999,0.2597611
2318,HLA-A*01:01,esm2_joint,locus,0,1.0,13696,2.9014215940827497,0.4966647
2319,HLA-A*01:01,esm2_joint,locus,0,1.0,13696,0.9555114450274363,0.8443468
2320,HLA-A*01:01,esm2_joint,locus,0,1.0,13696,0.33647223662121295,0.46807224
2321,HLA-A*01:01,esm2_joint,locus,0,1.0,13696,3.5610460826040513,1.0259764
2322,HLA-A*01:01,esm2_joint,locus,0,1.0,13696,2.4714836294558595,0.2675901
2323,HLA-A*01:01,esm2_joint,locus,0,1.0,13696,1.0647107369924282,-0.17753977
2324,HLA-A*01:01,esm2_joint,locus,0,1.0,13696,1.5686159179138452,0.4954972
2325,HLA-A*01:01,esm2_joint,locus,0,1.0,13696,3.3123661679555396,0.99278486
2326,HLA-A*01:01,esm2_joint,locus,0,1.0,13696,1.0296194171811583,0.77549964
2327,HLA-A*01:01,esm2_joint,locus,0,1.0,13696,0.5306282510621704,0.79508865
2328,HLA-A*01:01,esm2_joint,locus,0,1.0,13696,0.5877866649021191,1.0688245
2329,HLA-A*01:01,esm2_joint,locus,0,1.0,13696,0.9932517730102833,0.6378019
2330,HLA-A*01:01,esm2_joint,locus,0,1.0,13696,0.6931471805599453,0.9084448
2331,HLA-A*01:01,esm2_joint,locus,0,1.0,13696,0.26236426446749106,1.0076029
2332,HLA-A*01:01,esm2_joint,locus,0,1.0,13696,0.33647223662121295,1.2440019
2333,HLA-A*01:01,esm2_joint,locus,0,1.0,13696,0.18232155679395465,0.9204459
2334,HLA-A*01:01,esm2_joint,locus,0,1.0,13696,0.18232155679395465,0.8077334
2335,HLA-A*01:01,esm2_joint,locus,0,1.0,13696,0.5877866649021191,1.2772374
2336,HLA-A*01:01,esm2_joint,locus,0,1.0,13696,0.18232155679395465,1.332566
2337,HLA-A*01:01,esm2_joint,locus,0,1.0,13696,0.8754687373538999,1.1665318
2338,HLA-A*01:01,esm2_joint,locus,0,1.0,13696,0.33647223662121295,0.799376
2339,HLA-A*01:01,esm2_joint,locus,0,1.0,13696,0.18232155679395465,0.65895194
2340,HLA-A*01:01,esm2_joint,locus,0,1.0,13696,0.26236426446749106,1.1694329
2341,HLA-A*01:01,esm2_joint,locus,0,1.0,13696,0.26236426446749106,0.8688965
2342,HLA-A*01:01,esm2_joint,locus,0,1.0,13696,0.0,0.8593402
2343,HLA-A*02:01,esm2_joint,locus,0,1.0,13696,3.56953269648137,0.45486814
2344,HLA-A*02:01,esm2_joint,locus,0,1.0,13696,2.151762203259462,0.1782226
2345,HLA-A*02:01,esm2_joint,locus,0,1.0,13696,2.631888840136646,0.093002856
2346,HLA-A*02:01,esm2_joint,locus,0,1.0,13696,1.80005827204275,-0.08664554
2347,HLA-A*02:01,esm2_joint,locus,0,1.0,13696,1.9600947840472698,0.2288726
2348,HLA-A*02:01,esm2_joint,locus,0,1.0,13696,3.1986731175506815,0.5677278
2349,HLA-A*02:01,esm2_joint,locus,0,1.0,13696,3.005682604407159,0.09537226
2350,HLA-A*02:01,esm2_joint,locus,0,1.0,13696,3.349904087274605,0.6190984
2351,HLA-A*02:01,esm2_joint,locus,0,1.0,13696,1.9878743481543455,0.05757296
2352,HLA-A*02:01,esm2_joint,locus,0,1.0,13696,2.785011242238338,0.36188716
2353,HLA-A*02:01,esm2_joint,locus,0,1.0,13696,2.3702437414678603,0.35199624
2354,HLA-A*02:01,esm2_joint,locus,0,1.0,13696,2.6026896854443837,0.26546818
2355,HLA-A*02:01,esm2_joint,locus,0,1.0,13696,1.9740810260220096,0.035844505
2356,HLA-A*02:01,esm2_joint,locus,0,1.0,13696,1.9459101490553132,0.17970836
2357,HLA-A*02:01,esm2_joint,locus,0,1.0,13696,1.9600947840472698,-0.0055165887
2358,HLA-A*02:01,esm2_joint,locus,0,1.0,13696,3.2068032436339315,-0.21790224
2359,HLA-A*02:01,esm2_joint,locus,0,1.0,13696,0.9932517730102833,0.31319982
2360,HLA-A*02:01,esm2_joint,locus,0,1.0,13696,2.4159137783010487,0.19821101
2361,HLA-A*02:01,esm2_joint,locus,0,1.0,13696,0.33647223662121295,0.11595768
2362,HLA-A*02:01,esm2_joint,locus,0,1.0,13696,2.2512917986064953,0.16927427
2363,HLA-A*02:01,esm2_joint,locus,0,1.0,13696,2.322387720290225,0.42761755
2364,HLA-A*02:01,esm2_joint,locus,0,1.0,13696,3.4995332823830174,0.34460026
2365,HLA-A*02:01,esm2_joint,locus,0,1.0,13696,2.970414465569701,0.6852158
2366,HLA-A*02:01,esm2_joint,locus,0,1.0,13696,1.7749523509116738,0.11007297
2367,HLA-A*02:01,esm2_joint,locus,0,1.0,13696,2.856470206220483,0.32932287
2368,HLA-A*02:01,esm2_joint,locus,0,1.0,13696,2.9856819377004897,0.41366887
2369,HLA-A*02:01,esm2_joint,locus,0,1.0,13696,3.6189933266497696,0.14093274
2370,HLA-A*02:01,esm2_joint,locus,0,1.0,13696,3.5380565643793527,0.43369603
2371,HLA-A*02:01,esm2_joint,locus,0,1.0,13696,3.4468078929142076,0.39134067
2372,HLA-A*02:01,esm2_joint,locus,0,1.0,13696,3.407841924380824,0.3511327
2373,HLA-A*02:01,esm2_joint,locus,0,1.0,13696,0.8754687373538999,-0.21472365
2374,HLA-A*02:01,esm2_joint,locus,0,1.0,13696,3.0349529867072724,0.19063771
2375,HLA-A*02:01,esm2_joint,locus,0,1.0,13696,3.5667118201397288,0.04943794
2376,HLA-A*02:01,esm2_joint,locus,0,1.0,13696,2.3513752571634776,0.44519657
2377,HLA-A*02:01,esm2_joint,locus,0,1.0,13696,0.5877866649021191,0.35177034
2378,HLA-A*02:01,esm2_joint,locus,0,1.0,13696,3.0492730404820207,0.41229898
2379,HLA-A*02:01,esm2_joint,locus,0,1.0,13696,0.7419373447293773,-0.14736146
2380,HLA-A*02:01,esm2_joint,locus,0,1.0,13696,3.152736022363656,0.03246677
2381,HLA-A*02:01,esm2_joint,locus,0,1.0,13696,0.7419373447293773,0.47868994
2382,HLA-A*02:01,esm2_joint,locus,0,1.0,13696,3.5263605246161616,0.7942164
2383,HLA-A*02:01,esm2_joint,locus,0,1.0,13696,3.3214324131932926,0.5612337
2384,HLA-A*02:01,esm2_joint,locus,0,1.0,13696,2.1972245773362196,0.5127474
2385,HLA-A*02:01,esm2_joint,locus,0,1.0,13696,2.1041341542702074,0.089239955
2386,HLA-A*02:01,esm2_joint,locus,0,1.0,13696,2.322387720290225,0.66323
2387,HLA-A*02:01,esm2_joint,locus,0,1.0,13696,1.1314021114911006,0.32902896
2388,HLA-A*02:01,esm2_joint,locus,0,1.0,13696,3.5610460826040513,0.17702758
2389,HLA-A*02:01,esm2_joint,locus,0,1.0,13696,2.0149030205422647,0.3903563
2390,HLA-A*02:01,esm2_joint,locus,0,1.0,13696,1.6094379124341003,0.6143638
2391,HLA-A*02:01,esm2_joint,locus,0,1.0,13696,2.379546134130174,0.57334054
2392,HLA-A*02:01,esm2_joint,locus,0,1.0,13696,0.4054651081081644,0.8000651
2393,HLA-A*02:01,esm2_joint,locus,0,1.0,13696,0.9555114450274363,-0.085642636
2394,HLA-A*02:01,esm2_joint,locus,0,1.0,13696,3.131136910560194,0.36337262
2395,HLA-A*02:01,esm2_joint,locus,0,1.0,13696,3.258096538021482,0.2980916
2396,HLA-A*02:01,esm2_joint,locus,0,1.0,13696,0.6151856390902335,0.6291273
2397,HLA-A*02:01,esm2_joint,locus,0,1.0,13696,2.8791984572980396,0.21122766
2398,HLA-A*02:01,esm2_joint,locus,0,1.0,13696,2.2617630984737906,-0.076377094
2399,HLA-A*02:01,esm2_joint,locus,0,1.0,13696,0.26236426446749106,0.5625527
2400,HLA-A*02:01,esm2_joint,locus,0,1.0,13696,0.4700036292457355,0.31882447
2401,HLA-A*02:01,esm2_joint,locus,0,1.0,13696,3.4339872044851463,0.4410122
2402,HLA-A*02:01,esm2_joint,locus,0,1.0,13696,2.1162555148025524,0.29580826
2403,HLA-A*02:01,esm2_joint,locus,0,1.0,13696,0.832909122935104,-0.03508669
2404,HLA-A*02:01,esm2_joint,locus,0,1.0,13696,3.1822118404966093,0.7175709
2405,HLA-A*02:01,esm2_joint,locus,0,1.0,13696,2.2407096892759584,0.47312087
2406,HLA-A*02:01,esm2_joint,locus,0,1.0,13696,0.4700036292457355,0.37894875
2407,HLA-A*02:01,esm2_joint,locus,0,1.0,13696,1.3609765531356006,0.30827302
2408,HLA-A*02:01,esm2_joint,locus,0,1.0,13696,0.7884573603642702,-0.13973361
2409,HLA-A*02:01,esm2_joint,locus,0,1.0,13696,2.1633230256605382,0.60700625
2410,HLA-A*02:01,esm2_joint,locus,0,1.0,13696,3.5115454388310208,0.2744186
2411,HLA-A*02:01,esm2_joint,locus,0,1.0,13696,1.1314021114911006,0.32640588
2412,HLA-A*02:01,esm2_joint,locus,0,1.0,13696,0.09531017980432487,0.29280204
2413,HLA-A*02:01,esm2_joint,locus,0,1.0,13696,2.322387720290225,0.2835356
2414,HLA-A*02:01,esm2_joint,locus,0,1.0,13696,0.26236426446749106,0.18703616
2415,HLA-A*02:01,esm2_joint,locus,0,1.0,13696,2.2512917986064953,0.455949
2416,HLA-A*02:01,esm2_joint,locus,0,1.0,13696,2.0149030205422647,0.27424687
2417,HLA-A*02:01,esm2_joint,locus,0,1.0,13696,3.0204248861443626,0.71760035
2418,HLA-A*02:01,esm2_joint,locus,0,1.0,13696,1.3862943611198906,0.20151097
2419,HLA-A*02:01,esm2_joint,locus,0,1.0,13696,1.1631508098056809,0.10881895
2420,HLA-A*02:01,esm2_joint,locus,0,1.0,13696,3.6938669956249757,0.3880341
2421,HLA-A*02:01,esm2_joint,locus,0,1.0,13696,0.7419373447293773,0.5613506
2422,HLA-A*02:01,esm2_joint,locus,0,1.0,13696,0.0,0.30793637
2423,HLA-A*02:01,esm2_joint,locus,0,1.0,13696,0.33647223662121295,0.04460913
2424,HLA-A*02:01,esm2_joint,locus,0,1.0,13696,1.3862943611198906,0.42670608
2425,HLA-A*03:01,esm2_joint,locus,0,1.0,13696,0.4054651081081644,0.61489713
2426,HLA-A*03:01,esm2_joint,locus,0,1.0,13696,1.1939224684724346,1.1564159
2427,HLA-A*03:01,esm2_joint,locus,0,1.0,13696,2.128231705849268,1.0089445
2428,HLA-A*03:01,esm2_joint,locus,0,1.0,13696,0.33647223662121295,1.1945528
2429,HLA-A*03:01,esm2_joint,locus,0,1.0,13696,3.5085558999826545,1.338187
2430,HLA-A*03:01,esm2_joint,locus,0,1.0,13696,0.5877866649021191,0.9163403
2431,HLA-A*03:01,esm2_joint,locus,0,1.0,13696,0.5877866649021191,0.9898254
2432,HLA-A*03:01,esm2_joint,locus,0,1.0,13696,0.5306282510621704,1.1313827
2433,HLA-A*03:01,esm2_joint,locus,0,1.0,13696,0.33647223662121295,1.5365851
2434,HLA-A*03:01,esm2_joint,locus,0,1.0,13696,3.9852734671677386,1.2358689
2435,HLA-A*03:01,esm2_joint,locus,0,1.0,13696,2.8154087194227095,0.99153394
2436,HLA-A*03:01,esm2_joint,locus,0,1.0,13696,2.2925347571405443,1.3479319
2437,HLA-A*03:01,esm2_joint,locus,0,1.0,13696,0.4700036292457355,0.68384445
2438,HLA-A*03:01,esm2_joint,locus,0,1.0,13696,0.18232155679395465,1.1078424
2439,HLA-A*03:01,esm2_joint,locus,0,1.0,13696,1.3862943611198906,1.1178744
2440,HLA-A*03:01,esm2_joint,locus,0,1.0,13696,0.4054651081081644,0.38020623
2441,HLA-A*03:01,esm2_joint,locus,0,1.0,13696,2.681021528714291,0.887805
2442,HLA-A*03:01,esm2_joint,locus,0,1.0,13696,4.11414718951828,0.9319411
2443,HLA-A*03:01,esm2_joint,locus,0,1.0,13696,3.4242626545931514,1.4209808
2444,HLA-A*03:01,esm2_joint,locus,0,1.0,13696,2.0794415416798357,0.5578996
2445,HLA-A*03:01,esm2_joint,locus,0,1.0,13696,4.345103280569283,1.2729781
2446,HLA-A*03:01,esm2_joint,locus,0,1.0,13696,1.9600947840472698,1.110772
2447,HLA-A*03:01,esm2_joint,locus,0,1.0,13696,2.174751721484161,0.7718571
2448,HLA-A*03:01,esm2_joint,locus,0,1.0,13696,2.772588722239781,1.0709755
2449,HLA-A*03:01,esm2_joint,locus,0,1.0,13696,1.0296194171811583,1.0639894
2450,HLA-A*03:01,esm2_joint,locus,0,1.0,13696,4.678420647727684,0.9264734
2451,HLA-A*03:01,esm2_joint,locus,0,1.0,13696,1.9878743481543455,0.99995494
2452,HLA-A*03:01,esm2_joint,locus,0,1.0,13696,2.517696472610991,1.3316882
2453,HLA-A*03:01,esm2_joint,locus,0,1.0,13696,0.5877866649021191,0.6025105
2454,HLA-A*03:01,esm2_joint,locus,0,1.0,13696,1.840549633397487,1.2818336
2455,HLA-A*03:01,esm2_joint,locus,0,1.0,13696,4.039536325727106,1.1848329
2456,HLA-A*03:01,esm2_joint,locus,0,1.0,13696,2.186051276738094,1.1150903
2457,HLA-A*03:01,esm2_joint,locus,0,1.0,13696,2.4159137783010487,1.0180126
2458,HLA-A*03:01,esm2_joint,locus,0,1.0,13696,0.5877866649021191,1.0714583
2459,HLA-A*03:01,esm2_joint,locus,0,1.0,13696,1.7047480922384253,1.107522
2460,HLA-A*03:01,esm2_joint,locus,0,1.0,13696,2.766319109226186,1.2098364
2461,HLA-A*03:01,esm2_joint,locus,0,1.0,13696,1.2237754316221157,0.43152875
2462,HLA-A*03:01,esm2_joint,locus,0,1.0,13696,1.7227665977411035,0.9468733
2463,HLA-A*03:01,esm2_joint,locus,0,1.0,13696,1.5260563034950494,1.3210683
2464,HLA-A*03:01,esm2_joint,locus,0,1.0,13696,2.7631695003232895,1.1666116
2465,HLA-A*03:01,esm2_joint,locus,0,1.0,13696,3.2386784521643803,1.1618601
2466,HLA-A*03:01,esm2_joint,locus,0,1.0,13696,2.2300144001592104,0.7409444
2467,HLA-A*03:01,esm2_joint,locus,0,1.0,13696,1.5789787049493917,0.9238029
2468,HLA-A*03:01,esm2_joint,locus,0,1.0,13696,2.2082744135228043,0.82033396
2469,HLA-A*03:01,esm2_joint,locus,0,1.0,13696,1.3737155789130306,0.96832013
2470,HLA-A*03:01,esm2_joint,locus,0,1.0,13696,3.775057150354989,1.1952673
2471,HLA-A*03:01,esm2_joint,locus,0,1.0,13696,1.6094379124341003,1.5640507
2472,HLA-A*03:01,esm2_joint,locus,0,1.0,13696,2.151762203259462,0.9747595
2473,HLA-A*03:01,esm2_joint,locus,0,1.0,13696,2.0149030205422647,0.73936117
2474,HLA-A*03:01,esm2_joint,locus,0,1.0,13696,0.8754687373538999,1.1577947
2475,HLA-A*03:01,esm2_joint,locus,0,1.0,13696,0.5877866649021191,0.51693296
2476,HLA-A*03:01,esm2_joint,locus,0,1.0,13696,2.760009940032921,1.4397233
2477,HLA-A*03:01,esm2_joint,locus,0,1.0,13696,1.308332819650179,1.0437292
2478,HLA-A*03:01,esm2_joint,locus,0,1.0,13696,0.0,1.344446
2479,HLA-A*03:01,esm2_joint,locus,0,1.0,13696,0.0,1.3419065
2480,HLA-A*03:01,esm2_joint,locus,0,1.0,13696,3.984343667007772,1.0357153
2481,HLA-A*03:01,esm2_joint,locus,0,1.0,13696,1.749199854809259,1.4711127
2482,HLA-A*03:01,esm2_joint,locus,0,1.0,13696,0.26236426446749106,0.91563845
2483,HLA-A*03:01,esm2_joint,locus,0,1.0,13696,0.0,0.94495517
2484,HLA-A*03:01,esm2_joint,locus,0,1.0,13696,3.0349529867072724,0.7484838
2485,HLA-A*03:01,esm2_joint,locus,0,1.0,13696,2.3608540011180215,0.8797277
2486,HLA-A*03:01,esm2_joint,locus,0,1.0,13696,3.095577608523707,1.493418
2487,HLA-A*03:01,esm2_joint,locus,0,1.0,13696,2.4932054526026954,1.1128119
2488,HLA-A*03:01,esm2_joint,locus,0,1.0,13696,1.0647107369924282,0.865789
2489,HLA-A*03:01,esm2_joint,locus,0,1.0,13696,3.914021008090819,0.71349984
2490,HLA-A*03:01,esm2_joint,locus,0,1.0,13696,2.256541154492639,1.000469
2491,HLA-A*03:01,esm2_joint,locus,0,1.0,13696,1.7749523509116738,1.5231235
2492,HLA-A*03:01,esm2_joint,locus,0,1.0,13696,1.7404661748405046,0.9664289
2493,HLA-A*03:01,esm2_joint,locus,0,1.0,13696,2.302585092994046,1.3508432
2494,HLA-A*03:01,esm2_joint,locus,0,1.0,13696,2.0149030205422647,1.4590471
2495,HLA-A*03:01,esm2_joint,locus,0,1.0,13696,0.0,1.0193665
2496,HLA-A*03:01,esm2_joint,locus,0,1.0,13696,0.0,0.55103064
2497,HLA-A*03:01,esm2_joint,locus,0,1.0,13696,0.0,0.07340777
2498,HLA-A*03:01,esm2_joint,locus,0,1.0,13696,0.0,1.0795975
2499,HLA-A*03:01,esm2_joint,locus,0,1.0,13696,0.8754687373538999,1.2468287
2500,HLA-A*03:01,esm2_joint,locus,0,1.0,13696,0.0,0.91806185
2501,HLA-A*03:01,esm2_joint,locus,0,1.0,13696,0.0,1.1555333
2502,HLA-A*03:01,esm2_joint,locus,0,1.0,13696,0.0,0.69247484
2503,HLA-A*03:01,esm2_joint,locus,0,1.0,13696,0.0,1.2146492
2504,HLA-A*03:01,esm2_joint,locus,0,1.0,13696,0.0,1.1507998
2505,HLA-A*24:03,esm2_joint,locus,0,1.0,13696,1.5260563034950494,0.6129115
2506,HLA-A*24:03,esm2_joint,locus,0,1.0,13696,1.916922612182061,1.0104474
2507,HLA-A*24:03,esm2_joint,locus,0,1.0,13696,3.3068867021909143,0.01716888
2508,HLA-A*24:03,esm2_joint,locus,0,1.0,13696,1.252762968495368,0.79368466
2509,HLA-A*24:03,esm2_joint,locus,0,1.0,13696,3.55820113047182,0.6347734
2510,HLA-A*24:03,esm2_joint,locus,0,1.0,13696,3.735285826928092,0.67099935
2511,HLA-A*24:03,esm2_joint,locus,0,1.0,13696,2.917770732084279,1.0335233
2512,HLA-A*24:03,esm2_joint,locus,0,1.0,13696,3.5524868292083815,0.8910568
2513,HLA-A*24:03,esm2_joint,locus,0,1.0,13696,2.760009940032921,0.7453837
2514,HLA-A*24:03,esm2_joint,locus,0,1.0,13696,2.791165107812717,0.9032514
2515,HLA-A*24:03,esm2_joint,locus,0,1.0,13696,3.716008121502189,0.98219204
2516,HLA-A*24:03,esm2_joint,locus,0,1.0,13696,3.2809112157876537,0.71325684
2517,HLA-A*24:03,esm2_joint,locus,0,1.0,13696,3.6712245188752153,0.78957
2518,HLA-A*24:03,esm2_joint,locus,0,1.0,13696,0.7884573603642702,0.35803413
2519,HLA-A*24:03,esm2_joint,locus,0,1.0,13696,3.367295829986474,0.29338974
2520,HLA-A*24:03,esm2_joint,locus,0,1.0,13696,2.975529566236472,0.596256
2521,HLA-A*24:03,esm2_joint,locus,0,1.0,13696,3.8522730010223722,1.5345621
2522,HLA-A*24:03,esm2_joint,locus,0,1.0,13696,2.272125885509337,0.36240906
2523,HLA-A*24:03,esm2_joint,locus,0,1.0,13696,3.5524868292083815,0.9816823
2524,HLA-A*24:03,esm2_joint,locus,0,1.0,13696,0.8754687373538999,0.85122544
2525,HLA-A*24:03,esm2_joint,locus,0,1.0,13696,0.4054651081081644,0.37710148
2526,HLA-A*24:03,esm2_joint,locus,0,1.0,13696,1.2237754316221157,0.60054415
2527,HLA-A*24:03,esm2_joint,locus,0,1.0,13696,2.3513752571634776,1.0458466
2528,HLA-A*24:03,esm2_joint,locus,0,1.0,13696,2.6602595372658615,1.0901375
2529,HLA-A*24:03,esm2_joint,locus,0,1.0,13696,0.5877866649021191,0.2202853
2530,HLA-A*24:03,esm2_joint,locus,0,1.0,13696,3.4242626545931514,0.12254733
2531,HLA-A*24:03,esm2_joint,locus,0,1.0,13696,2.740840023925201,0.21578592
2532,HLA-A*24:03,esm2_joint,locus,0,1.0,13696,0.7884573603642702,0.65534914
2533,HLA-A*24:03,esm2_joint,locus,0,1.0,13696,1.308332819650179,0.7912414
2534,HLA-A*24:03,esm2_joint,locus,0,1.0,13696,0.5306282510621704,0.70034146
2535,HLA-A*24:03,esm2_joint,locus,0,1.0,13696,0.9555114450274363,1.0998815
2536,HLA-A*24:03,esm2_joint,locus,0,1.0,13696,1.8082887711792655,1.8181994
2537,HLA-A*24:03,esm2_joint,locus,0,1.0,13696,3.8394523125933104,1.6284499
2538,HLA-A*24:03,esm2_joint,locus,0,1.0,13696,1.824549292051046,0.66948897
2539,HLA-A*24:03,esm2_joint,locus,0,1.0,13696,0.6931471805599453,0.59923875
2540,HLA-A*24:03,esm2_joint,locus,0,1.0,13696,0.7884573603642702,-0.236224
2541,HLA-A*24:03,esm2_joint,locus,0,1.0,13696,1.0647107369924282,1.3334184
2542,HLA-A*24:03,esm2_joint,locus,0,1.0,13696,0.33647223662121295,0.38392496
2543,HLA-A*24:03,esm2_joint,locus,0,1.0,13696,1.1939224684724346,0.4937747
2544,HLA-A*24:03,esm2_joint,locus,0,1.0,13696,1.7047480922384253,0.4198014
2545,HLA-A*24:03,esm2_joint,locus,0,1.0,13696,2.0918640616783932,0.5405603
2546,HLA-A*24:03,esm2_joint,locus,0,1.0,13696,3.0204248861443626,-0.031307876
2547,HLA-A*24:03,esm2_joint,locus,0,1.0,13696,0.9555114450274363,0.3359928
2548,HLA-A*24:03,esm2_joint,locus,0,1.0,13696,1.3609765531356006,0.032170355
2549,HLA-A*24:03,esm2_joint,locus,0,1.0,13696,0.33647223662121295,0.18078738
2550,HLA-A*24:03,esm2_joint,locus,0,1.0,13696,0.7419373447293773,0.52742636
2551,HLA-A*24:03,esm2_joint,locus,0,1.0,13696,0.832909122935104,0.30337745
2552,HLA-A*24:03,esm2_joint,locus,0,1.0,13696,1.0986122886681098,0.7521665
2553,HLA-A*24:03,esm2_joint,locus,0,1.0,13696,0.33647223662121295,0.56348646
2554,HLA-A*24:03,esm2_joint,locus,0,1.0,13696,0.7419373447293773,0.24864286
2555,HLA-A*24:03,esm2_joint,locus,0,1.0,13696,2.7013612129514133,0.68467605
2556,HLA-A*24:03,esm2_joint,locus,0,1.0,13696,0.4700036292457355,0.37363172
2557,HLA-A*24:03,esm2_joint,locus,0,1.0,13696,2.5952547069568657,0.27811688
2558,HLA-A*24:03,esm2_joint,locus,0,1.0,13696,0.26236426446749106,0.20348614
2559,HLA-A*24:03,esm2_joint,locus,0,1.0,13696,0.26236426446749106,0.52794445
2560,HLA-A*24:03,esm2_joint,locus,0,1.0,13696,1.5040773967762742,0.7502378
2561,HLA-A*24:03,esm2_joint,locus,0,1.0,13696,0.7419373447293773,0.62702346
2562,HLA-A*24:03,esm2_joint,locus,0,1.0,13696,0.33647223662121295,0.34832639
2563,HLA-A*24:03,esm2_joint,locus,0,1.0,13696,0.26236426446749106,0.2815556
2564,HLA-A*24:03,esm2_joint,locus,0,1.0,13696,0.5877866649021191,0.087073565
2565,HLA-A*24:03,esm2_joint,locus,0,1.0,13696,0.4700036292457355,0.24817121
2566,HLA-A*24:03,esm2_joint,locus,0,1.0,13696,0.26236426446749106,0.54855597
2567,HLA-A*24:03,esm2_joint,locus,0,1.0,13696,0.4054651081081644,-0.061236084
2568,HLA-A*24:03,esm2_joint,locus,0,1.0,13696,0.7884573603642702,0.17662972
2569,HLA-A*24:03,esm2_joint,locus,0,1.0,13696,0.5306282510621704,0.38620323
2570,HLA-A*24:03,esm2_joint,locus,0,1.0,13696,0.33647223662121295,-0.17154223
2571,HLA-A*24:03,esm2_joint,locus,0,1.0,13696,1.589235205116581,0.35385478
2572,HLA-A*24:03,esm2_joint,locus,0,1.0,13696,0.9555114450274363,0.5995918
2573,HLA-A*24:03,esm2_joint,locus,0,1.0,13696,1.7578579175523736,1.1137544
2574,HLA-A*24:03,esm2_joint,locus,0,1.0,13696,0.4700036292457355,0.34952408
2575,HLA-A*24:03,esm2_joint,locus,0,1.0,13696,1.1314021114911006,0.86525583
2576,HLA-A*24:03,esm2_joint,locus,0,1.0,13696,0.18232155679395465,-0.15976304
2577,HLA-A*24:03,esm2_joint,locus,0,1.0,13696,0.26236426446749106,0.42696863
2578,HLA-A*24:03,esm2_joint,locus,0,1.0,13696,0.26236426446749106,0.33848256
2579,HLA-A*24:03,esm2_joint,locus,0,1.0,13696,0.5306282510621704,0.3361544
2580,HLA-A*24:03,esm2_joint,locus,0,1.0,13696,0.26236426446749106,0.6253909
2581,HLA-A*24:03,esm2_joint,locus,0,1.0,13696,2.8154087194227095,0.65863633
2582,HLA-A*24:03,esm2_joint,locus,0,1.0,13696,0.18232155679395465,0.21517593
2583,HLA-A*24:03,esm2_joint,locus,0,1.0,13696,0.09531017980432487,0.31281638
2584,HLA-A*24:03,esm2_joint,locus,0,1.0,13696,0.18232155679395465,0.1422078
2585,HLA-A*24:03,esm2_joint,locus,0,1.0,13696,0.5877866649021191,1.0588259
2586,HLA-A*24:03,esm2_joint,locus,0,1.0,13696,0.26236426446749106,0.78649175
2587,HLA-A*24:03,esm2_joint,locus,0,1.0,13696,1.8718021769015913,0.4806069
2588,HLA-A*24:03,esm2_joint,locus,0,1.0,13696,0.33647223662121295,0.40408814
2589,HLA-A*24:03,esm2_joint,locus,0,1.0,13696,0.4054651081081644,0.24442029
2590,HLA-A*24:03,esm2_joint,locus,0,1.0,13696,0.832909122935104,0.6502531
2591,HLA-A*24:03,esm2_joint,locus,0,1.0,13696,2.2300144001592104,1.1917964
2592,HLA-A*24:03,esm2_joint,locus,0,1.0,13696,0.33647223662121295,0.4320941
2593,HLA-A*24:03,esm2_joint,locus,0,1.0,13696,1.7578579175523736,0.66940445
2594,HLA-A*24:03,esm2_joint,locus,0,1.0,13696,1.0986122886681098,0.4583636
2595,HLA-A*24:03,esm2_joint,locus,0,1.0,13696,0.26236426446749106,0.908087
2596,HLA-A*24:03,esm2_joint,locus,0,1.0,13696,0.26236426446749106,0.20893556
2597,HLA-A*24:03,esm2_joint,locus,0,1.0,13696,0.18232155679395465,-0.14944285
2598,HLA-A*24:03,esm2_joint,locus,0,1.0,13696,3.5779478934066544,0.75083494
2599,HLA-A*24:03,esm2_joint,locus,0,1.0,13696,1.9315214116032138,1.2496678
2600,HLA-A*24:03,esm2_joint,locus,0,1.0,13696,2.760009940032921,0.111385465
2601,HLA-A*24:03,esm2_joint,locus,0,1.0,13696,2.2512917986064953,0.030065358
2602,HLA-A*26:01,esm2_joint,locus,0,1.0,13696,1.5686159179138452,0.60774094
2603,HLA-A*26:01,esm2_joint,locus,0,1.0,13696,3.2108436531709366,0.40222389
2604,HLA-A*26:01,esm2_joint,locus,0,1.0,13696,3.261935314328648,0.92692816
2605,HLA-A*26:01,esm2_joint,locus,0,1.0,13696,0.832909122935104,0.3741663
2606,HLA-A*26:01,esm2_joint,locus,0,1.0,13696,0.9162907318741551,0.29143018
2607,HLA-A*26:01,esm2_joint,locus,0,1.0,13696,3.339321977944068,0.5991266
2608,HLA-A*26:01,esm2_joint,locus,0,1.0,13696,1.7227665977411035,0.59173423
2609,HLA-A*26:01,esm2_joint,locus,0,1.0,13696,2.772588722239781,0.35978246
2610,HLA-A*26:01,esm2_joint,locus,0,1.0,13696,3.7612001156935624,0.4981325
2611,HLA-A*26:01,esm2_joint,locus,0,1.0,13696,2.028148247292285,0.22406173
2612,HLA-A*26:01,esm2_joint,locus,0,1.0,13696,3.6270040503958487,0.46753073
2613,HLA-A*26:01,esm2_joint,locus,0,1.0,13696,2.028148247292285,0.72018605
2614,HLA-A*26:01,esm2_joint,locus,0,1.0,13696,2.066862759472976,0.24567145
2615,HLA-A*26:01,esm2_joint,locus,0,1.0,13696,1.4350845252893227,0.28415507
2616,HLA-A*26:01,esm2_joint,locus,0,1.0,13696,3.7999735016195233,0.6215444
2617,HLA-A*26:01,esm2_joint,locus,0,1.0,13696,0.6418538861723948,0.2718925
2618,HLA-A*26:01,esm2_joint,locus,0,1.0,13696,2.60638654732571,0.67827845
2619,HLA-A*26:01,esm2_joint,locus,0,1.0,13696,2.5855058483441162,0.97529256
2620,HLA-A*26:01,esm2_joint,locus,0,1.0,13696,1.6486586255873816,0.65721744
2621,HLA-A*26:01,esm2_joint,locus,0,1.0,13696,1.7749523509116738,0.8427736
2622,HLA-A*26:01,esm2_joint,locus,0,1.0,13696,0.4700036292457355,0.49999
2623,HLA-A*26:01,esm2_joint,locus,0,1.0,13696,2.509599262378372,0.76705545
2624,HLA-A*26:01,esm2_joint,locus,0,1.0,13696,1.252762968495368,0.98226064
2625,HLA-A*26:01,esm2_joint,locus,0,1.0,13696,0.26236426446749106,0.64145803
2626,HLA-A*26:01,esm2_joint,locus,0,1.0,13696,0.4054651081081644,0.6835451
2627,HLA-A*26:01,esm2_joint,locus,0,1.0,13696,0.26236426446749106,0.7383183
2628,HLA-A*26:01,esm2_joint,locus,0,1.0,13696,0.0,0.4037649
2629,HLA-A*26:01,esm2_joint,locus,0,1.0,13696,0.5306282510621704,0.70937365
2630,HLA-A*26:01,esm2_joint,locus,0,1.0,13696,0.26236426446749106,0.62744987
2631,HLA-A*26:01,esm2_joint,locus,0,1.0,13696,0.18232155679395465,0.81556153
2632,HLA-A*26:01,esm2_joint,locus,0,1.0,13696,0.33647223662121295,0.6665312
2633,HLA-A*26:01,esm2_joint,locus,0,1.0,13696,0.18232155679395465,0.6288572
2634,HLA-A*26:01,esm2_joint,locus,0,1.0,13696,0.6418538861723948,0.49255598
2635,HLA-A*26:01,esm2_joint,locus,0,1.0,13696,0.18232155679395465,0.47848552
2636,HLA-A*26:01,esm2_joint,locus,0,1.0,13696,0.18232155679395465,0.72078365
2637,HLA-A*26:01,esm2_joint,locus,0,1.0,13696,0.33647223662121295,0.9050756
2638,HLA-A*26:01,esm2_joint,locus,0,1.0,13696,0.18232155679395465,0.9193236
2639,HLA-A*26:01,esm2_joint,locus,0,1.0,13696,0.4054651081081644,0.65930045
2640,HLA-A*26:01,esm2_joint,locus,0,1.0,13696,0.9555114450274363,0.852056
2641,HLA-A*26:01,esm2_joint,locus,0,1.0,13696,0.0,0.61517304
2642,HLA-A*26:01,esm2_joint,locus,0,1.0,13696,0.4700036292457355,0.30847675
2643,HLA-A*26:01,esm2_joint,locus,0,1.0,13696,0.33647223662121295,0.4921658
2644,HLA-A*26:01,esm2_joint,locus,0,1.0,13696,0.18232155679395465,0.23923838
2645,HLA-A*26:01,esm2_joint,locus,0,1.0,13696,0.0,0.495297
2646,HLA-A*26:01,esm2_joint,locus,0,1.0,13696,0.26236426446749106,0.7310453
2647,HLA-A*26:01,esm2_joint,locus,0,1.0,13696,1.4816045409242156,1.1386392
2648,HLA-A*26:01,esm2_joint,locus,0,1.0,13696,0.26236426446749106,0.6810435
2649,HLA-A*26:01,esm2_joint,locus,0,1.0,13696,0.33647223662121295,0.2137689
2650,HLA-A*26:01,esm2_joint,locus,0,1.0,13696,0.18232155679395465,0.34645945
3063,HLA-A*80:01,esm2_joint,locus,0,1.0,13696,0.0,0.25928658
3064,HLA-A*80:01,esm2_joint,locus,0,1.0,13696,0.0,0.7974342
3065,HLA-A*80:01,esm2_joint,locus,0,1.0,13696,0.0,0.37199056
3066,HLA-A*80:01,esm2_joint,locus,0,1.0,13696,0.7419373447293773,0.75190157
3067,HLA-A*80:01,esm2_joint,locus,0,1.0,13696,0.0,0.5972417
3068,HLA-A*80:01,esm2_joint,locus,0,1.0,13696,0.09531017980432487,0.41182292
3069,HLA-A*80:01,esm2_joint,locus,0,1.0,13696,0.26236426446749106,0.8677045
3070,HLA-A*80:01,esm2_joint,locus,0,1.0,13696,0.5306282510621704,0.4946603
3071,HLA-A*80:01,esm2_joint,locus,0,1.0,13696,0.0,0.9454574
3072,HLA-A*80:01,esm2_joint,locus,0,1.0,13696,0.4700036292457355,0.6175417
3073,HLA-A*80:01,esm2_joint,locus,0,1.0,13696,0.5877866649021191,0.5682903
3074,HLA-A*80:01,esm2_joint,locus,0,1.0,13696,0.0,0.75622094
3075,HLA-A*80:01,esm2_joint,locus,0,1.0,13696,0.0,0.6614331
3076,HLA-A*80:01,esm2_joint,locus,0,1.0,13696,0.33647223662121295,0.5888804
3077,HLA-A*80:01,esm2_joint,locus,0,1.0,13696,0.9932517730102833,0.80835074
3078,HLA-A*80:01,esm2_joint,locus,0,1.0,13696,0.18232155679395465,0.8297364
3079,HLA-A*80:01,esm2_joint,locus,0,1.0,13696,0.0,0.47208506
3080,HLA-A*80:01,esm2_joint,locus,0,1.0,13696,0.26236426446749106,0.6812388
3081,HLA-A*80:01,esm2_joint,locus,0,1.0,13696,0.7419373447293773,1.1973966
3082,HLA-A*80:01,esm2_joint,locus,0,1.0,13696,0.0,0.7984768
3083,HLA-A*80:01,esm2_joint,locus,0,1.0,13696,0.0,0.40835267
3084,HLA-A*80:01,esm2_joint,locus,0,1.0,13696,0.0,0.86099803
3085,HLA-A*80:01,esm2_joint,locus,0,1.0,13696,0.09531017980432487,0.13167268
3086,HLA-A*80:01,esm2_joint,locus,0,1.0,13696,0.0,0.39265805
3087,HLA-A*80:01,esm2_joint,locus,0,1.0,13696,0.0,1.1263106
3088,HLA-A*80:01,esm2_joint,locus,0,1.0,13696,0.0,0.8545632
3089,HLA-A*80:01,esm2_joint,locus,0,1.0,13696,0.26236426446749106,0.783826
3090,HLA-A*80:01,esm2_joint,locus,0,1.0,13696,0.0,0.621977
3091,HLA-A*02:01,esm2_joint,locus,0,1.0,13696,1.4586150226995167,0.30321878
3092,HLA-A*02:01,esm2_joint,locus,0,1.0,13696,1.7749523509116738,0.15700889
3093,HLA-A*02:01,esm2_joint,locus,0,1.0,13696,0.26236426446749106,0.4981138
3094,HLA-A*02:01,esm2_joint,locus,0,1.0,13696,2.272125885509337,0.8121112
3095,HLA-A*02:01,esm2_joint,locus,0,1.0,13696,0.5877866649021191,0.76878434
3096,HLA-A*02:01,esm2_joint,locus,0,1.0,13696,0.4054651081081644,0.5689739
3097,HLA-A*02:01,esm2_joint,locus,0,1.0,13696,0.832909122935104,-0.1682455
3098,HLA-A*02:01,esm2_joint,locus,0,1.0,13696,0.18232155679395465,-0.114406526
3099,HLA-A*02:01,esm2_joint,locus,0,1.0,13696,0.33647223662121295,0.103156626
3100,HLA-A*02:01,esm2_joint,locus,0,1.0,13696,2.954910279033736,0.11259729
3101,HLA-A*02:01,esm2_joint,locus,0,1.0,13696,2.028148247292285,0.6940381
3102,HLA-A*02:01,esm2_joint,locus,0,1.0,13696,0.5877866649021191,0.059360743
3103,HLA-A*02:01,esm2_joint,locus,0,1.0,13696,1.252762968495368,0.41133338
3104,HLA-A*02:01,esm2_joint,locus,0,1.0,13696,0.6931471805599453,0.95500386
3105,HLA-A*02:01,esm2_joint,locus,0,1.0,13696,2.2192034840549946,0.49292308
3106,HLA-A*02:01,esm2_joint,locus,0,1.0,13696,0.4700036292457355,0.4051423
3107,HLA-A*02:01,esm2_joint,locus,0,1.0,13696,0.5877866649021191,0.22868973
3108,HLA-A*02:01,esm2_joint,locus,0,1.0,13696,0.4054651081081644,0.45423418
3109,HLA-A*02:01,esm2_joint,locus,0,1.0,13696,2.89591193827178,0.23031557
3110,HLA-A*02:01,esm2_joint,locus,0,1.0,13696,0.7419373447293773,0.32667083
3111,HLA-A*02:01,esm2_joint,locus,0,1.0,13696,0.5306282510621704,0.59018403
3112,HLA-A*02:11,esm2_joint,locus,0,1.0,13696,2.5494451709255714,1.09072
3113,HLA-A*02:11,esm2_joint,locus,0,1.0,13696,1.1939224684724346,0.3868965
3114,HLA-A*02:11,esm2_joint,locus,0,1.0,13696,3.1986731175506815,0.5468629
3115,HLA-A*02:11,esm2_joint,locus,0,1.0,13696,1.791759469228055,0.103450835
3116,HLA-A*02:11,esm2_joint,locus,0,1.0,13696,3.0492730404820207,0.18782544
3117,HLA-A*02:11,esm2_joint,locus,0,1.0,13696,2.341805806147327,0.30318922
3118,HLA-A*02:12,esm2_joint,locus,0,1.0,13696,1.916922612182061,0.6462387
3119,HLA-A*02:12,esm2_joint,locus,0,1.0,13696,0.7884573603642702,0.24696523
3120,HLA-A*02:12,esm2_joint,locus,0,1.0,13696,2.128231705849268,0.7727773
3121,HLA-A*02:12,esm2_joint,locus,0,1.0,13696,1.9600947840472698,0.20002937
3122,HLA-A*02:12,esm2_joint,locus,0,1.0,13696,3.1484533605716547,0.31083137
3123,HLA-A*02:12,esm2_joint,locus,0,1.0,13696,1.2809338454620642,0.65358967
3124,HLA-A*02:16,esm2_joint,locus,0,1.0,13696,0.6418538861723948,0.40018028
3125,HLA-A*02:16,esm2_joint,locus,0,1.0,13696,2.2082744135228043,0.8216449
3126,HLA-A*02:16,esm2_joint,locus,0,1.0,13696,1.840549633397487,0.25599027
3127,HLA-A*02:16,esm2_joint,locus,0,1.0,13696,1.6863989535702288,0.3908304
3128,HLA-A*02:19,esm2_joint,locus,0,1.0,13696,0.832909122935104,0.5377458
3129,HLA-A*02:19,esm2_joint,locus,0,1.0,13696,0.0,0.26374638
3130,HLA-A*02:19,esm2_joint,locus,0,1.0,13696,0.6931471805599453,0.60611326
3131,HLA-A*02:19,esm2_joint,locus,0,1.0,13696,1.1939224684724346,0.13931209
3132,HLA-A*02:19,esm2_joint,locus,0,1.0,13696,3.353406717825807,0.26547664
3133,HLA-A*02:19,esm2_joint,locus,0,1.0,13696,0.6931471805599453,0.8436714
3134,HLA-A*02:03,esm2_joint,locus,0,1.0,13696,0.5877866649021191,0.81513846
3135,HLA-A*02:03,esm2_joint,locus,0,1.0,13696,1.1314021114911006,0.22566277
3136,HLA-A*02:03,esm2_joint,locus,0,1.0,13696,1.0647107369924282,0.03266591
3137,HLA-A*02:03,esm2_joint,locus,0,1.0,13696,0.26236426446749106,0.42368102
3138,HLA-A*02:01,esm2_joint,locus,0,1.0,13696,2.5726122302071057,0.46003866
3139,HLA-A*02:01,esm2_joint,locus,0,1.0,13696,0.4054651081081644,0.42640054
3140,HLA-A*02:01,esm2_joint,locus,0,1.0,13696,0.26236426446749106,0.2192769
3141,HLA-A*02:01,esm2_joint,locus,0,1.0,13696,0.09531017980432487,0.32787913
3142,HLA-A*02:11,esm2_joint,locus,0,1.0,13696,2.6602595372658615,0.61804074
3143,HLA-A*02:16,esm2_joint,locus,0,1.0,13696,1.791759469228055,0.52652967
3144,HLA-A*02:16,esm2_joint,locus,0,1.0,13696,3.1612467120315646,0.19075555
3234,HLA-A*02:01,esm2_joint,locus,0,1.0,13696,2.9338568698359038,1.0252781
3235,HLA-A*02:01,esm2_joint,locus,0,1.0,13696,2.70805020110221,0.115003526
3236,HLA-A*02:01,esm2_joint,locus,0,1.0,13696,0.33647223662121295,0.299079
3237,HLA-A*02:01,esm2_joint,locus,0,1.0,13696,2.3608540011180215,0.100884736
3238,HLA-A*02:01,esm2_joint,locus,0,1.0,13696,3.169685580677429,0.20960277
3239,HLA-A*02:01,esm2_joint,locus,0,1.0,13696,1.9878743481543455,-0.3081674
3240,HLA-A*02:01,esm2_joint,locus,0,1.0,13696,3.131136910560194,0.01910466
3241,HLA-A*02:01,esm2_joint,locus,0,1.0,13696,3.768152635008444,0.48977417
3242,HLA-A*02:01,esm2_joint,locus,0,1.0,13696,2.827313621929028,0.48438725
3243,HLA-A*02:01,esm2_joint,locus,0,1.0,13696,3.417726683613366,0.023854852
3244,HLA-A*02:01,esm2_joint,locus,0,1.0,13696,1.7404661748405046,0.035045147
3245,HLA-A*02:01,esm2_joint,locus,0,1.0,13696,1.252762968495368,0.1939938
3246,HLA-A*02:01,esm2_joint,locus,0,1.0,13696,3.713572066704308,0.9747685
3247,HLA-A*02:01,esm2_joint,locus,0,1.0,13696,3.2846635654062037,0.14729142
3248,HLA-A*02:01,esm2_joint,locus,0,1.0,13696,3.2809112157876537,0.4964412
3249,HLA-A*03:01,esm2_joint,locus,0,1.0,13696,0.9932517730102833,0.7126267
3250,HLA-A*03:01,esm2_joint,locus,0,1.0,13696,0.9555114450274363,1.057378
3251,HLA-A*03:01,esm2_joint,locus,0,1.0,13696,0.18232155679395465,0.7077806
3252,HLA-A*03:01,esm2_joint,locus,0,1.0,13696,0.6418538861723948,0.4633627
3253,HLA-A*03:01,esm2_joint,locus,0,1.0,13696,0.33647223662121295,0.099930584
3254,HLA-A*03:01,esm2_joint,locus,0,1.0,13696,0.0,1.0068954
3255,HLA-A*03:01,esm2_joint,locus,0,1.0,13696,0.4054651081081644,0.66013753
3256,HLA-A*03:01,esm2_joint,locus,0,1.0,13696,0.6418538861723948,0.6248231
3257,HLA-A*03:01,esm2_joint,locus,0,1.0,13696,0.0,0.9707411
3258,HLA-A*03:01,esm2_joint,locus,0,1.0,13696,0.33647223662121295,0.61510354
3259,HLA-A*03:01,esm2_joint,locus,0,1.0,13696,4.631812116934513,1.1252136
3260,HLA-A*03:01,esm2_joint,locus,0,1.0,13696,4.070734696582967,0.87899137
3261,HLA-A*03:01,esm2_joint,locus,0,1.0,13696,0.18232155679395465,1.3528786
3262,HLA-A*03:01,esm2_joint,locus,0,1.0,13696,0.6931471805599453,0.803612
3263,HLA-A*03:01,esm2_joint,locus,0,1.0,13696,0.4054651081081644,0.06311977
3264,HLA-A*03:01,esm2_joint,locus,0,1.0,13696,2.9444389791664403,1.0242547
3265,HLA-A*03:01,esm2_joint,locus,0,1.0,13696,0.09531017980432487,0.45258301
3266,HLA-A*03:01,esm2_joint,locus,0,1.0,13696,0.0,0.81235296
3267,HLA-A*03:01,esm2_joint,locus,0,1.0,13696,0.4054651081081644,0.9390172
3268,HLA-A*03:01,esm2_joint,locus,0,1.0,13696,0.0,1.041989
3269,HLA-A*03:01,esm2_joint,locus,0,1.0,13696,1.1939224684724346,0.85356605
3270,HLA-A*03:01,esm2_joint,locus,0,1.0,13696,1.9740810260220096,0.8428016
3271,HLA-A*03:01,esm2_joint,locus,0,1.0,13696,2.9652730660692823,0.7246372
3272,HLA-A*03:01,esm2_joint,locus,0,1.0,13696,0.5306282510621704,0.98072946
3273,HLA-A*03:01,esm2_joint,locus,0,1.0,13696,1.0986122886681098,1.2091744
3274,HLA-A*03:01,esm2_joint,locus,0,1.0,13696,0.0,1.4643818
3275,HLA-A*03:01,esm2_joint,locus,0,1.0,13696,0.4054651081081644,0.62179446
3276,HLA-A*03:01,esm2_joint,locus,0,1.0,13696,0.4054651081081644,1.0039877
3277,HLA-A*03:01,esm2_joint,locus,0,1.0,13696,0.6931471805599453,1.0070249
3278,HLA-A*03:01,esm2_joint,locus,0,1.0,13696,0.4700036292457355,0.30608946
3279,HLA-A*03:01,esm2_joint,locus,0,1.0,13696,4.079230924412053,1.3949664
3280,HLA-A*03:01,esm2_joint,locus,0,1.0,13696,0.0,0.5243838
3281,HLA-A*03:01,esm2_joint,locus,0,1.0,13696,0.0,0.86623704
3282,HLA-A*03:01,esm2_joint,locus,0,1.0,13696,1.9740810260220096,1.1687725
3283,HLA-A*03:01,esm2_joint,locus,0,1.0,13696,0.0,1.5024792
3284,HLA-A*03:01,esm2_joint,locus,0,1.0,13696,0.832909122935104,1.1719391
3285,HLA-A*30:01,esm2_joint,locus,0,1.0,13696,0.0,0.6979211
3291,HLA-A*26:01,esm2_joint,locus,0,1.0,13696,3.0349529867072724,0.98311436
3292,HLA-A*26:01,esm2_joint,locus,0,1.0,13696,1.1939224684724346,0.36703718
3293,HLA-A*26:01,esm2_joint,locus,0,1.0,13696,3.265759410767051,0.57305324
3294,HLA-A*26:01,esm2_joint,locus,0,1.0,13696,2.6878474937846906,0.9964292
3295,HLA-A*26:01,esm2_joint,locus,0,1.0,13696,0.6418538861723948,0.9763653
3296,HLA-A*26:01,esm2_joint,locus,0,1.0,13696,1.2237754316221157,0.38873905
3297,HLA-A*26:01,esm2_joint,locus,0,1.0,13696,1.0986122886681098,0.4215098
3298,HLA-A*26:01,esm2_joint,locus,0,1.0,13696,0.4054651081081644,0.60990345
3299,HLA-A*26:01,esm2_joint,locus,0,1.0,13696,1.410986973710262,0.7190466
3300,HLA-A*26:01,esm2_joint,locus,0,1.0,13696,1.7227665977411035,0.74514043
3301,HLA-A*26:01,esm2_joint,locus,0,1.0,13696,2.8678989020441064,0.46445316
3302,HLA-A*26:01,esm2_joint,locus,0,1.0,13696,1.9459101490553132,0.45631212
3303,HLA-A*26:01,esm2_joint,locus,0,1.0,13696,0.33647223662121295,0.79329574
3304,HLA-A*26:01,esm2_joint,locus,0,1.0,13696,1.5040773967762742,0.8387718
3305,HLA-A*26:01,esm2_joint,locus,0,1.0,13696,2.803360380906535,0.016884267
3306,HLA-A*26:01,esm2_joint,locus,0,1.0,13696,4.07753744390572,0.47718507
3307,HLA-A*26:01,esm2_joint,locus,0,1.0,13696,3.9318256327243257,0.3696273
3308,HLA-A*26:01,esm2_joint,locus,0,1.0,13696,1.0296194171811583,0.80995023
3309,HLA-A*26:01,esm2_joint,locus,0,1.0,13696,2.6100697927420065,0.20279688
3310,HLA-A*26:01,esm2_joint,locus,0,1.0,13696,1.6863989535702288,0.40423483
3311,HLA-A*26:01,esm2_joint,locus,0,1.0,13696,0.33647223662121295,1.6439971
3312,HLA-A*26:01,esm2_joint,locus,0,1.0,13696,2.6026896854443837,0.44250506
3313,HLA-A*26:01,esm2_joint,locus,0,1.0,13696,1.7227665977411035,0.76475227
3314,HLA-A*26:01,esm2_joint,locus,0,1.0,13696,0.6931471805599453,0.7169031
3315,HLA-A*26:01,esm2_joint,locus,0,1.0,13696,2.4336133554004498,0.18900675
3316,HLA-A*26:01,esm2_joint,locus,0,1.0,13696,2.501435951739211,0.2814117
3317,HLA-A*26:01,esm2_joint,locus,0,1.0,13696,1.824549292051046,0.79840904
3318,HLA-A*26:01,esm2_joint,locus,0,1.0,13696,0.832909122935104,0.81114054
3319,HLA-A*26:01,esm2_joint,locus,0,1.0,13696,1.0986122886681098,1.4354362
3320,HLA-A*26:01,esm2_joint,locus,0,1.0,13696,0.4054651081081644,0.712983
3321,HLA-A*26:01,esm2_joint,locus,0,1.0,13696,0.26236426446749106,0.7959262
3322,HLA-A*26:01,esm2_joint,locus,0,1.0,13696,0.33647223662121295,0.6294011
3323,HLA-A*26:01,esm2_joint,locus,0,1.0,13696,0.4054651081081644,0.35197568
3324,HLA-A*26:01,esm2_joint,locus,0,1.0,13696,1.5260563034950494,0.579213
3325,HLA-A*26:01,esm2_joint,locus,0,1.0,13696,0.33647223662121295,0.95578986
3326,HLA-A*26:01,esm2_joint,locus,0,1.0,13696,1.0647107369924282,1.1257702
3327,HLA-A*26:01,esm2_joint,locus,0,1.0,13696,0.4054651081081644,0.69676715
3328,HLA-A*26:01,esm2_joint,locus,0,1.0,13696,0.26236426446749106,0.7395677
3329,HLA-A*26:01,esm2_joint,locus,0,1.0,13696,0.6418538861723948,1.1650469
3330,HLA-A*26:01,esm2_joint,locus,0,1.0,13696,0.7419373447293773,0.75758517
3331,HLA-A*26:01,esm2_joint,locus,0,1.0,13696,1.1631508098056809,0.4481464
3332,HLA-A*26:01,esm2_joint,locus,0,1.0,13696,2.1041341542702074,0.47578114
3333,HLA-A*26:01,esm2_joint,locus,0,1.0,13696,0.832909122935104,0.92452383
3334,HLA-A*26:01,esm2_joint,locus,0,1.0,13696,0.26236426446749106,0.52919817
3335,HLA-A*26:01,esm2_joint,locus,0,1.0,13696,0.18232155679395465,0.8905411
3336,HLA-A*26:01,esm2_joint,locus,0,1.0,13696,0.26236426446749106,1.0079678
3337,HLA-A*26:01,esm2_joint,locus,0,1.0,13696,0.4700036292457355,0.68669903
3338,HLA-A*26:01,esm2_joint,locus,0,1.0,13696,1.410986973710262,0.42138118
3339,HLA-A*26:01,esm2_joint,locus,0,1.0,13696,0.832909122935104,0.47619367
3340,HLA-A*26:01,esm2_joint,locus,0,1.0,13696,0.0,0.19523591
3341,HLA-A*26:01,esm2_joint,locus,0,1.0,13696,0.26236426446749106,0.6966799
3342,HLA-A*26:01,esm2_joint,locus,0,1.0,13696,0.4054651081081644,0.693551
3343,HLA-A*26:01,esm2_joint,locus,0,1.0,13696,0.18232155679395465,0.91532516
3344,HLA-A*26:01,esm2_joint,locus,0,1.0,13696,0.26236426446749106,0.20600516
3345,HLA-A*26:01,esm2_joint,locus,0,1.0,13696,0.5306282510621704,0.47694492
3346,HLA-A*26:01,esm2_joint,locus,0,1.0,13696,0.26236426446749106,0.72085756
3347,HLA-A*26:01,esm2_joint,locus,0,1.0,13696,0.18232155679395465,1.2918918
3348,HLA-A*26:01,esm2_joint,locus,0,1.0,13696,0.18232155679395465,0.7829318
3349,HLA-A*26:01,esm2_joint,locus,0,1.0,13696,0.18232155679395465,0.805231
3350,HLA-A*26:01,esm2_joint,locus,0,1.0,13696,0.09531017980432487,0.47127455
3351,HLA-A*26:01,esm2_joint,locus,0,1.0,13696,0.26236426446749106,0.6074983
3352,HLA-A*26:01,esm2_joint,locus,0,1.0,13696,0.26236426446749106,0.7002076
3353,HLA-A*26:01,esm2_joint,locus,0,1.0,13696,0.18232155679395465,0.5934114
3354,HLA-A*26:01,esm2_joint,locus,0,1.0,13696,0.18232155679395465,1.037358
3355,HLA-A*26:01,esm2_joint,locus,0,1.0,13696,0.5877866649021191,1.253387
3356,HLA-A*26:01,esm2_joint,locus,0,1.0,13696,0.18232155679395465,0.97710073
3357,HLA-A*26:01,esm2_joint,locus,0,1.0,13696,0.18232155679395465,0.50250006
3358,HLA-A*26:01,esm2_joint,locus,0,1.0,13696,0.18232155679395465,0.5273251
3359,HLA-A*26:01,esm2_joint,locus,0,1.0,13696,0.0,0.46381068
3360,HLA-A*26:01,esm2_joint,locus,0,1.0,13696,0.09531017980432487,0.6851967
3361,HLA-A*26:01,esm2_joint,locus,0,1.0,13696,0.09531017980432487,1.0745442
3362,HLA-A*26:01,esm2_joint,locus,0,1.0,13696,0.0,1.0202713
3363,HLA-A*26:01,esm2_joint,locus,0,1.0,13696,0.0,0.65971965
3364,HLA-A*26:01,esm2_joint,locus,0,1.0,13696,0.18232155679395465,0.5529771
3365,HLA-A*26:01,esm2_joint,locus,0,1.0,13696,0.09531017980432487,0.37581402
3366,HLA-A*26:01,esm2_joint,locus,0,1.0,13696,0.6931471805599453,0.6650953
3367,HLA-A*26:01,esm2_joint,locus,0,1.0,13696,1.0986122886681098,0.88731194
3368,HLA-A*26:02,esm2_joint,locus,0,1.0,13696,3.7400477406883357,0.8730683
3369,HLA-A*26:02,esm2_joint,locus,0,1.0,13696,1.0296194171811583,0.7141862
3370,HLA-A*26:02,esm2_joint,locus,0,1.0,13696,0.26236426446749106,0.74658114
3371,HLA-A*26:02,esm2_joint,locus,0,1.0,13696,0.9932517730102833,0.38116103
3372,HLA-A*26:02,esm2_joint,locus,0,1.0,13696,0.26236426446749106,0.533917
3373,HLA-A*26:02,esm2_joint,locus,0,1.0,13696,0.33647223662121295,0.49208444
3374,HLA-A*26:02,esm2_joint,locus,0,1.0,13696,1.6486586255873816,0.44472414
3375,HLA-A*26:02,esm2_joint,locus,0,1.0,13696,2.7013612129514133,0.63813436
3376,HLA-A*26:02,esm2_joint,locus,0,1.0,13696,0.0,0.7299414
3377,HLA-A*26:02,esm2_joint,locus,0,1.0,13696,0.832909122935104,0.5121181
3378,HLA-A*26:02,esm2_joint,locus,0,1.0,13696,1.4586150226995167,0.48529693
3379,HLA-A*26:02,esm2_joint,locus,0,1.0,13696,0.9162907318741551,0.60304105
3380,HLA-A*26:02,esm2_joint,locus,0,1.0,13696,3.6000482404073204,0.81837267
3381,HLA-A*26:02,esm2_joint,locus,0,1.0,13696,0.9555114450274363,0.3825727
3382,HLA-A*26:02,esm2_joint,locus,0,1.0,13696,0.832909122935104,0.68142164
3383,HLA-A*26:02,esm2_joint,locus,0,1.0,13696,0.6931471805599453,0.75642616
3384,HLA-A*26:02,esm2_joint,locus,0,1.0,13696,3.4995332823830174,0.36869365
3385,HLA-A*26:02,esm2_joint,locus,0,1.0,13696,3.139832617527748,0.4145711
3386,HLA-A*26:02,esm2_joint,locus,0,1.0,13696,0.0,0.37064463
3387,HLA-A*26:02,esm2_joint,locus,0,1.0,13696,3.427514689979529,0.55898416
3388,HLA-A*26:02,esm2_joint,locus,0,1.0,13696,2.91235066461494,0.36890888
3389,HLA-A*26:02,esm2_joint,locus,0,1.0,13696,1.0986122886681098,1.0351008
3390,HLA-A*26:02,esm2_joint,locus,0,1.0,13696,0.5877866649021191,0.74967813
3391,HLA-A*26:02,esm2_joint,locus,0,1.0,13696,3.6988297849671046,0.3107987
3392,HLA-A*26:02,esm2_joint,locus,0,1.0,13696,3.0007198150650303,0.26838815
3393,HLA-A*26:02,esm2_joint,locus,0,1.0,13696,1.9315214116032138,0.26658696
3394,HLA-A*26:02,esm2_joint,locus,0,1.0,13696,1.5260563034950494,0.21916515
3395,HLA-A*26:02,esm2_joint,locus,0,1.0,13696,0.4700036292457355,0.33387232
3396,HLA-A*26:02,esm2_joint,locus,0,1.0,13696,1.5260563034950494,0.24832928
3397,HLA-A*26:02,esm2_joint,locus,0,1.0,13696,1.62924053973028,0.11153108
3398,HLA-A*26:02,esm2_joint,locus,0,1.0,13696,2.388762789235098,0.10410547
3399,HLA-A*26:02,esm2_joint,locus,0,1.0,13696,3.7909846770510898,0.43776357
3400,HLA-A*26:02,esm2_joint,locus,0,1.0,13696,2.740840023925201,0.36235505
3401,HLA-A*26:02,esm2_joint,locus,0,1.0,13696,3.1570004211501135,0.34819102
3402,HLA-A*26:02,esm2_joint,locus,0,1.0,13696,3.7819143200811256,0.48969918
3403,HLA-A*26:02,esm2_joint,locus,0,1.0,13696,3.1986731175506815,0.36433852
3404,HLA-A*26:02,esm2_joint,locus,0,1.0,13696,2.066862759472976,0.2153039
3405,HLA-A*26:02,esm2_joint,locus,0,1.0,13696,1.6094379124341003,0.43712837
3406,HLA-A*26:02,esm2_joint,locus,0,1.0,13696,0.5306282510621704,0.32690012
3407,HLA-A*26:02,esm2_joint,locus,0,1.0,13696,2.5416019934645457,0.44068116
3408,HLA-A*26:02,esm2_joint,locus,0,1.0,13696,3.214867803470662,0.72755665
3409,HLA-A*26:02,esm2_joint,locus,0,1.0,13696,2.5257286443082556,0.42597157
3410,HLA-A*26:02,esm2_joint,locus,0,1.0,13696,3.2809112157876537,0.61744106
3411,HLA-A*26:02,esm2_joint,locus,0,1.0,13696,2.341805806147327,0.84583116
3412,HLA-A*26:02,esm2_joint,locus,0,1.0,13696,3.0587070727153796,0.79709685
3413,HLA-A*26:02,esm2_joint,locus,0,1.0,13696,0.4054651081081644,1.585743
3414,HLA-A*26:02,esm2_joint,locus,0,1.0,13696,0.9162907318741551,0.4539914
3415,HLA-A*26:02,esm2_joint,locus,0,1.0,13696,0.4700036292457355,0.3503335
3416,HLA-A*26:02,esm2_joint,locus,0,1.0,13696,0.26236426446749106,0.6234627
3417,HLA-A*26:02,esm2_joint,locus,0,1.0,13696,0.5877866649021191,0.6641766
3418,HLA-A*26:02,esm2_joint,locus,0,1.0,13696,0.26236426446749106,0.6045892
3419,HLA-A*26:02,esm2_joint,locus,0,1.0,13696,3.2771447329921766,0.7555182
3420,HLA-A*26:02,esm2_joint,locus,0,1.0,13696,2.151762203259462,0.9232905
3421,HLA-A*26:02,esm2_joint,locus,0,1.0,13696,0.4054651081081644,0.54408073
3422,HLA-A*26:02,esm2_joint,locus,0,1.0,13696,0.26236426446749106,0.65087104
3423,HLA-A*26:02,esm2_joint,locus,0,1.0,13696,2.6026896854443837,1.0228308
3424,HLA-A*26:02,esm2_joint,locus,0,1.0,13696,2.4765384001174837,0.39762664
3425,HLA-A*26:02,esm2_joint,locus,0,1.0,13696,0.4054651081081644,0.29732138
3426,HLA-A*26:02,esm2_joint,locus,0,1.0,13696,0.26236426446749106,0.5354053
3427,HLA-A*26:02,esm2_joint,locus,0,1.0,13696,3.242592351485517,0.7824304
3428,HLA-A*26:02,esm2_joint,locus,0,1.0,13696,0.18232155679395465,0.4615826
3429,HLA-A*26:02,esm2_joint,locus,0,1.0,13696,0.18232155679395465,0.8968312
3430,HLA-A*26:02,esm2_joint,locus,0,1.0,13696,3.7977338590260183,0.88076395
3431,HLA-A*26:02,esm2_joint,locus,0,1.0,13696,1.308332819650179,0.65194523
3432,HLA-A*26:02,esm2_joint,locus,0,1.0,13696,0.4054651081081644,0.641021
3433,HLA-A*26:02,esm2_joint,locus,0,1.0,13696,0.26236426446749106,0.7427423
3434,HLA-A*26:02,esm2_joint,locus,0,1.0,13696,0.33647223662121295,0.57405126
3435,HLA-A*26:02,esm2_joint,locus,0,1.0,13696,0.4700036292457355,0.38796586
3436,HLA-A*26:02,esm2_joint,locus,0,1.0,13696,1.0986122886681098,0.5966112
3437,HLA-A*26:02,esm2_joint,locus,0,1.0,13696,0.4054651081081644,1.1638346
3438,HLA-A*26:02,esm2_joint,locus,0,1.0,13696,0.7419373447293773,0.6332748
3439,HLA-A*26:02,esm2_joint,locus,0,1.0,13696,1.0986122886681098,0.85273165
3440,HLA-A*26:02,esm2_joint,locus,0,1.0,13696,0.5877866649021191,0.7090318
3441,HLA-A*26:02,esm2_joint,locus,0,1.0,13696,1.840549633397487,0.43463242
3442,HLA-A*26:02,esm2_joint,locus,0,1.0,13696,0.5306282510621704,1.242631
3443,HLA-A*26:02,esm2_joint,locus,0,1.0,13696,0.5306282510621704,0.99213564
3444,HLA-A*26:02,esm2_joint,locus,0,1.0,13696,1.1939224684724346,0.44971007
3445,HLA-A*26:02,esm2_joint,locus,0,1.0,13696,0.33647223662121295,0.7210594
3446,HLA-A*26:02,esm2_joint,locus,0,1.0,13696,1.1939224684724346,0.6667807
3447,HLA-A*26:02,esm2_joint,locus,0,1.0,13696,0.4054651081081644,0.7007446
3448,HLA-A*26:02,esm2_joint,locus,0,1.0,13696,0.0,0.9758605
3449,HLA-A*26:02,esm2_joint,locus,0,1.0,13696,3.7232808808312687,0.6674106
3450,HLA-A*26:03,esm2_joint,locus,0,1.0,13696,2.186051276738094,0.30752188
3451,HLA-A*26:03,esm2_joint,locus,0,1.0,13696,4.244200317766478,0.10775691
3452,HLA-A*26:03,esm2_joint,locus,0,1.0,13696,1.2237754316221157,0.14626902
3453,HLA-A*26:03,esm2_joint,locus,0,1.0,13696,1.2237754316221157,0.08473736
3454,HLA-A*26:03,esm2_joint,locus,0,1.0,13696,3.3214324131932926,0.4197542
3455,HLA-A*26:03,esm2_joint,locus,0,1.0,13696,3.349904087274605,0.746796
3456,HLA-A*26:03,esm2_joint,locus,0,1.0,13696,0.8754687373538999,0.09576726
3457,HLA-A*26:03,esm2_joint,locus,0,1.0,13696,0.4054651081081644,0.26593632
3458,HLA-A*26:03,esm2_joint,locus,0,1.0,13696,0.18232155679395465,0.4588945
3459,HLA-A*26:03,esm2_joint,locus,0,1.0,13696,0.09531017980432487,-0.17366964
3460,HLA-A*26:03,esm2_joint,locus,0,1.0,13696,0.18232155679395465,0.41338587
3461,HLA-A*26:03,esm2_joint,locus,0,1.0,13696,0.0,0.19514877
3462,HLA-A*26:03,esm2_joint,locus,0,1.0,13696,0.0,0.055073977
3463,HLA-A*26:03,esm2_joint,locus,0,1.0,13696,0.18232155679395465,0.76228034
3464,HLA-A*26:03,esm2_joint,locus,0,1.0,13696,0.0,0.50520676
3465,HLA-A*26:03,esm2_joint,locus,0,1.0,13696,3.86702563949741,0.14360297
3466,HLA-A*26:03,esm2_joint,locus,0,1.0,13696,0.26236426446749106,0.61827594
3634,HLA-A*01:01,esm2_joint,locus,0,1.0,13696,0.18232155679395465,0.5278939
3635,HLA-A*01:01,esm2_joint,locus,0,1.0,13696,1.4350845252893227,0.88549775
3636,HLA-A*01:01,esm2_joint,locus,0,1.0,13696,0.33647223662121295,0.67186946
3637,HLA-A*01:01,esm2_joint,locus,0,1.0,13696,0.5877866649021191,1.6765311
3638,HLA-A*01:01,esm2_joint,locus,0,1.0,13696,0.33647223662121295,0.95862603
3639,HLA-A*01:01,esm2_joint,locus,0,1.0,13696,0.33647223662121295,0.54709625
3640,HLA-A*01:01,esm2_joint,locus,0,1.0,13696,1.840549633397487,0.37802815
3641,HLA-A*01:01,esm2_joint,locus,0,1.0,13696,3.8308129500026027,0.68792605
3642,HLA-A*01:01,esm2_joint,locus,0,1.0,13696,0.4700036292457355,0.6774729
3643,HLA-A*01:01,esm2_joint,locus,0,1.0,13696,0.7884573603642702,0.88302815
3644,HLA-A*01:01,esm2_joint,locus,0,1.0,13696,3.9945242269398897,0.5908346
3645,HLA-A*01:01,esm2_joint,locus,0,1.0,13696,1.8870696490323797,0.9604918
3646,HLA-A*02:01,esm2_joint,locus,0,1.0,13696,2.975529566236472,0.2720241
3647,HLA-A*02:01,esm2_joint,locus,0,1.0,13696,2.312535423847214,1.1416117
3648,HLA-A*02:01,esm2_joint,locus,0,1.0,13696,3.1570004211501135,0.52209055
3649,HLA-A*02:01,esm2_joint,locus,0,1.0,13696,1.0296194171811583,0.04595357
3650,HLA-A*02:01,esm2_joint,locus,0,1.0,13696,3.535145354171894,0.45260662
3652,HLA-A*02:01,esm2_joint,locus,0,1.0,13696,2.5257286443082556,0.34434003
3653,HLA-A*02:01,esm2_joint,locus,0,1.0,13696,3.1570004211501135,0.30213308
3655,HLA-A*02:01,esm2_joint,locus,0,1.0,13696,2.856470206220483,0.29441196
3656,HLA-A*02:01,esm2_joint,locus,0,1.0,13696,3.4372078191851885,0.78125566
3659,HLA-A*02:01,esm2_joint,locus,0,1.0,13696,3.258096538021482,0.41678965
3660,HLA-A*02:01,esm2_joint,locus,0,1.0,13696,3.8022081394209395,0.49605113
3661,HLA-A*02:01,esm2_joint,locus,0,1.0,13696,3.261935314328648,0.6965847
3662,HLA-A*02:01,esm2_joint,locus,0,1.0,13696,2.681021528714291,0.48132896
3665,HLA-A*02:01,esm2_joint,locus,0,1.0,13696,1.8562979903656263,-0.2800128
3666,HLA-A*02:01,esm2_joint,locus,0,1.0,13696,3.6454498961866,0.40613675
3667,HLA-A*02:01,esm2_joint,locus,0,1.0,13696,3.054001181677967,0.17923725
3668,HLA-A*02:01,esm2_joint,locus,0,1.0,13696,2.322387720290225,0.43337375
3671,HLA-A*02:01,esm2_joint,locus,0,1.0,13696,3.332204510175204,0.70792663
3673,HLA-A*02:01,esm2_joint,locus,0,1.0,13696,1.5040773967762742,0.2303698
3674,HLA-A*02:01,esm2_joint,locus,0,1.0,13696,0.6931471805599453,0.4188301
3680,HLA-A*02:01,esm2_joint,locus,0,1.0,13696,1.2237754316221157,0.3840242
3685,HLA-A*02:01,esm2_joint,locus,0,1.0,13696,2.681021528714291,0.7890975
3691,HLA-A*02:01,esm2_joint,locus,0,1.0,13696,2.833213344056216,0.4458092
3692,HLA-A*03:01,esm2_joint,locus,0,1.0,13696,3.8372994592322094,1.2589821
3693,HLA-A*02:01,esm2_joint,locus,0,1.0,13696,3.292126286607793,0.4197538
3697,HLA-A*02:01,esm2_joint,locus,0,1.0,13696,0.5877866649021191,0.12335098
3699,HLA-A*02:01,esm2_joint,locus,0,1.0,13696,1.9315214116032138,0.15897119
3701,HLA-A*03:01,esm2_joint,locus,0,1.0,13696,2.884800712846709,1.444156
3704,HLA-A*02:01,esm2_joint,locus,0,1.0,13696,3.58351893845611,0.6741535
3718,HLA-A*03:01,esm2_joint,locus,0,1.0,13696,1.0647107369924282,0.64505917
3721,HLA-A*03:01,esm2_joint,locus,0,1.0,13696,1.1314021114911006,1.3170815
3731,HLA-A*03:01,esm2_joint,locus,0,1.0,13696,0.4054651081081644,0.72367734
3735,HLA-A*03:01,esm2_joint,locus,0,1.0,13696,1.410986973710262,0.80625933
3736,HLA-A*03:01,esm2_joint,locus,0,1.0,13696,0.8754687373538999,1.0444505
3737,HLA-A*03:01,esm2_joint,locus,0,1.0,13696,3.1441522786722644,1.2307745
3739,HLA-A*03:01,esm2_joint,locus,0,1.0,13696,1.2809338454620642,0.74148977
3741,HLA-A*03:01,esm2_joint,locus,0,1.0,13696,1.8562979903656263,1.5090121
3745,HLA-A*03:01,esm2_joint,locus,0,1.0,13696,0.832909122935104,0.7082249
3746,HLA-A*03:01,esm2_joint,locus,0,1.0,13696,1.916922612182061,1.3129563
3748,HLA-A*03:01,esm2_joint,locus,0,1.0,13696,1.0986122886681098,0.95923096
3750,HLA-A*03:01,esm2_joint,locus,0,1.0,13696,2.8449093838194073,0.864625
3752,HLA-A*03:01,esm2_joint,locus,0,1.0,13696,1.7578579175523736,1.2358918
3753,HLA-A*03:01,esm2_joint,locus,0,1.0,13696,3.3603753871419,1.255641
3754,HLA-A*03:01,esm2_joint,locus,0,1.0,13696,4.027135812528651,1.35056
3755,HLA-A*03:01,esm2_joint,locus,0,1.0,13696,0.4700036292457355,0.6164999
3758,HLA-A*03:01,esm2_joint,locus,0,1.0,13696,1.4586150226995167,0.71242464
3759,HLA-A*03:01,esm2_joint,locus,0,1.0,13696,1.3862943611198906,1.0888866
3760,HLA-A*03:01,esm2_joint,locus,0,1.0,13696,1.916922612182061,1.1778183
3762,HLA-A*03:01,esm2_joint,locus,0,1.0,13696,1.6863989535702288,0.75779086
3763,HLA-A*03:01,esm2_joint,locus,0,1.0,13696,3.1822118404966093,1.5457776
3764,HLA-A*03:01,esm2_joint,locus,0,1.0,13696,2.533696813957432,1.0212321
3766,HLA-A*03:01,esm2_joint,locus,0,1.0,13696,2.0412203288596382,1.5328261
3767,HLA-A*03:01,esm2_joint,locus,0,1.0,13696,0.6931471805599453,0.96628517
3769,HLA-A*02:01,esm2_joint,locus,0,1.0,13696,1.9021075263969205,0.38787365
3770,HLA-A*03:01,esm2_joint,locus,0,1.0,13696,1.791759469228055,0.7257669
3771,HLA-A*03:01,esm2_joint,locus,0,1.0,13696,1.667706820558076,1.7989275
3772,HLA-A*03:01,esm2_joint,locus,0,1.0,13696,1.410986973710262,0.64563286
3773,HLA-A*03:01,esm2_joint,locus,0,1.0,13696,3.5467396869528134,1.4707357
3775,HLA-A*03:01,esm2_joint,locus,0,1.0,13696,1.8870696490323797,0.82913566
3776,HLA-A*03:01,esm2_joint,locus,0,1.0,13696,3.3603753871419,1.1890419
3777,HLA-A*03:01,esm2_joint,locus,0,1.0,13696,3.758871825933971,1.0667958
3778,HLA-A*03:01,esm2_joint,locus,0,1.0,13696,0.6418538861723948,1.2542944
3781,HLA-A*03:01,esm2_joint,locus,0,1.0,13696,0.33647223662121295,0.9254278
3782,HLA-A*03:01,esm2_joint,locus,0,1.0,13696,0.9932517730102833,0.74307364
3784,HLA-A*03:01,esm2_joint,locus,0,1.0,13696,0.18232155679395465,1.1156517
3785,HLA-A*03:01,esm2_joint,locus,0,1.0,13696,0.6931471805599453,0.88992333
3788,HLA-A*03:01,esm2_joint,locus,0,1.0,13696,0.33647223662121295,1.1812063
3790,HLA-A*03:01,esm2_joint,locus,0,1.0,13696,0.9555114450274363,0.82231456
3791,HLA-A*03:01,esm2_joint,locus,0,1.0,13696,3.910021002757473,0.62551135
3792,HLA-A*03:01,esm2_joint,locus,0,1.0,13696,0.26236426446749106,1.0867097
3793,HLA-A*03:01,esm2_joint,locus,0,1.0,13696,0.33647223662121295,1.1870801
3795,HLA-A*03:01,esm2_joint,locus,0,1.0,13696,0.7419373447293773,1.3660344
3797,HLA-A*03:01,esm2_joint,locus,0,1.0,13696,1.791759469228055,0.9955987
3798,HLA-A*03:01,esm2_joint,locus,0,1.0,13696,0.9932517730102833,0.62171364
3799,HLA-A*03:01,esm2_joint,locus,0,1.0,13696,0.18232155679395465,1.0604668
3802,HLA-A*03:01,esm2_joint,locus,0,1.0,13696,1.547562508716013,1.1135521
3804,HLA-A*03:01,esm2_joint,locus,0,1.0,13696,0.26236426446749106,0.9837753
3805,HLA-A*03:01,esm2_joint,locus,0,1.0,13696,0.7419373447293773,0.97320324
3807,HLA-A*03:01,esm2_joint,locus,0,1.0,13696,3.4904285153900982,0.9194156
3808,HLA-A*03:01,esm2_joint,locus,0,1.0,13696,0.4700036292457355,1.8212419
3809,HLA-A*03:01,esm2_joint,locus,0,1.0,13696,1.824549292051046,1.2776793
3810,HLA-A*03:01,esm2_joint,locus,0,1.0,13696,0.9932517730102833,1.0870047
3811,HLA-A*03:01,esm2_joint,locus,0,1.0,13696,3.3068867021909143,1.5321765
3812,HLA-A*03:01,esm2_joint,locus,0,1.0,13696,0.5306282510621704,0.79958415
3813,HLA-A*03:01,esm2_joint,locus,0,1.0,13696,0.26236426446749106,0.89282703
3814,HLA-A*03:01,esm2_joint,locus,0,1.0,13696,0.4700036292457355,0.8032389
3815,HLA-A*03:01,esm2_joint,locus,0,1.0,13696,0.0,0.61292946
3816,HLA-A*03:01,esm2_joint,locus,0,1.0,13696,0.0,0.6621392
3818,HLA-A*02:01,esm2_joint,locus,0,1.0,13696,3.543853682063679,0.491548
3819,HLA-A*02:01,esm2_joint,locus,0,1.0,13696,2.7212954278522306,0.37331444
3820,HLA-A*02:01,esm2_joint,locus,0,1.0,13696,3.254242968705492,0.28730923
3821,HLA-A*02:01,esm2_joint,locus,0,1.0,13696,2.8678989020441064,0.6576694
3822,HLA-A*02:01,esm2_joint,locus,0,1.0,13696,2.5726122302071057,0.1068328
3823,HLA-A*02:01,esm2_joint,locus,0,1.0,13696,0.0,0.66575235
3824,HLA-A*02:01,esm2_joint,locus,0,1.0,13696,0.0,0.6982058
3825,HLA-A*02:01,esm2_joint,locus,0,1.0,13696,0.0,0.011514723
3826,HLA-A*02:01,esm2_joint,locus,0,1.0,13696,0.0,-0.1358481
3827,HLA-A*02:01,esm2_joint,locus,0,1.0,13696,0.0,0.35340452
3828,HLA-A*03:01,esm2_joint,locus,0,1.0,13696,0.0,0.93149
3829,HLA-A*03:01,esm2_joint,locus,0,1.0,13696,1.5686159179138452,1.5415034
3830,HLA-A*03:01,esm2_joint,locus,0,1.0,13696,0.0,0.73152006
3831,HLA-A*03:01,esm2_joint,locus,0,1.0,13696,0.0,0.85802203
3834,HLA-A*02:01,esm2_joint,locus,0,1.0,13696,2.0918640616783932,0.8645778
3835,HLA-A*02:03,esm2_joint,locus,0,1.0,13696,0.0,0.72205603
3836,HLA-A*02:11,esm2_joint,locus,0,1.0,13696,1.1631508098056809,0.84063876
3837,HLA-A*02:12,esm2_joint,locus,0,1.0,13696,1.547562508716013,0.8368763
3838,HLA-A*02:16,esm2_joint,locus,0,1.0,13696,1.547562508716013,0.6036432
3839,HLA-A*02:19,esm2_joint,locus,0,1.0,13696,0.6931471805599453,0.7181419
3840,HLA-A*02:03,esm2_joint,locus,0,1.0,13696,2.6946271807700692,0.23121744
3841,HLA-A*02:01,esm2_joint,locus,0,1.0,13696,3.2308043957334744,0.54145354
3842,HLA-A*02:01,esm2_joint,locus,0,1.0,13696,3.0106208860477417,0.55801475
3843,HLA-A*02:01,esm2_joint,locus,0,1.0,13696,3.3105430133940246,0.64331585
3844,HLA-A*02:01,esm2_joint,locus,0,1.0,13696,3.258096538021482,0.32790178
3845,HLA-A*02:01,esm2_joint,locus,0,1.0,13696,2.653241964607215,0.3450125
3846,HLA-A*02:01,esm2_joint,locus,0,1.0,13696,0.6418538861723948,0.16250324
3847,HLA-A*02:01,esm2_joint,locus,0,1.0,13696,1.0296194171811583,0.4870675
3848,HLA-A*02:01,esm2_joint,locus,0,1.0,13696,2.827313621929028,0.16705674
3849,HLA-A*02:01,esm2_joint,locus,0,1.0,13696,3.3214324131932926,-0.012550056
3850,HLA-A*02:01,esm2_joint,locus,0,1.0,13696,1.252762968495368,0.45619792
3851,HLA-A*02:01,esm2_joint,locus,0,1.0,13696,0.7419373447293773,0.08389759
3852,HLA-A*02:01,esm2_joint,locus,0,1.0,13696,1.7749523509116738,-0.23874801
3853,HLA-A*02:01,esm2_joint,locus,0,1.0,13696,3.370738174177447,0.96115005
3854,HLA-A*02:01,esm2_joint,locus,0,1.0,13696,1.3862943611198906,0.55687463
3855,HLA-A*02:01,esm2_joint,locus,0,1.0,13696,3.5085558999826545,0.56781805
3856,HLA-A*02:01,esm2_joint,locus,0,1.0,13696,2.3978952727983707,0.24344009
3857,HLA-A*02:01,esm2_joint,locus,0,1.0,13696,2.8390784635086144,0.1432268
3858,HLA-A*02:01,esm2_joint,locus,0,1.0,13696,3.2386784521643803,0.33824515
3859,HLA-A*02:01,esm2_joint,locus,0,1.0,13696,2.9856819377004897,0.65045315
3860,HLA-A*02:01,esm2_joint,locus,0,1.0,13696,1.791759469228055,0.041490734
3861,HLA-A*02:01,esm2_joint,locus,0,1.0,13696,2.151762203259462,0.8716267
3990,HLA-A*02:01,esm2_joint,locus,0,1.0,13696,2.028148247292285,0.10833651
3991,HLA-A*02:01,esm2_joint,locus,0,1.0,13696,2.533696813957432,0.523112
3992,HLA-A*02:01,esm2_joint,locus,0,1.0,13696,2.4849066497880004,0.3021531
3993,HLA-A*02:01,esm2_joint,locus,0,1.0,13696,3.2228678461377385,0.3527984
3994,HLA-A*02:01,esm2_joint,locus,0,1.0,13696,0.4700036292457355,0.32744926
3995,HLA-A*02:01,esm2_joint,locus,0,1.0,13696,0.5306282510621704,0.17165369
3996,HLA-A*02:01,esm2_joint,locus,0,1.0,13696,0.9162907318741551,0.33435422
3997,HLA-A*02:01,esm2_joint,locus,0,1.0,13696,0.9162907318741551,0.7182001
3998,HLA-A*24:03,esm2_joint,locus,0,1.0,13696,0.18232155679395465,0.31849426
3999,HLA-A*24:03,esm2_joint,locus,0,1.0,13696,1.9021075263969205,0.88323903
4000,HLA-A*24:03,esm2_joint,locus,0,1.0,13696,0.4054651081081644,1.0758723
4001,HLA-A*24:03,esm2_joint,locus,0,1.0,13696,3.586292865338835,0.85699815
4002,HLA-A*24:03,esm2_joint,locus,0,1.0,13696,0.4054651081081644,0.6565262
4003,HLA-A*24:03,esm2_joint,locus,0,1.0,13696,3.3603753871419,0.33066392
4004,HLA-A*24:03,esm2_joint,locus,0,1.0,13696,0.5877866649021191,0.24447101
4005,HLA-A*24:03,esm2_joint,locus,0,1.0,13696,0.7884573603642702,1.2301525
4006,HLA-A*24:03,esm2_joint,locus,0,1.0,13696,0.9555114450274363,0.62186813
4007,HLA-A*24:03,esm2_joint,locus,0,1.0,13696,0.7884573603642702,0.5175249
4008,HLA-A*24:03,esm2_joint,locus,0,1.0,13696,0.6931471805599453,0.9666729
4009,HLA-A*24:03,esm2_joint,locus,0,1.0,13696,1.2809338454620642,0.544045
4010,HLA-A*24:03,esm2_joint,locus,0,1.0,13696,2.312535423847214,0.93222713
4011,HLA-A*24:03,esm2_joint,locus,0,1.0,13696,1.916922612182061,1.5669181
4012,HLA-A*24:03,esm2_joint,locus,0,1.0,13696,3.8918202981106265,0.7501776
4013,HLA-A*24:03,esm2_joint,locus,0,1.0,13696,3.4657359027997265,0.8439479
4014,HLA-A*24:03,esm2_joint,locus,0,1.0,13696,1.589235205116581,0.23824114
4015,HLA-A*24:03,esm2_joint,locus,0,1.0,13696,3.4468078929142076,0.5932611
4016,HLA-A*24:03,esm2_joint,locus,0,1.0,13696,2.0014800002101243,0.7030579
4017,HLA-A*24:03,esm2_joint,locus,0,1.0,13696,1.7047480922384253,0.39082545
4018,HLA-A*24:03,esm2_joint,locus,0,1.0,13696,1.6863989535702288,0.07421762
4019,HLA-A*24:03,esm2_joint,locus,0,1.0,13696,2.9231615807191558,1.5107458
4020,HLA-A*24:03,esm2_joint,locus,0,1.0,13696,0.26236426446749106,0.45584875
4021,HLA-A*24:03,esm2_joint,locus,0,1.0,13696,0.4700036292457355,0.26705688
4022,HLA-A*24:03,esm2_joint,locus,0,1.0,13696,0.9932517730102833,0.44401932
4023,HLA-A*24:03,esm2_joint,locus,0,1.0,13696,1.33500106673234,0.67004824
4024,HLA-A*24:03,esm2_joint,locus,0,1.0,13696,1.5686159179138452,0.13870889
4025,HLA-A*24:03,esm2_joint,locus,0,1.0,13696,0.4054651081081644,0.7330437
4026,HLA-A*24:03,esm2_joint,locus,0,1.0,13696,1.8082887711792655,0.42585057
4050,HLA-A*02:03,esm2_joint,locus,0,1.0,13696,0.0,0.6783351
4051,HLA-A*26:01,esm2_joint,locus,0,1.0,13696,1.791759469228055,0.39577657
4052,HLA-A*26:01,esm2_joint,locus,0,1.0,13696,0.6418538861723948,0.6359895
4053,HLA-A*26:01,esm2_joint,locus,0,1.0,13696,2.533696813957432,0.5572487
4054,HLA-A*31:01,esm2_joint,locus,0,1.0,13696,1.7749523509116738,0.7916846
4055,HLA-A*31:01,esm2_joint,locus,0,1.0,13696,0.33647223662121295,1.0294386
4056,HLA-A*31:01,esm2_joint,locus,0,1.0,13696,0.26236426446749106,0.57378507
4057,HLA-A*26:03,esm2_joint,locus,0,1.0,13696,0.18232155679395465,0.26152068
4058,HLA-A*26:03,esm2_joint,locus,0,1.0,13696,0.7884573603642702,0.6043228
4059,HLA-A*26:03,esm2_joint,locus,0,1.0,13696,0.33647223662121295,0.07693982
4060,HLA-A*26:03,esm2_joint,locus,0,1.0,13696,1.33500106673234,0.4160813
4061,HLA-A*26:03,esm2_joint,locus,0,1.0,13696,0.0,0.32888842
4062,HLA-A*26:03,esm2_joint,locus,0,1.0,13696,2.501435951739211,0.3230875
4063,HLA-A*26:03,esm2_joint,locus,0,1.0,13696,3.7999735016195233,0.49052623
4064,HLA-A*26:03,esm2_joint,locus,0,1.0,13696,1.1939224684724346,0.67524946
4065,HLA-A*26:03,esm2_joint,locus,0,1.0,13696,0.18232155679395465,-0.16943043
4066,HLA-A*26:03,esm2_joint,locus,0,1.0,13696,1.2809338454620642,0.073275566
4067,HLA-A*26:03,esm2_joint,locus,0,1.0,13696,0.8754687373538999,-0.01615274
4068,HLA-A*26:03,esm2_joint,locus,0,1.0,13696,0.0,0.0510996
4069,HLA-A*01:01,esm2_joint,locus,0,1.0,13696,3.475067230228611,0.717005
4070,HLA-A*01:01,esm2_joint,locus,0,1.0,13696,0.4700036292457355,0.21879977
4071,HLA-A*01:01,esm2_joint,locus,0,1.0,13696,0.18232155679395465,0.5246279
4072,HLA-A*01:01,esm2_joint,locus,0,1.0,13696,2.4595888418037104,1.1368713
4073,HLA-A*03:01,esm2_joint,locus,0,1.0,13696,1.5260563034950494,1.1585674
4074,HLA-A*03:01,esm2_joint,locus,0,1.0,13696,3.4307561839036995,1.3210028
4075,HLA-A*03:01,esm2_joint,locus,0,1.0,13696,1.1939224684724346,1.0353225
4076,HLA-A*03:01,esm2_joint,locus,0,1.0,13696,0.33647223662121295,1.0752752
4077,HLA-A*03:01,esm2_joint,locus,0,1.0,13696,0.4054651081081644,0.776518
4078,HLA-A*03:01,esm2_joint,locus,0,1.0,13696,2.8154087194227095,1.3066127
4079,HLA-A*03:01,esm2_joint,locus,0,1.0,13696,0.5877866649021191,0.6576797
4080,HLA-A*03:01,esm2_joint,locus,0,1.0,13696,0.5306282510621704,1.2012209
4081,HLA-A*03:01,esm2_joint,locus,0,1.0,13696,0.26236426446749106,0.43268657
4082,HLA-A*03:01,esm2_joint,locus,0,1.0,13696,3.9512437185814275,1.0035084
4083,HLA-A*03:01,esm2_joint,locus,0,1.0,13696,0.0,0.742288
4084,HLA-A*03:01,esm2_joint,locus,0,1.0,13696,0.0,1.0202788
4085,HLA-A*03:01,esm2_joint,locus,0,1.0,13696,0.0,1.0242412
4086,HLA-A*03:01,esm2_joint,locus,0,1.0,13696,1.252762968495368,0.6139104
4177,HLA-A*01:01,esm2_joint,locus,0,1.0,13696,0.832909122935104,0.6687749
4178,HLA-A*03:01,esm2_joint,locus,0,1.0,13696,0.26236426446749106,0.91492325
4179,HLA-A*03:01,esm2_joint,locus,0,1.0,13696,3.449987545831587,1.1399696
4180,HLA-A*03:01,esm2_joint,locus,0,1.0,13696,3.169685580677429,1.1515448
4181,HLA-A*03:01,esm2_joint,locus,0,1.0,13696,0.0,0.7933728
4182,HLA-A*03:01,esm2_joint,locus,0,1.0,13696,3.6913763343125234,1.2814109
4183,HLA-A*03:01,esm2_joint,locus,0,1.0,13696,3.505557396986398,1.2991412
4184,HLA-A*03:01,esm2_joint,locus,0,1.0,13696,0.0,0.69708014
4185,HLA-A*03:01,esm2_joint,locus,0,1.0,13696,3.3603753871419,0.868717
4186,HLA-A*03:01,esm2_joint,locus,0,1.0,13696,3.3603753871419,1.3225741
4187,HLA-A*03:01,esm2_joint,locus,0,1.0,13696,3.6788291182604347,0.54499865
4188,HLA-A*03:01,esm2_joint,locus,0,1.0,13696,0.09531017980432487,0.7050374
4189,HLA-A*03:01,esm2_joint,locus,0,1.0,13696,3.2308043957334744,1.3865091
4190,HLA-A*03:01,esm2_joint,locus,0,1.0,13696,1.3609765531356006,1.3504891
4191,HLA-A*03:01,esm2_joint,locus,0,1.0,13696,1.8562979903656263,1.1905894
4192,HLA-A*03:01,esm2_joint,locus,0,1.0,13696,0.8754687373538999,0.5948094
4193,HLA-A*26:01,esm2_joint,locus,0,1.0,13696,0.26236426446749106,0.7196321
4194,HLA-A*26:01,esm2_joint,locus,0,1.0,13696,0.18232155679395465,0.66480017
4195,HLA-A*26:01,esm2_joint,locus,0,1.0,13696,0.4700036292457355,0.73620445
4196,HLA-A*26:01,esm2_joint,locus,0,1.0,13696,0.33647223662121295,0.4634807
4197,HLA-A*26:01,esm2_joint,locus,0,1.0,13696,0.6418538861723948,0.39539582
4198,HLA-A*26:01,esm2_joint,locus,0,1.0,13696,2.509599262378372,0.4176662
4199,HLA-A*26:01,esm2_joint,locus,0,1.0,13696,0.7419373447293773,0.67299134
4200,HLA-A*26:01,esm2_joint,locus,0,1.0,13696,0.26236426446749106,0.63172024
4201,HLA-A*26:01,esm2_joint,locus,0,1.0,13696,0.7884573603642702,0.8066517
4202,HLA-A*26:01,esm2_joint,locus,0,1.0,13696,0.8754687373538999,0.76451457
4203,HLA-A*26:01,esm2_joint,locus,0,1.0,13696,0.0,0.60742474
4204,HLA-A*26:01,esm2_joint,locus,0,1.0,13696,0.33647223662121295,1.257956
4205,HLA-A*26:01,esm2_joint,locus,0,1.0,13696,0.26236426446749106,1.0981928
4206,HLA-A*26:01,esm2_joint,locus,0,1.0,13696,0.4700036292457355,0.21487552
4207,HLA-A*26:01,esm2_joint,locus,0,1.0,13696,0.18232155679395465,0.5926746
4208,HLA-A*26:01,esm2_joint,locus,0,1.0,13696,0.4054651081081644,1.1153829
4209,HLA-A*26:01,esm2_joint,locus,0,1.0,13696,2.128231705849268,0.29133606
4210,HLA-A*26:01,esm2_joint,locus,0,1.0,13696,2.5572273113676265,0.6701069
4211,HLA-A*26:01,esm2_joint,locus,0,1.0,13696,0.7884573603642702,0.7570027
4217,HLA-A*02:01,esm2_joint,locus,0,1.0,13696,2.2460147415056513,0.4348145
4218,HLA-A*02:01,esm2_joint,locus,0,1.0,13696,2.7047112998366956,0.559319
4219,HLA-A*02:01,esm2_joint,locus,0,1.0,13696,3.3357695763397,0.95511854
4220,HLA-A*02:01,esm2_joint,locus,0,1.0,13696,0.33647223662121295,0.99649763
4221,HLA-A*02:01,esm2_joint,locus,0,1.0,13696,2.553343811341229,0.7829664
4222,HLA-A*02:01,esm2_joint,locus,0,1.0,13696,1.8082887711792655,0.15385675
4223,HLA-A*02:01,esm2_joint,locus,0,1.0,13696,0.3852624007906449,0.14685184
4224,HLA-A*02:01,esm2_joint,locus,0,1.0,13696,0.4054651081081644,-0.1290366
4225,HLA-A*02:01,esm2_joint,locus,0,1.0,13696,0.5877866649021191,0.4986783
4226,HLA-A*02:01,esm2_joint,locus,0,1.0,13696,1.3609765531356006,0.55826414
4227,HLA-A*02:01,esm2_joint,locus,0,1.0,13696,1.0986122886681098,0.2183885
4228,HLA-A*02:01,esm2_joint,locus,0,1.0,13696,2.6026896854443837,0.5658891
4229,HLA-A*02:01,esm2_joint,locus,0,1.0,13696,0.4054651081081644,0.5351652
4230,HLA-A*02:01,esm2_joint,locus,0,1.0,13696,0.7884573603642702,0.23987353
4231,HLA-A*02:01,esm2_joint,locus,0,1.0,13696,3.520460802488973,0.83827364
4232,HLA-A*26:01,esm2_joint,locus,0,1.0,13696,0.26236426446749106,0.37711823
4233,HLA-A*26:01,esm2_joint,locus,0,1.0,13696,3.2188758248682006,0.87883687
4234,HLA-A*26:01,esm2_joint,locus,0,1.0,13696,3.1612467120315646,0.34664994
4235,HLA-A*26:01,esm2_joint,locus,0,1.0,13696,2.341805806147327,0.44064838
4236,HLA-A*26:01,esm2_joint,locus,0,1.0,13696,3.288401887516811,1.0851643
4237,HLA-A*26:01,esm2_joint,locus,0,1.0,13696,0.33647223662121295,0.36670703
4238,HLA-A*26:01,esm2_joint,locus,0,1.0,13696,1.5040773967762742,0.7156046
4239,HLA-A*26:01,esm2_joint,locus,0,1.0,13696,0.6931471805599453,1.022359
4240,HLA-A*26:01,esm2_joint,locus,0,1.0,13696,2.0794415416798357,0.99640876
4241,HLA-A*26:01,esm2_joint,locus,0,1.0,13696,3.299533727885655,0.41229987
4242,HLA-A*26:01,esm2_joint,locus,0,1.0,13696,0.4054651081081644,0.8825516
4243,HLA-A*26:01,esm2_joint,locus,0,1.0,13696,1.1939224684724346,0.84415555
4244,HLA-A*26:01,esm2_joint,locus,0,1.0,13696,0.18232155679395465,0.6991642
4260,HLA-A*24:03,esm2_joint,locus,0,1.0,13696,1.410986973710262,0.20376188
4261,HLA-A*24:03,esm2_joint,locus,0,1.0,13696,2.151762203259462,0.40575606
4262,HLA-A*24:03,esm2_joint,locus,0,1.0,13696,0.18232155679395465,0.52534235
4263,HLA-A*24:03,esm2_joint,locus,0,1.0,13696,3.7232808808312687,0.89984965
4264,HLA-A*24:03,esm2_joint,locus,0,1.0,13696,3.288401887516811,0.51798826
4265,HLA-A*24:03,esm2_joint,locus,0,1.0,13696,3.7062280924485496,0.8090451
4266,HLA-A*24:03,esm2_joint,locus,0,1.0,13696,2.6741486494265287,0.28441465
4267,HLA-A*24:03,esm2_joint,locus,0,1.0,13696,1.0647107369924282,0.38768166
4268,HLA-A*24:03,esm2_joint,locus,0,1.0,13696,2.2512917986064953,-0.084137976
4269,HLA-A*24:03,esm2_joint,locus,0,1.0,13696,2.388762789235098,0.48501375
4270,HLA-A*24:03,esm2_joint,locus,0,1.0,13696,2.990719731730447,0.43982285
4271,HLA-A*24:03,esm2_joint,locus,0,1.0,13696,0.5877866649021191,0.45282614
4272,HLA-A*24:03,esm2_joint,locus,0,1.0,13696,0.26236426446749106,0.34338576
4273,HLA-A*24:03,esm2_joint,locus,0,1.0,13696,0.6418538861723948,0.48616314
4274,HLA-A*24:03,esm2_joint,locus,0,1.0,13696,0.33647223662121295,1.0129163
4275,HLA-A*24:03,esm2_joint,locus,0,1.0,13696,1.5040773967762742,0.75913614
4276,HLA-A*24:03,esm2_joint,locus,0,1.0,13696,0.5877866649021191,0.39590245
4277,HLA-A*24:03,esm2_joint,locus,0,1.0,13696,0.4700036292457355,0.20202112
4278,HLA-A*24:03,esm2_joint,locus,0,1.0,13696,0.832909122935104,0.73879707
4279,HLA-A*24:03,esm2_joint,locus,0,1.0,13696,0.26236426446749106,0.82376325
4280,HLA-A*24:03,esm2_joint,locus,0,1.0,13696,0.4700036292457355,0.73154664
4281,HLA-A*24:03,esm2_joint,locus,0,1.0,13696,0.18232155679395465,0.6279317
4342,HLA-A*01:01,esm2_joint,locus,0,1.0,13696,2.0014800002101243,0.59751785
4343,HLA-A*01:01,esm2_joint,locus,0,1.0,13696,2.1341664413690826,0.77839965
4344,HLA-A*01:01,esm2_joint,locus,0,1.0,13696,0.9162907318741551,0.59358394
4345,HLA-A*01:01,esm2_joint,locus,0,1.0,13696,4.506454213048934,0.8023734
4346,HLA-A*01:01,esm2_joint,locus,0,1.0,13696,2.151762203259462,0.5521744
4347,HLA-A*01:01,esm2_joint,locus,0,1.0,13696,2.424802725718295,0.6972711
4348,HLA-A*01:01,esm2_joint,locus,0,1.0,13696,0.5306282510621704,1.0481296
4349,HLA-A*02:01,esm2_joint,locus,0,1.0,13696,0.6931471805599453,0.26097137
4350,HLA-A*02:01,esm2_joint,locus,0,1.0,13696,3.339321977944068,0.2060219
4351,HLA-A*02:01,esm2_joint,locus,0,1.0,13696,0.7884573603642702,0.7285665
4352,HLA-A*02:01,esm2_joint,locus,0,1.0,13696,0.8960880245566356,0.6766535
4394,HLA-A*03:01,esm2_joint,locus,0,1.0,13696,3.190476350346503,0.8543995
4395,HLA-A*03:01,esm2_joint,locus,0,1.0,13696,3.6270040503958487,1.0783648
4396,HLA-A*03:01,esm2_joint,locus,0,1.0,13696,0.4700036292457355,0.8643404
4397,HLA-A*03:01,esm2_joint,locus,0,1.0,13696,3.7999735016195233,1.4517121
4398,HLA-A*03:01,esm2_joint,locus,0,1.0,13696,1.0647107369924282,0.851172
4399,HLA-A*03:01,esm2_joint,locus,0,1.0,13696,4.291828366755733,1.3594427
4400,HLA-A*03:01,esm2_joint,locus,0,1.0,13696,1.8082887711792655,1.3923974
4401,HLA-A*03:01,esm2_joint,locus,0,1.0,13696,0.832909122935104,0.8667343
4402,HLA-A*03:01,esm2_joint,locus,0,1.0,13696,0.6418538861723948,0.90126616
4403,HLA-A*03:01,esm2_joint,locus,0,1.0,13696,0.4700036292457355,0.6948768
4437,HLA-A*11:01,esm2_joint,locus,0,1.0,13696,4.054390246715068,1.1159751
4438,HLA-A*02:11,esm2_joint,locus,0,1.0,13696,0.5877866649021191,0.94021547
4439,HLA-A*02:11,esm2_joint,locus,0,1.0,13696,0.4700036292457355,0.50856304
4440,HLA-A*02:12,esm2_joint,locus,0,1.0,13696,0.4700036292457355,0.48115087
4441,HLA-A*02:01,esm2_joint,locus,0,1.0,13696,0.37156355643248307,0.34385824
4442,HLA-A*02:01,esm2_joint,locus,0,1.0,13696,0.30010459245033805,0.71487045
4443,HLA-A*02:01,esm2_joint,locus,0,1.0,13696,0.4054651081081644,0.22457457
4444,HLA-A*11:01,esm2_joint,locus,0,1.0,13696,3.139832617527748,0.7062769
4445,HLA-A*11:01,esm2_joint,locus,0,1.0,13696,0.7884573603642702,0.8312954
4446,HLA-A*02:03,esm2_joint,locus,0,1.0,13696,1.824549292051046,0.20601624
4447,HLA-A*02:11,esm2_joint,locus,0,1.0,13696,3.2809112157876537,0.14951366
4448,HLA-A*02:12,esm2_joint,locus,0,1.0,13696,3.005682604407159,0.33814496
4449,HLA-A*02:03,esm2_joint,locus,0,1.0,13696,3.632309102625542,0.65091693
4450,HLA-A*02:11,esm2_joint,locus,0,1.0,13696,3.131136910560194,0.49793997
4451,HLA-A*02:12,esm2_joint,locus,0,1.0,13696,3.3775875160230218,0.58157206
4452,HLA-A*02:03,esm2_joint,locus,0,1.0,13696,3.6136169696133895,0.5506563
4453,HLA-A*02:11,esm2_joint,locus,0,1.0,13696,1.4586150226995167,0.5573499
4454,HLA-A*02:12,esm2_joint,locus,0,1.0,13696,2.6026896854443837,0.65152884
4455,HLA-A*01:01,esm2_joint,locus,0,1.0,13696,1.5040773967762742,0.56083024
4456,HLA-A*01:01,esm2_joint,locus,0,1.0,13696,0.5877866649021191,0.5498104
4457,HLA-A*01:01,esm2_joint,locus,0,1.0,13696,1.0647107369924282,0.527969
4458,HLA-A*80:01,esm2_joint,locus,0,1.0,13696,0.0,1.3031882
4459,HLA-A*02:03,esm2_joint,locus,0,1.0,13696,3.173878458937465,0.0687024
4460,HLA-A*02:19,esm2_joint,locus,0,1.0,13696,1.0647107369924282,0.68546706
4461,HLA-A*02:01,esm2_joint,locus,0,1.0,13696,3.077312260546414,0.5643152
4462,HLA-A*02:01,esm2_joint,locus,0,1.0,13696,2.8507065015037334,0.6595446
4463,HLA-A*02:16,esm2_joint,locus,0,1.0,13696,0.4700036292457355,0.26942724
4464,HLA-A*02:03,esm2_joint,locus,0,1.0,13696,1.3862943611198906,0.34886503
4465,HLA-A*02:19,esm2_joint,locus,0,1.0,13696,1.5686159179138452,0.37892985
4466,HLA-A*02:12,esm2_joint,locus,0,1.0,13696,0.9932517730102833,0.31924558
4467,HLA-A*02:01,esm2_joint,locus,0,1.0,13696,1.6094379124341003,0.16251886
4468,HLA-A*02:11,esm2_joint,locus,0,1.0,13696,1.1939224684724346,0.43256605
4469,HLA-A*02:01,esm2_joint,locus,0,1.0,13696,0.22314355131420976,0.2509336
4470,HLA-A*02:01,esm2_joint,locus,0,1.0,13696,2.91235066461494,0.4276743
4471,HLA-A*02:01,esm2_joint,locus,0,1.0,13696,0.5306282510621704,0.23047274
4472,HLA-A*02:16,esm2_joint,locus,0,1.0,13696,1.916922612182061,0.33268815
4473,HLA-A*02:03,esm2_joint,locus,0,1.0,13696,2.9014215940827497,0.36578923
4474,HLA-A*02:01,esm2_joint,locus,0,1.0,13696,2.2617630984737906,0.313268
4475,HLA-A*02:12,esm2_joint,locus,0,1.0,13696,2.2823823856765264,0.33084565
4476,HLA-A*02:19,esm2_joint,locus,0,1.0,13696,1.1631508098056809,0.51396453
4477,HLA-A*02:19,esm2_joint,locus,0,1.0,13696,3.6428355156125294,0.81191427
4478,HLA-A*02:01,esm2_joint,locus,0,1.0,13696,3.169685580677429,0.6727631
4479,HLA-A*02:01,esm2_joint,locus,0,1.0,13696,1.8718021769015913,0.66470206
4480,HLA-A*02:01,esm2_joint,locus,0,1.0,13696,2.624668592163159,0.41239375
4481,HLA-A*02:01,esm2_joint,locus,0,1.0,13696,0.9162907318741551,0.60075885
4482,HLA-A*02:16,esm2_joint,locus,0,1.0,13696,1.0296194171811583,0.10580647
4483,HLA-A*02:19,esm2_joint,locus,0,1.0,13696,2.8094026953624973,0.3810565
4484,HLA-A*02:12,esm2_joint,locus,0,1.0,13696,2.451005098112319,-0.005854428
4485,HLA-A*02:01,esm2_joint,locus,0,1.0,13696,2.151762203259462,0.14654273
4486,HLA-A*02:11,esm2_joint,locus,0,1.0,13696,0.7884573603642702,0.098284245
4487,HLA-A*02:01,esm2_joint,locus,0,1.0,13696,1.0986122886681098,0.22361857
4488,HLA-A*02:01,esm2_joint,locus,0,1.0,13696,3.2268439945173775,0.7946764
4489,HLA-A*31:01,esm2_joint,locus,0,1.0,13696,1.2237754316221157,1.0666002
4490,HLA-A*31:01,esm2_joint,locus,0,1.0,13696,0.5306282510621704,1.410279
4491,HLA-A*31:01,esm2_joint,locus,0,1.0,13696,0.6418538861723948,0.8789573
4492,HLA-A*31:01,esm2_joint,locus,0,1.0,13696,0.7884573603642702,0.10967851
4493,HLA-A*31:01,esm2_joint,locus,0,1.0,13696,0.26236426446749106,1.0722667
4494,HLA-A*31:01,esm2_joint,locus,0,1.0,13696,3.4242626545931514,1.4209845
4495,HLA-A*31:01,esm2_joint,locus,0,1.0,13696,4.044804116661965,0.8995841
4496,HLA-A*31:01,esm2_joint,locus,0,1.0,13696,0.6418538861723948,0.7166163
4497,HLA-A*31:01,esm2_joint,locus,0,1.0,13696,0.4700036292457355,0.82710516
4498,HLA-A*31:01,esm2_joint,locus,0,1.0,13696,0.0,1.1929655
4499,HLA-A*31:01,esm2_joint,locus,0,1.0,13696,0.0,1.3584306
4500,HLA-A*31:01,esm2_joint,locus,0,1.0,13696,0.6418538861723948,1.371682
4501,HLA-A*31:01,esm2_joint,locus,0,1.0,13696,1.1631508098056809,0.5307832
4502,HLA-A*31:01,esm2_joint,locus,0,1.0,13696,1.5040773967762742,1.0472478
4503,HLA-A*31:01,esm2_joint,locus,0,1.0,13696,1.6094379124341003,1.0485084
4504,HLA-A*31:01,esm2_joint,locus,0,1.0,13696,2.4849066497880004,0.8172107
4505,HLA-A*31:01,esm2_joint,locus,0,1.0,13696,3.9435216724875173,0.8302436
4506,HLA-A*31:01,esm2_joint,locus,0,1.0,13696,3.4011973816621555,0.5264276
4507,HLA-A*31:01,esm2_joint,locus,0,1.0,13696,1.6094379124341003,0.81613475
4508,HLA-A*31:01,esm2_joint,locus,0,1.0,13696,1.6094379124341003,0.909727
4509,HLA-A*31:01,esm2_joint,locus,0,1.0,13696,0.9932517730102833,1.2942204
4510,HLA-A*31:01,esm2_joint,locus,0,1.0,13696,2.8735646395797834,1.3192542
4511,HLA-A*31:01,esm2_joint,locus,0,1.0,13696,2.624668592163159,0.88525045
4512,HLA-A*31:01,esm2_joint,locus,0,1.0,13696,2.4765384001174837,1.3966342
4513,HLA-A*31:01,esm2_joint,locus,0,1.0,13696,1.0296194171811583,1.3430972
4514,HLA-A*31:01,esm2_joint,locus,0,1.0,13696,0.5306282510621704,1.72525
4515,HLA-A*31:01,esm2_joint,locus,0,1.0,13696,0.4054651081081644,1.0834414
4516,HLA-A*31:01,esm2_joint,locus,0,1.0,13696,2.451005098112319,1.2048794
4517,HLA-A*31:01,esm2_joint,locus,0,1.0,13696,0.9932517730102833,1.1187469
4518,HLA-A*31:01,esm2_joint,locus,0,1.0,13696,0.26236426446749106,1.053556
4519,HLA-A*31:01,esm2_joint,locus,0,1.0,13696,0.5877866649021191,1.2125973
4520,HLA-A*31:01,esm2_joint,locus,0,1.0,13696,0.0,0.65748715
4521,HLA-A*31:01,esm2_joint,locus,0,1.0,13696,3.3032169733019514,0.7167929
4522,HLA-A*31:01,esm2_joint,locus,0,1.0,13696,0.6931471805599453,1.032377
4523,HLA-A*31:01,esm2_joint,locus,0,1.0,13696,0.4054651081081644,0.7378708
4524,HLA-A*31:01,esm2_joint,locus,0,1.0,13696,2.6026896854443837,0.7194629
4525,HLA-A*31:01,esm2_joint,locus,0,1.0,13696,0.9932517730102833,0.38849896
4526,HLA-A*31:01,esm2_joint,locus,0,1.0,13696,2.128231705849268,0.81406605
4527,HLA-A*31:01,esm2_joint,locus,0,1.0,13696,1.6863989535702288,0.7214824
4528,HLA-A*31:01,esm2_joint,locus,0,1.0,13696,0.0,0.56564415
4529,HLA-A*31:01,esm2_joint,locus,0,1.0,13696,4.96563792816552,0.96399117
4530,HLA-A*31:01,esm2_joint,locus,0,1.0,13696,2.2925347571405443,0.71933854
4531,HLA-A*31:01,esm2_joint,locus,0,1.0,13696,1.33500106673234,0.6058967
4532,HLA-A*31:01,esm2_joint,locus,0,1.0,13696,0.4700036292457355,1.0128083
4533,HLA-A*02:01,esm2_joint,locus,0,1.0,13696,0.6418538861723948,0.23119205
4534,HLA-A*02:01,esm2_joint,locus,0,1.0,13696,0.7419373447293773,-0.17565197
4535,HLA-A*31:01,esm2_joint,locus,0,1.0,13696,0.6418538861723948,0.97086143
4536,HLA-A*31:01,esm2_joint,locus,0,1.0,13696,3.1654750481410856,0.9213842
4537,HLA-A*31:01,esm2_joint,locus,0,1.0,13696,0.832909122935104,1.1342263
4538,HLA-A*31:01,esm2_joint,locus,0,1.0,13696,5.551796117658319,1.1541394
4539,HLA-A*02:01,esm2_joint,locus,0,1.0,13696,1.6956156086751528,-0.092104256
4540,HLA-A*02:01,esm2_joint,locus,0,1.0,13696,3.3551534431607486,0.20848924
4541,HLA-A*02:01,esm2_joint,locus,0,1.0,13696,0.0,0.49531788
4542,HLA-A*31:01,esm2_joint,locus,0,1.0,13696,1.2237754316221157,1.2548205
4543,HLA-A*31:01,esm2_joint,locus,0,1.0,13696,3.32862668882732,0.85512435
4544,HLA-A*31:01,esm2_joint,locus,0,1.0,13696,3.753027273937688,0.9864523
4545,HLA-A*31:01,esm2_joint,locus,0,1.0,13696,1.0647107369924282,0.565676
4546,HLA-A*31:01,esm2_joint,locus,0,1.0,13696,0.5306282510621704,0.8331757
4547,HLA-A*31:01,esm2_joint,locus,0,1.0,13696,4.020877410340228,0.49828354
4548,HLA-A*02:01,esm2_joint,locus,0,1.0,13696,2.4595888418037104,0.24341244
4549,HLA-A*02:01,esm2_joint,locus,0,1.0,13696,2.580216829592325,0.4936086
4550,HLA-A*02:01,esm2_joint,locus,0,1.0,13696,0.4700036292457355,0.7567993
4551,HLA-A*31:01,esm2_joint,locus,0,1.0,13696,2.0149030205422647,1.4002638
4552,HLA-A*31:01,esm2_joint,locus,0,1.0,13696,0.5877866649021191,1.7106965
4553,HLA-A*31:01,esm2_joint,locus,0,1.0,13696,1.916922612182061,1.2273278
4554,HLA-A*02:01,esm2_joint,locus,0,1.0,13696,3.0204248861443626,0.47024405
4555,HLA-A*02:01,esm2_joint,locus,0,1.0,13696,3.1945831322991562,0.35803235
4556,HLA-A*02:01,esm2_joint,locus,0,1.0,13696,1.1314021114911006,0.5708256
4557,HLA-A*03:01,esm2_joint,locus,0,1.0,13696,0.0,0.66894364
4567,HLA-A*26:01,esm2_joint,locus,0,1.0,13696,2.33214389523559,0.4951453
4568,HLA-A*26:01,esm2_joint,locus,0,1.0,13696,0.7419373447293773,0.35949475
4569,HLA-A*26:01,esm2_joint,locus,0,1.0,13696,0.4054651081081644,0.40222663
4570,HLA-A*26:01,esm2_joint,locus,0,1.0,13696,2.0541237336955462,0.44230747
4571,HLA-A*26:01,esm2_joint,locus,0,1.0,13696,2.2925347571405443,0.69167656
4572,HLA-A*26:01,esm2_joint,locus,0,1.0,13696,2.4765384001174837,0.7999368
4573,HLA-A*26:01,esm2_joint,locus,0,1.0,13696,1.8870696490323797,0.5155616
4574,HLA-A*26:01,esm2_joint,locus,0,1.0,13696,1.7404661748405046,0.245597
4575,HLA-A*26:01,esm2_joint,locus,0,1.0,13696,0.26236426446749106,0.41438502
4578,HLA-A*02:01,esm2_joint,locus,0,1.0,13696,2.995732273553991,0.19844407
4579,HLA-A*02:01,esm2_joint,locus,0,1.0,13696,1.0647107369924282,0.036029637
4594,HLA-A*02:01,esm2_joint,locus,0,1.0,13696,2.4849066497880004,0.72035825
4595,HLA-A*02:01,esm2_joint,locus,0,1.0,13696,2.6946271807700692,0.73772377
4596,HLA-A*02:01,esm2_joint,locus,0,1.0,13696,3.417726683613366,0.41372305
4597,HLA-A*02:01,esm2_joint,locus,0,1.0,13696,3.3877743613300146,0.21189743
4598,HLA-A*02:01,esm2_joint,locus,0,1.0,13696,1.9459101490553132,-0.13918382
4599,HLA-A*02:01,esm2_joint,locus,0,1.0,13696,3.380994674344636,0.5624243
4600,HLA-A*02:01,esm2_joint,locus,0,1.0,13696,3.2733640101522705,0.77389884
4601,HLA-A*02:01,esm2_joint,locus,0,1.0,13696,1.3609765531356006,0.38368624
4602,HLA-A*03:01,esm2_joint,locus,0,1.0,13696,1.589235205116581,1.1804355
4603,HLA-A*03:01,esm2_joint,locus,0,1.0,13696,2.174751721484161,1.179653
4604,HLA-A*03:01,esm2_joint,locus,0,1.0,13696,0.4054651081081644,1.2031313
4605,HLA-A*03:01,esm2_joint,locus,0,1.0,13696,0.7884573603642702,0.6413029
4606,HLA-A*03:01,esm2_joint,locus,0,1.0,13696,0.18232155679395465,0.7825453
4607,HLA-A*03:01,esm2_joint,locus,0,1.0,13696,1.840549633397487,0.99823445
4608,HLA-A*03:01,esm2_joint,locus,0,1.0,13696,1.3862943611198906,0.9162766
4609,HLA-A*03:01,esm2_joint,locus,0,1.0,13696,0.6418538861723948,0.37871057
4610,HLA-A*03:01,esm2_joint,locus,0,1.0,13696,0.7884573603642702,1.2639523
4611,HLA-A*03:01,esm2_joint,locus,0,1.0,13696,0.5306282510621704,1.0642743
4612,HLA-A*03:01,esm2_joint,locus,0,1.0,13696,2.4069451083182885,0.8622639
4643,HLA-A*26:01,esm2_joint,locus,0,1.0,13696,2.1633230256605382,0.830387
4644,HLA-A*26:01,esm2_joint,locus,0,1.0,13696,1.3862943611198906,0.7148026
4712,HLA-A*01:01,esm2_joint,locus,0,1.0,13696,0.33647223662121295,1.013966
4713,HLA-A*01:01,esm2_joint,locus,0,1.0,13696,0.7419373447293773,0.7331529
4714,HLA-A*01:01,esm2_joint,locus,0,1.0,13696,2.72785282839839,0.5767009
4715,HLA-A*01:01,esm2_joint,locus,0,1.0,13696,0.7884573603642702,1.3001946
4716,HLA-A*01:01,esm2_joint,locus,0,1.0,13696,0.30010459245033805,0.50865984
4717,HLA-A*01:01,esm2_joint,locus,0,1.0,13696,0.22314355131420976,0.34418517
4718,HLA-A*01:01,esm2_joint,locus,0,1.0,13696,0.8754687373538999,0.9175844
4719,HLA-A*01:01,esm2_joint,locus,0,1.0,13696,0.0,0.4700142
4720,HLA-A*01:01,esm2_joint,locus,0,1.0,13696,1.6863989535702288,0.58910745
4721,HLA-A*01:01,esm2_joint,locus,0,1.0,13696,0.0,0.8346145
4722,HLA-A*01:01,esm2_joint,locus,0,1.0,13696,0.9932517730102833,-0.046581328
4723,HLA-A*01:01,esm2_joint,locus,0,1.0,13696,0.0,0.9708613
4724,HLA-A*01:01,esm2_joint,locus,0,1.0,13696,0.0,0.43358797
4725,HLA-A*01:01,esm2_joint,locus,0,1.0,13696,0.13976194237515868,0.64666235
4726,HLA-A*01:01,esm2_joint,locus,0,1.0,13696,0.0,0.5255166
4727,HLA-A*01:01,esm2_joint,locus,0,1.0,13696,0.0,0.48554534
4728,HLA-A*01:01,esm2_joint,locus,0,1.0,13696,0.0,0.3204407
4729,HLA-A*01:01,esm2_joint,locus,0,1.0,13696,0.5306282510621704,0.43052143
4730,HLA-A*01:01,esm2_joint,locus,0,1.0,13696,0.5306282510621704,0.8298921
4731,HLA-A*02:01,esm2_joint,locus,0,1.0,13696,0.09531017980432487,0.32244915
4732,HLA-A*02:01,esm2_joint,locus,0,1.0,13696,1.0647107369924282,0.85762084
4733,HLA-A*02:01,esm2_joint,locus,0,1.0,13696,2.4069451083182885,0.29934067
4734,HLA-A*02:01,esm2_joint,locus,0,1.0,13696,1.2809338454620642,0.7515893
4735,HLA-A*02:01,esm2_joint,locus,0,1.0,13696,1.5686159179138452,0.133766
4736,HLA-A*02:01,esm2_joint,locus,0,1.0,13696,2.2512917986064953,0.30797285
4737,HLA-A*02:01,esm2_joint,locus,0,1.0,13696,1.2947271675944,0.50534475
4738,HLA-A*02:01,esm2_joint,locus,0,1.0,13696,2.5952547069568657,0.52691424
4739,HLA-A*02:01,esm2_joint,locus,0,1.0,13696,1.410986973710262,0.555459
4740,HLA-A*02:01,esm2_joint,locus,0,1.0,13696,2.0476928433652555,0.3740725
4741,HLA-A*02:01,esm2_joint,locus,0,1.0,13696,0.6418538861723948,0.3423819
4742,HLA-A*02:01,esm2_joint,locus,0,1.0,13696,0.18232155679395465,0.64676857
4743,HLA-A*02:01,esm2_joint,locus,0,1.0,13696,2.803360380906535,0.063079536
4744,HLA-A*02:01,esm2_joint,locus,0,1.0,13696,1.0986122886681098,0.6461646
4745,HLA-A*02:01,esm2_joint,locus,0,1.0,13696,1.0818051703517284,0.019946516
4746,HLA-A*02:01,esm2_joint,locus,0,1.0,13696,1.7578579175523736,0.34409678
4747,HLA-A*02:01,esm2_joint,locus,0,1.0,13696,2.2460147415056513,0.39403123
4748,HLA-A*02:01,esm2_joint,locus,0,1.0,13696,1.1314021114911006,0.5720111
4749,HLA-A*02:01,esm2_joint,locus,0,1.0,13696,2.691243082785829,-0.053706825
4750,HLA-A*02:01,esm2_joint,locus,0,1.0,13696,2.2512917986064953,0.5835388
4751,HLA-A*02:01,esm2_joint,locus,0,1.0,13696,0.5877866649021191,1.0704168
4757,HLA-A*31:01,esm2_joint,locus,0,1.0,13696,2.995732273553991,1.1345205
4759,HLA-A*23:01,esm2_joint,locus,0,1.0,13696,2.70805020110221,0.09419471
4760,HLA-A*23:01,esm2_joint,locus,0,1.0,13696,2.0918640616783932,0.19128841
4761,HLA-A*23:01,esm2_joint,locus,0,1.0,13696,2.884800712846709,0.57974684
4762,HLA-A*23:01,esm2_joint,locus,0,1.0,13696,2.747270914255491,0.8386882
4763,HLA-A*23:01,esm2_joint,locus,0,1.0,13696,0.9932517730102833,1.1883084
4764,HLA-A*23:01,esm2_joint,locus,0,1.0,13696,0.4700036292457355,0.68144405
4765,HLA-A*23:01,esm2_joint,locus,0,1.0,13696,3.039749158970765,0.5319726
4766,HLA-A*23:01,esm2_joint,locus,0,1.0,13696,2.9601050959108397,1.0602765
4767,HLA-A*23:01,esm2_joint,locus,0,1.0,13696,0.4054651081081644,0.82133305
4768,HLA-A*23:01,esm2_joint,locus,0,1.0,13696,2.5877640352277083,0.6510983
4773,HLA-A*26:01,esm2_joint,locus,0,1.0,13696,0.18232155679395465,0.661454
4774,HLA-A*26:01,esm2_joint,locus,0,1.0,13696,0.09531017980432487,0.78772575
4775,HLA-A*26:01,esm2_joint,locus,0,1.0,13696,0.18232155679395465,0.8718991
4776,HLA-A*26:01,esm2_joint,locus,0,1.0,13696,0.5877866649021191,0.876275
4777,HLA-A*26:01,esm2_joint,locus,0,1.0,13696,0.18232155679395465,0.5562983
4778,HLA-A*26:01,esm2_joint,locus,0,1.0,13696,0.18232155679395465,1.0886264
4779,HLA-A*26:01,esm2_joint,locus,0,1.0,13696,0.832909122935104,0.7121326
4780,HLA-A*26:01,esm2_joint,locus,0,1.0,13696,1.0986122886681098,0.70450467
4781,HLA-A*26:01,esm2_joint,locus,0,1.0,13696,2.533696813957432,0.5548996
4782,HLA-A*26:01,esm2_joint,locus,0,1.0,13696,2.1400661634962708,0.2706356
4783,HLA-A*26:01,esm2_joint,locus,0,1.0,13696,0.5877866649021191,0.5877819
4784,HLA-A*26:01,esm2_joint,locus,0,1.0,13696,0.18232155679395465,0.8264481
4785,HLA-A*26:01,esm2_joint,locus,0,1.0,13696,1.7578579175523736,1.0907631
4786,HLA-A*26:01,esm2_joint,locus,0,1.0,13696,0.09531017980432487,0.5322633
4787,HLA-A*26:01,esm2_joint,locus,0,1.0,13696,1.308332819650179,0.38838363
4812,HLA-A*80:01,esm2_joint,locus,0,1.0,13696,0.18232155679395465,0.8442921
4813,HLA-A*80:01,esm2_joint,locus,0,1.0,13696,0.0,0.461578
4814,HLA-A*80:01,esm2_joint,locus,0,1.0,13696,0.4700036292457355,0.69728875
4815,HLA-A*80:01,esm2_joint,locus,0,1.0,13696,0.26236426446749106,0.905129
4816,HLA-A*80:01,esm2_joint,locus,0,1.0,13696,0.09531017980432487,0.8847424
4879,HLA-A*02:01,esm2_joint,locus,0,1.0,13696,0.26236426446749106,-0.14263171
4880,HLA-A*02:01,esm2_joint,locus,0,1.0,13696,0.4054651081081644,0.6651107
4881,HLA-A*02:01,esm2_joint,locus,0,1.0,13696,0.18232155679395465,0.44322938
4882,HLA-A*02:01,esm2_joint,locus,0,1.0,13696,0.5306282510621704,0.04404682
4883,HLA-A*02:01,esm2_joint,locus,0,1.0,13696,0.4054651081081644,0.9644127
4884,HLA-A*02:01,esm2_joint,locus,0,1.0,13696,0.4700036292457355,1.0193901
4924,HLA-A*30:01,esm2_joint,locus,0,1.0,13696,0.33647223662121295,0.35248983
4925,HLA-A*30:01,esm2_joint,locus,0,1.0,13696,2.312535423847214,0.43287784
4926,HLA-A*30:01,esm2_joint,locus,0,1.0,13696,3.9318256327243257,0.33065426
4927,HLA-A*11:01,esm2_joint,locus,0,1.0,13696,3.3775875160230218,1.0755785
4928,HLA-A*11:01,esm2_joint,locus,0,1.0,13696,3.9889840465642745,0.47941783
4929,HLA-A*11:01,esm2_joint,locus,0,1.0,13696,2.580216829592325,1.1438503
4930,HLA-A*11:01,esm2_joint,locus,0,1.0,13696,0.26236426446749106,0.94811594
4931,HLA-A*11:01,esm2_joint,locus,0,1.0,13696,1.1631508098056809,0.75756526
4932,HLA-A*11:01,esm2_joint,locus,0,1.0,13696,0.0,0.69619286
4933,HLA-A*11:01,esm2_joint,locus,0,1.0,13696,2.174751721484161,1.0883806
4934,HLA-A*11:01,esm2_joint,locus,0,1.0,13696,1.410986973710262,0.8342047
4935,HLA-A*11:01,esm2_joint,locus,0,1.0,13696,0.33647223662121295,0.6778648
4936,HLA-A*11:01,esm2_joint,locus,0,1.0,13696,3.4111477125153233,1.0878587
4937,HLA-A*11:01,esm2_joint,locus,0,1.0,13696,0.5306282510621704,1.1177267
4938,HLA-A*11:01,esm2_joint,locus,0,1.0,13696,0.26236426446749106,0.830809
4939,HLA-A*11:01,esm2_joint,locus,0,1.0,13696,0.18232155679395465,0.6022904
4940,HLA-A*11:01,esm2_joint,locus,0,1.0,13696,0.0,1.2182517
4941,HLA-A*11:01,esm2_joint,locus,0,1.0,13696,0.7884573603642702,0.082128584
4942,HLA-A*11:01,esm2_joint,locus,0,1.0,13696,1.1939224684724346,0.73880947
4943,HLA-A*11:01,esm2_joint,locus,0,1.0,13696,0.09531017980432487,1.2524614
4944,HLA-A*11:01,esm2_joint,locus,0,1.0,13696,0.4700036292457355,0.38253433
4945,HLA-A*11:01,esm2_joint,locus,0,1.0,13696,0.0,1.0775898
4946,HLA-A*23:01,esm2_joint,locus,0,1.0,13696,2.631888840136646,1.2556441
4947,HLA-A*23:01,esm2_joint,locus,0,1.0,13696,1.62924053973028,0.3460781
4954,HLA-A*02:16,esm2_joint,locus,0,1.0,13696,3.4307561839036995,0.4575712
4955,HLA-A*02:16,esm2_joint,locus,0,1.0,13696,2.975529566236472,0.28964978
4956,HLA-A*01:01,esm2_joint,locus,0,1.0,13696,0.0,0.52743125
4957,HLA-A*26:01,esm2_joint,locus,0,1.0,13696,0.4054651081081644,0.35746342
4958,HLA-A*01:01,esm2_joint,locus,0,1.0,13696,1.8082887711792655,0.8499787
4959,HLA-A*26:01,esm2_joint,locus,0,1.0,13696,0.0,0.45769918
4960,HLA-A*26:01,esm2_joint,locus,0,1.0,13696,0.18232155679395465,0.8069589
4961,HLA-A*26:01,esm2_joint,locus,0,1.0,13696,2.468099531471619,0.62785363
4962,HLA-A*26:01,esm2_joint,locus,0,1.0,13696,0.9555114450274363,0.6205558
4964,HLA-A*24:03,esm2_joint,locus,0,1.0,13696,0.18232155679395465,0.7035141
4966,HLA-A*03:01,esm2_joint,locus,0,1.0,13696,1.7749523509116738,0.84633416
4967,HLA-A*03:01,esm2_joint,locus,0,1.0,13696,3.3105430133940246,0.86540353
4968,HLA-A*03:01,esm2_joint,locus,0,1.0,13696,4.278054044290903,1.0327302
4969,HLA-A*03:01,esm2_joint,locus,0,1.0,13696,0.0,0.7950209
4981,HLA-A*01:01,esm2_joint,locus,0,1.0,13696,0.5306282510621704,0.2414301
4982,HLA-A*01:01,esm2_joint,locus,0,1.0,13696,0.4700036292457355,0.15928859
4983,HLA-A*01:01,esm2_joint,locus,0,1.0,13696,1.1631508098056809,0.9786089
4984,HLA-A*01:01,esm2_joint,locus,0,1.0,13696,0.18232155679395465,0.48439735
4985,HLA-A*01:01,esm2_joint,locus,0,1.0,13696,0.4700036292457355,0.6021434
4986,HLA-A*01:01,esm2_joint,locus,0,1.0,13696,2.760009940032921,1.0634093
4987,HLA-A*01:01,esm2_joint,locus,0,1.0,13696,3.6189933266497696,0.61428297
4988,HLA-A*01:01,esm2_joint,locus,0,1.0,13696,0.18232155679395465,1.4585924
4989,HLA-A*01:01,esm2_joint,locus,0,1.0,13696,1.6094379124341003,1.2875645
4990,HLA-A*01:01,esm2_joint,locus,0,1.0,13696,0.18232155679395465,0.65445733
4991,HLA-A*01:01,esm2_joint,locus,0,1.0,13696,0.18232155679395465,0.9219206
4992,HLA-A*26:01,esm2_joint,locus,0,1.0,13696,2.451005098112319,0.90586615
4993,HLA-A*26:01,esm2_joint,locus,0,1.0,13696,0.0,0.78910303
4994,HLA-A*26:01,esm2_joint,locus,0,1.0,13696,0.26236426446749106,0.29695797
4995,HLA-A*26:01,esm2_joint,locus,0,1.0,13696,0.832909122935104,0.8424971
4996,HLA-A*26:01,esm2_joint,locus,0,1.0,13696,1.5260563034950494,0.104147434
5016,HLA-A*02:01,esm2_joint,locus,0,1.0,13696,0.7419373447293773,-0.0548777
5017,HLA-A*02:01,esm2_joint,locus,0,1.0,13696,0.8754687373538999,0.2905079
5018,HLA-A*02:01,esm2_joint,locus,0,1.0,13696,2.7212954278522306,0.22464955
5019,HLA-A*24:03,esm2_joint,locus,0,1.0,13696,3.0007198150650303,0.25413245
5020,HLA-A*24:03,esm2_joint,locus,0,1.0,13696,0.832909122935104,0.4453321
5021,HLA-A*24:03,esm2_joint,locus,0,1.0,13696,1.667706820558076,0.3452769
5022,HLA-A*24:03,esm2_joint,locus,0,1.0,13696,0.4054651081081644,0.26861823
5023,HLA-A*24:03,esm2_joint,locus,0,1.0,13696,2.174751721484161,0.37086707
5024,HLA-A*24:03,esm2_joint,locus,0,1.0,13696,0.6931471805599453,0.6895454
5025,HLA-A*24:03,esm2_joint,locus,0,1.0,13696,1.5260563034950494,0.09100056
5026,HLA-A*24:03,esm2_joint,locus,0,1.0,13696,3.339321977944068,0.5900451
5027,HLA-A*24:03,esm2_joint,locus,0,1.0,13696,2.990719731730447,0.62672395
5028,HLA-A*24:03,esm2_joint,locus,0,1.0,13696,2.174751721484161,0.40882158
5029,HLA-A*24:03,esm2_joint,locus,0,1.0,13696,0.832909122935104,1.0755328
5030,HLA-A*24:03,esm2_joint,locus,0,1.0,13696,0.5306282510621704,0.5434375
5031,HLA-A*24:03,esm2_joint,locus,0,1.0,13696,1.7578579175523736,0.4691711
5032,HLA-A*24:03,esm2_joint,locus,0,1.0,13696,1.9878743481543455,-0.031339347
5033,HLA-A*24:03,esm2_joint,locus,0,1.0,13696,2.2082744135228043,0.9014613
5034,HLA-A*24:03,esm2_joint,locus,0,1.0,13696,2.8390784635086144,0.822832
5035,HLA-A*24:03,esm2_joint,locus,0,1.0,13696,1.252762968495368,0.76093256
5036,HLA-A*24:03,esm2_joint,locus,0,1.0,13696,2.2300144001592104,0.6026428
5037,HLA-A*24:03,esm2_joint,locus,0,1.0,13696,0.6931471805599453,0.3538941
5038,HLA-A*24:03,esm2_joint,locus,0,1.0,13696,0.26236426446749106,0.5963835
5039,HLA-A*24:03,esm2_joint,locus,0,1.0,13696,0.6931471805599453,0.08187479
5040,HLA-A*24:03,esm2_joint,locus,0,1.0,13696,0.33647223662121295,0.9143369
5041,HLA-A*24:03,esm2_joint,locus,0,1.0,13696,0.5877866649021191,0.1472544
5042,HLA-A*24:03,esm2_joint,locus,0,1.0,13696,3.9815490680767565,0.6674999
5043,HLA-A*24:03,esm2_joint,locus,0,1.0,13696,3.653252276470785,0.18191254
5044,HLA-A*24:03,esm2_joint,locus,0,1.0,13696,3.6270040503958487,0.72531444
5045,HLA-A*24:03,esm2_joint,locus,0,1.0,13696,2.4595888418037104,0.6653911
5046,HLA-A*24:03,esm2_joint,locus,0,1.0,13696,0.4054651081081644,0.17782253
5047,HLA-A*24:03,esm2_joint,locus,0,1.0,13696,1.8718021769015913,0.18327326
5048,HLA-A*24:03,esm2_joint,locus,0,1.0,13696,0.8754687373538999,0.5343822
5049,HLA-A*24:03,esm2_joint,locus,0,1.0,13696,3.86702563949741,0.8115136
5050,HLA-A*24:03,esm2_joint,locus,0,1.0,13696,3.5380565643793527,0.5189067
5051,HLA-A*24:03,esm2_joint,locus,0,1.0,13696,0.4700036292457355,0.57125485
5052,HLA-A*24:03,esm2_joint,locus,0,1.0,13696,0.7419373447293773,0.19912142
5053,HLA-A*24:03,esm2_joint,locus,0,1.0,13696,0.4700036292457355,0.31795067
5054,HLA-A*24:03,esm2_joint,locus,0,1.0,13696,1.589235205116581,0.7456701
5055,HLA-A*24:03,esm2_joint,locus,0,1.0,13696,1.308332819650179,0.28092253
5056,HLA-A*24:03,esm2_joint,locus,0,1.0,13696,0.18232155679395465,0.4719473
5057,HLA-A*24:03,esm2_joint,locus,0,1.0,13696,0.5306282510621704,0.16947669
5058,HLA-A*24:03,esm2_joint,locus,0,1.0,13696,0.4054651081081644,0.13740414
5059,HLA-A*24:03,esm2_joint,locus,0,1.0,13696,1.0986122886681098,1.7349341
5066,HLA-A*02:01,esm2_joint,locus,0,1.0,13696,3.730501128804756,0.74184245
5074,HLA-A*29:02,esm2_joint,locus,0,1.0,13696,3.1945831322991562,1.1557233
5075,HLA-A*29:02,esm2_joint,locus,0,1.0,13696,2.6946271807700692,0.94142365
5076,HLA-A*29:02,esm2_joint,locus,0,1.0,13696,1.4350845252893227,1.1840053
5077,HLA-A*29:02,esm2_joint,locus,0,1.0,13696,2.8791984572980396,0.8121355
5078,HLA-A*29:02,esm2_joint,locus,0,1.0,13696,2.8678989020441064,1.0270534
5079,HLA-A*29:02,esm2_joint,locus,0,1.0,13696,1.5260563034950494,0.8368461
5080,HLA-A*02:11,esm2_joint,locus,0,1.0,13696,2.6878474937846906,0.74668133
5081,HLA-A*02:11,esm2_joint,locus,0,1.0,13696,3.4965075614664802,0.57278275
5082,HLA-A*02:11,esm2_joint,locus,0,1.0,13696,0.9932517730102833,0.30499738
5083,HLA-A*02:11,esm2_joint,locus,0,1.0,13696,2.3608540011180215,0.8723975
5084,HLA-A*02:11,esm2_joint,locus,0,1.0,13696,3.6938669956249757,1.3581175
5085,HLA-A*02:11,esm2_joint,locus,0,1.0,13696,2.7536607123542622,0.92379105
5086,HLA-A*02:11,esm2_joint,locus,0,1.0,13696,0.6418538861723948,0.68864137
5087,HLA-A*02:11,esm2_joint,locus,0,1.0,13696,2.785011242238338,0.23220545
5088,HLA-A*25:01,esm2_joint,locus,0,1.0,13696,0.0,0.51046234
5089,HLA-A*25:01,esm2_joint,locus,0,1.0,13696,0.0,0.43274754
5090,HLA-A*25:01,esm2_joint,locus,0,1.0,13696,0.0,0.71609503
5091,HLA-A*25:01,esm2_joint,locus,0,1.0,13696,0.0,0.62017035
5092,HLA-A*25:01,esm2_joint,locus,0,1.0,13696,0.0,0.040920317
5093,HLA-A*25:01,esm2_joint,locus,0,1.0,13696,0.0,0.38723606
5094,HLA-A*25:01,esm2_joint,locus,0,1.0,13696,0.0,0.5150516
5096,HLA-A*80:01,esm2_joint,locus,0,1.0,13696,0.18232155679395465,0.6420418
5097,HLA-A*80:01,esm2_joint,locus,0,1.0,13696,0.0,0.7615278
5098,HLA-A*80:01,esm2_joint,locus,0,1.0,13696,0.18232155679395465,1.2102667
5099,HLA-A*80:01,esm2_joint,locus,0,1.0,13696,0.0,0.9188055
5100,HLA-A*80:01,esm2_joint,locus,0,1.0,13696,0.0,0.735803
5101,HLA-A*80:01,esm2_joint,locus,0,1.0,13696,0.18232155679395465,1.0188628
5102,HLA-A*80:01,esm2_joint,locus,0,1.0,13696,0.33647223662121295,0.5872151
5103,HLA-A*80:01,esm2_joint,locus,0,1.0,13696,0.0,0.59968877
5104,HLA-A*80:01,esm2_joint,locus,0,1.0,13696,0.0,0.122386396
5105,HLA-A*80:01,esm2_joint,locus,0,1.0,13696,0.0,0.8624125
5106,HLA-A*80:01,esm2_joint,locus,0,1.0,13696,0.0,0.5082309
5107,HLA-A*80:01,esm2_joint,locus,0,1.0,13696,0.0,0.68751776
5108,HLA-A*80:01,esm2_joint,locus,0,1.0,13696,0.26236426446749106,1.3115978
5109,HLA-A*02:01,esm2_joint,locus,0,1.0,13696,0.5306282510621704,0.33970028
5110,HLA-A*02:01,esm2_joint,locus,0,1.0,13696,2.8507065015037334,0.6386849
5111,HLA-A*02:01,esm2_joint,locus,0,1.0,13696,2.6602595372658615,0.37068802
5112,HLA-A*02:01,esm2_joint,locus,0,1.0,13696,0.18232155679395465,0.11264545
5113,HLA-A*02:01,esm2_joint,locus,0,1.0,13696,1.0647107369924282,0.1337583
5114,HLA-A*02:01,esm2_joint,locus,0,1.0,13696,1.1474024528375417,0.743611
5115,HLA-A*02:01,esm2_joint,locus,0,1.0,13696,2.256541154492639,0.24793518
5116,HLA-A*80:01,esm2_joint,locus,0,1.0,13696,0.18232155679395465,0.5523559
5117,HLA-A*80:01,esm2_joint,locus,0,1.0,13696,1.1631508098056809,0.93464077
5118,HLA-A*02:12,esm2_joint,locus,0,1.0,13696,0.7884573603642702,0.3238262
5119,HLA-A*02:12,esm2_joint,locus,0,1.0,13696,1.9315214116032138,0.14644402
5123,HLA-A*25:01,esm2_joint,locus,0,1.0,13696,1.1314021114911006,0.87323517
5124,HLA-A*25:01,esm2_joint,locus,0,1.0,13696,4.412798293340635,0.24091834
5125,HLA-A*25:01,esm2_joint,locus,0,1.0,13696,3.269568939183719,0.1451562
5126,HLA-A*25:01,esm2_joint,locus,0,1.0,13696,0.18232155679395465,0.5086796
5127,HLA-A*25:01,esm2_joint,locus,0,1.0,13696,0.8754687373538999,0.46284848
5128,HLA-A*25:01,esm2_joint,locus,0,1.0,13696,3.095577608523707,0.15475339
5129,HLA-A*25:01,esm2_joint,locus,0,1.0,13696,0.0,0.5481405
5130,HLA-A*25:01,esm2_joint,locus,0,1.0,13696,1.9315214116032138,0.034773648
5131,HLA-A*25:01,esm2_joint,locus,0,1.0,13696,0.26236426446749106,0.6934752
5132,HLA-A*25:01,esm2_joint,locus,0,1.0,13696,0.6418538861723948,1.0523554
5133,HLA-A*25:01,esm2_joint,locus,0,1.0,13696,0.18232155679395465,0.64229983
5134,HLA-A*25:01,esm2_joint,locus,0,1.0,13696,0.4054651081081644,0.58501494
5135,HLA-A*25:01,esm2_joint,locus,0,1.0,13696,0.33647223662121295,0.5288066
5136,HLA-A*25:01,esm2_joint,locus,0,1.0,13696,0.4054651081081644,0.57372373
5137,HLA-A*25:01,esm2_joint,locus,0,1.0,13696,3.9926809084456005,0.30652303
5138,HLA-A*25:01,esm2_joint,locus,0,1.0,13696,2.0149030205422647,0.21465218
5139,HLA-A*25:01,esm2_joint,locus,0,1.0,13696,3.1179499062782403,0.6755138
5140,HLA-A*25:01,esm2_joint,locus,0,1.0,13696,2.791165107812717,0.15239173
5141,HLA-A*25:01,esm2_joint,locus,0,1.0,13696,3.648057459593681,0.38402075
5142,HLA-A*25:01,esm2_joint,locus,0,1.0,13696,3.9396381724611196,0.35914475
5143,HLA-A*25:01,esm2_joint,locus,0,1.0,13696,0.6931471805599453,0.4033612
5144,HLA-A*25:01,esm2_joint,locus,0,1.0,13696,0.4054651081081644,0.45862716
5145,HLA-A*25:01,esm2_joint,locus,0,1.0,13696,0.0,0.32290578
5146,HLA-A*25:01,esm2_joint,locus,0,1.0,13696,0.6418538861723948,0.25618428
5147,HLA-A*25:01,esm2_joint,locus,0,1.0,13696,1.8870696490323797,0.45950747
5148,HLA-A*25:01,esm2_joint,locus,0,1.0,13696,1.6486586255873816,0.15128702
5149,HLA-A*25:01,esm2_joint,locus,0,1.0,13696,1.7404661748405046,0.28698963
5150,HLA-A*25:01,esm2_joint,locus,0,1.0,13696,0.4054651081081644,0.6305076
5151,HLA-A*25:01,esm2_joint,locus,0,1.0,13696,0.5306282510621704,0.31604934
5152,HLA-A*25:01,esm2_joint,locus,0,1.0,13696,0.832909122935104,0.68416476
5153,HLA-A*25:01,esm2_joint,locus,0,1.0,13696,2.151762203259462,0.3701517
5154,HLA-A*25:01,esm2_joint,locus,0,1.0,13696,0.5877866649021191,0.80684865
5155,HLA-A*25:01,esm2_joint,locus,0,1.0,13696,0.18232155679395465,0.6736327
5156,HLA-A*25:01,esm2_joint,locus,0,1.0,13696,0.5306282510621704,0.47902983
5157,HLA-A*25:01,esm2_joint,locus,0,1.0,13696,0.5306282510621704,0.32269555
5158,HLA-A*25:01,esm2_joint,locus,0,1.0,13696,3.1822118404966093,0.09589046
5159,HLA-A*25:01,esm2_joint,locus,0,1.0,13696,0.0,0.8562742
5160,HLA-A*25:01,esm2_joint,locus,0,1.0,13696,0.26236426446749106,1.0400528
5161,HLA-A*25:01,esm2_joint,locus,0,1.0,13696,0.26236426446749106,0.63776815
5162,HLA-A*25:01,esm2_joint,locus,0,1.0,13696,0.7884573603642702,0.67297983
5163,HLA-A*25:01,esm2_joint,locus,0,1.0,13696,0.7419373447293773,0.56443286
5164,HLA-A*25:01,esm2_joint,locus,0,1.0,13696,3.2771447329921766,0.44147688
5165,HLA-A*25:01,esm2_joint,locus,0,1.0,13696,0.832909122935104,1.0979695
5166,HLA-A*25:01,esm2_joint,locus,0,1.0,13696,0.0,0.32305592
5167,HLA-A*25:01,esm2_joint,locus,0,1.0,13696,0.5306282510621704,0.51060474
5168,HLA-A*25:01,esm2_joint,locus,0,1.0,13696,0.18232155679395465,0.5066627
5169,HLA-A*25:01,esm2_joint,locus,0,1.0,13696,2.4423470353692043,0.36171925
5170,HLA-A*25:01,esm2_joint,locus,0,1.0,13696,0.6931471805599453,0.009224355
5171,HLA-A*25:01,esm2_joint,locus,0,1.0,13696,0.5306282510621704,0.22798598
5172,HLA-A*25:01,esm2_joint,locus,0,1.0,13696,0.9162907318741551,0.48578286
5173,HLA-A*25:01,esm2_joint,locus,0,1.0,13696,0.0,0.34761494
5174,HLA-A*25:01,esm2_joint,locus,0,1.0,13696,0.18232155679395465,0.5783777
5175,HLA-A*25:01,esm2_joint,locus,0,1.0,13696,1.1314021114911006,0.37883306
5176,HLA-A*25:01,esm2_joint,locus,0,1.0,13696,4.401829261970061,0.55708206
5177,HLA-A*25:01,esm2_joint,locus,0,1.0,13696,2.0014800002101243,0.28362817
5178,HLA-A*25:01,esm2_joint,locus,0,1.0,13696,1.7227665977411035,0.5679177
5179,HLA-A*25:01,esm2_joint,locus,0,1.0,13696,1.0296194171811583,0.81293094
5180,HLA-A*25:01,esm2_joint,locus,0,1.0,13696,0.5306282510621704,0.47399694
5181,HLA-A*25:01,esm2_joint,locus,0,1.0,13696,1.0296194171811583,0.5092244
5182,HLA-A*25:01,esm2_joint,locus,0,1.0,13696,1.1631508098056809,0.47940028
5183,HLA-A*25:01,esm2_joint,locus,0,1.0,13696,0.0,0.7547091
5184,HLA-A*25:01,esm2_joint,locus,0,1.0,13696,0.4054651081081644,0.7858223
5185,HLA-A*25:01,esm2_joint,locus,0,1.0,13696,2.2082744135228043,0.39898568
5186,HLA-A*25:01,esm2_joint,locus,0,1.0,13696,0.33647223662121295,-0.09750742
5187,HLA-A*25:01,esm2_joint,locus,0,1.0,13696,0.26236426446749106,0.46564054
5188,HLA-A*25:01,esm2_joint,locus,0,1.0,13696,1.5686159179138452,0.30569226
5189,HLA-A*25:01,esm2_joint,locus,0,1.0,13696,2.1400661634962708,0.47974247
5190,HLA-A*02:16,esm2_joint,locus,0,1.0,13696,3.648057459593681,1.0456192
5191,HLA-A*02:19,esm2_joint,locus,0,1.0,13696,2.8622008809294686,0.34691048
5192,HLA-A*02:19,esm2_joint,locus,0,1.0,13696,0.0,0.7201934
5193,HLA-A*02:19,esm2_joint,locus,0,1.0,13696,0.33647223662121295,0.34904915
5194,HLA-A*11:01,esm2_joint,locus,0,1.0,13696,0.18232155679395465,1.3196082
5195,HLA-A*11:01,esm2_joint,locus,0,1.0,13696,0.0,0.9872452
5196,HLA-A*11:01,esm2_joint,locus,0,1.0,13696,0.09531017980432487,0.88549316
5197,HLA-A*11:01,esm2_joint,locus,0,1.0,13696,0.6931471805599453,1.0258677
5198,HLA-A*11:01,esm2_joint,locus,0,1.0,13696,0.8754687373538999,0.73955446
5199,HLA-A*11:01,esm2_joint,locus,0,1.0,13696,0.0,0.29761052
5200,HLA-A*11:01,esm2_joint,locus,0,1.0,13696,0.26236426446749106,0.18009073
5201,HLA-A*11:01,esm2_joint,locus,0,1.0,13696,0.6418538861723948,0.8363857
5202,HLA-A*11:01,esm2_joint,locus,0,1.0,13696,0.0,0.3193071
5203,HLA-A*29:02,esm2_joint,locus,0,1.0,13696,0.18232155679395465,1.088291
5214,HLA-A*80:01,esm2_joint,locus,0,1.0,13696,0.0,0.779473
5215,HLA-A*80:01,esm2_joint,locus,0,1.0,13696,0.7884573603642702,1.1540878
5216,HLA-A*80:01,esm2_joint,locus,0,1.0,13696,0.18232155679395465,0.52582026
5217,HLA-A*80:01,esm2_joint,locus,0,1.0,13696,0.8754687373538999,0.81003916
5218,HLA-A*80:01,esm2_joint,locus,0,1.0,13696,0.9555114450274363,1.4536517
5219,HLA-A*80:01,esm2_joint,locus,0,1.0,13696,0.33647223662121295,0.34571505
5220,HLA-A*80:01,esm2_joint,locus,0,1.0,13696,0.0,0.6539264
5221,HLA-A*80:01,esm2_joint,locus,0,1.0,13696,0.26236426446749106,1.0082604
5222,HLA-A*80:01,esm2_joint,locus,0,1.0,13696,0.0,0.636949
5223,HLA-A*80:01,esm2_joint,locus,0,1.0,13696,0.26236426446749106,0.5231274
5224,HLA-A*80:01,esm2_joint,locus,0,1.0,13696,0.0,0.6342175
5227,HLA-A*25:01,esm2_joint,locus,0,1.0,13696,2.70805020110221,-0.0714578
5228,HLA-A*25:01,esm2_joint,locus,0,1.0,13696,0.0,0.101216614
5229,HLA-A*25:01,esm2_joint,locus,0,1.0,13696,0.33647223662121295,0.79098356
5230,HLA-A*25:01,esm2_joint,locus,0,1.0,13696,0.4054651081081644,0.33113867
5231,HLA-A*25:01,esm2_joint,locus,0,1.0,13696,2.302585092994046,0.69288135
5232,HLA-A*25:01,esm2_joint,locus,0,1.0,13696,1.0986122886681098,0.7263746
5233,HLA-A*29:02,esm2_joint,locus,0,1.0,13696,0.4054651081081644,1.1087681
5234,HLA-A*29:02,esm2_joint,locus,0,1.0,13696,0.4700036292457355,0.875205
5235,HLA-A*29:02,esm2_joint,locus,0,1.0,13696,1.252762968495368,0.7730798
5236,HLA-A*29:02,esm2_joint,locus,0,1.0,13696,2.128231705849268,1.0434703
5237,HLA-A*29:02,esm2_joint,locus,0,1.0,13696,0.4054651081081644,0.9652481
5238,HLA-A*29:02,esm2_joint,locus,0,1.0,13696,2.2823823856765264,1.1567124
5239,HLA-A*29:02,esm2_joint,locus,0,1.0,13696,3.0633909220278057,0.90653974
5240,HLA-A*29:02,esm2_joint,locus,0,1.0,13696,0.0,0.69799644
5241,HLA-A*29:02,esm2_joint,locus,0,1.0,13696,0.33647223662121295,0.75160885
5242,HLA-A*29:02,esm2_joint,locus,0,1.0,13696,2.9444389791664403,1.1006244
5243,HLA-A*29:02,esm2_joint,locus,0,1.0,13696,1.252762968495368,0.9386031
5244,HLA-A*29:02,esm2_joint,locus,0,1.0,13696,3.1179499062782403,0.8260634
5245,HLA-A*29:02,esm2_joint,locus,0,1.0,13696,0.18232155679395465,0.8030242
5246,HLA-A*29:02,esm2_joint,locus,0,1.0,13696,0.7884573603642702,0.7117616
5247,HLA-A*29:02,esm2_joint,locus,0,1.0,13696,1.547562508716013,1.1800362
5248,HLA-A*29:02,esm2_joint,locus,0,1.0,13696,2.3513752571634776,0.94915307
5249,HLA-A*29:02,esm2_joint,locus,0,1.0,13696,2.917770732084279,0.96500134
5250,HLA-A*29:02,esm2_joint,locus,0,1.0,13696,0.4054651081081644,1.0463376
5251,HLA-A*29:02,esm2_joint,locus,0,1.0,13696,0.26236426446749106,0.77539635
5252,HLA-A*29:02,esm2_joint,locus,0,1.0,13696,2.451005098112319,1.6837368
5253,HLA-A*29:02,esm2_joint,locus,0,1.0,13696,2.322387720290225,0.911406
5254,HLA-A*29:02,esm2_joint,locus,0,1.0,13696,1.1631508098056809,1.3708907
5255,HLA-A*29:02,esm2_joint,locus,0,1.0,13696,0.18232155679395465,0.6220281
5256,HLA-A*03:01,esm2_joint,locus,0,1.0,13696,3.3250360206965914,1.0515238
5257,HLA-A*03:01,esm2_joint,locus,0,1.0,13696,0.33647223662121295,1.1787426
5258,HLA-A*03:01,esm2_joint,locus,0,1.0,13696,0.18232155679395465,1.4014156
5259,HLA-A*03:01,esm2_joint,locus,0,1.0,13696,0.26236426446749106,0.63663906
5260,HLA-A*03:01,esm2_joint,locus,0,1.0,13696,1.0986122886681098,0.8356894
5261,HLA-A*03:01,esm2_joint,locus,0,1.0,13696,0.5877866649021191,0.8315438
5262,HLA-A*03:01,esm2_joint,locus,0,1.0,13696,3.9871304779149512,1.2761033
5263,HLA-A*03:01,esm2_joint,locus,0,1.0,13696,0.6931471805599453,0.94757974
5264,HLA-A*03:01,esm2_joint,locus,0,1.0,13696,2.797281334830153,0.93168163
5265,HLA-A*03:01,esm2_joint,locus,0,1.0,13696,0.18232155679395465,0.91996574
5266,HLA-A*03:01,esm2_joint,locus,0,1.0,13696,0.0,1.1840485
5267,HLA-A*03:01,esm2_joint,locus,0,1.0,13696,0.6418538861723948,0.8519076
5268,HLA-A*03:01,esm2_joint,locus,0,1.0,13696,0.7419373447293773,0.5218825
5269,HLA-A*03:01,esm2_joint,locus,0,1.0,13696,0.26236426446749106,1.2552315
5270,HLA-A*03:01,esm2_joint,locus,0,1.0,13696,0.7884573603642702,1.035122
5271,HLA-A*03:01,esm2_joint,locus,0,1.0,13696,0.26236426446749106,0.795311
5272,HLA-A*03:01,esm2_joint,locus,0,1.0,13696,0.0,0.8531132
5273,HLA-A*03:01,esm2_joint,locus,0,1.0,13696,0.18232155679395465,0.7388681
5274,HLA-A*03:01,esm2_joint,locus,0,1.0,13696,0.0,0.7952525
5275,HLA-A*03:01,esm2_joint,locus,0,1.0,13696,0.0,1.1859391
5276,HLA-A*03:01,esm2_joint,locus,0,1.0,13696,0.0,1.11374
5277,HLA-A*03:01,esm2_joint,locus,0,1.0,13696,3.3638415951183864,1.124145
5281,HLA-A*02:01,esm2_joint,locus,0,1.0,13696,1.62924053973028,0.33575195
5282,HLA-A*02:01,esm2_joint,locus,0,1.0,13696,3.3843902633457743,-0.11854154
5283,HLA-A*02:01,esm2_joint,locus,0,1.0,13696,0.4700036292457355,0.74180555
5284,HLA-A*02:01,esm2_joint,locus,0,1.0,13696,0.7419373447293773,0.3804353
5285,HLA-A*02:01,esm2_joint,locus,0,1.0,13696,1.1151415906193203,-0.18616599
5286,HLA-A*02:01,esm2_joint,locus,0,1.0,13696,3.305053521109253,0.008229554
5287,HLA-A*02:01,esm2_joint,locus,0,1.0,13696,1.0116009116784799,0.42755586
5288,HLA-A*02:01,esm2_joint,locus,0,1.0,13696,0.6678293725756554,0.62425375
5289,HLA-A*02:01,esm2_joint,locus,0,1.0,13696,1.0296194171811583,-0.0004605055
5290,HLA-A*02:01,esm2_joint,locus,0,1.0,13696,1.9671123567059163,0.33891934
5291,HLA-A*02:01,esm2_joint,locus,0,1.0,13696,0.6678293725756554,0.88330454
5292,HLA-A*02:01,esm2_joint,locus,0,1.0,13696,1.589235205116581,0.8097112
5293,HLA-A*02:01,esm2_joint,locus,0,1.0,13696,1.0296194171811583,0.64627457
5294,HLA-A*02:01,esm2_joint,locus,0,1.0,13696,0.37156355643248307,0.38419408
5295,HLA-A*02:01,esm2_joint,locus,0,1.0,13696,0.37156355643248307,0.30605632
5296,HLA-A*02:01,esm2_joint,locus,0,1.0,13696,0.8544153281560676,-0.024664342
5297,HLA-A*02:01,esm2_joint,locus,0,1.0,13696,0.18232155679395465,0.35268503
5298,HLA-A*02:01,esm2_joint,locus,0,1.0,13696,2.388762789235098,0.27054548
5299,HLA-A*02:01,esm2_joint,locus,0,1.0,13696,0.6931471805599453,0.24957037
5300,HLA-A*02:01,esm2_joint,locus,0,1.0,13696,2.5494451709255714,1.1788585
5301,HLA-A*02:01,esm2_joint,locus,0,1.0,13696,1.3480731482996928,0.03264755
5302,HLA-A*02:01,esm2_joint,locus,0,1.0,13696,1.6094379124341003,1.3238214
5303,HLA-A*02:01,esm2_joint,locus,0,1.0,13696,0.18232155679395465,0.94964314
5307,HLA-A*03:01,esm2_joint,locus,0,1.0,13696,1.9021075263969205,1.3398468
5308,HLA-A*03:01,esm2_joint,locus,0,1.0,13696,0.9162907318741551,0.4581558
5309,HLA-A*03:01,esm2_joint,locus,0,1.0,13696,0.4700036292457355,0.9672011
5310,HLA-A*03:01,esm2_joint,locus,0,1.0,13696,2.5952547069568657,0.6722125
5311,HLA-A*03:01,esm2_joint,locus,0,1.0,13696,3.150596984114906,0.6142706
5312,HLA-A*03:01,esm2_joint,locus,0,1.0,13696,0.0,0.7985485
5313,HLA-A*03:01,esm2_joint,locus,0,1.0,13696,1.9671123567059163,1.2091963
5314,HLA-A*03:01,esm2_joint,locus,0,1.0,13696,0.0,0.28985292
5315,HLA-A*03:01,esm2_joint,locus,0,1.0,13696,0.0,1.3180193
5316,HLA-A*03:01,esm2_joint,locus,0,1.0,13696,1.410986973710262,1.0549481
5317,HLA-A*03:01,esm2_joint,locus,0,1.0,13696,2.6026896854443837,1.153873
5318,HLA-A*03:01,esm2_joint,locus,0,1.0,13696,3.9435216724875173,1.0963341
5319,HLA-A*03:01,esm2_joint,locus,0,1.0,13696,0.18232155679395465,0.6712877
5320,HLA-A*03:01,esm2_joint,locus,0,1.0,13696,0.5306282510621704,0.5557858
5321,HLA-A*03:01,esm2_joint,locus,0,1.0,13696,0.5877866649021191,0.48419118
5322,HLA-A*03:01,esm2_joint,locus,0,1.0,13696,0.6931471805599453,0.9810844
5323,HLA-A*03:01,esm2_joint,locus,0,1.0,13696,3.292126286607793,0.7007152
5324,HLA-A*03:01,esm2_joint,locus,0,1.0,13696,0.6418538861723948,0.84742796
5325,HLA-A*03:01,esm2_joint,locus,0,1.0,13696,0.0,0.95901966
5326,HLA-A*03:01,esm2_joint,locus,0,1.0,13696,0.4700036292457355,1.3181577
5327,HLA-A*03:01,esm2_joint,locus,0,1.0,13696,0.6418538861723948,1.088124
5328,HLA-A*03:01,esm2_joint,locus,0,1.0,13696,2.72785282839839,0.9436927
5329,HLA-A*03:01,esm2_joint,locus,0,1.0,13696,0.4700036292457355,0.702768
5349,HLA-A*31:01,esm2_joint,locus,0,1.0,13696,0.5306282510621704,1.0016304
5350,HLA-A*31:01,esm2_joint,locus,0,1.0,13696,0.33647223662121295,0.6121818
5351,HLA-A*31:01,esm2_joint,locus,0,1.0,13696,2.3608540011180215,1.4515499
5352,HLA-A*31:01,esm2_joint,locus,0,1.0,13696,0.26236426446749106,1.1092538
5353,HLA-A*31:01,esm2_joint,locus,0,1.0,13696,1.6863989535702288,0.7345023
5354,HLA-A*31:01,esm2_joint,locus,0,1.0,13696,0.26236426446749106,0.6171247
5355,HLA-A*31:01,esm2_joint,locus,0,1.0,13696,1.1631508098056809,1.4568809
5356,HLA-A*31:01,esm2_joint,locus,0,1.0,13696,2.2925347571405443,1.5488107
5357,HLA-A*31:01,esm2_joint,locus,0,1.0,13696,0.4054651081081644,0.51699495
5358,HLA-A*31:01,esm2_joint,locus,0,1.0,13696,0.33647223662121295,1.1348989
5364,HLA-A*02:12,esm2_joint,locus,0,1.0,13696,3.481240089335692,0.48773408
5365,HLA-A*02:12,esm2_joint,locus,0,1.0,13696,3.543853682063679,1.07253
5366,HLA-A*02:12,esm2_joint,locus,0,1.0,13696,1.252762968495368,0.102808654
5367,HLA-A*02:12,esm2_joint,locus,0,1.0,13696,0.7419373447293773,0.31761855
5368,HLA-A*02:12,esm2_joint,locus,0,1.0,13696,2.917770732084279,0.7777627
5369,HLA-A*02:12,esm2_joint,locus,0,1.0,13696,2.6461747973841225,0.14535218
5370,HLA-A*02:12,esm2_joint,locus,0,1.0,13696,2.9652730660692823,0.1186288
5371,HLA-A*02:12,esm2_joint,locus,0,1.0,13696,2.533696813957432,0.47945145
5372,HLA-A*02:12,esm2_joint,locus,0,1.0,13696,3.9926809084456005,0.44374996
5373,HLA-A*02:12,esm2_joint,locus,0,1.0,13696,3.7727609380946383,0.65080214
5374,HLA-A*02:12,esm2_joint,locus,0,1.0,13696,1.5686159179138452,0.4759333
5375,HLA-A*02:12,esm2_joint,locus,0,1.0,13696,0.6931471805599453,0.3729313
5376,HLA-A*02:12,esm2_joint,locus,0,1.0,13696,3.2068032436339315,0.27132267
5377,HLA-A*02:12,esm2_joint,locus,0,1.0,13696,3.5467396869528134,0.49973917
5378,HLA-A*02:12,esm2_joint,locus,0,1.0,13696,2.8390784635086144,0.8873478
5379,HLA-A*02:12,esm2_joint,locus,0,1.0,13696,1.2809338454620642,0.21295589
5380,HLA-A*02:12,esm2_joint,locus,0,1.0,13696,1.5260563034950494,0.34480494
5381,HLA-A*02:12,esm2_joint,locus,0,1.0,13696,3.1441522786722644,0.44188374
5382,HLA-A*02:12,esm2_joint,locus,0,1.0,13696,0.832909122935104,0.11419988
5383,HLA-A*02:12,esm2_joint,locus,0,1.0,13696,3.349904087274605,0.6251211
5384,HLA-A*02:12,esm2_joint,locus,0,1.0,13696,2.884800712846709,0.65149236
5385,HLA-A*02:11,esm2_joint,locus,0,1.0,13696,3.202746442938317,0.32477736
5386,HLA-A*02:11,esm2_joint,locus,0,1.0,13696,2.681021528714291,0.7308383
5387,HLA-A*02:11,esm2_joint,locus,0,1.0,13696,2.928523523860541,1.0017617
5388,HLA-A*02:11,esm2_joint,locus,0,1.0,13696,3.3568971227655755,1.1964531
5389,HLA-A*02:11,esm2_joint,locus,0,1.0,13696,3.1135153092103742,0.53281957
5390,HLA-A*02:11,esm2_joint,locus,0,1.0,13696,2.624668592163159,0.0029088259
5391,HLA-A*02:11,esm2_joint,locus,0,1.0,13696,0.6418538861723948,0.31256753
5392,HLA-A*02:11,esm2_joint,locus,0,1.0,13696,3.380994674344636,0.37040538
5393,HLA-A*02:11,esm2_joint,locus,0,1.0,13696,3.3250360206965914,0.31213176
5394,HLA-A*02:11,esm2_joint,locus,0,1.0,13696,3.3978584803966405,0.3036611
5395,HLA-A*02:11,esm2_joint,locus,0,1.0,13696,3.0301337002713233,0.62868047
5396,HLA-A*02:11,esm2_joint,locus,0,1.0,13696,2.0794415416798357,0.2637005
5397,HLA-A*02:11,esm2_joint,locus,0,1.0,13696,2.4069451083182885,0.46877795
5398,HLA-A*02:11,esm2_joint,locus,0,1.0,13696,2.2300144001592104,0.62285197
5399,HLA-A*02:11,esm2_joint,locus,0,1.0,13696,3.653252276470785,0.89690644
5400,HLA-A*02:11,esm2_joint,locus,0,1.0,13696,2.740840023925201,1.0931818
5401,HLA-A*02:11,esm2_joint,locus,0,1.0,13696,2.272125885509337,0.2161926
5402,HLA-A*02:11,esm2_joint,locus,0,1.0,13696,2.975529566236472,0.96184003
5403,HLA-A*02:11,esm2_joint,locus,0,1.0,13696,3.126760535960395,0.7948458
5404,HLA-A*02:11,esm2_joint,locus,0,1.0,13696,2.379546134130174,0.8814903
5405,HLA-A*02:11,esm2_joint,locus,0,1.0,13696,2.954910279033736,0.47173256
5406,HLA-A*02:11,esm2_joint,locus,0,1.0,13696,2.6100697927420065,0.24249691
5407,HLA-A*02:19,esm2_joint,locus,0,1.0,13696,3.0106208860477417,0.6992171
5408,HLA-A*02:19,esm2_joint,locus,0,1.0,13696,1.4350845252893227,0.4177946
5409,HLA-A*02:19,esm2_joint,locus,0,1.0,13696,2.1972245773362196,0.32204694
5410,HLA-A*02:19,esm2_joint,locus,0,1.0,13696,1.1939224684724346,0.17596424
5411,HLA-A*02:19,esm2_joint,locus,0,1.0,13696,3.735285826928092,0.45087552
5412,HLA-A*02:19,esm2_joint,locus,0,1.0,13696,3.754198920234579,0.5889288
5413,HLA-A*02:19,esm2_joint,locus,0,1.0,13696,0.9932517730102833,0.32723767
5414,HLA-A*02:19,esm2_joint,locus,0,1.0,13696,0.18232155679395465,0.39664698
5415,HLA-A*02:19,esm2_joint,locus,0,1.0,13696,2.1400661634962708,0.37459153
5416,HLA-A*02:19,esm2_joint,locus,0,1.0,13696,3.1354942159291497,0.632512
5417,HLA-A*02:19,esm2_joint,locus,0,1.0,13696,2.2082744135228043,0.86851364
5418,HLA-A*02:19,esm2_joint,locus,0,1.0,13696,0.5306282510621704,0.30020946
5419,HLA-A*02:19,esm2_joint,locus,0,1.0,13696,3.8372994592322094,0.6534232
5420,HLA-A*02:19,esm2_joint,locus,0,1.0,13696,0.9555114450274363,0.54841983
5421,HLA-A*02:19,esm2_joint,locus,0,1.0,13696,2.5877640352277083,0.40478635
5422,HLA-A*02:19,esm2_joint,locus,0,1.0,13696,1.791759469228055,0.080563545
5423,HLA-A*02:19,esm2_joint,locus,0,1.0,13696,3.493472657771326,0.7408383
5424,HLA-A*02:19,esm2_joint,locus,0,1.0,13696,1.840549633397487,1.023853
5425,HLA-A*02:19,esm2_joint,locus,0,1.0,13696,0.9932517730102833,0.54869586
5426,HLA-A*02:19,esm2_joint,locus,0,1.0,13696,2.174751721484161,0.33152604
5427,HLA-A*02:03,esm2_joint,locus,0,1.0,13696,3.0726933146901194,0.4751082
5428,HLA-A*02:03,esm2_joint,locus,0,1.0,13696,1.8718021769015913,0.23437136
5429,HLA-A*02:03,esm2_joint,locus,0,1.0,13696,2.6602595372658615,0.7555069
5430,HLA-A*02:03,esm2_joint,locus,0,1.0,13696,2.760009940032921,1.025041
5431,HLA-A*02:03,esm2_joint,locus,0,1.0,13696,2.6602595372658615,0.5996085
5432,HLA-A*02:03,esm2_joint,locus,0,1.0,13696,1.667706820558076,0.5095633
5433,HLA-A*02:12,esm2_joint,locus,0,1.0,13696,2.4159137783010487,0.3089738
5434,HLA-A*02:12,esm2_joint,locus,0,1.0,13696,3.502549875922443,0.59146965
5435,HLA-A*02:12,esm2_joint,locus,0,1.0,13696,1.1631508098056809,0.37623656
5436,HLA-A*02:12,esm2_joint,locus,0,1.0,13696,2.4423470353692043,-0.15183729
5443,HLA-A*02:01,esm2_joint,locus,0,1.0,13696,0.7884573603642702,0.0124861
5444,HLA-A*02:01,esm2_joint,locus,0,1.0,13696,0.18232155679395465,0.586532
5445,HLA-A*02:01,esm2_joint,locus,0,1.0,13696,1.308332819650179,0.727248
5446,HLA-A*02:01,esm2_joint,locus,0,1.0,13696,2.917770732084279,0.28343076
5447,HLA-A*02:01,esm2_joint,locus,0,1.0,13696,0.26236426446749106,0.30565268
5448,HLA-A*02:01,esm2_joint,locus,0,1.0,13696,0.9162907318741551,0.34657997
5449,HLA-A*02:01,esm2_joint,locus,0,1.0,13696,0.18232155679395465,-0.15651935
5450,HLA-A*02:01,esm2_joint,locus,0,1.0,13696,0.18232155679395465,0.4471267
5451,HLA-A*02:01,esm2_joint,locus,0,1.0,13696,0.8754687373538999,0.35079354
5452,HLA-A*02:01,esm2_joint,locus,0,1.0,13696,0.18232155679395465,0.9146735
5453,HLA-A*02:01,esm2_joint,locus,0,1.0,13696,0.26236426446749106,0.25573397
5454,HLA-A*02:01,esm2_joint,locus,0,1.0,13696,0.09531017980432487,0.17071015
5455,HLA-A*02:01,esm2_joint,locus,0,1.0,13696,2.085672091430472,0.20011222
5456,HLA-A*02:01,esm2_joint,locus,0,1.0,13696,0.26236426446749106,1.0236621
5457,HLA-A*02:01,esm2_joint,locus,0,1.0,13696,1.4816045409242156,0.3661633
5458,HLA-A*02:01,esm2_joint,locus,0,1.0,13696,0.7419373447293773,0.28033602
5459,HLA-A*02:01,esm2_joint,locus,0,1.0,13696,1.8082887711792655,0.7112431
5460,HLA-A*02:01,esm2_joint,locus,0,1.0,13696,2.928523523860541,0.52055645
5461,HLA-A*02:01,esm2_joint,locus,0,1.0,13696,0.18232155679395465,0.61106014
5462,HLA-A*02:01,esm2_joint,locus,0,1.0,13696,0.9555114450274363,0.98568845
5463,HLA-A*02:01,esm2_joint,locus,0,1.0,13696,0.7419373447293773,0.33445978
5464,HLA-A*02:01,esm2_joint,locus,0,1.0,13696,0.4700036292457355,0.20352525
5465,HLA-A*02:01,esm2_joint,locus,0,1.0,13696,0.8754687373538999,0.36205667
5466,HLA-A*02:01,esm2_joint,locus,0,1.0,13696,0.4700036292457355,0.58911073
5467,HLA-A*02:01,esm2_joint,locus,0,1.0,13696,0.33647223662121295,0.66988057
5468,HLA-A*02:01,esm2_joint,locus,0,1.0,13696,0.26236426446749106,0.013309538
5469,HLA-A*02:01,esm2_joint,locus,0,1.0,13696,0.8754687373538999,-0.106793344
5470,HLA-A*02:01,esm2_joint,locus,0,1.0,13696,0.18232155679395465,0.09625691
5471,HLA-A*02:01,esm2_joint,locus,0,1.0,13696,0.832909122935104,0.4568171
5472,HLA-A*02:01,esm2_joint,locus,0,1.0,13696,0.26236426446749106,0.34951478
5473,HLA-A*02:01,esm2_joint,locus,0,1.0,13696,0.26236426446749106,0.14529186
5474,HLA-A*02:01,esm2_joint,locus,0,1.0,13696,0.18232155679395465,0.22614032
5475,HLA-A*02:01,esm2_joint,locus,0,1.0,13696,0.26236426446749106,0.44014233
5476,HLA-A*02:01,esm2_joint,locus,0,1.0,13696,1.0986122886681098,0.49729756
5477,HLA-A*02:01,esm2_joint,locus,0,1.0,13696,0.26236426446749106,-0.0065556765
5478,HLA-A*02:01,esm2_joint,locus,0,1.0,13696,0.5877866649021191,0.38863134
5479,HLA-A*02:01,esm2_joint,locus,0,1.0,13696,0.9162907318741551,-0.07334751
5480,HLA-A*02:01,esm2_joint,locus,0,1.0,13696,0.26236426446749106,0.008094788
5481,HLA-A*02:11,esm2_joint,locus,0,1.0,13696,1.7749523509116738,0.571149
5482,HLA-A*02:11,esm2_joint,locus,0,1.0,13696,0.9555114450274363,0.63837576
5483,HLA-A*02:03,esm2_joint,locus,0,1.0,13696,3.449987545831587,0.24835247
5484,HLA-A*02:03,esm2_joint,locus,0,1.0,13696,2.9338568698359038,0.7856415
5485,HLA-A*02:03,esm2_joint,locus,0,1.0,13696,3.933784497209659,0.97270554
5486,HLA-A*02:03,esm2_joint,locus,0,1.0,13696,2.9391619220655967,0.67109966
5487,HLA-A*02:03,esm2_joint,locus,0,1.0,13696,3.261935314328648,0.63497186
5488,HLA-A*02:03,esm2_joint,locus,0,1.0,13696,1.589235205116581,0.13256377
5489,HLA-A*02:03,esm2_joint,locus,0,1.0,13696,3.370738174177447,0.39953208
5490,HLA-A*02:03,esm2_joint,locus,0,1.0,13696,1.308332819650179,0.42275268
5491,HLA-A*02:03,esm2_joint,locus,0,1.0,13696,3.246490991901174,0.79140055
5492,HLA-A*02:03,esm2_joint,locus,0,1.0,13696,2.5877640352277083,0.71369624
5493,HLA-A*02:03,esm2_joint,locus,0,1.0,13696,3.475067230228611,0.5373616
5494,HLA-A*02:03,esm2_joint,locus,0,1.0,13696,1.6863989535702288,0.3509434
5495,HLA-A*02:03,esm2_joint,locus,0,1.0,13696,0.4700036292457355,0.53253186
5496,HLA-A*02:03,esm2_joint,locus,0,1.0,13696,2.970414465569701,0.7138827
5497,HLA-A*03:01,esm2_joint,locus,0,1.0,13696,0.0,0.98435163
5498,HLA-A*03:01,esm2_joint,locus,0,1.0,13696,0.33647223662121295,0.39480573
5499,HLA-A*03:01,esm2_joint,locus,0,1.0,13696,1.1314021114911006,0.94010043
5500,HLA-A*03:01,esm2_joint,locus,0,1.0,13696,1.4586150226995167,1.167408
5501,HLA-A*03:01,esm2_joint,locus,0,1.0,13696,0.09531017980432487,1.1674182
5502,HLA-A*02:12,esm2_joint,locus,0,1.0,13696,2.8390784635086144,0.6747302
5503,HLA-A*02:12,esm2_joint,locus,0,1.0,13696,3.126760535960395,0.33082253
5504,HLA-A*02:12,esm2_joint,locus,0,1.0,13696,1.589235205116581,0.61294466
5505,HLA-A*02:12,esm2_joint,locus,0,1.0,13696,1.3862943611198906,0.6798209
5506,HLA-A*02:12,esm2_joint,locus,0,1.0,13696,1.667706820558076,0.46269917
5507,HLA-A*02:12,esm2_joint,locus,0,1.0,13696,2.9806186357439426,1.0883496
5508,HLA-A*02:12,esm2_joint,locus,0,1.0,13696,0.6418538861723948,-0.0143331885
5522,HLA-A*03:01,esm2_joint,locus,0,1.0,13696,0.0,1.5319825
5523,HLA-A*03:01,esm2_joint,locus,0,1.0,13696,0.0,0.96311426
5524,HLA-A*80:01,esm2_joint,locus,0,1.0,13696,0.0,0.6579344
5526,HLA-A*25:01,esm2_joint,locus,0,1.0,13696,0.0,0.7887926
5527,HLA-A*25:01,esm2_joint,locus,0,1.0,13696,0.0,0.6206989
5529,HLA-A*25:01,esm2_joint,locus,0,1.0,13696,0.0,0.42856294
5530,HLA-A*03:01,esm2_joint,locus,0,1.0,13696,0.0,0.50505495
5543,HLA-A*03:01,esm2_joint,locus,0,1.0,13696,0.0,0.82616895
5544,HLA-A*03:01,esm2_joint,locus,0,1.0,13696,0.0,1.2688136
5545,HLA-A*03:01,esm2_joint,locus,0,1.0,13696,0.0,0.9538993
5546,HLA-A*02:19,esm2_joint,locus,0,1.0,13696,0.0,-0.07519621
5547,HLA-A*02:19,esm2_joint,locus,0,1.0,13696,2.379546134130174,0.28914613
5548,HLA-A*02:12,esm2_joint,locus,0,1.0,13696,3.3775875160230218,0.2534026
5556,HLA-A*25:01,esm2_joint,locus,0,1.0,13696,0.0,0.6584385
5557,HLA-A*25:01,esm2_joint,locus,0,1.0,13696,0.0,0.29729736
5561,HLA-A*02:03,esm2_joint,locus,0,1.0,13696,0.0,0.39286828
5563,HLA-A*80:01,esm2_joint,locus,0,1.0,13696,0.0,0.884465
5564,HLA-A*80:01,esm2_joint,locus,0,1.0,13696,0.0,0.81643444
5566,HLA-A*03:01,esm2_joint,locus,0,1.0,13696,0.0,1.1536725
5567,HLA-A*23:01,esm2_joint,locus,0,1.0,13696,3.2188758248682006,1.3445011
5568,HLA-A*23:01,esm2_joint,locus,0,1.0,13696,1.9600947840472698,0.43645114
5569,HLA-A*23:01,esm2_joint,locus,0,1.0,13696,2.6026896854443837,0.6666289
5570,HLA-A*23:01,esm2_joint,locus,0,1.0,13696,2.8678989020441064,0.64051193
5571,HLA-A*23:01,esm2_joint,locus,0,1.0,13696,3.086486636822455,0.63763654
5572,HLA-A*23:01,esm2_joint,locus,0,1.0,13696,0.6418538861723948,0.069744766
5573,HLA-A*23:01,esm2_joint,locus,0,1.0,13696,2.760009940032921,0.71082914
5574,HLA-A*23:01,esm2_joint,locus,0,1.0,13696,3.4657359027997265,0.59963346
5575,HLA-A*23:01,esm2_joint,locus,0,1.0,13696,2.5257286443082556,0.56421566
5576,HLA-A*23:01,esm2_joint,locus,0,1.0,13696,0.9162907318741551,0.3529147
5577,HLA-A*23:01,esm2_joint,locus,0,1.0,13696,2.4765384001174837,0.18197972
5578,HLA-A*23:01,esm2_joint,locus,0,1.0,13696,0.4700036292457355,1.2184613
5587,HLA-A*29:02,esm2_joint,locus,0,1.0,13696,0.4054651081081644,1.1557516
5588,HLA-A*03:01,esm2_joint,locus,0,1.0,13696,3.594568774642695,1.1351696
5589,HLA-A*03:01,esm2_joint,locus,0,1.0,13696,1.1314021114911006,0.70084524
5590,HLA-A*03:01,esm2_joint,locus,0,1.0,13696,0.18232155679395465,1.0808848
5591,HLA-A*03:01,esm2_joint,locus,0,1.0,13696,1.5040773967762742,0.7199798
5592,HLA-A*03:01,esm2_joint,locus,0,1.0,13696,0.6931471805599453,1.3306525
5593,HLA-A*03:01,esm2_joint,locus,0,1.0,13696,4.833102254034098,1.08301
5594,HLA-A*03:01,esm2_joint,locus,0,1.0,13696,3.2733640101522705,0.98000455
5595,HLA-A*03:01,esm2_joint,locus,0,1.0,13696,4.063885354737392,0.92794985
5596,HLA-A*03:01,esm2_joint,locus,0,1.0,13696,3.502549875922443,0.8259495
5597,HLA-A*03:01,esm2_joint,locus,0,1.0,13696,4.360547602996758,1.1752176
5598,HLA-A*03:01,esm2_joint,locus,0,1.0,13696,3.6189933266497696,0.9632671
5599,HLA-A*03:01,esm2_joint,locus,0,1.0,13696,3.66612246699132,0.7558978
5600,HLA-A*03:01,esm2_joint,locus,0,1.0,13696,3.32862668882732,0.63718444
5601,HLA-A*03:01,esm2_joint,locus,0,1.0,13696,0.0,0.58465314
5602,HLA-A*03:01,esm2_joint,locus,0,1.0,13696,1.9459101490553132,0.6907092
5603,HLA-A*03:01,esm2_joint,locus,0,1.0,13696,1.1631508098056809,0.349689
5604,HLA-A*03:01,esm2_joint,locus,0,1.0,13696,3.4965075614664802,0.4303068
5605,HLA-A*03:01,esm2_joint,locus,0,1.0,13696,1.1314021114911006,0.6817156
5606,HLA-A*03:01,esm2_joint,locus,0,1.0,13696,1.6094379124341003,0.67929274
5607,HLA-A*03:01,esm2_joint,locus,0,1.0,13696,0.18232155679395465,0.4671864
5608,HLA-A*03:01,esm2_joint,locus,0,1.0,13696,0.9555114450274363,1.2789363
5609,HLA-A*03:01,esm2_joint,locus,0,1.0,13696,0.4700036292457355,0.36446315
5610,HLA-A*03:01,esm2_joint,locus,0,1.0,13696,0.5306282510621704,0.41289413
5611,HLA-A*03:01,esm2_joint,locus,0,1.0,13696,0.33647223662121295,0.03682816
5612,HLA-A*03:01,esm2_joint,locus,0,1.0,13696,4.180522258463153,0.70366216
5613,HLA-A*03:01,esm2_joint,locus,0,1.0,13696,0.0,0.97286224
5614,HLA-A*03:01,esm2_joint,locus,0,1.0,13696,0.0,0.9876942
5615,HLA-A*03:01,esm2_joint,locus,0,1.0,13696,0.4054651081081644,0.3780471
5616,HLA-A*03:01,esm2_joint,locus,0,1.0,13696,4.276666119016055,0.7394953
5617,HLA-A*03:01,esm2_joint,locus,0,1.0,13696,0.6418538861723948,0.7161345
5618,HLA-A*03:01,esm2_joint,locus,0,1.0,13696,0.0,0.55752486
5619,HLA-A*03:01,esm2_joint,locus,0,1.0,13696,0.33647223662121295,0.39827973
5620,HLA-A*03:01,esm2_joint,locus,0,1.0,13696,0.33647223662121295,1.1921294
5621,HLA-A*03:01,esm2_joint,locus,0,1.0,13696,0.7884573603642702,1.2758927
5622,HLA-A*03:01,esm2_joint,locus,0,1.0,13696,1.7749523509116738,0.8271954
5623,HLA-A*03:01,esm2_joint,locus,0,1.0,13696,0.26236426446749106,0.9203718
5624,HLA-A*03:01,esm2_joint,locus,0,1.0,13696,4.542230386214217,1.6143658
5625,HLA-A*03:01,esm2_joint,locus,0,1.0,13696,2.272125885509337,0.90070075
5626,HLA-A*03:01,esm2_joint,locus,0,1.0,13696,2.4423470353692043,1.0558442
5627,HLA-A*03:01,esm2_joint,locus,0,1.0,13696,0.18232155679395465,0.64399195
5628,HLA-A*03:01,esm2_joint,locus,0,1.0,13696,0.0,0.744079
5629,HLA-A*03:01,esm2_joint,locus,0,1.0,13696,0.0,-0.517986
5630,HLA-A*03:01,esm2_joint,locus,0,1.0,13696,4.31748811353631,1.0480031
5631,HLA-A*03:01,esm2_joint,locus,0,1.0,13696,2.2617630984737906,1.0902758
5632,HLA-A*03:01,esm2_joint,locus,0,1.0,13696,0.33647223662121295,0.38185602
5633,HLA-A*03:01,esm2_joint,locus,0,1.0,13696,1.410986973710262,0.46562952
5634,HLA-A*03:01,esm2_joint,locus,0,1.0,13696,0.6418538861723948,1.0747427
5635,HLA-A*03:01,esm2_joint,locus,0,1.0,13696,1.9021075263969205,0.4264452
5636,HLA-A*03:01,esm2_joint,locus,0,1.0,13696,1.0296194171811583,0.65342885
5637,HLA-A*03:01,esm2_joint,locus,0,1.0,13696,1.916922612182061,0.34425122
5638,HLA-A*03:01,esm2_joint,locus,0,1.0,13696,0.26236426446749106,0.1318968
5639,HLA-A*03:01,esm2_joint,locus,0,1.0,13696,0.5306282510621704,0.69633436
5640,HLA-A*03:01,esm2_joint,locus,0,1.0,13696,3.0587070727153796,0.78042907
5641,HLA-A*03:01,esm2_joint,locus,0,1.0,13696,0.18232155679395465,1.6617703
5642,HLA-A*03:01,esm2_joint,locus,0,1.0,13696,0.0,1.1370776
5643,HLA-A*03:01,esm2_joint,locus,0,1.0,13696,0.0,0.5120554
5644,HLA-A*03:01,esm2_joint,locus,0,1.0,13696,0.4054651081081644,0.85246396
5645,HLA-A*02:16,esm2_joint,locus,0,1.0,13696,2.4849066497880004,0.2355296
5646,HLA-A*02:16,esm2_joint,locus,0,1.0,13696,2.1162555148025524,0.94868267
5647,HLA-A*02:16,esm2_joint,locus,0,1.0,13696,0.4700036292457355,0.3051533
5680,HLA-A*02:01,esm2_joint,locus,0,1.0,13696,2.501435951739211,0.5730215
5681,HLA-A*02:01,esm2_joint,locus,0,1.0,13696,0.26236426446749106,0.21939021
5682,HLA-A*02:01,esm2_joint,locus,0,1.0,13696,2.388762789235098,0.30806535
5683,HLA-A*02:01,esm2_joint,locus,0,1.0,13696,2.1972245773362196,0.3184746
5684,HLA-A*02:01,esm2_joint,locus,0,1.0,13696,0.4054651081081644,0.12732524
5685,HLA-A*02:01,esm2_joint,locus,0,1.0,13696,2.954910279033736,0.35319597
5686,HLA-A*02:01,esm2_joint,locus,0,1.0,13696,0.33647223662121295,0.9201871
5687,HLA-A*02:01,esm2_joint,locus,0,1.0,13696,0.4700036292457355,0.2167502
5688,HLA-A*02:16,esm2_joint,locus,0,1.0,13696,0.6931471805599453,0.4861807
5689,HLA-A*02:16,esm2_joint,locus,0,1.0,13696,3.0492730404820207,0.24341983
5690,HLA-A*02:16,esm2_joint,locus,0,1.0,13696,0.6418538861723948,0.08303493
5691,HLA-A*26:01,esm2_joint,locus,0,1.0,13696,0.26236426446749106,0.49525815
5692,HLA-A*26:01,esm2_joint,locus,0,1.0,13696,0.26236426446749106,0.7400539
5693,HLA-A*26:01,esm2_joint,locus,0,1.0,13696,1.0296194171811583,0.57718396
5694,HLA-A*26:01,esm2_joint,locus,0,1.0,13696,0.7884573603642702,0.19981128
5695,HLA-A*26:01,esm2_joint,locus,0,1.0,13696,0.4054651081081644,0.3381887
5696,HLA-A*26:01,esm2_joint,locus,0,1.0,13696,0.9555114450274363,0.7838042
5697,HLA-A*26:01,esm2_joint,locus,0,1.0,13696,0.5306282510621704,0.6216991
5711,HLA-A*29:02,esm2_joint,locus,0,1.0,13696,0.7419373447293773,1.3303412
5712,HLA-A*29:02,esm2_joint,locus,0,1.0,13696,0.6931471805599453,0.7533313
5713,HLA-A*29:02,esm2_joint,locus,0,1.0,13696,2.8735646395797834,0.14467937
5714,HLA-A*29:02,esm2_joint,locus,0,1.0,13696,0.26236426446749106,1.105893
5715,HLA-A*29:02,esm2_joint,locus,0,1.0,13696,1.0296194171811583,1.1521776
5716,HLA-A*29:02,esm2_joint,locus,0,1.0,13696,2.1400661634962708,0.89832723
5717,HLA-A*29:02,esm2_joint,locus,0,1.0,13696,2.9014215940827497,0.98707473
5718,HLA-A*29:02,esm2_joint,locus,0,1.0,13696,2.6390573296152584,1.4260275
5719,HLA-A*29:02,esm2_joint,locus,0,1.0,13696,1.252762968495368,1.0118167
5720,HLA-A*29:02,esm2_joint,locus,0,1.0,13696,2.827313621929028,1.2436218
5721,HLA-A*02:01,esm2_joint,locus,0,1.0,13696,2.451005098112319,0.5546696
5722,HLA-A*02:01,esm2_joint,locus,0,1.0,13696,1.9600947840472698,0.24388021
5723,HLA-A*02:01,esm2_joint,locus,0,1.0,13696,0.7419373447293773,0.2650934
5724,HLA-A*02:01,esm2_joint,locus,0,1.0,13696,0.33647223662121295,0.3144949
5725,HLA-A*02:01,esm2_joint,locus,0,1.0,13696,3.104586678466073,0.28671843
5726,HLA-A*02:01,esm2_joint,locus,0,1.0,13696,0.18232155679395465,-0.22224206
5727,HLA-A*24:03,esm2_joint,locus,0,1.0,13696,2.2300144001592104,-0.07508582
5728,HLA-A*24:03,esm2_joint,locus,0,1.0,13696,2.9601050959108397,0.25908047
5729,HLA-A*24:03,esm2_joint,locus,0,1.0,13696,0.7419373447293773,0.6009191
5730,HLA-A*24:03,esm2_joint,locus,0,1.0,13696,0.26236426446749106,1.1787941
5731,HLA-A*24:03,esm2_joint,locus,0,1.0,13696,0.6931471805599453,0.39548177
5732,HLA-A*24:03,esm2_joint,locus,0,1.0,13696,0.5877866649021191,1.1109927
5733,HLA-A*24:03,esm2_joint,locus,0,1.0,13696,1.0296194171811583,0.81768477
5734,HLA-A*24:03,esm2_joint,locus,0,1.0,13696,3.299533727885655,1.0363513
5735,HLA-A*24:03,esm2_joint,locus,0,1.0,13696,0.18232155679395465,0.47437745
5736,HLA-A*24:03,esm2_joint,locus,0,1.0,13696,0.5877866649021191,0.5001237
5737,HLA-A*24:03,esm2_joint,locus,0,1.0,13696,2.6461747973841225,0.63602746
5738,HLA-A*24:03,esm2_joint,locus,0,1.0,13696,2.1633230256605382,0.05896914
5739,HLA-A*24:03,esm2_joint,locus,0,1.0,13696,0.5877866649021191,0.44868976
5740,HLA-A*24:03,esm2_joint,locus,0,1.0,13696,0.18232155679395465,0.26607794
5741,HLA-A*29:02,esm2_joint,locus,0,1.0,13696,2.667228206581955,0.68442076
5742,HLA-A*29:02,esm2_joint,locus,0,1.0,13696,2.1633230256605382,0.90283465
5743,HLA-A*29:02,esm2_joint,locus,0,1.0,13696,1.9600947840472698,0.42205006
5744,HLA-A*29:02,esm2_joint,locus,0,1.0,13696,0.4054651081081644,1.0268178
5745,HLA-A*29:02,esm2_joint,locus,0,1.0,13696,0.5877866649021191,0.72335064
5746,HLA-A*29:02,esm2_joint,locus,0,1.0,13696,1.0647107369924282,0.8211324
5747,HLA-A*29:02,esm2_joint,locus,0,1.0,13696,0.5306282510621704,1.1443355
5748,HLA-A*29:02,esm2_joint,locus,0,1.0,13696,0.4700036292457355,1.1829122
5753,HLA-A*24:03,esm2_joint,locus,0,1.0,13696,0.33647223662121295,0.16608447
5754,HLA-A*24:03,esm2_joint,locus,0,1.0,13696,2.186051276738094,-0.38887423
5755,HLA-A*24:03,esm2_joint,locus,0,1.0,13696,3.380994674344636,0.5195092
5756,HLA-A*24:03,esm2_joint,locus,0,1.0,13696,0.4054651081081644,0.9509073
5757,HLA-A*24:03,esm2_joint,locus,0,1.0,13696,1.6486586255873816,0.47427195
5758,HLA-A*24:03,esm2_joint,locus,0,1.0,13696,0.18232155679395465,-0.4449312
5759,HLA-A*24:03,esm2_joint,locus,0,1.0,13696,0.7884573603642702,0.5128281
5760,HLA-A*24:03,esm2_joint,locus,0,1.0,13696,1.2809338454620642,0.07301158
5761,HLA-A*24:03,esm2_joint,locus,0,1.0,13696,2.681021528714291,0.40240365
5762,HLA-A*24:03,esm2_joint,locus,0,1.0,13696,0.4700036292457355,0.4941131
5763,HLA-A*24:03,esm2_joint,locus,0,1.0,13696,0.7884573603642702,0.47380126
5764,HLA-A*24:02,esm2_joint,locus,0,1.0,13696,1.9878743481543455,0.35709757
5765,HLA-A*24:02,esm2_joint,locus,0,1.0,13696,3.2809112157876537,1.5277126
5766,HLA-A*24:02,esm2_joint,locus,0,1.0,13696,3.1179499062782403,1.1605682
5767,HLA-A*24:02,esm2_joint,locus,0,1.0,13696,3.4657359027997265,0.8211576
5768,HLA-A*24:02,esm2_joint,locus,0,1.0,13696,2.9601050959108397,1.0858027
5769,HLA-A*24:02,esm2_joint,locus,0,1.0,13696,3.6109179126442243,1.4244273
5770,HLA-A*24:02,esm2_joint,locus,0,1.0,13696,2.6026896854443837,1.0126591
5771,HLA-A*24:02,esm2_joint,locus,0,1.0,13696,1.667706820558076,0.62351036
5772,HLA-A*24:02,esm2_joint,locus,0,1.0,13696,2.714694743820879,0.86649626
5773,HLA-A*24:02,esm2_joint,locus,0,1.0,13696,3.3655702040190043,1.2327433
5774,HLA-A*24:02,esm2_joint,locus,0,1.0,13696,2.0412203288596382,0.15497869
5775,HLA-A*24:02,esm2_joint,locus,0,1.0,13696,2.3608540011180215,0.80401206
5776,HLA-A*24:02,esm2_joint,locus,0,1.0,13696,2.388762789235098,0.39044243
5777,HLA-A*24:02,esm2_joint,locus,0,1.0,13696,2.806386101823072,-0.25624317
5792,HLA-A*23:01,esm2_joint,locus,0,1.0,13696,3.3877743613300146,0.78214025
5793,HLA-A*23:01,esm2_joint,locus,0,1.0,13696,2.797281334830153,0.2801057
5794,HLA-A*23:01,esm2_joint,locus,0,1.0,13696,2.2300144001592104,0.65570515
5795,HLA-A*23:01,esm2_joint,locus,0,1.0,13696,0.5877866649021191,0.6303887
5796,HLA-A*23:01,esm2_joint,locus,0,1.0,13696,2.2192034840549946,0.92340827
5797,HLA-A*23:01,esm2_joint,locus,0,1.0,13696,1.8082887711792655,1.092991
5798,HLA-A*23:01,esm2_joint,locus,0,1.0,13696,2.9652730660692823,0.64759755
5799,HLA-A*11:01,esm2_joint,locus,0,1.0,13696,3.871201010907891,1.1916963
5800,HLA-A*11:01,esm2_joint,locus,0,1.0,13696,3.768152635008444,1.2176652
5801,HLA-A*11:01,esm2_joint,locus,0,1.0,13696,2.312535423847214,0.6326184
5802,HLA-A*11:01,esm2_joint,locus,0,1.0,13696,0.5306282510621704,0.29082543
5803,HLA-A*11:01,esm2_joint,locus,0,1.0,13696,0.18232155679395465,1.0179334
5804,HLA-A*11:01,esm2_joint,locus,0,1.0,13696,0.4382549309311553,1.2643858
5815,HLA-A*24:02,esm2_joint,locus,0,1.0,13696,3.3877743613300146,1.3576651
5816,HLA-A*29:02,esm2_joint,locus,0,1.0,13696,3.2068032436339315,0.8646895
5827,HLA-A*66:01,esm2_joint,locus,0,1.0,13696,0.6931471805599453,0.8328232
5828,HLA-A*66:01,esm2_joint,locus,0,1.0,13696,0.5306282510621704,0.70400107
5829,HLA-A*66:01,esm2_joint,locus,0,1.0,13696,1.840549633397487,1.0125808
5830,HLA-A*66:01,esm2_joint,locus,0,1.0,13696,0.26236426446749106,0.5725034
5831,HLA-A*66:01,esm2_joint,locus,0,1.0,13696,0.18232155679395465,0.8758384
5832,HLA-A*66:01,esm2_joint,locus,0,1.0,13696,0.33647223662121295,0.8627795
5846,HLA-A*02:01,esm2_joint,locus,0,1.0,13696,0.09531017980432487,0.09790766
5847,HLA-A*29:02,esm2_joint,locus,0,1.0,13696,0.0,1.3175958
5848,HLA-A*66:01,esm2_joint,locus,0,1.0,13696,0.0,1.0804718
5849,HLA-A*29:02,esm2_joint,locus,0,1.0,13696,0.26236426446749106,1.2850573
5851,HLA-A*66:01,esm2_joint,locus,0,1.0,13696,0.0,0.86884916
5857,HLA-A*02:01,esm2_joint,locus,0,1.0,13696,0.09531017980432487,0.6861622
5860,HLA-A*02:01,esm2_joint,locus,0,1.0,13696,0.09531017980432487,0.61662805
5866,HLA-A*30:02,esm2_joint,locus,0,1.0,13696,0.18232155679395465,0.1996603
5869,HLA-A*02:01,esm2_joint,locus,0,1.0,13696,2.302585092994046,0.15061998
5872,HLA-A*66:01,esm2_joint,locus,0,1.0,13696,0.0,1.0238693
5905,HLA-A*02:01,esm2_joint,locus,0,1.0,13696,2.8154087194227095,0.79509175
5906,HLA-A*02:01,esm2_joint,locus,0,1.0,13696,0.33647223662121295,0.394059
5907,HLA-A*02:01,esm2_joint,locus,0,1.0,13696,1.2809338454620642,0.52399874
5908,HLA-A*02:01,esm2_joint,locus,0,1.0,13696,0.4700036292457355,0.056863606
5909,HLA-A*02:01,esm2_joint,locus,0,1.0,13696,0.6418538861723948,0.47072077
5910,HLA-A*02:01,esm2_joint,locus,0,1.0,13696,1.1939224684724346,0.5651156
5911,HLA-A*02:01,esm2_joint,locus,0,1.0,13696,1.0986122886681098,0.39542103
5912,HLA-A*02:01,esm2_joint,locus,0,1.0,13696,1.6863989535702288,0.0026310682
5913,HLA-A*02:01,esm2_joint,locus,0,1.0,13696,1.0296194171811583,0.105506
5914,HLA-A*02:01,esm2_joint,locus,0,1.0,13696,3.261935314328648,0.34604496
5915,HLA-A*02:01,esm2_joint,locus,0,1.0,13696,1.1939224684724346,1.0499117
5916,HLA-A*02:01,esm2_joint,locus,0,1.0,13696,0.6931471805599453,-0.04317206
5917,HLA-A*02:01,esm2_joint,locus,0,1.0,13696,0.33647223662121295,0.014488518
5918,HLA-A*02:01,esm2_joint,locus,0,1.0,13696,1.0296194171811583,-0.1369372
5919,HLA-A*02:01,esm2_joint,locus,0,1.0,13696,0.9162907318741551,0.6378368
5920,HLA-A*02:01,esm2_joint,locus,0,1.0,13696,1.3609765531356006,0.42807275
5921,HLA-A*02:01,esm2_joint,locus,0,1.0,13696,0.33647223662121295,0.23577511
5922,HLA-A*02:01,esm2_joint,locus,0,1.0,13696,2.580216829592325,0.29346305
5923,HLA-A*02:01,esm2_joint,locus,0,1.0,13696,1.4350845252893227,0.7405597
5924,HLA-A*02:01,esm2_joint,locus,0,1.0,13696,3.152736022363656,0.1798206
5925,HLA-A*02:01,esm2_joint,locus,0,1.0,13696,0.5306282510621704,-0.3006764
5926,HLA-A*02:01,esm2_joint,locus,0,1.0,13696,1.5686159179138452,0.71098906
5927,HLA-A*02:01,esm2_joint,locus,0,1.0,13696,1.1631508098056809,1.1939691
5928,HLA-A*02:01,esm2_joint,locus,0,1.0,13696,1.0296194171811583,0.22396183
5929,HLA-A*02:01,esm2_joint,locus,0,1.0,13696,3.077312260546414,0.3329568
5930,HLA-A*26:01,esm2_joint,locus,0,1.0,13696,0.33647223662121295,0.38891494
5931,HLA-A*26:01,esm2_joint,locus,0,1.0,13696,0.18232155679395465,0.5452431
5932,HLA-A*26:01,esm2_joint,locus,0,1.0,13696,0.18232155679395465,0.06191665
5933,HLA-A*26:01,esm2_joint,locus,0,1.0,13696,0.33647223662121295,0.1927287
5934,HLA-A*26:01,esm2_joint,locus,0,1.0,13696,3.1179499062782403,0.5821929
5935,HLA-A*26:01,esm2_joint,locus,0,1.0,13696,0.4700036292457355,0.89816165
5936,HLA-A*26:01,esm2_joint,locus,0,1.0,13696,0.5877866649021191,0.096346855
5937,HLA-A*26:01,esm2_joint,locus,0,1.0,13696,0.7884573603642702,0.72001994
5938,HLA-A*26:01,esm2_joint,locus,0,1.0,13696,1.2809338454620642,0.43029332
5939,HLA-A*26:01,esm2_joint,locus,0,1.0,13696,1.589235205116581,1.0237126
5940,HLA-A*26:01,esm2_joint,locus,0,1.0,13696,0.4700036292457355,0.5275627
5941,HLA-A*26:01,esm2_joint,locus,0,1.0,13696,0.33647223662121295,0.6955153
5942,HLA-A*26:01,esm2_joint,locus,0,1.0,13696,0.26236426446749106,0.5415989
5943,HLA-A*26:01,esm2_joint,locus,0,1.0,13696,0.8754687373538999,0.69933116
5944,HLA-A*26:01,esm2_joint,locus,0,1.0,13696,0.33647223662121295,0.86839706
5945,HLA-A*26:01,esm2_joint,locus,0,1.0,13696,0.4700036292457355,0.34557915
5946,HLA-A*26:01,esm2_joint,locus,0,1.0,13696,0.5877866649021191,0.653788
5947,HLA-A*26:01,esm2_joint,locus,0,1.0,13696,1.1631508098056809,0.6303431
5948,HLA-A*26:01,esm2_joint,locus,0,1.0,13696,0.7419373447293773,0.64582986
5949,HLA-A*26:01,esm2_joint,locus,0,1.0,13696,0.4700036292457355,0.682456
5950,HLA-A*26:01,esm2_joint,locus,0,1.0,13696,0.18232155679395465,0.49742305
5951,HLA-A*26:01,esm2_joint,locus,0,1.0,13696,2.4423470353692043,0.29473913
5952,HLA-A*26:01,esm2_joint,locus,0,1.0,13696,2.128231705849268,0.5938361
5953,HLA-A*26:01,esm2_joint,locus,0,1.0,13696,0.4700036292457355,0.96535283
5961,HLA-A*03:01,esm2_joint,locus,0,1.0,13696,0.0,1.177019
5962,HLA-A*03:01,esm2_joint,locus,0,1.0,13696,0.7884573603642702,0.7823736
5963,HLA-A*03:01,esm2_joint,locus,0,1.0,13696,0.4700036292457355,0.06301719
5964,HLA-A*03:01,esm2_joint,locus,0,1.0,13696,0.0,0.68178266
5965,HLA-A*03:01,esm2_joint,locus,0,1.0,13696,3.295836866004329,1.0585961
5969,HLA-A*03:01,esm2_joint,locus,0,1.0,13696,0.18232155679395465,1.240238
5970,HLA-A*03:01,esm2_joint,locus,0,1.0,13696,0.4054651081081644,0.6864308
5971,HLA-A*03:01,esm2_joint,locus,0,1.0,13696,0.18232155679395465,0.17471516
5972,HLA-A*03:01,esm2_joint,locus,0,1.0,13696,1.547562508716013,0.9520356
5973,HLA-A*03:01,esm2_joint,locus,0,1.0,13696,0.4700036292457355,0.7832117
5974,HLA-A*03:01,esm2_joint,locus,0,1.0,13696,0.26236426446749106,0.6486004
5975,HLA-A*03:01,esm2_joint,locus,0,1.0,13696,1.2809338454620642,0.87453234
5976,HLA-A*03:01,esm2_joint,locus,0,1.0,13696,0.5877866649021191,0.8784723
5977,HLA-A*03:01,esm2_joint,locus,0,1.0,13696,0.0,1.4305186
6005,HLA-A*30:02,esm2_joint,locus,0,1.0,13696,2.0412203288596382,0.60542524
6006,HLA-A*30:02,esm2_joint,locus,0,1.0,13696,0.18232155679395465,0.68353224
6007,HLA-A*30:02,esm2_joint,locus,0,1.0,13696,0.33647223662121295,0.3323456
6008,HLA-A*30:02,esm2_joint,locus,0,1.0,13696,1.4350845252893227,0.6604898
6009,HLA-A*30:02,esm2_joint,locus,0,1.0,13696,0.9162907318741551,0.99046004
6010,HLA-A*30:02,esm2_joint,locus,0,1.0,13696,2.791165107812717,0.8184955
6011,HLA-A*30:02,esm2_joint,locus,0,1.0,13696,1.1631508098056809,0.7188235
6012,HLA-A*24:03,esm2_joint,locus,0,1.0,13696,0.26236426446749106,0.5396413
6013,HLA-A*24:03,esm2_joint,locus,0,1.0,13696,0.33647223662121295,1.117384
6014,HLA-A*24:03,esm2_joint,locus,0,1.0,13696,0.4700036292457355,0.7959531
6015,HLA-A*24:03,esm2_joint,locus,0,1.0,13696,0.5306282510621704,0.41791278
6016,HLA-A*24:03,esm2_joint,locus,0,1.0,13696,1.824549292051046,0.6790832
6017,HLA-A*24:03,esm2_joint,locus,0,1.0,13696,0.33647223662121295,1.1353382
6037,HLA-A*24:03,esm2_joint,locus,0,1.0,13696,2.9652730660692823,0.2543555
6038,HLA-A*24:03,esm2_joint,locus,0,1.0,13696,1.6863989535702288,0.4151898
6039,HLA-A*24:03,esm2_joint,locus,0,1.0,13696,2.1400661634962708,0.43173796
6040,HLA-A*24:03,esm2_joint,locus,0,1.0,13696,1.4350845252893227,0.7199898
6041,HLA-A*24:03,esm2_joint,locus,0,1.0,13696,2.2082744135228043,0.6562752
6042,HLA-A*24:03,esm2_joint,locus,0,1.0,13696,3.086486636822455,0.66514784
6043,HLA-A*24:03,esm2_joint,locus,0,1.0,13696,1.2237754316221157,1.4749597
6044,HLA-A*24:03,esm2_joint,locus,0,1.0,13696,1.5040773967762742,0.11623627
6045,HLA-A*24:03,esm2_joint,locus,0,1.0,13696,0.4700036292457355,0.43769622
6046,HLA-A*24:03,esm2_joint,locus,0,1.0,13696,0.6418538861723948,0.49310422
6090,HLA-A*29:02,esm2_joint,locus,0,1.0,13696,0.4700036292457355,0.17824149
6091,HLA-A*29:02,esm2_joint,locus,0,1.0,13696,0.5877866649021191,0.8600912
6092,HLA-A*29:02,esm2_joint,locus,0,1.0,13696,0.26236426446749106,1.1542712
6126,HLA-A*24:02,esm2_joint,locus,0,1.0,13696,1.824549292051046,0.39686644
6127,HLA-A*24:02,esm2_joint,locus,0,1.0,13696,3.374168709274236,0.98295903
6128,HLA-A*24:02,esm2_joint,locus,0,1.0,13696,3.4291367503513968,0.26460153
6129,HLA-A*24:02,esm2_joint,locus,0,1.0,13696,2.060513531794317,0.3116513
6130,HLA-A*24:02,esm2_joint,locus,0,1.0,13696,3.150596984114906,0.41618687
6131,HLA-A*24:02,esm2_joint,locus,0,1.0,13696,1.8164520818184267,0.88858294
6132,HLA-A*24:02,esm2_joint,locus,0,1.0,13696,2.4159137783010487,0.14533931
6133,HLA-A*24:02,esm2_joint,locus,0,1.0,13696,3.462606009790799,0.7378389
6134,HLA-A*24:02,esm2_joint,locus,0,1.0,13696,3.3178157727231046,0.54575795
6135,HLA-A*24:02,esm2_joint,locus,0,1.0,13696,3.6041382256588457,0.9238905
6136,HLA-A*24:02,esm2_joint,locus,0,1.0,13696,3.159125820462427,0.9317865
6137,HLA-A*24:02,esm2_joint,locus,0,1.0,13696,2.4159137783010487,0.35709566
6138,HLA-A*24:02,esm2_joint,locus,0,1.0,13696,2.9231615807191558,0.74481237
6139,HLA-A*24:02,esm2_joint,locus,0,1.0,13696,3.224857896545748,0.62766355
6140,HLA-A*24:02,esm2_joint,locus,0,1.0,13696,3.3375473545856993,0.7669976
6141,HLA-A*24:02,esm2_joint,locus,0,1.0,13696,2.509599262378372,0.9560287
6142,HLA-A*24:02,esm2_joint,locus,0,1.0,13696,2.7245795030534206,0.36455244
6143,HLA-A*24:02,esm2_joint,locus,0,1.0,13696,3.2128577525426376,0.6560894
6144,HLA-A*24:02,esm2_joint,locus,0,1.0,13696,2.972975286431375,0.17009383
6145,HLA-A*24:02,esm2_joint,locus,0,1.0,13696,3.258096538021482,0.6283786
6146,HLA-A*24:02,esm2_joint,locus,0,1.0,13696,2.812410216426453,0.20269406
6147,HLA-A*24:02,esm2_joint,locus,0,1.0,13696,3.6230067099632284,1.073783
6148,HLA-A*24:02,esm2_joint,locus,0,1.0,13696,3.7623622308737397,0.7440887
6149,HLA-A*24:02,esm2_joint,locus,0,1.0,13696,2.8820035082256483,0.62600815
6150,HLA-A*24:02,esm2_joint,locus,0,1.0,13696,3.3105430133940246,0.8393858
6151,HLA-A*24:02,esm2_joint,locus,0,1.0,13696,2.9652730660692823,0.78062546
6152,HLA-A*24:02,esm2_joint,locus,0,1.0,13696,3.845883202923601,0.73669577
6153,HLA-A*24:02,esm2_joint,locus,0,1.0,13696,3.367295829986474,0.75688344
6154,HLA-A*24:02,esm2_joint,locus,0,1.0,13696,2.028148247292285,0.3307786
6155,HLA-A*24:02,esm2_joint,locus,0,1.0,13696,1.6094379124341003,0.4758004
6156,HLA-A*24:02,esm2_joint,locus,0,1.0,13696,3.232778730037192,0.5432557
6157,HLA-A*24:02,esm2_joint,locus,0,1.0,13696,3.2809112157876537,0.9313605
6158,HLA-A*24:02,esm2_joint,locus,0,1.0,13696,2.975529566236472,-0.090869725
6159,HLA-A*24:02,esm2_joint,locus,0,1.0,13696,0.4700036292457355,0.9072941
6160,HLA-A*24:02,esm2_joint,locus,0,1.0,13696,2.2975725511705014,0.808894
6161,HLA-A*24:02,esm2_joint,locus,0,1.0,13696,0.9162907318741551,0.20407748
6162,HLA-A*24:02,esm2_joint,locus,0,1.0,13696,2.624668592163159,0.15385252
6163,HLA-A*24:03,esm2_joint,locus,0,1.0,13696,0.33647223662121295,0.3827122
6164,HLA-A*24:03,esm2_joint,locus,0,1.0,13696,1.5686159179138452,0.5801519
6165,HLA-A*24:03,esm2_joint,locus,0,1.0,13696,1.7578579175523736,0.58808744
6174,HLA-A*30:02,esm2_joint,locus,0,1.0,13696,0.5306282510621704,0.4032349
6175,HLA-A*30:02,esm2_joint,locus,0,1.0,13696,0.18232155679395465,0.5557218
6176,HLA-A*30:02,esm2_joint,locus,0,1.0,13696,0.7419373447293773,0.59264493
6177,HLA-A*30:02,esm2_joint,locus,0,1.0,13696,0.18232155679395465,0.5816024
6236,HLA-A*02:01,esm2_joint,locus,0,1.0,13696,2.6390573296152584,0.03642744
6237,HLA-A*02:01,esm2_joint,locus,0,1.0,13696,3.044522437723423,0.15645993
6238,HLA-A*02:01,esm2_joint,locus,0,1.0,13696,1.9600947840472698,-0.33786958
6239,HLA-A*02:01,esm2_joint,locus,0,1.0,13696,0.33647223662121295,0.35374594
6240,HLA-A*02:01,esm2_joint,locus,0,1.0,13696,0.33647223662121295,0.63338995
6241,HLA-A*02:01,esm2_joint,locus,0,1.0,13696,2.5257286443082556,0.6105171
6242,HLA-A*02:01,esm2_joint,locus,0,1.0,13696,2.322387720290225,0.23107833
6243,HLA-A*02:01,esm2_joint,locus,0,1.0,13696,2.8678989020441064,1.1279695
6244,HLA-A*02:01,esm2_joint,locus,0,1.0,13696,0.4054651081081644,0.69405115
6245,HLA-A*02:01,esm2_joint,locus,0,1.0,13696,2.8449093838194073,1.1414431
6246,HLA-A*02:01,esm2_joint,locus,0,1.0,13696,0.9162907318741551,0.32669926
6247,HLA-A*02:01,esm2_joint,locus,0,1.0,13696,3.100092288878234,0.603547
6248,HLA-A*02:01,esm2_joint,locus,0,1.0,13696,0.4054651081081644,0.45568568
6249,HLA-A*02:01,esm2_joint,locus,0,1.0,13696,0.26236426446749106,0.3218423
6250,HLA-A*02:01,esm2_joint,locus,0,1.0,13696,1.7749523509116738,0.41304642
6251,HLA-A*02:01,esm2_joint,locus,0,1.0,13696,2.0014800002101243,0.44727355
6252,HLA-A*02:01,esm2_joint,locus,0,1.0,13696,0.26236426446749106,0.57071745
6253,HLA-A*02:01,esm2_joint,locus,0,1.0,13696,1.2809338454620642,-0.33323663
6254,HLA-A*02:01,esm2_joint,locus,0,1.0,13696,1.0986122886681098,0.46838188
6255,HLA-A*02:01,esm2_joint,locus,0,1.0,13696,1.0647107369924282,0.14222884
6256,HLA-A*02:01,esm2_joint,locus,0,1.0,13696,2.2617630984737906,0.29497558
6257,HLA-A*02:01,esm2_joint,locus,0,1.0,13696,1.5260563034950494,0.3214832
6258,HLA-A*02:01,esm2_joint,locus,0,1.0,13696,0.5306282510621704,0.33243787
6259,HLA-A*02:01,esm2_joint,locus,0,1.0,13696,0.6931471805599453,0.47831562
6260,HLA-A*02:01,esm2_joint,locus,0,1.0,13696,1.308332819650179,0.6128967
6261,HLA-A*02:01,esm2_joint,locus,0,1.0,13696,1.1631508098056809,-0.2757929
6262,HLA-A*02:01,esm2_joint,locus,0,1.0,13696,1.840549633397487,0.21447915
6263,HLA-A*02:01,esm2_joint,locus,0,1.0,13696,0.4054651081081644,-0.2001875
6264,HLA-A*02:01,esm2_joint,locus,0,1.0,13696,1.6486586255873816,0.24236691
6265,HLA-A*02:01,esm2_joint,locus,0,1.0,13696,1.3862943611198906,0.6468322
6266,HLA-A*02:01,esm2_joint,locus,0,1.0,13696,1.0986122886681098,0.19929832
6267,HLA-A*02:01,esm2_joint,locus,0,1.0,13696,3.186352633162641,0.9198288
6268,HLA-A*02:01,esm2_joint,locus,0,1.0,13696,1.3609765531356006,-0.2428227
6269,HLA-A*24:02,esm2_joint,locus,0,1.0,13696,3.1986731175506815,0.4207027
6270,HLA-A*24:02,esm2_joint,locus,0,1.0,13696,1.3737155789130306,0.73321724
6271,HLA-A*24:02,esm2_joint,locus,0,1.0,13696,3.139832617527748,0.62819177
6272,HLA-A*24:02,esm2_joint,locus,0,1.0,13696,0.4054651081081644,1.113349
6273,HLA-A*24:02,esm2_joint,locus,0,1.0,13696,3.288401887516811,0.3275481
6274,HLA-A*24:02,esm2_joint,locus,0,1.0,13696,0.9555114450274363,0.7411033
6275,HLA-A*24:02,esm2_joint,locus,0,1.0,13696,0.26236426446749106,0.84850997
6276,HLA-A*24:02,esm2_joint,locus,0,1.0,13696,1.2237754316221157,0.7231059
6277,HLA-A*24:02,esm2_joint,locus,0,1.0,13696,0.33647223662121295,-0.41974646
6278,HLA-A*24:02,esm2_joint,locus,0,1.0,13696,0.6418538861723948,0.5793409
6343,HLA-A*02:50,esm2_joint,locus,0,1.0,13696,2.2512917986064953,0.2938624
6344,HLA-A*02:50,esm2_joint,locus,0,1.0,13696,0.7884573603642702,0.5578253
6345,HLA-A*02:50,esm2_joint,locus,0,1.0,13696,2.833213344056216,0.91328955
6346,HLA-A*02:50,esm2_joint,locus,0,1.0,13696,0.4054651081081644,0.53555983
6347,HLA-A*02:50,esm2_joint,locus,0,1.0,13696,2.302585092994046,-0.12794524
6348,HLA-A*02:50,esm2_joint,locus,0,1.0,13696,0.9555114450274363,0.39189327
6349,HLA-A*02:50,esm2_joint,locus,0,1.0,13696,2.9069010598473755,0.28395802
6350,HLA-A*02:50,esm2_joint,locus,0,1.0,13696,3.169685580677429,0.25203174
6351,HLA-A*02:50,esm2_joint,locus,0,1.0,13696,2.91235066461494,0.45810407
6352,HLA-A*02:50,esm2_joint,locus,0,1.0,13696,1.0647107369924282,0.5402181
6353,HLA-A*02:50,esm2_joint,locus,0,1.0,13696,0.5306282510621704,0.27080947
6354,HLA-A*02:50,esm2_joint,locus,0,1.0,13696,1.2237754316221157,0.39869684
6355,HLA-A*02:50,esm2_joint,locus,0,1.0,13696,2.272125885509337,0.29341537
6356,HLA-A*02:50,esm2_joint,locus,0,1.0,13696,3.095577608523707,0.12596017
6357,HLA-A*02:50,esm2_joint,locus,0,1.0,13696,2.5494451709255714,0.6503465
6358,HLA-A*02:50,esm2_joint,locus,0,1.0,13696,3.091042453358316,1.0329583
6359,HLA-A*02:50,esm2_joint,locus,0,1.0,13696,2.833213344056216,0.49573535
6360,HLA-A*02:50,esm2_joint,locus,0,1.0,13696,2.791165107812717,0.29401785
6361,HLA-A*02:50,esm2_joint,locus,0,1.0,13696,2.0412203288596382,0.35726488
6362,HLA-A*02:50,esm2_joint,locus,0,1.0,13696,1.824549292051046,-0.14724964
6363,HLA-A*02:50,esm2_joint,locus,0,1.0,13696,2.8791984572980396,0.277057
6386,HLA-A*02:01,esm2_joint,locus,0,1.0,13696,0.9932517730102833,0.13453025
6387,HLA-A*02:01,esm2_joint,locus,0,1.0,13696,0.9162907318741551,0.21790236
6388,HLA-A*02:01,esm2_joint,locus,0,1.0,13696,0.18232155679395465,0.39222652
6389,HLA-A*30:01,esm2_joint,locus,0,1.0,13696,1.840549633397487,1.2526901
6390,HLA-A*30:01,esm2_joint,locus,0,1.0,13696,0.9555114450274363,1.2272025
6391,HLA-A*30:01,esm2_joint,locus,0,1.0,13696,0.26236426446749106,0.5367656
6392,HLA-A*30:01,esm2_joint,locus,0,1.0,13696,4.383275854074314,0.9135891
6400,HLA-A*11:01,esm2_joint,locus,0,1.0,13696,0.33647223662121295,1.226796
6401,HLA-A*11:01,esm2_joint,locus,0,1.0,13696,1.308332819650179,1.1441567
6402,HLA-A*11:01,esm2_joint,locus,0,1.0,13696,2.388762789235098,1.1149431
6403,HLA-A*26:01,esm2_joint,locus,0,1.0,13696,0.6418538861723948,0.89687335
6408,HLA-A*02:01,esm2_joint,locus,0,1.0,13696,0.4700036292457355,-0.11697191
6409,HLA-A*11:01,esm2_joint,locus,0,1.0,13696,0.0,0.6390511
6410,HLA-A*11:01,esm2_joint,locus,0,1.0,13696,0.18232155679395465,0.9589963
6411,HLA-A*11:01,esm2_joint,locus,0,1.0,13696,0.18232155679395465,1.0399177
6417,HLA-A*03:01,esm2_joint,locus,0,1.0,13696,0.33647223662121295,1.2612233
6418,HLA-A*03:01,esm2_joint,locus,0,1.0,13696,0.18232155679395465,1.2183809
6419,HLA-A*03:01,esm2_joint,locus,0,1.0,13696,0.4700036292457355,0.89594185
6420,HLA-A*03:01,esm2_joint,locus,0,1.0,13696,0.0,0.26474518
6421,HLA-A*03:01,esm2_joint,locus,0,1.0,13696,0.18232155679395465,0.74849546
6422,HLA-A*03:01,esm2_joint,locus,0,1.0,13696,0.832909122935104,1.1818852
6423,HLA-A*03:01,esm2_joint,locus,0,1.0,13696,0.0,0.9795166
6424,HLA-A*03:01,esm2_joint,locus,0,1.0,13696,0.0,1.357875
6425,HLA-A*03:01,esm2_joint,locus,0,1.0,13696,0.9162907318741551,1.0807225
6426,HLA-A*03:01,esm2_joint,locus,0,1.0,13696,1.8718021769015913,1.2921598
6427,HLA-A*03:01,esm2_joint,locus,0,1.0,13696,2.5726122302071057,0.7553152
6428,HLA-A*03:01,esm2_joint,locus,0,1.0,13696,1.8562979903656263,1.2518181
6429,HLA-A*03:01,esm2_joint,locus,0,1.0,13696,0.18232155679395465,1.1364288
6430,HLA-A*03:01,esm2_joint,locus,0,1.0,13696,0.09531017980432487,1.0858756
6431,HLA-A*03:01,esm2_joint,locus,0,1.0,13696,0.0,0.37485594
6432,HLA-A*03:01,esm2_joint,locus,0,1.0,13696,0.09531017980432487,0.25810516
6433,HLA-A*03:01,esm2_joint,locus,0,1.0,13696,1.410986973710262,0.824882
6434,HLA-A*03:01,esm2_joint,locus,0,1.0,13696,0.18232155679395465,0.69863
6435,HLA-A*03:01,esm2_joint,locus,0,1.0,13696,0.33647223662121295,0.9818207
6436,HLA-A*03:01,esm2_joint,locus,0,1.0,13696,1.410986973710262,0.8199241
6437,HLA-A*03:01,esm2_joint,locus,0,1.0,13696,0.26236426446749106,1.6264887
6438,HLA-A*03:01,esm2_joint,locus,0,1.0,13696,0.0,1.327635
6439,HLA-A*03:01,esm2_joint,locus,0,1.0,13696,0.18232155679395465,0.6987275
6440,HLA-A*03:01,esm2_joint,locus,0,1.0,13696,3.332204510175204,1.0607679
6441,HLA-A*03:01,esm2_joint,locus,0,1.0,13696,0.0,0.65152174
6442,HLA-A*03:01,esm2_joint,locus,0,1.0,13696,0.18232155679395465,0.988903
6443,HLA-A*03:01,esm2_joint,locus,0,1.0,13696,0.09531017980432487,0.77592015
6444,HLA-A*03:01,esm2_joint,locus,0,1.0,13696,0.33647223662121295,1.1916409
6445,HLA-A*03:01,esm2_joint,locus,0,1.0,13696,1.3862943611198906,0.9851928
6446,HLA-A*03:01,esm2_joint,locus,0,1.0,13696,2.5649493574615367,1.084405
6447,HLA-A*03:01,esm2_joint,locus,0,1.0,13696,0.4054651081081644,1.6865662
6448,HLA-A*03:01,esm2_joint,locus,0,1.0,13696,0.0,1.4638709
6449,HLA-A*03:01,esm2_joint,locus,0,1.0,13696,0.7419373447293773,0.9799671
6450,HLA-A*03:01,esm2_joint,locus,0,1.0,13696,3.517497837358316,1.286458
6451,HLA-A*11:01,esm2_joint,locus,0,1.0,13696,1.547562508716013,1.1993036
6452,HLA-A*11:01,esm2_joint,locus,0,1.0,13696,0.4054651081081644,0.34850293
6502,HLA-A*29:02,esm2_joint,locus,0,1.0,13696,0.26236426446749106,1.1730305
6503,HLA-A*29:02,esm2_joint,locus,0,1.0,13696,1.589235205116581,1.003043
6505,HLA-A*23:01,esm2_joint,locus,0,1.0,13696,1.2237754316221157,1.0561274
6506,HLA-A*23:01,esm2_joint,locus,0,1.0,13696,0.9162907318741551,0.86311185
6507,HLA-A*26:01,esm2_joint,locus,0,1.0,13696,0.18232155679395465,0.8689267
6508,HLA-A*26:01,esm2_joint,locus,0,1.0,13696,0.33647223662121295,0.7009241
6509,HLA-A*26:01,esm2_joint,locus,0,1.0,13696,0.832909122935104,0.65581596
6510,HLA-A*26:01,esm2_joint,locus,0,1.0,13696,2.0412203288596382,0.61276126
6511,HLA-A*26:01,esm2_joint,locus,0,1.0,13696,0.4700036292457355,1.1875389
6512,HLA-A*26:01,esm2_joint,locus,0,1.0,13696,0.18232155679395465,0.13251156
6513,HLA-A*26:01,esm2_joint,locus,0,1.0,13696,0.18232155679395465,0.92419904
6525,HLA-A*31:01,esm2_joint,locus,0,1.0,13696,0.33647223662121295,0.6797544
6560,HLA-A*02:01,esm2_joint,locus,0,1.0,13696,1.308332819650179,0.53209794
6561,HLA-A*02:01,esm2_joint,locus,0,1.0,13696,1.2809338454620642,1.1095142
6562,HLA-A*02:01,esm2_joint,locus,0,1.0,13696,1.0647107369924282,0.6705289
6563,HLA-A*02:01,esm2_joint,locus,0,1.0,13696,1.0296194171811583,1.1062002
6564,HLA-A*02:01,esm2_joint,locus,0,1.0,13696,3.32862668882732,1.3404111
6565,HLA-A*02:01,esm2_joint,locus,0,1.0,13696,0.33647223662121295,0.8324201
6566,HLA-A*02:01,esm2_joint,locus,0,1.0,13696,0.33647223662121295,0.5804111
6567,HLA-A*02:01,esm2_joint,locus,0,1.0,13696,1.0986122886681098,0.26346773
6568,HLA-A*02:01,esm2_joint,locus,0,1.0,13696,1.2809338454620642,0.09314686
6569,HLA-A*02:01,esm2_joint,locus,0,1.0,13696,1.33500106673234,0.32028174
6570,HLA-A*02:01,esm2_joint,locus,0,1.0,13696,1.589235205116581,0.59081316
6571,HLA-A*02:01,esm2_joint,locus,0,1.0,13696,0.4054651081081644,0.16038734
6572,HLA-A*02:01,esm2_joint,locus,0,1.0,13696,1.4350845252893227,1.0741196
6573,HLA-A*02:01,esm2_joint,locus,0,1.0,13696,0.5306282510621704,0.68676543
6574,HLA-A*02:01,esm2_joint,locus,0,1.0,13696,0.7419373447293773,0.50761366
6575,HLA-A*02:01,esm2_joint,locus,0,1.0,13696,0.26236426446749106,0.5125491
6576,HLA-A*02:01,esm2_joint,locus,0,1.0,13696,2.388762789235098,0.0894025
6577,HLA-A*02:01,esm2_joint,locus,0,1.0,13696,0.4700036292457355,0.53869486
6578,HLA-A*02:01,esm2_joint,locus,0,1.0,13696,0.18232155679395465,0.45204383
6579,HLA-A*02:01,esm2_joint,locus,0,1.0,13696,0.6931471805599453,0.43318546
6580,HLA-A*02:01,esm2_joint,locus,0,1.0,13696,0.33647223662121295,0.31134063
6581,HLA-A*02:01,esm2_joint,locus,0,1.0,13696,0.9932517730102833,0.44938523
6582,HLA-A*02:01,esm2_joint,locus,0,1.0,13696,1.9600947840472698,0.6286128
6583,HLA-A*02:01,esm2_joint,locus,0,1.0,13696,0.8754687373538999,0.5259633
6584,HLA-A*02:01,esm2_joint,locus,0,1.0,13696,3.109060958860994,0.5627111
6585,HLA-A*02:01,esm2_joint,locus,0,1.0,13696,1.2237754316221157,1.4166074
6586,HLA-A*02:01,esm2_joint,locus,0,1.0,13696,0.18232155679395465,0.2543124
6587,HLA-A*02:01,esm2_joint,locus,0,1.0,13696,2.8622008809294686,0.36855668
6588,HLA-A*02:01,esm2_joint,locus,0,1.0,13696,3.0106208860477417,0.64497465
6589,HLA-A*02:01,esm2_joint,locus,0,1.0,13696,0.09531017980432487,0.22866237
6590,HLA-A*02:01,esm2_joint,locus,0,1.0,13696,0.26236426446749106,0.5755513
6591,HLA-A*02:01,esm2_joint,locus,0,1.0,13696,2.760009940032921,0.9192742
6592,HLA-A*02:01,esm2_joint,locus,0,1.0,13696,1.1314021114911006,0.31406957
6593,HLA-A*02:01,esm2_joint,locus,0,1.0,13696,0.6418538861723948,0.081142545
6594,HLA-A*02:01,esm2_joint,locus,0,1.0,13696,0.9932517730102833,0.40208477
6595,HLA-A*02:01,esm2_joint,locus,0,1.0,13696,1.0986122886681098,0.2823177
6596,HLA-A*02:01,esm2_joint,locus,0,1.0,13696,0.09531017980432487,-0.09578174
6597,HLA-A*02:01,esm2_joint,locus,0,1.0,13696,0.832909122935104,0.4038571
6598,HLA-A*02:01,esm2_joint,locus,0,1.0,13696,0.18232155679395465,0.31638062
6599,HLA-A*02:01,esm2_joint,locus,0,1.0,13696,1.667706820558076,0.03703296
6646,HLA-A*26:03,esm2_joint,locus,0,1.0,13696,0.0,0.35624802
6647,HLA-A*26:03,esm2_joint,locus,0,1.0,13696,1.7404661748405046,0.3076825
6648,HLA-A*02:03,esm2_joint,locus,0,1.0,13696,0.5306282510621704,0.2254005
6649,HLA-A*31:01,esm2_joint,locus,0,1.0,13696,3.367295829986474,0.85648704
6660,HLA-A*02:03,esm2_joint,locus,0,1.0,13696,3.2846635654062037,0.24010819
6661,HLA-A*02:03,esm2_joint,locus,0,1.0,13696,1.33500106673234,0.29761535
6662,HLA-A*02:03,esm2_joint,locus,0,1.0,13696,1.840549633397487,0.8509506
6663,HLA-A*11:01,esm2_joint,locus,0,1.0,13696,0.9555114450274363,1.0430181
6664,HLA-A*11:01,esm2_joint,locus,0,1.0,13696,0.4700036292457355,0.76732194
6665,HLA-A*11:01,esm2_joint,locus,0,1.0,13696,0.09531017980432487,1.0318189
6666,HLA-A*11:01,esm2_joint,locus,0,1.0,13696,0.4054651081081644,0.7453279
6667,HLA-A*11:01,esm2_joint,locus,0,1.0,13696,0.18232155679395465,0.84689754
6668,HLA-A*11:01,esm2_joint,locus,0,1.0,13696,1.9740810260220096,0.91807723
6669,HLA-A*11:01,esm2_joint,locus,0,1.0,13696,0.7419373447293773,0.36629325
6670,HLA-A*11:01,esm2_joint,locus,0,1.0,13696,1.5686159179138452,1.1359861
6671,HLA-A*11:01,esm2_joint,locus,0,1.0,13696,0.18232155679395465,1.2310934
6672,HLA-A*11:01,esm2_joint,locus,0,1.0,13696,0.18232155679395465,1.0090382
6673,HLA-A*11:01,esm2_joint,locus,0,1.0,13696,0.26236426446749106,0.7203373
6674,HLA-A*11:01,esm2_joint,locus,0,1.0,13696,0.18232155679395465,1.3718058
6675,HLA-A*11:01,esm2_joint,locus,0,1.0,13696,0.18232155679395465,1.0173486
6676,HLA-A*11:01,esm2_joint,locus,0,1.0,13696,0.18232155679395465,0.6956992
6677,HLA-A*11:01,esm2_joint,locus,0,1.0,13696,0.26236426446749106,1.1238015
6678,HLA-A*11:01,esm2_joint,locus,0,1.0,13696,0.09531017980432487,0.93829656
6679,HLA-A*11:01,esm2_joint,locus,0,1.0,13696,0.33647223662121295,1.1388916
6680,HLA-A*11:01,esm2_joint,locus,0,1.0,13696,0.09531017980432487,0.6881131
6681,HLA-A*26:02,esm2_joint,locus,0,1.0,13696,0.832909122935104,1.1107444
6682,HLA-A*26:02,esm2_joint,locus,0,1.0,13696,1.6863989535702288,0.58288217
6683,HLA-A*26:02,esm2_joint,locus,0,1.0,13696,0.832909122935104,0.6280103
6684,HLA-A*26:02,esm2_joint,locus,0,1.0,13696,0.18232155679395465,0.92001307
6685,HLA-A*26:02,esm2_joint,locus,0,1.0,13696,0.5877866649021191,0.66095066
6686,HLA-A*26:02,esm2_joint,locus,0,1.0,13696,0.26236426446749106,1.0531441
6705,HLA-A*01:01,esm2_joint,locus,0,1.0,13696,0.6418538861723948,0.4151231
6706,HLA-A*01:01,esm2_joint,locus,0,1.0,13696,0.18232155679395465,1.2004706
6707,HLA-A*01:01,esm2_joint,locus,0,1.0,13696,0.26236426446749106,1.1044347
6708,HLA-A*01:01,esm2_joint,locus,0,1.0,13696,0.6931471805599453,0.89834785
6709,HLA-A*01:01,esm2_joint,locus,0,1.0,13696,0.8754687373538999,0.62128043
6710,HLA-A*01:01,esm2_joint,locus,0,1.0,13696,0.6931471805599453,1.3080611
6711,HLA-A*01:01,esm2_joint,locus,0,1.0,13696,0.4700036292457355,0.7344488
6712,HLA-A*01:01,esm2_joint,locus,0,1.0,13696,0.09531017980432487,0.88248813
6713,HLA-A*03:01,esm2_joint,locus,0,1.0,13696,0.0,0.67021376
6714,HLA-A*26:01,esm2_joint,locus,0,1.0,13696,0.4700036292457355,0.42829674
6715,HLA-A*26:01,esm2_joint,locus,0,1.0,13696,0.4054651081081644,0.8511267
6716,HLA-A*26:01,esm2_joint,locus,0,1.0,13696,0.18232155679395465,0.798947
6717,HLA-A*11:01,esm2_joint,locus,0,1.0,13696,2.797281334830153,0.7009794
6718,HLA-A*11:01,esm2_joint,locus,0,1.0,13696,0.832909122935104,0.99026203
6719,HLA-A*11:01,esm2_joint,locus,0,1.0,13696,3.481240089335692,1.3206906
6720,HLA-A*11:01,esm2_joint,locus,0,1.0,13696,0.09531017980432487,0.967739
6721,HLA-A*11:01,esm2_joint,locus,0,1.0,13696,0.0,0.8477554
6722,HLA-A*11:01,esm2_joint,locus,0,1.0,13696,0.26236426446749106,1.124678
6723,HLA-A*31:01,esm2_joint,locus,0,1.0,13696,0.9555114450274363,0.5603502
6724,HLA-A*31:01,esm2_joint,locus,0,1.0,13696,4.685828089005546,0.827397
6725,HLA-A*31:01,esm2_joint,locus,0,1.0,13696,1.2237754316221157,1.4075166
6726,HLA-A*31:01,esm2_joint,locus,0,1.0,13696,3.8308129500026027,0.8141411
6727,HLA-A*31:01,esm2_joint,locus,0,1.0,13696,2.917770732084279,0.890387
6728,HLA-A*31:01,esm2_joint,locus,0,1.0,13696,0.7419373447293773,0.38866222
6729,HLA-A*31:01,esm2_joint,locus,0,1.0,13696,0.33647223662121295,1.2364835
6730,HLA-A*31:01,esm2_joint,locus,0,1.0,13696,0.7884573603642702,0.7011844
6731,HLA-A*31:01,esm2_joint,locus,0,1.0,13696,0.4054651081081644,1.0733887
6732,HLA-A*31:01,esm2_joint,locus,0,1.0,13696,0.33647223662121295,0.91371983
6733,HLA-A*31:01,esm2_joint,locus,0,1.0,13696,3.7612001156935624,1.3553563
6734,HLA-A*31:01,esm2_joint,locus,0,1.0,13696,0.4700036292457355,0.97032034
6735,HLA-A*31:01,esm2_joint,locus,0,1.0,13696,1.8562979903656263,0.712749
6736,HLA-A*31:01,esm2_joint,locus,0,1.0,13696,1.8562979903656263,0.32849014
6737,HLA-A*31:01,esm2_joint,locus,0,1.0,13696,3.8691155044168695,1.2104472
6738,HLA-A*31:01,esm2_joint,locus,0,1.0,13696,1.824549292051046,0.541438
6739,HLA-A*31:01,esm2_joint,locus,0,1.0,13696,1.9315214116032138,1.0764582
6740,HLA-A*31:01,esm2_joint,locus,0,1.0,13696,4.238444906195857,0.5866897
6741,HLA-A*31:01,esm2_joint,locus,0,1.0,13696,1.791759469228055,1.4739891
6742,HLA-A*31:01,esm2_joint,locus,0,1.0,13696,1.4350845252893227,1.3482426
6743,HLA-A*31:01,esm2_joint,locus,0,1.0,13696,3.673765816303888,0.7412504
6744,HLA-A*31:01,esm2_joint,locus,0,1.0,13696,0.0,0.861855
6745,HLA-A*31:01,esm2_joint,locus,0,1.0,13696,1.5686159179138452,1.3038127
6746,HLA-A*31:01,esm2_joint,locus,0,1.0,13696,0.0,1.1172464
6747,HLA-A*31:01,esm2_joint,locus,0,1.0,13696,1.0986122886681098,0.7049039
6748,HLA-A*31:01,esm2_joint,locus,0,1.0,13696,1.0296194171811583,1.218687
6749,HLA-A*31:01,esm2_joint,locus,0,1.0,13696,0.4054651081081644,1.0260947
6750,HLA-A*31:01,esm2_joint,locus,0,1.0,13696,3.8649313978942956,1.4000882
6751,HLA-A*31:01,esm2_joint,locus,0,1.0,13696,2.379546134130174,0.96850055
6752,HLA-A*31:01,esm2_joint,locus,0,1.0,13696,1.0986122886681098,0.78049374
6753,HLA-A*31:01,esm2_joint,locus,0,1.0,13696,2.0541237336955462,0.5944462
6754,HLA-A*31:01,esm2_joint,locus,0,1.0,13696,1.62924053973028,0.8862349
6755,HLA-A*31:01,esm2_joint,locus,0,1.0,13696,3.517497837358316,0.68821573
6756,HLA-A*31:01,esm2_joint,locus,0,1.0,13696,1.8562979903656263,0.26028657
6757,HLA-A*31:01,esm2_joint,locus,0,1.0,13696,0.0,0.8488734
6758,HLA-A*31:01,esm2_joint,locus,0,1.0,13696,1.5260563034950494,0.64026487
6759,HLA-A*31:01,esm2_joint,locus,0,1.0,13696,2.451005098112319,1.1371704
6760,HLA-A*31:01,esm2_joint,locus,0,1.0,13696,2.5416019934645457,0.8311544
6761,HLA-A*31:01,esm2_joint,locus,0,1.0,13696,3.1570004211501135,0.24677294
6762,HLA-A*31:01,esm2_joint,locus,0,1.0,13696,1.589235205116581,1.0565732
6763,HLA-A*31:01,esm2_joint,locus,0,1.0,13696,0.18232155679395465,0.19430012
6764,HLA-A*31:01,esm2_joint,locus,0,1.0,13696,1.1314021114911006,0.5739746
6765,HLA-A*31:01,esm2_joint,locus,0,1.0,13696,4.532599493153256,1.1451435
6766,HLA-A*31:01,esm2_joint,locus,0,1.0,13696,0.5306282510621704,1.1690084
6767,HLA-A*31:01,esm2_joint,locus,0,1.0,13696,2.6878474937846906,0.61906517
6768,HLA-A*31:01,esm2_joint,locus,0,1.0,13696,0.26236426446749106,0.5104585
6769,HLA-A*31:01,esm2_joint,locus,0,1.0,13696,3.3032169733019514,0.33227783
6770,HLA-A*31:01,esm2_joint,locus,0,1.0,13696,0.0,0.8914437
6771,HLA-A*31:01,esm2_joint,locus,0,1.0,13696,3.173878458937465,0.5168927
6772,HLA-A*31:01,esm2_joint,locus,0,1.0,13696,4.119037174812473,0.85672235
6773,HLA-A*31:01,esm2_joint,locus,0,1.0,13696,0.33647223662121295,0.65861654
6774,HLA-A*31:01,esm2_joint,locus,0,1.0,13696,3.288401887516811,0.8530867
6775,HLA-A*31:01,esm2_joint,locus,0,1.0,13696,0.5306282510621704,0.49837068
6776,HLA-A*31:01,esm2_joint,locus,0,1.0,13696,1.8082887711792655,0.9267488
6777,HLA-A*31:01,esm2_joint,locus,0,1.0,13696,4.360547602996758,0.45034587
6778,HLA-A*31:01,esm2_joint,locus,0,1.0,13696,0.0,1.1112846
6891,HLA-A*02:01,esm2_joint,locus,0,1.0,13696,1.9021075263969205,0.40704775
6892,HLA-A*02:01,esm2_joint,locus,0,1.0,13696,3.488902962081261,0.1801455
6893,HLA-A*02:01,esm2_joint,locus,0,1.0,13696,1.840549633397487,0.15259928
6894,HLA-A*02:01,esm2_joint,locus,0,1.0,13696,2.468099531471619,0.5150857
6895,HLA-A*02:01,esm2_joint,locus,0,1.0,13696,2.8213788864092133,0.4705543
6896,HLA-A*02:01,esm2_joint,locus,0,1.0,13696,2.5726122302071057,-0.1139639
6897,HLA-A*02:01,esm2_joint,locus,0,1.0,13696,3.299533727885655,0.46544468
6898,HLA-A*02:01,esm2_joint,locus,0,1.0,13696,1.5040773967762742,0.26512164
6899,HLA-A*02:01,esm2_joint,locus,0,1.0,13696,2.151762203259462,0.3888706
6900,HLA-A*02:01,esm2_joint,locus,0,1.0,13696,2.7013612129514133,0.5597218
6901,HLA-A*02:01,esm2_joint,locus,0,1.0,13696,1.0296194171811583,0.24766046
6902,HLA-A*02:01,esm2_joint,locus,0,1.0,13696,2.7788192719904172,0.14150423
6903,HLA-A*02:01,esm2_joint,locus,0,1.0,13696,2.617395832834079,0.20624465
6904,HLA-A*02:01,esm2_joint,locus,0,1.0,13696,1.824549292051046,0.2860132
6905,HLA-A*02:01,esm2_joint,locus,0,1.0,13696,1.5686159179138452,0.088975966
6906,HLA-A*02:01,esm2_joint,locus,0,1.0,13696,3.1780538303479458,0.7400074
6907,HLA-A*02:01,esm2_joint,locus,0,1.0,13696,1.8562979903656263,0.59948975
6908,HLA-A*02:01,esm2_joint,locus,0,1.0,13696,0.9162907318741551,0.4239294
6909,HLA-A*02:01,esm2_joint,locus,0,1.0,13696,1.1631508098056809,0.44477946
6910,HLA-A*02:01,esm2_joint,locus,0,1.0,13696,3.109060958860994,0.37739646
6911,HLA-A*02:01,esm2_joint,locus,0,1.0,13696,2.6946271807700692,0.05867374
6912,HLA-A*02:01,esm2_joint,locus,0,1.0,13696,0.09531017980432487,0.19342339
6913,HLA-A*02:01,esm2_joint,locus,0,1.0,13696,0.7419373447293773,0.61903214
6914,HLA-A*02:01,esm2_joint,locus,0,1.0,13696,2.833213344056216,0.73108256
6915,HLA-A*02:01,esm2_joint,locus,0,1.0,13696,0.09531017980432487,0.73223114
6916,HLA-A*02:01,esm2_joint,locus,0,1.0,13696,0.09531017980432487,-0.6484172
6917,HLA-A*02:01,esm2_joint,locus,0,1.0,13696,0.09531017980432487,0.74046487
6918,HLA-A*02:01,esm2_joint,locus,0,1.0,13696,0.09531017980432487,0.37311512
6919,HLA-A*02:01,esm2_joint,locus,0,1.0,13696,2.341805806147327,0.2004475
6920,HLA-A*02:01,esm2_joint,locus,0,1.0,13696,0.09531017980432487,0.5317665
6921,HLA-A*02:01,esm2_joint,locus,0,1.0,13696,0.9162907318741551,0.16124278
6922,HLA-A*02:01,esm2_joint,locus,0,1.0,13696,2.174751721484161,0.43392658
6923,HLA-A*02:01,esm2_joint,locus,0,1.0,13696,3.459466289786131,0.7456845
6924,HLA-A*02:01,esm2_joint,locus,0,1.0,13696,0.18232155679395465,0.6903162
6925,HLA-A*02:01,esm2_joint,locus,0,1.0,13696,0.30010459245033805,0.45491058
6926,HLA-A*02:01,esm2_joint,locus,0,1.0,13696,0.18232155679395465,0.31075054
6927,HLA-A*02:01,esm2_joint,locus,0,1.0,13696,3.202746442938317,0.42600197
6928,HLA-A*02:01,esm2_joint,locus,0,1.0,13696,0.8754687373538999,0.1943425
6929,HLA-A*02:01,esm2_joint,locus,0,1.0,13696,0.0,0.15579534
6930,HLA-A*02:01,esm2_joint,locus,0,1.0,13696,0.0,0.29014945
6931,HLA-A*02:01,esm2_joint,locus,0,1.0,13696,0.0,0.4088074
6932,HLA-A*02:01,esm2_joint,locus,0,1.0,13696,0.0,0.35200173
6933,HLA-A*02:01,esm2_joint,locus,0,1.0,13696,0.5933268452777344,-0.28414863
6934,HLA-A*02:01,esm2_joint,locus,0,1.0,13696,1.6752256529721035,0.21175879
6935,HLA-A*02:01,esm2_joint,locus,0,1.0,13696,0.09531017980432487,0.7230568
6936,HLA-A*02:01,esm2_joint,locus,0,1.0,13696,0.13976194237515868,-0.113230646
6937,HLA-A*02:01,esm2_joint,locus,0,1.0,13696,3.091042453358316,0.5187768
6938,HLA-A*02:01,esm2_joint,locus,0,1.0,13696,2.785011242238338,0.114859164
6939,HLA-A*02:01,esm2_joint,locus,0,1.0,13696,3.095577608523707,0.38960057
6940,HLA-A*02:01,esm2_joint,locus,0,1.0,13696,3.6136169696133895,0.87263113
6941,HLA-A*02:01,esm2_joint,locus,0,1.0,13696,1.1314021114911006,0.37637395
6942,HLA-A*02:01,esm2_joint,locus,0,1.0,13696,1.7578579175523736,0.48224404
6943,HLA-A*02:01,esm2_joint,locus,0,1.0,13696,2.8791984572980396,0.34544146
6944,HLA-A*02:01,esm2_joint,locus,0,1.0,13696,1.410986973710262,0.34533077
6945,HLA-A*02:01,esm2_joint,locus,0,1.0,13696,3.4011973816621555,0.7313648
6946,HLA-A*02:01,esm2_joint,locus,0,1.0,13696,1.8718021769015913,1.2533802
6947,HLA-A*02:01,esm2_joint,locus,0,1.0,13696,2.772588722239781,0.580011
6948,HLA-A*02:01,esm2_joint,locus,0,1.0,13696,1.589235205116581,0.322519
6949,HLA-A*02:01,esm2_joint,locus,0,1.0,13696,0.5877866649021191,0.49858713
6950,HLA-A*02:01,esm2_joint,locus,0,1.0,13696,2.970414465569701,0.6919608
6951,HLA-A*02:01,esm2_joint,locus,0,1.0,13696,0.26236426446749106,0.38023216
6952,HLA-A*02:01,esm2_joint,locus,0,1.0,13696,2.6461747973841225,0.44054216
6953,HLA-A*02:01,esm2_joint,locus,0,1.0,13696,2.785011242238338,0.26815498
6954,HLA-A*02:01,esm2_joint,locus,0,1.0,13696,1.4182774069729414,0.44215107
6955,HLA-A*02:01,esm2_joint,locus,0,1.0,13696,3.0007198150650303,0.716362
6956,HLA-A*02:01,esm2_joint,locus,0,1.0,13696,1.6094379124341003,0.48495203
6957,HLA-A*02:01,esm2_joint,locus,0,1.0,13696,0.35065687161316933,0.52484536
6958,HLA-A*02:01,esm2_joint,locus,0,1.0,13696,0.5653138090500605,0.4206496
6959,HLA-A*02:01,esm2_joint,locus,0,1.0,13696,3.131136910560194,0.109469175
6960,HLA-A*02:01,esm2_joint,locus,0,1.0,13696,0.0,0.36793965
6961,HLA-A*02:01,esm2_joint,locus,0,1.0,13696,2.8094026953624973,0.41012794
6962,HLA-A*02:01,esm2_joint,locus,0,1.0,13696,2.553343811341229,0.38743633
6963,HLA-A*02:01,esm2_joint,locus,0,1.0,13696,2.725235025856311,0.28765637
6964,HLA-A*02:01,esm2_joint,locus,0,1.0,13696,1.0986122886681098,0.022164404
6965,HLA-A*02:01,esm2_joint,locus,0,1.0,13696,2.451005098112319,0.39473706
6966,HLA-A*02:01,esm2_joint,locus,0,1.0,13696,0.7178397931503169,0.72312516
6967,HLA-A*02:01,esm2_joint,locus,0,1.0,13696,1.8718021769015913,-0.18778223
6968,HLA-A*02:01,esm2_joint,locus,0,1.0,13696,0.4700036292457355,0.28813118
6969,HLA-A*02:01,esm2_joint,locus,0,1.0,13696,2.91235066461494,-0.24506944
6970,HLA-A*02:01,esm2_joint,locus,0,1.0,13696,2.775708849576025,0.5234552
6971,HLA-A*02:01,esm2_joint,locus,0,1.0,13696,2.7466296830696852,0.7435076
6972,HLA-A*02:01,esm2_joint,locus,0,1.0,13696,2.7013612129514133,0.75720304
6973,HLA-A*02:01,esm2_joint,locus,0,1.0,13696,2.388762789235098,0.68837315
6974,HLA-A*02:01,esm2_joint,locus,0,1.0,13696,2.3513752571634776,0.4944377
6975,HLA-A*02:01,esm2_joint,locus,0,1.0,13696,3.265759410767051,0.21325451
6976,HLA-A*02:01,esm2_joint,locus,0,1.0,13696,0.18232155679395465,-0.044988096
6977,HLA-A*02:01,esm2_joint,locus,0,1.0,13696,0.0,-0.16601282
6978,HLA-A*02:01,esm2_joint,locus,0,1.0,13696,0.6678293725756554,-0.038124144
6979,HLA-A*02:01,esm2_joint,locus,0,1.0,13696,2.4765384001174837,0.8276285
6980,HLA-A*02:01,esm2_joint,locus,0,1.0,13696,2.631888840136646,0.25147992
6981,HLA-A*02:01,esm2_joint,locus,0,1.0,13696,2.5494451709255714,0.28279406
6982,HLA-A*02:01,esm2_joint,locus,0,1.0,13696,1.589235205116581,-0.032099307
6983,HLA-A*02:01,esm2_joint,locus,0,1.0,13696,1.1631508098056809,0.32269168
6984,HLA-A*02:01,esm2_joint,locus,0,1.0,13696,1.9021075263969205,0.061908424
6985,HLA-A*02:01,esm2_joint,locus,0,1.0,13696,0.4054651081081644,0.76406294
6986,HLA-A*02:01,esm2_joint,locus,0,1.0,13696,1.3609765531356006,-0.039040387
6987,HLA-A*02:01,esm2_joint,locus,0,1.0,13696,3.091042453358316,0.3219002
6988,HLA-A*02:01,esm2_joint,locus,0,1.0,13696,0.832909122935104,-0.27569956
6989,HLA-A*24:02,esm2_joint,locus,0,1.0,13696,2.5217206229107165,1.0039186
6990,HLA-A*24:02,esm2_joint,locus,0,1.0,13696,1.2809338454620642,0.69710463
6991,HLA-A*24:02,esm2_joint,locus,0,1.0,13696,3.7773481021015445,1.5461259
6992,HLA-A*24:02,esm2_joint,locus,0,1.0,13696,3.6750340472918834,0.9950908
6993,HLA-A*24:02,esm2_joint,locus,0,1.0,13696,2.803360380906535,0.6163559
6994,HLA-A*24:02,esm2_joint,locus,0,1.0,13696,3.4258899942525267,0.92993677
6995,HLA-A*24:02,esm2_joint,locus,0,1.0,13696,1.5789787049493917,0.25494784
6996,HLA-A*24:02,esm2_joint,locus,0,1.0,13696,2.145931282948669,0.37963575
6997,HLA-A*24:02,esm2_joint,locus,0,1.0,13696,0.9745596399981308,0.3522063
6998,HLA-A*24:02,esm2_joint,locus,0,1.0,13696,2.8791984572980396,0.1008994
6999,HLA-A*24:02,esm2_joint,locus,0,1.0,13696,3.039749158970765,0.49152428
7000,HLA-A*24:02,esm2_joint,locus,0,1.0,13696,2.8213788864092133,0.5802024
7001,HLA-A*24:02,esm2_joint,locus,0,1.0,13696,0.37156355643248307,0.5314004
7002,HLA-A*24:02,esm2_joint,locus,0,1.0,13696,0.09531017980432487,1.1326295
7003,HLA-A*24:02,esm2_joint,locus,0,1.0,13696,2.8449093838194073,1.2593825
7004,HLA-A*24:02,esm2_joint,locus,0,1.0,13696,0.26236426446749106,0.39303958
7005,HLA-A*24:02,esm2_joint,locus,0,1.0,13696,0.0,0.28022075
7006,HLA-A*24:02,esm2_joint,locus,0,1.0,13696,2.028148247292285,0.877448
7007,HLA-A*24:02,esm2_joint,locus,0,1.0,13696,0.18232155679395465,0.48468536
7008,HLA-A*24:02,esm2_joint,locus,0,1.0,13696,0.18232155679395465,-0.075047076
7009,HLA-A*02:01,esm2_joint,locus,0,1.0,13696,0.18232155679395465,0.07989073
7010,HLA-A*02:01,esm2_joint,locus,0,1.0,13696,0.4054651081081644,0.5673404
7011,HLA-A*02:01,esm2_joint,locus,0,1.0,13696,0.26236426446749106,-0.036910236
7012,HLA-A*02:01,esm2_joint,locus,0,1.0,13696,1.7047480922384253,0.24038523
7013,HLA-A*02:01,esm2_joint,locus,0,1.0,13696,2.0014800002101243,0.21442491
7014,HLA-A*02:01,esm2_joint,locus,0,1.0,13696,2.6461747973841225,0.34389418
7015,HLA-A*02:01,esm2_joint,locus,0,1.0,13696,2.91235066461494,0.46761
7016,HLA-A*02:01,esm2_joint,locus,0,1.0,13696,2.714694743820879,-0.11763996
7017,HLA-A*02:01,esm2_joint,locus,0,1.0,13696,1.9600947840472698,0.19174057
7018,HLA-A*02:01,esm2_joint,locus,0,1.0,13696,2.7013612129514133,0.3580882
7019,HLA-A*02:01,esm2_joint,locus,0,1.0,13696,0.8754687373538999,0.6299288
7020,HLA-A*02:01,esm2_joint,locus,0,1.0,13696,1.2237754316221157,0.40170318
7021,HLA-A*02:01,esm2_joint,locus,0,1.0,13696,2.0794415416798357,0.34202343
7022,HLA-A*02:01,esm2_joint,locus,0,1.0,13696,1.3862943611198906,0.2425378
7023,HLA-A*02:01,esm2_joint,locus,0,1.0,13696,3.0252910757955354,-0.01671058
7024,HLA-A*02:01,esm2_joint,locus,0,1.0,13696,2.4595888418037104,0.9106639
7025,HLA-A*02:01,esm2_joint,locus,0,1.0,13696,2.028148247292285,0.39833486
7026,HLA-A*02:01,esm2_joint,locus,0,1.0,13696,0.9162907318741551,0.3672459
7027,HLA-A*02:01,esm2_joint,locus,0,1.0,13696,0.6931471805599453,0.42131776
7028,HLA-A*02:01,esm2_joint,locus,0,1.0,13696,2.1162555148025524,0.69567686
7029,HLA-A*02:01,esm2_joint,locus,0,1.0,13696,1.9459101490553132,0.6432802
7030,HLA-A*02:01,esm2_joint,locus,0,1.0,13696,0.5306282510621704,0.6329004
7031,HLA-A*02:01,esm2_joint,locus,0,1.0,13696,0.5306282510621704,0.35902077
7032,HLA-A*02:01,esm2_joint,locus,0,1.0,13696,2.468099531471619,0.65945035
7033,HLA-A*02:01,esm2_joint,locus,0,1.0,13696,2.9806186357439426,0.10245031
7034,HLA-A*02:01,esm2_joint,locus,0,1.0,13696,1.824549292051046,0.39977163
7035,HLA-A*02:01,esm2_joint,locus,0,1.0,13696,1.7749523509116738,0.91138315
7036,HLA-A*02:01,esm2_joint,locus,0,1.0,13696,1.6389967146756448,0.3181942
7037,HLA-A*02:01,esm2_joint,locus,0,1.0,13696,1.0986122886681098,0.26176715
7038,HLA-A*02:01,esm2_joint,locus,0,1.0,13696,2.617395832834079,0.058612168
7039,HLA-A*02:01,esm2_joint,locus,0,1.0,13696,2.0918640616783932,0.2799465
7040,HLA-A*02:01,esm2_joint,locus,0,1.0,13696,2.509599262378372,0.56954753
7041,HLA-A*02:01,esm2_joint,locus,0,1.0,13696,2.4069451083182885,0.4275183
7042,HLA-A*02:01,esm2_joint,locus,0,1.0,13696,1.9459101490553132,0.034672797
7043,HLA-A*02:01,esm2_joint,locus,0,1.0,13696,3.1441522786722644,0.41087002
7044,HLA-A*68:23,esm2_joint,locus,0,1.0,13696,2.388762789235098,0.7956035
7045,HLA-A*68:23,esm2_joint,locus,0,1.0,13696,0.5306282510621704,0.8398113
7046,HLA-A*68:23,esm2_joint,locus,0,1.0,13696,0.8754687373538999,0.64109033
7047,HLA-A*68:23,esm2_joint,locus,0,1.0,13696,0.18232155679395465,0.7277415
7048,HLA-A*68:23,esm2_joint,locus,0,1.0,13696,0.9932517730102833,1.1212685
7049,HLA-A*68:23,esm2_joint,locus,0,1.0,13696,0.33647223662121295,1.3352691
7050,HLA-A*68:23,esm2_joint,locus,0,1.0,13696,0.0,0.6335494
7051,HLA-A*68:23,esm2_joint,locus,0,1.0,13696,0.26236426446749106,0.6939535
7052,HLA-A*68:23,esm2_joint,locus,0,1.0,13696,1.0296194171811583,0.82265586
7053,HLA-A*68:23,esm2_joint,locus,0,1.0,13696,3.131136910560194,0.48968843
7054,HLA-A*68:23,esm2_joint,locus,0,1.0,13696,0.6418538861723948,0.4555596
7055,HLA-A*68:23,esm2_joint,locus,0,1.0,13696,2.1162555148025524,0.62058866
7056,HLA-A*68:23,esm2_joint,locus,0,1.0,13696,0.5306282510621704,0.20183867
7057,HLA-A*68:23,esm2_joint,locus,0,1.0,13696,2.3608540011180215,0.51836073
7058,HLA-A*68:23,esm2_joint,locus,0,1.0,13696,0.4054651081081644,0.55916494
7059,HLA-A*68:23,esm2_joint,locus,0,1.0,13696,1.1939224684724346,0.6234875
7060,HLA-A*68:23,esm2_joint,locus,0,1.0,13696,1.1314021114911006,0.44008124
7061,HLA-A*68:23,esm2_joint,locus,0,1.0,13696,0.26236426446749106,0.6261684
7062,HLA-A*68:23,esm2_joint,locus,0,1.0,13696,0.5306282510621704,0.49168092
7063,HLA-A*68:23,esm2_joint,locus,0,1.0,13696,0.18232155679395465,1.1504484
7064,HLA-A*68:23,esm2_joint,locus,0,1.0,13696,1.1631508098056809,0.6970439
7065,HLA-A*68:23,esm2_joint,locus,0,1.0,13696,1.4350845252893227,1.0064873
7109,HLA-A*32:07,esm2_joint,locus,0,1.0,13696,1.5040773967762742,0.81819004
7110,HLA-A*32:07,esm2_joint,locus,0,1.0,13696,2.70805020110221,0.74204373
7111,HLA-A*32:07,esm2_joint,locus,0,1.0,13696,2.312535423847214,0.76109874
7112,HLA-A*32:07,esm2_joint,locus,0,1.0,13696,1.6863989535702288,0.49898213
7113,HLA-A*32:07,esm2_joint,locus,0,1.0,13696,0.5306282510621704,0.82246363
7114,HLA-A*32:07,esm2_joint,locus,0,1.0,13696,0.9162907318741551,0.92040086
7115,HLA-A*32:07,esm2_joint,locus,0,1.0,13696,2.0541237336955462,0.1858437
7116,HLA-A*32:07,esm2_joint,locus,0,1.0,13696,0.7419373447293773,0.8795359
7117,HLA-A*32:07,esm2_joint,locus,0,1.0,13696,3.5553480614894135,0.82348466
7118,HLA-A*32:07,esm2_joint,locus,0,1.0,13696,1.0647107369924282,0.51349574
7119,HLA-A*32:07,esm2_joint,locus,0,1.0,13696,0.7419373447293773,0.5060425
7120,HLA-A*32:07,esm2_joint,locus,0,1.0,13696,3.5524868292083815,1.0258495
7121,HLA-A*32:07,esm2_joint,locus,0,1.0,13696,0.33647223662121295,0.7064605
7122,HLA-A*32:07,esm2_joint,locus,0,1.0,13696,0.9932517730102833,0.5024308
7123,HLA-A*32:07,esm2_joint,locus,0,1.0,13696,0.26236426446749106,0.40654707
7124,HLA-A*32:07,esm2_joint,locus,0,1.0,13696,0.7884573603642702,0.601835
7125,HLA-A*32:07,esm2_joint,locus,0,1.0,13696,2.766319109226186,0.7360698
7126,HLA-A*32:07,esm2_joint,locus,0,1.0,13696,0.7884573603642702,0.75475335
7127,HLA-A*32:07,esm2_joint,locus,0,1.0,13696,3.3843902633457743,0.64486504
7128,HLA-A*32:07,esm2_joint,locus,0,1.0,13696,0.4700036292457355,0.7706912
7129,HLA-A*32:07,esm2_joint,locus,0,1.0,13696,2.6741486494265287,0.9950128
7130,HLA-A*32:07,esm2_joint,locus,0,1.0,13696,2.3513752571634776,0.5215812
7131,HLA-A*32:07,esm2_joint,locus,0,1.0,13696,2.9444389791664403,1.1913488
7132,HLA-A*32:07,esm2_joint,locus,0,1.0,13696,0.7884573603642702,0.51409036
7133,HLA-A*32:07,esm2_joint,locus,0,1.0,13696,1.0986122886681098,0.5330614
7134,HLA-A*32:07,esm2_joint,locus,0,1.0,13696,4.279440045898781,0.7717402
7135,HLA-A*32:07,esm2_joint,locus,0,1.0,13696,0.4700036292457355,0.53557146
7136,HLA-A*32:07,esm2_joint,locus,0,1.0,13696,3.1654750481410856,0.731566
7137,HLA-A*32:07,esm2_joint,locus,0,1.0,13696,0.5306282510621704,0.10370332
7138,HLA-A*32:07,esm2_joint,locus,0,1.0,13696,3.7013019741124933,0.99744636
7183,HLA-A*02:01,esm2_joint,locus,0,1.0,13696,3.2771447329921766,0.09413475
7184,HLA-A*03:01,esm2_joint,locus,0,1.0,13696,0.4700036292457355,0.57744706
7185,HLA-A*03:01,esm2_joint,locus,0,1.0,13696,0.18232155679395465,0.09465653
7186,HLA-A*03:01,esm2_joint,locus,0,1.0,13696,0.6418538861723948,1.0180453
7187,HLA-A*03:01,esm2_joint,locus,0,1.0,13696,0.09531017980432487,0.5499747
7188,HLA-A*11:01,esm2_joint,locus,0,1.0,13696,2.1162555148025524,0.5972519
7189,HLA-A*11:01,esm2_joint,locus,0,1.0,13696,3.9219733362813143,1.275455
7190,HLA-A*24:02,esm2_joint,locus,0,1.0,13696,2.4849066497880004,0.5038877
7191,HLA-A*24:02,esm2_joint,locus,0,1.0,13696,0.18232155679395465,0.7627264
7192,HLA-A*24:02,esm2_joint,locus,0,1.0,13696,1.5686159179138452,0.6489355
7193,HLA-A*03:01,esm2_joint,locus,0,1.0,13696,0.7419373447293773,0.9668778
7194,HLA-A*03:01,esm2_joint,locus,0,1.0,13696,0.0,1.1455933
7195,HLA-A*31:01,esm2_joint,locus,0,1.0,13696,3.214867803470662,1.1205624
7196,HLA-A*26:01,esm2_joint,locus,0,1.0,13696,0.4700036292457355,0.72822565
7197,HLA-A*26:01,esm2_joint,locus,0,1.0,13696,0.26236426446749106,0.9544615
7198,HLA-A*26:01,esm2_joint,locus,0,1.0,13696,3.4436180975461075,0.97522986
7213,HLA-A*26:01,esm2_joint,locus,0,1.0,13696,0.33647223662121295,0.4872046
7220,HLA-A*11:01,esm2_joint,locus,0,1.0,13696,3.9531649487593215,0.9537909
7222,HLA-A*31:01,esm2_joint,locus,0,1.0,13696,2.7788192719904172,1.0694782
7225,HLA-A*03:01,esm2_joint,locus,0,1.0,13696,0.18232155679395465,1.0609663
7227,HLA-A*02:01,esm2_joint,locus,0,1.0,13696,2.0412203288596382,0.9396894
7228,HLA-A*02:01,esm2_joint,locus,0,1.0,13696,3.391147045808654,0.30370563
7243,HLA-A*74:01,esm2_joint,locus,0,1.0,13696,2.6461747973841225,0.20290959
7256,HLA-A*24:02,esm2_joint,locus,0,1.0,13696,3.407841924380824,0.9323146
7257,HLA-A*24:02,esm2_joint,locus,0,1.0,13696,1.8562979903656263,1.0994676
7258,HLA-A*24:02,esm2_joint,locus,0,1.0,13696,0.18232155679395465,1.0308971
7259,HLA-A*24:02,esm2_joint,locus,0,1.0,13696,2.0541237336955462,1.1139582
7260,HLA-A*24:02,esm2_joint,locus,0,1.0,13696,3.017982882488811,1.1104847
7261,HLA-A*24:02,esm2_joint,locus,0,1.0,13696,3.104586678466073,1.1199114
7276,HLA-A*02:19,esm2_joint,locus,0,1.0,13696,1.0986122886681098,0.51717865
7281,HLA-A*02:50,esm2_joint,locus,0,1.0,13696,1.0296194171811583,0.84626937
7282,HLA-A*68:01,esm2_joint,locus,0,1.0,13696,0.18232155679395465,0.5161631
7288,HLA-A*02:03,esm2_joint,locus,0,1.0,13696,0.5306282510621704,0.6941822
7291,HLA-A*74:01,esm2_joint,locus,0,1.0,13696,3.56953269648137,0.35492867
7298,HLA-A*32:07,esm2_joint,locus,0,1.0,13696,2.388762789235098,0.97672427
7299,HLA-A*23:01,esm2_joint,locus,0,1.0,13696,3.1419947805322432,1.1446887
7300,HLA-A*26:03,esm2_joint,locus,0,1.0,13696,1.3609765531356006,0.4457605
7302,HLA-A*03:01,esm2_joint,locus,0,1.0,13696,0.0,1.0110974
7303,HLA-A*02:03,esm2_joint,locus,0,1.0,13696,2.954910279033736,0.31045216
7304,HLA-A*74:01,esm2_joint,locus,0,1.0,13696,5.353752073436137,0.78139365
7311,HLA-A*02:16,esm2_joint,locus,0,1.0,13696,1.7047480922384253,0.545969
7312,HLA-A*68:23,esm2_joint,locus,0,1.0,13696,1.0296194171811583,0.40892136
7314,HLA-A*32:01,esm2_joint,locus,0,1.0,13696,0.33647223662121295,1.5093637
7315,HLA-A*02:03,esm2_joint,locus,0,1.0,13696,2.827313621929028,0.83430535
7316,HLA-A*02:50,esm2_joint,locus,0,1.0,13696,2.7788192719904172,0.71988666
7318,HLA-A*26:03,esm2_joint,locus,0,1.0,13696,0.26236426446749106,-0.40037984
7324,HLA-A*25:01,esm2_joint,locus,0,1.0,13696,0.26236426446749106,0.5212332
7325,HLA-A*66:01,esm2_joint,locus,0,1.0,13696,0.0,0.12387794
7327,HLA-A*11:01,esm2_joint,locus,0,1.0,13696,0.5306282510621704,1.1171858
7330,HLA-A*66:01,esm2_joint,locus,0,1.0,13696,0.18232155679395465,0.7412628
7336,HLA-A*29:02,esm2_joint,locus,0,1.0,13696,0.9932517730102833,1.5296633
7337,HLA-A*26:02,esm2_joint,locus,0,1.0,13696,2.1041341542702074,0.6645371
7338,HLA-A*03:01,esm2_joint,locus,0,1.0,13696,0.09531017980432487,1.5317581
7340,HLA-A*30:02,esm2_joint,locus,0,1.0,13696,0.18232155679395465,0.46197677
7341,HLA-A*23:01,esm2_joint,locus,0,1.0,13696,0.7884573603642702,0.5277289
7343,HLA-A*24:19,esm2_joint,locus,0,1.0,13696,0.0,0.13949353
7344,HLA-A*02:01,esm2_joint,locus,0,1.0,13696,2.714694743820879,0.5648545
7345,HLA-A*25:01,esm2_joint,locus,0,1.0,13696,0.0,0.5995658
7346,HLA-A*26:03,esm2_joint,locus,0,1.0,13696,0.18232155679395465,0.40176845
7347,HLA-A*02:03,esm2_joint,locus,0,1.0,13696,1.9315214116032138,0.23173219
7350,HLA-A*32:07,esm2_joint,locus,0,1.0,13696,0.0,0.5314557
7355,HLA-A*02:11,esm2_joint,locus,0,1.0,13696,1.9740810260220096,0.46047908
7356,HLA-A*02:16,esm2_joint,locus,0,1.0,13696,2.312535423847214,0.5533719
7357,HLA-A*74:01,esm2_joint,locus,0,1.0,13696,3.8877303128591016,0.62911105
7358,HLA-A*25:01,esm2_joint,locus,0,1.0,13696,1.62924053973028,0.22937435
7362,HLA-A*68:23,esm2_joint,locus,0,1.0,13696,0.0,0.5393439
7363,HLA-A*02:12,esm2_joint,locus,0,1.0,13696,1.4816045409242156,0.5839938
7367,HLA-A*30:01,esm2_joint,locus,0,1.0,13696,0.0,0.52515924
7368,HLA-A*02:11,esm2_joint,locus,0,1.0,13696,0.5877866649021191,0.23024046
7370,HLA-A*32:07,esm2_joint,locus,0,1.0,13696,0.33647223662121295,0.6956085
7371,HLA-A*32:07,esm2_joint,locus,0,1.0,13696,1.6486586255873816,0.5261338
7380,HLA-A*02:10,esm2_joint,locus,0,1.0,13696,1.252762968495368,0.041202366
7381,HLA-A*02:12,esm2_joint,locus,0,1.0,13696,3.0633909220278057,-0.37914246
7382,HLA-A*02:12,esm2_joint,locus,0,1.0,13696,3.6136169696133895,0.56459725
7383,HLA-A*24:07,esm2_joint,locus,0,1.0,13696,0.26236426446749106,1.0599202
7388,HLA-A*74:01,esm2_joint,locus,0,1.0,13696,2.7788192719904172,0.98425347
7389,HLA-A*30:02,esm2_joint,locus,0,1.0,13696,0.18232155679395465,0.48654813
7390,HLA-A*02:01,esm2_joint,locus,0,1.0,13696,0.9162907318741551,0.09880525
7391,HLA-A*26:02,esm2_joint,locus,0,1.0,13696,0.4054651081081644,1.0363072
7392,HLA-A*02:16,esm2_joint,locus,0,1.0,13696,3.955082494888593,0.36502373
7393,HLA-A*74:01,esm2_joint,locus,0,1.0,13696,1.7047480922384253,0.74321514
7399,HLA-A*24:07,esm2_joint,locus,0,1.0,13696,2.970414465569701,0.58298784
7400,HLA-A*02:11,esm2_joint,locus,0,1.0,13696,3.0726933146901194,0.41234803
7402,HLA-A*43:01,esm2_joint,locus,0,1.0,13696,0.0,1.1780281
7403,HLA-A*02:12,esm2_joint,locus,0,1.0,13696,1.6486586255873816,0.97483313
7404,HLA-A*02:16,esm2_joint,locus,0,1.0,13696,0.7884573603642702,0.10437882
7405,HLA-A*33:03,esm2_joint,locus,0,1.0,13696,3.077312260546414,1.0861704
7409,HLA-A*02:10,esm2_joint,locus,0,1.0,13696,2.653241964607215,0.45831543
7410,HLA-A*02:16,esm2_joint,locus,0,1.0,13696,3.459466289786131,0.42364424
7412,HLA-A*43:01,esm2_joint,locus,0,1.0,13696,3.591817741270805,0.75909466
7413,HLA-A*43:01,esm2_joint,locus,0,1.0,13696,0.4054651081081644,0.7370379
7414,HLA-A*24:07,esm2_joint,locus,0,1.0,13696,0.18232155679395465,0.7414548
7418,HLA-A*02:19,esm2_joint,locus,0,1.0,13696,1.5040773967762742,0.30673015
7419,HLA-A*02:19,esm2_joint,locus,0,1.0,13696,2.9391619220655967,0.4384665
7420,HLA-A*33:03,esm2_joint,locus,0,1.0,13696,1.5260563034950494,0.9431449
7422,HLA-A*29:02,esm2_joint,locus,0,1.0,13696,1.9600947840472698,0.94224536
7426,HLA-A*66:01,esm2_joint,locus,0,1.0,13696,0.18232155679395465,0.60602313
7433,HLA-A*11:01,esm2_joint,locus,0,1.0,13696,3.9945242269398897,0.94593465
7434,HLA-A*29:02,esm2_joint,locus,0,1.0,13696,0.8754687373538999,0.94530416
7435,HLA-A*30:02,esm2_joint,locus,0,1.0,13696,0.4054651081081644,1.2901297
7438,HLA-A*02:10,esm2_joint,locus,0,1.0,13696,0.5306282510621704,0.13738269
7439,HLA-A*02:50,esm2_joint,locus,0,1.0,13696,2.6946271807700692,0.57547987
7444,HLA-A*32:07,esm2_joint,locus,0,1.0,13696,0.26236426446749106,0.83631516
7445,HLA-A*32:07,esm2_joint,locus,0,1.0,13696,0.0,0.65077865
7447,HLA-A*02:11,esm2_joint,locus,0,1.0,13696,1.791759469228055,1.1390604
7450,HLA-A*24:19,esm2_joint,locus,0,1.0,13696,0.0,0.42194337
7452,HLA-A*26:03,esm2_joint,locus,0,1.0,13696,0.4054651081081644,0.52464074
7459,HLA-A*66:01,esm2_joint,locus,0,1.0,13696,0.18232155679395465,0.93859506
7461,HLA-A*02:12,esm2_joint,locus,0,1.0,13696,0.26236426446749106,-0.21629769
7468,HLA-A*68:23,esm2_joint,locus,0,1.0,13696,0.18232155679395465,0.53251624
7469,HLA-A*66:01,esm2_joint,locus,0,1.0,13696,0.0,0.727085
7473,HLA-A*02:10,esm2_joint,locus,0,1.0,13696,0.26236426446749106,-0.16907018
7474,HLA-A*02:50,esm2_joint,locus,0,1.0,13696,2.174751721484161,0.29113597
7477,HLA-A*26:02,esm2_joint,locus,0,1.0,13696,0.6931471805599453,0.45838106
7478,HLA-A*02:16,esm2_joint,locus,0,1.0,13696,2.7536607123542622,0.63287425
7479,HLA-A*68:01,esm2_joint,locus,0,1.0,13696,3.5380565643793527,0.5472753
7482,HLA-A*11:01,esm2_joint,locus,0,1.0,13696,4.259859000699674,1.2672939
7488,HLA-A*31:01,esm2_joint,locus,0,1.0,13696,0.4054651081081644,1.2395744
7489,HLA-A*68:01,esm2_joint,locus,0,1.0,13696,0.0,0.6201949
7492,HLA-A*25:01,esm2_joint,locus,0,1.0,13696,0.0,0.048866212
7496,HLA-A*68:23,esm2_joint,locus,0,1.0,13696,0.0,0.88926136
7497,HLA-A*31:01,esm2_joint,locus,0,1.0,13696,3.4468078929142076,1.1160479
7498,HLA-A*74:01,esm2_joint,locus,0,1.0,13696,4.147885329150131,0.53290695
7502,HLA-A*24:07,esm2_joint,locus,0,1.0,13696,0.4054651081081644,1.7172115
7503,HLA-A*02:01,esm2_joint,locus,0,1.0,13696,0.26236426446749106,0.032966614
7505,HLA-A*29:02,esm2_joint,locus,0,1.0,13696,0.18232155679395465,0.92003506
7507,HLA-A*24:19,esm2_joint,locus,0,1.0,13696,0.5877866649021191,0.4878052
7510,HLA-A*02:50,esm2_joint,locus,0,1.0,13696,1.6094379124341003,0.6483503
7511,HLA-A*30:02,esm2_joint,locus,0,1.0,13696,0.7884573603642702,0.5628109
7512,HLA-A*02:12,esm2_joint,locus,0,1.0,13696,3.6189933266497696,0.5696794
7513,HLA-A*68:01,esm2_joint,locus,0,1.0,13696,0.26236426446749106,0.540071
7519,HLA-A*02:50,esm2_joint,locus,0,1.0,13696,1.8870696490323797,0.15961605
7521,HLA-A*43:01,esm2_joint,locus,0,1.0,13696,0.33647223662121295,0.81021285
7523,HLA-A*02:19,esm2_joint,locus,0,1.0,13696,3.0819099697950434,0.17560405
7524,HLA-A*32:07,esm2_joint,locus,0,1.0,13696,0.0,1.6225153
7525,HLA-A*24:07,esm2_joint,locus,0,1.0,13696,3.0492730404820207,0.58429295
7531,HLA-A*43:01,esm2_joint,locus,0,1.0,13696,0.33647223662121295,1.5348113
7535,HLA-A*03:01,esm2_joint,locus,0,1.0,13696,0.0,1.1708102
7537,HLA-A*25:01,esm2_joint,locus,0,1.0,13696,0.0,0.4648127
7538,HLA-A*02:11,esm2_joint,locus,0,1.0,13696,3.044522437723423,0.895131
7539,HLA-A*02:12,esm2_joint,locus,0,1.0,13696,0.5877866649021191,0.44843698
7540,HLA-A*02:50,esm2_joint,locus,0,1.0,13696,2.6878474937846906,0.47232103
7542,HLA-A*32:07,esm2_joint,locus,0,1.0,13696,0.0,0.71859384
7545,HLA-A*30:02,esm2_joint,locus,0,1.0,13696,1.8562979903656263,0.8224613
7548,HLA-A*43:01,esm2_joint,locus,0,1.0,13696,2.174751721484161,1.4147208
7549,HLA-A*68:23,esm2_joint,locus,0,1.0,13696,0.0,0.6329808
7551,HLA-A*24:02,esm2_joint,locus,0,1.0,13696,0.33647223662121295,1.0930995
7552,HLA-A*02:03,esm2_joint,locus,0,1.0,13696,2.272125885509337,0.3547073
7553,HLA-A*02:50,esm2_joint,locus,0,1.0,13696,2.4595888418037104,-0.44170517
7556,HLA-A*30:02,esm2_joint,locus,0,1.0,13696,0.18232155679395465,0.8467453
7557,HLA-A*68:23,esm2_joint,locus,0,1.0,13696,0.0,-0.32105023
7561,HLA-A*24:02,esm2_joint,locus,0,1.0,13696,3.634951112088381,0.80387986
7562,HLA-A*02:19,esm2_joint,locus,0,1.0,13696,0.0,0.26311344
7567,HLA-A*43:01,esm2_joint,locus,0,1.0,13696,0.5306282510621704,0.95998347
7568,HLA-A*43:01,esm2_joint,locus,0,1.0,13696,1.667706820558076,1.0117127
7570,HLA-A*02:03,esm2_joint,locus,0,1.0,13696,1.0647107369924282,0.13988382
7572,HLA-A*43:01,esm2_joint,locus,0,1.0,13696,0.18232155679395465,1.0921094
7574,HLA-A*02:11,esm2_joint,locus,0,1.0,13696,0.4700036292457355,0.29094934
7578,HLA-A*80:01,esm2_joint,locus,0,1.0,13696,0.0,0.6769968
7579,HLA-A*23:01,esm2_joint,locus,0,1.0,13696,0.4054651081081644,1.012171
7580,HLA-A*26:03,esm2_joint,locus,0,1.0,13696,0.33647223662121295,0.4145792
7583,HLA-A*24:19,esm2_joint,locus,0,1.0,13696,0.5306282510621704,0.46618086
7584,HLA-A*66:01,esm2_joint,locus,0,1.0,13696,0.0,0.5018054
7587,HLA-A*02:03,esm2_joint,locus,0,1.0,13696,2.917770732084279,0.36953664
7588,HLA-A*02:01,esm2_joint,locus,0,1.0,13696,1.62924053973028,0.27538866
7593,HLA-A*74:01,esm2_joint,locus,0,1.0,13696,3.2068032436339315,1.32743
7596,HLA-A*29:02,esm2_joint,locus,0,1.0,13696,1.0296194171811583,1.4055604
7597,HLA-A*29:02,esm2_joint,locus,0,1.0,13696,0.9162907318741551,0.82662195
7598,HLA-A*24:07,esm2_joint,locus,0,1.0,13696,0.26236426446749106,0.56403977
7599,HLA-A*24:03,esm2_joint,locus,0,1.0,13696,1.4816045409242156,0.41682667
7602,HLA-A*30:01,esm2_joint,locus,0,1.0,13696,0.18232155679395465,1.0207169
7603,HLA-A*30:01,esm2_joint,locus,0,1.0,13696,3.735285826928092,0.8570808
7605,HLA-A*02:10,esm2_joint,locus,0,1.0,13696,2.322387720290225,0.24456054
7606,HLA-A*24:03,esm2_joint,locus,0,1.0,13696,0.8754687373538999,1.3130646
7607,HLA-A*02:11,esm2_joint,locus,0,1.0,13696,3.122364924487357,0.7285797
7608,HLA-A*32:07,esm2_joint,locus,0,1.0,13696,0.0,0.8963445
7609,HLA-A*66:01,esm2_joint,locus,0,1.0,13696,1.667706820558076,0.5896741
7616,HLA-A*66:01,esm2_joint,locus,0,1.0,13696,0.0,0.4325599
7619,HLA-A*02:11,esm2_joint,locus,0,1.0,13696,2.6602595372658615,0.7059851
7620,HLA-A*31:01,esm2_joint,locus,0,1.0,13696,3.3105430133940246,0.7549979
7621,HLA-A*11:01,esm2_joint,locus,0,1.0,13696,2.7788192719904172,1.102705
7622,HLA-A*74:01,esm2_joint,locus,0,1.0,13696,3.730501128804756,0.87133086
7628,HLA-A*02:19,esm2_joint,locus,0,1.0,13696,0.4054651081081644,0.23748863
7629,HLA-A*30:01,esm2_joint,locus,0,1.0,13696,0.33647223662121295,0.7304801
7630,HLA-A*74:01,esm2_joint,locus,0,1.0,13696,0.8754687373538999,0.8984877
7635,HLA-A*33:03,esm2_joint,locus,0,1.0,13696,0.0,1.3265166
7636,HLA-A*33:03,esm2_joint,locus,0,1.0,13696,0.0,0.86945367
7638,HLA-A*66:01,esm2_joint,locus,0,1.0,13696,0.0,0.66756934
7641,HLA-A*74:01,esm2_joint,locus,0,1.0,13696,4.335982696172475,0.5670929
7643,HLA-A*24:19,esm2_joint,locus,0,1.0,13696,0.0,0.9328059
7645,HLA-A*29:02,esm2_joint,locus,0,1.0,13696,0.26236426446749106,0.6721839
7646,HLA-A*30:02,esm2_joint,locus,0,1.0,13696,0.0,0.9827604
7647,HLA-A*74:01,esm2_joint,locus,0,1.0,13696,1.3862943611198906,1.1286628
7648,HLA-A*30:02,esm2_joint,locus,0,1.0,13696,2.517696472610991,0.27807504
7649,HLA-A*24:07,esm2_joint,locus,0,1.0,13696,2.1400661634962708,0.5909808
7650,HLA-A*68:23,esm2_joint,locus,0,1.0,13696,0.18232155679395465,0.5295358
7651,HLA-A*30:01,esm2_joint,locus,0,1.0,13696,2.9856819377004897,0.83450884
7652,HLA-A*23:01,esm2_joint,locus,0,1.0,13696,2.451005098112319,-0.00036662817
7655,HLA-A*32:07,esm2_joint,locus,0,1.0,13696,3.543853682063679,1.0723313
7657,HLA-A*26:03,esm2_joint,locus,0,1.0,13696,0.0,0.15575516
7662,HLA-A*29:02,esm2_joint,locus,0,1.0,13696,3.339321977944068,1.3512356
7663,HLA-A*23:01,esm2_joint,locus,0,1.0,13696,3.520460802488973,0.6741259
7665,HLA-A*24:02,esm2_joint,locus,0,1.0,13696,0.5306282510621704,0.733276
7666,HLA-A*24:02,esm2_joint,locus,0,1.0,13696,0.5306282510621704,0.52687615
7667,HLA-A*30:02,esm2_joint,locus,0,1.0,13696,1.62924053973028,0.59976053
7669,HLA-A*74:01,esm2_joint,locus,0,1.0,13696,3.4688560301359703,0.59959066
7676,HLA-A*02:16,esm2_joint,locus,0,1.0,13696,0.0,0.76697993
7681,HLA-A*24:03,esm2_joint,locus,0,1.0,13696,3.3463891451671604,0.36243963
7682,HLA-A*24:07,esm2_joint,locus,0,1.0,13696,1.3609765531356006,0.28553098
7683,HLA-A*68:23,esm2_joint,locus,0,1.0,13696,0.832909122935104,1.2809287
7685,HLA-A*02:12,esm2_joint,locus,0,1.0,13696,1.62924053973028,0.65057343
7686,HLA-A*31:01,esm2_joint,locus,0,1.0,13696,0.7419373447293773,0.9450375
7688,HLA-A*24:07,esm2_joint,locus,0,1.0,13696,2.785011242238338,0.4162997
7689,HLA-A*02:16,esm2_joint,locus,0,1.0,13696,0.26236426446749106,0.34083968
7690,HLA-A*33:03,esm2_joint,locus,0,1.0,13696,3.3603753871419,0.8932579
7693,HLA-A*29:02,esm2_joint,locus,0,1.0,13696,0.26236426446749106,0.67793494
7703,HLA-A*02:01,esm2_joint,locus,0,1.0,13696,0.5187937934151676,0.8165549
7704,HLA-A*24:02,esm2_joint,locus,0,1.0,13696,1.2237754316221157,0.4766795
7705,HLA-A*02:11,esm2_joint,locus,0,1.0,13696,1.5260563034950494,0.8630426
7706,HLA-A*74:01,esm2_joint,locus,0,1.0,13696,0.0,1.1512153
7708,HLA-A*29:02,esm2_joint,locus,0,1.0,13696,0.8754687373538999,0.9626731
7709,HLA-A*74:01,esm2_joint,locus,0,1.0,13696,0.9162907318741551,0.9944175
7713,HLA-A*26:03,esm2_joint,locus,0,1.0,13696,0.18232155679395465,0.04603666
7721,HLA-A*02:03,esm2_joint,locus,0,1.0,13696,1.9021075263969205,0.06496543
7722,HLA-A*31:01,esm2_joint,locus,0,1.0,13696,0.4054651081081644,0.63955307
7724,HLA-A*74:01,esm2_joint,locus,0,1.0,13696,2.341805806147327,0.33441
7726,HLA-A*23:01,esm2_joint,locus,0,1.0,13696,2.7013612129514133,1.0876201
7727,HLA-A*25:01,esm2_joint,locus,0,1.0,13696,0.832909122935104,0.6198991
7728,HLA-A*26:03,esm2_joint,locus,0,1.0,13696,0.18232155679395465,0.4935456
7730,HLA-A*03:01,esm2_joint,locus,0,1.0,13696,0.0,0.8992856
7731,HLA-A*02:10,esm2_joint,locus,0,1.0,13696,0.7419373447293773,0.48894274
7732,HLA-A*24:03,esm2_joint,locus,0,1.0,13696,2.1972245773362196,1.2492665
7733,HLA-A*26:02,esm2_joint,locus,0,1.0,13696,0.26236426446749106,0.36655873
7734,HLA-A*03:01,esm2_joint,locus,0,1.0,13696,0.0,1.0161573
7736,HLA-A*26:02,esm2_joint,locus,0,1.0,13696,0.0,1.059753
7739,HLA-A*33:03,esm2_joint,locus,0,1.0,13696,0.0,1.2273697
7749,HLA-A*66:01,esm2_joint,locus,0,1.0,13696,0.0,0.5826776
7755,HLA-A*02:03,esm2_joint,locus,0,1.0,13696,2.2617630984737906,0.24280906
7757,HLA-A*43:01,esm2_joint,locus,0,1.0,13696,0.0,0.89504266
7758,HLA-A*66:01,esm2_joint,locus,0,1.0,13696,0.0,0.60307723
7759,HLA-A*02:12,esm2_joint,locus,0,1.0,13696,2.388762789235098,0.40227777
7761,HLA-A*30:02,esm2_joint,locus,0,1.0,13696,0.5306282510621704,0.587379
7762,HLA-A*32:07,esm2_joint,locus,0,1.0,13696,3.4719664525503626,0.82896113
7763,HLA-A*24:03,esm2_joint,locus,0,1.0,13696,1.5040773967762742,0.13782686
7764,HLA-A*24:03,esm2_joint,locus,0,1.0,13696,3.653252276470785,0.6913532
7770,HLA-A*23:01,esm2_joint,locus,0,1.0,13696,2.0014800002101243,0.5475887
7771,HLA-A*32:07,esm2_joint,locus,0,1.0,13696,1.8082887711792655,0.9553489
7772,HLA-A*24:19,esm2_joint,locus,0,1.0,13696,0.0,1.6476305
7774,HLA-A*02:01,esm2_joint,locus,0,1.0,13696,3.713572066704308,0.59512293
7779,HLA-A*02:10,esm2_joint,locus,0,1.0,13696,0.26236426446749106,0.44021392
7780,HLA-A*02:12,esm2_joint,locus,0,1.0,13696,3.295836866004329,0.6441463
7782,HLA-A*66:01,esm2_joint,locus,0,1.0,13696,0.0,0.74679947
7784,HLA-A*02:01,esm2_joint,locus,0,1.0,13696,2.33214389523559,0.25390822
7787,HLA-A*24:03,esm2_joint,locus,0,1.0,13696,3.66612246699132,0.8466897
7792,HLA-A*25:01,esm2_joint,locus,0,1.0,13696,3.906004933102583,0.057812512
7794,HLA-A*02:03,esm2_joint,locus,0,1.0,13696,2.341805806147327,0.12988353
7795,HLA-A*24:03,esm2_joint,locus,0,1.0,13696,0.26236426446749106,0.36133826
7797,HLA-A*24:19,esm2_joint,locus,0,1.0,13696,0.0,1.3145529
7798,HLA-A*66:01,esm2_joint,locus,0,1.0,13696,0.0,0.34329522
7801,HLA-A*66:01,esm2_joint,locus,0,1.0,13696,0.0,0.42590165
7803,HLA-A*24:02,esm2_joint,locus,0,1.0,13696,3.6584202466292277,1.0757802
7806,HLA-A*02:50,esm2_joint,locus,0,1.0,13696,1.252762968495368,0.47506142
7807,HLA-A*68:01,esm2_joint,locus,0,1.0,13696,0.4054651081081644,0.33306485
7808,HLA-A*24:19,esm2_joint,locus,0,1.0,13696,0.4700036292457355,0.35595697
7809,HLA-A*26:03,esm2_joint,locus,0,1.0,13696,2.70805020110221,0.09666669
7811,HLA-A*29:02,esm2_joint,locus,0,1.0,13696,0.18232155679395465,1.0030938
7812,HLA-A*24:03,esm2_joint,locus,0,1.0,13696,0.26236426446749106,0.78934014
7813,HLA-A*24:19,esm2_joint,locus,0,1.0,13696,0.09531017980432487,0.5542214
7814,HLA-A*74:01,esm2_joint,locus,0,1.0,13696,0.33647223662121295,0.6454011
7816,HLA-A*24:03,esm2_joint,locus,0,1.0,13696,1.7404661748405046,0.94666964
7821,HLA-A*29:02,esm2_joint,locus,0,1.0,13696,1.4350845252893227,1.2209527
7822,HLA-A*66:01,esm2_joint,locus,0,1.0,13696,0.0,0.53568745
7823,HLA-A*69:01,esm2_joint,locus,0,1.0,13696,1.62924053973028,0.8633607
7824,HLA-A*02:11,esm2_joint,locus,0,1.0,13696,2.9806186357439426,0.7810643
7825,HLA-A*02:19,esm2_joint,locus,0,1.0,13696,0.26236426446749106,0.4367308
7826,HLA-A*68:01,esm2_joint,locus,0,1.0,13696,0.0,0.58244395
7828,HLA-A*23:01,esm2_joint,locus,0,1.0,13696,1.7047480922384253,0.529377
7829,HLA-A*32:07,esm2_joint,locus,0,1.0,13696,0.0,0.3797068
7830,HLA-A*03:01,esm2_joint,locus,0,1.0,13696,0.0,0.6875654
7831,HLA-A*24:02,esm2_joint,locus,0,1.0,13696,2.509599262378372,0.40242046
7840,HLA-A*24:02,esm2_joint,locus,0,1.0,13696,1.0986122886681098,0.12568325
7841,HLA-A*02:11,esm2_joint,locus,0,1.0,13696,1.6863989535702288,0.7237258
7842,HLA-A*68:01,esm2_joint,locus,0,1.0,13696,0.6931471805599453,0.77853215
7844,HLA-A*26:03,esm2_joint,locus,0,1.0,13696,0.0,0.21284837
7846,HLA-A*02:10,esm2_joint,locus,0,1.0,13696,0.7419373447293773,0.49381757
7851,HLA-A*66:01,esm2_joint,locus,0,1.0,13696,0.26236426446749106,0.6333919
7857,HLA-A*43:01,esm2_joint,locus,0,1.0,13696,0.0,1.1022146
7860,HLA-A*66:01,esm2_joint,locus,0,1.0,13696,0.0,0.72781086
7863,HLA-A*25:01,esm2_joint,locus,0,1.0,13696,0.18232155679395465,0.5697599
7865,HLA-A*02:10,esm2_joint,locus,0,1.0,13696,1.4350845252893227,0.4285199
7868,HLA-A*43:01,esm2_joint,locus,0,1.0,13696,0.33647223662121295,0.7958623
7871,HLA-A*33:03,esm2_joint,locus,0,1.0,13696,2.7536607123542622,0.45108014
7875,HLA-A*66:01,esm2_joint,locus,0,1.0,13696,0.26236426446749106,0.9524784
7876,HLA-A*02:10,esm2_joint,locus,0,1.0,13696,2.3513752571634776,0.2529149
7877,HLA-A*11:01,esm2_joint,locus,0,1.0,13696,3.624340932976365,1.1317166
7881,HLA-A*68:01,esm2_joint,locus,0,1.0,13696,0.0,0.76626825
7885,HLA-A*32:07,esm2_joint,locus,0,1.0,13696,1.824549292051046,1.0202324
7888,HLA-A*02:01,esm2_joint,locus,0,1.0,13696,2.302585092994046,0.67075956
7890,HLA-A*29:02,esm2_joint,locus,0,1.0,13696,0.18232155679395465,1.1212107
7894,HLA-A*24:03,esm2_joint,locus,0,1.0,13696,3.039749158970765,-0.15853769
7895,HLA-A*66:01,esm2_joint,locus,0,1.0,13696,3.2771447329921766,0.601195
7897,HLA-A*02:11,esm2_joint,locus,0,1.0,13696,2.5257286443082556,0.47825807
7898,HLA-A*02:50,esm2_joint,locus,0,1.0,13696,0.5877866649021191,0.22411114
7899,HLA-A*02:50,esm2_joint,locus,0,1.0,13696,0.9555114450274363,0.8076948
7900,HLA-A*02:19,esm2_joint,locus,0,1.0,13696,0.33647223662121295,1.1010818
7901,HLA-A*68:01,esm2_joint,locus,0,1.0,13696,4.200204952921578,0.63735056
7902,HLA-A*03:01,esm2_joint,locus,0,1.0,13696,1.308332819650179,1.1104169
7905,HLA-A*02:01,esm2_joint,locus,0,1.0,13696,3.068052935133617,0.51752317
7906,HLA-A*02:01,esm2_joint,locus,0,1.0,13696,1.6863989535702288,0.40225673
7908,HLA-A*30:01,esm2_joint,locus,0,1.0,13696,1.5260563034950494,0.9149941
7909,HLA-A*68:01,esm2_joint,locus,0,1.0,13696,1.6863989535702288,0.4686951
7910,HLA-A*24:19,esm2_joint,locus,0,1.0,13696,0.0,0.40590078
7911,HLA-A*26:03,esm2_joint,locus,0,1.0,13696,0.33647223662121295,0.6366262
7916,HLA-A*30:02,esm2_joint,locus,0,1.0,13696,3.0007198150650303,0.9010826
7918,HLA-A*24:02,esm2_joint,locus,0,1.0,13696,2.151762203259462,0.61176395
7919,HLA-A*02:50,esm2_joint,locus,0,1.0,13696,0.5306282510621704,0.55548227
7922,HLA-A*24:07,esm2_joint,locus,0,1.0,13696,0.5306282510621704,0.9932601
7924,HLA-A*43:01,esm2_joint,locus,0,1.0,13696,1.547562508716013,0.79296196
7925,HLA-A*25:01,esm2_joint,locus,0,1.0,13696,0.18232155679395465,0.4214329
7926,HLA-A*02:12,esm2_joint,locus,0,1.0,13696,3.4307561839036995,-0.28875893
7927,HLA-A*30:01,esm2_joint,locus,0,1.0,13696,0.26236426446749106,0.86256284
7928,HLA-A*30:01,esm2_joint,locus,0,1.0,13696,0.0,0.35103655
7933,HLA-A*02:11,esm2_joint,locus,0,1.0,13696,2.6390573296152584,0.7295113
7936,HLA-A*29:02,esm2_joint,locus,0,1.0,13696,0.9162907318741551,1.3767107
7937,HLA-A*23:01,esm2_joint,locus,0,1.0,13696,0.4700036292457355,0.40784842
7938,HLA-A*23:01,esm2_joint,locus,0,1.0,13696,1.3862943611198906,0.9567125
7940,HLA-A*26:03,esm2_joint,locus,0,1.0,13696,0.26236426446749106,0.75805944
7941,HLA-A*03:01,esm2_joint,locus,0,1.0,13696,0.0,1.1018237
7943,HLA-A*24:03,esm2_joint,locus,0,1.0,13696,2.174751721484161,0.07640964
7944,HLA-A*02:10,esm2_joint,locus,0,1.0,13696,2.2407096892759584,0.6145779
7947,HLA-A*24:07,esm2_joint,locus,0,1.0,13696,0.26236426446749106,0.980929
7949,HLA-A*33:03,esm2_joint,locus,0,1.0,13696,0.4700036292457355,0.8856661
7953,HLA-A*02:01,esm2_joint,locus,0,1.0,13696,1.8870696490323797,0.4657085
7955,HLA-A*02:10,esm2_joint,locus,0,1.0,13696,0.6418538861723948,0.021149933
7963,HLA-A*33:03,esm2_joint,locus,0,1.0,13696,5.532598662272703,0.6631212
7965,HLA-A*66:01,esm2_joint,locus,0,1.0,13696,0.26236426446749106,0.54821104
7966,HLA-A*02:11,esm2_joint,locus,0,1.0,13696,1.5260563034950494,0.30350095
7970,HLA-A*30:02,esm2_joint,locus,0,1.0,13696,0.26236426446749106,0.8550333
7972,HLA-A*02:16,esm2_joint,locus,0,1.0,13696,0.26236426446749106,0.5523656
7976,HLA-A*66:01,esm2_joint,locus,0,1.0,13696,0.26236426446749106,1.0055882
7977,HLA-A*02:11,esm2_joint,locus,0,1.0,13696,2.3608540011180215,0.33463204
7979,HLA-A*24:19,esm2_joint,locus,0,1.0,13696,0.26236426446749106,0.85871506
7980,HLA-A*25:01,esm2_joint,locus,0,1.0,13696,0.0,0.27282256
7983,HLA-A*24:02,esm2_joint,locus,0,1.0,13696,0.26236426446749106,0.6983432
7984,HLA-A*02:50,esm2_joint,locus,0,1.0,13696,2.2192034840549946,0.4633956
7986,HLA-A*32:07,esm2_joint,locus,0,1.0,13696,0.0,0.81536716
7988,HLA-A*32:01,esm2_joint,locus,0,1.0,13696,0.4700036292457355,0.36069888
7989,HLA-A*02:01,esm2_joint,locus,0,1.0,13696,3.4873750779032076,-0.07406074
7991,HLA-A*02:10,esm2_joint,locus,0,1.0,13696,1.0647107369924282,0.38391775
7992,HLA-A*02:11,esm2_joint,locus,0,1.0,13696,1.1939224684724346,0.502475
7994,HLA-A*30:01,esm2_joint,locus,0,1.0,13696,4.087655574071304,0.56740856
7996,HLA-A*02:12,esm2_joint,locus,0,1.0,13696,3.8110970868381857,0.61944735
7997,HLA-A*68:01,esm2_joint,locus,0,1.0,13696,1.5260563034950494,0.67157364
8000,HLA-A*29:02,esm2_joint,locus,0,1.0,13696,1.667706820558076,0.8827378
8003,HLA-A*03:01,esm2_joint,locus,0,1.0,13696,1.0986122886681098,1.2404941
8005,HLA-A*02:10,esm2_joint,locus,0,1.0,13696,0.0,0.082781136
8006,HLA-A*30:01,esm2_joint,locus,0,1.0,13696,0.0,0.37003255
8007,HLA-A*29:02,esm2_joint,locus,0,1.0,13696,3.214867803470662,1.3664684
8008,HLA-A*80:01,esm2_joint,locus,0,1.0,13696,1.9600947840472698,0.76288855
8009,HLA-A*32:07,esm2_joint,locus,0,1.0,13696,0.7419373447293773,0.44734854
8011,HLA-A*26:03,esm2_joint,locus,0,1.0,13696,0.18232155679395465,0.6853637
8013,HLA-A*33:03,esm2_joint,locus,0,1.0,13696,0.0,1.3485999
8014,HLA-A*68:01,esm2_joint,locus,0,1.0,13696,0.8754687373538999,1.1757643
8018,HLA-A*29:02,esm2_joint,locus,0,1.0,13696,0.0,1.0810875
8020,HLA-A*74:01,esm2_joint,locus,0,1.0,13696,1.62924053973028,1.1742259
8021,HLA-A*74:01,esm2_joint,locus,0,1.0,13696,3.3603753871419,0.6190266
8027,HLA-A*33:03,esm2_joint,locus,0,1.0,13696,0.0,1.3310115
8028,HLA-A*68:01,esm2_joint,locus,0,1.0,13696,3.100092288878234,0.19031024
8033,HLA-A*02:03,esm2_joint,locus,0,1.0,13696,2.1162555148025524,0.30255628
8035,HLA-A*29:02,esm2_joint,locus,0,1.0,13696,0.5877866649021191,0.87950957
8036,HLA-A*80:01,esm2_joint,locus,0,1.0,13696,1.410986973710262,0.94565403
8037,HLA-A*24:07,esm2_joint,locus,0,1.0,13696,3.2733640101522705,0.7956143
8040,HLA-A*02:50,esm2_joint,locus,0,1.0,13696,1.33500106673234,0.2889316
8041,HLA-A*02:50,esm2_joint,locus,0,1.0,13696,1.1939224684724346,0.31472933
8042,HLA-A*11:01,esm2_joint,locus,0,1.0,13696,0.7419373447293773,0.45496392
8051,HLA-A*02:12,esm2_joint,locus,0,1.0,13696,2.1041341542702074,0.41221315
8053,HLA-A*29:02,esm2_joint,locus,0,1.0,13696,1.308332819650179,1.2539058
8054,HLA-A*80:01,esm2_joint,locus,0,1.0,13696,0.18232155679395465,1.181431
8055,HLA-A*23:01,esm2_joint,locus,0,1.0,13696,1.7047480922384253,0.42244083
8058,HLA-A*80:01,esm2_joint,locus,0,1.0,13696,0.0,0.43520045
8061,HLA-A*02:50,esm2_joint,locus,0,1.0,13696,3.2188758248682006,0.18247855
8062,HLA-A*11:01,esm2_joint,locus,0,1.0,13696,3.6635616461296463,0.84505427
8066,HLA-A*29:02,esm2_joint,locus,0,1.0,13696,0.6931471805599453,0.8088138
8067,HLA-A*66:01,esm2_joint,locus,0,1.0,13696,0.26236426446749106,0.62372786
8068,HLA-A*24:02,esm2_joint,locus,0,1.0,13696,3.751854253275325,0.8446959
8069,HLA-A*68:02,esm2_joint,locus,0,1.0,13696,0.4054651081081644,0.76254606
8070,HLA-A*43:01,esm2_joint,locus,0,1.0,13696,0.26236426446749106,0.515918
8071,HLA-A*29:02,esm2_joint,locus,0,1.0,13696,2.6946271807700692,1.0510759
8073,HLA-A*03:01,esm2_joint,locus,0,1.0,13696,0.5877866649021191,0.6793834
8074,HLA-A*02:19,esm2_joint,locus,0,1.0,13696,0.5877866649021191,-0.07294339
8077,HLA-A*02:12,esm2_joint,locus,0,1.0,13696,2.8094026953624973,0.8604572
8078,HLA-A*33:03,esm2_joint,locus,0,1.0,13696,0.0,0.83533967
8081,HLA-A*30:02,esm2_joint,locus,0,1.0,13696,0.18232155679395465,0.8533683
8084,HLA-A*24:02,esm2_joint,locus,0,1.0,13696,0.6418538861723948,0.605352
8086,HLA-A*02:03,esm2_joint,locus,0,1.0,13696,3.9357395320454622,0.52080035
8087,HLA-A*02:11,esm2_joint,locus,0,1.0,13696,0.9162907318741551,0.48196065
8090,HLA-A*80:01,esm2_joint,locus,0,1.0,13696,0.33647223662121295,1.1800891
8092,HLA-A*02:12,esm2_joint,locus,0,1.0,13696,0.4054651081081644,0.40238976
8099,HLA-A*32:07,esm2_joint,locus,0,1.0,13696,0.0,1.1412636
8100,HLA-A*26:03,esm2_joint,locus,0,1.0,13696,0.9555114450274363,0.60394406
8102,HLA-A*02:10,esm2_joint,locus,0,1.0,13696,2.785011242238338,0.35381055
8108,HLA-A*24:03,esm2_joint,locus,0,1.0,13696,3.937690752176724,1.2405689
8111,HLA-A*68:23,esm2_joint,locus,0,1.0,13696,0.18232155679395465,0.33491957
8113,HLA-A*02:10,esm2_joint,locus,0,1.0,13696,0.0,0.4549055
8114,HLA-A*02:16,esm2_joint,locus,0,1.0,13696,2.468099531471619,0.5603124
8115,HLA-A*43:01,esm2_joint,locus,0,1.0,13696,0.09531017980432487,1.109578
8116,HLA-A*24:03,esm2_joint,locus,0,1.0,13696,2.8903717578961645,1.0234618
8119,HLA-A*02:50,esm2_joint,locus,0,1.0,13696,2.8791984572980396,0.14147216
8123,HLA-A*30:02,esm2_joint,locus,0,1.0,13696,0.26236426446749106,1.0762256
8127,HLA-A*32:07,esm2_joint,locus,0,1.0,13696,0.0,0.21526921
8129,HLA-A*25:01,esm2_joint,locus,0,1.0,13696,0.26236426446749106,0.8062935
8131,HLA-A*02:03,esm2_joint,locus,0,1.0,13696,0.33647223662121295,0.02965492
8135,HLA-A*24:19,esm2_joint,locus,0,1.0,13696,0.18232155679395465,0.15783507
8136,HLA-A*68:23,esm2_joint,locus,0,1.0,13696,2.9444389791664403,1.0004508
8140,HLA-A*43:01,esm2_joint,locus,0,1.0,13696,0.0,1.0008337
8144,HLA-A*02:19,esm2_joint,locus,0,1.0,13696,3.039749158970765,0.5452874
8145,HLA-A*11:01,esm2_joint,locus,0,1.0,13696,0.4054651081081644,0.39051324
8152,HLA-A*68:01,esm2_joint,locus,0,1.0,13696,0.0,0.5362436
8153,HLA-A*29:02,esm2_joint,locus,0,1.0,13696,0.33647223662121295,0.9306736
8155,HLA-A*02:12,esm2_joint,locus,0,1.0,13696,2.174751721484161,0.4108556
8163,HLA-A*30:01,esm2_joint,locus,0,1.0,13696,0.0,0.39484155
8164,HLA-A*24:19,esm2_joint,locus,0,1.0,13696,0.26236426446749106,0.30472654
8165,HLA-A*68:23,esm2_joint,locus,0,1.0,13696,0.8754687373538999,1.2141795
8169,HLA-A*43:01,esm2_joint,locus,0,1.0,13696,2.388762789235098,0.81017303
8173,HLA-A*26:02,esm2_joint,locus,0,1.0,13696,1.1631508098056809,0.7597356
8175,HLA-A*24:03,esm2_joint,locus,0,1.0,13696,3.730501128804756,0.4835225
8177,HLA-A*02:12,esm2_joint,locus,0,1.0,13696,3.768152635008444,0.8430297
8178,HLA-A*33:03,esm2_joint,locus,0,1.0,13696,0.0,0.7563497
8179,HLA-A*74:01,esm2_joint,locus,0,1.0,13696,0.5306282510621704,1.1227564
8183,HLA-A*80:01,esm2_joint,locus,0,1.0,13696,0.0,1.2297971
8187,HLA-A*02:19,esm2_joint,locus,0,1.0,13696,0.26236426446749106,0.66354644
8188,HLA-A*11:01,esm2_joint,locus,0,1.0,13696,3.126760535960395,1.2629076
8189,HLA-A*29:02,esm2_joint,locus,0,1.0,13696,0.9162907318741551,1.2126244
8191,HLA-A*02:10,esm2_joint,locus,0,1.0,13696,0.6931471805599453,0.31160986
8192,HLA-A*02:16,esm2_joint,locus,0,1.0,13696,0.26236426446749106,0.5413717
8194,HLA-A*24:07,esm2_joint,locus,0,1.0,13696,0.4054651081081644,1.0394398
8197,HLA-A*02:16,esm2_joint,locus,0,1.0,13696,3.4531571205928664,0.15354657
8198,HLA-A*02:19,esm2_joint,locus,0,1.0,13696,3.186352633162641,0.5080084
8202,HLA-A*02:10,esm2_joint,locus,0,1.0,13696,0.0,0.45913488
8205,HLA-A*24:19,esm2_joint,locus,0,1.0,13696,0.0,0.8488282
8206,HLA-A*02:50,esm2_joint,locus,0,1.0,13696,1.1314021114911006,-0.0022462606
8209,HLA-A*43:01,esm2_joint,locus,0,1.0,13696,0.18232155679395465,0.62221754
8210,HLA-A*26:03,esm2_joint,locus,0,1.0,13696,2.7212954278522306,0.7075922
8211,HLA-A*02:16,esm2_joint,locus,0,1.0,13696,1.6094379124341003,0.5462814
8212,HLA-A*11:01,esm2_joint,locus,0,1.0,13696,3.292126286607793,1.581639
8213,HLA-A*32:07,esm2_joint,locus,0,1.0,13696,0.0,0.11563963
8214,HLA-A*24:19,esm2_joint,locus,0,1.0,13696,0.0,0.25467306
8218,HLA-A*02:03,esm2_joint,locus,0,1.0,13696,0.5877866649021191,0.7096127
8219,HLA-A*74:01,esm2_joint,locus,0,1.0,13696,0.0,0.6199774
8221,HLA-A*02:50,esm2_joint,locus,0,1.0,13696,2.4765384001174837,0.16157246
8222,HLA-A*30:01,esm2_joint,locus,0,1.0,13696,0.5306282510621704,0.5548974
8224,HLA-A*80:01,esm2_joint,locus,0,1.0,13696,0.0,0.86679506
8225,HLA-A*32:07,esm2_joint,locus,0,1.0,13696,0.0,1.067491
8226,HLA-A*24:19,esm2_joint,locus,0,1.0,13696,0.26236426446749106,0.71355474
8227,HLA-A*26:03,esm2_joint,locus,0,1.0,13696,0.18232155679395465,0.7083222
8228,HLA-A*24:02,esm2_joint,locus,0,1.0,13696,0.4700036292457355,0.6681883
8229,HLA-A*02:11,esm2_joint,locus,0,1.0,13696,0.7884573603642702,0.45109922
8230,HLA-A*30:02,esm2_joint,locus,0,1.0,13696,0.18232155679395465,0.43936056
8231,HLA-A*80:01,esm2_joint,locus,0,1.0,13696,0.5306282510621704,0.7674328
8232,HLA-A*02:11,esm2_joint,locus,0,1.0,13696,3.246490991901174,0.9840015
8233,HLA-A*68:01,esm2_joint,locus,0,1.0,13696,0.0,1.0851977
8234,HLA-A*30:02,esm2_joint,locus,0,1.0,13696,2.388762789235098,0.9491708
8235,HLA-A*33:03,esm2_joint,locus,0,1.0,13696,3.8066624897703196,0.46932948
8239,HLA-A*31:01,esm2_joint,locus,0,1.0,13696,3.624340932976365,0.59861875
8244,HLA-A*02:10,esm2_joint,locus,0,1.0,13696,3.7932394694381792,0.7215104
8245,HLA-A*02:19,esm2_joint,locus,0,1.0,13696,0.9932517730102833,0.08913058
8246,HLA-A*02:19,esm2_joint,locus,0,1.0,13696,1.0296194171811583,0.7245047
8255,HLA-A*31:01,esm2_joint,locus,0,1.0,13696,0.6931471805599453,0.64307797
8256,HLA-A*11:01,esm2_joint,locus,0,1.0,13696,1.9315214116032138,0.87113905
8262,HLA-A*02:50,esm2_joint,locus,0,1.0,13696,3.1354942159291497,0.58427894
8263,HLA-A*43:01,esm2_joint,locus,0,1.0,13696,0.33647223662121295,0.91817373
8270,HLA-A*11:01,esm2_joint,locus,0,1.0,13696,3.4873750779032076,0.9447827
8272,HLA-A*24:19,esm2_joint,locus,0,1.0,13696,0.0,0.87569565
8273,HLA-A*26:03,esm2_joint,locus,0,1.0,13696,0.09531017980432487,0.32146662
8275,HLA-A*02:16,esm2_joint,locus,0,1.0,13696,0.26236426446749106,0.17523926
8279,HLA-A*26:03,esm2_joint,locus,0,1.0,13696,2.028148247292285,0.5943996
8282,HLA-A*23:01,esm2_joint,locus,0,1.0,13696,0.9162907318741551,0.500236
8285,HLA-A*68:23,esm2_joint,locus,0,1.0,13696,0.26236426446749106,0.6101158
8289,HLA-A*02:16,esm2_joint,locus,0,1.0,13696,1.308332819650179,0.32122988
8298,HLA-A*29:02,esm2_joint,locus,0,1.0,13696,0.18232155679395465,1.1429446
8299,HLA-A*66:01,esm2_joint,locus,0,1.0,13696,0.0,0.83507735
8300,HLA-A*02:19,esm2_joint,locus,0,1.0,13696,2.954910279033736,0.4099784
8301,HLA-A*74:01,esm2_joint,locus,0,1.0,13696,0.4054651081081644,0.8347798
8304,HLA-A*24:03,esm2_joint,locus,0,1.0,13696,1.2809338454620642,0.43324167
8306,HLA-A*74:01,esm2_joint,locus,0,1.0,13696,3.3568971227655755,0.84589845
8318,HLA-A*29:02,esm2_joint,locus,0,1.0,13696,1.824549292051046,1.0548923
8319,HLA-A*32:07,esm2_joint,locus,0,1.0,13696,0.0,0.5001712
8323,HLA-A*02:16,esm2_joint,locus,0,1.0,13696,3.5553480614894135,0.5981281
8324,HLA-A*74:01,esm2_joint,locus,0,1.0,13696,2.791165107812717,0.98894846
8326,HLA-A*32:07,esm2_joint,locus,0,1.0,13696,0.4700036292457355,0.91918427
8327,HLA-A*24:19,esm2_joint,locus,0,1.0,13696,0.09531017980432487,0.702708
8328,HLA-A*25:01,esm2_joint,locus,0,1.0,13696,0.0,0.8059666
8330,HLA-A*03:01,esm2_joint,locus,0,1.0,13696,2.1400661634962708,1.4784019
8331,HLA-A*02:19,esm2_joint,locus,0,1.0,13696,1.5686159179138452,0.7446807
8332,HLA-A*31:01,esm2_joint,locus,0,1.0,13696,0.0,0.7165182
8334,HLA-A*26:02,esm2_joint,locus,0,1.0,13696,0.6418538861723948,-0.035631835
8340,HLA-A*32:07,esm2_joint,locus,0,1.0,13696,0.832909122935104,0.79546916
8346,HLA-A*23:01,esm2_joint,locus,0,1.0,13696,2.8449093838194073,0.5369324
8350,HLA-A*02:12,esm2_joint,locus,0,1.0,13696,1.4350845252893227,0.81684995
8353,HLA-A*24:02,esm2_joint,locus,0,1.0,13696,0.7884573603642702,0.9273578
8355,HLA-A*02:10,esm2_joint,locus,0,1.0,13696,2.0918640616783932,0.80923367
8358,HLA-A*02:10,esm2_joint,locus,0,1.0,13696,0.4054651081081644,0.1831299
8366,HLA-A*43:01,esm2_joint,locus,0,1.0,13696,0.18232155679395465,0.5867728
8367,HLA-A*43:01,esm2_joint,locus,0,1.0,13696,0.9932517730102833,0.79560685
8369,HLA-A*68:01,esm2_joint,locus,0,1.0,13696,0.0,0.68424606
8374,HLA-A*23:01,esm2_joint,locus,0,1.0,13696,3.4372078191851885,1.201297
8375,HLA-A*32:07,esm2_joint,locus,0,1.0,13696,0.0,1.1277989
8376,HLA-A*24:07,esm2_joint,locus,0,1.0,13696,3.6216707044204863,0.95094573
8377,HLA-A*25:01,esm2_joint,locus,0,1.0,13696,3.044522437723423,0.53247756
8378,HLA-A*66:01,esm2_joint,locus,0,1.0,13696,0.0,0.43967795
8382,HLA-A*30:02,esm2_joint,locus,0,1.0,13696,0.4700036292457355,0.46601164
8383,HLA-A*80:01,esm2_joint,locus,0,1.0,13696,0.0,0.4687519
8386,HLA-A*02:11,esm2_joint,locus,0,1.0,13696,1.667706820558076,0.12240523
8387,HLA-A*30:01,esm2_joint,locus,0,1.0,13696,0.6418538861723948,0.37236017
8388,HLA-A*31:01,esm2_joint,locus,0,1.0,13696,0.0,1.4386253
8392,HLA-A*32:07,esm2_joint,locus,0,1.0,13696,2.740840023925201,1.4142431
8393,HLA-A*24:07,esm2_joint,locus,0,1.0,13696,1.62924053973028,0.9359355
8394,HLA-A*66:01,esm2_joint,locus,0,1.0,13696,0.09531017980432487,0.6194907
8395,HLA-A*80:01,esm2_joint,locus,0,1.0,13696,0.0,1.0328965
8396,HLA-A*23:01,esm2_joint,locus,0,1.0,13696,0.4700036292457355,0.93563974
8401,HLA-A*43:01,esm2_joint,locus,0,1.0,13696,0.4054651081081644,0.9109473
8403,HLA-A*33:03,esm2_joint,locus,0,1.0,13696,1.4816045409242156,0.38483483
8406,HLA-A*29:02,esm2_joint,locus,0,1.0,13696,0.4054651081081644,1.3136806
8407,HLA-A*32:07,esm2_joint,locus,0,1.0,13696,0.8754687373538999,0.69055164
8409,HLA-A*02:11,esm2_joint,locus,0,1.0,13696,2.8622008809294686,1.6500814
8411,HLA-A*26:03,esm2_joint,locus,0,1.0,13696,0.4700036292457355,0.50037515
8417,HLA-A*68:23,esm2_joint,locus,0,1.0,13696,0.5877866649021191,0.44432384
8419,HLA-A*02:01,esm2_joint,locus,0,1.0,13696,2.5726122302071057,0.43560487
8421,HLA-A*30:02,esm2_joint,locus,0,1.0,13696,0.7884573603642702,0.54273933
8422,HLA-A*24:03,esm2_joint,locus,0,1.0,13696,3.3250360206965914,0.58885705
8424,HLA-A*26:03,esm2_joint,locus,0,1.0,13696,0.18232155679395465,0.5473821
8429,HLA-A*02:10,esm2_joint,locus,0,1.0,13696,0.0,0.49775046
8431,HLA-A*74:01,esm2_joint,locus,0,1.0,13696,5.159629846774143,0.9248254
8432,HLA-A*43:01,esm2_joint,locus,0,1.0,13696,0.4700036292457355,1.0459201
8433,HLA-A*29:02,esm2_joint,locus,0,1.0,13696,2.2823823856765264,1.1732094
8434,HLA-A*24:19,esm2_joint,locus,0,1.0,13696,0.09531017980432487,0.20459455
8435,HLA-A*24:07,esm2_joint,locus,0,1.0,13696,0.7419373447293773,0.3320468
8437,HLA-A*26:02,esm2_joint,locus,0,1.0,13696,1.0986122886681098,0.4807451
8438,HLA-A*02:16,esm2_joint,locus,0,1.0,13696,0.33647223662121295,0.72704655
8441,HLA-A*68:23,esm2_joint,locus,0,1.0,13696,1.4350845252893227,0.86128217
8446,HLA-A*02:03,esm2_joint,locus,0,1.0,13696,0.33647223662121295,0.2808938
8447,HLA-A*30:01,esm2_joint,locus,0,1.0,13696,0.4054651081081644,0.7282821
8453,HLA-A*02:01,esm2_joint,locus,0,1.0,13696,2.928523523860541,0.47053146
8454,HLA-A*80:01,esm2_joint,locus,0,1.0,13696,0.0,0.62700987
8455,HLA-A*80:01,esm2_joint,locus,0,1.0,13696,0.4054651081081644,0.5493449
8460,HLA-A*02:12,esm2_joint,locus,0,1.0,13696,0.33647223662121295,0.2749334
8461,HLA-A*30:01,esm2_joint,locus,0,1.0,13696,0.18232155679395465,0.06252843
8464,HLA-A*74:01,esm2_joint,locus,0,1.0,13696,0.9555114450274363,0.9445274
8470,HLA-A*29:02,esm2_joint,locus,0,1.0,13696,2.0541237336955462,1.1391603
8471,HLA-A*02:19,esm2_joint,locus,0,1.0,13696,0.5306282510621704,0.12875748
8472,HLA-A*30:01,esm2_joint,locus,0,1.0,13696,0.26236426446749106,0.6444542
8473,HLA-A*74:01,esm2_joint,locus,0,1.0,13696,1.1939224684724346,0.97131157
8474,HLA-A*02:01,esm2_joint,locus,0,1.0,13696,1.4350845252893227,0.36672378
8475,HLA-A*66:01,esm2_joint,locus,0,1.0,13696,0.0,1.0611649
8476,HLA-A*66:01,esm2_joint,locus,0,1.0,13696,3.594568774642695,0.71543753
8479,HLA-A*26:02,esm2_joint,locus,0,1.0,13696,0.4700036292457355,0.82649803
8482,HLA-A*02:12,esm2_joint,locus,0,1.0,13696,0.0,-0.0063590407
8485,HLA-A*43:01,esm2_joint,locus,0,1.0,13696,0.18232155679395465,0.91426337
8486,HLA-A*25:01,esm2_joint,locus,0,1.0,13696,0.0,-0.06119281
8492,HLA-A*43:01,esm2_joint,locus,0,1.0,13696,0.0,1.2859304
8497,HLA-A*68:23,esm2_joint,locus,0,1.0,13696,1.2809338454620642,0.7697362
8505,HLA-A*68:01,esm2_joint,locus,0,1.0,13696,0.0,0.36041766
8506,HLA-A*43:01,esm2_joint,locus,0,1.0,13696,0.5306282510621704,1.2693657
8515,HLA-A*74:01,esm2_joint,locus,0,1.0,13696,5.114394528387108,0.80060256
8517,HLA-A*80:01,esm2_joint,locus,0,1.0,13696,0.0,0.95436996
8521,HLA-A*43:01,esm2_joint,locus,0,1.0,13696,0.4700036292457355,0.78762984
8522,HLA-A*33:03,esm2_joint,locus,0,1.0,13696,0.0,0.8385863
8525,HLA-A*11:01,esm2_joint,locus,0,1.0,13696,0.6418538861723948,1.1086538
8527,HLA-A*02:03,esm2_joint,locus,0,1.0,13696,0.5306282510621704,-0.048978984
8528,HLA-A*68:01,esm2_joint,locus,0,1.0,13696,2.1162555148025524,0.88751906
8529,HLA-A*11:01,esm2_joint,locus,0,1.0,13696,2.772588722239781,1.1364127
8543,HLA-A*02:16,esm2_joint,locus,0,1.0,13696,1.1314021114911006,-0.2557742
8547,HLA-A*24:19,esm2_joint,locus,0,1.0,13696,0.5306282510621704,0.20455748
8548,HLA-A*02:50,esm2_joint,locus,0,1.0,13696,2.9444389791664403,0.03668177
8549,HLA-A*02:19,esm2_joint,locus,0,1.0,13696,0.0,0.38265115
8552,HLA-A*02:16,esm2_joint,locus,0,1.0,13696,2.6461747973841225,0.35688972
8556,HLA-A*02:10,esm2_joint,locus,0,1.0,13696,2.2192034840549946,0.6770526
8561,HLA-A*29:02,esm2_joint,locus,0,1.0,13696,0.6931471805599453,0.82511264
8562,HLA-A*02:10,esm2_joint,locus,0,1.0,13696,1.2237754316221157,0.6585891
8565,HLA-A*43:01,esm2_joint,locus,0,1.0,13696,0.0,0.9861474
8566,HLA-A*24:03,esm2_joint,locus,0,1.0,13696,1.1314021114911006,0.25225478
8567,HLA-A*02:10,esm2_joint,locus,0,1.0,13696,2.128231705849268,0.48887065
8568,HLA-A*68:01,esm2_joint,locus,0,1.0,13696,0.6931471805599453,0.5986538
8571,HLA-A*23:01,esm2_joint,locus,0,1.0,13696,3.0349529867072724,0.69578826
8575,HLA-A*33:03,esm2_joint,locus,0,1.0,13696,0.4054651081081644,0.41170675
8578,HLA-A*24:07,esm2_joint,locus,0,1.0,13696,3.648057459593681,1.4184005
8579,HLA-A*03:01,esm2_joint,locus,0,1.0,13696,0.09531017980432487,1.3428974
8580,HLA-A*02:10,esm2_joint,locus,0,1.0,13696,2.2925347571405443,1.0065628
8583,HLA-A*24:19,esm2_joint,locus,0,1.0,13696,0.0,0.18383574
8584,HLA-A*26:03,esm2_joint,locus,0,1.0,13696,0.0,0.57418394
8588,HLA-A*74:01,esm2_joint,locus,0,1.0,13696,1.0647107369924282,0.56714886
8590,HLA-A*30:02,esm2_joint,locus,0,1.0,13696,0.4700036292457355,0.7290667
8591,HLA-A*66:01,esm2_joint,locus,0,1.0,13696,0.26236426446749106,1.051538
8597,HLA-A*30:01,esm2_joint,locus,0,1.0,13696,0.6418538861723948,0.77066386
8599,HLA-A*02:03,esm2_joint,locus,0,1.0,13696,0.8754687373538999,0.4710493
8600,HLA-A*02:16,esm2_joint,locus,0,1.0,13696,3.768152635008444,0.95670307
8602,HLA-A*32:07,esm2_joint,locus,0,1.0,13696,0.9555114450274363,0.99017286
8605,HLA-A*01:01,esm2_joint,locus,0,1.0,13696,2.1482677326096886,0.57727337
8609,HLA-A*02:50,esm2_joint,locus,0,1.0,13696,2.501435951739211,0.30175906
8612,HLA-A*02:12,esm2_joint,locus,0,1.0,13696,3.214867803470662,0.39527518
8613,HLA-A*02:19,esm2_joint,locus,0,1.0,13696,1.1314021114911006,0.31106377
8614,HLA-A*29:02,esm2_joint,locus,0,1.0,13696,2.803360380906535,1.0893657
8617,HLA-A*02:16,esm2_joint,locus,0,1.0,13696,1.2809338454620642,0.3833081
8620,HLA-A*29:02,esm2_joint,locus,0,1.0,13696,2.4423470353692043,0.8116156
8621,HLA-A*02:03,esm2_joint,locus,0,1.0,13696,3.9569963710708773,0.3821184
8626,HLA-A*29:02,esm2_joint,locus,0,1.0,13696,0.33647223662121295,1.0295823
8627,HLA-A*23:01,esm2_joint,locus,0,1.0,13696,2.7212954278522306,0.86949754
8630,HLA-A*02:12,esm2_joint,locus,0,1.0,13696,1.4350845252893227,0.48113066
8631,HLA-A*02:12,esm2_joint,locus,0,1.0,13696,1.1314021114911006,0.27777094
8634,HLA-A*02:11,esm2_joint,locus,0,1.0,13696,2.4849066497880004,0.63397706
8635,HLA-A*02:19,esm2_joint,locus,0,1.0,13696,2.1041341542702074,0.22978115
8636,HLA-A*68:01,esm2_joint,locus,0,1.0,13696,1.252762968495368,1.1408788
8637,HLA-A*74:01,esm2_joint,locus,0,1.0,13696,1.7578579175523736,1.4875195
8638,HLA-A*68:23,esm2_joint,locus,0,1.0,13696,0.7884573603642702,0.8409719
8639,HLA-A*01:01,esm2_joint,locus,0,1.0,13696,1.9933388426264242,0.7332343
8640,HLA-A*30:01,esm2_joint,locus,0,1.0,13696,0.0,0.65161705
8645,HLA-A*02:10,esm2_joint,locus,0,1.0,13696,0.9932517730102833,0.6024692
8647,HLA-A*30:02,esm2_joint,locus,0,1.0,13696,0.0,0.5178873
8650,HLA-A*25:01,esm2_joint,locus,0,1.0,13696,0.0,0.4293052
8651,HLA-A*02:01,esm2_joint,locus,0,1.0,13696,2.2082744135228043,-0.03754121
8652,HLA-A*33:03,esm2_joint,locus,0,1.0,13696,3.858622228701031,-0.052255094
8654,HLA-A*30:02,esm2_joint,locus,0,1.0,13696,0.4054651081081644,1.0128577
8655,HLA-A*66:01,esm2_joint,locus,0,1.0,13696,0.09531017980432487,0.1797939
8658,HLA-A*33:03,esm2_joint,locus,0,1.0,13696,0.0,0.8184712
8661,HLA-A*01:01,esm2_joint,locus,0,1.0,13696,2.3174737054877963,0.9962769
8664,HLA-A*25:01,esm2_joint,locus,0,1.0,13696,2.4932054526026954,0.46927
8665,HLA-A*30:01,esm2_joint,locus,0,1.0,13696,1.33500106673234,0.7828819
8668,HLA-A*30:02,esm2_joint,locus,0,1.0,13696,0.832909122935104,0.24673069
8670,HLA-A*24:07,esm2_joint,locus,0,1.0,13696,2.5416019934645457,0.58228207
8672,HLA-A*24:02,esm2_joint,locus,0,1.0,13696,0.6418538861723948,0.45799232
8673,HLA-A*26:03,esm2_joint,locus,0,1.0,13696,0.33647223662121295,0.5397502
8680,HLA-A*24:07,esm2_joint,locus,0,1.0,13696,2.272125885509337,0.71898603
8686,HLA-A*24:02,esm2_joint,locus,0,1.0,13696,0.33647223662121295,0.50911117
8689,HLA-A*02:16,esm2_joint,locus,0,1.0,13696,2.028148247292285,0.2448883
8692,HLA-A*26:02,esm2_joint,locus,0,1.0,13696,0.26236426446749106,0.63788307
8693,HLA-A*33:03,esm2_joint,locus,0,1.0,13696,0.0,0.9079914
8694,HLA-A*24:07,esm2_joint,locus,0,1.0,13696,3.713572066704308,0.873575
8696,HLA-A*11:01,esm2_joint,locus,0,1.0,13696,0.33647223662121295,0.5541327
8697,HLA-A*25:01,esm2_joint,locus,0,1.0,13696,0.0,0.041836202
8699,HLA-A*33:03,esm2_joint,locus,0,1.0,13696,0.0,0.77752197
8700,HLA-A*11:01,esm2_joint,locus,0,1.0,13696,0.5306282510621704,0.60074306
8704,HLA-A*29:02,esm2_joint,locus,0,1.0,13696,1.0986122886681098,1.2429293
8707,HLA-A*24:03,esm2_joint,locus,0,1.0,13696,3.484312288372662,0.7899242
8708,HLA-A*24:03,esm2_joint,locus,0,1.0,13696,3.068052935133617,0.6726088
8714,HLA-A*43:01,esm2_joint,locus,0,1.0,13696,0.5877866649021191,0.69960475
8718,HLA-A*74:01,esm2_joint,locus,0,1.0,13696,4.925803358579558,0.6516534
8720,HLA-A*43:01,esm2_joint,locus,0,1.0,13696,0.18232155679395465,0.8259489
8721,HLA-A*26:03,esm2_joint,locus,0,1.0,13696,0.5306282510621704,0.47735667
8725,HLA-A*02:03,esm2_joint,locus,0,1.0,13696,0.6931471805599453,0.74332637
8729,HLA-A*02:01,esm2_joint,locus,0,1.0,13696,1.1939224684724346,0.31194454
8731,HLA-A*02:19,esm2_joint,locus,0,1.0,13696,1.1314021114911006,0.5161227
8732,HLA-A*66:01,esm2_joint,locus,0,1.0,13696,0.18232155679395465,0.27145857
8733,HLA-A*26:03,esm2_joint,locus,0,1.0,13696,0.18232155679395465,0.6010176
8734,HLA-A*33:03,esm2_joint,locus,0,1.0,13696,0.9555114450274363,0.526023
8737,HLA-A*29:02,esm2_joint,locus,0,1.0,13696,2.995732273553991,1.1476359
8738,HLA-A*02:12,esm2_joint,locus,0,1.0,13696,0.8754687373538999,-0.07626599
8739,HLA-A*11:01,esm2_joint,locus,0,1.0,13696,3.910021002757473,1.2247558
8741,HLA-A*24:07,esm2_joint,locus,0,1.0,13696,1.33500106673234,0.52478516
8743,HLA-A*66:01,esm2_joint,locus,0,1.0,13696,0.4054651081081644,0.9130858
8748,HLA-A*02:12,esm2_joint,locus,0,1.0,13696,2.740840023925201,0.3100807
8749,HLA-A*24:19,esm2_joint,locus,0,1.0,13696,0.0,0.6303086
8756,HLA-A*02:10,esm2_joint,locus,0,1.0,13696,0.832909122935104,0.1639213
8757,HLA-A*02:11,esm2_joint,locus,0,1.0,13696,1.9878743481543455,0.81808865
8760,HLA-A*24:19,esm2_joint,locus,0,1.0,13696,0.09531017980432487,0.51586175
8762,HLA-A*02:11,esm2_joint,locus,0,1.0,13696,1.667706820558076,-0.0016037226
8763,HLA-A*02:12,esm2_joint,locus,0,1.0,13696,1.7047480922384253,0.9585358
8764,HLA-A*02:19,esm2_joint,locus,0,1.0,13696,3.4242626545931514,1.0723253
8766,HLA-A*43:01,esm2_joint,locus,0,1.0,13696,0.6418538861723948,1.1708157
8767,HLA-A*30:02,esm2_joint,locus,0,1.0,13696,0.4054651081081644,0.5820521
8770,HLA-A*33:03,esm2_joint,locus,0,1.0,13696,0.0,1.0987301
8773,HLA-A*02:01,esm2_joint,locus,0,1.0,13696,3.288401887516811,0.44054276
8774,HLA-A*02:10,esm2_joint,locus,0,1.0,13696,0.18232155679395465,0.4613548
8778,HLA-A*24:19,esm2_joint,locus,0,1.0,13696,0.0,0.76415926
8779,HLA-A*02:03,esm2_joint,locus,0,1.0,13696,2.1633230256605382,0.76008666
8780,HLA-A*30:01,esm2_joint,locus,0,1.0,13696,0.5306282510621704,0.3561375
8781,HLA-A*31:01,esm2_joint,locus,0,1.0,13696,4.597138014290827,1.079575
8784,HLA-A*01:01,esm2_joint,locus,0,1.0,13696,0.883767540168595,0.29092413
8787,HLA-A*24:07,esm2_joint,locus,0,1.0,13696,3.6788291182604347,0.6042507
8788,HLA-A*26:02,esm2_joint,locus,0,1.0,13696,0.33647223662121295,0.41170627
8789,HLA-A*68:23,esm2_joint,locus,0,1.0,13696,0.7419373447293773,0.5681919
8791,HLA-A*02:03,esm2_joint,locus,0,1.0,13696,3.353406717825807,0.2623191
8793,HLA-A*02:50,esm2_joint,locus,0,1.0,13696,1.9315214116032138,0.39532918
8794,HLA-A*31:01,esm2_joint,locus,0,1.0,13696,0.4054651081081644,0.46231234
8798,HLA-A*80:01,esm2_joint,locus,0,1.0,13696,0.26236426446749106,1.2502451
8799,HLA-A*68:23,esm2_joint,locus,0,1.0,13696,0.0,0.653759
8800,HLA-A*02:03,esm2_joint,locus,0,1.0,13696,0.0,0.4803296
8801,HLA-A*02:16,esm2_joint,locus,0,1.0,13696,2.379546134130174,0.22801405
8803,HLA-A*23:01,esm2_joint,locus,0,1.0,13696,2.1162555148025524,0.66394293
8804,HLA-A*25:01,esm2_joint,locus,0,1.0,13696,0.18232155679395465,0.83277404
8805,HLA-A*68:23,esm2_joint,locus,0,1.0,13696,0.4700036292457355,0.76830673
8809,HLA-A*25:01,esm2_joint,locus,0,1.0,13696,1.6486586255873816,0.12209982
8810,HLA-A*26:03,esm2_joint,locus,0,1.0,13696,1.33500106673234,0.4232847
8812,HLA-A*24:02,esm2_joint,locus,0,1.0,13696,0.6931471805599453,0.44067347
8813,HLA-A*11:01,esm2_joint,locus,0,1.0,13696,0.7884573603642702,0.52805877
8815,HLA-A*68:23,esm2_joint,locus,0,1.0,13696,0.26236426446749106,0.5970715
8816,HLA-A*02:50,esm2_joint,locus,0,1.0,13696,3.068052935133617,0.0019924045
8817,HLA-A*02:16,esm2_joint,locus,0,1.0,13696,1.410986973710262,0.3396523
8823,HLA-A*29:02,esm2_joint,locus,0,1.0,13696,2.827313621929028,1.2181557
8825,HLA-A*80:01,esm2_joint,locus,0,1.0,13696,0.0,0.36016786
8833,HLA-A*02:50,esm2_joint,locus,0,1.0,13696,2.8622008809294686,0.2029249
8834,HLA-A*80:01,esm2_joint,locus,0,1.0,13696,0.4700036292457355,0.90138066
8848,HLA-A*25:01,esm2_joint,locus,0,1.0,13696,0.7419373447293773,0.58410805
8850,HLA-A*24:02,esm2_joint,locus,0,1.0,13696,1.2809338454620642,0.8120346
8851,HLA-A*02:03,esm2_joint,locus,0,1.0,13696,1.5040773967762742,0.5951092
8854,HLA-A*24:19,esm2_joint,locus,0,1.0,13696,0.26236426446749106,0.7648921
8855,HLA-A*26:02,esm2_joint,locus,0,1.0,13696,0.18232155679395465,0.6669339
8856,HLA-A*32:01,esm2_joint,locus,0,1.0,13696,3.3178157727231046,1.3287194
8857,HLA-A*31:01,esm2_joint,locus,0,1.0,13696,3.109060958860994,0.79600596
8858,HLA-A*33:03,esm2_joint,locus,0,1.0,13696,1.0647107369924282,0.938314
8865,HLA-A*43:01,esm2_joint,locus,0,1.0,13696,2.617395832834079,0.98449403
8869,HLA-A*66:01,esm2_joint,locus,0,1.0,13696,0.0,0.5570171
8870,HLA-A*02:19,esm2_joint,locus,0,1.0,13696,2.8094026953624973,0.9268934
8871,HLA-A*33:03,esm2_joint,locus,0,1.0,13696,0.0,1.252488
8874,HLA-A*24:02,esm2_joint,locus,0,1.0,13696,0.18232155679395465,0.12090075
8875,HLA-A*74:01,esm2_joint,locus,0,1.0,13696,2.066862759472976,0.85547733
8878,HLA-A*02:10,esm2_joint,locus,0,1.0,13696,2.617395832834079,0.7657553
8879,HLA-A*02:19,esm2_joint,locus,0,1.0,13696,2.0918640616783932,0.70234036
8880,HLA-A*68:01,esm2_joint,locus,0,1.0,13696,1.9459101490553132,1.0705214
8882,HLA-A*32:07,esm2_joint,locus,0,1.0,13696,0.4054651081081644,0.51578176
8883,HLA-A*02:16,esm2_joint,locus,0,1.0,13696,1.547562508716013,0.4777292
8884,HLA-A*68:01,esm2_joint,locus,0,1.0,13696,0.4054651081081644,0.2229405
8885,HLA-A*74:01,esm2_joint,locus,0,1.0,13696,0.5877866649021191,0.9454879
8888,HLA-A*26:02,esm2_joint,locus,0,1.0,13696,0.6418538861723948,0.3317852
8889,HLA-A*68:23,esm2_joint,locus,0,1.0,13696,0.09531017980432487,0.671047
8892,HLA-A*02:01,esm2_joint,locus,0,1.0,13696,2.9601050959108397,0.6582802
8893,HLA-A*02:16,esm2_joint,locus,0,1.0,13696,2.89591193827178,0.16832632
8897,HLA-A*02:11,esm2_joint,locus,0,1.0,13696,3.0819099697950434,0.35108727
8900,HLA-A*29:02,esm2_joint,locus,0,1.0,13696,0.18232155679395465,1.7121522
8901,HLA-A*24:03,esm2_joint,locus,0,1.0,13696,3.370738174177447,1.2682054
8906,HLA-A*32:07,esm2_joint,locus,0,1.0,13696,0.0,0.700014
8907,HLA-A*24:19,esm2_joint,locus,0,1.0,13696,0.18232155679395465,0.50737834
8909,HLA-A*24:02,esm2_joint,locus,0,1.0,13696,2.4849066497880004,0.4272805
8910,HLA-A*02:12,esm2_joint,locus,0,1.0,13696,2.970414465569701,-0.040803254
8911,HLA-A*68:01,esm2_joint,locus,0,1.0,13696,3.0349529867072724,0.8598352
8913,HLA-A*23:01,esm2_joint,locus,0,1.0,13696,1.0647107369924282,0.4710645
8914,HLA-A*24:03,esm2_joint,locus,0,1.0,13696,3.7773481021015445,0.62971354
8918,HLA-A*03:01,esm2_joint,locus,0,1.0,13696,0.09531017980432487,1.0267047
8919,HLA-A*33:03,esm2_joint,locus,0,1.0,13696,0.0,0.87338424
8925,HLA-A*32:07,esm2_joint,locus,0,1.0,13696,0.0,0.76754785
8930,HLA-A*30:02,esm2_joint,locus,0,1.0,13696,1.7404661748405046,1.2648722
8932,HLA-A*68:23,esm2_joint,locus,0,1.0,13696,0.33647223662121295,0.60685897
8933,HLA-A*24:02,esm2_joint,locus,0,1.0,13696,2.0918640616783932,0.01632899
8934,HLA-A*02:03,esm2_joint,locus,0,1.0,13696,3.2733640101522705,0.42272604
8948,HLA-A*02:01,esm2_joint,locus,0,1.0,13696,0.9162907318741551,0.23846835
8950,HLA-A*30:01,esm2_joint,locus,0,1.0,13696,0.0,0.40263647
8951,HLA-A*23:01,esm2_joint,locus,0,1.0,13696,1.5260563034950494,0.20253247
8952,HLA-A*26:03,esm2_joint,locus,0,1.0,13696,0.0,0.19989592
8957,HLA-A*02:50,esm2_joint,locus,0,1.0,13696,3.0349529867072724,0.38701844
8959,HLA-A*30:02,esm2_joint,locus,0,1.0,13696,1.6094379124341003,0.92123985
8960,HLA-A*32:07,esm2_joint,locus,0,1.0,13696,0.26236426446749106,1.0779344
8961,HLA-A*02:01,esm2_joint,locus,0,1.0,13696,2.222459048514761,0.3130554
8962,HLA-A*80:01,esm2_joint,locus,0,1.0,13696,0.26236426446749106,0.69424504
8964,HLA-A*26:03,esm2_joint,locus,0,1.0,13696,0.0,0.47560054
8966,HLA-A*02:12,esm2_joint,locus,0,1.0,13696,3.5409593240373143,0.20318806
8969,HLA-A*23:01,esm2_joint,locus,0,1.0,13696,3.616308761279101,0.27676833
8971,HLA-A*24:19,esm2_joint,locus,0,1.0,13696,0.26236426446749106,0.7978132
8976,HLA-A*26:03,esm2_joint,locus,0,1.0,13696,1.1314021114911006,0.23322499
8978,HLA-A*02:10,esm2_joint,locus,0,1.0,13696,0.832909122935104,0.4067759
8979,HLA-A*02:19,esm2_joint,locus,0,1.0,13696,0.0,0.35819703
8985,HLA-A*02:50,esm2_joint,locus,0,1.0,13696,2.5726122302071057,0.30426884
8986,HLA-A*25:01,esm2_joint,locus,0,1.0,13696,0.09531017980432487,0.6515919
8989,HLA-A*02:11,esm2_joint,locus,0,1.0,13696,2.7343675094195836,0.5376643
8992,HLA-A*25:01,esm2_joint,locus,0,1.0,13696,0.33647223662121295,0.4406157
8993,HLA-A*26:02,esm2_joint,locus,0,1.0,13696,0.8754687373538999,1.0939915
8994,HLA-A*02:12,esm2_joint,locus,0,1.0,13696,3.2771447329921766,0.72950244
8996,HLA-A*29:02,esm2_joint,locus,0,1.0,13696,0.6931471805599453,0.72768784
9000,HLA-A*02:50,esm2_joint,locus,0,1.0,13696,2.9444389791664403,0.28945035
9002,HLA-A*24:19,esm2_joint,locus,0,1.0,13696,0.5306282510621704,0.6756727
9003,HLA-A*24:07,esm2_joint,locus,0,1.0,13696,1.8718021769015913,0.8134618
9005,HLA-A*32:07,esm2_joint,locus,0,1.0,13696,3.632309102625542,0.8652723
9006,HLA-A*68:23,esm2_joint,locus,0,1.0,13696,0.4700036292457355,0.4410345
9007,HLA-A*03:01,esm2_joint,locus,0,1.0,13696,1.4350845252893227,1.2121432
9014,HLA-A*33:03,esm2_joint,locus,0,1.0,13696,0.0,1.1446478
9018,HLA-A*02:10,esm2_joint,locus,0,1.0,13696,0.4700036292457355,0.101400435
9019,HLA-A*02:11,esm2_joint,locus,0,1.0,13696,2.9652730660692823,1.0204672
9020,HLA-A*02:50,esm2_joint,locus,0,1.0,13696,0.9932517730102833,-0.14814109
9024,HLA-A*02:50,esm2_joint,locus,0,1.0,13696,2.803360380906535,0.80379903
9025,HLA-A*29:02,esm2_joint,locus,0,1.0,13696,1.1939224684724346,1.320543
9026,HLA-A*80:01,esm2_joint,locus,0,1.0,13696,0.0,0.8658469
9035,HLA-A*66:01,esm2_joint,locus,0,1.0,13696,0.0,0.21657199
9036,HLA-A*66:01,esm2_joint,locus,0,1.0,13696,0.09531017980432487,0.5592021
9038,HLA-A*03:01,esm2_joint,locus,0,1.0,13696,0.6931471805599453,1.3201458
9040,HLA-A*29:02,esm2_joint,locus,0,1.0,13696,0.9555114450274363,0.71112585
9043,HLA-A*24:02,esm2_joint,locus,0,1.0,13696,1.410986973710262,0.7278788
9044,HLA-A*02:12,esm2_joint,locus,0,1.0,13696,3.0204248861443626,0.5410991
9050,HLA-A*02:03,esm2_joint,locus,0,1.0,13696,3.152736022363656,0.31617087
9051,HLA-A*02:12,esm2_joint,locus,0,1.0,13696,0.26236426446749106,-0.12526947
9052,HLA-A*29:02,esm2_joint,locus,0,1.0,13696,0.26236426446749106,0.7322086
9053,HLA-A*02:01,esm2_joint,locus,0,1.0,13696,2.174751721484161,0.0910933
9055,HLA-A*02:03,esm2_joint,locus,0,1.0,13696,0.0,0.5549252
9056,HLA-A*02:50,esm2_joint,locus,0,1.0,13696,1.1631508098056809,0.35855973
9058,HLA-A*02:10,esm2_joint,locus,0,1.0,13696,2.501435951739211,0.4149279
9060,HLA-A*24:02,esm2_joint,locus,0,1.0,13696,0.33647223662121295,0.36607718
9062,HLA-A*30:02,esm2_joint,locus,0,1.0,13696,0.09531017980432487,1.0856569
9064,HLA-A*02:10,esm2_joint,locus,0,1.0,13696,2.0412203288596382,0.09330493
9069,HLA-A*29:02,esm2_joint,locus,0,1.0,13696,1.8082887711792655,0.89642596
9070,HLA-A*66:01,esm2_joint,locus,0,1.0,13696,1.1631508098056809,0.7958851
9073,HLA-A*23:01,esm2_joint,locus,0,1.0,13696,3.8732821771117156,0.7895697
9074,HLA-A*66:01,esm2_joint,locus,0,1.0,13696,0.0,0.5038923
9076,HLA-A*31:01,esm2_joint,locus,0,1.0,13696,2.766319109226186,0.45116913
9081,HLA-A*02:01,esm2_joint,locus,0,1.0,13696,0.0,0.2502361
9082,HLA-A*30:01,esm2_joint,locus,0,1.0,13696,1.0296194171811583,0.45820302
9083,HLA-A*33:03,esm2_joint,locus,0,1.0,13696,0.26236426446749106,1.0236099
9084,HLA-A*74:01,esm2_joint,locus,0,1.0,13696,0.6418538861723948,0.7949996
9085,HLA-A*29:02,esm2_joint,locus,0,1.0,13696,2.128231705849268,0.53008527
9086,HLA-A*32:07,esm2_joint,locus,0,1.0,13696,0.5877866649021191,0.9607923
9092,HLA-A*02:03,esm2_joint,locus,0,1.0,13696,4.1588830833596715,0.7335614
9093,HLA-A*02:19,esm2_joint,locus,0,1.0,13696,1.547562508716013,0.7627266
9096,HLA-A*02:50,esm2_joint,locus,0,1.0,13696,2.9806186357439426,0.26601076
9097,HLA-A*68:01,esm2_joint,locus,0,1.0,13696,1.589235205116581,0.4959761
9099,HLA-A*29:02,esm2_joint,locus,0,1.0,13696,1.62924053973028,0.84903157
9100,HLA-A*30:02,esm2_joint,locus,0,1.0,13696,0.4700036292457355,0.8537926
9101,HLA-A*24:07,esm2_joint,locus,0,1.0,13696,1.4816045409242156,0.9886393
9103,HLA-A*74:01,esm2_joint,locus,0,1.0,13696,0.0,1.1995037
9106,HLA-A*24:03,esm2_joint,locus,0,1.0,13696,0.4054651081081644,0.6610938
9109,HLA-A*32:01,esm2_joint,locus,0,1.0,13696,4.630837932736669,1.5603659
9110,HLA-A*02:01,esm2_joint,locus,0,1.0,13696,3.005682604407159,0.941683
9114,HLA-A*43:01,esm2_joint,locus,0,1.0,13696,0.4054651081081644,1.012063
9115,HLA-A*80:01,esm2_joint,locus,0,1.0,13696,0.33647223662121295,0.41271174
9119,HLA-A*02:10,esm2_joint,locus,0,1.0,13696,0.4054651081081644,0.3690676
9121,HLA-A*23:01,esm2_joint,locus,0,1.0,13696,3.100092288878234,0.58891845
9122,HLA-A*26:03,esm2_joint,locus,0,1.0,13696,0.0,0.5308678
9124,HLA-A*30:01,esm2_joint,locus,0,1.0,13696,0.0,0.28009087
9129,HLA-A*02:16,esm2_joint,locus,0,1.0,13696,1.2237754316221157,0.966385
9130,HLA-A*30:02,esm2_joint,locus,0,1.0,13696,0.5306282510621704,0.85145134
9131,HLA-A*24:07,esm2_joint,locus,0,1.0,13696,0.7419373447293773,0.795711
9133,HLA-A*11:01,esm2_joint,locus,0,1.0,13696,0.0,0.477418
9135,HLA-A*25:01,esm2_joint,locus,0,1.0,13696,0.4054651081081644,0.93145245
9138,HLA-A*33:03,esm2_joint,locus,0,1.0,13696,0.5306282510621704,1.0642579
9139,HLA-A*33:03,esm2_joint,locus,0,1.0,13696,3.32862668882732,0.3375545
9140,HLA-A*11:01,esm2_joint,locus,0,1.0,13696,1.7404661748405046,0.7069321
9142,HLA-A*32:07,esm2_joint,locus,0,1.0,13696,0.0,0.86796546
9143,HLA-A*02:19,esm2_joint,locus,0,1.0,13696,1.2237754316221157,0.7845473
9145,HLA-A*23:01,esm2_joint,locus,0,1.0,13696,1.9740810260220096,0.78741443
9146,HLA-A*32:07,esm2_joint,locus,0,1.0,13696,2.1633230256605382,0.66245806
9147,HLA-A*26:03,esm2_joint,locus,0,1.0,13696,0.18232155679395465,0.07337874
9149,HLA-A*02:10,esm2_joint,locus,0,1.0,13696,1.6094379124341003,0.31272978
9150,HLA-A*23:01,esm2_joint,locus,0,1.0,13696,2.617395832834079,0.010682523
9154,HLA-A*30:02,esm2_joint,locus,0,1.0,13696,0.18232155679395465,0.78945285
9155,HLA-A*02:12,esm2_joint,locus,0,1.0,13696,3.8732821771117156,0.43078798
9159,HLA-A*33:03,esm2_joint,locus,0,1.0,13696,0.26236426446749106,0.73619264
9163,HLA-A*24:19,esm2_joint,locus,0,1.0,13696,0.4054651081081644,0.70576394
9167,HLA-A*74:01,esm2_joint,locus,0,1.0,13696,3.2846635654062037,0.8856216
9169,HLA-A*24:19,esm2_joint,locus,0,1.0,13696,0.4054651081081644,0.76736504
9171,HLA-A*02:10,esm2_joint,locus,0,1.0,13696,0.18232155679395465,0.7228532
9173,HLA-A*26:03,esm2_joint,locus,0,1.0,13696,0.4700036292457355,0.57462054
9175,HLA-A*02:19,esm2_joint,locus,0,1.0,13696,0.8754687373538999,0.24740344
9176,HLA-A*29:02,esm2_joint,locus,0,1.0,13696,0.33647223662121295,1.0484788
9177,HLA-A*24:19,esm2_joint,locus,0,1.0,13696,0.18232155679395465,0.9345344
9178,HLA-A*68:23,esm2_joint,locus,0,1.0,13696,0.18232155679395465,0.5956521
9179,HLA-A*02:50,esm2_joint,locus,0,1.0,13696,2.624668592163159,0.5190068
9180,HLA-A*68:01,esm2_joint,locus,0,1.0,13696,1.7749523509116738,0.8647471
9181,HLA-A*68:01,esm2_joint,locus,0,1.0,13696,3.5467396869528134,0.6363382
9182,HLA-A*68:01,esm2_joint,locus,0,1.0,13696,0.5877866649021191,0.6318821
9183,HLA-A*74:01,esm2_joint,locus,0,1.0,13696,3.3603753871419,0.69315326
9187,HLA-A*03:01,esm2_joint,locus,0,1.0,13696,3.4372078191851885,0.76462287
9188,HLA-A*02:16,esm2_joint,locus,0,1.0,13696,1.2809338454620642,0.65526843
9192,HLA-A*43:01,esm2_joint,locus,0,1.0,13696,0.0,0.64858377
9193,HLA-A*29:02,esm2_joint,locus,0,1.0,13696,0.7419373447293773,1.0766672
9195,HLA-A*68:01,esm2_joint,locus,0,1.0,13696,0.0,1.3773284
9197,HLA-A*43:01,esm2_joint,locus,0,1.0,13696,0.26236426446749106,1.0451343
9199,HLA-A*03:01,esm2_joint,locus,0,1.0,13696,0.18232155679395465,1.2921498
9200,HLA-A*74:01,esm2_joint,locus,0,1.0,13696,0.4700036292457355,0.52155924
9201,HLA-A*32:07,esm2_joint,locus,0,1.0,13696,3.8066624897703196,0.86730075
9202,HLA-A*68:23,esm2_joint,locus,0,1.0,13696,1.252762968495368,0.5062938
9207,HLA-A*23:01,esm2_joint,locus,0,1.0,13696,3.5890591188317256,0.8601304
9210,HLA-A*66:01,esm2_joint,locus,0,1.0,13696,0.0,0.58382833
9211,HLA-A*02:03,esm2_joint,locus,0,1.0,13696,0.4700036292457355,0.35870516
9212,HLA-A*02:10,esm2_joint,locus,0,1.0,13696,0.0,-0.16886085
9215,HLA-A*25:01,esm2_joint,locus,0,1.0,13696,0.4700036292457355,0.47029686
9219,HLA-A*24:19,esm2_joint,locus,0,1.0,13696,0.33647223662121295,0.67733395
9220,HLA-A*25:01,esm2_joint,locus,0,1.0,13696,2.9856819377004897,0.52532905
9223,HLA-A*02:50,esm2_joint,locus,0,1.0,13696,2.9444389791664403,0.72044826
9224,HLA-A*02:50,esm2_joint,locus,0,1.0,13696,2.4765384001174837,0.56749594
9225,HLA-A*74:01,esm2_joint,locus,0,1.0,13696,3.1945831322991562,0.07798302
9228,HLA-A*02:12,esm2_joint,locus,0,1.0,13696,1.308332819650179,0.40801322
9229,HLA-A*11:01,esm2_joint,locus,0,1.0,13696,2.9652730660692823,0.78618574
9234,HLA-A*02:10,esm2_joint,locus,0,1.0,13696,3.1135153092103742,0.24568206
9235,HLA-A*30:01,esm2_joint,locus,0,1.0,13696,1.916922612182061,0.97429407
9238,HLA-A*74:01,esm2_joint,locus,0,1.0,13696,1.1939224684724346,0.6857462
9240,HLA-A*26:02,esm2_joint,locus,0,1.0,13696,0.18232155679395465,0.521721
9241,HLA-A*68:23,esm2_joint,locus,0,1.0,13696,0.4054651081081644,0.8106385
9242,HLA-A*02:01,esm2_joint,locus,0,1.0,13696,0.5766133643039938,-0.010643899
9246,HLA-A*31:01,esm2_joint,locus,0,1.0,13696,0.26236426446749106,1.1902469
9248,HLA-A*30:02,esm2_joint,locus,0,1.0,13696,1.8718021769015913,0.8863542
9249,HLA-A*32:07,esm2_joint,locus,0,1.0,13696,0.0,1.0042084
9250,HLA-A*32:07,esm2_joint,locus,0,1.0,13696,2.322387720290225,0.7442775
9253,HLA-A*02:01,esm2_joint,locus,0,1.0,13696,0.9932517730102833,0.42683816
9255,HLA-A*30:01,esm2_joint,locus,0,1.0,13696,1.2237754316221157,1.0191604
9256,HLA-A*25:01,esm2_joint,locus,0,1.0,13696,0.26236426446749106,0.2431882
9258,HLA-A*02:03,esm2_joint,locus,0,1.0,13696,0.4700036292457355,0.30744344
9259,HLA-A*02:19,esm2_joint,locus,0,1.0,13696,0.832909122935104,0.73510087
9263,HLA-A*74:01,esm2_joint,locus,0,1.0,13696,0.8754687373538999,0.9522819
9266,HLA-A*80:01,esm2_joint,locus,0,1.0,13696,0.33647223662121295,0.7968189
9267,HLA-A*24:19,esm2_joint,locus,0,1.0,13696,0.26236426446749106,0.6426569
9272,HLA-A*32:07,esm2_joint,locus,0,1.0,13696,0.5877866649021191,0.74833333
9273,HLA-A*02:50,esm2_joint,locus,0,1.0,13696,1.8870696490323797,0.63759565
9276,HLA-A*29:02,esm2_joint,locus,0,1.0,13696,0.26236426446749106,0.74533725
9277,HLA-A*30:02,esm2_joint,locus,0,1.0,13696,2.2407096892759584,0.5473447
9279,HLA-A*24:02,esm2_joint,locus,0,1.0,13696,0.26236426446749106,0.5884812
9281,HLA-A*68:23,esm2_joint,locus,0,1.0,13696,2.1972245773362196,0.75577897
9283,HLA-A*24:02,esm2_joint,locus,0,1.0,13696,1.3862943611198906,0.58210254
9285,HLA-A*24:19,esm2_joint,locus,0,1.0,13696,0.0,-0.16692907
9287,HLA-A*24:02,esm2_joint,locus,0,1.0,13696,0.9162907318741551,-0.35604018
9288,HLA-A*74:01,esm2_joint,locus,0,1.0,13696,2.174751721484161,0.7297079
9289,HLA-A*32:07,esm2_joint,locus,0,1.0,13696,4.301358731606427,0.8840703
9290,HLA-A*01:01,esm2_joint,locus,0,1.0,13696,3.141130476243348,0.79878944
9292,HLA-A*30:02,esm2_joint,locus,0,1.0,13696,1.252762968495368,0.86696243
9294,HLA-A*24:19,esm2_joint,locus,0,1.0,13696,0.09531017980432487,0.3245495
9295,HLA-A*25:01,esm2_joint,locus,0,1.0,13696,0.0,0.5231993
9299,HLA-A*11:01,esm2_joint,locus,0,1.0,13696,1.9740810260220096,0.46985608
9304,HLA-A*02:12,esm2_joint,locus,0,1.0,13696,2.9069010598473755,0.67786205
9305,HLA-A*02:19,esm2_joint,locus,0,1.0,13696,0.9555114450274363,0.8695177
9306,HLA-A*66:01,esm2_joint,locus,0,1.0,13696,0.18232155679395465,0.7100182
9307,HLA-A*03:01,esm2_joint,locus,0,1.0,13696,2.2407096892759584,1.481555
9311,HLA-A*25:01,esm2_joint,locus,0,1.0,13696,0.6931471805599453,0.3113827
9313,HLA-A*74:01,esm2_joint,locus,0,1.0,13696,4.770684624465665,0.5760869
9318,HLA-A*29:02,esm2_joint,locus,0,1.0,13696,2.468099531471619,1.0999682
9321,HLA-A*33:03,esm2_joint,locus,0,1.0,13696,0.0,0.33611053
9322,HLA-A*33:03,esm2_joint,locus,0,1.0,13696,0.33647223662121295,1.2300361
9323,HLA-A*74:01,esm2_joint,locus,0,1.0,13696,0.0,0.7271477
9325,HLA-A*26:02,esm2_joint,locus,0,1.0,13696,1.824549292051046,0.7114706
9327,HLA-A*33:03,esm2_joint,locus,0,1.0,13696,3.122364924487357,0.6855499
9328,HLA-A*26:02,esm2_joint,locus,0,1.0,13696,0.26236426446749106,0.7116318
9329,HLA-A*66:01,esm2_joint,locus,0,1.0,13696,0.0,0.6671252
9331,HLA-A*02:01,esm2_joint,locus,0,1.0,13696,0.9932517730102833,0.46948665
9332,HLA-A*02:12,esm2_joint,locus,0,1.0,13696,2.4159137783010487,0.35967422
9333,HLA-A*02:50,esm2_joint,locus,0,1.0,13696,0.5306282510621704,0.42734897
9334,HLA-A*33:03,esm2_joint,locus,0,1.0,13696,0.6931471805599453,0.9219665
9335,HLA-A*24:19,esm2_joint,locus,0,1.0,13696,0.33647223662121295,0.3868506
9336,HLA-A*30:01,esm2_joint,locus,0,1.0,13696,0.5877866649021191,1.12438
9337,HLA-A*30:01,esm2_joint,locus,0,1.0,13696,1.62924053973028,1.2590214
9345,HLA-A*29:02,esm2_joint,locus,0,1.0,13696,0.9555114450274363,0.97338945
9350,HLA-A*25:01,esm2_joint,locus,0,1.0,13696,0.5877866649021191,0.737239
9351,HLA-A*66:01,esm2_joint,locus,0,1.0,13696,0.0,0.47046947
9352,HLA-A*26:03,esm2_joint,locus,0,1.0,13696,0.18232155679395465,0.25138175
9353,HLA-A*68:23,esm2_joint,locus,0,1.0,13696,0.0,0.77400404
9355,HLA-A*68:01,esm2_joint,locus,0,1.0,13696,0.6931471805599453,0.3214857
9356,HLA-A*02:19,esm2_joint,locus,0,1.0,13696,2.388762789235098,0.10655624
9357,HLA-A*68:01,esm2_joint,locus,0,1.0,13696,0.33647223662121295,1.1604319
9359,HLA-A*24:03,esm2_joint,locus,0,1.0,13696,2.4069451083182885,0.75412655
9360,HLA-A*26:02,esm2_joint,locus,0,1.0,13696,0.4054651081081644,0.5844625
9363,HLA-A*11:01,esm2_joint,locus,0,1.0,13696,2.2823823856765264,1.050631
9364,HLA-A*24:03,esm2_joint,locus,0,1.0,13696,3.6216707044204863,1.2689792
9366,HLA-A*03:01,esm2_joint,locus,0,1.0,13696,0.0,1.0679255
9367,HLA-A*24:02,esm2_joint,locus,0,1.0,13696,2.028148247292285,0.1349464
9370,HLA-A*02:50,esm2_joint,locus,0,1.0,13696,3.0819099697950434,0.13600838
9374,HLA-A*26:02,esm2_joint,locus,0,1.0,13696,0.6418538861723948,0.6184004
9375,HLA-A*02:01,esm2_joint,locus,0,1.0,13696,0.5877866649021191,-0.08779055
9376,HLA-A*02:10,esm2_joint,locus,0,1.0,13696,1.7749523509116738,0.9432916
9377,HLA-A*02:10,esm2_joint,locus,0,1.0,13696,2.653241964607215,0.38100785
9378,HLA-A*02:19,esm2_joint,locus,0,1.0,13696,2.0918640616783932,0.15253478
9381,HLA-A*26:02,esm2_joint,locus,0,1.0,13696,0.0,0.49241436
9384,HLA-A*29:02,esm2_joint,locus,0,1.0,13696,0.33647223662121295,0.9696841
9385,HLA-A*30:02,esm2_joint,locus,0,1.0,13696,1.0986122886681098,1.2699813
9386,HLA-A*32:07,esm2_joint,locus,0,1.0,13696,0.0,0.49007222
9391,HLA-A*24:07,esm2_joint,locus,0,1.0,13696,1.62924053973028,1.4084442
9393,HLA-A*03:01,esm2_joint,locus,0,1.0,13696,0.5306282510621704,1.0713575
9394,HLA-A*24:02,esm2_joint,locus,0,1.0,13696,0.26236426446749106,0.24657041
9396,HLA-A*80:01,esm2_joint,locus,0,1.0,13696,0.0,1.0837816
9397,HLA-A*23:01,esm2_joint,locus,0,1.0,13696,0.4700036292457355,0.9737353
9400,HLA-A*03:01,esm2_joint,locus,0,1.0,13696,0.18232155679395465,1.2303932
9407,HLA-A*01:01,esm2_joint,locus,0,1.0,13696,0.5877866649021191,0.78590405
9410,HLA-A*43:01,esm2_joint,locus,0,1.0,13696,0.6931471805599453,1.217663
9411,HLA-A*43:01,esm2_joint,locus,0,1.0,13696,0.5306282510621704,0.7108002
9412,HLA-A*66:01,esm2_joint,locus,0,1.0,13696,0.0,0.80155
9413,HLA-A*30:01,esm2_joint,locus,0,1.0,13696,0.18232155679395465,0.6574266
9416,HLA-A*68:23,esm2_joint,locus,0,1.0,13696,0.09531017980432487,0.24793929
9420,HLA-A*24:02,esm2_joint,locus,0,1.0,13696,3.5409593240373143,0.82377386
9421,HLA-A*02:19,esm2_joint,locus,0,1.0,13696,1.1939224684724346,0.17340678
9423,HLA-A*30:02,esm2_joint,locus,0,1.0,13696,0.33647223662121295,0.31455195
9424,HLA-A*24:03,esm2_joint,locus,0,1.0,13696,3.173878458937465,0.8534152
9426,HLA-A*33:03,esm2_joint,locus,0,1.0,13696,3.1945831322991562,0.4489861
9433,HLA-A*80:01,esm2_joint,locus,0,1.0,13696,0.0,1.433881
9434,HLA-A*26:03,esm2_joint,locus,0,1.0,13696,0.5877866649021191,0.35845572
9435,HLA-A*02:50,esm2_joint,locus,0,1.0,13696,1.667706820558076,0.2526924
9436,HLA-A*30:01,esm2_joint,locus,0,1.0,13696,0.0,0.8473091
9439,HLA-A*43:01,esm2_joint,locus,0,1.0,13696,0.18232155679395465,0.7835283
9440,HLA-A*32:07,esm2_joint,locus,0,1.0,13696,1.589235205116581,1.1167657
9441,HLA-A*24:02,esm2_joint,locus,0,1.0,13696,0.33647223662121295,0.10878557
9443,HLA-A*02:19,esm2_joint,locus,0,1.0,13696,0.9932517730102833,0.22544992
9446,HLA-A*32:07,esm2_joint,locus,0,1.0,13696,3.735285826928092,1.0983536
9447,HLA-A*66:01,esm2_joint,locus,0,1.0,13696,0.5877866649021191,0.7722783
9448,HLA-A*02:03,esm2_joint,locus,0,1.0,13696,0.8754687373538999,0.5926012
9452,HLA-A*43:01,esm2_joint,locus,0,1.0,13696,0.832909122935104,0.631775
9453,HLA-A*32:07,esm2_joint,locus,0,1.0,13696,0.4700036292457355,0.600387
9454,HLA-A*32:07,esm2_joint,locus,0,1.0,13696,1.547562508716013,0.66851854
9458,HLA-A*24:19,esm2_joint,locus,0,1.0,13696,0.26236426446749106,1.0966848
9462,HLA-A*80:01,esm2_joint,locus,0,1.0,13696,0.33647223662121295,0.89065516
9463,HLA-A*68:23,esm2_joint,locus,0,1.0,13696,0.832909122935104,0.9243621
9465,HLA-A*02:12,esm2_joint,locus,0,1.0,13696,1.0647107369924282,0.61772835
9466,HLA-A*29:02,esm2_joint,locus,0,1.0,13696,0.7419373447293773,1.143795
9467,HLA-A*80:01,esm2_joint,locus,0,1.0,13696,0.5306282510621704,1.0349818
9469,HLA-A*25:01,esm2_joint,locus,0,1.0,13696,0.18232155679395465,0.5960249
9470,HLA-A*33:03,esm2_joint,locus,0,1.0,13696,0.5306282510621704,0.99888027
9474,HLA-A*30:02,esm2_joint,locus,0,1.0,13696,0.09531017980432487,0.7080502
9475,HLA-A*02:50,esm2_joint,locus,0,1.0,13696,1.547562508716013,0.33944315
9476,HLA-A*03:01,esm2_joint,locus,0,1.0,13696,3.912023005428146,1.0084648
9478,HLA-A*32:07,esm2_joint,locus,0,1.0,13696,0.5306282510621704,0.56232613
9479,HLA-A*32:07,esm2_joint,locus,0,1.0,13696,2.2925347571405443,0.42258984
9483,HLA-A*69:01,esm2_joint,locus,0,1.0,13696,0.0,0.10954028
9484,HLA-A*02:50,esm2_joint,locus,0,1.0,13696,3.4307561839036995,0.25355154
9485,HLA-A*02:16,esm2_joint,locus,0,1.0,13696,3.673765816303888,0.1879248
9487,HLA-A*30:01,esm2_joint,locus,0,1.0,13696,0.0,0.7463597
9491,HLA-A*31:01,esm2_joint,locus,0,1.0,13696,0.5306282510621704,0.70726573
9494,HLA-A*26:02,esm2_joint,locus,0,1.0,13696,0.26236426446749106,1.0034193
9497,HLA-A*02:50,esm2_joint,locus,0,1.0,13696,2.0412203288596382,0.05177951
9499,HLA-A*24:07,esm2_joint,locus,0,1.0,13696,0.26236426446749106,0.5964669
9500,HLA-A*66:01,esm2_joint,locus,0,1.0,13696,0.0,0.5482543
9501,HLA-A*68:01,esm2_joint,locus,0,1.0,13696,1.252762968495368,0.637785
9502,HLA-A*02:50,esm2_joint,locus,0,1.0,13696,1.0647107369924282,-0.123166144
9503,HLA-A*33:03,esm2_joint,locus,0,1.0,13696,0.0,1.2134708
9504,HLA-A*43:01,esm2_joint,locus,0,1.0,13696,0.09531017980432487,1.5000781
9507,HLA-A*02:12,esm2_joint,locus,0,1.0,13696,3.0819099697950434,-0.25421447
9508,HLA-A*74:01,esm2_joint,locus,0,1.0,13696,1.3862943611198906,0.3269192
9512,HLA-A*30:01,esm2_joint,locus,0,1.0,13696,1.791759469228055,-0.14473242
9515,HLA-A*43:01,esm2_joint,locus,0,1.0,13696,1.252762968495368,1.1321521
9516,HLA-A*24:07,esm2_joint,locus,0,1.0,13696,2.33214389523559,0.40737188
9518,HLA-A*25:01,esm2_joint,locus,0,1.0,13696,0.0,0.26675552
9519,HLA-A*25:01,esm2_joint,locus,0,1.0,13696,1.0647107369924282,0.5419524
9521,HLA-A*02:10,esm2_joint,locus,0,1.0,13696,1.791759469228055,0.6433418
9523,HLA-A*02:03,esm2_joint,locus,0,1.0,13696,3.190476350346503,0.50173634
9524,HLA-A*02:10,esm2_joint,locus,0,1.0,13696,2.0794415416798357,0.28769737
9525,HLA-A*74:01,esm2_joint,locus,0,1.0,13696,0.33647223662121295,0.64796233
9526,HLA-A*26:02,esm2_joint,locus,0,1.0,13696,0.33647223662121295,0.77171165
9527,HLA-A*74:01,esm2_joint,locus,0,1.0,13696,3.979681653901961,0.5056461
9531,HLA-A*30:02,esm2_joint,locus,0,1.0,13696,0.5306282510621704,0.9035959
9533,HLA-A*02:10,esm2_joint,locus,0,1.0,13696,2.747270914255491,0.50512433
9534,HLA-A*31:01,esm2_joint,locus,0,1.0,13696,0.5306282510621704,1.2787209
9535,HLA-A*74:01,esm2_joint,locus,0,1.0,13696,0.0,0.7718188
9542,HLA-A*66:01,esm2_joint,locus,0,1.0,13696,0.26236426446749106,0.8199135
9545,HLA-A*02:10,esm2_joint,locus,0,1.0,13696,0.7884573603642702,0.22250152
9546,HLA-A*02:16,esm2_joint,locus,0,1.0,13696,0.33647223662121295,0.20222181
9547,HLA-A*31:01,esm2_joint,locus,0,1.0,13696,0.0,0.69817305
9548,HLA-A*23:01,esm2_joint,locus,0,1.0,13696,1.5686159179138452,1.2736757
9549,HLA-A*23:01,esm2_joint,locus,0,1.0,13696,0.9555114450274363,0.5758138
9550,HLA-A*24:19,esm2_joint,locus,0,1.0,13696,0.18232155679395465,0.39905494
9552,HLA-A*02:16,esm2_joint,locus,0,1.0,13696,1.4350845252893227,0.4293943
9553,HLA-A*30:01,esm2_joint,locus,0,1.0,13696,0.26236426446749106,0.2775975
9554,HLA-A*33:03,esm2_joint,locus,0,1.0,13696,0.0,0.86580104
9557,HLA-A*66:01,esm2_joint,locus,0,1.0,13696,0.0,0.7496372
9559,HLA-A*02:12,esm2_joint,locus,0,1.0,13696,2.791165107812717,0.25943202
9564,HLA-A*43:01,esm2_joint,locus,0,1.0,13696,0.5877866649021191,0.66619647
9565,HLA-A*43:01,esm2_joint,locus,0,1.0,13696,1.0986122886681098,0.7962686
9566,HLA-A*24:19,esm2_joint,locus,0,1.0,13696,0.0,0.8572611
9568,HLA-A*02:03,esm2_joint,locus,0,1.0,13696,0.6418538861723948,0.4046352
9569,HLA-A*02:16,esm2_joint,locus,0,1.0,13696,0.18232155679395465,-0.06586784
9570,HLA-A*68:01,esm2_joint,locus,0,1.0,13696,0.26236426446749106,0.24290967
9573,HLA-A*24:02,esm2_joint,locus,0,1.0,13696,0.5306282510621704,0.1662305
9574,HLA-A*32:01,esm2_joint,locus,0,1.0,13696,0.5877866649021191,0.992508
9577,HLA-A*02:03,esm2_joint,locus,0,1.0,13696,3.104586678466073,0.48962107
9581,HLA-A*02:50,esm2_joint,locus,0,1.0,13696,2.2407096892759584,0.0642215
9584,HLA-A*30:02,esm2_joint,locus,0,1.0,13696,1.6094379124341003,0.2042973
9588,HLA-A*02:03,esm2_joint,locus,0,1.0,13696,0.6931471805599453,0.4167406
9589,HLA-A*02:50,esm2_joint,locus,0,1.0,13696,3.0301337002713233,0.51026684
9590,HLA-A*68:23,esm2_joint,locus,0,1.0,13696,0.26236426446749106,0.64293873
9593,HLA-A*29:02,esm2_joint,locus,0,1.0,13696,0.18232155679395465,0.3759849
9594,HLA-A*80:01,esm2_joint,locus,0,1.0,13696,0.18232155679395465,0.26708448
9596,HLA-A*74:01,esm2_joint,locus,0,1.0,13696,0.5877866649021191,0.58354527
9599,HLA-A*02:50,esm2_joint,locus,0,1.0,13696,1.9600947840472698,0.7925372
9600,HLA-A*74:01,esm2_joint,locus,0,1.0,13696,0.18232155679395465,0.7311095
9602,HLA-A*30:02,esm2_joint,locus,0,1.0,13696,0.26236426446749106,0.6877401
9603,HLA-A*32:07,esm2_joint,locus,0,1.0,13696,0.0,0.8435396
9606,HLA-A*02:11,esm2_joint,locus,0,1.0,13696,2.714694743820879,1.3453546
9607,HLA-A*02:12,esm2_joint,locus,0,1.0,13696,2.1400661634962708,0.2886734
9608,HLA-A*30:01,esm2_joint,locus,0,1.0,13696,0.0,0.70174205
9611,HLA-A*26:02,esm2_joint,locus,0,1.0,13696,0.0,0.4446758
9617,HLA-A*29:02,esm2_joint,locus,0,1.0,13696,2.322387720290225,1.2436702
9618,HLA-A*11:01,esm2_joint,locus,0,1.0,13696,3.5524868292083815,1.1231639
9620,HLA-A*32:07,esm2_joint,locus,0,1.0,13696,0.0,0.5068724
9622,HLA-A*68:01,esm2_joint,locus,0,1.0,13696,3.261935314328648,0.34647453
9625,HLA-A*43:01,esm2_joint,locus,0,1.0,13696,3.0587070727153796,0.85780275
9626,HLA-A*32:07,esm2_joint,locus,0,1.0,13696,0.0,1.0458245
9627,HLA-A*68:23,esm2_joint,locus,0,1.0,13696,0.09531017980432487,1.0187448
9630,HLA-A*02:50,esm2_joint,locus,0,1.0,13696,0.7419373447293773,0.10733211
9631,HLA-A*30:01,esm2_joint,locus,0,1.0,13696,0.0,0.6682224
9632,HLA-A*03:01,esm2_joint,locus,0,1.0,13696,0.18232155679395465,0.20333958
9633,HLA-A*30:02,esm2_joint,locus,0,1.0,13696,2.791165107812717,0.6840135
9635,HLA-A*02:01,esm2_joint,locus,0,1.0,13696,3.039749158970765,0.106021345
9638,HLA-A*29:02,esm2_joint,locus,0,1.0,13696,0.9555114450274363,1.0185711
9639,HLA-A*30:02,esm2_joint,locus,0,1.0,13696,1.547562508716013,0.4232853
9640,HLA-A*68:23,esm2_joint,locus,0,1.0,13696,0.4054651081081644,0.5345738
9641,HLA-A*11:01,esm2_joint,locus,0,1.0,13696,2.7343675094195836,0.76868737
9642,HLA-A*02:10,esm2_joint,locus,0,1.0,13696,0.9555114450274363,0.31633765
9643,HLA-A*31:01,esm2_joint,locus,0,1.0,13696,4.470495282661489,0.57745516
9644,HLA-A*33:03,esm2_joint,locus,0,1.0,13696,2.9856819377004897,0.77748466
9646,HLA-A*66:01,esm2_joint,locus,0,1.0,13696,0.7884573603642702,0.7397617
9648,HLA-A*33:03,esm2_joint,locus,0,1.0,13696,0.0,0.35315776
9651,HLA-A*25:01,esm2_joint,locus,0,1.0,13696,0.0,-0.47198397
9653,HLA-A*29:02,esm2_joint,locus,0,1.0,13696,0.18232155679395465,0.56245846
9654,HLA-A*24:03,esm2_joint,locus,0,1.0,13696,0.4054651081081644,0.60421914
9655,HLA-A*26:03,esm2_joint,locus,0,1.0,13696,0.26236426446749106,0.622617
9656,HLA-A*02:50,esm2_joint,locus,0,1.0,13696,2.8213788864092133,-0.15596837
9657,HLA-A*24:19,esm2_joint,locus,0,1.0,13696,0.26236426446749106,0.6059358
9662,HLA-A*30:02,esm2_joint,locus,0,1.0,13696,0.4054651081081644,0.7940119
9663,HLA-A*32:07,esm2_joint,locus,0,1.0,13696,2.2407096892759584,1.3071473
9665,HLA-A*02:50,esm2_joint,locus,0,1.0,13696,2.0412203288596382,0.62878656
9667,HLA-A*68:23,esm2_joint,locus,0,1.0,13696,3.1570004211501135,0.85810435
9668,HLA-A*26:03,esm2_joint,locus,0,1.0,13696,2.1162555148025524,0.074558675
9669,HLA-A*02:01,esm2_joint,locus,0,1.0,13696,0.6043159668533296,0.28639662
9672,HLA-A*74:01,esm2_joint,locus,0,1.0,13696,0.26236426446749106,1.0324243
9675,HLA-A*68:23,esm2_joint,locus,0,1.0,13696,0.0,0.36427313
9676,HLA-A*02:10,esm2_joint,locus,0,1.0,13696,0.6931471805599453,0.6857067
9677,HLA-A*33:03,esm2_joint,locus,0,1.0,13696,1.2809338454620642,0.441256
9681,HLA-A*24:02,esm2_joint,locus,0,1.0,13696,0.4054651081081644,1.0815877
9682,HLA-A*02:12,esm2_joint,locus,0,1.0,13696,2.8449093838194073,0.55718243
9684,HLA-A*24:19,esm2_joint,locus,0,1.0,13696,0.0,0.5732387
9686,HLA-A*24:02,esm2_joint,locus,0,1.0,13696,0.8754687373538999,0.62748706
9687,HLA-A*02:16,esm2_joint,locus,0,1.0,13696,2.312535423847214,0.1314705
9688,HLA-A*03:01,esm2_joint,locus,0,1.0,13696,0.0,0.12494528
9696,HLA-A*30:02,esm2_joint,locus,0,1.0,13696,1.9878743481543455,0.62380636
9697,HLA-A*32:07,esm2_joint,locus,0,1.0,13696,0.0,0.4780838
9698,HLA-A*24:07,esm2_joint,locus,0,1.0,13696,1.6094379124341003,0.55163467
9699,HLA-A*02:19,esm2_joint,locus,0,1.0,13696,1.8870696490323797,0.7840855
9701,HLA-A*30:02,esm2_joint,locus,0,1.0,13696,0.26236426446749106,1.131074
9704,HLA-A*26:03,esm2_joint,locus,0,1.0,13696,0.0,0.43988013
9705,HLA-A*24:02,esm2_joint,locus,0,1.0,13696,3.580737295494233,0.3887964
9708,HLA-A*80:01,esm2_joint,locus,0,1.0,13696,0.4054651081081644,0.78126734
9711,HLA-A*24:19,esm2_joint,locus,0,1.0,13696,0.18232155679395465,0.35511124
9714,HLA-A*68:23,esm2_joint,locus,0,1.0,13696,0.09531017980432487,0.5217318
9715,HLA-A*02:10,esm2_joint,locus,0,1.0,13696,0.5877866649021191,0.35251456
9716,HLA-A*02:10,esm2_joint,locus,0,1.0,13696,0.7419373447293773,0.13262838
9717,HLA-A*31:01,esm2_joint,locus,0,1.0,13696,0.8754687373538999,0.34427172
9718,HLA-A*33:03,esm2_joint,locus,0,1.0,13696,1.8082887711792655,0.8909991
9722,HLA-A*26:03,esm2_joint,locus,0,1.0,13696,0.0,0.39959097
9723,HLA-A*24:02,esm2_joint,locus,0,1.0,13696,3.520460802488973,1.2652829
9724,HLA-A*24:19,esm2_joint,locus,0,1.0,13696,0.26236426446749106,0.47214866
9727,HLA-A*30:01,esm2_joint,locus,0,1.0,13696,0.9932517730102833,1.037753
9728,HLA-A*68:01,esm2_joint,locus,0,1.0,13696,2.5877640352277083,0.6380762
9729,HLA-A*68:01,esm2_joint,locus,0,1.0,13696,0.7419373447293773,0.7422524
9735,HLA-A*02:03,esm2_joint,locus,0,1.0,13696,2.9391619220655967,0.028879821
9739,HLA-A*23:01,esm2_joint,locus,0,1.0,13696,0.6931471805599453,0.7145163
9743,HLA-A*24:02,esm2_joint,locus,0,1.0,13696,2.6602595372658615,0.23297745
9745,HLA-A*23:01,esm2_joint,locus,0,1.0,13696,3.6454498961866,1.0638999
9746,HLA-A*24:19,esm2_joint,locus,0,1.0,13696,0.0,0.7827177
9747,HLA-A*02:10,esm2_joint,locus,0,1.0,13696,0.7419373447293773,0.33143294
9748,HLA-A*02:19,esm2_joint,locus,0,1.0,13696,0.5877866649021191,0.6597546
9749,HLA-A*30:01,esm2_joint,locus,0,1.0,13696,0.33647223662121295,0.93499255
9751,HLA-A*29:02,esm2_joint,locus,0,1.0,13696,2.2192034840549946,0.8747937
9752,HLA-A*24:03,esm2_joint,locus,0,1.0,13696,0.832909122935104,0.4159742
9755,HLA-A*02:16,esm2_joint,locus,0,1.0,13696,0.6418538861723948,0.38695842
9760,HLA-A*24:02,esm2_joint,locus,0,1.0,13696,1.33500106673234,1.4437834
9763,HLA-A*30:01,esm2_joint,locus,0,1.0,13696,0.0,0.8768173
9764,HLA-A*74:01,esm2_joint,locus,0,1.0,13696,2.2300144001592104,0.6999682
9771,HLA-A*43:01,esm2_joint,locus,0,1.0,13696,1.7404661748405046,1.3596603
9772,HLA-A*25:01,esm2_joint,locus,0,1.0,13696,0.26236426446749106,0.38391393
9773,HLA-A*26:03,esm2_joint,locus,0,1.0,13696,0.5306282510621704,0.67102516
9774,HLA-A*02:03,esm2_joint,locus,0,1.0,13696,0.7884573603642702,0.34497684
9775,HLA-A*02:16,esm2_joint,locus,0,1.0,13696,1.4816045409242156,-0.0020910501
9776,HLA-A*30:01,esm2_joint,locus,0,1.0,13696,0.832909122935104,1.161108
9781,HLA-A*32:07,esm2_joint,locus,0,1.0,13696,2.272125885509337,0.8382201
9782,HLA-A*26:03,esm2_joint,locus,0,1.0,13696,0.18232155679395465,0.31037158
9784,HLA-A*68:23,esm2_joint,locus,0,1.0,13696,0.26236426446749106,0.87914425
9785,HLA-A*24:02,esm2_joint,locus,0,1.0,13696,0.0,0.89621484
9786,HLA-A*66:01,esm2_joint,locus,0,1.0,13696,2.856470206220483,0.5598149
9787,HLA-A*02:10,esm2_joint,locus,0,1.0,13696,2.2925347571405443,0.52829444
9789,HLA-A*03:01,esm2_joint,locus,0,1.0,13696,0.18232155679395465,0.895263
9790,HLA-A*02:03,esm2_joint,locus,0,1.0,13696,2.3513752571634776,0.8471016
9792,HLA-A*24:02,esm2_joint,locus,0,1.0,13696,0.09531017980432487,0.7156107
9794,HLA-A*02:12,esm2_joint,locus,0,1.0,13696,2.4849066497880004,0.6772041
9795,HLA-A*02:12,esm2_joint,locus,0,1.0,13696,2.3702437414678603,1.1039138
9797,HLA-A*23:01,esm2_joint,locus,0,1.0,13696,3.1780538303479458,0.113078415
9798,HLA-A*24:07,esm2_joint,locus,0,1.0,13696,0.4700036292457355,0.7684605
9802,HLA-A*29:02,esm2_joint,locus,0,1.0,13696,0.4054651081081644,1.1915917
9805,HLA-A*31:01,esm2_joint,locus,0,1.0,13696,3.005682604407159,1.6978953
9806,HLA-A*03:01,esm2_joint,locus,0,1.0,13696,1.791759469228055,1.068222
9809,HLA-A*30:02,esm2_joint,locus,0,1.0,13696,2.1162555148025524,0.42938828
9810,HLA-A*23:01,esm2_joint,locus,0,1.0,13696,2.8094026953624973,0.9468954
9811,HLA-A*23:01,esm2_joint,locus,0,1.0,13696,0.6931471805599453,0.31941485
9813,HLA-A*02:03,esm2_joint,locus,0,1.0,13696,0.33647223662121295,-0.09866136
9814,HLA-A*24:03,esm2_joint,locus,0,1.0,13696,3.7062280924485496,0.5818043
9817,HLA-A*26:03,esm2_joint,locus,0,1.0,13696,0.0,0.07947868
9818,HLA-A*33:03,esm2_joint,locus,0,1.0,13696,1.308332819650179,0.7091986
9821,HLA-A*29:02,esm2_joint,locus,0,1.0,13696,1.6863989535702288,1.3750509
9822,HLA-A*23:01,esm2_joint,locus,0,1.0,13696,0.6931471805599453,1.114466
9823,HLA-A*03:01,esm2_joint,locus,0,1.0,13696,0.0,0.65119076
9825,HLA-A*02:11,esm2_joint,locus,0,1.0,13696,2.6461747973841225,0.5992243
9826,HLA-A*02:16,esm2_joint,locus,0,1.0,13696,0.9162907318741551,0.3927707
9829,HLA-A*32:07,esm2_joint,locus,0,1.0,13696,4.5591262474866845,1.6202753
9830,HLA-A*33:03,esm2_joint,locus,0,1.0,13696,0.0,1.5305818
9831,HLA-A*11:01,esm2_joint,locus,0,1.0,13696,0.6418538861723948,0.90765846
9832,HLA-A*24:07,esm2_joint,locus,0,1.0,13696,1.9315214116032138,0.67010444
9834,HLA-A*02:11,esm2_joint,locus,0,1.0,13696,1.4350845252893227,1.180781
9835,HLA-A*68:01,esm2_joint,locus,0,1.0,13696,0.0,1.1455357
9836,HLA-A*74:01,esm2_joint,locus,0,1.0,13696,0.4700036292457355,1.0987641
9839,HLA-A*24:19,esm2_joint,locus,0,1.0,13696,0.09531017980432487,0.60362303
9841,HLA-A*02:01,esm2_joint,locus,0,1.0,13696,1.840549633397487,0.16325301
9842,HLA-A*11:01,esm2_joint,locus,0,1.0,13696,2.3702437414678603,0.5690614
9843,HLA-A*23:01,esm2_joint,locus,0,1.0,13696,2.186051276738094,0.53592104
9846,HLA-A*11:01,esm2_joint,locus,0,1.0,13696,0.09531017980432487,0.37462342
9847,HLA-A*43:01,esm2_joint,locus,0,1.0,13696,0.7884573603642702,0.4812544
9849,HLA-A*74:01,esm2_joint,locus,0,1.0,13696,4.535820107853298,0.8594829
9851,HLA-A*43:01,esm2_joint,locus,0,1.0,13696,1.308332819650179,1.232185
9852,HLA-A*25:01,esm2_joint,locus,0,1.0,13696,0.33647223662121295,0.05383259
9854,HLA-A*30:02,esm2_joint,locus,0,1.0,13696,0.33647223662121295,0.9260195
9856,HLA-A*24:19,esm2_joint,locus,0,1.0,13696,0.4700036292457355,0.56322515
9857,HLA-A*25:01,esm2_joint,locus,0,1.0,13696,0.7419373447293773,0.24246675
9859,HLA-A*24:02,esm2_joint,locus,0,1.0,13696,0.6418538861723948,0.626593
9861,HLA-A*02:03,esm2_joint,locus,0,1.0,13696,0.832909122935104,0.19760078
9863,HLA-A*30:02,esm2_joint,locus,0,1.0,13696,0.4700036292457355,0.5027286
9865,HLA-A*24:02,esm2_joint,locus,0,1.0,13696,3.462606009790799,0.83910686
9867,HLA-A*33:03,esm2_joint,locus,0,1.0,13696,1.2237754316221157,0.97765404
9869,HLA-A*32:07,esm2_joint,locus,0,1.0,13696,0.0,1.0734651
9870,HLA-A*02:03,esm2_joint,locus,0,1.0,13696,2.0918640616783932,0.6531452
9871,HLA-A*02:16,esm2_joint,locus,0,1.0,13696,3.0492730404820207,0.49903873
9872,HLA-A*33:03,esm2_joint,locus,0,1.0,13696,1.252762968495368,0.85911036
9873,HLA-A*11:01,esm2_joint,locus,0,1.0,13696,0.26236426446749106,0.7316582
9875,HLA-A*43:01,esm2_joint,locus,0,1.0,13696,1.0986122886681098,0.65839565
9876,HLA-A*29:02,esm2_joint,locus,0,1.0,13696,0.4700036292457355,0.6821186
9877,HLA-A*24:02,esm2_joint,locus,0,1.0,13696,0.4054651081081644,0.09436035
9878,HLA-A*02:19,esm2_joint,locus,0,1.0,13696,1.1631508098056809,0.60834277
9879,HLA-A*74:01,esm2_joint,locus,0,1.0,13696,0.33647223662121295,0.9206486
9880,HLA-A*23:01,esm2_joint,locus,0,1.0,13696,2.7212954278522306,0.2706474
9881,HLA-A*26:02,esm2_joint,locus,0,1.0,13696,1.9021075263969205,0.41490644
9883,HLA-A*80:01,esm2_joint,locus,0,1.0,13696,0.0,1.080339
9888,HLA-A*30:02,esm2_joint,locus,0,1.0,13696,0.4054651081081644,0.80236876
9889,HLA-A*80:01,esm2_joint,locus,0,1.0,13696,0.9932517730102833,1.0192448
9890,HLA-A*26:03,esm2_joint,locus,0,1.0,13696,0.0,0.0056880713
9894,HLA-A*26:03,esm2_joint,locus,0,1.0,13696,0.18232155679395465,0.1743601
9898,HLA-A*30:01,esm2_joint,locus,0,1.0,13696,0.33647223662121295,1.1316805
9899,HLA-A*74:01,esm2_joint,locus,0,1.0,13696,0.0,0.67971987
9900,HLA-A*30:02,esm2_joint,locus,0,1.0,13696,1.9459101490553132,0.7933645
9901,HLA-A*24:07,esm2_joint,locus,0,1.0,13696,1.308332819650179,0.5069588
9902,HLA-A*25:01,esm2_joint,locus,0,1.0,13696,0.26236426446749106,0.45598012
9903,HLA-A*03:01,esm2_joint,locus,0,1.0,13696,1.0296194171811583,1.1426115
9906,HLA-A*24:02,esm2_joint,locus,0,1.0,13696,0.22314355131420976,0.4500646
9907,HLA-A*68:01,esm2_joint,locus,0,1.0,13696,0.33647223662121295,1.1286397
9908,HLA-A*11:01,esm2_joint,locus,0,1.0,13696,0.4054651081081644,0.2843833
9909,HLA-A*74:01,esm2_joint,locus,0,1.0,13696,1.9878743481543455,0.6362343
9912,HLA-A*02:16,esm2_joint,locus,0,1.0,13696,1.9600947840472698,0.50523436
9916,HLA-A*66:01,esm2_joint,locus,0,1.0,13696,0.18232155679395465,0.8201861
9917,HLA-A*26:03,esm2_joint,locus,0,1.0,13696,0.26236426446749106,0.7920749
9919,HLA-A*24:02,esm2_joint,locus,0,1.0,13696,0.0,0.94402957
9920,HLA-A*33:03,esm2_joint,locus,0,1.0,13696,3.55820113047182,0.68866456
9921,HLA-A*68:01,esm2_joint,locus,0,1.0,13696,1.5040773967762742,-0.14600533
9926,HLA-A*02:11,esm2_joint,locus,0,1.0,13696,1.4586150226995167,0.26359403
9930,HLA-A*26:03,esm2_joint,locus,0,1.0,13696,0.0,0.5511457
9940,HLA-A*26:02,esm2_joint,locus,0,1.0,13696,0.9162907318741551,0.8545835
9942,HLA-A*02:50,esm2_joint,locus,0,1.0,13696,2.4336133554004498,0.7247084
9947,HLA-A*24:02,esm2_joint,locus,0,1.0,13696,2.803360380906535,0.6470611
9948,HLA-A*30:01,esm2_joint,locus,0,1.0,13696,0.9932517730102833,0.07957339
9952,HLA-A*29:02,esm2_joint,locus,0,1.0,13696,0.4700036292457355,1.0830555
9954,HLA-A*29:02,esm2_joint,locus,0,1.0,13696,2.2925347571405443,0.6981653
9955,HLA-A*66:01,esm2_joint,locus,0,1.0,13696,0.5877866649021191,0.5698478
9957,HLA-A*02:03,esm2_joint,locus,0,1.0,13696,1.8562979903656263,0.7872735
9958,HLA-A*02:16,esm2_joint,locus,0,1.0,13696,2.6100697927420065,0.21251309
9961,HLA-A*30:02,esm2_joint,locus,0,1.0,13696,0.5877866649021191,0.88893193
9962,HLA-A*80:01,esm2_joint,locus,0,1.0,13696,0.33647223662121295,0.82063234
9964,HLA-A*30:02,esm2_joint,locus,0,1.0,13696,1.7404661748405046,0.8237606
9965,HLA-A*24:19,esm2_joint,locus,0,1.0,13696,0.18232155679395465,0.73748344
9967,HLA-A*02:03,esm2_joint,locus,0,1.0,13696,3.214867803470662,0.6796737
9974,HLA-A*43:01,esm2_joint,locus,0,1.0,13696,1.62924053973028,0.8285227
9975,HLA-A*02:19,esm2_joint,locus,0,1.0,13696,2.7536607123542622,0.3630538
9981,HLA-A*24:03,esm2_joint,locus,0,1.0,13696,0.33647223662121295,0.09715074
9982,HLA-A*66:01,esm2_joint,locus,0,1.0,13696,0.0,0.57904774
9984,HLA-A*02:12,esm2_joint,locus,0,1.0,13696,0.9932517730102833,0.32310838
9985,HLA-A*02:50,esm2_joint,locus,0,1.0,13696,1.9600947840472698,0.11186218
9987,HLA-A*24:03,esm2_joint,locus,0,1.0,13696,0.26236426446749106,0.28674418
9992,HLA-A*24:19,esm2_joint,locus,0,1.0,13696,0.26236426446749106,0.4258154
9993,HLA-A*24:07,esm2_joint,locus,0,1.0,13696,0.6418538861723948,0.81666887
9994,HLA-A*68:23,esm2_joint,locus,0,1.0,13696,2.533696813957432,0.61621594
9998,HLA-A*02:11,esm2_joint,locus,0,1.0,13696,2.833213344056216,0.41565937
9999,HLA-A*68:01,esm2_joint,locus,0,1.0,13696,1.33500106673234,0.804847
10000,HLA-A*03:01,esm2_joint,locus,0,1.0,13696,1.5040773967762742,1.0716366
10002,HLA-A*24:07,esm2_joint,locus,0,1.0,13696,2.5572273113676265,0.51177746
10003,HLA-A*26:03,esm2_joint,locus,0,1.0,13696,0.18232155679395465,0.5540291
10005,HLA-A*29:02,esm2_joint,locus,0,1.0,13696,0.0,0.8673675
10006,HLA-A*02:50,esm2_joint,locus,0,1.0,13696,2.9652730660692823,0.3431303
10008,HLA-A*24:07,esm2_joint,locus,0,1.0,13696,0.4700036292457355,0.75511205
10009,HLA-A*26:03,esm2_joint,locus,0,1.0,13696,0.0,0.47566158
10010,HLA-A*24:02,esm2_joint,locus,0,1.0,13696,1.2237754316221157,0.7299365
10012,HLA-A*02:11,esm2_joint,locus,0,1.0,13696,2.174751721484161,0.43113756
10014,HLA-A*29:02,esm2_joint,locus,0,1.0,13696,0.4054651081081644,1.278609
10015,HLA-A*25:01,esm2_joint,locus,0,1.0,13696,0.0,0.7010008
10017,HLA-A*02:16,esm2_joint,locus,0,1.0,13696,1.9021075263969205,0.62589765
10019,HLA-A*68:23,esm2_joint,locus,0,1.0,13696,0.09531017980432487,0.2793846
10022,HLA-A*24:02,esm2_joint,locus,0,1.0,13696,0.5877866649021191,0.44886857
10023,HLA-A*02:16,esm2_joint,locus,0,1.0,13696,3.0492730404820207,0.27376223
10024,HLA-A*31:01,esm2_joint,locus,0,1.0,13696,2.3978952727983707,0.9583317
10026,HLA-A*29:02,esm2_joint,locus,0,1.0,13696,2.517696472610991,0.9560564
10027,HLA-A*25:01,esm2_joint,locus,0,1.0,13696,0.7419373447293773,0.61410916
10028,HLA-A*68:01,esm2_joint,locus,0,1.0,13696,0.0,0.92211795
10029,HLA-A*68:01,esm2_joint,locus,0,1.0,13696,1.8870696490323797,0.9354875
10031,HLA-A*23:01,esm2_joint,locus,0,1.0,13696,0.7419373447293773,0.5807462
10032,HLA-A*26:02,esm2_joint,locus,0,1.0,13696,2.6946271807700692,1.1336527
10034,HLA-A*30:02,esm2_joint,locus,0,1.0,13696,1.6863989535702288,0.7767461
10035,HLA-A*32:07,esm2_joint,locus,0,1.0,13696,2.72785282839839,0.9369128
10036,HLA-A*11:01,esm2_joint,locus,0,1.0,13696,0.18232155679395465,0.7879306
10038,HLA-A*30:02,esm2_joint,locus,0,1.0,13696,2.5416019934645457,0.4946286
10039,HLA-A*02:10,esm2_joint,locus,0,1.0,13696,0.18232155679395465,0.46331972
10040,HLA-A*02:11,esm2_joint,locus,0,1.0,13696,3.676300671907076,0.47750026
10041,HLA-A*02:16,esm2_joint,locus,0,1.0,13696,0.33647223662121295,-0.106532276
10042,HLA-A*30:01,esm2_joint,locus,0,1.0,13696,0.0,0.8259265
10043,HLA-A*30:01,esm2_joint,locus,0,1.0,13696,0.18232155679395465,-0.03285426
10044,HLA-A*33:03,esm2_joint,locus,0,1.0,13696,0.0,1.0973686
10045,HLA-A*68:01,esm2_joint,locus,0,1.0,13696,0.09531017980432487,1.1621464
10046,HLA-A*26:03,esm2_joint,locus,0,1.0,13696,0.4700036292457355,0.3373267
10049,HLA-A*30:02,esm2_joint,locus,0,1.0,13696,0.0,0.85822237
10050,HLA-A*24:03,esm2_joint,locus,0,1.0,13696,0.18232155679395465,0.28200412
10051,HLA-A*02:11,esm2_joint,locus,0,1.0,13696,1.410986973710262,1.0168777
10052,HLA-A*02:16,esm2_joint,locus,0,1.0,13696,3.2733640101522705,0.377891
10054,HLA-A*23:01,esm2_joint,locus,0,1.0,13696,0.33647223662121295,0.73610795
10056,HLA-A*26:02,esm2_joint,locus,0,1.0,13696,0.26236426446749106,0.53942955
10057,HLA-A*24:07,esm2_joint,locus,0,1.0,13696,0.8754687373538999,0.6381683
10058,HLA-A*26:03,esm2_joint,locus,0,1.0,13696,0.0,0.48122096
10062,HLA-A*30:02,esm2_joint,locus,0,1.0,13696,0.0,0.76006657
10064,HLA-A*33:03,esm2_joint,locus,0,1.0,13696,0.6931471805599453,1.0946137
10066,HLA-A*30:02,esm2_joint,locus,0,1.0,13696,0.18232155679395465,0.6022705
10068,HLA-A*01:01,esm2_joint,locus,0,1.0,13696,1.6428726885203377,0.50694525
10069,HLA-A*02:16,esm2_joint,locus,0,1.0,13696,0.26236426446749106,0.4362083
10072,HLA-A*24:19,esm2_joint,locus,0,1.0,13696,0.33647223662121295,1.5385382
10073,HLA-A*24:07,esm2_joint,locus,0,1.0,13696,1.7578579175523736,0.6831294
10075,HLA-A*02:01,esm2_joint,locus,0,1.0,13696,0.30010459245033805,0.40028834
10076,HLA-A*02:11,esm2_joint,locus,0,1.0,13696,1.9600947840472698,0.6719722
10077,HLA-A*02:16,esm2_joint,locus,0,1.0,13696,1.7047480922384253,-0.059133947
10078,HLA-A*31:01,esm2_joint,locus,0,1.0,13696,2.995732273553991,0.9730383
10079,HLA-A*33:03,esm2_joint,locus,0,1.0,13696,3.770459441106359,0.86793697
10080,HLA-A*11:01,esm2_joint,locus,0,1.0,13696,4.470495282661489,0.7754283
10081,HLA-A*43:01,esm2_joint,locus,0,1.0,13696,0.0,0.8571704
10082,HLA-A*26:03,esm2_joint,locus,0,1.0,13696,0.09531017980432487,0.06912488
10087,HLA-A*24:03,esm2_joint,locus,0,1.0,13696,0.5877866649021191,0.86031353
10088,HLA-A*68:23,esm2_joint,locus,0,1.0,13696,0.4054651081081644,0.7680108
10090,HLA-A*74:01,esm2_joint,locus,0,1.0,13696,2.4765384001174837,0.35674655
10095,HLA-A*74:01,esm2_joint,locus,0,1.0,13696,0.9555114450274363,1.2961966
10099,HLA-A*23:01,esm2_joint,locus,0,1.0,13696,1.840549633397487,0.9496776
10106,HLA-A*43:01,esm2_joint,locus,0,1.0,13696,0.4700036292457355,0.56697834
10108,HLA-A*03:01,esm2_joint,locus,0,1.0,13696,0.0,1.1113352
10109,HLA-A*02:01,esm2_joint,locus,0,1.0,13696,2.1102132003465894,0.4824068
10110,HLA-A*43:01,esm2_joint,locus,0,1.0,13696,0.4054651081081644,0.82534885
10111,HLA-A*29:02,esm2_joint,locus,0,1.0,13696,2.1162555148025524,1.1190351
10112,HLA-A*24:19,esm2_joint,locus,0,1.0,13696,0.09531017980432487,0.7165364
10115,HLA-A*24:03,esm2_joint,locus,0,1.0,13696,2.501435951739211,0.7304735
10120,HLA-A*02:03,esm2_joint,locus,0,1.0,13696,0.0,0.3297363
10121,HLA-A*31:01,esm2_joint,locus,0,1.0,13696,3.3032169733019514,0.8520078
10122,HLA-A*43:01,esm2_joint,locus,0,1.0,13696,0.0,0.48875013
10123,HLA-A*80:01,esm2_joint,locus,0,1.0,13696,0.4700036292457355,0.73313284
10125,HLA-A*01:01,esm2_joint,locus,0,1.0,13696,2.7376090033437546,0.48928598
10127,HLA-A*02:16,esm2_joint,locus,0,1.0,13696,2.580216829592325,0.5300429
10132,HLA-A*02:03,esm2_joint,locus,0,1.0,13696,2.580216829592325,0.42293102
10133,HLA-A*68:01,esm2_joint,locus,0,1.0,13696,1.4586150226995167,0.3979711
10135,HLA-A*68:01,esm2_joint,locus,0,1.0,13696,0.33647223662121295,1.123269
10137,HLA-A*26:03,esm2_joint,locus,0,1.0,13696,0.26236426446749106,0.57252157
10139,HLA-A*23:01,esm2_joint,locus,0,1.0,13696,3.0492730404820207,0.22301722
10140,HLA-A*24:07,esm2_joint,locus,0,1.0,13696,0.5877866649021191,0.5356233
10142,HLA-A*03:01,esm2_joint,locus,0,1.0,13696,1.4350845252893227,0.74044806
10144,HLA-A*02:05,esm2_joint,locus,0,1.0,13696,0.6931471805599453,-0.29917437
10145,HLA-A*02:16,esm2_joint,locus,0,1.0,13696,0.6931471805599453,0.20811468
10147,HLA-A*32:07,esm2_joint,locus,0,1.0,13696,0.4054651081081644,0.88386655
10153,HLA-A*02:16,esm2_joint,locus,0,1.0,13696,3.190476350346503,-0.17786151
10154,HLA-A*02:16,esm2_joint,locus,0,1.0,13696,0.0,0.177324
10155,HLA-A*30:01,esm2_joint,locus,0,1.0,13696,3.6027767550605247,1.0658007
10156,HLA-A*33:03,esm2_joint,locus,0,1.0,13696,0.0,1.3600051
10158,HLA-A*74:01,esm2_joint,locus,0,1.0,13696,0.9162907318741551,1.245901
10159,HLA-A*80:01,esm2_joint,locus,0,1.0,13696,0.0,0.8079617
10162,HLA-A*74:01,esm2_joint,locus,0,1.0,13696,0.9932517730102833,0.5387072
10165,HLA-A*24:19,esm2_joint,locus,0,1.0,13696,0.26236426446749106,0.046607494
10167,HLA-A*33:03,esm2_joint,locus,0,1.0,13696,4.373238128640803,0.49866378
10173,HLA-A*02:03,esm2_joint,locus,0,1.0,13696,2.747270914255491,0.3387422
10174,HLA-A*02:11,esm2_joint,locus,0,1.0,13696,2.3608540011180215,0.04378742
10175,HLA-A*80:01,esm2_joint,locus,0,1.0,13696,1.4816045409242156,0.31310546
10176,HLA-A*23:01,esm2_joint,locus,0,1.0,13696,0.5306282510621704,0.7315314
10180,HLA-A*24:02,esm2_joint,locus,0,1.0,13696,0.9162907318741551,0.6220441
10182,HLA-A*02:01,esm2_joint,locus,0,1.0,13696,1.6486586255873816,0.10022521
10183,HLA-A*02:50,esm2_joint,locus,0,1.0,13696,0.5306282510621704,0.6152051
10184,HLA-A*31:01,esm2_joint,locus,0,1.0,13696,0.6418538861723948,0.548424
10186,HLA-A*66:01,esm2_joint,locus,0,1.0,13696,0.0,0.8288097
10188,HLA-A*02:10,esm2_joint,locus,0,1.0,13696,2.2407096892759584,0.58613783
10189,HLA-A*02:50,esm2_joint,locus,0,1.0,13696,2.468099531471619,0.27540118
10190,HLA-A*30:01,esm2_joint,locus,0,1.0,13696,0.5877866649021191,0.6935588
10191,HLA-A*33:03,esm2_joint,locus,0,1.0,13696,1.410986973710262,0.81418115
10197,HLA-A*02:03,esm2_joint,locus,0,1.0,13696,2.9391619220655967,0.467552
10199,HLA-A*02:12,esm2_joint,locus,0,1.0,13696,3.6000482404073204,1.0059144
10202,HLA-A*80:01,esm2_joint,locus,0,1.0,13696,0.4054651081081644,0.749629
10203,HLA-A*68:23,esm2_joint,locus,0,1.0,13696,0.33647223662121295,0.071438015
10204,HLA-A*11:01,esm2_joint,locus,0,1.0,13696,1.5686159179138452,0.5735952
10205,HLA-A*32:07,esm2_joint,locus,0,1.0,13696,3.713572066704308,1.1396153
10210,HLA-A*24:03,esm2_joint,locus,0,1.0,13696,2.9652730660692823,0.68217534
10212,HLA-A*66:01,esm2_joint,locus,0,1.0,13696,0.0,0.7189469
10219,HLA-A*23:01,esm2_joint,locus,0,1.0,13696,0.26236426446749106,0.40271968
10221,HLA-A*30:01,esm2_joint,locus,0,1.0,13696,0.0,0.23599786
10222,HLA-A*43:01,esm2_joint,locus,0,1.0,13696,0.18232155679395465,0.7709019
10223,HLA-A*23:01,esm2_joint,locus,0,1.0,13696,0.5877866649021191,0.9118361
10229,HLA-A*24:02,esm2_joint,locus,0,1.0,13696,0.18232155679395465,0.19479334
10230,HLA-A*02:10,esm2_joint,locus,0,1.0,13696,0.7884573603642702,0.64585453
10231,HLA-A*02:16,esm2_joint,locus,0,1.0,13696,0.4700036292457355,-0.06875867
10233,HLA-A*68:23,esm2_joint,locus,0,1.0,13696,2.2617630984737906,0.81005144
10235,HLA-A*02:05,esm2_joint,locus,0,1.0,13696,2.2300144001592104,0.4563099
10236,HLA-A*33:03,esm2_joint,locus,0,1.0,13696,0.33647223662121295,0.5940606
10238,HLA-A*11:01,esm2_joint,locus,0,1.0,13696,4.4355674016019115,1.1943312
10241,HLA-A*25:01,esm2_joint,locus,0,1.0,13696,0.9555114450274363,0.17136735
10242,HLA-A*26:03,esm2_joint,locus,0,1.0,13696,0.0,0.111187994
10245,HLA-A*29:02,esm2_joint,locus,0,1.0,13696,2.8449093838194073,1.3233094
10247,HLA-A*23:01,esm2_joint,locus,0,1.0,13696,0.4054651081081644,0.7370119
10248,HLA-A*24:07,esm2_joint,locus,0,1.0,13696,0.18232155679395465,0.5342426
10252,HLA-A*68:01,esm2_joint,locus,0,1.0,13696,3.5667118201397288,0.548102
10257,HLA-A*02:03,esm2_joint,locus,0,1.0,13696,2.3608540011180215,0.7160957
10258,HLA-A*02:19,esm2_joint,locus,0,1.0,13696,0.0,0.25868523
10259,HLA-A*33:03,esm2_joint,locus,0,1.0,13696,0.5877866649021191,0.20161599
10261,HLA-A*24:19,esm2_joint,locus,0,1.0,13696,0.09531017980432487,0.6288007
10262,HLA-A*24:07,esm2_joint,locus,0,1.0,13696,0.18232155679395465,0.45069313
10266,HLA-A*23:01,esm2_joint,locus,0,1.0,13696,3.332204510175204,0.7629032
10267,HLA-A*32:07,esm2_joint,locus,0,1.0,13696,0.6418538861723948,0.85719633
10275,HLA-A*43:01,esm2_joint,locus,0,1.0,13696,0.4054651081081644,1.1635871
10276,HLA-A*30:01,esm2_joint,locus,0,1.0,13696,0.6418538861723948,0.26832193
10277,HLA-A*23:01,esm2_joint,locus,0,1.0,13696,0.4700036292457355,0.72227216
10281,HLA-A*02:12,esm2_joint,locus,0,1.0,13696,1.8082887711792655,0.39830613
10282,HLA-A*32:07,esm2_joint,locus,0,1.0,13696,0.9555114450274363,0.9082277
10283,HLA-A*68:23,esm2_joint,locus,0,1.0,13696,0.18232155679395465,0.7502109
10284,HLA-A*26:03,esm2_joint,locus,0,1.0,13696,0.6418538861723948,0.1828025
10286,HLA-A*02:11,esm2_joint,locus,0,1.0,13696,1.7227665977411035,0.4198181
10287,HLA-A*33:03,esm2_joint,locus,0,1.0,13696,0.8754687373538999,1.0931588
10288,HLA-A*02:01,esm2_joint,locus,0,1.0,13696,0.4054651081081644,0.5456403
10291,HLA-A*02:03,esm2_joint,locus,0,1.0,13696,0.33647223662121295,0.17150933
10292,HLA-A*02:16,esm2_joint,locus,0,1.0,13696,0.26236426446749106,0.51805294
10295,HLA-A*26:03,esm2_joint,locus,0,1.0,13696,2.0541237336955462,0.32309562
10297,HLA-A*02:11,esm2_joint,locus,0,1.0,13696,2.760009940032921,0.3941781
10298,HLA-A*02:50,esm2_joint,locus,0,1.0,13696,2.151762203259462,0.06351721
10299,HLA-A*24:02,esm2_joint,locus,0,1.0,13696,2.772588722239781,0.74279666
10300,HLA-A*02:11,esm2_joint,locus,0,1.0,13696,3.2268439945173775,0.9489428
10301,HLA-A*30:01,esm2_joint,locus,0,1.0,13696,0.5877866649021191,0.9013872
10303,HLA-A*66:01,esm2_joint,locus,0,1.0,13696,0.0,0.38488817
10305,HLA-A*02:10,esm2_joint,locus,0,1.0,13696,0.9932517730102833,0.22639441
10306,HLA-A*33:03,esm2_joint,locus,0,1.0,13696,1.1939224684724346,0.36172217
10310,HLA-A*30:02,esm2_joint,locus,0,1.0,13696,0.832909122935104,0.6552279
10311,HLA-A*02:01,esm2_joint,locus,0,1.0,13696,0.8754687373538999,0.81663334
10319,HLA-A*29:02,esm2_joint,locus,0,1.0,13696,1.1314021114911006,1.1049776
10320,HLA-A*11:01,esm2_joint,locus,0,1.0,13696,2.0918640616783932,0.8800322
10321,HLA-A*29:02,esm2_joint,locus,0,1.0,13696,0.33647223662121295,0.91867024
10322,HLA-A*02:12,esm2_joint,locus,0,1.0,13696,0.7884573603642702,0.71543616
10323,HLA-A*02:16,esm2_joint,locus,0,1.0,13696,3.292126286607793,0.980893
10325,HLA-A*24:19,esm2_joint,locus,0,1.0,13696,1.9878743481543455,1.021686
10326,HLA-A*26:03,esm2_joint,locus,0,1.0,13696,0.0,0.0009599328
10329,HLA-A*24:19,esm2_joint,locus,0,1.0,13696,0.0,0.41883284
10332,HLA-A*74:01,esm2_joint,locus,0,1.0,13696,1.824549292051046,0.19675225
10333,HLA-A*24:03,esm2_joint,locus,0,1.0,13696,0.4054651081081644,0.31799245
10335,HLA-A*24:19,esm2_joint,locus,0,1.0,13696,0.0,0.24681312
10336,HLA-A*25:01,esm2_joint,locus,0,1.0,13696,0.4700036292457355,0.3556283
10340,HLA-A*24:02,esm2_joint,locus,0,1.0,13696,0.18232155679395465,0.8881709
10342,HLA-A*02:50,esm2_joint,locus,0,1.0,13696,2.1400661634962708,0.48648936
10343,HLA-A*68:01,esm2_joint,locus,0,1.0,13696,3.996364153861897,0.5146848
10350,HLA-A*43:01,esm2_joint,locus,0,1.0,13696,0.18232155679395465,1.4262624
10360,HLA-A*02:19,esm2_joint,locus,0,1.0,13696,1.0986122886681098,0.447192
10364,HLA-A*43:01,esm2_joint,locus,0,1.0,13696,3.7232808808312687,1.2713535
10366,HLA-A*68:23,esm2_joint,locus,0,1.0,13696,0.0,0.5136936
10367,HLA-A*66:01,esm2_joint,locus,0,1.0,13696,0.0,1.016968
10371,HLA-A*02:10,esm2_joint,locus,0,1.0,13696,0.4700036292457355,0.045834005
10373,HLA-A*24:02,esm2_joint,locus,0,1.0,13696,2.0918640616783932,0.9219685
10374,HLA-A*43:01,esm2_joint,locus,0,1.0,13696,0.7419373447293773,0.71804416
10375,HLA-A*43:01,esm2_joint,locus,0,1.0,13696,0.33647223662121295,1.1328886
10376,HLA-A*29:02,esm2_joint,locus,0,1.0,13696,1.2237754316221157,1.2462027
10377,HLA-A*66:01,esm2_joint,locus,0,1.0,13696,0.0,0.7261887
10382,HLA-A*02:50,esm2_joint,locus,0,1.0,13696,2.5877640352277083,0.58142453
10386,HLA-A*43:01,esm2_joint,locus,0,1.0,13696,0.5306282510621704,0.61013263
10388,HLA-A*68:23,esm2_joint,locus,0,1.0,13696,0.0,1.0583577
10390,HLA-A*02:12,esm2_joint,locus,0,1.0,13696,0.7884573603642702,0.76245105
10391,HLA-A*26:03,esm2_joint,locus,0,1.0,13696,2.128231705849268,0.14564663
10392,HLA-A*11:01,esm2_joint,locus,0,1.0,13696,0.26236426446749106,0.49946508
10395,HLA-A*68:01,esm2_joint,locus,0,1.0,13696,0.0,0.28836817
10400,HLA-A*29:02,esm2_joint,locus,0,1.0,13696,3.367295829986474,1.0379145
10403,HLA-A*68:23,esm2_joint,locus,0,1.0,13696,0.18232155679395465,0.5491953
10404,HLA-A*30:01,esm2_joint,locus,0,1.0,13696,0.33647223662121295,0.26488274
10405,HLA-A*74:01,esm2_joint,locus,0,1.0,13696,2.990719731730447,0.9258379
10407,HLA-A*02:03,esm2_joint,locus,0,1.0,13696,3.6375861597263857,0.45716774
10408,HLA-A*02:50,esm2_joint,locus,0,1.0,13696,2.772588722239781,0.6046149
10410,HLA-A*30:02,esm2_joint,locus,0,1.0,13696,0.0,0.4787592
10413,HLA-A*02:16,esm2_joint,locus,0,1.0,13696,2.970414465569701,0.39427096
10414,HLA-A*74:01,esm2_joint,locus,0,1.0,13696,0.33647223662121295,0.06731737
10416,HLA-A*23:01,esm2_joint,locus,0,1.0,13696,1.4586150226995167,0.57446146
10419,HLA-A*02:01,esm2_joint,locus,0,1.0,13696,2.580216829592325,0.744318
10420,HLA-A*30:01,esm2_joint,locus,0,1.0,13696,1.1939224684724346,-0.1279555
10422,HLA-A*24:03,esm2_joint,locus,0,1.0,13696,2.4849066497880004,0.877112
10423,HLA-A*24:19,esm2_joint,locus,0,1.0,13696,0.4054651081081644,0.8213466
10424,HLA-A*02:11,esm2_joint,locus,0,1.0,13696,3.535145354171894,0.5921898
10425,HLA-A*02:16,esm2_joint,locus,0,1.0,13696,0.7419373447293773,-0.083995044
10428,HLA-A*03:01,esm2_joint,locus,0,1.0,13696,1.6863989535702288,0.8586541
10430,HLA-A*02:10,esm2_joint,locus,0,1.0,13696,1.9878743481543455,0.30770087
10431,HLA-A*26:02,esm2_joint,locus,0,1.0,13696,0.18232155679395465,0.783026
10432,HLA-A*74:01,esm2_joint,locus,0,1.0,13696,0.9162907318741551,0.9377564
10435,HLA-A*43:01,esm2_joint,locus,0,1.0,13696,0.6418538861723948,0.79761887
10436,HLA-A*24:03,esm2_joint,locus,0,1.0,13696,3.0252910757955354,0.5872396
10438,HLA-A*66:01,esm2_joint,locus,0,1.0,13696,1.33500106673234,0.32845384
10439,HLA-A*31:01,esm2_joint,locus,0,1.0,13696,0.0,0.7910825
10440,HLA-A*80:01,esm2_joint,locus,0,1.0,13696,0.0,0.6996428
10441,HLA-A*23:01,esm2_joint,locus,0,1.0,13696,0.8754687373538999,1.5394149
10444,HLA-A*24:19,esm2_joint,locus,0,1.0,13696,0.0,0.38161594
10445,HLA-A*26:02,esm2_joint,locus,0,1.0,13696,0.09531017980432487,0.56965524
10448,HLA-A*43:01,esm2_joint,locus,0,1.0,13696,0.4700036292457355,1.1919146
10449,HLA-A*29:02,esm2_joint,locus,0,1.0,13696,1.840549633397487,1.2129707
10450,HLA-A*66:01,esm2_joint,locus,0,1.0,13696,1.547562508716013,0.6201779
10452,HLA-A*03:01,esm2_joint,locus,0,1.0,13696,0.0,0.6254534
10457,HLA-A*02:16,esm2_joint,locus,0,1.0,13696,2.5572273113676265,0.35718423
10459,HLA-A*30:02,esm2_joint,locus,0,1.0,13696,0.5877866649021191,1.3561904
10460,HLA-A*23:01,esm2_joint,locus,0,1.0,13696,0.26236426446749106,0.3007151
10463,HLA-A*02:03,esm2_joint,locus,0,1.0,13696,3.044522437723423,0.30963564
10465,HLA-A*02:03,esm2_joint,locus,0,1.0,13696,0.4054651081081644,0.52839804
10466,HLA-A*02:10,esm2_joint,locus,0,1.0,13696,2.9231615807191558,0.9147787
10467,HLA-A*68:01,esm2_joint,locus,0,1.0,13696,4.403054001865957,1.2453533
10472,HLA-A*02:12,esm2_joint,locus,0,1.0,13696,1.2237754316221157,0.41220564
10475,HLA-A*24:19,esm2_joint,locus,0,1.0,13696,0.33647223662121295,1.0187165
10477,HLA-A*24:02,esm2_joint,locus,0,1.0,13696,0.18232155679395465,0.5443413
10479,HLA-A*24:19,esm2_joint,locus,0,1.0,13696,1.0647107369924282,0.01018697
10481,HLA-A*02:03,esm2_joint,locus,0,1.0,13696,3.367295829986474,1.0823965
10482,HLA-A*02:10,esm2_joint,locus,0,1.0,13696,1.62924053973028,0.10654396
10484,HLA-A*26:02,esm2_joint,locus,0,1.0,13696,0.26236426446749106,0.63627183
10485,HLA-A*66:01,esm2_joint,locus,0,1.0,13696,0.0,0.6962941
10490,HLA-A*02:16,esm2_joint,locus,0,1.0,13696,3.122364924487357,0.5218648
10492,HLA-A*24:19,esm2_joint,locus,0,1.0,13696,0.09531017980432487,0.6785065
10496,HLA-A*30:02,esm2_joint,locus,0,1.0,13696,0.8754687373538999,0.49632102
10497,HLA-A*24:07,esm2_joint,locus,0,1.0,13696,2.995732273553991,0.74173254
10502,HLA-A*24:19,esm2_joint,locus,0,1.0,13696,0.09531017980432487,0.66287065
10505,HLA-A*30:01,esm2_joint,locus,0,1.0,13696,1.0296194171811583,0.32783806
10506,HLA-A*74:01,esm2_joint,locus,0,1.0,13696,0.6931471805599453,0.5733532
10511,HLA-A*29:02,esm2_joint,locus,0,1.0,13696,0.26236426446749106,0.7376282
10512,HLA-A*32:07,esm2_joint,locus,0,1.0,13696,0.0,0.25516927
10514,HLA-A*80:01,esm2_joint,locus,0,1.0,13696,0.0,0.71007013
10515,HLA-A*33:03,esm2_joint,locus,0,1.0,13696,0.0,0.7252477
10520,HLA-A*43:01,esm2_joint,locus,0,1.0,13696,0.6931471805599453,1.2310745
10521,HLA-A*30:02,esm2_joint,locus,0,1.0,13696,0.4700036292457355,0.9016214
10523,HLA-A*30:01,esm2_joint,locus,0,1.0,13696,0.18232155679395465,0.19299573
10524,HLA-A*24:19,esm2_joint,locus,0,1.0,13696,0.33647223662121295,0.92016274
10525,HLA-A*30:01,esm2_joint,locus,0,1.0,13696,0.0,0.9303553
10529,HLA-A*74:01,esm2_joint,locus,0,1.0,13696,4.534747721691546,1.5289829
10533,HLA-A*32:07,esm2_joint,locus,0,1.0,13696,0.0,0.818952
10534,HLA-A*66:01,esm2_joint,locus,0,1.0,13696,0.26236426446749106,0.8507706
10536,HLA-A*68:01,esm2_joint,locus,0,1.0,13696,1.3609765531356006,1.0563041
10537,HLA-A*68:01,esm2_joint,locus,0,1.0,13696,3.2108436531709366,0.3902071
10542,HLA-A*02:11,esm2_joint,locus,0,1.0,13696,3.044522437723423,0.45513052
10545,HLA-A*66:01,esm2_joint,locus,0,1.0,13696,1.2809338454620642,0.7791536
10546,HLA-A*02:50,esm2_joint,locus,0,1.0,13696,2.791165107812717,0.37068754
10547,HLA-A*02:16,esm2_joint,locus,0,1.0,13696,2.6741486494265287,0.58154535
10549,HLA-A*24:03,esm2_joint,locus,0,1.0,13696,0.832909122935104,0.6597501
10550,HLA-A*24:02,esm2_joint,locus,0,1.0,13696,0.4054651081081644,0.611067
10553,HLA-A*24:02,esm2_joint,locus,0,1.0,13696,3.100092288878234,1.2491909
10554,HLA-A*02:12,esm2_joint,locus,0,1.0,13696,2.2082744135228043,0.29474473
10558,HLA-A*43:01,esm2_joint,locus,0,1.0,13696,0.0,0.80359495
10564,HLA-A*25:01,esm2_joint,locus,0,1.0,13696,0.18232155679395465,0.64048594
10565,HLA-A*66:01,esm2_joint,locus,0,1.0,13696,0.5877866649021191,1.0778755
10567,HLA-A*02:01,esm2_joint,locus,0,1.0,13696,1.589235205116581,0.3195383
10568,HLA-A*02:19,esm2_joint,locus,0,1.0,13696,2.9391619220655967,0.748176
10569,HLA-A*33:03,esm2_joint,locus,0,1.0,13696,1.9021075263969205,-0.008572876
10574,HLA-A*24:02,esm2_joint,locus,0,1.0,13696,0.0,1.7007505
10575,HLA-A*30:01,esm2_joint,locus,0,1.0,13696,0.0,0.38792032
10577,HLA-A*32:07,esm2_joint,locus,0,1.0,13696,0.18232155679395465,0.5518355
10578,HLA-A*26:03,esm2_joint,locus,0,1.0,13696,1.308332819650179,0.21692109
10580,HLA-A*30:01,esm2_joint,locus,0,1.0,13696,0.18232155679395465,0.89602613
10581,HLA-A*33:03,esm2_joint,locus,0,1.0,13696,0.7419373447293773,0.24944723
10583,HLA-A*68:23,esm2_joint,locus,0,1.0,13696,0.0,0.5177667
10586,HLA-A*02:01,esm2_joint,locus,0,1.0,13696,0.3784364357202451,0.29833436
10589,HLA-A*03:01,esm2_joint,locus,0,1.0,13696,0.0,1.4652607
10590,HLA-A*02:10,esm2_joint,locus,0,1.0,13696,2.617395832834079,1.1151439
10593,HLA-A*23:01,esm2_joint,locus,0,1.0,13696,1.0647107369924282,0.99269867
10594,HLA-A*23:01,esm2_joint,locus,0,1.0,13696,3.1570004211501135,0.91364425
10595,HLA-A*24:07,esm2_joint,locus,0,1.0,13696,1.916922612182061,0.90197
10596,HLA-A*68:23,esm2_joint,locus,0,1.0,13696,0.18232155679395465,0.3671736
10598,HLA-A*02:10,esm2_joint,locus,0,1.0,13696,3.879499813722586,0.285412
10599,HLA-A*02:16,esm2_joint,locus,0,1.0,13696,1.410986973710262,0.043126762
10600,HLA-A*33:03,esm2_joint,locus,0,1.0,13696,0.0,1.1558441
10606,HLA-A*24:02,esm2_joint,locus,0,1.0,13696,0.8754687373538999,1.0411916
10610,HLA-A*29:02,esm2_joint,locus,0,1.0,13696,1.3609765531356006,1.387315
10613,HLA-A*02:11,esm2_joint,locus,0,1.0,13696,3.4719664525503626,0.71799195
10614,HLA-A*68:01,esm2_joint,locus,0,1.0,13696,3.3638415951183864,0.6715721
10619,HLA-A*24:19,esm2_joint,locus,0,1.0,13696,1.0986122886681098,0.70083666
10620,HLA-A*24:19,esm2_joint,locus,0,1.0,13696,0.0,0.8960308
10623,HLA-A*24:07,esm2_joint,locus,0,1.0,13696,0.7884573603642702,0.98625994
10624,HLA-A*02:50,esm2_joint,locus,0,1.0,13696,0.9162907318741551,0.35368067
10631,HLA-A*23:01,esm2_joint,locus,0,1.0,13696,2.772588722239781,0.5812096
10632,HLA-A*24:07,esm2_joint,locus,0,1.0,13696,0.4700036292457355,0.44175762
10634,HLA-A*02:10,esm2_joint,locus,0,1.0,13696,3.9908341858524357,-0.24109071
10635,HLA-A*02:50,esm2_joint,locus,0,1.0,13696,0.9555114450274363,0.27488416
10636,HLA-A*03:01,esm2_joint,locus,0,1.0,13696,4.687671407499835,1.6112502
10639,HLA-A*23:01,esm2_joint,locus,0,1.0,13696,3.9080149840306073,1.4160116
10640,HLA-A*24:19,esm2_joint,locus,0,1.0,13696,0.33647223662121295,0.6846009
10642,HLA-A*33:03,esm2_joint,locus,0,1.0,13696,0.7419373447293773,0.672029
10648,HLA-A*02:03,esm2_joint,locus,0,1.0,13696,2.797281334830153,0.3933246
10649,HLA-A*02:03,esm2_joint,locus,0,1.0,13696,2.322387720290225,0.19524288
10653,HLA-A*24:19,esm2_joint,locus,0,1.0,13696,1.1939224684724346,0.94596905
10655,HLA-A*30:01,esm2_joint,locus,0,1.0,13696,0.5306282510621704,0.513585
10659,HLA-A*25:01,esm2_joint,locus,0,1.0,13696,0.4054651081081644,0.625063
10663,HLA-A*30:01,esm2_joint,locus,0,1.0,13696,0.26236426446749106,0.11668146
10667,HLA-A*24:19,esm2_joint,locus,0,1.0,13696,1.0647107369924282,0.5979412
10672,HLA-A*43:01,esm2_joint,locus,0,1.0,13696,0.18232155679395465,0.7413937
10673,HLA-A*80:01,esm2_joint,locus,0,1.0,13696,0.0,1.2035804
10674,HLA-A*24:07,esm2_joint,locus,0,1.0,13696,0.4700036292457355,0.8034922
10675,HLA-A*68:23,esm2_joint,locus,0,1.0,13696,0.26236426446749106,0.40049434
10677,HLA-A*68:23,esm2_joint,locus,0,1.0,13696,0.09531017980432487,0.57298017
10678,HLA-A*66:01,esm2_joint,locus,0,1.0,13696,0.26236426446749106,0.77610624
10685,HLA-A*02:01,esm2_joint,locus,0,1.0,13696,2.355177543113216,0.79384875
10686,HLA-A*02:03,esm2_joint,locus,0,1.0,13696,4.028916756899646,0.66847444
10688,HLA-A*31:01,esm2_joint,locus,0,1.0,13696,0.5877866649021191,0.19244498
10689,HLA-A*68:01,esm2_joint,locus,0,1.0,13696,3.720862499966987,0.6781222
10691,HLA-A*43:01,esm2_joint,locus,0,1.0,13696,0.4700036292457355,0.57378054
10692,HLA-A*43:01,esm2_joint,locus,0,1.0,13696,2.8507065015037334,1.1313093
10693,HLA-A*25:01,esm2_joint,locus,0,1.0,13696,0.7884573603642702,0.6384747
10694,HLA-A*26:03,esm2_joint,locus,0,1.0,13696,0.4054651081081644,0.21765536
10696,HLA-A*30:01,esm2_joint,locus,0,1.0,13696,0.0,0.39144844
10699,HLA-A*11:01,esm2_joint,locus,0,1.0,13696,2.3513752571634776,0.59881556
10700,HLA-A*74:01,esm2_joint,locus,0,1.0,13696,0.9932517730102833,0.9558019
10702,HLA-A*43:01,esm2_joint,locus,0,1.0,13696,0.26236426446749106,0.77313715
10703,HLA-A*24:03,esm2_joint,locus,0,1.0,13696,0.26236426446749106,0.4102813
10704,HLA-A*29:02,esm2_joint,locus,0,1.0,13696,0.18232155679395465,0.47879416
10705,HLA-A*02:19,esm2_joint,locus,0,1.0,13696,0.5877866649021191,0.7890366
10706,HLA-A*80:01,esm2_joint,locus,0,1.0,13696,0.5306282510621704,0.88876104
10707,HLA-A*68:23,esm2_joint,locus,0,1.0,13696,0.0,0.5284147
10708,HLA-A*02:12,esm2_joint,locus,0,1.0,13696,0.6418538861723948,0.48940742
10709,HLA-A*02:12,esm2_joint,locus,0,1.0,13696,2.4849066497880004,0.5862862
10710,HLA-A*03:01,esm2_joint,locus,0,1.0,13696,0.18232155679395465,0.18150216
10716,HLA-A*02:12,esm2_joint,locus,0,1.0,13696,2.1400661634962708,0.08062303
10717,HLA-A*02:50,esm2_joint,locus,0,1.0,13696,0.6418538861723948,0.10531664
10720,HLA-A*23:01,esm2_joint,locus,0,1.0,13696,0.4700036292457355,0.3307281
10721,HLA-A*03:01,esm2_joint,locus,0,1.0,13696,2.928523523860541,1.1612558
10726,HLA-A*68:23,esm2_joint,locus,0,1.0,13696,0.18232155679395465,0.68778515
10727,HLA-A*26:03,esm2_joint,locus,0,1.0,13696,0.7884573603642702,0.07016897
10729,HLA-A*02:11,esm2_joint,locus,0,1.0,13696,2.0918640616783932,0.14614028
10730,HLA-A*24:02,esm2_joint,locus,0,1.0,13696,0.33647223662121295,0.312586
10734,HLA-A*80:01,esm2_joint,locus,0,1.0,13696,0.0,1.1216183
10737,HLA-A*30:01,esm2_joint,locus,0,1.0,13696,1.589235205116581,0.62811863
10738,HLA-A*66:01,esm2_joint,locus,0,1.0,13696,0.09531017980432487,0.84048975
10743,HLA-A*66:01,esm2_joint,locus,0,1.0,13696,0.5877866649021191,0.66118854
10747,HLA-A*43:01,esm2_joint,locus,0,1.0,13696,0.0,0.9411475
10748,HLA-A*29:02,esm2_joint,locus,0,1.0,13696,1.9315214116032138,1.4333048
10750,HLA-A*24:02,esm2_joint,locus,0,1.0,13696,0.6931471805599453,0.2569765
10751,HLA-A*02:50,esm2_joint,locus,0,1.0,13696,3.2188758248682006,0.18394667
10764,HLA-A*02:50,esm2_joint,locus,0,1.0,13696,2.791165107812717,0.43911695
10765,HLA-A*02:16,esm2_joint,locus,0,1.0,13696,2.4932054526026954,0.44425863
10766,HLA-A*30:01,esm2_joint,locus,0,1.0,13696,0.7419373447293773,0.5657303
10767,HLA-A*43:01,esm2_joint,locus,0,1.0,13696,0.0,0.7850821
10768,HLA-A*43:01,esm2_joint,locus,0,1.0,13696,0.26236426446749106,1.14625
10769,HLA-A*43:01,esm2_joint,locus,0,1.0,13696,0.26236426446749106,0.65408057
10775,HLA-A*25:01,esm2_joint,locus,0,1.0,13696,0.26236426446749106,0.46727854
10776,HLA-A*02:01,esm2_joint,locus,0,1.0,13696,1.5686159179138452,0.45845228
10778,HLA-A*31:01,esm2_joint,locus,0,1.0,13696,3.9435216724875173,0.6424592
10784,HLA-A*43:01,esm2_joint,locus,0,1.0,13696,0.26236426446749106,1.000124
10785,HLA-A*23:01,esm2_joint,locus,0,1.0,13696,0.18232155679395465,0.5442895
10786,HLA-A*24:19,esm2_joint,locus,0,1.0,13696,0.09531017980432487,0.89875996
10795,HLA-A*30:02,esm2_joint,locus,0,1.0,13696,0.0,0.49256942
10803,HLA-A*02:03,esm2_joint,locus,0,1.0,13696,0.6418538861723948,-0.16450495
10808,HLA-A*02:11,esm2_joint,locus,0,1.0,13696,0.6931471805599453,0.26953197
10809,HLA-A*02:16,esm2_joint,locus,0,1.0,13696,3.8543938925915096,0.35172492
10811,HLA-A*02:05,esm2_joint,locus,0,1.0,13696,2.1633230256605382,0.27529162
10812,HLA-A*02:10,esm2_joint,locus,0,1.0,13696,4.128745988939433,0.8281347
10814,HLA-A*68:23,esm2_joint,locus,0,1.0,13696,0.0,0.49171692
10815,HLA-A*24:02,esm2_joint,locus,0,1.0,13696,0.7419373447293773,0.2765659
10816,HLA-A*02:16,esm2_joint,locus,0,1.0,13696,1.5686159179138452,0.072466195
10817,HLA-A*33:03,esm2_joint,locus,0,1.0,13696,0.0,0.47703117
10821,HLA-A*02:12,esm2_joint,locus,0,1.0,13696,3.648057459593681,0.78037417
10823,HLA-A*23:01,esm2_joint,locus,0,1.0,13696,1.8870696490323797,1.168654
10824,HLA-A*01:01,esm2_joint,locus,0,1.0,13696,0.0,0.37027335
10825,HLA-A*02:12,esm2_joint,locus,0,1.0,13696,2.0412203288596382,0.29909348
10829,HLA-A*31:01,esm2_joint,locus,0,1.0,13696,4.146304301152812,0.49084902
10834,HLA-A*02:19,esm2_joint,locus,0,1.0,13696,0.0,0.47480077
10835,HLA-A*80:01,esm2_joint,locus,0,1.0,13696,0.7884573603642702,0.6522261
10842,HLA-A*25:01,esm2_joint,locus,0,1.0,13696,0.0,0.48639914
10845,HLA-A*24:02,esm2_joint,locus,0,1.0,13696,0.09531017980432487,0.37403345
10846,HLA-A*02:12,esm2_joint,locus,0,1.0,13696,2.6461747973841225,0.102427065
10847,HLA-A*03:01,esm2_joint,locus,0,1.0,13696,0.0,1.1560733
10848,HLA-A*25:01,esm2_joint,locus,0,1.0,13696,2.151762203259462,0.52835083
10849,HLA-A*26:02,esm2_joint,locus,0,1.0,13696,1.3609765531356006,1.0740896
10852,HLA-A*30:01,esm2_joint,locus,0,1.0,13696,0.9555114450274363,0.80194247
10857,HLA-A*26:03,esm2_joint,locus,0,1.0,13696,3.6375861597263857,0.8346481
10858,HLA-A*30:01,esm2_joint,locus,0,1.0,13696,0.0,0.59727
10860,HLA-A*66:01,esm2_joint,locus,0,1.0,13696,0.6931471805599453,0.6865602
10861,HLA-A*02:03,esm2_joint,locus,0,1.0,13696,0.6418538861723948,0.517006
10862,HLA-A*33:03,esm2_joint,locus,0,1.0,13696,0.0,0.80868995
10864,HLA-A*66:01,esm2_joint,locus,0,1.0,13696,0.0,0.5025041
10866,HLA-A*43:01,esm2_joint,locus,0,1.0,13696,0.18232155679395465,0.42248178
10869,HLA-A*26:03,esm2_joint,locus,0,1.0,13696,0.9162907318741551,0.239375
10870,HLA-A*68:01,esm2_joint,locus,0,1.0,13696,1.7578579175523736,1.2027502
10871,HLA-A*74:01,esm2_joint,locus,0,1.0,13696,1.5040773967762742,1.3626783
10872,HLA-A*74:01,esm2_joint,locus,0,1.0,13696,1.1631508098056809,1.2191094
10873,HLA-A*24:03,esm2_joint,locus,0,1.0,13696,3.66612246699132,0.7072962
10874,HLA-A*03:01,esm2_joint,locus,0,1.0,13696,0.0,1.1917229
10875,HLA-A*25:01,esm2_joint,locus,0,1.0,13696,0.4700036292457355,0.73364294
10876,HLA-A*02:10,esm2_joint,locus,0,1.0,13696,0.4054651081081644,0.43514067
10877,HLA-A*68:01,esm2_joint,locus,0,1.0,13696,2.0149030205422647,0.6056843
10880,HLA-A*02:01,esm2_joint,locus,0,1.0,13696,1.5789787049493917,0.78038603
10883,HLA-A*80:01,esm2_joint,locus,0,1.0,13696,0.0,1.155937
10884,HLA-A*68:23,esm2_joint,locus,0,1.0,13696,1.5040773967762742,0.56586707
10886,HLA-A*02:10,esm2_joint,locus,0,1.0,13696,0.0,0.32157284
10890,HLA-A*24:07,esm2_joint,locus,0,1.0,13696,1.8082887711792655,0.75808084
10891,HLA-A*26:02,esm2_joint,locus,0,1.0,13696,2.5572273113676265,0.4816562
10893,HLA-A*02:03,esm2_joint,locus,0,1.0,13696,3.676300671907076,0.26107424
10894,HLA-A*11:01,esm2_joint,locus,0,1.0,13696,0.0,0.33424437
10898,HLA-A*02:16,esm2_joint,locus,0,1.0,13696,0.9555114450274363,0.35201198
10899,HLA-A*02:19,esm2_joint,locus,0,1.0,13696,1.4816045409242156,0.14745885
10900,HLA-A*33:03,esm2_joint,locus,0,1.0,13696,0.26236426446749106,1.0863339
10906,HLA-A*02:10,esm2_joint,locus,0,1.0,13696,0.33647223662121295,0.13735372
10907,HLA-A*02:10,esm2_joint,locus,0,1.0,13696,1.589235205116581,-0.04733175
10909,HLA-A*30:02,esm2_joint,locus,0,1.0,13696,0.6418538861723948,1.3069971
10910,HLA-A*23:01,esm2_joint,locus,0,1.0,13696,0.33647223662121295,0.49945185
10912,HLA-A*02:03,esm2_joint,locus,0,1.0,13696,2.785011242238338,0.64089096
10913,HLA-A*30:01,esm2_joint,locus,0,1.0,13696,0.0,0.83506167
10914,HLA-A*68:01,esm2_joint,locus,0,1.0,13696,3.3568971227655755,0.9019737
10915,HLA-A*11:01,esm2_joint,locus,0,1.0,13696,0.5306282510621704,0.07284659
10919,HLA-A*24:03,esm2_joint,locus,0,1.0,13696,0.9555114450274363,0.16214502
10920,HLA-A*24:07,esm2_joint,locus,0,1.0,13696,1.1631508098056809,0.51420116
10923,HLA-A*23:01,esm2_joint,locus,0,1.0,13696,3.414442608412176,0.45895255
10925,HLA-A*66:01,esm2_joint,locus,0,1.0,13696,0.0,0.9673728
10927,HLA-A*02:12,esm2_joint,locus,0,1.0,13696,2.8154087194227095,0.09486836
10928,HLA-A*33:03,esm2_joint,locus,0,1.0,13696,0.6418538861723948,0.49502057
10929,HLA-A*11:01,esm2_joint,locus,0,1.0,13696,3.9454577815143836,0.91790926
10930,HLA-A*74:01,esm2_joint,locus,0,1.0,13696,0.4700036292457355,1.1787732
10931,HLA-A*02:19,esm2_joint,locus,0,1.0,13696,2.468099531471619,-0.2824921
10937,HLA-A*74:01,esm2_joint,locus,0,1.0,13696,2.884800712846709,1.2164143
10938,HLA-A*74:01,esm2_joint,locus,0,1.0,13696,0.7884573603642702,0.72794944
10941,HLA-A*02:11,esm2_joint,locus,0,1.0,13696,3.1780538303479458,0.7156316
10942,HLA-A*33:03,esm2_joint,locus,0,1.0,13696,4.056988775678332,0.4613521
10950,HLA-A*43:01,esm2_joint,locus,0,1.0,13696,0.26236426446749106,0.74209833
10958,HLA-A*02:16,esm2_joint,locus,0,1.0,13696,3.417726683613366,0.46968943
10959,HLA-A*30:01,esm2_joint,locus,0,1.0,13696,0.0,0.5721469
10960,HLA-A*30:01,esm2_joint,locus,0,1.0,13696,3.5553480614894135,0.8722504
10964,HLA-A*66:01,esm2_joint,locus,0,1.0,13696,0.33647223662121295,0.73475784
10965,HLA-A*68:23,esm2_joint,locus,0,1.0,13696,0.6418538861723948,0.5418384
10967,HLA-A*02:10,esm2_joint,locus,0,1.0,13696,0.4054651081081644,0.33119488
10968,HLA-A*02:50,esm2_joint,locus,0,1.0,13696,2.3608540011180215,0.41300547
10969,HLA-A*68:01,esm2_joint,locus,0,1.0,13696,0.0,0.75624156
10972,HLA-A*29:02,esm2_joint,locus,0,1.0,13696,1.667706820558076,0.8585246
10973,HLA-A*32:07,esm2_joint,locus,0,1.0,13696,0.0,0.71555436
10974,HLA-A*25:01,esm2_joint,locus,0,1.0,13696,1.3862943611198906,0.15752113
10976,HLA-A*02:03,esm2_joint,locus,0,1.0,13696,1.3862943611198906,0.25861508
10977,HLA-A*02:19,esm2_joint,locus,0,1.0,13696,3.4339872044851463,0.54759514
10978,HLA-A*68:01,esm2_joint,locus,0,1.0,13696,0.0,0.65603316
10979,HLA-A*74:01,esm2_joint,locus,0,1.0,13696,0.5877866649021191,0.87001014
10987,HLA-A*26:03,esm2_joint,locus,0,1.0,13696,0.7419373447293773,0.6031612
10988,HLA-A*24:02,esm2_joint,locus,0,1.0,13696,2.379546134130174,0.7915126
10989,HLA-A*02:19,esm2_joint,locus,0,1.0,13696,2.5572273113676265,0.6392877
10990,HLA-A*30:01,esm2_joint,locus,0,1.0,13696,0.0,0.6903443
10993,HLA-A*24:07,esm2_joint,locus,0,1.0,13696,0.8754687373538999,0.71348304
10995,HLA-A*02:03,esm2_joint,locus,0,1.0,13696,1.5040773967762742,0.43656093
10997,HLA-A*29:02,esm2_joint,locus,0,1.0,13696,3.2809112157876537,0.30036163
10998,HLA-A*29:02,esm2_joint,locus,0,1.0,13696,3.169685580677429,1.0596666
10999,HLA-A*80:01,esm2_joint,locus,0,1.0,13696,0.33647223662121295,0.60407096
11001,HLA-A*68:23,esm2_joint,locus,0,1.0,13696,0.33647223662121295,0.43743384
11002,HLA-A*02:19,esm2_joint,locus,0,1.0,13696,3.1822118404966093,0.9481523
11003,HLA-A*33:03,esm2_joint,locus,0,1.0,13696,0.0,1.212363
11006,HLA-A*26:02,esm2_joint,locus,0,1.0,13696,0.09531017980432487,0.23783302
11007,HLA-A*66:01,esm2_joint,locus,0,1.0,13696,0.0,1.2080328
11009,HLA-A*02:01,esm2_joint,locus,0,1.0,13696,0.4382549309311553,0.7925359
11014,HLA-A*80:01,esm2_joint,locus,0,1.0,13696,0.0,0.92813385
11015,HLA-A*02:03,esm2_joint,locus,0,1.0,13696,2.791165107812717,0.78283787
11018,HLA-A*68:01,esm2_joint,locus,0,1.0,13696,0.0,0.5240039
11022,HLA-A*29:02,esm2_joint,locus,0,1.0,13696,1.0647107369924282,1.089947
11024,HLA-A*02:16,esm2_joint,locus,0,1.0,13696,3.2068032436339315,0.14604694
11029,HLA-A*02:19,esm2_joint,locus,0,1.0,13696,1.824549292051046,0.66343236
11031,HLA-A*29:02,esm2_joint,locus,0,1.0,13696,0.26236426446749106,1.144421
11032,HLA-A*66:01,esm2_joint,locus,0,1.0,13696,0.0,0.7919074
11034,HLA-A*02:10,esm2_joint,locus,0,1.0,13696,0.33647223662121295,0.21012253
11035,HLA-A*02:16,esm2_joint,locus,0,1.0,13696,0.7884573603642702,-0.04929775
11039,HLA-A*24:19,esm2_joint,locus,0,1.0,13696,0.18232155679395465,1.0964552
11041,HLA-A*30:01,esm2_joint,locus,0,1.0,13696,0.5306282510621704,0.9324613
11042,HLA-A*29:02,esm2_joint,locus,0,1.0,13696,2.3608540011180215,0.7224095
11045,HLA-A*66:01,esm2_joint,locus,0,1.0,13696,1.840549633397487,0.8919045
11046,HLA-A*66:01,esm2_joint,locus,0,1.0,13696,0.18232155679395465,0.59241337
11047,HLA-A*02:19,esm2_joint,locus,0,1.0,13696,0.6931471805599453,0.2821533
11048,HLA-A*30:01,esm2_joint,locus,0,1.0,13696,3.1179499062782403,1.0367062
11049,HLA-A*74:01,esm2_joint,locus,0,1.0,13696,0.0,0.5593473
11051,HLA-A*30:02,esm2_joint,locus,0,1.0,13696,0.4054651081081644,0.5346011
11052,HLA-A*66:01,esm2_joint,locus,0,1.0,13696,0.18232155679395465,0.7134936
11055,HLA-A*24:02,esm2_joint,locus,0,1.0,13696,0.5306282510621704,0.5998358
11056,HLA-A*24:02,esm2_joint,locus,0,1.0,13696,0.4700036292457355,0.7764288
11059,HLA-A*29:02,esm2_joint,locus,0,1.0,13696,2.1972245773362196,1.112344
11060,HLA-A*30:01,esm2_joint,locus,0,1.0,13696,0.8754687373538999,0.48848683
11063,HLA-A*32:07,esm2_joint,locus,0,1.0,13696,1.7404661748405046,1.8835912
11066,HLA-A*25:01,esm2_joint,locus,0,1.0,13696,0.4054651081081644,0.87235147
11068,HLA-A*02:11,esm2_joint,locus,0,1.0,13696,1.6094379124341003,0.44793338
11070,HLA-A*24:03,esm2_joint,locus,0,1.0,13696,0.4054651081081644,0.4433483
11072,HLA-A*02:50,esm2_joint,locus,0,1.0,13696,2.797281334830153,0.25863707
11073,HLA-A*74:01,esm2_joint,locus,0,1.0,13696,0.0,0.5415993
11074,HLA-A*30:02,esm2_joint,locus,0,1.0,13696,0.832909122935104,0.97159797
11075,HLA-A*24:02,esm2_joint,locus,0,1.0,13696,0.18232155679395465,0.463035
11077,HLA-A*25:01,esm2_joint,locus,0,1.0,13696,0.26236426446749106,0.56853163
11079,HLA-A*68:01,esm2_joint,locus,0,1.0,13696,1.0296194171811583,0.7589434
11084,HLA-A*02:12,esm2_joint,locus,0,1.0,13696,3.66612246699132,0.7519409
11085,HLA-A*02:16,esm2_joint,locus,0,1.0,13696,3.8199077165203406,0.5017042
11086,HLA-A*02:16,esm2_joint,locus,0,1.0,13696,0.0,0.42638922
11087,HLA-A*30:01,esm2_joint,locus,0,1.0,13696,0.0,0.91797316
11088,HLA-A*68:01,esm2_joint,locus,0,1.0,13696,0.0,1.0978274
11089,HLA-A*24:07,esm2_joint,locus,0,1.0,13696,1.6863989535702288,0.9507958
11091,HLA-A*02:16,esm2_joint,locus,0,1.0,13696,2.8213788864092133,0.16217506
11092,HLA-A*23:01,esm2_joint,locus,0,1.0,13696,0.7884573603642702,0.40848136
11093,HLA-A*25:01,esm2_joint,locus,0,1.0,13696,0.0,0.6925052
11095,HLA-A*02:19,esm2_joint,locus,0,1.0,13696,0.9932517730102833,0.82977533
11096,HLA-A*11:01,esm2_joint,locus,0,1.0,13696,0.18232155679395465,0.46283185
11097,HLA-A*30:02,esm2_joint,locus,0,1.0,13696,0.18232155679395465,0.007755518
11098,HLA-A*24:02,esm2_joint,locus,0,1.0,13696,0.4054651081081644,0.6563735
11099,HLA-A*02:03,esm2_joint,locus,0,1.0,13696,0.7884573603642702,0.6264247
11100,HLA-A*68:01,esm2_joint,locus,0,1.0,13696,0.18232155679395465,0.9195021
11101,HLA-A*68:01,esm2_joint,locus,0,1.0,13696,2.617395832834079,0.41826147
11102,HLA-A*11:01,esm2_joint,locus,0,1.0,13696,0.6418538861723948,0.9806597
11104,HLA-A*68:23,esm2_joint,locus,0,1.0,13696,0.09531017980432487,0.5534942
11106,HLA-A*02:50,esm2_joint,locus,0,1.0,13696,0.9932517730102833,0.1813991
11107,HLA-A*02:16,esm2_joint,locus,0,1.0,13696,3.0349529867072724,0.4568321
11108,HLA-A*29:02,esm2_joint,locus,0,1.0,13696,0.4054651081081644,1.0601239
11109,HLA-A*80:01,esm2_joint,locus,0,1.0,13696,0.0,1.2039466
11110,HLA-A*23:01,esm2_joint,locus,0,1.0,13696,0.18232155679395465,0.35875547
11114,HLA-A*24:02,esm2_joint,locus,0,1.0,13696,2.5416019934645457,0.49938044
11115,HLA-A*30:01,esm2_joint,locus,0,1.0,13696,0.0,0.24275583
11117,HLA-A*23:01,esm2_joint,locus,0,1.0,13696,2.341805806147327,0.4308123
11118,HLA-A*02:12,esm2_joint,locus,0,1.0,13696,3.520460802488973,0.3827573
11120,HLA-A*30:02,esm2_joint,locus,0,1.0,13696,0.832909122935104,0.80155605
11121,HLA-A*23:01,esm2_joint,locus,0,1.0,13696,3.5115454388310208,1.0067456
11122,HLA-A*24:19,esm2_joint,locus,0,1.0,13696,0.0,0.56432736
11123,HLA-A*33:03,esm2_joint,locus,0,1.0,13696,0.5306282510621704,0.826336
11124,HLA-A*24:19,esm2_joint,locus,0,1.0,13696,0.4054651081081644,0.76305354
11125,HLA-A*02:03,esm2_joint,locus,0,1.0,13696,2.4159137783010487,0.2997135
11126,HLA-A*02:16,esm2_joint,locus,0,1.0,13696,2.6602595372658615,0.34814095
11129,HLA-A*30:01,esm2_joint,locus,0,1.0,13696,0.6418538861723948,1.1386542
11130,HLA-A*30:02,esm2_joint,locus,0,1.0,13696,1.1314021114911006,0.996794
11131,HLA-A*24:07,esm2_joint,locus,0,1.0,13696,0.8754687373538999,0.9670757
11132,HLA-A*24:07,esm2_joint,locus,0,1.0,13696,0.7884573603642702,0.62886286
11133,HLA-A*02:10,esm2_joint,locus,0,1.0,13696,0.4054651081081644,0.32948643
11134,HLA-A*02:12,esm2_joint,locus,0,1.0,13696,3.254242968705492,0.47902417
11135,HLA-A*02:50,esm2_joint,locus,0,1.0,13696,0.6931471805599453,-0.054575622
11136,HLA-A*30:01,esm2_joint,locus,0,1.0,13696,0.0,-0.36010998
11139,HLA-A*02:01,esm2_joint,locus,0,1.0,13696,1.62924053973028,0.13611913
11140,HLA-A*02:03,esm2_joint,locus,0,1.0,13696,4.151039905898646,0.5691179
11141,HLA-A*02:12,esm2_joint,locus,0,1.0,13696,1.5260563034950494,-0.089098155
11146,HLA-A*02:11,esm2_joint,locus,0,1.0,13696,2.9444389791664403,0.47859487
11149,HLA-A*32:07,esm2_joint,locus,0,1.0,13696,0.0,0.6183942
11158,HLA-A*68:23,esm2_joint,locus,0,1.0,13696,0.0,0.41898406
11162,HLA-A*43:01,esm2_joint,locus,0,1.0,13696,0.18232155679395465,0.923947
11163,HLA-A*25:01,esm2_joint,locus,0,1.0,13696,2.9391619220655967,0.62285423
11167,HLA-A*32:07,esm2_joint,locus,0,1.0,13696,0.33647223662121295,0.9123145
11172,HLA-A*31:01,esm2_joint,locus,0,1.0,13696,0.0,1.094476
11173,HLA-A*11:01,esm2_joint,locus,0,1.0,13696,0.09531017980432487,0.77000463
11174,HLA-A*74:01,esm2_joint,locus,0,1.0,13696,3.459466289786131,0.73455477
11177,HLA-A*24:02,esm2_joint,locus,0,1.0,13696,1.4586150226995167,0.117880166
11178,HLA-A*74:01,esm2_joint,locus,0,1.0,13696,0.0,0.6865493
11179,HLA-A*03:01,esm2_joint,locus,0,1.0,13696,0.0,1.3445698
11181,HLA-A*30:01,esm2_joint,locus,0,1.0,13696,0.0,1.0337663
11186,HLA-A*24:07,esm2_joint,locus,0,1.0,13696,0.9162907318741551,0.47377473
11187,HLA-A*26:02,esm2_joint,locus,0,1.0,13696,0.0,0.9523779
11191,HLA-A*30:02,esm2_joint,locus,0,1.0,13696,0.33647223662121295,1.1982278
11195,HLA-A*02:03,esm2_joint,locus,0,1.0,13696,3.8308129500026027,0.5852882
11198,HLA-A*30:01,esm2_joint,locus,0,1.0,13696,0.7884573603642702,0.785225
11199,HLA-A*33:03,esm2_joint,locus,0,1.0,13696,1.1314021114911006,1.579947
11200,HLA-A*33:03,esm2_joint,locus,0,1.0,13696,0.0,1.381675
11203,HLA-A*43:01,esm2_joint,locus,0,1.0,13696,1.3609765531356006,1.1868694
11204,HLA-A*26:03,esm2_joint,locus,0,1.0,13696,0.5877866649021191,0.6510871
11212,HLA-A*24:19,esm2_joint,locus,0,1.0,13696,0.09531017980432487,0.44634563
11214,HLA-A*32:07,esm2_joint,locus,0,1.0,13696,3.5322256440685598,0.9806708
11215,HLA-A*02:16,esm2_joint,locus,0,1.0,13696,3.380994674344636,0.6636377
11221,HLA-A*24:07,esm2_joint,locus,0,1.0,13696,0.4054651081081644,0.59505796
11222,HLA-A*26:03,esm2_joint,locus,0,1.0,13696,1.7749523509116738,0.65059596
11224,HLA-A*24:02,esm2_joint,locus,0,1.0,13696,2.9806186357439426,0.27850282
11232,HLA-A*24:07,esm2_joint,locus,0,1.0,13696,0.18232155679395465,0.9478499
11233,HLA-A*66:01,esm2_joint,locus,0,1.0,13696,0.0,0.4674244
11237,HLA-A*32:07,esm2_joint,locus,0,1.0,13696,3.8155121050473024,0.9163662
11239,HLA-A*02:10,esm2_joint,locus,0,1.0,13696,0.5306282510621704,-0.13056272
11243,HLA-A*43:01,esm2_joint,locus,0,1.0,13696,0.26236426446749106,1.3275332
11244,HLA-A*24:19,esm2_joint,locus,0,1.0,13696,0.5877866649021191,0.330056
11245,HLA-A*24:19,esm2_joint,locus,0,1.0,13696,0.26236426446749106,1.2709265
11246,HLA-A*24:07,esm2_joint,locus,0,1.0,13696,0.33647223662121295,0.22118932
11247,HLA-A*25:01,esm2_joint,locus,0,1.0,13696,1.547562508716013,0.26154757
11248,HLA-A*66:01,esm2_joint,locus,0,1.0,13696,0.26236426446749106,0.45198274
11259,HLA-A*24:03,esm2_joint,locus,0,1.0,13696,0.5877866649021191,0.7385474
11264,HLA-A*24:02,esm2_joint,locus,0,1.0,13696,3.261935314328648,0.18689668
11266,HLA-A*43:01,esm2_joint,locus,0,1.0,13696,0.5306282510621704,0.93186104
11271,HLA-A*24:19,esm2_joint,locus,0,1.0,13696,0.18232155679395465,0.41794437
11272,HLA-A*24:07,esm2_joint,locus,0,1.0,13696,3.7864597824528,1.3916076
11273,HLA-A*66:01,esm2_joint,locus,0,1.0,13696,0.26236426446749106,0.26431042
11276,HLA-A*68:23,esm2_joint,locus,0,1.0,13696,0.18232155679395465,0.6469047
11277,HLA-A*26:03,esm2_joint,locus,0,1.0,13696,1.667706820558076,0.21817702
11280,HLA-A*02:03,esm2_joint,locus,0,1.0,13696,3.169685580677429,0.41318333
11283,HLA-A*26:03,esm2_joint,locus,0,1.0,13696,0.4054651081081644,0.10742611
11286,HLA-A*24:02,esm2_joint,locus,0,1.0,13696,0.9555114450274363,0.74235976
11289,HLA-A*26:03,esm2_joint,locus,0,1.0,13696,0.5306282510621704,0.7971778
11292,HLA-A*02:19,esm2_joint,locus,0,1.0,13696,0.9555114450274363,-0.086381495
11296,HLA-A*32:07,esm2_joint,locus,0,1.0,13696,0.0,0.2844159
11300,HLA-A*02:50,esm2_joint,locus,0,1.0,13696,2.0149030205422647,0.6265317
11301,HLA-A*02:16,esm2_joint,locus,0,1.0,13696,3.4719664525503626,0.6973359
11302,HLA-A*02:16,esm2_joint,locus,0,1.0,13696,3.169685580677429,1.017826
11305,HLA-A*02:03,esm2_joint,locus,0,1.0,13696,3.7932394694381792,1.0858542
11306,HLA-A*11:01,esm2_joint,locus,0,1.0,13696,0.9162907318741551,0.6653459
11310,HLA-A*43:01,esm2_joint,locus,0,1.0,13696,0.0,1.2928989
11311,HLA-A*32:07,esm2_joint,locus,0,1.0,13696,0.9555114450274363,0.5702104
11312,HLA-A*25:01,esm2_joint,locus,0,1.0,13696,0.18232155679395465,0.40318722
11314,HLA-A*02:50,esm2_joint,locus,0,1.0,13696,2.5877640352277083,0.40969276
11316,HLA-A*23:01,esm2_joint,locus,0,1.0,13696,2.302585092994046,0.662894
11317,HLA-A*25:01,esm2_joint,locus,0,1.0,13696,0.4054651081081644,0.42358583
11318,HLA-A*66:01,esm2_joint,locus,0,1.0,13696,0.0,0.81785226
11319,HLA-A*30:01,esm2_joint,locus,0,1.0,13696,0.26236426446749106,0.7605705
11320,HLA-A*74:01,esm2_joint,locus,0,1.0,13696,0.9932517730102833,0.68344915
11321,HLA-A*66:01,esm2_joint,locus,0,1.0,13696,0.18232155679395465,0.7429162
11322,HLA-A*02:03,esm2_joint,locus,0,1.0,13696,4.00369019395397,0.6503482
11323,HLA-A*02:10,esm2_joint,locus,0,1.0,13696,0.5877866649021191,0.42745203
11324,HLA-A*80:01,esm2_joint,locus,0,1.0,13696,1.0296194171811583,0.28361923
11325,HLA-A*25:01,esm2_joint,locus,0,1.0,13696,0.0,0.6191276
11331,HLA-A*02:12,esm2_joint,locus,0,1.0,13696,0.4700036292457355,0.14491433
11332,HLA-A*68:01,esm2_joint,locus,0,1.0,13696,0.4054651081081644,1.1366029
11336,HLA-A*24:19,esm2_joint,locus,0,1.0,13696,0.0,1.2247554
11338,HLA-A*24:03,esm2_joint,locus,0,1.0,13696,0.8754687373538999,0.56139266
11339,HLA-A*02:10,esm2_joint,locus,0,1.0,13696,3.091042453358316,0.7796297
11340,HLA-A*02:12,esm2_joint,locus,0,1.0,13696,2.186051276738094,0.48612294
11342,HLA-A*29:02,esm2_joint,locus,0,1.0,13696,0.5306282510621704,0.9876319
11343,HLA-A*30:02,esm2_joint,locus,0,1.0,13696,0.6931471805599453,0.7531737
11344,HLA-A*24:02,esm2_joint,locus,0,1.0,13696,0.26236426446749106,0.87799823
11345,HLA-A*24:02,esm2_joint,locus,0,1.0,13696,0.33647223662121295,0.6900034
11346,HLA-A*24:07,esm2_joint,locus,0,1.0,13696,2.1972245773362196,0.24816418
11347,HLA-A*33:03,esm2_joint,locus,0,1.0,13696,0.0,0.9853302
11350,HLA-A*23:01,esm2_joint,locus,0,1.0,13696,2.6946271807700692,0.98885125
11351,HLA-A*32:07,esm2_joint,locus,0,1.0,13696,0.09531017980432487,0.82061756
11353,HLA-A*02:11,esm2_joint,locus,0,1.0,13696,0.6418538861723948,0.650849
11362,HLA-A*68:01,esm2_joint,locus,0,1.0,13696,0.5306282510621704,0.9736555
11365,HLA-A*24:19,esm2_joint,locus,0,1.0,13696,0.0,0.7315099
11366,HLA-A*66:01,esm2_joint,locus,0,1.0,13696,0.9162907318741551,0.5245795
11369,HLA-A*68:23,esm2_joint,locus,0,1.0,13696,0.18232155679395465,0.7984379
11371,HLA-A*24:19,esm2_joint,locus,0,1.0,13696,0.26236426446749106,1.0057801
11372,HLA-A*29:02,esm2_joint,locus,0,1.0,13696,2.772588722239781,0.91463685
11373,HLA-A*02:10,esm2_joint,locus,0,1.0,13696,0.33647223662121295,0.5866809
11376,HLA-A*68:23,esm2_joint,locus,0,1.0,13696,0.0,0.0837782
11377,HLA-A*26:03,esm2_joint,locus,0,1.0,13696,0.0,-0.15537912
11378,HLA-A*29:02,esm2_joint,locus,0,1.0,13696,0.7884573603642702,1.182188
11380,HLA-A*26:02,esm2_joint,locus,0,1.0,13696,0.6931471805599453,0.60350454
11381,HLA-A*68:23,esm2_joint,locus,0,1.0,13696,0.0,0.71727467
11382,HLA-A*02:11,esm2_joint,locus,0,1.0,13696,2.2082744135228043,0.6274426
11383,HLA-A*30:01,esm2_joint,locus,0,1.0,13696,1.0647107369924282,0.31891614
11384,HLA-A*33:03,esm2_joint,locus,0,1.0,13696,0.0,1.0251777
11385,HLA-A*30:02,esm2_joint,locus,0,1.0,13696,0.4700036292457355,0.59540856
11386,HLA-A*68:23,esm2_joint,locus,0,1.0,13696,0.33647223662121295,0.51596814
11387,HLA-A*02:50,esm2_joint,locus,0,1.0,13696,1.1631508098056809,0.36391836
11388,HLA-A*03:01,esm2_joint,locus,0,1.0,13696,0.4054651081081644,1.0992348
11390,HLA-A*23:01,esm2_joint,locus,0,1.0,13696,0.832909122935104,0.28335506
11391,HLA-A*32:07,esm2_joint,locus,0,1.0,13696,1.5260563034950494,0.89892596
11393,HLA-A*68:01,esm2_joint,locus,0,1.0,13696,0.9162907318741551,0.95145196
11398,HLA-A*30:02,esm2_joint,locus,0,1.0,13696,0.4054651081081644,0.7208668
11399,HLA-A*30:02,esm2_joint,locus,0,1.0,13696,0.26236426446749106,0.4282905
11402,HLA-A*11:01,esm2_joint,locus,0,1.0,13696,1.2237754316221157,0.50023544
11404,HLA-A*24:19,esm2_joint,locus,0,1.0,13696,0.5877866649021191,0.59793866
11406,HLA-A*03:01,esm2_joint,locus,0,1.0,13696,0.09531017980432487,0.8427285
11407,HLA-A*24:02,esm2_joint,locus,0,1.0,13696,0.6931471805599453,0.7728143
11410,HLA-A*30:02,esm2_joint,locus,0,1.0,13696,0.0,0.50657916
11411,HLA-A*25:01,esm2_joint,locus,0,1.0,13696,2.4932054526026954,0.21512854
11412,HLA-A*02:03,esm2_joint,locus,0,1.0,13696,2.2823823856765264,0.3390867
11413,HLA-A*02:03,esm2_joint,locus,0,1.0,13696,2.4069451083182885,0.0013155341
11417,HLA-A*66:01,esm2_joint,locus,0,1.0,13696,0.18232155679395465,0.53560996
11419,HLA-A*02:03,esm2_joint,locus,0,1.0,13696,3.1822118404966093,0.026999474
11420,HLA-A*74:01,esm2_joint,locus,0,1.0,13696,1.667706820558076,0.6685721
11423,HLA-A*32:07,esm2_joint,locus,0,1.0,13696,0.0,0.32229125
11424,HLA-A*24:19,esm2_joint,locus,0,1.0,13696,0.4700036292457355,1.1381055
11425,HLA-A*02:16,esm2_joint,locus,0,1.0,13696,2.517696472610991,0.7124504
11426,HLA-A*23:01,esm2_joint,locus,0,1.0,13696,0.9555114450274363,0.46387398
11427,HLA-A*68:23,esm2_joint,locus,0,1.0,13696,0.09531017980432487,0.56398433
11433,HLA-A*03:01,esm2_joint,locus,0,1.0,13696,0.4054651081081644,1.2023284
11434,HLA-A*31:01,esm2_joint,locus,0,1.0,13696,0.0,0.79430974
11435,HLA-A*11:01,esm2_joint,locus,0,1.0,13696,2.6461747973841225,0.8324263
11439,HLA-A*68:01,esm2_joint,locus,0,1.0,13696,2.4069451083182885,0.44429237
11442,HLA-A*31:01,esm2_joint,locus,0,1.0,13696,4.929425238670713,0.47540253
11443,HLA-A*74:01,esm2_joint,locus,0,1.0,13696,0.0,0.51918703
11446,HLA-A*02:03,esm2_joint,locus,0,1.0,13696,1.9021075263969205,0.33685124
11447,HLA-A*02:50,esm2_joint,locus,0,1.0,13696,3.3463891451671604,0.4408006
11448,HLA-A*32:07,esm2_joint,locus,0,1.0,13696,0.4054651081081644,0.3683216
11449,HLA-A*32:07,esm2_joint,locus,0,1.0,13696,1.2809338454620642,1.157304
11450,HLA-A*02:19,esm2_joint,locus,0,1.0,13696,1.840549633397487,0.41904622
11452,HLA-A*23:01,esm2_joint,locus,0,1.0,13696,3.258096538021482,0.49881563
11453,HLA-A*25:01,esm2_joint,locus,0,1.0,13696,0.9555114450274363,0.5960746
11454,HLA-A*32:01,esm2_joint,locus,0,1.0,13696,0.0,0.46929044
11455,HLA-A*33:03,esm2_joint,locus,0,1.0,13696,0.0,1.2701129
11456,HLA-A*25:01,esm2_joint,locus,0,1.0,13696,0.6418538861723948,0.5958022
11457,HLA-A*26:03,esm2_joint,locus,0,1.0,13696,0.18232155679395465,0.20919222
11459,HLA-A*68:02,esm2_joint,locus,0,1.0,13696,0.5877866649021191,0.39631027
11462,HLA-A*02:10,esm2_joint,locus,0,1.0,13696,2.8094026953624973,0.72299767
11463,HLA-A*02:19,esm2_joint,locus,0,1.0,13696,1.667706820558076,0.124759614
11465,HLA-A*03:01,esm2_joint,locus,0,1.0,13696,0.0,0.5027624
11466,HLA-A*24:02,esm2_joint,locus,0,1.0,13696,0.6931471805599453,0.47644335
11467,HLA-A*74:01,esm2_joint,locus,0,1.0,13696,0.33647223662121295,0.8871869
11469,HLA-A*43:01,esm2_joint,locus,0,1.0,13696,0.4054651081081644,0.88560855
11470,HLA-A*80:01,esm2_joint,locus,0,1.0,13696,0.4054651081081644,0.8452249
11471,HLA-A*32:07,esm2_joint,locus,0,1.0,13696,2.0918640616783932,1.0268928
11475,HLA-A*33:03,esm2_joint,locus,0,1.0,13696,1.9600947840472698,0.7562512
11478,HLA-A*23:01,esm2_joint,locus,0,1.0,13696,4.0809215418899605,0.93039244
11486,HLA-A*24:07,esm2_joint,locus,0,1.0,13696,3.6712245188752153,0.7704116
11487,HLA-A*66:01,esm2_joint,locus,0,1.0,13696,0.26236426446749106,0.5300092
11488,HLA-A*24:02,esm2_joint,locus,0,1.0,13696,2.186051276738094,1.1352495
11489,HLA-A*02:03,esm2_joint,locus,0,1.0,13696,0.0,0.11569899
11490,HLA-A*24:03,esm2_joint,locus,0,1.0,13696,2.302585092994046,0.8670195
11492,HLA-A*02:11,esm2_joint,locus,0,1.0,13696,3.0301337002713233,0.12944853
11493,HLA-A*02:50,esm2_joint,locus,0,1.0,13696,3.0349529867072724,-0.007982492
11496,HLA-A*23:01,esm2_joint,locus,0,1.0,13696,2.9496883350525844,0.15290022
11499,HLA-A*02:16,esm2_joint,locus,0,1.0,13696,3.4372078191851885,0.5975989
11501,HLA-A*68:23,esm2_joint,locus,0,1.0,13696,0.18232155679395465,0.84689444
11502,HLA-A*30:01,esm2_joint,locus,0,1.0,13696,0.26236426446749106,0.7314977
11503,HLA-A*29:02,esm2_joint,locus,0,1.0,13696,0.33647223662121295,1.0274496
11506,HLA-A*24:19,esm2_joint,locus,0,1.0,13696,0.0,0.47021723
11507,HLA-A*26:03,esm2_joint,locus,0,1.0,13696,0.09531017980432487,0.19329011
11510,HLA-A*24:19,esm2_joint,locus,0,1.0,13696,0.0,0.7828792
11514,HLA-A*02:19,esm2_joint,locus,0,1.0,13696,1.0296194171811583,0.52909124
11519,HLA-A*43:01,esm2_joint,locus,0,1.0,13696,1.1314021114911006,1.2246048
11520,HLA-A*29:02,esm2_joint,locus,0,1.0,13696,0.832909122935104,1.0101373
11525,HLA-A*68:01,esm2_joint,locus,0,1.0,13696,0.6418538861723948,0.6692047
11534,HLA-A*03:01,esm2_joint,locus,0,1.0,13696,0.5877866649021191,1.3879066
11535,HLA-A*02:03,esm2_joint,locus,0,1.0,13696,2.533696813957432,0.1531499
11541,HLA-A*02:03,esm2_joint,locus,0,1.0,13696,1.6863989535702288,0.52075624
11543,HLA-A*43:01,esm2_joint,locus,0,1.0,13696,0.0,0.8430046
11544,HLA-A*43:01,esm2_joint,locus,0,1.0,13696,1.33500106673234,0.9541934
11545,HLA-A*80:01,esm2_joint,locus,0,1.0,13696,0.0,0.99149144
11546,HLA-A*66:01,esm2_joint,locus,0,1.0,13696,0.33647223662121295,0.6304754
11550,HLA-A*24:07,esm2_joint,locus,0,1.0,13696,0.26236426446749106,1.0720354
11551,HLA-A*66:01,esm2_joint,locus,0,1.0,13696,0.0,0.26849806
11553,HLA-A*02:12,esm2_joint,locus,0,1.0,13696,3.4011973816621555,0.8865626
11554,HLA-A*80:01,esm2_joint,locus,0,1.0,13696,0.09531017980432487,0.64659715
11556,HLA-A*24:07,esm2_joint,locus,0,1.0,13696,1.8870696490323797,0.6718601
11559,HLA-A*02:16,esm2_joint,locus,0,1.0,13696,1.9021075263969205,0.11827749
11560,HLA-A*02:19,esm2_joint,locus,0,1.0,13696,0.26236426446749106,0.43355417
11562,HLA-A*02:03,esm2_joint,locus,0,1.0,13696,0.4054651081081644,0.30365223
11564,HLA-A*30:02,esm2_joint,locus,0,1.0,13696,3.2809112157876537,1.0703278
11565,HLA-A*02:19,esm2_joint,locus,0,1.0,13696,2.2925347571405443,0.30578494
11569,HLA-A*30:02,esm2_joint,locus,0,1.0,13696,0.8754687373538999,0.54516166
11571,HLA-A*24:07,esm2_joint,locus,0,1.0,13696,2.2407096892759584,1.0230559
11573,HLA-A*30:02,esm2_joint,locus,0,1.0,13696,0.26236426446749106,0.85575104
11577,HLA-A*29:02,esm2_joint,locus,0,1.0,13696,0.5877866649021191,1.0460968
11578,HLA-A*24:19,esm2_joint,locus,0,1.0,13696,0.0,0.82984596
11579,HLA-A*66:01,esm2_joint,locus,0,1.0,13696,0.0,0.25672477
11582,HLA-A*68:01,esm2_joint,locus,0,1.0,13696,0.0,1.2988491
11583,HLA-A*11:01,esm2_joint,locus,0,1.0,13696,1.9740810260220096,0.63539624
11586,HLA-A*24:07,esm2_joint,locus,0,1.0,13696,0.26236426446749106,0.81129074
11587,HLA-A*24:07,esm2_joint,locus,0,1.0,13696,2.9444389791664403,0.9375421
11589,HLA-A*02:01,esm2_joint,locus,0,1.0,13696,2.917770732084279,0.2603876
11593,HLA-A*30:02,esm2_joint,locus,0,1.0,13696,0.18232155679395465,0.8602581
11594,HLA-A*24:03,esm2_joint,locus,0,1.0,13696,2.2082744135228043,0.12411904
11595,HLA-A*25:01,esm2_joint,locus,0,1.0,13696,1.9459101490553132,1.0419518
11598,HLA-A*02:50,esm2_joint,locus,0,1.0,13696,3.2108436531709366,0.04541689
11599,HLA-A*23:01,esm2_joint,locus,0,1.0,13696,3.8264651170664994,0.8997024
11614,HLA-A*24:02,esm2_joint,locus,0,1.0,13696,3.6454498961866,0.7107545
11616,HLA-A*43:01,esm2_joint,locus,0,1.0,13696,0.6931471805599453,0.84221464
11623,HLA-A*43:01,esm2_joint,locus,0,1.0,13696,0.26236426446749106,1.714179
11624,HLA-A*80:01,esm2_joint,locus,0,1.0,13696,0.6418538861723948,0.75364643
11626,HLA-A*68:01,esm2_joint,locus,0,1.0,13696,4.089332020398556,1.2742828
11628,HLA-A*68:23,esm2_joint,locus,0,1.0,13696,1.1631508098056809,0.54784334
11629,HLA-A*26:03,esm2_joint,locus,0,1.0,13696,0.5877866649021191,0.4698884
11630,HLA-A*24:02,esm2_joint,locus,0,1.0,13696,0.4700036292457355,0.60112447
11631,HLA-A*02:11,esm2_joint,locus,0,1.0,13696,1.0647107369924282,0.8095492
11632,HLA-A*74:01,esm2_joint,locus,0,1.0,13696,1.0986122886681098,1.118921
11636,HLA-A*24:19,esm2_joint,locus,0,1.0,13696,0.09531017980432487,0.5245556
11640,HLA-A*24:02,esm2_joint,locus,0,1.0,13696,2.174751721484161,0.35341305
11641,HLA-A*02:12,esm2_joint,locus,0,1.0,13696,3.139832617527748,0.24601567
11642,HLA-A*02:16,esm2_joint,locus,0,1.0,13696,2.72785282839839,0.36825353
11643,HLA-A*31:01,esm2_joint,locus,0,1.0,13696,0.4054651081081644,1.5081708
11644,HLA-A*29:02,esm2_joint,locus,0,1.0,13696,1.4816045409242156,0.94366264
11646,HLA-A*02:03,esm2_joint,locus,0,1.0,13696,3.104586678466073,0.66919386
11647,HLA-A*74:01,esm2_joint,locus,0,1.0,13696,2.468099531471619,0.9656929
11653,HLA-A*02:01,esm2_joint,locus,0,1.0,13696,0.6043159668533296,0.49754542
11656,HLA-A*02:16,esm2_joint,locus,0,1.0,13696,1.33500106673234,0.6500451
11665,HLA-A*29:02,esm2_joint,locus,0,1.0,13696,0.18232155679395465,0.95319426
11666,HLA-A*68:23,esm2_joint,locus,0,1.0,13696,0.0,0.27499455
11668,HLA-A*02:12,esm2_joint,locus,0,1.0,13696,2.1400661634962708,0.17539078
11676,HLA-A*30:02,esm2_joint,locus,0,1.0,13696,0.5306282510621704,1.4710195
11678,HLA-A*03:01,esm2_joint,locus,0,1.0,13696,0.26236426446749106,1.7870519
11682,HLA-A*29:02,esm2_joint,locus,0,1.0,13696,0.7419373447293773,1.412013
11683,HLA-A*32:07,esm2_joint,locus,0,1.0,13696,0.33647223662121295,0.46039647
11684,HLA-A*24:07,esm2_joint,locus,0,1.0,13696,3.1612467120315646,0.51048195
11688,HLA-A*43:01,esm2_joint,locus,0,1.0,13696,0.4054651081081644,0.97453
11689,HLA-A*23:01,esm2_joint,locus,0,1.0,13696,1.6863989535702288,0.34286648
11696,HLA-A*80:01,esm2_joint,locus,0,1.0,13696,0.18232155679395465,0.6320605
11697,HLA-A*26:03,esm2_joint,locus,0,1.0,13696,0.26236426446749106,0.31450158
11699,HLA-A*02:16,esm2_joint,locus,0,1.0,13696,2.1972245773362196,0.04189551
11700,HLA-A*02:16,esm2_joint,locus,0,1.0,13696,3.104586678466073,0.40467268
11701,HLA-A*74:01,esm2_joint,locus,0,1.0,13696,0.0,0.7077816
11702,HLA-A*43:01,esm2_joint,locus,0,1.0,13696,0.4054651081081644,1.2407973
11706,HLA-A*02:19,esm2_joint,locus,0,1.0,13696,3.3568971227655755,0.7855575
11709,HLA-A*80:01,esm2_joint,locus,0,1.0,13696,0.26236426446749106,0.6312484
11711,HLA-A*68:23,esm2_joint,locus,0,1.0,13696,0.5877866649021191,0.5172969
11717,HLA-A*26:03,esm2_joint,locus,0,1.0,13696,0.0,0.32995397
11720,HLA-A*02:11,esm2_joint,locus,0,1.0,13696,2.0412203288596382,1.0183384
11721,HLA-A*31:01,esm2_joint,locus,0,1.0,13696,0.4054651081081644,0.9312721
11723,HLA-A*43:01,esm2_joint,locus,0,1.0,13696,0.33647223662121295,1.2278056
11724,HLA-A*25:01,esm2_joint,locus,0,1.0,13696,0.18232155679395465,0.57827795
11725,HLA-A*26:03,esm2_joint,locus,0,1.0,13696,0.0,0.7068314
11727,HLA-A*02:50,esm2_joint,locus,0,1.0,13696,3.1612467120315646,0.12861943
11728,HLA-A*32:07,esm2_joint,locus,0,1.0,13696,0.0,1.5723984
11729,HLA-A*26:02,esm2_joint,locus,0,1.0,13696,0.33647223662121295,0.37581354
11730,HLA-A*68:23,esm2_joint,locus,0,1.0,13696,1.1939224684724346,0.8193402
11732,HLA-A*02:16,esm2_joint,locus,0,1.0,13696,3.1441522786722644,-0.09024352
11733,HLA-A*30:01,esm2_joint,locus,0,1.0,13696,0.0,0.5210802
11735,HLA-A*29:02,esm2_joint,locus,0,1.0,13696,2.509599262378372,1.0831689
11736,HLA-A*29:02,esm2_joint,locus,0,1.0,13696,0.5306282510621704,0.30735964
11737,HLA-A*24:03,esm2_joint,locus,0,1.0,13696,3.832979798087693,0.89332426
11738,HLA-A*26:02,esm2_joint,locus,0,1.0,13696,2.0541237336955462,0.54476243
11744,HLA-A*30:02,esm2_joint,locus,0,1.0,13696,0.26236426446749106,0.7434155
11745,HLA-A*66:01,esm2_joint,locus,0,1.0,13696,0.18232155679395465,1.0012553
11746,HLA-A*30:01,esm2_joint,locus,0,1.0,13696,0.6931471805599453,0.54222465
11747,HLA-A*68:01,esm2_joint,locus,0,1.0,13696,2.5572273113676265,0.5437084
11749,HLA-A*66:01,esm2_joint,locus,0,1.0,13696,0.26236426446749106,0.3007939
11752,HLA-A*68:01,esm2_joint,locus,0,1.0,13696,0.832909122935104,0.26933444
11753,HLA-A*68:01,esm2_joint,locus,0,1.0,13696,0.09531017980432487,0.47260863
11755,HLA-A*30:02,esm2_joint,locus,0,1.0,13696,3.246490991901174,0.66954076
11756,HLA-A*32:07,esm2_joint,locus,0,1.0,13696,0.8754687373538999,0.24962157
11758,HLA-A*02:11,esm2_joint,locus,0,1.0,13696,3.2228678461377385,0.8707968
11760,HLA-A*02:05,esm2_joint,locus,0,1.0,13696,3.077312260546414,0.9485452
11764,HLA-A*02:11,esm2_joint,locus,0,1.0,13696,2.9601050959108397,0.56819737
11765,HLA-A*31:01,esm2_joint,locus,0,1.0,13696,0.26236426446749106,0.846656
11767,HLA-A*30:02,esm2_joint,locus,0,1.0,13696,0.18232155679395465,0.54247177
11768,HLA-A*03:01,esm2_joint,locus,0,1.0,13696,0.33647223662121295,1.0407186
11771,HLA-A*32:07,esm2_joint,locus,0,1.0,13696,0.26236426446749106,0.7610363
11772,HLA-A*66:01,esm2_joint,locus,0,1.0,13696,0.26236426446749106,0.49809095
11775,HLA-A*02:50,esm2_joint,locus,0,1.0,13696,2.0014800002101243,0.2623729
11777,HLA-A*24:19,esm2_joint,locus,0,1.0,13696,0.0,1.0329782
11778,HLA-A*24:02,esm2_joint,locus,0,1.0,13696,1.33500106673234,1.1881163
11782,HLA-A*68:01,esm2_joint,locus,0,1.0,13696,0.0,0.42430913
11784,HLA-A*23:01,esm2_joint,locus,0,1.0,13696,3.349904087274605,0.3565436
11785,HLA-A*02:50,esm2_joint,locus,0,1.0,13696,1.2237754316221157,0.3308825
11786,HLA-A*02:19,esm2_joint,locus,0,1.0,13696,2.785011242238338,0.2936818
11791,HLA-A*24:02,esm2_joint,locus,0,1.0,13696,0.09531017980432487,0.7927039
11792,HLA-A*68:01,esm2_joint,locus,0,1.0,13696,0.0,0.51985794
11797,HLA-A*30:01,esm2_joint,locus,0,1.0,13696,1.9021075263969205,0.82321167
11803,HLA-A*25:01,esm2_joint,locus,0,1.0,13696,1.5260563034950494,0.3219121
11807,HLA-A*30:02,esm2_joint,locus,0,1.0,13696,1.252762968495368,0.6384079
11810,HLA-A*02:03,esm2_joint,locus,0,1.0,13696,1.3609765531356006,-0.045469105
11811,HLA-A*02:16,esm2_joint,locus,0,1.0,13696,2.6741486494265287,0.51042134
11812,HLA-A*68:01,esm2_joint,locus,0,1.0,13696,0.7419373447293773,0.921099
11814,HLA-A*29:02,esm2_joint,locus,0,1.0,13696,1.252762968495368,1.5582231
11815,HLA-A*23:01,esm2_joint,locus,0,1.0,13696,3.2386784521643803,0.56069475
11817,HLA-A*02:12,esm2_joint,locus,0,1.0,13696,2.5877640352277083,0.40988696
11820,HLA-A*03:01,esm2_joint,locus,0,1.0,13696,0.0,0.9969853
11821,HLA-A*02:10,esm2_joint,locus,0,1.0,13696,0.4054651081081644,0.39979255
11822,HLA-A*32:07,esm2_joint,locus,0,1.0,13696,0.5306282510621704,0.21246797
11823,HLA-A*02:19,esm2_joint,locus,0,1.0,13696,2.0794415416798357,0.5483713
11824,HLA-A*33:03,esm2_joint,locus,0,1.0,13696,3.6136169696133895,0.4787095
11825,HLA-A*33:03,esm2_joint,locus,0,1.0,13696,1.8082887711792655,0.46223646
11829,HLA-A*68:01,esm2_joint,locus,0,1.0,13696,0.9555114450274363,0.65284956
11831,HLA-A*80:01,esm2_joint,locus,0,1.0,13696,0.0,0.84749585
11832,HLA-A*23:01,esm2_joint,locus,0,1.0,13696,3.32862668882732,0.7347036
11836,HLA-A*24:02,esm2_joint,locus,0,1.0,13696,0.22314355131420976,0.25209236
11838,HLA-A*02:03,esm2_joint,locus,0,1.0,13696,2.70805020110221,0.7654009
11839,HLA-A*02:11,esm2_joint,locus,0,1.0,13696,1.8870696490323797,0.23193449
11842,HLA-A*43:01,esm2_joint,locus,0,1.0,13696,0.18232155679395465,1.3349966
11843,HLA-A*24:03,esm2_joint,locus,0,1.0,13696,2.379546134130174,0.6001737
11846,HLA-A*02:19,esm2_joint,locus,0,1.0,13696,3.214867803470662,0.27224636
11847,HLA-A*30:01,esm2_joint,locus,0,1.0,13696,0.0,0.63823307
11849,HLA-A*24:19,esm2_joint,locus,0,1.0,13696,0.0,1.0459893
11850,HLA-A*24:19,esm2_joint,locus,0,1.0,13696,0.5306282510621704,0.30945706
11853,HLA-A*02:03,esm2_joint,locus,0,1.0,13696,3.744787086052232,0.6125592
11855,HLA-A*29:02,esm2_joint,locus,0,1.0,13696,0.0,1.4398098
11856,HLA-A*02:16,esm2_joint,locus,0,1.0,13696,0.6931471805599453,0.3191654
11861,HLA-A*02:03,esm2_joint,locus,0,1.0,13696,0.0,0.79661477
11862,HLA-A*43:01,esm2_joint,locus,0,1.0,13696,0.0,1.0339278
11865,HLA-A*02:10,esm2_joint,locus,0,1.0,13696,0.7884573603642702,0.7229706
11866,HLA-A*11:01,esm2_joint,locus,0,1.0,13696,2.8154087194227095,1.1179216
11871,HLA-A*43:01,esm2_joint,locus,0,1.0,13696,0.0,1.340627
11872,HLA-A*30:02,esm2_joint,locus,0,1.0,13696,0.33647223662121295,0.72514427
11873,HLA-A*80:01,esm2_joint,locus,0,1.0,13696,0.0,0.2598412
11874,HLA-A*11:01,esm2_joint,locus,0,1.0,13696,4.219507705176107,0.86428005
11878,HLA-A*66:01,esm2_joint,locus,0,1.0,13696,0.33647223662121295,0.7551642
11884,HLA-A*02:50,esm2_joint,locus,0,1.0,13696,0.5877866649021191,0.018743098
11885,HLA-A*68:01,esm2_joint,locus,0,1.0,13696,4.216562194946349,0.7098599
11886,HLA-A*80:01,esm2_joint,locus,0,1.0,13696,0.0,1.2705232
11887,HLA-A*23:01,esm2_joint,locus,0,1.0,13696,3.214867803470662,0.7376082
11888,HLA-A*02:03,esm2_joint,locus,0,1.0,13696,3.6136169696133895,0.7789974
11889,HLA-A*02:11,esm2_joint,locus,0,1.0,13696,3.2188758248682006,0.84319013
11890,HLA-A*02:12,esm2_joint,locus,0,1.0,13696,1.252762968495368,0.10746944
11892,HLA-A*24:19,esm2_joint,locus,0,1.0,13696,0.6418538861723948,0.8457025
11894,HLA-A*24:02,esm2_joint,locus,0,1.0,13696,2.3702437414678603,0.72697204
11895,HLA-A*74:01,esm2_joint,locus,0,1.0,13696,4.801558999993482,1.1184249
11899,HLA-A*23:01,esm2_joint,locus,0,1.0,13696,1.5789787049493917,0.73958343
11900,HLA-A*74:01,esm2_joint,locus,0,1.0,13696,0.26236426446749106,0.72629845
11909,HLA-A*24:19,esm2_joint,locus,0,1.0,13696,2.1633230256605382,0.82787985
11910,HLA-A*24:07,esm2_joint,locus,0,1.0,13696,0.18232155679395465,0.10917717
11912,HLA-A*02:50,esm2_joint,locus,0,1.0,13696,2.9069010598473755,0.07915747
11916,HLA-A*24:02,esm2_joint,locus,0,1.0,13696,0.9162907318741551,0.3346718
11917,HLA-A*02:01,esm2_joint,locus,0,1.0,13696,2.8903717578961645,0.18749267
11918,HLA-A*02:12,esm2_joint,locus,0,1.0,13696,1.33500106673234,0.016090155
11921,HLA-A*30:02,esm2_joint,locus,0,1.0,13696,0.33647223662121295,1.4060003
11922,HLA-A*26:03,esm2_joint,locus,0,1.0,13696,0.5306282510621704,-0.10329765
11926,HLA-A*02:03,esm2_joint,locus,0,1.0,13696,1.308332819650179,-0.07059032
11929,HLA-A*29:02,esm2_joint,locus,0,1.0,13696,1.589235205116581,1.087858
11933,HLA-A*02:12,esm2_joint,locus,0,1.0,13696,3.254242968705492,0.6825214
11934,HLA-A*33:03,esm2_joint,locus,0,1.0,13696,3.5322256440685598,0.5073775
11938,HLA-A*33:03,esm2_joint,locus,0,1.0,13696,1.2237754316221157,0.717976
11939,HLA-A*74:01,esm2_joint,locus,0,1.0,13696,4.508659285607248,0.56755626
11945,HLA-A*02:19,esm2_joint,locus,0,1.0,13696,2.827313621929028,0.58560264
11946,HLA-A*33:03,esm2_joint,locus,0,1.0,13696,0.6418538861723948,0.96233535
11948,HLA-A*43:01,esm2_joint,locus,0,1.0,13696,0.26236426446749106,0.55416334
11949,HLA-A*26:02,esm2_joint,locus,0,1.0,13696,0.0,0.37336642
11950,HLA-A*02:50,esm2_joint,locus,0,1.0,13696,2.5952547069568657,0.29572767
11951,HLA-A*02:19,esm2_joint,locus,0,1.0,13696,2.468099531471619,0.23805958
11953,HLA-A*80:01,esm2_joint,locus,0,1.0,13696,0.0,0.46019107
11954,HLA-A*24:07,esm2_joint,locus,0,1.0,13696,1.5260563034950494,0.8677726
11959,HLA-A*03:01,esm2_joint,locus,0,1.0,13696,0.0,1.2963927
11964,HLA-A*02:11,esm2_joint,locus,0,1.0,13696,1.33500106673234,0.30080652
11965,HLA-A*31:01,esm2_joint,locus,0,1.0,13696,5.100475998096045,1.6598665
11971,HLA-A*24:07,esm2_joint,locus,0,1.0,13696,0.4700036292457355,0.88016826
11972,HLA-A*26:02,esm2_joint,locus,0,1.0,13696,0.18232155679395465,0.2605582
11976,HLA-A*24:03,esm2_joint,locus,0,1.0,13696,0.18232155679395465,0.08986747
11978,HLA-A*26:02,esm2_joint,locus,0,1.0,13696,0.0,0.4119671
11982,HLA-A*30:02,esm2_joint,locus,0,1.0,13696,0.33647223662121295,0.6815182
11986,HLA-A*24:02,esm2_joint,locus,0,1.0,13696,2.8213788864092133,0.65254056
11987,HLA-A*02:16,esm2_joint,locus,0,1.0,13696,2.2300144001592104,0.52272385
11988,HLA-A*02:19,esm2_joint,locus,0,1.0,13696,3.2386784521643803,-0.07973522
11993,HLA-A*32:07,esm2_joint,locus,0,1.0,13696,0.0,0.8364923
11994,HLA-A*24:02,esm2_joint,locus,0,1.0,13696,0.4054651081081644,0.49104285
11995,HLA-A*02:12,esm2_joint,locus,0,1.0,13696,2.8678989020441064,0.7531219
11996,HLA-A*02:16,esm2_joint,locus,0,1.0,13696,0.6418538861723948,0.5253012
12002,HLA-A*33:03,esm2_joint,locus,0,1.0,13696,0.0,1.0256393
12003,HLA-A*80:01,esm2_joint,locus,0,1.0,13696,0.26236426446749106,0.81220996
12007,HLA-A*02:10,esm2_joint,locus,0,1.0,13696,0.33647223662121295,-0.0097996
12008,HLA-A*02:10,esm2_joint,locus,0,1.0,13696,2.2823823856765264,0.24746042
12009,HLA-A*02:50,esm2_joint,locus,0,1.0,13696,2.0918640616783932,0.46297878
12010,HLA-A*02:16,esm2_joint,locus,0,1.0,13696,1.840549633397487,0.5052251
12011,HLA-A*11:01,esm2_joint,locus,0,1.0,13696,0.832909122935104,0.6013354
12012,HLA-A*03:01,esm2_joint,locus,0,1.0,13696,1.4816045409242156,0.95037323
12014,HLA-A*30:02,esm2_joint,locus,0,1.0,13696,0.9162907318741551,0.46089
12015,HLA-A*32:07,esm2_joint,locus,0,1.0,13696,0.4054651081081644,0.56313074
12018,HLA-A*80:01,esm2_joint,locus,0,1.0,13696,0.33647223662121295,0.3130961
12020,HLA-A*02:10,esm2_joint,locus,0,1.0,13696,0.26236426446749106,0.3339122
12021,HLA-A*11:01,esm2_joint,locus,0,1.0,13696,0.6418538861723948,0.66520274
12024,HLA-A*11:01,esm2_joint,locus,0,1.0,13696,0.26236426446749106,0.8530072
12025,HLA-A*74:01,esm2_joint,locus,0,1.0,13696,0.0,0.71099985
12030,HLA-A*02:03,esm2_joint,locus,0,1.0,13696,2.0149030205422647,0.5674164
12031,HLA-A*11:01,esm2_joint,locus,0,1.0,13696,0.4700036292457355,0.1970784
12034,HLA-A*23:01,esm2_joint,locus,0,1.0,13696,3.126760535960395,0.4095928
12037,HLA-A*68:01,esm2_joint,locus,0,1.0,13696,0.9162907318741551,0.26961362
12043,HLA-A*24:07,esm2_joint,locus,0,1.0,13696,1.5260563034950494,0.6301515
12048,HLA-A*33:03,esm2_joint,locus,0,1.0,13696,0.0,0.84330297
12049,HLA-A*68:01,esm2_joint,locus,0,1.0,13696,2.2512917986064953,0.5834398
12054,HLA-A*25:01,esm2_joint,locus,0,1.0,13696,0.26236426446749106,0.44325525
12055,HLA-A*02:11,esm2_joint,locus,0,1.0,13696,2.4595888418037104,0.3048824
12060,HLA-A*30:02,esm2_joint,locus,0,1.0,13696,0.18232155679395465,0.48251903
12063,HLA-A*02:12,esm2_joint,locus,0,1.0,13696,3.3603753871419,0.54535204
12064,HLA-A*02:19,esm2_joint,locus,0,1.0,13696,1.1939224684724346,0.4451245
12065,HLA-A*03:01,esm2_joint,locus,0,1.0,13696,0.6931471805599453,0.63098407
12068,HLA-A*24:02,esm2_joint,locus,0,1.0,13696,0.4700036292457355,0.33804733
12069,HLA-A*02:11,esm2_joint,locus,0,1.0,13696,3.086486636822455,0.64611554
12073,HLA-A*30:01,esm2_joint,locus,0,1.0,13696,0.0,0.5315073
12074,HLA-A*68:01,esm2_joint,locus,0,1.0,13696,1.252762968495368,0.7375396
12075,HLA-A*68:01,esm2_joint,locus,0,1.0,13696,1.1314021114911006,0.5544527
12078,HLA-A*02:12,esm2_joint,locus,0,1.0,13696,2.7212954278522306,0.34124672
12079,HLA-A*68:01,esm2_joint,locus,0,1.0,13696,0.0,0.8140675
12082,HLA-A*03:01,esm2_joint,locus,0,1.0,13696,0.5306282510621704,1.4453818
12083,HLA-A*02:10,esm2_joint,locus,0,1.0,13696,2.995732273553991,0.5478716
12087,HLA-A*30:02,esm2_joint,locus,0,1.0,13696,0.09531017980432487,1.204281
12089,HLA-A*74:01,esm2_joint,locus,0,1.0,13696,5.271973391208435,1.1138078
12090,HLA-A*74:01,esm2_joint,locus,0,1.0,13696,0.0,0.7633618
12092,HLA-A*26:02,esm2_joint,locus,0,1.0,13696,0.18232155679395465,0.56387264
12093,HLA-A*68:23,esm2_joint,locus,0,1.0,13696,0.18232155679395465,0.64657044
12095,HLA-A*02:50,esm2_joint,locus,0,1.0,13696,3.3357695763397,0.69433665
12097,HLA-A*24:19,esm2_joint,locus,0,1.0,13696,0.09531017980432487,0.7255131
12099,HLA-A*31:01,esm2_joint,locus,0,1.0,13696,0.0,0.98149973
12101,HLA-A*02:11,esm2_joint,locus,0,1.0,13696,1.7227665977411035,0.3316955
12103,HLA-A*80:01,esm2_joint,locus,0,1.0,13696,0.0,0.93365633
12104,HLA-A*24:03,esm2_joint,locus,0,1.0,13696,3.269568939183719,0.66132283
12106,HLA-A*68:23,esm2_joint,locus,0,1.0,13696,0.26236426446749106,0.6997239
12107,HLA-A*66:01,esm2_joint,locus,0,1.0,13696,0.26236426446749106,0.7366713
12108,HLA-A*68:02,esm2_joint,locus,0,1.0,13696,0.7884573603642702,0.298536
12109,HLA-A*31:01,esm2_joint,locus,0,1.0,13696,1.9600947840472698,1.054298
12111,HLA-A*24:07,esm2_joint,locus,0,1.0,13696,1.0986122886681098,0.3030641
12112,HLA-A*66:01,esm2_joint,locus,0,1.0,13696,0.26236426446749106,0.8837965
12115,HLA-A*43:01,esm2_joint,locus,0,1.0,13696,0.18232155679395465,0.8522046
12116,HLA-A*30:02,esm2_joint,locus,0,1.0,13696,0.7419373447293773,1.0822312
12121,HLA-A*02:50,esm2_joint,locus,0,1.0,13696,2.517696472610991,0.5708449
12122,HLA-A*24:19,esm2_joint,locus,0,1.0,13696,0.0,0.8895813
12123,HLA-A*11:01,esm2_joint,locus,0,1.0,13696,0.6931471805599453,0.8523284
12124,HLA-A*11:01,esm2_joint,locus,0,1.0,13696,0.0,0.51508605
12130,HLA-A*32:07,esm2_joint,locus,0,1.0,13696,0.0,1.4283293
12133,HLA-A*29:02,esm2_joint,locus,0,1.0,13696,1.2237754316221157,1.0371895
12134,HLA-A*23:01,esm2_joint,locus,0,1.0,13696,0.7419373447293773,0.69822305
12135,HLA-A*24:19,esm2_joint,locus,0,1.0,13696,0.0,1.3234513
12140,HLA-A*30:02,esm2_joint,locus,0,1.0,13696,0.7419373447293773,0.5724317
12141,HLA-A*32:01,esm2_joint,locus,0,1.0,13696,3.4995332823830174,1.1163985
12146,HLA-A*68:02,esm2_joint,locus,0,1.0,13696,0.8754687373538999,0.80313915
12147,HLA-A*02:03,esm2_joint,locus,0,1.0,13696,0.9162907318741551,0.36549312
12148,HLA-A*26:03,esm2_joint,locus,0,1.0,13696,0.0,0.15421814
12150,HLA-A*01:01,esm2_joint,locus,0,1.0,13696,0.2776317365982795,0.9261064
12153,HLA-A*02:50,esm2_joint,locus,0,1.0,13696,2.8735646395797834,0.54673666
12161,HLA-A*32:07,esm2_joint,locus,0,1.0,13696,0.8754687373538999,1.1012154
12162,HLA-A*24:07,esm2_joint,locus,0,1.0,13696,2.0918640616783932,0.61661696
12164,HLA-A*02:50,esm2_joint,locus,0,1.0,13696,3.077312260546414,0.5777721
12165,HLA-A*74:01,esm2_joint,locus,0,1.0,13696,1.1631508098056809,0.529837
12166,HLA-A*29:02,esm2_joint,locus,0,1.0,13696,2.0412203288596382,0.98485714
12167,HLA-A*29:02,esm2_joint,locus,0,1.0,13696,0.832909122935104,0.79646826
12168,HLA-A*30:02,esm2_joint,locus,0,1.0,13696,0.0,0.5426096
12172,HLA-A*30:02,esm2_joint,locus,0,1.0,13696,0.09531017980432487,0.9423753
12174,HLA-A*25:01,esm2_joint,locus,0,1.0,13696,0.33647223662121295,0.67817384
12177,HLA-A*11:01,esm2_joint,locus,0,1.0,13696,3.9815490680767565,0.7917944
12181,HLA-A*26:02,esm2_joint,locus,0,1.0,13696,0.8754687373538999,0.45160097
12184,HLA-A*74:01,esm2_joint,locus,0,1.0,13696,1.8562979903656263,1.7212107
12188,HLA-A*24:19,esm2_joint,locus,0,1.0,13696,0.18232155679395465,0.37695616
12192,HLA-A*24:02,esm2_joint,locus,0,1.0,13696,1.9021075263969205,0.70324326
12193,HLA-A*02:10,esm2_joint,locus,0,1.0,13696,0.33647223662121295,0.4292876
12195,HLA-A*24:07,esm2_joint,locus,0,1.0,13696,0.4054651081081644,0.9895861
12196,HLA-A*02:12,esm2_joint,locus,0,1.0,13696,0.5306282510621704,0.43630898
12197,HLA-A*02:19,esm2_joint,locus,0,1.0,13696,1.9600947840472698,0.55832386
12200,HLA-A*24:03,esm2_joint,locus,0,1.0,13696,1.5260563034950494,0.5444913
12207,HLA-A*26:03,esm2_joint,locus,0,1.0,13696,1.8870696490323797,0.505093
12213,HLA-A*24:03,esm2_joint,locus,0,1.0,13696,0.4700036292457355,0.6223032
12214,HLA-A*24:03,esm2_joint,locus,0,1.0,13696,0.26236426446749106,0.33007878
12217,HLA-A*33:03,esm2_joint,locus,0,1.0,13696,0.0,1.0878419
12220,HLA-A*26:03,esm2_joint,locus,0,1.0,13696,0.8754687373538999,-0.123441875
12222,HLA-A*74:01,esm2_joint,locus,0,1.0,13696,0.18232155679395465,0.32179815
12227,HLA-A*68:23,esm2_joint,locus,0,1.0,13696,0.832909122935104,0.7871862
12230,HLA-A*68:01,esm2_joint,locus,0,1.0,13696,0.0,0.9934165
12233,HLA-A*32:07,esm2_joint,locus,0,1.0,13696,0.0,0.5848807
12235,HLA-A*02:03,esm2_joint,locus,0,1.0,13696,3.6216707044204863,0.9510109
12236,HLA-A*02:19,esm2_joint,locus,0,1.0,13696,0.5306282510621704,0.7158401
12237,HLA-A*68:01,esm2_joint,locus,0,1.0,13696,0.0,1.0844277
12241,HLA-A*26:02,esm2_joint,locus,0,1.0,13696,1.791759469228055,0.33653468
12245,HLA-A*24:19,esm2_joint,locus,0,1.0,13696,0.0,0.9801527
12246,HLA-A*26:03,esm2_joint,locus,0,1.0,13696,0.0,0.6140566
12247,HLA-A*24:02,esm2_joint,locus,0,1.0,13696,0.9162907318741551,0.7941469
12248,HLA-A*02:03,esm2_joint,locus,0,1.0,13696,3.1484533605716547,0.20082939
12249,HLA-A*01:01,esm2_joint,locus,0,1.0,13696,0.18232155679395465,0.90077543
12250,HLA-A*02:12,esm2_joint,locus,0,1.0,13696,1.2237754316221157,0.52759635
12255,HLA-A*25:01,esm2_joint,locus,0,1.0,13696,0.26236426446749106,0.51807606
12256,HLA-A*24:02,esm2_joint,locus,0,1.0,13696,0.33647223662121295,0.1377973
12257,HLA-A*33:03,esm2_joint,locus,0,1.0,13696,2.0541237336955462,0.49990875
12259,HLA-A*30:02,esm2_joint,locus,0,1.0,13696,2.0412203288596382,0.41678673
12260,HLA-A*02:10,esm2_joint,locus,0,1.0,13696,0.33647223662121295,0.23692292
12261,HLA-A*02:50,esm2_joint,locus,0,1.0,13696,1.4586150226995167,0.42105323
12262,HLA-A*68:01,esm2_joint,locus,0,1.0,13696,0.5306282510621704,0.5560106
12267,HLA-A*68:01,esm2_joint,locus,0,1.0,13696,0.0,0.41644108
12268,HLA-A*02:16,esm2_joint,locus,0,1.0,13696,2.766319109226186,0.21141034
12269,HLA-A*02:19,esm2_joint,locus,0,1.0,13696,2.151762203259462,0.3447225
12272,HLA-A*25:01,esm2_joint,locus,0,1.0,13696,0.0,0.5724665
12275,HLA-A*02:12,esm2_joint,locus,0,1.0,13696,0.9162907318741551,0.2141183
12276,HLA-A*02:50,esm2_joint,locus,0,1.0,13696,2.517696472610991,0.383155
12277,HLA-A*33:03,esm2_joint,locus,0,1.0,13696,2.624668592163159,0.9163552
12278,HLA-A*02:01,esm2_joint,locus,0,1.0,13696,1.5260563034950494,0.899829
12279,HLA-A*02:10,esm2_joint,locus,0,1.0,13696,2.312535423847214,0.27313542
12280,HLA-A*02:19,esm2_joint,locus,0,1.0,13696,1.9459101490553132,0.3602721
12282,HLA-A*31:01,esm2_joint,locus,0,1.0,13696,0.0,0.6335972
12283,HLA-A*68:01,esm2_joint,locus,0,1.0,13696,2.5494451709255714,0.268031
12287,HLA-A*32:07,esm2_joint,locus,0,1.0,13696,0.4700036292457355,0.5434575
12289,HLA-A*26:03,esm2_joint,locus,0,1.0,13696,1.1939224684724346,0.062107146
12290,HLA-A*02:50,esm2_joint,locus,0,1.0,13696,3.1179499062782403,0.29476357
12294,HLA-A*23:01,esm2_joint,locus,0,1.0,13696,2.827313621929028,0.11527187
12298,HLA-A*24:07,esm2_joint,locus,0,1.0,13696,0.5306282510621704,0.7522336
12301,HLA-A*02:03,esm2_joint,locus,0,1.0,13696,3.7864597824528,0.13351077
12303,HLA-A*29:02,esm2_joint,locus,0,1.0,13696,0.09531017980432487,1.5702035
12306,HLA-A*02:10,esm2_joint,locus,0,1.0,13696,2.174751721484161,0.40021795
12307,HLA-A*02:12,esm2_joint,locus,0,1.0,13696,3.4719664525503626,0.4732275
12308,HLA-A*74:01,esm2_joint,locus,0,1.0,13696,1.547562508716013,1.1676596
12311,HLA-A*43:01,esm2_joint,locus,0,1.0,13696,0.4054651081081644,0.95672953
12314,HLA-A*02:03,esm2_joint,locus,0,1.0,13696,0.33647223662121295,0.54929954
12315,HLA-A*02:10,esm2_joint,locus,0,1.0,13696,0.9555114450274363,0.3008579
12317,HLA-A*24:07,esm2_joint,locus,0,1.0,13696,0.5306282510621704,1.2720085
12318,HLA-A*25:01,esm2_joint,locus,0,1.0,13696,0.832909122935104,0.7499662
12319,HLA-A*26:02,esm2_joint,locus,0,1.0,13696,1.7047480922384253,0.79380375
12321,HLA-A*30:01,esm2_joint,locus,0,1.0,13696,3.0633909220278057,1.0683244
12322,HLA-A*33:03,esm2_joint,locus,0,1.0,13696,2.312535423847214,0.888243
12324,HLA-A*26:03,esm2_joint,locus,0,1.0,13696,0.7884573603642702,0.46863753
12326,HLA-A*02:01,esm2_joint,locus,0,1.0,13696,2.5257286443082556,0.05041355
12329,HLA-A*24:07,esm2_joint,locus,0,1.0,13696,3.0301337002713233,0.73898417
12331,HLA-A*11:01,esm2_joint,locus,0,1.0,13696,0.4054651081081644,0.67730784
12333,HLA-A*43:01,esm2_joint,locus,0,1.0,13696,0.09531017980432487,0.9316799
12335,HLA-A*26:02,esm2_joint,locus,0,1.0,13696,0.4054651081081644,0.7139892
12337,HLA-A*02:10,esm2_joint,locus,0,1.0,13696,0.4700036292457355,0.093859494
12338,HLA-A*02:19,esm2_joint,locus,0,1.0,13696,3.711130063048756,0.23295921
12339,HLA-A*24:19,esm2_joint,locus,0,1.0,13696,0.26236426446749106,0.7817286
12342,HLA-A*32:07,esm2_joint,locus,0,1.0,13696,0.0,0.16308701
12343,HLA-A*02:50,esm2_joint,locus,0,1.0,13696,0.6418538861723948,0.3836158
12344,HLA-A*02:19,esm2_joint,locus,0,1.0,13696,2.3978952727983707,0.35687453
12345,HLA-A*02:19,esm2_joint,locus,0,1.0,13696,3.5322256440685598,0.6913822
12346,HLA-A*30:01,esm2_joint,locus,0,1.0,13696,0.26236426446749106,0.44760126
12347,HLA-A*24:03,esm2_joint,locus,0,1.0,13696,0.4054651081081644,-0.23218817
12348,HLA-A*25:01,esm2_joint,locus,0,1.0,13696,0.4700036292457355,0.016205072
12349,HLA-A*66:01,esm2_joint,locus,0,1.0,13696,0.6418538861723948,0.7535293
12351,HLA-A*33:03,esm2_joint,locus,0,1.0,13696,0.33647223662121295,0.89671105
12358,HLA-A*11:01,esm2_joint,locus,0,1.0,13696,0.26236426446749106,0.04833877
12361,HLA-A*30:02,esm2_joint,locus,0,1.0,13696,0.0,0.6919751
12362,HLA-A*30:02,esm2_joint,locus,0,1.0,13696,0.26236426446749106,1.2111685
12363,HLA-A*26:03,esm2_joint,locus,0,1.0,13696,1.252762968495368,0.36272824
12364,HLA-A*69:01,esm2_joint,locus,0,1.0,13696,0.26236426446749106,0.6711997
12365,HLA-A*02:11,esm2_joint,locus,0,1.0,13696,1.9459101490553132,0.7335612
12366,HLA-A*02:16,esm2_joint,locus,0,1.0,13696,2.6100697927420065,-0.057144344
12369,HLA-A*02:12,esm2_joint,locus,0,1.0,13696,0.0,0.22316152
12370,HLA-A*30:01,esm2_joint,locus,0,1.0,13696,0.0,0.39097685
12371,HLA-A*68:01,esm2_joint,locus,0,1.0,13696,0.9555114450274363,0.5905125
12372,HLA-A*03:01,esm2_joint,locus,0,1.0,13696,3.242592351485517,1.3127193
12375,HLA-A*11:01,esm2_joint,locus,0,1.0,13696,2.7343675094195836,0.75152516
12378,HLA-A*25:01,esm2_joint,locus,0,1.0,13696,0.33647223662121295,0.43888795
12379,HLA-A*68:23,esm2_joint,locus,0,1.0,13696,0.18232155679395465,0.39656395
12381,HLA-A*24:02,esm2_joint,locus,0,1.0,13696,0.9932517730102833,1.5363824
12382,HLA-A*80:01,esm2_joint,locus,0,1.0,13696,0.09531017980432487,0.8452327
12383,HLA-A*23:01,esm2_joint,locus,0,1.0,13696,0.26236426446749106,0.8508259
12385,HLA-A*24:02,esm2_joint,locus,0,1.0,13696,0.26236426446749106,0.1316874
12389,HLA-A*24:07,esm2_joint,locus,0,1.0,13696,1.4350845252893227,0.2550884
12390,HLA-A*02:01,esm2_joint,locus,0,1.0,13696,1.8082887711792655,0.1556645
12391,HLA-A*68:23,esm2_joint,locus,0,1.0,13696,0.18232155679395465,0.7194843
12394,HLA-A*31:01,esm2_joint,locus,0,1.0,13696,0.5306282510621704,0.91116774
12395,HLA-A*29:02,esm2_joint,locus,0,1.0,13696,1.5040773967762742,0.911031
12398,HLA-A*02:12,esm2_joint,locus,0,1.0,13696,1.33500106673234,0.45413572
12399,HLA-A*24:07,esm2_joint,locus,0,1.0,13696,0.9555114450274363,0.20690578
12401,HLA-A*02:16,esm2_joint,locus,0,1.0,13696,2.1400661634962708,0.57481986
12409,HLA-A*29:02,esm2_joint,locus,0,1.0,13696,0.9555114450274363,1.0633013
12415,HLA-A*43:01,esm2_joint,locus,0,1.0,13696,0.9162907318741551,0.22168344
12416,HLA-A*80:01,esm2_joint,locus,0,1.0,13696,0.4054651081081644,1.0428317
12417,HLA-A*24:19,esm2_joint,locus,0,1.0,13696,0.4054651081081644,0.65981877
12419,HLA-A*23:01,esm2_joint,locus,0,1.0,13696,0.26236426446749106,0.5014762
12422,HLA-A*23:01,esm2_joint,locus,0,1.0,13696,3.6988297849671046,0.8461767
12424,HLA-A*24:19,esm2_joint,locus,0,1.0,13696,0.0,1.2879058
12429,HLA-A*24:02,esm2_joint,locus,0,1.0,13696,0.4252677354043441,0.2685719
12434,HLA-A*24:07,esm2_joint,locus,0,1.0,13696,0.5306282510621704,1.0530028
12436,HLA-A*02:10,esm2_joint,locus,0,1.0,13696,1.1631508098056809,0.48940384
12437,HLA-A*43:01,esm2_joint,locus,0,1.0,13696,0.4054651081081644,1.1714349
12442,HLA-A*02:03,esm2_joint,locus,0,1.0,13696,3.2228678461377385,0.20636123
12443,HLA-A*74:01,esm2_joint,locus,0,1.0,13696,0.0,0.59653455
12447,HLA-A*02:19,esm2_joint,locus,0,1.0,13696,1.7227665977411035,0.75867224
12448,HLA-A*68:01,esm2_joint,locus,0,1.0,13696,2.5416019934645457,0.77893525
12452,HLA-A*24:19,esm2_joint,locus,0,1.0,13696,0.6931471805599453,0.1368801
12457,HLA-A*33:03,esm2_joint,locus,0,1.0,13696,0.0,0.66281664
12465,HLA-A*02:11,esm2_joint,locus,0,1.0,13696,0.6931471805599453,0.41535133
12466,HLA-A*31:01,esm2_joint,locus,0,1.0,13696,2.2823823856765264,1.0646915
12471,HLA-A*66:01,esm2_joint,locus,0,1.0,13696,0.0,1.0975995
12473,HLA-A*80:01,esm2_joint,locus,0,1.0,13696,0.0,0.46460557
12476,HLA-A*24:19,esm2_joint,locus,0,1.0,13696,1.8082887711792655,0.7687148
12477,HLA-A*24:02,esm2_joint,locus,0,1.0,13696,0.33647223662121295,0.7123014
12479,HLA-A*32:07,esm2_joint,locus,0,1.0,13696,1.0647107369924282,1.2642168
12484,HLA-A*74:01,esm2_joint,locus,0,1.0,13696,0.5306282510621704,1.6371961
12488,HLA-A*03:01,esm2_joint,locus,0,1.0,13696,1.2237754316221157,1.0782809
12489,HLA-A*02:19,esm2_joint,locus,0,1.0,13696,2.501435951739211,1.0705478
12490,HLA-A*02:19,esm2_joint,locus,0,1.0,13696,1.3862943611198906,0.62698734
12491,HLA-A*68:01,esm2_joint,locus,0,1.0,13696,0.0,0.3753373
12496,HLA-A*23:01,esm2_joint,locus,0,1.0,13696,0.6418538861723948,0.38675386
12497,HLA-A*32:07,esm2_joint,locus,0,1.0,13696,0.0,0.5451267
12499,HLA-A*26:03,esm2_joint,locus,0,1.0,13696,0.0,0.3178547
12502,HLA-A*25:01,esm2_joint,locus,0,1.0,13696,0.832909122935104,0.44981456
12504,HLA-A*24:02,esm2_joint,locus,0,1.0,13696,2.5726122302071057,1.0921675
12505,HLA-A*02:11,esm2_joint,locus,0,1.0,13696,3.353406717825807,0.9670068
12506,HLA-A*02:50,esm2_joint,locus,0,1.0,13696,2.884800712846709,0.7249436
12512,HLA-A*31:01,esm2_joint,locus,0,1.0,13696,0.18232155679395465,0.62431383
12513,HLA-A*74:01,esm2_joint,locus,0,1.0,13696,3.517497837358316,0.6224972
12514,HLA-A*26:03,esm2_joint,locus,0,1.0,13696,0.0,0.23655069
12515,HLA-A*02:10,esm2_joint,locus,0,1.0,13696,0.5306282510621704,0.34500265
12516,HLA-A*30:01,esm2_joint,locus,0,1.0,13696,0.6418538861723948,0.6256174
12517,HLA-A*31:01,esm2_joint,locus,0,1.0,13696,0.7419373447293773,1.3024778
12520,HLA-A*24:02,esm2_joint,locus,0,1.0,13696,3.2386784521643803,0.6468091
12521,HLA-A*02:19,esm2_joint,locus,0,1.0,13696,0.33647223662121295,0.20159692
12522,HLA-A*30:01,esm2_joint,locus,0,1.0,13696,0.26236426446749106,0.6178885
12524,HLA-A*32:07,esm2_joint,locus,0,1.0,13696,0.0,0.6043526
12526,HLA-A*43:01,esm2_joint,locus,0,1.0,13696,0.6931471805599453,1.0242251
12533,HLA-A*02:12,esm2_joint,locus,0,1.0,13696,3.4657359027997265,0.5600173
12534,HLA-A*02:19,esm2_joint,locus,0,1.0,13696,1.2809338454620642,0.8210768
12536,HLA-A*25:01,esm2_joint,locus,0,1.0,13696,0.0,0.4994421
12537,HLA-A*24:02,esm2_joint,locus,0,1.0,13696,0.4700036292457355,0.65752816
12539,HLA-A*02:12,esm2_joint,locus,0,1.0,13696,3.3603753871419,0.4893782
12540,HLA-A*02:50,esm2_joint,locus,0,1.0,13696,2.9391619220655967,0.15524942
12541,HLA-A*30:01,esm2_joint,locus,0,1.0,13696,1.252762968495368,0.5999179
12542,HLA-A*33:03,esm2_joint,locus,0,1.0,13696,0.0,1.4042437
12549,HLA-A*33:03,esm2_joint,locus,0,1.0,13696,0.0,1.5854766
12551,HLA-A*66:01,esm2_joint,locus,0,1.0,13696,1.2237754316221157,0.49211723
12554,HLA-A*30:02,esm2_joint,locus,0,1.0,13696,1.33500106673234,0.8428225
12556,HLA-A*30:01,esm2_joint,locus,0,1.0,13696,0.33647223662121295,0.07971269
12560,HLA-A*43:01,esm2_joint,locus,0,1.0,13696,0.0,0.3747424
12561,HLA-A*68:23,esm2_joint,locus,0,1.0,13696,0.26236426446749106,0.49581397
12563,HLA-A*02:12,esm2_joint,locus,0,1.0,13696,3.095577608523707,0.6878381
12564,HLA-A*02:16,esm2_joint,locus,0,1.0,13696,1.8870696490323797,0.5810679
12566,HLA-A*68:23,esm2_joint,locus,0,1.0,13696,0.18232155679395465,0.6970404
12567,HLA-A*02:11,esm2_joint,locus,0,1.0,13696,3.339321977944068,0.5275029
12568,HLA-A*03:01,esm2_joint,locus,0,1.0,13696,0.9555114450274363,0.55833185
12569,HLA-A*43:01,esm2_joint,locus,0,1.0,13696,0.26236426446749106,1.1492074
12570,HLA-A*43:01,esm2_joint,locus,0,1.0,13696,2.5649493574615367,0.93861
12571,HLA-A*43:01,esm2_joint,locus,0,1.0,13696,0.26236426446749106,0.7751634
12573,HLA-A*68:23,esm2_joint,locus,0,1.0,13696,0.18232155679395465,1.1259441
12574,HLA-A*66:01,esm2_joint,locus,0,1.0,13696,1.589235205116581,0.64388394
12576,HLA-A*02:01,esm2_joint,locus,0,1.0,13696,2.1162555148025524,0.06775409
12581,HLA-A*02:16,esm2_joint,locus,0,1.0,13696,3.1654750481410856,0.48404998
12584,HLA-A*02:05,esm2_joint,locus,0,1.0,13696,0.4700036292457355,0.6253685
12585,HLA-A*30:01,esm2_joint,locus,0,1.0,13696,0.5877866649021191,0.8989264
12588,HLA-A*24:19,esm2_joint,locus,0,1.0,13696,0.18232155679395465,0.34329563
12591,HLA-A*24:07,esm2_joint,locus,0,1.0,13696,0.09531017980432487,0.4622019
12592,HLA-A*68:23,esm2_joint,locus,0,1.0,13696,0.09531017980432487,0.59745
12595,HLA-A*02:19,esm2_joint,locus,0,1.0,13696,3.1135153092103742,0.8951122
12599,HLA-A*24:02,esm2_joint,locus,0,1.0,13696,0.26236426446749106,0.8151925
12600,HLA-A*68:01,esm2_joint,locus,0,1.0,13696,3.3032169733019514,0.6892177
12604,HLA-A*02:19,esm2_joint,locus,0,1.0,13696,0.8754687373538999,0.41865915
12607,HLA-A*80:01,esm2_joint,locus,0,1.0,13696,0.33647223662121295,0.4984268
12610,HLA-A*68:23,esm2_joint,locus,0,1.0,13696,0.4054651081081644,1.1629333
12613,HLA-A*02:10,esm2_joint,locus,0,1.0,13696,1.2237754316221157,0.4695012
12616,HLA-A*29:02,esm2_joint,locus,0,1.0,13696,0.26236426446749106,0.6979688
12617,HLA-A*24:03,esm2_joint,locus,0,1.0,13696,2.747270914255491,0.9473228
12618,HLA-A*25:01,esm2_joint,locus,0,1.0,13696,0.9162907318741551,0.3711053
12620,HLA-A*32:07,esm2_joint,locus,0,1.0,13696,0.0,0.69097173
12621,HLA-A*32:07,esm2_joint,locus,0,1.0,13696,0.7419373447293773,1.060801
12622,HLA-A*66:01,esm2_joint,locus,0,1.0,13696,0.18232155679395465,0.61329556
12624,HLA-A*30:01,esm2_joint,locus,0,1.0,13696,2.7788192719904172,0.81915224
12625,HLA-A*80:01,esm2_joint,locus,0,1.0,13696,0.0,0.6463717
12626,HLA-A*80:01,esm2_joint,locus,0,1.0,13696,0.18232155679395465,1.2334299
12627,HLA-A*68:23,esm2_joint,locus,0,1.0,13696,0.0,0.6330178
12628,HLA-A*02:10,esm2_joint,locus,0,1.0,13696,3.5779478934066544,-0.35256428
12630,HLA-A*32:07,esm2_joint,locus,0,1.0,13696,0.0,1.0084037
12632,HLA-A*02:10,esm2_joint,locus,0,1.0,13696,0.33647223662121295,0.50426507
12633,HLA-A*03:01,esm2_joint,locus,0,1.0,13696,1.0296194171811583,1.2688391
12638,HLA-A*30:02,esm2_joint,locus,0,1.0,13696,0.4054651081081644,0.8513478
12640,HLA-A*25:01,esm2_joint,locus,0,1.0,13696,1.2809338454620642,0.48006135
12641,HLA-A*24:02,esm2_joint,locus,0,1.0,13696,1.4350845252893227,1.1263118
12642,HLA-A*02:12,esm2_joint,locus,0,1.0,13696,2.4336133554004498,0.801712
12650,HLA-A*26:03,esm2_joint,locus,0,1.0,13696,2.791165107812717,0.51176214
12652,HLA-A*74:01,esm2_joint,locus,0,1.0,13696,1.6094379124341003,0.7600713
12657,HLA-A*29:02,esm2_joint,locus,0,1.0,13696,3.459466289786131,0.9556037
12658,HLA-A*80:01,esm2_joint,locus,0,1.0,13696,0.0,1.0671442
12660,HLA-A*26:02,esm2_joint,locus,0,1.0,13696,1.308332819650179,0.6553638
12663,HLA-A*02:12,esm2_joint,locus,0,1.0,13696,1.8870696490323797,0.53953934
12667,HLA-A*24:19,esm2_joint,locus,0,1.0,13696,0.09531017980432487,0.52090526
12668,HLA-A*02:16,esm2_joint,locus,0,1.0,13696,2.7343675094195836,0.18208438
12669,HLA-A*24:07,esm2_joint,locus,0,1.0,13696,2.272125885509337,1.2838249
12673,HLA-A*24:03,esm2_joint,locus,0,1.0,13696,0.4700036292457355,0.4330744
12674,HLA-A*24:07,esm2_joint,locus,0,1.0,13696,0.26236426446749106,0.19651574
12675,HLA-A*26:02,esm2_joint,locus,0,1.0,13696,2.928523523860541,0.35914677
12678,HLA-A*02:19,esm2_joint,locus,0,1.0,13696,0.18232155679395465,0.34004158
12680,HLA-A*29:02,esm2_joint,locus,0,1.0,13696,2.2082744135228043,0.93547523
12681,HLA-A*02:01,esm2_joint,locus,0,1.0,13696,3.3775875160230218,0.29221183
12682,HLA-A*66:01,esm2_joint,locus,0,1.0,13696,0.4382549309311553,0.87882704
12683,HLA-A*68:01,esm2_joint,locus,0,1.0,13696,0.7419373447293773,0.7339097
12687,HLA-A*29:02,esm2_joint,locus,0,1.0,13696,3.0106208860477417,0.9753443
12688,HLA-A*02:19,esm2_joint,locus,0,1.0,13696,3.0726933146901194,0.38984072
12689,HLA-A*31:01,esm2_joint,locus,0,1.0,13696,2.1162555148025524,1.478707
12693,HLA-A*33:03,esm2_joint,locus,0,1.0,13696,1.33500106673234,1.1932005
12695,HLA-A*24:07,esm2_joint,locus,0,1.0,13696,0.4700036292457355,1.0813694
12696,HLA-A*68:01,esm2_joint,locus,0,1.0,13696,0.18232155679395465,0.4464112
12698,HLA-A*26:02,esm2_joint,locus,0,1.0,13696,1.1314021114911006,0.82568413
12699,HLA-A*26:03,esm2_joint,locus,0,1.0,13696,0.0,0.03287226
12700,HLA-A*02:11,esm2_joint,locus,0,1.0,13696,1.5040773967762742,0.38446796
12701,HLA-A*68:01,esm2_joint,locus,0,1.0,13696,0.0,0.94739676
12702,HLA-A*11:01,esm2_joint,locus,0,1.0,13696,3.242592351485517,0.3687544
12706,HLA-A*24:03,esm2_joint,locus,0,1.0,13696,1.308332819650179,-0.0035763383
12708,HLA-A*74:01,esm2_joint,locus,0,1.0,13696,0.5306282510621704,1.1610752
12709,HLA-A*03:01,esm2_joint,locus,0,1.0,13696,3.6938669956249757,1.4020656
12711,HLA-A*02:03,esm2_joint,locus,0,1.0,13696,2.617395832834079,0.47674668
12712,HLA-A*74:01,esm2_joint,locus,0,1.0,13696,3.1612467120315646,0.7551578
12715,HLA-A*24:03,esm2_joint,locus,0,1.0,13696,0.18232155679395465,0.16300577
12718,HLA-A*02:03,esm2_joint,locus,0,1.0,13696,0.5877866649021191,0.40219086
12719,HLA-A*02:16,esm2_joint,locus,0,1.0,13696,0.9162907318741551,0.19489747
12723,HLA-A*68:23,esm2_joint,locus,0,1.0,13696,0.4054651081081644,0.35836744
12727,HLA-A*26:02,esm2_joint,locus,0,1.0,13696,0.5306282510621704,0.37639248
12729,HLA-A*02:50,esm2_joint,locus,0,1.0,13696,2.884800712846709,0.53708655
12730,HLA-A*74:01,esm2_joint,locus,0,1.0,13696,0.0,0.95316464
12734,HLA-A*24:07,esm2_joint,locus,0,1.0,13696,3.039749158970765,1.1481743
12735,HLA-A*26:03,esm2_joint,locus,0,1.0,13696,0.0,0.8633872
12736,HLA-A*68:01,esm2_joint,locus,0,1.0,13696,2.7536607123542622,0.9653438
12737,HLA-A*03:01,esm2_joint,locus,0,1.0,13696,1.6094379124341003,1.423985
12738,HLA-A*66:01,esm2_joint,locus,0,1.0,13696,3.5751506887855933,0.40073895
12739,HLA-A*68:02,esm2_joint,locus,0,1.0,13696,1.7404661748405046,0.7399578
12740,HLA-A*02:12,esm2_joint,locus,0,1.0,13696,1.33500106673234,0.0047048926
12742,HLA-A*24:07,esm2_joint,locus,0,1.0,13696,0.9932517730102833,0.6397977
12743,HLA-A*66:01,esm2_joint,locus,0,1.0,13696,0.18232155679395465,0.5590587
12744,HLA-A*26:03,esm2_joint,locus,0,1.0,13696,2.928523523860541,0.5346261
12745,HLA-A*23:01,esm2_joint,locus,0,1.0,13696,0.33647223662121295,0.082100034
12746,HLA-A*74:01,esm2_joint,locus,0,1.0,13696,2.0794415416798357,1.0174153
12748,HLA-A*66:01,esm2_joint,locus,0,1.0,13696,0.09531017980432487,0.77769494
12749,HLA-A*66:01,esm2_joint,locus,0,1.0,13696,0.0,0.6112329
12751,HLA-A*68:01,esm2_joint,locus,0,1.0,13696,1.252762968495368,0.668762
12753,HLA-A*23:01,esm2_joint,locus,0,1.0,13696,1.8082887711792655,0.770787
12756,HLA-A*02:16,esm2_joint,locus,0,1.0,13696,2.151762203259462,0.14641827
12760,HLA-A*24:19,esm2_joint,locus,0,1.0,13696,0.33647223662121295,0.96891344
12761,HLA-A*26:03,esm2_joint,locus,0,1.0,13696,3.586292865338835,0.31532234
12763,HLA-A*02:11,esm2_joint,locus,0,1.0,13696,0.8754687373538999,0.05405909
12765,HLA-A*43:01,esm2_joint,locus,0,1.0,13696,3.708682081410116,0.53873813
12768,HLA-A*29:02,esm2_joint,locus,0,1.0,13696,2.5649493574615367,0.96851176
12771,HLA-A*31:01,esm2_joint,locus,0,1.0,13696,0.33647223662121295,0.6686033
12780,HLA-A*30:02,esm2_joint,locus,0,1.0,13696,0.26236426446749106,0.4090414
12781,HLA-A*23:01,esm2_joint,locus,0,1.0,13696,0.33647223662121295,0.42264366
12782,HLA-A*33:03,esm2_joint,locus,0,1.0,13696,0.5306282510621704,0.6099779
12785,HLA-A*68:23,esm2_joint,locus,0,1.0,13696,0.7884573603642702,0.4451639
12786,HLA-A*33:03,esm2_joint,locus,0,1.0,13696,0.0,1.1482934
12787,HLA-A*24:02,esm2_joint,locus,0,1.0,13696,1.0986122886681098,0.09590465
12790,HLA-A*02:12,esm2_joint,locus,0,1.0,13696,3.5115454388310208,0.24088669
12791,HLA-A*11:01,esm2_joint,locus,0,1.0,13696,0.0,0.5730655
12793,HLA-A*23:01,esm2_joint,locus,0,1.0,13696,0.18232155679395465,-0.26097876
12799,HLA-A*32:07,esm2_joint,locus,0,1.0,13696,0.0,0.18696922
12801,HLA-A*66:01,esm2_joint,locus,0,1.0,13696,0.26236426446749106,0.66662204
12802,HLA-A*02:03,esm2_joint,locus,0,1.0,13696,0.0,0.22235477
12803,HLA-A*02:01,esm2_joint,locus,0,1.0,13696,2.151762203259462,0.25477552
12806,HLA-A*23:01,esm2_joint,locus,0,1.0,13696,3.342861804649192,0.7577427
12807,HLA-A*32:07,esm2_joint,locus,0,1.0,13696,4.914858338702487,1.5366421
12808,HLA-A*32:07,esm2_joint,locus,0,1.0,13696,0.9555114450274363,0.68811136
12810,HLA-A*24:19,esm2_joint,locus,0,1.0,13696,0.4054651081081644,0.5383651
12816,HLA-A*66:01,esm2_joint,locus,0,1.0,13696,0.0,0.4838635
12817,HLA-A*26:03,esm2_joint,locus,0,1.0,13696,0.0,0.50666404
12820,HLA-A*68:01,esm2_joint,locus,0,1.0,13696,0.0,0.7700605
12821,HLA-A*11:01,esm2_joint,locus,0,1.0,13696,3.3178157727231046,0.8256122
12822,HLA-A*74:01,esm2_joint,locus,0,1.0,13696,1.308332819650179,1.0878651
12826,HLA-A*03:01,esm2_joint,locus,0,1.0,13696,0.18232155679395465,1.3679714
12836,HLA-A*02:50,esm2_joint,locus,0,1.0,13696,0.4700036292457355,0.3535822
12839,HLA-A*25:01,esm2_joint,locus,0,1.0,13696,0.26236426446749106,0.5841695
12840,HLA-A*66:01,esm2_joint,locus,0,1.0,13696,0.0,1.0742942
12841,HLA-A*02:03,esm2_joint,locus,0,1.0,13696,2.0541237336955462,-0.15438479
12842,HLA-A*02:16,esm2_joint,locus,0,1.0,13696,0.832909122935104,0.7345847
12843,HLA-A*68:01,esm2_joint,locus,0,1.0,13696,0.6418538861723948,0.8631139
12851,HLA-A*29:02,esm2_joint,locus,0,1.0,13696,1.0296194171811583,1.076122
12852,HLA-A*80:01,esm2_joint,locus,0,1.0,13696,0.18232155679395465,0.3028919
12853,HLA-A*24:03,esm2_joint,locus,0,1.0,13696,2.747270914255491,0.53870887
12856,HLA-A*32:07,esm2_joint,locus,0,1.0,13696,0.5306282510621704,0.96119595
12857,HLA-A*24:07,esm2_joint,locus,0,1.0,13696,0.26236426446749106,0.26153964
12861,HLA-A*02:19,esm2_joint,locus,0,1.0,13696,3.246490991901174,0.83149517
12862,HLA-A*33:03,esm2_joint,locus,0,1.0,13696,0.0,1.4485652
12864,HLA-A*74:01,esm2_joint,locus,0,1.0,13696,1.3609765531356006,0.48889425
12865,HLA-A*74:01,esm2_joint,locus,0,1.0,13696,1.7404661748405046,1.3195834
12868,HLA-A*80:01,esm2_joint,locus,0,1.0,13696,0.0,0.5072702
12869,HLA-A*33:03,esm2_joint,locus,0,1.0,13696,1.410986973710262,1.1389855
12875,HLA-A*23:01,esm2_joint,locus,0,1.0,13696,2.917770732084279,0.9113233
12877,HLA-A*24:02,esm2_joint,locus,0,1.0,13696,0.0,0.60685766
12878,HLA-A*02:50,esm2_joint,locus,0,1.0,13696,3.0252910757955354,0.2814294
12879,HLA-A*68:01,esm2_joint,locus,0,1.0,13696,1.7578579175523736,0.90278274
12881,HLA-A*66:01,esm2_joint,locus,0,1.0,13696,0.18232155679395465,0.5133077
12882,HLA-A*02:16,esm2_joint,locus,0,1.0,13696,3.258096538021482,0.62403214
12883,HLA-A*29:02,esm2_joint,locus,0,1.0,13696,1.7578579175523736,1.5650746
12887,HLA-A*68:23,esm2_joint,locus,0,1.0,13696,0.0,0.4590068
12888,HLA-A*66:01,esm2_joint,locus,0,1.0,13696,0.18232155679395465,0.9933741
12889,HLA-A*01:01,esm2_joint,locus,0,1.0,13696,2.6282852326333477,0.91533077
12890,HLA-A*74:01,esm2_joint,locus,0,1.0,13696,0.18232155679395465,0.07554823
12891,HLA-A*43:01,esm2_joint,locus,0,1.0,13696,0.4054651081081644,0.68373257
12892,HLA-A*80:01,esm2_joint,locus,0,1.0,13696,0.26236426446749106,0.4270047
12893,HLA-A*23:01,esm2_joint,locus,0,1.0,13696,3.1780538303479458,0.86556274
12895,HLA-A*24:19,esm2_joint,locus,0,1.0,13696,0.18232155679395465,0.44071245
12896,HLA-A*24:07,esm2_joint,locus,0,1.0,13696,0.33647223662121295,0.4131487
12897,HLA-A*66:01,esm2_joint,locus,0,1.0,13696,0.0,0.7712113
12899,HLA-A*02:16,esm2_joint,locus,0,1.0,13696,3.3568971227655755,0.29043257
12902,HLA-A*43:01,esm2_joint,locus,0,1.0,13696,0.0,0.98160017
12903,HLA-A*24:02,esm2_joint,locus,0,1.0,13696,0.4700036292457355,0.64441115
12904,HLA-A*02:01,esm2_joint,locus,0,1.0,13696,0.4700036292457355,0.37783313
12910,HLA-A*25:01,esm2_joint,locus,0,1.0,13696,0.0,1.0610842
12919,HLA-A*02:11,esm2_joint,locus,0,1.0,13696,2.322387720290225,0.52429366
12920,HLA-A*02:12,esm2_joint,locus,0,1.0,13696,2.9014215940827497,0.7069166
12924,HLA-A*24:19,esm2_joint,locus,0,1.0,13696,1.9459101490553132,0.8861895
12926,HLA-A*02:50,esm2_joint,locus,0,1.0,13696,3.6584202466292277,0.47101587
12931,HLA-A*43:01,esm2_joint,locus,0,1.0,13696,0.8754687373538999,1.0525538
12932,HLA-A*24:03,esm2_joint,locus,0,1.0,13696,0.4700036292457355,0.97927076
12933,HLA-A*02:50,esm2_joint,locus,0,1.0,13696,3.077312260546414,0.5793182
12936,HLA-A*24:07,esm2_joint,locus,0,1.0,13696,3.0155349008501706,0.68030417
12937,HLA-A*66:01,esm2_joint,locus,0,1.0,13696,0.0,0.7692996
12939,HLA-A*68:01,esm2_joint,locus,0,1.0,13696,0.0,1.0234758
12940,HLA-A*11:01,esm2_joint,locus,0,1.0,13696,3.6082115510464816,1.4653373
12944,HLA-A*30:01,esm2_joint,locus,0,1.0,13696,0.0,0.52817756
12948,HLA-A*30:01,esm2_joint,locus,0,1.0,13696,0.33647223662121295,1.0758305
12955,HLA-A*02:10,esm2_joint,locus,0,1.0,13696,0.832909122935104,0.3320983
12956,HLA-A*30:01,esm2_joint,locus,0,1.0,13696,0.0,0.6194825
12961,HLA-A*02:11,esm2_joint,locus,0,1.0,13696,0.9932517730102833,0.33266413
12962,HLA-A*30:01,esm2_joint,locus,0,1.0,13696,2.6100697927420065,0.5880333
12965,HLA-A*68:01,esm2_joint,locus,0,1.0,13696,0.5877866649021191,0.7932104
12970,HLA-A*23:01,esm2_joint,locus,0,1.0,13696,2.1041341542702074,1.0178046
12972,HLA-A*01:01,esm2_joint,locus,0,1.0,13696,1.2237754316221157,0.9621947
12974,HLA-A*03:01,esm2_joint,locus,0,1.0,13696,0.6931471805599453,1.4471264
12976,HLA-A*23:01,esm2_joint,locus,0,1.0,13696,0.33647223662121295,0.2259925
12977,HLA-A*24:07,esm2_joint,locus,0,1.0,13696,0.6931471805599453,0.77706826
12979,HLA-A*24:19,esm2_joint,locus,0,1.0,13696,0.0,0.41088104
12980,HLA-A*02:16,esm2_joint,locus,0,1.0,13696,3.3638415951183864,0.71429104
12981,HLA-A*33:03,esm2_joint,locus,0,1.0,13696,0.0,0.898165
12983,HLA-A*32:07,esm2_joint,locus,0,1.0,13696,0.5306282510621704,0.7560142
12985,HLA-A*24:19,esm2_joint,locus,0,1.0,13696,0.4054651081081644,1.3592038
12986,HLA-A*26:03,esm2_joint,locus,0,1.0,13696,0.9162907318741551,0.6047231
12988,HLA-A*02:11,esm2_joint,locus,0,1.0,13696,3.0349529867072724,0.96433467
12994,HLA-A*02:11,esm2_joint,locus,0,1.0,13696,0.7419373447293773,0.7040302
12995,HLA-A*24:03,esm2_joint,locus,0,1.0,13696,0.26236426446749106,0.92186683
12996,HLA-A*24:19,esm2_joint,locus,0,1.0,13696,0.4054651081081644,0.9557376
12997,HLA-A*66:01,esm2_joint,locus,0,1.0,13696,0.0,0.5314218
12998,HLA-A*26:03,esm2_joint,locus,0,1.0,13696,0.18232155679395465,0.69206005
13001,HLA-A*01:01,esm2_joint,locus,0,1.0,13696,0.3987761199573678,1.0183809
13002,HLA-A*02:03,esm2_joint,locus,0,1.0,13696,3.0492730404820207,0.7038754
13007,HLA-A*24:02,esm2_joint,locus,0,1.0,13696,1.5260563034950494,1.1402391
13011,HLA-A*68:01,esm2_joint,locus,0,1.0,13696,0.26236426446749106,0.9564318
13014,HLA-A*30:02,esm2_joint,locus,0,1.0,13696,0.18232155679395465,0.19722992
13015,HLA-A*32:07,esm2_joint,locus,0,1.0,13696,0.33647223662121295,0.6824478
13017,HLA-A*03:01,esm2_joint,locus,0,1.0,13696,0.26236426446749106,1.287072
13018,HLA-A*02:12,esm2_joint,locus,0,1.0,13696,2.72785282839839,0.27170086
13021,HLA-A*29:02,esm2_joint,locus,0,1.0,13696,0.8754687373538999,0.8707484
13022,HLA-A*31:01,esm2_joint,locus,0,1.0,13696,0.0,1.1737543
13023,HLA-A*68:01,esm2_joint,locus,0,1.0,13696,0.7419373447293773,0.7995132
13025,HLA-A*32:07,esm2_joint,locus,0,1.0,13696,0.0,0.72235143
13026,HLA-A*24:07,esm2_joint,locus,0,1.0,13696,0.6418538861723948,0.5527396
13029,HLA-A*24:02,esm2_joint,locus,0,1.0,13696,1.62924053973028,0.007150352
13030,HLA-A*02:03,esm2_joint,locus,0,1.0,13696,1.4586150226995167,0.32941103
13031,HLA-A*02:19,esm2_joint,locus,0,1.0,13696,0.0,0.6081072
13034,HLA-A*02:11,esm2_joint,locus,0,1.0,13696,0.8754687373538999,0.28285378
13037,HLA-A*24:02,esm2_joint,locus,0,1.0,13696,2.8678989020441064,1.6340687
13038,HLA-A*24:02,esm2_joint,locus,0,1.0,13696,0.26236426446749106,0.46190876
13040,HLA-A*11:01,esm2_joint,locus,0,1.0,13696,0.9162907318741551,0.68284076
13042,HLA-A*02:10,esm2_joint,locus,0,1.0,13696,3.597312260588446,0.21029294
13043,HLA-A*30:01,esm2_joint,locus,0,1.0,13696,0.0,0.29049218
13045,HLA-A*24:02,esm2_joint,locus,0,1.0,13696,2.6878474937846906,0.5200623
13046,HLA-A*02:10,esm2_joint,locus,0,1.0,13696,0.5306282510621704,0.44899893
13047,HLA-A*02:11,esm2_joint,locus,0,1.0,13696,1.3609765531356006,-0.11803633
13048,HLA-A*02:12,esm2_joint,locus,0,1.0,13696,0.33647223662121295,0.4159237
13049,HLA-A*30:02,esm2_joint,locus,0,1.0,13696,1.9600947840472698,0.69731927
13052,HLA-A*68:01,esm2_joint,locus,0,1.0,13696,0.33647223662121295,0.61063886
13054,HLA-A*43:01,esm2_joint,locus,0,1.0,13696,0.0,0.40167797
13055,HLA-A*30:02,esm2_joint,locus,0,1.0,13696,2.5726122302071057,0.70148855
13058,HLA-A*43:01,esm2_joint,locus,0,1.0,13696,0.9162907318741551,0.9754367
13063,HLA-A*30:01,esm2_joint,locus,0,1.0,13696,3.246490991901174,1.0519937
13066,HLA-A*32:07,esm2_joint,locus,0,1.0,13696,0.7419373447293773,0.7716791
13069,HLA-A*68:01,esm2_joint,locus,0,1.0,13696,0.0,0.59829605
13070,HLA-A*11:01,esm2_joint,locus,0,1.0,13696,2.2823823856765264,0.89968586
13082,HLA-A*26:03,esm2_joint,locus,0,1.0,13696,0.4054651081081644,0.32680863
13087,HLA-A*80:01,esm2_joint,locus,0,1.0,13696,0.26236426446749106,0.5179421
13090,HLA-A*24:02,esm2_joint,locus,0,1.0,13696,1.5686159179138452,0.8305226
13092,HLA-A*30:01,esm2_joint,locus,0,1.0,13696,1.8082887711792655,0.92222774
13101,HLA-A*80:01,esm2_joint,locus,0,1.0,13696,0.5877866649021191,1.4476824
13105,HLA-A*43:01,esm2_joint,locus,0,1.0,13696,0.26236426446749106,0.8514304
13106,HLA-A*29:02,esm2_joint,locus,0,1.0,13696,0.0,0.6818677
13107,HLA-A*30:02,esm2_joint,locus,0,1.0,13696,0.0,0.29802698
13114,HLA-A*02:16,esm2_joint,locus,0,1.0,13696,1.916922612182061,0.50174177
13115,HLA-A*02:19,esm2_joint,locus,0,1.0,13696,0.6931471805599453,0.09577525
13116,HLA-A*74:01,esm2_joint,locus,0,1.0,13696,0.33647223662121295,0.4028607
13117,HLA-A*74:01,esm2_joint,locus,0,1.0,13696,3.475067230228611,1.4447973
13119,HLA-A*24:03,esm2_joint,locus,0,1.0,13696,0.7884573603642702,1.268271
13122,HLA-A*02:12,esm2_joint,locus,0,1.0,13696,2.970414465569701,0.20805061
13124,HLA-A*30:02,esm2_joint,locus,0,1.0,13696,2.714694743820879,0.6397491
13127,HLA-A*02:10,esm2_joint,locus,0,1.0,13696,0.26236426446749106,-0.32088965
13128,HLA-A*32:07,esm2_joint,locus,0,1.0,13696,0.4054651081081644,0.639228
13129,HLA-A*32:07,esm2_joint,locus,0,1.0,13696,0.0,0.94493395
13131,HLA-A*43:01,esm2_joint,locus,0,1.0,13696,1.252762968495368,0.7240306
13132,HLA-A*43:01,esm2_joint,locus,0,1.0,13696,1.1939224684724346,1.1919687
13133,HLA-A*24:07,esm2_joint,locus,0,1.0,13696,0.33647223662121295,-0.5654542
13135,HLA-A*02:50,esm2_joint,locus,0,1.0,13696,0.5306282510621704,0.10243505
13138,HLA-A*23:01,esm2_joint,locus,0,1.0,13696,1.9459101490553132,-0.07250565
13141,HLA-A*02:01,esm2_joint,locus,0,1.0,13696,2.322387720290225,0.55073273
13142,HLA-A*74:01,esm2_joint,locus,0,1.0,13696,0.8754687373538999,0.95663905
13143,HLA-A*23:01,esm2_joint,locus,0,1.0,13696,0.26236426446749106,0.1810599
13146,HLA-A*68:01,esm2_joint,locus,0,1.0,13696,2.884800712846709,0.6108997
13147,HLA-A*43:01,esm2_joint,locus,0,1.0,13696,0.26236426446749106,0.9902547
13148,HLA-A*68:23,esm2_joint,locus,0,1.0,13696,0.6418538861723948,0.45096642
13149,HLA-A*11:01,esm2_joint,locus,0,1.0,13696,2.1041341542702074,0.92705524
13153,HLA-A*68:23,esm2_joint,locus,0,1.0,13696,0.4700036292457355,0.80118084
13154,HLA-A*02:10,esm2_joint,locus,0,1.0,13696,2.2512917986064953,0.83833796
13155,HLA-A*02:12,esm2_joint,locus,0,1.0,13696,1.7578579175523736,-0.17284888
13164,HLA-A*02:12,esm2_joint,locus,0,1.0,13696,1.5686159179138452,0.48143315
13165,HLA-A*68:01,esm2_joint,locus,0,1.0,13696,0.26236426446749106,0.8828057
13167,HLA-A*24:03,esm2_joint,locus,0,1.0,13696,0.18232155679395465,0.13209021
13169,HLA-A*02:10,esm2_joint,locus,0,1.0,13696,0.5306282510621704,0.6451046
13170,HLA-A*11:01,esm2_joint,locus,0,1.0,13696,3.1612467120315646,0.9001999
13171,HLA-A*74:01,esm2_joint,locus,0,1.0,13696,2.066862759472976,1.3306248
13174,HLA-A*02:03,esm2_joint,locus,0,1.0,13696,0.0,0.476448
13175,HLA-A*33:03,esm2_joint,locus,0,1.0,13696,3.3603753871419,0.97208667
13176,HLA-A*24:03,esm2_joint,locus,0,1.0,13696,3.202746442938317,0.34523445
13177,HLA-A*24:03,esm2_joint,locus,0,1.0,13696,2.468099531471619,0.66454315
13179,HLA-A*24:02,esm2_joint,locus,0,1.0,13696,1.9600947840472698,0.400133
13180,HLA-A*68:02,esm2_joint,locus,0,1.0,13696,0.09531017980432487,0.08619416
13181,HLA-A*02:01,esm2_joint,locus,0,1.0,13696,3.005682604407159,0.26048315
13182,HLA-A*68:23,esm2_joint,locus,0,1.0,13696,0.18232155679395465,1.0367205
13185,HLA-A*43:01,esm2_joint,locus,0,1.0,13696,0.0,0.1606015
13186,HLA-A*80:01,esm2_joint,locus,0,1.0,13696,1.7404661748405046,0.5696597
13187,HLA-A*25:01,esm2_joint,locus,0,1.0,13696,0.4054651081081644,0.7603446
13188,HLA-A*02:10,esm2_joint,locus,0,1.0,13696,0.6418538861723948,0.47601897
13189,HLA-A*33:03,esm2_joint,locus,0,1.0,13696,3.8501476017100584,0.83285904
13190,HLA-A*11:01,esm2_joint,locus,0,1.0,13696,3.9318256327243257,1.2251458
13191,HLA-A*03:01,esm2_joint,locus,0,1.0,13696,0.33647223662121295,1.1237645
13194,HLA-A*02:01,esm2_joint,locus,0,1.0,13696,0.4700036292457355,0.19561869
13195,HLA-A*23:01,esm2_joint,locus,0,1.0,13696,0.4700036292457355,0.82502306
13202,HLA-A*25:01,esm2_joint,locus,0,1.0,13696,0.5306282510621704,0.3084057
13204,HLA-A*29:02,esm2_joint,locus,0,1.0,13696,1.0473189942805592,1.3014647
13205,HLA-A*25:01,esm2_joint,locus,0,1.0,13696,0.832909122935104,0.54132247
13206,HLA-A*66:01,esm2_joint,locus,0,1.0,13696,0.0,0.09661716
13210,HLA-A*31:01,esm2_joint,locus,0,1.0,13696,4.437934266612178,0.5117074
13211,HLA-A*74:01,esm2_joint,locus,0,1.0,13696,0.0,0.80005974
13220,HLA-A*31:01,esm2_joint,locus,0,1.0,13696,1.9740810260220096,1.1996312
13221,HLA-A*68:01,esm2_joint,locus,0,1.0,13696,0.0,0.5793576
13224,HLA-A*24:07,esm2_joint,locus,0,1.0,13696,0.832909122935104,0.05770117
13225,HLA-A*24:07,esm2_joint,locus,0,1.0,13696,0.6418538861723948,0.42154312
13228,HLA-A*24:03,esm2_joint,locus,0,1.0,13696,2.928523523860541,0.5929933
13230,HLA-A*02:01,esm2_joint,locus,0,1.0,13696,0.173953307123438,0.2281155
13231,HLA-A*68:01,esm2_joint,locus,0,1.0,13696,2.6461747973841225,1.2239832
13232,HLA-A*74:01,esm2_joint,locus,0,1.0,13696,0.0,1.1281494
13233,HLA-A*43:01,esm2_joint,locus,0,1.0,13696,0.09531017980432487,0.7057147
13234,HLA-A*30:02,esm2_joint,locus,0,1.0,13696,0.18232155679395465,0.8395301
13235,HLA-A*30:01,esm2_joint,locus,0,1.0,13696,0.33647223662121295,0.7344719
13237,HLA-A*32:07,esm2_joint,locus,0,1.0,13696,0.9932517730102833,0.6123056
13238,HLA-A*02:50,esm2_joint,locus,0,1.0,13696,1.7749523509116738,0.53583944
13241,HLA-A*24:07,esm2_joint,locus,0,1.0,13696,2.2300144001592104,0.6974369
13244,HLA-A*74:01,esm2_joint,locus,0,1.0,13696,3.122364924487357,1.0126784
13245,HLA-A*74:01,esm2_joint,locus,0,1.0,13696,0.0,0.7076369
13249,HLA-A*43:01,esm2_joint,locus,0,1.0,13696,0.0,0.9623463
13250,HLA-A*24:07,esm2_joint,locus,0,1.0,13696,0.6418538861723948,0.4402401
13251,HLA-A*26:03,esm2_joint,locus,0,1.0,13696,0.5877866649021191,0.36944562
13256,HLA-A*24:19,esm2_joint,locus,0,1.0,13696,0.0,0.55866396
13259,HLA-A*03:01,esm2_joint,locus,0,1.0,13696,1.824549292051046,0.74787116
13263,HLA-A*02:12,esm2_joint,locus,0,1.0,13696,2.747270914255491,0.624771
13266,HLA-A*02:01,esm2_joint,locus,0,1.0,13696,3.3214324131932926,0.58002937
13271,HLA-A*24:07,esm2_joint,locus,0,1.0,13696,0.9162907318741551,1.0458726
13272,HLA-A*26:03,esm2_joint,locus,0,1.0,13696,0.0,0.6003498
13273,HLA-A*80:01,esm2_joint,locus,0,1.0,13696,0.0,0.45432097
13274,HLA-A*03:01,esm2_joint,locus,0,1.0,13696,0.0,1.3951949
13276,HLA-A*24:03,esm2_joint,locus,0,1.0,13696,0.4700036292457355,0.40737933
13277,HLA-A*24:19,esm2_joint,locus,0,1.0,13696,0.33647223662121295,1.0662477
13278,HLA-A*24:07,esm2_joint,locus,0,1.0,13696,0.9932517730102833,0.7243615
13281,HLA-A*24:03,esm2_joint,locus,0,1.0,13696,1.0296194171811583,0.5455036
13283,HLA-A*25:01,esm2_joint,locus,0,1.0,13696,1.308332819650179,0.8413131
13284,HLA-A*66:01,esm2_joint,locus,0,1.0,13696,0.09531017980432487,0.25040895
13285,HLA-A*66:01,esm2_joint,locus,0,1.0,13696,0.0,1.0266403
13289,HLA-A*43:01,esm2_joint,locus,0,1.0,13696,0.33647223662121295,0.89605254
13290,HLA-A*68:23,esm2_joint,locus,0,1.0,13696,0.33647223662121295,0.66272813
13291,HLA-A*02:16,esm2_joint,locus,0,1.0,13696,3.2108436531709366,0.7387076
13295,HLA-A*68:02,esm2_joint,locus,0,1.0,13696,0.6931471805599453,0.41557682
13298,HLA-A*80:01,esm2_joint,locus,0,1.0,13696,0.33647223662121295,0.8756058
13302,HLA-A*74:01,esm2_joint,locus,0,1.0,13696,3.246490991901174,1.3093061
13303,HLA-A*30:02,esm2_joint,locus,0,1.0,13696,1.7047480922384253,0.9321355
13304,HLA-A*26:02,esm2_joint,locus,0,1.0,13696,0.33647223662121295,0.14704639
13305,HLA-A*66:01,esm2_joint,locus,0,1.0,13696,0.0,0.470639
13306,HLA-A*26:03,esm2_joint,locus,0,1.0,13696,0.33647223662121295,0.08192885
13308,HLA-A*43:01,esm2_joint,locus,0,1.0,13696,0.26236426446749106,0.7006475
13310,HLA-A*68:01,esm2_joint,locus,0,1.0,13696,2.8678989020441064,0.6203191
13311,HLA-A*74:01,esm2_joint,locus,0,1.0,13696,0.33647223662121295,0.95663464
13313,HLA-A*30:02,esm2_joint,locus,0,1.0,13696,1.5260563034950494,0.81432587
13315,HLA-A*02:50,esm2_joint,locus,0,1.0,13696,2.5877640352277083,0.08274269
13316,HLA-A*02:16,esm2_joint,locus,0,1.0,13696,3.258096538021482,1.0315951
13319,HLA-A*24:19,esm2_joint,locus,0,1.0,13696,0.33647223662121295,1.0542809
13322,HLA-A*02:11,esm2_joint,locus,0,1.0,13696,3.353406717825807,1.0118909
13323,HLA-A*02:12,esm2_joint,locus,0,1.0,13696,2.8154087194227095,0.79600537
13327,HLA-A*23:01,esm2_joint,locus,0,1.0,13696,2.0149030205422647,0.9800513
13328,HLA-A*68:23,esm2_joint,locus,0,1.0,13696,0.09531017980432487,0.8042853
13329,HLA-A*24:02,esm2_joint,locus,0,1.0,13696,0.33647223662121295,0.16251159
13330,HLA-A*02:10,esm2_joint,locus,0,1.0,13696,1.0986122886681098,0.009134471
13333,HLA-A*43:01,esm2_joint,locus,0,1.0,13696,0.4054651081081644,0.7743608
13334,HLA-A*25:01,esm2_joint,locus,0,1.0,13696,0.0,0.48408675
13335,HLA-A*24:02,esm2_joint,locus,0,1.0,13696,1.0296194171811583,0.52263105
13337,HLA-A*26:02,esm2_joint,locus,0,1.0,13696,0.6931471805599453,0.7584522
13338,HLA-A*68:23,esm2_joint,locus,0,1.0,13696,1.7749523509116738,0.7676411
13339,HLA-A*24:02,esm2_joint,locus,0,1.0,13696,0.4700036292457355,0.94616365
13340,HLA-A*31:01,esm2_joint,locus,0,1.0,13696,1.5686159179138452,0.7615315
13343,HLA-A*31:01,esm2_joint,locus,0,1.0,13696,1.410986973710262,1.4388223
13344,HLA-A*80:01,esm2_joint,locus,0,1.0,13696,0.0,0.37915492
13346,HLA-A*24:03,esm2_joint,locus,0,1.0,13696,2.312535423847214,0.6521944
13347,HLA-A*68:01,esm2_joint,locus,0,1.0,13696,0.33647223662121295,1.0244035
13348,HLA-A*24:07,esm2_joint,locus,0,1.0,13696,1.791759469228055,0.47446132
13351,HLA-A*43:01,esm2_joint,locus,0,1.0,13696,0.0,1.1050152
13352,HLA-A*32:07,esm2_joint,locus,0,1.0,13696,0.0,0.26583105
13353,HLA-A*24:07,esm2_joint,locus,0,1.0,13696,0.832909122935104,1.5965252
13354,HLA-A*24:07,esm2_joint,locus,0,1.0,13696,0.4054651081081644,1.4620055
13356,HLA-A*02:10,esm2_joint,locus,0,1.0,13696,0.18232155679395465,0.21060926
13359,HLA-A*23:01,esm2_joint,locus,0,1.0,13696,2.5877640352277083,0.7192011
13368,HLA-A*24:03,esm2_joint,locus,0,1.0,13696,0.9162907318741551,0.5451001
13369,HLA-A*24:07,esm2_joint,locus,0,1.0,13696,0.18232155679395465,0.72750014
13370,HLA-A*02:11,esm2_joint,locus,0,1.0,13696,2.468099531471619,-0.03682965
13371,HLA-A*02:50,esm2_joint,locus,0,1.0,13696,0.26236426446749106,0.39934295
13376,HLA-A*24:07,esm2_joint,locus,0,1.0,13696,0.9555114450274363,1.126317
13377,HLA-A*30:01,esm2_joint,locus,0,1.0,13696,1.3609765531356006,0.77718884
13378,HLA-A*11:01,esm2_joint,locus,0,1.0,13696,4.39197696552705,0.89692897
13379,HLA-A*74:01,esm2_joint,locus,0,1.0,13696,2.028148247292285,1.0572606
13382,HLA-A*30:02,esm2_joint,locus,0,1.0,13696,0.4054651081081644,0.24806583
13383,HLA-A*25:01,esm2_joint,locus,0,1.0,13696,0.26236426446749106,0.33110106
13384,HLA-A*66:01,esm2_joint,locus,0,1.0,13696,0.4054651081081644,0.8162745
13386,HLA-A*02:10,esm2_joint,locus,0,1.0,13696,1.9315214116032138,0.6597731
13387,HLA-A*02:10,esm2_joint,locus,0,1.0,13696,0.4700036292457355,0.2660225
13388,HLA-A*02:16,esm2_joint,locus,0,1.0,13696,1.0296194171811583,0.5922961
13392,HLA-A*31:01,esm2_joint,locus,0,1.0,13696,5.099256485749784,1.3205106
13393,HLA-A*68:01,esm2_joint,locus,0,1.0,13696,0.26236426446749106,0.79696876
13402,HLA-A*02:11,esm2_joint,locus,0,1.0,13696,1.9878743481543455,0.48004204
13404,HLA-A*26:03,esm2_joint,locus,0,1.0,13696,0.0,0.50584376
13405,HLA-A*11:01,esm2_joint,locus,0,1.0,13696,2.8903717578961645,0.9765893
13409,HLA-A*23:01,esm2_joint,locus,0,1.0,13696,2.028148247292285,1.0514166
13410,HLA-A*24:07,esm2_joint,locus,0,1.0,13696,0.9162907318741551,0.63515073
13411,HLA-A*24:07,esm2_joint,locus,0,1.0,13696,0.6418538861723948,0.78718925
13412,HLA-A*02:01,esm2_joint,locus,0,1.0,13696,3.242592351485517,0.51024646
13413,HLA-A*66:01,esm2_joint,locus,0,1.0,13696,1.2809338454620642,1.2860097
13414,HLA-A*26:03,esm2_joint,locus,0,1.0,13696,0.6418538861723948,0.5667961
13415,HLA-A*02:11,esm2_joint,locus,0,1.0,13696,0.33647223662121295,0.78701663
13418,HLA-A*26:02,esm2_joint,locus,0,1.0,13696,2.128231705849268,0.6499258
13420,HLA-A*02:19,esm2_joint,locus,0,1.0,13696,0.4700036292457355,0.5861586
13423,HLA-A*29:02,esm2_joint,locus,0,1.0,13696,1.4350845252893227,1.0454478
13424,HLA-A*32:07,esm2_joint,locus,0,1.0,13696,0.0,0.38099658
13428,HLA-A*24:07,esm2_joint,locus,0,1.0,13696,1.5260563034950494,0.12516958
13429,HLA-A*24:02,esm2_joint,locus,0,1.0,13696,1.840549633397487,0.057537436
13430,HLA-A*24:02,esm2_joint,locus,0,1.0,13696,0.832909122935104,0.6007972
13432,HLA-A*43:01,esm2_joint,locus,0,1.0,13696,0.26236426446749106,0.78595257
13434,HLA-A*24:19,esm2_joint,locus,0,1.0,13696,0.18232155679395465,0.73006856
13436,HLA-A*02:10,esm2_joint,locus,0,1.0,13696,3.1135153092103742,0.59305024
13437,HLA-A*02:19,esm2_joint,locus,0,1.0,13696,0.0,0.4709757
13438,HLA-A*11:01,esm2_joint,locus,0,1.0,13696,0.6418538861723948,0.62228477
13441,HLA-A*66:01,esm2_joint,locus,0,1.0,13696,0.18232155679395465,0.62138116
13442,HLA-A*26:03,esm2_joint,locus,0,1.0,13696,0.0,0.18499303
13444,HLA-A*02:10,esm2_joint,locus,0,1.0,13696,0.7419373447293773,-0.042413175
13445,HLA-A*02:16,esm2_joint,locus,0,1.0,13696,0.0,0.41590947
13446,HLA-A*74:01,esm2_joint,locus,0,1.0,13696,1.33500106673234,0.89635384
13448,HLA-A*43:01,esm2_joint,locus,0,1.0,13696,0.26236426446749106,0.84752595
13449,HLA-A*24:07,esm2_joint,locus,0,1.0,13696,0.4054651081081644,0.9329257
13450,HLA-A*01:01,esm2_joint,locus,0,1.0,13696,2.9678470700644555,1.103569
13451,HLA-A*24:02,esm2_joint,locus,0,1.0,13696,0.09531017980432487,0.312523
13454,HLA-A*02:03,esm2_joint,locus,0,1.0,13696,0.33647223662121295,0.012336791
13455,HLA-A*33:03,esm2_joint,locus,0,1.0,13696,0.0,0.775705
13456,HLA-A*68:01,esm2_joint,locus,0,1.0,13696,3.126760535960395,0.9128113
13457,HLA-A*74:01,esm2_joint,locus,0,1.0,13696,0.0,0.67649007
13459,HLA-A*29:02,esm2_joint,locus,0,1.0,13696,0.33647223662121295,1.0314304
13465,HLA-A*02:11,esm2_joint,locus,0,1.0,13696,3.044522437723423,0.5274682
13471,HLA-A*01:01,esm2_joint,locus,0,1.0,13696,2.402430427963762,0.68846476
13472,HLA-A*03:01,esm2_joint,locus,0,1.0,13696,0.0,0.76789606
13473,HLA-A*33:03,esm2_joint,locus,0,1.0,13696,1.6094379124341003,0.9299977
13477,HLA-A*43:01,esm2_joint,locus,0,1.0,13696,0.0,0.89486396
13480,HLA-A*02:50,esm2_joint,locus,0,1.0,13696,2.2407096892759584,1.078327
13486,HLA-A*02:11,esm2_joint,locus,0,1.0,13696,3.139832617527748,0.71625155
13487,HLA-A*02:11,esm2_joint,locus,0,1.0,13696,2.8154087194227095,0.50224817
13488,HLA-A*02:19,esm2_joint,locus,0,1.0,13696,3.3463891451671604,0.5243399
13490,HLA-A*29:02,esm2_joint,locus,0,1.0,13696,1.4586150226995167,0.3651833
13493,HLA-A*02:16,esm2_joint,locus,0,1.0,13696,3.186352633162641,0.43083555
13498,HLA-A*29:02,esm2_joint,locus,0,1.0,13696,0.4054651081081644,0.7387465
13500,HLA-A*43:01,esm2_joint,locus,0,1.0,13696,0.33647223662121295,0.73706824
13501,HLA-A*30:02,esm2_joint,locus,0,1.0,13696,1.2809338454620642,0.9485916
13503,HLA-A*25:01,esm2_joint,locus,0,1.0,13696,0.0,0.38138455
13504,HLA-A*68:23,esm2_joint,locus,0,1.0,13696,0.4700036292457355,0.7496971
13506,HLA-A*02:16,esm2_joint,locus,0,1.0,13696,0.9555114450274363,0.42513853
13508,HLA-A*43:01,esm2_joint,locus,0,1.0,13696,0.832909122935104,0.8205563
13509,HLA-A*32:07,esm2_joint,locus,0,1.0,13696,0.0,1.007442
13511,HLA-A*24:02,esm2_joint,locus,0,1.0,13696,0.4700036292457355,0.6584454
13512,HLA-A*02:19,esm2_joint,locus,0,1.0,13696,3.543853682063679,0.46286458
13513,HLA-A*74:01,esm2_joint,locus,0,1.0,13696,0.4054651081081644,0.9107039
13516,HLA-A*26:03,esm2_joint,locus,0,1.0,13696,1.8870696490323797,0.4577561
13518,HLA-A*02:03,esm2_joint,locus,0,1.0,13696,1.252762968495368,0.3453781
13523,HLA-A*02:50,esm2_joint,locus,0,1.0,13696,2.8507065015037334,0.28540552
13524,HLA-A*02:19,esm2_joint,locus,0,1.0,13696,1.2237754316221157,0.47120482
13526,HLA-A*80:01,esm2_joint,locus,0,1.0,13696,0.0,0.96385276
13528,HLA-A*26:02,esm2_joint,locus,0,1.0,13696,1.410986973710262,0.47724992
13532,HLA-A*02:03,esm2_joint,locus,0,1.0,13696,3.949318790171843,0.5987135
13533,HLA-A*33:03,esm2_joint,locus,0,1.0,13696,0.6418538861723948,1.0829775
13534,HLA-A*32:07,esm2_joint,locus,0,1.0,13696,1.308332819650179,0.42204642
13537,HLA-A*33:03,esm2_joint,locus,0,1.0,13696,0.0,1.0844468
13538,HLA-A*68:01,esm2_joint,locus,0,1.0,13696,1.7749523509116738,0.6887517
13541,HLA-A*43:01,esm2_joint,locus,0,1.0,13696,0.0,1.2172507
13548,HLA-A*02:50,esm2_joint,locus,0,1.0,13696,1.33500106673234,0.089831114
13549,HLA-A*11:01,esm2_joint,locus,0,1.0,13696,0.8754687373538999,0.9454651
13550,HLA-A*26:03,esm2_joint,locus,0,1.0,13696,0.0,0.054073274
13551,HLA-A*26:03,esm2_joint,locus,0,1.0,13696,0.0,0.09772885
13554,HLA-A*29:02,esm2_joint,locus,0,1.0,13696,0.5877866649021191,1.4049733
13557,HLA-A*68:23,esm2_joint,locus,0,1.0,13696,2.884800712846709,1.1103919
13558,HLA-A*74:01,esm2_joint,locus,0,1.0,13696,0.7419373447293773,0.6116398
13563,HLA-A*02:03,esm2_joint,locus,0,1.0,13696,0.4700036292457355,0.09759694
13564,HLA-A*02:01,esm2_joint,locus,0,1.0,13696,2.70805020110221,0.25081754
13565,HLA-A*24:19,esm2_joint,locus,0,1.0,13696,0.0,0.6871518
13566,HLA-A*26:02,esm2_joint,locus,0,1.0,13696,0.6931471805599453,0.44479424
13568,HLA-A*02:10,esm2_joint,locus,0,1.0,13696,0.33647223662121295,0.18522018
13569,HLA-A*29:02,esm2_joint,locus,0,1.0,13696,0.0,0.1981675
13570,HLA-A*02:16,esm2_joint,locus,0,1.0,13696,2.2082744135228043,0.12501806
13571,HLA-A*43:01,esm2_joint,locus,0,1.0,13696,0.7419373447293773,0.62216175
13573,HLA-A*02:16,esm2_joint,locus,0,1.0,13696,2.0541237336955462,1.065254
13577,HLA-A*24:03,esm2_joint,locus,0,1.0,13696,1.9459101490553132,0.847787
13578,HLA-A*24:07,esm2_joint,locus,0,1.0,13696,0.7884573603642702,0.58141375
13580,HLA-A*02:10,esm2_joint,locus,0,1.0,13696,2.1162555148025524,0.6869722
13581,HLA-A*31:01,esm2_joint,locus,0,1.0,13696,2.5416019934645457,0.6347613
13582,HLA-A*68:01,esm2_joint,locus,0,1.0,13696,0.5877866649021191,0.63196945
13583,HLA-A*11:01,esm2_joint,locus,0,1.0,13696,0.5306282510621704,0.4016059
13589,HLA-A*30:01,esm2_joint,locus,0,1.0,13696,0.4054651081081644,0.99945474
13590,HLA-A*74:01,esm2_joint,locus,0,1.0,13696,0.4054651081081644,1.1377966
13593,HLA-A*29:02,esm2_joint,locus,0,1.0,13696,0.4700036292457355,0.7827843
13594,HLA-A*24:07,esm2_joint,locus,0,1.0,13696,2.028148247292285,0.75164115
13595,HLA-A*43:01,esm2_joint,locus,0,1.0,13696,0.0,0.7356564
13596,HLA-A*26:02,esm2_joint,locus,0,1.0,13696,0.18232155679395465,0.52391165
13597,HLA-A*33:03,esm2_joint,locus,0,1.0,13696,0.0,0.6952754
13600,HLA-A*02:16,esm2_joint,locus,0,1.0,13696,2.186051276738094,0.6410053
13601,HLA-A*43:01,esm2_joint,locus,0,1.0,13696,0.6931471805599453,0.85408306
13604,HLA-A*02:10,esm2_joint,locus,0,1.0,13696,3.7328963395307104,-0.0274871
13605,HLA-A*02:16,esm2_joint,locus,0,1.0,13696,2.3513752571634776,0.3687982
13607,HLA-A*03:01,esm2_joint,locus,0,1.0,13696,0.0,0.95622
13609,HLA-A*02:03,esm2_joint,locus,0,1.0,13696,2.9231615807191558,0.6514952
13610,HLA-A*02:50,esm2_joint,locus,0,1.0,13696,1.547562508716013,0.18844217
13615,HLA-A*02:50,esm2_joint,locus,0,1.0,13696,3.242592351485517,0.036956966
13617,HLA-A*02:03,esm2_joint,locus,0,1.0,13696,2.3513752571634776,0.24334067
13618,HLA-A*23:01,esm2_joint,locus,0,1.0,13696,1.4816045409242156,0.9345297
13620,HLA-A*02:12,esm2_joint,locus,0,1.0,13696,3.0106208860477417,0.38484102
13621,HLA-A*30:01,esm2_joint,locus,0,1.0,13696,0.0,0.18276924
13627,HLA-A*43:01,esm2_joint,locus,0,1.0,13696,0.4054651081081644,0.5597927
13631,HLA-A*26:03,esm2_joint,locus,0,1.0,13696,0.0,0.510985
13633,HLA-A*02:10,esm2_joint,locus,0,1.0,13696,3.100092288878234,0.15531802
13634,HLA-A*26:03,esm2_joint,locus,0,1.0,13696,0.4700036292457355,0.022885323
13635,HLA-A*26:03,esm2_joint,locus,0,1.0,13696,0.33647223662121295,0.34446603
13636,HLA-A*02:19,esm2_joint,locus,0,1.0,13696,0.4700036292457355,0.40497994
13637,HLA-A*68:01,esm2_joint,locus,0,1.0,13696,0.0,0.8917993
13638,HLA-A*11:01,esm2_joint,locus,0,1.0,13696,0.9932517730102833,0.7377881
13642,HLA-A*02:50,esm2_joint,locus,0,1.0,13696,0.7884573603642702,-0.09932238
13646,HLA-A*32:07,esm2_joint,locus,0,1.0,13696,0.832909122935104,0.19396788
13648,HLA-A*26:02,esm2_joint,locus,0,1.0,13696,0.33647223662121295,0.29998416
13651,HLA-A*02:10,esm2_joint,locus,0,1.0,13696,2.2192034840549946,0.5082712
13652,HLA-A*30:01,esm2_joint,locus,0,1.0,13696,0.0,0.22788328
13655,HLA-A*80:01,esm2_joint,locus,0,1.0,13696,0.18232155679395465,0.560508
13657,HLA-A*24:19,esm2_joint,locus,0,1.0,13696,0.0,-0.011024475
13658,HLA-A*24:07,esm2_joint,locus,0,1.0,13696,2.0412203288596382,0.97386825
13660,HLA-A*03:01,esm2_joint,locus,0,1.0,13696,0.0,1.5490348
13661,HLA-A*02:10,esm2_joint,locus,0,1.0,13696,0.33647223662121295,0.14597952
13662,HLA-A*30:01,esm2_joint,locus,0,1.0,13696,0.5306282510621704,1.2804112
13664,HLA-A*24:19,esm2_joint,locus,0,1.0,13696,0.0,1.2557397
13669,HLA-A*26:03,esm2_joint,locus,0,1.0,13696,0.33647223662121295,0.6906714
13670,HLA-A*03:01,esm2_joint,locus,0,1.0,13696,2.884800712846709,1.342448
13672,HLA-A*02:03,esm2_joint,locus,0,1.0,13696,0.832909122935104,0.5085107
13678,HLA-A*11:01,esm2_joint,locus,0,1.0,13696,2.740840023925201,1.1671615
13679,HLA-A*74:01,esm2_joint,locus,0,1.0,13696,4.804840381116659,0.6978944
13682,HLA-A*80:01,esm2_joint,locus,0,1.0,13696,0.0,0.42990535
13683,HLA-A*02:10,esm2_joint,locus,0,1.0,13696,0.9932517730102833,0.2674265
13684,HLA-A*74:01,esm2_joint,locus,0,1.0,13696,0.6931471805599453,0.57310855
13685,HLA-A*24:02,esm2_joint,locus,0,1.0,13696,3.152736022363656,0.69871587
13688,HLA-A*24:03,esm2_joint,locus,0,1.0,13696,0.9162907318741551,0.5075285
13691,HLA-A*24:02,esm2_joint,locus,0,1.0,13696,0.26236426446749106,0.30150408
13695,HLA-A*30:02,esm2_joint,locus,0,1.0,13696,0.26236426446749106,0.2489937
13696,HLA-A*24:03,esm2_joint,locus,0,1.0,13696,1.667706820558076,0.7405375
13699,HLA-A*24:07,esm2_joint,locus,0,1.0,13696,2.4595888418037104,1.477151
13700,HLA-A*24:07,esm2_joint,locus,0,1.0,13696,0.6418538861723948,0.72032475
13703,HLA-A*24:02,esm2_joint,locus,0,1.0,13696,0.4700036292457355,0.8998956
13706,HLA-A*68:23,esm2_joint,locus,0,1.0,13696,0.18232155679395465,0.30794317
13709,HLA-A*24:19,esm2_joint,locus,0,1.0,13696,0.09531017980432487,0.3981499
13710,HLA-A*66:01,esm2_joint,locus,0,1.0,13696,0.4700036292457355,0.9635953
13714,HLA-A*02:03,esm2_joint,locus,0,1.0,13696,2.0794415416798357,0.47468108
13715,HLA-A*02:10,esm2_joint,locus,0,1.0,13696,0.6931471805599453,0.037832737
13717,HLA-A*24:07,esm2_joint,locus,0,1.0,13696,0.4700036292457355,1.2419595
13718,HLA-A*24:02,esm2_joint,locus,0,1.0,13696,0.18232155679395465,1.2027999
13719,HLA-A*02:01,esm2_joint,locus,0,1.0,13696,2.3702437414678603,0.38491714
13720,HLA-A*02:12,esm2_joint,locus,0,1.0,13696,1.9600947840472698,0.58657897
13722,HLA-A*66:01,esm2_joint,locus,0,1.0,13696,0.26236426446749106,0.33126062
13725,HLA-A*29:02,esm2_joint,locus,0,1.0,13696,0.09531017980432487,1.0657622
13726,HLA-A*02:03,esm2_joint,locus,0,1.0,13696,1.667706820558076,1.1190302
13727,HLA-A*74:01,esm2_joint,locus,0,1.0,13696,1.1631508098056809,1.4612134
13729,HLA-A*23:01,esm2_joint,locus,0,1.0,13696,1.1939224684724346,0.28028864
13730,HLA-A*26:02,esm2_joint,locus,0,1.0,13696,0.0,0.29617804
13733,HLA-A*66:01,esm2_joint,locus,0,1.0,13696,1.3609765531356006,0.74076587
13735,HLA-A*02:01,esm2_joint,locus,0,1.0,13696,3.40452517175483,0.49011242
13738,HLA-A*03:01,esm2_joint,locus,0,1.0,13696,4.646312129319266,0.7381413
13740,HLA-A*02:10,esm2_joint,locus,0,1.0,13696,1.7578579175523736,0.7082206
13741,HLA-A*26:02,esm2_joint,locus,0,1.0,13696,0.26236426446749106,0.7397817
13746,HLA-A*23:01,esm2_joint,locus,0,1.0,13696,0.9555114450274363,0.63441277
13747,HLA-A*24:19,esm2_joint,locus,0,1.0,13696,0.0,0.36059666
13748,HLA-A*24:07,esm2_joint,locus,0,1.0,13696,0.9932517730102833,1.1261454
13749,HLA-A*24:02,esm2_joint,locus,0,1.0,13696,1.8718021769015913,0.21760368
13753,HLA-A*74:01,esm2_joint,locus,0,1.0,13696,0.5877866649021191,1.1283484
13756,HLA-A*25:01,esm2_joint,locus,0,1.0,13696,0.13976194237515868,0.56723326
13757,HLA-A*03:01,esm2_joint,locus,0,1.0,13696,1.0296194171811583,1.2644603
13761,HLA-A*24:07,esm2_joint,locus,0,1.0,13696,2.8213788864092133,0.63889873
13763,HLA-A*33:03,esm2_joint,locus,0,1.0,13696,2.4336133554004498,0.80004376
13764,HLA-A*68:01,esm2_joint,locus,0,1.0,13696,0.9162907318741551,0.81282747
13766,HLA-A*43:01,esm2_joint,locus,0,1.0,13696,0.26236426446749106,1.1803249
13767,HLA-A*24:07,esm2_joint,locus,0,1.0,13696,0.5877866649021191,0.71244
13768,HLA-A*24:02,esm2_joint,locus,0,1.0,13696,0.832909122935104,0.74134874
13770,HLA-A*26:02,esm2_joint,locus,0,1.0,13696,1.7749523509116738,0.3937738
13772,HLA-A*68:23,esm2_joint,locus,0,1.0,13696,0.5306282510621704,0.7881452
13774,HLA-A*24:02,esm2_joint,locus,0,1.0,13696,0.832909122935104,0.7939517
13776,HLA-A*43:01,esm2_joint,locus,0,1.0,13696,0.33647223662121295,1.0016888
13778,HLA-A*68:23,esm2_joint,locus,0,1.0,13696,0.6931471805599453,0.49713027
13780,HLA-A*29:02,esm2_joint,locus,0,1.0,13696,0.18232155679395465,1.6323094
13781,HLA-A*26:03,esm2_joint,locus,0,1.0,13696,0.9555114450274363,0.43717307
13784,HLA-A*24:02,esm2_joint,locus,0,1.0,13696,0.5306282510621704,0.8741232
13785,HLA-A*33:03,esm2_joint,locus,0,1.0,13696,0.0,0.8319197
13788,HLA-A*24:03,esm2_joint,locus,0,1.0,13696,3.1484533605716547,1.666114
13790,HLA-A*24:19,esm2_joint,locus,0,1.0,13696,0.0,0.8055821
13791,HLA-A*26:03,esm2_joint,locus,0,1.0,13696,0.18232155679395465,0.46232182
13792,HLA-A*11:01,esm2_joint,locus,0,1.0,13696,2.580216829592325,0.89618325
13795,HLA-A*80:01,esm2_joint,locus,0,1.0,13696,0.0,0.6842656
13796,HLA-A*23:01,esm2_joint,locus,0,1.0,13696,3.3945083935113587,0.70159876
13797,HLA-A*24:03,esm2_joint,locus,0,1.0,13696,1.840549633397487,0.58534706
13798,HLA-A*25:01,esm2_joint,locus,0,1.0,13696,0.0,0.488556
13810,HLA-A*66:01,esm2_joint,locus,0,1.0,13696,0.0,0.64534783
13816,HLA-A*02:01,esm2_joint,locus,0,1.0,13696,1.9740810260220096,0.34663224
13817,HLA-A*02:10,esm2_joint,locus,0,1.0,13696,0.26236426446749106,0.51253664
13818,HLA-A*68:01,esm2_joint,locus,0,1.0,13696,0.26236426446749106,0.4973727
13820,HLA-A*80:01,esm2_joint,locus,0,1.0,13696,0.0,0.91204476
13821,HLA-A*26:02,esm2_joint,locus,0,1.0,13696,0.26236426446749106,0.47244364
13827,HLA-A*02:01,esm2_joint,locus,0,1.0,13696,3.201933104137889,0.11966437
13829,HLA-A*02:10,esm2_joint,locus,0,1.0,13696,0.8754687373538999,0.11372197
13830,HLA-A*68:01,esm2_joint,locus,0,1.0,13696,4.019082077721554,0.6888321
13839,HLA-A*23:01,esm2_joint,locus,0,1.0,13696,0.4054651081081644,0.79787946
13841,HLA-A*02:16,esm2_joint,locus,0,1.0,13696,3.459466289786131,0.54951566
13842,HLA-A*33:03,esm2_joint,locus,0,1.0,13696,2.379546134130174,0.43017
13843,HLA-A*24:03,esm2_joint,locus,0,1.0,13696,2.028148247292285,0.63706446
13845,HLA-A*02:19,esm2_joint,locus,0,1.0,13696,2.379546134130174,0.42007726
13846,HLA-A*23:01,esm2_joint,locus,0,1.0,13696,3.0252910757955354,-0.32803386
13848,HLA-A*25:01,esm2_joint,locus,0,1.0,13696,1.252762968495368,0.6055328
13850,HLA-A*24:02,esm2_joint,locus,0,1.0,13696,3.0204248861443626,0.95775807
13851,HLA-A*68:01,esm2_joint,locus,0,1.0,13696,1.9878743481543455,0.68899477
13854,HLA-A*24:19,esm2_joint,locus,0,1.0,13696,0.09531017980432487,0.5945299
13856,HLA-A*24:02,esm2_joint,locus,0,1.0,13696,0.6418538861723948,0.37190044
13860,HLA-A*32:07,esm2_joint,locus,0,1.0,13696,0.0,1.2371581
13862,HLA-A*24:02,esm2_joint,locus,0,1.0,13696,2.856470206220483,0.74725497
13863,HLA-A*02:50,esm2_joint,locus,0,1.0,13696,2.533696813957432,0.24145472
13867,HLA-A*32:07,esm2_joint,locus,0,1.0,13696,0.0,0.51719224
13870,HLA-A*02:12,esm2_joint,locus,0,1.0,13696,2.833213344056216,0.41028965
13874,HLA-A*24:02,esm2_joint,locus,0,1.0,13696,0.4054651081081644,0.23807591
13875,HLA-A*24:19,esm2_joint,locus,0,1.0,13696,0.26236426446749106,0.8918905
13876,HLA-A*02:03,esm2_joint,locus,0,1.0,13696,3.4011973816621555,0.048113763
13879,HLA-A*24:19,esm2_joint,locus,0,1.0,13696,0.18232155679395465,0.73197293
13888,HLA-A*32:01,esm2_joint,locus,0,1.0,13696,1.7047480922384253,1.3925757
13889,HLA-A*31:01,esm2_joint,locus,0,1.0,13696,0.9555114450274363,1.3006395
13893,HLA-A*02:10,esm2_joint,locus,0,1.0,13696,1.9878743481543455,0.2812453
13894,HLA-A*30:01,esm2_joint,locus,0,1.0,13696,0.6418538861723948,0.6425793
13897,HLA-A*43:01,esm2_joint,locus,0,1.0,13696,0.26236426446749106,0.7874395
13898,HLA-A*02:50,esm2_joint,locus,0,1.0,13696,2.8791984572980396,0.1438399
13899,HLA-A*02:16,esm2_joint,locus,0,1.0,13696,3.104586678466073,0.63452244
13903,HLA-A*02:03,esm2_joint,locus,0,1.0,13696,1.9315214116032138,0.38378352
13904,HLA-A*30:02,esm2_joint,locus,0,1.0,13696,0.33647223662121295,1.1738467
13905,HLA-A*29:02,esm2_joint,locus,0,1.0,13696,1.9530276168241774,1.0020584
13907,HLA-A*68:01,esm2_joint,locus,0,1.0,13696,0.0,0.86276716
13910,HLA-A*29:02,esm2_joint,locus,0,1.0,13696,2.0794415416798357,1.0946918
13911,HLA-A*26:03,esm2_joint,locus,0,1.0,13696,0.4054651081081644,0.4797039
13912,HLA-A*26:03,esm2_joint,locus,0,1.0,13696,0.0,0.19423032
13913,HLA-A*26:03,esm2_joint,locus,0,1.0,13696,0.0,0.18851584
13914,HLA-A*02:10,esm2_joint,locus,0,1.0,13696,1.33500106673234,0.414218
13915,HLA-A*02:11,esm2_joint,locus,0,1.0,13696,1.824549292051046,0.6534718
13918,HLA-A*26:02,esm2_joint,locus,0,1.0,13696,0.9932517730102833,0.048296392
13920,HLA-A*02:50,esm2_joint,locus,0,1.0,13696,3.2268439945173775,0.43728143
13925,HLA-A*24:02,esm2_joint,locus,0,1.0,13696,0.8754687373538999,0.90317816
13932,HLA-A*24:02,esm2_joint,locus,0,1.0,13696,1.0296194171811583,0.7705853
13933,HLA-A*31:01,esm2_joint,locus,0,1.0,13696,0.8754687373538999,1.523989
13935,HLA-A*80:01,esm2_joint,locus,0,1.0,13696,2.0541237336955462,0.9795151
13936,HLA-A*24:02,esm2_joint,locus,0,1.0,13696,0.26236426446749106,0.112324655
13942,HLA-A*02:11,esm2_joint,locus,0,1.0,13696,2.6461747973841225,0.39623177
13943,HLA-A*02:16,esm2_joint,locus,0,1.0,13696,2.0412203288596382,0.22131556
13946,HLA-A*23:01,esm2_joint,locus,0,1.0,13696,0.7419373447293773,0.9537456
13949,HLA-A*02:11,esm2_joint,locus,0,1.0,13696,3.0349529867072724,0.2329709
13953,HLA-A*30:02,esm2_joint,locus,0,1.0,13696,0.18232155679395465,0.5902902
13955,HLA-A*24:02,esm2_joint,locus,0,1.0,13696,0.09531017980432487,0.63583666
13957,HLA-A*30:01,esm2_joint,locus,0,1.0,13696,0.0,0.5476148
13958,HLA-A*68:01,esm2_joint,locus,0,1.0,13696,2.0918640616783932,1.0237027
13965,HLA-A*68:23,esm2_joint,locus,0,1.0,13696,1.8718021769015913,0.81165254
13969,HLA-A*23:01,esm2_joint,locus,0,1.0,13696,1.0296194171811583,0.76705086
13970,HLA-A*24:19,esm2_joint,locus,0,1.0,13696,1.4816045409242156,0.96368027
13971,HLA-A*01:01,esm2_joint,locus,0,1.0,13696,0.4700036292457355,1.0473222
13973,HLA-A*68:01,esm2_joint,locus,0,1.0,13696,0.26236426446749106,0.9824078
13975,HLA-A*80:01,esm2_joint,locus,0,1.0,13696,0.26236426446749106,0.6831875
13976,HLA-A*26:03,esm2_joint,locus,0,1.0,13696,0.7884573603642702,0.64401364
13981,HLA-A*43:01,esm2_joint,locus,0,1.0,13696,0.7884573603642702,0.76222646
13982,HLA-A*01:01,esm2_joint,locus,0,1.0,13696,0.2151113796169455,0.66874224
13983,HLA-A*24:02,esm2_joint,locus,0,1.0,13696,3.100092288878234,0.11807412
13984,HLA-A*02:11,esm2_joint,locus,0,1.0,13696,1.7047480922384253,0.5197326
13985,HLA-A*02:19,esm2_joint,locus,0,1.0,13696,2.714694743820879,0.6123089
13988,HLA-A*43:01,esm2_joint,locus,0,1.0,13696,0.26236426446749106,1.504077
13991,HLA-A*26:02,esm2_joint,locus,0,1.0,13696,0.4054651081081644,1.0258617
13993,HLA-A*23:01,esm2_joint,locus,0,1.0,13696,1.2809338454620642,0.7838406
13994,HLA-A*11:01,esm2_joint,locus,0,1.0,13696,4.279440045898781,0.8495318
13997,HLA-A*80:01,esm2_joint,locus,0,1.0,13696,0.0,0.9194398
14001,HLA-A*02:50,esm2_joint,locus,0,1.0,13696,0.832909122935104,0.006186843
14002,HLA-A*24:19,esm2_joint,locus,0,1.0,13696,0.18232155679395465,0.7694475
14003,HLA-A*25:01,esm2_joint,locus,0,1.0,13696,1.4586150226995167,0.12961239
14004,HLA-A*68:01,esm2_joint,locus,0,1.0,13696,3.505557396986398,0.3740623
14006,HLA-A*43:01,esm2_joint,locus,0,1.0,13696,0.0,0.8252063
14011,HLA-A*24:02,esm2_joint,locus,0,1.0,13696,2.0541237336955462,0.9548179
14015,HLA-A*24:07,esm2_joint,locus,0,1.0,13696,0.5306282510621704,0.75127643
14016,HLA-A*68:23,esm2_joint,locus,0,1.0,13696,2.312535423847214,1.1303833
14019,HLA-A*33:03,esm2_joint,locus,0,1.0,13696,2.631888840136646,0.68828
14020,HLA-A*25:01,esm2_joint,locus,0,1.0,13696,0.26236426446749106,0.5125931
14026,HLA-A*80:01,esm2_joint,locus,0,1.0,13696,0.33647223662121295,0.6030543
14027,HLA-A*23:01,esm2_joint,locus,0,1.0,13696,2.8390784635086144,0.7394292
14028,HLA-A*23:01,esm2_joint,locus,0,1.0,13696,3.246490991901174,0.61690825
14029,HLA-A*26:02,esm2_joint,locus,0,1.0,13696,1.0296194171811583,0.81567824
14030,HLA-A*66:01,esm2_joint,locus,0,1.0,13696,0.0,1.1324484
14031,HLA-A*03:01,esm2_joint,locus,0,1.0,13696,1.62924053973028,0.61608154
14032,HLA-A*02:12,esm2_joint,locus,0,1.0,13696,2.8507065015037334,0.5614544
14033,HLA-A*02:50,esm2_joint,locus,0,1.0,13696,2.4336133554004498,0.07776916
14037,HLA-A*68:01,esm2_joint,locus,0,1.0,13696,2.5572273113676265,0.5732773
14038,HLA-A*02:12,esm2_joint,locus,0,1.0,13696,3.711130063048756,0.57003343
14039,HLA-A*30:01,esm2_joint,locus,0,1.0,13696,0.0,0.48583156
14041,HLA-A*32:07,esm2_joint,locus,0,1.0,13696,0.33647223662121295,0.4919747
14045,HLA-A*03:01,esm2_joint,locus,0,1.0,13696,2.7788192719904172,1.2236211
14046,HLA-A*02:16,esm2_joint,locus,0,1.0,13696,3.0155349008501706,0.6625321
14047,HLA-A*24:03,esm2_joint,locus,0,1.0,13696,2.4595888418037104,0.027122438
14049,HLA-A*02:10,esm2_joint,locus,0,1.0,13696,2.8449093838194073,0.5664653
14050,HLA-A*02:19,esm2_joint,locus,0,1.0,13696,0.6418538861723948,0.9359784
14051,HLA-A*30:01,esm2_joint,locus,0,1.0,13696,0.0,0.7522001
14052,HLA-A*74:01,esm2_joint,locus,0,1.0,13696,1.824549292051046,0.14257926
14053,HLA-A*74:01,esm2_joint,locus,0,1.0,13696,1.8718021769015913,1.1469164
14055,HLA-A*68:23,esm2_joint,locus,0,1.0,13696,0.0,0.60965407
14056,HLA-A*24:02,esm2_joint,locus,0,1.0,13696,0.18232155679395465,0.68738216
14059,HLA-A*66:01,esm2_joint,locus,0,1.0,13696,0.0,0.9900066
14060,HLA-A*24:02,esm2_joint,locus,0,1.0,13696,3.709906821306012,0.33421695
14061,HLA-A*02:10,esm2_joint,locus,0,1.0,13696,0.33647223662121295,0.19730872
14062,HLA-A*02:50,esm2_joint,locus,0,1.0,13696,2.151762203259462,0.35836214
14063,HLA-A*24:19,esm2_joint,locus,0,1.0,13696,0.0,0.6175573
14064,HLA-A*02:50,esm2_joint,locus,0,1.0,13696,2.6461747973841225,0.35402828
14065,HLA-A*74:01,esm2_joint,locus,0,1.0,13696,0.4700036292457355,0.66870415
14066,HLA-A*43:01,esm2_joint,locus,0,1.0,13696,0.5306282510621704,0.99035984
14071,HLA-A*24:19,esm2_joint,locus,0,1.0,13696,0.0,0.2257877
14072,HLA-A*26:02,esm2_joint,locus,0,1.0,13696,0.4054651081081644,0.4452923
14073,HLA-A*26:03,esm2_joint,locus,0,1.0,13696,0.0,0.62930757
14075,HLA-A*30:01,esm2_joint,locus,0,1.0,13696,0.0,0.5045879
14077,HLA-A*43:01,esm2_joint,locus,0,1.0,13696,0.18232155679395465,1.1219339
14078,HLA-A*02:12,esm2_joint,locus,0,1.0,13696,0.8754687373538999,0.71951765
14082,HLA-A*26:02,esm2_joint,locus,0,1.0,13696,3.543853682063679,0.1811316
14084,HLA-A*24:07,esm2_joint,locus,0,1.0,13696,1.252762968495368,0.63557065
14086,HLA-A*43:01,esm2_joint,locus,0,1.0,13696,0.18232155679395465,0.42181498
14087,HLA-A*30:02,esm2_joint,locus,0,1.0,13696,0.18232155679395465,1.146832
14088,HLA-A*80:01,esm2_joint,locus,0,1.0,13696,0.0,0.7252063
14090,HLA-A*02:11,esm2_joint,locus,0,1.0,13696,0.6418538861723948,0.31397176
14097,HLA-A*02:10,esm2_joint,locus,0,1.0,13696,0.5877866649021191,0.40429032
14098,HLA-A*02:10,esm2_joint,locus,0,1.0,13696,1.840549633397487,0.024734437
14099,HLA-A*02:16,esm2_joint,locus,0,1.0,13696,3.4436180975461075,0.23576897
14102,HLA-A*43:01,esm2_joint,locus,0,1.0,13696,0.0,0.7562343
14103,HLA-A*66:01,esm2_joint,locus,0,1.0,13696,0.6931471805599453,0.5538004
14104,HLA-A*02:10,esm2_joint,locus,0,1.0,13696,2.5726122302071057,0.18094242
14110,HLA-A*68:23,esm2_joint,locus,0,1.0,13696,0.18232155679395465,1.1831499
14111,HLA-A*24:02,esm2_joint,locus,0,1.0,13696,1.2237754316221157,0.6687765
14112,HLA-A*02:16,esm2_joint,locus,0,1.0,13696,3.484312288372662,0.21078777
14116,HLA-A*02:10,esm2_joint,locus,0,1.0,13696,1.791759469228055,0.10145599
14117,HLA-A*02:11,esm2_joint,locus,0,1.0,13696,2.5952547069568657,0.6717266
14119,HLA-A*29:02,esm2_joint,locus,0,1.0,13696,2.6741486494265287,1.1823868
14121,HLA-A*02:10,esm2_joint,locus,0,1.0,13696,0.7419373447293773,0.49652296
14122,HLA-A*43:01,esm2_joint,locus,0,1.0,13696,1.547562508716013,1.0364063
14123,HLA-A*24:19,esm2_joint,locus,0,1.0,13696,0.0,0.51111233
14124,HLA-A*66:01,esm2_joint,locus,0,1.0,13696,0.0,0.6702131
14126,HLA-A*02:03,esm2_joint,locus,0,1.0,13696,0.6418538861723948,0.846717
14127,HLA-A*32:07,esm2_joint,locus,0,1.0,13696,0.0,0.6845603
14129,HLA-A*30:01,esm2_joint,locus,0,1.0,13696,0.4054651081081644,0.45019323
14131,HLA-A*02:01,esm2_joint,locus,0,1.0,13696,1.1939224684724346,0.66417795
14132,HLA-A*02:12,esm2_joint,locus,0,1.0,13696,0.26236426446749106,0.50813586
14135,HLA-A*26:03,esm2_joint,locus,0,1.0,13696,1.7047480922384253,0.7090535
14138,HLA-A*23:01,esm2_joint,locus,0,1.0,13696,3.493472657771326,0.6908543
14143,HLA-A*02:12,esm2_joint,locus,0,1.0,13696,2.6602595372658615,0.7909875
14153,HLA-A*02:03,esm2_joint,locus,0,1.0,13696,1.5686159179138452,0.12960017
14155,HLA-A*24:03,esm2_joint,locus,0,1.0,13696,0.832909122935104,1.4997742
14160,HLA-A*02:16,esm2_joint,locus,0,1.0,13696,2.0149030205422647,0.26012415
14161,HLA-A*02:16,esm2_joint,locus,0,1.0,13696,1.1631508098056809,0.39800972
14162,HLA-A*31:01,esm2_joint,locus,0,1.0,13696,3.6838669122903918,0.8436114
14163,HLA-A*74:01,esm2_joint,locus,0,1.0,13696,5.252796851246227,0.37370116
14165,HLA-A*23:01,esm2_joint,locus,0,1.0,13696,0.26236426446749106,0.44361466
14168,HLA-A*02:10,esm2_joint,locus,0,1.0,13696,2.0918640616783932,0.29544687
14169,HLA-A*23:01,esm2_joint,locus,0,1.0,13696,1.4350845252893227,0.56251746
14171,HLA-A*02:10,esm2_joint,locus,0,1.0,13696,2.1162555148025524,0.44927388
14172,HLA-A*02:11,esm2_joint,locus,0,1.0,13696,3.299533727885655,0.4198175
14173,HLA-A*33:03,esm2_joint,locus,0,1.0,13696,0.0,1.4072297
14176,HLA-A*02:03,esm2_joint,locus,0,1.0,13696,3.005682604407159,0.45455253
14179,HLA-A*32:07,esm2_joint,locus,0,1.0,13696,0.0,0.5464485
14180,HLA-A*66:01,esm2_joint,locus,0,1.0,13696,0.33647223662121295,0.5160768
14182,HLA-A*02:10,esm2_joint,locus,0,1.0,13696,3.417726683613366,0.72170293
14184,HLA-A*24:02,esm2_joint,locus,0,1.0,13696,0.8754687373538999,0.046300888
14185,HLA-A*02:03,esm2_joint,locus,0,1.0,13696,1.791759469228055,0.37054527
14187,HLA-A*11:01,esm2_joint,locus,0,1.0,13696,3.8522730010223722,1.3754542
14190,HLA-A*43:01,esm2_joint,locus,0,1.0,13696,0.0,1.357213
14191,HLA-A*24:19,esm2_joint,locus,0,1.0,13696,0.0,0.49347657
14192,HLA-A*02:10,esm2_joint,locus,0,1.0,13696,0.4700036292457355,0.3916157
14193,HLA-A*02:16,esm2_joint,locus,0,1.0,13696,3.6938669956249757,0.61986554
14197,HLA-A*25:01,esm2_joint,locus,0,1.0,13696,0.0,0.14318973
14199,HLA-A*31:01,esm2_joint,locus,0,1.0,13696,0.18232155679395465,1.2668364
14203,HLA-A*01:01,esm2_joint,locus,0,1.0,13696,0.3784364357202451,0.76821387
14206,HLA-A*31:01,esm2_joint,locus,0,1.0,13696,4.255612709818223,0.57031345
14209,HLA-A*02:50,esm2_joint,locus,0,1.0,13696,1.5260563034950494,0.6955004
14210,HLA-A*74:01,esm2_joint,locus,0,1.0,13696,2.1400661634962708,0.5859313
14216,HLA-A*68:01,esm2_joint,locus,0,1.0,13696,3.3357695763397,1.3296801
14217,HLA-A*74:01,esm2_joint,locus,0,1.0,13696,0.0,0.874619
14219,HLA-A*68:23,esm2_joint,locus,0,1.0,13696,0.0,1.2296271
14221,HLA-A*02:10,esm2_joint,locus,0,1.0,13696,0.7884573603642702,0.32097465
14225,HLA-A*26:03,esm2_joint,locus,0,1.0,13696,0.09531017980432487,0.17516106
14227,HLA-A*43:01,esm2_joint,locus,0,1.0,13696,0.0,0.83602834
14228,HLA-A*29:02,esm2_joint,locus,0,1.0,13696,0.5877866649021191,0.95174354
14230,HLA-A*02:01,esm2_joint,locus,0,1.0,13696,3.173878458937465,0.48751867
14231,HLA-A*25:01,esm2_joint,locus,0,1.0,13696,0.0,0.6202444
14232,HLA-A*25:01,esm2_joint,locus,0,1.0,13696,0.26236426446749106,0.33251834
14233,HLA-A*11:01,esm2_joint,locus,0,1.0,13696,4.251348311031766,0.94725645
14237,HLA-A*33:03,esm2_joint,locus,0,1.0,13696,1.547562508716013,0.79138136
14241,HLA-A*24:02,esm2_joint,locus,0,1.0,13696,2.8678989020441064,0.81617564
14242,HLA-A*30:01,esm2_joint,locus,0,1.0,13696,0.0,0.47611594
14243,HLA-A*31:01,esm2_joint,locus,0,1.0,13696,1.4586150226995167,0.60460055
14244,HLA-A*74:01,esm2_joint,locus,0,1.0,13696,0.26236426446749106,1.0475899
14245,HLA-A*23:01,esm2_joint,locus,0,1.0,13696,4.065602093356446,0.9197154
14246,HLA-A*26:03,esm2_joint,locus,0,1.0,13696,0.9162907318741551,0.5304554
14247,HLA-A*23:01,esm2_joint,locus,0,1.0,13696,0.26236426446749106,0.60562
14248,HLA-A*32:07,esm2_joint,locus,0,1.0,13696,1.410986973710262,0.5802525
14250,HLA-A*02:19,esm2_joint,locus,0,1.0,13696,2.322387720290225,0.8274652
14253,HLA-A*80:01,esm2_joint,locus,0,1.0,13696,0.0,0.8046552
14254,HLA-A*69:01,esm2_joint,locus,0,1.0,13696,0.6931471805599453,0.75744903
14255,HLA-A*02:03,esm2_joint,locus,0,1.0,13696,2.827313621929028,0.25549227
14257,HLA-A*80:01,esm2_joint,locus,0,1.0,13696,0.33647223662121295,0.7865207
14258,HLA-A*26:02,esm2_joint,locus,0,1.0,13696,1.0986122886681098,0.40305185
14260,HLA-A*43:01,esm2_joint,locus,0,1.0,13696,0.09531017980432487,0.60904086
14261,HLA-A*24:07,esm2_joint,locus,0,1.0,13696,1.0647107369924282,0.69686973
14264,HLA-A*02:19,esm2_joint,locus,0,1.0,13696,2.8735646395797834,0.09398377
14265,HLA-A*31:01,esm2_joint,locus,0,1.0,13696,0.26236426446749106,0.5355726
14266,HLA-A*66:01,esm2_joint,locus,0,1.0,13696,0.6418538861723948,0.24802864
14270,HLA-A*24:19,esm2_joint,locus,0,1.0,13696,0.0,0.2736147
14271,HLA-A*74:01,esm2_joint,locus,0,1.0,13696,4.6549122778829055,0.85648483
14275,HLA-A*24:07,esm2_joint,locus,0,1.0,13696,3.979681653901961,0.6410836
14276,HLA-A*23:01,esm2_joint,locus,0,1.0,13696,3.5115454388310208,0.88866746
14277,HLA-A*24:07,esm2_joint,locus,0,1.0,13696,3.152736022363656,0.50915265
14278,HLA-A*68:23,esm2_joint,locus,0,1.0,13696,0.18232155679395465,0.9104666
14280,HLA-A*02:19,esm2_joint,locus,0,1.0,13696,0.7884573603642702,0.51355827
14282,HLA-A*29:02,esm2_joint,locus,0,1.0,13696,0.5306282510621704,0.7244204
14289,HLA-A*02:03,esm2_joint,locus,0,1.0,13696,3.824284091120139,0.4049067
14290,HLA-A*02:10,esm2_joint,locus,0,1.0,13696,3.912023005428146,0.3861733
14292,HLA-A*26:02,esm2_joint,locus,0,1.0,13696,0.6418538861723948,0.80884767
14295,HLA-A*32:07,esm2_joint,locus,0,1.0,13696,0.0,0.32283652
14297,HLA-A*66:01,esm2_joint,locus,0,1.0,13696,2.341805806147327,0.61106664
14300,HLA-A*24:02,esm2_joint,locus,0,1.0,13696,1.2237754316221157,1.0391611
14302,HLA-A*33:03,esm2_joint,locus,0,1.0,13696,0.0,1.4267361
14304,HLA-A*26:02,esm2_joint,locus,0,1.0,13696,0.33647223662121295,0.91621846
14306,HLA-A*24:02,esm2_joint,locus,0,1.0,13696,0.09531017980432487,0.5122835
14307,HLA-A*33:03,esm2_joint,locus,0,1.0,13696,0.4054651081081644,-0.123288214
14308,HLA-A*33:03,esm2_joint,locus,0,1.0,13696,0.9555114450274363,0.5028267
14309,HLA-A*11:01,esm2_joint,locus,0,1.0,13696,0.0,0.56438637
14311,HLA-A*29:02,esm2_joint,locus,0,1.0,13696,1.0296194171811583,1.2692496
14312,HLA-A*32:07,esm2_joint,locus,0,1.0,13696,0.18232155679395465,0.56166923
14314,HLA-A*66:01,esm2_joint,locus,0,1.0,13696,0.13976194237515868,0.9094312
14316,HLA-A*02:11,esm2_joint,locus,0,1.0,13696,2.451005098112319,0.61202973
14317,HLA-A*68:01,esm2_joint,locus,0,1.0,13696,0.18232155679395465,0.587409
14319,HLA-A*43:01,esm2_joint,locus,0,1.0,13696,0.0,1.1042485
14320,HLA-A*26:03,esm2_joint,locus,0,1.0,13696,0.4054651081081644,0.73985994
14323,HLA-A*02:16,esm2_joint,locus,0,1.0,13696,3.0633909220278057,0.035860956
14324,HLA-A*33:03,esm2_joint,locus,0,1.0,13696,3.6635616461296463,0.54050833
14326,HLA-A*68:23,esm2_joint,locus,0,1.0,13696,0.0,1.255662
14330,HLA-A*02:03,esm2_joint,locus,0,1.0,13696,0.7419373447293773,0.34897536
14331,HLA-A*80:01,esm2_joint,locus,0,1.0,13696,0.0,1.0365511
14333,HLA-A*26:02,esm2_joint,locus,0,1.0,13696,2.7343675094195836,0.6600745
14334,HLA-A*24:02,esm2_joint,locus,0,1.0,13696,0.33647223662121295,0.15642685
14336,HLA-A*74:01,esm2_joint,locus,0,1.0,13696,3.109060958860994,0.96097636
14339,HLA-A*03:01,esm2_joint,locus,0,1.0,13696,0.18232155679395465,1.384711
14341,HLA-A*03:01,esm2_joint,locus,0,1.0,13696,0.26236426446749106,0.5902878
14343,HLA-A*43:01,esm2_joint,locus,0,1.0,13696,0.0,0.82839084
14344,HLA-A*24:07,esm2_joint,locus,0,1.0,13696,0.4700036292457355,0.39442956
14345,HLA-A*25:01,esm2_joint,locus,0,1.0,13696,0.09531017980432487,0.366706
14352,HLA-A*26:02,esm2_joint,locus,0,1.0,13696,2.0014800002101243,0.69511807
14355,HLA-A*68:01,esm2_joint,locus,0,1.0,13696,0.4700036292457355,1.12439
14356,HLA-A*68:01,esm2_joint,locus,0,1.0,13696,0.0,0.9303003
14357,HLA-A*23:01,esm2_joint,locus,0,1.0,13696,0.4054651081081644,0.7480339
14360,HLA-A*02:11,esm2_joint,locus,0,1.0,13696,2.0412203288596382,0.5157068
14362,HLA-A*11:01,esm2_joint,locus,0,1.0,13696,0.18232155679395465,1.0243261
14364,HLA-A*80:01,esm2_joint,locus,0,1.0,13696,0.4054651081081644,1.0628377
14365,HLA-A*25:01,esm2_joint,locus,0,1.0,13696,0.0,0.6334627
14367,HLA-A*80:01,esm2_joint,locus,0,1.0,13696,0.0,0.57885253
14368,HLA-A*66:01,esm2_joint,locus,0,1.0,13696,0.18232155679395465,0.45382458
14369,HLA-A*30:01,esm2_joint,locus,0,1.0,13696,2.174751721484161,1.1234373
14372,HLA-A*80:01,esm2_joint,locus,0,1.0,13696,0.26236426446749106,1.0999163
14375,HLA-A*24:02,esm2_joint,locus,0,1.0,13696,0.7419373447293773,0.5509668
14377,HLA-A*02:12,esm2_joint,locus,0,1.0,13696,2.028148247292285,0.29541022
14380,HLA-A*02:01,esm2_joint,locus,0,1.0,13696,3.349904087274605,0.84506977
14381,HLA-A*02:10,esm2_joint,locus,0,1.0,13696,3.6609942506244004,0.47209865
14382,HLA-A*02:11,esm2_joint,locus,0,1.0,13696,1.9740810260220096,0.53845763
14384,HLA-A*26:02,esm2_joint,locus,0,1.0,13696,0.33647223662121295,0.49132752
14385,HLA-A*02:12,esm2_joint,locus,0,1.0,13696,0.18232155679395465,0.24880666
14386,HLA-A*31:01,esm2_joint,locus,0,1.0,13696,0.5877866649021191,0.022618353
14387,HLA-A*11:01,esm2_joint,locus,0,1.0,13696,0.7884573603642702,0.5799127
14388,HLA-A*24:02,esm2_joint,locus,0,1.0,13696,1.5686159179138452,1.2832947
14389,HLA-A*31:01,esm2_joint,locus,0,1.0,13696,1.7749523509116738,0.39660645
14398,HLA-A*23:01,esm2_joint,locus,0,1.0,13696,2.6026896854443837,0.6738794
14399,HLA-A*24:19,esm2_joint,locus,0,1.0,13696,0.09531017980432487,0.55915916
14400,HLA-A*68:01,esm2_joint,locus,0,1.0,13696,0.8754687373538999,0.8591701
14404,HLA-A*24:19,esm2_joint,locus,0,1.0,13696,0.9162907318741551,0.9582323
14405,HLA-A*68:23,esm2_joint,locus,0,1.0,13696,1.1314021114911006,0.43272603
14406,HLA-A*31:01,esm2_joint,locus,0,1.0,13696,1.9740810260220096,1.417283
14408,HLA-A*43:01,esm2_joint,locus,0,1.0,13696,0.4054651081081644,0.8124435
14409,HLA-A*24:02,esm2_joint,locus,0,1.0,13696,0.4054651081081644,0.47245473
14412,HLA-A*02:11,esm2_joint,locus,0,1.0,13696,2.509599262378372,1.2496712
14413,HLA-A*03:01,esm2_joint,locus,0,1.0,13696,0.18232155679395465,0.77896905
14415,HLA-A*26:03,esm2_joint,locus,0,1.0,13696,0.4054651081081644,0.7034517
14417,HLA-A*02:11,esm2_joint,locus,0,1.0,13696,1.33500106673234,0.653573
14422,HLA-A*43:01,esm2_joint,locus,0,1.0,13696,0.4054651081081644,1.4870418
14423,HLA-A*24:03,esm2_joint,locus,0,1.0,13696,2.8154087194227095,0.30564123
14427,HLA-A*02:03,esm2_joint,locus,0,1.0,13696,2.7343675094195836,0.6347659
14429,HLA-A*43:01,esm2_joint,locus,0,1.0,13696,0.18232155679395465,0.88807094
14430,HLA-A*30:02,esm2_joint,locus,0,1.0,13696,0.8754687373538999,0.7491478
14433,HLA-A*02:11,esm2_joint,locus,0,1.0,13696,2.772588722239781,0.37386245
14434,HLA-A*33:03,esm2_joint,locus,0,1.0,13696,0.8754687373538999,0.08346331
14436,HLA-A*80:01,esm2_joint,locus,0,1.0,13696,0.18232155679395465,0.7829571
14438,HLA-A*68:23,esm2_joint,locus,0,1.0,13696,0.4700036292457355,0.67002296
14442,HLA-A*11:01,esm2_joint,locus,0,1.0,13696,0.9162907318741551,0.5627898
14446,HLA-A*02:03,esm2_joint,locus,0,1.0,13696,3.353406717825807,0.4152534
14448,HLA-A*30:02,esm2_joint,locus,0,1.0,13696,0.33647223662121295,0.31994194
14449,HLA-A*25:01,esm2_joint,locus,0,1.0,13696,0.0,0.70460474
14452,HLA-A*24:07,esm2_joint,locus,0,1.0,13696,3.417726683613366,0.9167689
14453,HLA-A*68:23,esm2_joint,locus,0,1.0,13696,0.09531017980432487,0.34768307
14455,HLA-A*02:16,esm2_joint,locus,0,1.0,13696,2.424802725718295,0.28359705
14459,HLA-A*24:19,esm2_joint,locus,0,1.0,13696,0.7419373447293773,0.67513597
14462,HLA-A*02:19,esm2_joint,locus,0,1.0,13696,3.730501128804756,0.5341844
14465,HLA-A*24:07,esm2_joint,locus,0,1.0,13696,2.6741486494265287,1.0106031
14466,HLA-A*68:23,esm2_joint,locus,0,1.0,13696,0.26236426446749106,0.43412095
14469,HLA-A*24:19,esm2_joint,locus,0,1.0,13696,0.18232155679395465,0.80235267
14472,HLA-A*24:02,esm2_joint,locus,0,1.0,13696,0.26236426446749106,0.6239185
14474,HLA-A*30:02,esm2_joint,locus,0,1.0,13696,0.09531017980432487,0.7279198
14476,HLA-A*02:12,esm2_joint,locus,0,1.0,13696,3.8308129500026027,0.7841877
14477,HLA-A*26:02,esm2_joint,locus,0,1.0,13696,0.4700036292457355,0.6338114
14484,HLA-A*68:23,esm2_joint,locus,0,1.0,13696,0.33647223662121295,0.089947104
14488,HLA-A*02:16,esm2_joint,locus,0,1.0,13696,2.3513752571634776,0.2992199
14489,HLA-A*43:01,esm2_joint,locus,0,1.0,13696,0.0,0.7631913
14490,HLA-A*80:01,esm2_joint,locus,0,1.0,13696,0.26236426446749106,1.3201343
14493,HLA-A*24:02,esm2_joint,locus,0,1.0,13696,1.9600947840472698,0.48289838
14494,HLA-A*24:03,esm2_joint,locus,0,1.0,13696,1.1939224684724346,0.63856626
14497,HLA-A*02:16,esm2_joint,locus,0,1.0,13696,2.9391619220655967,0.7378427
14498,HLA-A*11:01,esm2_joint,locus,0,1.0,13696,3.8501476017100584,0.86214334
14501,HLA-A*80:01,esm2_joint,locus,0,1.0,13696,0.0,1.0395113
14502,HLA-A*80:01,esm2_joint,locus,0,1.0,13696,0.832909122935104,0.69565964
14506,HLA-A*30:02,esm2_joint,locus,0,1.0,13696,0.0,0.53423035
14507,HLA-A*23:01,esm2_joint,locus,0,1.0,13696,2.1041341542702074,0.734377
14512,HLA-A*02:19,esm2_joint,locus,0,1.0,13696,0.5306282510621704,0.3113817
14513,HLA-A*68:01,esm2_joint,locus,0,1.0,13696,0.33647223662121295,0.37789696
14517,HLA-A*26:02,esm2_joint,locus,0,1.0,13696,0.832909122935104,0.43354052
14518,HLA-A*43:01,esm2_joint,locus,0,1.0,13696,0.6931471805599453,1.0184904
14519,HLA-A*29:02,esm2_joint,locus,0,1.0,13696,0.33647223662121295,0.65326065
14520,HLA-A*29:02,esm2_joint,locus,0,1.0,13696,0.18232155679395465,0.5160483
14521,HLA-A*30:02,esm2_joint,locus,0,1.0,13696,0.26236426446749106,0.16596621
14524,HLA-A*02:03,esm2_joint,locus,0,1.0,13696,0.9162907318741551,0.12326157
14525,HLA-A*24:19,esm2_joint,locus,0,1.0,13696,1.6094379124341003,1.3390456
14526,HLA-A*32:01,esm2_joint,locus,0,1.0,13696,0.26236426446749106,0.8385999
14532,HLA-A*68:23,esm2_joint,locus,0,1.0,13696,0.9162907318741551,0.5268933
14536,HLA-A*02:10,esm2_joint,locus,0,1.0,13696,0.0,0.08914369
14539,HLA-A*66:01,esm2_joint,locus,0,1.0,13696,0.18232155679395465,0.7495539
14540,HLA-A*02:03,esm2_joint,locus,0,1.0,13696,2.7013612129514133,0.46446234
14542,HLA-A*24:03,esm2_joint,locus,0,1.0,13696,3.0007198150650303,0.89560145
14543,HLA-A*24:19,esm2_joint,locus,0,1.0,13696,0.18232155679395465,0.3917117
14544,HLA-A*24:19,esm2_joint,locus,0,1.0,13696,0.26236426446749106,0.3845237
14546,HLA-A*80:01,esm2_joint,locus,0,1.0,13696,1.2237754316221157,0.55176425
14547,HLA-A*25:01,esm2_joint,locus,0,1.0,13696,3.822098297900159,0.7592609
14548,HLA-A*25:01,esm2_joint,locus,0,1.0,13696,0.5877866649021191,0.4773708
14549,HLA-A*26:02,esm2_joint,locus,0,1.0,13696,0.18232155679395465,0.89412856
14550,HLA-A*02:16,esm2_joint,locus,0,1.0,13696,2.2925347571405443,0.3915801
14553,HLA-A*43:01,esm2_joint,locus,0,1.0,13696,0.6418538861723948,0.976241
14554,HLA-A*66:01,esm2_joint,locus,0,1.0,13696,0.0,0.7312558
14556,HLA-A*30:02,esm2_joint,locus,0,1.0,13696,1.3609765531356006,0.75923073
14557,HLA-A*80:01,esm2_joint,locus,0,1.0,13696,0.5877866649021191,0.8950225
14559,HLA-A*30:02,esm2_joint,locus,0,1.0,13696,0.33647223662121295,0.74497724
14561,HLA-A*02:12,esm2_joint,locus,0,1.0,13696,3.292126286607793,0.34411973
14562,HLA-A*30:01,esm2_joint,locus,0,1.0,13696,0.832909122935104,0.4905383
14563,HLA-A*33:03,esm2_joint,locus,0,1.0,13696,0.0,1.2575111
14565,HLA-A*32:07,esm2_joint,locus,0,1.0,13696,0.0,0.6973066
14567,HLA-A*02:16,esm2_joint,locus,0,1.0,13696,2.0541237336955462,0.7172244
14569,HLA-A*25:01,esm2_joint,locus,0,1.0,13696,0.18232155679395465,0.72397006
14571,HLA-A*24:02,esm2_joint,locus,0,1.0,13696,1.252762968495368,0.71671414
14572,HLA-A*02:12,esm2_joint,locus,0,1.0,13696,2.322387720290225,0.79062796
14575,HLA-A*43:01,esm2_joint,locus,0,1.0,13696,0.4054651081081644,1.0827156
14576,HLA-A*29:02,esm2_joint,locus,0,1.0,13696,0.0,1.2094072
14578,HLA-A*24:02,esm2_joint,locus,0,1.0,13696,0.6931471805599453,0.34887582
14580,HLA-A*32:07,esm2_joint,locus,0,1.0,13696,0.0,0.8697186
14581,HLA-A*25:01,esm2_joint,locus,0,1.0,13696,0.0,0.65710986
14583,HLA-A*68:01,esm2_joint,locus,0,1.0,13696,1.5260563034950494,0.29679543
14586,HLA-A*26:03,esm2_joint,locus,0,1.0,13696,2.0918640616783932,0.40106076
14588,HLA-A*02:10,esm2_joint,locus,0,1.0,13696,1.0296194171811583,0.6197876
14589,HLA-A*02:16,esm2_joint,locus,0,1.0,13696,2.2512917986064953,0.027825952
14590,HLA-A*02:01,esm2_joint,locus,0,1.0,13696,0.10436001532424277,0.21198756
14594,HLA-A*26:03,esm2_joint,locus,0,1.0,13696,0.6418538861723948,0.30559272
14595,HLA-A*02:10,esm2_joint,locus,0,1.0,13696,0.4700036292457355,0.099841535
14596,HLA-A*02:16,esm2_joint,locus,0,1.0,13696,2.186051276738094,0.9055492
14598,HLA-A*03:01,esm2_joint,locus,0,1.0,13696,3.594568774642695,1.0302335
14599,HLA-A*02:12,esm2_joint,locus,0,1.0,13696,0.7419373447293773,0.46020812
14600,HLA-A*03:01,esm2_joint,locus,0,1.0,13696,3.9740583963475986,0.9702469
14606,HLA-A*02:50,esm2_joint,locus,0,1.0,13696,2.785011242238338,0.5416954
14608,HLA-A*32:07,esm2_joint,locus,0,1.0,13696,0.7884573603642702,0.5033628
14609,HLA-A*02:03,esm2_joint,locus,0,1.0,13696,0.7419373447293773,0.3032847
14612,HLA-A*24:19,esm2_joint,locus,0,1.0,13696,0.7419373447293773,0.87103385
14614,HLA-A*02:03,esm2_joint,locus,0,1.0,13696,2.4159137783010487,0.52975255
14616,HLA-A*29:02,esm2_joint,locus,0,1.0,13696,1.3609765531356006,1.2292435
14617,HLA-A*80:01,esm2_joint,locus,0,1.0,13696,0.18232155679395465,0.8219568
14618,HLA-A*03:01,esm2_joint,locus,0,1.0,13696,2.4159137783010487,0.7054795
14620,HLA-A*43:01,esm2_joint,locus,0,1.0,13696,0.18232155679395465,0.69798386
14621,HLA-A*80:01,esm2_joint,locus,0,1.0,13696,0.18232155679395465,1.0331012
14624,HLA-A*02:11,esm2_joint,locus,0,1.0,13696,0.33647223662121295,0.5436164
14625,HLA-A*02:12,esm2_joint,locus,0,1.0,13696,1.0986122886681098,0.19708514
14629,HLA-A*24:03,esm2_joint,locus,0,1.0,13696,2.72785282839839,0.7263775
14630,HLA-A*26:02,esm2_joint,locus,0,1.0,13696,1.6094379124341003,0.29438084
14638,HLA-A*43:01,esm2_joint,locus,0,1.0,13696,0.09531017980432487,0.9612336
14639,HLA-A*80:01,esm2_joint,locus,0,1.0,13696,0.0,1.0470188
14640,HLA-A*32:07,esm2_joint,locus,0,1.0,13696,3.5467396869528134,0.39072192
14641,HLA-A*25:01,esm2_joint,locus,0,1.0,13696,4.027135812528651,0.09158862
14643,HLA-A*66:01,esm2_joint,locus,0,1.0,13696,0.0,0.76956487
14644,HLA-A*24:02,esm2_joint,locus,0,1.0,13696,0.33647223662121295,0.34986836
14645,HLA-A*02:03,esm2_joint,locus,0,1.0,13696,3.0106208860477417,0.31041414
14646,HLA-A*24:07,esm2_joint,locus,0,1.0,13696,0.5306282510621704,0.46363157
14648,HLA-A*02:03,esm2_joint,locus,0,1.0,13696,0.5877866649021191,0.1954509
14649,HLA-A*02:16,esm2_joint,locus,0,1.0,13696,2.2823823856765264,0.40055734
14652,HLA-A*68:01,esm2_joint,locus,0,1.0,13696,3.095577608523707,0.90034246
14655,HLA-A*32:07,esm2_joint,locus,0,1.0,13696,0.0,1.4672866
14656,HLA-A*24:03,esm2_joint,locus,0,1.0,13696,3.2347491740244907,0.9703154
14658,HLA-A*24:02,esm2_joint,locus,0,1.0,13696,0.4700036292457355,0.4040392
14659,HLA-A*24:02,esm2_joint,locus,0,1.0,13696,0.26236426446749106,0.355707
14662,HLA-A*24:07,esm2_joint,locus,0,1.0,13696,0.09531017980432487,0.055638075
14663,HLA-A*11:01,esm2_joint,locus,0,1.0,13696,1.410986973710262,0.77878094
14664,HLA-A*74:01,esm2_joint,locus,0,1.0,13696,2.5649493574615367,1.0283912
14666,HLA-A*32:07,esm2_joint,locus,0,1.0,13696,2.5257286443082556,0.8226028
14668,HLA-A*03:01,esm2_joint,locus,0,1.0,13696,0.9162907318741551,0.88147825
14671,HLA-A*25:01,esm2_joint,locus,0,1.0,13696,0.0,1.0800774
14675,HLA-A*26:03,esm2_joint,locus,0,1.0,13696,1.2809338454620642,0.41797143
14678,HLA-A*80:01,esm2_joint,locus,0,1.0,13696,0.0,0.656539
14681,HLA-A*23:01,esm2_joint,locus,0,1.0,13696,0.7884573603642702,0.32420152
14682,HLA-A*02:01,esm2_joint,locus,0,1.0,13696,2.2082744135228043,0.5425894
14684,HLA-A*24:03,esm2_joint,locus,0,1.0,13696,1.7047480922384253,0.92295957
14685,HLA-A*24:07,esm2_joint,locus,0,1.0,13696,0.6418538861723948,0.51502347
14687,HLA-A*74:01,esm2_joint,locus,0,1.0,13696,0.5877866649021191,1.2166767
14690,HLA-A*11:01,esm2_joint,locus,0,1.0,13696,0.4054651081081644,0.5445013
14696,HLA-A*68:01,esm2_joint,locus,0,1.0,13696,0.832909122935104,0.823633
14700,HLA-A*74:01,esm2_joint,locus,0,1.0,13696,3.572345637857985,0.9257914
14705,HLA-A*80:01,esm2_joint,locus,0,1.0,13696,0.18232155679395465,0.60436726
14706,HLA-A*23:01,esm2_joint,locus,0,1.0,13696,3.254242968705492,0.5817298
14711,HLA-A*02:12,esm2_joint,locus,0,1.0,13696,3.2846635654062037,0.3440464
14717,HLA-A*29:02,esm2_joint,locus,0,1.0,13696,2.856470206220483,0.83453
14718,HLA-A*68:23,esm2_joint,locus,0,1.0,13696,0.0,0.86981577
14719,HLA-A*02:16,esm2_joint,locus,0,1.0,13696,3.0587070727153796,0.12341112
14720,HLA-A*30:01,esm2_joint,locus,0,1.0,13696,2.3608540011180215,0.94782376
14721,HLA-A*31:01,esm2_joint,locus,0,1.0,13696,2.617395832834079,0.8566148
14724,HLA-A*24:02,esm2_joint,locus,0,1.0,13696,2.975529566236472,0.74125004
14726,HLA-A*80:01,esm2_joint,locus,0,1.0,13696,1.410986973710262,0.7199183
14729,HLA-A*24:07,esm2_joint,locus,0,1.0,13696,2.6390573296152584,0.20908779
14733,HLA-A*24:02,esm2_joint,locus,0,1.0,13696,0.4054651081081644,0.29504412
14734,HLA-A*02:19,esm2_joint,locus,0,1.0,13696,3.2771447329921766,0.6686181
14735,HLA-A*74:01,esm2_joint,locus,0,1.0,13696,0.0,0.93864375
14737,HLA-A*32:07,esm2_joint,locus,0,1.0,13696,1.0296194171811583,0.93852717
14743,HLA-A*43:01,esm2_joint,locus,0,1.0,13696,0.18232155679395465,1.0894047
14745,HLA-A*66:01,esm2_joint,locus,0,1.0,13696,0.26236426446749106,0.857998
14750,HLA-A*29:02,esm2_joint,locus,0,1.0,13696,2.8449093838194073,1.1296769
14751,HLA-A*23:01,esm2_joint,locus,0,1.0,13696,0.832909122935104,1.2562933
14752,HLA-A*66:01,esm2_joint,locus,0,1.0,13696,0.0,0.7737489
14753,HLA-A*24:02,esm2_joint,locus,0,1.0,13696,1.2237754316221157,0.7860728
14755,HLA-A*02:16,esm2_joint,locus,0,1.0,13696,0.7884573603642702,0.73172325
14756,HLA-A*30:01,esm2_joint,locus,0,1.0,13696,2.4765384001174837,0.6431495
14769,HLA-A*02:10,esm2_joint,locus,0,1.0,13696,2.785011242238338,0.7243281
14770,HLA-A*02:19,esm2_joint,locus,0,1.0,13696,0.5306282510621704,0.48282915
14774,HLA-A*80:01,esm2_joint,locus,0,1.0,13696,0.18232155679395465,0.6039101
14775,HLA-A*02:10,esm2_joint,locus,0,1.0,13696,1.308332819650179,0.22163075
14776,HLA-A*02:50,esm2_joint,locus,0,1.0,13696,0.5306282510621704,0.6244366
14777,HLA-A*30:01,esm2_joint,locus,0,1.0,13696,0.0,0.9091723
14782,HLA-A*03:01,esm2_joint,locus,0,1.0,13696,0.09531017980432487,1.1954195
14783,HLA-A*02:16,esm2_joint,locus,0,1.0,13696,2.2512917986064953,1.1770625
14784,HLA-A*11:01,esm2_joint,locus,0,1.0,13696,0.4054651081081644,0.39622682
14789,HLA-A*32:07,esm2_joint,locus,0,1.0,13696,0.0,0.5627757
14792,HLA-A*02:10,esm2_joint,locus,0,1.0,13696,1.6094379124341003,0.58191824
14793,HLA-A*30:02,esm2_joint,locus,0,1.0,13696,2.3978952727983707,1.3691981
14794,HLA-A*02:50,esm2_joint,locus,0,1.0,13696,1.589235205116581,0.31945807
14795,HLA-A*11:01,esm2_joint,locus,0,1.0,13696,3.109060958860994,1.2251409
14798,HLA-A*32:07,esm2_joint,locus,0,1.0,13696,1.5040773967762742,0.84480745
14799,HLA-A*32:07,esm2_joint,locus,0,1.0,13696,0.0,0.6131281
14800,HLA-A*26:03,esm2_joint,locus,0,1.0,13696,0.4054651081081644,0.8833722
14804,HLA-A*24:07,esm2_joint,locus,0,1.0,13696,2.766319109226186,1.1487794
14808,HLA-A*68:01,esm2_joint,locus,0,1.0,13696,2.1041341542702074,0.2308479
14810,HLA-A*43:01,esm2_joint,locus,0,1.0,13696,0.18232155679395465,1.0172925
14811,HLA-A*29:02,esm2_joint,locus,0,1.0,13696,2.186051276738094,1.2009959
14813,HLA-A*02:01,esm2_joint,locus,0,1.0,13696,3.6686767467964168,0.05764562
14814,HLA-A*02:16,esm2_joint,locus,0,1.0,13696,2.6602595372658615,0.7964122
14819,HLA-A*24:02,esm2_joint,locus,0,1.0,13696,1.8562979903656263,0.28575426
14820,HLA-A*02:10,esm2_joint,locus,0,1.0,13696,0.9932517730102833,0.2671169
14821,HLA-A*02:16,esm2_joint,locus,0,1.0,13696,1.840549633397487,0.81793904
14826,HLA-A*24:02,esm2_joint,locus,0,1.0,13696,1.3609765531356006,0.589507
14828,HLA-A*02:11,esm2_joint,locus,0,1.0,13696,2.5494451709255714,-0.035544932
14832,HLA-A*24:02,esm2_joint,locus,0,1.0,13696,0.18232155679395465,1.0713274
14833,HLA-A*26:03,esm2_joint,locus,0,1.0,13696,0.18232155679395465,-0.047166288
14834,HLA-A*02:11,esm2_joint,locus,0,1.0,13696,1.5040773967762742,0.5978617
14835,HLA-A*32:07,esm2_joint,locus,0,1.0,13696,0.0,0.78639674
14836,HLA-A*26:02,esm2_joint,locus,0,1.0,13696,2.3608540011180215,0.39951253
14837,HLA-A*26:02,esm2_joint,locus,0,1.0,13696,0.0,0.79250824
14838,HLA-A*02:03,esm2_joint,locus,0,1.0,13696,0.5306282510621704,0.45991027
14839,HLA-A*74:01,esm2_joint,locus,0,1.0,13696,0.5306282510621704,0.85777056
14842,HLA-A*68:23,esm2_joint,locus,0,1.0,13696,0.33647223662121295,0.62769437
14843,HLA-A*66:01,esm2_joint,locus,0,1.0,13696,0.18232155679395465,0.50715244
14846,HLA-A*11:01,esm2_joint,locus,0,1.0,13696,2.797281334830153,1.0909835
14847,HLA-A*32:07,esm2_joint,locus,0,1.0,13696,2.322387720290225,1.315396
14848,HLA-A*11:01,esm2_joint,locus,0,1.0,13696,3.5409593240373143,1.1246328
14853,HLA-A*02:50,esm2_joint,locus,0,1.0,13696,2.0794415416798357,0.28717142
14855,HLA-A*30:01,esm2_joint,locus,0,1.0,13696,0.7419373447293773,0.6807252
14856,HLA-A*31:01,esm2_joint,locus,0,1.0,13696,2.797281334830153,1.534237
14865,HLA-A*02:03,esm2_joint,locus,0,1.0,13696,1.410986973710262,0.48986158
14870,HLA-A*74:01,esm2_joint,locus,0,1.0,13696,0.0,0.9061266
14871,HLA-A*74:01,esm2_joint,locus,0,1.0,13696,3.970291913552122,1.2583601
14872,HLA-A*23:01,esm2_joint,locus,0,1.0,13696,3.295836866004329,0.30208284
14873,HLA-A*68:23,esm2_joint,locus,0,1.0,13696,0.7419373447293773,0.7876729
14874,HLA-A*33:03,esm2_joint,locus,0,1.0,13696,0.0,1.5320686
14876,HLA-A*43:01,esm2_joint,locus,0,1.0,13696,0.18232155679395465,1.1197822
14877,HLA-A*29:02,esm2_joint,locus,0,1.0,13696,1.7047480922384253,0.8026133
14878,HLA-A*80:01,esm2_joint,locus,0,1.0,13696,0.4700036292457355,0.72028303
14879,HLA-A*26:02,esm2_joint,locus,0,1.0,13696,1.308332819650179,0.76305974
14881,HLA-A*31:01,esm2_joint,locus,0,1.0,13696,1.4816045409242156,0.52184683
14882,HLA-A*68:01,esm2_joint,locus,0,1.0,13696,0.7419373447293773,1.0366662
14885,HLA-A*26:02,esm2_joint,locus,0,1.0,13696,0.0,1.225187
14886,HLA-A*68:23,esm2_joint,locus,0,1.0,13696,0.18232155679395465,0.42557162
14890,HLA-A*25:01,esm2_joint,locus,0,1.0,13696,1.252762968495368,0.47797346
14892,HLA-A*02:12,esm2_joint,locus,0,1.0,13696,3.0492730404820207,0.68721074
14893,HLA-A*02:19,esm2_joint,locus,0,1.0,13696,1.1631508098056809,0.3372699
14899,HLA-A*69:01,esm2_joint,locus,0,1.0,13696,0.5306282510621704,0.94016236
14900,HLA-A*02:10,esm2_joint,locus,0,1.0,13696,0.26236426446749106,0.5933982
14901,HLA-A*02:19,esm2_joint,locus,0,1.0,13696,0.5877866649021191,0.6582337
14902,HLA-A*30:02,esm2_joint,locus,0,1.0,13696,0.0,0.9355724
14905,HLA-A*02:03,esm2_joint,locus,0,1.0,13696,0.33647223662121295,0.5116197
14907,HLA-A*29:02,esm2_joint,locus,0,1.0,13696,2.791165107812717,1.2271422
14908,HLA-A*23:01,esm2_joint,locus,0,1.0,13696,3.7773481021015445,1.0717536
14910,HLA-A*24:19,esm2_joint,locus,0,1.0,13696,0.09531017980432487,0.85850143
14913,HLA-A*02:50,esm2_joint,locus,0,1.0,13696,1.1314021114911006,0.15234512
14914,HLA-A*30:01,esm2_joint,locus,0,1.0,13696,0.0,0.13243693
14915,HLA-A*30:01,esm2_joint,locus,0,1.0,13696,1.547562508716013,0.50442725
14917,HLA-A*02:10,esm2_joint,locus,0,1.0,13696,3.374168709274236,0.3866011
14918,HLA-A*02:10,esm2_joint,locus,0,1.0,13696,1.0647107369924282,0.22464186
14920,HLA-A*23:01,esm2_joint,locus,0,1.0,13696,0.26236426446749106,0.16000378
14922,HLA-A*24:19,esm2_joint,locus,0,1.0,13696,0.26236426446749106,1.0077168
14923,HLA-A*66:01,esm2_joint,locus,0,1.0,13696,0.0,0.9587995
14926,HLA-A*03:01,esm2_joint,locus,0,1.0,13696,0.0,0.9359081
14930,HLA-A*02:11,esm2_joint,locus,0,1.0,13696,2.0149030205422647,0.012914419
14931,HLA-A*02:50,esm2_joint,locus,0,1.0,13696,1.2809338454620642,0.14764273
14938,HLA-A*29:02,esm2_joint,locus,0,1.0,13696,0.4382549309311553,0.8595886
14939,HLA-A*80:01,esm2_joint,locus,0,1.0,13696,0.4054651081081644,0.8624078
14940,HLA-A*31:01,esm2_joint,locus,0,1.0,13696,3.6686767467964168,0.9995285
14942,HLA-A*23:01,esm2_joint,locus,0,1.0,13696,3.6109179126442243,0.724149
14945,HLA-A*02:10,esm2_joint,locus,0,1.0,13696,3.054001181677967,0.2730742
14952,HLA-A*29:02,esm2_joint,locus,0,1.0,13696,0.18232155679395465,1.5822871
14954,HLA-A*68:01,esm2_joint,locus,0,1.0,13696,0.0,1.0257229
14958,HLA-A*02:10,esm2_joint,locus,0,1.0,13696,0.09531017980432487,-0.09041029
14959,HLA-A*02:16,esm2_joint,locus,0,1.0,13696,2.4849066497880004,0.35851055
14960,HLA-A*68:01,esm2_joint,locus,0,1.0,13696,0.0,1.1313354
14961,HLA-A*26:03,esm2_joint,locus,0,1.0,13696,1.2809338454620642,0.10248983
14962,HLA-A*02:10,esm2_joint,locus,0,1.0,13696,3.4111477125153233,0.5453191
14963,HLA-A*02:19,esm2_joint,locus,0,1.0,13696,2.7013612129514133,0.3372001
14966,HLA-A*68:23,esm2_joint,locus,0,1.0,13696,0.4700036292457355,0.9282504
14967,HLA-A*68:23,esm2_joint,locus,0,1.0,13696,1.0647107369924282,0.78504103
14968,HLA-A*66:01,esm2_joint,locus,0,1.0,13696,0.0,0.83081603
14970,HLA-A*02:11,esm2_joint,locus,0,1.0,13696,1.9740810260220096,0.55997705
14971,HLA-A*31:01,esm2_joint,locus,0,1.0,13696,0.18232155679395465,1.0719748
14973,HLA-A*43:01,esm2_joint,locus,0,1.0,13696,0.0,0.44161677
14974,HLA-A*68:23,esm2_joint,locus,0,1.0,13696,0.18232155679395465,0.7093116
14975,HLA-A*32:01,esm2_joint,locus,0,1.0,13696,0.0,0.5560082
14976,HLA-A*02:12,esm2_joint,locus,0,1.0,13696,3.6000482404073204,0.40990275
14977,HLA-A*02:50,esm2_joint,locus,0,1.0,13696,1.62924053973028,0.15606934
14978,HLA-A*33:03,esm2_joint,locus,0,1.0,13696,1.8718021769015913,0.74366504
14981,HLA-A*24:02,esm2_joint,locus,0,1.0,13696,0.6931471805599453,0.89937353
14982,HLA-A*02:11,esm2_joint,locus,0,1.0,13696,2.128231705849268,0.38147736
14983,HLA-A*74:01,esm2_joint,locus,0,1.0,13696,0.4054651081081644,0.6620275
14987,HLA-A*66:01,esm2_joint,locus,0,1.0,13696,0.4700036292457355,0.6997891
14992,HLA-A*80:01,esm2_joint,locus,0,1.0,13696,0.4054651081081644,0.86525255
14993,HLA-A*32:07,esm2_joint,locus,0,1.0,13696,3.3032169733019514,0.585535
14996,HLA-A*02:12,esm2_joint,locus,0,1.0,13696,0.0,0.81029725
14997,HLA-A*30:01,esm2_joint,locus,0,1.0,13696,0.0,0.5763637
15000,HLA-A*43:01,esm2_joint,locus,0,1.0,13696,0.26236426446749106,1.1700162
15001,HLA-A*43:01,esm2_joint,locus,0,1.0,13696,0.0,0.8263906
15002,HLA-A*02:03,esm2_joint,locus,0,1.0,13696,2.8094026953624973,0.34776044
15006,HLA-A*24:19,esm2_joint,locus,0,1.0,13696,0.18232155679395465,0.89248675
15007,HLA-A*24:19,esm2_joint,locus,0,1.0,13696,0.18232155679395465,0.58029956
15008,HLA-A*68:23,esm2_joint,locus,0,1.0,13696,0.4700036292457355,0.2147932
15012,HLA-A*25:01,esm2_joint,locus,0,1.0,13696,2.4292177439274116,0.53144825
15013,HLA-A*66:01,esm2_joint,locus,0,1.0,13696,0.18232155679395465,1.2090151
15015,HLA-A*02:50,esm2_joint,locus,0,1.0,13696,2.151762203259462,0.18085068
15016,HLA-A*02:19,esm2_joint,locus,0,1.0,13696,1.8562979903656263,0.34333968
15017,HLA-A*26:02,esm2_joint,locus,0,1.0,13696,0.0,0.45986104
15018,HLA-A*01:01,esm2_joint,locus,0,1.0,13696,4.456670177669648,0.6077063
15019,HLA-A*31:01,esm2_joint,locus,0,1.0,13696,0.0,0.9292916
15021,HLA-A*02:11,esm2_joint,locus,0,1.0,13696,3.005682604407159,0.32229352
15024,HLA-A*32:07,esm2_joint,locus,0,1.0,13696,2.128231705849268,0.81271386
15028,HLA-A*24:02,esm2_joint,locus,0,1.0,13696,0.33647223662121295,0.534676
15029,HLA-A*02:10,esm2_joint,locus,0,1.0,13696,3.751854253275325,0.11322409
15030,HLA-A*74:01,esm2_joint,locus,0,1.0,13696,1.4586150226995167,1.1924684
15034,HLA-A*02:10,esm2_joint,locus,0,1.0,13696,0.8754687373538999,-0.0057027936
15035,HLA-A*02:10,esm2_joint,locus,0,1.0,13696,0.18232155679395465,0.040620565
15038,HLA-A*26:02,esm2_joint,locus,0,1.0,13696,1.0986122886681098,0.33699197
15039,HLA-A*30:01,esm2_joint,locus,0,1.0,13696,0.5306282510621704,0.5483795
15041,HLA-A*24:07,esm2_joint,locus,0,1.0,13696,1.0296194171811583,0.65629065
15043,HLA-A*23:01,esm2_joint,locus,0,1.0,13696,0.26236426446749106,0.5811299
15044,HLA-A*23:01,esm2_joint,locus,0,1.0,13696,0.4054651081081644,0.252248
15045,HLA-A*31:01,esm2_joint,locus,0,1.0,13696,1.0296194171811583,1.2559597
15050,HLA-A*02:10,esm2_joint,locus,0,1.0,13696,2.3702437414678603,0.6527537
15051,HLA-A*33:03,esm2_joint,locus,0,1.0,13696,1.589235205116581,0.8113177
15052,HLA-A*11:01,esm2_joint,locus,0,1.0,13696,3.9684033388642534,1.1779877
15054,HLA-A*30:02,esm2_joint,locus,0,1.0,13696,2.1400661634962708,1.0880605
15055,HLA-A*25:01,esm2_joint,locus,0,1.0,13696,0.0,0.2576707
15058,HLA-A*02:03,esm2_joint,locus,0,1.0,13696,0.4054651081081644,-0.030685723
15059,HLA-A*68:01,esm2_joint,locus,0,1.0,13696,0.6418538861723948,0.8071477
15061,HLA-A*43:01,esm2_joint,locus,0,1.0,13696,0.33647223662121295,1.1751859
15062,HLA-A*24:19,esm2_joint,locus,0,1.0,13696,0.0,0.32873344
15063,HLA-A*66:01,esm2_joint,locus,0,1.0,13696,0.09531017980432487,0.7912822
15065,HLA-A*26:02,esm2_joint,locus,0,1.0,13696,0.6418538861723948,0.55527264
15070,HLA-A*30:02,esm2_joint,locus,0,1.0,13696,0.4054651081081644,0.7529645
15071,HLA-A*26:02,esm2_joint,locus,0,1.0,13696,0.18232155679395465,0.44300824
15072,HLA-A*31:01,esm2_joint,locus,0,1.0,13696,1.547562508716013,0.8991618
15075,HLA-A*32:07,esm2_joint,locus,0,1.0,13696,1.4586150226995167,1.285822
15082,HLA-A*02:12,esm2_joint,locus,0,1.0,13696,0.0,0.36099267
15084,HLA-A*23:01,esm2_joint,locus,0,1.0,13696,0.33647223662121295,0.69139564
15088,HLA-A*24:02,esm2_joint,locus,0,1.0,13696,0.18232155679395465,0.45989525
15092,HLA-A*32:07,esm2_joint,locus,0,1.0,13696,0.0,1.0882902
15094,HLA-A*02:01,esm2_joint,locus,0,1.0,13696,3.1135153092103742,0.30507648
15095,HLA-A*02:11,esm2_joint,locus,0,1.0,13696,0.9162907318741551,0.36582637
15096,HLA-A*33:03,esm2_joint,locus,0,1.0,13696,2.0541237336955462,0.5860381
15097,HLA-A*29:02,esm2_joint,locus,0,1.0,13696,0.33647223662121295,1.0131916
15100,HLA-A*02:19,esm2_joint,locus,0,1.0,13696,2.9231615807191558,0.18097937
15101,HLA-A*74:01,esm2_joint,locus,0,1.0,13696,1.9878743481543455,1.002981
15104,HLA-A*23:01,esm2_joint,locus,0,1.0,13696,3.6913763343125234,0.94965255
15105,HLA-A*25:01,esm2_joint,locus,0,1.0,13696,0.4054651081081644,0.31884038
15106,HLA-A*66:01,esm2_joint,locus,0,1.0,13696,0.0,1.2780039
15107,HLA-A*26:03,esm2_joint,locus,0,1.0,13696,0.18232155679395465,0.35761756
15109,HLA-A*02:03,esm2_joint,locus,0,1.0,13696,1.308332819650179,1.0493922
15115,HLA-A*80:01,esm2_joint,locus,0,1.0,13696,0.0,1.430161
15116,HLA-A*25:01,esm2_joint,locus,0,1.0,13696,0.0,1.0103812
15117,HLA-A*66:01,esm2_joint,locus,0,1.0,13696,0.0,0.36914212
15123,HLA-A*30:01,esm2_joint,locus,0,1.0,13696,0.4700036292457355,0.770344
15124,HLA-A*30:01,esm2_joint,locus,0,1.0,13696,0.0,0.5153102
15126,HLA-A*23:01,esm2_joint,locus,0,1.0,13696,2.151762203259462,0.6877546
15131,HLA-A*32:07,esm2_joint,locus,0,1.0,13696,3.616308761279101,0.9966178
15133,HLA-A*24:19,esm2_joint,locus,0,1.0,13696,0.18232155679395465,0.45469934
15134,HLA-A*24:02,esm2_joint,locus,0,1.0,13696,2.2407096892759584,1.0375167
15135,HLA-A*74:01,esm2_joint,locus,0,1.0,13696,0.0,0.8916509
15136,HLA-A*29:02,esm2_joint,locus,0,1.0,13696,1.2809338454620642,1.3843857
15138,HLA-A*02:50,esm2_joint,locus,0,1.0,13696,2.0014800002101243,0.5570979
15140,HLA-A*26:03,esm2_joint,locus,0,1.0,13696,0.33647223662121295,0.12698334
15143,HLA-A*32:07,esm2_joint,locus,0,1.0,13696,2.975529566236472,1.125042
15144,HLA-A*11:01,esm2_joint,locus,0,1.0,13696,4.097672352314776,1.2408094
15145,HLA-A*02:03,esm2_joint,locus,0,1.0,13696,3.4719664525503626,0.35574824
15151,HLA-A*68:01,esm2_joint,locus,0,1.0,13696,0.18232155679395465,1.014837
15156,HLA-A*43:01,esm2_joint,locus,0,1.0,13696,0.33647223662121295,1.2411942
15160,HLA-A*02:12,esm2_joint,locus,0,1.0,13696,3.4436180975461075,-0.113131225
15162,HLA-A*30:01,esm2_joint,locus,0,1.0,13696,0.0,0.35337794
15163,HLA-A*68:01,esm2_joint,locus,0,1.0,13696,0.0,0.8340479
15168,HLA-A*02:12,esm2_joint,locus,0,1.0,13696,3.845883202923601,0.66502404
15169,HLA-A*02:50,esm2_joint,locus,0,1.0,13696,3.100092288878234,0.36460215
15175,HLA-A*02:50,esm2_joint,locus,0,1.0,13696,2.72785282839839,0.3192281
15176,HLA-A*02:50,esm2_joint,locus,0,1.0,13696,0.4700036292457355,0.07133639
15178,HLA-A*26:02,esm2_joint,locus,0,1.0,13696,0.0,0.49397108
15180,HLA-A*02:10,esm2_joint,locus,0,1.0,13696,0.6418538861723948,0.41120094
15181,HLA-A*02:12,esm2_joint,locus,0,1.0,13696,1.6094379124341003,0.19318563
15188,HLA-A*23:01,esm2_joint,locus,0,1.0,13696,2.7788192719904172,0.56615716
15189,HLA-A*24:19,esm2_joint,locus,0,1.0,13696,0.0,0.24354935
15193,HLA-A*02:10,esm2_joint,locus,0,1.0,13696,0.18232155679395465,0.20953363
15195,HLA-A*23:01,esm2_joint,locus,0,1.0,13696,1.7047480922384253,0.577633
15199,HLA-A*02:19,esm2_joint,locus,0,1.0,13696,3.32862668882732,0.60043025
15200,HLA-A*11:01,esm2_joint,locus,0,1.0,13696,2.6390573296152584,0.59460694
15203,HLA-A*24:03,esm2_joint,locus,0,1.0,13696,2.6100697927420065,0.645107
15204,HLA-A*66:01,esm2_joint,locus,0,1.0,13696,0.18232155679395465,0.94750315
15206,HLA-A*80:01,esm2_joint,locus,0,1.0,13696,0.6931471805599453,0.9087978
15207,HLA-A*26:02,esm2_joint,locus,0,1.0,13696,0.4700036292457355,0.5502027
15208,HLA-A*26:03,esm2_joint,locus,0,1.0,13696,0.0,0.017832339
15210,HLA-A*24:07,esm2_joint,locus,0,1.0,13696,2.0149030205422647,0.07910401
15212,HLA-A*68:01,esm2_joint,locus,0,1.0,13696,4.255612709818223,0.738373
15214,HLA-A*24:19,esm2_joint,locus,0,1.0,13696,1.2809338454620642,0.4424432
15215,HLA-A*02:50,esm2_joint,locus,0,1.0,13696,1.589235205116581,0.18754447
15217,HLA-A*29:02,esm2_joint,locus,0,1.0,13696,0.6418538861723948,0.7981425
15218,HLA-A*80:01,esm2_joint,locus,0,1.0,13696,0.5877866649021191,0.8894709
15219,HLA-A*23:01,esm2_joint,locus,0,1.0,13696,3.4719664525503626,1.386228
15220,HLA-A*24:19,esm2_joint,locus,0,1.0,13696,0.18232155679395465,0.50510293
15228,HLA-A*02:03,esm2_joint,locus,0,1.0,13696,0.6418538861723948,0.63017875
15231,HLA-A*43:01,esm2_joint,locus,0,1.0,13696,0.26236426446749106,1.3377903
15232,HLA-A*24:07,esm2_joint,locus,0,1.0,13696,0.5877866649021191,1.122071
15234,HLA-A*30:01,esm2_joint,locus,0,1.0,13696,0.26236426446749106,0.2870726
15235,HLA-A*74:01,esm2_joint,locus,0,1.0,13696,0.7419373447293773,0.52104944
15237,HLA-A*26:03,esm2_joint,locus,0,1.0,13696,0.0,0.4501692
15239,HLA-A*02:50,esm2_joint,locus,0,1.0,13696,3.427514689979529,0.37088472
15240,HLA-A*68:01,esm2_joint,locus,0,1.0,13696,3.6428355156125294,0.8074391
15245,HLA-A*30:01,esm2_joint,locus,0,1.0,13696,2.617395832834079,0.42374635
15246,HLA-A*68:01,esm2_joint,locus,0,1.0,13696,0.0,0.88224876
15247,HLA-A*11:01,esm2_joint,locus,0,1.0,13696,2.91235066461494,1.1553864
15249,HLA-A*02:19,esm2_joint,locus,0,1.0,13696,3.292126286607793,0.83618873
15251,HLA-A*30:02,esm2_joint,locus,0,1.0,13696,0.18232155679395465,0.39911985
15252,HLA-A*23:01,esm2_joint,locus,0,1.0,13696,0.4054651081081644,0.7665707
15253,HLA-A*32:07,esm2_joint,locus,0,1.0,13696,0.0,0.36420697
15254,HLA-A*66:01,esm2_joint,locus,0,1.0,13696,0.0,1.204631
15255,HLA-A*24:02,esm2_joint,locus,0,1.0,13696,0.26236426446749106,0.5651866
15261,HLA-A*74:01,esm2_joint,locus,0,1.0,13696,2.9338568698359038,0.8093257
15262,HLA-A*74:01,esm2_joint,locus,0,1.0,13696,0.0,0.8618883
15269,HLA-A*02:50,esm2_joint,locus,0,1.0,13696,2.2192034840549946,1.1248956
15271,HLA-A*29:02,esm2_joint,locus,0,1.0,13696,0.26236426446749106,1.3503398
15272,HLA-A*02:03,esm2_joint,locus,0,1.0,13696,0.7419373447293773,0.38806862
15274,HLA-A*43:01,esm2_joint,locus,0,1.0,13696,0.18232155679395465,0.34695584
15275,HLA-A*25:01,esm2_joint,locus,0,1.0,13696,0.33647223662121295,0.7186614
15276,HLA-A*24:02,esm2_joint,locus,0,1.0,13696,0.4054651081081644,0.35023433
15277,HLA-A*24:02,esm2_joint,locus,0,1.0,13696,0.6418538861723948,0.30534154
15278,HLA-A*02:03,esm2_joint,locus,0,1.0,13696,1.2809338454620642,0.43931884
15279,HLA-A*23:01,esm2_joint,locus,0,1.0,13696,0.33647223662121295,0.27038044
15285,HLA-A*02:03,esm2_joint,locus,0,1.0,13696,3.122364924487357,0.51752007
15286,HLA-A*30:01,esm2_joint,locus,0,1.0,13696,3.4372078191851885,1.1189048
15288,HLA-A*23:01,esm2_joint,locus,0,1.0,13696,3.0106208860477417,0.5725086
15289,HLA-A*24:03,esm2_joint,locus,0,1.0,13696,1.1939224684724346,0.630021
15294,HLA-A*02:12,esm2_joint,locus,0,1.0,13696,3.190476350346503,0.27024782
15295,HLA-A*02:50,esm2_joint,locus,0,1.0,13696,2.0794415416798357,0.39110762
15297,HLA-A*29:02,esm2_joint,locus,0,1.0,13696,3.2188758248682006,0.81564105
15298,HLA-A*68:23,esm2_joint,locus,0,1.0,13696,0.18232155679395465,0.7024157
15300,HLA-A*33:03,esm2_joint,locus,0,1.0,13696,1.33500106673234,0.9965886
15306,HLA-A*23:01,esm2_joint,locus,0,1.0,13696,3.353406717825807,1.3907691
15308,HLA-A*02:50,esm2_joint,locus,0,1.0,13696,3.0349529867072724,0.44873637
15309,HLA-A*30:01,esm2_joint,locus,0,1.0,13696,0.0,0.732609
15311,HLA-A*24:07,esm2_joint,locus,0,1.0,13696,0.33647223662121295,1.2613643
15312,HLA-A*26:02,esm2_joint,locus,0,1.0,13696,2.0014800002101243,0.29254252
15316,HLA-A*23:01,esm2_joint,locus,0,1.0,13696,2.2192034840549946,0.28310603
15318,HLA-A*02:11,esm2_joint,locus,0,1.0,13696,0.4700036292457355,0.09760445
15319,HLA-A*74:01,esm2_joint,locus,0,1.0,13696,0.9555114450274363,1.02038
15321,HLA-A*32:07,esm2_joint,locus,0,1.0,13696,0.0,0.92558765
15324,HLA-A*02:01,esm2_joint,locus,0,1.0,13696,0.6418538861723948,-0.12137598
15325,HLA-A*02:16,esm2_joint,locus,0,1.0,13696,2.9014215940827497,0.049274266
15326,HLA-A*33:03,esm2_joint,locus,0,1.0,13696,3.186352633162641,0.7594025
15327,HLA-A*33:03,esm2_joint,locus,0,1.0,13696,0.26236426446749106,0.48172188
15328,HLA-A*68:01,esm2_joint,locus,0,1.0,13696,0.26236426446749106,1.1132731
15329,HLA-A*43:01,esm2_joint,locus,0,1.0,13696,0.0,1.2043155
15330,HLA-A*02:11,esm2_joint,locus,0,1.0,13696,2.128231705849268,0.5594272
15331,HLA-A*02:16,esm2_joint,locus,0,1.0,13696,2.4932054526026954,0.5390169
15332,HLA-A*74:01,esm2_joint,locus,0,1.0,13696,0.7884573603642702,1.0462844
15334,HLA-A*32:07,esm2_joint,locus,0,1.0,13696,2.8735646395797834,0.7918258
15335,HLA-A*26:02,esm2_joint,locus,0,1.0,13696,0.0,0.7489108
15336,HLA-A*26:02,esm2_joint,locus,0,1.0,13696,0.4054651081081644,0.3771423
15337,HLA-A*68:23,esm2_joint,locus,0,1.0,13696,0.7884573603642702,0.5349445
15341,HLA-A*25:01,esm2_joint,locus,0,1.0,13696,4.048300623720694,0.46463072
15342,HLA-A*26:03,esm2_joint,locus,0,1.0,13696,0.0,-0.117479265
15344,HLA-A*24:02,esm2_joint,locus,0,1.0,13696,0.18232155679395465,0.6692558
15345,HLA-A*02:50,esm2_joint,locus,0,1.0,13696,2.856470206220483,0.28231078
15346,HLA-A*23:01,esm2_joint,locus,0,1.0,13696,1.5686159179138452,1.1409721
15348,HLA-A*26:02,esm2_joint,locus,0,1.0,13696,0.7419373447293773,0.54124916
15349,HLA-A*26:03,esm2_joint,locus,0,1.0,13696,0.0,0.31518072
15350,HLA-A*02:03,esm2_joint,locus,0,1.0,13696,0.8754687373538999,0.44880527
15353,HLA-A*68:23,esm2_joint,locus,0,1.0,13696,1.5040773967762742,0.93875766
15355,HLA-A*24:19,esm2_joint,locus,0,1.0,13696,0.26236426446749106,0.567528
15358,HLA-A*24:07,esm2_joint,locus,0,1.0,13696,1.6863989535702288,0.19453329
15359,HLA-A*02:10,esm2_joint,locus,0,1.0,13696,1.8718021769015913,0.52314985
15360,HLA-A*02:05,esm2_joint,locus,0,1.0,13696,2.9806186357439426,-0.025345385
15372,HLA-A*02:03,esm2_joint,locus,0,1.0,13696,0.8754687373538999,0.52047944
15373,HLA-A*02:19,esm2_joint,locus,0,1.0,13696,2.803360380906535,0.8442277
15378,HLA-A*43:01,esm2_joint,locus,0,1.0,13696,0.09531017980432487,0.9740548
15379,HLA-A*80:01,esm2_joint,locus,0,1.0,13696,0.18232155679395465,0.7195129
15382,HLA-A*02:50,esm2_joint,locus,0,1.0,13696,0.6418538861723948,0.33754522
15386,HLA-A*30:01,esm2_joint,locus,0,1.0,13696,1.8718021769015913,0.73502964
15388,HLA-A*24:19,esm2_joint,locus,0,1.0,13696,0.0,0.78570646
15389,HLA-A*24:07,esm2_joint,locus,0,1.0,13696,2.3702437414678603,0.5630752
15390,HLA-A*26:03,esm2_joint,locus,0,1.0,13696,1.5260563034950494,0.5297977
15391,HLA-A*02:12,esm2_joint,locus,0,1.0,13696,2.0149030205422647,0.28912812
15392,HLA-A*31:01,esm2_joint,locus,0,1.0,13696,3.979681653901961,1.0776615
15395,HLA-A*74:01,esm2_joint,locus,0,1.0,13696,0.7419373447293773,0.8585221
15397,HLA-A*03:01,esm2_joint,locus,0,1.0,13696,0.26236426446749106,1.0940328
15398,HLA-A*33:03,esm2_joint,locus,0,1.0,13696,3.0106208860477417,0.9710244
15401,HLA-A*66:01,esm2_joint,locus,0,1.0,13696,0.18232155679395465,0.77662075
15402,HLA-A*03:01,esm2_joint,locus,0,1.0,13696,0.0,1.1487366
15404,HLA-A*68:01,esm2_joint,locus,0,1.0,13696,0.832909122935104,0.1336689
15407,HLA-A*68:23,esm2_joint,locus,0,1.0,13696,2.3702437414678603,0.6259937
15408,HLA-A*26:03,esm2_joint,locus,0,1.0,13696,0.6418538861723948,0.26563358
15409,HLA-A*03:01,esm2_joint,locus,0,1.0,13696,0.09531017980432487,1.1315159
15415,HLA-A*02:11,esm2_joint,locus,0,1.0,13696,2.7343675094195836,0.4820067
15416,HLA-A*02:16,esm2_joint,locus,0,1.0,13696,3.2108436531709366,0.44529563
15417,HLA-A*68:01,esm2_joint,locus,0,1.0,13696,3.7256934272366524,0.8336664
15419,HLA-A*43:01,esm2_joint,locus,0,1.0,13696,0.18232155679395465,0.8694466
15420,HLA-A*80:01,esm2_joint,locus,0,1.0,13696,0.26236426446749106,0.6597878
15421,HLA-A*24:03,esm2_joint,locus,0,1.0,13696,1.1939224684724346,0.8559553
15422,HLA-A*25:01,esm2_joint,locus,0,1.0,13696,0.5306282510621704,0.6308905
15424,HLA-A*33:03,esm2_joint,locus,0,1.0,13696,5.273512247629066,0.43650103
15428,HLA-A*68:23,esm2_joint,locus,0,1.0,13696,1.3609765531356006,0.8154083
15430,HLA-A*33:03,esm2_joint,locus,0,1.0,13696,1.0296194171811583,0.80059385
15434,HLA-A*23:01,esm2_joint,locus,0,1.0,13696,3.0587070727153796,0.22653234
15438,HLA-A*30:02,esm2_joint,locus,0,1.0,13696,0.5306282510621704,0.62502444
15439,HLA-A*80:01,esm2_joint,locus,0,1.0,13696,0.0,0.833915
15440,HLA-A*26:03,esm2_joint,locus,0,1.0,13696,0.33647223662121295,0.9708008
15441,HLA-A*33:03,esm2_joint,locus,0,1.0,13696,2.6100697927420065,0.28123122
15442,HLA-A*68:01,esm2_joint,locus,0,1.0,13696,0.0,0.55161846
15445,HLA-A*24:02,esm2_joint,locus,0,1.0,13696,0.6418538861723948,0.68988836
15446,HLA-A*68:01,esm2_joint,locus,0,1.0,13696,0.4054651081081644,0.8297099
15449,HLA-A*24:07,esm2_joint,locus,0,1.0,13696,0.0,0.5041921
15450,HLA-A*26:03,esm2_joint,locus,0,1.0,13696,2.388762789235098,0.4938083
15452,HLA-A*02:12,esm2_joint,locus,0,1.0,13696,2.0918640616783932,0.52784055
15455,HLA-A*24:19,esm2_joint,locus,0,1.0,13696,0.0,0.7865837
15456,HLA-A*66:01,esm2_joint,locus,0,1.0,13696,0.0,0.5922522
15458,HLA-A*25:01,esm2_joint,locus,0,1.0,13696,2.803360380906535,0.048399627
15460,HLA-A*24:02,esm2_joint,locus,0,1.0,13696,0.8754687373538999,0.52624846
15461,HLA-A*32:07,esm2_joint,locus,0,1.0,13696,0.0,0.3409016
15470,HLA-A*43:01,esm2_joint,locus,0,1.0,13696,0.4054651081081644,0.6766859
15473,HLA-A*31:01,esm2_joint,locus,0,1.0,13696,2.186051276738094,1.23838
15475,HLA-A*24:03,esm2_joint,locus,0,1.0,13696,2.653241964607215,-0.007966399
15476,HLA-A*25:01,esm2_joint,locus,0,1.0,13696,1.8718021769015913,0.5156213
15477,HLA-A*02:01,esm2_joint,locus,0,1.0,13696,2.94706710157271,0.9590988
15479,HLA-A*74:01,esm2_joint,locus,0,1.0,13696,2.0541237336955462,0.9358213
15481,HLA-A*68:23,esm2_joint,locus,0,1.0,13696,0.0,0.6815331
15484,HLA-A*02:10,esm2_joint,locus,0,1.0,13696,1.2809338454620642,0.26345044
15485,HLA-A*02:50,esm2_joint,locus,0,1.0,13696,0.5306282510621704,0.48168114
15486,HLA-A*02:19,esm2_joint,locus,0,1.0,13696,1.547562508716013,0.4867581
15488,HLA-A*43:01,esm2_joint,locus,0,1.0,13696,0.0,0.97767013
15489,HLA-A*32:07,esm2_joint,locus,0,1.0,13696,0.33647223662121295,0.8185081
15494,HLA-A*02:01,esm2_joint,locus,0,1.0,13696,3.5810158082379915,0.9681042
15495,HLA-A*74:01,esm2_joint,locus,0,1.0,13696,4.387014176184921,1.303575
15496,HLA-A*68:23,esm2_joint,locus,0,1.0,13696,0.0,0.70282197
15499,HLA-A*24:02,esm2_joint,locus,0,1.0,13696,3.1484533605716547,0.34630018
15500,HLA-A*33:03,esm2_joint,locus,0,1.0,13696,0.0,0.6395081
15504,HLA-A*24:07,esm2_joint,locus,0,1.0,13696,1.6863989535702288,0.42410594
15505,HLA-A*66:01,esm2_joint,locus,0,1.0,13696,0.18232155679395465,0.51875347
15508,HLA-A*02:50,esm2_joint,locus,0,1.0,13696,2.4069451083182885,0.14999515
15510,HLA-A*02:50,esm2_joint,locus,0,1.0,13696,3.0492730404820207,0.71084803
15513,HLA-A*24:07,esm2_joint,locus,0,1.0,13696,2.7536607123542622,0.6159067
15515,HLA-A*02:01,esm2_joint,locus,0,1.0,13696,2.388762789235098,0.5529021
15516,HLA-A*02:10,esm2_joint,locus,0,1.0,13696,0.4054651081081644,0.18891484
15517,HLA-A*33:03,esm2_joint,locus,0,1.0,13696,0.33647223662121295,1.4241157
15519,HLA-A*30:02,esm2_joint,locus,0,1.0,13696,1.7227665977411035,0.5436317
15521,HLA-A*03:01,esm2_joint,locus,0,1.0,13696,0.0,0.9579577
15527,HLA-A*25:01,esm2_joint,locus,0,1.0,13696,0.0,0.6586258
15529,HLA-A*02:03,esm2_joint,locus,0,1.0,13696,2.9652730660692823,0.34022957
15538,HLA-A*02:01,esm2_joint,locus,0,1.0,13696,3.166740070447672,0.4164117
15540,HLA-A*02:12,esm2_joint,locus,0,1.0,13696,2.856470206220483,0.45415145
15541,HLA-A*02:12,esm2_joint,locus,0,1.0,13696,1.7749523509116738,0.12209177
15542,HLA-A*02:50,esm2_joint,locus,0,1.0,13696,2.1633230256605382,0.80576146
15543,HLA-A*02:50,esm2_joint,locus,0,1.0,13696,2.1633230256605382,0.49587613
15544,HLA-A*74:01,esm2_joint,locus,0,1.0,13696,2.9601050959108397,0.83402926
15546,HLA-A*24:02,esm2_joint,locus,0,1.0,13696,0.18232155679395465,0.54958475
15548,HLA-A*43:01,esm2_joint,locus,0,1.0,13696,0.26236426446749106,1.0871303
15549,HLA-A*32:07,esm2_joint,locus,0,1.0,13696,0.26236426446749106,0.8687021
15551,HLA-A*01:01,esm2_joint,locus,0,1.0,13696,0.1310282624064041,0.294329
15552,HLA-A*02:16,esm2_joint,locus,0,1.0,13696,3.077312260546414,0.42407268
15553,HLA-A*33:03,esm2_joint,locus,0,1.0,13696,0.0,0.767096
15556,HLA-A*30:02,esm2_joint,locus,0,1.0,13696,2.8622008809294686,0.6426934
15559,HLA-A*02:10,esm2_joint,locus,0,1.0,13696,1.6094379124341003,0.1516152
15560,HLA-A*02:19,esm2_joint,locus,0,1.0,13696,2.760009940032921,0.46721834
15561,HLA-A*74:01,esm2_joint,locus,0,1.0,13696,0.8754687373538999,1.1634414
15565,HLA-A*02:12,esm2_joint,locus,0,1.0,13696,0.9555114450274363,0.021881282
15566,HLA-A*68:01,esm2_joint,locus,0,1.0,13696,0.4700036292457355,0.74842936
15567,HLA-A*68:01,esm2_joint,locus,0,1.0,13696,1.5260563034950494,0.36193764
15572,HLA-A*02:50,esm2_joint,locus,0,1.0,13696,1.7227665977411035,0.2692834
15573,HLA-A*43:01,esm2_joint,locus,0,1.0,13696,0.0,0.7344683
15574,HLA-A*24:02,esm2_joint,locus,0,1.0,13696,0.6418538861723948,1.5929034
15575,HLA-A*24:02,esm2_joint,locus,0,1.0,13696,0.33647223662121295,0.32372797
15577,HLA-A*02:16,esm2_joint,locus,0,1.0,13696,2.028148247292285,0.34523708
15578,HLA-A*68:01,esm2_joint,locus,0,1.0,13696,1.0647107369924282,0.83297664
15579,HLA-A*29:02,esm2_joint,locus,0,1.0,13696,0.26236426446749106,0.9894626
15581,HLA-A*01:01,esm2_joint,locus,0,1.0,13696,2.6195832197798796,0.40767807
15582,HLA-A*02:19,esm2_joint,locus,0,1.0,13696,0.9555114450274363,0.36271256
15583,HLA-A*30:01,esm2_joint,locus,0,1.0,13696,0.5306282510621704,1.0106508
15587,HLA-A*43:01,esm2_joint,locus,0,1.0,13696,0.0,1.2521228
15592,HLA-A*68:01,esm2_joint,locus,0,1.0,13696,0.0,0.26202226
15594,HLA-A*02:01,esm2_joint,locus,0,1.0,13696,3.713572066704308,0.64498997
15595,HLA-A*29:02,esm2_joint,locus,0,1.0,13696,0.26236426446749106,0.74845153
15597,HLA-A*24:07,esm2_joint,locus,0,1.0,13696,1.5040773967762742,0.8074604
15599,HLA-A*68:01,esm2_joint,locus,0,1.0,13696,4.050044303325521,0.23825008
15603,HLA-A*66:01,esm2_joint,locus,0,1.0,13696,0.0,0.58839834
15607,HLA-A*43:01,esm2_joint,locus,0,1.0,13696,0.18232155679395465,0.5985644
15608,HLA-A*23:01,esm2_joint,locus,0,1.0,13696,0.18232155679395465,0.2064966
15610,HLA-A*24:19,esm2_joint,locus,0,1.0,13696,0.26236426446749106,1.2070452
15612,HLA-A*02:12,esm2_joint,locus,0,1.0,13696,2.785011242238338,0.74902105
15613,HLA-A*02:16,esm2_joint,locus,0,1.0,13696,1.7749523509116738,0.2979585
15614,HLA-A*33:03,esm2_joint,locus,0,1.0,13696,0.4054651081081644,0.7862395
15619,HLA-A*32:07,esm2_joint,locus,0,1.0,13696,0.0,0.014255941
15621,HLA-A*69:01,esm2_joint,locus,0,1.0,13696,0.832909122935104,0.82268
15622,HLA-A*02:10,esm2_joint,locus,0,1.0,13696,3.1441522786722644,0.3175456
15623,HLA-A*02:12,esm2_joint,locus,0,1.0,13696,1.7047480922384253,0.4492616
15624,HLA-A*02:19,esm2_joint,locus,0,1.0,13696,2.9601050959108397,0.3837793
15625,HLA-A*33:03,esm2_joint,locus,0,1.0,13696,1.2809338454620642,0.4857654
15626,HLA-A*68:01,esm2_joint,locus,0,1.0,13696,2.6026896854443837,0.65402496
15627,HLA-A*74:01,esm2_joint,locus,0,1.0,13696,2.5416019934645457,0.52471346
15628,HLA-A*80:01,esm2_joint,locus,0,1.0,13696,0.0,0.87951577
15631,HLA-A*68:01,esm2_joint,locus,0,1.0,13696,0.26236426446749106,1.1443431
15632,HLA-A*68:01,esm2_joint,locus,0,1.0,13696,0.0,0.4601333
15634,HLA-A*02:16,esm2_joint,locus,0,1.0,13696,1.5040773967762742,0.41174227
15636,HLA-A*30:02,esm2_joint,locus,0,1.0,13696,0.33647223662121295,0.62386453
15638,HLA-A*26:03,esm2_joint,locus,0,1.0,13696,0.0,0.18429905
15640,HLA-A*25:01,esm2_joint,locus,0,1.0,13696,0.0,0.7730862
15645,HLA-A*25:01,esm2_joint,locus,0,1.0,13696,0.26236426446749106,0.51274353
15646,HLA-A*26:02,esm2_joint,locus,0,1.0,13696,0.0,1.2223204
15648,HLA-A*02:16,esm2_joint,locus,0,1.0,13696,0.9162907318741551,0.7793539
15649,HLA-A*30:01,esm2_joint,locus,0,1.0,13696,0.0,0.41871077
15650,HLA-A*68:01,esm2_joint,locus,0,1.0,13696,2.0412203288596382,0.81856394
15652,HLA-A*29:02,esm2_joint,locus,0,1.0,13696,0.5877866649021191,1.2260307
15653,HLA-A*68:01,esm2_joint,locus,0,1.0,13696,0.5877866649021191,0.62390727
15655,HLA-A*26:02,esm2_joint,locus,0,1.0,13696,1.4816045409242156,0.65326774
15659,HLA-A*30:02,esm2_joint,locus,0,1.0,13696,0.26236426446749106,0.8332794
15661,HLA-A*26:02,esm2_joint,locus,0,1.0,13696,0.4054651081081644,0.18420917
15664,HLA-A*02:03,esm2_joint,locus,0,1.0,13696,2.379546134130174,0.7817702
15667,HLA-A*80:01,esm2_joint,locus,0,1.0,13696,0.18232155679395465,0.81414104
15668,HLA-A*32:07,esm2_joint,locus,0,1.0,13696,0.0,0.43195873
15672,HLA-A*02:10,esm2_joint,locus,0,1.0,13696,0.9162907318741551,0.5289762
15675,HLA-A*30:02,esm2_joint,locus,0,1.0,13696,0.18232155679395465,0.756285
15678,HLA-A*02:11,esm2_joint,locus,0,1.0,13696,0.4700036292457355,0.2677598
15679,HLA-A*43:01,esm2_joint,locus,0,1.0,13696,2.714694743820879,0.899073
15680,HLA-A*24:03,esm2_joint,locus,0,1.0,13696,3.3978584803966405,0.81698585
15681,HLA-A*24:19,esm2_joint,locus,0,1.0,13696,0.09531017980432487,0.7998408
15682,HLA-A*24:07,esm2_joint,locus,0,1.0,13696,3.2228678461377385,1.2368033
15684,HLA-A*02:19,esm2_joint,locus,0,1.0,13696,3.3945083935113587,0.7720838
15689,HLA-A*02:11,esm2_joint,locus,0,1.0,13696,1.0986122886681098,0.4873448
15691,HLA-A*74:01,esm2_joint,locus,0,1.0,13696,1.0986122886681098,1.3628303
15692,HLA-A*74:01,esm2_joint,locus,0,1.0,13696,4.163559631243574,0.6209263
15694,HLA-A*68:01,esm2_joint,locus,0,1.0,13696,0.8754687373538999,0.842641
15700,HLA-A*01:01,esm2_joint,locus,0,1.0,13696,2.8166056076565558,1.0170146
15702,HLA-A*43:01,esm2_joint,locus,0,1.0,13696,0.18232155679395465,0.9544868
15704,HLA-A*24:19,esm2_joint,locus,0,1.0,13696,0.18232155679395465,0.79355705
15706,HLA-A*23:01,esm2_joint,locus,0,1.0,13696,0.26236426446749106,0.52324766
15710,HLA-A*43:01,esm2_joint,locus,0,1.0,13696,0.4054651081081644,1.0867398
15712,HLA-A*25:01,esm2_joint,locus,0,1.0,13696,1.410986973710262,0.19518596
15713,HLA-A*32:01,esm2_joint,locus,0,1.0,13696,2.066862759472976,1.6054366
15716,HLA-A*80:01,esm2_joint,locus,0,1.0,13696,0.832909122935104,1.1833146
15718,HLA-A*68:23,esm2_joint,locus,0,1.0,13696,0.26236426446749106,0.76783425
15721,HLA-A*02:03,esm2_joint,locus,0,1.0,13696,1.1939224684724346,0.83341956
15722,HLA-A*02:10,esm2_joint,locus,0,1.0,13696,0.18232155679395465,-0.08459252
15723,HLA-A*24:03,esm2_joint,locus,0,1.0,13696,0.6931471805599453,1.0200711
15724,HLA-A*68:01,esm2_joint,locus,0,1.0,13696,0.0,0.9776845
15725,HLA-A*11:01,esm2_joint,locus,0,1.0,13696,3.8155121050473024,0.77955794
15730,HLA-A*02:11,esm2_joint,locus,0,1.0,13696,2.6741486494265287,0.6461425
15731,HLA-A*43:01,esm2_joint,locus,0,1.0,13696,0.26236426446749106,1.0497987
15733,HLA-A*02:16,esm2_joint,locus,0,1.0,13696,2.8903717578961645,0.4379276
15736,HLA-A*02:50,esm2_joint,locus,0,1.0,13696,2.4423470353692043,0.38266712
15739,HLA-A*68:01,esm2_joint,locus,0,1.0,13696,2.424802725718295,0.6298591
15743,HLA-A*80:01,esm2_joint,locus,0,1.0,13696,0.0,1.3125212
15746,HLA-A*02:10,esm2_joint,locus,0,1.0,13696,0.33647223662121295,0.36796921
15747,HLA-A*30:01,esm2_joint,locus,0,1.0,13696,0.0,0.47255147
15750,HLA-A*24:19,esm2_joint,locus,0,1.0,13696,0.5877866649021191,0.37543046
15751,HLA-A*02:01,esm2_joint,locus,0,1.0,13696,1.0986122886681098,0.6110338
15752,HLA-A*30:01,esm2_joint,locus,0,1.0,13696,3.0007198150650303,0.6289232
15756,HLA-A*25:01,esm2_joint,locus,0,1.0,13696,0.0,0.561185
15757,HLA-A*68:23,esm2_joint,locus,0,1.0,13696,1.252762968495368,0.85032487
15759,HLA-A*02:50,esm2_joint,locus,0,1.0,13696,1.1939224684724346,0.22090119
15761,HLA-A*33:03,esm2_joint,locus,0,1.0,13696,0.0,1.2332923
15764,HLA-A*25:01,esm2_joint,locus,0,1.0,13696,0.0,0.08643496
15765,HLA-A*26:02,esm2_joint,locus,0,1.0,13696,0.832909122935104,0.27366275
15766,HLA-A*24:02,esm2_joint,locus,0,1.0,13696,0.9555114450274363,0.70836294
15773,HLA-A*02:03,esm2_joint,locus,0,1.0,13696,0.33647223662121295,0.33428484
15775,HLA-A*02:12,esm2_joint,locus,0,1.0,13696,2.6026896854443837,0.16988027
15776,HLA-A*31:01,esm2_joint,locus,0,1.0,13696,4.3067641501733345,0.91760904
15781,HLA-A*23:01,esm2_joint,locus,0,1.0,13696,0.6931471805599453,0.4122116
15782,HLA-A*26:03,esm2_joint,locus,0,1.0,13696,1.6863989535702288,0.7095818
15785,HLA-A*69:01,esm2_joint,locus,0,1.0,13696,1.2237754316221157,0.09121269
15797,HLA-A*02:11,esm2_joint,locus,0,1.0,13696,2.624668592163159,0.9085884
15799,HLA-A*32:07,esm2_joint,locus,0,1.0,13696,0.5306282510621704,0.87488455
15801,HLA-A*02:05,esm2_joint,locus,0,1.0,13696,2.9856819377004897,0.6909075
15802,HLA-A*02:50,esm2_joint,locus,0,1.0,13696,3.1179499062782403,0.55304533
15805,HLA-A*30:02,esm2_joint,locus,0,1.0,13696,0.33647223662121295,1.0175223
15807,HLA-A*26:02,esm2_joint,locus,0,1.0,13696,0.26236426446749106,0.7838374
15808,HLA-A*30:01,esm2_joint,locus,0,1.0,13696,0.0,0.59710026
15809,HLA-A*11:01,esm2_joint,locus,0,1.0,13696,1.3609765531356006,0.5254992
15812,HLA-A*33:03,esm2_joint,locus,0,1.0,13696,0.18232155679395465,0.96288043
15815,HLA-A*02:11,esm2_joint,locus,0,1.0,13696,3.2386784521643803,0.20214134
15817,HLA-A*24:03,esm2_joint,locus,0,1.0,13696,0.18232155679395465,0.2083441
15819,HLA-A*30:02,esm2_joint,locus,0,1.0,13696,0.5877866649021191,0.47848314
15821,HLA-A*43:01,esm2_joint,locus,0,1.0,13696,0.0,0.5863776
15826,HLA-A*02:16,esm2_joint,locus,0,1.0,13696,2.33214389523559,0.58683896
15827,HLA-A*02:19,esm2_joint,locus,0,1.0,13696,0.33647223662121295,0.3869871
15828,HLA-A*26:03,esm2_joint,locus,0,1.0,13696,0.4054651081081644,0.13055718
15832,HLA-A*29:02,esm2_joint,locus,0,1.0,13696,1.7404661748405046,1.0358344
15833,HLA-A*74:01,esm2_joint,locus,0,1.0,13696,0.26236426446749106,0.9018752
15838,HLA-A*25:01,esm2_joint,locus,0,1.0,13696,0.33647223662121295,0.517823
15839,HLA-A*66:01,esm2_joint,locus,0,1.0,13696,0.09531017980432487,0.73528045
15840,HLA-A*24:02,esm2_joint,locus,0,1.0,13696,1.824549292051046,0.47951078
15848,HLA-A*24:19,esm2_joint,locus,0,1.0,13696,0.33647223662121295,0.72592103
15849,HLA-A*68:23,esm2_joint,locus,0,1.0,13696,1.2237754316221157,0.7260494
15851,HLA-A*23:01,esm2_joint,locus,0,1.0,13696,3.4468078929142076,0.2768271
15853,HLA-A*24:07,esm2_joint,locus,0,1.0,13696,1.2237754316221157,0.63944495
15855,HLA-A*03:01,esm2_joint,locus,0,1.0,13696,0.0,0.90778023
15857,HLA-A*24:03,esm2_joint,locus,0,1.0,13696,3.2386784521643803,0.15103084
15859,HLA-A*02:03,esm2_joint,locus,0,1.0,13696,3.2268439945173775,0.612698
15860,HLA-A*02:16,esm2_joint,locus,0,1.0,13696,2.341805806147327,0.09667921
15862,HLA-A*24:07,esm2_joint,locus,0,1.0,13696,0.09531017980432487,0.3550616
15868,HLA-A*03:01,esm2_joint,locus,0,1.0,13696,0.9162907318741551,1.7494777
15869,HLA-A*02:03,esm2_joint,locus,0,1.0,13696,2.509599262378372,0.19536823
15870,HLA-A*30:01,esm2_joint,locus,0,1.0,13696,0.5306282510621704,0.8551238
15872,HLA-A*43:01,esm2_joint,locus,0,1.0,13696,1.2237754316221157,1.3636459
15874,HLA-A*02:03,esm2_joint,locus,0,1.0,13696,1.7047480922384253,0.39069182
15877,HLA-A*80:01,esm2_joint,locus,0,1.0,13696,0.9932517730102833,1.3291326
15880,HLA-A*24:19,esm2_joint,locus,0,1.0,13696,0.0,0.67596436
15881,HLA-A*66:01,esm2_joint,locus,0,1.0,13696,0.09531017980432487,0.19373864
15883,HLA-A*26:01,esm2_joint,locus,0,1.0,13696,0.4054651081081644,0.845915
15884,HLA-A*02:16,esm2_joint,locus,0,1.0,13696,3.716008121502189,0.8102101
15886,HLA-A*24:19,esm2_joint,locus,0,1.0,13696,0.4054651081081644,0.5775616
15887,HLA-A*68:23,esm2_joint,locus,0,1.0,13696,0.0,0.5473701
15888,HLA-A*68:01,esm2_joint,locus,0,1.0,13696,4.4953553199808844,0.9688342
15890,HLA-A*80:01,esm2_joint,locus,0,1.0,13696,0.0,0.825081
15894,HLA-A*29:02,esm2_joint,locus,0,1.0,13696,0.26236426446749106,0.87931985
15895,HLA-A*68:23,esm2_joint,locus,0,1.0,13696,0.6931471805599453,0.5824971
15897,HLA-A*68:23,esm2_joint,locus,0,1.0,13696,0.7419373447293773,0.7085402
15900,HLA-A*24:02,esm2_joint,locus,0,1.0,13696,0.4700036292457355,0.9669887
15902,HLA-A*31:01,esm2_joint,locus,0,1.0,13696,0.4700036292457355,0.76610035
15905,HLA-A*29:02,esm2_joint,locus,0,1.0,13696,1.7047480922384253,1.3257523
15907,HLA-A*25:01,esm2_joint,locus,0,1.0,13696,2.174751721484161,0.16470915
15908,HLA-A*68:23,esm2_joint,locus,0,1.0,13696,0.6931471805599453,0.6102784
15909,HLA-A*03:01,esm2_joint,locus,0,1.0,13696,1.0986122886681098,0.86398554
15910,HLA-A*24:02,esm2_joint,locus,0,1.0,13696,3.122364924487357,0.68300414
15911,HLA-A*24:02,esm2_joint,locus,0,1.0,13696,0.5306282510621704,1.39157
15912,HLA-A*02:19,esm2_joint,locus,0,1.0,13696,3.2809112157876537,0.892498
15913,HLA-A*80:01,esm2_joint,locus,0,1.0,13696,0.0,1.1962969
15917,HLA-A*30:01,esm2_joint,locus,0,1.0,13696,0.7419373447293773,0.43166757
15918,HLA-A*31:01,esm2_joint,locus,0,1.0,13696,0.0,1.0068644
15921,HLA-A*02:10,esm2_joint,locus,0,1.0,13696,0.0,0.38899654
15922,HLA-A*68:01,esm2_joint,locus,0,1.0,13696,1.0296194171811583,0.85612655
15924,HLA-A*30:02,esm2_joint,locus,0,1.0,13696,0.5877866649021191,0.41607326
15925,HLA-A*80:01,esm2_joint,locus,0,1.0,13696,0.0,0.86106
15927,HLA-A*26:03,esm2_joint,locus,0,1.0,13696,0.9162907318741551,0.4776436
15929,HLA-A*03:01,esm2_joint,locus,0,1.0,13696,0.0,0.9232636
15931,HLA-A*02:01,esm2_joint,locus,0,1.0,13696,3.054001181677967,0.4914873
15933,HLA-A*26:03,esm2_joint,locus,0,1.0,13696,1.6486586255873816,0.21822608
15935,HLA-A*02:12,esm2_joint,locus,0,1.0,13696,1.3609765531356006,0.69269145
15936,HLA-A*33:03,esm2_joint,locus,0,1.0,13696,0.0,0.44242942
15939,HLA-A*26:02,esm2_joint,locus,0,1.0,13696,0.33647223662121295,0.9566721
15940,HLA-A*66:01,esm2_joint,locus,0,1.0,13696,1.5260563034950494,0.7750404
15941,HLA-A*66:01,esm2_joint,locus,0,1.0,13696,0.09531017980432487,0.96465164
15946,HLA-A*02:11,esm2_joint,locus,0,1.0,13696,3.6027767550605247,0.10275859
15947,HLA-A*23:01,esm2_joint,locus,0,1.0,13696,1.0296194171811583,0.69931275
15948,HLA-A*02:01,esm2_joint,locus,0,1.0,13696,0.7839015438284094,0.6016224
15949,HLA-A*33:03,esm2_joint,locus,0,1.0,13696,0.0,0.85652226
15950,HLA-A*33:03,esm2_joint,locus,0,1.0,13696,0.0,0.71036637
15955,HLA-A*02:01,esm2_joint,locus,0,1.0,13696,0.832909122935104,0.67672247
15957,HLA-A*68:01,esm2_joint,locus,0,1.0,13696,0.5306282510621704,1.0044001
15960,HLA-A*68:23,esm2_joint,locus,0,1.0,13696,0.26236426446749106,1.1808999
15964,HLA-A*29:02,esm2_joint,locus,0,1.0,13696,1.824549292051046,0.8799358
15968,HLA-A*02:11,esm2_joint,locus,0,1.0,13696,2.4069451083182885,0.35704154
15969,HLA-A*30:01,esm2_joint,locus,0,1.0,13696,2.9444389791664403,0.6685841
15972,HLA-A*02:16,esm2_joint,locus,0,1.0,13696,3.763522997109702,-0.16696817
15973,HLA-A*74:01,esm2_joint,locus,0,1.0,13696,0.18232155679395465,1.4933355
15978,HLA-A*26:03,esm2_joint,locus,0,1.0,13696,0.0,0.53268
15980,HLA-A*24:02,esm2_joint,locus,0,1.0,13696,0.5306282510621704,0.63885534
15981,HLA-A*02:50,esm2_joint,locus,0,1.0,13696,2.8735646395797834,0.28436953
15982,HLA-A*11:01,esm2_joint,locus,0,1.0,13696,0.6931471805599453,0.6795222
15987,HLA-A*02:50,esm2_joint,locus,0,1.0,13696,0.26236426446749106,0.33846402
15990,HLA-A*30:01,esm2_joint,locus,0,1.0,13696,0.9932517730102833,0.5800353
15991,HLA-A*68:01,esm2_joint,locus,0,1.0,13696,3.3978584803966405,0.89540327
15993,HLA-A*43:01,esm2_joint,locus,0,1.0,13696,0.18232155679395465,1.1168865
15994,HLA-A*80:01,esm2_joint,locus,0,1.0,13696,0.0,1.0528287
15995,HLA-A*02:50,esm2_joint,locus,0,1.0,13696,2.6461747973841225,0.5290431
15996,HLA-A*66:01,esm2_joint,locus,0,1.0,13696,0.26236426446749106,0.8275671
16001,HLA-A*02:11,esm2_joint,locus,0,1.0,13696,2.8507065015037334,1.1665792
16002,HLA-A*02:12,esm2_joint,locus,0,1.0,13696,0.9555114450274363,0.294437
16003,HLA-A*31:01,esm2_joint,locus,0,1.0,13696,1.410986973710262,0.9776995
16007,HLA-A*29:02,esm2_joint,locus,0,1.0,13696,1.1939224684724346,0.8587822
16008,HLA-A*29:02,esm2_joint,locus,0,1.0,13696,2.2617630984737906,0.56607246
16009,HLA-A*24:07,esm2_joint,locus,0,1.0,13696,1.9315214116032138,0.13809294
16010,HLA-A*68:01,esm2_joint,locus,0,1.0,13696,3.224857896545748,0.6791546
16013,HLA-A*32:07,esm2_joint,locus,0,1.0,13696,0.8754687373538999,0.65016246
16015,HLA-A*02:11,esm2_joint,locus,0,1.0,13696,2.302585092994046,0.20878434
16016,HLA-A*32:07,esm2_joint,locus,0,1.0,13696,0.26236426446749106,0.4290771
16017,HLA-A*02:03,esm2_joint,locus,0,1.0,13696,3.591817741270805,0.60776234
16020,HLA-A*02:10,esm2_joint,locus,0,1.0,13696,2.4849066497880004,0.42656046
16021,HLA-A*33:03,esm2_joint,locus,0,1.0,13696,3.3978584803966405,0.9018841
16022,HLA-A*74:01,esm2_joint,locus,0,1.0,13696,4.637637376125593,1.2642019
16023,HLA-A*23:01,esm2_joint,locus,0,1.0,13696,3.4307561839036995,0.7487482
16024,HLA-A*24:07,esm2_joint,locus,0,1.0,13696,1.791759469228055,0.8351637
16025,HLA-A*25:01,esm2_joint,locus,0,1.0,13696,0.0,0.11481315
16026,HLA-A*02:10,esm2_joint,locus,0,1.0,13696,0.7884573603642702,0.28142232
16034,HLA-A*03:01,esm2_joint,locus,0,1.0,13696,0.0,1.6578705
16036,HLA-A*24:03,esm2_joint,locus,0,1.0,13696,2.33214389523559,0.5686952
16037,HLA-A*02:12,esm2_joint,locus,0,1.0,13696,0.7419373447293773,0.40194112
16039,HLA-A*30:02,esm2_joint,locus,0,1.0,13696,1.0986122886681098,0.6900472
16040,HLA-A*80:01,esm2_joint,locus,0,1.0,13696,0.0,0.5814496
16041,HLA-A*24:07,esm2_joint,locus,0,1.0,13696,0.4054651081081644,0.44608808
16042,HLA-A*24:07,esm2_joint,locus,0,1.0,13696,0.9162907318741551,0.30874467
16043,HLA-A*26:03,esm2_joint,locus,0,1.0,13696,2.1041341542702074,0.59291637
16045,HLA-A*02:12,esm2_joint,locus,0,1.0,13696,3.5467396869528134,0.621559
16050,HLA-A*24:02,esm2_joint,locus,0,1.0,13696,0.33647223662121295,0.3882547
16051,HLA-A*68:01,esm2_joint,locus,0,1.0,13696,1.5260563034950494,0.21969432
16053,HLA-A*43:01,esm2_joint,locus,0,1.0,13696,2.3513752571634776,1.1184423
16054,HLA-A*24:02,esm2_joint,locus,0,1.0,13696,0.4054651081081644,0.8824447
16055,HLA-A*02:11,esm2_joint,locus,0,1.0,13696,2.0541237336955462,1.0175445
16060,HLA-A*23:01,esm2_joint,locus,0,1.0,13696,1.5260563034950494,0.1276334
16061,HLA-A*24:19,esm2_joint,locus,0,1.0,13696,3.0007198150650303,0.16064507
16062,HLA-A*26:02,esm2_joint,locus,0,1.0,13696,2.8622008809294686,0.4732389
16064,HLA-A*68:01,esm2_joint,locus,0,1.0,13696,0.0,0.7882611
16065,HLA-A*68:01,esm2_joint,locus,0,1.0,13696,3.4061849231731944,0.7793452
16067,HLA-A*24:07,esm2_joint,locus,0,1.0,13696,1.8870696490323797,0.47234118
16068,HLA-A*25:01,esm2_joint,locus,0,1.0,13696,0.7884573603642702,0.5636497
16070,HLA-A*74:01,esm2_joint,locus,0,1.0,13696,0.0,0.81416863
16072,HLA-A*80:01,esm2_joint,locus,0,1.0,13696,0.0,0.59829545
16075,HLA-A*02:03,esm2_joint,locus,0,1.0,13696,2.791165107812717,0.57952833
16076,HLA-A*74:01,esm2_joint,locus,0,1.0,13696,0.7884573603642702,1.2993255
16079,HLA-A*43:01,esm2_joint,locus,0,1.0,13696,0.18232155679395465,0.4113943
16080,HLA-A*23:01,esm2_joint,locus,0,1.0,13696,1.9600947840472698,0.9105587
16085,HLA-A*66:01,esm2_joint,locus,0,1.0,13696,0.0,0.815513
16086,HLA-A*30:01,esm2_joint,locus,0,1.0,13696,0.0,0.6563113
16090,HLA-A*80:01,esm2_joint,locus,0,1.0,13696,0.5306282510621704,1.2159677
16095,HLA-A*03:01,esm2_joint,locus,0,1.0,13696,1.1314021114911006,0.6103831
16096,HLA-A*02:16,esm2_joint,locus,0,1.0,13696,1.9878743481543455,0.47319013
16097,HLA-A*74:01,esm2_joint,locus,0,1.0,13696,1.4350845252893227,0.9602324
16109,HLA-A*43:01,esm2_joint,locus,0,1.0,13696,0.33647223662121295,0.7575357
16110,HLA-A*23:01,esm2_joint,locus,0,1.0,13696,2.451005098112319,0.22333485
16111,HLA-A*26:03,esm2_joint,locus,0,1.0,13696,1.9315214116032138,0.6872731
16113,HLA-A*02:19,esm2_joint,locus,0,1.0,13696,0.33647223662121295,0.11717087
16124,HLA-A*02:10,esm2_joint,locus,0,1.0,13696,1.6863989535702288,-0.21164721
16125,HLA-A*74:01,esm2_joint,locus,0,1.0,13696,0.26236426446749106,0.46724647
16127,HLA-A*02:01,esm2_joint,locus,0,1.0,13696,2.2407096892759584,0.23676825
16130,HLA-A*68:23,esm2_joint,locus,0,1.0,13696,0.18232155679395465,0.87871975
16131,HLA-A*02:10,esm2_joint,locus,0,1.0,13696,1.33500106673234,0.42493623
16133,HLA-A*30:02,esm2_joint,locus,0,1.0,13696,0.18232155679395465,0.44289684
16135,HLA-A*74:01,esm2_joint,locus,0,1.0,13696,0.6418538861723948,1.3806344
16139,HLA-A*24:07,esm2_joint,locus,0,1.0,13696,2.624668592163159,0.9270897
16141,HLA-A*02:03,esm2_joint,locus,0,1.0,13696,4.147885329150131,0.6765363
16142,HLA-A*30:01,esm2_joint,locus,0,1.0,13696,0.5877866649021191,0.5993484
16145,HLA-A*43:01,esm2_joint,locus,0,1.0,13696,0.18232155679395465,0.8235502
16147,HLA-A*68:23,esm2_joint,locus,0,1.0,13696,0.7419373447293773,0.65861684
16151,HLA-A*80:01,esm2_joint,locus,0,1.0,13696,0.0,0.6952343
16152,HLA-A*68:23,esm2_joint,locus,0,1.0,13696,0.18232155679395465,0.6808491
16153,HLA-A*24:02,esm2_joint,locus,0,1.0,13696,0.26236426446749106,0.36886537
16155,HLA-A*02:10,esm2_joint,locus,0,1.0,13696,2.0014800002101243,0.27826303
16156,HLA-A*02:10,esm2_joint,locus,0,1.0,13696,0.26236426446749106,0.40010798
16157,HLA-A*80:01,esm2_joint,locus,0,1.0,13696,0.0,0.7003094
16158,HLA-A*32:07,esm2_joint,locus,0,1.0,13696,4.662495252607361,1.1244872
16160,HLA-A*33:03,esm2_joint,locus,0,1.0,13696,1.1631508098056809,1.0737371
16164,HLA-A*02:11,esm2_joint,locus,0,1.0,13696,2.917770732084279,0.8832592
16166,HLA-A*02:50,esm2_joint,locus,0,1.0,13696,0.7419373447293773,0.5622446
16170,HLA-A*11:01,esm2_joint,locus,0,1.0,13696,4.646312129319266,0.5738518
16172,HLA-A*68:02,esm2_joint,locus,0,1.0,13696,0.09531017980432487,0.62539905
16174,HLA-A*02:11,esm2_joint,locus,0,1.0,13696,1.252762968495368,0.3570525
16175,HLA-A*02:19,esm2_joint,locus,0,1.0,13696,2.1633230256605382,0.6346748
16176,HLA-A*02:19,esm2_joint,locus,0,1.0,13696,3.295836866004329,0.38600695
16178,HLA-A*29:02,esm2_joint,locus,0,1.0,13696,0.33647223662121295,0.8725126
16180,HLA-A*25:01,esm2_joint,locus,0,1.0,13696,0.0,0.539457
16183,HLA-A*02:19,esm2_joint,locus,0,1.0,13696,3.044522437723423,0.61911553
16185,HLA-A*24:19,esm2_joint,locus,0,1.0,13696,0.33647223662121295,0.72635025
16186,HLA-A*03:01,esm2_joint,locus,0,1.0,13696,0.0,1.5753238
16188,HLA-A*30:02,esm2_joint,locus,0,1.0,13696,0.4054651081081644,0.54494894
16189,HLA-A*24:19,esm2_joint,locus,0,1.0,13696,0.0,0.38769197
16190,HLA-A*26:03,esm2_joint,locus,0,1.0,13696,0.26236426446749106,0.57706064
16192,HLA-A*03:01,esm2_joint,locus,0,1.0,13696,0.0,1.0411227
16193,HLA-A*02:19,esm2_joint,locus,0,1.0,13696,1.3862943611198906,0.2706905
16194,HLA-A*33:03,esm2_joint,locus,0,1.0,13696,1.1631508098056809,0.78388256
16196,HLA-A*43:01,esm2_joint,locus,0,1.0,13696,0.18232155679395465,0.8044522
16197,HLA-A*66:01,esm2_joint,locus,0,1.0,13696,0.0,0.5639873
16199,HLA-A*11:01,esm2_joint,locus,0,1.0,13696,3.6635616461296463,0.6294293
16205,HLA-A*24:02,esm2_joint,locus,0,1.0,13696,2.1972245773362196,1.1989307
16207,HLA-A*25:01,esm2_joint,locus,0,1.0,13696,1.0296194171811583,0.81110674
16216,HLA-A*02:03,esm2_joint,locus,0,1.0,13696,3.765840495250065,0.388542
16217,HLA-A*33:03,esm2_joint,locus,0,1.0,13696,0.0,1.0451971
16220,HLA-A*24:07,esm2_joint,locus,0,1.0,13696,0.33647223662121295,0.7984482
16221,HLA-A*26:03,esm2_joint,locus,0,1.0,13696,0.26236426446749106,0.011306226
16222,HLA-A*33:03,esm2_joint,locus,0,1.0,13696,1.252762968495368,0.8428863
16223,HLA-A*43:01,esm2_joint,locus,0,1.0,13696,0.4700036292457355,0.9025864
16230,HLA-A*24:02,esm2_joint,locus,0,1.0,13696,0.09531017980432487,0.5059761
16231,HLA-A*24:02,esm2_joint,locus,0,1.0,13696,1.2809338454620642,0.68889916
16232,HLA-A*02:11,esm2_joint,locus,0,1.0,13696,1.8870696490323797,0.74017864
16234,HLA-A*26:02,esm2_joint,locus,0,1.0,13696,3.885679030088544,0.99559677
16235,HLA-A*02:03,esm2_joint,locus,0,1.0,13696,0.0,0.67213833
16236,HLA-A*02:19,esm2_joint,locus,0,1.0,13696,0.9555114450274363,0.2676636
16237,HLA-A*02:19,esm2_joint,locus,0,1.0,13696,0.5877866649021191,0.1692695
16238,HLA-A*74:01,esm2_joint,locus,0,1.0,13696,3.858622228701031,1.4182531
16239,HLA-A*24:19,esm2_joint,locus,0,1.0,13696,0.0,0.20052785
16240,HLA-A*25:01,esm2_joint,locus,0,1.0,13696,0.5877866649021191,0.59845656
16242,HLA-A*30:02,esm2_joint,locus,0,1.0,13696,0.26236426446749106,0.5851754
16243,HLA-A*23:01,esm2_joint,locus,0,1.0,13696,0.9162907318741551,0.52159846
16245,HLA-A*24:19,esm2_joint,locus,0,1.0,13696,0.4700036292457355,0.658484
16246,HLA-A*66:01,esm2_joint,locus,0,1.0,13696,0.4700036292457355,0.54089534
16247,HLA-A*24:02,esm2_joint,locus,0,1.0,13696,0.33647223662121295,0.014443576
16249,HLA-A*03:01,esm2_joint,locus,0,1.0,13696,0.4054651081081644,0.52311
16251,HLA-A*02:10,esm2_joint,locus,0,1.0,13696,0.4054651081081644,0.1787191
16252,HLA-A*74:01,esm2_joint,locus,0,1.0,13696,2.6026896854443837,0.8181331
16254,HLA-A*23:01,esm2_joint,locus,0,1.0,13696,0.5306282510621704,1.169821
16256,HLA-A*02:01,esm2_joint,locus,0,1.0,13696,0.26236426446749106,0.6014713
16257,HLA-A*74:01,esm2_joint,locus,0,1.0,13696,2.028148247292285,0.8494588
16258,HLA-A*43:01,esm2_joint,locus,0,1.0,13696,0.33647223662121295,0.46302104
16259,HLA-A*24:03,esm2_joint,locus,0,1.0,13696,1.0986122886681098,0.40256375
16261,HLA-A*24:19,esm2_joint,locus,0,1.0,13696,0.33647223662121295,0.5770766
16265,HLA-A*02:10,esm2_joint,locus,0,1.0,13696,0.18232155679395465,0.27553338
16266,HLA-A*02:16,esm2_joint,locus,0,1.0,13696,1.824549292051046,0.64167094
16269,HLA-A*24:07,esm2_joint,locus,0,1.0,13696,1.0986122886681098,0.5105318
16270,HLA-A*33:03,esm2_joint,locus,0,1.0,13696,3.3032169733019514,0.52763724
16277,HLA-A*26:03,esm2_joint,locus,0,1.0,13696,0.0,-0.07340306
16280,HLA-A*02:50,esm2_joint,locus,0,1.0,13696,3.2188758248682006,0.60877085
16282,HLA-A*24:03,esm2_joint,locus,0,1.0,13696,0.9162907318741551,0.35594934
16283,HLA-A*02:01,esm2_joint,locus,0,1.0,13696,1.4816045409242156,0.15815526
16284,HLA-A*74:01,esm2_joint,locus,0,1.0,13696,0.7419373447293773,1.1560774
16288,HLA-A*02:10,esm2_joint,locus,0,1.0,13696,0.9555114450274363,0.5667707
16290,HLA-A*24:07,esm2_joint,locus,0,1.0,13696,1.0986122886681098,0.16373348
16291,HLA-A*33:03,esm2_joint,locus,0,1.0,13696,4.123903364463645,0.5338933
16292,HLA-A*29:02,esm2_joint,locus,0,1.0,13696,0.26236426446749106,1.0437586
16294,HLA-A*25:01,esm2_joint,locus,0,1.0,13696,0.7419373447293773,0.43017393
16295,HLA-A*26:03,esm2_joint,locus,0,1.0,13696,0.832909122935104,0.5200252
16298,HLA-A*24:02,esm2_joint,locus,0,1.0,13696,1.62924053973028,0.36987644
16299,HLA-A*29:02,esm2_joint,locus,0,1.0,13696,0.18232155679395465,0.8132489
16301,HLA-A*02:03,esm2_joint,locus,0,1.0,13696,1.547562508716013,1.049617
16304,HLA-A*26:03,esm2_joint,locus,0,1.0,13696,2.0541237336955462,0.40107465
16305,HLA-A*24:02,esm2_joint,locus,0,1.0,13696,0.33647223662121295,0.22297418
16306,HLA-A*02:50,esm2_joint,locus,0,1.0,13696,2.631888840136646,0.20430613
16307,HLA-A*02:16,esm2_joint,locus,0,1.0,13696,2.8094026953624973,0.022905052
16311,HLA-A*02:10,esm2_joint,locus,0,1.0,13696,0.5306282510621704,0.14327067
16314,HLA-A*80:01,esm2_joint,locus,0,1.0,13696,0.18232155679395465,0.4228574
16315,HLA-A*31:01,esm2_joint,locus,0,1.0,13696,0.0,0.99156415
16318,HLA-A*80:01,esm2_joint,locus,0,1.0,13696,0.26236426446749106,0.6589203
16322,HLA-A*02:12,esm2_joint,locus,0,1.0,13696,2.2512917986064953,0.10568625
16323,HLA-A*74:01,esm2_joint,locus,0,1.0,13696,2.2192034840549946,0.9892361
16325,HLA-A*23:01,esm2_joint,locus,0,1.0,13696,3.269568939183719,0.30306995
16326,HLA-A*24:03,esm2_joint,locus,0,1.0,13696,0.832909122935104,0.36955065
16327,HLA-A*66:01,esm2_joint,locus,0,1.0,13696,0.18232155679395465,0.9543332
16328,HLA-A*66:01,esm2_joint,locus,0,1.0,13696,0.0,0.1925745
16329,HLA-A*02:01,esm2_joint,locus,0,1.0,13696,2.7140322727797574,0.221479
16330,HLA-A*33:03,esm2_joint,locus,0,1.0,13696,1.7578579175523736,0.4845698
16332,HLA-A*66:01,esm2_joint,locus,0,1.0,13696,0.0,0.7276958
16338,HLA-A*02:03,esm2_joint,locus,0,1.0,13696,0.33647223662121295,0.41043895
16339,HLA-A*74:01,esm2_joint,locus,0,1.0,13696,1.7227665977411035,0.54523504
16348,HLA-A*29:02,esm2_joint,locus,0,1.0,13696,0.33647223662121295,0.55825645
16352,HLA-A*02:12,esm2_joint,locus,0,1.0,13696,1.5686159179138452,0.42195135
16353,HLA-A*23:01,esm2_joint,locus,0,1.0,13696,3.186352633162641,0.52978545
16354,HLA-A*66:01,esm2_joint,locus,0,1.0,13696,0.26236426446749106,1.4170735
16355,HLA-A*02:50,esm2_joint,locus,0,1.0,13696,2.995732273553991,0.2710253
16356,HLA-A*80:01,esm2_joint,locus,0,1.0,13696,0.4054651081081644,0.6283754
16359,HLA-A*02:10,esm2_joint,locus,0,1.0,13696,4.102643365036796,0.6549432
16360,HLA-A*02:16,esm2_joint,locus,0,1.0,13696,3.4965075614664802,0.58741295
16361,HLA-A*11:01,esm2_joint,locus,0,1.0,13696,3.616308761279101,1.6250329
16362,HLA-A*30:02,esm2_joint,locus,0,1.0,13696,3.845883202923601,0.9224445
16363,HLA-A*24:19,esm2_joint,locus,0,1.0,13696,0.0,0.9465931
16364,HLA-A*26:03,esm2_joint,locus,0,1.0,13696,0.5877866649021191,0.138955
16367,HLA-A*02:05,esm2_joint,locus,0,1.0,13696,1.9315214116032138,-0.049245298
16368,HLA-A*31:01,esm2_joint,locus,0,1.0,13696,2.6026896854443837,1.4266219
16369,HLA-A*24:19,esm2_joint,locus,0,1.0,13696,0.18232155679395465,0.3439675
16370,HLA-A*24:07,esm2_joint,locus,0,1.0,13696,2.186051276738094,0.7629827
16371,HLA-A*03:01,esm2_joint,locus,0,1.0,13696,0.4054651081081644,1.5803525
16372,HLA-A*24:02,esm2_joint,locus,0,1.0,13696,0.8754687373538999,0.60088074
16373,HLA-A*02:19,esm2_joint,locus,0,1.0,13696,1.7404661748405046,0.8589297
16380,HLA-A*31:01,esm2_joint,locus,0,1.0,13696,0.0,0.44016814
16381,HLA-A*30:02,esm2_joint,locus,0,1.0,13696,0.8754687373538999,0.31656086
16382,HLA-A*24:02,esm2_joint,locus,0,1.0,13696,0.18232155679395465,1.1497812
16383,HLA-A*33:03,esm2_joint,locus,0,1.0,13696,4.844974178195408,0.42628998
16388,HLA-A*02:03,esm2_joint,locus,0,1.0,13696,1.5686159179138452,0.5249786
16389,HLA-A*02:16,esm2_joint,locus,0,1.0,13696,1.0647107369924282,1.0378169
16391,HLA-A*25:01,esm2_joint,locus,0,1.0,13696,0.0,-0.052207172
16392,HLA-A*26:03,esm2_joint,locus,0,1.0,13696,0.6418538861723948,0.5686127
16393,HLA-A*24:02,esm2_joint,locus,0,1.0,13696,1.840549633397487,1.1383293
16394,HLA-A*24:02,esm2_joint,locus,0,1.0,13696,3.299533727885655,0.5983721
16395,HLA-A*02:03,esm2_joint,locus,0,1.0,13696,2.151762203259462,0.2843688
16396,HLA-A*26:02,esm2_joint,locus,0,1.0,13696,0.0,0.70158803
16397,HLA-A*02:01,esm2_joint,locus,0,1.0,13696,2.8535925063928684,0.57863194
16398,HLA-A*02:03,esm2_joint,locus,0,1.0,13696,2.5877640352277083,0.25450653
16399,HLA-A*02:11,esm2_joint,locus,0,1.0,13696,2.8678989020441064,0.65312696
16400,HLA-A*02:11,esm2_joint,locus,0,1.0,13696,2.5649493574615367,0.67550075
16402,HLA-A*80:01,esm2_joint,locus,0,1.0,13696,0.4700036292457355,0.6493883
16403,HLA-A*24:07,esm2_joint,locus,0,1.0,13696,0.5306282510621704,0.69074297
16404,HLA-A*26:03,esm2_joint,locus,0,1.0,13696,1.7578579175523736,-0.033414543
16405,HLA-A*31:01,esm2_joint,locus,0,1.0,13696,0.0,0.8856374
16406,HLA-A*80:01,esm2_joint,locus,0,1.0,13696,0.4054651081081644,1.1173012
16410,HLA-A*30:02,esm2_joint,locus,0,1.0,13696,0.26236426446749106,0.47063982
16415,HLA-A*30:02,esm2_joint,locus,0,1.0,13696,0.5877866649021191,0.8515761
16419,HLA-A*02:10,esm2_joint,locus,0,1.0,13696,2.3513752571634776,0.12829071
16428,HLA-A*24:02,esm2_joint,locus,0,1.0,13696,0.6418538861723948,0.557098
16433,HLA-A*02:10,esm2_joint,locus,0,1.0,13696,0.5877866649021191,0.5770909
16434,HLA-A*02:50,esm2_joint,locus,0,1.0,13696,2.667228206581955,0.019592702
16436,HLA-A*30:01,esm2_joint,locus,0,1.0,13696,0.0,0.25335062
16437,HLA-A*68:01,esm2_joint,locus,0,1.0,13696,0.4382549309311553,0.11678916
16440,HLA-A*68:23,esm2_joint,locus,0,1.0,13696,0.18232155679395465,0.5700866
16442,HLA-A*24:02,esm2_joint,locus,0,1.0,13696,0.9162907318741551,0.55062544
16443,HLA-A*02:16,esm2_joint,locus,0,1.0,13696,3.4372078191851885,0.21405905
16445,HLA-A*11:01,esm2_joint,locus,0,1.0,13696,2.302585092994046,0.5747156
16447,HLA-A*43:01,esm2_joint,locus,0,1.0,13696,0.26236426446749106,1.0270154
16449,HLA-A*25:01,esm2_joint,locus,0,1.0,13696,0.0,0.7182276
16450,HLA-A*68:23,esm2_joint,locus,0,1.0,13696,0.0,0.891887
16452,HLA-A*24:02,esm2_joint,locus,0,1.0,13696,1.2809338454620642,0.34404695
16454,HLA-A*02:03,esm2_joint,locus,0,1.0,13696,3.4404180948154366,0.19300377
16455,HLA-A*11:01,esm2_joint,locus,0,1.0,13696,2.9444389791664403,1.0503347
16457,HLA-A*29:02,esm2_joint,locus,0,1.0,13696,1.5686159179138452,0.54842705
16459,HLA-A*24:02,esm2_joint,locus,0,1.0,13696,0.26236426446749106,0.2630509
16461,HLA-A*02:03,esm2_joint,locus,0,1.0,13696,2.1972245773362196,0.28918314
16465,HLA-A*24:19,esm2_joint,locus,0,1.0,13696,0.18232155679395465,0.3416916
16466,HLA-A*68:23,esm2_joint,locus,0,1.0,13696,0.0,0.33331692
16469,HLA-A*02:16,esm2_joint,locus,0,1.0,13696,2.186051276738094,0.58391327
16471,HLA-A*68:23,esm2_joint,locus,0,1.0,13696,2.128231705849268,0.9973408
16472,HLA-A*30:01,esm2_joint,locus,0,1.0,13696,0.0,0.54810476
16482,HLA-A*33:03,esm2_joint,locus,0,1.0,13696,0.0,0.89248616
16487,HLA-A*24:19,esm2_joint,locus,0,1.0,13696,0.8754687373538999,0.74460256
16488,HLA-A*25:01,esm2_joint,locus,0,1.0,13696,0.0,0.5480571
16489,HLA-A*30:01,esm2_joint,locus,0,1.0,13696,0.0,0.3006081
16496,HLA-A*32:07,esm2_joint,locus,0,1.0,13696,0.5877866649021191,0.7507552
16499,HLA-A*68:23,esm2_joint,locus,0,1.0,13696,0.33647223662121295,0.3974918
16502,HLA-A*02:16,esm2_joint,locus,0,1.0,13696,3.832979798087693,0.12862611
16505,HLA-A*29:02,esm2_joint,locus,0,1.0,13696,2.6100697927420065,1.2960472
16506,HLA-A*25:01,esm2_joint,locus,0,1.0,13696,0.0,0.71049345
16507,HLA-A*26:03,esm2_joint,locus,0,1.0,13696,0.33647223662121295,0.5068664
16509,HLA-A*02:01,esm2_joint,locus,0,1.0,13696,2.8390784635086144,0.42615074
16510,HLA-A*30:02,esm2_joint,locus,0,1.0,13696,0.09531017980432487,0.7059319
16515,HLA-A*29:02,esm2_joint,locus,0,1.0,13696,0.6418538861723948,0.9298976
16517,HLA-A*68:23,esm2_joint,locus,0,1.0,13696,0.9162907318741551,1.1014278
16520,HLA-A*32:07,esm2_joint,locus,0,1.0,13696,0.0,0.84503657
16530,HLA-A*24:07,esm2_joint,locus,0,1.0,13696,0.18232155679395465,0.498392
16532,HLA-A*03:01,esm2_joint,locus,0,1.0,13696,0.0,1.5622966
16535,HLA-A*32:07,esm2_joint,locus,0,1.0,13696,4.321480134805848,2.145969
16538,HLA-A*43:01,esm2_joint,locus,0,1.0,13696,0.18232155679395465,1.017088
16539,HLA-A*80:01,esm2_joint,locus,0,1.0,13696,0.0,1.3413476
16540,HLA-A*66:01,esm2_joint,locus,0,1.0,13696,0.26236426446749106,1.0489738
16543,HLA-A*23:01,esm2_joint,locus,0,1.0,13696,0.5306282510621704,0.43790573
16547,HLA-A*33:03,esm2_joint,locus,0,1.0,13696,0.8754687373538999,0.84177274
16550,HLA-A*80:01,esm2_joint,locus,0,1.0,13696,0.0,0.4694323
16553,HLA-A*24:19,esm2_joint,locus,0,1.0,13696,0.26236426446749106,0.50640076
16554,HLA-A*24:02,esm2_joint,locus,0,1.0,13696,1.1314021114911006,0.95747656
16558,HLA-A*29:02,esm2_joint,locus,0,1.0,13696,0.22314355131420976,1.1819274
16567,HLA-A*43:01,esm2_joint,locus,0,1.0,13696,0.4054651081081644,0.643997
16570,HLA-A*03:01,esm2_joint,locus,0,1.0,13696,0.18232155679395465,1.3917428
16571,HLA-A*26:03,esm2_joint,locus,0,1.0,13696,1.9600947840472698,0.3041405
16572,HLA-A*74:01,esm2_joint,locus,0,1.0,13696,4.4942386252808095,0.46648353
16575,HLA-A*80:01,esm2_joint,locus,0,1.0,13696,0.0,0.68126506
16577,HLA-A*24:02,esm2_joint,locus,0,1.0,13696,0.18232155679395465,0.79027396
16580,HLA-A*30:02,esm2_joint,locus,0,1.0,13696,0.4700036292457355,1.2000915
16581,HLA-A*68:23,esm2_joint,locus,0,1.0,13696,0.18232155679395465,0.17985755
16582,HLA-A*02:10,esm2_joint,locus,0,1.0,13696,2.791165107812717,-3.3974648e-06
16583,HLA-A*02:50,esm2_joint,locus,0,1.0,13696,0.9162907318741551,0.056697607
16584,HLA-A*11:01,esm2_joint,locus,0,1.0,13696,2.424802725718295,1.0403726
16587,HLA-A*24:03,esm2_joint,locus,0,1.0,13696,2.0149030205422647,0.5430986
16588,HLA-A*24:07,esm2_joint,locus,0,1.0,13696,0.9555114450274363,1.2331591
16589,HLA-A*24:02,esm2_joint,locus,0,1.0,13696,0.0,0.8918655
16590,HLA-A*24:02,esm2_joint,locus,0,1.0,13696,0.26236426446749106,0.73555434
16591,HLA-A*02:11,esm2_joint,locus,0,1.0,13696,2.0014800002101243,0.38561583
16592,HLA-A*31:01,esm2_joint,locus,0,1.0,13696,1.308332819650179,1.1333095
16593,HLA-A*30:01,esm2_joint,locus,0,1.0,13696,1.6863989535702288,1.02707
16594,HLA-A*74:01,esm2_joint,locus,0,1.0,13696,0.0,1.1048903
16596,HLA-A*43:01,esm2_joint,locus,0,1.0,13696,0.4054651081081644,0.5051339
16598,HLA-A*03:01,esm2_joint,locus,0,1.0,13696,0.4700036292457355,0.78475523
16599,HLA-A*02:50,esm2_joint,locus,0,1.0,13696,2.6026896854443837,0.6123685
16600,HLA-A*33:03,esm2_joint,locus,0,1.0,13696,0.0,0.5756542
16603,HLA-A*74:01,esm2_joint,locus,0,1.0,13696,0.0,0.59283584
16605,HLA-A*66:01,esm2_joint,locus,0,1.0,13696,0.18232155679395465,1.0063114
16606,HLA-A*66:01,esm2_joint,locus,0,1.0,13696,0.18232155679395465,0.96583164
16607,HLA-A*02:19,esm2_joint,locus,0,1.0,13696,0.7884573603642702,-0.19251102
16609,HLA-A*26:03,esm2_joint,locus,0,1.0,13696,0.0,0.19108558
16612,HLA-A*02:50,esm2_joint,locus,0,1.0,13696,0.4054651081081644,0.43241847
16613,HLA-A*80:01,esm2_joint,locus,0,1.0,13696,0.0,0.7519609
16619,HLA-A*68:23,esm2_joint,locus,0,1.0,13696,1.2237754316221157,0.42506224
16620,HLA-A*66:01,esm2_joint,locus,0,1.0,13696,0.0,-0.25306922
16621,HLA-A*02:10,esm2_joint,locus,0,1.0,13696,0.0,-0.108805
16622,HLA-A*02:11,esm2_joint,locus,0,1.0,13696,1.0296194171811583,0.41613257
16623,HLA-A*30:01,esm2_joint,locus,0,1.0,13696,0.5306282510621704,0.8171127
16624,HLA-A*30:01,esm2_joint,locus,0,1.0,13696,0.0,0.6793302
16626,HLA-A*02:12,esm2_joint,locus,0,1.0,13696,0.9162907318741551,1.0729588
16627,HLA-A*30:01,esm2_joint,locus,0,1.0,13696,0.0,0.23087269
16628,HLA-A*68:01,esm2_joint,locus,0,1.0,13696,0.0,0.20571381
16631,HLA-A*25:01,esm2_joint,locus,0,1.0,13696,0.0,0.24477363
16633,HLA-A*24:02,esm2_joint,locus,0,1.0,13696,0.6418538861723948,0.764668
16634,HLA-A*02:10,esm2_joint,locus,0,1.0,13696,0.4054651081081644,0.5663284
16637,HLA-A*24:03,esm2_joint,locus,0,1.0,13696,0.4054651081081644,0.10408884
16638,HLA-A*24:19,esm2_joint,locus,0,1.0,13696,0.26236426446749106,0.8070583
16642,HLA-A*26:02,esm2_joint,locus,0,1.0,13696,0.7884573603642702,0.6334089
16643,HLA-A*68:23,esm2_joint,locus,0,1.0,13696,0.5306282510621704,0.43828988
16644,HLA-A*01:01,esm2_joint,locus,0,1.0,13696,2.136530508663963,0.76046556
16645,HLA-A*24:02,esm2_joint,locus,0,1.0,13696,0.5306282510621704,0.22100711
16646,HLA-A*23:01,esm2_joint,locus,0,1.0,13696,0.26236426446749106,1.4573616
16650,HLA-A*29:02,esm2_joint,locus,0,1.0,13696,2.7343675094195836,1.0440474
16651,HLA-A*24:03,esm2_joint,locus,0,1.0,13696,1.1631508098056809,0.49678513
16653,HLA-A*11:01,esm2_joint,locus,0,1.0,13696,0.26236426446749106,0.5204679
16654,HLA-A*02:03,esm2_joint,locus,0,1.0,13696,3.3463891451671604,0.74000466
16655,HLA-A*02:10,esm2_joint,locus,0,1.0,13696,2.9391619220655967,0.048959613
16656,HLA-A*68:01,esm2_joint,locus,0,1.0,13696,3.7471483622379123,0.35123223
16658,HLA-A*03:01,esm2_joint,locus,0,1.0,13696,0.0,1.2812822
16660,HLA-A*02:19,esm2_joint,locus,0,1.0,13696,1.308332819650179,0.474993
16661,HLA-A*11:01,esm2_joint,locus,0,1.0,13696,3.246490991901174,0.8555038
16664,HLA-A*33:03,esm2_joint,locus,0,1.0,13696,1.2237754316221157,0.27597874
16666,HLA-A*30:02,esm2_joint,locus,0,1.0,13696,0.26236426446749106,0.33488393
16669,HLA-A*26:02,esm2_joint,locus,0,1.0,13696,0.5877866649021191,0.6556229
16670,HLA-A*26:03,esm2_joint,locus,0,1.0,13696,0.5306282510621704,0.4524141
16677,HLA-A*80:01,esm2_joint,locus,0,1.0,13696,0.0,1.026756
16678,HLA-A*32:07,esm2_joint,locus,0,1.0,13696,0.0,0.6986747
16679,HLA-A*03:01,esm2_joint,locus,0,1.0,13696,2.1041341542702074,1.4731879
16685,HLA-A*24:07,esm2_joint,locus,0,1.0,13696,0.5877866649021191,0.94894826
16686,HLA-A*02:01,esm2_joint,locus,0,1.0,13696,1.5686159179138452,0.37119526
16687,HLA-A*23:01,esm2_joint,locus,0,1.0,13696,2.827313621929028,0.691845
16688,HLA-A*24:03,esm2_joint,locus,0,1.0,13696,2.2082744135228043,0.38481826
16690,HLA-A*11:01,esm2_joint,locus,0,1.0,13696,4.2612704335380815,0.8834372
16691,HLA-A*80:01,esm2_joint,locus,0,1.0,13696,0.0,0.72672963
16694,HLA-A*02:50,esm2_joint,locus,0,1.0,13696,3.104586678466073,0.29215378
16695,HLA-A*02:16,esm2_joint,locus,0,1.0,13696,1.9740810260220096,0.381715
16696,HLA-A*30:02,esm2_joint,locus,0,1.0,13696,0.33647223662121295,0.39864814
16697,HLA-A*30:02,esm2_joint,locus,0,1.0,13696,0.33647223662121295,0.59411716
16698,HLA-A*80:01,esm2_joint,locus,0,1.0,13696,0.26236426446749106,1.0810275
16699,HLA-A*26:03,esm2_joint,locus,0,1.0,13696,0.33647223662121295,0.13124949
16701,HLA-A*68:01,esm2_joint,locus,0,1.0,13696,1.0296194171811583,0.39607483
16706,HLA-A*24:19,esm2_joint,locus,0,1.0,13696,0.09531017980432487,0.23623085
16707,HLA-A*68:23,esm2_joint,locus,0,1.0,13696,2.322387720290225,0.5919825
16709,HLA-A*02:12,esm2_joint,locus,0,1.0,13696,2.3702437414678603,0.74348795
16710,HLA-A*68:01,esm2_joint,locus,0,1.0,13696,1.1314021114911006,0.56179005
16711,HLA-A*30:02,esm2_joint,locus,0,1.0,13696,0.18232155679395465,0.8824408
16712,HLA-A*24:03,esm2_joint,locus,0,1.0,13696,1.8562979903656263,0.19608325
16714,HLA-A*02:50,esm2_joint,locus,0,1.0,13696,0.7884573603642702,0.3188815
16726,HLA-A*23:01,esm2_joint,locus,0,1.0,13696,3.077312260546414,-0.037929356
16728,HLA-A*68:01,esm2_joint,locus,0,1.0,13696,0.18232155679395465,0.82323885
16729,HLA-A*29:02,esm2_joint,locus,0,1.0,13696,0.7419373447293773,1.3458544
16731,HLA-A*11:01,esm2_joint,locus,0,1.0,13696,3.744787086052232,0.97942126
16733,HLA-A*29:02,esm2_joint,locus,0,1.0,13696,1.3862943611198906,1.136025
16742,HLA-A*02:50,esm2_joint,locus,0,1.0,13696,3.091042453358316,0.39944303
16746,HLA-A*80:01,esm2_joint,locus,0,1.0,13696,0.4700036292457355,0.74570787
16751,HLA-A*68:23,esm2_joint,locus,0,1.0,13696,1.4350845252893227,0.38707942
16752,HLA-A*03:01,esm2_joint,locus,0,1.0,13696,1.0986122886681098,1.623105
16753,HLA-A*02:10,esm2_joint,locus,0,1.0,13696,0.26236426446749106,0.2284602
16754,HLA-A*74:01,esm2_joint,locus,0,1.0,13696,5.104125637183595,0.8417237
16756,HLA-A*43:01,esm2_joint,locus,0,1.0,13696,0.0,0.8245339
16757,HLA-A*24:19,esm2_joint,locus,0,1.0,13696,0.18232155679395465,0.21000278
16759,HLA-A*68:23,esm2_joint,locus,0,1.0,13696,0.9932517730102833,0.50281894
16762,HLA-A*02:50,esm2_joint,locus,0,1.0,13696,2.2823823856765264,0.053553462
16763,HLA-A*02:16,esm2_joint,locus,0,1.0,13696,1.3862943611198906,0.43065494
16764,HLA-A*33:03,esm2_joint,locus,0,1.0,13696,0.4700036292457355,1.1595986
16765,HLA-A*68:01,esm2_joint,locus,0,1.0,13696,0.0,0.36180115
16766,HLA-A*23:01,esm2_joint,locus,0,1.0,13696,3.077312260546414,0.118626595
16767,HLA-A*26:03,esm2_joint,locus,0,1.0,13696,1.6094379124341003,0.03303796
16768,HLA-A*24:02,esm2_joint,locus,0,1.0,13696,2.8154087194227095,0.53830934
16770,HLA-A*02:19,esm2_joint,locus,0,1.0,13696,0.4054651081081644,0.4433496
16771,HLA-A*74:01,esm2_joint,locus,0,1.0,13696,4.5591262474866845,0.98229635
16775,HLA-A*80:01,esm2_joint,locus,0,1.0,13696,0.0,0.62388194
16776,HLA-A*23:01,esm2_joint,locus,0,1.0,13696,3.214867803470662,1.4750533
16777,HLA-A*24:03,esm2_joint,locus,0,1.0,13696,1.7404661748405046,0.94152766
16778,HLA-A*24:19,esm2_joint,locus,0,1.0,13696,1.1939224684724346,0.93676585
16781,HLA-A*30:01,esm2_joint,locus,0,1.0,13696,0.26236426446749106,0.3400206
16783,HLA-A*25:01,esm2_joint,locus,0,1.0,13696,0.09531017980432487,0.18708032
16786,HLA-A*02:16,esm2_joint,locus,0,1.0,13696,1.1939224684724346,0.5839968
16788,HLA-A*02:01,esm2_joint,locus,0,1.0,13696,0.4054651081081644,0.39563745
16793,HLA-A*30:02,esm2_joint,locus,0,1.0,13696,0.09531017980432487,0.7965606
16798,HLA-A*02:03,esm2_joint,locus,0,1.0,13696,0.6418538861723948,0.12580442
16802,HLA-A*30:02,esm2_joint,locus,0,1.0,13696,1.9878743481543455,0.54969275
16803,HLA-A*24:03,esm2_joint,locus,0,1.0,13696,0.4700036292457355,0.57389677
16804,HLA-A*24:07,esm2_joint,locus,0,1.0,13696,2.0794415416798357,0.46473002
16806,HLA-A*24:03,esm2_joint,locus,0,1.0,13696,1.4816045409242156,0.20278966
16807,HLA-A*68:23,esm2_joint,locus,0,1.0,13696,0.0,0.51422775
16809,HLA-A*03:01,esm2_joint,locus,0,1.0,13696,1.0647107369924282,1.1707273
16815,HLA-A*26:02,esm2_joint,locus,0,1.0,13696,0.26236426446749106,0.73763984
16821,HLA-A*32:07,esm2_joint,locus,0,1.0,13696,0.5306282510621704,0.83804125
16823,HLA-A*68:01,esm2_joint,locus,0,1.0,13696,4.254193263163997,0.5718129
16830,HLA-A*24:07,esm2_joint,locus,0,1.0,13696,1.7227665977411035,0.8212148
16833,HLA-A*02:19,esm2_joint,locus,0,1.0,13696,3.068052935133617,0.36495924
16835,HLA-A*32:07,esm2_joint,locus,0,1.0,13696,0.0,1.0644485
16838,HLA-A*02:16,esm2_joint,locus,0,1.0,13696,3.2386784521643803,0.57116604
16839,HLA-A*30:01,esm2_joint,locus,0,1.0,13696,0.18232155679395465,0.5321239
16841,HLA-A*25:01,esm2_joint,locus,0,1.0,13696,0.0,0.7106604
16842,HLA-A*25:01,esm2_joint,locus,0,1.0,13696,0.4054651081081644,0.6660845
16843,HLA-A*26:03,esm2_joint,locus,0,1.0,13696,0.7884573603642702,0.18608075
16844,HLA-A*32:01,esm2_joint,locus,0,1.0,13696,0.5306282510621704,0.6641838
16846,HLA-A*30:02,esm2_joint,locus,0,1.0,13696,1.6486586255873816,0.92875814
16848,HLA-A*24:19,esm2_joint,locus,0,1.0,13696,0.0,0.66817373
16855,HLA-A*02:10,esm2_joint,locus,0,1.0,13696,3.6635616461296463,0.6909313
16856,HLA-A*02:50,esm2_joint,locus,0,1.0,13696,2.4765384001174837,0.25070196
16858,HLA-A*11:01,esm2_joint,locus,0,1.0,13696,3.56953269648137,1.2391436
16860,HLA-A*43:01,esm2_joint,locus,0,1.0,13696,0.0,0.73186713
16862,HLA-A*66:01,esm2_joint,locus,0,1.0,13696,0.09531017980432487,0.5758828
16864,HLA-A*02:03,esm2_joint,locus,0,1.0,13696,2.4595888418037104,0.798339
16865,HLA-A*30:01,esm2_joint,locus,0,1.0,13696,1.1631508098056809,0.6452137
16866,HLA-A*68:01,esm2_joint,locus,0,1.0,13696,0.0,0.7329451
16868,HLA-A*24:03,esm2_joint,locus,0,1.0,13696,2.5572273113676265,0.09673619
16870,HLA-A*02:10,esm2_joint,locus,0,1.0,13696,2.2407096892759584,0.11874813
16871,HLA-A*02:50,esm2_joint,locus,0,1.0,13696,0.7884573603642702,0.11346853
16872,HLA-A*33:03,esm2_joint,locus,0,1.0,13696,0.0,0.9545977
16879,HLA-A*02:16,esm2_joint,locus,0,1.0,13696,2.0149030205422647,0.7965728
16884,HLA-A*80:01,esm2_joint,locus,0,1.0,13696,0.0,0.6224267
16885,HLA-A*26:02,esm2_joint,locus,0,1.0,13696,3.3105430133940246,0.7142354
16889,HLA-A*68:01,esm2_joint,locus,0,1.0,13696,0.6418538861723948,0.6923551
16890,HLA-A*74:01,esm2_joint,locus,0,1.0,13696,0.0,0.93840456
16894,HLA-A*68:23,esm2_joint,locus,0,1.0,13696,0.4700036292457355,0.4267313
16895,HLA-A*11:01,esm2_joint,locus,0,1.0,13696,1.410986973710262,0.55778015
16900,HLA-A*32:07,esm2_joint,locus,0,1.0,13696,0.0,1.1477759
16901,HLA-A*68:01,esm2_joint,locus,0,1.0,13696,2.2823823856765264,0.77057576
16905,HLA-A*24:02,esm2_joint,locus,0,1.0,13696,0.18232155679395465,0.90347505
16907,HLA-A*33:03,esm2_joint,locus,0,1.0,13696,2.8507065015037334,0.64379084
16911,HLA-A*25:01,esm2_joint,locus,0,1.0,13696,0.4700036292457355,0.50150883
16913,HLA-A*02:11,esm2_joint,locus,0,1.0,13696,0.5306282510621704,0.33683234
16916,HLA-A*02:10,esm2_joint,locus,0,1.0,13696,0.7419373447293773,0.86704266
16923,HLA-A*24:07,esm2_joint,locus,0,1.0,13696,0.26236426446749106,0.6415812
16924,HLA-A*68:23,esm2_joint,locus,0,1.0,13696,0.33647223662121295,0.9138909
16927,HLA-A*02:19,esm2_joint,locus,0,1.0,13696,1.252762968495368,0.3746394
16930,HLA-A*26:03,esm2_joint,locus,0,1.0,13696,0.0,0.651088
16932,HLA-A*11:01,esm2_joint,locus,0,1.0,13696,2.1041341542702074,0.9137002
16935,HLA-A*02:03,esm2_joint,locus,0,1.0,13696,0.9162907318741551,0.23399138
16936,HLA-A*02:10,esm2_joint,locus,0,1.0,13696,0.33647223662121295,-0.08940166
16937,HLA-A*02:50,esm2_joint,locus,0,1.0,13696,1.6486586255873816,0.3466891
16938,HLA-A*80:01,esm2_joint,locus,0,1.0,13696,0.0,0.5025385
16939,HLA-A*68:23,esm2_joint,locus,0,1.0,13696,0.832909122935104,0.40230346
16948,HLA-A*23:01,esm2_joint,locus,0,1.0,13696,1.5040773967762742,0.2586426
16951,HLA-A*30:01,esm2_joint,locus,0,1.0,13696,0.0,0.41717148
16952,HLA-A*68:01,esm2_joint,locus,0,1.0,13696,0.0,0.34378177
16954,HLA-A*02:16,esm2_joint,locus,0,1.0,13696,1.0296194171811583,0.17851931
16957,HLA-A*23:01,esm2_joint,locus,0,1.0,13696,3.299533727885655,1.2446059
16958,HLA-A*68:23,esm2_joint,locus,0,1.0,13696,0.9162907318741551,1.2479832
16959,HLA-A*26:03,esm2_joint,locus,0,1.0,13696,0.4054651081081644,0.5734154
16963,HLA-A*30:01,esm2_joint,locus,0,1.0,13696,0.0,0.43245608
16968,HLA-A*02:03,esm2_joint,locus,0,1.0,13696,3.8394523125933104,0.6044249
16970,HLA-A*02:50,esm2_joint,locus,0,1.0,13696,2.3702437414678603,-0.18627018
16971,HLA-A*02:19,esm2_joint,locus,0,1.0,13696,1.0986122886681098,1.1068509
16972,HLA-A*30:01,esm2_joint,locus,0,1.0,13696,2.1972245773362196,0.72671163
16974,HLA-A*02:10,esm2_joint,locus,0,1.0,13696,2.827313621929028,0.41340685
16975,HLA-A*02:19,esm2_joint,locus,0,1.0,13696,3.591817741270805,0.33923817
16980,HLA-A*32:07,esm2_joint,locus,0,1.0,13696,0.0,0.52391875
16982,HLA-A*24:19,esm2_joint,locus,0,1.0,13696,0.33647223662121295,0.27891332
16983,HLA-A*66:01,esm2_joint,locus,0,1.0,13696,2.667228206581955,0.8279353
16987,HLA-A*02:50,esm2_joint,locus,0,1.0,13696,1.824549292051046,0.3234197
16989,HLA-A*32:07,esm2_joint,locus,0,1.0,13696,3.2733640101522705,1.161887
16992,HLA-A*02:11,esm2_joint,locus,0,1.0,13696,1.824549292051046,0.96467465
16993,HLA-A*02:50,esm2_joint,locus,0,1.0,13696,2.3978952727983707,0.3704924
16997,HLA-A*43:01,esm2_joint,locus,0,1.0,13696,0.0,0.6827656
16998,HLA-A*29:02,esm2_joint,locus,0,1.0,13696,0.832909122935104,0.74930453
17000,HLA-A*24:07,esm2_joint,locus,0,1.0,13696,0.6418538861723948,0.22018176
17001,HLA-A*24:02,esm2_joint,locus,0,1.0,13696,2.1400661634962708,0.104632854
17002,HLA-A*68:01,esm2_joint,locus,0,1.0,13696,0.6931471805599453,0.6696058
17003,HLA-A*03:01,esm2_joint,locus,0,1.0,13696,3.6609942506244004,1.3724215
17005,HLA-A*24:19,esm2_joint,locus,0,1.0,13696,0.18232155679395465,0.1894179
17006,HLA-A*03:01,esm2_joint,locus,0,1.0,13696,1.7749523509116738,0.6609681
17008,HLA-A*02:11,esm2_joint,locus,0,1.0,13696,0.5877866649021191,0.7931088
17009,HLA-A*80:01,esm2_joint,locus,0,1.0,13696,0.0,0.3188461
17010,HLA-A*24:07,esm2_joint,locus,0,1.0,13696,0.33647223662121295,0.64520395
17011,HLA-A*02:50,esm2_joint,locus,0,1.0,13696,1.9740810260220096,0.19441062
17012,HLA-A*02:19,esm2_joint,locus,0,1.0,13696,3.871201010907891,0.6730989
17017,HLA-A*03:01,esm2_joint,locus,0,1.0,13696,0.0,0.7198112
17018,HLA-A*29:02,esm2_joint,locus,0,1.0,13696,0.0,0.9731446
17023,HLA-A*24:19,esm2_joint,locus,0,1.0,13696,0.18232155679395465,1.1385769
17024,HLA-A*24:07,esm2_joint,locus,0,1.0,13696,0.4700036292457355,0.89036065
17025,HLA-A*02:16,esm2_joint,locus,0,1.0,13696,2.5649493574615367,0.33882135
17028,HLA-A*32:07,esm2_joint,locus,0,1.0,13696,0.0,0.2668599
17030,HLA-A*26:02,esm2_joint,locus,0,1.0,13696,0.6418538861723948,0.99179935
17034,HLA-A*30:02,esm2_joint,locus,0,1.0,13696,0.5306282510621704,0.7182712
17038,HLA-A*24:19,esm2_joint,locus,0,1.0,13696,0.5306282510621704,0.7911696
17044,HLA-A*74:01,esm2_joint,locus,0,1.0,13696,0.832909122935104,0.8345753
17045,HLA-A*74:01,esm2_joint,locus,0,1.0,13696,3.55820113047182,1.1654675
17047,HLA-A*74:01,esm2_joint,locus,0,1.0,13696,0.09531017980432487,0.8507027
17052,HLA-A*68:23,esm2_joint,locus,0,1.0,13696,0.9555114450274363,0.8400242
17057,HLA-A*02:10,esm2_joint,locus,0,1.0,13696,0.6418538861723948,-0.017705262
17061,HLA-A*43:01,esm2_joint,locus,0,1.0,13696,0.0,1.1693003
17062,HLA-A*30:02,esm2_joint,locus,0,1.0,13696,0.33647223662121295,0.39558822
17064,HLA-A*24:02,esm2_joint,locus,0,1.0,13696,0.5306282510621704,0.8883206
17066,HLA-A*68:01,esm2_joint,locus,0,1.0,13696,0.0,0.43678463
17067,HLA-A*29:02,esm2_joint,locus,0,1.0,13696,1.9740810260220096,0.8856349
17069,HLA-A*02:10,esm2_joint,locus,0,1.0,13696,1.7047480922384253,0.56672233
17070,HLA-A*02:50,esm2_joint,locus,0,1.0,13696,1.252762968495368,-0.11291069
17071,HLA-A*24:07,esm2_joint,locus,0,1.0,13696,0.9162907318741551,0.49441686
17075,HLA-A*26:02,esm2_joint,locus,0,1.0,13696,0.4054651081081644,1.07419
17077,HLA-A*02:19,esm2_joint,locus,0,1.0,13696,1.7227665977411035,0.31569362
17078,HLA-A*80:01,esm2_joint,locus,0,1.0,13696,0.26236426446749106,0.40267497
17079,HLA-A*32:07,esm2_joint,locus,0,1.0,13696,0.0,0.25309741
17081,HLA-A*02:11,esm2_joint,locus,0,1.0,13696,1.1939224684724346,0.42448938
17087,HLA-A*24:03,esm2_joint,locus,0,1.0,13696,0.7884573603642702,0.4303481
17088,HLA-A*02:11,esm2_joint,locus,0,1.0,13696,1.33500106673234,0.55493104
17089,HLA-A*02:16,esm2_joint,locus,0,1.0,13696,1.5260563034950494,0.0558123
17093,HLA-A*30:02,esm2_joint,locus,0,1.0,13696,0.0,1.011434
17094,HLA-A*23:01,esm2_joint,locus,0,1.0,13696,3.543853682063679,0.46017283
17096,HLA-A*68:23,esm2_joint,locus,0,1.0,13696,0.33647223662121295,0.78016853
17099,HLA-A*24:02,esm2_joint,locus,0,1.0,13696,2.833213344056216,0.46107686
17101,HLA-A*02:11,esm2_joint,locus,0,1.0,13696,1.8870696490323797,0.82146376
17102,HLA-A*11:01,esm2_joint,locus,0,1.0,13696,2.6026896854443837,1.1990237
17103,HLA-A*74:01,esm2_joint,locus,0,1.0,13696,1.667706820558076,1.587222
17111,HLA-A*29:02,esm2_joint,locus,0,1.0,13696,1.4350845252893227,1.4119182
17112,HLA-A*25:01,esm2_joint,locus,0,1.0,13696,0.0,0.6328278
17113,HLA-A*11:01,esm2_joint,locus,0,1.0,13696,0.18232155679395465,0.45303947
17116,HLA-A*43:01,esm2_joint,locus,0,1.0,13696,0.33647223662121295,0.897912
17118,HLA-A*02:10,esm2_joint,locus,0,1.0,13696,0.0,0.01145196
17119,HLA-A*68:01,esm2_joint,locus,0,1.0,13696,1.410986973710262,1.2101688
17122,HLA-A*32:07,esm2_joint,locus,0,1.0,13696,0.0,0.76120436
17128,HLA-A*02:03,esm2_joint,locus,0,1.0,13696,2.6741486494265287,0.399742
17129,HLA-A*11:01,esm2_joint,locus,0,1.0,13696,1.2809338454620642,1.0437807
17134,HLA-A*02:03,esm2_joint,locus,0,1.0,13696,0.5306282510621704,0.052683115
17135,HLA-A*02:11,esm2_joint,locus,0,1.0,13696,2.0918640616783932,0.4627815
17136,HLA-A*31:01,esm2_joint,locus,0,1.0,13696,1.5260563034950494,1.2383683
17138,HLA-A*24:02,esm2_joint,locus,0,1.0,13696,0.5007752879124893,0.42894626
17140,HLA-A*02:10,esm2_joint,locus,0,1.0,13696,1.0296194171811583,0.50652575
17141,HLA-A*03:01,esm2_joint,locus,0,1.0,13696,0.18232155679395465,0.74779594
17143,HLA-A*25:01,esm2_joint,locus,0,1.0,13696,0.26236426446749106,0.44469637
17147,HLA-A*43:01,esm2_joint,locus,0,1.0,13696,0.5306282510621704,0.96902734
17148,HLA-A*80:01,esm2_joint,locus,0,1.0,13696,0.0,0.764638
17149,HLA-A*23:01,esm2_joint,locus,0,1.0,13696,2.0412203288596382,0.5412998
17150,HLA-A*24:03,esm2_joint,locus,0,1.0,13696,1.0986122886681098,0.26546085
17154,HLA-A*03:01,esm2_joint,locus,0,1.0,13696,0.5306282510621704,1.0416096
17157,HLA-A*68:23,esm2_joint,locus,0,1.0,13696,0.6931471805599453,0.5287348
17158,HLA-A*02:10,esm2_joint,locus,0,1.0,13696,2.5416019934645457,-0.104268014
17159,HLA-A*33:03,esm2_joint,locus,0,1.0,13696,4.019980146933238,0.46244693
17160,HLA-A*02:16,esm2_joint,locus,0,1.0,13696,3.299533727885655,0.85369676
17161,HLA-A*68:01,esm2_joint,locus,0,1.0,13696,0.6418538861723948,0.49631146
17165,HLA-A*24:19,esm2_joint,locus,0,1.0,13696,0.26236426446749106,0.7636727
17166,HLA-A*24:19,esm2_joint,locus,0,1.0,13696,0.0,0.4290293
17167,HLA-A*25:01,esm2_joint,locus,0,1.0,13696,3.6189933266497696,0.4983117
17168,HLA-A*24:02,esm2_joint,locus,0,1.0,13696,0.26236426446749106,0.23732597
17170,HLA-A*43:01,esm2_joint,locus,0,1.0,13696,2.468099531471619,1.5334315
17171,HLA-A*74:01,esm2_joint,locus,0,1.0,13696,0.4054651081081644,1.0503316
17173,HLA-A*30:02,esm2_joint,locus,0,1.0,13696,1.2237754316221157,1.1407056
17174,HLA-A*26:03,esm2_joint,locus,0,1.0,13696,0.0,0.47452426
17178,HLA-A*02:11,esm2_joint,locus,0,1.0,13696,3.091042453358316,0.71598905
17179,HLA-A*33:03,esm2_joint,locus,0,1.0,13696,0.0,0.951862
17182,HLA-A*32:07,esm2_joint,locus,0,1.0,13696,1.5260563034950494,0.56221485
17188,HLA-A*32:07,esm2_joint,locus,0,1.0,13696,0.0,0.6070431
17189,HLA-A*02:50,esm2_joint,locus,0,1.0,13696,2.2823823856765264,0.8120165
17192,HLA-A*68:23,esm2_joint,locus,0,1.0,13696,0.0,0.54072183
17193,HLA-A*66:01,esm2_joint,locus,0,1.0,13696,0.26236426446749106,0.9248471
17194,HLA-A*26:03,esm2_joint,locus,0,1.0,13696,2.928523523860541,0.5589787
17195,HLA-A*68:01,esm2_joint,locus,0,1.0,13696,1.62924053973028,0.70999485
17196,HLA-A*32:07,esm2_joint,locus,0,1.0,13696,0.0,0.7590713
17197,HLA-A*24:03,esm2_joint,locus,0,1.0,13696,2.2617630984737906,1.4698493
17199,HLA-A*68:01,esm2_joint,locus,0,1.0,13696,0.0,0.27131456
17200,HLA-A*11:01,esm2_joint,locus,0,1.0,13696,0.5306282510621704,0.61292386
17201,HLA-A*11:01,esm2_joint,locus,0,1.0,13696,4.019980146933238,0.6669551
17203,HLA-A*23:01,esm2_joint,locus,0,1.0,13696,3.4781584227982836,0.71141946
17205,HLA-A*24:07,esm2_joint,locus,0,1.0,13696,0.26236426446749106,0.96411324
17209,HLA-A*02:12,esm2_joint,locus,0,1.0,13696,2.9856819377004897,0.48987472
17214,HLA-A*02:50,esm2_joint,locus,0,1.0,13696,0.9162907318741551,0.31362426
17215,HLA-A*31:01,esm2_joint,locus,0,1.0,13696,0.832909122935104,0.85265476
17218,HLA-A*30:02,esm2_joint,locus,0,1.0,13696,1.4350845252893227,0.58655405
17219,HLA-A*24:03,esm2_joint,locus,0,1.0,13696,2.9806186357439426,0.23742813
17221,HLA-A*80:01,esm2_joint,locus,0,1.0,13696,0.09531017980432487,0.57482636
17222,HLA-A*26:02,esm2_joint,locus,0,1.0,13696,3.7909846770510898,1.0309573
17223,HLA-A*26:03,esm2_joint,locus,0,1.0,13696,0.18232155679395465,0.086217225
17226,HLA-A*43:01,esm2_joint,locus,0,1.0,13696,0.0,0.9157932
17227,HLA-A*32:07,esm2_joint,locus,0,1.0,13696,1.33500106673234,0.6851274
17230,HLA-A*02:12,esm2_joint,locus,0,1.0,13696,1.7047480922384253,0.44142145
17236,HLA-A*29:02,esm2_joint,locus,0,1.0,13696,0.33647223662121295,0.75488555
17237,HLA-A*32:07,esm2_joint,locus,0,1.0,13696,0.0,0.3195979
17238,HLA-A*66:01,esm2_joint,locus,0,1.0,13696,1.0296194171811583,0.7086077
17240,HLA-A*24:02,esm2_joint,locus,0,1.0,13696,1.547562508716013,0.71291345
17241,HLA-A*32:01,esm2_joint,locus,0,1.0,13696,0.4700036292457355,1.0948339
17243,HLA-A*66:01,esm2_joint,locus,0,1.0,13696,0.4054651081081644,0.52575934
17245,HLA-A*02:01,esm2_joint,locus,0,1.0,13696,2.517696472610991,-0.03875774
17247,HLA-A*43:01,esm2_joint,locus,0,1.0,13696,0.0,0.5936625
17248,HLA-A*66:01,esm2_joint,locus,0,1.0,13696,0.18232155679395465,0.28492433
17251,HLA-A*24:02,esm2_joint,locus,0,1.0,13696,0.26236426446749106,0.7333659
17252,HLA-A*43:01,esm2_joint,locus,0,1.0,13696,0.0,0.66760623
17255,HLA-A*25:01,esm2_joint,locus,0,1.0,13696,2.0412203288596382,0.2532224
17256,HLA-A*66:01,esm2_joint,locus,0,1.0,13696,0.0,0.6652717
17257,HLA-A*26:03,esm2_joint,locus,0,1.0,13696,0.0,0.20996577
17260,HLA-A*80:01,esm2_joint,locus,0,1.0,13696,0.0,0.64222276
17261,HLA-A*24:07,esm2_joint,locus,0,1.0,13696,2.33214389523559,0.4611798
17262,HLA-A*68:23,esm2_joint,locus,0,1.0,13696,0.18232155679395465,0.6963876
17264,HLA-A*24:02,esm2_joint,locus,0,1.0,13696,0.6418538861723948,0.5452826
17265,HLA-A*24:02,esm2_joint,locus,0,1.0,13696,0.26236426446749106,0.42441535
17269,HLA-A*02:16,esm2_joint,locus,0,1.0,13696,1.9878743481543455,-0.00469625
17270,HLA-A*02:19,esm2_joint,locus,0,1.0,13696,1.1939224684724346,0.5879782
17275,HLA-A*02:50,esm2_joint,locus,0,1.0,13696,0.5306282510621704,0.4032991
17276,HLA-A*74:01,esm2_joint,locus,0,1.0,13696,0.0,0.8458999
17278,HLA-A*32:07,esm2_joint,locus,0,1.0,13696,1.916922612182061,0.5282134
17281,HLA-A*24:02,esm2_joint,locus,0,1.0,13696,0.18232155679395465,0.4442405
17282,HLA-A*02:16,esm2_joint,locus,0,1.0,13696,3.4404180948154366,0.36629552
17284,HLA-A*26:03,esm2_joint,locus,0,1.0,13696,0.832909122935104,0.40500456
17290,HLA-A*02:50,esm2_joint,locus,0,1.0,13696,3.0007198150650303,0.75768054
17291,HLA-A*11:01,esm2_joint,locus,0,1.0,13696,1.1631508098056809,0.557541
17296,HLA-A*26:03,esm2_joint,locus,0,1.0,13696,0.7419373447293773,0.3842507
17297,HLA-A*33:03,esm2_joint,locus,0,1.0,13696,0.5877866649021191,0.7017678
17301,HLA-A*24:02,esm2_joint,locus,0,1.0,13696,3.0587070727153796,1.1192865
17306,HLA-A*02:10,esm2_joint,locus,0,1.0,13696,2.5257286443082556,0.9992644
17307,HLA-A*02:11,esm2_joint,locus,0,1.0,13696,2.2925347571405443,-0.01933235
17308,HLA-A*02:12,esm2_joint,locus,0,1.0,13696,1.8562979903656263,0.448389
17309,HLA-A*02:19,esm2_joint,locus,0,1.0,13696,2.4932054526026954,0.6059519
17310,HLA-A*80:01,esm2_joint,locus,0,1.0,13696,0.4054651081081644,0.854437
17311,HLA-A*68:23,esm2_joint,locus,0,1.0,13696,0.9162907318741551,0.5095047
17312,HLA-A*24:02,esm2_joint,locus,0,1.0,13696,3.730501128804756,0.1363756
17313,HLA-A*02:19,esm2_joint,locus,0,1.0,13696,0.9932517730102833,0.10146463
17316,HLA-A*02:16,esm2_joint,locus,0,1.0,13696,0.7884573603642702,0.25587404
17317,HLA-A*02:01,esm2_joint,locus,0,1.0,13696,0.26236426446749106,-0.3150577
17319,HLA-A*02:19,esm2_joint,locus,0,1.0,13696,2.5572273113676265,0.47135204
17322,HLA-A*32:07,esm2_joint,locus,0,1.0,13696,2.3513752571634776,0.38541263
17325,HLA-A*26:03,esm2_joint,locus,0,1.0,13696,1.1939224684724346,0.4724177
17332,HLA-A*24:19,esm2_joint,locus,0,1.0,13696,0.0,0.25546622
17334,HLA-A*03:01,esm2_joint,locus,0,1.0,13696,0.26236426446749106,1.0998734
17335,HLA-A*24:19,esm2_joint,locus,0,1.0,13696,0.0,0.8392525
17336,HLA-A*02:19,esm2_joint,locus,0,1.0,13696,2.4423470353692043,0.12538564
17337,HLA-A*23:01,esm2_joint,locus,0,1.0,13696,2.5726122302071057,0.084507465
17339,HLA-A*33:03,esm2_joint,locus,0,1.0,13696,0.0,1.1084708
17340,HLA-A*68:01,esm2_joint,locus,0,1.0,13696,1.3609765531356006,1.1116477
17348,HLA-A*02:11,esm2_joint,locus,0,1.0,13696,0.9555114450274363,0.66489947
17351,HLA-A*32:07,esm2_joint,locus,0,1.0,13696,1.308332819650179,1.017575
17355,HLA-A*66:01,esm2_joint,locus,0,1.0,13696,0.33647223662121295,0.80995995
17356,HLA-A*02:19,esm2_joint,locus,0,1.0,13696,2.2192034840549946,0.8560167
17358,HLA-A*80:01,esm2_joint,locus,0,1.0,13696,0.0,0.82518566
17359,HLA-A*24:03,esm2_joint,locus,0,1.0,13696,1.8718021769015913,0.30205637
17365,HLA-A*66:01,esm2_joint,locus,0,1.0,13696,0.0,0.83751243
17366,HLA-A*26:03,esm2_joint,locus,0,1.0,13696,1.7749523509116738,0.56126595
17369,HLA-A*02:50,esm2_joint,locus,0,1.0,13696,2.302585092994046,0.120541394
17370,HLA-A*74:01,esm2_joint,locus,0,1.0,13696,2.6878474937846906,1.3030226
17371,HLA-A*24:19,esm2_joint,locus,0,1.0,13696,1.1939224684724346,0.8210129
17374,HLA-A*24:02,esm2_joint,locus,0,1.0,13696,0.6418538861723948,0.5963199
17375,HLA-A*02:03,esm2_joint,locus,0,1.0,13696,3.091042453358316,0.36554235
17376,HLA-A*02:10,esm2_joint,locus,0,1.0,13696,1.0986122886681098,0.27560192
17379,HLA-A*80:01,esm2_joint,locus,0,1.0,13696,0.0,0.79136294
17380,HLA-A*24:19,esm2_joint,locus,0,1.0,13696,0.33647223662121295,0.99896926
17381,HLA-A*26:03,esm2_joint,locus,0,1.0,13696,0.0,0.8781673
17382,HLA-A*02:10,esm2_joint,locus,0,1.0,13696,1.252762968495368,0.18133384
17383,HLA-A*33:03,esm2_joint,locus,0,1.0,13696,0.0,0.6900899
17386,HLA-A*24:02,esm2_joint,locus,0,1.0,13696,2.533696813957432,0.7422809
17387,HLA-A*02:10,esm2_joint,locus,0,1.0,13696,0.7419373447293773,-0.09215373
17388,HLA-A*02:10,esm2_joint,locus,0,1.0,13696,2.970414465569701,0.22663742
17389,HLA-A*43:01,esm2_joint,locus,0,1.0,13696,0.26236426446749106,1.2345121
17391,HLA-A*29:02,esm2_joint,locus,0,1.0,13696,0.09531017980432487,1.2755774
17392,HLA-A*02:10,esm2_joint,locus,0,1.0,13696,0.0,0.65712786
17398,HLA-A*02:16,esm2_joint,locus,0,1.0,13696,3.5751506887855933,0.6859296
17403,HLA-A*25:01,esm2_joint,locus,0,1.0,13696,0.0,0.72924095
17405,HLA-A*02:12,esm2_joint,locus,0,1.0,13696,3.3357695763397,0.32917768
17406,HLA-A*02:19,esm2_joint,locus,0,1.0,13696,1.0986122886681098,0.38387698
17410,HLA-A*43:01,esm2_joint,locus,0,1.0,13696,0.4700036292457355,1.5044591
17411,HLA-A*32:07,esm2_joint,locus,0,1.0,13696,1.2237754316221157,1.0984817
17414,HLA-A*02:50,esm2_joint,locus,0,1.0,13696,0.7419373447293773,0.4355001
17415,HLA-A*74:01,esm2_joint,locus,0,1.0,13696,3.8264651170664994,0.7684528
17417,HLA-A*30:02,esm2_joint,locus,0,1.0,13696,1.4586150226995167,1.0367827
17418,HLA-A*24:03,esm2_joint,locus,0,1.0,13696,1.0296194171811583,0.9743571
17422,HLA-A*11:01,esm2_joint,locus,0,1.0,13696,1.8082887711792655,0.70839715
17424,HLA-A*24:02,esm2_joint,locus,0,1.0,13696,0.9555114450274363,0.6597203
17427,HLA-A*02:19,esm2_joint,locus,0,1.0,13696,0.09531017980432487,0.41840476
17431,HLA-A*24:07,esm2_joint,locus,0,1.0,13696,0.26236426446749106,1.144342
17433,HLA-A*24:07,esm2_joint,locus,0,1.0,13696,0.26236426446749106,0.66148746
17434,HLA-A*02:01,esm2_joint,locus,0,1.0,13696,1.9878743481543455,0.6662628
17435,HLA-A*30:01,esm2_joint,locus,0,1.0,13696,0.26236426446749106,0.6623608
17438,HLA-A*24:19,esm2_joint,locus,0,1.0,13696,0.09531017980432487,0.66701263
17440,HLA-A*26:03,esm2_joint,locus,0,1.0,13696,2.667228206581955,0.5478828
17444,HLA-A*02:03,esm2_joint,locus,0,1.0,13696,0.5306282510621704,0.41816908
17447,HLA-A*26:03,esm2_joint,locus,0,1.0,13696,0.4700036292457355,0.72647905
17449,HLA-A*31:01,esm2_joint,locus,0,1.0,13696,2.2300144001592104,1.183966
17451,HLA-A*43:01,esm2_joint,locus,0,1.0,13696,0.4700036292457355,1.3781092
17453,HLA-A*24:02,esm2_joint,locus,0,1.0,13696,2.3702437414678603,0.36048883
17455,HLA-A*24:19,esm2_joint,locus,0,1.0,13696,1.1631508098056809,0.45722443
17456,HLA-A*03:01,esm2_joint,locus,0,1.0,13696,0.0,0.8524734
17459,HLA-A*68:23,esm2_joint,locus,0,1.0,13696,1.7578579175523736,0.72628146
17460,HLA-A*68:01,esm2_joint,locus,0,1.0,13696,3.086486636822455,0.3261152
17462,HLA-A*03:01,esm2_joint,locus,0,1.0,13696,0.0,1.1953725
17465,HLA-A*02:50,esm2_joint,locus,0,1.0,13696,2.9444389791664403,0.21339566
17466,HLA-A*02:16,esm2_joint,locus,0,1.0,13696,3.8877303128591016,0.17473859
17468,HLA-A*25:01,esm2_joint,locus,0,1.0,13696,0.0,0.46514565
17471,HLA-A*02:10,esm2_joint,locus,0,1.0,13696,0.33647223662121295,-0.25515205
17472,HLA-A*02:16,esm2_joint,locus,0,1.0,13696,0.33647223662121295,-0.04460138
17474,HLA-A*24:03,esm2_joint,locus,0,1.0,13696,0.26236426446749106,0.83443797
17476,HLA-A*24:19,esm2_joint,locus,0,1.0,13696,0.09531017980432487,0.9805819
17478,HLA-A*68:01,esm2_joint,locus,0,1.0,13696,0.18232155679395465,0.22930753
17480,HLA-A*43:01,esm2_joint,locus,0,1.0,13696,0.09531017980432487,0.94636977
17485,HLA-A*02:50,esm2_joint,locus,0,1.0,13696,2.1041341542702074,0.094905674
17486,HLA-A*02:16,esm2_joint,locus,0,1.0,13696,1.7578579175523736,-0.055761635
17489,HLA-A*29:02,esm2_joint,locus,0,1.0,13696,1.6094379124341003,1.2495887
17490,HLA-A*29:02,esm2_joint,locus,0,1.0,13696,0.9555114450274363,1.368494
17492,HLA-A*24:19,esm2_joint,locus,0,1.0,13696,0.09531017980432487,0.72961074
17493,HLA-A*02:16,esm2_joint,locus,0,1.0,13696,3.535145354171894,0.3242777
17497,HLA-A*43:01,esm2_joint,locus,0,1.0,13696,2.0412203288596382,1.5126398
17500,HLA-A*02:11,esm2_joint,locus,0,1.0,13696,3.1612467120315646,0.58130103
17507,HLA-A*24:07,esm2_joint,locus,0,1.0,13696,1.7404661748405046,0.9746286
17508,HLA-A*68:23,esm2_joint,locus,0,1.0,13696,0.4054651081081644,0.086642265
17509,HLA-A*66:01,esm2_joint,locus,0,1.0,13696,0.0,0.992181
17510,HLA-A*02:03,esm2_joint,locus,0,1.0,13696,3.086486636822455,0.3523364
17511,HLA-A*33:03,esm2_joint,locus,0,1.0,13696,2.0918640616783932,0.6411216
17514,HLA-A*24:07,esm2_joint,locus,0,1.0,13696,2.501435951739211,0.8994186
17518,HLA-A*02:16,esm2_joint,locus,0,1.0,13696,2.272125885509337,0.3103302
17520,HLA-A*43:01,esm2_joint,locus,0,1.0,13696,0.0,0.34843683
17523,HLA-A*30:01,esm2_joint,locus,0,1.0,13696,2.928523523860541,0.47383368
17527,HLA-A*02:10,esm2_joint,locus,0,1.0,13696,0.5877866649021191,0.25593626
17530,HLA-A*26:01,esm2_joint,locus,0,1.0,13696,0.0,0.6792871
17534,HLA-A*24:02,esm2_joint,locus,0,1.0,13696,1.9740810260220096,0.06617123
17535,HLA-A*31:01,esm2_joint,locus,0,1.0,13696,0.0,1.1999816
17539,HLA-A*11:01,esm2_joint,locus,0,1.0,13696,1.0647107369924282,0.8150451
17543,HLA-A*24:19,esm2_joint,locus,0,1.0,13696,0.4054651081081644,0.784667
17544,HLA-A*02:01,esm2_joint,locus,0,1.0,13696,0.9282193027394289,0.6171016
17545,HLA-A*24:02,esm2_joint,locus,0,1.0,13696,1.62924053973028,0.87878346
17546,HLA-A*02:11,esm2_joint,locus,0,1.0,13696,0.18232155679395465,0.34916514
17551,HLA-A*24:19,esm2_joint,locus,0,1.0,13696,2.028148247292285,0.6190059
17552,HLA-A*03:01,esm2_joint,locus,0,1.0,13696,0.09531017980432487,0.9289111
17553,HLA-A*31:01,esm2_joint,locus,0,1.0,13696,0.6931471805599453,1.108832
17560,HLA-A*33:03,esm2_joint,locus,0,1.0,13696,0.0,0.83867556
17561,HLA-A*68:01,esm2_joint,locus,0,1.0,13696,0.0,0.75918007
17566,HLA-A*02:50,esm2_joint,locus,0,1.0,13696,3.0301337002713233,0.42699063
17567,HLA-A*33:03,esm2_joint,locus,0,1.0,13696,0.0,0.616012
17568,HLA-A*74:01,esm2_joint,locus,0,1.0,13696,0.26236426446749106,1.1696918
17571,HLA-A*43:01,esm2_joint,locus,0,1.0,13696,0.0,0.90229857
17572,HLA-A*32:07,esm2_joint,locus,0,1.0,13696,2.5952547069568657,1.1299361
17573,HLA-A*26:02,esm2_joint,locus,0,1.0,13696,0.26236426446749106,0.82995874
17574,HLA-A*66:01,esm2_joint,locus,0,1.0,13696,0.13976194237515868,0.5681164
17582,HLA-A*24:03,esm2_joint,locus,0,1.0,13696,2.5494451709255714,0.05054331
17584,HLA-A*68:23,esm2_joint,locus,0,1.0,13696,0.9162907318741551,0.5564649
17588,HLA-A*80:01,esm2_joint,locus,0,1.0,13696,0.0,0.9969398
17591,HLA-A*02:10,esm2_joint,locus,0,1.0,13696,1.0647107369924282,0.59799904
17592,HLA-A*68:01,esm2_joint,locus,0,1.0,13696,0.26236426446749106,0.33789557
17593,HLA-A*23:01,esm2_joint,locus,0,1.0,13696,0.5306282510621704,0.35077202
17594,HLA-A*33:03,esm2_joint,locus,0,1.0,13696,0.0,1.1308712
17597,HLA-A*68:23,esm2_joint,locus,0,1.0,13696,0.33647223662121295,0.2886836
17599,HLA-A*02:10,esm2_joint,locus,0,1.0,13696,2.0014800002101243,0.19673061
17600,HLA-A*74:01,esm2_joint,locus,0,1.0,13696,0.4054651081081644,0.65792435
17605,HLA-A*24:02,esm2_joint,locus,0,1.0,13696,0.6931471805599453,1.1562492
17606,HLA-A*33:03,esm2_joint,locus,0,1.0,13696,0.0,1.160399
17607,HLA-A*74:01,esm2_joint,locus,0,1.0,13696,5.167639042905921,0.315032
17609,HLA-A*23:01,esm2_joint,locus,0,1.0,13696,0.26236426446749106,0.8409667
17610,HLA-A*24:07,esm2_joint,locus,0,1.0,13696,1.6863989535702288,0.5511617
17611,HLA-A*66:01,esm2_joint,locus,0,1.0,13696,0.18232155679395465,0.5504501
17612,HLA-A*02:10,esm2_joint,locus,0,1.0,13696,2.151762203259462,0.21814567
17614,HLA-A*66:01,esm2_joint,locus,0,1.0,13696,0.0,0.52847826
17618,HLA-A*26:03,esm2_joint,locus,0,1.0,13696,0.18232155679395465,0.9428829
17619,HLA-A*68:01,esm2_joint,locus,0,1.0,13696,0.832909122935104,0.3249343
17620,HLA-A*11:01,esm2_joint,locus,0,1.0,13696,0.0,0.69378424
17621,HLA-A*43:01,esm2_joint,locus,0,1.0,13696,0.0,0.9731113
17622,HLA-A*32:07,esm2_joint,locus,0,1.0,13696,3.3250360206965914,0.9878022
17625,HLA-A*02:10,esm2_joint,locus,0,1.0,13696,1.6094379124341003,0.20908332
17626,HLA-A*02:50,esm2_joint,locus,0,1.0,13696,1.0296194171811583,0.35598087
17630,HLA-A*66:01,esm2_joint,locus,0,1.0,13696,1.33500106673234,0.81989205
17631,HLA-A*29:02,esm2_joint,locus,0,1.0,13696,1.0647107369924282,0.98723245
17632,HLA-A*80:01,esm2_joint,locus,0,1.0,13696,0.18232155679395465,0.8566015
17633,HLA-A*80:01,esm2_joint,locus,0,1.0,13696,0.0,0.62998253
17635,HLA-A*02:50,esm2_joint,locus,0,1.0,13696,2.4159137783010487,0.09113616
17637,HLA-A*24:19,esm2_joint,locus,0,1.0,13696,0.18232155679395465,0.8621331
17638,HLA-A*68:23,esm2_joint,locus,0,1.0,13696,0.33647223662121295,0.8849583
17641,HLA-A*66:01,esm2_joint,locus,0,1.0,13696,0.26236426446749106,0.13424492
17642,HLA-A*24:02,esm2_joint,locus,0,1.0,13696,2.6100697927420065,0.27700776
17644,HLA-A*02:10,esm2_joint,locus,0,1.0,13696,0.18232155679395465,0.11482471
17645,HLA-A*30:01,esm2_joint,locus,0,1.0,13696,2.631888840136646,1.5194151
17647,HLA-A*32:07,esm2_joint,locus,0,1.0,13696,1.4350845252893227,0.9361244
17650,HLA-A*80:01,esm2_joint,locus,0,1.0,13696,0.26236426446749106,0.5669524
17652,HLA-A*02:10,esm2_joint,locus,0,1.0,13696,0.4054651081081644,0.05709201
17653,HLA-A*30:01,esm2_joint,locus,0,1.0,13696,1.2809338454620642,0.7911837
17654,HLA-A*31:01,esm2_joint,locus,0,1.0,13696,3.3775875160230218,0.9579841
17656,HLA-A*24:19,esm2_joint,locus,0,1.0,13696,0.26236426446749106,0.5331083
17658,HLA-A*24:02,esm2_joint,locus,0,1.0,13696,1.8082887711792655,0.27191824
17659,HLA-A*31:01,esm2_joint,locus,0,1.0,13696,1.6863989535702288,1.3258097
17662,HLA-A*24:02,esm2_joint,locus,0,1.0,13696,2.2192034840549946,1.0683414
17664,HLA-A*80:01,esm2_joint,locus,0,1.0,13696,1.9600947840472698,0.49791065
17665,HLA-A*80:01,esm2_joint,locus,0,1.0,13696,1.824549292051046,0.639511
17666,HLA-A*24:19,esm2_joint,locus,0,1.0,13696,0.09531017980432487,0.5803265
17667,HLA-A*25:01,esm2_joint,locus,0,1.0,13696,0.6418538861723948,0.50982183
17668,HLA-A*02:11,esm2_joint,locus,0,1.0,13696,2.4595888418037104,0.5509381
17671,HLA-A*23:01,esm2_joint,locus,0,1.0,13696,1.62924053973028,1.1442733
17672,HLA-A*24:02,esm2_joint,locus,0,1.0,13696,2.501435951739211,0.93503827
17674,HLA-A*24:07,esm2_joint,locus,0,1.0,13696,0.9932517730102833,1.0624018
17675,HLA-A*02:03,esm2_joint,locus,0,1.0,13696,3.7471483622379123,0.15505826
17677,HLA-A*80:01,esm2_joint,locus,0,1.0,13696,0.4054651081081644,1.3658729
17678,HLA-A*32:07,esm2_joint,locus,0,1.0,13696,2.797281334830153,0.96700937
17679,HLA-A*32:07,esm2_joint,locus,0,1.0,13696,3.9531649487593215,0.87213784
17681,HLA-A*02:12,esm2_joint,locus,0,1.0,13696,1.6486586255873816,0.49212316
17682,HLA-A*74:01,esm2_joint,locus,0,1.0,13696,1.8082887711792655,1.0660646
17684,HLA-A*30:02,esm2_joint,locus,0,1.0,13696,1.8562979903656263,0.7473616
17685,HLA-A*32:07,esm2_joint,locus,0,1.0,13696,3.288401887516811,1.3800486
17686,HLA-A*02:12,esm2_joint,locus,0,1.0,13696,3.655839600035736,0.5596523
17687,HLA-A*30:01,esm2_joint,locus,0,1.0,13696,0.0,0.3382957
17690,HLA-A*43:01,esm2_joint,locus,0,1.0,13696,0.33647223662121295,0.6861287
17691,HLA-A*29:02,esm2_joint,locus,0,1.0,13696,2.272125885509337,1.2061502
17693,HLA-A*24:19,esm2_joint,locus,0,1.0,13696,1.0296194171811583,0.78879094
17694,HLA-A*26:02,esm2_joint,locus,0,1.0,13696,1.252762968495368,0.13838369
17698,HLA-A*02:12,esm2_joint,locus,0,1.0,13696,3.417726683613366,1.038269
17702,HLA-A*31:01,esm2_joint,locus,0,1.0,13696,0.33647223662121295,1.2605231
17703,HLA-A*33:03,esm2_joint,locus,0,1.0,13696,0.0,0.8564442
17710,HLA-A*66:01,esm2_joint,locus,0,1.0,13696,0.33647223662121295,0.4734891
17714,HLA-A*23:01,esm2_joint,locus,0,1.0,13696,1.0986122886681098,0.45586067
17717,HLA-A*24:02,esm2_joint,locus,0,1.0,13696,0.26236426446749106,0.39926016
17718,HLA-A*74:01,esm2_joint,locus,0,1.0,13696,1.6486586255873816,0.8911842
17727,HLA-A*68:23,esm2_joint,locus,0,1.0,13696,0.4700036292457355,0.522119
17729,HLA-A*24:02,esm2_joint,locus,0,1.0,13696,0.18232155679395465,0.5392503
17730,HLA-A*02:19,esm2_joint,locus,0,1.0,13696,0.5306282510621704,0.51600933
17731,HLA-A*02:03,esm2_joint,locus,0,1.0,13696,3.2188758248682006,0.24139851
17734,HLA-A*25:01,esm2_joint,locus,0,1.0,13696,0.0,0.31966913
17735,HLA-A*03:01,esm2_joint,locus,0,1.0,13696,0.26236426446749106,1.113158
17736,HLA-A*68:01,esm2_joint,locus,0,1.0,13696,1.5040773967762742,0.6962324
17740,HLA-A*32:07,esm2_joint,locus,0,1.0,13696,2.7212954278522306,0.8187733
17741,HLA-A*02:50,esm2_joint,locus,0,1.0,13696,1.1631508098056809,0.4622169
17742,HLA-A*33:03,esm2_joint,locus,0,1.0,13696,1.3862943611198906,0.931668
17747,HLA-A*29:02,esm2_joint,locus,0,1.0,13696,1.4350845252893227,0.8285327
17748,HLA-A*29:02,esm2_joint,locus,0,1.0,13696,0.18232155679395465,0.82102907
17749,HLA-A*24:03,esm2_joint,locus,0,1.0,13696,2.0918640616783932,0.34006107
17750,HLA-A*26:03,esm2_joint,locus,0,1.0,13696,0.0,0.44766402
17751,HLA-A*24:02,esm2_joint,locus,0,1.0,13696,1.252762968495368,0.22262383
17752,HLA-A*33:03,esm2_joint,locus,0,1.0,13696,0.0,1.155081
17754,HLA-A*43:01,esm2_joint,locus,0,1.0,13696,0.6418538861723948,0.25007886
17756,HLA-A*02:12,esm2_joint,locus,0,1.0,13696,2.917770732084279,0.16316259
17764,HLA-A*02:05,esm2_joint,locus,0,1.0,13696,2.7788192719904172,0.4892797
17765,HLA-A*24:19,esm2_joint,locus,0,1.0,13696,0.26236426446749106,1.223793
17769,HLA-A*30:02,esm2_joint,locus,0,1.0,13696,0.4054651081081644,0.7040331
17770,HLA-A*24:03,esm2_joint,locus,0,1.0,13696,0.4700036292457355,0.48324332
17771,HLA-A*02:05,esm2_joint,locus,0,1.0,13696,1.9021075263969205,0.1539979
17772,HLA-A*02:03,esm2_joint,locus,0,1.0,13696,1.9878743481543455,0.20501047
17773,HLA-A*02:12,esm2_joint,locus,0,1.0,13696,1.62924053973028,0.33921772
17774,HLA-A*29:02,esm2_joint,locus,0,1.0,13696,0.7419373447293773,0.9383009
17775,HLA-A*29:02,esm2_joint,locus,0,1.0,13696,1.0296194171811583,1.2505503
17776,HLA-A*30:02,esm2_joint,locus,0,1.0,13696,0.18232155679395465,0.47138757
17777,HLA-A*23:01,esm2_joint,locus,0,1.0,13696,3.131136910560194,0.568771
17778,HLA-A*02:10,esm2_joint,locus,0,1.0,13696,1.3862943611198906,0.24536973
17779,HLA-A*02:50,esm2_joint,locus,0,1.0,13696,3.202746442938317,0.31736398
17780,HLA-A*02:16,esm2_joint,locus,0,1.0,13696,0.7419373447293773,0.22691065
17781,HLA-A*68:01,esm2_joint,locus,0,1.0,13696,0.4054651081081644,0.46611983
17782,HLA-A*24:19,esm2_joint,locus,0,1.0,13696,0.9555114450274363,0.6435787
17783,HLA-A*24:07,esm2_joint,locus,0,1.0,13696,0.26236426446749106,0.28347778
17787,HLA-A*30:02,esm2_joint,locus,0,1.0,13696,0.6418538861723948,0.75173116
17788,HLA-A*32:07,esm2_joint,locus,0,1.0,13696,1.7404661748405046,1.3239901
17790,HLA-A*24:07,esm2_joint,locus,0,1.0,13696,1.2237754316221157,0.466873
17791,HLA-A*02:11,esm2_joint,locus,0,1.0,13696,2.5649493574615367,0.0851962
17792,HLA-A*02:11,esm2_joint,locus,0,1.0,13696,3.109060958860994,0.34700078
17799,HLA-A*24:07,esm2_joint,locus,0,1.0,13696,0.18232155679395465,0.9662047
17800,HLA-A*24:07,esm2_joint,locus,0,1.0,13696,0.9555114450274363,1.368254
17803,HLA-A*43:01,esm2_joint,locus,0,1.0,13696,0.6931471805599453,1.1062171
17810,HLA-A*24:02,esm2_joint,locus,0,1.0,13696,0.33647223662121295,0.19456744
17812,HLA-A*02:50,esm2_joint,locus,0,1.0,13696,2.6878474937846906,0.11336696
17813,HLA-A*30:01,esm2_joint,locus,0,1.0,13696,0.0,0.31974775
17818,HLA-A*23:01,esm2_joint,locus,0,1.0,13696,2.6741486494265287,0.3221298
17819,HLA-A*24:02,esm2_joint,locus,0,1.0,13696,0.26236426446749106,0.28754455
17824,HLA-A*02:11,esm2_joint,locus,0,1.0,13696,1.7047480922384253,0.44934887
17825,HLA-A*02:19,esm2_joint,locus,0,1.0,13696,3.005682604407159,0.47911212
17827,HLA-A*24:07,esm2_joint,locus,0,1.0,13696,3.4904285153900982,0.90475583
17828,HLA-A*24:07,esm2_joint,locus,0,1.0,13696,0.0,0.8207774
17829,HLA-A*02:01,esm2_joint,locus,0,1.0,13696,3.0587070727153796,-0.024347007
17837,HLA-A*30:02,esm2_joint,locus,0,1.0,13696,1.62924053973028,1.109226
17838,HLA-A*23:01,esm2_joint,locus,0,1.0,13696,0.7884573603642702,1.2590653
17842,HLA-A*68:23,esm2_joint,locus,0,1.0,13696,0.26236426446749106,0.86399007
17843,HLA-A*74:01,esm2_joint,locus,0,1.0,13696,1.2237754316221157,1.073667
17844,HLA-A*68:01,esm2_joint,locus,0,1.0,13696,0.0,0.8201686
17847,HLA-A*80:01,esm2_joint,locus,0,1.0,13696,0.0,0.77011335
17850,HLA-A*02:19,esm2_joint,locus,0,1.0,13696,1.667706820558076,1.02613
17851,HLA-A*29:02,esm2_joint,locus,0,1.0,13696,1.6486586255873816,0.9534323
17853,HLA-A*11:01,esm2_joint,locus,0,1.0,13696,0.0,0.5866405
17856,HLA-A*29:02,esm2_joint,locus,0,1.0,13696,1.6094379124341003,1.1688998
17859,HLA-A*01:01,esm2_joint,locus,0,1.0,13696,0.4054651081081644,1.5334433
17862,HLA-A*02:19,esm2_joint,locus,0,1.0,13696,2.580216829592325,0.4705661
17863,HLA-A*74:01,esm2_joint,locus,0,1.0,13696,0.6418538861723948,0.90949386
17865,HLA-A*23:01,esm2_joint,locus,0,1.0,13696,3.349904087274605,0.5292104
17867,HLA-A*32:01,esm2_joint,locus,0,1.0,13696,2.975529566236472,0.9493051
17868,HLA-A*02:01,esm2_joint,locus,0,1.0,13696,3.152736022363656,0.2679748
17879,HLA-A*02:03,esm2_joint,locus,0,1.0,13696,3.597312260588446,0.6002371
17880,HLA-A*02:12,esm2_joint,locus,0,1.0,13696,0.0,-0.08127695
17881,HLA-A*02:50,esm2_joint,locus,0,1.0,13696,1.4586150226995167,0.0049172044
17882,HLA-A*02:19,esm2_joint,locus,0,1.0,13696,0.7884573603642702,0.47928053
17883,HLA-A*31:01,esm2_joint,locus,0,1.0,13696,0.0,0.22039342
17884,HLA-A*11:01,esm2_joint,locus,0,1.0,13696,4.697749367281185,1.060244
17885,HLA-A*33:03,esm2_joint,locus,0,1.0,13696,0.6931471805599453,0.71178126
17887,HLA-A*02:12,esm2_joint,locus,0,1.0,13696,2.186051276738094,0.28821594
17888,HLA-A*24:07,esm2_joint,locus,0,1.0,13696,1.9740810260220096,0.8721542
17890,HLA-A*02:11,esm2_joint,locus,0,1.0,13696,2.0918640616783932,0.39652985
17891,HLA-A*74:01,esm2_joint,locus,0,1.0,13696,0.26236426446749106,0.9012955
17892,HLA-A*30:02,esm2_joint,locus,0,1.0,13696,0.8754687373538999,0.33400387
17895,HLA-A*24:02,esm2_joint,locus,0,1.0,13696,1.4350845252893227,0.61781937
17896,HLA-A*02:50,esm2_joint,locus,0,1.0,13696,2.186051276738094,0.26540202
17897,HLA-A*02:16,esm2_joint,locus,0,1.0,13696,3.0155349008501706,0.571157
17898,HLA-A*03:01,esm2_joint,locus,0,1.0,13696,0.0,1.4055412
17900,HLA-A*02:12,esm2_joint,locus,0,1.0,13696,3.0252910757955354,0.52908576
17901,HLA-A*33:03,esm2_joint,locus,0,1.0,13696,0.0,1.0720589
17902,HLA-A*30:02,esm2_joint,locus,0,1.0,13696,0.8754687373538999,0.96371865
17903,HLA-A*25:01,esm2_joint,locus,0,1.0,13696,0.26236426446749106,0.6545305
17906,HLA-A*02:10,esm2_joint,locus,0,1.0,13696,0.4700036292457355,0.8069861
17907,HLA-A*02:16,esm2_joint,locus,0,1.0,13696,0.7884573603642702,-0.41723484
17909,HLA-A*24:07,esm2_joint,locus,0,1.0,13696,2.1162555148025524,0.64951146
17910,HLA-A*68:23,esm2_joint,locus,0,1.0,13696,0.26236426446749106,0.90513134
17912,HLA-A*02:12,esm2_joint,locus,0,1.0,13696,2.7788192719904172,0.008634329
17913,HLA-A*33:03,esm2_joint,locus,0,1.0,13696,1.3862943611198906,0.6251501
17915,HLA-A*30:02,esm2_joint,locus,0,1.0,13696,0.9932517730102833,0.49975747
17916,HLA-A*30:02,esm2_joint,locus,0,1.0,13696,3.1945831322991562,0.8902806
17917,HLA-A*24:03,esm2_joint,locus,0,1.0,13696,2.917770732084279,0.74973214
17919,HLA-A*66:01,esm2_joint,locus,0,1.0,13696,0.09531017980432487,0.88118273
17920,HLA-A*02:19,esm2_joint,locus,0,1.0,13696,2.70805020110221,0.77363145
17922,HLA-A*43:01,esm2_joint,locus,0,1.0,13696,0.18232155679395465,1.0563568
17923,HLA-A*32:07,esm2_joint,locus,0,1.0,13696,1.3862943611198906,0.9243766
17924,HLA-A*02:12,esm2_joint,locus,0,1.0,13696,2.1162555148025524,0.7872456
17926,HLA-A*24:07,esm2_joint,locus,0,1.0,13696,0.09531017980432487,1.2440658
17927,HLA-A*24:07,esm2_joint,locus,0,1.0,13696,2.5416019934645457,0.63633096
17930,HLA-A*30:02,esm2_joint,locus,0,1.0,13696,0.6418538861723948,0.69571435
17931,HLA-A*68:23,esm2_joint,locus,0,1.0,13696,0.4054651081081644,0.37225658
17935,HLA-A*26:02,esm2_joint,locus,0,1.0,13696,3.086486636822455,0.2409504
17936,HLA-A*32:01,esm2_joint,locus,0,1.0,13696,0.4054651081081644,0.90701973
17937,HLA-A*74:01,esm2_joint,locus,0,1.0,13696,0.6418538861723948,0.55938244
17946,HLA-A*24:19,esm2_joint,locus,0,1.0,13696,1.0647107369924282,0.41324723
17949,HLA-A*24:02,esm2_joint,locus,0,1.0,13696,0.8754687373538999,0.123108685
17950,HLA-A*02:12,esm2_joint,locus,0,1.0,13696,0.9932517730102833,0.09995544
17951,HLA-A*02:16,esm2_joint,locus,0,1.0,13696,3.1179499062782403,0.24842829
17952,HLA-A*74:01,esm2_joint,locus,0,1.0,13696,4.919250732294404,0.69904196
17955,HLA-A*24:03,esm2_joint,locus,0,1.0,13696,2.3608540011180215,-0.2768759
17959,HLA-A*68:01,esm2_joint,locus,0,1.0,13696,0.0,0.8748041
17961,HLA-A*24:19,esm2_joint,locus,0,1.0,13696,1.2237754316221157,0.7850788
17962,HLA-A*25:01,esm2_joint,locus,0,1.0,13696,0.26236426446749106,0.38444585
17964,HLA-A*02:50,esm2_joint,locus,0,1.0,13696,3.186352633162641,0.5959326
17967,HLA-A*26:03,esm2_joint,locus,0,1.0,13696,0.0,0.15847987
17969,HLA-A*02:19,esm2_joint,locus,0,1.0,13696,1.0296194171811583,0.19624907
17972,HLA-A*02:12,esm2_joint,locus,0,1.0,13696,2.667228206581955,0.23208195
17973,HLA-A*02:50,esm2_joint,locus,0,1.0,13696,2.8094026953624973,0.3255883
17974,HLA-A*02:50,esm2_joint,locus,0,1.0,13696,0.9932517730102833,0.43574804
17975,HLA-A*30:02,esm2_joint,locus,0,1.0,13696,0.26236426446749106,0.83657396
17980,HLA-A*24:02,esm2_joint,locus,0,1.0,13696,2.740840023925201,0.5147241
17981,HLA-A*24:02,esm2_joint,locus,0,1.0,13696,2.5257286443082556,0.7699058
17982,HLA-A*02:11,esm2_joint,locus,0,1.0,13696,1.824549292051046,0.0587793
17984,HLA-A*24:19,esm2_joint,locus,0,1.0,13696,0.09531017980432487,0.47450566
17987,HLA-A*02:16,esm2_joint,locus,0,1.0,13696,1.9740810260220096,0.09947872
17988,HLA-A*11:01,esm2_joint,locus,0,1.0,13696,0.18232155679395465,0.22383696
17989,HLA-A*11:01,esm2_joint,locus,0,1.0,13696,2.0014800002101243,0.51569474
17990,HLA-A*02:11,esm2_joint,locus,0,1.0,13696,2.797281334830153,1.2285368
17991,HLA-A*02:50,esm2_joint,locus,0,1.0,13696,1.8082887711792655,0.032408953
17992,HLA-A*02:19,esm2_joint,locus,0,1.0,13696,3.0106208860477417,0.81311685
17995,HLA-A*26:02,esm2_joint,locus,0,1.0,13696,0.33647223662121295,0.7899243
17998,HLA-A*02:03,esm2_joint,locus,0,1.0,13696,0.26236426446749106,0.35580206
18000,HLA-A*23:01,esm2_joint,locus,0,1.0,13696,3.6609942506244004,0.95126766
18003,HLA-A*68:23,esm2_joint,locus,0,1.0,13696,0.09531017980432487,0.528613
18009,HLA-A*68:01,esm2_joint,locus,0,1.0,13696,4.04305126783455,0.492953
18010,HLA-A*30:02,esm2_joint,locus,0,1.0,13696,1.0296194171811583,1.0556028
18013,HLA-A*02:01,esm2_joint,locus,0,1.0,13696,2.0541237336955462,0.4386602
18014,HLA-A*11:01,esm2_joint,locus,0,1.0,13696,0.5877866649021191,0.6541901
18016,HLA-A*29:02,esm2_joint,locus,0,1.0,13696,2.186051276738094,1.1909498
18017,HLA-A*23:01,esm2_joint,locus,0,1.0,13696,3.077312260546414,0.73723066
18018,HLA-A*24:07,esm2_joint,locus,0,1.0,13696,3.0633909220278057,0.9865217
18023,HLA-A*30:02,esm2_joint,locus,0,1.0,13696,0.09531017980432487,0.50907767
18024,HLA-A*30:02,esm2_joint,locus,0,1.0,13696,1.1939224684724346,0.94136745
18025,HLA-A*26:02,esm2_joint,locus,0,1.0,13696,0.4700036292457355,0.8187149
18028,HLA-A*30:01,esm2_joint,locus,0,1.0,13696,0.5877866649021191,0.9348084
18030,HLA-A*26:02,esm2_joint,locus,0,1.0,13696,0.4700036292457355,0.89276624
18033,HLA-A*68:01,esm2_joint,locus,0,1.0,13696,2.0412203288596382,0.8165083
18036,HLA-A*24:19,esm2_joint,locus,0,1.0,13696,0.5306282510621704,0.9368459
18037,HLA-A*26:03,esm2_joint,locus,0,1.0,13696,0.0,0.15836221
18038,HLA-A*02:01,esm2_joint,locus,0,1.0,13696,2.837908188360424,0.16720563
18039,HLA-A*02:50,esm2_joint,locus,0,1.0,13696,2.7536607123542622,0.45241612
18042,HLA-A*02:50,esm2_joint,locus,0,1.0,13696,2.8507065015037334,-0.32904404
18043,HLA-A*43:01,esm2_joint,locus,0,1.0,13696,0.0,0.8602241
18053,HLA-A*68:01,esm2_joint,locus,0,1.0,13696,4.4355674016019115,0.99901164
18057,HLA-A*43:01,esm2_joint,locus,0,1.0,13696,0.26236426446749106,0.602535
18059,HLA-A*66:01,esm2_joint,locus,0,1.0,13696,0.0,0.7621547
18062,HLA-A*02:03,esm2_joint,locus,0,1.0,13696,0.26236426446749106,0.15305245
18063,HLA-A*02:11,esm2_joint,locus,0,1.0,13696,1.8870696490323797,0.10179865
18066,HLA-A*66:01,esm2_joint,locus,0,1.0,13696,0.0,0.707568
18068,HLA-A*32:07,esm2_joint,locus,0,1.0,13696,0.0,0.7379767
18069,HLA-A*24:03,esm2_joint,locus,0,1.0,13696,0.5877866649021191,0.897304
18070,HLA-A*24:07,esm2_joint,locus,0,1.0,13696,0.7884573603642702,0.94329256
18072,HLA-A*11:01,esm2_joint,locus,0,1.0,13696,2.33214389523559,0.70999205
18076,HLA-A*30:02,esm2_joint,locus,0,1.0,13696,0.0,0.73563683
18077,HLA-A*24:03,esm2_joint,locus,0,1.0,13696,0.8754687373538999,0.068722725
18078,HLA-A*26:03,esm2_joint,locus,0,1.0,13696,3.5467396869528134,0.6707783
18079,HLA-A*02:01,esm2_joint,locus,0,1.0,13696,2.7013612129514133,-0.3919019
18080,HLA-A*68:01,esm2_joint,locus,0,1.0,13696,0.6151856390902335,0.71722484
18081,HLA-A*43:01,esm2_joint,locus,0,1.0,13696,0.0,1.1237139
18082,HLA-A*30:02,esm2_joint,locus,0,1.0,13696,1.4350845252893227,0.78056765
18083,HLA-A*24:02,esm2_joint,locus,0,1.0,13696,2.8094026953624973,0.656483
18084,HLA-A*32:01,esm2_joint,locus,0,1.0,13696,0.5306282510621704,0.6786488
18085,HLA-A*02:03,esm2_joint,locus,0,1.0,13696,2.1041341542702074,0.0871886
18087,HLA-A*43:01,esm2_joint,locus,0,1.0,13696,0.18232155679395465,0.9845796
18090,HLA-A*30:01,esm2_joint,locus,0,1.0,13696,1.547562508716013,0.6227567
18097,HLA-A*68:23,esm2_joint,locus,0,1.0,13696,0.26236426446749106,0.5526174
18100,HLA-A*25:01,esm2_joint,locus,0,1.0,13696,0.0,1.109277
18102,HLA-A*24:07,esm2_joint,locus,0,1.0,13696,2.2300144001592104,1.02473
18105,HLA-A*30:02,esm2_joint,locus,0,1.0,13696,0.4700036292457355,0.4595304
18106,HLA-A*24:03,esm2_joint,locus,0,1.0,13696,0.832909122935104,1.1543543
18114,HLA-A*02:12,esm2_joint,locus,0,1.0,13696,2.9391619220655967,0.6728196
18115,HLA-A*02:19,esm2_joint,locus,0,1.0,13696,2.3702437414678603,0.30159283
18119,HLA-A*80:01,esm2_joint,locus,0,1.0,13696,0.26236426446749106,1.10537
18120,HLA-A*25:01,esm2_joint,locus,0,1.0,13696,0.0,0.88647723
18123,HLA-A*24:02,esm2_joint,locus,0,1.0,13696,2.954910279033736,0.07891852
18125,HLA-A*02:19,esm2_joint,locus,0,1.0,13696,3.5553480614894135,0.34067994
18126,HLA-A*74:01,esm2_joint,locus,0,1.0,13696,1.4816045409242156,0.63147366
18129,HLA-A*24:19,esm2_joint,locus,0,1.0,13696,0.18232155679395465,0.7156999
18135,HLA-A*43:01,esm2_joint,locus,0,1.0,13696,0.5306282510621704,1.1837102
18136,HLA-A*43:01,esm2_joint,locus,0,1.0,13696,1.33500106673234,0.81115776
18138,HLA-A*24:02,esm2_joint,locus,0,1.0,13696,0.8754687373538999,0.22037655
18140,HLA-A*02:03,esm2_joint,locus,0,1.0,13696,0.4700036292457355,0.2964278
18141,HLA-A*02:50,esm2_joint,locus,0,1.0,13696,0.6931471805599453,0.5158535
18142,HLA-A*30:01,esm2_joint,locus,0,1.0,13696,0.26236426446749106,0.18088019
18144,HLA-A*30:02,esm2_joint,locus,0,1.0,13696,0.33647223662121295,0.6626009
18145,HLA-A*30:02,esm2_joint,locus,0,1.0,13696,0.7419373447293773,0.75310516
18146,HLA-A*23:01,esm2_joint,locus,0,1.0,13696,3.591817741270805,0.85297954
18149,HLA-A*02:03,esm2_joint,locus,0,1.0,13696,1.3609765531356006,0.31479466
18150,HLA-A*02:10,esm2_joint,locus,0,1.0,13696,0.5306282510621704,0.3531105
18151,HLA-A*02:12,esm2_joint,locus,0,1.0,13696,3.169685580677429,0.82919794
18152,HLA-A*30:01,esm2_joint,locus,0,1.0,13696,0.4700036292457355,0.9766285
18158,HLA-A*02:10,esm2_joint,locus,0,1.0,13696,0.4700036292457355,0.32864666
18159,HLA-A*02:10,esm2_joint,locus,0,1.0,13696,0.8754687373538999,0.35299873
18164,HLA-A*43:01,esm2_joint,locus,0,1.0,13696,0.4700036292457355,0.6434635
18166,HLA-A*29:02,esm2_joint,locus,0,1.0,13696,1.824549292051046,1.136673
18167,HLA-A*24:03,esm2_joint,locus,0,1.0,13696,0.4054651081081644,0.058695495
18169,HLA-A*24:07,esm2_joint,locus,0,1.0,13696,0.4054651081081644,0.4964649
18171,HLA-A*02:03,esm2_joint,locus,0,1.0,13696,3.122364924487357,0.6977482
18173,HLA-A*01:01,esm2_joint,locus,0,1.0,13696,0.2151113796169455,0.12932485
18174,HLA-A*02:19,esm2_joint,locus,0,1.0,13696,1.2237754316221157,0.9900825
18175,HLA-A*74:01,esm2_joint,locus,0,1.0,13696,0.33647223662121295,1.05633
18177,HLA-A*11:01,esm2_joint,locus,0,1.0,13696,0.18232155679395465,0.026602507
18180,HLA-A*02:19,esm2_joint,locus,0,1.0,13696,1.2809338454620642,0.40932643
18181,HLA-A*33:03,esm2_joint,locus,0,1.0,13696,0.0,0.7748202
18183,HLA-A*02:11,esm2_joint,locus,0,1.0,13696,2.5494451709255714,0.6639129
18185,HLA-A*24:02,esm2_joint,locus,0,1.0,13696,0.8754687373538999,0.5336586
18189,HLA-A*24:07,esm2_joint,locus,0,1.0,13696,2.028148247292285,0.04703313
18190,HLA-A*26:03,esm2_joint,locus,0,1.0,13696,0.18232155679395465,0.4484769
18192,HLA-A*33:03,esm2_joint,locus,0,1.0,13696,1.6863989535702288,0.22111827
18193,HLA-A*68:01,esm2_joint,locus,0,1.0,13696,0.4700036292457355,1.1665055
18197,HLA-A*32:07,esm2_joint,locus,0,1.0,13696,0.7884573603642702,0.4532339
18198,HLA-A*68:23,esm2_joint,locus,0,1.0,13696,1.33500106673234,0.73767835
18199,HLA-A*66:01,esm2_joint,locus,0,1.0,13696,0.4054651081081644,1.1794969
18200,HLA-A*02:50,esm2_joint,locus,0,1.0,13696,3.039749158970765,0.69071364
18201,HLA-A*33:03,esm2_joint,locus,0,1.0,13696,0.33647223662121295,0.3960278
18203,HLA-A*24:03,esm2_joint,locus,0,1.0,13696,1.791759469228055,1.3988459
18204,HLA-A*24:03,esm2_joint,locus,0,1.0,13696,2.4595888418037104,0.98863864
18206,HLA-A*68:23,esm2_joint,locus,0,1.0,13696,0.33647223662121295,0.9351225
18208,HLA-A*03:01,esm2_joint,locus,0,1.0,13696,0.4054651081081644,0.41446006
18212,HLA-A*31:01,esm2_joint,locus,0,1.0,13696,1.0647107369924282,0.95931023
18215,HLA-A*11:01,esm2_joint,locus,0,1.0,13696,2.740840023925201,0.7604619
18219,HLA-A*80:01,esm2_joint,locus,0,1.0,13696,0.0,0.5211211
18220,HLA-A*26:02,esm2_joint,locus,0,1.0,13696,0.0,0.31268543
18223,HLA-A*24:02,esm2_joint,locus,0,1.0,13696,0.5877866649021191,0.43023735
18225,HLA-A*80:01,esm2_joint,locus,0,1.0,13696,0.0,0.96772635
18227,HLA-A*03:01,esm2_joint,locus,0,1.0,13696,1.0473189942805592,1.0810157
18232,HLA-A*24:02,esm2_joint,locus,0,1.0,13696,0.0,0.02635938
18240,HLA-A*02:12,esm2_joint,locus,0,1.0,13696,2.631888840136646,0.89096117
18241,HLA-A*31:01,esm2_joint,locus,0,1.0,13696,1.5040773967762742,1.175318
18242,HLA-A*31:01,esm2_joint,locus,0,1.0,13696,0.33647223662121295,1.2789524
18252,HLA-A*68:23,esm2_joint,locus,0,1.0,13696,0.5306282510621704,0.87779284
18253,HLA-A*66:01,esm2_joint,locus,0,1.0,13696,0.0,0.46725506
18255,HLA-A*02:11,esm2_joint,locus,0,1.0,13696,1.667706820558076,0.385144
18256,HLA-A*02:11,esm2_joint,locus,0,1.0,13696,0.0,0.46301204
18257,HLA-A*32:07,esm2_joint,locus,0,1.0,13696,2.2300144001592104,1.6274188
18263,HLA-A*30:02,esm2_joint,locus,0,1.0,13696,1.3862943611198906,0.7073252
18266,HLA-A*24:19,esm2_joint,locus,0,1.0,13696,0.26236426446749106,0.06458753
18271,HLA-A*02:01,esm2_joint,locus,0,1.0,13696,3.091042453358316,0.674072
18272,HLA-A*24:03,esm2_joint,locus,0,1.0,13696,2.9444389791664403,0.81010497
18276,HLA-A*02:12,esm2_joint,locus,0,1.0,13696,2.3513752571634776,0.8318097
18280,HLA-A*30:02,esm2_joint,locus,0,1.0,13696,0.9162907318741551,0.715976
18282,HLA-A*33:03,esm2_joint,locus,0,1.0,13696,3.095577608523707,0.99236953
18285,HLA-A*68:23,esm2_joint,locus,0,1.0,13696,0.7419373447293773,0.44336075
18286,HLA-A*66:01,esm2_joint,locus,0,1.0,13696,0.26236426446749106,0.8418902
18295,HLA-A*31:01,esm2_joint,locus,0,1.0,13696,1.791759469228055,1.0104465
18300,HLA-A*02:03,esm2_joint,locus,0,1.0,13696,0.0,0.24007577
18301,HLA-A*24:19,esm2_joint,locus,0,1.0,13696,0.18232155679395465,0.84778
18311,HLA-A*68:01,esm2_joint,locus,0,1.0,13696,0.6931471805599453,0.7599063
18315,HLA-A*02:10,esm2_joint,locus,0,1.0,13696,2.70805020110221,0.5134253
18316,HLA-A*68:01,esm2_joint,locus,0,1.0,13696,0.6418538861723948,0.7399709
18319,HLA-A*24:07,esm2_joint,locus,0,1.0,13696,0.4054651081081644,0.6775234
18322,HLA-A*26:02,esm2_joint,locus,0,1.0,13696,0.5877866649021191,0.5566551
18328,HLA-A*24:07,esm2_joint,locus,0,1.0,13696,3.5085558999826545,0.83972806
18330,HLA-A*02:11,esm2_joint,locus,0,1.0,13696,3.624340932976365,0.7102953
18332,HLA-A*32:07,esm2_joint,locus,0,1.0,13696,3.7400477406883357,0.8100729
18333,HLA-A*66:01,esm2_joint,locus,0,1.0,13696,0.4700036292457355,1.245477
18337,HLA-A*02:10,esm2_joint,locus,0,1.0,13696,0.5306282510621704,0.25063056
18338,HLA-A*33:03,esm2_joint,locus,0,1.0,13696,2.5649493574615367,0.545969
18339,HLA-A*11:01,esm2_joint,locus,0,1.0,13696,4.633757642840004,1.3891292
18341,HLA-A*02:10,esm2_joint,locus,0,1.0,13696,0.9555114450274363,0.9001279
18342,HLA-A*02:10,esm2_joint,locus,0,1.0,13696,0.4700036292457355,0.23840618
18345,HLA-A*24:07,esm2_joint,locus,0,1.0,13696,2.151762203259462,0.49316525
18346,HLA-A*02:01,esm2_joint,locus,0,1.0,13696,2.5416019934645457,0.33697897
18349,HLA-A*02:16,esm2_joint,locus,0,1.0,13696,2.6026896854443837,0.5865659
18357,HLA-A*24:02,esm2_joint,locus,0,1.0,13696,0.7884573603642702,0.7153665
18358,HLA-A*31:01,esm2_joint,locus,0,1.0,13696,0.0,0.57299817
18359,HLA-A*74:01,esm2_joint,locus,0,1.0,13696,0.0,0.5977529
18365,HLA-A*02:19,esm2_joint,locus,0,1.0,13696,0.26236426446749106,0.4442889
18366,HLA-A*31:01,esm2_joint,locus,0,1.0,13696,0.33647223662121295,0.08081752
18370,HLA-A*68:23,esm2_joint,locus,0,1.0,13696,0.6418538861723948,0.64525485
18372,HLA-A*02:16,esm2_joint,locus,0,1.0,13696,0.9162907318741551,0.37521553
18375,HLA-A*30:02,esm2_joint,locus,0,1.0,13696,1.6094379124341003,0.95663977
18376,HLA-A*02:03,esm2_joint,locus,0,1.0,13696,2.312535423847214,0.18426639
18379,HLA-A*02:12,esm2_joint,locus,0,1.0,13696,3.1780538303479458,0.37337124
18380,HLA-A*30:02,esm2_joint,locus,0,1.0,13696,0.33647223662121295,1.0129024
18381,HLA-A*30:02,esm2_joint,locus,0,1.0,13696,0.5306282510621704,0.6657318
18387,HLA-A*32:01,esm2_joint,locus,0,1.0,13696,0.4700036292457355,0.8892809
18389,HLA-A*80:01,esm2_joint,locus,0,1.0,13696,0.0,0.7409102
18394,HLA-A*24:19,esm2_joint,locus,0,1.0,13696,0.26236426446749106,1.0607634
18395,HLA-A*68:23,esm2_joint,locus,0,1.0,13696,0.0,0.9558352
18396,HLA-A*02:16,esm2_joint,locus,0,1.0,13696,2.6946271807700692,0.40260237
18398,HLA-A*23:01,esm2_joint,locus,0,1.0,13696,3.3178157727231046,0.6857319
18400,HLA-A*26:02,esm2_joint,locus,0,1.0,13696,0.0,1.0464584
18401,HLA-A*68:23,esm2_joint,locus,0,1.0,13696,0.33647223662121295,0.8419653
18404,HLA-A*02:50,esm2_joint,locus,0,1.0,13696,2.8507065015037334,0.52152693
18409,HLA-A*11:01,esm2_joint,locus,0,1.0,13696,3.5553480614894135,0.75008404
18412,HLA-A*68:23,esm2_joint,locus,0,1.0,13696,0.5877866649021191,0.46879447
18416,HLA-A*02:03,esm2_joint,locus,0,1.0,13696,3.758871825933971,0.57329875
18417,HLA-A*02:12,esm2_joint,locus,0,1.0,13696,3.686376323895818,0.4541452
18420,HLA-A*80:01,esm2_joint,locus,0,1.0,13696,0.0,0.83089745
18421,HLA-A*26:02,esm2_joint,locus,0,1.0,13696,0.18232155679395465,0.59327877
18422,HLA-A*11:01,esm2_joint,locus,0,1.0,13696,2.681021528714291,0.96491385
18424,HLA-A*26:02,esm2_joint,locus,0,1.0,13696,3.2108436531709366,0.56848246
18425,HLA-A*66:01,esm2_joint,locus,0,1.0,13696,0.18232155679395465,0.5402621
18426,HLA-A*66:01,esm2_joint,locus,0,1.0,13696,0.5306282510621704,1.1461275
18430,HLA-A*02:16,esm2_joint,locus,0,1.0,13696,0.6931471805599453,0.5375502
18436,HLA-A*24:02,esm2_joint,locus,0,1.0,13696,0.33647223662121295,0.7563262
18443,HLA-A*24:19,esm2_joint,locus,0,1.0,13696,0.26236426446749106,0.5769789
18444,HLA-A*68:23,esm2_joint,locus,0,1.0,13696,0.18232155679395465,0.44446218
18446,HLA-A*24:02,esm2_joint,locus,0,1.0,13696,0.4700036292457355,0.46468276
18449,HLA-A*11:01,esm2_joint,locus,0,1.0,13696,1.9740810260220096,1.0667409
18450,HLA-A*74:01,esm2_joint,locus,0,1.0,13696,0.0,0.33518046
18453,HLA-A*25:01,esm2_joint,locus,0,1.0,13696,0.0,0.6282499
18459,HLA-A*26:03,esm2_joint,locus,0,1.0,13696,0.0,0.44347793
18461,HLA-A*02:03,esm2_joint,locus,0,1.0,13696,0.4054651081081644,0.25297064
18462,HLA-A*30:01,esm2_joint,locus,0,1.0,13696,0.0,0.8973559
18463,HLA-A*74:01,esm2_joint,locus,0,1.0,13696,0.0,0.87638843
18466,HLA-A*24:07,esm2_joint,locus,0,1.0,13696,0.18232155679395465,0.5970012
18475,HLA-A*69:01,esm2_joint,locus,0,1.0,13696,0.4700036292457355,0.9233792
18477,HLA-A*43:01,esm2_joint,locus,0,1.0,13696,0.18232155679395465,0.6667866
18478,HLA-A*24:07,esm2_joint,locus,0,1.0,13696,0.5877866649021191,0.29453963
18479,HLA-A*26:02,esm2_joint,locus,0,1.0,13696,0.33647223662121295,0.1287393
18484,HLA-A*29:02,esm2_joint,locus,0,1.0,13696,0.9162907318741551,0.8786717
18486,HLA-A*68:23,esm2_joint,locus,0,1.0,13696,0.0,0.31740373
18487,HLA-A*66:01,esm2_joint,locus,0,1.0,13696,1.1631508098056809,0.8962046
18489,HLA-A*02:03,esm2_joint,locus,0,1.0,13696,0.6931471805599453,0.40530246
18490,HLA-A*66:01,esm2_joint,locus,0,1.0,13696,0.0,0.8762177
18491,HLA-A*03:01,esm2_joint,locus,0,1.0,13696,0.26236426446749106,0.7987494
18492,HLA-A*02:16,esm2_joint,locus,0,1.0,13696,2.2407096892759584,0.20422035
18493,HLA-A*02:16,esm2_joint,locus,0,1.0,13696,3.0633909220278057,0.45112377
18494,HLA-A*74:01,esm2_joint,locus,0,1.0,13696,0.33647223662121295,0.44467127
18497,HLA-A*24:19,esm2_joint,locus,0,1.0,13696,0.09531017980432487,0.28716487
18498,HLA-A*11:01,esm2_joint,locus,0,1.0,13696,1.8718021769015913,0.4543404
18501,HLA-A*24:07,esm2_joint,locus,0,1.0,13696,2.714694743820879,0.65927553
18502,HLA-A*68:23,esm2_joint,locus,0,1.0,13696,0.6931471805599453,0.89383996
18503,HLA-A*68:01,esm2_joint,locus,0,1.0,13696,3.5467396869528134,0.93639225
18504,HLA-A*02:10,esm2_joint,locus,0,1.0,13696,0.5306282510621704,0.3957938
18505,HLA-A*30:01,esm2_joint,locus,0,1.0,13696,0.5306282510621704,0.6777136
18506,HLA-A*33:03,esm2_joint,locus,0,1.0,13696,0.0,0.45246708
18510,HLA-A*26:02,esm2_joint,locus,0,1.0,13696,0.4700036292457355,0.70225966
18511,HLA-A*26:02,esm2_joint,locus,0,1.0,13696,2.9338568698359038,0.39375943
18512,HLA-A*68:01,esm2_joint,locus,0,1.0,13696,0.0,1.0983694
18515,HLA-A*26:02,esm2_joint,locus,0,1.0,13696,0.7884573603642702,0.76304764
18516,HLA-A*66:01,esm2_joint,locus,0,1.0,13696,0.13976194237515868,0.79968476
18519,HLA-A*02:03,esm2_joint,locus,0,1.0,13696,1.5040773967762742,0.62724125
18521,HLA-A*68:01,esm2_joint,locus,0,1.0,13696,2.6741486494265287,0.49630243
18522,HLA-A*68:01,esm2_joint,locus,0,1.0,13696,3.1780538303479458,0.37695158
18525,HLA-A*24:19,esm2_joint,locus,0,1.0,13696,0.0,0.62328064
18527,HLA-A*68:02,esm2_joint,locus,0,1.0,13696,2.8213788864092133,0.7244663
18528,HLA-A*68:01,esm2_joint,locus,0,1.0,13696,1.2237754316221157,0.5054697
18529,HLA-A*68:01,esm2_joint,locus,0,1.0,13696,0.4700036292457355,0.775787
18530,HLA-A*74:01,esm2_joint,locus,0,1.0,13696,0.5306282510621704,1.7749836
18531,HLA-A*74:01,esm2_joint,locus,0,1.0,13696,3.126760535960395,0.59184885
18533,HLA-A*66:01,esm2_joint,locus,0,1.0,13696,0.0,0.39857513
18535,HLA-A*02:10,esm2_joint,locus,0,1.0,13696,0.832909122935104,0.3589111
18536,HLA-A*02:50,esm2_joint,locus,0,1.0,13696,2.0541237336955462,-0.012193978
18538,HLA-A*30:02,esm2_joint,locus,0,1.0,13696,0.6418538861723948,1.2267942
18540,HLA-A*02:01,esm2_joint,locus,0,1.0,13696,0.18232155679395465,0.5372764
18541,HLA-A*02:01,esm2_joint,locus,0,1.0,13696,1.0296194171811583,0.6081472
18546,HLA-A*32:07,esm2_joint,locus,0,1.0,13696,0.0,0.23271453
18549,HLA-A*30:02,esm2_joint,locus,0,1.0,13696,2.0794415416798357,0.49483177
18550,HLA-A*24:07,esm2_joint,locus,0,1.0,13696,2.3978952727983707,0.438892
18551,HLA-A*26:02,esm2_joint,locus,0,1.0,13696,0.4054651081081644,0.85872567
18552,HLA-A*24:02,esm2_joint,locus,0,1.0,13696,0.4054651081081644,0.59571564
18553,HLA-A*02:11,esm2_joint,locus,0,1.0,13696,3.202746442938317,0.79601467
18558,HLA-A*33:03,esm2_joint,locus,0,1.0,13696,1.916922612182061,0.72047234
18559,HLA-A*24:03,esm2_joint,locus,0,1.0,13696,3.139832617527748,1.1921419
18561,HLA-A*66:01,esm2_joint,locus,0,1.0,13696,0.0,1.1721739
18562,HLA-A*26:03,esm2_joint,locus,0,1.0,13696,0.26236426446749106,0.8105744
18563,HLA-A*68:01,esm2_joint,locus,0,1.0,13696,2.379546134130174,0.5226606
18570,HLA-A*43:01,esm2_joint,locus,0,1.0,13696,3.3568971227655755,0.94628406
18571,HLA-A*23:01,esm2_joint,locus,0,1.0,13696,2.272125885509337,0.5047214
18572,HLA-A*24:03,esm2_joint,locus,0,1.0,13696,2.1972245773362196,0.87225497
18575,HLA-A*29:02,esm2_joint,locus,0,1.0,13696,0.4054651081081644,1.5133665
18577,HLA-A*66:01,esm2_joint,locus,0,1.0,13696,0.18232155679395465,0.85727054
18579,HLA-A*02:01,esm2_joint,locus,0,1.0,13696,1.589235205116581,0.33050632
18580,HLA-A*02:19,esm2_joint,locus,0,1.0,13696,3.5322256440685598,0.24813038
18583,HLA-A*68:23,esm2_joint,locus,0,1.0,13696,0.09531017980432487,0.051135123
18584,HLA-A*66:01,esm2_joint,locus,0,1.0,13696,0.33647223662121295,0.54747903
18585,HLA-A*26:03,esm2_joint,locus,0,1.0,13696,0.18232155679395465,0.22351998
18586,HLA-A*26:03,esm2_joint,locus,0,1.0,13696,0.33647223662121295,0.1789422
18588,HLA-A*23:01,esm2_joint,locus,0,1.0,13696,3.258096538021482,0.77121174
18591,HLA-A*11:01,esm2_joint,locus,0,1.0,13696,1.7578579175523736,0.7062311
18594,HLA-A*26:02,esm2_joint,locus,0,1.0,13696,0.0,0.9605993
18596,HLA-A*11:01,esm2_joint,locus,0,1.0,13696,0.0,0.6480948
18598,HLA-A*30:02,esm2_joint,locus,0,1.0,13696,1.7227665977411035,0.5653086
18604,HLA-A*02:50,esm2_joint,locus,0,1.0,13696,3.1484533605716547,0.20520169
18605,HLA-A*02:19,esm2_joint,locus,0,1.0,13696,0.5306282510621704,0.45091128
18606,HLA-A*30:01,esm2_joint,locus,0,1.0,13696,4.209160236650682,0.7899151
18607,HLA-A*33:03,esm2_joint,locus,0,1.0,13696,1.308332819650179,0.35906535
18609,HLA-A*32:07,esm2_joint,locus,0,1.0,13696,0.26236426446749106,0.37731767
18610,HLA-A*31:01,esm2_joint,locus,0,1.0,13696,0.7884573603642702,0.7379098
18611,HLA-A*23:01,esm2_joint,locus,0,1.0,13696,0.8754687373538999,0.5845041
18613,HLA-A*24:02,esm2_joint,locus,0,1.0,13696,0.4700036292457355,0.88452977
18616,HLA-A*32:07,esm2_joint,locus,0,1.0,13696,0.0,1.0185826
18619,HLA-A*02:10,esm2_joint,locus,0,1.0,13696,1.916922612182061,0.6570138
18627,HLA-A*02:10,esm2_joint,locus,0,1.0,13696,0.18232155679395465,0.15111655
18628,HLA-A*30:01,esm2_joint,locus,0,1.0,13696,0.0,-0.0821597
18636,HLA-A*02:01,esm2_joint,locus,0,1.0,13696,0.7419373447293773,0.6295091
18638,HLA-A*43:01,esm2_joint,locus,0,1.0,13696,0.5306282510621704,0.9567939
18639,HLA-A*23:01,esm2_joint,locus,0,1.0,13696,1.410986973710262,0.8119426
18644,HLA-A*43:01,esm2_joint,locus,0,1.0,13696,0.18232155679395465,0.7847746
18647,HLA-A*02:10,esm2_joint,locus,0,1.0,13696,0.5877866649021191,0.3828618
18648,HLA-A*43:01,esm2_joint,locus,0,1.0,13696,0.4054651081081644,0.6728099
18651,HLA-A*32:07,esm2_joint,locus,0,1.0,13696,0.0,0.8275262
18657,HLA-A*30:02,esm2_joint,locus,0,1.0,13696,0.0,0.9872196
18658,HLA-A*32:07,esm2_joint,locus,0,1.0,13696,0.5877866649021191,1.229111
18660,HLA-A*24:07,esm2_joint,locus,0,1.0,13696,0.5306282510621704,0.52983415
18662,HLA-A*43:01,esm2_joint,locus,0,1.0,13696,0.26236426446749106,0.32044154
18663,HLA-A*66:01,esm2_joint,locus,0,1.0,13696,0.26236426446749106,1.207249
18665,HLA-A*24:02,esm2_joint,locus,0,1.0,13696,0.4054651081081644,0.9341487
18669,HLA-A*30:02,esm2_joint,locus,0,1.0,13696,3.077312260546414,0.8957808
18671,HLA-A*26:03,esm2_joint,locus,0,1.0,13696,0.4054651081081644,0.515564
18674,HLA-A*24:07,esm2_joint,locus,0,1.0,13696,0.26236426446749106,0.6167417
18675,HLA-A*24:07,esm2_joint,locus,0,1.0,13696,2.272125885509337,0.61626077
18676,HLA-A*24:07,esm2_joint,locus,0,1.0,13696,2.884800712846709,-0.02552098
18677,HLA-A*26:02,esm2_joint,locus,0,1.0,13696,0.4700036292457355,0.6893896
18679,HLA-A*31:01,esm2_joint,locus,0,1.0,13696,0.4700036292457355,0.9242792
18680,HLA-A*68:01,esm2_joint,locus,0,1.0,13696,2.028148247292285,0.7727426
18681,HLA-A*23:01,esm2_joint,locus,0,1.0,13696,1.2809338454620642,0.45963937
18682,HLA-A*68:23,esm2_joint,locus,0,1.0,13696,0.7884573603642702,0.75459546
18685,HLA-A*02:11,esm2_joint,locus,0,1.0,13696,2.9652730660692823,0.37434572
18688,HLA-A*43:01,esm2_joint,locus,0,1.0,13696,0.5306282510621704,0.62882996
18689,HLA-A*43:01,esm2_joint,locus,0,1.0,13696,2.5572273113676265,0.8010867
18690,HLA-A*43:01,esm2_joint,locus,0,1.0,13696,0.0,0.9095577
18691,HLA-A*29:02,esm2_joint,locus,0,1.0,13696,1.410986973710262,1.1076534
18692,HLA-A*02:19,esm2_joint,locus,0,1.0,13696,0.0,0.26297337
18694,HLA-A*30:02,esm2_joint,locus,0,1.0,13696,1.9021075263969205,0.8993886
18695,HLA-A*68:01,esm2_joint,locus,0,1.0,13696,1.308332819650179,0.993687
18697,HLA-A*29:02,esm2_joint,locus,0,1.0,13696,2.667228206581955,1.3842535
18699,HLA-A*31:01,esm2_joint,locus,0,1.0,13696,3.4011973816621555,1.4407346
18703,HLA-A*24:03,esm2_joint,locus,0,1.0,13696,1.3609765531356006,1.1242296
18706,HLA-A*02:10,esm2_joint,locus,0,1.0,13696,0.832909122935104,0.0460729
18712,HLA-A*32:07,esm2_joint,locus,0,1.0,13696,1.2237754316221157,1.1569419
18713,HLA-A*68:23,esm2_joint,locus,0,1.0,13696,0.0,0.59213006
18716,HLA-A*11:01,esm2_joint,locus,0,1.0,13696,1.791759469228055,0.3889771
18720,HLA-A*24:07,esm2_joint,locus,0,1.0,13696,3.0252910757955354,0.8743869
18722,HLA-A*68:01,esm2_joint,locus,0,1.0,13696,1.5260563034950494,0.4508571
18724,HLA-A*02:19,esm2_joint,locus,0,1.0,13696,0.26236426446749106,0.065797865
18725,HLA-A*68:01,esm2_joint,locus,0,1.0,13696,0.7884573603642702,0.618847
18727,HLA-A*33:03,esm2_joint,locus,0,1.0,13696,0.0,1.1739721
18728,HLA-A*68:01,esm2_joint,locus,0,1.0,13696,0.4700036292457355,0.95683
18734,HLA-A*68:23,esm2_joint,locus,0,1.0,13696,3.086486636822455,0.6447848
18739,HLA-A*74:01,esm2_joint,locus,0,1.0,13696,1.4350845252893227,0.8424909
18742,HLA-A*02:12,esm2_joint,locus,0,1.0,13696,0.0,0.2566198
18743,HLA-A*30:01,esm2_joint,locus,0,1.0,13696,0.09531017980432487,1.0185436
18748,HLA-A*33:03,esm2_joint,locus,0,1.0,13696,0.0,0.4017619
18752,HLA-A*68:23,esm2_joint,locus,0,1.0,13696,0.18232155679395465,0.45375615
18754,HLA-A*33:03,esm2_joint,locus,0,1.0,13696,0.33647223662121295,0.92900753
18756,HLA-A*30:02,esm2_joint,locus,0,1.0,13696,2.4765384001174837,1.0955503
18758,HLA-A*24:03,esm2_joint,locus,0,1.0,13696,1.5040773967762742,0.36834443
18764,HLA-A*30:02,esm2_joint,locus,0,1.0,13696,0.33647223662121295,0.59724355
18765,HLA-A*30:02,esm2_joint,locus,0,1.0,13696,0.4054651081081644,0.6463399
18766,HLA-A*80:01,esm2_joint,locus,0,1.0,13696,1.0986122886681098,1.3386118
18773,HLA-A*26:03,esm2_joint,locus,0,1.0,13696,0.33647223662121295,0.43111008
18775,HLA-A*02:19,esm2_joint,locus,0,1.0,13696,3.8155121050473024,0.9075555
18776,HLA-A*32:07,esm2_joint,locus,0,1.0,13696,0.0,-0.0152775645
18778,HLA-A*02:19,esm2_joint,locus,0,1.0,13696,3.169685580677429,0.46112168
18779,HLA-A*32:07,esm2_joint,locus,0,1.0,13696,0.0,0.70295537
18784,HLA-A*32:07,esm2_joint,locus,0,1.0,13696,2.1162555148025524,0.9849021
18786,HLA-A*24:19,esm2_joint,locus,0,1.0,13696,0.0,0.65325004
18787,HLA-A*26:02,esm2_joint,locus,0,1.0,13696,3.9889840465642745,0.40794033
18790,HLA-A*68:01,esm2_joint,locus,0,1.0,13696,4.130354999745133,0.14951551
18791,HLA-A*11:01,esm2_joint,locus,0,1.0,13696,2.066862759472976,0.4038393
18792,HLA-A*80:01,esm2_joint,locus,0,1.0,13696,0.0,1.1716805
18800,HLA-A*33:03,esm2_joint,locus,0,1.0,13696,2.151762203259462,0.5698222
18807,HLA-A*25:01,esm2_joint,locus,0,1.0,13696,0.33647223662121295,0.21240044
18808,HLA-A*25:01,esm2_joint,locus,0,1.0,13696,0.26236426446749106,0.15562183
18809,HLA-A*03:01,esm2_joint,locus,0,1.0,13696,0.0,0.6883968
18812,HLA-A*26:03,esm2_joint,locus,0,1.0,13696,0.0,0.23722672
18813,HLA-A*23:01,esm2_joint,locus,0,1.0,13696,3.696351468952637,0.3846172
18814,HLA-A*24:02,esm2_joint,locus,0,1.0,13696,0.4054651081081644,0.9011021
18816,HLA-A*31:01,esm2_joint,locus,0,1.0,13696,0.8754687373538999,1.5615289
18819,HLA-A*43:01,esm2_joint,locus,0,1.0,13696,0.18232155679395465,0.8704475
18820,HLA-A*24:03,esm2_joint,locus,0,1.0,13696,0.9555114450274363,0.44742155
18821,HLA-A*26:03,esm2_joint,locus,0,1.0,13696,0.0,0.48081928
18822,HLA-A*26:03,esm2_joint,locus,0,1.0,13696,0.4054651081081644,0.38601238
18823,HLA-A*32:01,esm2_joint,locus,0,1.0,13696,0.33647223662121295,0.77503604
18824,HLA-A*74:01,esm2_joint,locus,0,1.0,13696,2.1972245773362196,0.4689117
18828,HLA-A*30:02,esm2_joint,locus,0,1.0,13696,0.18232155679395465,0.50202525
18832,HLA-A*02:50,esm2_joint,locus,0,1.0,13696,0.4700036292457355,-0.025695145
18835,HLA-A*25:01,esm2_joint,locus,0,1.0,13696,1.589235205116581,0.12507111
18836,HLA-A*24:02,esm2_joint,locus,0,1.0,13696,0.9932517730102833,0.24456358
18837,HLA-A*32:01,esm2_joint,locus,0,1.0,13696,1.547562508716013,1.0796832
18838,HLA-A*02:11,esm2_joint,locus,0,1.0,13696,2.995732273553991,0.7030107
18841,HLA-A*32:07,esm2_joint,locus,0,1.0,13696,2.5572273113676265,0.8557044
18844,HLA-A*25:01,esm2_joint,locus,0,1.0,13696,1.4350845252893227,0.5982646
18845,HLA-A*02:50,esm2_joint,locus,0,1.0,13696,2.533696813957432,-0.02518946
18846,HLA-A*33:03,esm2_joint,locus,0,1.0,13696,0.18232155679395465,0.56792533
18848,HLA-A*24:07,esm2_joint,locus,0,1.0,13696,0.7419373447293773,0.45251715
18849,HLA-A*02:19,esm2_joint,locus,0,1.0,13696,3.1570004211501135,0.82691264
18853,HLA-A*80:01,esm2_joint,locus,0,1.0,13696,0.09531017980432487,0.73056245
18857,HLA-A*02:12,esm2_joint,locus,0,1.0,13696,2.128231705849268,0.2046172
18858,HLA-A*74:01,esm2_joint,locus,0,1.0,13696,0.0,0.839073
18860,HLA-A*80:01,esm2_joint,locus,0,1.0,13696,0.0,0.8585856
18862,HLA-A*33:03,esm2_joint,locus,0,1.0,13696,0.0,1.0439141
18863,HLA-A*68:01,esm2_joint,locus,0,1.0,13696,0.4700036292457355,0.6701454
18864,HLA-A*11:01,esm2_joint,locus,0,1.0,13696,0.18232155679395465,0.21792352
18865,HLA-A*74:01,esm2_joint,locus,0,1.0,13696,0.5877866649021191,1.1737164
18870,HLA-A*03:01,esm2_joint,locus,0,1.0,13696,0.0,1.1119387
18871,HLA-A*24:02,esm2_joint,locus,0,1.0,13696,0.33647223662121295,0.98985875
18872,HLA-A*31:01,esm2_joint,locus,0,1.0,13696,4.672828834461906,0.51679665
18875,HLA-A*66:01,esm2_joint,locus,0,1.0,13696,0.18232155679395465,1.1495882
18877,HLA-A*24:02,esm2_joint,locus,0,1.0,13696,1.7749523509116738,1.6500509
18882,HLA-A*02:01,esm2_joint,locus,0,1.0,13696,2.0541237336955462,1.0015012
18884,HLA-A*02:11,esm2_joint,locus,0,1.0,13696,1.791759469228055,0.22795182
18886,HLA-A*43:01,esm2_joint,locus,0,1.0,13696,0.26236426446749106,0.98759747
18894,HLA-A*24:19,esm2_joint,locus,0,1.0,13696,0.7884573603642702,0.6887607
18896,HLA-A*02:10,esm2_joint,locus,0,1.0,13696,1.4816045409242156,0.7117596
18897,HLA-A*02:10,esm2_joint,locus,0,1.0,13696,0.5877866649021191,0.44591653
18901,HLA-A*24:19,esm2_joint,locus,0,1.0,13696,0.6931471805599453,0.5477973
18902,HLA-A*24:07,esm2_joint,locus,0,1.0,13696,0.18232155679395465,0.363589
18904,HLA-A*24:02,esm2_joint,locus,0,1.0,13696,1.6094379124341003,0.763917
18905,HLA-A*02:10,esm2_joint,locus,0,1.0,13696,3.0106208860477417,0.14028561
18908,HLA-A*80:01,esm2_joint,locus,0,1.0,13696,0.26236426446749106,0.24692822
18909,HLA-A*31:01,esm2_joint,locus,0,1.0,13696,0.7419373447293773,0.9100522
18913,HLA-A*24:02,esm2_joint,locus,0,1.0,13696,0.6418538861723948,0.73311925
18923,HLA-A*43:01,esm2_joint,locus,0,1.0,13696,0.0,0.7913085
18927,HLA-A*24:07,esm2_joint,locus,0,1.0,13696,2.1162555148025524,0.9485865
18930,HLA-A*33:03,esm2_joint,locus,0,1.0,13696,2.1972245773362196,0.56637526
18933,HLA-A*25:01,esm2_joint,locus,0,1.0,13696,0.0,0.70018756
18936,HLA-A*02:12,esm2_joint,locus,0,1.0,13696,0.832909122935104,0.9337018
18937,HLA-A*02:50,esm2_joint,locus,0,1.0,13696,0.0,0.2663191
18938,HLA-A*02:16,esm2_joint,locus,0,1.0,13696,2.9444389791664403,0.09348786
18939,HLA-A*68:01,esm2_joint,locus,0,1.0,13696,4.275276264727001,0.7648409
18941,HLA-A*02:10,esm2_joint,locus,0,1.0,13696,0.26236426446749106,0.036051035
18942,HLA-A*33:03,esm2_joint,locus,0,1.0,13696,4.04305126783455,1.2042058
18945,HLA-A*02:01,esm2_joint,locus,0,1.0,13696,0.4700036292457355,0.6988975
18946,HLA-A*02:10,esm2_joint,locus,0,1.0,13696,1.308332819650179,0.074471414
18948,HLA-A*29:02,esm2_joint,locus,0,1.0,13696,3.3141860046725258,1.2660857
18951,HLA-A*11:01,esm2_joint,locus,0,1.0,13696,0.7419373447293773,0.51275164
18952,HLA-A*02:11,esm2_joint,locus,0,1.0,13696,0.832909122935104,0.2949447
18953,HLA-A*03:01,esm2_joint,locus,0,1.0,13696,3.2308043957334744,0.795409
18954,HLA-A*03:01,esm2_joint,locus,0,1.0,13696,0.0,0.85225475
18955,HLA-A*02:16,esm2_joint,locus,0,1.0,13696,2.33214389523559,0.16190922
18956,HLA-A*68:01,esm2_joint,locus,0,1.0,13696,0.26236426446749106,0.64645016
18957,HLA-A*80:01,esm2_joint,locus,0,1.0,13696,1.0296194171811583,0.92834187
18958,HLA-A*25:01,esm2_joint,locus,0,1.0,13696,1.1631508098056809,0.6715451
18959,HLA-A*68:23,esm2_joint,locus,0,1.0,13696,0.0,0.7616822
18966,HLA-A*43:01,esm2_joint,locus,0,1.0,13696,0.4700036292457355,0.6372967
18967,HLA-A*30:02,esm2_joint,locus,0,1.0,13696,0.6418538861723948,0.43883365
18968,HLA-A*26:03,esm2_joint,locus,0,1.0,13696,0.0,0.62237966
18969,HLA-A*02:10,esm2_joint,locus,0,1.0,13696,0.6418538861723948,0.30992287
18970,HLA-A*02:19,esm2_joint,locus,0,1.0,13696,1.667706820558076,0.35802084
18976,HLA-A*02:12,esm2_joint,locus,0,1.0,13696,0.26236426446749106,0.43261826
18977,HLA-A*68:01,esm2_joint,locus,0,1.0,13696,0.0,0.5168725
18978,HLA-A*68:01,esm2_joint,locus,0,1.0,13696,0.832909122935104,0.2520237
18980,HLA-A*80:01,esm2_joint,locus,0,1.0,13696,1.2809338454620642,0.99620575
18982,HLA-A*66:01,esm2_joint,locus,0,1.0,13696,0.0,0.5018721
18985,HLA-A*30:02,esm2_joint,locus,0,1.0,13696,0.18232155679395465,0.6349932
18988,HLA-A*02:16,esm2_joint,locus,0,1.0,13696,0.4700036292457355,0.49899432
18990,HLA-A*02:12,esm2_joint,locus,0,1.0,13696,2.917770732084279,0.61153877
18991,HLA-A*02:16,esm2_joint,locus,0,1.0,13696,0.7884573603642702,0.12624079
18992,HLA-A*30:01,esm2_joint,locus,0,1.0,13696,1.916922612182061,0.5294601
18993,HLA-A*68:23,esm2_joint,locus,0,1.0,13696,1.0986122886681098,0.49549252
18994,HLA-A*30:01,esm2_joint,locus,0,1.0,13696,0.0,0.7091136
18996,HLA-A*24:02,esm2_joint,locus,0,1.0,13696,3.5496173867804286,0.8254241
18997,HLA-A*02:12,esm2_joint,locus,0,1.0,13696,1.1631508098056809,0.45041722
19001,HLA-A*24:19,esm2_joint,locus,0,1.0,13696,0.0,0.7443531
19002,HLA-A*24:07,esm2_joint,locus,0,1.0,13696,0.9162907318741551,1.385598
19003,HLA-A*66:01,esm2_joint,locus,0,1.0,13696,0.0,1.0198025
19006,HLA-A*02:01,esm2_joint,locus,0,1.0,13696,0.18232155679395465,-0.07979852
19009,HLA-A*24:19,esm2_joint,locus,0,1.0,13696,0.18232155679395465,0.04487598
19011,HLA-A*24:19,esm2_joint,locus,0,1.0,13696,0.18232155679395465,0.42276955
19012,HLA-A*02:01,esm2_joint,locus,0,1.0,13696,2.6741486494265287,0.4463902
19015,HLA-A*25:01,esm2_joint,locus,0,1.0,13696,0.18232155679395465,0.21905023
19016,HLA-A*74:01,esm2_joint,locus,0,1.0,13696,0.0,0.7261321
19018,HLA-A*43:01,esm2_joint,locus,0,1.0,13696,0.33647223662121295,1.2632501
19022,HLA-A*30:01,esm2_joint,locus,0,1.0,13696,1.0296194171811583,1.3538196
19023,HLA-A*25:01,esm2_joint,locus,0,1.0,13696,0.0,0.53527653
19024,HLA-A*02:05,esm2_joint,locus,0,1.0,13696,0.33647223662121295,-0.042203724
19025,HLA-A*02:11,esm2_joint,locus,0,1.0,13696,3.370738174177447,0.60671157
19026,HLA-A*02:11,esm2_joint,locus,0,1.0,13696,3.4372078191851885,0.11970413
19028,HLA-A*02:16,esm2_joint,locus,0,1.0,13696,2.3513752571634776,1.0536788
19029,HLA-A*68:01,esm2_joint,locus,0,1.0,13696,1.547562508716013,0.94631094
19030,HLA-A*74:01,esm2_joint,locus,0,1.0,13696,0.4700036292457355,0.5332358
19031,HLA-A*74:01,esm2_joint,locus,0,1.0,13696,0.26236426446749106,0.7132144
19034,HLA-A*30:02,esm2_joint,locus,0,1.0,13696,0.5306282510621704,0.630422
19035,HLA-A*32:07,esm2_joint,locus,0,1.0,13696,0.0,0.50980926
19038,HLA-A*02:01,esm2_joint,locus,0,1.0,13696,0.4700036292457355,0.1880461
19039,HLA-A*26:02,esm2_joint,locus,0,1.0,13696,0.5877866649021191,0.58551496
19040,HLA-A*24:02,esm2_joint,locus,0,1.0,13696,0.6418538861723948,0.66456103
19041,HLA-A*29:02,esm2_joint,locus,0,1.0,13696,0.832909122935104,0.8700106
19042,HLA-A*24:03,esm2_joint,locus,0,1.0,13696,0.4700036292457355,0.39014977
19043,HLA-A*24:19,esm2_joint,locus,0,1.0,13696,0.33647223662121295,0.8339527
19044,HLA-A*25:01,esm2_joint,locus,0,1.0,13696,1.33500106673234,0.77213025
19045,HLA-A*02:03,esm2_joint,locus,0,1.0,13696,2.797281334830153,0.42876148
19047,HLA-A*68:23,esm2_joint,locus,0,1.0,13696,2.3608540011180215,0.76745963
19048,HLA-A*66:01,esm2_joint,locus,0,1.0,13696,0.0,0.6666102
19049,HLA-A*66:01,esm2_joint,locus,0,1.0,13696,0.0,1.3747607
19059,HLA-A*02:10,esm2_joint,locus,0,1.0,13696,0.0,0.11482108
19061,HLA-A*30:02,esm2_joint,locus,0,1.0,13696,0.5877866649021191,0.5521299
19062,HLA-A*02:50,esm2_joint,locus,0,1.0,13696,0.4700036292457355,0.405724
19063,HLA-A*30:01,esm2_joint,locus,0,1.0,13696,1.7047480922384253,0.6963283
19064,HLA-A*68:01,esm2_joint,locus,0,1.0,13696,0.33647223662121295,0.6226152
19065,HLA-A*26:02,esm2_joint,locus,0,1.0,13696,2.1400661634962708,0.30059063
19067,HLA-A*33:03,esm2_joint,locus,0,1.0,13696,0.0,0.8695278
19068,HLA-A*33:03,esm2_joint,locus,0,1.0,13696,1.4816045409242156,0.53414655
19071,HLA-A*02:16,esm2_joint,locus,0,1.0,13696,3.5409593240373143,0.46831018
19074,HLA-A*68:01,esm2_joint,locus,0,1.0,13696,1.589235205116581,0.48089033
19076,HLA-A*43:01,esm2_joint,locus,0,1.0,13696,0.6418538861723948,0.8849146
19078,HLA-A*02:19,esm2_joint,locus,0,1.0,13696,1.3609765531356006,0.3144706
19082,HLA-A*30:02,esm2_joint,locus,0,1.0,13696,3.5263605246161616,0.78528094
19085,HLA-A*74:01,esm2_joint,locus,0,1.0,13696,0.4700036292457355,0.062852144
19086,HLA-A*23:01,esm2_joint,locus,0,1.0,13696,0.26236426446749106,0.026628375
19087,HLA-A*24:19,esm2_joint,locus,0,1.0,13696,0.09531017980432487,-0.23737735
19088,HLA-A*26:02,esm2_joint,locus,0,1.0,13696,2.33214389523559,0.8741548
19089,HLA-A*24:02,esm2_joint,locus,0,1.0,13696,2.747270914255491,0.68047196
19091,HLA-A*66:01,esm2_joint,locus,0,1.0,13696,0.5877866649021191,0.8554653
19100,HLA-A*02:10,esm2_joint,locus,0,1.0,13696,1.0986122886681098,0.3795796
19107,HLA-A*25:01,esm2_joint,locus,0,1.0,13696,3.122364924487357,0.30476213
19109,HLA-A*02:10,esm2_joint,locus,0,1.0,13696,0.4700036292457355,0.31568044
19111,HLA-A*23:01,esm2_joint,locus,0,1.0,13696,3.370738174177447,1.0891615
19114,HLA-A*74:01,esm2_joint,locus,0,1.0,13696,3.32862668882732,1.2588041
19116,HLA-A*26:02,esm2_joint,locus,0,1.0,13696,1.1314021114911006,0.65226084
19118,HLA-A*02:01,esm2_joint,locus,0,1.0,13696,0.0,0.19627255
19119,HLA-A*02:11,esm2_joint,locus,0,1.0,13696,0.8754687373538999,0.6942043
19122,HLA-A*43:01,esm2_joint,locus,0,1.0,13696,0.6931471805599453,0.8954699
19125,HLA-A*26:03,esm2_joint,locus,0,1.0,13696,2.0541237336955462,0.38199645
19128,HLA-A*02:11,esm2_joint,locus,0,1.0,13696,2.186051276738094,0.7842747
19134,HLA-A*33:03,esm2_joint,locus,0,1.0,13696,0.7419373447293773,0.90759534
19136,HLA-A*30:02,esm2_joint,locus,0,1.0,13696,1.3609765531356006,0.8035748
19137,HLA-A*24:19,esm2_joint,locus,0,1.0,13696,0.33647223662121295,0.9247326
19139,HLA-A*02:10,esm2_joint,locus,0,1.0,13696,0.9555114450274363,0.585763
19140,HLA-A*02:19,esm2_joint,locus,0,1.0,13696,3.9945242269398897,0.49108285
19141,HLA-A*30:02,esm2_joint,locus,0,1.0,13696,2.3702437414678603,0.5040352
19142,HLA-A*26:02,esm2_joint,locus,0,1.0,13696,3.7796338173824005,0.7090578
19143,HLA-A*68:23,esm2_joint,locus,0,1.0,13696,0.4054651081081644,0.7466614
19146,HLA-A*31:01,esm2_joint,locus,0,1.0,13696,2.6390573296152584,1.021765
19147,HLA-A*11:01,esm2_joint,locus,0,1.0,13696,0.6931471805599453,0.31759
19148,HLA-A*68:23,esm2_joint,locus,0,1.0,13696,0.26236426446749106,0.9073316
19152,HLA-A*68:23,esm2_joint,locus,0,1.0,13696,0.5306282510621704,1.0353028
19154,HLA-A*30:01,esm2_joint,locus,0,1.0,13696,0.9162907318741551,0.4750371
19158,HLA-A*02:19,esm2_joint,locus,0,1.0,13696,3.0726933146901194,0.7224427
19161,HLA-A*02:19,esm2_joint,locus,0,1.0,13696,3.4210000089583352,0.74461406
19162,HLA-A*24:03,esm2_joint,locus,0,1.0,13696,0.5306282510621704,0.032497287
19163,HLA-A*68:23,esm2_joint,locus,0,1.0,13696,0.5306282510621704,0.539037
19171,HLA-A*02:16,esm2_joint,locus,0,1.0,13696,3.5145260669691587,0.34365946
19172,HLA-A*03:01,esm2_joint,locus,0,1.0,13696,0.7419373447293773,0.33012336
19175,HLA-A*23:01,esm2_joint,locus,0,1.0,13696,0.5306282510621704,0.36806852
19179,HLA-A*24:07,esm2_joint,locus,0,1.0,13696,0.6418538861723948,0.6902425
19182,HLA-A*24:07,esm2_joint,locus,0,1.0,13696,0.5877866649021191,0.5489384
19185,HLA-A*02:16,esm2_joint,locus,0,1.0,13696,2.8390784635086144,0.3772515
19186,HLA-A*02:16,esm2_joint,locus,0,1.0,13696,3.4404180948154366,0.6874005
19191,HLA-A*26:02,esm2_joint,locus,0,1.0,13696,0.33647223662121295,0.45892864
19193,HLA-A*02:12,esm2_joint,locus,0,1.0,13696,0.4700036292457355,0.45653373
19194,HLA-A*02:19,esm2_joint,locus,0,1.0,13696,1.33500106673234,0.8442447
19196,HLA-A*68:23,esm2_joint,locus,0,1.0,13696,0.0,0.84576696
19203,HLA-A*24:03,esm2_joint,locus,0,1.0,13696,3.7256934272366524,1.2710196
19205,HLA-A*24:19,esm2_joint,locus,0,1.0,13696,0.0,0.34180868
19206,HLA-A*24:02,esm2_joint,locus,0,1.0,13696,0.4700036292457355,0.9147831
19208,HLA-A*02:11,esm2_joint,locus,0,1.0,13696,2.388762789235098,0.8712407
19209,HLA-A*11:01,esm2_joint,locus,0,1.0,13696,1.4816045409242156,0.5654782
19211,HLA-A*31:01,esm2_joint,locus,0,1.0,13696,1.308332819650179,1.2194202
19212,HLA-A*11:01,esm2_joint,locus,0,1.0,13696,1.2809338454620642,0.44138968
19213,HLA-A*74:01,esm2_joint,locus,0,1.0,13696,3.126760535960395,0.83408237
19216,HLA-A*02:11,esm2_joint,locus,0,1.0,13696,2.3513752571634776,0.14324749
19218,HLA-A*80:01,esm2_joint,locus,0,1.0,13696,0.09531017980432487,0.68241614
19219,HLA-A*26:03,esm2_joint,locus,0,1.0,13696,1.667706820558076,0.43225914
19221,HLA-A*74:01,esm2_joint,locus,0,1.0,13696,0.0,0.93143165
19224,HLA-A*68:01,esm2_joint,locus,0,1.0,13696,1.589235205116581,1.0825531
19233,HLA-A*66:01,esm2_joint,locus,0,1.0,13696,0.26236426446749106,0.33459204
19234,HLA-A*02:50,esm2_joint,locus,0,1.0,13696,0.6931471805599453,0.5567824
19235,HLA-A*74:01,esm2_joint,locus,0,1.0,13696,2.8154087194227095,0.6430314
19238,HLA-A*43:01,esm2_joint,locus,0,1.0,13696,0.8754687373538999,1.0772651
19243,HLA-A*24:02,esm2_joint,locus,0,1.0,13696,0.6418538861723948,0.4689886
19247,HLA-A*30:02,esm2_joint,locus,0,1.0,13696,1.547562508716013,0.88005483
19250,HLA-A*29:02,esm2_joint,locus,0,1.0,13696,0.9932517730102833,1.0749153
19253,HLA-A*66:01,esm2_joint,locus,0,1.0,13696,0.0,0.15355575
19256,HLA-A*02:03,esm2_joint,locus,0,1.0,13696,1.3862943611198906,0.33007085
19257,HLA-A*33:03,esm2_joint,locus,0,1.0,13696,0.0,1.241526
19259,HLA-A*29:02,esm2_joint,locus,0,1.0,13696,0.18232155679395465,0.96827114
19260,HLA-A*32:07,esm2_joint,locus,0,1.0,13696,0.0,1.0003542
19262,HLA-A*24:19,esm2_joint,locus,0,1.0,13696,0.4700036292457355,-0.07413703
19263,HLA-A*24:07,esm2_joint,locus,0,1.0,13696,1.0986122886681098,0.6343172
19264,HLA-A*68:23,esm2_joint,locus,0,1.0,13696,0.26236426446749106,0.5385735
19265,HLA-A*02:01,esm2_joint,locus,0,1.0,13696,0.636576829071551,0.1944086
19266,HLA-A*02:03,esm2_joint,locus,0,1.0,13696,0.4700036292457355,0.47826344
19269,HLA-A*23:01,esm2_joint,locus,0,1.0,13696,0.6418538861723948,0.51853126
19276,HLA-A*02:12,esm2_joint,locus,0,1.0,13696,2.8213788864092133,0.4338987
19280,HLA-A*02:10,esm2_joint,locus,0,1.0,13696,1.667706820558076,0.7776151
19281,HLA-A*33:03,esm2_joint,locus,0,1.0,13696,0.0,1.1546323
19283,HLA-A*66:01,esm2_joint,locus,0,1.0,13696,0.0,0.936754
19288,HLA-A*25:01,esm2_joint,locus,0,1.0,13696,0.5306282510621704,0.32572562
19289,HLA-A*02:10,esm2_joint,locus,0,1.0,13696,0.0,0.27366132
19291,HLA-A*30:02,esm2_joint,locus,0,1.0,13696,0.26236426446749106,0.20072049
19295,HLA-A*02:50,esm2_joint,locus,0,1.0,13696,3.2308043957334744,0.43516058
19296,HLA-A*33:03,esm2_joint,locus,0,1.0,13696,3.427514689979529,0.75229007
19299,HLA-A*24:07,esm2_joint,locus,0,1.0,13696,2.9231615807191558,0.533367
19300,HLA-A*66:01,esm2_joint,locus,0,1.0,13696,0.0,0.51979345
19303,HLA-A*02:01,esm2_joint,locus,0,1.0,13696,1.5195132049061133,0.20006245
19304,HLA-A*68:01,esm2_joint,locus,0,1.0,13696,0.18232155679395465,0.75550234
19305,HLA-A*02:50,esm2_joint,locus,0,1.0,13696,1.0296194171811583,0.027207136
19309,HLA-A*02:16,esm2_joint,locus,0,1.0,13696,3.0106208860477417,0.07776183
19310,HLA-A*31:01,esm2_joint,locus,0,1.0,13696,3.005682604407159,0.9615302
19313,HLA-A*80:01,esm2_joint,locus,0,1.0,13696,0.0,0.86156726
19314,HLA-A*33:03,esm2_joint,locus,0,1.0,13696,0.832909122935104,0.5339707
19317,HLA-A*68:01,esm2_joint,locus,0,1.0,13696,2.322387720290225,0.23161376
19321,HLA-A*24:19,esm2_joint,locus,0,1.0,13696,0.18232155679395465,0.99546397
19322,HLA-A*66:01,esm2_joint,locus,0,1.0,13696,0.9162907318741551,0.89358616
19325,HLA-A*03:01,esm2_joint,locus,0,1.0,13696,0.33647223662121295,1.2728307
19327,HLA-A*03:01,esm2_joint,locus,0,1.0,13696,1.1314021114911006,1.4130206
19328,HLA-A*02:03,esm2_joint,locus,0,1.0,13696,0.5306282510621704,0.35537517
19329,HLA-A*68:01,esm2_joint,locus,0,1.0,13696,0.33647223662121295,1.1433084
19330,HLA-A*68:23,esm2_joint,locus,0,1.0,13696,0.18232155679395465,0.7467499
19337,HLA-A*68:23,esm2_joint,locus,0,1.0,13696,1.2237754316221157,0.7834439
19338,HLA-A*68:01,esm2_joint,locus,0,1.0,13696,0.0,1.1549196
19341,HLA-A*30:02,esm2_joint,locus,0,1.0,13696,0.33647223662121295,0.43908817
19343,HLA-A*26:03,esm2_joint,locus,0,1.0,13696,2.7536607123542622,0.6425899
19345,HLA-A*23:01,esm2_joint,locus,0,1.0,13696,1.7578579175523736,0.3471051
19346,HLA-A*24:19,esm2_joint,locus,0,1.0,13696,0.26236426446749106,0.5572285
19347,HLA-A*02:10,esm2_joint,locus,0,1.0,13696,1.1314021114911006,0.36942285
19351,HLA-A*02:01,esm2_joint,locus,0,1.0,13696,2.89591193827178,1.1345737
19352,HLA-A*02:16,esm2_joint,locus,0,1.0,13696,2.9652730660692823,0.1315006
19358,HLA-A*24:07,esm2_joint,locus,0,1.0,13696,3.4436180975461075,0.33152646
19361,HLA-A*03:01,esm2_joint,locus,0,1.0,13696,0.0,1.0592566
19362,HLA-A*02:16,esm2_joint,locus,0,1.0,13696,1.0296194171811583,0.61878055
19372,HLA-A*43:01,esm2_joint,locus,0,1.0,13696,0.5877866649021191,1.1942079
19373,HLA-A*02:10,esm2_joint,locus,0,1.0,13696,0.7419373447293773,0.1578027
19374,HLA-A*43:01,esm2_joint,locus,0,1.0,13696,0.18232155679395465,0.7229543
19377,HLA-A*68:23,esm2_joint,locus,0,1.0,13696,0.5306282510621704,0.6269212
19378,HLA-A*66:01,esm2_joint,locus,0,1.0,13696,1.824549292051046,0.5390348
19380,HLA-A*02:50,esm2_joint,locus,0,1.0,13696,3.288401887516811,0.33201545
19381,HLA-A*30:01,esm2_joint,locus,0,1.0,13696,0.8754687373538999,0.8633252
19386,HLA-A*11:01,esm2_joint,locus,0,1.0,13696,0.18232155679395465,0.56367004
19387,HLA-A*30:02,esm2_joint,locus,0,1.0,13696,0.9932517730102833,0.784643
19391,HLA-A*24:19,esm2_joint,locus,0,1.0,13696,0.9555114450274363,0.5975003
19394,HLA-A*02:19,esm2_joint,locus,0,1.0,13696,1.791759469228055,0.23169005
19395,HLA-A*11:01,esm2_joint,locus,0,1.0,13696,1.589235205116581,0.619585
19397,HLA-A*26:03,esm2_joint,locus,0,1.0,13696,0.0,0.5125214
19401,HLA-A*29:02,esm2_joint,locus,0,1.0,13696,0.26236426446749106,0.597491
19402,HLA-A*23:01,esm2_joint,locus,0,1.0,13696,0.5877866649021191,0.7924112
19403,HLA-A*32:07,esm2_joint,locus,0,1.0,13696,2.028148247292285,1.4356414
19404,HLA-A*32:07,esm2_joint,locus,0,1.0,13696,2.5649493574615367,1.1166601
19405,HLA-A*24:07,esm2_joint,locus,0,1.0,13696,2.0541237336955462,0.84658885
19408,HLA-A*43:01,esm2_joint,locus,0,1.0,13696,0.0,1.2633038
19409,HLA-A*29:02,esm2_joint,locus,0,1.0,13696,2.5952547069568657,1.10545
19411,HLA-A*25:01,esm2_joint,locus,0,1.0,13696,0.0,0.5945539
19413,HLA-A*02:12,esm2_joint,locus,0,1.0,13696,0.5306282510621704,0.8106682
19414,HLA-A*02:12,esm2_joint,locus,0,1.0,13696,1.5260563034950494,0.6084293
19415,HLA-A*30:01,esm2_joint,locus,0,1.0,13696,3.648057459593681,0.938497
19416,HLA-A*68:23,esm2_joint,locus,0,1.0,13696,0.09531017980432487,0.64832604
19419,HLA-A*30:02,esm2_joint,locus,0,1.0,13696,0.0,0.88584733
19420,HLA-A*32:07,esm2_joint,locus,0,1.0,13696,1.4350845252893227,0.7204938
19421,HLA-A*24:07,esm2_joint,locus,0,1.0,13696,0.5306282510621704,0.5291368
19422,HLA-A*26:02,esm2_joint,locus,0,1.0,13696,0.26236426446749106,0.5217007
19426,HLA-A*24:03,esm2_joint,locus,0,1.0,13696,3.109060958860994,0.5928516
19428,HLA-A*02:10,esm2_joint,locus,0,1.0,13696,0.7884573603642702,0.27825862
19429,HLA-A*02:12,esm2_joint,locus,0,1.0,13696,3.1354942159291497,0.19304979
19434,HLA-A*24:02,esm2_joint,locus,0,1.0,13696,1.3862943611198906,0.7630569
19436,HLA-A*74:01,esm2_joint,locus,0,1.0,13696,0.5877866649021191,0.9041908
19437,HLA-A*30:02,esm2_joint,locus,0,1.0,13696,0.4700036292457355,0.93674046
19438,HLA-A*68:01,esm2_joint,locus,0,1.0,13696,3.6609942506244004,0.43236995
19440,HLA-A*24:03,esm2_joint,locus,0,1.0,13696,3.9531649487593215,0.7337694
19441,HLA-A*02:16,esm2_joint,locus,0,1.0,13696,0.9932517730102833,0.24213046
19445,HLA-A*30:02,esm2_joint,locus,0,1.0,13696,1.4350845252893227,0.6812353
19449,HLA-A*03:01,esm2_joint,locus,0,1.0,13696,0.0,1.1242341
19450,HLA-A*30:01,esm2_joint,locus,0,1.0,13696,3.095577608523707,0.4638452
19455,HLA-A*24:02,esm2_joint,locus,0,1.0,13696,0.26236426446749106,0.80697435
19456,HLA-A*24:02,esm2_joint,locus,0,1.0,13696,0.26236426446749106,0.31508547
19457,HLA-A*02:03,esm2_joint,locus,0,1.0,13696,2.89591193827178,0.1925425
19458,HLA-A*02:19,esm2_joint,locus,0,1.0,13696,1.5260563034950494,0.5680093
19460,HLA-A*23:01,esm2_joint,locus,0,1.0,13696,0.7884573603642702,0.457231
19461,HLA-A*24:19,esm2_joint,locus,0,1.0,13696,0.09531017980432487,0.13816947
19462,HLA-A*66:01,esm2_joint,locus,0,1.0,13696,0.0,0.8987303
19465,HLA-A*02:03,esm2_joint,locus,0,1.0,13696,0.5306282510621704,0.5020894
19466,HLA-A*02:10,esm2_joint,locus,0,1.0,13696,0.26236426446749106,-0.04226786
19467,HLA-A*02:16,esm2_joint,locus,0,1.0,13696,1.6863989535702288,0.24007219
19468,HLA-A*02:16,esm2_joint,locus,0,1.0,13696,3.339321977944068,0.50696313
19475,HLA-A*02:01,esm2_joint,locus,0,1.0,13696,1.589235205116581,0.5466602
19477,HLA-A*26:02,esm2_joint,locus,0,1.0,13696,1.4816045409242156,0.683362
19479,HLA-A*33:03,esm2_joint,locus,0,1.0,13696,1.916922612182061,0.24572283
19485,HLA-A*02:12,esm2_joint,locus,0,1.0,13696,3.126760535960395,0.670204
19487,HLA-A*30:01,esm2_joint,locus,0,1.0,13696,0.4700036292457355,0.8036035
19488,HLA-A*30:01,esm2_joint,locus,0,1.0,13696,0.0,0.294236
19489,HLA-A*68:01,esm2_joint,locus,0,1.0,13696,0.0,0.5956408
19494,HLA-A*74:01,esm2_joint,locus,0,1.0,13696,0.8754687373538999,1.1610527
19495,HLA-A*24:19,esm2_joint,locus,0,1.0,13696,0.0,0.6711612
19497,HLA-A*02:19,esm2_joint,locus,0,1.0,13696,2.2407096892759584,0.14688182
19498,HLA-A*33:03,esm2_joint,locus,0,1.0,13696,5.111987788356544,0.9206696
19499,HLA-A*66:01,esm2_joint,locus,0,1.0,13696,0.0,0.8131724
19501,HLA-A*02:12,esm2_joint,locus,0,1.0,13696,2.631888840136646,0.862754
19502,HLA-A*02:12,esm2_joint,locus,0,1.0,13696,0.9162907318741551,0.41889948
19503,HLA-A*30:01,esm2_joint,locus,0,1.0,13696,0.0,0.07450789
19504,HLA-A*74:01,esm2_joint,locus,0,1.0,13696,3.4995332823830174,1.0301172
19506,HLA-A*02:12,esm2_joint,locus,0,1.0,13696,0.6931471805599453,0.40038103
19507,HLA-A*02:16,esm2_joint,locus,0,1.0,13696,2.2512917986064953,0.5251074
19508,HLA-A*24:02,esm2_joint,locus,0,1.0,13696,0.26236426446749106,0.33763444
19510,HLA-A*02:03,esm2_joint,locus,0,1.0,13696,0.5877866649021191,0.59713155
19511,HLA-A*02:12,esm2_joint,locus,0,1.0,13696,2.6100697927420065,0.5994721
19513,HLA-A*43:01,esm2_joint,locus,0,1.0,13696,0.5306282510621704,1.1409189
19516,HLA-A*24:02,esm2_joint,locus,0,1.0,13696,0.4054651081081644,0.39322746
19519,HLA-A*03:01,esm2_joint,locus,0,1.0,13696,0.4700036292457355,0.63255215
19523,HLA-A*02:01,esm2_joint,locus,0,1.0,13696,2.3702437414678603,0.5826664
19528,HLA-A*02:50,esm2_joint,locus,0,1.0,13696,1.4350845252893227,0.11883551
19536,HLA-A*31:01,esm2_joint,locus,0,1.0,13696,1.2237754316221157,0.44649637
19538,HLA-A*68:01,esm2_joint,locus,0,1.0,13696,3.332204510175204,0.38574868
19539,HLA-A*74:01,esm2_joint,locus,0,1.0,13696,0.0,0.88230246
19541,HLA-A*30:02,esm2_joint,locus,0,1.0,13696,0.4054651081081644,0.56200564
19543,HLA-A*26:02,esm2_joint,locus,0,1.0,13696,0.33647223662121295,0.81880903
19545,HLA-A*25:01,esm2_joint,locus,0,1.0,13696,0.0,0.33218485
19551,HLA-A*43:01,esm2_joint,locus,0,1.0,13696,0.832909122935104,0.7351212
19553,HLA-A*02:01,esm2_joint,locus,0,1.0,13696,2.733067964077498,0.24326706
19554,HLA-A*24:02,esm2_joint,locus,0,1.0,13696,2.4595888418037104,0.9699637
19555,HLA-A*02:03,esm2_joint,locus,0,1.0,13696,1.0986122886681098,0.21601725
19556,HLA-A*11:01,esm2_joint,locus,0,1.0,13696,3.765840495250065,0.81601053
19557,HLA-A*74:01,esm2_joint,locus,0,1.0,13696,0.0,0.569477
19563,HLA-A*24:02,esm2_joint,locus,0,1.0,13696,0.5877866649021191,0.34385127
19564,HLA-A*68:01,esm2_joint,locus,0,1.0,13696,0.0,0.8827276
19565,HLA-A*30:02,esm2_joint,locus,0,1.0,13696,0.26236426446749106,0.8281338
19567,HLA-A*02:12,esm2_joint,locus,0,1.0,13696,0.7419373447293773,0.16854912
19568,HLA-A*30:02,esm2_joint,locus,0,1.0,13696,0.33647223662121295,0.6747656
19570,HLA-A*24:07,esm2_joint,locus,0,1.0,13696,0.26236426446749106,0.88632876
19571,HLA-A*26:03,esm2_joint,locus,0,1.0,13696,0.18232155679395465,0.37419063
19572,HLA-A*02:11,esm2_joint,locus,0,1.0,13696,3.58351893845611,0.64591694
19573,HLA-A*02:50,esm2_joint,locus,0,1.0,13696,3.4781584227982836,1.0116999
19574,HLA-A*68:01,esm2_joint,locus,0,1.0,13696,0.33647223662121295,0.6736597
19577,HLA-A*30:02,esm2_joint,locus,0,1.0,13696,1.33500106673234,0.38893253
19579,HLA-A*02:11,esm2_joint,locus,0,1.0,13696,2.6602595372658615,0.3018341
19581,HLA-A*80:01,esm2_joint,locus,0,1.0,13696,0.09531017980432487,0.6091933
19584,HLA-A*02:03,esm2_joint,locus,0,1.0,13696,2.766319109226186,0.22631723
19586,HLA-A*24:03,esm2_joint,locus,0,1.0,13696,0.33647223662121295,0.5141549
19588,HLA-A*24:02,esm2_joint,locus,0,1.0,13696,1.62924053973028,0.25168943
19589,HLA-A*02:11,esm2_joint,locus,0,1.0,13696,2.8094026953624973,0.4706574
19591,HLA-A*29:02,esm2_joint,locus,0,1.0,13696,0.4700036292457355,1.1793635
19593,HLA-A*26:02,esm2_joint,locus,0,1.0,13696,2.970414465569701,0.7561282
19595,HLA-A*02:01,esm2_joint,locus,0,1.0,13696,1.6370530794670737,0.7199712
19597,HLA-A*02:03,esm2_joint,locus,0,1.0,13696,1.547562508716013,0.33093995
19598,HLA-A*80:01,esm2_joint,locus,0,1.0,13696,0.0,0.27876562
19599,HLA-A*03:01,esm2_joint,locus,0,1.0,13696,0.18232155679395465,1.3208835
19600,HLA-A*02:12,esm2_joint,locus,0,1.0,13696,0.6931471805599453,0.4079584
19601,HLA-A*30:01,esm2_joint,locus,0,1.0,13696,0.18232155679395465,0.57993305
19603,HLA-A*29:02,esm2_joint,locus,0,1.0,13696,0.4700036292457355,0.7722293
19604,HLA-A*26:02,esm2_joint,locus,0,1.0,13696,0.33647223662121295,0.26823163
19608,HLA-A*24:07,esm2_joint,locus,0,1.0,13696,1.4586150226995167,0.3480876
19612,HLA-A*24:02,esm2_joint,locus,0,1.0,13696,0.33647223662121295,1.4601505
19614,HLA-A*33:03,esm2_joint,locus,0,1.0,13696,4.2456340097683265,0.7642406
19615,HLA-A*74:01,esm2_joint,locus,0,1.0,13696,3.2108436531709366,1.0995858
19618,HLA-A*26:03,esm2_joint,locus,0,1.0,13696,0.7419373447293773,0.0721032
19620,HLA-A*24:02,esm2_joint,locus,0,1.0,13696,0.33647223662121295,0.9838752
19627,HLA-A*29:02,esm2_joint,locus,0,1.0,13696,0.26236426446749106,0.79134476
19633,HLA-A*30:02,esm2_joint,locus,0,1.0,13696,2.312535423847214,0.7597204
19637,HLA-A*02:03,esm2_joint,locus,0,1.0,13696,3.8649313978942956,0.785906
19638,HLA-A*02:12,esm2_joint,locus,0,1.0,13696,0.8754687373538999,0.7655201
19640,HLA-A*02:50,esm2_joint,locus,0,1.0,13696,2.33214389523559,0.70468855
19641,HLA-A*68:01,esm2_joint,locus,0,1.0,13696,0.0,0.9591493
19642,HLA-A*11:01,esm2_joint,locus,0,1.0,13696,2.2192034840549946,0.659664
19645,HLA-A*24:07,esm2_joint,locus,0,1.0,13696,0.26236426446749106,0.3744226
19648,HLA-A*02:03,esm2_joint,locus,0,1.0,13696,0.5306282510621704,-0.079280436
19654,HLA-A*02:10,esm2_joint,locus,0,1.0,13696,2.9652730660692823,0.602929
19655,HLA-A*68:01,esm2_joint,locus,0,1.0,13696,1.791759469228055,0.5361564
19657,HLA-A*01:01,esm2_joint,locus,0,1.0,13696,0.5128236264286637,0.39046395
19659,HLA-A*32:07,esm2_joint,locus,0,1.0,13696,0.0,0.13123667
19660,HLA-A*32:07,esm2_joint,locus,0,1.0,13696,0.0,0.50614876
19662,HLA-A*26:03,esm2_joint,locus,0,1.0,13696,0.0,0.7645419
19664,HLA-A*32:07,esm2_joint,locus,0,1.0,13696,0.0,0.6185281
19667,HLA-A*33:03,esm2_joint,locus,0,1.0,13696,0.0,0.91662276
19668,HLA-A*11:01,esm2_joint,locus,0,1.0,13696,0.7419373447293773,0.9394537
19672,HLA-A*02:19,esm2_joint,locus,0,1.0,13696,0.0,-0.017817974
19674,HLA-A*66:01,esm2_joint,locus,0,1.0,13696,0.0,0.9877472
19675,HLA-A*26:03,esm2_joint,locus,0,1.0,13696,0.33647223662121295,0.614717
19679,HLA-A*24:19,esm2_joint,locus,0,1.0,13696,0.18232155679395465,1.085289
19680,HLA-A*68:23,esm2_joint,locus,0,1.0,13696,0.0,0.42731196
19681,HLA-A*66:01,esm2_joint,locus,0,1.0,13696,0.8754687373538999,0.538982
19684,HLA-A*02:10,esm2_joint,locus,0,1.0,13696,0.7419373447293773,0.23527628
19687,HLA-A*43:01,esm2_joint,locus,0,1.0,13696,0.18232155679395465,0.98593986
19688,HLA-A*43:01,esm2_joint,locus,0,1.0,13696,0.26236426446749106,1.1537852
19691,HLA-A*32:07,esm2_joint,locus,0,1.0,13696,0.6418538861723948,0.21925616
19695,HLA-A*32:07,esm2_joint,locus,0,1.0,13696,0.0,0.7644299
19699,HLA-A*02:11,esm2_joint,locus,0,1.0,13696,2.2192034840549946,1.0196054
19701,HLA-A*43:01,esm2_joint,locus,0,1.0,13696,0.0,1.127182
19703,HLA-A*66:01,esm2_joint,locus,0,1.0,13696,1.0647107369924282,0.7509189
19706,HLA-A*30:01,esm2_joint,locus,0,1.0,13696,0.0,0.31444806
19711,HLA-A*68:01,esm2_joint,locus,0,1.0,13696,4.535820107853298,0.6601969
19713,HLA-A*25:01,esm2_joint,locus,0,1.0,13696,0.26236426446749106,0.12932956
19714,HLA-A*26:02,esm2_joint,locus,0,1.0,13696,0.0,0.46411997
19718,HLA-A*02:16,esm2_joint,locus,0,1.0,13696,2.8390784635086144,1.1250595
19722,HLA-A*66:01,esm2_joint,locus,0,1.0,13696,0.26236426446749106,0.874579
19726,HLA-A*30:01,esm2_joint,locus,0,1.0,13696,0.0,0.5051617
19729,HLA-A*68:01,esm2_joint,locus,0,1.0,13696,0.0,0.38994598
19734,HLA-A*24:02,esm2_joint,locus,0,1.0,13696,0.09531017980432487,0.49702346
19736,HLA-A*02:10,esm2_joint,locus,0,1.0,13696,3.1135153092103742,0.55016035
19737,HLA-A*02:19,esm2_joint,locus,0,1.0,13696,0.26236426446749106,0.19007707
19738,HLA-A*02:19,esm2_joint,locus,0,1.0,13696,2.5494451709255714,-0.021514595
19742,HLA-A*02:10,esm2_joint,locus,0,1.0,13696,0.4054651081081644,0.16121995
19743,HLA-A*02:19,esm2_joint,locus,0,1.0,13696,0.5877866649021191,0.93637514
19745,HLA-A*32:07,esm2_joint,locus,0,1.0,13696,0.4054651081081644,0.86692643
19746,HLA-A*26:03,esm2_joint,locus,0,1.0,13696,2.4423470353692043,0.1940561
19748,HLA-A*02:19,esm2_joint,locus,0,1.0,13696,3.414442608412176,1.0418494
19749,HLA-A*33:03,esm2_joint,locus,0,1.0,13696,2.0541237336955462,0.6247499
19751,HLA-A*24:19,esm2_joint,locus,0,1.0,13696,0.8754687373538999,0.84177697
19752,HLA-A*33:03,esm2_joint,locus,0,1.0,13696,0.0,0.46569836
19756,HLA-A*24:02,esm2_joint,locus,0,1.0,13696,0.4054651081081644,0.4332512
19757,HLA-A*02:10,esm2_joint,locus,0,1.0,13696,1.4586150226995167,0.45923573
19771,HLA-A*02:12,esm2_joint,locus,0,1.0,13696,3.3978584803966405,-0.017486632
19774,HLA-A*23:01,esm2_joint,locus,0,1.0,13696,0.4700036292457355,0.7531197
19776,HLA-A*02:12,esm2_joint,locus,0,1.0,13696,1.0296194171811583,0.23634171
19777,HLA-A*33:03,esm2_joint,locus,0,1.0,13696,0.33647223662121295,0.59621626
19779,HLA-A*66:01,esm2_joint,locus,0,1.0,13696,1.9315214116032138,0.95642316
19780,HLA-A*02:10,esm2_joint,locus,0,1.0,13696,0.0,0.9325254
19781,HLA-A*30:02,esm2_joint,locus,0,1.0,13696,0.33647223662121295,0.4676035
19782,HLA-A*26:02,esm2_joint,locus,0,1.0,13696,0.26236426446749106,0.31581867
19783,HLA-A*66:01,esm2_joint,locus,0,1.0,13696,0.0,0.8884634
19784,HLA-A*66:01,esm2_joint,locus,0,1.0,13696,1.1939224684724346,0.90769875
19785,HLA-A*26:03,esm2_joint,locus,0,1.0,13696,0.9932517730102833,0.2877565
19788,HLA-A*02:11,esm2_joint,locus,0,1.0,13696,2.6946271807700692,0.37791902
19789,HLA-A*30:01,esm2_joint,locus,0,1.0,13696,2.3513752571634776,1.1098132
19790,HLA-A*33:03,esm2_joint,locus,0,1.0,13696,1.1631508098056809,0.517203
19791,HLA-A*11:01,esm2_joint,locus,0,1.0,13696,4.147885329150131,1.1624448
19793,HLA-A*30:02,esm2_joint,locus,0,1.0,13696,0.18232155679395465,0.6875621
19795,HLA-A*26:03,esm2_joint,locus,0,1.0,13696,0.0,0.34529155
19797,HLA-A*33:03,esm2_joint,locus,0,1.0,13696,0.0,1.1303277
19800,HLA-A*68:23,esm2_joint,locus,0,1.0,13696,0.33647223662121295,0.6072104
19801,HLA-A*02:16,esm2_joint,locus,0,1.0,13696,3.3068867021909143,0.10860968
19802,HLA-A*68:01,esm2_joint,locus,0,1.0,13696,0.4054651081081644,1.3655579
19803,HLA-A*25:01,esm2_joint,locus,0,1.0,13696,0.9555114450274363,0.8888667
19807,HLA-A*02:03,esm2_joint,locus,0,1.0,13696,1.2237754316221157,0.19179112
19808,HLA-A*74:01,esm2_joint,locus,0,1.0,13696,0.0,1.1518463
19811,HLA-A*31:01,esm2_joint,locus,0,1.0,13696,0.5306282510621704,0.9448609
19812,HLA-A*11:01,esm2_joint,locus,0,1.0,13696,0.0,0.46261436
19815,HLA-A*29:02,esm2_joint,locus,0,1.0,13696,0.5306282510621704,1.0185167
19816,HLA-A*24:03,esm2_joint,locus,0,1.0,13696,0.4054651081081644,0.48514694
19822,HLA-A*25:01,esm2_joint,locus,0,1.0,13696,0.6418538861723948,0.73551345
19824,HLA-A*03:01,esm2_joint,locus,0,1.0,13696,0.0,0.9662998
19825,HLA-A*02:10,esm2_joint,locus,0,1.0,13696,0.9932517730102833,0.26892507
19829,HLA-A*66:01,esm2_joint,locus,0,1.0,13696,0.26236426446749106,0.6422676
19830,HLA-A*66:01,esm2_joint,locus,0,1.0,13696,0.26236426446749106,0.6749669
19832,HLA-A*02:01,esm2_joint,locus,0,1.0,13696,1.9600947840472698,0.1560778
19833,HLA-A*03:01,esm2_joint,locus,0,1.0,13696,0.4054651081081644,1.285034
19835,HLA-A*74:01,esm2_joint,locus,0,1.0,13696,3.4873750779032076,0.62704754
19836,HLA-A*66:01,esm2_joint,locus,0,1.0,13696,0.26236426446749106,0.6147984
19841,HLA-A*26:02,esm2_joint,locus,0,1.0,13696,0.18232155679395465,0.63026154
19842,HLA-A*68:23,esm2_joint,locus,0,1.0,13696,0.6418538861723948,1.0565852
19843,HLA-A*68:23,esm2_joint,locus,0,1.0,13696,3.288401887516811,0.54604936
19846,HLA-A*24:19,esm2_joint,locus,0,1.0,13696,0.33647223662121295,0.9508907
19847,HLA-A*26:03,esm2_joint,locus,0,1.0,13696,0.832909122935104,0.7044078
19851,HLA-A*02:50,esm2_joint,locus,0,1.0,13696,1.0986122886681098,0.17745692
19852,HLA-A*02:16,esm2_joint,locus,0,1.0,13696,3.0204248861443626,0.30589825
19853,HLA-A*68:01,esm2_joint,locus,0,1.0,13696,0.6931471805599453,0.7799805
19856,HLA-A*24:07,esm2_joint,locus,0,1.0,13696,0.18232155679395465,0.10534507
19857,HLA-A*01:01,esm2_joint,locus,0,1.0,13696,3.1161784266298582,0.82969916
19862,HLA-A*30:02,esm2_joint,locus,0,1.0,13696,0.18232155679395465,0.62291247
19863,HLA-A*80:01,esm2_joint,locus,0,1.0,13696,0.18232155679395465,0.9127908
19865,HLA-A*25:01,esm2_joint,locus,0,1.0,13696,0.33647223662121295,0.6709713
19866,HLA-A*68:23,esm2_joint,locus,0,1.0,13696,0.5306282510621704,0.30674922
19867,HLA-A*66:01,esm2_joint,locus,0,1.0,13696,0.0,0.7448845
19869,HLA-A*02:12,esm2_joint,locus,0,1.0,13696,2.1972245773362196,0.58985615
19870,HLA-A*02:19,esm2_joint,locus,0,1.0,13696,1.308332819650179,0.030000865
19871,HLA-A*31:01,esm2_joint,locus,0,1.0,13696,1.252762968495368,1.0162349
19876,HLA-A*02:01,esm2_joint,locus,0,1.0,13696,2.028148247292285,-0.23301798
19877,HLA-A*74:01,esm2_joint,locus,0,1.0,13696,0.0,1.1160915
19880,HLA-A*29:02,esm2_joint,locus,0,1.0,13696,2.3978952727983707,1.0865027
19882,HLA-A*02:16,esm2_joint,locus,0,1.0,13696,0.9932517730102833,0.53362775
19889,HLA-A*43:01,esm2_joint,locus,0,1.0,13696,1.7227665977411035,0.605111
19891,HLA-A*68:23,esm2_joint,locus,0,1.0,13696,0.4700036292457355,0.7628344
19899,HLA-A*69:01,esm2_joint,locus,0,1.0,13696,0.26236426446749106,0.5237341
19900,HLA-A*32:07,esm2_joint,locus,0,1.0,13696,3.7954891891721947,1.1180775
19902,HLA-A*03:01,esm2_joint,locus,0,1.0,13696,0.0,1.1658348
19907,HLA-A*23:01,esm2_joint,locus,0,1.0,13696,2.7343675094195836,0.7960703
19908,HLA-A*24:03,esm2_joint,locus,0,1.0,13696,0.4054651081081644,0.099173725
19909,HLA-A*24:02,esm2_joint,locus,0,1.0,13696,0.26236426446749106,0.59024715
19912,HLA-A*80:01,esm2_joint,locus,0,1.0,13696,0.0,0.37601322
19915,HLA-A*68:01,esm2_joint,locus,0,1.0,13696,0.7884573603642702,0.44821227
19917,HLA-A*02:10,esm2_joint,locus,0,1.0,13696,0.09531017980432487,0.53407115
19918,HLA-A*02:11,esm2_joint,locus,0,1.0,13696,0.9932517730102833,1.0132731
19924,HLA-A*80:01,esm2_joint,locus,0,1.0,13696,0.0,0.6081878
19925,HLA-A*32:07,esm2_joint,locus,0,1.0,13696,0.6931471805599453,1.0604784
19926,HLA-A*24:19,esm2_joint,locus,0,1.0,13696,0.4054651081081644,1.0193068
19927,HLA-A*66:01,esm2_joint,locus,0,1.0,13696,0.0,0.68549967
19929,HLA-A*02:10,esm2_joint,locus,0,1.0,13696,1.5260563034950494,0.49004593
19930,HLA-A*74:01,esm2_joint,locus,0,1.0,13696,1.2237754316221157,0.6873603
19932,HLA-A*30:02,esm2_joint,locus,0,1.0,13696,0.4054651081081644,0.583981
19933,HLA-A*43:01,esm2_joint,locus,0,1.0,13696,0.5877866649021191,1.3958231
19935,HLA-A*68:23,esm2_joint,locus,0,1.0,13696,1.1314021114911006,1.0133123
19941,HLA-A*29:02,esm2_joint,locus,0,1.0,13696,3.5085558999826545,0.8347854
19942,HLA-A*30:02,esm2_joint,locus,0,1.0,13696,0.33647223662121295,1.1858308
19945,HLA-A*03:01,esm2_joint,locus,0,1.0,13696,3.7932394694381792,1.0019602
19947,HLA-A*30:02,esm2_joint,locus,0,1.0,13696,0.4054651081081644,0.52794135
19948,HLA-A*68:23,esm2_joint,locus,0,1.0,13696,0.4054651081081644,0.73313165
19951,HLA-A*02:50,esm2_joint,locus,0,1.0,13696,0.7419373447293773,0.018208444
19952,HLA-A*68:01,esm2_joint,locus,0,1.0,13696,0.6931471805599453,0.8761304
19959,HLA-A*43:01,esm2_joint,locus,0,1.0,13696,2.5494451709255714,0.8987175
19960,HLA-A*24:19,esm2_joint,locus,0,1.0,13696,0.0,0.49718702
19966,HLA-A*30:02,esm2_joint,locus,0,1.0,13696,1.9315214116032138,0.48894364
19968,HLA-A*74:01,esm2_joint,locus,0,1.0,13696,0.4054651081081644,0.84028125
19970,HLA-A*24:07,esm2_joint,locus,0,1.0,13696,0.6418538861723948,0.61741394
19971,HLA-A*02:16,esm2_joint,locus,0,1.0,13696,3.7232808808312687,0.9779521
19972,HLA-A*68:01,esm2_joint,locus,0,1.0,13696,0.33647223662121295,0.73263574
19973,HLA-A*26:03,esm2_joint,locus,0,1.0,13696,0.18232155679395465,0.6168433
19974,HLA-A*02:16,esm2_joint,locus,0,1.0,13696,2.0412203288596382,1.1774666
19976,HLA-A*68:23,esm2_joint,locus,0,1.0,13696,0.832909122935104,0.76699805
19977,HLA-A*66:01,esm2_joint,locus,0,1.0,13696,1.2809338454620642,1.038543
19980,HLA-A*02:11,esm2_joint,locus,0,1.0,13696,1.7047480922384253,0.13289171
19986,HLA-A*43:01,esm2_joint,locus,0,1.0,13696,0.0,0.70636475
19988,HLA-A*33:03,esm2_joint,locus,0,1.0,13696,0.8754687373538999,0.6576613
19990,HLA-A*24:19,esm2_joint,locus,0,1.0,13696,0.26236426446749106,1.1562891
19992,HLA-A*02:16,esm2_joint,locus,0,1.0,13696,2.1972245773362196,0.29375392
19993,HLA-A*11:01,esm2_joint,locus,0,1.0,13696,2.1633230256605382,1.1085635
19995,HLA-A*29:02,esm2_joint,locus,0,1.0,13696,1.0647107369924282,1.3612486
19996,HLA-A*30:02,esm2_joint,locus,0,1.0,13696,0.18232155679395465,0.83761
19999,HLA-A*26:03,esm2_joint,locus,0,1.0,13696,0.26236426446749106,0.11166507
20002,HLA-A*02:10,esm2_joint,locus,0,1.0,13696,0.33647223662121295,0.34187585
20003,HLA-A*02:50,esm2_joint,locus,0,1.0,13696,1.8718021769015913,0.04856211
20004,HLA-A*80:01,esm2_joint,locus,0,1.0,13696,0.832909122935104,0.93486625
20008,HLA-A*29:02,esm2_joint,locus,0,1.0,13696,0.5306282510621704,1.0641519
20009,HLA-A*68:01,esm2_joint,locus,0,1.0,13696,0.9555114450274363,1.0093377
20017,HLA-A*23:01,esm2_joint,locus,0,1.0,13696,0.26236426446749106,0.93983656
20022,HLA-A*68:23,esm2_joint,locus,0,1.0,13696,1.2809338454620642,0.6976407
20023,HLA-A*02:12,esm2_joint,locus,0,1.0,13696,2.3513752571634776,0.41504496
20026,HLA-A*26:02,esm2_joint,locus,0,1.0,13696,1.1314021114911006,0.3638087
20027,HLA-A*24:19,esm2_joint,locus,0,1.0,13696,0.0,0.6315759
20029,HLA-A*24:03,esm2_joint,locus,0,1.0,13696,0.26236426446749106,0.33680654
20034,HLA-A*25:01,esm2_joint,locus,0,1.0,13696,0.18232155679395465,0.73337597
20039,HLA-A*24:02,esm2_joint,locus,0,1.0,13696,0.18232155679395465,0.11602211
20046,HLA-A*02:01,esm2_joint,locus,0,1.0,13696,0.712949807856125,-0.11127156
20048,HLA-A*23:01,esm2_joint,locus,0,1.0,13696,2.4423470353692043,0.668308
20049,HLA-A*02:01,esm2_joint,locus,0,1.0,13696,3.6027767550605247,0.19046539
20050,HLA-A*30:01,esm2_joint,locus,0,1.0,13696,0.0,0.73659676
20053,HLA-A*29:02,esm2_joint,locus,0,1.0,13696,2.760009940032921,0.9108586
20054,HLA-A*66:01,esm2_joint,locus,0,1.0,13696,0.0,0.86948055
20056,HLA-A*30:01,esm2_joint,locus,0,1.0,13696,0.09531017980432487,0.6748785
20058,HLA-A*30:01,esm2_joint,locus,0,1.0,13696,0.0,0.9357426
20059,HLA-A*68:01,esm2_joint,locus,0,1.0,13696,0.33647223662121295,0.9878932
20064,HLA-A*02:03,esm2_joint,locus,0,1.0,13696,0.5306282510621704,0.5330257
20065,HLA-A*11:01,esm2_joint,locus,0,1.0,13696,3.8732821771117156,0.7864907
20066,HLA-A*29:02,esm2_joint,locus,0,1.0,13696,0.7884573603642702,1.0439314
20068,HLA-A*02:10,esm2_joint,locus,0,1.0,13696,0.7419373447293773,-0.099206746
20069,HLA-A*02:12,esm2_joint,locus,0,1.0,13696,2.667228206581955,0.54115427
20070,HLA-A*68:01,esm2_joint,locus,0,1.0,13696,1.1631508098056809,0.24913025
20072,HLA-A*30:02,esm2_joint,locus,0,1.0,13696,1.0986122886681098,0.7219118
20075,HLA-A*43:01,esm2_joint,locus,0,1.0,13696,0.0,0.6053955
20076,HLA-A*29:02,esm2_joint,locus,0,1.0,13696,1.824549292051046,0.7977111
20082,HLA-A*66:01,esm2_joint,locus,0,1.0,13696,1.5260563034950494,0.76514053
20083,HLA-A*24:07,esm2_joint,locus,0,1.0,13696,1.8082887711792655,0.65292096
20084,HLA-A*66:01,esm2_joint,locus,0,1.0,13696,0.33647223662121295,0.5661628
20086,HLA-A*02:12,esm2_joint,locus,0,1.0,13696,0.6418538861723948,0.3192404
20088,HLA-A*02:50,esm2_joint,locus,0,1.0,13696,2.580216829592325,0.75835574
20089,HLA-A*32:07,esm2_joint,locus,0,1.0,13696,0.5877866649021191,1.3039243
20090,HLA-A*02:19,esm2_joint,locus,0,1.0,13696,2.9338568698359038,0.7321532
20091,HLA-A*33:03,esm2_joint,locus,0,1.0,13696,0.26236426446749106,0.6558902
20095,HLA-A*23:01,esm2_joint,locus,0,1.0,13696,3.4531571205928664,0.75500154
20099,HLA-A*29:02,esm2_joint,locus,0,1.0,13696,1.824549292051046,1.1745232
20103,HLA-A*30:01,esm2_joint,locus,0,1.0,13696,0.4700036292457355,0.37613112
20106,HLA-A*29:02,esm2_joint,locus,0,1.0,13696,0.33647223662121295,1.0024694
20108,HLA-A*24:02,esm2_joint,locus,0,1.0,13696,0.18232155679395465,0.8580184
20109,HLA-A*31:01,esm2_joint,locus,0,1.0,13696,3.2809112157876537,1.4472767
20112,HLA-A*02:12,esm2_joint,locus,0,1.0,13696,1.3609765531356006,0.10316461
20113,HLA-A*33:03,esm2_joint,locus,0,1.0,13696,4.192680462942962,0.51893514
20114,HLA-A*33:03,esm2_joint,locus,0,1.0,13696,2.272125885509337,0.6032398
20118,HLA-A*24:19,esm2_joint,locus,0,1.0,13696,0.26236426446749106,0.8821647
20125,HLA-A*24:02,esm2_joint,locus,0,1.0,13696,0.6931471805599453,0.9601312
20126,HLA-A*02:11,esm2_joint,locus,0,1.0,13696,1.7578579175523736,0.3440159
20128,HLA-A*24:19,esm2_joint,locus,0,1.0,13696,0.0,0.5360165
20129,HLA-A*25:01,esm2_joint,locus,0,1.0,13696,0.09531017980432487,0.65315056
20130,HLA-A*33:03,esm2_joint,locus,0,1.0,13696,1.7404661748405046,0.64814067
20131,HLA-A*74:01,esm2_joint,locus,0,1.0,13696,0.6418538861723948,1.0902758
20132,HLA-A*43:01,esm2_joint,locus,0,1.0,13696,0.4054651081081644,1.0452402
20135,HLA-A*02:11,esm2_joint,locus,0,1.0,13696,1.1939224684724346,0.5771179
20138,HLA-A*23:01,esm2_joint,locus,0,1.0,13696,2.7212954278522306,-0.14696723
20140,HLA-A*03:01,esm2_joint,locus,0,1.0,13696,0.0,0.8327552
20142,HLA-A*02:03,esm2_joint,locus,0,1.0,13696,1.6863989535702288,0.35204715
20143,HLA-A*02:19,esm2_joint,locus,0,1.0,13696,2.8507065015037334,0.4590506
20144,HLA-A*23:01,esm2_joint,locus,0,1.0,13696,3.1945831322991562,0.67051435
20145,HLA-A*23:01,esm2_joint,locus,0,1.0,13696,3.265759410767051,0.6644626
20146,HLA-A*24:03,esm2_joint,locus,0,1.0,13696,2.501435951739211,0.4444322
20147,HLA-A*24:07,esm2_joint,locus,0,1.0,13696,0.6931471805599453,1.5136938
20148,HLA-A*02:11,esm2_joint,locus,0,1.0,13696,2.2407096892759584,0.44216114
20149,HLA-A*02:11,esm2_joint,locus,0,1.0,13696,0.0,0.14818197
20150,HLA-A*31:01,esm2_joint,locus,0,1.0,13696,0.18232155679395465,0.6872715
20151,HLA-A*68:01,esm2_joint,locus,0,1.0,13696,1.1314021114911006,0.5543417
20152,HLA-A*74:01,esm2_joint,locus,0,1.0,13696,0.0,0.57251954
20153,HLA-A*32:07,esm2_joint,locus,0,1.0,13696,2.6461747973841225,0.8900907
20157,HLA-A*02:11,esm2_joint,locus,0,1.0,13696,3.1441522786722644,1.0086268
20158,HLA-A*11:01,esm2_joint,locus,0,1.0,13696,0.0,0.8766122
20159,HLA-A*30:01,esm2_joint,locus,0,1.0,13696,1.9315214116032138,0.65053046
20161,HLA-A*30:02,esm2_joint,locus,0,1.0,13696,0.33647223662121295,0.46516615
20165,HLA-A*68:01,esm2_joint,locus,0,1.0,13696,1.2383742310432684,0.72039634
20167,HLA-A*25:01,esm2_joint,locus,0,1.0,13696,0.5306282510621704,-0.008245647
20168,HLA-A*25:01,esm2_joint,locus,0,1.0,13696,0.4054651081081644,0.50724566
20170,HLA-A*32:07,esm2_joint,locus,0,1.0,13696,1.7749523509116738,0.9248401
20175,HLA-A*24:07,esm2_joint,locus,0,1.0,13696,0.9932517730102833,0.4063806
20177,HLA-A*68:02,esm2_joint,locus,0,1.0,13696,0.6931471805599453,0.34534848
20179,HLA-A*23:01,esm2_joint,locus,0,1.0,13696,2.1400661634962708,0.6188072
20190,HLA-A*02:16,esm2_joint,locus,0,1.0,13696,1.7749523509116738,0.2826659
20191,HLA-A*24:03,esm2_joint,locus,0,1.0,13696,1.0647107369924282,0.77745974
20202,HLA-A*02:10,esm2_joint,locus,0,1.0,13696,1.1631508098056809,0.5936235
20203,HLA-A*68:01,esm2_joint,locus,0,1.0,13696,0.0,0.9171059
20204,HLA-A*74:01,esm2_joint,locus,0,1.0,13696,0.4700036292457355,0.43672407
20208,HLA-A*30:01,esm2_joint,locus,0,1.0,13696,1.589235205116581,0.35718262
20211,HLA-A*02:19,esm2_joint,locus,0,1.0,13696,2.3608540011180215,0.570989
20214,HLA-A*24:02,esm2_joint,locus,0,1.0,13696,0.18232155679395465,0.4672166
20216,HLA-A*02:16,esm2_joint,locus,0,1.0,13696,2.4932054526026954,-0.099007905
20218,HLA-A*02:10,esm2_joint,locus,0,1.0,13696,0.7884573603642702,0.43373
20222,HLA-A*30:02,esm2_joint,locus,0,1.0,13696,2.7212954278522306,0.79295856
20223,HLA-A*66:01,esm2_joint,locus,0,1.0,13696,0.0,0.44611204
20224,HLA-A*03:01,esm2_joint,locus,0,1.0,13696,0.0,1.3856065
20226,HLA-A*80:01,esm2_joint,locus,0,1.0,13696,0.18232155679395465,0.88434327
20230,HLA-A*24:07,esm2_joint,locus,0,1.0,13696,0.18232155679395465,0.5506055
20234,HLA-A*02:50,esm2_joint,locus,0,1.0,13696,1.2237754316221157,0.27772743
20238,HLA-A*74:01,esm2_joint,locus,0,1.0,13696,1.8870696490323797,1.0876783
20239,HLA-A*23:01,esm2_joint,locus,0,1.0,13696,3.169685580677429,0.5036867
20241,HLA-A*24:19,esm2_joint,locus,0,1.0,13696,0.18232155679395465,0.3036816
20242,HLA-A*03:01,esm2_joint,locus,0,1.0,13696,0.4054651081081644,1.1088061
20243,HLA-A*02:50,esm2_joint,locus,0,1.0,13696,0.5306282510621704,0.44383562
20244,HLA-A*02:16,esm2_joint,locus,0,1.0,13696,2.517696472610991,0.5993842
20245,HLA-A*30:02,esm2_joint,locus,0,1.0,13696,0.9162907318741551,1.3534418
20246,HLA-A*32:01,esm2_joint,locus,0,1.0,13696,0.26236426446749106,0.3367923
20247,HLA-A*03:01,esm2_joint,locus,0,1.0,13696,1.3609765531356006,1.069387
20249,HLA-A*24:19,esm2_joint,locus,0,1.0,13696,1.7404661748405046,1.045291
20250,HLA-A*26:02,esm2_joint,locus,0,1.0,13696,0.5306282510621704,0.12968475
20251,HLA-A*02:12,esm2_joint,locus,0,1.0,13696,0.9932517730102833,0.11542624
20252,HLA-A*33:03,esm2_joint,locus,0,1.0,13696,0.0,0.8220402
20257,HLA-A*24:19,esm2_joint,locus,0,1.0,13696,0.09531017980432487,0.43375456
20259,HLA-A*02:16,esm2_joint,locus,0,1.0,13696,3.2347491740244907,0.47607636
20260,HLA-A*33:03,esm2_joint,locus,0,1.0,13696,0.0,0.57373285
20261,HLA-A*68:01,esm2_joint,locus,0,1.0,13696,2.2925347571405443,0.70941985
20262,HLA-A*43:01,esm2_joint,locus,0,1.0,13696,0.0,0.81891644
20265,HLA-A*02:01,esm2_joint,locus,0,1.0,13696,2.468099531471619,0.27590734
20266,HLA-A*68:01,esm2_joint,locus,0,1.0,13696,0.0,0.76237285
20267,HLA-A*74:01,esm2_joint,locus,0,1.0,13696,3.0349529867072724,0.5274573
20269,HLA-A*43:01,esm2_joint,locus,0,1.0,13696,1.252762968495368,1.1055102
20270,HLA-A*24:19,esm2_joint,locus,0,1.0,13696,0.18232155679395465,0.38014156
20273,HLA-A*68:01,esm2_joint,locus,0,1.0,13696,0.0,0.8286687
20275,HLA-A*24:07,esm2_joint,locus,0,1.0,13696,0.26236426446749106,1.1351545
20280,HLA-A*26:02,esm2_joint,locus,0,1.0,13696,3.901972669574645,0.14521152
20283,HLA-A*02:12,esm2_joint,locus,0,1.0,13696,0.0,0.4812152
20284,HLA-A*30:01,esm2_joint,locus,0,1.0,13696,0.26236426446749106,1.1770989
20285,HLA-A*11:01,esm2_joint,locus,0,1.0,13696,2.6461747973841225,0.9602546
20286,HLA-A*74:01,esm2_joint,locus,0,1.0,13696,0.26236426446749106,0.693728
20290,HLA-A*68:23,esm2_joint,locus,0,1.0,13696,0.33647223662121295,0.7943519
20292,HLA-A*24:02,esm2_joint,locus,0,1.0,13696,2.760009940032921,0.69402283
20296,HLA-A*26:02,esm2_joint,locus,0,1.0,13696,0.832909122935104,0.3572756
20297,HLA-A*02:11,esm2_joint,locus,0,1.0,13696,2.631888840136646,0.43717873
20298,HLA-A*02:16,esm2_joint,locus,0,1.0,13696,2.151762203259462,0.14059335
20299,HLA-A*68:01,esm2_joint,locus,0,1.0,13696,0.832909122935104,0.6707648
20302,HLA-A*29:02,esm2_joint,locus,0,1.0,13696,0.6418538861723948,1.1349938
20303,HLA-A*26:02,esm2_joint,locus,0,1.0,13696,0.26236426446749106,0.5949428
20304,HLA-A*80:01,esm2_joint,locus,0,1.0,13696,0.0,1.1805216
20305,HLA-A*32:07,esm2_joint,locus,0,1.0,13696,0.0,0.8012347
20308,HLA-A*24:19,esm2_joint,locus,0,1.0,13696,0.5877866649021191,1.0963321
20309,HLA-A*68:23,esm2_joint,locus,0,1.0,13696,0.5877866649021191,0.58355844
20311,HLA-A*66:01,esm2_joint,locus,0,1.0,13696,0.0,0.5450202
20314,HLA-A*23:01,esm2_joint,locus,0,1.0,13696,2.9856819377004897,0.13215953
20315,HLA-A*32:07,esm2_joint,locus,0,1.0,13696,0.0,0.6021452
20318,HLA-A*26:02,esm2_joint,locus,0,1.0,13696,0.4700036292457355,0.42348695
20319,HLA-A*68:23,esm2_joint,locus,0,1.0,13696,0.0,0.5133072
20322,HLA-A*02:19,esm2_joint,locus,0,1.0,13696,2.8791984572980396,0.85767955
20326,HLA-A*31:01,esm2_joint,locus,0,1.0,13696,3.2228678461377385,1.3296595
20327,HLA-A*23:01,esm2_joint,locus,0,1.0,13696,1.252762968495368,1.016889
20328,HLA-A*23:01,esm2_joint,locus,0,1.0,13696,3.768152635008444,1.2867885
20329,HLA-A*25:01,esm2_joint,locus,0,1.0,13696,1.0296194171811583,0.46778727
20330,HLA-A*66:01,esm2_joint,locus,0,1.0,13696,0.26236426446749106,0.9929985
20333,HLA-A*30:01,esm2_joint,locus,0,1.0,13696,3.572345637857985,0.70188564
20338,HLA-A*24:02,esm2_joint,locus,0,1.0,13696,1.62924053973028,0.5044837
20339,HLA-A*02:10,esm2_joint,locus,0,1.0,13696,1.0647107369924282,0.4000138
20340,HLA-A*33:03,esm2_joint,locus,0,1.0,13696,2.5877640352277083,1.0691869
20342,HLA-A*30:02,esm2_joint,locus,0,1.0,13696,0.09531017980432487,0.2899598
20343,HLA-A*80:01,esm2_joint,locus,0,1.0,13696,0.5877866649021191,1.1395552
20344,HLA-A*23:01,esm2_joint,locus,0,1.0,13696,1.8562979903656263,0.68258077
20346,HLA-A*66:01,esm2_joint,locus,0,1.0,13696,0.09531017980432487,0.7225616
20348,HLA-A*33:03,esm2_joint,locus,0,1.0,13696,2.803360380906535,0.6333786
20350,HLA-A*68:23,esm2_joint,locus,0,1.0,13696,0.18232155679395465,0.50119543
20354,HLA-A*23:01,esm2_joint,locus,0,1.0,13696,0.7884573603642702,0.8773106
20356,HLA-A*26:02,esm2_joint,locus,0,1.0,13696,0.4054651081081644,0.8189091
20357,HLA-A*68:23,esm2_joint,locus,0,1.0,13696,0.4054651081081644,1.1281395
20358,HLA-A*02:10,esm2_joint,locus,0,1.0,13696,0.5877866649021191,0.6839103
20359,HLA-A*02:50,esm2_joint,locus,0,1.0,13696,0.5877866649021191,-0.031353414
20362,HLA-A*68:23,esm2_joint,locus,0,1.0,13696,0.26236426446749106,0.6636582
20365,HLA-A*30:02,esm2_joint,locus,0,1.0,13696,0.5306282510621704,0.63136274
20366,HLA-A*32:07,esm2_joint,locus,0,1.0,13696,0.0,-0.25012964
20373,HLA-A*24:03,esm2_joint,locus,0,1.0,13696,3.6270040503958487,0.5754869
20375,HLA-A*24:19,esm2_joint,locus,0,1.0,13696,0.0,0.43697852
20376,HLA-A*26:02,esm2_joint,locus,0,1.0,13696,3.126760535960395,0.94336975
20378,HLA-A*02:01,esm2_joint,locus,0,1.0,13696,3.4011973816621555,0.40235823
20379,HLA-A*02:12,esm2_joint,locus,0,1.0,13696,1.7404661748405046,0.8701973
20381,HLA-A*24:07,esm2_joint,locus,0,1.0,13696,0.5306282510621704,1.0517962
20383,HLA-A*33:03,esm2_joint,locus,0,1.0,13696,0.0,1.3875453
20385,HLA-A*29:02,esm2_joint,locus,0,1.0,13696,2.4336133554004498,1.0264413
20386,HLA-A*23:01,esm2_joint,locus,0,1.0,13696,3.5115454388310208,0.8940202
20390,HLA-A*02:10,esm2_joint,locus,0,1.0,13696,3.3638415951183864,0.83173597
20391,HLA-A*02:16,esm2_joint,locus,0,1.0,13696,0.6418538861723948,0.4287519
20392,HLA-A*33:03,esm2_joint,locus,0,1.0,13696,2.468099531471619,0.94360065
20393,HLA-A*43:01,esm2_joint,locus,0,1.0,13696,0.33647223662121295,1.0764726
20394,HLA-A*29:02,esm2_joint,locus,0,1.0,13696,1.62924053973028,0.55325323
20396,HLA-A*02:16,esm2_joint,locus,0,1.0,13696,2.4336133554004498,0.22258401
20397,HLA-A*02:19,esm2_joint,locus,0,1.0,13696,1.5040773967762742,-0.038969576
20398,HLA-A*68:01,esm2_joint,locus,0,1.0,13696,3.4688560301359703,0.9659362
20401,HLA-A*31:01,esm2_joint,locus,0,1.0,13696,0.8754687373538999,0.7133237
20404,HLA-A*02:10,esm2_joint,locus,0,1.0,13696,0.09531017980432487,0.11807817
20405,HLA-A*02:19,esm2_joint,locus,0,1.0,13696,2.341805806147327,0.48005098
20406,HLA-A*33:03,esm2_joint,locus,0,1.0,13696,0.0,1.0784132
20408,HLA-A*66:01,esm2_joint,locus,0,1.0,13696,0.33647223662121295,0.7449793
20409,HLA-A*26:03,esm2_joint,locus,0,1.0,13696,1.6094379124341003,0.22852248
20412,HLA-A*02:03,esm2_joint,locus,0,1.0,13696,3.6054978451748854,0.32040018
20413,HLA-A*02:11,esm2_joint,locus,0,1.0,13696,2.2925347571405443,0.27040088
20415,HLA-A*74:01,esm2_joint,locus,0,1.0,13696,5.217649463480582,1.0963405
20417,HLA-A*80:01,esm2_joint,locus,0,1.0,13696,0.0,1.2790283
20420,HLA-A*31:01,esm2_joint,locus,0,1.0,13696,0.8754687373538999,0.93140954
20421,HLA-A*02:16,esm2_joint,locus,0,1.0,13696,3.5085558999826545,0.4591695
20426,HLA-A*80:01,esm2_joint,locus,0,1.0,13696,0.5877866649021191,1.3250865
20427,HLA-A*02:01,esm2_joint,locus,0,1.0,13696,1.252762968495368,0.21558744
20428,HLA-A*02:11,esm2_joint,locus,0,1.0,13696,1.8562979903656263,0.62600327
20433,HLA-A*02:03,esm2_joint,locus,0,1.0,13696,1.0647107369924282,0.33823103
20434,HLA-A*02:12,esm2_joint,locus,0,1.0,13696,3.3105430133940246,0.060862362
20436,HLA-A*26:03,esm2_joint,locus,0,1.0,13696,0.26236426446749106,0.5569138
20437,HLA-A*02:01,esm2_joint,locus,0,1.0,13696,1.0647107369924282,0.00066018105
20438,HLA-A*02:16,esm2_joint,locus,0,1.0,13696,3.3068867021909143,0.36155587
20439,HLA-A*03:01,esm2_joint,locus,0,1.0,13696,0.832909122935104,0.69388604
20441,HLA-A*31:01,esm2_joint,locus,0,1.0,13696,0.33647223662121295,0.55877817
20442,HLA-A*74:01,esm2_joint,locus,0,1.0,13696,2.5649493574615367,0.8716452
20443,HLA-A*29:02,esm2_joint,locus,0,1.0,13696,1.0986122886681098,1.4506758
20444,HLA-A*33:03,esm2_joint,locus,0,1.0,13696,2.4849066497880004,0.4124176
20448,HLA-A*24:07,esm2_joint,locus,0,1.0,13696,1.7404661748405046,0.776261
20450,HLA-A*02:16,esm2_joint,locus,0,1.0,13696,2.747270914255491,0.79682696
20451,HLA-A*74:01,esm2_joint,locus,0,1.0,13696,0.33647223662121295,1.0080242
20453,HLA-A*30:02,esm2_joint,locus,0,1.0,13696,1.0986122886681098,0.68286264
20454,HLA-A*32:07,esm2_joint,locus,0,1.0,13696,1.4586150226995167,0.9253621
20457,HLA-A*24:02,esm2_joint,locus,0,1.0,13696,0.18232155679395465,1.0556235
20461,HLA-A*30:02,esm2_joint,locus,0,1.0,13696,0.7884573603642702,0.6448455
20462,HLA-A*30:02,esm2_joint,locus,0,1.0,13696,2.302585092994046,0.41505027
20465,HLA-A*02:03,esm2_joint,locus,0,1.0,13696,0.9555114450274363,0.5028484
20466,HLA-A*68:01,esm2_joint,locus,0,1.0,13696,0.0,0.28504348
20473,HLA-A*43:01,esm2_joint,locus,0,1.0,13696,0.0,1.2655201
20475,HLA-A*33:03,esm2_joint,locus,0,1.0,13696,1.0647107369924282,0.17196435
20482,HLA-A*30:02,esm2_joint,locus,0,1.0,13696,1.791759469228055,1.1142555
20483,HLA-A*23:01,esm2_joint,locus,0,1.0,13696,3.4719664525503626,1.0031376
20484,HLA-A*23:01,esm2_joint,locus,0,1.0,13696,2.9014215940827497,0.52346706
20485,HLA-A*02:10,esm2_joint,locus,0,1.0,13696,2.424802725718295,0.5362567
20486,HLA-A*33:03,esm2_joint,locus,0,1.0,13696,2.9069010598473755,0.71445805
20489,HLA-A*32:07,esm2_joint,locus,0,1.0,13696,0.0,0.56732786
20490,HLA-A*66:01,esm2_joint,locus,0,1.0,13696,0.18232155679395465,0.6828542
20497,HLA-A*25:01,esm2_joint,locus,0,1.0,13696,0.0,0.92294085
20501,HLA-A*30:01,esm2_joint,locus,0,1.0,13696,1.0296194171811583,0.7994597
20505,HLA-A*68:01,esm2_joint,locus,0,1.0,13696,0.0,1.299885
20507,HLA-A*80:01,esm2_joint,locus,0,1.0,13696,0.33647223662121295,0.9067364
20509,HLA-A*24:19,esm2_joint,locus,0,1.0,13696,0.18232155679395465,0.6668718
20513,HLA-A*26:02,esm2_joint,locus,0,1.0,13696,0.33647223662121295,0.5818424
20515,HLA-A*31:01,esm2_joint,locus,0,1.0,13696,1.62924053973028,0.47620326
20516,HLA-A*24:07,esm2_joint,locus,0,1.0,13696,0.0,0.5488802
20519,HLA-A*31:01,esm2_joint,locus,0,1.0,13696,1.4350845252893227,0.94311494
20530,HLA-A*26:03,esm2_joint,locus,0,1.0,13696,0.33647223662121295,0.25323194
20536,HLA-A*30:02,esm2_joint,locus,0,1.0,13696,0.26236426446749106,0.76194465
20538,HLA-A*02:11,esm2_joint,locus,0,1.0,13696,3.4468078929142076,0.24021572
20539,HLA-A*02:19,esm2_joint,locus,0,1.0,13696,2.4423470353692043,-0.23759907
20543,HLA-A*02:50,esm2_joint,locus,0,1.0,13696,1.9878743481543455,0.44369322
20547,HLA-A*26:02,esm2_joint,locus,0,1.0,13696,3.6375861597263857,0.49300265
20548,HLA-A*68:23,esm2_joint,locus,0,1.0,13696,0.7419373447293773,0.55992234
20549,HLA-A*26:03,esm2_joint,locus,0,1.0,13696,0.33647223662121295,0.45093846
20550,HLA-A*24:02,esm2_joint,locus,0,1.0,13696,0.5306282510621704,0.8299824
20552,HLA-A*02:11,esm2_joint,locus,0,1.0,13696,0.6418538861723948,0.84240484
20554,HLA-A*43:01,esm2_joint,locus,0,1.0,13696,0.0,0.74202514
20556,HLA-A*02:50,esm2_joint,locus,0,1.0,13696,2.70805020110221,0.5330875
20558,HLA-A*33:03,esm2_joint,locus,0,1.0,13696,3.906004933102583,1.4345417
20559,HLA-A*24:02,esm2_joint,locus,0,1.0,13696,0.7884573603642702,0.34163874
20561,HLA-A*24:19,esm2_joint,locus,0,1.0,13696,0.18232155679395465,-0.118533194
20566,HLA-A*24:02,esm2_joint,locus,0,1.0,13696,0.18232155679395465,0.8279337
20567,HLA-A*23:01,esm2_joint,locus,0,1.0,13696,3.4873750779032076,0.77904963
20572,HLA-A*24:02,esm2_joint,locus,0,1.0,13696,0.0,0.4044299
20573,HLA-A*24:03,esm2_joint,locus,0,1.0,13696,1.791759469228055,0.74161935
20575,HLA-A*25:01,esm2_joint,locus,0,1.0,13696,0.0,0.42948788
20576,HLA-A*02:50,esm2_joint,locus,0,1.0,13696,2.186051276738094,0.7881762
20577,HLA-A*02:19,esm2_joint,locus,0,1.0,13696,1.7047480922384253,0.6784927
20579,HLA-A*29:02,esm2_joint,locus,0,1.0,13696,0.26236426446749106,1.0000045
20582,HLA-A*24:02,esm2_joint,locus,0,1.0,13696,0.26236426446749106,0.8104507
20583,HLA-A*02:16,esm2_joint,locus,0,1.0,13696,3.2771447329921766,0.6151446
20585,HLA-A*26:03,esm2_joint,locus,0,1.0,13696,1.824549292051046,0.5526153
20590,HLA-A*02:12,esm2_joint,locus,0,1.0,13696,3.4372078191851885,0.5823616
20593,HLA-A*24:02,esm2_joint,locus,0,1.0,13696,0.6931471805599453,2.0483825
20594,HLA-A*24:02,esm2_joint,locus,0,1.0,13696,0.30010459245033805,0.790859
20595,HLA-A*02:50,esm2_joint,locus,0,1.0,13696,2.9806186357439426,0.3063308
20596,HLA-A*24:19,esm2_joint,locus,0,1.0,13696,0.18232155679395465,1.4086225
20597,HLA-A*25:01,esm2_joint,locus,0,1.0,13696,0.7419373447293773,1.2688792
20598,HLA-A*26:02,esm2_joint,locus,0,1.0,13696,0.4700036292457355,0.6322515
20600,HLA-A*24:07,esm2_joint,locus,0,1.0,13696,0.26236426446749106,0.3160457
20602,HLA-A*33:03,esm2_joint,locus,0,1.0,13696,2.2617630984737906,0.87636554
20605,HLA-A*32:07,esm2_joint,locus,0,1.0,13696,0.832909122935104,0.9701956
20607,HLA-A*24:07,esm2_joint,locus,0,1.0,13696,3.1135153092103742,0.90311414
20609,HLA-A*24:02,esm2_joint,locus,0,1.0,13696,0.8754687373538999,0.78023934
20610,HLA-A*02:50,esm2_joint,locus,0,1.0,13696,2.91235066461494,0.26196414
20619,HLA-A*31:01,esm2_joint,locus,0,1.0,13696,0.5306282510621704,0.63124907
20620,HLA-A*29:02,esm2_joint,locus,0,1.0,13696,2.833213344056216,1.0432369
20621,HLA-A*30:02,esm2_joint,locus,0,1.0,13696,0.18232155679395465,0.62726945
20622,HLA-A*32:07,esm2_joint,locus,0,1.0,13696,0.0,0.17813808
20624,HLA-A*43:01,esm2_joint,locus,0,1.0,13696,0.09531017980432487,0.827454
20626,HLA-A*24:19,esm2_joint,locus,0,1.0,13696,0.0,0.7345582
20629,HLA-A*24:02,esm2_joint,locus,0,1.0,13696,1.5686159179138452,0.34047538
20630,HLA-A*02:12,esm2_joint,locus,0,1.0,13696,2.833213344056216,0.5901509
20632,HLA-A*30:01,esm2_joint,locus,0,1.0,13696,0.0,0.6540495
20634,HLA-A*32:07,esm2_joint,locus,0,1.0,13696,1.0986122886681098,0.81254244
20635,HLA-A*02:01,esm2_joint,locus,0,1.0,13696,0.7884573603642702,0.51503676
20639,HLA-A*02:12,esm2_joint,locus,0,1.0,13696,0.5306282510621704,0.78772557
20640,HLA-A*33:03,esm2_joint,locus,0,1.0,13696,1.6863989535702288,0.5024593
20641,HLA-A*74:01,esm2_joint,locus,0,1.0,13696,1.0647107369924282,0.28060675
20648,HLA-A*43:01,esm2_joint,locus,0,1.0,13696,0.4054651081081644,0.73455054
20650,HLA-A*68:01,esm2_joint,locus,0,1.0,13696,0.8754687373538999,0.67711335
20651,HLA-A*68:01,esm2_joint,locus,0,1.0,13696,0.0,1.3286719
20654,HLA-A*26:02,esm2_joint,locus,0,1.0,13696,0.5306282510621704,0.90780574
20658,HLA-A*23:01,esm2_joint,locus,0,1.0,13696,3.2308043957334744,0.93269354
20659,HLA-A*26:03,esm2_joint,locus,0,1.0,13696,0.0,0.41350514
20663,HLA-A*03:01,esm2_joint,locus,0,1.0,13696,2.0014800002101243,0.66907305
20664,HLA-A*24:02,esm2_joint,locus,0,1.0,13696,0.26236426446749106,0.28094214
20665,HLA-A*02:19,esm2_joint,locus,0,1.0,13696,3.6428355156125294,0.60579455
20666,HLA-A*31:01,esm2_joint,locus,0,1.0,13696,4.976043849326636,0.7815149
20672,HLA-A*43:01,esm2_joint,locus,0,1.0,13696,0.33647223662121295,0.84112495
20673,HLA-A*74:01,esm2_joint,locus,0,1.0,13696,2.4336133554004498,1.2550871
20678,HLA-A*43:01,esm2_joint,locus,0,1.0,13696,0.4054651081081644,1.2982922
20680,HLA-A*02:19,esm2_joint,locus,0,1.0,13696,2.4336133554004498,0.35434216
20681,HLA-A*30:01,esm2_joint,locus,0,1.0,13696,0.09531017980432487,1.0702345
20683,HLA-A*74:01,esm2_joint,locus,0,1.0,13696,0.4054651081081644,0.6586963
20686,HLA-A*26:03,esm2_joint,locus,0,1.0,13696,0.5306282510621704,0.57020974
20687,HLA-A*68:01,esm2_joint,locus,0,1.0,13696,0.0,0.66258734
20688,HLA-A*11:01,esm2_joint,locus,0,1.0,13696,1.824549292051046,1.062481
20691,HLA-A*30:02,esm2_joint,locus,0,1.0,13696,1.6486586255873816,1.2928078
20693,HLA-A*02:10,esm2_joint,locus,0,1.0,13696,1.7404661748405046,0.663098
20696,HLA-A*02:03,esm2_joint,locus,0,1.0,13696,3.254242968705492,0.90745497
20699,HLA-A*25:01,esm2_joint,locus,0,1.0,13696,0.0,0.114314854
20701,HLA-A*02:10,esm2_joint,locus,0,1.0,13696,3.9219733362813143,0.28102446
20703,HLA-A*29:02,esm2_joint,locus,0,1.0,13696,0.7419373447293773,0.90847635
20704,HLA-A*24:19,esm2_joint,locus,0,1.0,13696,0.18232155679395465,0.41594213
20705,HLA-A*43:01,esm2_joint,locus,0,1.0,13696,1.0986122886681098,0.70542854
20708,HLA-A*02:11,esm2_joint,locus,0,1.0,13696,2.772588722239781,0.5356504
20709,HLA-A*02:16,esm2_joint,locus,0,1.0,13696,3.091042453358316,0.6099158
20712,HLA-A*66:01,esm2_joint,locus,0,1.0,13696,0.0,0.6227095
20717,HLA-A*24:02,esm2_joint,locus,0,1.0,13696,0.9162907318741551,0.3706051
20720,HLA-A*68:23,esm2_joint,locus,0,1.0,13696,3.8264651170664994,1.2340051
20721,HLA-A*66:01,esm2_joint,locus,0,1.0,13696,0.0,0.9809577
20722,HLA-A*66:01,esm2_joint,locus,0,1.0,13696,0.09531017980432487,0.88757634
20724,HLA-A*02:16,esm2_joint,locus,0,1.0,13696,2.151762203259462,-0.034940302
20731,HLA-A*32:07,esm2_joint,locus,0,1.0,13696,0.0,0.70068514
20732,HLA-A*24:07,esm2_joint,locus,0,1.0,13696,0.7419373447293773,0.6505964
20733,HLA-A*26:02,esm2_joint,locus,0,1.0,13696,0.5877866649021191,0.6059531
20734,HLA-A*24:02,esm2_joint,locus,0,1.0,13696,0.18232155679395465,0.5841694
20737,HLA-A*02:10,esm2_joint,locus,0,1.0,13696,0.4054651081081644,0.4297164
20739,HLA-A*02:16,esm2_joint,locus,0,1.0,13696,2.6390573296152584,0.3265198
20742,HLA-A*02:03,esm2_joint,locus,0,1.0,13696,2.1972245773362196,0.27648538
20750,HLA-A*68:23,esm2_joint,locus,0,1.0,13696,0.18232155679395465,0.8762195
20752,HLA-A*03:01,esm2_joint,locus,0,1.0,13696,0.6418538861723948,0.9481502
20753,HLA-A*03:01,esm2_joint,locus,0,1.0,13696,0.0,1.0559344
20754,HLA-A*24:02,esm2_joint,locus,0,1.0,13696,1.2237754316221157,0.5461785
20756,HLA-A*31:01,esm2_joint,locus,0,1.0,13696,1.33500106673234,0.51401675
20759,HLA-A*23:01,esm2_joint,locus,0,1.0,13696,2.2823823856765264,0.7882062
20762,HLA-A*24:02,esm2_joint,locus,0,1.0,13696,0.33647223662121295,0.6764806
20763,HLA-A*02:10,esm2_joint,locus,0,1.0,13696,0.5877866649021191,0.093277514
20764,HLA-A*30:02,esm2_joint,locus,0,1.0,13696,0.26236426446749106,0.5324776
20765,HLA-A*30:02,esm2_joint,locus,0,1.0,13696,0.6418538861723948,1.0083572
20766,HLA-A*24:02,esm2_joint,locus,0,1.0,13696,2.4069451083182885,0.3346966
20770,HLA-A*02:03,esm2_joint,locus,0,1.0,13696,2.995732273553991,0.41162628
20771,HLA-A*30:01,esm2_joint,locus,0,1.0,13696,0.0,0.5367789
20775,HLA-A*26:02,esm2_joint,locus,0,1.0,13696,0.18232155679395465,1.1291488
20776,HLA-A*26:03,esm2_joint,locus,0,1.0,13696,0.0,0.6460929
20781,HLA-A*32:07,esm2_joint,locus,0,1.0,13696,0.0,0.40129918
20783,HLA-A*02:03,esm2_joint,locus,0,1.0,13696,1.9740810260220096,0.7788597
20784,HLA-A*33:03,esm2_joint,locus,0,1.0,13696,0.0,1.0008914
20785,HLA-A*68:23,esm2_joint,locus,0,1.0,13696,1.2237754316221157,0.82815444
20788,HLA-A*24:19,esm2_joint,locus,0,1.0,13696,0.26236426446749106,0.7452092
20790,HLA-A*02:16,esm2_joint,locus,0,1.0,13696,0.7419373447293773,0.43250453
20791,HLA-A*30:01,esm2_joint,locus,0,1.0,13696,3.0633909220278057,0.51860523
20794,HLA-A*02:11,esm2_joint,locus,0,1.0,13696,0.7884573603642702,0.5073364
20795,HLA-A*02:12,esm2_joint,locus,0,1.0,13696,3.5115454388310208,1.0007848
20796,HLA-A*26:03,esm2_joint,locus,0,1.0,13696,0.0,0.5598679
20798,HLA-A*24:02,esm2_joint,locus,0,1.0,13696,0.09531017980432487,0.60690224
20799,HLA-A*02:10,esm2_joint,locus,0,1.0,13696,0.4054651081081644,0.13852966
20800,HLA-A*02:16,esm2_joint,locus,0,1.0,13696,3.520460802488973,0.7950305
20810,HLA-A*26:03,esm2_joint,locus,0,1.0,13696,0.6931471805599453,0.21554774
20819,HLA-A*02:11,esm2_joint,locus,0,1.0,13696,2.7788192719904172,0.11687106
20820,HLA-A*02:12,esm2_joint,locus,0,1.0,13696,1.9459101490553132,0.60689837
20821,HLA-A*33:03,esm2_joint,locus,0,1.0,13696,0.33647223662121295,0.97163635
20822,HLA-A*68:01,esm2_joint,locus,0,1.0,13696,0.4054651081081644,0.80124295
20823,HLA-A*02:12,esm2_joint,locus,0,1.0,13696,0.6418538861723948,0.0060807467
20824,HLA-A*02:50,esm2_joint,locus,0,1.0,13696,0.9932517730102833,0.009465635
20825,HLA-A*31:01,esm2_joint,locus,0,1.0,13696,0.26236426446749106,1.0435464
20829,HLA-A*24:07,esm2_joint,locus,0,1.0,13696,3.214867803470662,0.87740767
20830,HLA-A*68:23,esm2_joint,locus,0,1.0,13696,0.18232155679395465,0.4847574
20831,HLA-A*30:02,esm2_joint,locus,0,1.0,13696,0.8754687373538999,0.66494024
20833,HLA-A*24:19,esm2_joint,locus,0,1.0,13696,0.6418538861723948,0.9243466
20835,HLA-A*02:11,esm2_joint,locus,0,1.0,13696,3.3141860046725258,0.8602097
20841,HLA-A*68:23,esm2_joint,locus,0,1.0,13696,0.0,0.7730366
20849,HLA-A*68:23,esm2_joint,locus,0,1.0,13696,0.18232155679395465,0.4531446
20850,HLA-A*66:01,esm2_joint,locus,0,1.0,13696,0.09531017980432487,0.6706162
20854,HLA-A*02:16,esm2_joint,locus,0,1.0,13696,1.6486586255873816,0.26757717
20859,HLA-A*24:19,esm2_joint,locus,0,1.0,13696,0.5306282510621704,0.94581616
20860,HLA-A*24:02,esm2_joint,locus,0,1.0,13696,2.151762203259462,1.3407135
20861,HLA-A*02:11,esm2_joint,locus,0,1.0,13696,2.1162555148025524,0.30920547
20862,HLA-A*74:01,esm2_joint,locus,0,1.0,13696,3.1179499062782403,1.1084751
20864,HLA-A*30:02,esm2_joint,locus,0,1.0,13696,0.26236426446749106,0.8313275
20867,HLA-A*03:01,esm2_joint,locus,0,1.0,13696,1.1314021114911006,0.5893844
20873,HLA-A*32:07,esm2_joint,locus,0,1.0,13696,2.312535423847214,0.930563
20876,HLA-A*74:01,esm2_joint,locus,0,1.0,13696,3.529297384289471,1.072885
20877,HLA-A*24:07,esm2_joint,locus,0,1.0,13696,0.4700036292457355,0.5451023
20878,HLA-A*26:03,esm2_joint,locus,0,1.0,13696,0.26236426446749106,0.5899284
20880,HLA-A*29:02,esm2_joint,locus,0,1.0,13696,3.246490991901174,0.88330114
20882,HLA-A*74:01,esm2_joint,locus,0,1.0,13696,0.0,1.2034876
20886,HLA-A*24:19,esm2_joint,locus,0,1.0,13696,0.26236426446749106,0.40624315
20889,HLA-A*24:19,esm2_joint,locus,0,1.0,13696,1.8870696490323797,1.0888635
20891,HLA-A*02:01,esm2_joint,locus,0,1.0,13696,1.5260563034950494,0.27547252
20893,HLA-A*26:03,esm2_joint,locus,0,1.0,13696,0.7419373447293773,0.32179284
20895,HLA-A*24:03,esm2_joint,locus,0,1.0,13696,2.714694743820879,0.7152868
20896,HLA-A*02:03,esm2_joint,locus,0,1.0,13696,0.33647223662121295,0.40257078
20902,HLA-A*43:01,esm2_joint,locus,0,1.0,13696,0.0,1.3583109
20903,HLA-A*30:02,esm2_joint,locus,0,1.0,13696,0.0,0.5144979
20904,HLA-A*23:01,esm2_joint,locus,0,1.0,13696,2.272125885509337,0.81193775
20905,HLA-A*23:01,esm2_joint,locus,0,1.0,13696,1.9459101490553132,0.6088903
20907,HLA-A*29:02,esm2_joint,locus,0,1.0,13696,0.0,0.82777214
20908,HLA-A*68:01,esm2_joint,locus,0,1.0,13696,0.26236426446749106,0.5015565
20911,HLA-A*68:23,esm2_joint,locus,0,1.0,13696,0.5877866649021191,0.39769357
20912,HLA-A*66:01,esm2_joint,locus,0,1.0,13696,0.26236426446749106,0.94747996
20913,HLA-A*03:01,esm2_joint,locus,0,1.0,13696,0.0,0.96550095
20914,HLA-A*30:01,esm2_joint,locus,0,1.0,13696,0.4054651081081644,-0.01636827
20915,HLA-A*02:19,esm2_joint,locus,0,1.0,13696,1.1939224684724346,0.3955875
20920,HLA-A*02:12,esm2_joint,locus,0,1.0,13696,2.517696472610991,0.2003302
20923,HLA-A*26:02,esm2_joint,locus,0,1.0,13696,0.7419373447293773,0.41372484
20933,HLA-A*03:01,esm2_joint,locus,0,1.0,13696,0.4054651081081644,1.1473185
20934,HLA-A*11:01,esm2_joint,locus,0,1.0,13696,1.9600947840472698,1.1954553
20936,HLA-A*23:01,esm2_joint,locus,0,1.0,13696,1.5040773967762742,0.6531447
20937,HLA-A*26:02,esm2_joint,locus,0,1.0,13696,2.4069451083182885,0.75220686
20938,HLA-A*32:01,esm2_joint,locus,0,1.0,13696,0.18232155679395465,0.3226204
20940,HLA-A*02:16,esm2_joint,locus,0,1.0,13696,3.6838669122903918,0.45184237
20946,HLA-A*31:01,esm2_joint,locus,0,1.0,13696,3.100092288878234,0.8111631
20951,HLA-A*02:16,esm2_joint,locus,0,1.0,13696,1.9878743481543455,0.5624333
20952,HLA-A*02:16,esm2_joint,locus,0,1.0,13696,3.0106208860477417,0.28100318
20955,HLA-A*68:23,esm2_joint,locus,0,1.0,13696,0.5306282510621704,0.7535691
20957,HLA-A*02:10,esm2_joint,locus,0,1.0,13696,0.18232155679395465,0.37361515
20958,HLA-A*43:01,esm2_joint,locus,0,1.0,13696,1.8718021769015913,0.8719349
20959,HLA-A*66:01,esm2_joint,locus,0,1.0,13696,0.18232155679395465,0.75397176
20960,HLA-A*43:01,esm2_joint,locus,0,1.0,13696,0.18232155679395465,1.2999036
20963,HLA-A*74:01,esm2_joint,locus,0,1.0,13696,0.26236426446749106,0.44894284
20969,HLA-A*02:19,esm2_joint,locus,0,1.0,13696,1.33500106673234,0.9970058
20978,HLA-A*66:01,esm2_joint,locus,0,1.0,13696,0.0,0.7679872
20981,HLA-A*29:02,esm2_joint,locus,0,1.0,13696,0.4700036292457355,1.1138803
20983,HLA-A*02:01,esm2_joint,locus,0,1.0,13696,0.6931471805599453,0.5540907
20984,HLA-A*24:02,esm2_joint,locus,0,1.0,13696,0.7419373447293773,0.73533535
20985,HLA-A*02:11,esm2_joint,locus,0,1.0,13696,1.9315214116032138,0.14045286
20987,HLA-A*24:03,esm2_joint,locus,0,1.0,13696,2.8094026953624973,0.99401903
20988,HLA-A*24:19,esm2_joint,locus,0,1.0,13696,0.0,0.61968625
20991,HLA-A*02:50,esm2_joint,locus,0,1.0,13696,2.3702437414678603,-0.033764064
20992,HLA-A*33:03,esm2_joint,locus,0,1.0,13696,0.7884573603642702,1.3254142
20994,HLA-A*03:01,esm2_joint,locus,0,1.0,13696,3.3463891451671604,1.0689117
20998,HLA-A*29:02,esm2_joint,locus,0,1.0,13696,1.0647107369924282,0.835222
21001,HLA-A*24:02,esm2_joint,locus,0,1.0,13696,3.4452142670789296,0.91675043
21002,HLA-A*02:10,esm2_joint,locus,0,1.0,13696,2.2082744135228043,0.008800745
21004,HLA-A*32:07,esm2_joint,locus,0,1.0,13696,0.09531017980432487,0.7830015
21012,HLA-A*02:01,esm2_joint,locus,0,1.0,13696,1.4586150226995167,0.5265405
21014,HLA-A*02:10,esm2_joint,locus,0,1.0,13696,2.424802725718295,0.6818321
21015,HLA-A*68:01,esm2_joint,locus,0,1.0,13696,0.7419373447293773,0.8492978
21017,HLA-A*43:01,esm2_joint,locus,0,1.0,13696,0.26236426446749106,1.2915654
21018,HLA-A*24:19,esm2_joint,locus,0,1.0,13696,0.18232155679395465,0.4588825
21019,HLA-A*24:19,esm2_joint,locus,0,1.0,13696,0.18232155679395465,0.45153987
21020,HLA-A*24:19,esm2_joint,locus,0,1.0,13696,1.7578579175523736,0.11505908
21028,HLA-A*43:01,esm2_joint,locus,0,1.0,13696,0.7884573603642702,0.96335584
21032,HLA-A*43:01,esm2_joint,locus,0,1.0,13696,0.26236426446749106,0.77224004
21034,HLA-A*02:01,esm2_joint,locus,0,1.0,13696,3.054001181677967,0.38752943
21038,HLA-A*24:07,esm2_joint,locus,0,1.0,13696,3.095577608523707,1.4703745
21039,HLA-A*25:01,esm2_joint,locus,0,1.0,13696,0.26236426446749106,0.58785236
21040,HLA-A*66:01,esm2_joint,locus,0,1.0,13696,0.18232155679395465,0.8989343
21041,HLA-A*43:01,esm2_joint,locus,0,1.0,13696,0.5877866649021191,1.0620518
21042,HLA-A*23:01,esm2_joint,locus,0,1.0,13696,0.5306282510621704,0.25575703
21044,HLA-A*33:03,esm2_joint,locus,0,1.0,13696,0.18232155679395465,1.3259467
21047,HLA-A*02:11,esm2_joint,locus,0,1.0,13696,1.667706820558076,0.4534703
21048,HLA-A*02:16,esm2_joint,locus,0,1.0,13696,2.509599262378372,0.09106958
21049,HLA-A*02:01,esm2_joint,locus,0,1.0,13696,0.5877866649021191,0.27196187
21050,HLA-A*11:01,esm2_joint,locus,0,1.0,13696,0.18232155679395465,0.30836612
21054,HLA-A*24:03,esm2_joint,locus,0,1.0,13696,3.5496173867804286,0.29653943
21057,HLA-A*03:01,esm2_joint,locus,0,1.0,13696,3.484312288372662,1.5575932
21059,HLA-A*02:16,esm2_joint,locus,0,1.0,13696,0.9555114450274363,0.63826084
21060,HLA-A*02:19,esm2_joint,locus,0,1.0,13696,1.9021075263969205,0.99957097
21062,HLA-A*31:01,esm2_joint,locus,0,1.0,13696,0.18232155679395465,1.075431
21065,HLA-A*25:01,esm2_joint,locus,0,1.0,13696,0.0,0.036654174
21066,HLA-A*66:01,esm2_joint,locus,0,1.0,13696,0.0,0.74403906
21069,HLA-A*23:01,esm2_joint,locus,0,1.0,13696,1.33500106673234,1.4562666
21072,HLA-A*02:19,esm2_joint,locus,0,1.0,13696,2.2925347571405443,0.64592123
21073,HLA-A*24:02,esm2_joint,locus,0,1.0,13696,1.0986122886681098,0.62441564
21074,HLA-A*11:01,esm2_joint,locus,0,1.0,13696,3.1654750481410856,1.0112071
21079,HLA-A*24:03,esm2_joint,locus,0,1.0,13696,1.2237754316221157,0.4600883
21081,HLA-A*33:03,esm2_joint,locus,0,1.0,13696,3.742420221041966,1.2390088
21084,HLA-A*80:01,esm2_joint,locus,0,1.0,13696,0.0,0.50703967
21085,HLA-A*24:19,esm2_joint,locus,0,1.0,13696,0.9555114450274363,0.33528537
21086,HLA-A*02:01,esm2_joint,locus,0,1.0,13696,1.9021075263969205,0.10485393
21090,HLA-A*02:12,esm2_joint,locus,0,1.0,13696,3.3638415951183864,0.47301108
21091,HLA-A*02:50,esm2_joint,locus,0,1.0,13696,0.6931471805599453,-0.110213816
21094,HLA-A*23:01,esm2_joint,locus,0,1.0,13696,3.9219733362813143,0.7681321
21096,HLA-A*02:10,esm2_joint,locus,0,1.0,13696,1.4586150226995167,0.5078169
21097,HLA-A*31:01,esm2_joint,locus,0,1.0,13696,0.832909122935104,0.9043923
21098,HLA-A*30:02,esm2_joint,locus,0,1.0,13696,0.26236426446749106,0.4323191
21099,HLA-A*26:03,esm2_joint,locus,0,1.0,13696,1.0296194171811583,0.41564214
21100,HLA-A*03:01,esm2_joint,locus,0,1.0,13696,0.0,0.9112561
21101,HLA-A*02:16,esm2_joint,locus,0,1.0,13696,1.6863989535702288,0.5878483
21102,HLA-A*80:01,esm2_joint,locus,0,1.0,13696,0.4700036292457355,0.86011654
21104,HLA-A*25:01,esm2_joint,locus,0,1.0,13696,0.4054651081081644,0.06555468
21108,HLA-A*80:01,esm2_joint,locus,0,1.0,13696,0.0,0.8788451
21110,HLA-A*31:01,esm2_joint,locus,0,1.0,13696,2.2192034840549946,1.3639259
21114,HLA-A*32:07,esm2_joint,locus,0,1.0,13696,0.0,0.65199643
21115,HLA-A*26:03,esm2_joint,locus,0,1.0,13696,2.681021528714291,0.40898973
21116,HLA-A*30:01,esm2_joint,locus,0,1.0,13696,0.5306282510621704,0.64920235
21120,HLA-A*30:02,esm2_joint,locus,0,1.0,13696,0.5877866649021191,0.4263628
21122,HLA-A*26:03,esm2_joint,locus,0,1.0,13696,0.33647223662121295,0.07987267
21125,HLA-A*24:02,esm2_joint,locus,0,1.0,13696,0.18232155679395465,0.83792436
21126,HLA-A*02:10,esm2_joint,locus,0,1.0,13696,2.8213788864092133,0.41864634
21129,HLA-A*68:23,esm2_joint,locus,0,1.0,13696,3.131136910560194,0.95735544
21136,HLA-A*24:07,esm2_joint,locus,0,1.0,13696,1.0647107369924282,0.34018207
21140,HLA-A*68:23,esm2_joint,locus,0,1.0,13696,0.33647223662121295,0.5522093
21141,HLA-A*03:01,esm2_joint,locus,0,1.0,13696,0.0,1.130725
21142,HLA-A*02:11,esm2_joint,locus,0,1.0,13696,0.8754687373538999,0.8441265
21143,HLA-A*33:03,esm2_joint,locus,0,1.0,13696,0.0,0.99513054
21145,HLA-A*26:02,esm2_joint,locus,0,1.0,13696,0.0,0.22222537
21146,HLA-A*68:02,esm2_joint,locus,0,1.0,13696,0.7419373447293773,0.17519706
21150,HLA-A*02:16,esm2_joint,locus,0,1.0,13696,3.169685580677429,0.30074245
21151,HLA-A*02:16,esm2_joint,locus,0,1.0,13696,2.2407096892759584,1.0182445
21152,HLA-A*31:01,esm2_joint,locus,0,1.0,13696,1.589235205116581,0.5862448
21157,HLA-A*26:02,esm2_joint,locus,0,1.0,13696,0.33647223662121295,0.7249132
21159,HLA-A*02:10,esm2_joint,locus,0,1.0,13696,0.7884573603642702,-0.060832083
21161,HLA-A*68:01,esm2_joint,locus,0,1.0,13696,0.7419373447293773,0.9962871
21164,HLA-A*24:03,esm2_joint,locus,0,1.0,13696,3.6635616461296463,0.77735996
21174,HLA-A*02:16,esm2_joint,locus,0,1.0,13696,2.954910279033736,-0.31378907
21176,HLA-A*32:07,esm2_joint,locus,0,1.0,13696,4.1713056033582285,1.0665324
21180,HLA-A*74:01,esm2_joint,locus,0,1.0,13696,0.33647223662121295,1.0132397
21183,HLA-A*32:07,esm2_joint,locus,0,1.0,13696,0.5306282510621704,0.68732643
21186,HLA-A*30:02,esm2_joint,locus,0,1.0,13696,2.451005098112319,1.1419568
21187,HLA-A*80:01,esm2_joint,locus,0,1.0,13696,0.0,1.0627246
21188,HLA-A*80:01,esm2_joint,locus,0,1.0,13696,0.09531017980432487,0.46097863
21189,HLA-A*23:01,esm2_joint,locus,0,1.0,13696,1.0986122886681098,0.6901368
21194,HLA-A*24:02,esm2_joint,locus,0,1.0,13696,2.509599262378372,1.0854278
21195,HLA-A*02:50,esm2_joint,locus,0,1.0,13696,0.7419373447293773,0.23890477
21199,HLA-A*26:02,esm2_joint,locus,0,1.0,13696,0.26236426446749106,0.872176
21201,HLA-A*02:05,esm2_joint,locus,0,1.0,13696,2.2407096892759584,0.50097644
21206,HLA-A*02:10,esm2_joint,locus,0,1.0,13696,3.295836866004329,0.4922792
21209,HLA-A*32:07,esm2_joint,locus,0,1.0,13696,0.7419373447293773,0.8561932
21210,HLA-A*26:02,esm2_joint,locus,0,1.0,13696,0.0,0.60957277
21211,HLA-A*68:01,esm2_joint,locus,0,1.0,13696,1.5151272329628591,0.6692012
21212,HLA-A*31:01,esm2_joint,locus,0,1.0,13696,0.0,1.0646108
21218,HLA-A*29:02,esm2_joint,locus,0,1.0,13696,0.0,0.9874485
21219,HLA-A*80:01,esm2_joint,locus,0,1.0,13696,0.26236426446749106,1.1024256
21220,HLA-A*32:07,esm2_joint,locus,0,1.0,13696,0.0,0.6901195
21222,HLA-A*02:01,esm2_joint,locus,0,1.0,13696,2.0014800002101243,0.30886436
21223,HLA-A*02:01,esm2_joint,locus,0,1.0,13696,2.8535925063928684,0.665688
21224,HLA-A*68:01,esm2_joint,locus,0,1.0,13696,0.4700036292457355,-0.099684775
21228,HLA-A*26:02,esm2_joint,locus,0,1.0,13696,3.937690752176724,0.5578634
21229,HLA-A*31:01,esm2_joint,locus,0,1.0,13696,1.6863989535702288,1.2827499
21230,HLA-A*11:01,esm2_joint,locus,0,1.0,13696,2.8903717578961645,0.5754259
21232,HLA-A*26:02,esm2_joint,locus,0,1.0,13696,0.6931471805599453,0.55402577
21233,HLA-A*26:03,esm2_joint,locus,0,1.0,13696,0.0,0.23787642
21239,HLA-A*43:01,esm2_joint,locus,0,1.0,13696,0.33647223662121295,0.9745703
21241,HLA-A*24:19,esm2_joint,locus,0,1.0,13696,0.33647223662121295,0.40512854
21244,HLA-A*68:01,esm2_joint,locus,0,1.0,13696,0.0,0.78725547
21245,HLA-A*11:01,esm2_joint,locus,0,1.0,13696,0.4054651081081644,0.7640864
21250,HLA-A*29:02,esm2_joint,locus,0,1.0,13696,0.0,0.7389755
21251,HLA-A*24:07,esm2_joint,locus,0,1.0,13696,1.9315214116032138,0.69383854
21252,HLA-A*26:02,esm2_joint,locus,0,1.0,13696,0.33647223662121295,0.6930681
21253,HLA-A*30:01,esm2_joint,locus,0,1.0,13696,0.18232155679395465,0.27481288
21255,HLA-A*24:19,esm2_joint,locus,0,1.0,13696,0.6418538861723948,0.7477634
21261,HLA-A*66:01,esm2_joint,locus,0,1.0,13696,0.0,0.8408647
21262,HLA-A*02:50,esm2_joint,locus,0,1.0,13696,0.5306282510621704,0.009151161
21268,HLA-A*24:03,esm2_joint,locus,0,1.0,13696,0.4054651081081644,-0.057336032
21269,HLA-A*24:19,esm2_joint,locus,0,1.0,13696,0.0,0.35006267
21270,HLA-A*02:01,esm2_joint,locus,0,1.0,13696,1.9459101490553132,0.16528517
21271,HLA-A*03:01,esm2_joint,locus,0,1.0,13696,0.0,0.89394486
21278,HLA-A*24:19,esm2_joint,locus,0,1.0,13696,0.9162907318741551,0.34570104
21279,HLA-A*31:01,esm2_joint,locus,0,1.0,13696,0.9555114450274363,1.4619238
21280,HLA-A*74:01,esm2_joint,locus,0,1.0,13696,0.0,1.0273114
21284,HLA-A*23:01,esm2_joint,locus,0,1.0,13696,1.8082887711792655,1.2859311
21286,HLA-A*26:03,esm2_joint,locus,0,1.0,13696,0.0,0.40855718
21288,HLA-A*02:19,esm2_joint,locus,0,1.0,13696,0.5306282510621704,0.12970084
21291,HLA-A*25:01,esm2_joint,locus,0,1.0,13696,2.6026896854443837,0.52467763
21292,HLA-A*02:19,esm2_joint,locus,0,1.0,13696,0.0,0.36280376
21293,HLA-A*30:01,esm2_joint,locus,0,1.0,13696,0.33647223662121295,0.11711991
21295,HLA-A*66:01,esm2_joint,locus,0,1.0,13696,0.18232155679395465,0.74574214
21296,HLA-A*03:01,esm2_joint,locus,0,1.0,13696,0.09531017980432487,1.1803089
21297,HLA-A*33:03,esm2_joint,locus,0,1.0,13696,2.7536607123542622,0.33662885
21300,HLA-A*02:03,esm2_joint,locus,0,1.0,13696,3.6375861597263857,0.666566
21301,HLA-A*30:01,esm2_joint,locus,0,1.0,13696,1.5260563034950494,1.1868523
21302,HLA-A*74:01,esm2_joint,locus,0,1.0,13696,0.0,0.47623354
21307,HLA-A*02:03,esm2_joint,locus,0,1.0,13696,2.4595888418037104,0.3510859
21308,HLA-A*33:03,esm2_joint,locus,0,1.0,13696,0.0,1.2080878
21309,HLA-A*11:01,esm2_joint,locus,0,1.0,13696,3.9473901492654373,1.0158274
21320,HLA-A*66:01,esm2_joint,locus,0,1.0,13696,0.0,0.7359286
21321,HLA-A*24:02,esm2_joint,locus,0,1.0,13696,0.33647223662121295,0.67991877
21322,HLA-A*02:03,esm2_joint,locus,0,1.0,13696,1.308332819650179,0.8289002
21328,HLA-A*32:07,esm2_joint,locus,0,1.0,13696,0.9555114450274363,0.42827123
21330,HLA-A*68:23,esm2_joint,locus,0,1.0,13696,0.33647223662121295,0.949756
21333,HLA-A*43:01,esm2_joint,locus,0,1.0,13696,0.5877866649021191,0.7255549
21334,HLA-A*23:01,esm2_joint,locus,0,1.0,13696,1.0296194171811583,0.96178466
21337,HLA-A*24:07,esm2_joint,locus,0,1.0,13696,3.2347491740244907,0.8448859
21340,HLA-A*66:01,esm2_joint,locus,0,1.0,13696,0.26236426446749106,0.6265936
21344,HLA-A*02:10,esm2_joint,locus,0,1.0,13696,0.26236426446749106,0.18989831
21345,HLA-A*02:11,esm2_joint,locus,0,1.0,13696,1.589235205116581,0.32092243
21346,HLA-A*02:50,esm2_joint,locus,0,1.0,13696,2.954910279033736,0.23192257
21347,HLA-A*02:19,esm2_joint,locus,0,1.0,13696,2.341805806147327,0.16790295
21348,HLA-A*30:01,esm2_joint,locus,0,1.0,13696,0.0,-0.016675293
21350,HLA-A*68:01,esm2_joint,locus,0,1.0,13696,0.832909122935104,0.8317157
21351,HLA-A*74:01,esm2_joint,locus,0,1.0,13696,0.26236426446749106,0.46608454
21355,HLA-A*24:19,esm2_joint,locus,0,1.0,13696,0.18232155679395465,0.6253172
21356,HLA-A*02:11,esm2_joint,locus,0,1.0,13696,3.3141860046725258,0.7326229
21357,HLA-A*02:12,esm2_joint,locus,0,1.0,13696,0.6931471805599453,0.70231897
21358,HLA-A*02:19,esm2_joint,locus,0,1.0,13696,2.6461747973841225,-0.05052024
21359,HLA-A*02:10,esm2_joint,locus,0,1.0,13696,0.832909122935104,0.44274688
21365,HLA-A*02:50,esm2_joint,locus,0,1.0,13696,0.6931471805599453,0.23369259
21369,HLA-A*24:07,esm2_joint,locus,0,1.0,13696,3.139832617527748,0.4726808
21372,HLA-A*02:03,esm2_joint,locus,0,1.0,13696,2.174751721484161,0.8760727
21373,HLA-A*68:01,esm2_joint,locus,0,1.0,13696,3.5779478934066544,1.0085847
21377,HLA-A*02:10,esm2_joint,locus,0,1.0,13696,0.5306282510621704,0.41482842
21378,HLA-A*30:01,esm2_joint,locus,0,1.0,13696,0.26236426446749106,0.8742242
21380,HLA-A*24:03,esm2_joint,locus,0,1.0,13696,2.9069010598473755,0.053673625
21381,HLA-A*24:02,esm2_joint,locus,0,1.0,13696,0.7419373447293773,0.5738013
21382,HLA-A*02:03,esm2_joint,locus,0,1.0,13696,0.4054651081081644,0.55505943
21383,HLA-A*02:11,esm2_joint,locus,0,1.0,13696,3.100092288878234,0.6165242
21387,HLA-A*02:11,esm2_joint,locus,0,1.0,13696,0.7419373447293773,0.8853199
21388,HLA-A*80:01,esm2_joint,locus,0,1.0,13696,0.09531017980432487,0.7148239
21391,HLA-A*02:16,esm2_joint,locus,0,1.0,13696,2.0412203288596382,0.6099876
21392,HLA-A*24:03,esm2_joint,locus,0,1.0,13696,0.18232155679395465,-0.26268464
21393,HLA-A*24:07,esm2_joint,locus,0,1.0,13696,1.9878743481543455,0.5845144
21394,HLA-A*68:23,esm2_joint,locus,0,1.0,13696,0.09531017980432487,0.757534
21395,HLA-A*02:11,esm2_joint,locus,0,1.0,13696,2.312535423847214,0.20331717
21397,HLA-A*29:02,esm2_joint,locus,0,1.0,13696,0.18232155679395465,0.9428352
21399,HLA-A*68:23,esm2_joint,locus,0,1.0,13696,0.33647223662121295,0.8161343
21401,HLA-A*80:01,esm2_joint,locus,0,1.0,13696,0.0,0.9273392
21402,HLA-A*24:03,esm2_joint,locus,0,1.0,13696,1.5686159179138452,0.84091926
21407,HLA-A*24:02,esm2_joint,locus,0,1.0,13696,0.09531017980432487,0.17598456
21410,HLA-A*68:23,esm2_joint,locus,0,1.0,13696,2.5416019934645457,0.76653135
21411,HLA-A*68:23,esm2_joint,locus,0,1.0,13696,0.33647223662121295,0.49333644
21413,HLA-A*80:01,esm2_joint,locus,0,1.0,13696,0.4700036292457355,0.7995939
21421,HLA-A*26:02,esm2_joint,locus,0,1.0,13696,0.4054651081081644,0.5374969
21425,HLA-A*24:19,esm2_joint,locus,0,1.0,13696,0.09531017980432487,0.2454707
21426,HLA-A*66:01,esm2_joint,locus,0,1.0,13696,0.0,0.43289787
21429,HLA-A*29:02,esm2_joint,locus,0,1.0,13696,0.18232155679395465,1.2046984
21431,HLA-A*01:01,esm2_joint,locus,0,1.0,13696,0.5877866649021191,0.52937734
21432,HLA-A*02:16,esm2_joint,locus,0,1.0,13696,2.151762203259462,1.2171361
21433,HLA-A*33:03,esm2_joint,locus,0,1.0,13696,2.2823823856765264,1.2728913
21437,HLA-A*25:01,esm2_joint,locus,0,1.0,13696,0.18232155679395465,0.47079247
21441,HLA-A*02:12,esm2_joint,locus,0,1.0,13696,2.4159137783010487,0.7189547
21442,HLA-A*02:12,esm2_joint,locus,0,1.0,13696,1.0647107369924282,0.5467654
21445,HLA-A*30:02,esm2_joint,locus,0,1.0,13696,0.832909122935104,1.7182093
21446,HLA-A*80:01,esm2_joint,locus,0,1.0,13696,0.0,0.87883973
21451,HLA-A*66:01,esm2_joint,locus,0,1.0,13696,0.4054651081081644,0.5068147
21453,HLA-A*02:16,esm2_joint,locus,0,1.0,13696,3.4995332823830174,0.4308049
21454,HLA-A*33:03,esm2_joint,locus,0,1.0,13696,0.0,1.3160634
21455,HLA-A*33:03,esm2_joint,locus,0,1.0,13696,2.6026896854443837,0.66556215
21457,HLA-A*26:02,esm2_joint,locus,0,1.0,13696,2.917770732084279,1.0043311
21460,HLA-A*02:19,esm2_joint,locus,0,1.0,13696,3.3032169733019514,0.6378616
21461,HLA-A*74:01,esm2_joint,locus,0,1.0,13696,1.9878743481543455,1.5897217
21463,HLA-A*23:01,esm2_joint,locus,0,1.0,13696,1.0986122886681098,0.82855517
21464,HLA-A*66:01,esm2_joint,locus,0,1.0,13696,0.0,1.3942665
21468,HLA-A*30:02,esm2_joint,locus,0,1.0,13696,0.5306282510621704,0.6618388
21469,HLA-A*30:02,esm2_joint,locus,0,1.0,13696,0.26236426446749106,0.4922946
21470,HLA-A*25:01,esm2_joint,locus,0,1.0,13696,1.5040773967762742,0.010962427
21471,HLA-A*66:01,esm2_joint,locus,0,1.0,13696,0.18232155679395465,1.2479887
21472,HLA-A*02:19,esm2_joint,locus,0,1.0,13696,3.214867803470662,0.26450652
21475,HLA-A*11:01,esm2_joint,locus,0,1.0,13696,2.4595888418037104,0.954457
21477,HLA-A*43:01,esm2_joint,locus,0,1.0,13696,0.18232155679395465,0.7758459
21480,HLA-A*68:23,esm2_joint,locus,0,1.0,13696,0.26236426446749106,0.5186734
21485,HLA-A*24:19,esm2_joint,locus,0,1.0,13696,0.4054651081081644,0.90868384
21489,HLA-A*26:03,esm2_joint,locus,0,1.0,13696,0.09531017980432487,0.030877829
21495,HLA-A*29:02,esm2_joint,locus,0,1.0,13696,0.0,1.3023522
21498,HLA-A*31:01,esm2_joint,locus,0,1.0,13696,0.7419373447293773,1.3429818
21506,HLA-A*30:02,esm2_joint,locus,0,1.0,13696,0.18232155679395465,0.7235457
21509,HLA-A*24:02,esm2_joint,locus,0,1.0,13696,2.5726122302071057,1.5554168
21510,HLA-A*02:50,esm2_joint,locus,0,1.0,13696,0.7884573603642702,0.46427566
21514,HLA-A*02:01,esm2_joint,locus,0,1.0,13696,2.4336133554004498,0.87885654
21515,HLA-A*02:16,esm2_joint,locus,0,1.0,13696,3.417726683613366,0.66750383
21521,HLA-A*30:01,esm2_joint,locus,0,1.0,13696,0.0,0.03905189
21522,HLA-A*43:01,esm2_joint,locus,0,1.0,13696,1.3609765531356006,1.3209069
21523,HLA-A*24:19,esm2_joint,locus,0,1.0,13696,0.5306282510621704,0.3726716
21524,HLA-A*02:16,esm2_joint,locus,0,1.0,13696,2.4765384001174837,0.51542974
21525,HLA-A*11:01,esm2_joint,locus,0,1.0,13696,4.075841090657541,0.51900184
21526,HLA-A*11:01,esm2_joint,locus,0,1.0,13696,2.0149030205422647,1.195545
21527,HLA-A*02:11,esm2_joint,locus,0,1.0,13696,2.2407096892759584,0.26949716
21528,HLA-A*33:03,esm2_joint,locus,0,1.0,13696,0.7419373447293773,1.2133226
21534,HLA-A*02:16,esm2_joint,locus,0,1.0,13696,2.9806186357439426,0.119341075
21535,HLA-A*30:01,esm2_joint,locus,0,1.0,13696,1.7227665977411035,0.72759503
21539,HLA-A*33:03,esm2_joint,locus,0,1.0,13696,1.9459101490553132,0.64257765
21540,HLA-A*11:01,esm2_joint,locus,0,1.0,13696,0.18232155679395465,0.5623584
21541,HLA-A*11:01,esm2_joint,locus,0,1.0,13696,4.286341384539473,1.2170302
21543,HLA-A*80:01,esm2_joint,locus,0,1.0,13696,0.4054651081081644,0.4663508
21544,HLA-A*32:07,esm2_joint,locus,0,1.0,13696,0.0,0.8554703
21546,HLA-A*02:12,esm2_joint,locus,0,1.0,13696,2.4595888418037104,0.21865034
21555,HLA-A*66:01,esm2_joint,locus,0,1.0,13696,1.7749523509116738,0.38190842
21557,HLA-A*24:02,esm2_joint,locus,0,1.0,13696,1.410986973710262,0.81291044
21560,HLA-A*26:02,esm2_joint,locus,0,1.0,13696,0.4054651081081644,0.83376455
21562,HLA-A*69:01,esm2_joint,locus,0,1.0,13696,0.0,0.58292234
21563,HLA-A*02:50,esm2_joint,locus,0,1.0,13696,3.1354942159291497,0.33757007
21564,HLA-A*33:03,esm2_joint,locus,0,1.0,13696,0.0,0.5249602
21569,HLA-A*74:01,esm2_joint,locus,0,1.0,13696,2.1972245773362196,1.3616755
21571,HLA-A*43:01,esm2_joint,locus,0,1.0,13696,0.26236426446749106,0.9379465
21572,HLA-A*23:01,esm2_joint,locus,0,1.0,13696,1.667706820558076,1.3356055
21573,HLA-A*25:01,esm2_joint,locus,0,1.0,13696,0.6931471805599453,0.30443728
21577,HLA-A*25:01,esm2_joint,locus,0,1.0,13696,1.252762968495368,0.44124585
21580,HLA-A*74:01,esm2_joint,locus,0,1.0,13696,0.33647223662121295,0.36157912
21586,HLA-A*74:01,esm2_joint,locus,0,1.0,13696,1.410986973710262,1.3276324
21588,HLA-A*80:01,esm2_joint,locus,0,1.0,13696,0.0,0.86560804
21590,HLA-A*74:01,esm2_joint,locus,0,1.0,13696,2.1400661634962708,0.37142646
21596,HLA-A*25:01,esm2_joint,locus,0,1.0,13696,0.0,0.673632
21597,HLA-A*26:02,esm2_joint,locus,0,1.0,13696,0.4054651081081644,0.33836126
21600,HLA-A*02:10,esm2_joint,locus,0,1.0,13696,0.18232155679395465,0.24719214
21601,HLA-A*68:01,esm2_joint,locus,0,1.0,13696,0.0,0.962434
21605,HLA-A*66:01,esm2_joint,locus,0,1.0,13696,0.0,0.6482922
21607,HLA-A*03:01,esm2_joint,locus,0,1.0,13696,0.26236426446749106,0.99776393
21609,HLA-A*11:01,esm2_joint,locus,0,1.0,13696,0.4700036292457355,0.46858382
21615,HLA-A*24:02,esm2_joint,locus,0,1.0,13696,0.26236426446749106,0.33275777
21617,HLA-A*32:07,esm2_joint,locus,0,1.0,13696,0.0,1.4301598
21621,HLA-A*24:19,esm2_joint,locus,0,1.0,13696,0.6418538861723948,1.0988375
21625,HLA-A*31:01,esm2_joint,locus,0,1.0,13696,3.9180050771056933,1.0322316
21626,HLA-A*80:01,esm2_joint,locus,0,1.0,13696,0.26236426446749106,0.9419967
21627,HLA-A*24:07,esm2_joint,locus,0,1.0,13696,2.1400661634962708,0.25678843
21628,HLA-A*02:50,esm2_joint,locus,0,1.0,13696,2.760009940032921,0.21645027
21633,HLA-A*02:50,esm2_joint,locus,0,1.0,13696,2.9231615807191558,0.07881993
21638,HLA-A*31:01,esm2_joint,locus,0,1.0,13696,3.0726933146901194,1.6817513
21639,HLA-A*68:01,esm2_joint,locus,0,1.0,13696,1.2809338454620642,0.7491378
21640,HLA-A*68:01,esm2_joint,locus,0,1.0,13696,0.0,0.3672871
21641,HLA-A*03:01,esm2_joint,locus,0,1.0,13696,0.18232155679395465,0.512025
21642,HLA-A*30:02,esm2_joint,locus,0,1.0,13696,1.0986122886681098,1.0580506
21643,HLA-A*32:07,esm2_joint,locus,0,1.0,13696,0.0,0.58120465
21645,HLA-A*24:02,esm2_joint,locus,0,1.0,13696,0.4700036292457355,1.4601656
21646,HLA-A*30:01,esm2_joint,locus,0,1.0,13696,0.18232155679395465,0.21332836
21647,HLA-A*68:01,esm2_joint,locus,0,1.0,13696,0.0,1.1665736
21650,HLA-A*23:01,esm2_joint,locus,0,1.0,13696,3.3463891451671604,0.6061244
21652,HLA-A*24:02,esm2_joint,locus,0,1.0,13696,0.832909122935104,0.8480691
21653,HLA-A*02:01,esm2_joint,locus,0,1.0,13696,3.258096538021482,0.15051323
21654,HLA-A*02:11,esm2_joint,locus,0,1.0,13696,2.7536607123542622,0.85361123
21657,HLA-A*66:01,esm2_joint,locus,0,1.0,13696,0.18232155679395465,0.8028317
21658,HLA-A*02:11,esm2_joint,locus,0,1.0,13696,3.353406717825807,0.34398645
21659,HLA-A*02:05,esm2_joint,locus,0,1.0,13696,0.7419373447293773,0.30054218
21660,HLA-A*30:02,esm2_joint,locus,0,1.0,13696,0.5877866649021191,0.47269058
21661,HLA-A*30:02,esm2_joint,locus,0,1.0,13696,2.501435951739211,0.53484786
21663,HLA-A*66:01,esm2_joint,locus,0,1.0,13696,0.18232155679395465,0.6389064
21666,HLA-A*02:11,esm2_joint,locus,0,1.0,13696,0.9162907318741551,-0.02669841
21667,HLA-A*74:01,esm2_joint,locus,0,1.0,13696,3.481240089335692,0.8866853
21670,HLA-A*30:02,esm2_joint,locus,0,1.0,13696,0.0,0.5785295
21671,HLA-A*23:01,esm2_joint,locus,0,1.0,13696,3.0492730404820207,0.75563496
21674,HLA-A*24:02,esm2_joint,locus,0,1.0,13696,0.7419373447293773,1.1504062
21678,HLA-A*66:01,esm2_joint,locus,0,1.0,13696,0.18232155679395465,0.73286986
21679,HLA-A*26:03,esm2_joint,locus,0,1.0,13696,0.6931471805599453,0.033070266
21682,HLA-A*26:03,esm2_joint,locus,0,1.0,13696,3.8133070324889884,0.44277537
21684,HLA-A*33:03,esm2_joint,locus,0,1.0,13696,0.8754687373538999,1.1294404
21687,HLA-A*02:50,esm2_joint,locus,0,1.0,13696,2.3978952727983707,0.39686674
21688,HLA-A*74:01,esm2_joint,locus,0,1.0,13696,0.7884573603642702,0.8528506
21690,HLA-A*26:02,esm2_joint,locus,0,1.0,13696,2.8213788864092133,1.3487598
21694,HLA-A*02:10,esm2_joint,locus,0,1.0,13696,0.4054651081081644,0.46039218
21695,HLA-A*68:01,esm2_joint,locus,0,1.0,13696,1.7578579175523736,0.4763497
21704,HLA-A*02:01,esm2_joint,locus,0,1.0,13696,0.7884573603642702,0.47395867
21705,HLA-A*02:19,esm2_joint,locus,0,1.0,13696,1.4350845252893227,0.604657
21707,HLA-A*43:01,esm2_joint,locus,0,1.0,13696,0.18232155679395465,0.80061734
21709,HLA-A*02:11,esm2_joint,locus,0,1.0,13696,2.760009940032921,0.44572657
21712,HLA-A*26:02,esm2_joint,locus,0,1.0,13696,0.4700036292457355,1.0084313
21714,HLA-A*68:01,esm2_joint,locus,0,1.0,13696,3.342861804649192,0.70193595
21717,HLA-A*02:03,esm2_joint,locus,0,1.0,13696,0.832909122935104,0.2581259
21721,HLA-A*25:01,esm2_joint,locus,0,1.0,13696,0.5877866649021191,0.5826882
21725,HLA-A*29:02,esm2_joint,locus,0,1.0,13696,0.33647223662121295,1.0738289
21732,HLA-A*25:01,esm2_joint,locus,0,1.0,13696,0.0,0.49383265
21733,HLA-A*66:01,esm2_joint,locus,0,1.0,13696,0.33647223662121295,0.6928004
21737,HLA-A*02:19,esm2_joint,locus,0,1.0,13696,3.077312260546414,0.35168517
21742,HLA-A*30:02,esm2_joint,locus,0,1.0,13696,3.5263605246161616,0.87980187
21745,HLA-A*68:01,esm2_joint,locus,0,1.0,13696,0.4700036292457355,1.0525997
21746,HLA-A*74:01,esm2_joint,locus,0,1.0,13696,0.5306282510621704,0.9970856
21750,HLA-A*23:01,esm2_joint,locus,0,1.0,13696,2.803360380906535,0.19514722
21755,HLA-A*32:07,esm2_joint,locus,0,1.0,13696,1.9459101490553132,0.88819623
21757,HLA-A*68:23,esm2_joint,locus,0,1.0,13696,0.5306282510621704,0.86303675
21758,HLA-A*02:11,esm2_joint,locus,0,1.0,13696,0.0,0.78573895
21759,HLA-A*74:01,esm2_joint,locus,0,1.0,13696,0.26236426446749106,1.3824093
21768,HLA-A*26:03,esm2_joint,locus,0,1.0,13696,0.0,0.52564204
21770,HLA-A*02:11,esm2_joint,locus,0,1.0,13696,1.7578579175523736,0.2355836
21771,HLA-A*02:50,esm2_joint,locus,0,1.0,13696,2.0014800002101243,0.5658808
21772,HLA-A*31:01,esm2_joint,locus,0,1.0,13696,1.8718021769015913,0.8969754
21775,HLA-A*66:01,esm2_joint,locus,0,1.0,13696,0.0,0.94587386
21776,HLA-A*02:11,esm2_joint,locus,0,1.0,13696,3.104586678466073,0.80069137
21779,HLA-A*24:19,esm2_joint,locus,0,1.0,13696,0.0,0.4221568
21785,HLA-A*68:23,esm2_joint,locus,0,1.0,13696,2.5257286443082556,0.64981484
21786,HLA-A*02:12,esm2_joint,locus,0,1.0,13696,1.9740810260220096,0.7905164
21788,HLA-A*26:03,esm2_joint,locus,0,1.0,13696,0.0,0.6204663
21791,HLA-A*29:02,esm2_joint,locus,0,1.0,13696,0.4054651081081644,0.9837202
21792,HLA-A*32:07,esm2_joint,locus,0,1.0,13696,2.4765384001174837,1.1001759
21793,HLA-A*02:50,esm2_joint,locus,0,1.0,13696,2.653241964607215,0.075534225
21794,HLA-A*68:01,esm2_joint,locus,0,1.0,13696,2.970414465569701,1.2300178
21796,HLA-A*80:01,esm2_joint,locus,0,1.0,13696,0.0,0.4098869
21797,HLA-A*02:50,esm2_joint,locus,0,1.0,13696,2.4765384001174837,0.25762826
21799,HLA-A*24:07,esm2_joint,locus,0,1.0,13696,2.4159137783010487,0.9637483
21801,HLA-A*02:19,esm2_joint,locus,0,1.0,13696,2.8154087194227095,0.34212798
21804,HLA-A*43:01,esm2_joint,locus,0,1.0,13696,0.26236426446749106,1.136522
21805,HLA-A*80:01,esm2_joint,locus,0,1.0,13696,0.0,1.1800029
21806,HLA-A*02:10,esm2_joint,locus,0,1.0,13696,0.7884573603642702,0.58047926
21807,HLA-A*30:01,esm2_joint,locus,0,1.0,13696,1.0647107369924282,0.8091974
21808,HLA-A*30:01,esm2_joint,locus,0,1.0,13696,0.5306282510621704,0.29260367
21809,HLA-A*33:03,esm2_joint,locus,0,1.0,13696,4.298645025734831,1.2191274
21811,HLA-A*30:02,esm2_joint,locus,0,1.0,13696,0.26236426446749106,0.516933
21812,HLA-A*30:01,esm2_joint,locus,0,1.0,13696,0.9162907318741551,0.69469404
21819,HLA-A*24:07,esm2_joint,locus,0,1.0,13696,2.4595888418037104,1.6953667
21820,HLA-A*25:01,esm2_joint,locus,0,1.0,13696,0.18232155679395465,0.5450218
21822,HLA-A*33:03,esm2_joint,locus,0,1.0,13696,3.3775875160230218,0.57613003
21823,HLA-A*11:01,esm2_joint,locus,0,1.0,13696,3.634951112088381,1.0271666
21829,HLA-A*33:03,esm2_joint,locus,0,1.0,13696,1.62924053973028,0.28942508
21833,HLA-A*24:03,esm2_joint,locus,0,1.0,13696,2.681021528714291,0.266657
21836,HLA-A*02:50,esm2_joint,locus,0,1.0,13696,2.2925347571405443,0.064216316
21837,HLA-A*11:01,esm2_joint,locus,0,1.0,13696,4.585987366571318,1.1182628
21838,HLA-A*03:01,esm2_joint,locus,0,1.0,13696,2.856470206220483,0.6400136
21839,HLA-A*02:50,esm2_joint,locus,0,1.0,13696,2.533696813957432,0.51314545
21840,HLA-A*74:01,esm2_joint,locus,0,1.0,13696,4.067315889834181,1.478771
21843,HLA-A*30:01,esm2_joint,locus,0,1.0,13696,0.26236426446749106,0.13702542
21844,HLA-A*02:16,esm2_joint,locus,0,1.0,13696,2.1633230256605382,0.74357
21846,HLA-A*43:01,esm2_joint,locus,0,1.0,13696,0.26236426446749106,0.91335404
21847,HLA-A*29:02,esm2_joint,locus,0,1.0,13696,3.380994674344636,1.4895225
21849,HLA-A*24:19,esm2_joint,locus,0,1.0,13696,0.0,0.21980053
21857,HLA-A*66:01,esm2_joint,locus,0,1.0,13696,0.18232155679395465,0.9598323
21858,HLA-A*30:01,esm2_joint,locus,0,1.0,13696,0.0,0.35804868
21859,HLA-A*74:01,esm2_joint,locus,0,1.0,13696,0.832909122935104,1.3037283
21862,HLA-A*68:23,esm2_joint,locus,0,1.0,13696,0.18232155679395465,1.0019215
21864,HLA-A*32:07,esm2_joint,locus,0,1.0,13696,0.0,0.8261227
21867,HLA-A*02:01,esm2_joint,locus,0,1.0,13696,0.0,0.4943164
21868,HLA-A*02:03,esm2_joint,locus,0,1.0,13696,2.856470206220483,0.095178545
21869,HLA-A*80:01,esm2_joint,locus,0,1.0,13696,0.0,0.7206053
21871,HLA-A*26:02,esm2_joint,locus,0,1.0,13696,0.4700036292457355,0.8402175
21872,HLA-A*68:23,esm2_joint,locus,0,1.0,13696,0.18232155679395465,0.5522603
21874,HLA-A*24:02,esm2_joint,locus,0,1.0,13696,2.0541237336955462,0.7039741
21876,HLA-A*30:01,esm2_joint,locus,0,1.0,13696,0.5306282510621704,0.35949856
21880,HLA-A*24:19,esm2_joint,locus,0,1.0,13696,0.18232155679395465,0.75023746
21883,HLA-A*02:12,esm2_joint,locus,0,1.0,13696,2.3978952727983707,0.3928548
21885,HLA-A*30:02,esm2_joint,locus,0,1.0,13696,1.824549292051046,0.5156958
21886,HLA-A*24:02,esm2_joint,locus,0,1.0,13696,0.6418538861723948,0.28789735
21888,HLA-A*02:50,esm2_joint,locus,0,1.0,13696,3.169685580677429,0.22595495
21889,HLA-A*02:16,esm2_joint,locus,0,1.0,13696,2.772588722239781,0.01275754
21890,HLA-A*30:01,esm2_joint,locus,0,1.0,13696,0.18232155679395465,0.6934569
21891,HLA-A*26:03,esm2_joint,locus,0,1.0,13696,1.1631508098056809,0.406691
21892,HLA-A*30:01,esm2_joint,locus,0,1.0,13696,2.803360380906535,1.0760336
21893,HLA-A*33:03,esm2_joint,locus,0,1.0,13696,0.0,0.36600083
21894,HLA-A*68:01,esm2_joint,locus,0,1.0,13696,4.12552017969055,0.48358887
21895,HLA-A*32:07,esm2_joint,locus,0,1.0,13696,0.0,0.78145677
21896,HLA-A*24:02,esm2_joint,locus,0,1.0,13696,2.3608540011180215,0.96224666
21897,HLA-A*02:11,esm2_joint,locus,0,1.0,13696,2.833213344056216,0.22056323
21898,HLA-A*30:01,esm2_joint,locus,0,1.0,13696,0.0,0.45526534
21899,HLA-A*26:02,esm2_joint,locus,0,1.0,13696,0.4054651081081644,1.3523669
21902,HLA-A*24:02,esm2_joint,locus,0,1.0,13696,1.8562979903656263,1.0109433
21905,HLA-A*24:19,esm2_joint,locus,0,1.0,13696,0.4054651081081644,0.7572467
21906,HLA-A*24:19,esm2_joint,locus,0,1.0,13696,0.7884573603642702,0.8038759
21907,HLA-A*24:07,esm2_joint,locus,0,1.0,13696,1.8718021769015913,0.9286436
21908,HLA-A*68:23,esm2_joint,locus,0,1.0,13696,0.0,0.8449642
21912,HLA-A*25:01,esm2_joint,locus,0,1.0,13696,2.272125885509337,0.3255555
21915,HLA-A*23:01,esm2_joint,locus,0,1.0,13696,0.9162907318741551,0.4267789
21921,HLA-A*30:02,esm2_joint,locus,0,1.0,13696,0.4054651081081644,0.71759903
21922,HLA-A*30:02,esm2_joint,locus,0,1.0,13696,0.18232155679395465,0.5148357
21925,HLA-A*29:02,esm2_joint,locus,0,1.0,13696,2.128231705849268,0.8332071
21927,HLA-A*66:01,esm2_joint,locus,0,1.0,13696,0.0,0.8413731
21928,HLA-A*02:12,esm2_joint,locus,0,1.0,13696,2.7788192719904172,0.6437433
21929,HLA-A*23:01,esm2_joint,locus,0,1.0,13696,2.70805020110221,0.5445128
21931,HLA-A*24:03,esm2_joint,locus,0,1.0,13696,0.9162907318741551,0.32470948
21932,HLA-A*68:23,esm2_joint,locus,0,1.0,13696,0.9162907318741551,0.6985984
21933,HLA-A*02:03,esm2_joint,locus,0,1.0,13696,3.3568971227655755,0.3722871
21934,HLA-A*74:01,esm2_joint,locus,0,1.0,13696,0.5306282510621704,0.77101374
21939,HLA-A*24:03,esm2_joint,locus,0,1.0,13696,1.7749523509116738,0.2288832
21944,HLA-A*02:01,esm2_joint,locus,0,1.0,13696,2.4423470353692043,0.71301234
21945,HLA-A*02:10,esm2_joint,locus,0,1.0,13696,0.6418538861723948,0.2804047
21946,HLA-A*02:12,esm2_joint,locus,0,1.0,13696,1.252762968495368,0.2119878
21947,HLA-A*02:12,esm2_joint,locus,0,1.0,13696,3.4436180975461075,0.3770662
21948,HLA-A*02:50,esm2_joint,locus,0,1.0,13696,1.916922612182061,0.31301254
21949,HLA-A*24:03,esm2_joint,locus,0,1.0,13696,0.09531017980432487,0.5118197
21951,HLA-A*68:01,esm2_joint,locus,0,1.0,13696,0.0,1.0995249
21952,HLA-A*23:01,esm2_joint,locus,0,1.0,13696,3.8110970868381857,1.3246487
21957,HLA-A*68:23,esm2_joint,locus,0,1.0,13696,0.26236426446749106,0.3730411
21958,HLA-A*02:50,esm2_joint,locus,0,1.0,13696,2.91235066461494,0.014645278
21959,HLA-A*02:50,esm2_joint,locus,0,1.0,13696,2.4849066497880004,0.38623095
21960,HLA-A*02:16,esm2_joint,locus,0,1.0,13696,3.3357695763397,0.7291976
21962,HLA-A*24:07,esm2_joint,locus,0,1.0,13696,1.1631508098056809,0.6669428
21963,HLA-A*66:01,esm2_joint,locus,0,1.0,13696,0.18232155679395465,0.6257479
21966,HLA-A*02:16,esm2_joint,locus,0,1.0,13696,2.760009940032921,0.5011538
21967,HLA-A*30:01,esm2_joint,locus,0,1.0,13696,0.5877866649021191,0.50811476
21968,HLA-A*24:19,esm2_joint,locus,0,1.0,13696,0.18232155679395465,1.3869385
21972,HLA-A*68:23,esm2_joint,locus,0,1.0,13696,0.5306282510621704,0.34041148
21973,HLA-A*02:01,esm2_joint,locus,0,1.0,13696,1.3110318766193438,0.42538166
21974,HLA-A*24:02,esm2_joint,locus,0,1.0,13696,1.1314021114911006,0.8497689
21976,HLA-A*24:03,esm2_joint,locus,0,1.0,13696,0.4700036292457355,0.6912866
21981,HLA-A*02:03,esm2_joint,locus,0,1.0,13696,2.33214389523559,0.5640131
21982,HLA-A*02:12,esm2_joint,locus,0,1.0,13696,0.0,0.7288647
21983,HLA-A*02:50,esm2_joint,locus,0,1.0,13696,1.308332819650179,0.24380606
21990,HLA-A*24:02,esm2_joint,locus,0,1.0,13696,0.6418538861723948,1.1633528
21992,HLA-A*02:50,esm2_joint,locus,0,1.0,13696,2.0918640616783932,0.70083714
21993,HLA-A*02:50,esm2_joint,locus,0,1.0,13696,2.272125885509337,0.12566191
21994,HLA-A*02:50,esm2_joint,locus,0,1.0,13696,3.186352633162641,0.92749196
21995,HLA-A*30:01,esm2_joint,locus,0,1.0,13696,0.0,0.5260386
22000,HLA-A*02:05,esm2_joint,locus,0,1.0,13696,2.760009940032921,-0.04919082
22001,HLA-A*02:50,esm2_joint,locus,0,1.0,13696,1.0647107369924282,0.31003916
22006,HLA-A*25:01,esm2_joint,locus,0,1.0,13696,0.0,0.7360256
22008,HLA-A*24:02,esm2_joint,locus,0,1.0,13696,0.18232155679395465,0.39453834
22009,HLA-A*30:01,esm2_joint,locus,0,1.0,13696,0.5877866649021191,0.8798895
22012,HLA-A*02:12,esm2_joint,locus,0,1.0,13696,0.5306282510621704,0.33020848
22013,HLA-A*33:03,esm2_joint,locus,0,1.0,13696,0.4700036292457355,-0.10343903
22016,HLA-A*66:01,esm2_joint,locus,0,1.0,13696,0.0,0.6038522
22018,HLA-A*24:02,esm2_joint,locus,0,1.0,13696,3.5263605246161616,1.0410268
22019,HLA-A*02:12,esm2_joint,locus,0,1.0,13696,1.3609765531356006,0.32225788
22020,HLA-A*02:12,esm2_joint,locus,0,1.0,13696,2.4595888418037104,0.24514359
22023,HLA-A*30:02,esm2_joint,locus,0,1.0,13696,0.18232155679395465,0.17625087
22024,HLA-A*80:01,esm2_joint,locus,0,1.0,13696,0.4700036292457355,0.79638857
22026,HLA-A*02:12,esm2_joint,locus,0,1.0,13696,0.832909122935104,0.12124568
22027,HLA-A*02:16,esm2_joint,locus,0,1.0,13696,3.7256934272366524,0.46004975
22028,HLA-A*33:03,esm2_joint,locus,0,1.0,13696,0.0,0.8713541
22034,HLA-A*32:07,esm2_joint,locus,0,1.0,13696,0.0,0.7768506
22037,HLA-A*02:11,esm2_joint,locus,0,1.0,13696,2.4932054526026954,0.9020971
22038,HLA-A*02:50,esm2_joint,locus,0,1.0,13696,3.190476350346503,0.108719885
22039,HLA-A*11:01,esm2_joint,locus,0,1.0,13696,3.4404180948154366,1.0549922
22042,HLA-A*68:23,esm2_joint,locus,0,1.0,13696,0.4054651081081644,1.108463
22043,HLA-A*02:19,esm2_joint,locus,0,1.0,13696,4.028916756899646,0.6826696
22048,HLA-A*24:07,esm2_joint,locus,0,1.0,13696,2.028148247292285,1.1073419
22050,HLA-A*02:01,esm2_joint,locus,0,1.0,13696,2.9601050959108397,0.84417117
22054,HLA-A*43:01,esm2_joint,locus,0,1.0,13696,0.33647223662121295,0.9818212
22057,HLA-A*02:03,esm2_joint,locus,0,1.0,13696,2.4595888418037104,0.2618943
22058,HLA-A*02:19,esm2_joint,locus,0,1.0,13696,0.6418538861723948,0.01838088
22059,HLA-A*68:01,esm2_joint,locus,0,1.0,13696,1.410986973710262,0.9619816
22062,HLA-A*23:01,esm2_joint,locus,0,1.0,13696,1.4586150226995167,0.55267733
22063,HLA-A*30:01,esm2_joint,locus,0,1.0,13696,0.0,0.44096243
22067,HLA-A*02:50,esm2_joint,locus,0,1.0,13696,2.5494451709255714,0.6587223
22070,HLA-A*02:16,esm2_joint,locus,0,1.0,13696,2.451005098112319,-0.08226329
22072,HLA-A*80:01,esm2_joint,locus,0,1.0,13696,0.7884573603642702,0.5280423
22075,HLA-A*33:03,esm2_joint,locus,0,1.0,13696,2.6602595372658615,0.8660216
22076,HLA-A*33:03,esm2_joint,locus,0,1.0,13696,0.0,1.2632809
22078,HLA-A*74:01,esm2_joint,locus,0,1.0,13696,0.0,1.4393156
22081,HLA-A*24:07,esm2_joint,locus,0,1.0,13696,0.7419373447293773,0.08336568
22085,HLA-A*03:01,esm2_joint,locus,0,1.0,13696,4.117409835153096,1.3431557
22086,HLA-A*30:01,esm2_joint,locus,0,1.0,13696,0.7884573603642702,0.37960845
22087,HLA-A*23:01,esm2_joint,locus,0,1.0,13696,2.2407096892759584,0.25326538
22088,HLA-A*24:03,esm2_joint,locus,0,1.0,13696,2.388762789235098,0.8616175
22090,HLA-A*74:01,esm2_joint,locus,0,1.0,13696,2.797281334830153,1.3219204
22097,HLA-A*02:03,esm2_joint,locus,0,1.0,13696,0.7884573603642702,0.39097452
22098,HLA-A*33:03,esm2_joint,locus,0,1.0,13696,0.09531017980432487,1.3364724
22103,HLA-A*30:01,esm2_joint,locus,0,1.0,13696,3.462606009790799,0.48837948
22104,HLA-A*33:03,esm2_joint,locus,0,1.0,13696,0.0,0.88795507
22105,HLA-A*32:07,esm2_joint,locus,0,1.0,13696,3.8264651170664994,1.1316911
22107,HLA-A*02:19,esm2_joint,locus,0,1.0,13696,1.4350845252893227,0.3533246
22109,HLA-A*43:01,esm2_joint,locus,0,1.0,13696,0.0,0.93923134
22110,HLA-A*24:07,esm2_joint,locus,0,1.0,13696,0.6418538861723948,0.7163903
22111,HLA-A*02:03,esm2_joint,locus,0,1.0,13696,2.9652730660692823,0.5141431
22112,HLA-A*30:01,esm2_joint,locus,0,1.0,13696,0.0,1.0972793
22114,HLA-A*30:02,esm2_joint,locus,0,1.0,13696,1.1314021114911006,0.9156657
22115,HLA-A*25:01,esm2_joint,locus,0,1.0,13696,0.0,0.6847736
22117,HLA-A*02:01,esm2_joint,locus,0,1.0,13696,0.6931471805599453,0.48937723
22122,HLA-A*24:07,esm2_joint,locus,0,1.0,13696,1.1631508098056809,1.0914202
22127,HLA-A*02:16,esm2_joint,locus,0,1.0,13696,2.2192034840549946,0.62906426
22131,HLA-A*43:01,esm2_joint,locus,0,1.0,13696,0.0,1.0929847
22132,HLA-A*25:01,esm2_joint,locus,0,1.0,13696,0.9162907318741551,0.58893424
22133,HLA-A*66:01,esm2_joint,locus,0,1.0,13696,0.33647223662121295,0.81187254
22141,HLA-A*03:01,esm2_joint,locus,0,1.0,13696,0.0,1.334261
22142,HLA-A*68:01,esm2_joint,locus,0,1.0,13696,1.0647107369924282,0.76824003
22144,HLA-A*26:02,esm2_joint,locus,0,1.0,13696,0.26236426446749106,0.60442495
22146,HLA-A*03:01,esm2_joint,locus,0,1.0,13696,0.4054651081081644,0.79863226
22147,HLA-A*02:11,esm2_joint,locus,0,1.0,13696,2.8735646395797834,0.5795772
22148,HLA-A*11:01,esm2_joint,locus,0,1.0,13696,3.5234150143864045,0.6182368
22152,HLA-A*02:03,esm2_joint,locus,0,1.0,13696,3.3638415951183864,0.35590178
22153,HLA-A*02:10,esm2_joint,locus,0,1.0,13696,2.533696813957432,0.8177736
22154,HLA-A*02:50,esm2_joint,locus,0,1.0,13696,1.7227665977411035,0.11334568
22156,HLA-A*32:07,esm2_joint,locus,0,1.0,13696,1.0986122886681098,1.2038298
22158,HLA-A*02:01,esm2_joint,locus,0,1.0,13696,1.8562979903656263,0.2437262
22162,HLA-A*02:03,esm2_joint,locus,0,1.0,13696,1.7227665977411035,0.7577962
22166,HLA-A*69:01,esm2_joint,locus,0,1.0,13696,0.6931471805599453,0.7735646
22168,HLA-A*29:02,esm2_joint,locus,0,1.0,13696,1.5686159179138452,0.9707146
22169,HLA-A*02:11,esm2_joint,locus,0,1.0,13696,2.0794415416798357,0.7364044
22176,HLA-A*23:01,esm2_joint,locus,0,1.0,13696,3.7013019741124933,0.39332873
22177,HLA-A*32:07,esm2_joint,locus,0,1.0,13696,2.509599262378372,1.1481786
22178,HLA-A*25:01,esm2_joint,locus,0,1.0,13696,2.9856819377004897,0.3824584
22180,HLA-A*02:11,esm2_joint,locus,0,1.0,13696,2.2407096892759584,0.5741729
22181,HLA-A*33:03,esm2_joint,locus,0,1.0,13696,0.33647223662121295,0.7560344
22186,HLA-A*24:02,esm2_joint,locus,0,1.0,13696,0.5306282510621704,0.6561173
22187,HLA-A*11:01,esm2_joint,locus,0,1.0,13696,0.0,0.77826107
22190,HLA-A*26:02,esm2_joint,locus,0,1.0,13696,0.4700036292457355,0.6881755
22191,HLA-A*66:01,esm2_joint,locus,0,1.0,13696,0.09531017980432487,0.80646825
22194,HLA-A*24:02,esm2_joint,locus,0,1.0,13696,1.2809338454620642,0.7545528
22195,HLA-A*30:01,esm2_joint,locus,0,1.0,13696,0.0,0.24683172
22197,HLA-A*23:01,esm2_joint,locus,0,1.0,13696,2.186051276738094,0.61842066
22199,HLA-A*24:19,esm2_joint,locus,0,1.0,13696,0.0,0.33183688
22200,HLA-A*02:01,esm2_joint,locus,0,1.0,13696,2.5726122302071057,0.44856304
22201,HLA-A*02:03,esm2_joint,locus,0,1.0,13696,0.33647223662121295,0.752658
22202,HLA-A*02:10,esm2_joint,locus,0,1.0,13696,0.4700036292457355,0.62763023
22204,HLA-A*24:19,esm2_joint,locus,0,1.0,13696,0.18232155679395465,0.62616456
22205,HLA-A*02:11,esm2_joint,locus,0,1.0,13696,0.7419373447293773,0.4832357
22206,HLA-A*24:03,esm2_joint,locus,0,1.0,13696,3.5524868292083815,1.4379388
22207,HLA-A*24:07,esm2_joint,locus,0,1.0,13696,2.9391619220655967,1.252366
22211,HLA-A*29:02,esm2_joint,locus,0,1.0,13696,0.26236426446749106,0.7227641
22212,HLA-A*25:01,esm2_joint,locus,0,1.0,13696,2.7212954278522306,0.4918056
22213,HLA-A*26:02,esm2_joint,locus,0,1.0,13696,1.5686159179138452,0.34235895
22214,HLA-A*66:01,esm2_joint,locus,0,1.0,13696,0.0,0.888078
22216,HLA-A*26:02,esm2_joint,locus,0,1.0,13696,1.8082887711792655,0.1188339
22217,HLA-A*24:02,esm2_joint,locus,0,1.0,13696,0.9162907318741551,1.188573
22223,HLA-A*24:19,esm2_joint,locus,0,1.0,13696,0.33647223662121295,0.5338788
22227,HLA-A*68:01,esm2_joint,locus,0,1.0,13696,0.5877866649021191,0.2330367
22230,HLA-A*24:07,esm2_joint,locus,0,1.0,13696,0.5877866649021191,0.6342552
22231,HLA-A*24:02,esm2_joint,locus,0,1.0,13696,2.9069010598473755,0.7011694
22232,HLA-A*32:01,esm2_joint,locus,0,1.0,13696,3.9721769282478934,1.2830272
22235,HLA-A*68:01,esm2_joint,locus,0,1.0,13696,0.26236426446749106,0.43857747
22237,HLA-A*26:03,esm2_joint,locus,0,1.0,13696,2.6946271807700692,0.46494633
22239,HLA-A*02:19,esm2_joint,locus,0,1.0,13696,3.8918202981106265,0.45423776
22246,HLA-A*24:19,esm2_joint,locus,0,1.0,13696,0.09531017980432487,0.68761575
22252,HLA-A*26:03,esm2_joint,locus,0,1.0,13696,1.1314021114911006,0.5472056
22253,HLA-A*74:01,esm2_joint,locus,0,1.0,13696,0.6418538861723948,1.4544969
22257,HLA-A*02:19,esm2_joint,locus,0,1.0,13696,2.785011242238338,0.40777904
22258,HLA-A*24:02,esm2_joint,locus,0,1.0,13696,2.9069010598473755,0.6664282
22260,HLA-A*02:03,esm2_joint,locus,0,1.0,13696,3.086486636822455,0.616941
22261,HLA-A*26:03,esm2_joint,locus,0,1.0,13696,0.33647223662121295,0.38189375
22265,HLA-A*26:03,esm2_joint,locus,0,1.0,13696,0.0,0.9476212
22268,HLA-A*30:02,esm2_joint,locus,0,1.0,13696,1.8562979903656263,0.56812346
22269,HLA-A*02:01,esm2_joint,locus,0,1.0,13696,0.5306282510621704,0.17642409
22270,HLA-A*25:01,esm2_joint,locus,0,1.0,13696,0.4700036292457355,0.67146325
22271,HLA-A*25:01,esm2_joint,locus,0,1.0,13696,0.33647223662121295,0.9890457
22272,HLA-A*26:02,esm2_joint,locus,0,1.0,13696,0.7884573603642702,0.6482247
22273,HLA-A*02:50,esm2_joint,locus,0,1.0,13696,1.308332819650179,0.32394594
22274,HLA-A*68:01,esm2_joint,locus,0,1.0,13696,0.0,1.0521145
22279,HLA-A*24:02,esm2_joint,locus,0,1.0,13696,0.4700036292457355,0.1633938
22280,HLA-A*33:03,esm2_joint,locus,0,1.0,13696,0.0,1.30569
22282,HLA-A*43:01,esm2_joint,locus,0,1.0,13696,0.0,0.7544038
22288,HLA-A*33:03,esm2_joint,locus,0,1.0,13696,3.332204510175204,0.5361931
22289,HLA-A*32:07,esm2_joint,locus,0,1.0,13696,0.0,0.5482818
22292,HLA-A*02:11,esm2_joint,locus,0,1.0,13696,1.1631508098056809,0.058629155
22295,HLA-A*43:01,esm2_joint,locus,0,1.0,13696,1.7578579175523736,0.8264516
22296,HLA-A*24:03,esm2_joint,locus,0,1.0,13696,2.791165107812717,0.13607252
22298,HLA-A*30:01,esm2_joint,locus,0,1.0,13696,3.3032169733019514,0.7723453
22304,HLA-A*02:10,esm2_joint,locus,0,1.0,13696,0.26236426446749106,0.36340588
22305,HLA-A*30:01,esm2_joint,locus,0,1.0,13696,4.799090878625398,1.0801034
22308,HLA-A*43:01,esm2_joint,locus,0,1.0,13696,0.26236426446749106,0.9544866
22309,HLA-A*24:02,esm2_joint,locus,0,1.0,13696,0.18232155679395465,0.6327276
22310,HLA-A*33:03,esm2_joint,locus,0,1.0,13696,0.0,0.8156939
22314,HLA-A*02:50,esm2_joint,locus,0,1.0,13696,1.62924053973028,0.15123355
22318,HLA-A*24:02,esm2_joint,locus,0,1.0,13696,0.4054651081081644,0.84821105
22319,HLA-A*74:01,esm2_joint,locus,0,1.0,13696,0.26236426446749106,1.1258723
22321,HLA-A*26:03,esm2_joint,locus,0,1.0,13696,0.0,0.31137377
22322,HLA-A*33:03,esm2_joint,locus,0,1.0,13696,0.0,0.99163204
22323,HLA-A*26:02,esm2_joint,locus,0,1.0,13696,3.5524868292083815,0.15134901
22324,HLA-A*01:01,esm2_joint,locus,0,1.0,13696,3.3541057741283047,0.94885546
22326,HLA-A*02:03,esm2_joint,locus,0,1.0,13696,3.8753590210565547,0.45510954
22327,HLA-A*31:01,esm2_joint,locus,0,1.0,13696,0.9162907318741551,1.2585363
22328,HLA-A*66:01,esm2_joint,locus,0,1.0,13696,0.33647223662121295,0.8476144
22329,HLA-A*24:03,esm2_joint,locus,0,1.0,13696,0.7419373447293773,0.70244867
22330,HLA-A*25:01,esm2_joint,locus,0,1.0,13696,0.0,0.62105656
22331,HLA-A*68:23,esm2_joint,locus,0,1.0,13696,0.4054651081081644,0.41289723
22334,HLA-A*02:03,esm2_joint,locus,0,1.0,13696,3.6375861597263857,0.8119718
22338,HLA-A*30:02,esm2_joint,locus,0,1.0,13696,0.33647223662121295,0.8968841
22340,HLA-A*02:50,esm2_joint,locus,0,1.0,13696,1.6486586255873816,0.78592557
22341,HLA-A*02:19,esm2_joint,locus,0,1.0,13696,1.7578579175523736,0.5060422
22342,HLA-A*02:19,esm2_joint,locus,0,1.0,13696,0.9932517730102833,0.7458946
22343,HLA-A*31:01,esm2_joint,locus,0,1.0,13696,0.33647223662121295,0.91633177
22345,HLA-A*02:16,esm2_joint,locus,0,1.0,13696,1.667706820558076,0.39798933
22349,HLA-A*30:01,esm2_joint,locus,0,1.0,13696,0.0,0.16234034
22352,HLA-A*30:02,esm2_joint,locus,0,1.0,13696,1.4816045409242156,1.5839889
22353,HLA-A*24:07,esm2_joint,locus,0,1.0,13696,2.2823823856765264,0.37674826
22354,HLA-A*02:11,esm2_joint,locus,0,1.0,13696,2.3513752571634776,0.5361116
22358,HLA-A*23:01,esm2_joint,locus,0,1.0,13696,2.1400661634962708,0.66526484
22359,HLA-A*68:23,esm2_joint,locus,0,1.0,13696,1.0647107369924282,0.5109973
22361,HLA-A*02:03,esm2_joint,locus,0,1.0,13696,2.0794415416798357,0.4594258
22363,HLA-A*02:01,esm2_joint,locus,0,1.0,13696,2.1041341542702074,0.10669601
22364,HLA-A*30:01,esm2_joint,locus,0,1.0,13696,0.18232155679395465,0.7222581
22365,HLA-A*33:03,esm2_joint,locus,0,1.0,13696,1.62924053973028,0.5218174
22367,HLA-A*43:01,esm2_joint,locus,0,1.0,13696,0.4700036292457355,1.221439
22369,HLA-A*30:01,esm2_joint,locus,0,1.0,13696,0.0,0.6035996
22371,HLA-A*66:01,esm2_joint,locus,0,1.0,13696,0.0,1.0677983
22372,HLA-A*02:10,esm2_joint,locus,0,1.0,13696,0.4700036292457355,0.23448676
22373,HLA-A*02:50,esm2_joint,locus,0,1.0,13696,0.5306282510621704,0.53176874
22376,HLA-A*23:01,esm2_joint,locus,0,1.0,13696,3.580737295494233,0.45080608
22377,HLA-A*32:07,esm2_joint,locus,0,1.0,13696,0.0,0.47398388
22381,HLA-A*02:12,esm2_joint,locus,0,1.0,13696,0.5306282510621704,0.412762
22385,HLA-A*30:02,esm2_joint,locus,0,1.0,13696,0.26236426446749106,0.56019133
22390,HLA-A*69:01,esm2_joint,locus,0,1.0,13696,0.0,0.89532596
22391,HLA-A*33:03,esm2_joint,locus,0,1.0,13696,0.0,0.8766071
22393,HLA-A*03:01,esm2_joint,locus,0,1.0,13696,0.0,1.2382851
22394,HLA-A*02:03,esm2_joint,locus,0,1.0,13696,2.9652730660692823,0.40595204
22397,HLA-A*80:01,esm2_joint,locus,0,1.0,13696,0.0,0.9810817
22400,HLA-A*11:01,esm2_joint,locus,0,1.0,13696,0.5306282510621704,0.86550117
22402,HLA-A*25:01,esm2_joint,locus,0,1.0,13696,0.0,0.7506748
22403,HLA-A*66:01,esm2_joint,locus,0,1.0,13696,0.4700036292457355,0.6831111
22404,HLA-A*26:03,esm2_joint,locus,0,1.0,13696,1.33500106673234,0.4326113
22407,HLA-A*24:02,esm2_joint,locus,0,1.0,13696,0.18232155679395465,0.7142669
22408,HLA-A*02:50,esm2_joint,locus,0,1.0,13696,0.33647223662121295,0.34092444
22409,HLA-A*02:50,esm2_joint,locus,0,1.0,13696,0.4054651081081644,0.47531122
22412,HLA-A*29:02,esm2_joint,locus,0,1.0,13696,1.1314021114911006,0.955204
22413,HLA-A*24:02,esm2_joint,locus,0,1.0,13696,0.4700036292457355,1.0426849
22414,HLA-A*02:16,esm2_joint,locus,0,1.0,13696,2.928523523860541,0.4420539
22419,HLA-A*29:02,esm2_joint,locus,0,1.0,13696,0.5306282510621704,1.1632421
22420,HLA-A*23:01,esm2_joint,locus,0,1.0,13696,0.6418538861723948,0.64398587
22421,HLA-A*01:01,esm2_joint,locus,0,1.0,13696,4.837075242970874,0.9436673
22423,HLA-A*33:03,esm2_joint,locus,0,1.0,13696,0.0,0.82239705
22425,HLA-A*80:01,esm2_joint,locus,0,1.0,13696,0.4054651081081644,1.0659844
22426,HLA-A*66:01,esm2_joint,locus,0,1.0,13696,0.0,0.97601193
22428,HLA-A*24:07,esm2_joint,locus,0,1.0,13696,1.9021075263969205,0.86496997
22430,HLA-A*02:10,esm2_joint,locus,0,1.0,13696,0.4054651081081644,0.08641857
22431,HLA-A*02:12,esm2_joint,locus,0,1.0,13696,3.5890591188317256,0.5873555
22432,HLA-A*31:01,esm2_joint,locus,0,1.0,13696,0.9932517730102833,0.6154882
22433,HLA-A*29:02,esm2_joint,locus,0,1.0,13696,1.791759469228055,0.9968427
22435,HLA-A*68:01,esm2_joint,locus,0,1.0,13696,0.0,0.81175894
22440,HLA-A*02:01,esm2_joint,locus,0,1.0,13696,1.4350845252893227,0.5997725
22445,HLA-A*25:01,esm2_joint,locus,0,1.0,13696,1.6486586255873816,0.29271877
22446,HLA-A*68:23,esm2_joint,locus,0,1.0,13696,0.26236426446749106,1.1134859
22447,HLA-A*66:01,esm2_joint,locus,0,1.0,13696,0.0,0.051432848
22450,HLA-A*30:01,esm2_joint,locus,0,1.0,13696,0.18232155679395465,0.5970423
22453,HLA-A*24:19,esm2_joint,locus,0,1.0,13696,0.18232155679395465,0.17354399
22454,HLA-A*68:23,esm2_joint,locus,0,1.0,13696,0.18232155679395465,0.45012504
22457,HLA-A*02:11,esm2_joint,locus,0,1.0,13696,2.617395832834079,0.7055559
22458,HLA-A*74:01,esm2_joint,locus,0,1.0,13696,0.7419373447293773,0.4809835
22463,HLA-A*02:03,esm2_joint,locus,0,1.0,13696,3.005682604407159,0.28059703
22466,HLA-A*23:01,esm2_joint,locus,0,1.0,13696,1.840549633397487,0.92686343
22469,HLA-A*43:01,esm2_joint,locus,0,1.0,13696,0.4700036292457355,1.3033233
22471,HLA-A*02:11,esm2_joint,locus,0,1.0,13696,2.9069010598473755,0.7261564
22474,HLA-A*24:07,esm2_joint,locus,0,1.0,13696,2.6946271807700692,0.6644099
22475,HLA-A*66:01,esm2_joint,locus,0,1.0,13696,0.26236426446749106,-0.25788528
22477,HLA-A*24:02,esm2_joint,locus,0,1.0,13696,0.33647223662121295,0.20248288
22478,HLA-A*23:01,esm2_joint,locus,0,1.0,13696,2.2823823856765264,1.030669
22479,HLA-A*68:23,esm2_joint,locus,0,1.0,13696,0.18232155679395465,0.70433736
22480,HLA-A*66:01,esm2_joint,locus,0,1.0,13696,0.0,0.5087867
22481,HLA-A*68:01,esm2_joint,locus,0,1.0,13696,1.308332819650179,0.9509032
22484,HLA-A*43:01,esm2_joint,locus,0,1.0,13696,0.26236426446749106,1.0665896
22485,HLA-A*02:03,esm2_joint,locus,0,1.0,13696,0.7419373447293773,-0.09258312
22486,HLA-A*33:03,esm2_joint,locus,0,1.0,13696,0.0,1.0633384
22487,HLA-A*30:01,esm2_joint,locus,0,1.0,13696,2.6100697927420065,1.1928349
22491,HLA-A*68:23,esm2_joint,locus,0,1.0,13696,0.33647223662121295,0.749526
22492,HLA-A*02:11,esm2_joint,locus,0,1.0,13696,1.410986973710262,0.24915677
22493,HLA-A*02:12,esm2_joint,locus,0,1.0,13696,1.1631508098056809,0.45768595
22494,HLA-A*68:01,esm2_joint,locus,0,1.0,13696,0.5306282510621704,0.28846377
22497,HLA-A*66:01,esm2_joint,locus,0,1.0,13696,0.4054651081081644,0.7512003
22502,HLA-A*02:50,esm2_joint,locus,0,1.0,13696,1.0296194171811583,0.6433817
22504,HLA-A*24:07,esm2_joint,locus,0,1.0,13696,2.5416019934645457,0.19453353
22505,HLA-A*25:01,esm2_joint,locus,0,1.0,13696,2.066862759472976,0.4434973
22507,HLA-A*32:07,esm2_joint,locus,0,1.0,13696,1.62924053973028,0.8837806
22512,HLA-A*66:01,esm2_joint,locus,0,1.0,13696,0.18232155679395465,0.75829726
22513,HLA-A*02:16,esm2_joint,locus,0,1.0,13696,1.308332819650179,0.41766024
22514,HLA-A*02:19,esm2_joint,locus,0,1.0,13696,1.1631508098056809,0.36731762
22515,HLA-A*11:01,esm2_joint,locus,0,1.0,13696,4.410371107683024,0.6749605
22522,HLA-A*24:02,esm2_joint,locus,0,1.0,13696,1.8718021769015913,1.2148781
22527,HLA-A*43:01,esm2_joint,locus,0,1.0,13696,1.5686159179138452,0.6224029
22531,HLA-A*02:12,esm2_joint,locus,0,1.0,13696,2.9231615807191558,0.66507375
22534,HLA-A*43:01,esm2_joint,locus,0,1.0,13696,0.18232155679395465,0.9800941
22535,HLA-A*26:03,esm2_joint,locus,0,1.0,13696,0.0,1.0396192
22538,HLA-A*02:16,esm2_joint,locus,0,1.0,13696,0.33647223662121295,0.6480989
22539,HLA-A*33:03,esm2_joint,locus,0,1.0,13696,0.0,0.69055367
22540,HLA-A*68:23,esm2_joint,locus,0,1.0,13696,1.8082887711792655,0.7665358
22543,HLA-A*43:01,esm2_joint,locus,0,1.0,13696,0.0,1.0628668
22544,HLA-A*80:01,esm2_joint,locus,0,1.0,13696,0.0,0.51871806
22546,HLA-A*80:01,esm2_joint,locus,0,1.0,13696,0.0,0.6308221
22549,HLA-A*80:01,esm2_joint,locus,0,1.0,13696,0.0,0.971295
22550,HLA-A*26:03,esm2_joint,locus,0,1.0,13696,1.1314021114911006,0.45178884
22552,HLA-A*02:19,esm2_joint,locus,0,1.0,13696,2.33214389523559,1.0306647
22555,HLA-A*11:01,esm2_joint,locus,0,1.0,13696,3.8088822465086327,0.77718025
22559,HLA-A*02:16,esm2_joint,locus,0,1.0,13696,2.2512917986064953,0.81183696
22562,HLA-A*24:07,esm2_joint,locus,0,1.0,13696,0.18232155679395465,0.5591792
22566,HLA-A*24:02,esm2_joint,locus,0,1.0,13696,0.33647223662121295,0.8745251
22567,HLA-A*02:19,esm2_joint,locus,0,1.0,13696,0.33647223662121295,0.52155447
22571,HLA-A*02:16,esm2_joint,locus,0,1.0,13696,2.667228206581955,0.741466
22574,HLA-A*32:07,esm2_joint,locus,0,1.0,13696,0.33647223662121295,1.3824662
22582,HLA-A*03:01,esm2_joint,locus,0,1.0,13696,2.3978952727983707,1.1544075
22583,HLA-A*29:02,esm2_joint,locus,0,1.0,13696,0.26236426446749106,1.0391198
22584,HLA-A*02:16,esm2_joint,locus,0,1.0,13696,3.713572066704308,0.8637546
22585,HLA-A*68:01,esm2_joint,locus,0,1.0,13696,0.18232155679395465,0.9471618
22588,HLA-A*02:01,esm2_joint,locus,0,1.0,13696,3.505557396986398,0.45305496
22589,HLA-A*03:01,esm2_joint,locus,0,1.0,13696,3.7256934272366524,0.9389852
22595,HLA-A*25:01,esm2_joint,locus,0,1.0,13696,1.9021075263969205,0.5215248
22599,HLA-A*24:02,esm2_joint,locus,0,1.0,13696,0.18232155679395465,0.71830165
22601,HLA-A*26:02,esm2_joint,locus,0,1.0,13696,2.388762789235098,0.4252779
22603,HLA-A*02:03,esm2_joint,locus,0,1.0,13696,1.8718021769015913,0.37765855
22604,HLA-A*02:19,esm2_joint,locus,0,1.0,13696,2.0918640616783932,0.6828117
22608,HLA-A*02:12,esm2_joint,locus,0,1.0,13696,0.6418538861723948,0.0723061
22609,HLA-A*68:01,esm2_joint,locus,0,1.0,13696,4.127134385045092,0.8538121
22610,HLA-A*74:01,esm2_joint,locus,0,1.0,13696,2.72785282839839,0.84365284
22613,HLA-A*29:02,esm2_joint,locus,0,1.0,13696,2.388762789235098,0.8580201
22614,HLA-A*23:01,esm2_joint,locus,0,1.0,13696,0.4700036292457355,-0.10335773
22617,HLA-A*43:01,esm2_joint,locus,0,1.0,13696,0.33647223662121295,0.7605257
22618,HLA-A*29:02,esm2_joint,locus,0,1.0,13696,0.4054651081081644,0.92857176
22619,HLA-A*33:03,esm2_joint,locus,0,1.0,13696,0.6931471805599453,0.6830211
22620,HLA-A*68:23,esm2_joint,locus,0,1.0,13696,0.09531017980432487,-0.08465558
22621,HLA-A*68:23,esm2_joint,locus,0,1.0,13696,0.18232155679395465,0.5301995
22623,HLA-A*02:01,esm2_joint,locus,0,1.0,13696,1.6094379124341003,0.67098665
22627,HLA-A*66:01,esm2_joint,locus,0,1.0,13696,0.5306282510621704,0.7140354
22630,HLA-A*02:01,esm2_joint,locus,0,1.0,13696,1.1939224684724346,-0.10508174
22631,HLA-A*02:50,esm2_joint,locus,0,1.0,13696,2.066862759472976,0.75842535
22632,HLA-A*74:01,esm2_joint,locus,0,1.0,13696,0.5877866649021191,1.0754633
22634,HLA-A*30:02,esm2_joint,locus,0,1.0,13696,0.4054651081081644,0.12210733
22637,HLA-A*68:01,esm2_joint,locus,0,1.0,13696,4.299324142908639,0.43588138
22641,HLA-A*80:01,esm2_joint,locus,0,1.0,13696,0.0,0.8321481
22642,HLA-A*24:19,esm2_joint,locus,0,1.0,13696,0.18232155679395465,0.62381756
22643,HLA-A*02:10,esm2_joint,locus,0,1.0,13696,1.8718021769015913,0.7318809
22644,HLA-A*02:10,esm2_joint,locus,0,1.0,13696,2.1400661634962708,0.49995875
22647,HLA-A*26:02,esm2_joint,locus,0,1.0,13696,0.18232155679395465,0.24223197
22652,HLA-A*68:02,esm2_joint,locus,0,1.0,13696,0.9932517730102833,0.33200353
22655,HLA-A*68:23,esm2_joint,locus,0,1.0,13696,0.26236426446749106,1.0466776
22657,HLA-A*24:02,esm2_joint,locus,0,1.0,13696,0.832909122935104,0.98556757
22658,HLA-A*02:16,esm2_joint,locus,0,1.0,13696,0.7884573603642702,0.36845177
22662,HLA-A*26:03,esm2_joint,locus,0,1.0,13696,0.0,0.249834
22665,HLA-A*24:02,esm2_joint,locus,0,1.0,13696,0.33647223662121295,0.50158453
22666,HLA-A*30:01,esm2_joint,locus,0,1.0,13696,0.0,0.05639428
22669,HLA-A*25:01,esm2_joint,locus,0,1.0,13696,0.5877866649021191,0.6420032
22671,HLA-A*68:01,esm2_joint,locus,0,1.0,13696,1.1314021114911006,0.23751152
22674,HLA-A*30:02,esm2_joint,locus,0,1.0,13696,0.8754687373538999,0.68781114
22676,HLA-A*02:10,esm2_joint,locus,0,1.0,13696,1.5686159179138452,0.05865735
22677,HLA-A*74:01,esm2_joint,locus,0,1.0,13696,1.33500106673234,1.1179113
22680,HLA-A*24:02,esm2_joint,locus,0,1.0,13696,1.0986122886681098,0.5917089
22685,HLA-A*26:03,esm2_joint,locus,0,1.0,13696,0.0,0.63153124
22688,HLA-A*43:01,esm2_joint,locus,0,1.0,13696,0.09531017980432487,1.1648289
22689,HLA-A*24:19,esm2_joint,locus,0,1.0,13696,0.09531017980432487,0.34238124
22691,HLA-A*24:02,esm2_joint,locus,0,1.0,13696,0.18232155679395465,1.0793662
22692,HLA-A*33:03,esm2_joint,locus,0,1.0,13696,0.0,1.2736964
22697,HLA-A*02:11,esm2_joint,locus,0,1.0,13696,2.0794415416798357,0.372831
22698,HLA-A*80:01,esm2_joint,locus,0,1.0,13696,1.667706820558076,0.7938269
22702,HLA-A*02:03,esm2_joint,locus,0,1.0,13696,2.89591193827178,0.4265231
22703,HLA-A*31:01,esm2_joint,locus,0,1.0,13696,1.7404661748405046,1.2583058
22704,HLA-A*29:02,esm2_joint,locus,0,1.0,13696,0.26236426446749106,1.0931906
22708,HLA-A*02:01,esm2_joint,locus,0,1.0,13696,3.139832617527748,0.59089917
22709,HLA-A*33:03,esm2_joint,locus,0,1.0,13696,0.0,0.7181899
22710,HLA-A*11:01,esm2_joint,locus,0,1.0,13696,2.8791984572980396,0.83504635
22714,HLA-A*68:01,esm2_joint,locus,0,1.0,13696,0.0,0.8042791
22717,HLA-A*30:02,esm2_joint,locus,0,1.0,13696,0.33647223662121295,0.6680061
22719,HLA-A*24:19,esm2_joint,locus,0,1.0,13696,0.09531017980432487,0.26061904
22727,HLA-A*33:03,esm2_joint,locus,0,1.0,13696,3.265759410767051,0.65830785
22731,HLA-A*02:10,esm2_joint,locus,0,1.0,13696,0.7884573603642702,0.3063677
22732,HLA-A*02:12,esm2_joint,locus,0,1.0,13696,1.33500106673234,0.41177738
22734,HLA-A*80:01,esm2_joint,locus,0,1.0,13696,0.18232155679395465,1.2473775
22740,HLA-A*68:23,esm2_joint,locus,0,1.0,13696,0.18232155679395465,-0.00023978949
22741,HLA-A*68:02,esm2_joint,locus,0,1.0,13696,0.33647223662121295,0.9014077
22743,HLA-A*43:01,esm2_joint,locus,0,1.0,13696,3.0819099697950434,1.2065177
22746,HLA-A*68:01,esm2_joint,locus,0,1.0,13696,0.0,1.346624
22748,HLA-A*30:02,esm2_joint,locus,0,1.0,13696,0.0,0.38738734
22750,HLA-A*66:01,esm2_joint,locus,0,1.0,13696,0.26236426446749106,0.5480893
22753,HLA-A*03:01,esm2_joint,locus,0,1.0,13696,1.6863989535702288,1.0798395
22754,HLA-A*02:10,esm2_joint,locus,0,1.0,13696,0.26236426446749106,0.5237774
22755,HLA-A*02:50,esm2_joint,locus,0,1.0,13696,2.72785282839839,0.19942242
22756,HLA-A*11:01,esm2_joint,locus,0,1.0,13696,3.8044377947482086,0.7460784
22758,HLA-A*24:19,esm2_joint,locus,0,1.0,13696,0.6931471805599453,0.7382805
22759,HLA-A*24:19,esm2_joint,locus,0,1.0,13696,0.4054651081081644,0.7671795
22760,HLA-A*02:03,esm2_joint,locus,0,1.0,13696,3.1654750481410856,0.22042948
22762,HLA-A*24:19,esm2_joint,locus,0,1.0,13696,0.9555114450274363,0.84260684
22763,HLA-A*26:02,esm2_joint,locus,0,1.0,13696,3.4468078929142076,0.43750405
22764,HLA-A*02:12,esm2_joint,locus,0,1.0,13696,3.295836866004329,0.8842375
22765,HLA-A*02:19,esm2_joint,locus,0,1.0,13696,0.4054651081081644,0.813632
22767,HLA-A*26:02,esm2_joint,locus,0,1.0,13696,0.26236426446749106,0.91521037
22768,HLA-A*02:50,esm2_joint,locus,0,1.0,13696,2.4159137783010487,0.6568967
22771,HLA-A*25:01,esm2_joint,locus,0,1.0,13696,0.0,0.47004348
22772,HLA-A*02:10,esm2_joint,locus,0,1.0,13696,0.0,-0.26781565
22773,HLA-A*02:12,esm2_joint,locus,0,1.0,13696,2.8154087194227095,0.30430126
22776,HLA-A*32:07,esm2_joint,locus,0,1.0,13696,4.563305981889393,0.8951088
22777,HLA-A*25:01,esm2_joint,locus,0,1.0,13696,0.5877866649021191,0.422154
22780,HLA-A*02:01,esm2_joint,locus,0,1.0,13696,3.342861804649192,0.52536917
22782,HLA-A*30:01,esm2_joint,locus,0,1.0,13696,0.26236426446749106,0.31250393
22784,HLA-A*32:07,esm2_joint,locus,0,1.0,13696,2.970414465569701,0.8853342
22785,HLA-A*68:23,esm2_joint,locus,0,1.0,13696,0.26236426446749106,0.7258538
22787,HLA-A*66:01,esm2_joint,locus,0,1.0,13696,0.8754687373538999,0.33124173
22790,HLA-A*32:07,esm2_joint,locus,0,1.0,13696,3.6375861597263857,1.2779971
22791,HLA-A*24:19,esm2_joint,locus,0,1.0,13696,0.0,0.74447227
22792,HLA-A*25:01,esm2_joint,locus,0,1.0,13696,0.0,0.22690302
22796,HLA-A*24:02,esm2_joint,locus,0,1.0,13696,0.26236426446749106,0.7070925
22797,HLA-A*02:01,esm2_joint,locus,0,1.0,13696,2.341805806147327,0.026741922
22801,HLA-A*29:02,esm2_joint,locus,0,1.0,13696,0.8754687373538999,1.4415908
22805,HLA-A*24:19,esm2_joint,locus,0,1.0,13696,0.18232155679395465,1.0808951
22806,HLA-A*24:19,esm2_joint,locus,0,1.0,13696,0.18232155679395465,0.9807953
22810,HLA-A*31:01,esm2_joint,locus,0,1.0,13696,0.18232155679395465,1.3752012
22811,HLA-A*68:01,esm2_joint,locus,0,1.0,13696,1.0986122886681098,1.0240897
22813,HLA-A*33:03,esm2_joint,locus,0,1.0,13696,0.26236426446749106,0.4881197
22815,HLA-A*23:01,esm2_joint,locus,0,1.0,13696,2.312535423847214,0.2496224
22816,HLA-A*25:01,esm2_joint,locus,0,1.0,13696,0.0,0.7443217
22817,HLA-A*26:02,esm2_joint,locus,0,1.0,13696,0.26236426446749106,-0.64189
22819,HLA-A*02:03,esm2_joint,locus,0,1.0,13696,1.308332819650179,0.5838861
22820,HLA-A*02:50,esm2_joint,locus,0,1.0,13696,0.4054651081081644,0.8895916
22822,HLA-A*32:07,esm2_joint,locus,0,1.0,13696,1.547562508716013,0.6148255
22827,HLA-A*30:02,esm2_joint,locus,0,1.0,13696,0.26236426446749106,1.1463557
22830,HLA-A*80:01,esm2_joint,locus,0,1.0,13696,0.18232155679395465,1.118165
22832,HLA-A*24:07,esm2_joint,locus,0,1.0,13696,0.09531017980432487,1.4895095
22835,HLA-A*02:19,esm2_joint,locus,0,1.0,13696,2.066862759472976,0.8692454
22838,HLA-A*30:02,esm2_joint,locus,0,1.0,13696,1.4816045409242156,0.9996397
22841,HLA-A*02:19,esm2_joint,locus,0,1.0,13696,2.70805020110221,0.4158852
22845,HLA-A*03:01,esm2_joint,locus,0,1.0,13696,0.09531017980432487,1.025183
22847,HLA-A*02:19,esm2_joint,locus,0,1.0,13696,0.6931471805599453,0.17264897
22848,HLA-A*02:05,esm2_joint,locus,0,1.0,13696,2.884800712846709,0.21298242
22850,HLA-A*24:02,esm2_joint,locus,0,1.0,13696,1.6094379124341003,0.47915322
22853,HLA-A*24:07,esm2_joint,locus,0,1.0,13696,1.4586150226995167,1.3799992
22854,HLA-A*24:07,esm2_joint,locus,0,1.0,13696,0.18232155679395465,0.3822602
22857,HLA-A*02:11,esm2_joint,locus,0,1.0,13696,2.2823823856765264,0.48077357
22858,HLA-A*30:01,esm2_joint,locus,0,1.0,13696,1.840549633397487,0.91747105
22861,HLA-A*24:19,esm2_joint,locus,0,1.0,13696,0.09531017980432487,0.13876605
22863,HLA-A*02:11,esm2_joint,locus,0,1.0,13696,2.5494451709255714,0.28704327
22865,HLA-A*29:02,esm2_joint,locus,0,1.0,13696,0.33647223662121295,0.6730758
22866,HLA-A*24:19,esm2_joint,locus,0,1.0,13696,0.26236426446749106,0.6665668
22869,HLA-A*30:02,esm2_joint,locus,0,1.0,13696,2.322387720290225,0.8921469
22871,HLA-A*24:02,esm2_joint,locus,0,1.0,13696,0.832909122935104,0.48394874
22873,HLA-A*30:02,esm2_joint,locus,0,1.0,13696,2.5877640352277083,0.5618385
22874,HLA-A*32:07,esm2_joint,locus,0,1.0,13696,3.126760535960395,1.4005728
22877,HLA-A*24:02,esm2_joint,locus,0,1.0,13696,3.983413001514819,1.0474756
22879,HLA-A*32:07,esm2_joint,locus,0,1.0,13696,1.3609765531356006,0.56136495
22881,HLA-A*31:01,esm2_joint,locus,0,1.0,13696,2.2192034840549946,1.0232005
22882,HLA-A*33:03,esm2_joint,locus,0,1.0,13696,0.6418538861723948,1.3215274
22885,HLA-A*24:19,esm2_joint,locus,0,1.0,13696,0.6418538861723948,0.5272036
22886,HLA-A*26:02,esm2_joint,locus,0,1.0,13696,0.18232155679395465,0.5559054
22887,HLA-A*02:50,esm2_joint,locus,0,1.0,13696,2.4595888418037104,-0.20035845
22888,HLA-A*68:01,esm2_joint,locus,0,1.0,13696,0.0,0.9410709
22892,HLA-A*66:01,esm2_joint,locus,0,1.0,13696,0.0,0.71332884
22897,HLA-A*30:01,esm2_joint,locus,0,1.0,13696,0.0,0.25859147
22898,HLA-A*31:01,esm2_joint,locus,0,1.0,13696,0.9555114450274363,1.1061447
22901,HLA-A*74:01,esm2_joint,locus,0,1.0,13696,0.4700036292457355,0.08489519
22904,HLA-A*33:03,esm2_joint,locus,0,1.0,13696,0.0,1.0568566
22912,HLA-A*74:01,esm2_joint,locus,0,1.0,13696,2.1633230256605382,1.265265
22913,HLA-A*23:01,esm2_joint,locus,0,1.0,13696,1.2237754316221157,0.794875
22914,HLA-A*32:07,esm2_joint,locus,0,1.0,13696,1.8718021769015913,0.7312584
22916,HLA-A*24:02,esm2_joint,locus,0,1.0,13696,1.308332819650179,0.38582057
22917,HLA-A*02:10,esm2_joint,locus,0,1.0,13696,0.4054651081081644,0.25979882
22918,HLA-A*02:50,esm2_joint,locus,0,1.0,13696,1.4816045409242156,0.39685965
22919,HLA-A*29:02,esm2_joint,locus,0,1.0,13696,1.1939224684724346,1.2472229
22920,HLA-A*25:01,esm2_joint,locus,0,1.0,13696,0.8754687373538999,0.35693753
22924,HLA-A*11:01,esm2_joint,locus,0,1.0,13696,4.321480134805848,0.767852
22943,HLA-A*43:01,esm2_joint,locus,0,1.0,13696,0.33647223662121295,1.1260184
22947,HLA-A*43:01,esm2_joint,locus,0,1.0,13696,0.0,0.80118227
22950,HLA-A*24:07,esm2_joint,locus,0,1.0,13696,3.246490991901174,0.79991543
22952,HLA-A*43:01,esm2_joint,locus,0,1.0,13696,0.18232155679395465,1.148397
22953,HLA-A*66:01,esm2_joint,locus,0,1.0,13696,0.33647223662121295,0.558894
22956,HLA-A*80:01,esm2_joint,locus,0,1.0,13696,0.09531017980432487,0.6515814
22957,HLA-A*25:01,esm2_joint,locus,0,1.0,13696,0.0,0.5982317
22962,HLA-A*25:01,esm2_joint,locus,0,1.0,13696,1.7047480922384253,0.7307218
22964,HLA-A*02:12,esm2_joint,locus,0,1.0,13696,0.9555114450274363,0.31854874
22965,HLA-A*02:05,esm2_joint,locus,0,1.0,13696,1.8082887711792655,0.30622715
22968,HLA-A*02:19,esm2_joint,locus,0,1.0,13696,3.7328963395307104,0.61530095
22969,HLA-A*02:19,esm2_joint,locus,0,1.0,13696,2.6741486494265287,0.7168354
22976,HLA-A*24:02,esm2_joint,locus,0,1.0,13696,1.5040773967762742,-0.22401899
22977,HLA-A*02:16,esm2_joint,locus,0,1.0,13696,3.380994674344636,0.23649168
22979,HLA-A*66:01,esm2_joint,locus,0,1.0,13696,0.0,0.43445122
22980,HLA-A*66:01,esm2_joint,locus,0,1.0,13696,0.0,0.7080497
22982,HLA-A*30:01,esm2_joint,locus,0,1.0,13696,1.6863989535702288,1.0413586
22984,HLA-A*24:19,esm2_joint,locus,0,1.0,13696,0.33647223662121295,1.2289747
22987,HLA-A*03:01,esm2_joint,locus,0,1.0,13696,0.0,0.9475025
22989,HLA-A*32:01,esm2_joint,locus,0,1.0,13696,0.18232155679395465,0.6822259
22990,HLA-A*24:19,esm2_joint,locus,0,1.0,13696,0.18232155679395465,1.2561244
22991,HLA-A*66:01,esm2_joint,locus,0,1.0,13696,0.0,0.78349954
22994,HLA-A*02:03,esm2_joint,locus,0,1.0,13696,0.7419373447293773,0.17837363
22995,HLA-A*68:01,esm2_joint,locus,0,1.0,13696,1.7578579175523736,1.0417097
22998,HLA-A*24:03,esm2_joint,locus,0,1.0,13696,1.4586150226995167,0.6003756
23002,HLA-A*29:02,esm2_joint,locus,0,1.0,13696,0.26236426446749106,1.0532995
23004,HLA-A*02:10,esm2_joint,locus,0,1.0,13696,0.6931471805599453,0.8132485
23005,HLA-A*02:19,esm2_joint,locus,0,1.0,13696,2.2192034840549946,0.5283828
23006,HLA-A*30:01,esm2_joint,locus,0,1.0,13696,0.0,0.7345184
23010,HLA-A*03:01,esm2_joint,locus,0,1.0,13696,4.222444564849416,1.0488296
23011,HLA-A*30:01,esm2_joint,locus,0,1.0,13696,0.4054651081081644,0.38274944
23012,HLA-A*02:50,esm2_joint,locus,0,1.0,13696,2.128231705849268,0.19451284
23014,HLA-A*24:07,esm2_joint,locus,0,1.0,13696,0.26236426446749106,0.8681124
23015,HLA-A*03:01,esm2_joint,locus,0,1.0,13696,0.6418538861723948,1.1656282
23016,HLA-A*02:16,esm2_joint,locus,0,1.0,13696,1.0986122886681098,0.4515292
23020,HLA-A*25:01,esm2_joint,locus,0,1.0,13696,0.0,0.77184546
23021,HLA-A*03:01,esm2_joint,locus,0,1.0,13696,2.624668592163159,1.2831144
23023,HLA-A*32:07,esm2_joint,locus,0,1.0,13696,1.1631508098056809,1.105425
23024,HLA-A*02:03,esm2_joint,locus,0,1.0,13696,1.5260563034950494,0.29528475
23025,HLA-A*02:16,esm2_joint,locus,0,1.0,13696,2.0918640616783932,0.68272084
23029,HLA-A*29:02,esm2_joint,locus,0,1.0,13696,0.7884573603642702,0.94237506
23030,HLA-A*23:01,esm2_joint,locus,0,1.0,13696,2.4765384001174837,0.19290096
23031,HLA-A*24:07,esm2_joint,locus,0,1.0,13696,1.916922612182061,0.78608197
23032,HLA-A*24:02,esm2_joint,locus,0,1.0,13696,0.5877866649021191,0.63445866
23035,HLA-A*02:10,esm2_joint,locus,0,1.0,13696,0.5306282510621704,0.5523039
23036,HLA-A*43:01,esm2_joint,locus,0,1.0,13696,0.0,0.966087
23037,HLA-A*29:02,esm2_joint,locus,0,1.0,13696,0.7884573603642702,1.1029296
23038,HLA-A*80:01,esm2_joint,locus,0,1.0,13696,0.4700036292457355,1.0704603
23039,HLA-A*23:01,esm2_joint,locus,0,1.0,13696,2.186051276738094,0.8747836
23040,HLA-A*24:19,esm2_joint,locus,0,1.0,13696,0.09531017980432487,0.5349996
23041,HLA-A*02:50,esm2_joint,locus,0,1.0,13696,1.1939224684724346,0.14163595
23043,HLA-A*29:02,esm2_joint,locus,0,1.0,13696,1.62924053973028,1.2543765
23045,HLA-A*24:07,esm2_joint,locus,0,1.0,13696,1.9878743481543455,0.55216813
23048,HLA-A*02:16,esm2_joint,locus,0,1.0,13696,0.9162907318741551,0.23441619
23050,HLA-A*29:02,esm2_joint,locus,0,1.0,13696,2.468099531471619,1.1153622
23053,HLA-A*24:19,esm2_joint,locus,0,1.0,13696,1.8082887711792655,0.93562317
23054,HLA-A*25:01,esm2_joint,locus,0,1.0,13696,0.4054651081081644,0.61838245
23056,HLA-A*29:02,esm2_joint,locus,0,1.0,13696,2.5649493574615367,0.7209357
23058,HLA-A*66:01,esm2_joint,locus,0,1.0,13696,0.6678293725756554,0.6800278
23060,HLA-A*02:10,esm2_joint,locus,0,1.0,13696,1.5686159179138452,0.2976367
23061,HLA-A*23:01,esm2_joint,locus,0,1.0,13696,2.4336133554004498,0.42770976
23062,HLA-A*23:01,esm2_joint,locus,0,1.0,13696,3.616308761279101,0.6405447
23063,HLA-A*32:07,esm2_joint,locus,0,1.0,13696,2.2300144001592104,0.96204287
23064,HLA-A*02:50,esm2_joint,locus,0,1.0,13696,2.740840023925201,0.10016781
23067,HLA-A*02:01,esm2_joint,locus,0,1.0,13696,1.824549292051046,-0.08079857
23068,HLA-A*74:01,esm2_joint,locus,0,1.0,13696,0.4700036292457355,1.0153048
23070,HLA-A*29:02,esm2_joint,locus,0,1.0,13696,0.6931471805599453,1.4289165
23073,HLA-A*31:01,esm2_joint,locus,0,1.0,13696,0.5877866649021191,0.96830857
23076,HLA-A*66:01,esm2_joint,locus,0,1.0,13696,0.18232155679395465,0.43312877
23078,HLA-A*43:01,esm2_joint,locus,0,1.0,13696,0.33647223662121295,0.81041455
23079,HLA-A*43:01,esm2_joint,locus,0,1.0,13696,0.26236426446749106,1.02296
23080,HLA-A*43:01,esm2_joint,locus,0,1.0,13696,0.33647223662121295,0.82712287
23081,HLA-A*24:07,esm2_joint,locus,0,1.0,13696,1.0296194171811583,0.828385
23082,HLA-A*25:01,esm2_joint,locus,0,1.0,13696,0.0,0.42955184
23083,HLA-A*25:01,esm2_joint,locus,0,1.0,13696,0.18232155679395465,0.4129851
23084,HLA-A*02:12,esm2_joint,locus,0,1.0,13696,3.126760535960395,0.15492892
23085,HLA-A*30:01,esm2_joint,locus,0,1.0,13696,1.33500106673234,0.8784108
23087,HLA-A*68:23,esm2_joint,locus,0,1.0,13696,0.4054651081081644,0.69678295
23089,HLA-A*03:01,esm2_joint,locus,0,1.0,13696,0.0,1.185023
23091,HLA-A*02:16,esm2_joint,locus,0,1.0,13696,2.9496883350525844,0.40176958
23093,HLA-A*29:02,esm2_joint,locus,0,1.0,13696,0.4054651081081644,0.5425293
23094,HLA-A*24:07,esm2_joint,locus,0,1.0,13696,0.9162907318741551,0.9814715
23100,HLA-A*74:01,esm2_joint,locus,0,1.0,13696,4.115779842942166,0.62694
23103,HLA-A*80:01,esm2_joint,locus,0,1.0,13696,0.0,0.6471069
23105,HLA-A*68:23,esm2_joint,locus,0,1.0,13696,0.33647223662121295,0.49497497
23106,HLA-A*26:03,esm2_joint,locus,0,1.0,13696,0.18232155679395465,0.54153514
23108,HLA-A*23:01,esm2_joint,locus,0,1.0,13696,3.186352633162641,0.5828214
23109,HLA-A*24:07,esm2_joint,locus,0,1.0,13696,2.174751721484161,0.9723675
23114,HLA-A*02:10,esm2_joint,locus,0,1.0,13696,3.6686767467964168,0.8850631
23115,HLA-A*31:01,esm2_joint,locus,0,1.0,13696,0.18232155679395465,0.89326876
23116,HLA-A*68:01,esm2_joint,locus,0,1.0,13696,1.33500106673234,1.0421392
23124,HLA-A*02:10,esm2_joint,locus,0,1.0,13696,3.3068867021909143,0.5349847
23125,HLA-A*02:11,esm2_joint,locus,0,1.0,13696,3.5263605246161616,0.39548594
23128,HLA-A*24:07,esm2_joint,locus,0,1.0,13696,0.5877866649021191,1.7145116
23132,HLA-A*02:50,esm2_joint,locus,0,1.0,13696,2.186051276738094,0.10709214
23134,HLA-A*80:01,esm2_joint,locus,0,1.0,13696,0.18232155679395465,1.0733913
23135,HLA-A*80:01,esm2_joint,locus,0,1.0,13696,0.8754687373538999,0.7706324
23136,HLA-A*02:03,esm2_joint,locus,0,1.0,13696,0.7419373447293773,0.35194778
23137,HLA-A*11:01,esm2_joint,locus,0,1.0,13696,3.0726933146901194,0.60251534
23141,HLA-A*68:23,esm2_joint,locus,0,1.0,13696,1.308332819650179,0.7605084
23142,HLA-A*66:01,esm2_joint,locus,0,1.0,13696,0.33647223662121295,0.9491127
23143,HLA-A*02:10,esm2_joint,locus,0,1.0,13696,0.0,0.86767197
23144,HLA-A*02:10,esm2_joint,locus,0,1.0,13696,3.0819099697950434,0.44170874
23146,HLA-A*43:01,esm2_joint,locus,0,1.0,13696,2.8154087194227095,1.2367398
23147,HLA-A*24:07,esm2_joint,locus,0,1.0,13696,0.5877866649021191,1.452746
23149,HLA-A*02:16,esm2_joint,locus,0,1.0,13696,3.265759410767051,0.32350487
23152,HLA-A*74:01,esm2_joint,locus,0,1.0,13696,0.832909122935104,1.3690512
23155,HLA-A*24:02,esm2_joint,locus,0,1.0,13696,0.18232155679395465,0.3361178
23156,HLA-A*30:01,esm2_joint,locus,0,1.0,13696,0.0,0.4893837
23157,HLA-A*11:01,esm2_joint,locus,0,1.0,13696,1.791759469228055,0.5837146
23159,HLA-A*80:01,esm2_joint,locus,0,1.0,13696,0.0,1.5370357
23160,HLA-A*24:07,esm2_joint,locus,0,1.0,13696,0.4700036292457355,0.71974707
23162,HLA-A*02:10,esm2_joint,locus,0,1.0,13696,2.2407096892759584,0.6811791
23163,HLA-A*31:01,esm2_joint,locus,0,1.0,13696,1.3609765531356006,0.7272489
23167,HLA-A*26:03,esm2_joint,locus,0,1.0,13696,0.33647223662121295,0.5412903
23169,HLA-A*24:02,esm2_joint,locus,0,1.0,13696,0.18232155679395465,0.5017935
23170,HLA-A*02:19,esm2_joint,locus,0,1.0,13696,0.26236426446749106,0.4241073
23173,HLA-A*29:02,esm2_joint,locus,0,1.0,13696,2.766319109226186,1.1492288
23174,HLA-A*80:01,esm2_joint,locus,0,1.0,13696,0.09531017980432487,1.1514748
23178,HLA-A*02:16,esm2_joint,locus,0,1.0,13696,1.5260563034950494,-0.081326306
23180,HLA-A*32:07,esm2_joint,locus,0,1.0,13696,1.1939224684724346,0.40324187
23183,HLA-A*02:11,esm2_joint,locus,0,1.0,13696,2.580216829592325,0.2316351
23185,HLA-A*66:01,esm2_joint,locus,0,1.0,13696,0.26236426446749106,0.31161594
23187,HLA-A*02:10,esm2_joint,locus,0,1.0,13696,1.1631508098056809,0.4167946
23188,HLA-A*02:12,esm2_joint,locus,0,1.0,13696,2.3513752571634776,0.52215046
23189,HLA-A*02:19,esm2_joint,locus,0,1.0,13696,0.18232155679395465,0.764132
23191,HLA-A*43:01,esm2_joint,locus,0,1.0,13696,0.0,0.7907014
23193,HLA-A*68:23,esm2_joint,locus,0,1.0,13696,0.18232155679395465,0.3297041
23196,HLA-A*02:01,esm2_joint,locus,0,1.0,13696,2.9856819377004897,0.7280206
23202,HLA-A*29:02,esm2_joint,locus,0,1.0,13696,0.832909122935104,0.89220655
23203,HLA-A*29:02,esm2_joint,locus,0,1.0,13696,1.252762968495368,0.51425177
23205,HLA-A*25:01,esm2_joint,locus,0,1.0,13696,0.0,1.0687376
23206,HLA-A*02:16,esm2_joint,locus,0,1.0,13696,1.1631508098056809,0.5970767
23207,HLA-A*30:01,esm2_joint,locus,0,1.0,13696,3.4242626545931514,0.7079753
23209,HLA-A*30:02,esm2_joint,locus,0,1.0,13696,2.6100697927420065,0.9605194
23211,HLA-A*66:01,esm2_joint,locus,0,1.0,13696,0.0,1.0244021
23212,HLA-A*68:01,esm2_joint,locus,0,1.0,13696,0.0,0.115086496
23217,HLA-A*43:01,esm2_joint,locus,0,1.0,13696,0.18232155679395465,0.78208137
23224,HLA-A*02:01,esm2_joint,locus,0,1.0,13696,0.7884573603642702,0.21862942
23226,HLA-A*02:01,esm2_joint,locus,0,1.0,13696,2.580216829592325,0.19151193
23230,HLA-A*24:07,esm2_joint,locus,0,1.0,13696,2.2300144001592104,0.7904327
23231,HLA-A*02:16,esm2_joint,locus,0,1.0,13696,3.339321977944068,0.54008913
23233,HLA-A*03:01,esm2_joint,locus,0,1.0,13696,0.0,0.34994912
23234,HLA-A*24:02,esm2_joint,locus,0,1.0,13696,1.4350845252893227,0.4628666
23235,HLA-A*02:11,esm2_joint,locus,0,1.0,13696,2.517696472610991,0.11738402
23236,HLA-A*02:19,esm2_joint,locus,0,1.0,13696,2.4595888418037104,0.18573499
23237,HLA-A*24:03,esm2_joint,locus,0,1.0,13696,1.6486586255873816,0.6868903
23239,HLA-A*02:19,esm2_joint,locus,0,1.0,13696,3.1484533605716547,0.36028492
23240,HLA-A*74:01,esm2_joint,locus,0,1.0,13696,2.970414465569701,0.52750987
23242,HLA-A*33:03,esm2_joint,locus,0,1.0,13696,2.2617630984737906,0.01346004
23247,HLA-A*24:19,esm2_joint,locus,0,1.0,13696,0.18232155679395465,0.40567613
23248,HLA-A*30:01,esm2_joint,locus,0,1.0,13696,0.26236426446749106,0.35988218
23251,HLA-A*32:07,esm2_joint,locus,0,1.0,13696,0.0,0.674646
23252,HLA-A*32:07,esm2_joint,locus,0,1.0,13696,1.6486586255873816,0.49298632
23262,HLA-A*33:03,esm2_joint,locus,0,1.0,13696,0.0,0.88501465
23264,HLA-A*30:02,esm2_joint,locus,0,1.0,13696,0.26236426446749106,0.6502924
23266,HLA-A*02:12,esm2_joint,locus,0,1.0,13696,0.33647223662121295,0.29973912
23268,HLA-A*80:01,esm2_joint,locus,0,1.0,13696,0.0,0.3306535
23269,HLA-A*80:01,esm2_joint,locus,0,1.0,13696,0.5877866649021191,0.90011716
23272,HLA-A*24:07,esm2_joint,locus,0,1.0,13696,1.9740810260220096,0.99238724
23275,HLA-A*33:03,esm2_joint,locus,0,1.0,13696,0.6931471805599453,1.3749707
23277,HLA-A*26:03,esm2_joint,locus,0,1.0,13696,0.33647223662121295,0.319524
23282,HLA-A*24:19,esm2_joint,locus,0,1.0,13696,0.09531017980432487,0.51948684
23285,HLA-A*33:03,esm2_joint,locus,0,1.0,13696,0.0,1.1380265
23291,HLA-A*24:07,esm2_joint,locus,0,1.0,13696,0.4700036292457355,1.0778451
23292,HLA-A*68:23,esm2_joint,locus,0,1.0,13696,0.0,0.23492241
23294,HLA-A*02:16,esm2_joint,locus,0,1.0,13696,2.028148247292285,0.098588705
23296,HLA-A*66:01,esm2_joint,locus,0,1.0,13696,0.7884573603642702,0.78941625
23297,HLA-A*02:16,esm2_joint,locus,0,1.0,13696,2.0918640616783932,0.26456285
23300,HLA-A*24:07,esm2_joint,locus,0,1.0,13696,0.4054651081081644,0.53446305
23301,HLA-A*26:03,esm2_joint,locus,0,1.0,13696,0.0,0.17228407
23302,HLA-A*02:01,esm2_joint,locus,0,1.0,13696,0.6575200029167942,0.009904444
23304,HLA-A*43:01,esm2_joint,locus,0,1.0,13696,0.6931471805599453,1.2019297
23305,HLA-A*80:01,esm2_joint,locus,0,1.0,13696,0.0,0.7788871
23308,HLA-A*24:19,esm2_joint,locus,0,1.0,13696,2.322387720290225,0.51224875
23309,HLA-A*24:02,esm2_joint,locus,0,1.0,13696,0.26236426446749106,0.8098927
23310,HLA-A*68:01,esm2_joint,locus,0,1.0,13696,0.33647223662121295,0.6139854
23312,HLA-A*25:01,esm2_joint,locus,0,1.0,13696,0.0,0.12229836
23315,HLA-A*24:02,esm2_joint,locus,0,1.0,13696,0.5877866649021191,0.16698664
23318,HLA-A*43:01,esm2_joint,locus,0,1.0,13696,0.26236426446749106,0.94901747
23320,HLA-A*02:03,esm2_joint,locus,0,1.0,13696,0.6931471805599453,0.33595067
23321,HLA-A*74:01,esm2_joint,locus,0,1.0,13696,0.6931471805599453,0.8813193
23323,HLA-A*32:07,esm2_joint,locus,0,1.0,13696,3.653252276470785,1.6922026
23325,HLA-A*02:03,esm2_joint,locus,0,1.0,13696,1.7047480922384253,0.09127718
23326,HLA-A*02:10,esm2_joint,locus,0,1.0,13696,3.427514689979529,0.7619181
23327,HLA-A*68:01,esm2_joint,locus,0,1.0,13696,0.0,0.8407955
23335,HLA-A*02:19,esm2_joint,locus,0,1.0,13696,2.6390573296152584,0.23902601
23336,HLA-A*33:03,esm2_joint,locus,0,1.0,13696,0.0,0.9763614
23340,HLA-A*23:01,esm2_joint,locus,0,1.0,13696,1.2237754316221157,0.40225756
23341,HLA-A*25:01,esm2_joint,locus,0,1.0,13696,0.0,0.5367745
23343,HLA-A*02:50,esm2_joint,locus,0,1.0,13696,2.341805806147327,0.53304887
23344,HLA-A*11:01,esm2_joint,locus,0,1.0,13696,2.501435951739211,0.47286713
23345,HLA-A*74:01,esm2_joint,locus,0,1.0,13696,1.9315214116032138,1.1836929
23349,HLA-A*24:02,esm2_joint,locus,0,1.0,13696,1.7749523509116738,1.1065836
23351,HLA-A*68:23,esm2_joint,locus,0,1.0,13696,0.33647223662121295,0.6345645
23352,HLA-A*26:03,esm2_joint,locus,0,1.0,13696,0.0,0.76767397
23353,HLA-A*24:02,esm2_joint,locus,0,1.0,13696,3.4719664525503626,0.8152559
23354,HLA-A*02:16,esm2_joint,locus,0,1.0,13696,0.5877866649021191,1.283154
23357,HLA-A*66:01,esm2_joint,locus,0,1.0,13696,0.0,1.0016608
23358,HLA-A*33:03,esm2_joint,locus,0,1.0,13696,2.4423470353692043,0.7264831
23359,HLA-A*74:01,esm2_joint,locus,0,1.0,13696,2.624668592163159,0.5753452
23362,HLA-A*26:03,esm2_joint,locus,0,1.0,13696,1.589235205116581,0.6706933
23367,HLA-A*02:12,esm2_joint,locus,0,1.0,13696,2.6100697927420065,0.25197136
23368,HLA-A*25:01,esm2_joint,locus,0,1.0,13696,0.4700036292457355,0.50448465
23369,HLA-A*66:01,esm2_joint,locus,0,1.0,13696,0.0,0.7447914
23370,HLA-A*02:11,esm2_joint,locus,0,1.0,13696,3.1945831322991562,0.83026886
23371,HLA-A*30:02,esm2_joint,locus,0,1.0,13696,0.33647223662121295,1.0617617
23373,HLA-A*30:01,esm2_joint,locus,0,1.0,13696,0.5877866649021191,1.3424178
23375,HLA-A*29:02,esm2_joint,locus,0,1.0,13696,3.481240089335692,0.9612856
23378,HLA-A*03:01,esm2_joint,locus,0,1.0,13696,3.104586678466073,1.0638262
23381,HLA-A*32:07,esm2_joint,locus,0,1.0,13696,0.0,1.0162535
23384,HLA-A*68:23,esm2_joint,locus,0,1.0,13696,0.33647223662121295,0.6566018
23387,HLA-A*74:01,esm2_joint,locus,0,1.0,13696,0.4054651081081644,0.613874
23389,HLA-A*24:02,esm2_joint,locus,0,1.0,13696,1.7047480922384253,0.64232725
23390,HLA-A*24:02,esm2_joint,locus,0,1.0,13696,0.4054651081081644,0.6714898
23400,HLA-A*23:01,esm2_joint,locus,0,1.0,13696,0.6931471805599453,0.22551936
23402,HLA-A*24:02,esm2_joint,locus,0,1.0,13696,0.26236426446749106,0.20431739
23404,HLA-A*02:01,esm2_joint,locus,0,1.0,13696,1.5260563034950494,0.3212884
23405,HLA-A*02:11,esm2_joint,locus,0,1.0,13696,2.028148247292285,0.4249466
23410,HLA-A*30:02,esm2_joint,locus,0,1.0,13696,3.3843902633457743,1.0391494
23411,HLA-A*02:12,esm2_joint,locus,0,1.0,13696,2.2300144001592104,0.12205809
23412,HLA-A*02:16,esm2_joint,locus,0,1.0,13696,1.791759469228055,0.33497167
23413,HLA-A*30:01,esm2_joint,locus,0,1.0,13696,0.18232155679395465,0.3080035
23414,HLA-A*33:03,esm2_joint,locus,0,1.0,13696,4.074141854904581,0.8032805
23416,HLA-A*02:50,esm2_joint,locus,0,1.0,13696,0.8754687373538999,-0.254139
23417,HLA-A*02:19,esm2_joint,locus,0,1.0,13696,1.5686159179138452,0.30364686
23420,HLA-A*30:02,esm2_joint,locus,0,1.0,13696,1.2809338454620642,0.55059576
23423,HLA-A*24:19,esm2_joint,locus,0,1.0,13696,0.18232155679395465,0.55176187
23424,HLA-A*26:03,esm2_joint,locus,0,1.0,13696,4.02535169073515,0.5710101
23429,HLA-A*26:02,esm2_joint,locus,0,1.0,13696,0.5306282510621704,1.0793136
23430,HLA-A*26:02,esm2_joint,locus,0,1.0,13696,0.0,0.55340827
23431,HLA-A*24:02,esm2_joint,locus,0,1.0,13696,3.269568939183719,0.20444673
23433,HLA-A*26:03,esm2_joint,locus,0,1.0,13696,0.6418538861723948,0.8111515
23434,HLA-A*02:03,esm2_joint,locus,0,1.0,13696,3.7727609380946383,0.8132687
23435,HLA-A*74:01,esm2_joint,locus,0,1.0,13696,0.0,0.8649372
23438,HLA-A*24:19,esm2_joint,locus,0,1.0,13696,0.33647223662121295,0.430619
23441,HLA-A*02:11,esm2_joint,locus,0,1.0,13696,2.797281334830153,0.2549172
23444,HLA-A*02:03,esm2_joint,locus,0,1.0,13696,0.5877866649021191,0.3756001
23445,HLA-A*02:16,esm2_joint,locus,0,1.0,13696,0.26236426446749106,0.67783856
23446,HLA-A*30:01,esm2_joint,locus,0,1.0,13696,4.005513348515485,0.8871776
23447,HLA-A*33:03,esm2_joint,locus,0,1.0,13696,0.0,1.4183985
23450,HLA-A*23:01,esm2_joint,locus,0,1.0,13696,3.5667118201397288,0.6283473
23451,HLA-A*24:02,esm2_joint,locus,0,1.0,13696,0.4700036292457355,1.0778892
23452,HLA-A*02:12,esm2_joint,locus,0,1.0,13696,3.077312260546414,0.39884388
23453,HLA-A*11:01,esm2_joint,locus,0,1.0,13696,0.4054651081081644,0.47317755
23458,HLA-A*66:01,esm2_joint,locus,0,1.0,13696,0.0,0.94460726
23460,HLA-A*02:11,esm2_joint,locus,0,1.0,13696,0.33647223662121295,0.60048485
23463,HLA-A*80:01,esm2_joint,locus,0,1.0,13696,0.26236426446749106,0.5405917
23464,HLA-A*25:01,esm2_joint,locus,0,1.0,13696,0.0,0.43387705
23467,HLA-A*02:10,esm2_joint,locus,0,1.0,13696,0.6418538861723948,0.121828735
23468,HLA-A*68:01,esm2_joint,locus,0,1.0,13696,0.9932517730102833,0.804505
23469,HLA-A*11:01,esm2_joint,locus,0,1.0,13696,3.0819099697950434,0.9239951
23470,HLA-A*74:01,esm2_joint,locus,0,1.0,13696,0.0,0.78616434
23472,HLA-A*26:03,esm2_joint,locus,0,1.0,13696,0.18232155679395465,0.5217407
23476,HLA-A*02:11,esm2_joint,locus,0,1.0,13696,0.0,0.8812216
23477,HLA-A*33:03,esm2_joint,locus,0,1.0,13696,0.18232155679395465,0.5831243
23480,HLA-A*02:10,esm2_joint,locus,0,1.0,13696,0.0,-0.029190242
23481,HLA-A*68:01,esm2_joint,locus,0,1.0,13696,0.0,0.78602743
23482,HLA-A*68:01,esm2_joint,locus,0,1.0,13696,1.4816045409242156,0.9945203
23484,HLA-A*25:01,esm2_joint,locus,0,1.0,13696,1.4350845252893227,0.21695644
23488,HLA-A*68:23,esm2_joint,locus,0,1.0,13696,0.33647223662121295,0.47761065
23490,HLA-A*02:16,esm2_joint,locus,0,1.0,13696,2.151762203259462,0.07035518
23491,HLA-A*33:03,esm2_joint,locus,0,1.0,13696,4.4355674016019115,0.81142586
23495,HLA-A*02:12,esm2_joint,locus,0,1.0,13696,1.824549292051046,0.15636468
23497,HLA-A*80:01,esm2_joint,locus,0,1.0,13696,1.9021075263969205,0.94731003
23498,HLA-A*23:01,esm2_joint,locus,0,1.0,13696,1.33500106673234,0.11313361
23499,HLA-A*26:02,esm2_joint,locus,0,1.0,13696,1.1939224684724346,0.67368865
23500,HLA-A*68:23,esm2_joint,locus,0,1.0,13696,1.1314021114911006,0.69217795
23503,HLA-A*29:02,esm2_joint,locus,0,1.0,13696,0.26236426446749106,1.3298157
23507,HLA-A*24:19,esm2_joint,locus,0,1.0,13696,0.09531017980432487,0.7858343
23511,HLA-A*11:01,esm2_joint,locus,0,1.0,13696,2.6878474937846906,0.6804512
23512,HLA-A*11:01,esm2_joint,locus,0,1.0,13696,0.6931471805599453,0.4669432
23515,HLA-A*02:03,esm2_joint,locus,0,1.0,13696,0.7884573603642702,0.26030427
23516,HLA-A*30:01,esm2_joint,locus,0,1.0,13696,0.0,0.50843155
23522,HLA-A*24:07,esm2_joint,locus,0,1.0,13696,0.26236426446749106,0.55861616
23523,HLA-A*24:07,esm2_joint,locus,0,1.0,13696,2.0794415416798357,0.6184696
23524,HLA-A*68:23,esm2_joint,locus,0,1.0,13696,2.7536607123542622,0.44287026
23525,HLA-A*02:01,esm2_joint,locus,0,1.0,13696,2.4336133554004498,0.5113072
23526,HLA-A*66:01,esm2_joint,locus,0,1.0,13696,0.26236426446749106,0.7247704
23527,HLA-A*02:50,esm2_joint,locus,0,1.0,13696,1.0986122886681098,0.06771618
23529,HLA-A*80:01,esm2_joint,locus,0,1.0,13696,0.0,1.2946801
23530,HLA-A*02:10,esm2_joint,locus,0,1.0,13696,0.8754687373538999,-0.19380301
23532,HLA-A*30:02,esm2_joint,locus,0,1.0,13696,0.7884573603642702,0.0049132705
23536,HLA-A*24:02,esm2_joint,locus,0,1.0,13696,0.5877866649021191,0.72848296
23538,HLA-A*02:11,esm2_joint,locus,0,1.0,13696,3.342861804649192,0.7566912
23542,HLA-A*03:01,esm2_joint,locus,0,1.0,13696,0.0,0.33386153
23544,HLA-A*24:02,esm2_joint,locus,0,1.0,13696,1.1631508098056809,0.7370044
23547,HLA-A*66:01,esm2_joint,locus,0,1.0,13696,0.33647223662121295,0.65590596
23550,HLA-A*30:01,esm2_joint,locus,0,1.0,13696,2.714694743820879,0.7339436
23551,HLA-A*68:01,esm2_joint,locus,0,1.0,13696,0.832909122935104,1.0148602
23553,HLA-A*29:02,esm2_joint,locus,0,1.0,13696,0.18232155679395465,0.9394384
23554,HLA-A*32:07,esm2_joint,locus,0,1.0,13696,0.0,0.6992405
23555,HLA-A*24:19,esm2_joint,locus,0,1.0,13696,0.0,0.6507908
23556,HLA-A*25:01,esm2_joint,locus,0,1.0,13696,1.7749523509116738,0.8383814
23558,HLA-A*30:02,esm2_joint,locus,0,1.0,13696,0.5306282510621704,1.1663107
23559,HLA-A*80:01,esm2_joint,locus,0,1.0,13696,0.0,1.4128767
23560,HLA-A*66:01,esm2_joint,locus,0,1.0,13696,0.0,1.0412917
23565,HLA-A*02:11,esm2_joint,locus,0,1.0,13696,2.4423470353692043,0.5259452
23567,HLA-A*32:07,esm2_joint,locus,0,1.0,13696,1.547562508716013,0.9711658
23570,HLA-A*74:01,esm2_joint,locus,0,1.0,13696,2.0149030205422647,1.1140403
23572,HLA-A*23:01,esm2_joint,locus,0,1.0,13696,0.4700036292457355,0.58560985
23574,HLA-A*68:02,esm2_joint,locus,0,1.0,13696,0.26236426446749106,0.4520864
23575,HLA-A*30:01,esm2_joint,locus,0,1.0,13696,4.1956970564823886,0.95697904
23579,HLA-A*68:23,esm2_joint,locus,0,1.0,13696,0.33647223662121295,0.7822305
23581,HLA-A*24:02,esm2_joint,locus,0,1.0,13696,0.832909122935104,0.90192616
23582,HLA-A*30:01,esm2_joint,locus,0,1.0,13696,0.26236426446749106,0.40754873
23587,HLA-A*43:01,esm2_joint,locus,0,1.0,13696,0.18232155679395465,1.2858942
23588,HLA-A*43:01,esm2_joint,locus,0,1.0,13696,0.0,1.0148114
23593,HLA-A*32:01,esm2_joint,locus,0,1.0,13696,0.18232155679395465,0.86320966
23596,HLA-A*66:01,esm2_joint,locus,0,1.0,13696,0.18232155679395465,0.55764973
23598,HLA-A*29:02,esm2_joint,locus,0,1.0,13696,2.451005098112319,1.4058609
23599,HLA-A*23:01,esm2_joint,locus,0,1.0,13696,0.7884573603642702,0.36979717
23600,HLA-A*24:03,esm2_joint,locus,0,1.0,13696,2.72785282839839,0.73142755
23601,HLA-A*24:19,esm2_joint,locus,0,1.0,13696,1.791759469228055,0.7638847
23602,HLA-A*68:23,esm2_joint,locus,0,1.0,13696,0.0,0.26655734
23603,HLA-A*02:10,esm2_joint,locus,0,1.0,13696,1.1314021114911006,0.87029254
23604,HLA-A*02:50,esm2_joint,locus,0,1.0,13696,2.388762789235098,0.59661275
23606,HLA-A*32:07,esm2_joint,locus,0,1.0,13696,0.0,0.71893233
23611,HLA-A*02:16,esm2_joint,locus,0,1.0,13696,2.4849066497880004,0.41058797
23615,HLA-A*25:01,esm2_joint,locus,0,1.0,13696,0.33647223662121295,0.4994502
23616,HLA-A*25:01,esm2_joint,locus,0,1.0,13696,0.5877866649021191,0.6859092
23617,HLA-A*68:23,esm2_joint,locus,0,1.0,13696,0.8754687373538999,0.57435906
23618,HLA-A*66:01,esm2_joint,locus,0,1.0,13696,0.0,0.6980618
23620,HLA-A*30:02,esm2_joint,locus,0,1.0,13696,0.26236426446749106,0.8233018
23622,HLA-A*02:50,esm2_joint,locus,0,1.0,13696,2.797281334830153,0.8145175
23624,HLA-A*32:07,esm2_joint,locus,0,1.0,13696,0.33647223662121295,1.103093
23626,HLA-A*24:02,esm2_joint,locus,0,1.0,13696,0.33647223662121295,0.3025226
23628,HLA-A*24:07,esm2_joint,locus,0,1.0,13696,1.0986122886681098,0.22247028
23629,HLA-A*24:02,esm2_joint,locus,0,1.0,13696,0.18232155679395465,0.24492294
23631,HLA-A*33:03,esm2_joint,locus,0,1.0,13696,1.547562508716013,0.8810366
23632,HLA-A*68:01,esm2_joint,locus,0,1.0,13696,0.8754687373538999,0.8736931
23634,HLA-A*68:23,esm2_joint,locus,0,1.0,13696,0.33647223662121295,0.22422695
23635,HLA-A*02:11,esm2_joint,locus,0,1.0,13696,1.0647107369924282,0.4696653
23637,HLA-A*66:01,esm2_joint,locus,0,1.0,13696,0.26236426446749106,0.39186388
23638,HLA-A*02:01,esm2_joint,locus,0,1.0,13696,2.4849066497880004,0.3438245
23640,HLA-A*02:50,esm2_joint,locus,0,1.0,13696,2.740840023925201,0.117441
23641,HLA-A*33:03,esm2_joint,locus,0,1.0,13696,0.0,1.0148444
23643,HLA-A*30:02,esm2_joint,locus,0,1.0,13696,0.26236426446749106,1.1840172
23644,HLA-A*26:03,esm2_joint,locus,0,1.0,13696,0.33647223662121295,0.52362
23645,HLA-A*24:02,esm2_joint,locus,0,1.0,13696,0.18232155679395465,0.3791768
23647,HLA-A*02:03,esm2_joint,locus,0,1.0,13696,3.6838669122903918,0.15939015
23650,HLA-A*02:01,esm2_joint,locus,0,1.0,13696,0.6729444732424258,0.26156676
23651,HLA-A*02:19,esm2_joint,locus,0,1.0,13696,1.5260563034950494,0.52230585
23654,HLA-A*29:02,esm2_joint,locus,0,1.0,13696,1.9459101490553132,1.2132653
23657,HLA-A*03:01,esm2_joint,locus,0,1.0,13696,0.26236426446749106,1.1197287
23660,HLA-A*02:10,esm2_joint,locus,0,1.0,13696,0.7419373447293773,0.53994334
23661,HLA-A*02:12,esm2_joint,locus,0,1.0,13696,3.246490991901174,0.73229456
23662,HLA-A*68:01,esm2_joint,locus,0,1.0,13696,2.33214389523559,0.5718908
23664,HLA-A*30:02,esm2_joint,locus,0,1.0,13696,0.0,0.8169675
23668,HLA-A*23:01,esm2_joint,locus,0,1.0,13696,3.2268439945173775,0.7394539
23674,HLA-A*32:07,esm2_joint,locus,0,1.0,13696,0.4054651081081644,0.79931426
23675,HLA-A*24:02,esm2_joint,locus,0,1.0,13696,1.7047480922384253,0.8240008
23678,HLA-A*24:19,esm2_joint,locus,0,1.0,13696,1.6486586255873816,0.7886051
23679,HLA-A*26:02,esm2_joint,locus,0,1.0,13696,0.09531017980432487,0.6371999
23680,HLA-A*66:01,esm2_joint,locus,0,1.0,13696,0.18232155679395465,0.6903768
23682,HLA-A*24:02,esm2_joint,locus,0,1.0,13696,0.4054651081081644,0.22134823
23683,HLA-A*02:11,esm2_joint,locus,0,1.0,13696,1.1314021114911006,0.56868994
23685,HLA-A*24:07,esm2_joint,locus,0,1.0,13696,0.7884573603642702,0.498579
23686,HLA-A*24:02,esm2_joint,locus,0,1.0,13696,3.3068867021909143,0.62031865
23691,HLA-A*24:07,esm2_joint,locus,0,1.0,13696,2.9856819377004897,0.93064386
23694,HLA-A*32:07,esm2_joint,locus,0,1.0,13696,2.8791984572980396,1.6246111
23696,HLA-A*25:01,esm2_joint,locus,0,1.0,13696,0.7884573603642702,0.43945545
23698,HLA-A*02:16,esm2_joint,locus,0,1.0,13696,2.379546134130174,0.5892477
23700,HLA-A*26:02,esm2_joint,locus,0,1.0,13696,3.8372994592322094,0.5096245
23703,HLA-A*30:02,esm2_joint,locus,0,1.0,13696,0.18232155679395465,0.32353252
23704,HLA-A*23:01,esm2_joint,locus,0,1.0,13696,2.272125885509337,0.44358093
23705,HLA-A*24:02,esm2_joint,locus,0,1.0,13696,0.09531017980432487,0.41752976
23707,HLA-A*02:16,esm2_joint,locus,0,1.0,13696,3.054001181677967,0.7380872
23711,HLA-A*43:01,esm2_joint,locus,0,1.0,13696,0.7884573603642702,0.89803636
23712,HLA-A*29:02,esm2_joint,locus,0,1.0,13696,0.33647223662121295,1.4009886
23714,HLA-A*02:16,esm2_joint,locus,0,1.0,13696,3.4719664525503626,0.8565388
23718,HLA-A*24:02,esm2_joint,locus,0,1.0,13696,0.18232155679395465,-0.7488877
23724,HLA-A*02:50,esm2_joint,locus,0,1.0,13696,1.4350845252893227,0.36681664
23726,HLA-A*29:02,esm2_joint,locus,0,1.0,13696,1.840549633397487,1.1298976
23727,HLA-A*24:03,esm2_joint,locus,0,1.0,13696,3.543853682063679,1.2786824
23728,HLA-A*24:19,esm2_joint,locus,0,1.0,13696,0.33647223662121295,0.36097276
23731,HLA-A*24:19,esm2_joint,locus,0,1.0,13696,0.33647223662121295,0.6878458
23733,HLA-A*02:03,esm2_joint,locus,0,1.0,13696,4.01096295328305,0.79915226
23734,HLA-A*02:11,esm2_joint,locus,0,1.0,13696,1.2809338454620642,0.40168536
23735,HLA-A*30:01,esm2_joint,locus,0,1.0,13696,0.4700036292457355,0.77699876
23736,HLA-A*68:01,esm2_joint,locus,0,1.0,13696,4.0163830207523885,0.47705942
23737,HLA-A*74:01,esm2_joint,locus,0,1.0,13696,0.5306282510621704,0.8791055
23739,HLA-A*02:50,esm2_joint,locus,0,1.0,13696,1.547562508716013,-0.021570086
23745,HLA-A*02:12,esm2_joint,locus,0,1.0,13696,2.747270914255491,0.3569789
23746,HLA-A*11:01,esm2_joint,locus,0,1.0,13696,0.18232155679395465,0.55952024
23748,HLA-A*66:01,esm2_joint,locus,0,1.0,13696,0.0,0.89433944
23755,HLA-A*32:01,esm2_joint,locus,0,1.0,13696,3.4688560301359703,1.0822885
23756,HLA-A*33:03,esm2_joint,locus,0,1.0,13696,0.5877866649021191,1.0478489
23762,HLA-A*02:16,esm2_joint,locus,0,1.0,13696,1.5040773967762742,0.6461639
23763,HLA-A*33:03,esm2_joint,locus,0,1.0,13696,1.33500106673234,1.2099253
23764,HLA-A*68:23,esm2_joint,locus,0,1.0,13696,0.33647223662121295,0.06285107
23765,HLA-A*24:02,esm2_joint,locus,0,1.0,13696,0.5877866649021191,0.911678
23768,HLA-A*26:02,esm2_joint,locus,0,1.0,13696,0.5877866649021191,0.17515892
23773,HLA-A*02:16,esm2_joint,locus,0,1.0,13696,2.6602595372658615,0.4346984
23776,HLA-A*25:01,esm2_joint,locus,0,1.0,13696,1.1939224684724346,0.76751757
23777,HLA-A*68:23,esm2_joint,locus,0,1.0,13696,0.18232155679395465,0.5322503
23779,HLA-A*02:11,esm2_joint,locus,0,1.0,13696,2.5649493574615367,0.7711652
23780,HLA-A*33:03,esm2_joint,locus,0,1.0,13696,2.6026896854443837,0.56529963
23783,HLA-A*01:01,esm2_joint,locus,0,1.0,13696,0.8458682675776092,0.8125367
23784,HLA-A*29:02,esm2_joint,locus,0,1.0,13696,0.26236426446749106,0.6399646
23785,HLA-A*80:01,esm2_joint,locus,0,1.0,13696,0.33647223662121295,0.7189544
23786,HLA-A*32:07,esm2_joint,locus,0,1.0,13696,4.635699391022914,1.3514974
23787,HLA-A*24:03,esm2_joint,locus,0,1.0,13696,0.18232155679395465,0.2819909
23788,HLA-A*26:02,esm2_joint,locus,0,1.0,13696,0.4054651081081644,0.5962577
23795,HLA-A*26:03,esm2_joint,locus,0,1.0,13696,0.0,0.89895374
23797,HLA-A*03:01,esm2_joint,locus,0,1.0,13696,2.0014800002101243,1.4873791
23799,HLA-A*68:23,esm2_joint,locus,0,1.0,13696,0.4700036292457355,0.4973425
23800,HLA-A*03:01,esm2_joint,locus,0,1.0,13696,0.832909122935104,0.62415785
23802,HLA-A*68:23,esm2_joint,locus,0,1.0,13696,0.0,0.6601628
23805,HLA-A*02:12,esm2_joint,locus,0,1.0,13696,4.102643365036796,0.6621625
23806,HLA-A*33:03,esm2_joint,locus,0,1.0,13696,0.0,1.2296032
23810,HLA-A*31:01,esm2_joint,locus,0,1.0,13696,0.9162907318741551,0.7839192
23812,HLA-A*30:02,esm2_joint,locus,0,1.0,13696,0.26236426446749106,0.49909714
23813,HLA-A*32:07,esm2_joint,locus,0,1.0,13696,0.0,0.4018361
23814,HLA-A*26:02,esm2_joint,locus,0,1.0,13696,0.18232155679395465,0.094649196
23818,HLA-A*24:07,esm2_joint,locus,0,1.0,13696,0.33647223662121295,-0.051445782
23819,HLA-A*26:02,esm2_joint,locus,0,1.0,13696,0.7419373447293773,0.020237505
23820,HLA-A*02:03,esm2_joint,locus,0,1.0,13696,1.840549633397487,0.34223455
23821,HLA-A*02:10,esm2_joint,locus,0,1.0,13696,1.1631508098056809,0.49341828
23827,HLA-A*24:07,esm2_joint,locus,0,1.0,13696,1.308332819650179,0.47718054
23828,HLA-A*02:50,esm2_joint,locus,0,1.0,13696,2.302585092994046,0.16660327
23833,HLA-A*30:01,esm2_joint,locus,0,1.0,13696,0.33647223662121295,1.2593874
23836,HLA-A*23:01,esm2_joint,locus,0,1.0,13696,2.6026896854443837,0.3642959
23838,HLA-A*25:01,esm2_joint,locus,0,1.0,13696,0.26236426446749106,0.8036952
23839,HLA-A*68:23,esm2_joint,locus,0,1.0,13696,0.18232155679395465,0.46047884
23842,HLA-A*33:03,esm2_joint,locus,0,1.0,13696,0.0,1.3314507
23846,HLA-A*23:01,esm2_joint,locus,0,1.0,13696,0.5306282510621704,0.5688192
23852,HLA-A*43:01,esm2_joint,locus,0,1.0,13696,1.0647107369924282,0.7190994
23854,HLA-A*26:03,esm2_joint,locus,0,1.0,13696,1.4816045409242156,0.6987797
23855,HLA-A*02:12,esm2_joint,locus,0,1.0,13696,1.2237754316221157,0.2899211
23859,HLA-A*68:23,esm2_joint,locus,0,1.0,13696,0.6418538861723948,0.721516
23860,HLA-A*66:01,esm2_joint,locus,0,1.0,13696,1.2237754316221157,0.22318536
23861,HLA-A*03:01,esm2_joint,locus,0,1.0,13696,0.0,0.8438134
23862,HLA-A*24:03,esm2_joint,locus,0,1.0,13696,1.6094379124341003,0.38214767
23864,HLA-A*26:03,esm2_joint,locus,0,1.0,13696,0.6931471805599453,0.7165614
23870,HLA-A*43:01,esm2_joint,locus,0,1.0,13696,0.26236426446749106,0.96842456
23871,HLA-A*43:01,esm2_joint,locus,0,1.0,13696,0.9555114450274363,1.0150155
23872,HLA-A*24:07,esm2_joint,locus,0,1.0,13696,0.4700036292457355,0.54326624
23875,HLA-A*23:01,esm2_joint,locus,0,1.0,13696,0.7884573603642702,0.19192451
23876,HLA-A*26:03,esm2_joint,locus,0,1.0,13696,4.316153890523174,0.40335494
23877,HLA-A*03:01,esm2_joint,locus,0,1.0,13696,0.09531017980432487,1.1598063
23878,HLA-A*31:01,esm2_joint,locus,0,1.0,13696,1.9878743481543455,0.99101746
23879,HLA-A*33:03,esm2_joint,locus,0,1.0,13696,0.0,1.017897
23882,HLA-A*43:01,esm2_joint,locus,0,1.0,13696,0.7419373447293773,0.9081048
23885,HLA-A*02:03,esm2_joint,locus,0,1.0,13696,0.6418538861723948,0.04096204
23886,HLA-A*11:01,esm2_joint,locus,0,1.0,13696,0.18232155679395465,0.5090086
23888,HLA-A*80:01,esm2_joint,locus,0,1.0,13696,0.0,0.6067107
23892,HLA-A*24:19,esm2_joint,locus,0,1.0,13696,0.0,0.8986012
23893,HLA-A*68:23,esm2_joint,locus,0,1.0,13696,3.572345637857985,1.2237015
23894,HLA-A*03:01,esm2_joint,locus,0,1.0,13696,1.1314021114911006,1.4321475
23895,HLA-A*02:19,esm2_joint,locus,0,1.0,13696,0.0,0.8474318
23899,HLA-A*68:23,esm2_joint,locus,0,1.0,13696,0.8754687373538999,0.45057058
23900,HLA-A*26:03,esm2_joint,locus,0,1.0,13696,0.0,0.32542104
23903,HLA-A*03:01,esm2_joint,locus,0,1.0,13696,0.18232155679395465,0.6474937
23906,HLA-A*02:19,esm2_joint,locus,0,1.0,13696,0.18232155679395465,0.7968813
23909,HLA-A*66:01,esm2_joint,locus,0,1.0,13696,0.0,0.8794318
23910,HLA-A*26:03,esm2_joint,locus,0,1.0,13696,3.983413001514819,0.5215724
23911,HLA-A*24:02,esm2_joint,locus,0,1.0,13696,1.1631508098056809,0.8768484
23912,HLA-A*02:11,esm2_joint,locus,0,1.0,13696,1.6863989535702288,0.7447037
23913,HLA-A*02:50,esm2_joint,locus,0,1.0,13696,2.9391619220655967,0.28297204
23917,HLA-A*23:01,esm2_joint,locus,0,1.0,13696,2.6946271807700692,0.71228266
23918,HLA-A*02:19,esm2_joint,locus,0,1.0,13696,1.916922612182061,0.561357
23919,HLA-A*02:01,esm2_joint,locus,0,1.0,13696,0.5766133643039938,0.37344855
23920,HLA-A*02:16,esm2_joint,locus,0,1.0,13696,2.2300144001592104,0.08905238
23921,HLA-A*02:16,esm2_joint,locus,0,1.0,13696,2.1972245773362196,0.6212271
23923,HLA-A*29:02,esm2_joint,locus,0,1.0,13696,0.5877866649021191,1.0868828
23924,HLA-A*30:02,esm2_joint,locus,0,1.0,13696,0.5877866649021191,0.8850959
23926,HLA-A*02:03,esm2_joint,locus,0,1.0,13696,1.2809338454620642,0.061804235
23927,HLA-A*68:01,esm2_joint,locus,0,1.0,13696,0.0,0.64578813
23932,HLA-A*30:01,esm2_joint,locus,0,1.0,13696,0.4700036292457355,0.6589433
23934,HLA-A*25:01,esm2_joint,locus,0,1.0,13696,1.589235205116581,0.6401348
23937,HLA-A*02:11,esm2_joint,locus,0,1.0,13696,1.589235205116581,0.846132
23938,HLA-A*02:50,esm2_joint,locus,0,1.0,13696,2.6461747973841225,0.7373743
23941,HLA-A*30:01,esm2_joint,locus,0,1.0,13696,1.1939224684724346,0.3429408
23944,HLA-A*24:07,esm2_joint,locus,0,1.0,13696,0.33647223662121295,1.154345
23945,HLA-A*26:02,esm2_joint,locus,0,1.0,13696,0.9555114450274363,0.6026486
23946,HLA-A*26:02,esm2_joint,locus,0,1.0,13696,0.5877866649021191,0.7063572
23947,HLA-A*02:01,esm2_joint,locus,0,1.0,13696,2.797281334830153,0.4533437
23952,HLA-A*80:01,esm2_joint,locus,0,1.0,13696,0.0,0.6499342
23957,HLA-A*26:03,esm2_joint,locus,0,1.0,13696,0.4700036292457355,0.04843086
23959,HLA-A*24:02,esm2_joint,locus,0,1.0,13696,2.6461747973841225,0.59752566
23961,HLA-A*31:01,esm2_joint,locus,0,1.0,13696,2.884800712846709,0.45052165
23962,HLA-A*33:03,esm2_joint,locus,0,1.0,13696,0.4700036292457355,0.7888434
23964,HLA-A*23:01,esm2_joint,locus,0,1.0,13696,2.740840023925201,0.29350936
23965,HLA-A*32:07,esm2_joint,locus,0,1.0,13696,2.6602595372658615,0.9251468
23967,HLA-A*24:02,esm2_joint,locus,0,1.0,13696,0.5877866649021191,0.9850665
23969,HLA-A*02:10,esm2_joint,locus,0,1.0,13696,2.5952547069568657,0.4060725
23970,HLA-A*02:12,esm2_joint,locus,0,1.0,13696,3.3978584803966405,0.6992496
23971,HLA-A*30:01,esm2_joint,locus,0,1.0,13696,0.0,0.9033983
23972,HLA-A*74:01,esm2_joint,locus,0,1.0,13696,0.0,1.0226121
23976,HLA-A*02:12,esm2_joint,locus,0,1.0,13696,0.4700036292457355,0.33634883
23977,HLA-A*33:03,esm2_joint,locus,0,1.0,13696,2.7013612129514133,0.8879965
23978,HLA-A*74:01,esm2_joint,locus,0,1.0,13696,0.0,1.1013646
23980,HLA-A*25:01,esm2_joint,locus,0,1.0,13696,0.6418538861723948,0.31458586
23981,HLA-A*66:01,esm2_joint,locus,0,1.0,13696,0.0,0.44461507
23984,HLA-A*80:01,esm2_joint,locus,0,1.0,13696,0.26236426446749106,0.78604853
23989,HLA-A*68:01,esm2_joint,locus,0,1.0,13696,0.09531017980432487,0.6084564
23992,HLA-A*02:19,esm2_joint,locus,0,1.0,13696,2.884800712846709,0.37921268
23999,HLA-A*24:07,esm2_joint,locus,0,1.0,13696,0.8754687373538999,0.7829299
24002,HLA-A*31:01,esm2_joint,locus,0,1.0,13696,0.33647223662121295,0.8766787
24008,HLA-A*02:50,esm2_joint,locus,0,1.0,13696,2.9601050959108397,0.29049295
24011,HLA-A*24:19,esm2_joint,locus,0,1.0,13696,0.0,0.7319585
24013,HLA-A*02:03,esm2_joint,locus,0,1.0,13696,2.6741486494265287,0.6522485
24014,HLA-A*02:01,esm2_joint,locus,0,1.0,13696,2.3608540011180215,0.62434
24015,HLA-A*24:03,esm2_joint,locus,0,1.0,13696,2.302585092994046,1.0309978
24018,HLA-A*26:03,esm2_joint,locus,0,1.0,13696,0.4700036292457355,0.44335896
24022,HLA-A*31:01,esm2_joint,locus,0,1.0,13696,2.0412203288596382,0.67105275
24029,HLA-A*66:01,esm2_joint,locus,0,1.0,13696,1.0986122886681098,0.6544117
24030,HLA-A*02:03,esm2_joint,locus,0,1.0,13696,0.26236426446749106,0.4326715
24031,HLA-A*25:01,esm2_joint,locus,0,1.0,13696,1.840549633397487,0.5062102
24033,HLA-A*02:11,esm2_joint,locus,0,1.0,13696,2.791165107812717,0.768239
24034,HLA-A*02:50,esm2_joint,locus,0,1.0,13696,2.0918640616783932,0.38624185
24037,HLA-A*25:01,esm2_joint,locus,0,1.0,13696,0.0,0.37043095
24038,HLA-A*66:01,esm2_joint,locus,0,1.0,13696,0.4054651081081644,0.6989087
24041,HLA-A*68:01,esm2_joint,locus,0,1.0,13696,0.0,1.3682686
24042,HLA-A*80:01,esm2_joint,locus,0,1.0,13696,0.0,0.8564175
24043,HLA-A*26:03,esm2_joint,locus,0,1.0,13696,0.5877866649021191,0.11000043
24047,HLA-A*26:02,esm2_joint,locus,0,1.0,13696,2.4069451083182885,0.6753154
24048,HLA-A*03:01,esm2_joint,locus,0,1.0,13696,0.18232155679395465,1.5798532
24049,HLA-A*02:16,esm2_joint,locus,0,1.0,13696,0.7884573603642702,0.29733145
24050,HLA-A*30:01,esm2_joint,locus,0,1.0,13696,0.0,0.24403465
24051,HLA-A*33:03,esm2_joint,locus,0,1.0,13696,4.636668853047462,0.82235533
24052,HLA-A*68:01,esm2_joint,locus,0,1.0,13696,3.970291913552122,0.6469708
24053,HLA-A*32:07,esm2_joint,locus,0,1.0,13696,0.6418538861723948,0.7217147
24059,HLA-A*68:23,esm2_joint,locus,0,1.0,13696,2.0794415416798357,0.87280273
24060,HLA-A*26:03,esm2_joint,locus,0,1.0,13696,0.5306282510621704,0.46415013
24063,HLA-A*02:12,esm2_joint,locus,0,1.0,13696,2.1041341542702074,0.345029
24069,HLA-A*30:02,esm2_joint,locus,0,1.0,13696,0.33647223662121295,0.57626426
24070,HLA-A*66:01,esm2_joint,locus,0,1.0,13696,2.066862759472976,0.41115135
24071,HLA-A*68:01,esm2_joint,locus,0,1.0,13696,0.5877866649021191,0.23584086
24073,HLA-A*29:02,esm2_joint,locus,0,1.0,13696,2.4423470353692043,0.9121388
24074,HLA-A*24:03,esm2_joint,locus,0,1.0,13696,1.5040773967762742,1.3516126
24076,HLA-A*02:10,esm2_joint,locus,0,1.0,13696,0.26236426446749106,0.2594499
24077,HLA-A*02:50,esm2_joint,locus,0,1.0,13696,2.5952547069568657,0.5621898
24079,HLA-A*24:02,esm2_joint,locus,0,1.0,13696,1.0647107369924282,0.6933013
24080,HLA-A*24:02,esm2_joint,locus,0,1.0,13696,2.066862759472976,0.3248346
24082,HLA-A*23:01,esm2_joint,locus,0,1.0,13696,3.1780538303479458,0.5461692
24085,HLA-A*02:10,esm2_joint,locus,0,1.0,13696,1.8870696490323797,0.23621815
24086,HLA-A*33:03,esm2_joint,locus,0,1.0,13696,0.6931471805599453,0.5989838
24088,HLA-A*80:01,esm2_joint,locus,0,1.0,13696,0.0,1.1809658
24090,HLA-A*02:03,esm2_joint,locus,0,1.0,13696,2.8154087194227095,-0.29262453
24091,HLA-A*02:10,esm2_joint,locus,0,1.0,13696,1.1314021114911006,0.82106364
24092,HLA-A*02:19,esm2_joint,locus,0,1.0,13696,3.580737295494233,1.0249768
24093,HLA-A*74:01,esm2_joint,locus,0,1.0,13696,0.0,0.7821996
24098,HLA-A*43:01,esm2_joint,locus,0,1.0,13696,0.18232155679395465,0.9309829
24099,HLA-A*23:01,esm2_joint,locus,0,1.0,13696,0.4700036292457355,0.8979384
24100,HLA-A*24:07,esm2_joint,locus,0,1.0,13696,2.312535423847214,1.150938
24101,HLA-A*02:01,esm2_joint,locus,0,1.0,13696,2.803360380906535,0.024704337
24102,HLA-A*02:11,esm2_joint,locus,0,1.0,13696,1.1631508098056809,0.88414085
24103,HLA-A*30:01,esm2_joint,locus,0,1.0,13696,0.18232155679395465,0.33006167
24105,HLA-A*23:01,esm2_joint,locus,0,1.0,13696,1.840549633397487,0.6468975
24106,HLA-A*24:07,esm2_joint,locus,0,1.0,13696,1.791759469228055,-0.21886557
24107,HLA-A*68:23,esm2_joint,locus,0,1.0,13696,0.26236426446749106,0.7223258
24112,HLA-A*26:03,esm2_joint,locus,0,1.0,13696,0.0,0.7158253
24114,HLA-A*32:07,esm2_joint,locus,0,1.0,13696,3.5890591188317256,0.6823244
24116,HLA-A*24:07,esm2_joint,locus,0,1.0,13696,3.4210000089583352,0.843601
24117,HLA-A*66:01,esm2_joint,locus,0,1.0,13696,0.26236426446749106,0.5319506
24122,HLA-A*02:03,esm2_joint,locus,0,1.0,13696,0.6931471805599453,0.74000126
24123,HLA-A*68:23,esm2_joint,locus,0,1.0,13696,0.4700036292457355,0.38503796
24125,HLA-A*24:02,esm2_joint,locus,0,1.0,13696,0.33647223662121295,0.30360508
24126,HLA-A*29:02,esm2_joint,locus,0,1.0,13696,1.9459101490553132,1.4903976
24128,HLA-A*74:01,esm2_joint,locus,0,1.0,13696,0.0,0.87280774
24130,HLA-A*68:01,esm2_joint,locus,0,1.0,13696,0.0,0.2519709
24131,HLA-A*25:01,esm2_joint,locus,0,1.0,13696,0.0,0.9794033
24132,HLA-A*02:19,esm2_joint,locus,0,1.0,13696,0.26236426446749106,0.51606697
24133,HLA-A*68:01,esm2_joint,locus,0,1.0,13696,0.0,0.5499927
24141,HLA-A*24:19,esm2_joint,locus,0,1.0,13696,0.4054651081081644,0.92885053
24142,HLA-A*24:07,esm2_joint,locus,0,1.0,13696,2.2512917986064953,0.87059796
24143,HLA-A*25:01,esm2_joint,locus,0,1.0,13696,1.7047480922384253,0.64094335
24145,HLA-A*24:02,esm2_joint,locus,0,1.0,13696,0.5877866649021191,0.51093966
24147,HLA-A*24:19,esm2_joint,locus,0,1.0,13696,0.18232155679395465,1.1294128
24148,HLA-A*25:01,esm2_joint,locus,0,1.0,13696,0.0,0.5076435
24149,HLA-A*26:02,esm2_joint,locus,0,1.0,13696,1.0986122886681098,0.9074672
24150,HLA-A*68:23,esm2_joint,locus,0,1.0,13696,0.26236426446749106,0.62152505
24153,HLA-A*02:01,esm2_joint,locus,0,1.0,13696,1.5260563034950494,0.028196871
24161,HLA-A*03:01,esm2_joint,locus,0,1.0,13696,0.26236426446749106,1.7479252
24162,HLA-A*02:19,esm2_joint,locus,0,1.0,13696,2.747270914255491,0.72339463
24164,HLA-A*24:19,esm2_joint,locus,0,1.0,13696,1.2809338454620642,0.9788072
24165,HLA-A*24:07,esm2_joint,locus,0,1.0,13696,0.9555114450274363,0.2791208
24166,HLA-A*68:23,esm2_joint,locus,0,1.0,13696,0.18232155679395465,0.82321537
24167,HLA-A*66:01,esm2_joint,locus,0,1.0,13696,0.0,0.71880674
24168,HLA-A*11:01,esm2_joint,locus,0,1.0,13696,0.18232155679395465,0.59972703
24170,HLA-A*25:01,esm2_joint,locus,0,1.0,13696,0.0,0.71837527
24171,HLA-A*02:10,esm2_joint,locus,0,1.0,13696,1.33500106673234,0.68982226
24173,HLA-A*26:02,esm2_joint,locus,0,1.0,13696,0.4054651081081644,1.520402
24176,HLA-A*24:02,esm2_joint,locus,0,1.0,13696,0.26236426446749106,0.21416575
24178,HLA-A*29:02,esm2_joint,locus,0,1.0,13696,1.6094379124341003,1.0595745
24179,HLA-A*23:01,esm2_joint,locus,0,1.0,13696,2.5952547069568657,0.51472366
24183,HLA-A*43:01,esm2_joint,locus,0,1.0,13696,0.33647223662121295,1.2215782
24184,HLA-A*32:07,esm2_joint,locus,0,1.0,13696,2.0541237336955462,0.5059239
24185,HLA-A*26:02,esm2_joint,locus,0,1.0,13696,3.1441522786722644,0.92043847
24189,HLA-A*02:19,esm2_joint,locus,0,1.0,13696,0.9555114450274363,0.6176232
24192,HLA-A*66:01,esm2_joint,locus,0,1.0,13696,0.13976194237515868,0.31030297
24200,HLA-A*02:01,esm2_joint,locus,0,1.0,13696,3.0633909220278057,0.7893312
24201,HLA-A*11:01,esm2_joint,locus,0,1.0,13696,4.191168746857641,0.9250884
24203,HLA-A*24:07,esm2_joint,locus,0,1.0,13696,2.9652730660692823,0.67080736
24205,HLA-A*03:01,esm2_joint,locus,0,1.0,13696,1.0647107369924282,1.5667768
24206,HLA-A*02:16,esm2_joint,locus,0,1.0,13696,1.308332819650179,0.2754293
24210,HLA-A*32:07,esm2_joint,locus,0,1.0,13696,0.26236426446749106,0.42065823
24212,HLA-A*02:12,esm2_joint,locus,0,1.0,13696,3.5751506887855933,0.7141592
24216,HLA-A*03:01,esm2_joint,locus,0,1.0,13696,1.4350845252893227,1.0424209
24219,HLA-A*31:01,esm2_joint,locus,0,1.0,13696,3.8416005411316,0.8236665
24220,HLA-A*68:01,esm2_joint,locus,0,1.0,13696,1.1314021114911006,0.63731194
24221,HLA-A*11:01,esm2_joint,locus,0,1.0,13696,0.4054651081081644,0.43147093
24223,HLA-A*29:02,esm2_joint,locus,0,1.0,13696,0.0,0.8617383
24224,HLA-A*24:19,esm2_joint,locus,0,1.0,13696,0.33647223662121295,0.40876555
24225,HLA-A*02:11,esm2_joint,locus,0,1.0,13696,1.1314021114911006,0.6262336
24226,HLA-A*33:03,esm2_joint,locus,0,1.0,13696,0.5306282510621704,1.3868874
24227,HLA-A*30:02,esm2_joint,locus,0,1.0,13696,2.0014800002101243,0.66495776
24228,HLA-A*66:01,esm2_joint,locus,0,1.0,13696,0.7419373447293773,0.71973425
24229,HLA-A*31:01,esm2_joint,locus,0,1.0,13696,1.1314021114911006,1.4306984
24232,HLA-A*80:01,esm2_joint,locus,0,1.0,13696,0.0,1.2353077
24233,HLA-A*32:07,esm2_joint,locus,0,1.0,13696,2.8791984572980396,1.0083178
24234,HLA-A*69:01,esm2_joint,locus,0,1.0,13696,0.0,0.17385125
24235,HLA-A*02:19,esm2_joint,locus,0,1.0,13696,0.6418538861723948,0.20710617
24236,HLA-A*33:03,esm2_joint,locus,0,1.0,13696,0.0,1.1203614
24241,HLA-A*30:01,esm2_joint,locus,0,1.0,13696,0.7419373447293773,0.5951557
24242,HLA-A*74:01,esm2_joint,locus,0,1.0,13696,2.468099531471619,0.70683897
24246,HLA-A*24:19,esm2_joint,locus,0,1.0,13696,0.4054651081081644,0.3700816
24252,HLA-A*24:03,esm2_joint,locus,0,1.0,13696,1.2809338454620642,0.4645235
24253,HLA-A*24:03,esm2_joint,locus,0,1.0,13696,1.9459101490553132,0.44792145
24254,HLA-A*24:19,esm2_joint,locus,0,1.0,13696,0.09531017980432487,0.3206575
24255,HLA-A*02:01,esm2_joint,locus,0,1.0,13696,0.6312717768418579,0.033308625
24256,HLA-A*23:01,esm2_joint,locus,0,1.0,13696,0.4054651081081644,0.39902312
24257,HLA-A*24:07,esm2_joint,locus,0,1.0,13696,2.5649493574615367,0.6670084
24260,HLA-A*33:03,esm2_joint,locus,0,1.0,13696,4.489759334476764,0.28535235
24264,HLA-A*29:02,esm2_joint,locus,0,1.0,13696,2.2617630984737906,0.23382443
24266,HLA-A*32:01,esm2_joint,locus,0,1.0,13696,0.0,0.96281445
24268,HLA-A*24:03,esm2_joint,locus,0,1.0,13696,3.56953269648137,0.028710485
24269,HLA-A*24:19,esm2_joint,locus,0,1.0,13696,0.18232155679395465,0.5191111
24272,HLA-A*24:19,esm2_joint,locus,0,1.0,13696,0.18232155679395465,1.3023164
24273,HLA-A*68:23,esm2_joint,locus,0,1.0,13696,0.0,0.26011634
24275,HLA-A*26:02,esm2_joint,locus,0,1.0,13696,2.5952547069568657,0.30703443
24276,HLA-A*02:11,esm2_joint,locus,0,1.0,13696,2.4932054526026954,0.94628656
24277,HLA-A*32:07,esm2_joint,locus,0,1.0,13696,0.0,0.5711702
24279,HLA-A*74:01,esm2_joint,locus,0,1.0,13696,0.33647223662121295,0.90477896
24280,HLA-A*74:01,esm2_joint,locus,0,1.0,13696,3.572345637857985,0.9191245
24285,HLA-A*30:02,esm2_joint,locus,0,1.0,13696,0.09531017980432487,0.97654563
24286,HLA-A*24:03,esm2_joint,locus,0,1.0,13696,1.0296194171811583,0.19708806
24288,HLA-A*24:07,esm2_joint,locus,0,1.0,13696,0.5306282510621704,1.246187
24290,HLA-A*24:02,esm2_joint,locus,0,1.0,13696,0.4700036292457355,1.3324513
24292,HLA-A*02:03,esm2_joint,locus,0,1.0,13696,3.0301337002713233,0.1197207
24295,HLA-A*02:16,esm2_joint,locus,0,1.0,13696,2.312535423847214,0.015483499
24296,HLA-A*68:01,esm2_joint,locus,0,1.0,13696,0.26236426446749106,1.283109
24297,HLA-A*74:01,esm2_joint,locus,0,1.0,13696,0.26236426446749106,1.3699383
24300,HLA-A*68:01,esm2_joint,locus,0,1.0,13696,3.3568971227655755,0.6488843
24310,HLA-A*80:01,esm2_joint,locus,0,1.0,13696,0.0,1.190981
24312,HLA-A*66:01,esm2_joint,locus,0,1.0,13696,0.18232155679395465,0.6075935
24314,HLA-A*02:11,esm2_joint,locus,0,1.0,13696,3.109060958860994,0.6425624
24315,HLA-A*74:01,esm2_joint,locus,0,1.0,13696,0.5306282510621704,0.9883443
24319,HLA-A*25:01,esm2_joint,locus,0,1.0,13696,1.33500106673234,0.289805
24323,HLA-A*68:01,esm2_joint,locus,0,1.0,13696,3.6913763343125234,1.0933648
24326,HLA-A*02:11,esm2_joint,locus,0,1.0,13696,3.005682604407159,0.5520027
24327,HLA-A*02:50,esm2_joint,locus,0,1.0,13696,2.0149030205422647,0.10036355
24328,HLA-A*02:19,esm2_joint,locus,0,1.0,13696,3.139832617527748,0.32659757
24334,HLA-A*68:23,esm2_joint,locus,0,1.0,13696,0.09531017980432487,0.5634698
24337,HLA-A*02:01,esm2_joint,locus,0,1.0,13696,3.4657359027997265,0.6448095
24338,HLA-A*03:01,esm2_joint,locus,0,1.0,13696,0.7884573603642702,0.9659953
24341,HLA-A*43:01,esm2_joint,locus,0,1.0,13696,0.4054651081081644,1.0969524
24344,HLA-A*26:03,esm2_joint,locus,0,1.0,13696,2.0412203288596382,0.39765948
24345,HLA-A*26:03,esm2_joint,locus,0,1.0,13696,0.0,0.43659544
24347,HLA-A*02:12,esm2_joint,locus,0,1.0,13696,2.186051276738094,0.42901325
24349,HLA-A*24:02,esm2_joint,locus,0,1.0,13696,3.077312260546414,0.6665331
24350,HLA-A*02:16,esm2_joint,locus,0,1.0,13696,2.4336133554004498,0.7176337
24351,HLA-A*11:01,esm2_joint,locus,0,1.0,13696,2.0412203288596382,0.8290062
24355,HLA-A*02:50,esm2_joint,locus,0,1.0,13696,2.8094026953624973,0.6095761
24356,HLA-A*33:03,esm2_joint,locus,0,1.0,13696,0.9555114450274363,0.8995423
24359,HLA-A*80:01,esm2_joint,locus,0,1.0,13696,0.0,0.77962214
24360,HLA-A*80:01,esm2_joint,locus,0,1.0,13696,0.0,0.59479487
24364,HLA-A*03:01,esm2_joint,locus,0,1.0,13696,0.0,1.1061885
24365,HLA-A*02:12,esm2_joint,locus,0,1.0,13696,3.414442608412176,0.7773716
24366,HLA-A*02:50,esm2_joint,locus,0,1.0,13696,2.70805020110221,0.38227105
24368,HLA-A*29:02,esm2_joint,locus,0,1.0,13696,1.252762968495368,1.4044516
24369,HLA-A*80:01,esm2_joint,locus,0,1.0,13696,0.4054651081081644,1.000412
24370,HLA-A*24:03,esm2_joint,locus,0,1.0,13696,2.128231705849268,0.16778892
24376,HLA-A*02:19,esm2_joint,locus,0,1.0,13696,0.0,0.81370485
24382,HLA-A*68:23,esm2_joint,locus,0,1.0,13696,0.7419373447293773,0.7511577
24383,HLA-A*02:50,esm2_joint,locus,0,1.0,13696,2.501435951739211,0.9826532
24384,HLA-A*31:01,esm2_joint,locus,0,1.0,13696,2.3608540011180215,1.4727464
24385,HLA-A*25:01,esm2_joint,locus,0,1.0,13696,3.3105430133940246,0.8422666
24387,HLA-A*02:10,esm2_joint,locus,0,1.0,13696,2.5494451709255714,0.27180105
24388,HLA-A*24:19,esm2_joint,locus,0,1.0,13696,0.4054651081081644,1.1809562
24389,HLA-A*24:07,esm2_joint,locus,0,1.0,13696,1.9315214116032138,0.34199047
24392,HLA-A*02:19,esm2_joint,locus,0,1.0,13696,2.9231615807191558,0.724266
24396,HLA-A*02:19,esm2_joint,locus,0,1.0,13696,0.4054651081081644,0.5285054
24398,HLA-A*80:01,esm2_joint,locus,0,1.0,13696,0.0,0.7604993
24402,HLA-A*02:03,esm2_joint,locus,0,1.0,13696,0.7419373447293773,0.9231755
24403,HLA-A*33:03,esm2_joint,locus,0,1.0,13696,0.5877866649021191,0.21830618
24409,HLA-A*29:02,esm2_joint,locus,0,1.0,13696,2.174751721484161,0.7468984
24411,HLA-A*31:01,esm2_joint,locus,0,1.0,13696,1.7047480922384253,0.9287387
24412,HLA-A*30:02,esm2_joint,locus,0,1.0,13696,0.5306282510621704,0.6715399
24415,HLA-A*02:19,esm2_joint,locus,0,1.0,13696,3.6609942506244004,0.73960936
24419,HLA-A*24:07,esm2_joint,locus,0,1.0,13696,0.7884573603642702,0.5583182
24423,HLA-A*30:02,esm2_joint,locus,0,1.0,13696,0.09531017980432487,0.44392103
24424,HLA-A*24:07,esm2_joint,locus,0,1.0,13696,3.2268439945173775,0.44112146
24425,HLA-A*68:01,esm2_joint,locus,0,1.0,13696,0.0,1.1154975
24429,HLA-A*23:01,esm2_joint,locus,0,1.0,13696,2.5877640352277083,0.15591341
24430,HLA-A*03:01,esm2_joint,locus,0,1.0,13696,0.0,1.0427155
24432,HLA-A*02:19,esm2_joint,locus,0,1.0,13696,2.272125885509337,0.21206683
24433,HLA-A*74:01,esm2_joint,locus,0,1.0,13696,4.247065649239764,0.89942205
24440,HLA-A*30:01,esm2_joint,locus,0,1.0,13696,0.0,0.3635078
24442,HLA-A*24:19,esm2_joint,locus,0,1.0,13696,0.26236426446749106,0.6097366
24445,HLA-A*02:50,esm2_joint,locus,0,1.0,13696,1.4816045409242156,0.102338076
24446,HLA-A*02:19,esm2_joint,locus,0,1.0,13696,0.7419373447293773,0.54179084
24450,HLA-A*23:01,esm2_joint,locus,0,1.0,13696,1.9740810260220096,0.62481505
24451,HLA-A*23:01,esm2_joint,locus,0,1.0,13696,1.0986122886681098,1.0209413
24453,HLA-A*31:01,esm2_joint,locus,0,1.0,13696,3.4468078929142076,0.47871003
24458,HLA-A*26:02,esm2_joint,locus,0,1.0,13696,0.8754687373538999,0.312222
24461,HLA-A*11:01,esm2_joint,locus,0,1.0,13696,4.623991940228679,1.126376
24463,HLA-A*03:01,esm2_joint,locus,0,1.0,13696,0.26236426446749106,1.4134068
24465,HLA-A*68:01,esm2_joint,locus,0,1.0,13696,0.0,0.5205548
24469,HLA-A*24:07,esm2_joint,locus,0,1.0,13696,0.5877866649021191,0.73324
24473,HLA-A*02:11,esm2_joint,locus,0,1.0,13696,2.7212954278522306,0.8952315
24475,HLA-A*30:02,esm2_joint,locus,0,1.0,13696,1.6094379124341003,1.360779
24476,HLA-A*25:01,esm2_joint,locus,0,1.0,13696,1.308332819650179,0.75945157
24477,HLA-A*02:12,esm2_joint,locus,0,1.0,13696,3.202746442938317,0.284948
24479,HLA-A*30:02,esm2_joint,locus,0,1.0,13696,0.4700036292457355,0.3512872
24481,HLA-A*24:02,esm2_joint,locus,0,1.0,13696,2.2512917986064953,1.6462944
24482,HLA-A*02:12,esm2_joint,locus,0,1.0,13696,3.139832617527748,0.921096
24485,HLA-A*29:02,esm2_joint,locus,0,1.0,13696,0.33647223662121295,0.9399754
24486,HLA-A*80:01,esm2_joint,locus,0,1.0,13696,1.2237754316221157,0.95122516
24487,HLA-A*24:02,esm2_joint,locus,0,1.0,13696,1.5260563034950494,0.37719738
24489,HLA-A*23:01,esm2_joint,locus,0,1.0,13696,3.6109179126442243,0.5350693
24491,HLA-A*29:02,esm2_joint,locus,0,1.0,13696,0.18232155679395465,1.0037339
24493,HLA-A*02:11,esm2_joint,locus,0,1.0,13696,1.7227665977411035,0.79532504
24494,HLA-A*33:03,esm2_joint,locus,0,1.0,13696,0.6931471805599453,0.37559277
24495,HLA-A*68:01,esm2_joint,locus,0,1.0,13696,1.791759469228055,0.60425186
24496,HLA-A*43:01,esm2_joint,locus,0,1.0,13696,0.33647223662121295,1.3704422
24497,HLA-A*24:02,esm2_joint,locus,0,1.0,13696,0.7884573603642702,0.20301265
24499,HLA-A*30:01,esm2_joint,locus,0,1.0,13696,0.18232155679395465,0.89928913
24500,HLA-A*26:02,esm2_joint,locus,0,1.0,13696,0.0,0.762617
24505,HLA-A*68:23,esm2_joint,locus,0,1.0,13696,0.18232155679395465,0.50075525
24506,HLA-A*68:23,esm2_joint,locus,0,1.0,13696,1.3862943611198906,0.6543389
24507,HLA-A*68:23,esm2_joint,locus,0,1.0,13696,1.589235205116581,0.6411133
24508,HLA-A*03:01,esm2_joint,locus,0,1.0,13696,0.09531017980432487,0.88804984
24509,HLA-A*02:19,esm2_joint,locus,0,1.0,13696,1.4816045409242156,0.3360579
24511,HLA-A*30:02,esm2_joint,locus,0,1.0,13696,0.26236426446749106,1.0048466
24512,HLA-A*26:02,esm2_joint,locus,0,1.0,13696,0.4054651081081644,0.88759565
24515,HLA-A*02:10,esm2_joint,locus,0,1.0,13696,3.871201010907891,0.34085768
24516,HLA-A*02:16,esm2_joint,locus,0,1.0,13696,2.174751721484161,0.119647145
24520,HLA-A*80:01,esm2_joint,locus,0,1.0,13696,0.0,1.5577958
24521,HLA-A*32:07,esm2_joint,locus,0,1.0,13696,1.410986973710262,0.6877841
24522,HLA-A*32:07,esm2_joint,locus,0,1.0,13696,4.42484663185681,1.0805769
24525,HLA-A*29:02,esm2_joint,locus,0,1.0,13696,0.26236426446749106,1.1460154
24528,HLA-A*03:01,esm2_joint,locus,0,1.0,13696,0.09531017980432487,1.0887927
24531,HLA-A*24:19,esm2_joint,locus,0,1.0,13696,0.18232155679395465,0.9405525
24532,HLA-A*24:02,esm2_joint,locus,0,1.0,13696,0.7884573603642702,0.670992
24533,HLA-A*68:01,esm2_joint,locus,0,1.0,13696,0.0,0.91148925
24534,HLA-A*74:01,esm2_joint,locus,0,1.0,13696,0.5877866649021191,0.8174219
24542,HLA-A*02:01,esm2_joint,locus,0,1.0,13696,0.8285518175661483,0.077172995
24544,HLA-A*02:01,esm2_joint,locus,0,1.0,13696,3.4904285153900982,0.17674917
24545,HLA-A*68:01,esm2_joint,locus,0,1.0,13696,4.658710952916121,1.0017266
24549,HLA-A*02:11,esm2_joint,locus,0,1.0,13696,2.766319109226186,0.3357364
24552,HLA-A*80:01,esm2_joint,locus,0,1.0,13696,0.09531017980432487,0.9116311
24553,HLA-A*32:07,esm2_joint,locus,0,1.0,13696,0.33647223662121295,0.86761427
24555,HLA-A*31:01,esm2_joint,locus,0,1.0,13696,2.9069010598473755,0.6710579
24559,HLA-A*24:03,esm2_joint,locus,0,1.0,13696,0.4054651081081644,0.8228176
24560,HLA-A*02:16,esm2_joint,locus,0,1.0,13696,3.481240089335692,0.53400576
24562,HLA-A*33:03,esm2_joint,locus,0,1.0,13696,1.7047480922384253,0.8654221
24563,HLA-A*68:01,esm2_joint,locus,0,1.0,13696,1.0647107369924282,0.6911553
24567,HLA-A*29:02,esm2_joint,locus,0,1.0,13696,0.6931471805599453,0.860818
24568,HLA-A*26:02,esm2_joint,locus,0,1.0,13696,1.2809338454620642,1.1456257
24569,HLA-A*68:23,esm2_joint,locus,0,1.0,13696,0.4700036292457355,0.6830641
24571,HLA-A*02:10,esm2_joint,locus,0,1.0,13696,0.6418538861723948,0.09163481
24573,HLA-A*43:01,esm2_joint,locus,0,1.0,13696,0.0,0.3706584
24574,HLA-A*68:23,esm2_joint,locus,0,1.0,13696,0.26236426446749106,0.89146864
24576,HLA-A*02:12,esm2_joint,locus,0,1.0,13696,1.1631508098056809,0.030358493
24579,HLA-A*29:02,esm2_joint,locus,0,1.0,13696,0.6418538861723948,1.113807
24580,HLA-A*23:01,esm2_joint,locus,0,1.0,13696,3.6270040503958487,0.8345395
24581,HLA-A*68:23,esm2_joint,locus,0,1.0,13696,1.3609765531356006,0.42591316
24583,HLA-A*24:02,esm2_joint,locus,0,1.0,13696,1.7749523509116738,1.5274184
24584,HLA-A*02:10,esm2_joint,locus,0,1.0,13696,1.667706820558076,0.3056131
24585,HLA-A*11:01,esm2_joint,locus,0,1.0,13696,3.5467396869528134,0.5047711
24588,HLA-A*24:02,esm2_joint,locus,0,1.0,13696,0.4054651081081644,0.6200026
24589,HLA-A*31:01,esm2_joint,locus,0,1.0,13696,3.8877303128591016,1.2766421
24593,HLA-A*24:03,esm2_joint,locus,0,1.0,13696,1.7227665977411035,0.40915996
24598,HLA-A*68:01,esm2_joint,locus,0,1.0,13696,0.5877866649021191,0.94452775
24603,HLA-A*02:10,esm2_joint,locus,0,1.0,13696,2.0412203288596382,0.6390242
24604,HLA-A*11:01,esm2_joint,locus,0,1.0,13696,3.8543938925915096,0.99347067
24605,HLA-A*74:01,esm2_joint,locus,0,1.0,13696,2.6741486494265287,0.7013624
24608,HLA-A*02:10,esm2_joint,locus,0,1.0,13696,1.8082887711792655,0.28279996
24609,HLA-A*02:50,esm2_joint,locus,0,1.0,13696,3.173878458937465,0.6653362
24610,HLA-A*43:01,esm2_joint,locus,0,1.0,13696,1.1314021114911006,1.1195167
24611,HLA-A*23:01,esm2_joint,locus,0,1.0,13696,0.4054651081081644,0.7061336
24614,HLA-A*25:01,esm2_joint,locus,0,1.0,13696,0.4054651081081644,0.4251547
24616,HLA-A*02:16,esm2_joint,locus,0,1.0,13696,3.126760535960395,0.26594764
24617,HLA-A*02:16,esm2_joint,locus,0,1.0,13696,0.832909122935104,-0.086508214
24618,HLA-A*33:03,esm2_joint,locus,0,1.0,13696,1.7749523509116738,0.65415776
24622,HLA-A*66:01,esm2_joint,locus,0,1.0,13696,0.0,0.13177067
24623,HLA-A*24:02,esm2_joint,locus,0,1.0,13696,3.9435216724875173,0.91031194
24624,HLA-A*31:01,esm2_joint,locus,0,1.0,13696,0.26236426446749106,1.4363962
24625,HLA-A*68:01,esm2_joint,locus,0,1.0,13696,0.0,1.0236063
24626,HLA-A*74:01,esm2_joint,locus,0,1.0,13696,0.26236426446749106,0.65538484
24630,HLA-A*26:03,esm2_joint,locus,0,1.0,13696,0.0,0.41527134
24633,HLA-A*68:01,esm2_joint,locus,0,1.0,13696,0.0,1.2857742
24634,HLA-A*74:01,esm2_joint,locus,0,1.0,13696,0.7884573603642702,1.1927004
24635,HLA-A*24:19,esm2_joint,locus,0,1.0,13696,0.0,1.2285659
24638,HLA-A*02:10,esm2_joint,locus,0,1.0,13696,0.832909122935104,0.61916316
24639,HLA-A*11:01,esm2_joint,locus,0,1.0,13696,0.6418538861723948,0.12125915
24643,HLA-A*43:01,esm2_joint,locus,0,1.0,13696,0.0,0.9541406
24645,HLA-A*24:02,esm2_joint,locus,0,1.0,13696,2.975529566236472,0.73443913
24646,HLA-A*02:10,esm2_joint,locus,0,1.0,13696,0.33647223662121295,0.088885844
24647,HLA-A*30:01,esm2_joint,locus,0,1.0,13696,4.222444564849416,0.53837657
24648,HLA-A*80:01,esm2_joint,locus,0,1.0,13696,0.26236426446749106,0.17004746
24651,HLA-A*31:01,esm2_joint,locus,0,1.0,13696,1.667706820558076,1.4460412
24652,HLA-A*74:01,esm2_joint,locus,0,1.0,13696,2.580216829592325,0.57317734
24653,HLA-A*74:01,esm2_joint,locus,0,1.0,13696,3.927896354584436,0.66968805
24658,HLA-A*24:02,esm2_joint,locus,0,1.0,13696,0.8754687373538999,0.3441925
24659,HLA-A*74:01,esm2_joint,locus,0,1.0,13696,3.4307561839036995,1.1334063
24661,HLA-A*32:07,esm2_joint,locus,0,1.0,13696,0.26236426446749106,0.8553822
24662,HLA-A*68:23,esm2_joint,locus,0,1.0,13696,0.6931471805599453,0.65335995
24664,HLA-A*11:01,esm2_joint,locus,0,1.0,13696,3.6000482404073204,0.52339053
24665,HLA-A*74:01,esm2_joint,locus,0,1.0,13696,0.0,1.0013453
24669,HLA-A*02:01,esm2_joint,locus,0,1.0,13696,2.3978952727983707,0.08433306
24670,HLA-A*02:12,esm2_joint,locus,0,1.0,13696,1.8718021769015913,0.14289671
24673,HLA-A*11:01,esm2_joint,locus,0,1.0,13696,3.3214324131932926,0.67970103
24676,HLA-A*30:02,esm2_joint,locus,0,1.0,13696,2.2407096892759584,1.1876299
24678,HLA-A*33:03,esm2_joint,locus,0,1.0,13696,3.5610460826040513,0.57719475
24679,HLA-A*68:01,esm2_joint,locus,0,1.0,13696,0.4382549309311553,1.3107653
24683,HLA-A*02:01,esm2_joint,locus,0,1.0,13696,1.2809338454620642,0.029054046
24684,HLA-A*29:02,esm2_joint,locus,0,1.0,13696,0.6418538861723948,0.8140239
24685,HLA-A*24:07,esm2_joint,locus,0,1.0,13696,0.09531017980432487,0.5863661
24686,HLA-A*25:01,esm2_joint,locus,0,1.0,13696,0.5877866649021191,0.444112
24693,HLA-A*32:07,esm2_joint,locus,0,1.0,13696,0.6418538861723948,0.85275024
24695,HLA-A*68:01,esm2_joint,locus,0,1.0,13696,0.0,0.43595058
24698,HLA-A*11:01,esm2_joint,locus,0,1.0,13696,1.1314021114911006,0.6521118
24702,HLA-A*68:23,esm2_joint,locus,0,1.0,13696,0.26236426446749106,0.360402
24703,HLA-A*66:01,esm2_joint,locus,0,1.0,13696,0.33647223662121295,0.90984637
24704,HLA-A*26:03,esm2_joint,locus,0,1.0,13696,0.9162907318741551,-0.0062933564
24706,HLA-A*03:01,esm2_joint,locus,0,1.0,13696,0.5877866649021191,1.1791692
24707,HLA-A*24:02,esm2_joint,locus,0,1.0,13696,2.0412203288596382,0.45173824
24712,HLA-A*26:02,esm2_joint,locus,0,1.0,13696,3.1780538303479458,0.90046585
24713,HLA-A*68:23,esm2_joint,locus,0,1.0,13696,1.5040773967762742,0.74194145
24715,HLA-A*03:01,esm2_joint,locus,0,1.0,13696,0.33647223662121295,1.2239286
24716,HLA-A*24:02,esm2_joint,locus,0,1.0,13696,1.3609765531356006,0.78800946
24717,HLA-A*02:10,esm2_joint,locus,0,1.0,13696,3.1945831322991562,0.32790762
24718,HLA-A*25:01,esm2_joint,locus,0,1.0,13696,0.26236426446749106,0.7116967
24719,HLA-A*26:03,esm2_joint,locus,0,1.0,13696,0.0,0.5716629
24722,HLA-A*02:12,esm2_joint,locus,0,1.0,13696,2.9806186357439426,0.32202047
24729,HLA-A*24:07,esm2_joint,locus,0,1.0,13696,0.26236426446749106,0.5064143
24730,HLA-A*68:23,esm2_joint,locus,0,1.0,13696,0.33647223662121295,0.42232877
24732,HLA-A*02:50,esm2_joint,locus,0,1.0,13696,1.2237754316221157,-0.21343225
24733,HLA-A*33:03,esm2_joint,locus,0,1.0,13696,0.4700036292457355,0.42892808
24736,HLA-A*30:01,esm2_joint,locus,0,1.0,13696,0.18232155679395465,0.40370476
24737,HLA-A*74:01,esm2_joint,locus,0,1.0,13696,2.2192034840549946,0.99010056
24740,HLA-A*43:01,esm2_joint,locus,0,1.0,13696,1.5686159179138452,1.0312324
24741,HLA-A*30:02,esm2_joint,locus,0,1.0,13696,0.33647223662121295,0.7495536
24744,HLA-A*02:19,esm2_joint,locus,0,1.0,13696,2.2512917986064953,0.3913929
24745,HLA-A*02:19,esm2_joint,locus,0,1.0,13696,4.14946386144318,0.5996164
24751,HLA-A*43:01,esm2_joint,locus,0,1.0,13696,0.18232155679395465,0.67507625
24752,HLA-A*29:02,esm2_joint,locus,0,1.0,13696,0.7419373447293773,1.0045776
24756,HLA-A*29:02,esm2_joint,locus,0,1.0,13696,0.26236426446749106,1.2848954
24757,HLA-A*29:02,esm2_joint,locus,0,1.0,13696,0.33647223662121295,1.1428281
24759,HLA-A*26:02,esm2_joint,locus,0,1.0,13696,0.7419373447293773,0.47848293
24761,HLA-A*74:01,esm2_joint,locus,0,1.0,13696,1.1631508098056809,0.5704882
24762,HLA-A*23:01,esm2_joint,locus,0,1.0,13696,3.5890591188317256,0.57507485
24764,HLA-A*02:01,esm2_joint,locus,0,1.0,13696,2.151762203259462,0.570372
24765,HLA-A*02:16,esm2_joint,locus,0,1.0,13696,3.0007198150650303,0.1931867
24766,HLA-A*43:01,esm2_joint,locus,0,1.0,13696,0.18232155679395465,0.80192643
24767,HLA-A*32:07,esm2_joint,locus,0,1.0,13696,0.26236426446749106,0.87793636
24768,HLA-A*32:07,esm2_joint,locus,0,1.0,13696,0.26236426446749106,0.7398802
24769,HLA-A*24:19,esm2_joint,locus,0,1.0,13696,0.18232155679395465,1.030037
24773,HLA-A*02:10,esm2_joint,locus,0,1.0,13696,0.33647223662121295,0.40643406
24774,HLA-A*68:01,esm2_joint,locus,0,1.0,13696,1.252762968495368,0.74462724
24776,HLA-A*32:07,esm2_joint,locus,0,1.0,13696,0.0,0.28163368
24777,HLA-A*24:19,esm2_joint,locus,0,1.0,13696,0.0,0.42245215
24778,HLA-A*30:01,esm2_joint,locus,0,1.0,13696,0.5877866649021191,0.29622203
24779,HLA-A*33:03,esm2_joint,locus,0,1.0,13696,4.8543712716215905,0.5231862
24783,HLA-A*32:07,esm2_joint,locus,0,1.0,13696,3.520460802488973,1.0266978
24785,HLA-A*02:12,esm2_joint,locus,0,1.0,13696,0.9162907318741551,0.119120896
24787,HLA-A*01:01,esm2_joint,locus,0,1.0,13696,2.845490610223448,0.26295835
24789,HLA-A*25:01,esm2_joint,locus,0,1.0,13696,0.0,0.4918672
24790,HLA-A*02:16,esm2_joint,locus,0,1.0,13696,0.4700036292457355,0.23923147
24791,HLA-A*33:03,esm2_joint,locus,0,1.0,13696,2.785011242238338,0.73481405
24793,HLA-A*30:02,esm2_joint,locus,0,1.0,13696,0.832909122935104,0.57571197
24795,HLA-A*02:50,esm2_joint,locus,0,1.0,13696,2.1162555148025524,-0.06929296
24796,HLA-A*02:50,esm2_joint,locus,0,1.0,13696,2.4159137783010487,0.3740651
24797,HLA-A*30:01,esm2_joint,locus,0,1.0,13696,0.6418538861723948,0.7386898
24799,HLA-A*68:23,esm2_joint,locus,0,1.0,13696,1.252762968495368,0.87494814
24800,HLA-A*02:16,esm2_joint,locus,0,1.0,13696,3.2771447329921766,1.0906599
24803,HLA-A*03:01,esm2_joint,locus,0,1.0,13696,2.1972245773362196,0.8337333
24805,HLA-A*02:16,esm2_joint,locus,0,1.0,13696,0.9555114450274363,0.475213
24806,HLA-A*33:03,esm2_joint,locus,0,1.0,13696,0.0,1.2559669
24807,HLA-A*68:01,esm2_joint,locus,0,1.0,13696,1.3862943611198906,0.5523206
24809,HLA-A*43:01,esm2_joint,locus,0,1.0,13696,0.6418538861723948,0.14532566
24811,HLA-A*24:07,esm2_joint,locus,0,1.0,13696,1.0986122886681098,0.6754027
24812,HLA-A*02:10,esm2_joint,locus,0,1.0,13696,1.252762968495368,0.39966422
24813,HLA-A*02:19,esm2_joint,locus,0,1.0,13696,1.7404661748405046,0.41226196
24814,HLA-A*02:19,esm2_joint,locus,0,1.0,13696,2.714694743820879,0.13587445
24819,HLA-A*30:02,esm2_joint,locus,0,1.0,13696,2.8791984572980396,1.1836016
24820,HLA-A*33:03,esm2_joint,locus,0,1.0,13696,0.4054651081081644,1.2197752
24821,HLA-A*74:01,esm2_joint,locus,0,1.0,13696,3.005682604407159,1.3251374
24824,HLA-A*24:19,esm2_joint,locus,0,1.0,13696,0.0,0.5174462
24826,HLA-A*29:02,esm2_joint,locus,0,1.0,13696,1.5040773967762742,1.0056261
24829,HLA-A*26:03,esm2_joint,locus,0,1.0,13696,0.26236426446749106,0.944522
24835,HLA-A*02:03,esm2_joint,locus,0,1.0,13696,2.1972245773362196,0.9265702
24836,HLA-A*32:07,esm2_joint,locus,0,1.0,13696,0.0,0.89783263
24837,HLA-A*26:02,esm2_joint,locus,0,1.0,13696,2.714694743820879,1.1331573
24840,HLA-A*24:02,esm2_joint,locus,0,1.0,13696,2.2300144001592104,0.65162766
24842,HLA-A*30:01,esm2_joint,locus,0,1.0,13696,0.0,0.6463809
24843,HLA-A*74:01,esm2_joint,locus,0,1.0,13696,0.0,0.20176083
24845,HLA-A*26:02,esm2_joint,locus,0,1.0,13696,2.2617630984737906,1.2707995
24847,HLA-A*30:02,esm2_joint,locus,0,1.0,13696,1.6486586255873816,0.9589219
24848,HLA-A*80:01,esm2_joint,locus,0,1.0,13696,0.09531017980432487,0.41941923
24850,HLA-A*26:02,esm2_joint,locus,0,1.0,13696,2.0149030205422647,0.49579686
24852,HLA-A*02:12,esm2_joint,locus,0,1.0,13696,1.8718021769015913,0.3284945
24857,HLA-A*02:16,esm2_joint,locus,0,1.0,13696,3.3843902633457743,0.005476117
24860,HLA-A*66:01,esm2_joint,locus,0,1.0,13696,0.26236426446749106,1.0021551
24861,HLA-A*33:03,esm2_joint,locus,0,1.0,13696,0.4700036292457355,1.1391058
24862,HLA-A*68:01,esm2_joint,locus,0,1.0,13696,0.0,1.2051309
24867,HLA-A*66:01,esm2_joint,locus,0,1.0,13696,0.33647223662121295,0.5433322
24870,HLA-A*02:03,esm2_joint,locus,0,1.0,13696,3.261935314328648,0.8700472
24871,HLA-A*30:01,esm2_joint,locus,0,1.0,13696,0.0,0.44911903
24873,HLA-A*80:01,esm2_joint,locus,0,1.0,13696,0.18232155679395465,1.0635055
24875,HLA-A*33:03,esm2_joint,locus,0,1.0,13696,2.424802725718295,0.82186925
24879,HLA-A*66:01,esm2_joint,locus,0,1.0,13696,0.4054651081081644,0.22982043
24889,HLA-A*23:01,esm2_joint,locus,0,1.0,13696,2.2617630984737906,1.1176993
24893,HLA-A*68:01,esm2_joint,locus,0,1.0,13696,0.0,0.59415984
24898,HLA-A*68:23,esm2_joint,locus,0,1.0,13696,1.840549633397487,0.6461391
24899,HLA-A*02:03,esm2_joint,locus,0,1.0,13696,3.481240089335692,-0.010695398
24900,HLA-A*32:07,esm2_joint,locus,0,1.0,13696,2.0918640616783932,1.0049396
24901,HLA-A*24:03,esm2_joint,locus,0,1.0,13696,3.4531571205928664,0.41435176
24902,HLA-A*02:50,esm2_joint,locus,0,1.0,13696,1.4350845252893227,0.07735103
24907,HLA-A*29:02,esm2_joint,locus,0,1.0,13696,0.09531017980432487,0.3345936
24908,HLA-A*31:01,esm2_joint,locus,0,1.0,13696,2.766319109226186,0.7257042
24909,HLA-A*74:01,esm2_joint,locus,0,1.0,13696,1.1939224684724346,1.0337567
24910,HLA-A*24:07,esm2_joint,locus,0,1.0,13696,0.4700036292457355,0.9868626
24911,HLA-A*66:01,esm2_joint,locus,0,1.0,13696,1.0647107369924282,1.2224921
24912,HLA-A*26:03,esm2_joint,locus,0,1.0,13696,0.26236426446749106,0.20564342
24915,HLA-A*32:01,esm2_joint,locus,0,1.0,13696,0.5306282510621704,0.800328
24916,HLA-A*74:01,esm2_joint,locus,0,1.0,13696,0.26236426446749106,0.7934203
24919,HLA-A*43:01,esm2_joint,locus,0,1.0,13696,0.18232155679395465,0.7958207
24920,HLA-A*66:01,esm2_joint,locus,0,1.0,13696,0.0,0.8057804
24922,HLA-A*02:10,esm2_joint,locus,0,1.0,13696,2.6100697927420065,0.6111207
24924,HLA-A*03:01,esm2_joint,locus,0,1.0,13696,0.18232155679395465,0.9897237
24925,HLA-A*02:12,esm2_joint,locus,0,1.0,13696,2.6100697927420065,0.4705602
24926,HLA-A*02:12,esm2_joint,locus,0,1.0,13696,3.58351893845611,0.4775377
24927,HLA-A*24:07,esm2_joint,locus,0,1.0,13696,1.4350845252893227,0.2505911
24929,HLA-A*02:19,esm2_joint,locus,0,1.0,13696,1.6094379124341003,0.49279064
24932,HLA-A*02:03,esm2_joint,locus,0,1.0,13696,3.2268439945173775,0.6763549
24935,HLA-A*02:01,esm2_joint,locus,0,1.0,13696,1.4350845252893227,0.2213422
24936,HLA-A*02:10,esm2_joint,locus,0,1.0,13696,0.5306282510621704,0.4058439
24940,HLA-A*24:19,esm2_joint,locus,0,1.0,13696,0.0,1.2464644
24941,HLA-A*26:03,esm2_joint,locus,0,1.0,13696,0.0,0.26742387
24945,HLA-A*03:01,esm2_joint,locus,0,1.0,13696,0.0,0.9060253
24947,HLA-A*02:16,esm2_joint,locus,0,1.0,13696,1.0296194171811583,0.011288047
24948,HLA-A*68:01,esm2_joint,locus,0,1.0,13696,0.9932517730102833,0.66471493
24949,HLA-A*74:01,esm2_joint,locus,0,1.0,13696,0.33647223662121295,0.49514645
24952,HLA-A*02:10,esm2_joint,locus,0,1.0,13696,2.0541237336955462,0.3505234
24955,HLA-A*74:01,esm2_joint,locus,0,1.0,13696,0.7884573603642702,0.93161607
24956,HLA-A*02:01,esm2_joint,locus,0,1.0,13696,1.0296194171811583,0.44361657
24957,HLA-A*68:01,esm2_joint,locus,0,1.0,13696,0.5306282510621704,0.53160506
24959,HLA-A*68:23,esm2_joint,locus,0,1.0,13696,0.6931471805599453,0.6360037
24966,HLA-A*43:01,esm2_joint,locus,0,1.0,13696,0.09531017980432487,0.8159636
24967,HLA-A*30:02,esm2_joint,locus,0,1.0,13696,0.6418538861723948,0.5102993
24972,HLA-A*26:02,esm2_joint,locus,0,1.0,13696,0.0,0.5983093
24973,HLA-A*02:19,esm2_joint,locus,0,1.0,13696,0.9555114450274363,0.38106942
24978,HLA-A*68:01,esm2_joint,locus,0,1.0,13696,0.0,0.7284715
24980,HLA-A*24:03,esm2_joint,locus,0,1.0,13696,0.5877866649021191,0.69627655
24982,HLA-A*33:03,esm2_joint,locus,0,1.0,13696,1.916922612182061,0.5101887
24985,HLA-A*25:01,esm2_joint,locus,0,1.0,13696,0.6418538861723948,0.35628837
24989,HLA-A*30:02,esm2_joint,locus,0,1.0,13696,2.0918640616783932,0.9850237
24990,HLA-A*02:01,esm2_joint,locus,0,1.0,13696,2.2082744135228043,0.86312985
24992,HLA-A*74:01,esm2_joint,locus,0,1.0,13696,2.797281334830153,1.0592308
24997,HLA-A*66:01,esm2_joint,locus,0,1.0,13696,0.18232155679395465,0.907901
24998,HLA-A*25:01,esm2_joint,locus,0,1.0,13696,0.18232155679395465,0.73735774
25000,HLA-A*66:01,esm2_joint,locus,0,1.0,13696,0.37156355643248307,0.5235953
25001,HLA-A*02:50,esm2_joint,locus,0,1.0,13696,2.128231705849268,0.7086836
25002,HLA-A*02:50,esm2_joint,locus,0,1.0,13696,2.797281334830153,0.16042185
25003,HLA-A*02:16,esm2_joint,locus,0,1.0,13696,0.4700036292457355,0.15390497
25008,HLA-A*32:07,esm2_joint,locus,0,1.0,13696,0.0,0.75236297
25009,HLA-A*26:03,esm2_joint,locus,0,1.0,13696,0.5306282510621704,1.1213017
25010,HLA-A*02:10,esm2_joint,locus,0,1.0,13696,1.667706820558076,0.45252103
25013,HLA-A*23:01,esm2_joint,locus,0,1.0,13696,1.9315214116032138,1.1106157
25014,HLA-A*23:01,esm2_joint,locus,0,1.0,13696,3.4011973816621555,0.66001534
25016,HLA-A*24:02,esm2_joint,locus,0,1.0,13696,0.09531017980432487,1.1443131
25020,HLA-A*30:02,esm2_joint,locus,0,1.0,13696,0.5877866649021191,0.70318234
25021,HLA-A*23:01,esm2_joint,locus,0,1.0,13696,0.33647223662121295,0.5554657
25022,HLA-A*24:03,esm2_joint,locus,0,1.0,13696,3.2188758248682006,0.46111768
25023,HLA-A*11:01,esm2_joint,locus,0,1.0,13696,3.6506582412937387,0.772943
25024,HLA-A*02:10,esm2_joint,locus,0,1.0,13696,0.5877866649021191,0.77690876
25025,HLA-A*02:16,esm2_joint,locus,0,1.0,13696,2.33214389523559,0.46386355
25029,HLA-A*24:07,esm2_joint,locus,0,1.0,13696,1.840549633397487,0.23337781
25033,HLA-A*33:03,esm2_joint,locus,0,1.0,13696,0.7419373447293773,0.9349929
25039,HLA-A*68:01,esm2_joint,locus,0,1.0,13696,3.5751506887855933,0.4015271
25040,HLA-A*32:07,esm2_joint,locus,0,1.0,13696,0.0,0.8352275
25041,HLA-A*24:19,esm2_joint,locus,0,1.0,13696,1.916922612182061,0.7743012
25042,HLA-A*02:01,esm2_joint,locus,0,1.0,13696,2.0014800002101243,0.10704917
25043,HLA-A*74:01,esm2_joint,locus,0,1.0,13696,1.4586150226995167,0.9059238
25045,HLA-A*30:02,esm2_joint,locus,0,1.0,13696,0.4054651081081644,0.25935572
25047,HLA-A*02:16,esm2_joint,locus,0,1.0,13696,2.4932054526026954,0.24814147
25048,HLA-A*02:16,esm2_joint,locus,0,1.0,13696,3.624340932976365,0.7096316
25049,HLA-A*30:01,esm2_joint,locus,0,1.0,13696,0.0,0.5401574
25050,HLA-A*31:01,esm2_joint,locus,0,1.0,13696,0.0,1.1633466
25057,HLA-A*02:50,esm2_joint,locus,0,1.0,13696,2.9231615807191558,0.40838563
25060,HLA-A*23:01,esm2_joint,locus,0,1.0,13696,2.6741486494265287,0.74773574
25064,HLA-A*02:12,esm2_joint,locus,0,1.0,13696,1.1314021114911006,0.3500098
25069,HLA-A*33:03,esm2_joint,locus,0,1.0,13696,0.4054651081081644,0.108211994
25072,HLA-A*24:19,esm2_joint,locus,0,1.0,13696,0.0,0.6575308
25073,HLA-A*68:23,esm2_joint,locus,0,1.0,13696,2.9496883350525844,0.78979784
25075,HLA-A*02:16,esm2_joint,locus,0,1.0,13696,2.4423470353692043,0.2796911
25076,HLA-A*11:01,esm2_joint,locus,0,1.0,13696,0.18232155679395465,0.7567748
25077,HLA-A*02:10,esm2_joint,locus,0,1.0,13696,1.667706820558076,0.11664432
25081,HLA-A*24:03,esm2_joint,locus,0,1.0,13696,2.8622008809294686,0.443565
25082,HLA-A*30:01,esm2_joint,locus,0,1.0,13696,0.09531017980432487,0.37598407
25083,HLA-A*66:01,esm2_joint,locus,0,1.0,13696,0.0,0.42697603
25084,HLA-A*24:02,esm2_joint,locus,0,1.0,13696,1.1314021114911006,0.8863417
25085,HLA-A*33:03,esm2_joint,locus,0,1.0,13696,1.916922612182061,0.7425133
25086,HLA-A*74:01,esm2_joint,locus,0,1.0,13696,2.151762203259462,0.99597096
25089,HLA-A*26:02,esm2_joint,locus,0,1.0,13696,0.7884573603642702,0.6672073
25092,HLA-A*30:02,esm2_joint,locus,0,1.0,13696,0.5306282510621704,0.8739684
25094,HLA-A*66:01,esm2_joint,locus,0,1.0,13696,2.4765384001174837,0.6577736
25098,HLA-A*24:07,esm2_joint,locus,0,1.0,13696,2.1972245773362196,0.72913253
25099,HLA-A*66:01,esm2_joint,locus,0,1.0,13696,0.18232155679395465,0.93505424
25100,HLA-A*66:01,esm2_joint,locus,0,1.0,13696,0.9162907318741551,0.61724794
25102,HLA-A*24:02,esm2_joint,locus,0,1.0,13696,0.7419373447293773,0.42384988
25105,HLA-A*30:02,esm2_joint,locus,0,1.0,13696,2.8903717578961645,0.90219
25107,HLA-A*24:19,esm2_joint,locus,0,1.0,13696,0.4054651081081644,0.25157428
25108,HLA-A*26:03,esm2_joint,locus,0,1.0,13696,0.26236426446749106,0.07778698
25111,HLA-A*32:07,esm2_joint,locus,0,1.0,13696,0.0,0.66773
25113,HLA-A*25:01,esm2_joint,locus,0,1.0,13696,0.8754687373538999,0.20762974
25114,HLA-A*66:01,esm2_joint,locus,0,1.0,13696,0.7419373447293773,0.9146109
25118,HLA-A*03:01,esm2_joint,locus,0,1.0,13696,0.4054651081081644,1.3319798
25119,HLA-A*02:03,esm2_joint,locus,0,1.0,13696,2.4423470353692043,0.5260763
25128,HLA-A*33:03,esm2_joint,locus,0,1.0,13696,0.0,0.7570416
25131,HLA-A*24:07,esm2_joint,locus,0,1.0,13696,2.4159137783010487,0.31512505
25132,HLA-A*02:10,esm2_joint,locus,0,1.0,13696,1.0986122886681098,0.38182265
25133,HLA-A*02:12,esm2_joint,locus,0,1.0,13696,2.1972245773362196,0.27893817
25134,HLA-A*24:07,esm2_joint,locus,0,1.0,13696,0.4700036292457355,1.9452057
25135,HLA-A*02:12,esm2_joint,locus,0,1.0,13696,3.104586678466073,0.80579007
25141,HLA-A*80:01,esm2_joint,locus,0,1.0,13696,0.18232155679395465,0.83934474
25142,HLA-A*68:23,esm2_joint,locus,0,1.0,13696,0.0,0.45928514
25145,HLA-A*24:02,esm2_joint,locus,0,1.0,13696,0.33647223662121295,0.50669384
25146,HLA-A*11:01,esm2_joint,locus,0,1.0,13696,2.9496883350525844,1.1997054
25149,HLA-A*30:02,esm2_joint,locus,0,1.0,13696,0.4700036292457355,0.9169234
25150,HLA-A*24:03,esm2_joint,locus,0,1.0,13696,0.5306282510621704,0.34982014
25151,HLA-A*02:11,esm2_joint,locus,0,1.0,13696,0.7419373447293773,0.44447476
25163,HLA-A*02:10,esm2_joint,locus,0,1.0,13696,0.9162907318741551,0.069080114
25166,HLA-A*68:01,esm2_joint,locus,0,1.0,13696,3.152736022363656,0.836401
25167,HLA-A*11:01,esm2_joint,locus,0,1.0,13696,3.152736022363656,0.5903975
25170,HLA-A*29:02,esm2_joint,locus,0,1.0,13696,1.33500106673234,0.72601455
25172,HLA-A*24:07,esm2_joint,locus,0,1.0,13696,2.667228206581955,0.62237227
25173,HLA-A*02:01,esm2_joint,locus,0,1.0,13696,3.0349529867072724,0.44092256
25178,HLA-A*43:01,esm2_joint,locus,0,1.0,13696,0.7419373447293773,1.121941
25183,HLA-A*80:01,esm2_joint,locus,0,1.0,13696,0.18232155679395465,0.5957186
25184,HLA-A*24:07,esm2_joint,locus,0,1.0,13696,0.26236426446749106,0.65790236
25185,HLA-A*02:16,esm2_joint,locus,0,1.0,13696,2.2407096892759584,-0.09594649
25186,HLA-A*33:03,esm2_joint,locus,0,1.0,13696,0.26236426446749106,0.61458707
25187,HLA-A*11:01,esm2_joint,locus,0,1.0,13696,3.1654750481410856,-0.0014510751
25194,HLA-A*29:02,esm2_joint,locus,0,1.0,13696,0.5877866649021191,0.9363356
25195,HLA-A*02:50,esm2_joint,locus,0,1.0,13696,2.5257286443082556,0.15289646
25196,HLA-A*68:01,esm2_joint,locus,0,1.0,13696,0.0,0.52139956
25197,HLA-A*29:02,esm2_joint,locus,0,1.0,13696,2.2925347571405443,0.78780586
25199,HLA-A*24:19,esm2_joint,locus,0,1.0,13696,0.4054651081081644,0.9405756
25200,HLA-A*02:03,esm2_joint,locus,0,1.0,13696,1.0296194171811583,0.3913855
25201,HLA-A*02:50,esm2_joint,locus,0,1.0,13696,2.388762789235098,0.041973412
25203,HLA-A*29:02,esm2_joint,locus,0,1.0,13696,0.18232155679395465,0.81091523
25205,HLA-A*66:01,esm2_joint,locus,0,1.0,13696,0.33647223662121295,1.010049
25208,HLA-A*02:50,esm2_joint,locus,0,1.0,13696,0.4054651081081644,0.10734922
25209,HLA-A*11:01,esm2_joint,locus,0,1.0,13696,3.1135153092103742,0.84010625
25211,HLA-A*02:10,esm2_joint,locus,0,1.0,13696,0.26236426446749106,0.33982855
25212,HLA-A*30:02,esm2_joint,locus,0,1.0,13696,0.18232155679395465,0.7996912
25213,HLA-A*24:03,esm2_joint,locus,0,1.0,13696,1.1631508098056809,1.0105779
25216,HLA-A*25:01,esm2_joint,locus,0,1.0,13696,0.0,1.140903
25217,HLA-A*26:03,esm2_joint,locus,0,1.0,13696,1.33500106673234,0.5419987
25219,HLA-A*68:02,esm2_joint,locus,0,1.0,13696,0.18232155679395465,0.46255988
25222,HLA-A*02:01,esm2_joint,locus,0,1.0,13696,1.6863989535702288,0.09240842
25223,HLA-A*23:01,esm2_joint,locus,0,1.0,13696,3.5524868292083815,0.77465516
25225,HLA-A*68:23,esm2_joint,locus,0,1.0,13696,0.26236426446749106,0.5328506
25227,HLA-A*24:03,esm2_joint,locus,0,1.0,13696,0.26236426446749106,0.78480506
25229,HLA-A*03:01,esm2_joint,locus,0,1.0,13696,0.18232155679395465,0.72827685
25231,HLA-A*24:02,esm2_joint,locus,0,1.0,13696,0.6418538861723948,0.21962327
25232,HLA-A*69:01,esm2_joint,locus,0,1.0,13696,0.5877866649021191,0.36419904
25233,HLA-A*02:10,esm2_joint,locus,0,1.0,13696,1.547562508716013,-0.13464278
25234,HLA-A*68:01,esm2_joint,locus,0,1.0,13696,3.2308043957334744,0.50775135
25236,HLA-A*02:01,esm2_joint,locus,0,1.0,13696,3.6454498961866,0.76501703
25238,HLA-A*02:16,esm2_joint,locus,0,1.0,13696,1.547562508716013,0.7027851
25239,HLA-A*30:01,esm2_joint,locus,0,1.0,13696,1.7578579175523736,1.5235792
25240,HLA-A*66:01,esm2_joint,locus,0,1.0,13696,0.0,0.49210316
25243,HLA-A*30:01,esm2_joint,locus,0,1.0,13696,0.0,0.35208195
25244,HLA-A*11:01,esm2_joint,locus,0,1.0,13696,0.26236426446749106,0.62606037
25248,HLA-A*23:01,esm2_joint,locus,0,1.0,13696,0.33647223662121295,0.5975598
25249,HLA-A*24:19,esm2_joint,locus,0,1.0,13696,0.26236426446749106,0.9286583
25253,HLA-A*02:10,esm2_joint,locus,0,1.0,13696,2.1400661634962708,-0.049412906
25254,HLA-A*24:19,esm2_joint,locus,0,1.0,13696,0.4700036292457355,0.999373
25255,HLA-A*24:07,esm2_joint,locus,0,1.0,13696,2.7212954278522306,1.3842621
25256,HLA-A*23:01,esm2_joint,locus,0,1.0,13696,3.7268975213014572,0.37177366
25260,HLA-A*30:02,esm2_joint,locus,0,1.0,13696,0.26236426446749106,0.30534774
25261,HLA-A*26:03,esm2_joint,locus,0,1.0,13696,0.26236426446749106,0.42905277
25263,HLA-A*24:02,esm2_joint,locus,0,1.0,13696,0.26236426446749106,0.91745937
25264,HLA-A*11:01,esm2_joint,locus,0,1.0,13696,1.4586150226995167,0.8508713
25266,HLA-A*43:01,esm2_joint,locus,0,1.0,13696,0.09531017980432487,0.7223192
25267,HLA-A*32:07,esm2_joint,locus,0,1.0,13696,0.0,0.8516174
25268,HLA-A*24:03,esm2_joint,locus,0,1.0,13696,2.028148247292285,0.36451238
25275,HLA-A*43:01,esm2_joint,locus,0,1.0,13696,0.832909122935104,1.0364598
25277,HLA-A*74:01,esm2_joint,locus,0,1.0,13696,0.0,0.6601062
25280,HLA-A*24:07,esm2_joint,locus,0,1.0,13696,0.5877866649021191,0.5760646
25284,HLA-A*80:01,esm2_joint,locus,0,1.0,13696,0.0,0.8480043
25285,HLA-A*32:07,esm2_joint,locus,0,1.0,13696,0.0,0.6200671
25288,HLA-A*66:01,esm2_joint,locus,0,1.0,13696,0.18232155679395465,0.6248904
25289,HLA-A*03:01,esm2_joint,locus,0,1.0,13696,0.0,1.318792
25295,HLA-A*80:01,esm2_joint,locus,0,1.0,13696,0.26236426446749106,0.31546307
25296,HLA-A*66:01,esm2_joint,locus,0,1.0,13696,0.0,0.9293016
25298,HLA-A*02:16,esm2_joint,locus,0,1.0,13696,3.1135153092103742,0.29877895
25302,HLA-A*02:11,esm2_joint,locus,0,1.0,13696,0.5306282510621704,0.23083574
25304,HLA-A*25:01,esm2_joint,locus,0,1.0,13696,0.9932517730102833,0.9093759
25307,HLA-A*23:01,esm2_joint,locus,0,1.0,13696,0.6931471805599453,0.9245452
25308,HLA-A*02:01,esm2_joint,locus,0,1.0,13696,0.4700036292457355,0.23039597
25309,HLA-A*30:02,esm2_joint,locus,0,1.0,13696,0.26236426446749106,0.728341
25311,HLA-A*02:10,esm2_joint,locus,0,1.0,13696,1.4816045409242156,0.1934964
25313,HLA-A*29:02,esm2_joint,locus,0,1.0,13696,0.26236426446749106,0.7096993
25314,HLA-A*29:02,esm2_joint,locus,0,1.0,13696,3.6913763343125234,1.6230763
25315,HLA-A*30:01,esm2_joint,locus,0,1.0,13696,0.9555114450274363,0.70730984
25316,HLA-A*11:01,esm2_joint,locus,0,1.0,13696,1.9600947840472698,0.9765399
25319,HLA-A*66:01,esm2_joint,locus,0,1.0,13696,0.0,0.45262724
25323,HLA-A*74:01,esm2_joint,locus,0,1.0,13696,1.3862943611198906,1.1040335
25324,HLA-A*24:19,esm2_joint,locus,0,1.0,13696,0.5877866649021191,0.51009744
25325,HLA-A*66:01,esm2_joint,locus,0,1.0,13696,0.4700036292457355,0.53776765
25327,HLA-A*02:16,esm2_joint,locus,0,1.0,13696,1.6486586255873816,0.41895837
25328,HLA-A*31:01,esm2_joint,locus,0,1.0,13696,1.5686159179138452,1.3685338
25333,HLA-A*02:10,esm2_joint,locus,0,1.0,13696,0.9162907318741551,0.20603031
25334,HLA-A*30:01,esm2_joint,locus,0,1.0,13696,0.18232155679395465,0.5195788
25335,HLA-A*30:02,esm2_joint,locus,0,1.0,13696,0.18232155679395465,0.74473965
25336,HLA-A*80:01,esm2_joint,locus,0,1.0,13696,0.18232155679395465,1.1751219
25339,HLA-A*02:19,esm2_joint,locus,0,1.0,13696,2.028148247292285,0.27632153
25341,HLA-A*25:01,esm2_joint,locus,0,1.0,13696,0.0,1.0636597
25344,HLA-A*02:03,esm2_joint,locus,0,1.0,13696,4.055257173514054,0.8009337
25345,HLA-A*02:11,esm2_joint,locus,0,1.0,13696,3.0301337002713233,0.35527408
25346,HLA-A*74:01,esm2_joint,locus,0,1.0,13696,1.589235205116581,0.9599256
25347,HLA-A*29:02,esm2_joint,locus,0,1.0,13696,0.26236426446749106,0.81035054
25348,HLA-A*30:02,esm2_joint,locus,0,1.0,13696,0.33647223662121295,0.96795577
25350,HLA-A*24:19,esm2_joint,locus,0,1.0,13696,0.18232155679395465,1.3971837
25352,HLA-A*24:02,esm2_joint,locus,0,1.0,13696,2.0149030205422647,0.76818603
25353,HLA-A*02:50,esm2_joint,locus,0,1.0,13696,0.0,0.44631016
25357,HLA-A*24:19,esm2_joint,locus,0,1.0,13696,0.0,0.13722932
25358,HLA-A*02:16,esm2_joint,locus,0,1.0,13696,2.8449093838194073,0.33985436
25360,HLA-A*80:01,esm2_joint,locus,0,1.0,13696,0.832909122935104,0.8412564
25361,HLA-A*24:07,esm2_joint,locus,0,1.0,13696,0.26236426446749106,0.8622988
25362,HLA-A*66:01,esm2_joint,locus,0,1.0,13696,0.18232155679395465,0.7246727
25363,HLA-A*03:01,esm2_joint,locus,0,1.0,13696,0.4700036292457355,1.3929374
25365,HLA-A*23:01,esm2_joint,locus,0,1.0,13696,2.424802725718295,1.0334958
25367,HLA-A*68:23,esm2_joint,locus,0,1.0,13696,0.0,0.59796095
25371,HLA-A*02:12,esm2_joint,locus,0,1.0,13696,3.55820113047182,0.15858465
25372,HLA-A*30:01,esm2_joint,locus,0,1.0,13696,0.0,0.4329682
25373,HLA-A*03:01,esm2_joint,locus,0,1.0,13696,0.0,0.43194866
25374,HLA-A*24:07,esm2_joint,locus,0,1.0,13696,0.18232155679395465,0.557848
25375,HLA-A*24:07,esm2_joint,locus,0,1.0,13696,0.33647223662121295,0.70857394
25377,HLA-A*03:01,esm2_joint,locus,0,1.0,13696,0.0,1.8609546
25378,HLA-A*23:01,esm2_joint,locus,0,1.0,13696,2.5952547069568657,0.47714
25380,HLA-A*26:02,esm2_joint,locus,0,1.0,13696,0.18232155679395465,1.2062885
25381,HLA-A*68:01,esm2_joint,locus,0,1.0,13696,2.747270914255491,0.8170415
25383,HLA-A*80:01,esm2_joint,locus,0,1.0,13696,0.18232155679395465,0.43021387
25384,HLA-A*24:19,esm2_joint,locus,0,1.0,13696,0.0,0.8094845
25386,HLA-A*24:02,esm2_joint,locus,0,1.0,13696,1.8718021769015913,0.66944224
25388,HLA-A*30:01,esm2_joint,locus,0,1.0,13696,0.0,0.22911096
25390,HLA-A*33:03,esm2_joint,locus,0,1.0,13696,0.0,1.0038669
25391,HLA-A*33:03,esm2_joint,locus,0,1.0,13696,0.0,1.301302
25393,HLA-A*24:19,esm2_joint,locus,0,1.0,13696,0.0,0.8705935
25395,HLA-A*66:01,esm2_joint,locus,0,1.0,13696,0.18232155679395465,0.91036373
25396,HLA-A*02:50,esm2_joint,locus,0,1.0,13696,3.104586678466073,0.3199383
25398,HLA-A*02:01,esm2_joint,locus,0,1.0,13696,0.4700036292457355,0.62868094
25400,HLA-A*66:01,esm2_joint,locus,0,1.0,13696,0.26236426446749106,0.58803755
25406,HLA-A*33:03,esm2_joint,locus,0,1.0,13696,1.8718021769015913,0.43573922
25407,HLA-A*02:01,esm2_joint,locus,0,1.0,13696,2.6658383522929006,0.1639716
25413,HLA-A*29:02,esm2_joint,locus,0,1.0,13696,0.18232155679395465,1.4921489
25417,HLA-A*68:23,esm2_joint,locus,0,1.0,13696,0.0,0.9435673
25420,HLA-A*68:01,esm2_joint,locus,0,1.0,13696,0.7419373447293773,1.1579008
25422,HLA-A*30:02,esm2_joint,locus,0,1.0,13696,2.4423470353692043,1.3926564
25423,HLA-A*80:01,esm2_joint,locus,0,1.0,13696,0.0,0.5939063
25427,HLA-A*24:02,esm2_joint,locus,0,1.0,13696,0.18232155679395465,0.67934304
25428,HLA-A*23:01,esm2_joint,locus,0,1.0,13696,0.4700036292457355,0.43157125
25430,HLA-A*66:01,esm2_joint,locus,0,1.0,13696,0.0,0.6342279
25433,HLA-A*24:02,esm2_joint,locus,0,1.0,13696,0.4700036292457355,0.6253789
25437,HLA-A*24:19,esm2_joint,locus,0,1.0,13696,0.6418538861723948,0.88237
25438,HLA-A*25:01,esm2_joint,locus,0,1.0,13696,0.33647223662121295,0.5559211
25441,HLA-A*02:16,esm2_joint,locus,0,1.0,13696,2.5572273113676265,0.1688304
25442,HLA-A*68:23,esm2_joint,locus,0,1.0,13696,0.33647223662121295,0.8037805
25444,HLA-A*33:03,esm2_joint,locus,0,1.0,13696,0.4700036292457355,0.6175207
25445,HLA-A*74:01,esm2_joint,locus,0,1.0,13696,1.840549633397487,0.8730937
25446,HLA-A*80:01,esm2_joint,locus,0,1.0,13696,0.0,0.6243304
25447,HLA-A*26:02,esm2_joint,locus,0,1.0,13696,1.1314021114911006,1.2862802
25448,HLA-A*26:03,esm2_joint,locus,0,1.0,13696,3.9357395320454622,0.38337338
25449,HLA-A*11:01,esm2_joint,locus,0,1.0,13696,1.791759469228055,0.47092986
25452,HLA-A*03:01,esm2_joint,locus,0,1.0,13696,0.09531017980432487,1.1076455
25456,HLA-A*32:07,esm2_joint,locus,0,1.0,13696,3.7999735016195233,1.5805895
25457,HLA-A*24:07,esm2_joint,locus,0,1.0,13696,3.104586678466073,0.23055238
25458,HLA-A*02:50,esm2_joint,locus,0,1.0,13696,2.0794415416798357,0.35008734
25459,HLA-A*33:03,esm2_joint,locus,0,1.0,13696,0.0,1.1613408
25460,HLA-A*11:01,esm2_joint,locus,0,1.0,13696,0.5306282510621704,0.08228254
25461,HLA-A*74:01,esm2_joint,locus,0,1.0,13696,2.740840023925201,1.2796361
25465,HLA-A*43:01,esm2_joint,locus,0,1.0,13696,0.0,0.9099151
25466,HLA-A*30:02,esm2_joint,locus,0,1.0,13696,1.9740810260220096,1.1832368
25467,HLA-A*26:03,esm2_joint,locus,0,1.0,13696,0.0,0.31493467
25472,HLA-A*24:19,esm2_joint,locus,0,1.0,13696,0.0,0.47542506
25473,HLA-A*68:01,esm2_joint,locus,0,1.0,13696,0.0,0.4308874
25474,HLA-A*11:01,esm2_joint,locus,0,1.0,13696,1.5260563034950494,0.89285856
25478,HLA-A*23:01,esm2_joint,locus,0,1.0,13696,2.580216829592325,0.58184683
25480,HLA-A*02:50,esm2_joint,locus,0,1.0,13696,1.840549633397487,0.21659327
25482,HLA-A*23:01,esm2_joint,locus,0,1.0,13696,2.1633230256605382,0.8750374
25483,HLA-A*02:12,esm2_joint,locus,0,1.0,13696,2.803360380906535,0.7275007
25484,HLA-A*30:02,esm2_joint,locus,0,1.0,13696,0.6418538861723948,0.76717234
25485,HLA-A*24:03,esm2_joint,locus,0,1.0,13696,1.252762968495368,0.85345596
25492,HLA-A*68:23,esm2_joint,locus,0,1.0,13696,0.0,0.3306229
25493,HLA-A*26:03,esm2_joint,locus,0,1.0,13696,2.2192034840549946,0.4001785
25496,HLA-A*74:01,esm2_joint,locus,0,1.0,13696,3.2268439945173775,0.6083461
25501,HLA-A*43:01,esm2_joint,locus,0,1.0,13696,0.0,1.2558997
25505,HLA-A*33:03,esm2_joint,locus,0,1.0,13696,0.18232155679395465,0.61574656
25509,HLA-A*24:19,esm2_joint,locus,0,1.0,13696,0.09531017980432487,0.6116214
25510,HLA-A*24:19,esm2_joint,locus,0,1.0,13696,0.26236426446749106,0.80082023
25511,HLA-A*66:01,esm2_joint,locus,0,1.0,13696,0.0,0.82521355
25513,HLA-A*02:12,esm2_joint,locus,0,1.0,13696,1.308332819650179,0.6930827
25514,HLA-A*24:07,esm2_joint,locus,0,1.0,13696,3.5496173867804286,0.5750046
25515,HLA-A*66:01,esm2_joint,locus,0,1.0,13696,0.18232155679395465,0.83050084
25517,HLA-A*01:01,esm2_joint,locus,0,1.0,13696,0.4054651081081644,0.88955307
25518,HLA-A*02:11,esm2_joint,locus,0,1.0,13696,2.8735646395797834,0.66831666
25519,HLA-A*02:50,esm2_joint,locus,0,1.0,13696,1.5686159179138452,0.44722337
25520,HLA-A*68:01,esm2_joint,locus,0,1.0,13696,0.5306282510621704,0.89377725
25522,HLA-A*43:01,esm2_joint,locus,0,1.0,13696,0.18232155679395465,0.92810434
25529,HLA-A*26:02,esm2_joint,locus,0,1.0,13696,1.9021075263969205,1.2007405
25530,HLA-A*26:02,esm2_joint,locus,0,1.0,13696,0.4054651081081644,0.67522585
25532,HLA-A*11:01,esm2_joint,locus,0,1.0,13696,2.8507065015037334,1.0411121
25543,HLA-A*33:03,esm2_joint,locus,0,1.0,13696,0.0,1.574419
25544,HLA-A*74:01,esm2_joint,locus,0,1.0,13696,0.7884573603642702,1.0002056
25548,HLA-A*23:01,esm2_joint,locus,0,1.0,13696,3.6506582412937387,0.53074837
25549,HLA-A*25:01,esm2_joint,locus,0,1.0,13696,0.0,0.6256403
25550,HLA-A*02:19,esm2_joint,locus,0,1.0,13696,1.0296194171811583,0.17935193
25552,HLA-A*24:02,esm2_joint,locus,0,1.0,13696,2.4069451083182885,0.7568534
25558,HLA-A*32:07,esm2_joint,locus,0,1.0,13696,0.0,0.97923857
25560,HLA-A*02:50,esm2_joint,locus,0,1.0,13696,1.667706820558076,-0.29320806
25561,HLA-A*11:01,esm2_joint,locus,0,1.0,13696,3.5145260669691587,0.89455104
25563,HLA-A*30:02,esm2_joint,locus,0,1.0,13696,0.33647223662121295,0.7464771
25564,HLA-A*24:03,esm2_joint,locus,0,1.0,13696,1.5040773967762742,0.91823125
25565,HLA-A*02:19,esm2_joint,locus,0,1.0,13696,2.8213788864092133,0.7239981
25568,HLA-A*25:01,esm2_joint,locus,0,1.0,13696,0.33647223662121295,0.58084863
25570,HLA-A*24:03,esm2_joint,locus,0,1.0,13696,1.308332819650179,0.51631546
25571,HLA-A*68:23,esm2_joint,locus,0,1.0,13696,0.18232155679395465,0.91414636
25576,HLA-A*32:07,esm2_joint,locus,0,1.0,13696,1.2237754316221157,1.3602146
25579,HLA-A*26:03,esm2_joint,locus,0,1.0,13696,0.0,0.5948935
25583,HLA-A*02:10,esm2_joint,locus,0,1.0,13696,0.4054651081081644,1.0381349
25584,HLA-A*25:01,esm2_joint,locus,0,1.0,13696,0.0,-0.24033624
25585,HLA-A*26:02,esm2_joint,locus,0,1.0,13696,2.667228206581955,0.335378
25587,HLA-A*02:50,esm2_joint,locus,0,1.0,13696,2.4069451083182885,0.2925462
25588,HLA-A*02:50,esm2_joint,locus,0,1.0,13696,2.1633230256605382,0.43807644
25591,HLA-A*43:01,esm2_joint,locus,0,1.0,13696,0.33647223662121295,0.7023525
25592,HLA-A*80:01,esm2_joint,locus,0,1.0,13696,1.1631508098056809,0.96651316
25594,HLA-A*30:01,esm2_joint,locus,0,1.0,13696,4.089332020398556,0.7193375
25596,HLA-A*29:02,esm2_joint,locus,0,1.0,13696,0.26236426446749106,0.99604994
25597,HLA-A*30:02,esm2_joint,locus,0,1.0,13696,2.760009940032921,0.6086782
25601,HLA-A*66:01,esm2_joint,locus,0,1.0,13696,0.18232155679395465,0.6293299
25603,HLA-A*02:12,esm2_joint,locus,0,1.0,13696,2.424802725718295,0.39648914
25604,HLA-A*02:50,esm2_joint,locus,0,1.0,13696,2.617395832834079,0.31399912
25606,HLA-A*32:07,esm2_joint,locus,0,1.0,13696,2.0149030205422647,1.3332329
25610,HLA-A*02:10,esm2_joint,locus,0,1.0,13696,0.4700036292457355,0.47682953
25613,HLA-A*23:01,esm2_joint,locus,0,1.0,13696,3.5610460826040513,0.7474987
25614,HLA-A*66:01,esm2_joint,locus,0,1.0,13696,0.0,0.72604966
25616,HLA-A*24:19,esm2_joint,locus,0,1.0,13696,0.4054651081081644,0.66018116
25618,HLA-A*02:11,esm2_joint,locus,0,1.0,13696,2.803360380906535,0.5463071
25620,HLA-A*24:03,esm2_joint,locus,0,1.0,13696,0.26236426446749106,0.48098195
25624,HLA-A*02:12,esm2_joint,locus,0,1.0,13696,1.8718021769015913,1.2042614
25627,HLA-A*25:01,esm2_joint,locus,0,1.0,13696,1.7404661748405046,0.21655267
25628,HLA-A*02:03,esm2_joint,locus,0,1.0,13696,0.33647223662121295,0.43043238
25629,HLA-A*30:01,esm2_joint,locus,0,1.0,13696,0.0,0.030692637
25630,HLA-A*74:01,esm2_joint,locus,0,1.0,13696,0.0,1.2191093
25639,HLA-A*03:01,esm2_joint,locus,0,1.0,13696,0.0,0.9718493
25641,HLA-A*24:03,esm2_joint,locus,0,1.0,13696,2.2082744135228043,1.0379705
25642,HLA-A*66:01,esm2_joint,locus,0,1.0,13696,0.8754687373538999,0.9201354
25643,HLA-A*02:03,esm2_joint,locus,0,1.0,13696,3.572345637857985,0.3953728
25644,HLA-A*11:01,esm2_joint,locus,0,1.0,13696,0.09531017980432487,1.2169359
25647,HLA-A*32:07,esm2_joint,locus,0,1.0,13696,0.9162907318741551,0.9545676
25649,HLA-A*68:23,esm2_joint,locus,0,1.0,13696,0.18232155679395465,0.5511067
25651,HLA-A*33:03,esm2_joint,locus,0,1.0,13696,4.143134726391533,1.0567144
25653,HLA-A*33:03,esm2_joint,locus,0,1.0,13696,0.0,0.94044554
25655,HLA-A*43:01,esm2_joint,locus,0,1.0,13696,0.4054651081081644,0.7293121
25662,HLA-A*66:01,esm2_joint,locus,0,1.0,13696,0.4054651081081644,0.516632
25663,HLA-A*02:12,esm2_joint,locus,0,1.0,13696,2.128231705849268,0.44521016
25665,HLA-A*02:11,esm2_joint,locus,0,1.0,13696,2.791165107812717,0.59214234
25666,HLA-A*31:01,esm2_joint,locus,0,1.0,13696,0.18232155679395465,1.2869544
25670,HLA-A*68:01,esm2_joint,locus,0,1.0,13696,0.4700036292457355,0.7398054
25673,HLA-A*30:02,esm2_joint,locus,0,1.0,13696,1.0986122886681098,0.9060224
25674,HLA-A*32:07,esm2_joint,locus,0,1.0,13696,0.0,0.23589915
25676,HLA-A*02:01,esm2_joint,locus,0,1.0,13696,0.4700036292457355,0.109087944
25677,HLA-A*02:12,esm2_joint,locus,0,1.0,13696,3.8628327612373745,0.844605
25678,HLA-A*02:19,esm2_joint,locus,0,1.0,13696,0.9555114450274363,0.36692065
25681,HLA-A*25:01,esm2_joint,locus,0,1.0,13696,0.26236426446749106,1.0477393
25682,HLA-A*02:19,esm2_joint,locus,0,1.0,13696,0.9555114450274363,1.1319036
25683,HLA-A*33:03,esm2_joint,locus,0,1.0,13696,3.8501476017100584,0.41988802
25688,HLA-A*68:01,esm2_joint,locus,0,1.0,13696,3.648057459593681,0.1854757
25689,HLA-A*02:05,esm2_joint,locus,0,1.0,13696,1.1631508098056809,0.5319395
25692,HLA-A*02:03,esm2_joint,locus,0,1.0,13696,3.751854253275325,0.6386242
25698,HLA-A*66:01,esm2_joint,locus,0,1.0,13696,0.33647223662121295,0.2141431
25701,HLA-A*24:02,esm2_joint,locus,0,1.0,13696,0.5877866649021191,0.9434488
25702,HLA-A*31:01,esm2_joint,locus,0,1.0,13696,0.5877866649021191,0.7144125
25704,HLA-A*29:02,esm2_joint,locus,0,1.0,13696,0.5877866649021191,0.91912556
25705,HLA-A*32:07,esm2_joint,locus,0,1.0,13696,2.4069451083182885,0.7607866
25706,HLA-A*68:23,esm2_joint,locus,0,1.0,13696,2.509599262378372,0.72625977
25707,HLA-A*30:01,esm2_joint,locus,0,1.0,13696,2.2082744135228043,1.2147887
25710,HLA-A*02:03,esm2_joint,locus,0,1.0,13696,0.7419373447293773,0.12015098
25711,HLA-A*02:12,esm2_joint,locus,0,1.0,13696,2.2407096892759584,0.5062018
25712,HLA-A*02:50,esm2_joint,locus,0,1.0,13696,2.5257286443082556,0.5324806
25713,HLA-A*26:02,esm2_joint,locus,0,1.0,13696,3.653252276470785,0.6755537
25720,HLA-A*03:01,esm2_joint,locus,0,1.0,13696,0.4054651081081644,1.0526317
25723,HLA-A*02:12,esm2_joint,locus,0,1.0,13696,0.4700036292457355,0.1379807
25724,HLA-A*02:50,esm2_joint,locus,0,1.0,13696,2.8622008809294686,0.569648
25725,HLA-A*24:07,esm2_joint,locus,0,1.0,13696,0.26236426446749106,1.5031215
25726,HLA-A*02:19,esm2_joint,locus,0,1.0,13696,3.648057459593681,0.7496971
25729,HLA-A*30:02,esm2_joint,locus,0,1.0,13696,3.655839600035736,1.0160575
25730,HLA-A*23:01,esm2_joint,locus,0,1.0,13696,3.169685580677429,0.5888737
25733,HLA-A*32:07,esm2_joint,locus,0,1.0,13696,3.6216707044204863,1.0672481
25735,HLA-A*26:02,esm2_joint,locus,0,1.0,13696,2.2617630984737906,0.63157105
25737,HLA-A*02:19,esm2_joint,locus,0,1.0,13696,3.6712245188752153,0.51585114
25738,HLA-A*33:03,esm2_joint,locus,0,1.0,13696,0.7884573603642702,0.37100804
25742,HLA-A*02:11,esm2_joint,locus,0,1.0,13696,2.0794415416798357,0.55902815
25744,HLA-A*24:19,esm2_joint,locus,0,1.0,13696,0.18232155679395465,0.8434971
25747,HLA-A*24:02,esm2_joint,locus,0,1.0,13696,0.18232155679395465,0.11533636
25748,HLA-A*24:02,esm2_joint,locus,0,1.0,13696,0.4054651081081644,0.31269735
25750,HLA-A*43:01,esm2_joint,locus,0,1.0,13696,0.18232155679395465,1.0093702
25751,HLA-A*29:02,esm2_joint,locus,0,1.0,13696,2.151762203259462,0.961818
25752,HLA-A*25:01,esm2_joint,locus,0,1.0,13696,0.5306282510621704,0.48814988
25753,HLA-A*25:01,esm2_joint,locus,0,1.0,13696,0.0,0.49569735
25756,HLA-A*29:02,esm2_joint,locus,0,1.0,13696,2.970414465569701,0.27445602
25758,HLA-A*25:01,esm2_joint,locus,0,1.0,13696,0.4054651081081644,0.4469058
25760,HLA-A*68:01,esm2_joint,locus,0,1.0,13696,2.4159137783010487,0.48317134
25764,HLA-A*29:02,esm2_joint,locus,0,1.0,13696,2.0149030205422647,1.0422559
25765,HLA-A*24:02,esm2_joint,locus,0,1.0,13696,1.5040773967762742,0.37306267
25766,HLA-A*02:50,esm2_joint,locus,0,1.0,13696,2.760009940032921,0.5704584
25770,HLA-A*66:01,esm2_joint,locus,0,1.0,13696,0.0,0.6398338
25781,HLA-A*74:01,esm2_joint,locus,0,1.0,13696,1.1631508098056809,1.06875
25785,HLA-A*24:19,esm2_joint,locus,0,1.0,13696,0.09531017980432487,0.13182598
25790,HLA-A*24:02,esm2_joint,locus,0,1.0,13696,0.0,0.868573
25794,HLA-A*29:02,esm2_joint,locus,0,1.0,13696,0.33647223662121295,0.8987393
25796,HLA-A*33:03,esm2_joint,locus,0,1.0,13696,0.7884573603642702,1.0865916
25797,HLA-A*74:01,esm2_joint,locus,0,1.0,13696,4.412798293340635,0.3130768
25798,HLA-A*74:01,esm2_joint,locus,0,1.0,13696,0.0,0.8171634
25799,HLA-A*66:01,esm2_joint,locus,0,1.0,13696,0.6931471805599453,0.7705444
25800,HLA-A*03:01,esm2_joint,locus,0,1.0,13696,0.0,1.0711813
25801,HLA-A*02:11,esm2_joint,locus,0,1.0,13696,3.139832617527748,0.6021524
25802,HLA-A*02:50,esm2_joint,locus,0,1.0,13696,1.252762968495368,0.35302806
25805,HLA-A*29:02,esm2_joint,locus,0,1.0,13696,1.3987168811184478,0.49420604
25813,HLA-A*26:03,esm2_joint,locus,0,1.0,13696,0.5877866649021191,0.76262516
25816,HLA-A*02:05,esm2_joint,locus,0,1.0,13696,3.3068867021909143,0.06378704
25817,HLA-A*43:01,esm2_joint,locus,0,1.0,13696,0.26236426446749106,0.8035592
25818,HLA-A*80:01,esm2_joint,locus,0,1.0,13696,0.0,0.79786503
25819,HLA-A*66:01,esm2_joint,locus,0,1.0,13696,0.09531017980432487,0.4638272
25820,HLA-A*66:01,esm2_joint,locus,0,1.0,13696,0.0,0.6977812
25822,HLA-A*02:10,esm2_joint,locus,0,1.0,13696,2.501435951739211,0.5051148
25823,HLA-A*33:03,esm2_joint,locus,0,1.0,13696,0.0,0.7633524
25827,HLA-A*02:12,esm2_joint,locus,0,1.0,13696,3.214867803470662,0.5505238
25828,HLA-A*68:01,esm2_joint,locus,0,1.0,13696,0.0,0.58256114
25830,HLA-A*68:23,esm2_joint,locus,0,1.0,13696,2.5494451709255714,0.79833084
25833,HLA-A*32:07,esm2_joint,locus,0,1.0,13696,0.0,0.59061235
25835,HLA-A*02:01,esm2_joint,locus,0,1.0,13696,2.424802725718295,0.87619984
25836,HLA-A*02:50,esm2_joint,locus,0,1.0,13696,2.9444389791664403,0.45480686
25837,HLA-A*30:01,esm2_joint,locus,0,1.0,13696,0.7884573603642702,0.7469021
25838,HLA-A*26:03,esm2_joint,locus,0,1.0,13696,0.5306282510621704,0.6573391
25842,HLA-A*30:02,esm2_joint,locus,0,1.0,13696,0.6418538861723948,0.54225796
25843,HLA-A*32:07,esm2_joint,locus,0,1.0,13696,0.0,0.5094365
25844,HLA-A*25:01,esm2_joint,locus,0,1.0,13696,0.0,0.4164098
25845,HLA-A*02:03,esm2_joint,locus,0,1.0,13696,1.7578579175523736,-0.26753873
25846,HLA-A*30:01,esm2_joint,locus,0,1.0,13696,2.468099531471619,0.46180308
25847,HLA-A*32:07,esm2_joint,locus,0,1.0,13696,1.0986122886681098,0.85871875
25848,HLA-A*26:02,esm2_joint,locus,0,1.0,13696,0.4054651081081644,0.39981157
25854,HLA-A*30:02,esm2_joint,locus,0,1.0,13696,0.6931471805599453,0.79067504
25856,HLA-A*30:02,esm2_joint,locus,0,1.0,13696,0.18232155679395465,0.49009746
25857,HLA-A*24:19,esm2_joint,locus,0,1.0,13696,3.2188758248682006,0.63579315
25861,HLA-A*24:03,esm2_joint,locus,0,1.0,13696,3.6402142821326553,0.453928
25865,HLA-A*29:02,esm2_joint,locus,0,1.0,13696,0.6418538861723948,0.6679766
25874,HLA-A*02:50,esm2_joint,locus,0,1.0,13696,3.173878458937465,0.2703812
25877,HLA-A*24:07,esm2_joint,locus,0,1.0,13696,0.4054651081081644,0.6992913
25878,HLA-A*68:23,esm2_joint,locus,0,1.0,13696,0.26236426446749106,0.5139636
25880,HLA-A*02:19,esm2_joint,locus,0,1.0,13696,2.772588722239781,0.37546223
25883,HLA-A*02:10,esm2_joint,locus,0,1.0,13696,1.9878743481543455,0.72041535
25884,HLA-A*02:50,esm2_joint,locus,0,1.0,13696,1.9740810260220096,0.37270933
25892,HLA-A*43:01,esm2_joint,locus,0,1.0,13696,0.9932517730102833,0.6337763
25893,HLA-A*80:01,esm2_joint,locus,0,1.0,13696,0.0,1.0734581
25895,HLA-A*24:07,esm2_joint,locus,0,1.0,13696,1.33500106673234,0.92749184
25896,HLA-A*68:23,esm2_joint,locus,0,1.0,13696,0.7419373447293773,0.5018089
25897,HLA-A*66:01,esm2_joint,locus,0,1.0,13696,0.4700036292457355,0.8668872
25900,HLA-A*33:03,esm2_joint,locus,0,1.0,13696,0.9162907318741551,0.895737
25903,HLA-A*68:23,esm2_joint,locus,0,1.0,13696,1.5260563034950494,0.4320383
25905,HLA-A*02:01,esm2_joint,locus,0,1.0,13696,1.3402504226184837,0.08277446
25906,HLA-A*02:11,esm2_joint,locus,0,1.0,13696,1.791759469228055,0.38782078
25907,HLA-A*02:12,esm2_joint,locus,0,1.0,13696,3.091042453358316,0.13380843
25912,HLA-A*24:19,esm2_joint,locus,0,1.0,13696,1.547562508716013,0.6810152
25915,HLA-A*80:01,esm2_joint,locus,0,1.0,13696,0.0,0.5539038
25916,HLA-A*74:01,esm2_joint,locus,0,1.0,13696,0.26236426446749106,0.9773585
25920,HLA-A*24:19,esm2_joint,locus,0,1.0,13696,0.0,0.9913397
25922,HLA-A*24:02,esm2_joint,locus,0,1.0,13696,0.6151856390902335,0.9941378
25923,HLA-A*74:01,esm2_joint,locus,0,1.0,13696,1.1314021114911006,0.68520814
25925,HLA-A*32:07,esm2_joint,locus,0,1.0,13696,0.0,0.54143465
25928,HLA-A*68:01,esm2_joint,locus,0,1.0,13696,0.0,0.7307037
25931,HLA-A*24:07,esm2_joint,locus,0,1.0,13696,1.667706820558076,0.64922935
25938,HLA-A*43:01,esm2_joint,locus,0,1.0,13696,0.7419373447293773,0.89653754
25939,HLA-A*32:07,esm2_joint,locus,0,1.0,13696,0.26236426446749106,0.99865806
25945,HLA-A*26:03,esm2_joint,locus,0,1.0,13696,0.0,0.25215268
25952,HLA-A*80:01,esm2_joint,locus,0,1.0,13696,0.0,0.022173882
25953,HLA-A*80:01,esm2_joint,locus,0,1.0,13696,0.0,1.0251645
25954,HLA-A*02:03,esm2_joint,locus,0,1.0,13696,1.6094379124341003,0.54154915
25956,HLA-A*26:02,esm2_joint,locus,0,1.0,13696,1.9459101490553132,0.5086087
25957,HLA-A*68:23,esm2_joint,locus,0,1.0,13696,0.18232155679395465,0.8603574
25958,HLA-A*02:01,esm2_joint,locus,0,1.0,13696,1.4951487660319727,0.631112
25960,HLA-A*02:11,esm2_joint,locus,0,1.0,13696,3.054001181677967,0.74965924
25962,HLA-A*24:03,esm2_joint,locus,0,1.0,13696,0.4700036292457355,0.6970309
25963,HLA-A*68:23,esm2_joint,locus,0,1.0,13696,0.18232155679395465,0.82879
25966,HLA-A*68:01,esm2_joint,locus,0,1.0,13696,2.0014800002101243,0.60850614
25967,HLA-A*74:01,esm2_joint,locus,0,1.0,13696,1.916922612182061,0.7724637
25968,HLA-A*26:02,esm2_joint,locus,0,1.0,13696,0.5306282510621704,0.30125117
25973,HLA-A*23:01,esm2_joint,locus,0,1.0,13696,1.308332819650179,0.62294376
25981,HLA-A*02:10,esm2_joint,locus,0,1.0,13696,2.1041341542702074,0.22851789
25984,HLA-A*66:01,esm2_joint,locus,0,1.0,13696,0.6931471805599453,0.592795
25985,HLA-A*24:02,esm2_joint,locus,0,1.0,13696,0.26236426446749106,0.43378437
25986,HLA-A*33:03,esm2_joint,locus,0,1.0,13696,0.832909122935104,1.1779644
25987,HLA-A*68:01,esm2_joint,locus,0,1.0,13696,1.252762968495368,0.32437736
25988,HLA-A*24:07,esm2_joint,locus,0,1.0,13696,3.2188758248682006,1.7008784
25991,HLA-A*02:50,esm2_joint,locus,0,1.0,13696,1.7047480922384253,0.6081304
25996,HLA-A*80:01,esm2_joint,locus,0,1.0,13696,0.0,0.6820133
25997,HLA-A*32:07,esm2_joint,locus,0,1.0,13696,1.824549292051046,1.4573802
25999,HLA-A*74:01,esm2_joint,locus,0,1.0,13696,4.533674184283021,1.2099091
26002,HLA-A*26:02,esm2_joint,locus,0,1.0,13696,1.3609765531356006,0.59415543
26003,HLA-A*68:23,esm2_joint,locus,0,1.0,13696,0.26236426446749106,0.8622359
26004,HLA-A*24:02,esm2_joint,locus,0,1.0,13696,0.33647223662121295,0.9396096
26009,HLA-A*02:03,esm2_joint,locus,0,1.0,13696,3.261935314328648,0.759446
26010,HLA-A*02:11,esm2_joint,locus,0,1.0,13696,3.186352633162641,0.020132482
26011,HLA-A*68:01,esm2_joint,locus,0,1.0,13696,3.126760535960395,0.6187068
26013,HLA-A*23:01,esm2_joint,locus,0,1.0,13696,3.0106208860477417,0.9640162
26015,HLA-A*02:50,esm2_joint,locus,0,1.0,13696,2.6461747973841225,0.69171757
26017,HLA-A*80:01,esm2_joint,locus,0,1.0,13696,2.631888840136646,0.81655383
26018,HLA-A*26:02,esm2_joint,locus,0,1.0,13696,0.0,0.5362495
26019,HLA-A*68:23,esm2_joint,locus,0,1.0,13696,0.832909122935104,0.7910905
26020,HLA-A*43:01,esm2_joint,locus,0,1.0,13696,0.18232155679395465,0.99037135
26021,HLA-A*32:07,esm2_joint,locus,0,1.0,13696,0.5877866649021191,0.398529
26023,HLA-A*25:01,esm2_joint,locus,0,1.0,13696,0.0,0.45951444
26026,HLA-A*03:01,esm2_joint,locus,0,1.0,13696,0.0,1.0608373
26027,HLA-A*02:16,esm2_joint,locus,0,1.0,13696,2.6100697927420065,0.27282232
26028,HLA-A*31:01,esm2_joint,locus,0,1.0,13696,0.6418538861723948,1.009393
26029,HLA-A*11:01,esm2_joint,locus,0,1.0,13696,4.189654742026425,1.1236418
26033,HLA-A*24:03,esm2_joint,locus,0,1.0,13696,2.797281334830153,0.51323175
26034,HLA-A*11:01,esm2_joint,locus,0,1.0,13696,0.0,0.6634208
26036,HLA-A*02:01,esm2_joint,locus,0,1.0,13696,1.33500106673234,0.10123688
26039,HLA-A*01:01,esm2_joint,locus,0,1.0,13696,0.0,0.7873919
26047,HLA-A*80:01,esm2_joint,locus,0,1.0,13696,0.0,0.9791826
26048,HLA-A*32:07,esm2_joint,locus,0,1.0,13696,0.0,0.8599974
26050,HLA-A*24:02,esm2_joint,locus,0,1.0,13696,0.8109302162163288,0.562417
26053,HLA-A*02:11,esm2_joint,locus,0,1.0,13696,2.653241964607215,0.79837954
26054,HLA-A*33:03,esm2_joint,locus,0,1.0,13696,0.0,1.1009219
26057,HLA-A*02:11,esm2_joint,locus,0,1.0,13696,2.8094026953624973,1.0746708
26058,HLA-A*02:50,esm2_joint,locus,0,1.0,13696,1.33500106673234,0.5062139
26060,HLA-A*24:02,esm2_joint,locus,0,1.0,13696,1.4816045409242156,1.0125529
26061,HLA-A*02:50,esm2_joint,locus,0,1.0,13696,1.252762968495368,0.44627476
26062,HLA-A*68:01,esm2_joint,locus,0,1.0,13696,3.703768066607687,0.45418566
26064,HLA-A*23:01,esm2_joint,locus,0,1.0,13696,1.0647107369924282,0.6201156
26065,HLA-A*26:02,esm2_joint,locus,0,1.0,13696,0.7419373447293773,0.52578545
26068,HLA-A*02:11,esm2_joint,locus,0,1.0,13696,0.18232155679395465,0.76147664
26069,HLA-A*30:02,esm2_joint,locus,0,1.0,13696,0.18232155679395465,0.8746021
26070,HLA-A*80:01,esm2_joint,locus,0,1.0,13696,0.18232155679395465,0.563646
26072,HLA-A*68:23,esm2_joint,locus,0,1.0,13696,0.4054651081081644,0.7674132
26077,HLA-A*24:07,esm2_joint,locus,0,1.0,13696,1.1939224684724346,1.1277331
26078,HLA-A*02:01,esm2_joint,locus,0,1.0,13696,0.7884573603642702,0.4501621
26079,HLA-A*02:10,esm2_joint,locus,0,1.0,13696,1.1631508098056809,0.1443674
26080,HLA-A*02:10,esm2_joint,locus,0,1.0,13696,0.0,0.24341357
26083,HLA-A*02:01,esm2_joint,locus,0,1.0,13696,2.9391619220655967,0.5303565
26084,HLA-A*26:02,esm2_joint,locus,0,1.0,13696,0.9932517730102833,0.84930694
26085,HLA-A*66:01,esm2_joint,locus,0,1.0,13696,0.18232155679395465,0.51123595
26086,HLA-A*24:02,esm2_joint,locus,0,1.0,13696,0.832909122935104,0.5208601
26088,HLA-A*29:02,esm2_joint,locus,0,1.0,13696,0.4700036292457355,1.4393225
26089,HLA-A*24:19,esm2_joint,locus,0,1.0,13696,0.26236426446749106,0.7328353
26091,HLA-A*02:01,esm2_joint,locus,0,1.0,13696,0.7227059828014898,0.5703822
26092,HLA-A*29:02,esm2_joint,locus,0,1.0,13696,1.0647107369924282,1.0434464
26094,HLA-A*02:50,esm2_joint,locus,0,1.0,13696,1.1314021114911006,0.29865724
26095,HLA-A*68:01,esm2_joint,locus,0,1.0,13696,2.740840023925201,0.62896883
26096,HLA-A*23:01,esm2_joint,locus,0,1.0,13696,0.4700036292457355,0.3379106
26097,HLA-A*32:07,esm2_joint,locus,0,1.0,13696,3.0252910757955354,0.816178
26100,HLA-A*02:03,esm2_joint,locus,0,1.0,13696,2.766319109226186,0.46647567
26101,HLA-A*33:03,esm2_joint,locus,0,1.0,13696,0.5306282510621704,0.91746885
26104,HLA-A*24:19,esm2_joint,locus,0,1.0,13696,0.0,0.8227651
26106,HLA-A*24:02,esm2_joint,locus,0,1.0,13696,0.33647223662121295,0.33480072
26111,HLA-A*29:02,esm2_joint,locus,0,1.0,13696,0.0,1.2669351
26112,HLA-A*68:23,esm2_joint,locus,0,1.0,13696,0.4700036292457355,0.62012494
26113,HLA-A*68:23,esm2_joint,locus,0,1.0,13696,0.18232155679395465,0.6757416
26115,HLA-A*02:50,esm2_joint,locus,0,1.0,13696,2.9806186357439426,0.8352997
26116,HLA-A*68:01,esm2_joint,locus,0,1.0,13696,1.308332819650179,0.47662085
26121,HLA-A*23:01,esm2_joint,locus,0,1.0,13696,3.616308761279101,0.86928356
26122,HLA-A*03:01,esm2_joint,locus,0,1.0,13696,0.18232155679395465,1.1589798
26123,HLA-A*33:03,esm2_joint,locus,0,1.0,13696,0.9162907318741551,0.3091334
26124,HLA-A*25:01,esm2_joint,locus,0,1.0,13696,3.456316680883235,-0.15895158
26125,HLA-A*33:03,esm2_joint,locus,0,1.0,13696,1.1631508098056809,0.3305956
26128,HLA-A*02:16,esm2_joint,locus,0,1.0,13696,1.1939224684724346,0.5847052
26131,HLA-A*02:12,esm2_joint,locus,0,1.0,13696,2.631888840136646,0.17812663
26132,HLA-A*02:16,esm2_joint,locus,0,1.0,13696,1.6094379124341003,0.5334787
26133,HLA-A*31:01,esm2_joint,locus,0,1.0,13696,0.4700036292457355,1.0553218
26136,HLA-A*26:02,esm2_joint,locus,0,1.0,13696,2.501435951739211,1.0635431
26137,HLA-A*33:03,esm2_joint,locus,0,1.0,13696,1.0296194171811583,0.8165388
26141,HLA-A*43:01,esm2_joint,locus,0,1.0,13696,0.0,0.81844676
26142,HLA-A*30:02,esm2_joint,locus,0,1.0,13696,0.26236426446749106,0.6742418
26143,HLA-A*25:01,esm2_joint,locus,0,1.0,13696,0.26236426446749106,0.5637626
26144,HLA-A*68:23,esm2_joint,locus,0,1.0,13696,0.6418538861723948,0.5045192
26145,HLA-A*26:03,esm2_joint,locus,0,1.0,13696,0.4054651081081644,0.22965878
26146,HLA-A*24:02,esm2_joint,locus,0,1.0,13696,0.9932517730102833,0.4310103
26149,HLA-A*30:02,esm2_joint,locus,0,1.0,13696,0.0,1.0674692
26150,HLA-A*30:02,esm2_joint,locus,0,1.0,13696,0.33647223662121295,0.39619786
26151,HLA-A*24:07,esm2_joint,locus,0,1.0,13696,0.33647223662121295,0.48974705
26155,HLA-A*29:02,esm2_joint,locus,0,1.0,13696,1.791759469228055,1.2403827
26156,HLA-A*23:01,esm2_joint,locus,0,1.0,13696,3.295836866004329,0.35507113
26157,HLA-A*25:01,esm2_joint,locus,0,1.0,13696,1.2237754316221157,0.40200263
26161,HLA-A*24:19,esm2_joint,locus,0,1.0,13696,0.4700036292457355,1.316269
26162,HLA-A*25:01,esm2_joint,locus,0,1.0,13696,0.4054651081081644,0.74527365
26163,HLA-A*68:23,esm2_joint,locus,0,1.0,13696,0.09531017980432487,0.43413037
26165,HLA-A*30:01,esm2_joint,locus,0,1.0,13696,3.597312260588446,0.8026733
26166,HLA-A*24:07,esm2_joint,locus,0,1.0,13696,0.18232155679395465,0.5636852
26168,HLA-A*24:02,esm2_joint,locus,0,1.0,13696,3.6838669122903918,0.8823345
26170,HLA-A*11:01,esm2_joint,locus,0,1.0,13696,2.7212954278522306,0.67006576
26172,HLA-A*24:07,esm2_joint,locus,0,1.0,13696,2.714694743820879,1.0646421
26178,HLA-A*02:03,esm2_joint,locus,0,1.0,13696,2.341805806147327,0.18576437
26179,HLA-A*02:10,esm2_joint,locus,0,1.0,13696,3.756538102587751,0.958382
26180,HLA-A*02:50,esm2_joint,locus,0,1.0,13696,1.2809338454620642,0.5648973
26181,HLA-A*02:16,esm2_joint,locus,0,1.0,13696,2.272125885509337,0.84701127
26182,HLA-A*33:03,esm2_joint,locus,0,1.0,13696,3.407841924380824,0.84538734
26184,HLA-A*25:01,esm2_joint,locus,0,1.0,13696,0.26236426446749106,0.66546285
26185,HLA-A*26:02,esm2_joint,locus,0,1.0,13696,0.33647223662121295,1.0381882
26186,HLA-A*32:07,esm2_joint,locus,0,1.0,13696,0.4054651081081644,0.33741266
26189,HLA-A*02:10,esm2_joint,locus,0,1.0,13696,2.0794415416798357,0.13654906
26190,HLA-A*33:03,esm2_joint,locus,0,1.0,13696,0.0,1.2599964
26192,HLA-A*32:07,esm2_joint,locus,0,1.0,13696,3.7977338590260183,0.5308046
26193,HLA-A*02:19,esm2_joint,locus,0,1.0,13696,2.4159137783010487,0.21131438
26196,HLA-A*30:01,esm2_joint,locus,0,1.0,13696,0.18232155679395465,0.51123893
26201,HLA-A*02:16,esm2_joint,locus,0,1.0,13696,0.4700036292457355,0.54289097
26202,HLA-A*33:03,esm2_joint,locus,0,1.0,13696,2.5726122302071057,0.31266505
26203,HLA-A*26:03,esm2_joint,locus,0,1.0,13696,1.0647107369924282,0.5434168
26209,HLA-A*80:01,esm2_joint,locus,0,1.0,13696,0.0,0.7419173
26211,HLA-A*23:01,esm2_joint,locus,0,1.0,13696,3.3568971227655755,1.6353188
26212,HLA-A*68:23,esm2_joint,locus,0,1.0,13696,0.33647223662121295,0.47085446
26215,HLA-A*30:02,esm2_joint,locus,0,1.0,13696,0.26236426446749106,0.44879317
26216,HLA-A*24:03,esm2_joint,locus,0,1.0,13696,2.272125885509337,0.5828781
26219,HLA-A*02:03,esm2_joint,locus,0,1.0,13696,3.414442608412176,0.4727713
26220,HLA-A*02:10,esm2_joint,locus,0,1.0,13696,0.18232155679395465,0.5553006
26221,HLA-A*24:07,esm2_joint,locus,0,1.0,13696,2.6741486494265287,1.0560246
26223,HLA-A*02:50,esm2_joint,locus,0,1.0,13696,2.2082744135228043,0.21758008
26224,HLA-A*33:03,esm2_joint,locus,0,1.0,13696,2.7536607123542622,0.5874116
26225,HLA-A*30:02,esm2_joint,locus,0,1.0,13696,0.5306282510621704,0.87658393
26227,HLA-A*24:02,esm2_joint,locus,0,1.0,13696,3.5890591188317256,1.6487482
26228,HLA-A*02:10,esm2_joint,locus,0,1.0,13696,2.0794415416798357,0.7956662
26229,HLA-A*02:50,esm2_joint,locus,0,1.0,13696,2.4595888418037104,0.5848918
26230,HLA-A*02:50,esm2_joint,locus,0,1.0,13696,1.1314021114911006,0.50058126
26231,HLA-A*68:01,esm2_joint,locus,0,1.0,13696,0.0,0.9054024
26234,HLA-A*26:02,esm2_joint,locus,0,1.0,13696,3.629660094453965,0.97337383
26235,HLA-A*31:01,esm2_joint,locus,0,1.0,13696,4.212127597878484,1.2087693
26237,HLA-A*66:01,esm2_joint,locus,0,1.0,13696,0.0,0.48626596
26239,HLA-A*02:11,esm2_joint,locus,0,1.0,13696,1.1314021114911006,0.43008
26240,HLA-A*02:11,esm2_joint,locus,0,1.0,13696,3.648057459593681,0.65508944
26246,HLA-A*24:07,esm2_joint,locus,0,1.0,13696,0.4054651081081644,0.7024455
26248,HLA-A*24:19,esm2_joint,locus,0,1.0,13696,0.09531017980432487,0.58458537
26249,HLA-A*68:23,esm2_joint,locus,0,1.0,13696,0.5306282510621704,0.67330486
26250,HLA-A*68:23,esm2_joint,locus,0,1.0,13696,1.7047480922384253,0.5286527
26253,HLA-A*02:16,esm2_joint,locus,0,1.0,13696,2.0541237336955462,0.21819514
26256,HLA-A*32:07,esm2_joint,locus,0,1.0,13696,0.18232155679395465,0.6872042
26257,HLA-A*24:07,esm2_joint,locus,0,1.0,13696,2.3608540011180215,0.07204312
26260,HLA-A*02:16,esm2_joint,locus,0,1.0,13696,2.1633230256605382,0.33720982
26263,HLA-A*26:03,esm2_joint,locus,0,1.0,13696,0.4054651081081644,0.86349046
26264,HLA-A*02:03,esm2_joint,locus,0,1.0,13696,3.8958936234982624,0.2846198
26270,HLA-A*03:01,esm2_joint,locus,0,1.0,13696,0.0,0.82197404
26271,HLA-A*24:02,esm2_joint,locus,0,1.0,13696,0.8754687373538999,0.5604736
26273,HLA-A*32:07,esm2_joint,locus,0,1.0,13696,0.0,0.7453893
26274,HLA-A*26:02,esm2_joint,locus,0,1.0,13696,1.5686159179138452,0.6948328
26277,HLA-A*24:02,esm2_joint,locus,0,1.0,13696,0.26236426446749106,1.1626294
26281,HLA-A*24:19,esm2_joint,locus,0,1.0,13696,0.5306282510621704,0.6799967
26282,HLA-A*24:07,esm2_joint,locus,0,1.0,13696,0.5306282510621704,0.4259464
26283,HLA-A*02:10,esm2_joint,locus,0,1.0,13696,1.0296194171811583,0.25029963
26286,HLA-A*80:01,esm2_joint,locus,0,1.0,13696,0.0,0.5393256
26287,HLA-A*32:07,esm2_joint,locus,0,1.0,13696,0.0,0.5640323
26289,HLA-A*02:10,esm2_joint,locus,0,1.0,13696,0.832909122935104,0.2639426
26291,HLA-A*68:23,esm2_joint,locus,0,1.0,13696,0.26236426446749106,0.8076867
26292,HLA-A*02:01,esm2_joint,locus,0,1.0,13696,3.414442608412176,0.5713159
26294,HLA-A*24:03,esm2_joint,locus,0,1.0,13696,0.8754687373538999,0.33488148
26295,HLA-A*26:03,esm2_joint,locus,0,1.0,13696,0.33647223662121295,0.8647734
26296,HLA-A*03:01,esm2_joint,locus,0,1.0,13696,0.6418538861723948,1.3448725
26298,HLA-A*24:02,esm2_joint,locus,0,1.0,13696,1.0986122886681098,0.6601695
26299,HLA-A*02:19,esm2_joint,locus,0,1.0,13696,3.720862499966987,0.4065581
26300,HLA-A*23:01,esm2_joint,locus,0,1.0,13696,1.9740810260220096,0.56946987
26301,HLA-A*25:01,esm2_joint,locus,0,1.0,13696,3.126760535960395,0.65024173
26302,HLA-A*68:23,esm2_joint,locus,0,1.0,13696,2.2300144001592104,0.88607347
26304,HLA-A*24:19,esm2_joint,locus,0,1.0,13696,0.5877866649021191,1.1016643
26305,HLA-A*24:07,esm2_joint,locus,0,1.0,13696,2.0794415416798357,0.75741565
26309,HLA-A*68:01,esm2_joint,locus,0,1.0,13696,1.0986122886681098,0.9781336
26310,HLA-A*11:01,esm2_joint,locus,0,1.0,13696,0.18232155679395465,0.6691469
26312,HLA-A*24:07,esm2_joint,locus,0,1.0,13696,1.840549633397487,1.0542305
26313,HLA-A*68:23,esm2_joint,locus,0,1.0,13696,1.252762968495368,0.92492604
26318,HLA-A*24:19,esm2_joint,locus,0,1.0,13696,0.0,0.9322147
26320,HLA-A*74:01,esm2_joint,locus,0,1.0,13696,0.4700036292457355,1.0359912
26324,HLA-A*01:01,esm2_joint,locus,0,1.0,13696,2.422144328051685,0.6366483
26327,HLA-A*02:01,esm2_joint,locus,0,1.0,13696,0.598836501088704,0.19218111
26328,HLA-A*02:10,esm2_joint,locus,0,1.0,13696,2.0014800002101243,0.7228241
26329,HLA-A*02:11,esm2_joint,locus,0,1.0,13696,3.32862668882732,0.5270934
26330,HLA-A*02:12,esm2_joint,locus,0,1.0,13696,3.681351187693145,0.3503968
26331,HLA-A*30:01,esm2_joint,locus,0,1.0,13696,0.18232155679395465,-0.04501778
26333,HLA-A*02:16,esm2_joint,locus,0,1.0,13696,0.9162907318741551,0.36836952
26335,HLA-A*66:01,esm2_joint,locus,0,1.0,13696,0.18232155679395465,0.76367617
26337,HLA-A*68:01,esm2_joint,locus,0,1.0,13696,0.5306282510621704,1.2579488
26343,HLA-A*26:03,esm2_joint,locus,0,1.0,13696,0.5306282510621704,0.5309275
26345,HLA-A*32:07,esm2_joint,locus,0,1.0,13696,2.6946271807700692,0.6662698
26349,HLA-A*32:07,esm2_joint,locus,0,1.0,13696,0.0,0.108893454
26351,HLA-A*24:19,esm2_joint,locus,0,1.0,13696,0.18232155679395465,0.11389905
26352,HLA-A*74:01,esm2_joint,locus,0,1.0,13696,0.26236426446749106,1.2757742
26356,HLA-A*24:02,esm2_joint,locus,0,1.0,13696,0.5306282510621704,0.40570122
26357,HLA-A*02:03,esm2_joint,locus,0,1.0,13696,2.0412203288596382,0.78422236
26363,HLA-A*02:01,esm2_joint,locus,0,1.0,13696,1.6486586255873816,0.44952434
26366,HLA-A*26:02,esm2_joint,locus,0,1.0,13696,0.4054651081081644,0.17172188
26367,HLA-A*30:01,esm2_joint,locus,0,1.0,13696,0.18232155679395465,1.0539966
26368,HLA-A*30:02,esm2_joint,locus,0,1.0,13696,0.5306282510621704,0.8489022
26369,HLA-A*02:19,esm2_joint,locus,0,1.0,13696,0.0,0.04232925
26370,HLA-A*33:03,esm2_joint,locus,0,1.0,13696,3.6054978451748854,0.8255267
26373,HLA-A*43:01,esm2_joint,locus,0,1.0,13696,0.4700036292457355,1.1140447
26374,HLA-A*02:11,esm2_joint,locus,0,1.0,13696,2.766319109226186,0.63852644
26375,HLA-A*74:01,esm2_joint,locus,0,1.0,13696,1.308332819650179,1.3166595
26377,HLA-A*25:01,esm2_joint,locus,0,1.0,13696,0.0,0.59383833
26378,HLA-A*02:50,esm2_joint,locus,0,1.0,13696,0.832909122935104,0.17352867
26379,HLA-A*02:50,esm2_joint,locus,0,1.0,13696,1.3609765531356006,-0.031594574
26380,HLA-A*33:03,esm2_joint,locus,0,1.0,13696,0.0,1.1459819
26381,HLA-A*68:01,esm2_joint,locus,0,1.0,13696,1.4816045409242156,1.1558443
26387,HLA-A*26:03,esm2_joint,locus,0,1.0,13696,1.0296194171811583,0.37817997
26388,HLA-A*02:10,esm2_joint,locus,0,1.0,13696,3.6402142821326553,0.44709295
26389,HLA-A*31:01,esm2_joint,locus,0,1.0,13696,2.8903717578961645,0.71073985
26392,HLA-A*24:19,esm2_joint,locus,0,1.0,13696,0.0,0.26700854
26394,HLA-A*02:11,esm2_joint,locus,0,1.0,13696,3.104586678466073,0.8674836
26395,HLA-A*33:03,esm2_joint,locus,0,1.0,13696,0.5306282510621704,0.3679936
26397,HLA-A*02:19,esm2_joint,locus,0,1.0,13696,1.7578579175523736,0.8542132
26401,HLA-A*23:01,esm2_joint,locus,0,1.0,13696,2.2192034840549946,1.8163991
26403,HLA-A*24:19,esm2_joint,locus,0,1.0,13696,0.0,0.75318164
26410,HLA-A*30:01,esm2_joint,locus,0,1.0,13696,0.18232155679395465,0.37443942
26411,HLA-A*33:03,esm2_joint,locus,0,1.0,13696,1.3862943611198906,0.62173504
26413,HLA-A*02:11,esm2_joint,locus,0,1.0,13696,3.0492730404820207,0.6732555
26416,HLA-A*03:01,esm2_joint,locus,0,1.0,13696,0.0,0.29969168
26417,HLA-A*02:12,esm2_joint,locus,0,1.0,13696,2.2192034840549946,0.45462877
26419,HLA-A*68:23,esm2_joint,locus,0,1.0,13696,0.0,0.44157195
26421,HLA-A*01:01,esm2_joint,locus,0,1.0,13696,0.0,0.679779
26422,HLA-A*31:01,esm2_joint,locus,0,1.0,13696,0.13976194237515868,0.6950085
26428,HLA-A*24:03,esm2_joint,locus,0,1.0,13696,2.4069451083182885,1.0874299
26431,HLA-A*02:12,esm2_joint,locus,0,1.0,13696,2.624668592163159,0.4686728
26432,HLA-A*33:03,esm2_joint,locus,0,1.0,13696,0.0,0.51939726
26436,HLA-A*68:01,esm2_joint,locus,0,1.0,13696,0.0,0.46099514
26442,HLA-A*74:01,esm2_joint,locus,0,1.0,13696,1.4350845252893227,1.100982
26451,HLA-A*02:01,esm2_joint,locus,0,1.0,13696,1.4586150226995167,0.34538049
26456,HLA-A*25:01,esm2_joint,locus,0,1.0,13696,0.7419373447293773,0.7329582
26459,HLA-A*01:01,esm2_joint,locus,0,1.0,13696,3.126760535960395,0.76978755
26460,HLA-A*02:03,esm2_joint,locus,0,1.0,13696,1.791759469228055,0.95361876
26461,HLA-A*02:16,esm2_joint,locus,0,1.0,13696,0.8754687373538999,0.6162143
26462,HLA-A*11:01,esm2_joint,locus,0,1.0,13696,3.475067230228611,0.7461179
26465,HLA-A*30:02,esm2_joint,locus,0,1.0,13696,0.0,0.13588315
26469,HLA-A*02:12,esm2_joint,locus,0,1.0,13696,0.7884573603642702,0.6152744
26470,HLA-A*33:03,esm2_joint,locus,0,1.0,13696,0.5306282510621704,0.1889661
26473,HLA-A*43:01,esm2_joint,locus,0,1.0,13696,0.4054651081081644,0.7760893
26475,HLA-A*26:02,esm2_joint,locus,0,1.0,13696,0.18232155679395465,0.76535
26481,HLA-A*29:02,esm2_joint,locus,0,1.0,13696,1.7047480922384253,1.5207009
26482,HLA-A*24:03,esm2_joint,locus,0,1.0,13696,2.0149030205422647,0.48616314
26483,HLA-A*66:01,esm2_joint,locus,0,1.0,13696,0.0,1.2449126
26487,HLA-A*80:01,esm2_joint,locus,0,1.0,13696,0.33647223662121295,0.5530188
26488,HLA-A*02:01,esm2_joint,locus,0,1.0,13696,0.33647223662121295,0.35291594
26490,HLA-A*31:01,esm2_joint,locus,0,1.0,13696,2.917770732084279,1.1627268
26492,HLA-A*66:01,esm2_joint,locus,0,1.0,13696,0.0,0.8366194
26497,HLA-A*02:11,esm2_joint,locus,0,1.0,13696,3.2268439945173775,0.779837
26498,HLA-A*31:01,esm2_joint,locus,0,1.0,13696,1.3609765531356006,1.1933851
26502,HLA-A*24:07,esm2_joint,locus,0,1.0,13696,0.7419373447293773,0.57205105
26506,HLA-A*33:03,esm2_joint,locus,0,1.0,13696,0.832909122935104,0.845991
26508,HLA-A*43:01,esm2_joint,locus,0,1.0,13696,0.4054651081081644,1.0660758
26509,HLA-A*24:07,esm2_joint,locus,0,1.0,13696,0.18232155679395465,0.8823553
26510,HLA-A*66:01,esm2_joint,locus,0,1.0,13696,0.18232155679395465,0.6725689
26512,HLA-A*33:03,esm2_joint,locus,0,1.0,13696,2.3978952727983707,0.8209183
26513,HLA-A*30:02,esm2_joint,locus,0,1.0,13696,0.4700036292457355,0.58690107
26516,HLA-A*01:01,esm2_joint,locus,0,1.0,13696,2.2181159363675955,0.35551578
26517,HLA-A*30:01,esm2_joint,locus,0,1.0,13696,3.9454577815143836,0.6543017
26520,HLA-A*23:01,esm2_joint,locus,0,1.0,13696,0.5306282510621704,0.29501754
26522,HLA-A*24:07,esm2_joint,locus,0,1.0,13696,0.4700036292457355,0.39949352
26523,HLA-A*68:23,esm2_joint,locus,0,1.0,13696,0.33647223662121295,0.28724587
26524,HLA-A*30:01,esm2_joint,locus,0,1.0,13696,0.6418538861723948,0.8879721
26526,HLA-A*02:50,esm2_joint,locus,0,1.0,13696,0.26236426446749106,0.58013505
26529,HLA-A*24:02,esm2_joint,locus,0,1.0,13696,0.6418538861723948,0.49293494
26531,HLA-A*02:03,esm2_joint,locus,0,1.0,13696,2.917770732084279,0.048921764
26532,HLA-A*02:10,esm2_joint,locus,0,1.0,13696,0.18232155679395465,1.1716924
26533,HLA-A*02:50,esm2_joint,locus,0,1.0,13696,2.8154087194227095,-0.018719137
26534,HLA-A*31:01,esm2_joint,locus,0,1.0,13696,3.927896354584436,0.7536894
26535,HLA-A*68:01,esm2_joint,locus,0,1.0,13696,0.8754687373538999,1.4144337
26537,HLA-A*32:07,esm2_joint,locus,0,1.0,13696,0.0,0.70640385
26539,HLA-A*32:01,esm2_joint,locus,0,1.0,13696,0.18232155679395465,0.9012533
26541,HLA-A*26:03,esm2_joint,locus,0,1.0,13696,0.18232155679395465,0.5081065
26543,HLA-A*33:03,esm2_joint,locus,0,1.0,13696,0.33647223662121295,1.2285157
26544,HLA-A*33:03,esm2_joint,locus,0,1.0,13696,1.2237754316221157,0.909543
26548,HLA-A*29:02,esm2_joint,locus,0,1.0,13696,1.8082887711792655,0.6313031
26549,HLA-A*68:23,esm2_joint,locus,0,1.0,13696,0.4700036292457355,0.87264806
26556,HLA-A*03:01,esm2_joint,locus,0,1.0,13696,0.0,0.81314945
26557,HLA-A*24:02,esm2_joint,locus,0,1.0,13696,2.151762203259462,1.1536928
26559,HLA-A*02:10,esm2_joint,locus,0,1.0,13696,2.272125885509337,0.15851569
26563,HLA-A*02:11,esm2_joint,locus,0,1.0,13696,2.322387720290225,0.71356285
26564,HLA-A*33:03,esm2_joint,locus,0,1.0,13696,3.6136169696133895,0.572898
26565,HLA-A*30:02,esm2_joint,locus,0,1.0,13696,0.7884573603642702,0.94685614
26567,HLA-A*29:02,esm2_joint,locus,0,1.0,13696,0.4054651081081644,0.9310986
26571,HLA-A*03:01,esm2_joint,locus,0,1.0,13696,0.0,1.3302461
26572,HLA-A*02:03,esm2_joint,locus,0,1.0,13696,0.26236426446749106,0.26934576
26573,HLA-A*68:01,esm2_joint,locus,0,1.0,13696,0.33647223662121295,-0.27336365
26574,HLA-A*25:01,esm2_joint,locus,0,1.0,13696,2.0794415416798357,0.71405774
26575,HLA-A*66:01,esm2_joint,locus,0,1.0,13696,0.33647223662121295,1.0142777
26576,HLA-A*30:01,esm2_joint,locus,0,1.0,13696,1.7227665977411035,0.68628204
26581,HLA-A*02:11,esm2_joint,locus,0,1.0,13696,3.4873750779032076,0.7715559
26582,HLA-A*26:03,esm2_joint,locus,0,1.0,13696,0.0,0.2094354
26585,HLA-A*80:01,esm2_joint,locus,0,1.0,13696,0.18232155679395465,0.9560493
26590,HLA-A*24:03,esm2_joint,locus,0,1.0,13696,2.772588722239781,0.65875506
26593,HLA-A*30:01,esm2_joint,locus,0,1.0,13696,0.18232155679395465,0.68571395
26599,HLA-A*02:03,esm2_joint,locus,0,1.0,13696,0.8754687373538999,0.34528863
26602,HLA-A*80:01,esm2_joint,locus,0,1.0,13696,0.0,1.5731931
26605,HLA-A*23:01,esm2_joint,locus,0,1.0,13696,2.533696813957432,0.57906365
26606,HLA-A*24:19,esm2_joint,locus,0,1.0,13696,0.4054651081081644,1.463619
26607,HLA-A*24:19,esm2_joint,locus,0,1.0,13696,0.6418538861723948,0.596778
26608,HLA-A*24:03,esm2_joint,locus,0,1.0,13696,0.18232155679395465,0.66511446
26609,HLA-A*26:02,esm2_joint,locus,0,1.0,13696,1.6863989535702288,0.6170993
26611,HLA-A*24:02,esm2_joint,locus,0,1.0,13696,1.0296194171811583,0.71067315
26612,HLA-A*23:01,esm2_joint,locus,0,1.0,13696,1.4816045409242156,0.52102244
26615,HLA-A*24:02,esm2_joint,locus,0,1.0,13696,2.272125885509337,0.50408
26619,HLA-A*24:19,esm2_joint,locus,0,1.0,13696,0.0,0.6968933
26620,HLA-A*66:01,esm2_joint,locus,0,1.0,13696,0.832909122935104,0.6331699
26621,HLA-A*03:01,esm2_joint,locus,0,1.0,13696,0.9162907318741551,0.7453205
26623,HLA-A*02:12,esm2_joint,locus,0,1.0,13696,3.246490991901174,0.15300763
26627,HLA-A*43:01,esm2_joint,locus,0,1.0,13696,0.26236426446749106,0.87436515
26629,HLA-A*25:01,esm2_joint,locus,0,1.0,13696,0.18232155679395465,0.45797086
26630,HLA-A*02:01,esm2_joint,locus,0,1.0,13696,3.0204248861443626,0.6912204
26631,HLA-A*24:02,esm2_joint,locus,0,1.0,13696,0.33647223662121295,1.4078987
26632,HLA-A*02:16,esm2_joint,locus,0,1.0,13696,1.547562508716013,-0.3774354
26633,HLA-A*33:03,esm2_joint,locus,0,1.0,13696,0.0,0.9304341
26635,HLA-A*24:07,esm2_joint,locus,0,1.0,13696,1.5686159179138452,1.1795549
26637,HLA-A*11:01,esm2_joint,locus,0,1.0,13696,3.9908341858524357,0.9172075
26641,HLA-A*02:19,esm2_joint,locus,0,1.0,13696,0.9555114450274363,0.24745339
26642,HLA-A*33:03,esm2_joint,locus,0,1.0,13696,3.0633909220278057,0.5601009
26644,HLA-A*68:01,esm2_joint,locus,0,1.0,13696,0.5306282510621704,-0.11046761
26645,HLA-A*24:03,esm2_joint,locus,0,1.0,13696,0.18232155679395465,0.48965013
26647,HLA-A*32:07,esm2_joint,locus,0,1.0,13696,0.0,0.9491606
26649,HLA-A*02:11,esm2_joint,locus,0,1.0,13696,0.832909122935104,0.30782956
26651,HLA-A*32:07,esm2_joint,locus,0,1.0,13696,0.33647223662121295,0.18963885
26653,HLA-A*02:12,esm2_joint,locus,0,1.0,13696,0.832909122935104,-0.11371583
26654,HLA-A*33:03,esm2_joint,locus,0,1.0,13696,1.8082887711792655,1.2117702
26657,HLA-A*02:12,esm2_joint,locus,0,1.0,13696,2.917770732084279,0.8415742
26661,HLA-A*02:11,esm2_joint,locus,0,1.0,13696,0.7419373447293773,0.5234493
26662,HLA-A*02:50,esm2_joint,locus,0,1.0,13696,2.509599262378372,0.015968502
26663,HLA-A*11:01,esm2_joint,locus,0,1.0,13696,1.7047480922384253,0.42064226
26667,HLA-A*30:02,esm2_joint,locus,0,1.0,13696,0.7419373447293773,0.8658588
26668,HLA-A*11:01,esm2_joint,locus,0,1.0,13696,0.33647223662121295,0.63093925
26670,HLA-A*02:11,esm2_joint,locus,0,1.0,13696,1.2809338454620642,0.5384874
26671,HLA-A*33:03,esm2_joint,locus,0,1.0,13696,1.252762968495368,0.5813648
26673,HLA-A*29:02,esm2_joint,locus,0,1.0,13696,0.18232155679395465,0.7187203
26674,HLA-A*24:03,esm2_joint,locus,0,1.0,13696,3.095577608523707,0.4183905
26678,HLA-A*02:50,esm2_joint,locus,0,1.0,13696,2.5416019934645457,0.06732541
26679,HLA-A*02:19,esm2_joint,locus,0,1.0,13696,1.5040773967762742,0.22356355
26683,HLA-A*02:12,esm2_joint,locus,0,1.0,13696,1.547562508716013,0.31763273
26684,HLA-A*02:50,esm2_joint,locus,0,1.0,13696,3.3032169733019514,0.4914016
26685,HLA-A*02:19,esm2_joint,locus,0,1.0,13696,1.6863989535702288,0.93082535
26686,HLA-A*33:03,esm2_joint,locus,0,1.0,13696,0.5306282510621704,0.93182987
26690,HLA-A*02:11,esm2_joint,locus,0,1.0,13696,1.410986973710262,0.569149
26692,HLA-A*80:01,esm2_joint,locus,0,1.0,13696,0.0,0.7822933
26694,HLA-A*31:01,esm2_joint,locus,0,1.0,13696,1.7404661748405046,0.7445126
26696,HLA-A*24:03,esm2_joint,locus,0,1.0,13696,2.312535423847214,0.6321502
26699,HLA-A*24:19,esm2_joint,locus,0,1.0,13696,1.1314021114911006,0.33473474
26700,HLA-A*24:07,esm2_joint,locus,0,1.0,13696,0.5306282510621704,0.5402833
26701,HLA-A*26:03,esm2_joint,locus,0,1.0,13696,0.8754687373538999,0.6367912
26704,HLA-A*02:01,esm2_joint,locus,0,1.0,13696,2.791165107812717,0.16548973
26705,HLA-A*33:03,esm2_joint,locus,0,1.0,13696,0.0,1.187717
26707,HLA-A*26:03,esm2_joint,locus,0,1.0,13696,0.5877866649021191,0.62938976
26708,HLA-A*03:01,esm2_joint,locus,0,1.0,13696,1.2809338454620642,0.8631097
26711,HLA-A*30:02,esm2_joint,locus,0,1.0,13696,0.4700036292457355,0.32076478
26717,HLA-A*30:02,esm2_joint,locus,0,1.0,13696,1.7578579175523736,0.65752524
26718,HLA-A*23:01,esm2_joint,locus,0,1.0,13696,1.0647107369924282,0.74760723
26719,HLA-A*68:23,esm2_joint,locus,0,1.0,13696,0.18232155679395465,0.53648996
26723,HLA-A*23:01,esm2_joint,locus,0,1.0,13696,3.5496173867804286,0.77931106
26727,HLA-A*11:01,esm2_joint,locus,0,1.0,13696,0.18232155679395465,0.48269036
26729,HLA-A*74:01,esm2_joint,locus,0,1.0,13696,5.094363509626968,0.8904458
26730,HLA-A*03:01,esm2_joint,locus,0,1.0,13696,0.4054651081081644,0.6046585
26733,HLA-A*32:07,esm2_joint,locus,0,1.0,13696,2.5726122302071057,1.0214956
26734,HLA-A*26:02,esm2_joint,locus,0,1.0,13696,3.40452517175483,0.55345666
26736,HLA-A*02:50,esm2_joint,locus,0,1.0,13696,0.7419373447293773,0.45184082
26737,HLA-A*74:01,esm2_joint,locus,0,1.0,13696,5.344723739362192,0.53138244
26738,HLA-A*26:02,esm2_joint,locus,0,1.0,13696,0.4700036292457355,0.5877503
26740,HLA-A*02:19,esm2_joint,locus,0,1.0,13696,0.4700036292457355,0.2799812
26743,HLA-A*24:07,esm2_joint,locus,0,1.0,13696,2.3702437414678603,1.8935554
26744,HLA-A*26:03,esm2_joint,locus,0,1.0,13696,0.6931471805599453,-0.14056069
26745,HLA-A*02:01,esm2_joint,locus,0,1.0,13696,2.917770732084279,-0.24044186
26746,HLA-A*02:19,esm2_joint,locus,0,1.0,13696,0.33647223662121295,0.48718303
26749,HLA-A*23:01,esm2_joint,locus,0,1.0,13696,3.349904087274605,0.71569324
26750,HLA-A*25:01,esm2_joint,locus,0,1.0,13696,2.468099531471619,0.9232467
26753,HLA-A*02:16,esm2_joint,locus,0,1.0,13696,3.8155121050473024,0.71598065
26755,HLA-A*29:02,esm2_joint,locus,0,1.0,13696,0.18232155679395465,0.49968392
26756,HLA-A*24:07,esm2_joint,locus,0,1.0,13696,2.1972245773362196,0.4467671
26763,HLA-A*02:10,esm2_joint,locus,0,1.0,13696,0.26236426446749106,0.42955852
26765,HLA-A*43:01,esm2_joint,locus,0,1.0,13696,0.18232155679395465,0.9281247
26771,HLA-A*68:23,esm2_joint,locus,0,1.0,13696,0.26236426446749106,0.5746791
26772,HLA-A*24:02,esm2_joint,locus,0,1.0,13696,1.0296194171811583,0.782685
26775,HLA-A*24:07,esm2_joint,locus,0,1.0,13696,2.302585092994046,0.72162247
26776,HLA-A*24:07,esm2_joint,locus,0,1.0,13696,1.8562979903656263,1.9076726
26777,HLA-A*26:03,esm2_joint,locus,0,1.0,13696,0.4054651081081644,0.39396733
26781,HLA-A*68:01,esm2_joint,locus,0,1.0,13696,4.507557357121091,0.62192905
26783,HLA-A*29:02,esm2_joint,locus,0,1.0,13696,0.26236426446749106,1.5345194
26784,HLA-A*26:03,esm2_joint,locus,0,1.0,13696,0.26236426446749106,0.57630545
26787,HLA-A*29:02,esm2_joint,locus,0,1.0,13696,2.833213344056216,0.8543417
26788,HLA-A*25:01,esm2_joint,locus,0,1.0,13696,1.1314021114911006,0.62814856
26791,HLA-A*32:07,esm2_joint,locus,0,1.0,13696,0.0,1.0268092
26792,HLA-A*26:02,esm2_joint,locus,0,1.0,13696,2.8154087194227095,1.0145892
26793,HLA-A*02:03,esm2_joint,locus,0,1.0,13696,3.6635616461296463,0.6237457
26794,HLA-A*02:12,esm2_joint,locus,0,1.0,13696,0.33647223662121295,0.83407235
26795,HLA-A*02:50,esm2_joint,locus,0,1.0,13696,2.7013612129514133,0.461389
26796,HLA-A*02:50,esm2_joint,locus,0,1.0,13696,0.832909122935104,0.26702034
26799,HLA-A*02:10,esm2_joint,locus,0,1.0,13696,3.475067230228611,0.48526156
26800,HLA-A*02:10,esm2_joint,locus,0,1.0,13696,2.2512917986064953,0.815207
26801,HLA-A*74:01,esm2_joint,locus,0,1.0,13696,0.33647223662121295,0.4805978
26805,HLA-A*43:01,esm2_joint,locus,0,1.0,13696,0.18232155679395465,0.7064189
26806,HLA-A*68:23,esm2_joint,locus,0,1.0,13696,0.0,0.85841453
26812,HLA-A*68:23,esm2_joint,locus,0,1.0,13696,1.5686159179138452,0.5237455
26813,HLA-A*24:02,esm2_joint,locus,0,1.0,13696,0.33647223662121295,1.4080375
26816,HLA-A*29:02,esm2_joint,locus,0,1.0,13696,0.8754687373538999,1.3794789
26817,HLA-A*80:01,esm2_joint,locus,0,1.0,13696,0.26236426446749106,0.7211481
26820,HLA-A*02:16,esm2_joint,locus,0,1.0,13696,0.832909122935104,0.092503846
26822,HLA-A*32:01,esm2_joint,locus,0,1.0,13696,1.1939224684724346,1.2982472
26825,HLA-A*30:02,esm2_joint,locus,0,1.0,13696,0.09531017980432487,0.28420484
26826,HLA-A*26:02,esm2_joint,locus,0,1.0,13696,1.1314021114911006,0.11638743
26828,HLA-A*30:01,esm2_joint,locus,0,1.0,13696,1.6486586255873816,0.40287572
26830,HLA-A*80:01,esm2_joint,locus,0,1.0,13696,0.0,0.78752893
26831,HLA-A*80:01,esm2_joint,locus,0,1.0,13696,1.0296194171811583,0.7287934
26834,HLA-A*31:01,esm2_joint,locus,0,1.0,13696,0.6418538861723948,1.0671942
26835,HLA-A*33:03,esm2_joint,locus,0,1.0,13696,1.8082887711792655,0.65023506
26836,HLA-A*74:01,esm2_joint,locus,0,1.0,13696,1.0296194171811583,1.1578405
26838,HLA-A*26:03,esm2_joint,locus,0,1.0,13696,2.4069451083182885,0.25582546
26839,HLA-A*02:12,esm2_joint,locus,0,1.0,13696,1.916922612182061,0.19587535
26840,HLA-A*74:01,esm2_joint,locus,0,1.0,13696,3.2068032436339315,0.97242326
26842,HLA-A*31:01,esm2_joint,locus,0,1.0,13696,0.6418538861723948,1.2183439
26846,HLA-A*30:02,esm2_joint,locus,0,1.0,13696,0.4054651081081644,0.87914
26847,HLA-A*25:01,esm2_joint,locus,0,1.0,13696,1.0647107369924282,0.4429316
26850,HLA-A*02:10,esm2_joint,locus,0,1.0,13696,0.8754687373538999,0.6302156
26851,HLA-A*02:50,esm2_joint,locus,0,1.0,13696,1.8562979903656263,0.04051119
26852,HLA-A*02:50,esm2_joint,locus,0,1.0,13696,2.028148247292285,-0.0015750527
26853,HLA-A*29:02,esm2_joint,locus,0,1.0,13696,0.7884573603642702,0.5291439
26855,HLA-A*68:23,esm2_joint,locus,0,1.0,13696,0.33647223662121295,0.86439896
26856,HLA-A*25:01,esm2_joint,locus,0,1.0,13696,0.5007752879124893,0.4064315
26859,HLA-A*74:01,esm2_joint,locus,0,1.0,13696,0.5877866649021191,1.0003589
26860,HLA-A*02:01,esm2_joint,locus,0,1.0,13696,2.2407096892759584,0.5867423
26861,HLA-A*68:23,esm2_joint,locus,0,1.0,13696,2.302585092994046,0.44363058
26862,HLA-A*26:03,esm2_joint,locus,0,1.0,13696,0.0,0.06120944
26866,HLA-A*26:02,esm2_joint,locus,0,1.0,13696,0.5877866649021191,0.5241658
26869,HLA-A*29:02,esm2_joint,locus,0,1.0,13696,0.0,0.7139783
26872,HLA-A*03:01,esm2_joint,locus,0,1.0,13696,0.4700036292457355,0.59464455
26877,HLA-A*02:50,esm2_joint,locus,0,1.0,13696,2.8154087194227095,-0.028016746
26878,HLA-A*68:01,esm2_joint,locus,0,1.0,13696,0.0,0.6373646
26881,HLA-A*29:02,esm2_joint,locus,0,1.0,13696,0.26236426446749106,1.3529524
26883,HLA-A*66:01,esm2_joint,locus,0,1.0,13696,0.0,0.7841791
26887,HLA-A*68:23,esm2_joint,locus,0,1.0,13696,2.0541237336955462,0.8206448
26888,HLA-A*26:03,esm2_joint,locus,0,1.0,13696,0.0,0.88741446
26890,HLA-A*02:50,esm2_joint,locus,0,1.0,13696,2.8390784635086144,0.18063301
26892,HLA-A*24:03,esm2_joint,locus,0,1.0,13696,3.7954891891721947,1.0164567
26894,HLA-A*02:12,esm2_joint,locus,0,1.0,13696,0.33647223662121295,0.7779153
26895,HLA-A*02:16,esm2_joint,locus,0,1.0,13696,0.0,0.5191651
26898,HLA-A*31:01,esm2_joint,locus,0,1.0,13696,3.597312260588446,0.73171043
26900,HLA-A*25:01,esm2_joint,locus,0,1.0,13696,0.5306282510621704,0.32400638
26903,HLA-A*30:01,esm2_joint,locus,0,1.0,13696,0.4054651081081644,0.67040586
26904,HLA-A*74:01,esm2_joint,locus,0,1.0,13696,1.6863989535702288,1.428349
26907,HLA-A*80:01,esm2_joint,locus,0,1.0,13696,0.09531017980432487,1.3835108
26908,HLA-A*02:01,esm2_joint,locus,0,1.0,13696,0.6626879730752367,0.20153654
26909,HLA-A*02:03,esm2_joint,locus,0,1.0,13696,0.9162907318741551,0.003028214
26918,HLA-A*02:12,esm2_joint,locus,0,1.0,13696,0.6418538861723948,-0.30390137
26920,HLA-A*30:02,esm2_joint,locus,0,1.0,13696,0.832909122935104,0.19331855
26922,HLA-A*26:03,esm2_joint,locus,0,1.0,13696,0.33647223662121295,0.43170083
26924,HLA-A*02:16,esm2_joint,locus,0,1.0,13696,2.4765384001174837,0.20876288
26928,HLA-A*02:10,esm2_joint,locus,0,1.0,13696,0.09531017980432487,0.09658557
26929,HLA-A*02:12,esm2_joint,locus,0,1.0,13696,0.5877866649021191,0.24556822
26930,HLA-A*02:11,esm2_joint,locus,0,1.0,13696,3.0819099697950434,1.4360086
26933,HLA-A*02:16,esm2_joint,locus,0,1.0,13696,3.2228678461377385,0.679133
26937,HLA-A*02:11,esm2_joint,locus,0,1.0,13696,2.341805806147327,0.8299037
26938,HLA-A*68:01,esm2_joint,locus,0,1.0,13696,1.5040773967762742,0.22815132
26941,HLA-A*24:07,esm2_joint,locus,0,1.0,13696,2.8903717578961645,0.7266703
26950,HLA-A*29:02,esm2_joint,locus,0,1.0,13696,0.6418538861723948,0.89100254
26951,HLA-A*24:07,esm2_joint,locus,0,1.0,13696,0.33647223662121295,0.5005929
26952,HLA-A*24:02,esm2_joint,locus,0,1.0,13696,1.4586150226995167,0.79797983
26953,HLA-A*68:01,esm2_joint,locus,0,1.0,13696,0.26236426446749106,0.65785015
26954,HLA-A*29:02,esm2_joint,locus,0,1.0,13696,1.7749523509116738,1.0569526
26956,HLA-A*68:23,esm2_joint,locus,0,1.0,13696,0.7419373447293773,1.0267792
26957,HLA-A*26:03,esm2_joint,locus,0,1.0,13696,0.0,0.9320546
26959,HLA-A*30:01,esm2_joint,locus,0,1.0,13696,0.0,0.32186854
26960,HLA-A*31:01,esm2_joint,locus,0,1.0,13696,2.631888840136646,1.1621011
26965,HLA-A*02:16,esm2_joint,locus,0,1.0,13696,2.785011242238338,0.23968524
26973,HLA-A*02:11,esm2_joint,locus,0,1.0,13696,2.5572273113676265,0.4477281
26974,HLA-A*33:03,esm2_joint,locus,0,1.0,13696,1.6094379124341003,0.76071036
26976,HLA-A*24:07,esm2_joint,locus,0,1.0,13696,2.747270914255491,1.3437402
26979,HLA-A*24:02,esm2_joint,locus,0,1.0,13696,1.308332819650179,0.90300256
26981,HLA-A*02:10,esm2_joint,locus,0,1.0,13696,0.18232155679395465,0.08866626
26982,HLA-A*02:12,esm2_joint,locus,0,1.0,13696,3.186352633162641,0.28280312
26983,HLA-A*24:19,esm2_joint,locus,0,1.0,13696,0.26236426446749106,0.41737235
26985,HLA-A*43:01,esm2_joint,locus,0,1.0,13696,0.18232155679395465,1.0821629
26987,HLA-A*24:19,esm2_joint,locus,0,1.0,13696,0.33647223662121295,0.91023886
26988,HLA-A*02:11,esm2_joint,locus,0,1.0,13696,3.122364924487357,0.5712916
26989,HLA-A*02:50,esm2_joint,locus,0,1.0,13696,0.26236426446749106,0.60637546
26995,HLA-A*24:07,esm2_joint,locus,0,1.0,13696,0.9162907318741551,1.0107039
27001,HLA-A*80:01,esm2_joint,locus,0,1.0,13696,0.26236426446749106,0.86197615
27003,HLA-A*02:50,esm2_joint,locus,0,1.0,13696,2.785011242238338,0.62464184
27006,HLA-A*43:01,esm2_joint,locus,0,1.0,13696,0.0,0.5300431
27008,HLA-A*02:16,esm2_joint,locus,0,1.0,13696,2.7343675094195836,0.50949776
27009,HLA-A*33:03,esm2_joint,locus,0,1.0,13696,0.0,0.6506923
27010,HLA-A*23:01,esm2_joint,locus,0,1.0,13696,2.740840023925201,1.2466707
27011,HLA-A*02:10,esm2_joint,locus,0,1.0,13696,1.0296194171811583,0.6063473
27013,HLA-A*30:02,esm2_joint,locus,0,1.0,13696,0.18232155679395465,0.34567446
27014,HLA-A*03:01,esm2_joint,locus,0,1.0,13696,0.33647223662121295,0.90404963
27018,HLA-A*26:02,esm2_joint,locus,0,1.0,13696,0.4700036292457355,0.7734252
27023,HLA-A*24:07,esm2_joint,locus,0,1.0,13696,0.26236426446749106,0.82551545
27024,HLA-A*30:02,esm2_joint,locus,0,1.0,13696,0.7419373447293773,0.61441684
27025,HLA-A*02:10,esm2_joint,locus,0,1.0,13696,0.5877866649021191,0.5109818
27026,HLA-A*74:01,esm2_joint,locus,0,1.0,13696,2.2617630984737906,0.6145393
27028,HLA-A*80:01,esm2_joint,locus,0,1.0,13696,1.410986973710262,0.7558643
27029,HLA-A*32:07,esm2_joint,locus,0,1.0,13696,0.0,0.76831275
27031,HLA-A*68:23,esm2_joint,locus,0,1.0,13696,2.128231705849268,0.3951432
27034,HLA-A*30:01,esm2_joint,locus,0,1.0,13696,0.0,0.63325495
27035,HLA-A*02:10,esm2_joint,locus,0,1.0,13696,1.308332819650179,0.7369523
27036,HLA-A*68:01,esm2_joint,locus,0,1.0,13696,1.840549633397487,0.4061371
27037,HLA-A*68:23,esm2_joint,locus,0,1.0,13696,0.0,0.59996045
27038,HLA-A*03:01,esm2_joint,locus,0,1.0,13696,2.2617630984737906,0.29666716
27039,HLA-A*33:03,esm2_joint,locus,0,1.0,13696,4.65586330030361,0.49293077
27043,HLA-A*03:01,esm2_joint,locus,0,1.0,13696,2.9069010598473755,1.1959803
27045,HLA-A*02:19,esm2_joint,locus,0,1.0,13696,3.1135153092103742,-0.07205278
27051,HLA-A*24:07,esm2_joint,locus,0,1.0,13696,0.0,0.45039064
27053,HLA-A*24:03,esm2_joint,locus,0,1.0,13696,0.5306282510621704,0.8900896
27056,HLA-A*24:19,esm2_joint,locus,0,1.0,13696,0.0,0.6722501
27057,HLA-A*03:01,esm2_joint,locus,0,1.0,13696,0.0,1.3319468
27058,HLA-A*24:02,esm2_joint,locus,0,1.0,13696,2.1633230256605382,0.63862604
27059,HLA-A*24:02,esm2_joint,locus,0,1.0,13696,1.0986122886681098,0.9681209
27060,HLA-A*02:12,esm2_joint,locus,0,1.0,13696,3.254242968705492,0.61478084
27061,HLA-A*33:03,esm2_joint,locus,0,1.0,13696,2.990719731730447,0.68765694
27062,HLA-A*24:03,esm2_joint,locus,0,1.0,13696,1.1631508098056809,0.3514033
27063,HLA-A*26:03,esm2_joint,locus,0,1.0,13696,0.0,0.6010208
27064,HLA-A*03:01,esm2_joint,locus,0,1.0,13696,0.26236426446749106,1.0736063
27065,HLA-A*02:11,esm2_joint,locus,0,1.0,13696,2.272125885509337,0.35539877
27066,HLA-A*02:50,esm2_joint,locus,0,1.0,13696,2.928523523860541,0.6126665
27067,HLA-A*74:01,esm2_joint,locus,0,1.0,13696,3.0204248861443626,-0.072639644
27072,HLA-A*43:01,esm2_joint,locus,0,1.0,13696,0.26236426446749106,0.7003162
27073,HLA-A*02:12,esm2_joint,locus,0,1.0,13696,0.4700036292457355,0.6487292
27074,HLA-A*24:07,esm2_joint,locus,0,1.0,13696,3.068052935133617,0.0220173
27077,HLA-A*02:11,esm2_joint,locus,0,1.0,13696,1.2237754316221157,0.66546905
27080,HLA-A*32:07,esm2_joint,locus,0,1.0,13696,0.7884573603642702,0.77322346
27084,HLA-A*26:03,esm2_joint,locus,0,1.0,13696,1.8562979903656263,0.6089109
27085,HLA-A*32:01,esm2_joint,locus,0,1.0,13696,0.26236426446749106,0.9655946
27088,HLA-A*30:01,esm2_joint,locus,0,1.0,13696,0.0,0.18719769
27089,HLA-A*43:01,esm2_joint,locus,0,1.0,13696,0.7884573603642702,1.5231566
27090,HLA-A*80:01,esm2_joint,locus,0,1.0,13696,0.18232155679395465,0.6184871
27094,HLA-A*02:12,esm2_joint,locus,0,1.0,13696,3.3603753871419,0.39141333
27100,HLA-A*43:01,esm2_joint,locus,0,1.0,13696,0.0,0.35744268
27101,HLA-A*24:19,esm2_joint,locus,0,1.0,13696,1.308332819650179,0.66815305
27102,HLA-A*24:02,esm2_joint,locus,0,1.0,13696,0.7884573603642702,0.9907939
27105,HLA-A*25:01,esm2_joint,locus,0,1.0,13696,0.9162907318741551,0.32104486
27109,HLA-A*26:02,esm2_joint,locus,0,1.0,13696,3.2771447329921766,0.48834723
27113,HLA-A*68:23,esm2_joint,locus,0,1.0,13696,0.0,0.26733428
27116,HLA-A*02:19,esm2_joint,locus,0,1.0,13696,2.2407096892759584,0.40506297
27117,HLA-A*30:01,esm2_joint,locus,0,1.0,13696,0.26236426446749106,0.73148274
27121,HLA-A*02:03,esm2_joint,locus,0,1.0,13696,0.4700036292457355,0.33859438
27122,HLA-A*02:16,esm2_joint,locus,0,1.0,13696,3.7909846770510898,0.4953506
27126,HLA-A*32:07,esm2_joint,locus,0,1.0,13696,0.4700036292457355,0.47028172
27128,HLA-A*25:01,esm2_joint,locus,0,1.0,13696,0.0,0.77024436
27129,HLA-A*33:03,esm2_joint,locus,0,1.0,13696,0.8754687373538999,0.63149625
27132,HLA-A*02:11,esm2_joint,locus,0,1.0,13696,2.128231705849268,0.49737328
27133,HLA-A*30:01,esm2_joint,locus,0,1.0,13696,0.7884573603642702,0.7968217
27135,HLA-A*30:02,esm2_joint,locus,0,1.0,13696,1.2809338454620642,0.83928335
27136,HLA-A*32:07,esm2_joint,locus,0,1.0,13696,3.407841924380824,1.0855799
27138,HLA-A*24:02,esm2_joint,locus,0,1.0,13696,0.4700036292457355,0.17411774
27139,HLA-A*02:50,esm2_joint,locus,0,1.0,13696,2.624668592163159,0.48139066
27141,HLA-A*33:03,esm2_joint,locus,0,1.0,13696,3.3843902633457743,0.29580057
27144,HLA-A*25:01,esm2_joint,locus,0,1.0,13696,0.0,0.13353139
27149,HLA-A*26:02,esm2_joint,locus,0,1.0,13696,0.33647223662121295,0.6935284
27151,HLA-A*02:10,esm2_joint,locus,0,1.0,13696,2.424802725718295,0.09818286
27152,HLA-A*02:10,esm2_joint,locus,0,1.0,13696,1.0647107369924282,0.6546181
27153,HLA-A*11:01,esm2_joint,locus,0,1.0,13696,2.0918640616783932,0.877158
27157,HLA-A*43:01,esm2_joint,locus,0,1.0,13696,1.6486586255873816,1.3503929
27158,HLA-A*24:19,esm2_joint,locus,0,1.0,13696,0.26236426446749106,1.307487
27159,HLA-A*26:02,esm2_joint,locus,0,1.0,13696,0.0,0.24868399
27160,HLA-A*24:02,esm2_joint,locus,0,1.0,13696,0.9162907318741551,0.27062446
27161,HLA-A*02:03,esm2_joint,locus,0,1.0,13696,3.543853682063679,0.65355486
27162,HLA-A*02:19,esm2_joint,locus,0,1.0,13696,0.6418538861723948,0.44039625
27165,HLA-A*24:02,esm2_joint,locus,0,1.0,13696,3.784189633918261,0.88019407
27166,HLA-A*02:05,esm2_joint,locus,0,1.0,13696,0.5877866649021191,-0.33671433
27168,HLA-A*24:19,esm2_joint,locus,0,1.0,13696,0.18232155679395465,0.93932676
27169,HLA-A*26:02,esm2_joint,locus,0,1.0,13696,1.6094379124341003,0.6758271
27171,HLA-A*32:07,esm2_joint,locus,0,1.0,13696,0.0,0.62511516
27172,HLA-A*24:19,esm2_joint,locus,0,1.0,13696,0.26236426446749106,0.7808496
27174,HLA-A*33:03,esm2_joint,locus,0,1.0,13696,1.547562508716013,0.22413874
27175,HLA-A*74:01,esm2_joint,locus,0,1.0,13696,3.100092288878234,1.1218208
27179,HLA-A*24:19,esm2_joint,locus,0,1.0,13696,0.4700036292457355,0.83151704
27180,HLA-A*66:01,esm2_joint,locus,0,1.0,13696,0.5877866649021191,0.694342
27183,HLA-A*26:03,esm2_joint,locus,0,1.0,13696,0.0,0.576863
27184,HLA-A*02:16,esm2_joint,locus,0,1.0,13696,1.1631508098056809,-0.112095654
27186,HLA-A*29:02,esm2_joint,locus,0,1.0,13696,0.5877866649021191,1.0932066
27188,HLA-A*02:03,esm2_joint,locus,0,1.0,13696,1.8718021769015913,0.07696134
27189,HLA-A*30:01,esm2_joint,locus,0,1.0,13696,0.0,0.13351971
27190,HLA-A*74:01,esm2_joint,locus,0,1.0,13696,0.0,0.8097935
27192,HLA-A*26:02,esm2_joint,locus,0,1.0,13696,0.832909122935104,0.6675284
27193,HLA-A*02:10,esm2_joint,locus,0,1.0,13696,0.5877866649021191,0.30511785
27195,HLA-A*24:02,esm2_joint,locus,0,1.0,13696,0.33647223662121295,0.7033936
27198,HLA-A*23:01,esm2_joint,locus,0,1.0,13696,3.505557396986398,0.42824084
27200,HLA-A*25:01,esm2_joint,locus,0,1.0,13696,3.4242626545931514,0.49162352
27202,HLA-A*24:02,esm2_joint,locus,0,1.0,13696,0.5306282510621704,0.47498804
27207,HLA-A*24:02,esm2_joint,locus,0,1.0,13696,0.18232155679395465,0.38597208
27208,HLA-A*02:50,esm2_joint,locus,0,1.0,13696,0.5877866649021191,-0.08634168
27211,HLA-A*80:01,esm2_joint,locus,0,1.0,13696,0.4054651081081644,0.87634015
27213,HLA-A*26:03,esm2_joint,locus,0,1.0,13696,0.9162907318741551,0.2758996
27214,HLA-A*02:16,esm2_joint,locus,0,1.0,13696,1.2809338454620642,0.22818917
27216,HLA-A*02:16,esm2_joint,locus,0,1.0,13696,1.7047480922384253,0.5028922
27217,HLA-A*74:01,esm2_joint,locus,0,1.0,13696,2.5726122302071057,0.97051793
27219,HLA-A*30:02,esm2_joint,locus,0,1.0,13696,1.2809338454620642,1.0449252
27220,HLA-A*02:01,esm2_joint,locus,0,1.0,13696,1.791759469228055,0.11517125
27221,HLA-A*31:01,esm2_joint,locus,0,1.0,13696,0.33647223662121295,0.36434668
27222,HLA-A*68:01,esm2_joint,locus,0,1.0,13696,0.0,0.65180266
27223,HLA-A*24:07,esm2_joint,locus,0,1.0,13696,0.8754687373538999,0.82178843
27225,HLA-A*33:03,esm2_joint,locus,0,1.0,13696,3.353406717825807,0.5694417
27226,HLA-A*68:23,esm2_joint,locus,0,1.0,13696,0.0,0.92664355
27229,HLA-A*24:07,esm2_joint,locus,0,1.0,13696,2.517696472610991,0.6933516
27230,HLA-A*26:03,esm2_joint,locus,0,1.0,13696,0.4700036292457355,0.9192447
27231,HLA-A*26:03,esm2_joint,locus,0,1.0,13696,0.0,0.5616803
27233,HLA-A*02:01,esm2_joint,locus,0,1.0,13696,3.039749158970765,0.30718398
27237,HLA-A*43:01,esm2_joint,locus,0,1.0,13696,0.09531017980432487,0.658252
27238,HLA-A*26:02,esm2_joint,locus,0,1.0,13696,0.9555114450274363,0.058698118
27239,HLA-A*68:23,esm2_joint,locus,0,1.0,13696,0.0,0.8835674
27241,HLA-A*30:01,esm2_joint,locus,0,1.0,13696,1.4350845252893227,0.526031
27244,HLA-A*43:01,esm2_joint,locus,0,1.0,13696,0.26236426446749106,1.2900916
27245,HLA-A*43:01,esm2_joint,locus,0,1.0,13696,0.0,1.1008703
27248,HLA-A*24:19,esm2_joint,locus,0,1.0,13696,0.26236426446749106,0.54845303
27249,HLA-A*24:07,esm2_joint,locus,0,1.0,13696,0.26236426446749106,0.87393296
27253,HLA-A*23:01,esm2_joint,locus,0,1.0,13696,3.095577608523707,0.1712184
27254,HLA-A*23:01,esm2_joint,locus,0,1.0,13696,0.6931471805599453,1.0455942
27255,HLA-A*24:19,esm2_joint,locus,0,1.0,13696,0.33647223662121295,0.6590106
27256,HLA-A*24:19,esm2_joint,locus,0,1.0,13696,0.0,0.6213071
27257,HLA-A*66:01,esm2_joint,locus,0,1.0,13696,0.18232155679395465,0.46387118
27259,HLA-A*02:12,esm2_joint,locus,0,1.0,13696,0.5877866649021191,-0.0428105
27260,HLA-A*29:02,esm2_joint,locus,0,1.0,13696,0.4700036292457355,0.5564227
27261,HLA-A*66:01,esm2_joint,locus,0,1.0,13696,0.5877866649021191,0.79419965
27263,HLA-A*33:03,esm2_joint,locus,0,1.0,13696,0.0,1.2253748
27265,HLA-A*30:02,esm2_joint,locus,0,1.0,13696,0.9162907318741551,0.4172663
27266,HLA-A*26:02,esm2_joint,locus,0,1.0,13696,2.0412203288596382,0.5468116
27267,HLA-A*66:01,esm2_joint,locus,0,1.0,13696,0.18232155679395465,0.74625695
27274,HLA-A*80:01,esm2_joint,locus,0,1.0,13696,0.0,0.6941797
27279,HLA-A*26:03,esm2_joint,locus,0,1.0,13696,0.0,0.12188512
27280,HLA-A*30:01,esm2_joint,locus,0,1.0,13696,0.26236426446749106,1.1325762
27286,HLA-A*02:03,esm2_joint,locus,0,1.0,13696,3.686376323895818,0.45833534
27287,HLA-A*02:01,esm2_joint,locus,0,1.0,13696,0.18232155679395465,0.4887833
27288,HLA-A*02:12,esm2_joint,locus,0,1.0,13696,2.517696472610991,0.57072717
27290,HLA-A*02:16,esm2_joint,locus,0,1.0,13696,0.26236426446749106,-0.024568737
27291,HLA-A*33:03,esm2_joint,locus,0,1.0,13696,4.440295542797857,0.9702249
27298,HLA-A*80:01,esm2_joint,locus,0,1.0,13696,0.0,0.8794421
27301,HLA-A*03:01,esm2_joint,locus,0,1.0,13696,0.5877866649021191,1.0841255
27302,HLA-A*03:01,esm2_joint,locus,0,1.0,13696,1.791759469228055,1.330332
27303,HLA-A*02:10,esm2_joint,locus,0,1.0,13696,1.4816045409242156,-0.054376543
27304,HLA-A*02:16,esm2_joint,locus,0,1.0,13696,1.7578579175523736,0.7760131
27308,HLA-A*68:23,esm2_joint,locus,0,1.0,13696,0.0,0.7748184
27309,HLA-A*30:01,esm2_joint,locus,0,1.0,13696,0.7884573603642702,0.88621974
27312,HLA-A*33:03,esm2_joint,locus,0,1.0,13696,0.0,1.5875375
27313,HLA-A*74:01,esm2_joint,locus,0,1.0,13696,3.427514689979529,0.60296184
27316,HLA-A*24:19,esm2_joint,locus,0,1.0,13696,0.18232155679395465,1.3550247
27324,HLA-A*30:02,esm2_joint,locus,0,1.0,13696,2.4765384001174837,0.678818
27325,HLA-A*80:01,esm2_joint,locus,0,1.0,13696,0.0,0.5883286
27327,HLA-A*66:01,esm2_joint,locus,0,1.0,13696,0.26236426446749106,0.9670251
27328,HLA-A*24:02,esm2_joint,locus,0,1.0,13696,2.2300144001592104,0.7257433
27334,HLA-A*29:02,esm2_joint,locus,0,1.0,13696,3.190476350346503,1.5590234
27335,HLA-A*30:02,esm2_joint,locus,0,1.0,13696,1.308332819650179,0.9334955
27340,HLA-A*29:02,esm2_joint,locus,0,1.0,13696,1.0296194171811583,0.84592605
27343,HLA-A*32:07,esm2_joint,locus,0,1.0,13696,0.4054651081081644,0.4763561
27344,HLA-A*24:07,esm2_joint,locus,0,1.0,13696,0.18232155679395465,0.42787164
27345,HLA-A*66:01,esm2_joint,locus,0,1.0,13696,0.0,0.716977
27353,HLA-A*24:19,esm2_joint,locus,0,1.0,13696,0.33647223662121295,0.7204099
27358,HLA-A*24:07,esm2_joint,locus,0,1.0,13696,0.33647223662121295,1.0333997
27359,HLA-A*26:03,esm2_joint,locus,0,1.0,13696,0.26236426446749106,0.089573205
27360,HLA-A*24:02,esm2_joint,locus,0,1.0,13696,0.09531017980432487,0.4368906
27363,HLA-A*24:03,esm2_joint,locus,0,1.0,13696,0.26236426446749106,0.30611998
27364,HLA-A*68:01,esm2_joint,locus,0,1.0,13696,2.8678989020441064,0.74992436
27368,HLA-A*02:11,esm2_joint,locus,0,1.0,13696,0.9555114450274363,0.53359914
27369,HLA-A*74:01,esm2_joint,locus,0,1.0,13696,1.589235205116581,1.015025
27372,HLA-A*26:03,esm2_joint,locus,0,1.0,13696,0.7419373447293773,0.5256664
27375,HLA-A*02:50,esm2_joint,locus,0,1.0,13696,0.9932517730102833,-0.11594945
27380,HLA-A*30:01,esm2_joint,locus,0,1.0,13696,3.86702563949741,0.9913832
27382,HLA-A*43:01,esm2_joint,locus,0,1.0,13696,0.0,1.2873013
27385,HLA-A*24:07,esm2_joint,locus,0,1.0,13696,2.3978952727983707,1.0045272
27387,HLA-A*30:02,esm2_joint,locus,0,1.0,13696,1.7578579175523736,1.5774863
27388,HLA-A*24:02,esm2_joint,locus,0,1.0,13696,0.18232155679395465,-0.010926664
27391,HLA-A*02:19,esm2_joint,locus,0,1.0,13696,2.2192034840549946,0.5629672
27396,HLA-A*80:01,esm2_joint,locus,0,1.0,13696,0.09531017980432487,0.66777813
27397,HLA-A*02:03,esm2_joint,locus,0,1.0,13696,3.9531649487593215,0.2720946
27410,HLA-A*24:19,esm2_joint,locus,0,1.0,13696,0.4054651081081644,0.7990141
27411,HLA-A*66:01,esm2_joint,locus,0,1.0,13696,1.7047480922384253,1.0405196
27413,HLA-A*74:01,esm2_joint,locus,0,1.0,13696,2.7536607123542622,0.72091424
27415,HLA-A*26:03,esm2_joint,locus,0,1.0,13696,0.0,0.45829695
27418,HLA-A*24:02,esm2_joint,locus,0,1.0,13696,1.0647107369924282,0.39810616
27419,HLA-A*02:16,esm2_joint,locus,0,1.0,13696,2.89591193827178,-0.019753635
27420,HLA-A*74:01,esm2_joint,locus,0,1.0,13696,4.097672352314776,1.1936402
27424,HLA-A*68:23,esm2_joint,locus,0,1.0,13696,0.0,0.86119056
27427,HLA-A*02:19,esm2_joint,locus,0,1.0,13696,1.667706820558076,0.34512836
27431,HLA-A*02:50,esm2_joint,locus,0,1.0,13696,2.9601050959108397,0.6390773
27432,HLA-A*30:01,esm2_joint,locus,0,1.0,13696,0.0,0.41933298
27433,HLA-A*43:01,esm2_joint,locus,0,1.0,13696,0.0,0.6832429
27439,HLA-A*26:02,esm2_joint,locus,0,1.0,13696,0.5306282510621704,0.659665
27441,HLA-A*24:02,esm2_joint,locus,0,1.0,13696,0.26236426446749106,0.42248207
27442,HLA-A*02:03,esm2_joint,locus,0,1.0,13696,0.5306282510621704,0.6775954
27448,HLA-A*01:01,esm2_joint,locus,0,1.0,13696,0.0,0.83711016
27449,HLA-A*02:03,esm2_joint,locus,0,1.0,13696,0.832909122935104,0.30844104
27450,HLA-A*02:50,esm2_joint,locus,0,1.0,13696,2.0918640616783932,0.08779675
27453,HLA-A*32:07,esm2_joint,locus,0,1.0,13696,0.0,1.2671363
27456,HLA-A*74:01,esm2_joint,locus,0,1.0,13696,3.8607297110405954,1.2896055
27459,HLA-A*24:07,esm2_joint,locus,0,1.0,13696,0.33647223662121295,0.27213866
27465,HLA-A*68:23,esm2_joint,locus,0,1.0,13696,1.8870696490323797,0.48381925
27469,HLA-A*02:11,esm2_joint,locus,0,1.0,13696,2.1633230256605382,0.08656031
27470,HLA-A*68:01,esm2_joint,locus,0,1.0,13696,0.18232155679395465,0.805187
27471,HLA-A*74:01,esm2_joint,locus,0,1.0,13696,2.6946271807700692,1.0066006
27472,HLA-A*74:01,esm2_joint,locus,0,1.0,13696,3.5751506887855933,1.3970579
27474,HLA-A*25:01,esm2_joint,locus,0,1.0,13696,0.4054651081081644,0.5650185
27475,HLA-A*26:03,esm2_joint,locus,0,1.0,13696,0.5306282510621704,0.37620163
27476,HLA-A*30:01,esm2_joint,locus,0,1.0,13696,0.4054651081081644,0.891083
27477,HLA-A*74:01,esm2_joint,locus,0,1.0,13696,0.4700036292457355,1.4144299
27478,HLA-A*74:01,esm2_joint,locus,0,1.0,13696,0.9555114450274363,0.88295364
27480,HLA-A*02:50,esm2_joint,locus,0,1.0,13696,2.6602595372658615,0.35812443
27482,HLA-A*02:50,esm2_joint,locus,0,1.0,13696,0.7884573603642702,0.10728401
27483,HLA-A*02:16,esm2_joint,locus,0,1.0,13696,2.928523523860541,0.45856017
27484,HLA-A*02:16,esm2_joint,locus,0,1.0,13696,1.840549633397487,0.40735304
27485,HLA-A*68:01,esm2_joint,locus,0,1.0,13696,1.1939224684724346,1.1387041
27488,HLA-A*80:01,esm2_joint,locus,0,1.0,13696,0.09531017980432487,1.1708473
27492,HLA-A*24:19,esm2_joint,locus,0,1.0,13696,0.09531017980432487,0.21011919
27496,HLA-A*31:01,esm2_joint,locus,0,1.0,13696,1.824549292051046,1.006936
27500,HLA-A*68:01,esm2_joint,locus,0,1.0,13696,0.9932517730102833,0.9297306
27502,HLA-A*24:19,esm2_joint,locus,0,1.0,13696,1.1939224684724346,-0.5784978
27503,HLA-A*66:01,esm2_joint,locus,0,1.0,13696,0.18232155679395465,1.0059177
27504,HLA-A*02:10,esm2_joint,locus,0,1.0,13696,2.70805020110221,0.19534242
27505,HLA-A*02:11,esm2_joint,locus,0,1.0,13696,2.975529566236472,0.39867258
27508,HLA-A*26:02,esm2_joint,locus,0,1.0,13696,0.26236426446749106,0.4918633
27510,HLA-A*30:01,esm2_joint,locus,0,1.0,13696,0.33647223662121295,0.84401363
27511,HLA-A*29:02,esm2_joint,locus,0,1.0,13696,1.4816045409242156,0.90512127
27512,HLA-A*29:02,esm2_joint,locus,0,1.0,13696,0.8754687373538999,0.88293815
27514,HLA-A*30:01,esm2_joint,locus,0,1.0,13696,1.3862943611198906,0.7832326
27515,HLA-A*32:07,esm2_joint,locus,0,1.0,13696,1.1631508098056809,0.5723621
27516,HLA-A*26:02,esm2_joint,locus,0,1.0,13696,0.26236426446749106,1.0356488
27517,HLA-A*66:01,esm2_joint,locus,0,1.0,13696,0.26236426446749106,0.66333276
27518,HLA-A*26:03,esm2_joint,locus,0,1.0,13696,0.0,0.53389627
27520,HLA-A*26:01,esm2_joint,locus,0,1.0,13696,0.5306282510621704,0.97321093
27522,HLA-A*43:01,esm2_joint,locus,0,1.0,13696,0.18232155679395465,0.8205984
27523,HLA-A*32:07,esm2_joint,locus,0,1.0,13696,0.6418538861723948,0.5415707
27525,HLA-A*26:02,esm2_joint,locus,0,1.0,13696,0.33647223662121295,0.549037
27526,HLA-A*68:02,esm2_joint,locus,0,1.0,13696,0.4054651081081644,0.3263324
27527,HLA-A*68:01,esm2_joint,locus,0,1.0,13696,3.2108436531709366,0.37104213
27531,HLA-A*02:19,esm2_joint,locus,0,1.0,13696,2.322387720290225,0.3215348
27536,HLA-A*24:03,esm2_joint,locus,0,1.0,13696,0.8754687373538999,0.5790527
27537,HLA-A*02:10,esm2_joint,locus,0,1.0,13696,1.308332819650179,0.37100774
27538,HLA-A*02:50,esm2_joint,locus,0,1.0,13696,1.62924053973028,0.08857721
27546,HLA-A*66:01,esm2_joint,locus,0,1.0,13696,0.0,1.0394706
27547,HLA-A*31:01,esm2_joint,locus,0,1.0,13696,4.091005660956586,1.2665564
27553,HLA-A*24:07,esm2_joint,locus,0,1.0,13696,2.3608540011180215,0.66275346
27555,HLA-A*03:01,esm2_joint,locus,0,1.0,13696,0.9162907318741551,1.3555151
27556,HLA-A*02:50,esm2_joint,locus,0,1.0,13696,2.1041341542702074,0.506803
27563,HLA-A*24:07,esm2_joint,locus,0,1.0,13696,0.18232155679395465,0.2928238
27564,HLA-A*26:02,esm2_joint,locus,0,1.0,13696,0.832909122935104,0.22273046
27566,HLA-A*29:02,esm2_joint,locus,0,1.0,13696,2.424802725718295,0.88992697
27567,HLA-A*24:19,esm2_joint,locus,0,1.0,13696,0.0,0.82873154
27569,HLA-A*24:02,esm2_joint,locus,0,1.0,13696,0.26236426446749106,0.5587792
27571,HLA-A*68:01,esm2_joint,locus,0,1.0,13696,0.6931471805599453,0.8723104
27576,HLA-A*25:01,esm2_joint,locus,0,1.0,13696,1.2947271675944,0.5878084
27578,HLA-A*43:01,esm2_joint,locus,0,1.0,13696,0.0,1.2790387
27579,HLA-A*24:03,esm2_joint,locus,0,1.0,13696,1.7749523509116738,0.6609554
27580,HLA-A*02:01,esm2_joint,locus,0,1.0,13696,0.9360933591703348,0.4176306
27581,HLA-A*66:01,esm2_joint,locus,0,1.0,13696,0.4700036292457355,0.50833625
27582,HLA-A*66:01,esm2_joint,locus,0,1.0,13696,0.09531017980432487,1.0029094
27583,HLA-A*68:01,esm2_joint,locus,0,1.0,13696,2.4159137783010487,0.43652546
27585,HLA-A*68:23,esm2_joint,locus,0,1.0,13696,0.4054651081081644,0.33741254
27588,HLA-A*03:01,esm2_joint,locus,0,1.0,13696,0.4700036292457355,1.2650936
27590,HLA-A*02:11,esm2_joint,locus,0,1.0,13696,2.827313621929028,0.29267925
27593,HLA-A*24:19,esm2_joint,locus,0,1.0,13696,0.0,1.0456781
27594,HLA-A*24:07,esm2_joint,locus,0,1.0,13696,0.7419373447293773,0.4921856
27595,HLA-A*02:05,esm2_joint,locus,0,1.0,13696,2.1633230256605382,0.2294454
27597,HLA-A*23:01,esm2_joint,locus,0,1.0,13696,0.832909122935104,0.021095634
27601,HLA-A*33:03,esm2_joint,locus,0,1.0,13696,0.8754687373538999,0.9361877
27606,HLA-A*02:10,esm2_joint,locus,0,1.0,13696,0.5306282510621704,0.14042616
27608,HLA-A*02:11,esm2_joint,locus,0,1.0,13696,0.9162907318741551,0.30755776
27612,HLA-A*24:02,esm2_joint,locus,0,1.0,13696,0.0,0.268555
27615,HLA-A*80:01,esm2_joint,locus,0,1.0,13696,0.26236426446749106,0.7968749
27616,HLA-A*23:01,esm2_joint,locus,0,1.0,13696,0.26236426446749106,0.9761239
27619,HLA-A*24:07,esm2_joint,locus,0,1.0,13696,0.33647223662121295,0.89022887
27625,HLA-A*30:02,esm2_joint,locus,0,1.0,13696,0.4054651081081644,0.94788736
27632,HLA-A*80:01,esm2_joint,locus,0,1.0,13696,0.18232155679395465,0.64541185
27633,HLA-A*32:07,esm2_joint,locus,0,1.0,13696,0.0,1.0034125
27636,HLA-A*03:01,esm2_joint,locus,0,1.0,13696,0.0,0.96319366
27640,HLA-A*24:07,esm2_joint,locus,0,1.0,13696,2.6602595372658615,0.40326726
27647,HLA-A*30:02,esm2_joint,locus,0,1.0,13696,0.33647223662121295,0.932871
27650,HLA-A*31:01,esm2_joint,locus,0,1.0,13696,0.0,0.95218843
27652,HLA-A*24:03,esm2_joint,locus,0,1.0,13696,2.6741486494265287,0.5544558
27661,HLA-A*32:01,esm2_joint,locus,0,1.0,13696,4.063885354737392,1.7720387
27662,HLA-A*02:16,esm2_joint,locus,0,1.0,13696,3.835141961092188,0.28490818
27663,HLA-A*33:03,esm2_joint,locus,0,1.0,13696,0.0,0.95065874
27669,HLA-A*02:11,esm2_joint,locus,0,1.0,13696,1.2809338454620642,0.091849685
27670,HLA-A*33:03,esm2_joint,locus,0,1.0,13696,0.6418538861723948,1.0424337
27672,HLA-A*24:19,esm2_joint,locus,0,1.0,13696,0.0,0.7370496
27675,HLA-A*30:02,esm2_joint,locus,0,1.0,13696,0.5306282510621704,0.6005341
27676,HLA-A*32:07,esm2_joint,locus,0,1.0,13696,0.18232155679395465,0.34266543
27678,HLA-A*02:11,esm2_joint,locus,0,1.0,13696,2.772588722239781,0.31380957
27680,HLA-A*68:23,esm2_joint,locus,0,1.0,13696,0.0,0.92032707
27682,HLA-A*02:10,esm2_joint,locus,0,1.0,13696,0.26236426446749106,-0.18260199
27683,HLA-A*02:50,esm2_joint,locus,0,1.0,13696,2.8213788864092133,-0.011008561
27686,HLA-A*29:02,esm2_joint,locus,0,1.0,13696,0.18232155679395465,1.0673996
27691,HLA-A*80:01,esm2_joint,locus,0,1.0,13696,0.33647223662121295,0.68865234
27692,HLA-A*23:01,esm2_joint,locus,0,1.0,13696,2.312535423847214,0.628586
27694,HLA-A*24:07,esm2_joint,locus,0,1.0,13696,2.9231615807191558,0.6888448
27695,HLA-A*24:07,esm2_joint,locus,0,1.0,13696,0.5306282510621704,-0.21433085
27700,HLA-A*74:01,esm2_joint,locus,0,1.0,13696,1.9021075263969205,1.4107955
27702,HLA-A*66:01,esm2_joint,locus,0,1.0,13696,0.0,0.599962
27704,HLA-A*24:02,esm2_joint,locus,0,1.0,13696,0.18232155679395465,1.39279
27705,HLA-A*02:01,esm2_joint,locus,0,1.0,13696,2.8535925063928684,0.42395812
27706,HLA-A*02:10,esm2_joint,locus,0,1.0,13696,0.7419373447293773,0.058937132
27709,HLA-A*26:03,esm2_joint,locus,0,1.0,13696,0.0,0.83178055
27711,HLA-A*02:10,esm2_joint,locus,0,1.0,13696,3.152736022363656,0.52539027
27716,HLA-A*30:02,esm2_joint,locus,0,1.0,13696,0.4054651081081644,1.2377207
27717,HLA-A*26:02,esm2_joint,locus,0,1.0,13696,1.410986973710262,0.7905931
27719,HLA-A*24:02,esm2_joint,locus,0,1.0,13696,0.9932517730102833,0.82682216
27720,HLA-A*24:03,esm2_joint,locus,0,1.0,13696,2.7788192719904172,0.94991493
27722,HLA-A*11:01,esm2_joint,locus,0,1.0,13696,3.169685580677429,0.43646723
27728,HLA-A*24:19,esm2_joint,locus,0,1.0,13696,0.0,0.59859246
27729,HLA-A*66:01,esm2_joint,locus,0,1.0,13696,0.5877866649021191,0.47416335
27734,HLA-A*11:01,esm2_joint,locus,0,1.0,13696,4.210645017918261,1.1996899
27742,HLA-A*66:01,esm2_joint,locus,0,1.0,13696,1.0986122886681098,1.1880858
27744,HLA-A*24:02,esm2_joint,locus,0,1.0,13696,0.9932517730102833,0.7570523
27747,HLA-A*30:02,esm2_joint,locus,0,1.0,13696,0.18232155679395465,0.24915361
27749,HLA-A*02:50,esm2_joint,locus,0,1.0,13696,0.7884573603642702,0.7371347
27750,HLA-A*02:16,esm2_joint,locus,0,1.0,13696,1.410986973710262,0.48139387
27752,HLA-A*25:01,esm2_joint,locus,0,1.0,13696,0.4700036292457355,0.27345532
27753,HLA-A*25:01,esm2_joint,locus,0,1.0,13696,1.1939224684724346,0.54366916
27754,HLA-A*26:02,esm2_joint,locus,0,1.0,13696,2.174751721484161,0.24162656
27755,HLA-A*24:02,esm2_joint,locus,0,1.0,13696,1.252762968495368,0.023907304
27757,HLA-A*02:12,esm2_joint,locus,0,1.0,13696,1.6094379124341003,0.52666956
27758,HLA-A*31:01,esm2_joint,locus,0,1.0,13696,0.18232155679395465,0.70399237
27760,HLA-A*33:03,esm2_joint,locus,0,1.0,13696,0.0,1.0633554
27766,HLA-A*32:07,esm2_joint,locus,0,1.0,13696,0.0,1.2905265
27767,HLA-A*02:19,esm2_joint,locus,0,1.0,13696,0.26236426446749106,0.48181447
27768,HLA-A*02:19,esm2_joint,locus,0,1.0,13696,0.4700036292457355,0.1386692
27772,HLA-A*23:01,esm2_joint,locus,0,1.0,13696,3.417726683613366,1.0111189
27775,HLA-A*31:01,esm2_joint,locus,0,1.0,13696,3.6913763343125234,1.2334733
27776,HLA-A*30:01,esm2_joint,locus,0,1.0,13696,0.18232155679395465,0.6056018
27777,HLA-A*24:19,esm2_joint,locus,0,1.0,13696,0.0,0.61444044
27778,HLA-A*02:11,esm2_joint,locus,0,1.0,13696,3.202746442938317,0.8307815
27779,HLA-A*43:01,esm2_joint,locus,0,1.0,13696,0.0,0.6284069
27781,HLA-A*02:19,esm2_joint,locus,0,1.0,13696,1.0986122886681098,0.46607143
27783,HLA-A*80:01,esm2_joint,locus,0,1.0,13696,0.4700036292457355,0.74535435
27785,HLA-A*68:01,esm2_joint,locus,0,1.0,13696,0.26236426446749106,0.49783465
27787,HLA-A*02:16,esm2_joint,locus,0,1.0,13696,2.7013612129514133,0.517097
27790,HLA-A*29:02,esm2_joint,locus,0,1.0,13696,0.7884573603642702,0.99621546
27791,HLA-A*26:03,esm2_joint,locus,0,1.0,13696,0.4700036292457355,0.2893607
27792,HLA-A*24:02,esm2_joint,locus,0,1.0,13696,2.6026896854443837,0.5916205
27798,HLA-A*24:02,esm2_joint,locus,0,1.0,13696,1.5040773967762742,0.58432776
27800,HLA-A*74:01,esm2_joint,locus,0,1.0,13696,3.4531571205928664,1.0660173
27802,HLA-A*80:01,esm2_joint,locus,0,1.0,13696,0.0,0.65755546
27803,HLA-A*23:01,esm2_joint,locus,0,1.0,13696,3.214867803470662,1.0289204
27804,HLA-A*26:03,esm2_joint,locus,0,1.0,13696,0.6418538861723948,0.43488055
27812,HLA-A*30:02,esm2_joint,locus,0,1.0,13696,0.18232155679395465,0.9510871
27818,HLA-A*32:07,esm2_joint,locus,0,1.0,13696,0.0,0.39188796
27819,HLA-A*24:19,esm2_joint,locus,0,1.0,13696,0.09531017980432487,0.51157653
27820,HLA-A*24:07,esm2_joint,locus,0,1.0,13696,3.2771447329921766,0.39182234
27821,HLA-A*66:01,esm2_joint,locus,0,1.0,13696,0.0,0.84659624
27826,HLA-A*33:03,esm2_joint,locus,0,1.0,13696,2.1633230256605382,0.67187744
27834,HLA-A*26:03,esm2_joint,locus,0,1.0,13696,1.547562508716013,0.5900644
27837,HLA-A*80:01,esm2_joint,locus,0,1.0,13696,0.0,0.6381087
27841,HLA-A*02:10,esm2_joint,locus,0,1.0,13696,1.1631508098056809,0.2684993
27842,HLA-A*68:01,esm2_joint,locus,0,1.0,13696,0.0,0.5058002
27846,HLA-A*02:11,esm2_joint,locus,0,1.0,13696,3.3105430133940246,1.0990486
27847,HLA-A*02:11,esm2_joint,locus,0,1.0,13696,1.824549292051046,0.47216445
27851,HLA-A*23:01,esm2_joint,locus,0,1.0,13696,1.0647107369924282,0.2609893
27852,HLA-A*66:01,esm2_joint,locus,0,1.0,13696,0.33647223662121295,0.7374259
27859,HLA-A*80:01,esm2_joint,locus,0,1.0,13696,0.0,0.88206875
27864,HLA-A*74:01,esm2_joint,locus,0,1.0,13696,3.5890591188317256,1.3772626
27865,HLA-A*74:01,esm2_joint,locus,0,1.0,13696,0.4700036292457355,1.0070851
27869,HLA-A*33:03,esm2_joint,locus,0,1.0,13696,0.5306282510621704,0.58838
27871,HLA-A*43:01,esm2_joint,locus,0,1.0,13696,0.4054651081081644,0.78094447
27873,HLA-A*26:02,esm2_joint,locus,0,1.0,13696,0.7884573603642702,0.78163487
27875,HLA-A*02:50,esm2_joint,locus,0,1.0,13696,1.5260563034950494,0.119879365
27876,HLA-A*33:03,esm2_joint,locus,0,1.0,13696,0.0,0.9339499
27877,HLA-A*30:02,esm2_joint,locus,0,1.0,13696,2.5726122302071057,0.5640019
27882,HLA-A*02:01,esm2_joint,locus,0,1.0,13696,0.8754687373538999,0.041001737
27885,HLA-A*32:07,esm2_joint,locus,0,1.0,13696,4.366912996863833,0.9041676
27886,HLA-A*24:03,esm2_joint,locus,0,1.0,13696,1.2809338454620642,1.114619
27893,HLA-A*29:02,esm2_joint,locus,0,1.0,13696,3.1354942159291497,1.2312775
27894,HLA-A*30:02,esm2_joint,locus,0,1.0,13696,0.26236426446749106,0.5631888
27895,HLA-A*32:07,esm2_joint,locus,0,1.0,13696,0.0,0.8371435
27896,HLA-A*24:07,esm2_joint,locus,0,1.0,13696,3.5234150143864045,0.98386765
27897,HLA-A*26:02,esm2_joint,locus,0,1.0,13696,2.2617630984737906,0.86881363
27898,HLA-A*02:03,esm2_joint,locus,0,1.0,13696,0.26236426446749106,0.117857575
27900,HLA-A*26:03,esm2_joint,locus,0,1.0,13696,2.928523523860541,0.38318682
27901,HLA-A*30:01,esm2_joint,locus,0,1.0,13696,0.5877866649021191,0.53101915
27902,HLA-A*74:01,esm2_joint,locus,0,1.0,13696,2.580216829592325,0.43417102
27904,HLA-A*03:01,esm2_joint,locus,0,1.0,13696,2.2300144001592104,1.5468248
27906,HLA-A*02:01,esm2_joint,locus,0,1.0,13696,0.4382549309311553,0.16064656
27907,HLA-A*26:03,esm2_joint,locus,0,1.0,13696,1.2237754316221157,0.26026207
27912,HLA-A*02:10,esm2_joint,locus,0,1.0,13696,1.1939224684724346,0.18945259
27918,HLA-A*24:19,esm2_joint,locus,0,1.0,13696,0.18232155679395465,0.79598933
27919,HLA-A*68:23,esm2_joint,locus,0,1.0,13696,0.5306282510621704,0.75473803
27921,HLA-A*11:01,esm2_joint,locus,0,1.0,13696,0.5306282510621704,0.67285115
27923,HLA-A*30:02,esm2_joint,locus,0,1.0,13696,1.62924053973028,0.6869614
27925,HLA-A*26:03,esm2_joint,locus,0,1.0,13696,0.0,0.44580877
27927,HLA-A*33:03,esm2_joint,locus,0,1.0,13696,0.0,0.8219942
27928,HLA-A*32:07,esm2_joint,locus,0,1.0,13696,1.791759469228055,0.69195604
27933,HLA-A*24:19,esm2_joint,locus,0,1.0,13696,0.26236426446749106,-0.0035039186
27938,HLA-A*02:10,esm2_joint,locus,0,1.0,13696,0.4054651081081644,0.41775143
27940,HLA-A*02:03,esm2_joint,locus,0,1.0,13696,0.0,0.30560094
27941,HLA-A*31:01,esm2_joint,locus,0,1.0,13696,1.4350845252893227,1.2498574
27944,HLA-A*01:01,esm2_joint,locus,0,1.0,13696,0.6471032420585385,0.65651333
27945,HLA-A*68:01,esm2_joint,locus,0,1.0,13696,2.928523523860541,0.63462067
27946,HLA-A*30:02,esm2_joint,locus,0,1.0,13696,0.5306282510621704,0.48297274
27947,HLA-A*23:01,esm2_joint,locus,0,1.0,13696,3.068052935133617,0.38352478
27948,HLA-A*25:01,esm2_joint,locus,0,1.0,13696,0.8754687373538999,0.03671813
27949,HLA-A*33:03,esm2_joint,locus,0,1.0,13696,1.7227665977411035,0.94518024
27951,HLA-A*24:07,esm2_joint,locus,0,1.0,13696,0.4054651081081644,0.9815674
27952,HLA-A*02:19,esm2_joint,locus,0,1.0,13696,2.0541237336955462,0.62030905
27953,HLA-A*33:03,esm2_joint,locus,0,1.0,13696,0.0,0.880421
27956,HLA-A*29:02,esm2_joint,locus,0,1.0,13696,0.6931471805599453,1.0942218
27957,HLA-A*30:02,esm2_joint,locus,0,1.0,13696,0.18232155679395465,0.8304576
27961,HLA-A*03:01,esm2_joint,locus,0,1.0,13696,0.33647223662121295,0.70666414
27964,HLA-A*24:07,esm2_joint,locus,0,1.0,13696,1.4586150226995167,0.8302027
27966,HLA-A*02:10,esm2_joint,locus,0,1.0,13696,2.33214389523559,0.56499076
27968,HLA-A*30:02,esm2_joint,locus,0,1.0,13696,0.4054651081081644,0.75872505
27970,HLA-A*30:01,esm2_joint,locus,0,1.0,13696,1.7404661748405046,0.81367075
27972,HLA-A*29:02,esm2_joint,locus,0,1.0,13696,0.4700036292457355,0.92096883
27975,HLA-A*02:12,esm2_joint,locus,0,1.0,13696,3.449987545831587,1.1419152
27976,HLA-A*24:19,esm2_joint,locus,0,1.0,13696,0.0,1.5804954
27979,HLA-A*02:11,esm2_joint,locus,0,1.0,13696,2.5572273113676265,0.29680544
27980,HLA-A*03:01,esm2_joint,locus,0,1.0,13696,3.100092288878234,1.4652812
27983,HLA-A*30:02,esm2_joint,locus,0,1.0,13696,0.4700036292457355,0.7978319
27986,HLA-A*02:12,esm2_joint,locus,0,1.0,13696,1.9021075263969205,0.5457049
27989,HLA-A*29:02,esm2_joint,locus,0,1.0,13696,0.9162907318741551,1.539175
27991,HLA-A*02:01,esm2_joint,locus,0,1.0,13696,3.0106208860477417,0.76177084
27992,HLA-A*02:11,esm2_joint,locus,0,1.0,13696,2.0794415416798357,0.36053956
27995,HLA-A*23:01,esm2_joint,locus,0,1.0,13696,2.341805806147327,1.1861027
27998,HLA-A*02:16,esm2_joint,locus,0,1.0,13696,1.6863989535702288,0.43428016
27999,HLA-A*32:07,esm2_joint,locus,0,1.0,13696,0.4054651081081644,0.90160084
28001,HLA-A*26:03,esm2_joint,locus,0,1.0,13696,1.6863989535702288,0.6680351
28004,HLA-A*02:12,esm2_joint,locus,0,1.0,13696,3.6584202466292277,0.86342734
28007,HLA-A*29:02,esm2_joint,locus,0,1.0,13696,0.18232155679395465,1.0329868
28008,HLA-A*68:23,esm2_joint,locus,0,1.0,13696,3.3463891451671604,0.38704413
28009,HLA-A*02:03,esm2_joint,locus,0,1.0,13696,2.1041341542702074,0.18966895
28010,HLA-A*02:01,esm2_joint,locus,0,1.0,13696,0.9932517730102833,-0.43288094
28011,HLA-A*74:01,esm2_joint,locus,0,1.0,13696,0.0,0.87770087
28014,HLA-A*32:01,esm2_joint,locus,0,1.0,13696,0.0,0.4367575
28015,HLA-A*02:10,esm2_joint,locus,0,1.0,13696,1.0647107369924282,0.029076636
28021,HLA-A*66:01,esm2_joint,locus,0,1.0,13696,0.0,0.47370112
28022,HLA-A*02:11,esm2_joint,locus,0,1.0,13696,0.5877866649021191,0.77207655
28023,HLA-A*29:02,esm2_joint,locus,0,1.0,13696,1.2809338454620642,0.7962871
28024,HLA-A*24:03,esm2_joint,locus,0,1.0,13696,0.7884573603642702,0.951605
28025,HLA-A*24:19,esm2_joint,locus,0,1.0,13696,1.0647107369924282,1.1821107
28026,HLA-A*66:01,esm2_joint,locus,0,1.0,13696,0.26236426446749106,1.1728479
28028,HLA-A*74:01,esm2_joint,locus,0,1.0,13696,1.1939224684724346,0.3045954
28029,HLA-A*74:01,esm2_joint,locus,0,1.0,13696,0.4700036292457355,1.0034521
28032,HLA-A*30:02,esm2_joint,locus,0,1.0,13696,0.26236426446749106,0.9713462
28034,HLA-A*02:50,esm2_joint,locus,0,1.0,13696,1.3609765531356006,0.67712104
28035,HLA-A*68:01,esm2_joint,locus,0,1.0,13696,0.0,0.99629736
28038,HLA-A*30:02,esm2_joint,locus,0,1.0,13696,0.0,0.39048058
28039,HLA-A*24:19,esm2_joint,locus,0,1.0,13696,0.09531017980432487,0.506509
28045,HLA-A*24:19,esm2_joint,locus,0,1.0,13696,0.18232155679395465,0.69557196
28048,HLA-A*30:01,esm2_joint,locus,0,1.0,13696,0.33647223662121295,0.94380134
28049,HLA-A*31:01,esm2_joint,locus,0,1.0,13696,1.9600947840472698,0.51311445
28054,HLA-A*02:16,esm2_joint,locus,0,1.0,13696,2.2082744135228043,0.4525779
28058,HLA-A*23:01,esm2_joint,locus,0,1.0,13696,2.7788192719904172,0.87509406
28060,HLA-A*02:19,esm2_joint,locus,0,1.0,13696,2.1400661634962708,0.4658512
28063,HLA-A*68:01,esm2_joint,locus,0,1.0,13696,1.9600947840472698,1.0981748
28064,HLA-A*02:50,esm2_joint,locus,0,1.0,13696,2.747270914255491,-0.11081606
28065,HLA-A*02:50,esm2_joint,locus,0,1.0,13696,2.797281334830153,0.3880735
28066,HLA-A*02:19,esm2_joint,locus,0,1.0,13696,2.928523523860541,0.16560262
28069,HLA-A*30:02,esm2_joint,locus,0,1.0,13696,0.33647223662121295,0.650954
28071,HLA-A*25:01,esm2_joint,locus,0,1.0,13696,0.0,0.4378019
28076,HLA-A*01:01,esm2_joint,locus,0,1.0,13696,0.7371640659767197,0.92455274
28077,HLA-A*01:01,esm2_joint,locus,0,1.0,13696,0.3987761199573678,0.37726462
28078,HLA-A*02:50,esm2_joint,locus,0,1.0,13696,2.714694743820879,0.44300884
28079,HLA-A*02:50,esm2_joint,locus,0,1.0,13696,2.6602595372658615,0.04196161
28080,HLA-A*30:01,esm2_joint,locus,0,1.0,13696,3.7796338173824005,0.22794199
28082,HLA-A*02:11,esm2_joint,locus,0,1.0,13696,0.832909122935104,0.31871045
28083,HLA-A*02:50,esm2_joint,locus,0,1.0,13696,2.3513752571634776,0.308101
28085,HLA-A*68:23,esm2_joint,locus,0,1.0,13696,0.5877866649021191,0.4898137
28088,HLA-A*24:03,esm2_joint,locus,0,1.0,13696,0.09531017980432487,0.7823442
28089,HLA-A*02:50,esm2_joint,locus,0,1.0,13696,2.1400661634962708,0.13479173
28090,HLA-A*68:01,esm2_joint,locus,0,1.0,13696,0.26236426446749106,0.26564914
28091,HLA-A*29:02,esm2_joint,locus,0,1.0,13696,1.9740810260220096,1.1626886
28092,HLA-A*30:02,esm2_joint,locus,0,1.0,13696,0.18232155679395465,0.693644
28093,HLA-A*32:07,esm2_joint,locus,0,1.0,13696,0.6418538861723948,0.8727576
28094,HLA-A*02:12,esm2_joint,locus,0,1.0,13696,3.246490991901174,0.32266515
28095,HLA-A*30:02,esm2_joint,locus,0,1.0,13696,0.4700036292457355,0.6987588
28096,HLA-A*23:01,esm2_joint,locus,0,1.0,13696,2.2617630984737906,1.0196903
28098,HLA-A*02:10,esm2_joint,locus,0,1.0,13696,1.7227665977411035,0.5375722
28099,HLA-A*02:19,esm2_joint,locus,0,1.0,13696,2.7536607123542622,0.26652396
28105,HLA-A*29:02,esm2_joint,locus,0,1.0,13696,0.5306282510621704,1.0063332
28106,HLA-A*26:02,esm2_joint,locus,0,1.0,13696,0.4054651081081644,0.63967085
28107,HLA-A*02:10,esm2_joint,locus,0,1.0,13696,0.18232155679395465,0.0741961
28108,HLA-A*29:02,esm2_joint,locus,0,1.0,13696,0.6418538861723948,0.8188149
28109,HLA-A*26:02,esm2_joint,locus,0,1.0,13696,0.4054651081081644,1.0287883
28113,HLA-A*02:01,esm2_joint,locus,0,1.0,13696,2.341805806147327,0.6054492
28114,HLA-A*02:16,esm2_joint,locus,0,1.0,13696,0.4054651081081644,0.32289493
28115,HLA-A*33:03,esm2_joint,locus,0,1.0,13696,0.0,0.8014084
28118,HLA-A*26:02,esm2_joint,locus,0,1.0,13696,0.5877866649021191,0.48480237
28121,HLA-A*68:23,esm2_joint,locus,0,1.0,13696,1.0296194171811583,0.9959569
28123,HLA-A*03:01,esm2_joint,locus,0,1.0,13696,3.6000482404073204,1.5781878
28128,HLA-A*02:16,esm2_joint,locus,0,1.0,13696,1.3862943611198906,-0.08889216
28129,HLA-A*68:01,esm2_joint,locus,0,1.0,13696,0.0,1.323556
28132,HLA-A*33:03,esm2_joint,locus,0,1.0,13696,0.0,0.92185533
28135,HLA-A*02:05,esm2_joint,locus,0,1.0,13696,0.9555114450274363,0.5721149
28136,HLA-A*02:16,esm2_joint,locus,0,1.0,13696,3.1945831322991562,0.2747715
28137,HLA-A*30:01,esm2_joint,locus,0,1.0,13696,0.6931471805599453,0.45261735
28138,HLA-A*68:01,esm2_joint,locus,0,1.0,13696,0.33647223662121295,0.45662576
28142,HLA-A*23:01,esm2_joint,locus,0,1.0,13696,3.6838669122903918,0.7700076
28143,HLA-A*26:02,esm2_joint,locus,0,1.0,13696,0.26236426446749106,0.7018242
28144,HLA-A*68:01,esm2_joint,locus,0,1.0,13696,3.6686767467964168,0.47542655
28145,HLA-A*68:01,esm2_joint,locus,0,1.0,13696,4.084294226368599,0.30875385
28146,HLA-A*74:01,esm2_joint,locus,0,1.0,13696,3.4468078929142076,0.7042811
28149,HLA-A*24:02,esm2_joint,locus,0,1.0,13696,1.33500106673234,1.6397195
28150,HLA-A*02:50,esm2_joint,locus,0,1.0,13696,2.803360380906535,0.47649693
28154,HLA-A*02:03,esm2_joint,locus,0,1.0,13696,3.104586678466073,0.4340424
28156,HLA-A*29:02,esm2_joint,locus,0,1.0,13696,2.2407096892759584,1.0894763
28162,HLA-A*33:03,esm2_joint,locus,0,1.0,13696,0.0,1.1539365
28163,HLA-A*11:01,esm2_joint,locus,0,1.0,13696,0.5306282510621704,1.0992081
