row_index,fold
0,3
1,3
2,3
3,3
4,3
5,3
6,3
7,1
8,1
9,1
10,0
11,0
12,4
13,4
14,3
15,3
16,3
17,3
18,1
19,1
20,1
21,1
22,1
23,1
24,1
25,1
26,1
27,1
28,1
29,1
30,4
31,4
32,4
33,4
34,4
35,4
36,4
37,2
38,2
39,2
40,2
41,2
42,3
43,3
44,3
45,3
46,3
47,3
48,3
49,3
50,3
51,3
52,3
53,3
54,3
55,3
56,3
57,3
58,3
59,3
60,3
61,3
62,3
63,3
64,3
65,3
66,3
67,3
68,3
69,3
70,3
71,3
72,3
73,3
74,3
75,3
76,3
77,3
78,3
79,3
80,3
81,3
82,3
83,3
84,3
85,3
86,1
87,1
88,1
89,1
90,1
91,1
92,1
93,1
94,1
95,1
96,1
97,1
98,1
99,1
100,1
101,1
102,1
103,1
104,1
105,1
106,1
107,1
108,1
109,1
110,1
111,1
112,1
113,1
114,1
115,1
116,1
117,1
118,1
119,1
120,1
121,1
122,1
123,1
124,1
125,1
126,1
127,1
128,1
129,1
130,1
131,1
132,1
133,1
134,1
135,1
136,1
137,1
138,1
139,1
140,1
141,1
142,1
143,1
144,1
145,1
146,1
147,1
148,1
149,1
150,1
151,1
152,1
153,1
154,1
155,1
156,1
157,1
158,1
159,1
160,1
161,1
162,1
163,1
164,1
165,1
166,1
167,1
168,1
169,1
170,1
171,2
172,2
173,2
174,2
175,2
176,2
177,2
178,2
179,2
180,2
181,2
182,2
183,2
184,2
185,2
186,2
187,2
188,2
189,2
190,2
191,2
192,2
193,2
194,2
195,2
196,2
197,2
198,2
199,2
200,2
201,2
202,2
203,2
204,2
205,2
206,2
207,2
208,2
209,2
210,2
211,2
212,2
213,2
214,0
215,0
216,0
217,0
218,0
219,0
220,0
221,0
222,0
223,0
224,0
225,0
226,0
227,0
228,0
229,0
230,0
231,0
232,0
233,0
234,0
235,0
236,4
237,4
238,4
239,4
240,4
241,4
242,4
243,4
244,4
245,4
246,4
247,4
248,4
249,4
250,4
251,4
252,4
253,4
254,4
255,4
256,4
257,4
258,4
259,4
260,4
261,4
262,4
263,4
264,4
265,4
266,4
267,4
268,4
269,4
270,4
271,4
272,4
273,4
274,4
275,4
276,4
277,4
278,4
279,4
280,4
281,4
282,4
283,4
284,4
285,4
286,4
287,4
288,4
289,3
290,3
291,3
292,3
293,3
294,3
295,3
296,3
297,3
298,3
299,3
300,1
301,1
302,1
303,1
304,1
305,1
306,1
307,1
308,1
309,1
310,1
311,1
312,1
313,1
314,1
315,1
316,1
317,1
318,1
319,1
320,1
321,1
322,1
323,1
324,1
325,1
326,1
327,1
328,1
329,1
330,1
331,1
332,1
333,1
334,1
335,1
336,1
337,1
338,1
339,1
340,1
341,1
342,4
343,4
344,4
345,4
346,4
347,4
348,4
349,4
350,4
351,4
352,4
353,4
354,4
355,4
356,4
357,4
358,4
359,4
360,4
361,4
362,4
363,4
364,4
365,4
366,4
367,4
368,4
369,4
370,4
371,4
372,4
373,4
374,4
375,4
376,4
377,2
378,2
379,2
380,2
381,2
382,2
383,2
384,2
385,2
386,2
387,2
388,2
389,2
390,2
391,2
392,2
393,2
394,2
395,2
396,2
397,2
398,2
399,2
400,2
401,1
402,1
403,1
404,1
405,1
406,1
407,1
408,1
409,1
410,1
411,1
412,1
413,1
414,1
415,1
416,1
417,1
418,1
419,1
420,1
421,1
422,1
423,1
424,1
425,1
426,1
427,1
428,1
429,1
430,1
431,1
432,1
433,1
434,1
435,1
436,1
437,1
438,1
439,1
440,1
441,1
442,2
443,2
444,2
445,2
446,2
447,2
448,2
449,2
450,2
451,2
452,2
453,2
454,2
455,2
456,2
457,2
458,2
459,2
460,2
461,2
462,2
463,2
464,2
465,2
466,2
467,2
468,2
469,2
470,2
471,2
472,2
473,2
474,2
475,3
476,3
477,3
478,3
479,3
480,3
481,3
482,3
483,3
484,3
485,3
486,3
487,3
488,3
489,3
490,3
491,3
492,3
493,3
494,3
495,3
496,3
497,3
498,3
499,3
500,3
501,3
502,3
503,3
504,3
505,3
506,3
507,3
508,3
509,3
510,3
511,3
512,3
513,3
514,3
515,3
516,3
517,3
518,3
519,3
520,3
521,3
522,3
523,3
524,3
525,3
526,3
527,3
528,3
529,3
530,3
531,3
532,3
533,3
534,3
535,3
536,3
537,3
538,3
539,3
540,3
541,3
542,3
543,3
544,3
545,3
546,3
547,3
548,3
549,3
550,3
551,3
552,3
553,3
554,3
555,3
556,3
557,3
558,3
559,3
560,3
561,3
562,3
563,3
564,3
565,3
566,3
567,3
568,3
569,3
570,3
571,3
572,3
573,3
574,3
575,3
576,3
577,3
578,3
579,3
580,3
581,3
582,3
583,3
584,3
585,3
586,3
587,3
588,1
589,1
590,1
591,1
592,1
593,1
594,1
595,1
596,1
597,1
598,1
599,1
600,1
601,1
602,1
603,1
604,1
605,1
606,1
607,1
608,1
609,1
610,1
611,1
612,1
613,1
614,1
615,1
616,1
617,1
618,1
619,1
620,1
621,1
622,1
623,1
624,1
625,1
626,1
627,1
628,1
629,1
630,1
631,1
632,1
633,1
634,1
635,1
636,1
637,1
638,1
639,1
640,1
641,1
642,1
643,2
644,2
645,2
646,2
647,2
648,2
649,2
650,2
651,2
652,2
653,2
654,2
655,2
656,2
657,2
658,2
659,2
660,2
661,2
662,2
663,2
664,2
665,2
666,2
667,2
668,2
669,2
670,2
671,2
672,2
673,2
674,2
675,2
676,2
677,2
678,2
679,2
680,2
681,2
682,2
683,2
684,2
685,2
686,2
687,2
688,2
689,2
690,2
691,2
692,2
693,2
694,4
695,4
696,4
697,4
698,4
699,4
700,4
701,4
702,4
703,4
704,4
705,4
706,4
707,4
708,4
709,4
710,4
711,4
712,4
713,4
714,4
715,4
716,4
717,4
718,4
719,4
720,4
721,4
722,4
723,4
724,4
725,4
726,4
727,4
728,4
729,4
730,4
731,4
732,4
733,4
734,4
735,4
736,0
737,0
738,0
739,0
740,0
741,0
742,0
743,0
744,0
745,0
746,0
747,0
748,0
749,0
750,0
751,0
752,0
753,0
754,0
755,3
756,3
757,3
758,3
759,3
760,3
761,3
762,3
763,3
764,3
765,3
766,3
767,3
768,3
769,3
770,3
771,3
772,3
773,3
774,3
775,3
776,3
777,3
778,3
779,3
780,3
781,3
782,3
783,3
784,3
785,3
786,3
787,3
788,3
789,3
790,3
791,3
792,3
793,3
794,3
795,3
796,1
797,1
798,1
799,1
800,1
801,1
802,1
803,1
804,1
805,1
806,1
807,1
808,1
809,1
810,1
811,1
812,1
813,1
814,1
815,1
816,1
817,1
818,1
819,1
820,1
821,1
822,1
823,1
824,1
825,1
826,1
827,1
828,1
829,1
830,1
831,1
832,1
833,1
834,1
835,1
836,1
837,1
838,1
839,1
840,1
841,1
842,1
843,1
844,1
845,1
846,1
847,1
848,1
849,1
850,1
851,1
852,1
853,1
854,1
855,1
856,1
857,1
858,1
859,1
860,1
861,1
862,1
863,1
864,1
865,1
866,1
867,1
868,1
869,1
870,1
871,1
872,1
873,1
874,1
875,1
876,1
877,1
878,1
879,1
880,1
881,1
882,1
883,1
884,1
885,1
886,1
887,1
888,1
889,1
890,1
891,1
892,1
893,1
894,1
895,1
896,1
897,1
898,1
899,1
900,1
901,1
902,1
903,1
904,1
905,1
906,1
907,1
908,1
909,1
910,1
911,1
912,1
913,1
914,1
915,1
916,1
917,1
918,1
919,1
920,1
921,1
922,1
923,1
924,1
925,1
926,1
927,1
928,1
929,1
930,1
931,1
932,1
933,1
934,1
935,1
936,1
937,1
938,1
939,1
940,1
941,1
942,1
943,1
944,1
945,1
946,1
947,1
948,1
949,1
950,1
951,1
952,1
953,1
954,1
955,1
956,1
957,1
958,1
959,1
960,1
961,1
962,1
963,1
964,1
965,1
966,1
967,1
968,1
969,1
970,1
971,1
972,1
973,1
974,1
975,1
976,1
977,1
978,1
979,1
980,1
981,1
982,1
983,1
984,1
985,1
986,1
987,1
988,1
989,1
990,1
991,1
992,1
993,1
994,1
995,1
996,1
997,1
998,1
999,1
1000,1
1001,1
1002,1
1003,1
1004,1
1005,1
1006,1
1007,1
1008,1
1009,1
1010,1
1011,1
1012,1
1013,1
1014,1
1015,1
1016,1
1017,1
1018,1
1019,1
1020,1
1021,1
1022,1
1023,1
1024,1
1025,1
1026,1
1027,1
1028,1
1029,1
1030,1
1031,1
1032,1
1033,1
1034,1
1035,1
1036,1
1037,1
1038,1
1039,1
1040,1
1041,1
1042,1
1043,1
1044,1
1045,1
1046,1
1047,1
1048,1
1049,1
1050,1
1051,1
1052,1
1053,1
1054,1
1055,1
1056,1
1057,1
1058,1
1059,1
1060,1
1061,1
1062,1
1063,1
1064,1
1065,1
1066,1
1067,1
1068,1
1069,1
1070,1
1071,1
1072,1
1073,1
1074,1
1075,1
1076,1
1077,1
1078,1
1079,1
1080,1
1081,1
1082,1
1083,1
1084,1
1085,1
1086,1
1087,1
1088,1
1089,1
1090,1
1091,1
1092,1
1093,1
1094,1
1095,1
1096,1
1097,1
1098,1
1099,1
1100,1
1101,1
1102,1
1103,1
1104,1
1105,1
1106,1
1107,1
1108,1
1109,1
1110,1
1111,1
1112,1
1113,1
1114,1
1115,1
1116,1
1117,1
1118,1
1119,1
1120,1
1121,1
1122,1
1123,1
1124,1
1125,1
1126,1
1127,1
1128,1
1129,1
1130,1
1131,1
1132,1
1133,1
1134,1
1135,1
1136,1
1137,4
1138,4
1139,4
1140,4
1141,4
1142,4
1143,4
1144,4
1145,4
1146,4
1147,4
1148,4
1149,4
1150,4
1151,4
1152,4
1153,4
1154,4
1155,4
1156,4
1157,4
1158,3
1159,3
1160,3
1161,3
1162,3
1163,3
1164,3
1165,3
1166,3
1167,3
1168,3
1169,3
1170,3
1171,3
1172,3
1173,3
1174,3
1175,3
1176,3
1177,3
1178,3
1179,3
1180,3
1181,3
1182,3
1183,3
1184,3
1185,3
1186,3
1187,3
1188,3
1189,3
1190,2
1191,2
1192,2
1193,2
1194,2
1195,2
1196,2
1197,2
1198,2
1199,2
1200,2
1201,2
1202,2
1203,2
1204,2
1205,2
1206,2
1207,2
1208,2
1209,2
1210,2
1211,2
1212,2
1213,2
1214,2
1215,2
1216,2
1217,2
1218,2
1219,2
1220,2
1221,2
1222,2
1223,2
1224,2
1225,2
1226,2
1227,2
1228,2
1229,2
1230,2
1231,2
1232,2
1233,2
1234,2
1235,2
1236,2
1237,2
1238,0
1239,0
1240,0
1241,0
1242,0
1243,0
1244,0
1245,0
1246,0
1247,0
1248,0
1249,0
1250,0
1251,0
1252,0
1253,0
1254,0
1255,0
1256,0
1257,0
1258,0
1259,0
1260,0
1261,0
1262,0
1263,0
1264,0
1265,0
1266,0
1267,0
1268,0
1269,0
1270,0
1271,0
1272,0
1273,0
1274,0
1275,0
1276,0
1277,0
1278,0
1279,0
1280,0
1281,0
1282,0
1283,0
1284,4
1285,4
1286,4
1287,4
1288,4
1289,4
1290,4
1291,4
1292,4
1293,4
1294,4
1295,4
1296,4
1297,4
1298,4
1299,4
1300,4
1301,4
1302,4
1303,4
1304,4
1305,4
1306,4
1307,4
1308,4
1309,4
1310,4
1311,4
1312,4
1313,4
1314,4
1315,4
1316,4
1317,4
1318,4
1319,4
1320,4
1321,4
1322,4
1323,4
1324,4
1325,4
1326,4
1327,4
1328,0
1329,4
1330,4
1331,4
1332,4
1333,4
1334,4
1335,4
1336,4
1337,4
1338,4
1339,4
1340,4
1341,4
1342,4
1343,4
1344,4
1345,4
1346,4
1347,4
1348,4
1349,4
1350,4
1351,4
1352,4
1353,4
1354,4
1355,4
1356,4
1357,4
1358,4
1359,4
1360,4
1361,4
1362,4
1363,4
1364,4
1365,4
1366,4
1367,4
1368,4
1369,4
1370,4
1371,4
1372,4
1373,4
1374,4
1375,4
1376,4
1377,4
1378,4
1379,4
1380,4
1381,4
1382,4
1383,4
1384,4
1385,4
1386,4
1387,4
1388,4
1389,4
1390,4
1391,4
1392,1
1393,1
1394,1
1395,1
1396,1
1397,1
1398,1
1399,1
1400,1
1401,1
1402,1
1403,1
1404,1
1405,1
1406,1
1407,1
1408,1
1409,1
1410,1
1411,1
1412,1
1413,1
1414,1
1415,1
1416,1
1417,1
1418,1
1419,1
1420,1
1421,1
1422,1
1423,1
1424,1
1425,1
1426,1
1427,1
1428,1
1429,1
1430,1
1431,1
1432,1
1433,1
1434,1
1435,1
1436,1
1437,1
1438,1
1439,1
1440,1
1441,1
1442,1
1443,1
1444,1
1445,1
1446,1
1447,1
1448,1
1449,1
1450,1
1451,1
1452,1
1453,1
1454,1
1455,1
1456,1
1457,1
1458,1
1459,1
1460,1
1461,1
1462,1
1463,1
1464,1
1465,1
1466,1
1467,1
1468,1
1469,1
1470,1
1471,1
1472,1
1473,1
1474,1
1475,1
1476,1
1477,1
1478,1
1479,1
1480,1
1481,1
1482,1
1483,1
1484,1
1485,1
1486,1
1487,1
1488,1
1489,1
1490,1
1491,1
1492,1
1493,1
1494,1
1495,1
1496,1
1497,1
1498,1
1499,1
1500,1
1501,1
1502,1
1503,1
1504,1
1505,1
1506,1
1507,1
1508,1
1509,1
1510,1
1511,1
1512,1
1513,1
1514,1
1515,1
1516,1
1517,1
1518,1
1519,1
1520,1
1521,1
1522,1
1523,1
1524,1
1525,1
1526,1
1527,1
1528,1
1529,1
1530,1
1531,1
1532,1
1533,1
1534,1
1535,1
1536,1
1537,1
1538,1
1539,1
1540,1
1541,1
1542,1
1543,1
1544,1
1545,1
1546,1
1547,1
1548,1
1549,1
1550,1
1551,1
1552,1
1553,1
1554,1
1555,1
1556,1
1557,1
1558,1
1559,1
1560,1
1561,1
1562,1
1563,1
1564,1
1565,1
1566,1
1567,1
1568,1
1569,1
1570,1
1571,1
1572,1
1573,1
1574,1
1575,1
1576,4
1577,4
1578,4
1579,4
1580,4
1581,4
1582,4
1583,4
1584,4
1585,4
1586,4
1587,4
1588,4
1589,4
1590,4
1591,4
1592,4
1593,4
1594,4
1595,4
1596,4
1597,4
1598,4
1599,4
1600,4
1601,4
1602,4
1603,4
1604,4
1605,4
1606,4
1607,4
1608,4
1609,4
1610,4
1611,4
1612,4
1613,4
1614,4
1615,4
1616,4
1617,4
1618,4
1619,4
1620,4
1621,4
1622,4
1623,4
1624,4
1625,4
1626,4
1627,4
1628,4
1629,4
1630,4
1631,4
1632,4
1633,4
1634,4
1635,4
1636,4
1637,4
1638,4
1639,4
1640,4
1641,4
1642,4
1643,4
1644,4
1645,4
1646,4
1647,4
1648,4
1649,4
1650,4
1651,4
1652,4
1653,4
1654,4
1655,4
1656,4
1657,4
1658,4
1659,4
1660,4
1661,4
1662,4
1663,4
1664,4
1665,4
1666,4
1667,4
1668,4
1669,4
1670,4
1671,4
1672,4
1673,4
1674,4
1675,4
1676,4
1677,4
1678,4
1679,4
1680,4
1681,4
1682,4
1683,4
1684,4
1685,4
1686,4
1687,4
1688,4
1689,4
1690,4
1691,4
1692,4
1693,4
1694,4
1695,4
1696,4
1697,4
1698,4
1699,4
1700,4
1701,4
1702,4
1703,4
1704,4
1705,4
1706,4
1707,4
1708,4
1709,4
1710,4
1711,4
1712,4
1713,4
1714,2
1715,2
1716,2
1717,2
1718,2
1719,2
1720,2
1721,2
1722,2
1723,2
1724,2
1725,2
1726,2
1727,2
1728,2
1729,2
1730,2
1731,2
1732,2
1733,2
1734,2
1735,2
1736,2
1737,2
1738,2
1739,2
1740,2
1741,2
1742,2
1743,2
1744,2
1745,2
1746,2
1747,2
1748,2
1749,2
1750,2
1751,2
1752,2
1753,2
1754,2
1755,2
1756,2
1757,2
1758,2
1759,2
1760,2
1761,2
1762,2
1763,2
1764,2
1765,2
1766,2
1767,2
1768,2
1769,2
1770,2
1771,2
1772,2
1773,2
1774,2
1775,2
1776,2
1777,2
1778,2
1779,2
1780,2
1781,2
1782,2
1783,2
1784,2
1785,2
1786,2
1787,2
1788,2
1789,2
1790,2
1791,2
1792,1
1793,1
1794,1
1795,1
1796,1
1797,1
1798,1
1799,1
1800,1
1801,1
1802,1
1803,1
1804,1
1805,1
1806,1
1807,1
1808,1
1809,1
1810,1
1811,1
1812,1
1813,1
1814,1
1815,1
1816,1
1817,1
1818,1
1819,1
1820,1
1821,1
1822,1
1823,1
1824,1
1825,1
1826,1
1827,1
1828,1
1829,1
1830,1
1831,1
1832,1
1833,1
1834,1
1835,1
1836,1
1837,1
1838,1
1839,1
1840,1
1841,1
1842,1
1843,1
1844,1
1845,1
1846,1
1847,1
1848,1
1849,1
1850,1
1851,1
1852,1
1853,1
1854,1
1855,1
1856,1
1857,1
1858,1
1859,1
1860,1
1861,1
1862,4
1863,4
1864,4
1865,4
1866,4
1867,4
1868,4
1869,4
1870,4
1871,4
1872,4
1873,4
1874,4
1875,4
1876,4
1877,4
1878,4
1879,4
1880,4
1881,4
1882,4
1883,4
1884,4
1885,4
1886,4
1887,4
1888,4
1889,4
1890,4
1891,4
1892,4
1893,4
1894,4
1895,4
1896,4
1897,4
1898,4
1899,4
1900,4
1901,4
1902,4
1903,4
1904,4
1905,4
1906,4
1907,4
1908,4
1909,4
1910,4
1911,4
1912,4
1913,4
1914,4
1915,4
1916,4
1917,4
1918,4
1919,4
1920,4
1921,4
1922,4
1923,4
1924,4
1925,4
1926,4
1927,4
1928,4
1929,4
1930,4
1931,4
1932,4
1933,4
1934,4
1935,4
1936,4
1937,4
1938,4
1939,4
1940,4
1941,4
1942,4
1943,4
1944,4
1945,4
1946,4
1947,4
1948,4
1949,4
1950,1
1951,1
1952,1
1953,1
1954,1
1955,1
1956,1
1957,1
1958,1
1959,1
1960,1
1961,1
1962,1
1963,1
1964,1
1965,1
1966,1
1967,1
1968,1
1969,1
1970,1
1971,1
1972,1
1973,1
1974,1
1975,1
1976,1
1977,1
1978,1
1979,1
1980,1
1981,1
1982,1
1983,1
1984,1
1985,1
1986,1
1987,1
1988,1
1989,1
1990,1
1991,1
1992,1
1993,1
1994,1
1995,1
1996,1
1997,1
1998,1
1999,1
2000,1
2001,1
2002,1
2003,1
2004,1
2005,1
2006,2
2007,2
2008,2
2009,2
2010,2
2011,2
2012,2
2013,2
2014,2
2015,2
2016,2
2017,2
2018,2
2019,2
2020,2
2021,2
2022,2
2023,2
2024,2
2025,2
2026,2
2027,2
2028,2
2029,2
2030,2
2031,2
2032,2
2033,2
2034,2
2035,2
2036,2
2037,2
2038,3
2039,3
2040,3
2041,3
2042,3
2043,3
2044,3
2045,3
2046,3
2047,3
2048,3
2049,3
2050,3
2051,3
2052,3
2053,3
2054,3
2055,3
2056,3
2057,3
2058,3
2059,3
2060,3
2061,3
2062,3
2063,3
2064,3
2065,3
2066,3
2067,3
2068,3
2069,3
2070,3
2071,3
2072,3
2073,3
2074,1
2075,1
2076,1
2077,1
2078,1
2079,1
2080,1
2081,1
2082,1
2083,1
2084,1
2085,1
2086,1
2087,1
2088,1
2089,1
2090,1
2091,1
2092,1
2093,1
2094,1
2095,1
2096,1
2097,1
2098,1
2099,1
2100,1
2101,1
2102,1
2103,1
2104,1
2105,1
2106,1
2107,1
2108,1
2109,1
2110,1
2111,1
2112,1
2113,1
2114,1
2115,1
2116,1
2117,1
2118,1
2119,1
2120,1
2121,1
2122,1
2123,1
2124,1
2125,1
2126,1
2127,1
2128,1
2129,1
2130,1
2131,1
2132,1
2133,1
2134,1
2135,1
2136,1
2137,1
2138,1
2139,1
2140,1
2141,1
2142,1
2143,1
2144,1
2145,1
2146,1
2147,1
2148,2
2149,4
2150,4
2151,4
2152,4
2153,4
2154,4
2155,4
2156,4
2157,4
2158,4
2159,4
2160,4
2161,4
2162,4
2163,4
2164,4
2165,4
2166,4
2167,4
2168,4
2169,4
2170,4
2171,4
2172,4
2173,4
2174,4
2175,4
2176,4
2177,4
2178,4
2179,4
2180,4
2181,3
2182,3
2183,3
2184,3
2185,3
2186,1
2187,1
2188,1
2189,1
2190,1
2191,1
2192,1
2193,1
2194,1
2195,1
2196,1
2197,1
2198,1
2199,1
2200,1
2201,1
2202,1
2203,1
2204,1
2205,1
2206,1
2207,1
2208,1
2209,1
2210,1
2211,1
2212,1
2213,1
2214,1
2215,1
2216,1
2217,1
2218,1
2219,1
2220,1
2221,1
2222,1
2223,1
2224,1
2225,1
2226,1
2227,1
2228,1
2229,1
2230,4
2231,4
2232,4
2233,4
2234,4
2235,4
2236,4
2237,4
2238,4
2239,4
2240,4
2241,1
2242,1
2243,1
2244,1
2245,1
2246,1
2247,1
2248,1
2249,1
2250,1
2251,1
2252,1
2253,1
2254,1
2255,1
2256,1
2257,1
2258,1
2259,1
2260,1
2261,1
2262,1
2263,1
2264,1
2265,3
2266,3
2267,3
2268,3
2269,3
2270,3
2271,1
2272,1
2273,1
2274,1
2275,1
2276,1
2277,1
2278,1
2279,1
2280,4
2281,4
2282,4
2283,4
2284,4
2285,4
2286,4
2287,4
2288,1
2289,1
2290,1
2291,1
2292,1
2293,1
2294,4
2295,4
2296,4
2297,4
2298,4
2299,4
2300,1
2301,1
2302,1
2303,2
2304,2
2305,2
2306,2
2307,2
2308,2
2309,2
2310,2
2311,2
2312,2
2313,2
2314,2
2315,2
2316,2
2317,2
2318,2
2319,2
2320,2
2321,2
2322,2
2323,2
2324,2
2325,2
2326,2
2327,2
2328,2
2329,2
2330,2
2331,2
2332,2
2333,2
2334,2
2335,2
2336,2
2337,2
2338,2
2339,2
2340,2
2341,2
2342,2
2343,3
2344,3
2345,3
2346,3
2347,3
2348,3
2349,3
2350,3
2351,3
2352,3
2353,3
2354,3
2355,3
2356,3
2357,3
2358,3
2359,3
2360,3
2361,3
2362,3
2363,3
2364,3
2365,3
2366,3
2367,3
2368,3
2369,3
2370,3
2371,3
2372,3
2373,3
2374,3
2375,3
2376,3
2377,3
2378,3
2379,3
2380,3
2381,3
2382,3
2383,3
2384,3
2385,3
2386,3
2387,3
2388,3
2389,3
2390,3
2391,3
2392,3
2393,3
2394,3
2395,3
2396,3
2397,3
2398,3
2399,3
2400,3
2401,3
2402,3
2403,3
2404,3
2405,3
2406,3
2407,3
2408,3
2409,3
2410,3
2411,3
2412,3
2413,3
2414,3
2415,3
2416,3
2417,3
2418,3
2419,3
2420,3
2421,3
2422,3
2423,3
2424,3
2425,1
2426,1
2427,1
2428,1
2429,1
2430,1
2431,1
2432,1
2433,1
2434,1
2435,1
2436,1
2437,1
2438,1
2439,1
2440,1
2441,1
2442,1
2443,1
2444,1
2445,1
2446,1
2447,1
2448,1
2449,1
2450,1
2451,1
2452,1
2453,1
2454,1
2455,1
2456,1
2457,1
2458,1
2459,1
2460,1
2461,1
2462,1
2463,1
2464,1
2465,1
2466,1
2467,1
2468,1
2469,1
2470,1
2471,1
2472,1
2473,1
2474,1
2475,1
2476,1
2477,1
2478,1
2479,1
2480,1
2481,1
2482,1
2483,1
2484,1
2485,1
2486,1
2487,1
2488,1
2489,1
2490,1
2491,1
2492,1
2493,1
2494,1
2495,1
2496,1
2497,1
2498,1
2499,1
2500,1
2501,1
2502,1
2503,1
2504,1
2505,2
2506,2
2507,2
2508,2
2509,2
2510,2
2511,2
2512,2
2513,2
2514,2
2515,2
2516,2
2517,2
2518,2
2519,2
2520,2
2521,2
2522,2
2523,2
2524,2
2525,2
2526,2
2527,2
2528,2
2529,2
2530,2
2531,2
2532,2
2533,2
2534,2
2535,2
2536,2
2537,2
2538,2
2539,2
2540,2
2541,2
2542,2
2543,2
2544,2
2545,2
2546,2
2547,2
2548,2
2549,2
2550,2
2551,2
2552,2
2553,2
2554,2
2555,2
2556,2
2557,2
2558,2
2559,2
2560,2
2561,2
2562,2
2563,2
2564,2
2565,2
2566,2
2567,2
2568,2
2569,2
2570,2
2571,2
2572,2
2573,2
2574,2
2575,2
2576,2
2577,2
2578,2
2579,2
2580,2
2581,2
2582,2
2583,2
2584,2
2585,2
2586,2
2587,2
2588,2
2589,2
2590,2
2591,2
2592,2
2593,2
2594,2
2595,2
2596,2
2597,2
2598,2
2599,2
2600,2
2601,2
2602,2
2603,2
2604,2
2605,2
2606,2
2607,2
2608,2
2609,2
2610,2
2611,2
2612,2
2613,2
2614,2
2615,2
2616,2
2617,2
2618,2
2619,2
2620,2
2621,2
2622,2
2623,2
2624,2
2625,2
2626,2
2627,2
2628,2
2629,2
2630,2
2631,2
2632,2
2633,2
2634,2
2635,2
2636,2
2637,2
2638,2
2639,2
2640,2
2641,2
2642,2
2643,2
2644,2
2645,2
2646,2
2647,2
2648,2
2649,2
2650,2
2651,4
2652,4
2653,4
2654,4
2655,4
2656,4
2657,4
2658,4
2659,4
2660,4
2661,4
2662,4
2663,4
2664,4
2665,4
2666,4
2667,4
2668,4
2669,4
2670,4
2671,4
2672,4
2673,4
2674,4
2675,4
2676,4
2677,4
2678,4
2679,4
2680,4
2681,4
2682,4
2683,4
2684,4
2685,4
2686,4
2687,4
2688,4
2689,4
2690,4
2691,4
2692,4
2693,4
2694,4
2695,4
2696,4
2697,4
2698,4
2699,4
2700,4
2701,4
2702,4
2703,4
2704,4
2705,4
2706,4
2707,4
2708,4
2709,4
2710,4
2711,4
2712,4
2713,4
2714,4
2715,4
2716,4
2717,3
2718,3
2719,3
2720,3
2721,3
2722,3
2723,3
2724,3
2725,3
2726,3
2727,3
2728,3
2729,3
2730,3
2731,3
2732,3
2733,3
2734,3
2735,3
2736,1
2737,1
2738,1
2739,1
2740,1
2741,1
2742,1
2743,1
2744,1
2745,1
2746,1
2747,1
2748,1
2749,1
2750,1
2751,1
2752,1
2753,1
2754,1
2755,1
2756,1
2757,1
2758,1
2759,1
2760,1
2761,1
2762,1
2763,1
2764,1
2765,1
2766,1
2767,1
2768,1
2769,1
2770,1
2771,1
2772,1
2773,1
2774,1
2775,1
2776,1
2777,1
2778,1
2779,1
2780,1
2781,1
2782,1
2783,1
2784,1
2785,1
2786,1
2787,1
2788,1
2789,1
2790,1
2791,1
2792,1
2793,1
2794,1
2795,1
2796,4
2797,4
2798,4
2799,4
2800,4
2801,4
2802,4
2803,4
2804,4
2805,4
2806,4
2807,4
2808,4
2809,4
2810,4
2811,4
2812,4
2813,4
2814,4
2815,4
2816,4
2817,4
2818,4
2819,4
2820,4
2821,4
2822,4
2823,4
2824,4
2825,4
2826,4
2827,4
2828,4
2829,4
2830,4
2831,4
2832,4
2833,4
2834,4
2835,4
2836,4
2837,4
2838,4
2839,4
2840,4
2841,4
2842,4
2843,4
2844,4
2845,4
2846,4
2847,4
2848,4
2849,4
2850,4
2851,4
2852,4
2853,4
2854,4
2855,4
2856,4
2857,4
2858,4
2859,4
2860,4
2861,4
2862,4
2863,4
2864,4
2865,4
2866,4
2867,4
2868,4
2869,4
2870,4
2871,4
2872,4
2873,4
2874,4
2875,2
2876,2
2877,2
2878,2
2879,2
2880,2
2881,2
2882,2
2883,2
2884,2
2885,2
2886,2
2887,2
2888,2
2889,2
2890,2
2891,2
2892,2
2893,2
2894,2
2895,2
2896,2
2897,2
2898,2
2899,2
2900,2
2901,2
2902,2
2903,2
2904,2
2905,2
2906,2
2907,2
2908,2
2909,2
2910,2
2911,2
2912,2
2913,2
2914,2
2915,2
2916,2
2917,2
2918,2
2919,1
2920,1
2921,1
2922,1
2923,1
2924,1
2925,1
2926,1
2927,1
2928,1
2929,1
2930,1
2931,1
2932,1
2933,1
2934,1
2935,1
2936,1
2937,1
2938,1
2939,1
2940,1
2941,1
2942,1
2943,1
2944,1
2945,1
2946,1
2947,1
2948,1
2949,1
2950,1
2951,1
2952,1
2953,1
2954,1
2955,1
2956,1
2957,1
2958,1
2959,1
2960,1
2961,1
2962,1
2963,1
2964,1
2965,1
2966,1
2967,1
2968,1
2969,1
2970,1
2971,1
2972,1
2973,1
2974,1
2975,1
2976,1
2977,1
2978,1
2979,1
2980,1
2981,1
2982,1
2983,1
2984,1
2985,1
2986,1
2987,1
2988,1
2989,1
2990,1
2991,1
2992,1
2993,1
2994,1
2995,1
2996,1
2997,1
2998,1
2999,1
3000,1
3001,1
3002,1
3003,1
3004,1
3005,1
3006,1
3007,1
3008,1
3009,1
3010,1
3011,1
3012,1
3013,1
3014,1
3015,1
3016,1
3017,1
3018,1
3019,1
3020,1
3021,1
3022,1
3023,1
3024,1
3025,1
3026,1
3027,1
3028,1
3029,1
3030,1
3031,1
3032,1
3033,1
3034,1
3035,1
3036,1
3037,1
3038,1
3039,1
3040,1
3041,1
3042,1
3043,1
3044,1
3045,1
3046,1
3047,1
3048,1
3049,1
3050,1
3051,1
3052,1
3053,1
3054,1
3055,1
3056,1
3057,1
3058,1
3059,1
3060,1
3061,1
3062,1
3063,2
3064,2
3065,2
3066,2
3067,2
3068,2
3069,2
3070,2
3071,2
3072,2
3073,2
3074,2
3075,2
3076,2
3077,2
3078,2
3079,2
3080,2
3081,2
3082,2
3083,2
3084,2
3085,2
3086,2
3087,2
3088,2
3089,2
3090,2
3091,3
3092,3
3093,3
3094,3
3095,3
3096,3
3097,3
3098,3
3099,3
3100,3
3101,3
3102,3
3103,3
3104,3
3105,3
3106,3
3107,3
3108,3
3109,3
3110,3
3111,3
3112,2
3113,2
3114,2
3115,2
3116,2
3117,2
3118,4
3119,4
3120,4
3121,4
3122,4
3123,4
3124,0
3125,0
3126,0
3127,0
3128,3
3129,3
3130,3
3131,3
3132,3
3133,3
3134,1
3135,1
3136,1
3137,1
3138,3
3139,3
3140,3
3141,3
3142,2
3143,0
3144,0
3145,2
3146,2
3147,2
3148,2
3149,2
3150,2
3151,2
3152,2
3153,2
3154,2
3155,2
3156,2
3157,2
3158,2
3159,2
3160,2
3161,2
3162,2
3163,2
3164,2
3165,2
3166,2
3167,3
3168,3
3169,3
3170,3
3171,3
3172,3
3173,3
3174,3
3175,3
3176,3
3177,3
3178,3
3179,3
3180,3
3181,3
3182,3
3183,3
3184,3
3185,3
3186,3
3187,3
3188,3
3189,3
3190,3
3191,3
3192,3
3193,3
3194,3
3195,3
3196,3
3197,3
3198,3
3199,3
3200,3
3201,3
3202,3
3203,3
3204,3
3205,3
3206,3
3207,3
3208,3
3209,3
3210,3
3211,3
3212,3
3213,3
3214,3
3215,3
3216,3
3217,3
3218,3
3219,3
3220,3
3221,3
3222,3
3223,3
3224,3
3225,3
3226,3
3227,3
3228,3
3229,3
3230,3
3231,2
3232,2
3233,2
3234,3
3235,3
3236,3
3237,3
3238,3
3239,3
3240,3
3241,3
3242,3
3243,3
3244,3
3245,3
3246,3
3247,3
3248,3
3249,1
3250,1
3251,1
3252,1
3253,1
3254,1
3255,1
3256,1
3257,1
3258,1
3259,1
3260,1
3261,1
3262,1
3263,1
3264,1
3265,1
3266,1
3267,1
3268,1
3269,1
3270,1
3271,1
3272,1
3273,1
3274,1
3275,1
3276,1
3277,1
3278,1
3279,1
3280,1
3281,1
3282,1
3283,1
3284,1
3285,0
3286,3
3287,3
3288,3
3289,3
3290,2
3291,2
3292,2
3293,2
3294,2
3295,2
3296,2
3297,2
3298,2
3299,2
3300,2
3301,2
3302,2
3303,2
3304,2
3305,2
3306,2
3307,2
3308,2
3309,2
3310,2
3311,2
3312,2
3313,2
3314,2
3315,2
3316,2
3317,2
3318,2
3319,2
3320,2
3321,2
3322,2
3323,2
3324,2
3325,2
3326,2
3327,2
3328,2
3329,2
3330,2
3331,2
3332,2
3333,2
3334,2
3335,2
3336,2
3337,2
3338,2
3339,2
3340,2
3341,2
3342,2
3343,2
3344,2
3345,2
3346,2
3347,2
3348,2
3349,2
3350,2
3351,2
3352,2
3353,2
3354,2
3355,2
3356,2
3357,2
3358,2
3359,2
3360,2
3361,2
3362,2
3363,2
3364,2
3365,2
3366,2
3367,2
3368,2
3369,2
3370,2
3371,2
3372,2
3373,2
3374,2
3375,2
3376,2
3377,2
3378,2
3379,2
3380,2
3381,2
3382,2
3383,2
3384,2
3385,2
3386,2
3387,2
3388,2
3389,2
3390,2
3391,2
3392,2
3393,2
3394,2
3395,2
3396,2
3397,2
3398,2
3399,2
3400,2
3401,2
3402,2
3403,2
3404,2
3405,2
3406,2
3407,2
3408,2
3409,2
3410,2
3411,2
3412,2
3413,2
3414,2
3415,2
3416,2
3417,2
3418,2
3419,2
3420,2
3421,2
3422,2
3423,2
3424,2
3425,2
3426,2
3427,2
3428,2
3429,2
3430,2
3431,2
3432,2
3433,2
3434,2
3435,2
3436,2
3437,2
3438,2
3439,2
3440,2
3441,2
3442,2
3443,2
3444,2
3445,2
3446,2
3447,2
3448,2
3449,2
3450,3
3451,3
3452,3
3453,3
3454,3
3455,3
3456,3
3457,3
3458,3
3459,3
3460,3
3461,3
3462,3
3463,3
3464,3
3465,3
3466,3
3467,3
3468,3
3469,3
3470,3
3471,3
3472,3
3473,3
3474,3
3475,3
3476,3
3477,3
3478,3
3479,3
3480,3
3481,3
3482,3
3483,3
3484,3
3485,3
3486,3
3487,3
3488,3
3489,3
3490,3
3491,3
3492,3
3493,3
3494,3
3495,3
3496,3
3497,3
3498,3
3499,3
3500,3
3501,3
3502,3
3503,3
3504,3
3505,3
3506,3
3507,3
3508,3
3509,3
3510,3
3511,3
3512,3
3513,3
3514,3
3515,3
3516,3
3517,3
3518,3
3519,3
3520,3
3521,3
3522,3
3523,3
3524,3
3525,3
3526,3
3527,3
3528,3
3529,3
3530,3
3531,3
3532,3
3533,3
3534,3
3535,3
3536,3
3537,3
3538,3
3539,3
3540,3
3541,3
3542,3
3543,3
3544,3
3545,3
3546,3
3547,3
3548,3
3549,3
3550,3
3551,3
3552,3
3553,3
3554,3
3555,3
3556,3
3557,3
3558,3
3559,3
3560,3
3561,3
3562,3
3563,3
3564,3
3565,3
3566,3
3567,3
3568,3
3569,3
3570,3
3571,3
3572,3
3573,3
3574,3
3575,2
3576,2
3577,2
3578,2
3579,2
3580,2
3581,2
3582,2
3583,2
3584,2
3585,2
3586,2
3587,2
3588,2
3589,2
3590,2
3591,2
3592,2
3593,2
3594,2
3595,2
3596,2
3597,2
3598,2
3599,2
3600,2
3601,2
3602,2
3603,2
3604,2
3605,2
3606,2
3607,2
3608,2
3609,2
3610,2
3611,2
3612,2
3613,2
3614,2
3615,2
3616,2
3617,2
3618,2
3619,2
3620,2
3621,2
3622,2
3623,2
3624,2
3625,2
3626,2
3627,2
3628,2
3629,2
3630,2
3631,2
3632,2
3633,2
3634,2
3635,2
3636,2
3637,2
3638,2
3639,2
3640,2
3641,2
3642,2
3643,2
3644,2
3645,2
3646,3
3647,3
3648,3
3649,3
3650,3
3651,4
3652,3
3653,3
3654,4
3655,3
3656,3
3657,4
3658,4
3659,3
3660,3
3661,3
3662,3
3663,4
3664,4
3665,3
3666,3
3667,3
3668,3
3669,4
3670,4
3671,3
3672,4
3673,3
3674,3
3675,4
3676,4
3677,4
3678,4
3679,4
3680,3
3681,4
3682,4
3683,4
3684,4
3685,3
3686,4
3687,4
3688,4
3689,4
3690,4
3691,3
3692,1
3693,3
3694,4
3695,4
3696,4
3697,3
3698,4
3699,3
3700,4
3701,1
3702,4
3703,4
3704,3
3705,4
3706,4
3707,4
3708,4
3709,4
3710,4
3711,4
3712,4
3713,4
3714,4
3715,4
3716,4
3717,4
3718,1
3719,4
3720,4
3721,1
3722,4
3723,4
3724,4
3725,4
3726,4
3727,4
3728,4
3729,4
3730,4
3731,1
3732,4
3733,4
3734,4
3735,1
3736,1
3737,1
3738,4
3739,1
3740,4
3741,1
3742,4
3743,4
3744,4
3745,1
3746,1
3747,4
3748,1
3749,4
3750,1
3751,4
3752,1
3753,1
3754,1
3755,1
3756,4
3757,4
3758,1
3759,1
3760,1
3761,4
3762,1
3763,1
3764,1
3765,4
3766,1
3767,1
3768,4
3769,3
3770,1
3771,1
3772,1
3773,1
3774,4
3775,1
3776,1
3777,1
3778,1
3779,4
3780,4
3781,1
3782,1
3783,4
3784,1
3785,1
3786,4
3787,4
3788,1
3789,4
3790,1
3791,1
3792,1
3793,1
3794,4
3795,1
3796,4
3797,1
3798,1
3799,1
3800,4
3801,4
3802,1
3803,4
3804,1
3805,1
3806,4
3807,1
3808,1
3809,1
3810,1
3811,1
3812,1
3813,1
3814,1
3815,1
3816,1
3817,4
3818,3
3819,3
3820,3
3821,3
3822,3
3823,3
3824,3
3825,3
3826,3
3827,3
3828,1
3829,1
3830,1
3831,1
3832,4
3833,4
3834,3
3835,1
3836,2
3837,4
3838,0
3839,3
3840,1
3841,3
3842,3
3843,3
3844,3
3845,3
3846,3
3847,3
3848,3
3849,3
3850,3
3851,3
3852,3
3853,3
3854,3
3855,3
3856,3
3857,3
3858,3
3859,3
3860,3
3861,3
3862,4
3863,4
3864,4
3865,4
3866,4
3867,4
3868,4
3869,1
3870,1
3871,1
3872,1
3873,1
3874,1
3875,1
3876,1
3877,1
3878,1
3879,1
3880,4
3881,4
3882,4
3883,4
3884,4
3885,4
3886,1
3887,1
3888,1
3889,1
3890,1
3891,1
3892,1
3893,1
3894,1
3895,1
3896,1
3897,1
3898,1
3899,1
3900,1
3901,1
3902,1
3903,1
3904,1
3905,1
3906,1
3907,4
3908,4
3909,4
3910,4
3911,4
3912,4
3913,4
3914,4
3915,4
3916,4
3917,4
3918,4
3919,4
3920,4
3921,4
3922,4
3923,4
3924,4
3925,4
3926,4
3927,4
3928,4
3929,4
3930,4
3931,4
3932,4
3933,4
3934,4
3935,4
3936,4
3937,4
3938,4
3939,4
3940,4
3941,4
3942,4
3943,4
3944,4
3945,4
3946,1
3947,1
3948,1
3949,1
3950,1
3951,1
3952,1
3953,1
3954,1
3955,1
3956,1
3957,1
3958,1
3959,1
3960,1
3961,1
3962,1
3963,1
3964,1
3965,1
3966,1
3967,1
3968,1
3969,1
3970,1
3971,1
3972,1
3973,1
3974,1
3975,1
3976,2
3977,2
3978,2
3979,2
3980,2
3981,2
3982,2
3983,2
3984,2
3985,2
3986,2
3987,2
3988,2
3989,2
3990,3
3991,3
3992,3
3993,3
3994,3
3995,3
3996,3
3997,3
3998,2
3999,2
4000,2
4001,2
4002,2
4003,2
4004,2
4005,2
4006,2
4007,2
4008,2
4009,2
4010,2
4011,2
4012,2
4013,2
4014,2
4015,2
4016,2
4017,2
4018,2
4019,2
4020,2
4021,2
4022,2
4023,2
4024,2
4025,2
4026,2
4027,4
4028,4
4029,4
4030,4
4031,4
4032,4
4033,4
4034,4
4035,4
4036,4
4037,4
4038,4
4039,4
4040,4
4041,4
4042,4
4043,4
4044,4
4045,4
4046,4
4047,4
4048,4
4049,4
4050,1
4051,2
4052,2
4053,2
4054,4
4055,4
4056,4
4057,3
4058,3
4059,3
4060,3
4061,3
4062,3
4063,3
4064,3
4065,3
4066,3
4067,3
4068,3
4069,2
4070,2
4071,2
4072,2
4073,1
4074,1
4075,1
4076,1
4077,1
4078,1
4079,1
4080,1
4081,1
4082,1
4083,1
4084,1
4085,1
4086,1
4087,3
4088,3
4089,3
4090,3
4091,3
4092,3
4093,3
4094,3
4095,3
4096,3
4097,3
4098,3
4099,3
4100,3
4101,3
4102,3
4103,1
4104,1
4105,1
4106,1
4107,1
4108,1
4109,1
4110,1
4111,1
4112,1
4113,1
4114,1
4115,1
4116,1
4117,1
4118,1
4119,1
4120,1
4121,1
4122,1
4123,4
4124,4
4125,4
4126,4
4127,2
4128,2
4129,2
4130,2
4131,2
4132,2
4133,2
4134,2
4135,2
4136,2
4137,2
4138,2
4139,2
4140,2
4141,2
4142,2
4143,2
4144,2
4145,2
4146,2
4147,2
4148,1
4149,1
4150,1
4151,1
4152,1
4153,1
4154,1
4155,1
4156,1
4157,1
4158,2
4159,2
4160,2
4161,2
4162,2
4163,2
4164,2
4165,2
4166,2
4167,1
4168,1
4169,1
4170,1
4171,1
4172,1
4173,1
4174,1
4175,1
4176,1
4177,2
4178,1
4179,1
4180,1
4181,1
4182,1
4183,1
4184,1
4185,1
4186,1
4187,1
4188,1
4189,1
4190,1
4191,1
4192,1
4193,2
4194,2
4195,2
4196,2
4197,2
4198,2
4199,2
4200,2
4201,2
4202,2
4203,2
4204,2
4205,2
4206,2
4207,2
4208,2
4209,2
4210,2
4211,2
4212,1
4213,1
4214,4
4215,4
4216,1
4217,3
4218,3
4219,3
4220,3
4221,3
4222,3
4223,3
4224,3
4225,3
4226,3
4227,3
4228,3
4229,3
4230,3
4231,3
4232,2
4233,2
4234,2
4235,2
4236,2
4237,2
4238,2
4239,2
4240,2
4241,2
4242,2
4243,2
4244,2
4245,3
4246,3
4247,3
4248,3
4249,3
4250,3
4251,3
4252,3
4253,3
4254,3
4255,3
4256,3
4257,3
4258,3
4259,3
4260,2
4261,2
4262,2
4263,2
4264,2
4265,2
4266,2
4267,2
4268,2
4269,2
4270,2
4271,2
4272,2
4273,2
4274,2
4275,2
4276,2
4277,2
4278,2
4279,2
4280,2
4281,2
4282,4
4283,4
4284,4
4285,4
4286,4
4287,4
4288,4
4289,4
4290,2
4291,2
4292,2
4293,2
4294,2
4295,2
4296,2
4297,2
4298,2
4299,2
4300,2
4301,2
4302,2
4303,2
4304,2
4305,2
4306,2
4307,2
4308,2
4309,2
4310,2
4311,2
4312,2
4313,2
4314,2
4315,1
4316,1
4317,1
4318,1
4319,1
4320,1
4321,1
4322,1
4323,1
4324,1
4325,1
4326,1
4327,1
4328,1
4329,1
4330,1
4331,1
4332,1
4333,1
4334,1
4335,1
4336,1
4337,1
4338,1
4339,1
4340,1
4341,1
4342,2
4343,2
4344,2
4345,2
4346,2
4347,2
4348,2
4349,3
4350,3
4351,3
4352,3
4353,1
4354,1
4355,1
4356,1
4357,1
4358,1
4359,1
4360,1
4361,1
4362,1
4363,1
4364,1
4365,1
4366,1
4367,1
4368,1
4369,1
4370,1
4371,1
4372,1
4373,1
4374,1
4375,1
4376,1
4377,1
4378,1
4379,1
4380,1
4381,1
4382,1
4383,1
4384,1
4385,1
4386,1
4387,1
4388,1
4389,1
4390,1
4391,1
4392,1
4393,1
4394,1
4395,1
4396,1
4397,1
4398,1
4399,1
4400,1
4401,1
4402,1
4403,1
4404,4
4405,4
4406,4
4407,4
4408,4
4409,4
4410,4
4411,4
4412,4
4413,4
4414,4
4415,4
4416,4
4417,4
4418,4
4419,4
4420,4
4421,4
4422,4
4423,4
4424,4
4425,4
4426,4
4427,4
4428,4
4429,4
4430,4
4431,4
4432,4
4433,4
4434,4
4435,3
4436,3
4437,1
4438,2
4439,2
4440,4
4441,3
4442,3
4443,3
4444,1
4445,1
4446,1
4447,2
4448,4
4449,1
4450,2
4451,4
4452,1
4453,2
4454,4
4455,2
4456,2
4457,2
4458,2
4459,1
4460,3
4461,3
4462,3
4463,0
4464,1
4465,3
4466,4
4467,3
4468,2
4469,3
4470,3
4471,3
4472,0
4473,1
4474,3
4475,4
4476,3
4477,3
4478,3
4479,3
4480,3
4481,3
4482,0
4483,3
4484,4
4485,3
4486,2
4487,3
4488,3
4489,4
4490,4
4491,4
4492,4
4493,4
4494,4
4495,4
4496,4
4497,4
4498,4
4499,4
4500,4
4501,4
4502,4
4503,4
4504,4
4505,4
4506,4
4507,4
4508,4
4509,4
4510,4
4511,4
4512,4
4513,4
4514,4
4515,4
4516,4
4517,4
4518,4
4519,4
4520,4
4521,4
4522,4
4523,4
4524,4
4525,4
4526,4
4527,4
4528,4
4529,4
4530,4
4531,4
4532,4
4533,3
4534,3
4535,4
4536,4
4537,4
4538,4
4539,3
4540,3
4541,3
4542,4
4543,4
4544,4
4545,4
4546,4
4547,4
4548,3
4549,3
4550,3
4551,4
4552,4
4553,4
4554,3
4555,3
4556,3
4557,1
4558,4
4559,4
4560,4
4561,2
4562,2
4563,2
4564,1
4565,4
4566,3
4567,2
4568,2
4569,2
4570,2
4571,2
4572,2
4573,2
4574,2
4575,2
4576,1
4577,1
4578,3
4579,3
4580,1
4581,1
4582,1
4583,1
4584,1
4585,1
4586,1
4587,1
4588,4
4589,4
4590,3
4591,3
4592,3
4593,3
4594,3
4595,3
4596,3
4597,3
4598,3
4599,3
4600,3
4601,3
4602,1
4603,1
4604,1
4605,1
4606,1
4607,1
4608,1
4609,1
4610,1
4611,1
4612,1
4613,4
4614,4
4615,4
4616,4
4617,4
4618,4
4619,4
4620,4
4621,4
4622,4
4623,4
4624,4
4625,4
4626,4
4627,4
4628,4
4629,4
4630,4
4631,4
4632,4
4633,4
4634,4
4635,4
4636,4
4637,4
4638,4
4639,4
4640,4
4641,4
4642,4
4643,2
4644,2
4645,1
4646,1
4647,1
4648,1
4649,1
4650,1
4651,1
4652,1
4653,1
4654,1
4655,1
4656,1
4657,1
4658,1
4659,1
4660,1
4661,1
4662,1
4663,1
4664,1
4665,1
4666,4
4667,4
4668,4
4669,4
4670,4
4671,1
4672,1
4673,1
4674,3
4675,3
4676,3
4677,3
4678,3
4679,3
4680,3
4681,3
4682,3
4683,3
4684,3
4685,3
4686,3
4687,3
4688,3
4689,3
4690,3
4691,3
4692,3
4693,1
4694,1
4695,1
4696,1
4697,1
4698,1
4699,1
4700,1
4701,1
4702,1
4703,1
4704,1
4705,1
4706,1
4707,1
4708,1
4709,1
4710,1
4711,1
4712,2
4713,2
4714,2
4715,2
4716,2
4717,2
4718,2
4719,2
4720,2
4721,2
4722,2
4723,2
4724,2
4725,2
4726,2
4727,2
4728,2
4729,2
4730,2
4731,3
4732,3
4733,3
4734,3
4735,3
4736,3
4737,3
4738,3
4739,3
4740,3
4741,3
4742,3
4743,3
4744,3
4745,3
4746,3
4747,3
4748,3
4749,3
4750,3
4751,3
4752,1
4753,1
4754,1
4755,1
4756,1
4757,4
4758,2
4759,4
4760,4
4761,4
4762,4
4763,4
4764,4
4765,4
4766,4
4767,4
4768,4
4769,1
4770,1
4771,1
4772,1
4773,2
4774,2
4775,2
4776,2
4777,2
4778,2
4779,2
4780,2
4781,2
4782,2
4783,2
4784,2
4785,2
4786,2
4787,2
4788,1
4789,1
4790,1
4791,1
4792,1
4793,1
4794,1
4795,1
4796,1
4797,1
4798,1
4799,1
4800,1
4801,1
4802,1
4803,1
4804,1
4805,1
4806,1
4807,1
4808,3
4809,3
4810,3
4811,3
4812,2
4813,2
4814,2
4815,2
4816,2
4817,2
4818,2
4819,2
4820,2
4821,2
4822,2
4823,2
4824,2
4825,2
4826,1
4827,1
4828,1
4829,1
4830,1
4831,1
4832,1
4833,1
4834,1
4835,1
4836,1
4837,1
4838,1
4839,1
4840,1
4841,1
4842,1
4843,1
4844,1
4845,1
4846,1
4847,1
4848,1
4849,1
4850,1
4851,1
4852,1
4853,1
4854,1
4855,1
4856,4
4857,2
4858,2
4859,2
4860,2
4861,2
4862,2
4863,2
4864,2
4865,2
4866,2
4867,2
4868,2
4869,2
4870,2
4871,2
4872,2
4873,4
4874,4
4875,4
4876,4
4877,4
4878,4
4879,3
4880,3
4881,3
4882,3
4883,3
4884,3
4885,4
4886,4
4887,4
4888,4
4889,4
4890,4
4891,4
4892,4
4893,4
4894,4
4895,1
4896,1
4897,1
4898,1
4899,1
4900,1
4901,1
4902,1
4903,1
4904,1
4905,1
4906,1
4907,1
4908,1
4909,1
4910,1
4911,1
4912,1
4913,1
4914,1
4915,1
4916,1
4917,1
4918,1
4919,1
4920,1
4921,1
4922,1
4923,1
4924,0
4925,0
4926,0
4927,1
4928,1
4929,1
4930,1
4931,1
4932,1
4933,1
4934,1
4935,1
4936,1
4937,1
4938,1
4939,1
4940,1
4941,1
4942,1
4943,1
4944,1
4945,1
4946,4
4947,4
4948,3
4949,3
4950,3
4951,1
4952,1
4953,3
4954,0
4955,0
4956,2
4957,2
4958,2
4959,2
4960,2
4961,2
4962,2
4963,2
4964,2
4965,4
4966,1
4967,1
4968,1
4969,1
4970,4
4971,4
4972,4
4973,4
4974,4
4975,4
4976,4
4977,4
4978,4
4979,4
4980,4
4981,2
4982,2
4983,2
4984,2
4985,2
4986,2
4987,2
4988,2
4989,2
4990,2
4991,2
4992,2
4993,2
4994,2
4995,2
4996,2
4997,1
4998,1
4999,1
5000,1
5001,1
5002,1
5003,1
5004,1
5005,1
5006,1
5007,1
5008,2
5009,2
5010,2
5011,2
5012,2
5013,2
5014,2
5015,2
5016,3
5017,3
5018,3
5019,2
5020,2
5021,2
5022,2
5023,2
5024,2
5025,2
5026,2
5027,2
5028,2
5029,2
5030,2
5031,2
5032,2
5033,2
5034,2
5035,2
5036,2
5037,2
5038,2
5039,2
5040,2
5041,2
5042,2
5043,2
5044,2
5045,2
5046,2
5047,2
5048,2
5049,2
5050,2
5051,2
5052,2
5053,2
5054,2
5055,2
5056,2
5057,2
5058,2
5059,2
5060,4
5061,4
5062,4
5063,4
5064,4
5065,4
5066,3
5067,1
5068,2
5069,1
5070,1
5071,1
5072,1
5073,1
5074,4
5075,4
5076,4
5077,4
5078,4
5079,4
5080,2
5081,2
5082,2
5083,2
5084,2
5085,2
5086,2
5087,2
5088,3
5089,3
5090,3
5091,3
5092,3
5093,3
5094,3
5095,3
5096,2
5097,2
5098,2
5099,2
5100,2
5101,2
5102,2
5103,2
5104,2
5105,2
5106,2
5107,2
5108,2
5109,3
5110,3
5111,3
5112,3
5113,3
5114,3
5115,3
5116,2
5117,2
5118,4
5119,4
5120,3
5121,3
5122,3
5123,3
5124,3
5125,3
5126,3
5127,3
5128,3
5129,3
5130,3
5131,3
5132,3
5133,3
5134,3
5135,3
5136,3
5137,3
5138,3
5139,3
5140,3
5141,3
5142,3
5143,3
5144,3
5145,3
5146,3
5147,3
5148,3
5149,3
5150,3
5151,3
5152,3
5153,3
5154,3
5155,3
5156,3
5157,3
5158,3
5159,3
5160,3
5161,3
5162,3
5163,3
5164,3
5165,3
5166,3
5167,3
5168,3
5169,3
5170,3
5171,3
5172,3
5173,3
5174,3
5175,3
5176,3
5177,3
5178,3
5179,3
5180,3
5181,3
5182,3
5183,3
5184,3
5185,3
5186,3
5187,3
5188,3
5189,3
5190,0
5191,3
5192,3
5193,3
5194,1
5195,1
5196,1
5197,1
5198,1
5199,1
5200,1
5201,1
5202,1
5203,4
5204,4
5205,4
5206,4
5207,4
5208,4
5209,4
5210,4
5211,4
5212,4
5213,4
5214,2
5215,2
5216,2
5217,2
5218,2
5219,2
5220,2
5221,2
5222,2
5223,2
5224,2
5225,4
5226,4
5227,3
5228,3
5229,3
5230,3
5231,3
5232,3
5233,4
5234,4
5235,4
5236,4
5237,4
5238,4
5239,4
5240,4
5241,4
5242,4
5243,4
5244,4
5245,4
5246,4
5247,4
5248,4
5249,4
5250,4
5251,4
5252,4
5253,4
5254,4
5255,4
5256,1
5257,1
5258,1
5259,1
5260,1
5261,1
5262,1
5263,1
5264,1
5265,1
5266,1
5267,1
5268,1
5269,1
5270,1
5271,1
5272,1
5273,1
5274,1
5275,1
5276,1
5277,1
5278,4
5279,4
5280,4
5281,3
5282,3
5283,3
5284,3
5285,3
5286,3
5287,3
5288,3
5289,3
5290,3
5291,3
5292,3
5293,3
5294,3
5295,3
5296,3
5297,3
5298,3
5299,3
5300,3
5301,3
5302,3
5303,3
5304,1
5305,1
5306,1
5307,1
5308,1
5309,1
5310,1
5311,1
5312,1
5313,1
5314,1
5315,1
5316,1
5317,1
5318,1
5319,1
5320,1
5321,1
5322,1
5323,1
5324,1
5325,1
5326,1
5327,1
5328,1
5329,1
5330,4
5331,4
5332,4
5333,4
5334,4
5335,4
5336,4
5337,4
5338,4
5339,4
5340,4
5341,4
5342,4
5343,4
5344,4
5345,4
5346,4
5347,4
5348,4
5349,4
5350,4
5351,4
5352,4
5353,4
5354,4
5355,4
5356,4
5357,4
5358,4
5359,2
5360,2
5361,2
5362,2
5363,2
5364,4
5365,4
5366,4
5367,4
5368,4
5369,4
5370,4
5371,4
5372,4
5373,4
5374,4
5375,4
5376,4
5377,4
5378,4
5379,4
5380,4
5381,4
5382,4
5383,4
5384,4
5385,2
5386,2
5387,2
5388,2
5389,2
5390,2
5391,2
5392,2
5393,2
5394,2
5395,2
5396,2
5397,2
5398,2
5399,2
5400,2
5401,2
5402,2
5403,2
5404,2
5405,2
5406,2
5407,3
5408,3
5409,3
5410,3
5411,3
5412,3
5413,3
5414,3
5415,3
5416,3
5417,3
5418,3
5419,3
5420,3
5421,3
5422,3
5423,3
5424,3
5425,3
5426,3
5427,1
5428,1
5429,1
5430,1
5431,1
5432,1
5433,4
5434,4
5435,4
5436,4
5437,1
5438,1
5439,1
5440,1
5441,1
5442,1
5443,3
5444,3
5445,3
5446,3
5447,3
5448,3
5449,3
5450,3
5451,3
5452,3
5453,3
5454,3
5455,3
5456,3
5457,3
5458,3
5459,3
5460,3
5461,3
5462,3
5463,3
5464,3
5465,3
5466,3
5467,3
5468,3
5469,3
5470,3
5471,3
5472,3
5473,3
5474,3
5475,3
5476,3
5477,3
5478,3
5479,3
5480,3
5481,2
5482,2
5483,1
5484,1
5485,1
5486,1
5487,1
5488,1
5489,1
5490,1
5491,1
5492,1
5493,1
5494,1
5495,1
5496,1
5497,1
5498,1
5499,1
5500,1
5501,1
5502,4
5503,4
5504,4
5505,4
5506,4
5507,4
5508,4
5509,1
5510,1
5511,1
5512,3
5513,1
5514,3
5515,3
5516,3
5517,4
5518,4
5519,3
5520,3
5521,1
5522,1
5523,1
5524,2
5525,1
5526,3
5527,3
5528,3
5529,3
5530,1
5531,3
5532,3
5533,3
5534,3
5535,3
5536,3
5537,4
5538,4
5539,4
5540,4
5541,4
5542,4
5543,1
5544,1
5545,1
5546,3
5547,3
5548,4
5549,3
5550,3
5551,4
5552,4
5553,4
5554,4
5555,4
5556,3
5557,3
5558,1
5559,3
5560,3
5561,1
5562,4
5563,2
5564,2
5565,2
5566,1
5567,4
5568,4
5569,4
5570,4
5571,4
5572,4
5573,4
5574,4
5575,4
5576,4
5577,4
5578,4
5579,3
5580,3
5581,3
5582,3
5583,3
5584,3
5585,3
5586,3
5587,4
5588,1
5589,1
5590,1
5591,1
5592,1
5593,1
5594,1
5595,1
5596,1
5597,1
5598,1
5599,1
5600,1
5601,1
5602,1
5603,1
5604,1
5605,1
5606,1
5607,1
5608,1
5609,1
5610,1
5611,1
5612,1
5613,1
5614,1
5615,1
5616,1
5617,1
5618,1
5619,1
5620,1
5621,1
5622,1
5623,1
5624,1
5625,1
5626,1
5627,1
5628,1
5629,1
5630,1
5631,1
5632,1
5633,1
5634,1
5635,1
5636,1
5637,1
5638,1
5639,1
5640,1
5641,1
5642,1
5643,1
5644,1
5645,0
5646,0
5647,0
5648,4
5649,4
5650,4
5651,4
5652,4
5653,4
5654,4
5655,2
5656,2
5657,2
5658,2
5659,2
5660,2
5661,2
5662,3
5663,3
5664,3
5665,3
5666,1
5667,1
5668,1
5669,1
5670,1
5671,1
5672,1
5673,1
5674,1
5675,1
5676,1
5677,1
5678,1
5679,1
5680,3
5681,3
5682,3
5683,3
5684,3
5685,3
5686,3
5687,3
5688,0
5689,0
5690,0
5691,2
5692,2
5693,2
5694,2
5695,2
5696,2
5697,2
5698,1
5699,1
5700,1
5701,1
5702,1
5703,1
5704,1
5705,1
5706,1
5707,1
5708,3
5709,3
5710,4
5711,4
5712,4
5713,4
5714,4
5715,4
5716,4
5717,4
5718,4
5719,4
5720,4
5721,3
5722,3
5723,3
5724,3
5725,3
5726,3
5727,2
5728,2
5729,2
5730,2
5731,2
5732,2
5733,2
5734,2
5735,2
5736,2
5737,2
5738,2
5739,2
5740,2
5741,4
5742,4
5743,4
5744,4
5745,4
5746,4
5747,4
5748,4
5749,3
5750,3
5751,3
5752,3
5753,2
5754,2
5755,2
5756,2
5757,2
5758,2
5759,2
5760,2
5761,2
5762,2
5763,2
5764,3
5765,3
5766,3
5767,3
5768,3
5769,3
5770,3
5771,3
5772,3
5773,3
5774,3
5775,3
5776,3
5777,3
5778,2
5779,2
5780,2
5781,2
5782,2
5783,2
5784,2
5785,2
5786,2
5787,2
5788,2
5789,2
5790,2
5791,3
5792,4
5793,4
5794,4
5795,4
5796,4
5797,4
5798,4
5799,1
5800,1
5801,1
5802,1
5803,1
5804,1
5814,4
5815,3
5816,4
5817,1
5818,1
5819,1
5820,1
5821,1
5822,1
5823,1
5824,1
5825,2
5826,2
5827,2
5828,2
5829,2
5830,2
5831,2
5832,2
5833,4
5834,4
5835,4
5836,4
5837,4
5838,4
5839,4
5840,1
5841,1
5842,1
5843,1
5844,1
5845,1
5846,3
5847,4
5848,2
5849,4
5850,1
5851,2
5852,4
5853,3
5854,3
5855,3
5856,3
5857,3
5858,3
5859,3
5860,3
5861,4
5862,4
5863,4
5864,4
5865,2
5866,4
5868,1
5869,3
5870,3
5872,2
5873,3
5874,3
5875,3
5876,3
5877,3
5878,3
5879,3
5880,3
5881,3
5882,3
5883,3
5884,3
5885,3
5886,3
5887,3
5888,3
5889,3
5890,3
5891,3
5892,3
5893,3
5894,3
5895,3
5896,3
5897,3
5898,3
5899,3
5900,3
5901,3
5902,3
5903,3
5904,3
5905,3
5906,3
5907,3
5908,3
5909,3
5910,3
5911,3
5912,3
5913,3
5914,3
5915,3
5916,3
5917,3
5918,3
5919,3
5920,3
5921,3
5922,3
5923,3
5924,3
5925,3
5926,3
5927,3
5928,3
5929,3
5930,2
5931,2
5932,2
5933,2
5934,2
5935,2
5936,2
5937,2
5938,2
5939,2
5940,2
5941,2
5942,2
5943,2
5944,2
5945,2
5946,2
5947,2
5948,2
5949,2
5950,2
5951,2
5952,2
5953,2
5954,4
5955,4
5956,4
5957,4
5958,4
5959,4
5960,4
5961,1
5962,1
5963,1
5964,1
5965,1
5966,1
5969,1
5970,1
5971,1
5972,1
5973,1
5974,1
5975,1
5976,1
5977,1
5978,3
5979,3
5980,3
5981,3
5982,3
5983,3
5984,3
5985,1
5986,1
5987,1
5988,1
5989,1
5990,1
5991,1
5992,1
5993,1
5994,1
5995,1
5996,1
5997,1
5998,1
5999,1
6000,1
6001,1
6002,1
6003,1
6004,1
6005,4
6006,4
6007,4
6008,4
6009,4
6010,4
6011,4
6012,2
6013,2
6014,2
6015,2
6016,2
6017,2
6018,4
6019,4
6020,4
6021,4
6022,4
6023,4
6024,4
6025,4
6026,4
6027,4
6028,4
6029,4
6030,4
6031,4
6032,4
6033,4
6034,4
6035,4
6036,4
6037,2
6038,2
6039,2
6040,2
6041,2
6042,2
6043,2
6044,2
6045,2
6046,2
6047,1
6048,1
6049,1
6050,1
6051,1
6052,1
6053,1
6054,1
6055,4
6056,4
6057,4
6059,2
6060,2
6061,2
6062,2
6063,2
6064,2
6065,2
6066,2
6067,2
6068,2
6069,2
6070,2
6071,2
6072,2
6073,2
6074,2
6075,2
6076,2
6077,2
6078,2
6079,2
6080,2
6081,2
6082,2
6083,2
6084,2
6085,2
6086,2
6087,2
6088,2
6089,2
6090,4
6091,4
6092,4
6093,1
6094,1
6095,1
6096,1
6097,1
6098,1
6099,1
6100,1
6101,1
6102,1
6103,1
6104,1
6105,1
6106,1
6107,1
6108,1
6109,1
6110,1
6111,1
6112,1
6113,1
6114,1
6115,1
6116,1
6117,1
6118,1
6119,1
6120,1
6121,1
6122,1
6123,1
6124,1
6125,1
6126,3
6127,3
6128,3
6129,3
6130,3
6131,3
6132,3
6133,3
6134,3
6135,3
6136,3
6137,3
6138,3
6139,3
6140,3
6141,3
6142,3
6143,3
6144,3
6145,3
6146,3
6147,3
6148,3
6149,3
6150,3
6151,3
6152,3
6153,3
6154,3
6155,3
6156,3
6157,3
6158,3
6159,3
6160,3
6161,3
6162,3
6163,2
6164,2
6165,2
6166,4
6167,3
6168,3
6169,4
6170,4
6171,4
6172,4
6173,4
6174,4
6175,4
6176,4
6177,4
6178,1
6179,1
6180,1
6181,1
6182,1
6183,1
6184,1
6185,1
6186,1
6187,1
6188,1
6189,1
6190,1
6191,1
6192,1
6193,1
6194,1
6195,1
6196,1
6197,1
6198,1
6199,1
6200,1
6201,1
6202,1
6203,1
6204,1
6205,1
6206,1
6207,1
6208,1
6209,1
6210,1
6211,1
6212,1
6213,1
6214,1
6215,1
6216,1
6217,1
6218,1
6219,1
6220,1
6221,1
6222,1
6223,1
6224,1
6225,1
6226,1
6227,1
6228,1
6229,1
6230,1
6231,4
6232,4
6233,4
6234,4
6235,4
6236,3
6237,3
6238,3
6239,3
6240,3
6241,3
6242,3
6243,3
6244,3
6245,3
6246,3
6247,3
6248,3
6249,3
6250,3
6251,3
6252,3
6253,3
6254,3
6255,3
6256,3
6257,3
6258,3
6259,3
6260,3
6261,3
6262,3
6263,3
6264,3
6265,3
6266,3
6267,3
6268,3
6269,3
6270,3
6271,3
6272,3
6273,3
6274,3
6275,3
6276,3
6277,3
6278,3
6279,4
6280,3
6281,3
6282,3
6283,3
6284,3
6285,3
6286,3
6287,3
6288,3
6289,3
6290,3
6291,3
6292,3
6293,3
6294,3
6295,2
6296,2
6297,2
6298,2
6299,2
6300,2
6301,2
6302,2
6303,2
6304,2
6305,2
6306,2
6307,2
6308,2
6309,2
6310,2
6311,2
6312,2
6313,2
6314,2
6315,2
6316,2
6317,2
6318,2
6319,2
6320,2
6321,2
6322,2
6323,2
6324,2
6325,2
6326,2
6327,2
6328,2
6329,2
6330,2
6331,2
6332,2
6333,2
6334,2
6335,2
6336,2
6337,2
6338,2
6339,2
6340,2
6341,2
6342,2
6343,4
6344,4
6345,4
6346,4
6347,4
6348,4
6349,4
6350,4
6351,4
6352,4
6353,4
6354,4
6355,4
6356,4
6357,4
6358,4
6359,4
6360,4
6361,4
6362,4
6363,4
6364,1
6365,1
6366,1
6367,1
6368,1
6369,1
6370,1
6371,1
6372,1
6373,1
6374,1
6375,1
6376,1
6377,1
6378,1
6379,1
6380,1
6381,1
6382,1
6383,1
6384,1
6385,1
6386,3
6387,3
6388,3
6389,0
6390,0
6391,0
6392,0
6393,4
6394,4
6395,4
6396,4
6397,4
6398,4
6399,1
6400,1
6401,1
6402,1
6403,2
6404,1
6405,1
6406,3
6407,3
6408,3
6409,1
6410,1
6411,1
6412,4
6413,4
6414,4
6415,4
6416,4
6417,1
6418,1
6419,1
6420,1
6421,1
6422,1
6423,1
6424,1
6425,1
6426,1
6427,1
6428,1
6429,1
6430,1
6431,1
6432,1
6433,1
6434,1
6435,1
6436,1
6437,1
6438,1
6439,1
6440,1
6441,1
6442,1
6443,1
6444,1
6445,1
6446,1
6447,1
6448,1
6449,1
6450,1
6451,1
6452,1
6453,1
6454,1
6455,1
6456,1
6457,1
6458,1
6459,1
6460,1
6461,1
6462,2
6463,2
6464,2
6465,2
6466,2
6467,2
6468,2
6469,2
6470,2
6471,2
6472,2
6473,2
6474,2
6475,2
6476,2
6477,2
6478,2
6479,2
6480,2
6481,2
6482,2
6483,2
6484,2
6485,2
6486,2
6487,2
6488,2
6489,2
6490,2
6491,2
6492,2
6493,2
6494,2
6495,2
6496,2
6497,2
6498,2
6499,2
6500,2
6501,4
6502,4
6503,4
6504,1
6505,4
6506,4
6507,2
6508,2
6509,2
6510,2
6511,2
6512,2
6513,2
6514,1
6515,1
6516,1
6517,1
6518,1
6519,1
6520,1
6521,1
6522,1
6523,1
6524,1
6525,4
6526,4
6527,4
6528,4
6529,4
6530,4
6531,4
6532,4
6533,4
6534,4
6535,4
6536,4
6537,4
6538,4
6539,4
6540,4
6541,4
6542,4
6543,4
6544,4
6545,4
6546,4
6547,4
6548,4
6549,4
6550,2
6551,2
6552,2
6553,4
6554,4
6555,4
6556,4
6557,4
6558,2
6559,2
6560,3
6561,3
6562,3
6563,3
6564,3
6565,3
6566,3
6567,3
6568,3
6569,3
6570,3
6571,3
6572,3
6573,3
6574,3
6575,3
6576,3
6577,3
6578,3
6579,3
6580,3
6581,3
6582,3
6583,3
6584,3
6585,3
6586,3
6587,3
6588,3
6589,3
6590,3
6591,3
6592,3
6593,3
6594,3
6595,3
6596,3
6597,3
6598,3
6599,3
6600,1
6601,1
6602,1
6603,1
6604,1
6605,1
6606,1
6607,1
6608,1
6609,1
6610,1
6611,1
6612,1
6613,1
6614,1
6615,1
6616,1
6617,1
6618,1
6619,1
6620,1
6621,1
6622,1
6623,1
6624,1
6625,1
6626,1
6627,1
6628,1
6629,1
6630,1
6631,1
6632,1
6633,1
6634,1
6635,1
6636,1
6637,1
6638,2
6639,2
6640,2
6641,2
6642,2
6643,2
6644,2
6645,2
6646,3
6647,3
6648,1
6649,4
6650,1
6651,1
6652,4
6653,4
6654,4
6655,4
6656,4
6657,4
6658,4
6659,4
6660,1
6661,1
6662,1
6663,1
6664,1
6665,1
6666,1
6667,1
6668,1
6669,1
6670,1
6671,1
6672,1
6673,1
6674,1
6675,1
6676,1
6677,1
6678,1
6679,1
6680,1
6681,2
6682,2
6683,2
6684,2
6685,2
6686,2
6687,1
6688,1
6689,1
6690,1
6691,1
6692,1
6693,1
6694,1
6695,1
6696,1
6697,1
6698,1
6699,1
6700,1
6701,1
6702,1
6703,1
6704,1
6705,2
6706,2
6707,2
6708,2
6709,2
6710,2
6711,2
6712,2
6713,1
6714,2
6715,2
6716,2
6717,1
6718,1
6719,1
6720,1
6721,1
6722,1
6723,4
6724,4
6725,4
6726,4
6727,4
6728,4
6729,4
6730,4
6731,4
6732,4
6733,4
6734,4
6735,4
6736,4
6737,4
6738,4
6739,4
6740,4
6741,4
6742,4
6743,4
6744,4
6745,4
6746,4
6747,4
6748,4
6749,4
6750,4
6751,4
6752,4
6753,4
6754,4
6755,4
6756,4
6757,4
6758,4
6759,4
6760,4
6761,4
6762,4
6763,4
6764,4
6765,4
6766,4
6767,4
6768,4
6769,4
6770,4
6771,4
6772,4
6773,4
6774,4
6775,4
6776,4
6777,4
6778,4
6779,4
6780,4
6781,4
6782,4
6783,4
6784,4
6785,4
6786,4
6787,4
6788,4
6789,2
6790,2
6791,2
6792,2
6793,2
6794,2
6795,2
6796,2
6797,2
6798,2
6799,2
6800,2
6801,2
6802,2
6803,2
6804,2
6805,2
6806,2
6807,2
6808,2
6809,2
6810,2
6811,2
6812,2
6813,2
6814,2
6815,2
6816,2
6817,2
6818,2
6819,2
6820,2
6821,2
6822,2
6823,2
6824,2
6825,2
6826,2
6827,2
6828,2
6829,2
6830,2
6831,3
6832,3
6833,3
6834,3
6835,3
6836,3
6837,3
6838,3
6839,3
6840,3
6841,3
6842,3
6843,3
6844,3
6845,3
6846,3
6847,3
6848,3
6849,3
6850,3
6851,3
6852,3
6853,3
6854,3
6855,3
6856,3
6857,3
6858,3
6859,3
6860,3
6861,3
6862,3
6863,3
6864,3
6865,3
6866,3
6867,3
6868,3
6869,3
6870,3
6871,3
6872,3
6873,3
6874,3
6875,3
6876,3
6877,3
6878,3
6879,3
6880,3
6881,3
6882,3
6883,3
6884,3
6885,3
6886,3
6887,3
6888,3
6889,3
6890,3
6891,3
6892,3
6893,3
6894,3
6895,3
6896,3
6897,3
6898,3
6899,3
6900,3
6901,3
6902,3
6903,3
6904,3
6905,3
6906,3
6907,3
6908,3
6909,3
6910,3
6911,3
6912,3
6913,3
6914,3
6915,3
6916,3
6917,3
6918,3
6919,3
6920,3
6921,3
6922,3
6923,3
6924,3
6925,3
6926,3
6927,3
6928,3
6929,3
6930,3
6931,3
6932,3
6933,3
6934,3
6935,3
6936,3
6937,3
6938,3
6939,3
6940,3
6941,3
6942,3
6943,3
6944,3
6945,3
6946,3
6947,3
6948,3
6949,3
6950,3
6951,3
6952,3
6953,3
6954,3
6955,3
6956,3
6957,3
6958,3
6959,3
6960,3
6961,3
6962,3
6963,3
6964,3
6965,3
6966,3
6967,3
6968,3
6969,3
6970,3
6971,3
6972,3
6973,3
6974,3
6975,3
6976,3
6977,3
6978,3
6979,3
6980,3
6981,3
6982,3
6983,3
6984,3
6985,3
6986,3
6987,3
6988,3
6989,3
6990,3
6991,3
6992,3
6993,3
6994,3
6995,3
6996,3
6997,3
6998,3
6999,3
7000,3
7001,3
7002,3
7003,3
7004,3
7005,3
7006,3
7007,3
7008,3
7009,3
7010,3
7011,3
7012,3
7013,3
7014,3
7015,3
7016,3
7017,3
7018,3
7019,3
7020,3
7021,3
7022,3
7023,3
7024,3
7025,3
7026,3
7027,3
7028,3
7029,3
7030,3
7031,3
7032,3
7033,3
7034,3
7035,3
7036,3
7037,3
7038,3
7039,3
7040,3
7041,3
7042,3
7043,3
7044,2
7045,2
7046,2
7047,2
7048,2
7049,2
7050,2
7051,2
7052,2
7053,2
7054,2
7055,2
7056,2
7057,2
7058,2
7059,2
7060,2
7061,2
7062,2
7063,2
7064,2
7065,2
7066,0
7067,0
7068,0
7069,0
7070,0
7071,0
7072,0
7073,0
7074,0
7075,0
7076,0
7077,0
7078,0
7079,0
7080,0
7081,0
7082,0
7083,0
7084,0
7085,0
7086,0
7087,0
7088,0
7089,0
7090,0
7091,0
7092,0
7093,0
7094,0
7095,0
7096,0
7097,0
7098,0
7099,0
7100,0
7101,0
7102,0
7103,0
7104,0
7105,0
7106,0
7107,0
7108,0
7109,0
7110,0
7111,0
7112,0
7113,0
7114,0
7115,0
7116,0
7117,0
7118,0
7119,0
7120,0
7121,0
7122,0
7123,0
7124,0
7125,0
7126,0
7127,0
7128,0
7129,0
7130,0
7131,0
7132,0
7133,0
7134,0
7135,0
7136,0
7137,0
7138,0
7139,2
7140,2
7141,2
7142,2
7143,2
7144,2
7145,2
7146,2
7147,2
7148,2
7149,2
7150,2
7151,2
7152,2
7153,2
7154,2
7155,2
7156,2
7157,2
7158,2
7159,2
7160,2
7161,2
7162,2
7163,2
7164,2
7165,2
7166,2
7167,2
7168,2
7169,2
7170,2
7171,2
7172,2
7173,2
7174,2
7175,2
7176,2
7177,2
7178,2
7179,2
7180,2
7181,2
7182,2
7183,3
7184,1
7185,1
7186,1
7187,1
7188,1
7189,1
7190,3
7191,3
7192,3
7193,1
7194,1
7195,4
7196,2
7197,2
7198,2
7199,4
7200,4
7201,4
7202,4
7203,4
7204,4
7205,4
7206,4
7207,4
7208,4
7209,4
7210,2
7211,1
7212,1
7213,2
7214,4
7215,2
7216,1
7217,2
7218,2
7219,4
7220,1
7221,4
7222,4
7223,4
7224,3
7225,1
7226,3
7227,3
7228,3
7229,1
7231,4
7232,4
7233,4
7234,4
7235,4
7236,4
7237,4
7238,2
7239,2
7240,2
7241,1
7242,1
7243,0
7244,1
7245,4
7246,4
7247,4
7248,4
7249,0
7250,0
7251,0
7252,0
7253,4
7254,4
7255,1
7256,3
7257,3
7258,3
7259,3
7260,3
7261,3
7262,4
7263,4
7264,4
7265,4
7266,4
7267,0
7268,0
7269,0
7270,0
7271,3
7272,4
7273,4
7274,4
7275,1
7276,3
7278,4
7279,1
7280,1
7281,4
7282,0
7283,0
7284,3
7286,1
7287,1
7288,1
7289,2
7291,0
7292,2
7293,1
7295,3
7296,3
7297,2
7298,0
7299,4
7300,3
7301,1
7302,1
7303,1
7304,0
7305,1
7306,3
7307,3
7308,1
7309,4
7310,2
7311,0
7312,2
7313,3
7314,3
7315,1
7316,4
7317,4
7318,3
7319,1
7320,0
7321,0
7322,1
7323,0
7324,3
7325,2
7326,1
7327,1
7328,3
7330,2
7331,4
7332,1
7333,3
7334,0
7335,4
7336,4
7337,2
7338,1
7339,4
7340,4
7341,4
7342,3
7343,3
7344,3
7345,3
7346,3
7347,1
7348,4
7349,0
7350,0
7351,3
7352,3
7353,2
7354,2
7355,2
7356,0
7357,0
7358,3
7359,4
7360,4
7361,0
7362,2
7363,4
7364,1
7365,2
7366,2
7367,0
7368,2
7369,0
7370,0
7371,0
7372,4
7373,1
7374,1
7375,0
7376,0
7378,4
7379,3
7380,1
7381,4
7382,4
7383,2
7384,3
7385,4
7386,3
7387,1
7388,0
7389,4
7390,3
7391,2
7392,0
7393,0
7394,1
7395,0
7396,1
7398,1
7399,2
7400,2
7401,4
7402,0
7403,4
7404,0
7405,0
7406,1
7407,0
7408,2
7409,1
7410,0
7411,3
7412,0
7413,0
7414,2
7415,4
7416,2
7417,3
7418,3
7419,3
7420,0
7421,4
7422,4
7423,0
7424,1
7426,2
7427,4
7428,1
7429,3
7430,3
7431,2
7432,4
7433,1
7434,4
7435,4
7436,3
7437,2
7438,1
7439,4
7440,0
7441,3
7442,2
7443,1
7444,0
7445,0
7446,4
7447,2
7448,1
7449,2
7450,3
7451,2
7452,3
7453,3
7454,0
7455,1
7456,2
7457,4
7459,2
7460,4
7461,4
7462,2
7463,4
7464,1
7465,0
7466,0
7467,1
7468,2
7469,2
7471,4
7472,4
7473,1
7474,4
7475,0
7477,2
7478,0
7479,0
7480,3
7481,3
7482,1
7483,3
7484,1
7485,4
7486,1
7487,0
7488,4
7489,0
7490,4
7491,0
7492,3
7493,0
7494,0
7495,3
7496,2
7497,4
7498,0
7499,4
7500,1
7501,1
7502,2
7503,3
7504,2
7505,4
7506,1
7507,3
7508,2
7509,1
7510,4
7511,4
7512,4
7513,0
7514,4
7515,3
7516,3
7517,2
7518,0
7519,4
7520,2
7521,0
7522,4
7523,3
7524,0
7525,2
7527,1
7528,1
7529,1
7530,0
7531,0
7532,4
7533,4
7534,2
7535,1
7536,0
7537,3
7538,2
7539,4
7540,4
7541,4
7542,0
7543,4
7544,2
7545,4
7546,2
7547,0
7548,0
7549,2
7550,4
7551,3
7552,1
7553,4
7554,4
7555,1
7556,4
7557,2
7558,4
7559,1
7560,2
7561,3
7562,3
7563,0
7564,3
7565,2
7566,3
7567,0
7568,0
7569,2
7570,1
7571,0
7572,0
7573,1
7574,2
7575,4
7577,0
7578,2
7579,4
7580,3
7581,2
7582,1
7583,3
7584,2
7585,4
7586,3
7587,1
7588,3
7589,4
7590,2
7592,4
7593,0
7594,4
7595,1
7596,4
7597,4
7598,2
7599,2
7600,4
7601,2
7602,0
7603,0
7604,4
7605,1
7606,2
7607,2
7608,0
7609,2
7610,4
7611,3
7612,3
7613,0
7614,3
7616,2
7617,1
7618,2
7619,2
7620,4
7621,1
7622,0
7623,2
7624,4
7625,2
7626,4
7628,3
7629,0
7630,0
7631,1
7633,1
7634,1
7635,0
7636,0
7637,1
7638,2
7639,2
7640,3
7641,0
7642,1
7643,3
7644,1
7645,4
7646,4
7647,0
7648,4
7649,2
7650,2
7651,0
7652,4
7653,4
7654,2
7655,0
7656,1
7657,3
7658,3
7659,4
7660,4
7661,0
7662,4
7663,4
7665,3
7666,3
7667,4
7668,1
7669,0
7670,4
7671,3
7672,0
7673,2
7674,3
7675,3
7676,0
7677,1
7678,1
7679,2
7680,0
7681,2
7682,2
7683,2
7684,1
7685,4
7686,4
7687,3
7688,2
7689,0
7690,0
7691,3
7692,3
7693,4
7694,3
7695,3
7698,3
7699,1
7700,1
7701,3
7702,4
7703,3
7704,3
7705,2
7706,0
7707,0
7708,4
7709,0
7710,0
7711,1
7713,3
7714,4
7715,0
7716,1
7717,1
7718,4
7719,0
7720,2
7721,1
7722,4
7723,3
7724,0
7725,3
7726,4
7727,3
7728,3
7729,4
7730,1
7731,1
7732,2
7733,2
7734,1
7735,0
7736,2
7737,4
7738,2
7739,0
7740,2
7742,4
7743,1
7744,2
7745,0
7746,2
7747,0
7748,3
7749,2
7750,4
7751,4
7752,3
7753,0
7754,4
7755,1
7756,4
7757,0
7758,2
7759,4
7760,4
7761,4
7762,0
7763,2
7764,2
7765,4
7766,1
7767,1
7768,2
7769,0
7770,4
7771,0
7772,3
7773,4
7774,3
7775,4
7776,4
7777,3
7778,3
7779,1
7780,4
7781,4
7782,2
7783,2
7784,3
7785,1
7786,2
7787,2
7788,2
7789,1
7790,1
7791,1
7792,3
7793,2
7794,1
7795,2
7796,1
7797,3
7798,2
7799,1
7800,3
7801,2
7802,4
7803,3
7804,2
7805,2
7806,4
7807,0
7808,3
7809,3
7810,1
7811,4
7812,2
7813,3
7814,0
7815,0
7816,2
7817,3
7818,0
7819,2
7820,1
7821,4
7822,2
7823,0
7824,2
7825,3
7826,0
7827,0
7828,4
7829,0
7830,1
7831,3
7832,0
7833,4
7834,4
7835,3
7836,1
7837,4
7838,4
7839,2
7840,3
7841,2
7842,0
7844,3
7845,4
7846,1
7847,4
7848,1
7849,1
7850,0
7851,2
7852,1
7853,3
7854,0
7855,0
7856,4
7857,0
7860,2
7861,3
7862,1
7863,3
7864,2
7865,1
7866,2
7867,4
7868,0
7869,1
7870,2
7871,0
7872,4
7873,0
7874,1
7875,2
7876,1
7877,1
7878,4
7879,2
7880,2
7881,0
7882,4
7883,4
7884,1
7885,0
7887,1
7888,3
7889,3
7890,4
7891,4
7892,0
7893,0
7894,2
7895,2
7896,4
7897,2
7898,4
7899,4
7900,3
7901,0
7902,1
7904,3
7905,3
7906,3
7907,0
7908,0
7909,0
7910,3
7911,3
7912,1
7913,1
7914,1
7915,2
7916,4
7917,0
7918,3
7919,4
7920,0
7921,1
7922,2
7924,0
7925,3
7926,4
7927,0
7928,0
7929,3
7930,4
7931,0
7932,2
7933,2
7934,1
7935,3
7936,4
7937,4
7938,4
7939,1
7940,3
7941,1
7942,0
7943,2
7944,1
7945,1
7946,0
7947,2
7948,3
7949,0
7950,1
7951,1
7952,2
7953,3
7954,3
7955,1
7956,4
7957,1
7958,4
7959,2
7960,1
7962,4
7963,0
7964,0
7965,2
7966,2
7967,1
7968,4
7969,2
7970,4
7972,0
7973,3
7974,1
7976,2
7977,2
7979,3
7980,3
7981,3
7982,3
7983,3
7984,4
7985,2
7986,0
7987,1
7988,3
7989,3
7990,2
7991,1
7992,2
7993,4
7994,0
7995,3
7996,4
7997,0
7998,4
7999,1
8000,4
8001,3
8002,4
8003,1
8004,2
8005,1
8006,0
8007,4
8008,2
8009,0
8011,3
8012,4
8013,0
8014,0
8015,3
8016,4
8017,1
8018,4
8019,3
8020,0
8021,0
8022,4
8023,4
8024,1
8025,4
8026,4
8027,0
8028,0
8029,1
8030,2
8031,1
8032,4
8033,1
8035,4
8036,2
8037,2
8038,2
8039,1
8040,4
8041,4
8042,1
8043,3
8044,0
8045,0
8046,2
8047,2
8048,4
8049,2
8050,2
8051,4
8052,4
8053,4
8054,2
8055,4
8056,1
8057,0
8058,2
8060,1
8061,4
8062,1
8063,0
8064,2
8066,4
8067,2
8068,3
8069,0
8070,0
8071,4
8072,1
8073,1
8074,3
8075,2
8077,4
8078,0
8079,4
8080,1
8081,4
8083,1
8084,3
8085,3
8086,1
8087,2
8088,1
8089,1
8090,2
8092,4
8093,0
8094,3
8095,1
8096,3
8097,4
8098,4
8099,0
8100,3
8101,2
8102,1
8103,3
8104,2
8106,1
8107,0
8108,2
8109,3
8110,1
8111,2
8112,4
8113,1
8114,0
8115,0
8116,2
8117,4
8118,3
8119,4
8120,0
8121,1
8122,2
8123,4
8124,4
8125,1
8126,2
8127,0
8129,3
8130,1
8131,1
8132,3
8133,0
8135,3
8136,2
8137,4
8138,4
8139,1
8140,0
8141,2
8142,4
8143,2
8144,3
8145,1
8146,2
8147,1
8148,1
8149,1
8150,0
8151,3
8152,0
8153,4
8154,3
8155,4
8156,4
8157,1
8158,1
8159,1
8160,3
8161,2
8162,1
8163,0
8164,3
8165,2
8166,1
8167,4
8168,3
8169,0
8171,3
8172,3
8173,2
8174,3
8175,2
8176,2
8177,4
8178,0
8179,0
8180,2
8181,1
8182,0
8183,2
8184,3
8185,1
8186,4
8187,3
8188,1
8189,4
8190,2
8191,1
8192,0
8194,2
8195,4
8196,1
8197,0
8198,3
8199,3
8200,4
8201,3
8202,1
8203,3
8204,1
8205,3
8206,4
8207,4
8208,2
8209,0
8210,3
8211,0
8212,1
8213,0
8214,3
8215,4
8216,2
8217,3
8218,1
8219,0
8220,0
8221,4
8222,0
8223,3
8224,2
8225,0
8226,3
8227,3
8228,3
8229,2
8230,4
8231,2
8232,2
8233,0
8234,4
8235,0
8236,0
8238,4
8239,4
8240,0
8241,1
8242,1
8243,1
8244,1
8245,3
8246,3
8247,4
8248,1
8249,3
8250,1
8253,1
8254,2
8255,4
8256,1
8257,4
8259,3
8260,3
8261,1
8262,4
8263,0
8264,4
8265,1
8266,3
8267,3
8268,1
8269,3
8270,1
8271,0
8272,3
8273,3
8274,2
8275,0
8276,0
8277,1
8278,1
8279,3
8280,3
8281,1
8282,4
8283,3
8284,0
8285,2
8286,4
8287,4
8288,1
8289,0
8290,3
8291,1
8292,4
8293,2
8294,3
8295,3
8296,0
8297,3
8298,4
8299,2
8300,3
8301,0
8302,3
8303,1
8304,2
8305,2
8306,0
8307,0
8308,0
8309,2
8310,2
8311,4
8312,2
8313,2
8314,3
8316,2
8317,1
8318,4
8319,0
8321,1
8322,2
8323,0
8324,0
8325,3
8326,0
8327,3
8328,3
8329,2
8330,1
8331,3
8332,4
8333,3
8334,2
8335,4
8336,1
8337,0
8338,1
8339,3
8340,0
8341,1
8342,4
8343,4
8344,2
8345,0
8346,4
8347,1
8348,1
8349,1
8350,4
8351,2
8352,1
8353,3
8354,2
8355,1
8356,1
8357,0
8358,1
8359,0
8360,0
8361,4
8362,1
8363,1
8365,0
8366,0
8367,0
8369,0
8370,0
8372,3
8373,1
8374,4
8375,0
8376,2
8377,3
8378,2
8379,0
8380,3
8381,3
8382,4
8383,2
8384,2
8385,3
8386,2
8387,0
8388,4
8389,3
8390,1
8391,0
8392,0
8393,2
8394,2
8395,2
8396,4
8397,4
8398,4
8399,3
8400,4
8401,0
8402,3
8403,0
8404,3
8405,1
8406,4
8407,0
8408,3
8409,2
8410,0
8411,3
8412,4
8413,1
8414,1
8415,1
8417,2
8418,1
8419,3
8421,4
8422,2
8423,1
8424,3
8425,4
8426,2
8427,1
8428,2
8429,1
8430,4
8431,0
8432,0
8433,4
8434,3
8435,2
8436,1
8437,2
8438,0
8439,1
8440,3
8441,2
8442,3
8443,4
8444,4
8445,1
8446,1
8447,0
8448,4
8450,0
8451,4
8453,3
8454,2
8455,2
8457,4
8458,4
8459,1
8460,4
8461,0
8462,0
8464,0
8466,0
8467,2
8468,4
8469,1
8470,4
8471,3
8472,0
8473,0
8474,3
8475,2
8476,2
8477,0
8478,3
8479,2
8480,4
8481,2
8482,4
8483,0
8484,2
8485,0
8486,3
8487,3
8488,4
8489,3
8490,2
8491,0
8492,0
8493,1
8494,3
8495,4
8496,1
8497,2
8498,3
8499,3
8500,1
8501,0
8503,1
8504,1
8505,0
8506,0
8507,1
8508,0
8509,3
8510,3
8511,3
8513,3
8514,4
8515,0
8516,1
8517,2
8519,2
8520,4
8521,0
8522,0
8523,4
8524,1
8525,1
8526,1
8527,1
8528,0
8529,1
8530,1
8531,1
8532,0
8533,1
8534,4
8535,1
8536,0
8537,2
8538,1
8539,1
8540,4
8541,3
8542,4
8543,0
8544,1
8545,1
8546,1
8547,3
8548,4
8549,3
8550,2
8552,0
8553,4
8554,0
8555,0
8556,1
8557,1
8558,4
8559,4
8560,3
8561,4
8562,1
8563,0
8564,3
8565,0
8566,2
8567,1
8568,0
8569,4
8570,4
8571,4
8573,4
8574,1
8575,0
8576,2
8577,1
8578,2
8579,1
8580,1
8581,1
8582,1
8583,3
8584,3
8585,2
8586,1
8587,2
8588,0
8589,0
8590,4
8591,2
8592,4
8593,0
8595,3
8596,3
8597,0
8598,2
8599,1
8600,0
8601,2
8602,0
8603,4
8604,4
8605,2
8606,1
8607,1
8608,1
8609,4
8610,4
8611,2
8612,4
8613,3
8614,4
8615,2
8616,3
8617,0
8618,1
8619,0
8620,4
8621,1
8622,3
8623,4
8624,2
8625,1
8626,4
8627,4
8628,1
8629,1
8630,4
8631,4
8632,4
8633,2
8634,2
8635,3
8636,0
8637,0
8638,2
8639,2
8640,0
8641,0
8642,0
8644,3
8645,1
8646,0
8647,4
8648,4
8649,2
8650,3
8651,3
8652,0
8654,4
8655,2
8656,4
8657,3
8658,0
8659,4
8660,1
8661,2
8662,2
8663,3
8664,3
8665,0
8666,3
8667,3
8668,4
8670,2
8671,2
8672,3
8673,3
8674,1
8675,3
8676,1
8677,3
8678,0
8679,1
8680,2
8681,4
8682,4
8684,4
8685,1
8686,3
8687,2
8688,3
8689,0
8690,4
8692,2
8693,0
8694,2
8695,2
8696,1
8697,3
8698,2
8699,0
8700,1
8701,1
8702,2
8703,3
8704,4
8705,4
8706,3
8707,2
8708,2
8709,4
8710,3
8711,1
8712,3
8713,0
8714,0
8715,3
8716,1
8717,1
8718,0
8719,1
8720,0
8721,3
8722,3
8723,3
8724,1
8725,1
8726,2
8727,2
8728,4
8729,3
8730,2
8731,3
8732,2
8733,3
8734,0
8735,3
8737,4
8738,4
8739,1
8741,2
8742,4
8743,2
8744,1
8745,4
8746,1
8747,2
8748,4
8749,3
8750,4
8751,0
8753,2
8754,3
8755,2
8756,1
8757,2
8758,1
8759,1
8760,3
8761,4
8762,2
8763,4
8764,3
8765,3
8766,0
8767,4
8768,3
8769,4
8770,0
8771,1
8772,3
8773,3
8774,1
8775,4
8776,3
8778,3
8779,1
8780,0
8781,4
8782,4
8783,2
8784,2
8785,4
8786,4
8787,2
8788,2
8789,2
8790,1
8791,1
8792,4
8793,4
8794,4
8795,1
8797,3
8798,2
8799,2
8800,1
8801,0
8802,3
8803,4
8804,3
8805,2
8806,1
8807,0
8808,0
8809,3
8810,3
8811,1
8812,3
8813,1
8814,1
8815,2
8816,4
8817,0
8818,1
8819,1
8820,1
8822,1
8823,4
8825,2
8827,1
8828,1
8829,2
8830,2
8831,1
8832,4
8833,4
8834,2
8835,3
8836,4
8837,0
8838,1
8839,4
8840,3
8841,0
8842,4
8843,2
8844,2
8845,0
8846,1
8847,0
8848,3
8849,4
8850,3
8851,1
8852,4
8854,3
8855,2
8856,3
8857,4
8858,0
8859,3
8860,0
8861,2
8862,1
8863,0
8864,0
8865,0
8866,0
8867,4
8868,0
8869,2
8870,3
8871,0
8872,3
8873,1
8874,3
8875,0
8876,1
8877,4
8878,1
8879,3
8880,0
8881,1
8882,0
8883,0
8884,0
8885,0
8886,0
8888,2
8889,2
8890,1
8891,2
8892,3
8893,0
8895,2
8896,2
8897,2
8898,4
8899,1
8900,4
8901,2
8902,4
8903,2
8904,2
8905,2
8906,0
8907,3
8908,1
8909,3
8910,4
8911,0
8912,2
8913,4
8914,2
8916,4
8917,4
8918,1
8919,0
8920,3
8921,4
8922,1
8923,4
8924,2
8925,0
8926,4
8927,2
8928,1
8929,0
8930,4
8932,2
8933,3
8934,1
8935,0
8936,3
8937,4
8938,4
8939,2
8940,3
8942,1
8943,4
8944,2
8945,4
8946,2
8947,3
8948,3
8949,2
8950,0
8951,4
8952,3
8953,4
8954,4
8955,4
8956,1
8957,4
8958,0
8959,4
8960,0
8961,3
8962,2
8963,1
8964,3
8965,3
8966,4
8967,1
8968,0
8969,4
8971,3
8972,0
8973,2
8974,2
8975,0
8976,3
8977,1
8978,1
8979,3
8980,0
8981,2
8982,2
8983,0
8984,1
8985,4
8986,3
8987,2
8988,1
8989,2
8990,4
8992,3
8993,2
8994,4
8995,4
8996,4
8997,3
8998,3
8999,2
9000,4
9001,3
9002,3
9003,2
9005,0
9006,2
9007,1
9008,1
9009,1
9010,4
9011,4
9012,4
9013,3
9014,0
9015,2
9016,3
9017,1
9018,1
9019,2
9020,4
9021,0
9023,4
9024,4
9025,4
9026,2
9027,2
9028,4
9029,0
9030,4
9032,1
9034,1
9035,2
9036,2
9037,4
9038,1
9039,1
9040,4
9041,4
9042,1
9043,3
9044,4
9045,0
9046,1
9047,3
9049,3
9050,1
9051,4
9052,4
9053,3
9054,1
9055,1
9056,4
9057,4
9058,1
9059,3
9060,3
9061,0
9062,4
9064,1
9065,4
9066,2
9068,0
9069,4
9070,2
9071,4
9072,3
9073,4
9074,2
9075,1
9076,4
9077,4
9078,1
9079,1
9080,4
9081,3
9082,0
9083,0
9084,0
9085,4
9086,0
9087,1
9088,3
9089,1
9090,0
9091,2
9092,1
9093,3
9094,4
9095,1
9096,4
9097,0
9098,3
9099,4
9100,4
9101,2
9102,2
9103,0
9104,4
9105,1
9106,2
9107,4
9108,1
9109,3
9110,3
9111,2
9112,3
9113,0
9114,0
9115,2
9116,2
9117,1
9118,1
9119,1
9120,4
9121,4
9122,3
9123,1
9124,0
9125,3
9126,0
9128,1
9129,0
9130,4
9131,2
9132,4
9133,1
9134,3
9135,3
9136,3
9137,3
9138,0
9139,0
9140,1
9141,3
9142,0
9143,3
9144,2
9145,4
9146,0
9147,3
9148,1
9149,1
9150,4
9152,2
9153,1
9154,4
9155,4
9156,1
9157,2
9158,1
9159,0
9160,1
9161,3
9163,3
9164,4
9165,4
9166,3
9167,0
9168,3
9169,3
9170,2
9171,1
9172,3
9173,3
9174,2
9175,3
9176,4
9177,3
9178,2
9179,4
9180,0
9181,0
9182,0
9183,0
9184,3
9186,3
9187,1
9188,0
9189,0
9190,0
9191,0
9192,0
9193,4
9194,4
9195,0
9196,3
9197,0
9198,2
9199,1
9200,0
9201,0
9202,2
9203,4
9204,4
9205,0
9206,2
9207,4
9209,3
9210,2
9211,1
9212,1
9213,4
9214,3
9215,3
9216,3
9217,3
9218,0
9219,3
9220,3
9221,3
9222,4
9223,4
9224,4
9225,0
9226,3
9227,2
9228,4
9229,1
9230,1
9231,1
9232,1
9233,1
9234,1
9235,0
9236,4
9237,1
9238,0
9239,0
9240,2
9241,2
9242,3
9243,1
9244,4
9245,4
9246,4
9248,4
9249,0
9250,0
9251,3
9252,3
9253,3
9254,3
9255,0
9256,3
9257,0
9258,1
9259,3
9260,1
9261,4
9262,1
9263,0
9264,4
9265,1
9266,2
9267,3
9268,4
9269,1
9270,1
9271,1
9272,0
9273,4
9274,3
9275,4
9276,4
9277,4
9278,2
9279,3
9280,0
9281,2
9282,3
9283,3
9284,1
9285,3
9286,2
9287,3
9288,0
9289,0
9290,2
9291,1
9292,4
9293,1
9294,3
9295,3
9296,4
9297,3
9298,2
9299,1
9300,1
9301,1
9303,2
9304,4
9305,3
9306,2
9307,1
9308,2
9309,1
9311,3
9312,1
9313,0
9314,0
9315,1
9316,1
9317,2
9318,4
9319,1
9320,1
9321,0
9322,0
9323,0
9324,0
9325,2
9326,2
9327,0
9328,2
9329,2
9330,4
9331,3
9332,4
9333,4
9334,0
9335,3
9336,0
9337,0
9338,0
9339,0
9340,1
9341,2
9342,1
9344,2
9345,4
9347,4
9348,2
9349,1
9350,3
9351,2
9352,3
9353,2
9354,1
9355,0
9356,3
9357,0
9358,1
9359,2
9360,2
9361,4
9362,4
9363,1
9364,2
9365,1
9366,1
9367,3
9369,2
9370,4
9371,0
9373,3
9374,2
9375,3
9376,1
9377,1
9378,3
9379,0
9380,0
9381,2
9382,1
9383,1
9384,4
9385,4
9386,0
9388,0
9389,4
9390,2
9391,2
9392,1
9393,1
9394,3
9395,1
9396,2
9397,4
9399,1
9400,1
9401,1
9402,1
9403,4
9404,1
9405,2
9406,0
9407,2
9408,2
9409,2
9410,0
9411,0
9412,2
9413,0
9414,1
9415,1
9416,2
9417,1
9418,3
9419,2
9420,3
9421,3
9422,4
9423,4
9424,2
9426,0
9427,4
9428,0
9429,1
9430,1
9431,2
9432,2
9433,2
9434,3
9435,4
9436,0
9437,0
9438,1
9439,0
9440,0
9441,3
9442,2
9443,3
9444,0
9445,3
9446,0
9447,2
9448,1
9449,4
9450,4
9451,1
9452,0
9453,0
9454,0
9455,4
9456,1
9457,1
9458,3
9459,4
9460,1
9461,3
9462,2
9463,2
9464,4
9465,4
9466,4
9467,2
9469,3
9470,0
9472,3
9473,1
9474,4
9475,4
9476,1
9478,0
9479,0
9481,1
9482,2
9483,0
9484,4
9485,0
9486,1
9487,0
9488,1
9489,4
9490,2
9491,4
9492,4
9493,0
9494,2
9495,2
9496,3
9497,4
9498,0
9499,2
9500,2
9501,0
9502,4
9503,0
9504,0
9505,1
9506,4
9507,4
9508,0
9509,0
9510,2
9511,3
9512,0
9513,0
9514,0
9515,0
9516,2
9517,4
9518,3
9519,3
9520,4
9521,1
9522,1
9523,1
9524,1
9525,0
9526,2
9527,0
9528,0
9529,3
9530,1
9531,4
9532,1
9533,1
9534,4
9535,0
9536,0
9537,0
9538,3
9539,3
9540,2
9541,1
9542,2
9543,4
9544,4
9545,1
9546,0
9547,4
9548,4
9549,4
9550,3
9551,2
9552,0
9553,0
9554,0
9555,1
9556,0
9557,2
9558,3
9559,4
9560,1
9561,1
9562,4
9563,3
9564,0
9565,0
9566,3
9567,4
9568,1
9569,0
9570,0
9572,2
9573,3
9574,3
9575,2
9576,4
9577,1
9578,2
9580,1
9581,4
9582,1
9583,3
9584,4
9585,3
9586,1
9587,2
9588,1
9589,4
9590,2
9591,4
9592,0
9593,4
9594,2
9595,1
9596,0
9597,4
9598,3
9599,4
9600,0
9601,0
9602,4
9603,0
9604,4
9605,3
9606,2
9607,4
9608,0
9609,0
9610,1
9611,2
9612,1
9613,4
9614,1
9615,0
9616,0
9617,4
9618,1
9619,1
9620,0
9622,0
9623,1
9624,1
9625,0
9626,0
9627,2
9628,4
9629,2
9630,4
9631,0
9632,1
9633,4
9635,3
9636,0
9637,0
9638,4
9639,4
9640,2
9641,1
9642,1
9643,4
9644,0
9645,2
9646,2
9647,1
9648,0
9649,0
9650,4
9651,3
9652,4
9653,4
9654,2
9655,3
9656,4
9657,3
9658,4
9659,0
9660,1
9661,1
9662,4
9663,0
9664,3
9665,4
9666,0
9667,2
9668,3
9669,3
9670,2
9671,2
9672,0
9673,4
9674,1
9675,2
9676,1
9677,0
9678,1
9679,1
9680,1
9681,3
9682,4
9683,3
9684,3
9685,1
9686,3
9687,0
9688,1
9689,1
9690,4
9691,0
9693,3
9694,2
9695,1
9696,4
9697,0
9698,2
9699,3
9700,4
9701,4
9703,3
9704,3
9705,3
9706,4
9707,0
9708,2
9709,4
9710,2
9711,3
9712,4
9713,3
9714,2
9715,1
9716,1
9717,4
9718,0
9719,4
9720,3
9721,1
9722,3
9723,3
9724,3
9725,4
9726,3
9727,0
9728,0
9729,0
9730,3
9731,0
9732,2
9733,3
9734,4
9735,1
9737,1
9739,4
9741,1
9742,2
9743,3
9744,3
9745,4
9746,3
9747,1
9748,3
9749,0
9750,3
9751,4
9752,2
9753,3
9754,2
9755,0
9756,4
9757,0
9758,4
9759,4
9760,3
9761,2
9762,3
9763,0
9764,0
9766,4
9767,1
9768,2
9769,0
9770,4
9771,0
9772,3
9773,3
9774,1
9775,0
9776,0
9777,0
9778,4
9779,3
9780,0
9781,0
9782,3
9783,2
9784,2
9785,3
9786,2
9787,1
9788,4
9789,1
9790,1
9791,1
9792,3
9793,1
9794,4
9795,4
9796,4
9797,4
9798,2
9799,1
9800,1
9801,2
9802,4
9804,1
9805,4
9806,1
9807,3
9809,4
9810,4
9811,4
9812,1
9813,1
9814,2
9816,3
9817,3
9818,0
9819,1
9820,3
9821,4
9822,4
9823,1
9824,1
9825,2
9826,0
9827,0
9829,0
9830,0
9831,1
9832,2
9833,2
9834,2
9835,0
9836,0
9837,1
9838,1
9839,3
9840,3
9841,3
9842,1
9843,4
9844,4
9845,2
9846,1
9847,0
9848,2
9849,0
9850,4
9851,0
9852,3
9853,3
9854,4
9856,3
9857,3
9858,3
9859,3
9860,0
9861,1
9862,2
9863,4
9864,4
9865,3
9866,3
9867,0
9868,1
9869,0
9870,1
9871,0
9872,0
9873,1
9874,4
9875,0
9876,4
9877,3
9878,3
9879,0
9880,4
9881,2
9882,2
9883,2
9884,4
9885,4
9886,3
9887,3
9888,4
9889,2
9890,3
9891,3
9892,0
9893,3
9894,3
9895,2
9896,2
9897,2
9898,0
9899,0
9900,4
9901,2
9902,3
9903,1
9904,3
9905,2
9906,3
9907,0
9908,1
9909,0
9910,3
9911,1
9912,0
9913,4
9914,1
9916,2
9917,3
9918,2
9919,3
9920,0
9921,0
9922,3
9923,2
9925,2
9926,2
9927,0
9928,0
9929,4
9930,3
9931,2
9932,2
9933,1
9934,0
9935,3
9936,0
9937,3
9938,4
9939,3
9940,2
9941,2
9942,4
9943,1
9945,3
9946,1
9947,3
9948,0
9949,0
9951,3
9952,4
9953,2
9954,4
9955,2
9956,4
9957,1
9958,0
9959,1
9960,0
9961,4
9962,2
9963,4
9964,4
9965,3
9966,4
9967,1
9968,4
9969,1
9970,1
9971,1
9972,0
9973,0
9974,0
9975,3
9976,0
9977,1
9978,1
9979,3
9980,2
9981,2
9982,2
9983,1
9984,4
9985,4
9986,1
9987,2
9988,2
9989,2
9990,0
9991,3
9992,3
9993,2
9994,2
9995,4
9996,2
9997,1
9998,2
9999,0
10000,1
10001,1
10002,2
10003,3
10004,1
10005,4
10006,4
10007,4
10008,2
10009,3
10010,3
10011,3
10012,2
10013,2
10014,4
10015,3
10016,4
10017,0
10018,1
10019,2
10020,1
10021,2
10022,3
10023,0
10024,4
10025,2
10026,4
10027,3
10028,0
10029,0
10030,0
10031,4
10032,2
10033,4
10034,4
10035,0
10036,1
10037,0
10038,4
10039,1
10040,2
10041,0
10042,0
10043,0
10044,0
10045,0
10046,3
10047,1
10048,3
10049,4
10050,2
10051,2
10052,0
10053,1
10054,4
10056,2
10057,2
10058,3
10059,3
10060,1
10061,0
10062,4
10063,2
10064,0
10065,0
10066,4
10067,3
10068,2
10069,0
10070,1
10072,3
10073,2
10074,4
10075,3
10076,2
10077,0
10078,4
10079,0
10080,1
10081,0
10082,3
10083,4
10084,0
10085,1
10086,0
10087,2
10088,2
10089,2
10090,0
10091,0
10092,4
10093,0
10094,4
10095,0
10096,1
10097,1
10098,2
10099,4
10100,4
10101,1
10102,4
10103,1
10104,3
10106,0
10107,3
10108,1
10109,3
10110,0
10111,4
10112,3
10113,1
10114,1
10115,2
10116,1
10117,2
10118,2
10119,1
10120,1
10121,4
10122,0
10123,2
10124,2
10125,2
10126,2
10127,0
10128,1
10129,2
10130,2
10131,3
10132,1
10133,0
10134,3
10135,0
10136,3
10137,3
10138,4
10139,4
10140,2
10141,4
10142,1
10143,2
10144,1
10145,0
10146,2
10147,0
10149,1
10150,1
10151,4
10152,3
10153,0
10154,0
10155,0
10156,0
10157,4
10158,0
10159,2
10161,1
10162,0
10163,1
10164,3
10165,3
10166,2
10167,0
10169,3
10170,4
10171,2
10172,3
10173,1
10174,2
10175,2
10176,4
10177,4
10178,2
10179,1
10180,3
10181,3
10182,3
10183,4
10184,4
10185,2
10186,2
10187,3
10188,1
10189,4
10190,0
10191,0
10192,1
10194,1
10195,4
10196,4
10197,1
10198,4
10199,4
10200,3
10201,0
10202,2
10203,2
10204,1
10205,0
10206,4
10207,1
10208,3
10209,3
10210,2
10212,2
10213,4
10214,2
10215,2
10216,2
10217,2
10218,2
10219,4
10220,2
10221,0
10222,0
10223,4
10225,1
10226,4
10227,0
10228,3
10229,3
10230,1
10231,0
10233,2
10234,4
10235,1
10236,0
10237,4
10238,1
10240,1
10241,3
10242,3
10243,4
10244,0
10245,4
10246,2
10247,4
10248,2
10249,2
10250,4
10251,2
10252,0
10253,4
10255,0
10257,1
10258,3
10259,0
10260,0
10261,3
10262,2
10263,1
10264,3
10265,1
10266,4
10267,0
10268,1
10269,3
10270,2
10272,0
10273,1
10274,0
10275,0
10276,0
10277,4
10278,1
10279,4
10280,1
10281,4
10282,0
10283,2
10284,3
10285,0
10286,2
10287,0
10288,3
10289,3
10290,0
10291,1
10292,0
10293,0
10294,4
10295,3
10296,2
10297,2
10298,4
10299,3
10300,2
10301,0
10302,1
10303,2
10304,4
10305,1
10306,0
10307,1
10308,2
10309,2
10310,4
10311,3
10312,2
10313,2
10314,3
10315,2
10316,4
10317,1
10318,0
10319,4
10320,1
10321,4
10322,4
10323,0
10324,0
10325,3
10326,3
10327,2
10328,1
10329,3
10330,4
10331,2
10332,0
10333,2
10335,3
10336,3
10337,4
10338,1
10339,1
10340,3
10341,2
10342,4
10343,0
10344,4
10345,0
10346,1
10347,3
10348,4
10349,2
10350,0
10351,1
10352,4
10353,1
10354,0
10355,1
10356,1
10357,4
10358,1
10359,2
10360,3
10361,4
10362,0
10363,1
10364,0
10366,2
10367,2
10368,2
10369,2
10370,3
10371,1
10372,0
10373,3
10374,0
10375,0
10376,4
10377,2
10378,2
10379,2
10382,4
10383,0
10384,2
10385,1
10386,0
10388,2
10389,2
10390,4
10391,3
10392,1
10393,2
10394,1
10395,0
10396,4
10397,3
10398,2
10399,0
10400,4
10401,3
10402,1
10403,2
10404,0
10405,0
10407,1
10408,4
10410,4
10411,3
10412,4
10413,0
10414,0
10415,4
10416,4
10417,1
10418,1
10419,3
10420,0
10422,2
10423,3
10424,2
10425,0
10426,2
10427,1
10428,1
10429,1
10430,1
10431,2
10432,0
10433,0
10434,3
10435,0
10436,2
10437,1
10438,2
10439,4
10440,2
10441,4
10442,1
10444,3
10445,2
10446,4
10448,0
10449,4
10450,2
10451,1
10452,1
10453,1
10454,3
10455,1
10456,1
10457,0
10458,1
10459,4
10460,4
10461,4
10462,4
10463,1
10464,2
10465,1
10466,1
10467,0
10468,0
10470,4
10471,1
10472,4
10473,1
10474,3
10475,3
10476,3
10477,3
10478,3
10479,3
10480,2
10481,1
10482,1
10483,0
10484,2
10485,2
10486,4
10487,4
10488,3
10489,4
10490,0
10491,1
10492,3
10493,3
10494,4
10495,0
10496,4
10497,2
10498,4
10499,4
10500,3
10501,3
10502,3
10503,4
10504,2
10505,0
10506,0
10508,2
10509,1
10511,4
10512,0
10513,2
10514,2
10515,0
10516,2
10518,3
10519,1
10520,0
10521,4
10522,3
10523,0
10524,3
10525,0
10526,3
10527,1
10528,2
10529,0
10530,0
10531,3
10533,0
10534,2
10535,2
10536,0
10537,0
10538,4
10539,0
10541,4
10542,2
10543,1
10544,1
10545,2
10546,4
10547,0
10548,1
10549,2
10550,3
10551,0
10552,1
10553,3
10554,4
10555,3
10556,3
10557,1
10558,0
10560,4
10561,4
10562,1
10563,2
10564,3
10565,2
10566,2
10567,3
10568,3
10569,0
10570,1
10571,1
10572,2
10573,1
10574,3
10575,0
10576,3
10577,0
10578,3
10579,4
10580,0
10581,0
10582,0
10583,2
10584,2
10585,2
10586,3
10587,1
10588,3
10589,1
10590,1
10591,4
10593,4
10594,4
10595,2
10596,2
10597,3
10598,1
10599,0
10600,0
10601,1
10602,1
10603,2
10605,4
10606,3
10607,2
10609,1
10610,4
10611,1
10612,3
10613,2
10614,0
10615,0
10616,3
10617,1
10618,0
10619,3
10620,3
10621,1
10622,1
10623,2
10624,4
10625,1
10626,1
10627,4
10628,2
10629,2
10630,0
10631,4
10632,2
10633,2
10634,1
10635,4
10636,1
10637,1
10638,2
10639,4
10640,3
10641,1
10642,0
10643,3
10644,0
10645,4
10646,2
10647,4
10648,1
10649,1
10653,3
10654,2
10655,0
10656,0
10657,2
10658,0
10659,3
10660,4
10661,3
10662,2
10663,0
10664,4
10665,3
10666,1
10667,3
10668,1
10669,1
10670,2
10671,2
10672,0
10673,2
10674,2
10675,2
10676,1
10677,2
10678,2
10679,4
10680,3
10681,2
10682,2
10683,1
10684,2
10685,3
10686,1
10687,3
10688,4
10689,0
10690,1
10691,0
10692,0
10693,3
10694,3
10695,4
10696,0
10698,2
10699,1
10700,0
10701,1
10702,0
10703,2
10704,4
10705,3
10706,2
10707,2
10708,4
10709,4
10710,1
10712,4
10713,1
10715,3
10716,4
10717,4
10718,2
10720,4
10721,1
10722,3
10723,1
10724,0
10725,0
10726,2
10727,3
10728,2
10729,2
10730,3
10731,3
10732,0
10734,2
10736,3
10737,0
10738,2
10739,4
10740,3
10741,1
10742,2
10743,2
10744,2
10745,4
10746,3
10747,0
10748,4
10749,1
10750,3
10751,4
10752,0
10753,0
10755,4
10756,4
10757,0
10758,3
10759,3
10760,0
10761,3
10762,4
10763,2
10764,4
10765,0
10766,0
10767,0
10768,0
10769,0
10770,1
10771,0
10772,3
10773,0
10774,2
10775,3
10776,3
10777,1
10778,4
10779,4
10780,3
10781,1
10782,2
10784,0
10785,4
10786,3
10787,4
10788,3
10789,3
10790,1
10791,4
10792,1
10793,4
10794,2
10795,4
10796,4
10797,3
10798,0
10799,4
10800,4
10801,1
10802,2
10803,1
10804,0
10805,2
10806,4
10807,2
10808,2
10809,0
10810,4
10811,1
10812,1
10813,1
10814,2
10815,3
10816,0
10817,0
10818,1
10819,1
10820,2
10821,4
10822,1
10823,4
10824,2
10825,4
10826,2
10827,1
10828,1
10829,4
10830,1
10831,4
10832,1
10833,2
10834,3
10835,2
10836,1
10837,1
10839,0
10842,3
10843,4
10844,2
10845,3
10846,4
10847,1
10848,3
10849,2
10850,1
10851,1
10852,0
10853,4
10854,3
10855,0
10856,1
10857,3
10858,0
10859,0
10860,2
10861,1
10862,0
10863,1
10864,2
10865,1
10866,0
10867,1
10868,1
10869,3
10870,0
10871,0
10872,0
10873,2
10874,1
10875,3
10876,1
10877,0
10878,3
10879,2
10880,3
10881,1
10883,2
10884,2
10885,4
10886,1
10887,0
10888,3
10889,0
10890,2
10891,2
10892,1
10893,1
10894,1
10895,2
10896,2
10897,2
10898,0
10899,3
10900,0
10901,4
10902,1
10903,4
10904,1
10905,2
10906,1
10907,1
10908,1
10909,4
10910,4
10911,3
10912,1
10913,0
10914,0
10915,1
10916,0
10917,2
10918,1
10919,2
10920,2
10921,0
10922,1
10923,4
10925,2
10926,2
10927,4
10928,0
10929,1
10930,0
10931,3
10932,0
10934,1
10935,3
10936,1
10937,0
10938,0
10939,3
10940,0
10941,2
10942,0
10943,1
10944,2
10945,2
10946,4
10947,3
10948,3
10949,1
10950,0
10951,2
10952,2
10953,0
10954,3
10955,0
10956,4
10957,4
10958,0
10959,0
10960,0
10961,4
10962,0
10963,1
10964,2
10965,2
10966,4
10967,1
10968,4
10969,0
10970,4
10971,2
10972,4
10973,0
10974,3
10975,2
10976,1
10977,3
10978,0
10979,0
10980,1
10981,0
10982,2
10984,0
10985,3
10986,0
10987,3
10988,3
10989,3
10990,0
10993,2
10994,2
10995,1
10996,2
10997,4
10998,4
10999,2
11000,1
11001,2
11002,3
11003,0
11004,4
11006,2
11007,2
11008,4
11009,3
11010,0
11011,3
11012,1
11013,0
11014,2
11015,1
11016,3
11017,2
11018,0
11019,0
11020,1
11021,3
11022,4
11024,0
11025,1
11026,1
11027,1
11028,4
11029,3
11030,1
11031,4
11032,2
11033,4
11034,1
11035,0
11036,0
11037,1
11038,1
11039,3
11040,2
11041,0
11042,4
11044,1
11045,2
11046,2
11047,3
11048,0
11049,0
11050,3
11051,4
11052,2
11053,2
11054,3
11055,3
11056,3
11057,3
11058,1
11059,4
11060,0
11061,1
11062,0
11063,0
11065,1
11066,3
11067,1
11068,2
11069,4
11070,2
11071,2
11072,4
11073,0
11074,4
11075,3
11076,3
11077,3
11078,4
11079,0
11082,3
11083,1
11084,4
11085,0
11086,0
11087,0
11088,0
11089,2
11090,1
11091,0
11092,4
11093,3
11094,1
11095,3
11096,1
11097,4
11098,3
11099,1
11100,0
11101,0
11102,1
11103,1
11104,2
11105,1
11106,4
11107,0
11108,4
11109,2
11110,4
11111,4
11112,4
11113,2
11114,3
11115,0
11116,2
11117,4
11118,4
11119,1
11120,4
11121,4
11122,3
11123,0
11124,3
11125,1
11126,0
11127,1
11128,3
11129,0
11130,4
11131,2
11132,2
11133,1
11134,4
11135,4
11136,0
11137,3
11138,1
11139,3
11140,1
11141,4
11142,4
11143,4
11144,1
11145,3
11146,2
11147,4
11148,1
11149,0
11150,1
11151,1
11152,1
11153,1
11154,4
11155,3
11156,4
11157,1
11158,2
11159,4
11160,1
11161,1
11162,0
11163,3
11164,0
11165,1
11167,0
11168,3
11169,2
11170,2
11171,3
11172,4
11173,1
11174,0
11175,4
11176,2
11177,3
11178,0
11179,1
11180,2
11181,0
11182,4
11183,1
11184,1
11185,1
11186,2
11187,2
11188,2
11189,1
11190,4
11191,4
11192,3
11193,2
11194,2
11195,1
11196,0
11197,2
11198,0
11199,0
11200,0
11201,0
11202,0
11203,0
11204,3
11205,4
11206,3
11207,2
11208,0
11209,0
11210,0
11211,0
11212,3
11213,1
11214,0
11215,0
11216,4
11217,1
11218,1
11219,0
11220,4
11221,2
11222,3
11223,1
11224,3
11225,1
11226,3
11227,3
11228,4
11229,2
11230,4
11231,3
11232,2
11233,2
11234,3
11235,4
11236,1
11237,0
11239,1
11240,1
11241,3
11242,1
11243,0
11244,3
11245,3
11246,2
11247,3
11248,2
11249,4
11250,2
11251,1
11252,4
11253,3
11254,3
11256,1
11257,4
11258,2
11259,2
11260,1
11261,4
11262,0
11263,3
11264,3
11265,1
11266,0
11268,4
11269,4
11270,3
11271,3
11272,2
11273,2
11274,4
11275,4
11276,2
11277,3
11278,4
11279,4
11280,1
11281,0
11282,1
11283,3
11284,4
11285,4
11286,3
11287,4
11288,1
11289,3
11290,4
11291,3
11292,3
11293,1
11294,0
11295,3
11296,0
11298,3
11299,3
11300,4
11301,0
11302,0
11303,3
11304,1
11305,1
11306,1
11307,1
11308,1
11309,2
11310,0
11311,0
11312,3
11313,4
11314,4
11315,2
11316,4
11317,3
11318,2
11319,0
11320,0
11321,2
11322,1
11323,1
11324,2
11325,3
11326,2
11329,0
11330,2
11331,4
11332,0
11333,3
11334,1
11336,3
11337,0
11338,2
11339,1
11340,4
11341,3
11342,4
11343,4
11344,3
11345,3
11346,2
11347,0
11348,0
11349,1
11350,4
11351,0
11352,2
11353,2
11354,1
11355,3
11356,3
11358,3
11359,3
11360,1
11361,1
11362,0
11363,2
11364,0
11365,3
11366,2
11367,4
11369,2
11370,4
11371,3
11372,4
11373,1
11374,3
11375,2
11376,2
11377,3
11378,4
11379,1
11380,2
11381,2
11382,2
11383,0
11384,0
11385,4
11386,2
11387,4
11388,1
11389,1
11390,4
11391,0
11392,1
11393,0
11394,0
11395,0
11397,3
11398,4
11399,4
11401,1
11402,1
11403,1
11404,3
11405,2
11406,1
11407,3
11408,4
11409,2
11410,4
11411,3
11412,1
11413,1
11414,3
11415,3
11416,1
11417,2
11418,2
11419,1
11420,0
11421,4
11422,2
11423,0
11424,3
11425,0
11426,4
11427,2
11428,2
11429,1
11430,1
11431,0
11432,4
11433,1
11434,4
11435,1
11436,0
11437,3
11438,1
11439,0
11440,3
11441,3
11442,4
11443,0
11444,3
11445,1
11446,1
11447,4
11448,0
11449,0
11450,3
11451,0
11452,4
11453,3
11454,3
11455,0
11456,3
11457,3
11458,4
11459,0
11460,2
11461,2
11462,1
11463,3
11464,1
11465,1
11466,3
11467,0
11468,0
11469,0
11470,2
11471,0
11472,3
11473,3
11474,3
11475,0
11476,0
11477,1
11478,4
11480,4
11481,3
11482,2
11483,3
11484,2
11485,3
11486,2
11487,2
11488,3
11489,1
11490,2
11491,1
11492,2
11493,4
11494,1
11495,0
11496,4
11497,1
11498,2
11499,0
11501,2
11502,0
11503,4
11506,3
11507,3
11508,1
11509,4
11510,3
11511,2
11512,2
11513,2
11514,3
11515,0
11516,1
11517,4
11518,0
11519,0
11520,4
11521,4
11522,4
11524,3
11525,0
11526,4
11527,1
11528,3
11529,3
11530,0
11533,4
11534,1
11535,1
11536,1
11537,2
11538,2
11539,0
11540,4
11541,1
11542,0
11543,0
11544,0
11545,2
11546,2
11547,4
11548,3
11549,1
11550,2
11551,2
11552,2
11553,4
11554,2
11555,1
11556,2
11557,4
11558,2
11559,0
11560,3
11561,1
11562,1
11563,3
11564,4
11565,3
11566,0
11567,0
11568,0
11569,4
11570,3
11571,2
11572,2
11573,4
11574,3
11575,1
11576,1
11577,4
11578,3
11579,2
11580,4
11581,3
11582,0
11583,1
11584,3
11586,2
11587,2
11588,4
11589,3
11590,1
11591,3
11592,3
11593,4
11594,2
11595,3
11596,2
11597,1
11598,4
11599,4
11601,2
11602,1
11603,0
11604,4
11605,1
11606,3
11608,2
11609,3
11611,3
11612,4
11613,1
11614,3
11615,0
11616,0
11617,4
11618,4
11619,2
11620,1
11621,1
11622,1
11623,0
11624,2
11625,1
11626,0
11627,1
11628,2
11629,3
11630,3
11631,2
11632,0
11633,4
11634,1
11635,2
11636,3
11637,4
11638,4
11639,3
11640,3
11641,4
11642,0
11643,4
11644,4
11645,4
11646,1
11647,0
11648,1
11649,3
11650,1
11651,1
11652,3
11653,3
11654,0
11655,3
11656,0
11657,0
11658,1
11659,4
11660,3
11661,4
11662,1
11663,0
11664,0
11665,4
11666,2
11667,2
11668,4
11669,4
11670,2
11671,2
11672,3
11673,1
11674,1
11675,3
11676,4
11677,1
11678,1
11679,1
11680,4
11681,1
11682,4
11683,0
11684,2
11685,1
11686,3
11687,3
11688,0
11689,4
11690,1
11691,4
11692,4
11693,4
11694,4
11695,1
11696,2
11697,3
11698,2
11699,0
11700,0
11701,0
11702,0
11703,4
11704,0
11705,3
11706,3
11707,1
11709,2
11711,2
11712,1
11713,2
11714,1
11715,0
11716,1
11717,3
11718,4
11719,1
11720,2
11721,4
11722,3
11723,0
11724,3
11725,3
11726,4
11727,4
11728,0
11729,2
11730,2
11731,0
11732,0
11733,0
11734,1
11735,4
11736,4
11737,2
11738,2
11739,1
11740,4
11741,1
11742,0
11743,1
11744,4
11745,2
11746,0
11747,0
11748,1
11749,2
11750,2
11751,1
11752,0
11753,0
11754,1
11755,4
11756,0
11757,3
11758,2
11759,3
11760,1
11761,4
11762,4
11763,4
11764,2
11765,4
11767,4
11768,1
11769,3
11771,0
11772,2
11773,4
11774,3
11775,4
11776,4
11777,3
11778,3
11779,1
11780,3
11781,2
11782,0
11783,4
11784,4
11785,4
11786,3
11787,4
11788,0
11789,3
11790,1
11791,3
11792,0
11793,1
11794,1
11795,0
11796,1
11797,0
11798,3
11799,4
11800,3
11801,1
11802,3
11803,3
11804,4
11805,3
11806,1
11807,4
11808,1
11809,3
11810,1
11811,0
11812,0
11813,1
11814,4
11815,4
11816,1
11817,4
11818,4
11819,1
11820,1
11821,1
11822,0
11823,3
11824,0
11825,0
11826,4
11827,3
11828,3
11829,0
11830,0
11831,2
11832,4
11833,4
11834,3
11835,1
11836,3
11837,3
11838,1
11839,2
11840,1
11841,4
11842,0
11843,2
11844,1
11845,1
11846,3
11847,0
11848,4
11849,3
11850,3
11851,1
11852,3
11853,1
11854,4
11855,4
11856,0
11857,0
11858,3
11860,2
11861,1
11862,0
11864,4
11865,1
11866,1
11867,1
11868,0
11869,2
11870,0
11871,0
11872,4
11873,2
11874,1
11875,0
11876,1
11877,0
11878,2
11879,4
11880,2
11881,2
11882,2
11883,1
11884,4
11885,0
11886,2
11887,4
11888,1
11889,2
11890,4
11891,3
11892,3
11893,1
11894,3
11895,0
11896,3
11897,3
11898,1
11899,4
11900,0
11901,3
11902,3
11903,4
11904,4
11905,4
11906,0
11909,3
11910,2
11911,2
11912,4
11913,1
11914,4
11915,2
11916,3
11917,3
11918,4
11919,3
11920,0
11921,4
11922,3
11923,4
11924,3
11925,3
11926,1
11927,2
11928,1
11929,4
11930,3
11931,2
11932,4
11933,4
11934,0
11935,0
11936,1
11937,4
11938,0
11939,0
11940,4
11941,1
11943,1
11944,1
11945,3
11946,0
11947,4
11948,0
11949,2
11950,4
11951,3
11952,2
11953,2
11954,2
11955,4
11956,4
11957,3
11958,3
11959,1
11960,1
11961,4
11962,1
11963,2
11964,2
11965,4
11966,2
11967,0
11968,3
11969,3
11970,0
11971,2
11972,2
11973,4
11974,1
11975,0
11976,2
11978,2
11979,1
11980,0
11981,3
11982,4
11983,1
11984,3
11985,2
11986,3
11987,0
11988,3
11989,0
11990,2
11991,2
11992,1
11993,0
11994,3
11995,4
11996,0
11997,4
11998,3
11999,1
12000,4
12001,2
12002,0
12003,2
12004,1
12005,3
12006,3
12007,1
12008,1
12009,4
12010,0
12011,1
12012,1
12013,1
12014,4
12015,0
12016,0
12017,0
12018,2
12019,3
12020,1
12021,1
12022,1
12023,1
12024,1
12025,0
12029,2
12030,1
12031,1
12032,0
12033,4
12034,4
12035,3
12036,1
12037,0
12038,1
12039,4
12040,0
12041,4
12042,1
12043,2
12044,4
12045,3
12046,4
12047,4
12048,0
12049,0
12050,1
12051,1
12052,1
12053,1
12054,3
12055,2
12056,4
12057,4
12058,4
12059,0
12060,4
12061,4
12062,2
12063,4
12064,3
12065,1
12066,1
12067,1
12068,3
12069,2
12070,3
12071,3
12072,2
12073,0
12074,0
12075,0
12076,3
12078,4
12079,0
12080,0
12081,0
12082,1
12083,1
12084,4
12085,2
12086,0
12087,4
12088,3
12089,0
12090,0
12091,4
12092,2
12093,2
12094,2
12095,4
12096,0
12097,3
12098,4
12099,4
12101,2
12102,2
12103,2
12104,2
12105,1
12106,2
12107,2
12108,0
12109,4
12110,1
12111,2
12112,2
12113,2
12114,0
12115,0
12116,4
12118,2
12119,2
12120,1
12121,4
12122,3
12123,1
12124,1
12125,0
12126,1
12127,4
12128,1
12129,3
12130,0
12131,1
12132,0
12133,4
12134,4
12135,3
12136,1
12137,1
12138,3
12139,3
12140,4
12141,3
12142,3
12143,1
12144,4
12145,4
12146,0
12147,1
12148,3
12149,2
12150,2
12151,1
12152,4
12153,4
12154,3
12155,4
12156,1
12157,1
12158,4
12159,0
12160,3
12161,0
12162,2
12163,1
12164,4
12165,0
12166,4
12167,4
12168,4
12169,3
12170,1
12171,3
12172,4
12173,1
12174,3
12175,4
12176,2
12177,1
12180,4
12181,2
12182,1
12183,3
12184,0
12185,1
12186,1
12187,1
12188,3
12189,3
12190,3
12191,2
12192,3
12193,1
12194,1
12195,2
12196,4
12197,3
12198,2
12200,2
12202,2
12203,2
12204,1
12205,2
12206,2
12207,3
12208,2
12209,4
12210,0
12211,3
12212,0
12213,2
12214,2
12215,4
12216,4
12217,0
12218,1
12220,3
12221,2
12222,0
12223,1
12224,2
12225,0
12226,1
12227,2
12228,1
12229,1
12230,0
12231,3
12232,4
12233,0
12234,2
12235,1
12236,3
12237,0
12238,0
12239,3
12240,3
12241,2
12242,4
12244,1
12245,3
12246,3
12247,3
12248,1
12249,2
12250,4
12251,4
12252,1
12253,2
12255,3
12256,3
12257,0
12258,1
12259,4
12260,1
12261,4
12262,0
12263,3
12264,2
12266,3
12267,0
12268,0
12269,3
12270,4
12272,3
12273,4
12274,3
12275,4
12276,4
12277,0
12278,3
12279,1
12280,3
12281,2
12282,4
12283,0
12284,3
12285,1
12286,0
12287,0
12289,3
12290,4
12291,4
12292,2
12293,2
12294,4
12295,1
12296,2
12297,3
12298,2
12299,2
12300,4
12301,1
12302,0
12303,4
12304,1
12305,1
12306,1
12307,4
12308,0
12309,0
12310,3
12311,0
12313,1
12314,1
12315,1
12316,3
12317,2
12318,3
12319,2
12320,2
12321,0
12322,0
12323,1
12324,3
12325,4
12326,3
12327,3
12328,3
12329,2
12330,2
12331,1
12332,0
12333,0
12334,3
12335,2
12336,4
12337,1
12338,3
12339,3
12340,2
12341,0
12342,0
12343,4
12344,3
12345,3
12346,0
12347,2
12348,3
12349,2
12350,1
12351,0
12352,4
12353,1
12354,4
12355,1
12356,2
12357,2
12358,1
12359,1
12360,3
12361,4
12362,4
12363,3
12364,0
12365,2
12366,0
12367,4
12368,1
12369,4
12370,0
12371,0
12372,1
12373,1
12374,4
12375,1
12377,3
12378,3
12379,2
12380,1
12381,3
12382,2
12383,4
12384,1
12385,3
12386,0
12387,1
12389,2
12390,3
12391,2
12392,3
12394,4
12395,4
12396,1
12397,0
12398,4
12399,2
12400,4
12401,0
12402,4
12403,0
12404,1
12405,1
12406,2
12407,2
12408,1
12409,4
12411,2
12412,1
12413,3
12414,0
12415,0
12416,2
12417,3
12418,4
12419,4
12420,4
12421,3
12422,4
12423,1
12424,3
12425,3
12426,4
12427,1
12428,2
12429,3
12430,4
12431,1
12432,1
12434,2
12435,3
12436,1
12437,0
12438,3
12439,2
12440,2
12441,2
12442,1
12443,0
12444,0
12445,1
12446,2
12447,3
12448,0
12449,3
12450,2
12452,3
12453,3
12454,4
12455,1
12456,1
12457,0
12458,3
12459,1
12460,2
12461,0
12462,4
12463,2
12464,2
12465,2
12466,4
12467,4
12468,1
12469,1
12470,1
12471,2
12472,3
12473,2
12475,3
12476,3
12477,3
12478,1
12479,0
12480,0
12481,1
12482,2
12483,0
12484,0
12485,1
12486,1
12487,2
12488,1
12489,3
12490,3
12491,0
12492,4
12493,4
12494,4
12496,4
12497,0
12499,3
12500,3
12502,3
12503,2
12504,3
12505,2
12506,4
12507,1
12508,4
12509,0
12510,0
12511,2
12512,4
12513,0
12514,3
12515,1
12516,0
12517,4
12518,4
12519,0
12520,3
12521,3
12522,0
12523,3
12524,0
12525,1
12526,0
12527,1
12528,0
12530,1
12531,4
12532,2
12533,4
12534,3
12535,0
12536,3
12537,3
12538,3
12539,4
12540,4
12541,0
12542,0
12543,0
12544,3
12545,0
12547,1
12548,1
12549,0
12550,2
12551,2
12552,4
12553,3
12554,4
12555,4
12556,0
12557,0
12558,4
12559,0
12560,0
12561,2
12562,4
12563,4
12564,0
12565,2
12566,2
12567,2
12568,1
12569,0
12570,0
12571,0
12572,1
12573,2
12574,2
12575,2
12576,3
12577,3
12578,0
12579,1
12580,2
12581,0
12582,0
12583,1
12584,1
12585,0
12586,2
12587,2
12588,3
12589,1
12590,1
12591,2
12592,2
12593,4
12594,4
12595,3
12596,3
12597,1
12598,1
12599,3
12600,0
12601,3
12603,3
12604,3
12605,1
12606,0
12607,2
12608,1
12609,1
12610,2
12611,1
12612,3
12613,1
12614,4
12615,0
12616,4
12617,2
12618,3
12619,1
12620,0
12621,0
12622,2
12623,2
12624,0
12625,2
12626,2
12627,2
12628,1
12629,3
12630,0
12631,1
12632,1
12633,1
12634,4
12635,1
12636,4
12637,3
12638,4
12640,3
12641,3
12642,4
12643,0
12644,4
12645,3
12646,1
12647,3
12648,3
12650,3
12651,2
12652,0
12653,0
12654,2
12655,4
12656,1
12657,4
12658,2
12660,2
12661,4
12662,0
12663,4
12664,1
12667,3
12668,0
12669,2
12670,4
12671,0
12672,0
12673,2
12674,2
12675,2
12676,4
12677,2
12678,3
12679,1
12680,4
12681,3
12682,2
12683,0
12684,0
12685,4
12686,0
12687,4
12688,3
12689,4
12690,0
12691,4
12692,2
12693,0
12694,1
12695,2
12696,0
12697,0
12698,2
12699,3
12700,2
12701,0
12702,1
12703,0
12704,3
12705,0
12706,2
12707,2
12708,0
12709,1
12711,1
12712,0
12713,0
12714,2
12715,2
12716,1
12717,2
12718,1
12719,0
12720,1
12721,0
12722,1
12723,2
12724,1
12725,1
12726,0
12727,2
12728,2
12729,4
12730,0
12731,4
12732,4
12733,1
12734,2
12735,3
12736,0
12737,1
12738,2
12739,0
12740,4
12741,3
12742,2
12743,2
12744,3
12745,4
12746,0
12747,0
12748,2
12749,2
12750,2
12751,0
12752,0
12753,4
12754,1
12755,4
12756,0
12757,3
12758,3
12760,3
12761,3
12762,1
12763,2
12764,0
12765,0
12766,0
12767,3
12768,4
12770,1
12771,4
12772,4
12773,3
12774,2
12775,1
12776,4
12777,1
12778,3
12779,0
12780,4
12781,4
12782,0
12783,1
12784,1
12785,2
12786,0
12787,3
12788,4
12789,4
12790,4
12791,1
12792,4
12793,4
12794,1
12795,1
12796,1
12797,1
12798,0
12799,0
12800,3
12801,2
12802,1
12803,3
12804,1
12805,3
12806,4
12807,0
12808,0
12809,1
12810,3
12811,2
12812,1
12813,4
12814,1
12815,3
12816,2
12817,3
12818,1
12819,2
12820,0
12821,1
12822,0
12823,0
12825,2
12826,1
12827,0
12828,4
12829,4
12830,1
12831,1
12832,3
12834,4
12835,2
12836,4
12837,4
12838,3
12839,3
12840,2
12841,1
12842,0
12843,0
12844,4
12845,0
12846,4
12847,1
12848,3
12849,4
12850,1
12851,4
12852,2
12853,2
12854,2
12855,1
12856,0
12857,2
12858,4
12859,2
12860,1
12861,3
12862,0
12863,1
12864,0
12865,0
12866,1
12867,2
12868,2
12869,0
12870,4
12871,1
12872,1
12873,2
12874,1
12875,4
12876,4
12877,3
12878,4
12879,0
12880,1
12881,2
12882,0
12883,4
12884,3
12885,3
12886,1
12887,2
12888,2
12889,2
12890,0
12891,0
12892,2
12893,4
12894,3
12895,3
12896,2
12897,2
12898,2
12899,0
12900,0
12901,0
12902,0
12903,3
12904,3
12905,4
12906,0
12907,0
12909,3
12910,3
12911,1
12912,1
12913,4
12914,4
12915,0
12916,3
12917,2
12918,1
12919,2
12920,4
12921,4
12922,1
12924,3
12925,1
12926,4
12927,0
12928,1
12929,1
12930,3
12931,0
12932,2
12933,4
12934,2
12935,1
12936,2
12937,2
12938,2
12939,0
12940,1
12941,0
12942,4
12943,2
12944,0
12947,2
12948,0
12949,4
12950,3
12951,1
12952,3
12953,3
12954,2
12955,1
12956,0
12957,1
12958,1
12959,4
12960,0
12961,2
12962,0
12963,4
12964,2
12965,0
12966,1
12968,1
12970,4
12971,4
12972,2
12973,0
12974,1
12975,2
12976,4
12977,2
12978,2
12979,3
12980,0
12981,0
12982,1
12983,0
12984,1
12985,3
12986,3
12987,4
12988,2
12989,4
12990,1
12991,2
12992,4
12993,4
12994,2
12995,2
12996,3
12997,2
12998,3
12999,4
13000,4
13001,2
13002,1
13003,4
13004,3
13005,1
13006,3
13007,3
13008,3
13010,2
13011,0
13012,1
13014,4
13015,0
13016,4
13017,1
13018,4
13019,3
13020,4
13021,4
13022,4
13023,0
13024,1
13025,0
13026,2
13027,4
13028,1
13029,3
13030,1
13031,3
13032,1
13033,1
13034,2
13035,2
13036,2
13037,3
13038,3
13039,2
13040,1
13041,4
13042,1
13043,0
13045,3
13046,1
13047,2
13048,4
13049,4
13050,1
13051,1
13052,0
13053,3
13054,0
13055,4
13056,1
13057,1
13058,0
13059,1
13060,4
13061,1
13062,1
13063,0
13064,4
13065,0
13066,0
13067,1
13068,1
13069,0
13070,1
13071,1
13072,3
13073,2
13074,3
13075,4
13076,4
13077,1
13078,2
13079,0
13080,1
13081,4
13082,3
13083,3
13084,1
13085,1
13086,0
13087,2
13088,2
13089,3
13090,3
13091,1
13092,0
13093,1
13094,3
13096,1
13097,1
13098,3
13099,2
13100,0
13101,2
13102,1
13103,4
13104,2
13105,0
13106,4
13107,4
13108,4
13110,0
13111,0
13113,2
13114,0
13115,3
13116,0
13117,0
13118,0
13119,2
13120,4
13121,1
13122,4
13123,4
13124,4
13125,1
13126,2
13127,1
13128,0
13129,0
13131,0
13132,0
13133,2
13134,1
13135,4
13136,4
13137,1
13138,4
13139,1
13140,3
13141,3
13142,0
13143,4
13144,1
13145,1
13146,0
13147,0
13148,2
13149,1
13151,0
13152,3
13153,2
13154,1
13155,4
13156,0
13157,4
13158,1
13162,1
13163,2
13164,4
13165,0
13166,3
13167,2
13168,2
13169,1
13170,1
13171,0
13172,0
13173,1
13174,1
13175,0
13176,2
13177,2
13179,3
13180,0
13181,3
13182,2
13183,1
13184,0
13185,0
13186,2
13187,3
13188,1
13189,0
13190,1
13191,1
13192,3
13193,4
13194,3
13195,4
13196,4
13197,2
13198,3
13199,1
13201,3
13202,3
13204,4
13205,3
13206,2
13207,4
13208,4
13209,1
13210,4
13211,0
13212,4
13213,3
13215,2
13216,3
13217,1
13218,2
13219,2
13220,4
13221,0
13222,1
13223,4
13224,2
13225,2
13226,0
13227,0
13228,2
13229,4
13230,3
13231,0
13232,0
13233,0
13234,4
13235,0
13236,2
13237,0
13238,4
13239,0
13241,2
13242,3
13243,1
13244,0
13245,0
13246,2
13248,0
13249,0
13250,2
13251,3
13252,4
13253,1
13254,4
13255,0
13256,3
13257,3
13258,2
13259,1
13260,1
13261,2
13262,2
13263,4
13264,4
13266,3
13267,2
13268,3
13269,3
13270,4
13271,2
13272,3
13273,2
13274,1
13275,0
13276,2
13277,3
13278,2
13279,2
13280,3
13281,2
13282,1
13283,3
13284,2
13285,2
13286,1
13287,3
13288,2
13289,0
13290,2
13291,0
13292,1
13293,4
13294,1
13295,0
13296,3
13297,4
13298,2
13300,1
13302,0
13303,4
13304,2
13305,2
13306,3
13307,3
13308,0
13309,4
13310,0
13311,0
13312,0
13313,4
13314,2
13315,4
13316,0
13317,1
13318,0
13319,3
13320,4
13321,2
13322,2
13323,4
13324,3
13325,1
13326,0
13327,4
13328,2
13329,3
13330,1
13331,1
13332,0
13333,0
13334,3
13335,3
13336,0
13337,2
13338,2
13339,3
13340,4
13341,4
13342,2
13343,4
13344,2
13345,2
13346,2
13347,0
13348,2
13349,1
13351,0
13352,0
13353,2
13354,2
13355,4
13356,1
13357,1
13358,2
13359,4
13360,1
13361,0
13362,0
13364,4
13365,4
13367,0
13368,2
13369,2
13370,2
13371,4
13372,0
13373,0
13374,4
13375,3
13376,2
13377,0
13378,1
13379,0
13380,1
13381,1
13382,4
13383,3
13384,2
13385,2
13386,1
13387,1
13388,0
13389,1
13390,4
13391,2
13392,4
13393,0
13394,1
13395,1
13396,2
13397,3
13398,1
13399,2
13400,1
13401,2
13402,2
13403,0
13404,3
13405,1
13406,3
13408,1
13409,4
13410,2
13411,2
13412,3
13413,2
13414,3
13415,2
13416,0
13417,0
13418,2
13419,1
13420,3
13421,2
13422,2
13423,4
13424,0
13425,4
13426,4
13427,1
13428,2
13429,3
13430,3
13431,0
13432,0
13433,3
13434,3
13435,3
13436,1
13437,3
13438,1
13439,3
13440,0
13441,2
13442,3
13443,4
13444,1
13445,0
13446,0
13447,1
13448,0
13449,2
13450,2
13451,3
13452,3
13453,1
13454,1
13455,0
13456,0
13457,0
13458,0
13459,4
13460,2
13461,2
13462,4
13463,3
13464,4
13465,2
13466,2
13467,2
13469,3
13470,2
13471,2
13472,1
13473,0
13474,3
13475,0
13476,2
13477,0
13478,4
13479,1
13480,4
13481,0
13482,0
13483,1
13484,3
13485,3
13486,2
13487,2
13488,3
13489,1
13490,4
13491,4
13492,0
13493,0
13494,0
13495,1
13496,3
13497,3
13498,4
13499,4
13500,0
13501,4
13503,3
13504,2
13505,1
13506,0
13507,1
13508,0
13509,0
13510,1
13511,3
13512,3
13513,0
13515,0
13516,3
13517,1
13518,1
13519,0
13520,1
13521,2
13522,1
13523,4
13524,3
13525,2
13526,2
13528,2
13529,1
13530,2
13531,3
13532,1
13533,0
13534,0
13536,3
13537,0
13538,0
13539,4
13540,1
13541,0
13542,3
13543,1
13544,0
13545,1
13546,2
13547,1
13548,4
13549,1
13550,3
13551,3
13552,4
13553,1
13554,4
13556,3
13557,2
13558,0
13559,2
13560,1
13561,2
13562,3
13563,1
13564,3
13565,3
13566,2
13567,2
13568,1
13569,4
13570,0
13571,0
13573,0
13574,3
13575,1
13576,2
13577,2
13578,2
13579,2
13580,1
13581,4
13582,0
13583,1
13584,0
13585,4
13586,1
13588,0
13589,0
13590,0
13591,4
13593,4
13594,2
13595,0
13596,2
13597,0
13599,2
13600,0
13601,0
13603,3
13604,1
13605,0
13606,1
13607,1
13608,1
13609,1
13610,4
13611,2
13613,3
13614,2
13615,4
13616,4
13617,1
13618,4
13619,3
13620,4
13621,0
13622,1
13623,2
13624,4
13625,1
13626,0
13627,0
13628,1
13631,3
13632,1
13633,1
13634,3
13635,3
13636,3
13637,0
13638,1
13639,3
13640,1
13642,4
13643,0
13644,3
13646,0
13647,1
13648,2
13649,4
13650,4
13651,1
13652,0
13653,2
13654,0
13655,2
13656,3
13657,3
13658,2
13659,4
13660,1
13661,1
13662,0
13663,1
13664,3
13665,4
13666,1
13667,0
13669,3
13670,1
13671,1
13672,1
13673,3
13674,0
13675,4
13676,4
13677,1
13678,1
13679,0
13680,0
13681,3
13682,2
13683,1
13684,0
13685,3
13686,4
13688,2
13690,3
13691,3
13692,0
13693,0
13694,1
13695,4
13696,2
13697,4
13698,3
13699,2
13700,2
13701,2
13702,3
13703,3
13704,3
13705,1
13706,2
13707,2
13708,3
13709,3
13710,2
13711,2
13712,1
13713,1
13714,1
13715,1
13716,1
13717,2
13718,3
13719,3
13720,4
13721,4
13722,2
13723,4
13724,1
13725,4
13726,1
13727,0
13728,2
13729,4
13730,2
13732,1
13733,2
13734,4
13735,3
13736,4
13737,4
13738,1
13739,1
13740,1
13741,2
13742,4
13743,2
13744,4
13745,0
13746,4
13747,3
13748,2
13749,3
13751,1
13752,1
13753,0
13754,4
13756,3
13757,1
13758,1
13759,4
13761,2
13762,4
13763,0
13764,0
13765,1
13766,0
13767,2
13768,3
13769,2
13770,2
13771,2
13772,2
13773,1
13774,3
13776,0
13778,2
13779,3
13780,4
13781,3
13782,1
13783,1
13784,3
13785,0
13786,0
13787,4
13788,2
13789,1
13790,3
13791,3
13792,1
13793,0
13794,4
13795,2
13796,4
13797,2
13798,3
13799,4
13800,1
13801,0
13802,0
13803,2
13805,0
13806,0
13807,2
13808,3
13809,3
13810,2
13811,1
13812,2
13813,2
13814,3
13815,2
13816,3
13817,1
13818,0
13819,0
13820,2
13821,2
13822,4
13823,1
13824,4
13825,1
13826,2
13827,3
13828,4
13829,1
13830,0
13831,1
13832,4
13833,1
13834,0
13835,0
13836,0
13837,4
13838,3
13839,4
13840,2
13841,0
13842,0
13843,2
13844,2
13845,3
13846,4
13848,3
13849,3
13850,3
13851,0
13852,1
13853,1
13854,3
13855,4
13856,3
13857,2
13858,2
13859,0
13860,0
13861,1
13862,3
13863,4
13864,2
13865,1
13866,0
13867,0
13868,3
13869,1
13870,4
13871,2
13872,1
13873,2
13874,3
13875,3
13876,1
13878,1
13879,3
13880,4
13881,2
13882,1
13883,3
13884,3
13885,4
13886,2
13887,1
13888,3
13889,4
13890,1
13891,3
13892,1
13893,1
13894,0
13895,0
13896,3
13897,0
13898,4
13899,0
13900,1
13901,1
13902,2
13903,1
13904,4
13905,4
13906,3
13907,0
13909,0
13910,4
13911,3
13912,3
13913,3
13914,1
13915,2
13916,4
13917,2
13918,2
13919,3
13920,4
13921,0
13922,0
13924,3
13925,3
13926,0
13927,4
13928,0
13930,3
13931,3
13932,3
13933,4
13934,0
13935,2
13936,3
13937,4
13938,4
13939,1
13940,4
13941,1
13942,2
13943,0
13944,3
13945,0
13946,4
13947,4
13948,2
13949,2
13950,0
13951,2
13952,1
13953,4
13955,3
13956,2
13957,0
13958,0
13959,3
13960,3
13961,4
13964,0
13965,2
13966,1
13967,0
13968,0
13969,4
13970,3
13971,2
13972,2
13973,0
13974,4
13975,2
13976,3
13977,4
13978,2
13979,1
13980,3
13981,0
13982,2
13983,3
13984,2
13985,3
13986,3
13987,1
13988,0
13989,1
13990,1
13991,2
13992,2
13993,4
13994,1
13995,1
13996,3
13997,2
13998,1
13999,4
14000,1
14001,4
14002,3
14003,3
14004,0
14005,1
14006,0
14008,2
14009,2
14010,2
14011,3
14012,1
14013,0
14015,2
14016,2
14017,4
14018,2
14019,0
14020,3
14021,4
14022,2
14023,1
14024,3
14025,0
14026,2
14027,4
14028,4
14029,2
14030,2
14031,1
14032,4
14033,4
14034,3
14035,3
14036,1
14037,0
14038,4
14039,0
14040,1
14041,0
14043,4
14044,0
14045,1
14046,0
14047,2
14048,4
14049,1
14050,3
14051,0
14052,0
14053,0
14054,0
14055,2
14056,3
14057,1
14059,2
14060,3
14061,1
14062,4
14063,3
14064,4
14065,0
14066,0
14068,3
14069,0
14070,1
14071,3
14072,2
14073,3
14074,2
14075,0
14076,1
14077,0
14078,4
14079,4
14080,1
14082,2
14083,1
14084,2
14085,3
14086,0
14087,4
14088,2
14089,4
14090,2
14091,4
14092,0
14093,0
14094,4
14095,4
14096,1
14097,1
14098,1
14099,0
14100,4
14101,3
14102,0
14103,2
14104,1
14105,0
14106,4
14107,4
14108,1
14109,2
14110,2
14111,3
14112,0
14113,1
14114,1
14115,0
14116,1
14117,2
14118,1
14119,4
14120,3
14121,1
14122,0
14123,3
14124,2
14125,4
14126,1
14127,0
14128,1
14129,0
14130,3
14131,3
14132,4
14133,0
14134,1
14135,3
14136,0
14137,2
14138,4
14140,4
14141,4
14142,2
14143,4
14144,0
14145,2
14146,1
14147,4
14148,0
14149,0
14151,3
14153,1
14154,0
14155,2
14158,4
14159,4
14160,0
14161,0
14162,4
14163,0
14164,3
14165,4
14167,2
14168,1
14169,4
14170,1
14171,1
14172,2
14173,0
14174,1
14175,3
14176,1
14177,3
14178,2
14179,0
14180,2
14181,4
14182,1
14183,3
14184,3
14185,1
14186,4
14187,1
14188,3
14189,1
14190,0
14191,3
14192,1
14193,0
14194,1
14197,3
14198,2
14199,4
14200,3
14201,3
14202,4
14203,2
14204,1
14205,1
14206,4
14207,1
14208,4
14209,4
14210,0
14211,3
14212,0
14214,4
14215,2
14216,0
14217,0
14218,3
14219,2
14220,2
14221,1
14222,4
14223,3
14224,1
14225,3
14226,3
14227,0
14228,4
14229,3
14230,3
14231,3
14232,3
14233,1
14234,4
14236,4
14237,0
14238,1
14239,0
14240,0
14241,3
14242,0
14243,4
14244,0
14245,4
14246,3
14247,4
14248,0
14249,4
14250,3
14251,3
14252,1
14253,2
14254,0
14255,1
14256,0
14257,2
14258,2
14259,0
14260,0
14261,2
14262,4
14263,3
14264,3
14265,4
14266,2
14267,1
14268,4
14269,0
14270,3
14271,0
14272,1
14273,1
14275,2
14276,4
14277,2
14278,2
14279,1
14280,3
14281,0
14282,4
14283,1
14284,2
14285,3
14286,3
14287,2
14288,3
14289,1
14290,1
14291,1
14292,2
14293,4
14294,0
14295,0
14296,3
14297,2
14298,4
14299,3
14300,3
14301,2
14302,0
14304,2
14305,4
14306,3
14307,0
14308,0
14309,1
14310,4
14311,4
14312,0
14313,1
14314,2
14315,0
14316,2
14317,0
14318,2
14319,0
14320,3
14321,2
14323,0
14324,0
14326,2
14327,2
14328,2
14329,2
14330,1
14331,2
14333,2
14334,3
14335,3
14336,0
14337,4
14338,4
14339,1
14340,1
14341,1
14343,0
14344,2
14345,3
14346,2
14347,0
14348,4
14349,1
14350,4
14351,4
14352,2
14353,2
14354,1
14355,0
14356,0
14357,4
14358,2
14359,1
14360,2
14361,3
14362,1
14363,0
14364,2
14365,3
14366,0
14367,2
14368,2
14369,0
14370,0
14371,1
14372,2
14374,1
14375,3
14376,2
14377,4
14378,1
14379,0
14380,3
14381,1
14382,2
14383,4
14384,2
14385,4
14386,4
14387,1
14388,3
14389,4
14391,1
14392,1
14393,1
14394,2
14395,2
14397,3
14398,4
14399,3
14400,0
14401,2
14402,3
14404,3
14405,2
14406,4
14407,3
14408,0
14409,3
14410,2
14411,3
14412,2
14413,1
14414,3
14415,3
14416,4
14417,2
14418,2
14419,4
14420,4
14421,0
14422,0
14423,2
14424,0
14425,1
14426,1
14427,1
14428,0
14429,0
14430,4
14431,3
14432,4
14433,2
14434,0
14435,2
14436,2
14437,3
14438,2
14439,4
14440,4
14441,2
14442,1
14443,1
14444,4
14445,2
14446,1
14447,1
14448,4
14449,3
14450,2
14451,0
14452,2
14453,2
14454,3
14455,0
14456,4
14457,0
14458,1
14459,3
14460,3
14461,3
14462,3
14463,1
14464,1
14465,2
14466,2
14467,1
14468,2
14469,3
14470,4
14471,1
14472,3
14473,1
14474,4
14475,3
14476,4
14477,2
14478,3
14479,0
14480,4
14481,0
14482,3
14483,3
14484,2
14485,4
14486,1
14487,2
14488,0
14489,0
14490,2
14491,1
14492,2
14493,3
14494,2
14495,1
14496,1
14497,0
14498,1
14499,4
14500,2
14501,2
14502,2
14503,1
14504,4
14505,2
14506,4
14507,4
14509,1
14510,2
14511,4
14512,3
14513,0
14514,1
14515,2
14516,1
14517,2
14518,0
14519,4
14520,4
14521,4
14523,3
14524,1
14525,3
14526,3
14527,0
14528,4
14529,4
14530,4
14531,1
14532,2
14533,4
14534,1
14535,1
14536,1
14537,4
14538,1
14539,2
14540,1
14541,1
14542,2
14543,3
14544,3
14545,2
14546,2
14547,3
14548,3
14549,2
14550,0
14551,3
14552,3
14553,0
14554,2
14555,2
14556,4
14557,2
14558,4
14559,4
14560,3
14561,4
14562,0
14563,0
14565,0
14566,1
14567,0
14568,1
14569,3
14570,4
14571,3
14572,4
14573,0
14574,0
14575,0
14576,4
14577,2
14578,3
14579,2
14580,0
14581,3
14582,1
14583,0
14584,1
14585,1
14586,3
14587,4
14588,1
14589,0
14590,3
14591,0
14592,0
14594,3
14595,1
14596,0
14597,4
14598,1
14599,4
14600,1
14601,0
14602,2
14603,3
14604,1
14605,4
14606,4
14607,4
14608,0
14609,1
14610,0
14611,1
14612,3
14613,1
14614,1
14615,0
14616,4
14617,2
14618,1
14619,2
14620,0
14621,2
14622,1
14623,3
14624,2
14625,4
14626,2
14627,0
14628,0
14629,2
14630,2
14631,4
14632,1
14633,4
14634,3
14635,2
14636,4
14637,3
14638,0
14639,2
14640,0
14641,3
14642,1
14643,2
14644,3
14645,1
14646,2
14647,1
14648,1
14649,0
14650,3
14651,3
14652,0
14653,0
14654,3
14655,0
14656,2
14657,1
14658,3
14659,3
14660,2
14662,2
14663,1
14664,0
14665,3
14666,0
14668,1
14669,1
14670,2
14671,3
14672,3
14673,3
14674,1
14675,3
14676,4
14677,2
14678,2
14680,3
14681,4
14682,3
14683,0
14684,2
14685,2
14686,1
14687,0
14688,0
14689,0
14690,1
14691,2
14692,0
14693,0
14694,1
14695,4
14696,0
14697,4
14698,2
14699,2
14700,0
14701,0
14702,0
14704,3
14705,2
14706,4
14708,2
14709,1
14710,3
14711,4
14712,0
14713,1
14714,1
14715,1
14716,2
14717,4
14718,2
14719,0
14720,0
14721,4
14722,0
14723,2
14724,3
14726,2
14727,1
14728,0
14729,2
14730,1
14731,3
14732,2
14733,3
14734,3
14735,0
14736,4
14737,0
14738,3
14739,4
14740,2
14741,0
14742,1
14743,0
14744,1
14745,2
14746,2
14747,0
14748,1
14749,1
14750,4
14751,4
14752,2
14753,3
14754,2
14755,0
14756,0
14757,1
14759,1
14761,4
14762,2
14763,1
14764,3
14765,4
14766,0
14767,0
14768,1
14769,1
14770,3
14771,3
14772,2
14773,3
14774,2
14775,1
14776,4
14777,0
14778,4
14779,0
14782,1
14783,0
14784,1
14785,3
14786,0
14787,2
14788,3
14789,0
14790,3
14791,1
14792,1
14793,4
14794,4
14795,1
14796,1
14797,2
14798,0
14799,0
14800,3
14801,2
14802,2
14803,1
14804,2
14805,1
14806,2
14807,1
14808,0
14809,3
14810,0
14811,4
14812,1
14813,3
14814,0
14815,1
14816,0
14817,1
14818,3
14819,3
14820,1
14821,0
14822,0
14823,0
14824,3
14825,1
14826,3
14827,4
14828,2
14829,3
14830,3
14832,3
14833,3
14834,2
14835,0
14836,2
14837,2
14838,1
14839,0
14840,1
14841,4
14842,2
14843,2
14844,1
14845,1
14846,1
14847,0
14848,1
14849,3
14850,0
14851,1
14852,1
14853,4
14854,2
14855,0
14856,4
14857,4
14858,1
14859,2
14861,1
14862,1
14863,4
14864,3
14865,1
14866,0
14867,1
14868,4
14869,3
14870,0
14871,0
14872,4
14873,2
14874,0
14875,1
14876,0
14877,4
14878,2
14879,2
14880,3
14881,4
14882,0
14885,2
14886,2
14887,4
14888,2
14889,3
14890,3
14891,4
14892,4
14893,3
14894,4
14895,3
14896,1
14897,0
14899,0
14900,1
14901,3
14902,4
14903,1
14904,2
14905,1
14906,0
14907,4
14908,4
14910,3
14911,4
14912,2
14913,4
14914,0
14915,0
14916,2
14917,1
14918,1
14920,4
14921,3
14922,3
14923,2
14924,4
14926,1
14928,3
14929,3
14930,2
14931,4
14932,3
14933,1
14934,0
14935,2
14936,0
14937,0
14938,4
14939,2
14940,4
14941,0
14942,4
14943,4
14944,2
14945,1
14946,1
14948,0
14949,0
14950,0
14951,3
14952,4
14953,4
14954,0
14955,4
14956,1
14957,3
14958,1
14959,0
14960,0
14961,3
14962,1
14963,3
14964,2
14965,3
14966,2
14967,2
14968,2
14969,3
14970,2
14971,4
14972,3
14973,0
14974,2
14975,3
14976,4
14977,4
14978,0
14979,1
14980,1
14981,3
14982,2
14983,0
14984,1
14985,3
14986,3
14987,2
14989,4
14990,1
14991,0
14992,2
14993,0
14995,1
14996,4
14997,0
14998,1
14999,1
15000,0
15001,0
15002,1
15003,4
15004,1
15005,1
15006,3
15007,3
15008,2
15009,4
15010,4
15011,0
15012,3
15013,2
15014,4
15015,4
15016,3
15017,2
15018,2
15019,4
15020,2
15021,2
15022,3
15023,3
15024,0
15026,4
15027,1
15028,3
15029,1
15030,0
15031,0
15032,4
15033,1
15034,1
15035,1
15036,1
15037,1
15038,2
15039,0
15041,2
15042,4
15043,4
15044,4
15045,4
15046,2
15049,1
15050,1
15051,0
15052,1
15053,1
15054,4
15055,3
15056,4
15057,2
15058,1
15059,0
15060,1
15061,0
15062,3
15063,2
15064,1
15065,2
15066,4
15067,3
15068,1
15069,0
15070,4
15071,2
15072,4
15073,4
15074,2
15075,0
15077,4
15078,1
15079,3
15080,2
15081,3
15082,4
15083,1
15084,4
15085,0
15087,1
15088,3
15089,4
15090,1
15091,3
15092,0
15093,1
15094,3
15095,2
15096,0
15097,4
15098,4
15099,4
15100,3
15101,0
15102,0
15103,1
15104,4
15105,3
15106,2
15107,3
15108,4
15109,1
15110,1
15111,1
15112,3
15113,3
15114,2
15115,2
15116,3
15117,2
15118,1
15119,3
15120,3
15121,3
15122,1
15123,0
15124,0
15125,1
15126,4
15127,3
15128,1
15129,2
15130,3
15131,0
15133,3
15134,3
15135,0
15136,4
15137,1
15138,4
15139,1
15140,3
15141,4
15142,1
15143,0
15144,1
15145,1
15146,4
15147,1
15149,1
15150,2
15151,0
15152,0
15153,3
15154,4
15155,0
15156,0
15157,4
15158,2
15159,1
15160,4
15161,2
15162,0
15163,0
15165,2
15166,1
15167,4
15168,4
15169,4
15170,1
15171,4
15172,1
15173,0
15174,4
15175,4
15176,4
15177,0
15178,2
15179,1
15180,1
15181,4
15182,0
15183,4
15184,4
15185,3
15186,0
15187,0
15188,4
15189,3
15190,3
15191,3
15192,3
15193,1
15194,3
15195,4
15197,2
15198,2
15199,3
15200,1
15201,4
15203,2
15204,2
15205,4
15206,2
15207,2
15208,3
15209,4
15210,2
15211,2
15212,0
15213,1
15214,3
15215,4
15216,4
15217,4
15218,2
15219,4
15220,3
15221,1
15222,4
15223,0
15225,1
15226,1
15228,1
15229,1
15230,3
15231,0
15232,2
15233,2
15234,0
15235,0
15236,0
15237,3
15238,2
15239,4
15240,0
15241,3
15242,1
15243,0
15244,2
15245,0
15246,0
15247,1
15249,3
15250,4
15251,4
15252,4
15253,0
15254,2
15255,3
15256,1
15258,4
15259,1
15260,2
15261,0
15262,0
15263,3
15264,3
15265,0
15266,2
15267,1
15268,1
15269,4
15270,4
15271,4
15272,1
15273,1
15274,0
15275,3
15276,3
15277,3
15278,1
15279,4
15280,4
15282,1
15283,2
15284,2
15285,1
15286,0
15287,3
15288,4
15289,2
15290,2
15291,2
15292,2
15293,3
15294,4
15295,4
15296,4
15297,4
15298,2
15299,2
15300,0
15301,4
15302,3
15303,0
15305,0
15306,4
15307,4
15308,4
15309,0
15310,1
15311,2
15312,2
15313,4
15314,0
15315,4
15316,4
15317,2
15318,2
15319,0
15320,0
15321,0
15322,2
15323,1
15324,3
15325,0
15326,0
15327,0
15328,0
15329,0
15330,2
15331,0
15332,0
15333,1
15334,0
15335,2
15336,2
15337,2
15338,1
15339,0
15341,3
15342,3
15343,4
15344,3
15345,4
15346,4
15347,3
15348,2
15349,3
15350,1
15351,4
15352,3
15353,2
15354,4
15355,3
15356,1
15357,1
15358,2
15359,1
15360,1
15361,3
15363,4
15364,4
15365,1
15366,1
15367,2
15368,0
15369,0
15370,4
15371,2
15372,1
15373,3
15374,1
15375,0
15376,4
15378,0
15379,2
15381,2
15382,4
15383,2
15384,3
15385,2
15386,0
15387,0
15388,3
15389,2
15390,3
15391,4
15392,4
15393,3
15394,2
15395,0
15396,3
15397,1
15398,0
15399,2
15401,2
15402,1
15403,3
15404,0
15405,1
15406,3
15407,2
15408,3
15409,1
15410,4
15411,1
15412,3
15413,1
15415,2
15416,0
15417,0
15418,0
15419,0
15420,2
15421,2
15422,3
15423,4
15424,0
15425,4
15426,3
15427,3
15428,2
15429,3
15430,0
15431,0
15432,4
15433,0
15434,4
15435,1
15436,1
15437,1
15438,4
15439,2
15440,3
15441,0
15442,0
15443,3
15444,4
15445,3
15446,0
15447,0
15448,1
15449,2
15450,3
15451,1
15452,4
15453,1
15455,3
15456,2
15457,0
15458,3
15459,1
15460,3
15461,0
15462,3
15463,2
15464,1
15465,4
15466,3
15467,0
15468,1
15469,0
15470,0
15471,4
15472,2
15473,4
15474,4
15475,2
15476,3
15477,3
15478,1
15479,0
15480,3
15481,2
15482,4
15483,4
15484,1
15485,4
15486,3
15487,2
15488,0
15489,0
15491,1
15492,1
15493,2
15494,3
15495,0
15496,2
15497,3
15498,2
15499,3
15500,0
15501,4
15502,3
15503,1
15504,2
15505,2
15506,4
15507,3
15508,4
15509,2
15510,4
15511,0
15513,2
15514,1
15515,3
15516,1
15517,0
15518,0
15519,4
15520,3
15521,1
15522,0
15523,1
15524,1
15525,1
15526,0
15527,3
15528,0
15529,1
15530,1
15531,4
15532,2
15533,3
15534,2
15535,1
15536,3
15537,3
15538,3
15539,1
15540,4
15541,4
15542,4
15543,4
15544,0
15545,1
15546,3
15547,1
15548,0
15549,0
15550,3
15551,2
15552,0
15553,0
15554,4
15555,3
15556,4
15557,4
15558,3
15559,1
15560,3
15561,0
15562,3
15563,1
15564,1
15565,4
15566,0
15567,0
15568,1
15569,3
15570,4
15571,2
15572,4
15573,0
15574,3
15575,3
15576,1
15577,0
15578,0
15579,4
15580,1
15581,2
15582,3
15583,0
15584,3
15585,1
15586,2
15587,0
15588,4
15589,1
15590,0
15591,4
15592,0
15593,3
15594,3
15595,4
15597,2
15598,2
15599,0
15600,1
15601,1
15602,1
15603,2
15604,4
15605,2
15606,1
15607,0
15608,4
15609,1
15610,3
15611,4
15612,4
15613,0
15614,0
15615,4
15616,4
15618,0
15619,0
15620,1
15621,0
15622,1
15623,4
15624,3
15625,0
15626,0
15627,0
15628,2
15629,1
15630,3
15631,0
15632,0
15633,3
15634,0
15635,1
15636,4
15637,1
15638,3
15639,1
15640,3
15641,1
15642,2
15645,3
15646,2
15647,1
15648,0
15649,0
15650,0
15651,1
15652,4
15653,0
15655,2
15656,1
15657,1
15658,2
15659,4
15661,2
15662,4
15663,3
15664,1
15665,3
15666,2
15667,2
15668,0
15669,1
15670,3
15671,2
15672,1
15675,4
15676,1
15677,1
15678,2
15679,0
15680,2
15681,3
15682,2
15683,3
15684,3
15685,3
15686,4
15687,1
15688,1
15689,2
15690,1
15691,0
15692,0
15693,1
15694,0
15695,3
15696,3
15697,4
15698,2
15699,4
15700,2
15701,0
15702,0
15703,1
15704,3
15705,4
15706,4
15707,1
15708,1
15709,1
15710,0
15711,1
15712,3
15713,3
15714,4
15715,1
15716,2
15717,1
15718,2
15719,3
15720,3
15721,1
15722,1
15723,2
15724,0
15725,1
15726,4
15727,3
15728,0
15730,2
15731,0
15732,4
15733,0
15735,2
15736,4
15737,0
15739,0
15740,1
15741,0
15742,0
15743,2
15744,4
15745,1
15746,1
15747,0
15748,1
15749,1
15750,3
15751,3
15752,0
15753,1
15754,0
15755,0
15756,3
15757,2
15758,2
15759,4
15760,4
15761,0
15762,1
15763,1
15764,3
15765,2
15766,3
15767,2
15768,1
15769,1
15772,1
15773,1
15775,4
15776,4
15777,4
15778,2
15779,1
15780,0
15781,4
15782,3
15783,4
15784,2
15785,0
15786,4
15788,4
15789,1
15790,2
15791,4
15792,1
15793,1
15795,4
15796,4
15797,2
15798,4
15799,0
15800,4
15801,1
15802,4
15803,4
15804,2
15805,4
15806,3
15807,2
15808,0
15809,1
15810,3
15811,1
15812,0
15813,1
15814,2
15815,2
15816,1
15817,2
15818,1
15819,4
15820,4
15821,0
15823,4
15824,1
15825,4
15826,0
15827,3
15828,3
15829,2
15830,1
15831,0
15832,4
15833,0
15834,1
15835,1
15836,1
15837,3
15838,3
15839,2
15840,3
15841,4
15842,4
15843,1
15844,2
15845,3
15846,1
15848,3
15849,2
15850,4
15851,4
15852,3
15853,2
15854,4
15855,1
15856,4
15857,2
15858,4
15859,1
15860,0
15861,3
15862,2
15863,3
15864,3
15865,3
15866,3
15867,2
15868,1
15869,1
15870,0
15871,4
15872,0
15873,1
15874,1
15875,2
15876,0
15877,2
15880,3
15881,2
15882,2
15883,2
15884,0
15885,3
15886,3
15887,2
15888,0
15889,1
15890,2
15892,1
15893,1
15894,4
15895,2
15896,4
15897,2
15898,2
15899,2
15900,3
15901,2
15902,4
15903,3
15904,1
15905,4
15906,1
15907,3
15908,2
15909,1
15910,3
15911,3
15912,3
15913,2
15915,2
15916,2
15917,0
15918,4
15919,2
15920,3
15921,1
15922,0
15923,0
15924,4
15925,2
15926,1
15927,3
15928,1
15929,1
15930,2
15931,3
15932,3
15933,3
15934,1
15935,4
15936,0
15937,0
15939,2
15940,2
15941,2
15942,4
15943,4
15946,2
15947,4
15948,3
15949,0
15950,0
15951,0
15952,4
15953,4
15954,3
15955,3
15956,1
15957,0
15958,3
15959,0
15960,2
15961,0
15963,1
15964,4
15966,4
15967,4
15968,2
15969,0
15970,4
15971,1
15972,0
15973,0
15974,3
15976,2
15977,1
15978,3
15979,1
15980,3
15981,4
15982,1
15983,0
15984,4
15985,2
15986,1
15987,4
15988,4
15989,1
15990,0
15991,0
15992,0
15993,0
15994,2
15995,4
15996,2
15997,3
15998,3
15999,3
16000,2
16001,2
16002,4
16003,4
16004,1
16006,0
16007,4
16008,4
16009,2
16010,0
16011,0
16012,2
16013,0
16014,1
16015,2
16016,0
16017,1
16018,1
16019,4
16020,1
16021,0
16022,0
16023,4
16024,2
16025,3
16026,1
16027,3
16028,0
16029,3
16030,3
16031,3
16033,1
16034,1
16035,1
16036,2
16037,4
16038,4
16039,4
16040,2
16041,2
16042,2
16043,3
16044,2
16045,4
16046,1
16048,3
16049,1
16050,3
16051,0
16052,1
16053,0
16054,3
16055,2
16056,1
16057,4
16058,3
16059,4
16060,4
16061,3
16062,2
16063,1
16064,0
16065,0
16066,1
16067,2
16068,3
16069,1
16070,0
16071,4
16072,2
16073,1
16074,1
16075,1
16076,0
16077,4
16078,2
16079,0
16080,4
16081,4
16082,1
16084,1
16085,2
16086,0
16087,3
16088,1
16089,0
16090,2
16093,4
16094,4
16095,1
16096,0
16097,0
16098,0
16099,1
16100,4
16101,1
16103,1
16104,3
16105,1
16106,1
16107,2
16108,1
16109,0
16110,4
16111,3
16112,2
16113,3
16114,0
16115,0
16117,4
16119,3
16120,4
16121,4
16122,2
16123,2
16124,1
16125,0
16126,2
16127,3
16128,0
16129,0
16130,2
16131,1
16132,1
16133,4
16134,2
16135,0
16136,0
16138,1
16139,2
16140,4
16141,1
16142,0
16143,3
16144,4
16145,0
16146,1
16147,2
16148,0
16149,3
16150,2
16151,2
16152,2
16153,3
16154,2
16155,1
16156,1
16157,2
16158,0
16159,2
16160,0
16161,0
16162,3
16163,2
16164,2
16166,4
16167,3
16168,2
16169,3
16170,1
16171,3
16172,0
16173,3
16174,2
16175,3
16176,3
16177,2
16178,4
16179,1
16180,3
16181,2
16182,2
16183,3
16184,1
16185,3
16186,1
16187,1
16188,4
16189,3
16190,3
16191,4
16192,1
16193,3
16194,0
16195,1
16196,0
16197,2
16198,4
16199,1
16200,1
16201,3
16202,0
16204,1
16205,3
16206,1
16207,3
16208,4
16209,3
16210,3
16211,0
16212,3
16213,2
16214,2
16215,3
16216,1
16217,0
16218,0
16220,2
16221,3
16222,0
16223,0
16224,1
16225,4
16226,2
16227,0
16228,1
16229,2
16230,3
16231,3
16232,2
16233,2
16234,2
16235,1
16236,3
16237,3
16238,0
16239,3
16240,3
16241,3
16242,4
16243,4
16244,1
16245,3
16246,2
16247,3
16248,4
16249,1
16250,0
16251,1
16252,0
16253,3
16254,4
16255,1
16256,3
16257,0
16258,0
16259,2
16260,1
16261,3
16262,4
16263,2
16264,1
16265,1
16266,0
16267,1
16269,2
16270,0
16271,3
16272,4
16273,4
16274,2
16275,3
16276,2
16277,3
16278,1
16279,4
16280,4
16281,0
16282,2
16283,3
16284,0
16285,1
16286,0
16287,2
16288,1
16289,1
16290,2
16291,0
16292,4
16293,1
16294,3
16295,3
16296,4
16297,4
16298,3
16299,4
16300,2
16301,1
16302,4
16303,4
16304,3
16305,3
16306,4
16307,0
16308,4
16309,1
16310,1
16311,1
16312,3
16313,2
16314,2
16315,4
16316,1
16317,3
16318,2
16321,2
16322,4
16323,0
16325,4
16326,2
16327,2
16328,2
16329,3
16330,0
16331,2
16332,2
16333,1
16334,0
16335,1
16336,3
16337,0
16338,1
16339,0
16340,1
16341,3
16343,4
16344,1
16345,3
16346,4
16347,1
16348,4
16349,3
16350,1
16351,3
16352,4
16353,4
16354,2
16355,4
16356,2
16357,3
16359,1
16360,0
16361,1
16362,4
16363,3
16364,3
16365,1
16367,1
16368,4
16369,3
16370,2
16371,1
16372,3
16373,3
16374,3
16375,1
16376,3
16377,0
16378,0
16379,1
16380,4
16381,4
16382,3
16383,0
16384,0
16385,0
16386,4
16387,2
16388,1
16389,0
16390,3
16391,3
16392,3
16393,3
16394,3
16395,1
16396,2
16397,3
16398,1
16399,2
16400,2
16401,3
16402,2
16403,2
16404,3
16405,4
16406,2
16407,2
16408,2
16409,0
16410,4
16411,1
16412,1
16413,2
16414,3
16415,4
16417,2
16418,3
16419,1
16420,4
16421,2
16422,1
16423,2
16424,0
16425,3
16426,2
16427,2
16428,3
16429,0
16430,4
16431,1
16432,1
16433,1
16434,4
16435,2
16436,0
16437,0
16438,4
16439,1
16440,2
16441,3
16442,3
16443,0
16444,4
16445,1
16446,3
16447,0
16449,3
16450,2
16451,1
16452,3
16453,2
16454,1
16455,1
16456,0
16457,4
16459,3
16460,2
16461,1
16462,1
16464,3
16465,3
16466,2
16467,4
16468,3
16469,0
16471,2
16472,0
16473,0
16474,4
16475,4
16477,1
16478,4
16479,2
16481,2
16482,0
16483,0
16484,3
16485,1
16486,3
16487,3
16488,3
16489,0
16490,0
16491,1
16492,4
16493,4
16494,1
16495,0
16496,0
16497,1
16498,1
16499,2
16500,1
16501,2
16502,0
16503,4
16504,1
16505,4
16506,3
16507,3
16508,1
16509,3
16510,4
16511,4
16512,4
16513,1
16514,4
16515,4
16517,2
16518,2
16519,1
16520,0
16522,2
16523,0
16524,3
16525,1
16526,1
16527,0
16528,0
16529,3
16530,2
16531,2
16532,1
16533,4
16534,2
16535,0
16536,2
16537,3
16538,0
16539,2
16540,2
16541,4
16542,2
16543,4
16544,1
16545,1
16546,2
16547,0
16548,4
16549,0
16550,2
16552,1
16553,3
16554,3
16555,3
16556,1
16557,1
16558,4
16559,1
16560,4
16561,1
16562,4
16563,4
16564,0
16565,0
16566,0
16567,0
16569,1
16570,1
16571,3
16572,0
16573,0
16574,4
16575,2
16576,1
16577,3
16578,3
16579,1
16580,4
16581,2
16582,1
16583,4
16584,1
16585,4
16586,4
16587,2
16588,2
16589,3
16590,3
16591,2
16592,4
16593,0
16594,0
16595,1
16596,0
16597,3
16598,1
16599,4
16600,0
16601,4
16603,0
16604,0
16605,2
16606,2
16607,3
16608,1
16609,3
16610,1
16611,1
16612,4
16613,2
16615,1
16616,3
16619,2
16620,2
16621,1
16622,2
16623,0
16624,0
16626,4
16627,0
16628,0
16629,2
16631,3
16632,4
16633,3
16634,1
16635,0
16636,0
16637,2
16638,3
16639,4
16640,1
16641,3
16642,2
16643,2
16644,2
16645,3
16646,4
16647,4
16648,1
16649,0
16650,4
16651,2
16652,4
16653,1
16654,1
16655,1
16656,0
16657,0
16658,1
16659,1
16660,3
16661,1
16662,1
16663,4
16664,0
16665,0
16666,4
16667,2
16669,2
16670,3
16671,4
16672,4
16673,3
16674,1
16675,1
16677,2
16678,0
16679,1
16680,4
16681,0
16682,2
16684,1
16685,2
16686,3
16687,4
16688,2
16689,2
16690,1
16691,2
16692,1
16693,1
16694,4
16695,0
16696,4
16697,4
16698,2
16699,3
16700,1
16701,0
16702,2
16704,1
16705,3
16706,3
16707,2
16708,2
16709,4
16710,0
16711,4
16712,2
16713,3
16714,4
16715,1
16716,2
16717,4
16718,1
16719,1
16720,2
16721,2
16722,3
16723,3
16724,2
16725,1
16726,4
16727,1
16728,0
16729,4
16730,4
16731,1
16732,1
16733,4
16734,1
16735,2
16736,3
16737,1
16738,1
16739,2
16740,4
16741,1
16742,4
16743,1
16746,2
16747,2
16748,2
16749,0
16750,1
16751,2
16752,1
16753,1
16754,0
16755,4
16756,0
16757,3
16759,2
16760,0
16761,2
16762,4
16763,0
16764,0
16765,0
16766,4
16767,3
16768,3
16769,2
16770,3
16771,0
16772,0
16773,4
16774,1
16775,2
16776,4
16777,2
16778,3
16779,2
16780,2
16781,0
16782,1
16783,3
16784,4
16785,2
16786,0
16787,1
16788,3
16789,2
16790,4
16791,1
16792,3
16793,4
16794,1
16795,2
16796,1
16797,0
16798,1
16799,1
16800,2
16801,1
16802,4
16803,2
16804,2
16805,1
16806,2
16807,2
16808,1
16809,1
16811,0
16812,3
16813,0
16814,3
16815,2
16816,4
16817,4
16818,2
16819,2
16820,0
16821,0
16822,2
16823,0
16824,1
16825,2
16826,3
16827,1
16828,3
16829,1
16830,2
16831,4
16832,1
16833,3
16834,2
16835,0
16837,2
16838,0
16839,0
16840,2
16841,3
16842,3
16843,3
16844,3
16845,1
16846,4
16847,1
16848,3
16849,2
16850,2
16851,4
16852,1
16853,1
16854,2
16855,1
16856,4
16857,1
16858,1
16859,0
16860,0
16861,3
16862,2
16863,3
16864,1
16865,0
16866,0
16867,4
16868,2
16869,1
16870,1
16871,4
16872,0
16873,0
16874,1
16875,3
16876,0
16877,4
16878,3
16879,0
16880,0
16881,3
16882,2
16883,1
16884,2
16885,2
16886,4
16887,1
16888,4
16889,0
16890,0
16891,1
16894,2
16895,1
16896,0
16897,1
16898,4
16899,2
16900,0
16901,0
16902,3
16904,3
16905,3
16906,1
16907,0
16908,1
16909,1
16911,3
16912,3
16913,2
16914,4
16915,2
16916,1
16917,3
16918,4
16919,3
16920,1
16921,2
16922,0
16923,2
16924,2
16925,4
16926,2
16927,3
16928,4
16929,1
16930,3
16931,2
16932,1
16933,2
16934,3
16935,1
16936,1
16937,4
16938,2
16939,2
16940,4
16941,4
16942,3
16943,0
16944,1
16946,2
16947,4
16948,4
16950,4
16951,0
16952,0
16953,3
16954,0
16955,3
16956,1
16957,4
16958,2
16959,3
16960,4
16961,3
16962,0
16963,0
16965,1
16966,4
16967,2
16968,1
16969,1
16970,4
16971,3
16972,0
16973,3
16974,1
16975,3
16976,4
16977,4
16978,0
16980,0
16981,3
16982,3
16983,2
16984,4
16986,3
16987,4
16988,1
16989,0
16991,1
16992,2
16993,4
16994,0
16995,2
16997,0
16998,4
17000,2
17001,3
17002,0
17003,1
17004,1
17005,3
17006,1
17007,1
17008,2
17009,2
17010,2
17011,4
17012,3
17013,4
17014,2
17016,1
17017,1
17018,4
17019,3
17020,4
17022,1
17023,3
17024,2
17025,0
17026,4
17027,4
17028,0
17029,3
17030,2
17031,1
17032,1
17033,1
17034,4
17035,4
17036,4
17037,3
17038,3
17039,1
17040,0
17041,4
17042,2
17043,4
17044,0
17045,0
17046,3
17047,0
17048,4
17049,3
17050,0
17051,0
17052,2
17053,2
17054,4
17056,0
17057,1
17060,0
17061,0
17062,4
17063,1
17064,3
17065,2
17066,0
17067,4
17069,1
17070,4
17071,2
17072,1
17073,3
17074,1
17075,2
17076,1
17077,3
17078,2
17079,0
17080,1
17081,2
17082,0
17083,4
17084,0
17086,0
17087,2
17088,2
17089,0
17090,2
17091,1
17092,3
17093,4
17094,4
17095,1
17096,2
17097,4
17098,2
17099,3
17100,2
17101,2
17102,1
17103,0
17104,0
17105,1
17106,4
17107,1
17108,3
17109,2
17110,0
17111,4
17112,3
17113,1
17114,3
17115,2
17116,0
17117,3
17118,1
17119,0
17120,3
17121,0
17122,0
17124,3
17125,4
17126,4
17127,1
17128,1
17129,1
17130,0
17131,1
17132,1
17133,2
17134,1
17135,2
17136,4
17137,4
17138,3
17139,3
17140,1
17141,1
17142,3
17143,3
17144,3
17145,4
17146,3
17147,0
17148,2
17149,4
17150,2
17151,1
17152,4
17153,1
17154,1
17155,2
17157,2
17158,1
17159,0
17160,0
17161,0
17162,3
17163,4
17164,3
17165,3
17166,3
17167,3
17168,3
17169,4
17170,0
17171,0
17172,4
17173,4
17174,3
17175,1
17176,4
17177,1
17178,2
17179,0
17180,3
17181,3
17182,0
17183,3
17184,1
17185,1
17186,4
17188,0
17189,4
17190,0
17192,2
17193,2
17194,3
17195,0
17196,0
17197,2
17198,2
17199,0
17200,1
17201,1
17202,4
17203,4
17204,3
17205,2
17206,3
17207,3
17208,2
17209,4
17210,4
17211,0
17212,1
17213,1
17214,4
17215,4
17216,0
17217,3
17218,4
17219,2
17220,4
17221,2
17222,2
17223,3
17224,2
17225,0
17226,0
17227,0
17229,2
17230,4
17231,2
17232,3
17233,4
17234,1
17235,1
17236,4
17237,0
17238,2
17239,4
17240,3
17241,3
17243,2
17244,0
17245,3
17247,0
17248,2
17249,4
17250,1
17251,3
17252,0
17253,1
17254,1
17255,3
17256,2
17257,3
17258,2
17259,4
17260,2
17261,2
17262,2
17263,4
17264,3
17265,3
17266,4
17267,2
17268,1
17269,0
17270,3
17271,3
17273,3
17274,3
17275,4
17276,0
17277,1
17278,0
17279,2
17280,4
17281,3
17282,0
17283,3
17284,3
17285,2
17286,2
17287,2
17288,0
17290,4
17291,1
17292,0
17294,1
17296,3
17297,0
17298,1
17299,0
17301,3
17302,2
17303,3
17304,3
17305,2
17306,1
17307,2
17308,4
17309,3
17310,2
17311,2
17312,3
17313,3
17314,0
17315,1
17316,0
17317,3
17318,2
17319,3
17320,1
17321,0
17322,0
17324,3
17325,3
17326,1
17327,1
17328,1
17329,1
17330,1
17332,3
17333,4
17334,1
17335,3
17336,3
17337,4
17338,1
17339,0
17340,0
17341,1
17342,4
17343,1
17344,1
17345,3
17346,4
17347,1
17348,2
17349,0
17350,4
17351,0
17352,2
17353,1
17354,1
17355,2
17356,3
17357,1
17358,2
17359,2
17360,4
17361,2
17362,0
17363,4
17364,3
17365,2
17366,3
17367,3
17368,2
17369,4
17370,0
17371,3
17372,1
17373,0
17374,3
17375,1
17376,1
17377,0
17378,1
17379,2
17380,3
17381,3
17382,1
17383,0
17384,2
17385,1
17386,3
17387,1
17388,1
17389,0
17390,2
17391,4
17392,1
17393,0
17394,3
17395,1
17396,4
17397,2
17398,0
17399,2
17400,0
17401,4
17402,4
17403,3
17404,4
17405,4
17406,3
17407,0
17408,1
17409,3
17410,0
17411,0
17413,1
17414,4
17415,0
17416,3
17417,4
17418,2
17419,1
17420,2
17421,4
17422,1
17423,1
17424,3
17425,1
17426,4
17427,3
17428,3
17429,1
17430,3
17431,2
17432,4
17433,2
17434,3
17435,0
17436,4
17437,3
17438,3
17439,0
17440,3
17441,1
17442,3
17443,3
17444,1
17445,3
17446,0
17447,3
17448,4
17449,4
17450,0
17451,0
17452,3
17453,3
17454,3
17455,3
17456,1
17457,1
17458,0
17459,2
17460,0
17461,4
17462,1
17463,2
17464,3
17465,4
17466,0
17467,1
17468,3
17469,4
17470,3
17471,1
17472,0
17474,2
17475,1
17476,3
17477,1
17478,0
17479,0
17480,0
17481,3
17482,1
17483,3
17484,3
17485,4
17486,0
17487,1
17488,0
17489,4
17490,4
17491,1
17492,3
17493,0
17494,0
17496,3
17497,0
17499,1
17500,2
17501,1
17502,3
17503,2
17504,0
17506,1
17507,2
17508,2
17509,2
17510,1
17511,0
17512,0
17513,0
17514,2
17515,1
17516,3
17517,1
17518,0
17519,3
17520,0
17521,1
17522,1
17523,0
17524,4
17525,3
17526,3
17527,1
17528,0
17529,2
17530,2
17531,1
17532,3
17533,0
17534,3
17535,4
17536,0
17537,1
17538,2
17539,1
17540,0
17541,3
17542,3
17543,3
17544,3
17545,3
17546,2
17547,1
17548,0
17549,1
17550,1
17551,3
17552,1
17553,4
17554,4
17556,3
17557,1
17558,2
17559,3
17560,0
17561,0
17562,1
17563,0
17564,3
17565,3
17566,4
17567,0
17568,0
17569,2
17570,0
17571,0
17572,0
17573,2
17574,2
17575,0
17576,2
17577,4
17578,0
17579,0
17580,3
17582,2
17583,1
17584,2
17585,3
17586,2
17587,0
17588,2
17589,1
17590,1
17591,1
17592,0
17593,4
17594,0
17595,0
17596,3
17597,2
17598,4
17599,1
17600,0
17601,0
17602,0
17603,0
17604,0
17605,3
17606,0
17607,0
17608,1
17609,4
17610,2
17611,2
17612,1
17613,3
17614,2
17615,2
17616,2
17617,1
17618,3
17619,0
17620,1
17621,0
17622,0
17623,3
17624,3
17625,1
17626,4
17627,3
17628,4
17629,1
17630,2
17631,4
17632,2
17633,2
17634,1
17635,4
17637,3
17638,2
17639,1
17640,4
17641,2
17642,3
17643,3
17644,1
17645,0
17646,1
17647,0
17648,3
17649,0
17650,2
17651,1
17652,1
17653,0
17654,4
17655,3
17656,3
17657,3
17658,3
17659,4
17660,1
17661,1
17662,3
17663,2
17664,2
17665,2
17666,3
17667,3
17668,2
17669,3
17670,0
17671,4
17672,3
17673,4
17674,2
17675,1
17676,3
17677,2
17678,0
17679,0
17680,1
17681,4
17682,0
17683,1
17684,4
17685,0
17686,4
17687,0
17688,1
17689,2
17690,0
17691,4
17693,3
17694,2
17695,1
17696,1
17697,1
17698,4
17699,2
17700,1
17701,2
17702,4
17703,0
17704,4
17705,1
17706,1
17707,2
17708,2
17709,1
17710,2
17711,4
17712,2
17714,4
17715,2
17716,2
17717,3
17718,0
17719,4
17720,3
17721,3
17722,1
17724,1
17725,4
17727,2
17728,3
17729,3
17730,3
17731,1
17732,3
17733,1
17734,3
17735,1
17736,0
17737,1
17739,4
17740,0
17741,4
17742,0
17743,4
17744,4
17745,4
17746,2
17747,4
17748,4
17749,2
17750,3
17751,3
17752,0
17753,3
17754,0
17755,2
17756,4
17757,2
17758,1
17759,4
17760,1
17761,0
17762,0
17763,3
17764,1
17765,3
17766,1
17767,1
17768,0
17769,4
17770,2
17771,1
17772,1
17773,4
17774,4
17775,4
17776,4
17777,4
17778,1
17779,4
17780,0
17781,0
17782,3
17783,2
17784,2
17785,1
17786,2
17787,4
17788,0
17789,1
17790,2
17791,2
17792,2
17793,3
17794,4
17795,2
17796,3
17797,3
17798,3
17799,2
17800,2
17802,0
17803,0
17806,2
17807,0
17808,1
17809,0
17810,3
17811,2
17812,4
17813,0
17814,1
17815,4
17816,2
17817,1
17818,4
17819,3
17820,0
17821,1
17822,0
17823,1
17824,2
17825,3
17827,2
17828,2
17829,3
17830,1
17831,2
17832,1
17833,1
17834,4
17835,2
17836,2
17837,4
17838,4
17839,1
17840,2
17842,2
17843,0
17844,0
17845,0
17846,4
17847,2
17848,4
17849,1
17850,3
17851,4
17852,4
17853,1
17855,1
17856,4
17857,4
17858,1
17859,2
17860,1
17861,1
17862,3
17863,0
17865,4
17866,4
17867,3
17868,3
17869,1
17870,4
17871,2
17872,1
17873,1
17874,2
17875,1
17876,3
17877,2
17878,3
17879,1
17880,4
17881,4
17882,3
17883,4
17884,1
17885,0
17886,4
17887,4
17888,2
17889,2
17890,2
17891,0
17892,4
17894,4
17895,3
17896,4
17897,0
17898,1
17899,1
17900,4
17901,0
17902,4
17903,3
17904,4
17905,2
17906,1
17907,0
17908,1
17909,2
17910,2
17911,4
17912,4
17913,0
17914,0
17915,4
17916,4
17917,2
17918,1
17919,2
17920,3
17922,0
17923,0
17924,4
17925,1
17926,2
17927,2
17928,4
17929,4
17930,4
17931,2
17932,0
17933,3
17934,4
17935,2
17936,3
17937,0
17938,0
17939,1
17940,1
17941,4
17942,4
17943,1
17944,1
17945,0
17946,3
17947,4
17948,2
17949,3
17950,4
17951,0
17952,0
17953,2
17955,2
17956,4
17957,0
17958,3
17959,0
17960,4
17961,3
17962,3
17963,2
17964,4
17965,4
17966,0
17967,3
17968,0
17969,3
17970,1
17972,4
17973,4
17974,4
17975,4
17976,1
17977,3
17978,3
17979,4
17980,3
17981,3
17982,2
17983,1
17984,3
17985,3
17986,0
17987,0
17988,1
17989,1
17990,2
17991,4
17992,3
17993,2
17995,2
17996,1
17997,2
17998,1
17999,0
18000,4
18003,2
18004,1
18005,0
18006,2
18007,1
18008,2
18009,0
18010,4
18011,4
18012,1
18013,3
18014,1
18015,3
18016,4
18017,4
18018,2
18019,1
18020,3
18021,3
18022,0
18023,4
18024,4
18025,2
18026,4
18027,3
18028,0
18029,3
18030,2
18031,2
18032,2
18033,0
18034,4
18036,3
18037,3
18038,3
18039,4
18040,0
18041,1
18042,4
18043,0
18044,2
18045,1
18046,1
18047,0
18048,1
18049,0
18050,2
18051,0
18052,3
18053,0
18054,1
18056,0
18057,0
18058,1
18059,2
18060,1
18061,3
18062,1
18063,2
18064,0
18065,3
18066,2
18067,2
18068,0
18069,2
18070,2
18071,4
18072,1
18073,3
18074,0
18075,1
18076,4
18077,2
18078,3
18079,3
18080,0
18081,0
18082,4
18083,3
18084,3
18085,1
18086,1
18087,0
18088,2
18089,2
18090,0
18091,1
18092,0
18093,0
18096,2
18097,2
18098,4
18099,3
18100,3
18101,1
18102,2
18103,4
18105,4
18106,2
18108,3
18109,0
18110,4
18111,4
18112,2
18113,2
18114,4
18115,3
18116,1
18117,2
18118,0
18119,2
18120,3
18121,2
18122,1
18123,3
18124,2
18125,3
18126,0
18127,4
18128,3
18129,3
18130,4
18131,2
18132,2
18133,2
18134,1
18135,0
18136,0
18137,2
18138,3
18139,3
18140,1
18141,4
18142,0
18143,0
18144,4
18145,4
18146,4
18147,1
18148,2
18149,1
18150,1
18151,4
18152,0
18153,0
18154,1
18156,1
18157,4
18158,1
18159,1
18160,4
18161,4
18162,0
18163,2
18164,0
18165,4
18166,4
18167,2
18168,1
18169,2
18170,2
18171,1
18173,2
18174,3
18175,0
18177,1
18178,3
18179,3
18180,3
18181,0
18182,3
18183,2
18184,1
18185,3
18186,3
18187,4
18188,0
18189,2
18190,3
18191,1
18192,0
18193,0
18194,3
18195,1
18196,1
18197,0
18198,2
18199,2
18200,4
18201,0
18202,4
18203,2
18204,2
18205,3
18206,2
18207,3
18208,1
18209,4
18212,4
18213,1
18214,3
18215,1
18216,3
18217,3
18218,1
18219,2
18220,2
18221,4
18222,1
18223,3
18225,2
18226,4
18227,1
18228,4
18229,1
18230,4
18231,0
18232,3
18233,2
18234,1
18235,0
18237,0
18238,4
18239,2
18240,4
18241,4
18242,4
18243,0
18244,1
18245,2
18246,1
18247,1
18248,1
18249,3
18250,4
18251,1
18252,2
18253,2
18254,4
18255,2
18256,2
18257,0
18258,3
18259,3
18260,2
18261,3
18262,0
18263,4
18266,3
18267,4
18268,4
18269,3
18270,1
18271,3
18272,2
18273,3
18274,2
18275,3
18276,4
18277,1
18279,0
18280,4
18281,2
18282,0
18283,1
18284,2
18285,2
18286,2
18287,2
18288,2
18289,3
18290,1
18291,1
18292,1
18293,2
18294,2
18295,4
18296,0
18298,4
18299,1
18300,1
18301,3
18302,4
18303,4
18304,2
18305,4
18306,1
18307,1
18308,0
18310,1
18311,0
18312,3
18313,2
18314,1
18315,1
18316,0
18317,4
18318,0
18319,2
18320,3
18321,1
18322,2
18323,4
18324,2
18325,1
18326,0
18327,3
18328,2
18329,2
18330,2
18331,0
18332,0
18333,2
18334,2
18335,2
18336,4
18337,1
18338,0
18339,1
18340,0
18341,1
18342,1
18343,4
18344,3
18345,2
18346,3
18347,2
18348,2
18349,0
18350,1
18351,4
18352,2
18353,0
18354,1
18355,4
18356,1
18357,3
18358,4
18359,0
18360,3
18362,3
18364,4
18365,3
18366,4
18367,4
18368,0
18370,2
18371,4
18372,0
18373,2
18375,4
18376,1
18377,2
18378,2
18379,4
18380,4
18381,4
18382,1
18383,3
18384,3
18385,4
18386,2
18387,3
18388,0
18389,2
18390,0
18392,3
18393,1
18394,3
18395,2
18396,0
18397,3
18398,4
18400,2
18401,2
18402,4
18403,4
18404,4
18405,1
18406,1
18407,0
18408,3
18409,1
18410,0
18411,3
18412,2
18413,1
18414,4
18416,1
18417,4
18418,0
18419,1
18420,2
18421,2
18422,1
18423,1
18424,2
18425,2
18426,2
18427,1
18428,2
18429,1
18430,0
18431,1
18432,0
18433,0
18435,1
18436,3
18437,0
18438,4
18439,0
18440,2
18441,0
18442,1
18443,3
18444,2
18445,3
18446,3
18447,0
18449,1
18450,0
18451,0
18452,0
18453,3
18454,4
18455,2
18456,1
18457,1
18458,1
18459,3
18460,4
18461,1
18462,0
18463,0
18464,4
18466,2
18467,2
18468,2
18469,0
18470,0
18471,1
18472,0
18473,4
18474,2
18475,0
18476,3
18477,0
18478,2
18479,2
18480,2
18481,2
18482,2
18483,0
18484,4
18485,3
18486,2
18487,2
18488,2
18489,1
18490,2
18491,1
18492,0
18493,0
18494,0
18495,0
18497,3
18498,1
18499,0
18500,3
18501,2
18502,2
18503,0
18504,1
18505,0
18506,0
18507,2
18508,3
18509,1
18510,2
18511,2
18512,0
18513,0
18515,2
18516,2
18517,4
18519,1
18520,2
18521,0
18522,0
18523,3
18525,3
18526,2
18527,0
18528,0
18529,0
18530,0
18531,0
18533,2
18534,4
18535,1
18536,4
18538,4
18540,3
18541,3
18542,0
18543,4
18544,3
18545,1
18546,0
18547,2
18548,1
18549,4
18550,2
18551,2
18552,3
18553,2
18554,0
18555,3
18556,1
18557,2
18558,0
18559,2
18561,2
18562,3
18563,0
18564,4
18565,4
18566,4
18567,4
18568,1
18569,3
18570,0
18571,4
18572,2
18574,1
18575,4
18577,2
18578,1
18579,3
18580,3
18581,1
18582,1
18583,2
18584,2
18585,3
18586,3
18587,0
18588,4
18589,1
18590,2
18591,1
18592,3
18593,3
18594,2
18595,2
18596,1
18597,2
18598,4
18599,3
18602,1
18603,4
18604,4
18605,3
18606,0
18607,0
18608,1
18609,0
18610,4
18611,4
18612,1
18613,3
18614,2
18615,1
18616,0
18617,4
18618,1
18619,1
18620,4
18621,1
18622,4
18623,0
18624,0
18625,2
18626,4
18627,1
18628,0
18629,0
18630,3
18631,0
18633,4
18634,4
18635,2
18636,3
18637,2
18638,0
18639,4
18640,1
18641,1
18642,1
18643,3
18644,0
18646,2
18647,1
18648,0
18650,4
18651,0
18653,4
18654,1
18655,3
18656,0
18657,4
18658,0
18660,2
18661,1
18662,0
18663,2
18664,4
18665,3
18666,4
18667,2
18668,3
18669,4
18671,3
18672,4
18673,0
18674,2
18675,2
18676,2
18677,2
18678,4
18679,4
18680,0
18681,4
18682,2
18683,4
18684,1
18685,2
18686,3
18687,0
18688,0
18689,0
18690,0
18691,4
18692,3
18693,1
18694,4
18695,0
18696,2
18697,4
18698,2
18699,4
18700,0
18701,4
18702,4
18703,2
18704,1
18705,4
18706,1
18707,1
18708,2
18709,0
18710,3
18711,0
18712,0
18713,2
18714,2
18715,2
18716,1
18717,0
18718,3
18719,3
18720,2
18721,1
18722,0
18723,4
18724,3
18725,0
18726,4
18727,0
18728,0
18729,0
18730,1
18733,3
18734,2
18735,4
18736,3
18737,2
18738,2
18739,0
18740,4
18741,2
18742,4
18743,0
18744,1
18745,1
18746,2
18747,2
18748,0
18749,0
18750,0
18751,1
18752,2
18753,4
18754,0
18755,0
18756,4
18758,2
18759,3
18760,1
18761,1
18762,0
18763,0
18764,4
18765,4
18766,2
18768,3
18769,4
18770,3
18772,1
18773,3
18774,3
18775,3
18776,0
18777,1
18778,3
18779,0
18780,4
18781,2
18782,4
18783,1
18784,0
18785,3
18786,3
18787,2
18788,2
18789,2
18790,0
18791,1
18792,2
18793,4
18794,4
18795,3
18796,2
18797,1
18798,4
18799,2
18800,0
18801,1
18802,2
18803,1
18804,3
18806,3
18807,3
18808,3
18809,1
18811,0
18812,3
18813,4
18814,3
18815,2
18816,4
18817,4
18818,0
18819,0
18820,2
18821,3
18822,3
18823,3
18824,0
18825,2
18826,4
18827,3
18828,4
18829,4
18830,4
18831,1
18832,4
18833,4
18834,1
18835,3
18836,3
18837,3
18838,2
18839,4
18841,0
18842,4
18843,1
18844,3
18845,4
18846,0
18847,0
18848,2
18849,3
18850,1
18851,3
18852,1
18853,2
18854,4
18855,3
18856,3
18857,4
18858,0
18859,2
18860,2
18861,2
18862,0
18863,0
18864,1
18865,0
18866,4
18867,3
18868,3
18869,2
18870,1
18871,3
18872,4
18873,1
18874,1
18875,2
18876,2
18877,3
18878,3
18879,1
18880,1
18882,3
18883,2
18884,2
18885,4
18886,0
18888,4
18889,3
18890,0
18891,4
18892,3
18893,1
18894,3
18895,4
18896,1
18897,1
18898,3
18899,0
18900,0
18901,3
18902,2
18903,2
18904,3
18905,1
18906,2
18908,2
18909,4
18910,0
18911,3
18912,0
18913,3
18914,0
18915,4
18916,1
18917,4
18918,1
18919,4
18920,4
18921,2
18923,0
18924,0
18925,3
18926,3
18927,2
18928,4
18929,3
18930,0
18933,3
18934,1
18935,1
18936,4
18937,4
18938,0
18939,0
18940,0
18941,1
18942,0
18943,2
18945,3
18946,1
18947,3
18948,4
18949,4
18950,2
18951,1
18952,2
18953,1
18954,1
18955,0
18956,0
18957,2
18958,3
18959,2
18960,1
18961,1
18962,0
18963,1
18964,4
18965,2
18966,0
18967,4
18968,3
18969,1
18970,3
18971,2
18972,1
18973,2
18974,1
18975,1
18976,4
18977,0
18978,0
18979,0
18980,2
18981,1
18982,2
18983,4
18984,4
18985,4
18986,3
18987,2
18988,0
18989,0
18990,4
18991,0
18992,0
18993,2
18994,0
18996,3
18997,4
18998,0
19000,0
19001,3
19002,2
19003,2
19004,4
19005,3
19006,3
19007,4
19008,1
19009,3
19010,1
19011,3
19012,3
19013,2
19014,0
19015,3
19016,0
19017,4
19018,0
19020,1
19021,3
19022,0
19023,3
19024,1
19025,2
19026,2
19027,1
19028,0
19029,0
19030,0
19031,0
19032,2
19033,0
19034,4
19035,0
19036,4
19037,4
19038,3
19039,2
19040,3
19041,4
19042,2
19043,3
19044,3
19045,1
19046,0
19047,2
19048,2
19049,2
19050,4
19051,3
19052,1
19053,3
19054,1
19056,2
19057,2
19058,2
19059,1
19060,0
19061,4
19062,4
19063,0
19064,0
19065,2
19066,2
19067,0
19068,0
19069,4
19070,3
19071,0
19072,4
19073,2
19074,0
19075,3
19076,0
19077,1
19078,3
19079,0
19080,1
19081,2
19082,4
19084,3
19085,0
19086,4
19087,3
19088,2
19089,3
19090,0
19091,2
19092,4
19093,4
19094,0
19095,3
19096,3
19097,1
19099,3
19100,1
19101,2
19103,3
19104,0
19106,1
19107,3
19108,4
19109,1
19110,1
19111,4
19112,2
19113,0
19114,0
19116,2
19117,4
19118,3
19119,2
19120,4
19121,0
19122,0
19123,1
19124,1
19125,3
19126,4
19127,1
19128,2
19129,1
19130,4
19131,1
19133,1
19134,0
19135,2
19136,4
19137,3
19138,4
19139,1
19140,3
19141,4
19142,2
19143,2
19144,3
19145,3
19146,4
19147,1
19148,2
19149,0
19150,0
19152,2
19154,0
19155,0
19156,0
19157,2
19158,3
19159,4
19160,3
19161,3
19162,2
19163,2
19164,4
19165,3
19166,1
19169,1
19170,2
19171,0
19172,1
19173,3
19174,3
19175,4
19176,4
19177,1
19178,1
19179,2
19180,3
19181,1
19182,2
19183,3
19184,2
19185,0
19186,0
19187,0
19188,3
19190,1
19191,2
19192,4
19193,4
19194,3
19195,2
19196,2
19197,3
19198,1
19199,0
19200,4
19201,4
19203,2
19205,3
19206,3
19207,2
19208,2
19209,1
19210,3
19211,4
19212,1
19213,0
19214,3
19215,1
19216,2
19218,2
19219,3
19220,2
19221,0
19222,0
19223,1
19224,0
19225,0
19226,4
19227,1
19229,0
19230,3
19232,1
19233,2
19234,4
19235,0
19236,2
19237,0
19238,0
19240,1
19241,4
19242,2
19243,3
19244,1
19245,2
19246,1
19247,4
19248,1
19249,3
19250,4
19251,2
19252,1
19253,2
19254,2
19255,3
19256,1
19257,0
19258,1
19259,4
19260,0
19261,3
19262,3
19263,2
19264,2
19265,3
19266,1
19267,1
19268,3
19269,4
19270,1
19271,2
19272,2
19273,2
19274,2
19275,2
19276,4
19277,0
19278,3
19279,1
19280,1
19281,0
19282,3
19283,2
19284,4
19285,2
19286,1
19288,3
19289,1
19291,4
19292,1
19293,2
19294,1
19295,4
19296,0
19297,0
19298,4
19299,2
19300,2
19301,2
19302,4
19303,3
19304,0
19305,4
19306,1
19307,2
19308,1
19309,0
19310,4
19311,1
19312,0
19313,2
19314,0
19315,0
19317,0
19318,3
19319,1
19320,1
19321,3
19322,2
19323,4
19324,2
19325,1
19326,4
19327,1
19328,1
19329,0
19330,2
19331,3
19332,3
19333,1
19334,2
19335,3
19336,0
19337,2
19338,0
19340,1
19341,4
19342,1
19343,3
19344,2
19345,4
19346,3
19347,1
19348,1
19349,3
19350,2
19351,3
19352,0
19353,1
19354,0
19355,0
19357,2
19358,2
19359,0
19361,1
19362,0
19363,4
19365,1
19366,0
19367,0
19368,4
19369,3
19370,1
19371,0
19372,0
19373,1
19374,0
19375,3
19376,1
19377,2
19378,2
19379,0
19380,4
19381,0
19382,4
19385,3
19386,1
19387,4
19388,1
19389,1
19391,3
19392,4
19393,2
19394,3
19395,1
19396,4
19397,3
19398,4
19399,0
19400,3
19401,4
19402,4
19403,0
19404,0
19405,2
19406,4
19408,0
19409,4
19410,3
19411,3
19412,2
19413,4
19414,4
19415,0
19416,2
19417,1
19418,0
19419,4
19420,0
19421,2
19422,2
19423,2
19424,4
19425,2
19426,2
19427,1
19428,1
19429,4
19430,0
19432,3
19433,1
19434,3
19435,2
19436,0
19437,4
19438,0
19440,2
19441,0
19442,4
19443,1
19444,0
19445,4
19446,1
19447,1
19448,4
19449,1
19450,0
19451,4
19452,4
19453,4
19454,1
19455,3
19456,3
19457,1
19458,3
19459,3
19460,4
19461,3
19462,2
19463,4
19464,2
19465,1
19466,1
19467,0
19468,0
19469,2
19471,4
19472,4
19473,2
19474,2
19475,3
19477,2
19478,4
19479,0
19480,3
19481,0
19482,3
19484,2
19485,4
19486,4
19487,0
19488,0
19489,0
19491,1
19492,1
19493,2
19494,0
19495,3
19496,4
19497,3
19498,0
19499,2
19500,4
19501,4
19502,4
19503,0
19504,0
19506,4
19507,0
19508,3
19509,2
19510,1
19511,4
19512,0
19513,0
19515,3
19516,3
19517,3
19518,4
19519,1
19520,1
19521,1
19522,3
19523,3
19524,1
19525,4
19527,3
19528,4
19529,1
19530,3
19531,1
19532,2
19533,1
19534,1
19535,2
19536,4
19537,2
19538,0
19539,0
19540,0
19541,4
19542,1
19543,2
19544,0
19545,3
19546,4
19547,1
19548,3
19549,3
19550,2
19551,0
19552,4
19553,3
19554,3
19555,1
19556,1
19557,0
19558,3
19559,0
19560,0
19561,1
19562,1
19563,3
19564,0
19565,4
19567,4
19568,4
19570,2
19571,3
19572,2
19573,4
19574,0
19575,4
19577,4
19578,4
19579,2
19580,2
19581,2
19582,1
19583,1
19584,1
19585,0
19586,2
19587,1
19588,3
19589,2
19590,1
19591,4
19592,1
19593,2
19594,2
19595,3
19596,4
19597,1
19598,2
19599,1
19600,4
19601,0
19603,4
19604,2
19605,1
19606,1
19607,1
19608,2
19609,1
19610,3
19611,2
19612,3
19613,2
19614,0
19615,0
19616,1
19617,0
19618,3
19619,4
19620,3
19621,1
19622,3
19623,1
19624,3
19625,2
19626,0
19627,4
19628,4
19629,1
19630,1
19631,1
19632,0
19633,4
19634,3
19635,1
19636,1
19637,1
19638,4
19639,1
19640,4
19641,0
19642,1
19643,1
19644,1
19645,2
19646,0
19647,4
19648,1
19650,1
19651,4
19652,2
19653,2
19654,1
19655,0
19656,1
19657,2
19658,0
19659,0
19660,0
19662,3
19663,4
19664,0
19665,1
19666,2
19667,0
19668,1
19669,2
19670,2
19671,2
19672,3
19674,2
19675,3
19676,1
19677,3
19679,3
19680,2
19681,2
19682,2
19683,3
19684,1
19687,0
19688,0
19691,0
19692,1
19693,1
19694,2
19695,0
19696,4
19697,2
19698,2
19699,2
19700,3
19701,0
19702,1
19703,2
19704,4
19705,2
19706,0
19707,1
19708,3
19709,3
19710,4
19711,0
19712,2
19713,3
19714,2
19715,3
19716,2
19717,2
19718,0
19719,3
19720,4
19721,2
19722,2
19723,1
19724,1
19725,1
19726,0
19727,0
19728,1
19729,0
19730,1
19731,2
19732,2
19733,1
19734,3
19735,3
19736,1
19737,3
19738,3
19739,1
19740,2
19742,1
19743,3
19744,2
19745,0
19746,3
19747,1
19748,3
19749,0
19750,3
19751,3
19752,0
19753,4
19754,2
19755,1
19756,3
19757,1
19758,3
19759,4
19760,1
19761,1
19762,1
19763,4
19764,4
19765,4
19766,1
19767,2
19768,1
19769,2
19770,2
19771,4
19772,4
19773,4
19774,4
19776,4
19777,0
19778,3
19779,2
19780,1
19781,4
19782,2
19783,2
19784,2
19785,3
19786,4
19787,1
19788,2
19789,0
19790,0
19791,1
19792,3
19793,4
19794,3
19795,3
19796,4
19797,0
19799,3
19800,2
19801,0
19802,0
19803,3
19804,0
19805,3
19806,1
19807,1
19808,0
19810,3
19811,4
19812,1
19813,2
19814,4
19815,4
19816,2
19817,4
19818,2
19819,0
19820,2
19821,3
19822,3
19823,2
19824,1
19825,1
19826,4
19827,2
19828,1
19829,2
19830,2
19831,1
19832,3
19833,1
19834,2
19835,0
19836,2
19837,4
19838,4
19839,4
19840,0
19841,2
19842,2
19843,2
19844,0
19845,3
19846,3
19847,3
19848,4
19849,2
19850,2
19851,4
19852,0
19853,0
19854,1
19855,2
19856,2
19857,2
19858,4
19859,1
19860,2
19861,1
19862,4
19863,2
19864,1
19865,3
19866,2
19867,2
19868,2
19869,4
19870,3
19871,4
19874,2
19875,2
19876,3
19877,0
19878,1
19880,4
19881,4
19882,0
19883,1
19884,4
19885,2
19886,2
19887,3
19888,1
19889,0
19890,1
19891,2
19893,3
19895,3
19896,3
19897,1
19898,4
19899,0
19900,0
19901,3
19902,1
19903,1
19904,1
19905,0
19906,2
19907,4
19908,2
19909,3
19910,2
19911,4
19912,2
19913,3
19914,2
19915,0
19916,1
19917,1
19918,2
19919,4
19920,0
19921,2
19922,4
19924,2
19925,0
19926,3
19927,2
19928,2
19929,1
19930,0
19932,4
19933,0
19935,2
19936,4
19937,1
19938,1
19939,4
19940,2
19941,4
19942,4
19944,4
19945,1
19946,1
19947,4
19948,2
19949,4
19950,2
19951,4
19952,0
19953,4
19954,1
19956,1
19957,4
19958,4
19959,0
19960,3
19961,1
19962,2
19963,3
19964,3
19965,0
19966,4
19967,2
19968,0
19969,1
19970,2
19971,0
19972,0
19973,3
19974,0
19975,3
19976,2
19977,2
19978,1
19979,1
19980,2
19981,3
19982,1
19983,4
19984,4
19985,3
19986,0
19987,1
19988,0
19989,4
19990,3
19991,3
19992,0
19993,1
19994,0
19995,4
19996,4
19997,1
19998,2
19999,3
20000,1
20001,3
20002,1
20003,4
20004,2
20005,1
20006,1
20007,1
20008,4
20009,0
20010,3
20012,4
20013,3
20014,0
20015,2
20016,0
20017,4
20019,1
20020,1
20021,3
20022,2
20023,4
20024,1
20026,2
20027,3
20028,1
20029,2
20030,1
20031,2
20032,2
20033,0
20034,3
20035,3
20036,2
20038,4
20039,3
20040,3
20041,2
20042,4
20043,1
20046,3
20047,1
20048,4
20049,3
20050,0
20051,4
20052,3
20053,4
20054,2
20055,2
20056,0
20057,2
20058,0
20059,0
20060,4
20061,3
20063,3
20064,1
20065,1
20066,4
20067,1
20068,1
20069,4
20070,0
20071,1
20072,4
20074,3
20075,0
20076,4
20077,4
20078,2
20079,2
20080,1
20081,3
20082,2
20083,2
20084,2
20085,2
20086,4
20087,1
20088,4
20089,0
20090,3
20091,0
20092,4
20093,3
20095,4
20096,1
20097,2
20098,0
20099,4
20101,1
20102,2
20103,0
20104,2
20105,0
20106,4
20107,4
20108,3
20109,4
20110,3
20111,3
20112,4
20113,0
20114,0
20115,1
20116,0
20117,2
20118,3
20119,1
20120,4
20121,4
20122,2
20123,4
20124,1
20125,3
20126,2
20127,0
20128,3
20129,3
20130,0
20131,0
20132,0
20134,1
20135,2
20136,2
20137,0
20138,4
20139,1
20140,1
20141,1
20142,1
20143,3
20144,4
20145,4
20146,2
20147,2
20148,2
20149,2
20150,4
20151,0
20152,0
20153,0
20155,1
20156,4
20157,2
20158,1
20159,0
20160,0
20161,4
20162,4
20163,3
20164,1
20165,0
20166,3
20167,3
20168,3
20169,0
20170,0
20171,1
20172,0
20173,1
20174,1
20175,2
20176,4
20177,0
20178,1
20179,4
20180,1
20181,1
20182,0
20183,2
20185,1
20186,1
20187,1
20188,2
20189,3
20190,0
20191,2
20192,2
20193,2
20194,1
20196,1
20197,4
20198,4
20199,0
20200,1
20201,4
20202,1
20203,0
20204,0
20205,4
20206,2
20207,1
20208,0
20209,1
20210,1
20211,3
20212,1
20213,3
20214,3
20215,3
20216,0
20217,3
20218,1
20219,1
20220,2
20221,3
20222,4
20223,2
20224,1
20225,1
20226,2
20227,1
20228,3
20230,2
20231,4
20232,1
20233,4
20234,4
20235,0
20236,3
20237,1
20238,0
20239,4
20241,3
20242,1
20243,4
20244,0
20245,4
20246,3
20247,1
20248,3
20249,3
20250,2
20251,4
20252,0
20253,3
20254,3
20255,3
20256,1
20257,3
20258,2
20259,0
20260,0
20261,0
20262,0
20263,4
20264,2
20265,3
20266,0
20267,0
20268,1
20269,0
20270,3
20271,4
20272,4
20273,0
20274,3
20275,2
20276,4
20277,2
20278,3
20279,1
20280,2
20281,4
20282,1
20283,4
20284,0
20285,1
20286,0
20287,1
20288,4
20289,3
20290,2
20291,2
20292,3
20293,2
20294,0
20295,0
20296,2
20297,2
20298,0
20299,0
20300,4
20301,1
20302,4
20303,2
20304,2
20305,0
20306,1
20307,1
20308,3
20309,2
20310,4
20311,2
20312,1
20313,0
20314,4
20315,0
20317,1
20318,2
20319,2
20320,4
20321,2
20322,3
20323,3
20324,2
20325,2
20326,4
20327,4
20328,4
20329,3
20330,2
20331,3
20332,3
20333,0
20334,0
20335,0
20336,3
20337,3
20338,3
20339,1
20340,0
20341,1
20342,4
20343,2
20344,4
20345,3
20346,2
20347,4
20348,0
20349,1
20350,2
20351,4
20353,0
20354,4
20356,2
20357,2
20358,1
20359,4
20361,1
20362,2
20363,3
20364,0
20365,4
20366,0
20367,3
20368,1
20369,1
20370,3
20371,1
20372,2
20373,2
20374,1
20375,3
20376,2
20377,1
20378,3
20379,4
20380,1
20381,2
20382,4
20383,0
20384,1
20385,4
20386,4
20387,1
20388,1
20389,3
20390,1
20391,0
20392,0
20393,0
20394,4
20395,2
20396,0
20397,3
20398,0
20399,0
20400,3
20401,4
20402,2
20403,3
20404,1
20405,3
20406,0
20407,4
20408,2
20409,3
20410,3
20411,3
20412,1
20413,2
20414,0
20415,0
20416,3
20417,2
20418,2
20419,1
20420,4
20421,0
20422,3
20423,4
20424,1
20425,3
20426,2
20427,3
20428,2
20429,1
20430,4
20431,4
20432,2
20433,1
20434,4
20435,1
20436,3
20437,3
20438,0
20439,1
20440,2
20441,4
20442,0
20443,4
20444,0
20445,2
20447,3
20448,2
20449,2
20450,0
20451,0
20452,4
20453,4
20454,0
20455,3
20456,4
20457,3
20458,4
20459,1
20460,2
20461,4
20462,4
20463,4
20464,1
20465,1
20466,0
20467,1
20468,4
20469,4
20470,3
20471,3
20472,4
20473,0
20475,0
20476,4
20477,1
20478,2
20479,1
20480,0
20481,0
20482,4
20483,4
20484,4
20485,1
20486,0
20487,2
20488,1
20489,0
20490,2
20491,1
20492,1
20493,3
20495,4
20496,1
20497,3
20498,4
20499,4
20500,1
20501,0
20502,1
20503,1
20504,4
20505,0
20506,1
20507,2
20508,1
20509,3
20510,2
20511,0
20513,2
20514,3
20515,4
20516,2
20517,1
20518,2
20519,4
20520,2
20521,4
20522,3
20523,0
20524,3
20525,1
20526,2
20527,3
20528,1
20529,0
20530,3
20531,4
20532,1
20534,4
20535,3
20536,4
20537,4
20538,2
20539,3
20540,1
20541,2
20542,1
20543,4
20544,1
20545,4
20546,0
20547,2
20548,2
20549,3
20550,3
20551,2
20552,2
20553,2
20554,0
20555,3
20556,4
20557,1
20558,0
20559,3
20560,2
20561,3
20562,4
20563,2
20564,1
20565,1
20566,3
20567,4
20570,1
20571,2
20572,3
20573,2
20575,3
20576,4
20577,3
20578,0
20579,4
20581,4
20582,3
20583,0
20584,0
20585,3
20586,4
20587,3
20588,1
20589,2
20590,4
20591,2
20592,3
20593,3
20594,3
20595,4
20596,3
20597,3
20598,2
20599,0
20600,2
20601,2
20602,0
20603,2
20604,0
20605,0
20606,2
20607,2
20608,2
20609,3
20610,4
20611,4
20612,4
20613,2
20614,1
20615,0
20616,1
20617,3
20619,4
20620,4
20621,4
20622,0
20623,3
20624,0
20625,0
20626,3
20627,2
20628,4
20629,3
20630,4
20631,1
20632,0
20633,1
20634,0
20635,3
20636,4
20637,2
20638,2
20639,4
20640,0
20641,0
20642,2
20643,0
20644,4
20645,2
20646,4
20647,1
20648,0
20650,0
20651,0
20652,4
20654,2
20655,4
20656,2
20657,1
20658,4
20659,3
20660,1
20661,3
20662,0
20663,1
20664,3
20665,3
20666,4
20667,4
20668,4
20669,1
20670,0
20671,0
20672,0
20673,0
20674,4
20675,1
20676,4
20677,3
20678,0
20679,0
20680,3
20681,0
20682,0
20683,0
20684,4
20685,3
20686,3
20687,0
20688,1
20689,4
20690,1
20691,4
20692,1
20693,1
20694,4
20695,1
20696,1
20697,3
20698,1
20699,3
20700,0
20701,1
20702,4
20703,4
20704,3
20705,0
20706,1
20707,4
20708,2
20709,0
20710,1
20712,2
20713,4
20714,4
20715,4
20716,1
20717,3
20718,0
20719,3
20720,2
20721,2
20722,2
20723,3
20724,0
20725,3
20726,4
20727,4
20728,3
20729,0
20730,3
20731,0
20732,2
20733,2
20734,3
20735,1
20736,1
20737,1
20738,1
20739,0
20740,1
20741,1
20742,1
20743,0
20744,4
20745,3
20746,2
20747,2
20749,1
20750,2
20751,4
20752,1
20753,1
20754,3
20755,2
20756,4
20757,4
20758,1
20759,4
20760,4
20761,4
20762,3
20763,1
20764,4
20765,4
20766,3
20767,3
20768,1
20769,3
20770,1
20771,0
20772,4
20774,3
20775,2
20776,3
20778,4
20779,1
20781,0
20782,1
20783,1
20784,0
20785,2
20786,1
20787,0
20788,3
20789,2
20790,0
20791,0
20793,2
20794,2
20795,4
20796,3
20797,2
20798,3
20799,1
20800,0
20801,4
20802,3
20803,1
20804,4
20805,4
20806,3
20807,4
20808,1
20809,3
20810,3
20811,2
20812,1
20813,1
20814,1
20815,0
20816,1
20817,1
20818,2
20819,2
20820,4
20821,0
20822,0
20823,4
20824,4
20825,4
20826,0
20827,0
20829,2
20830,2
20831,4
20833,3
20834,4
20835,2
20836,0
20837,1
20839,3
20841,2
20842,1
20843,4
20844,2
20845,3
20846,3
20847,1
20848,1
20849,2
20850,2
20851,4
20852,0
20853,2
20854,0
20855,4
20856,1
20857,3
20858,3
20859,3
20860,3
20861,2
20862,0
20863,1
20864,4
20865,1
20866,1
20867,1
20868,0
20869,3
20870,4
20871,1
20872,3
20873,0
20874,3
20875,1
20876,0
20877,2
20878,3
20879,4
20880,4
20881,2
20882,0
20883,0
20884,4
20885,3
20886,3
20887,2
20888,3
20889,3
20890,4
20891,3
20892,4
20893,3
20894,4
20895,2
20896,1
20897,1
20898,2
20899,4
20900,0
20901,0
20902,0
20903,4
20904,4
20905,4
20906,1
20907,4
20908,0
20909,4
20911,2
20912,2
20913,1
20914,0
20915,3
20916,3
20918,3
20919,1
20920,4
20921,4
20922,1
20923,2
20924,3
20925,1
20926,4
20927,2
20929,1
20930,4
20931,4
20932,2
20933,1
20934,1
20936,4
20937,2
20938,3
20939,0
20940,0
20941,1
20942,0
20943,4
20944,2
20945,1
20946,4
20947,1
20948,0
20951,0
20952,0
20953,4
20954,3
20955,2
20956,2
20957,1
20958,0
20959,2
20960,0
20962,4
20963,0
20964,1
20965,1
20966,4
20969,3
20970,4
20971,4
20972,0
20973,4
20974,1
20975,4
20976,4
20977,2
20978,2
20979,2
20980,1
20981,4
20982,1
20983,3
20984,3
20985,2
20986,2
20987,2
20988,3
20989,4
20990,1
20991,4
20992,0
20993,3
20994,1
20995,4
20996,4
20997,3
20998,4
21000,4
21001,3
21002,1
21003,3
21004,0
21005,1
21006,1
21009,0
21010,3
21011,1
21012,3
21013,4
21014,1
21015,0
21016,1
21017,0
21018,3
21019,3
21020,3
21021,4
21022,3
21023,0
21024,3
21025,3
21026,1
21027,0
21028,0
21030,1
21031,3
21032,0
21033,1
21034,3
21035,4
21036,3
21037,2
21038,2
21039,3
21040,2
21041,0
21042,4
21043,1
21044,0
21046,2
21047,2
21048,0
21049,3
21050,1
21051,3
21052,1
21053,0
21054,2
21055,4
21056,4
21057,1
21058,3
21059,0
21060,3
21061,4
21062,4
21063,2
21064,4
21065,3
21066,2
21067,1
21068,3
21069,4
21070,4
21071,2
21072,3
21073,3
21074,1
21075,2
21076,0
21077,1
21078,1
21079,2
21080,3
21081,0
21082,3
21083,2
21084,2
21085,3
21086,3
21087,4
21088,1
21089,2
21090,4
21091,4
21092,0
21093,2
21094,4
21095,1
21096,1
21097,4
21098,4
21099,3
21100,1
21101,0
21102,2
21103,1
21104,3
21105,4
21106,1
21107,0
21108,2
21109,2
21110,4
21111,1
21112,2
21113,3
21114,0
21115,3
21116,0
21117,0
21118,3
21119,4
21120,4
21122,3
21123,4
21124,4
21125,3
21126,1
21127,3
21128,3
21129,2
21130,4
21131,3
21132,2
21133,3
21134,3
21135,1
21136,2
21137,4
21138,4
21139,4
21140,2
21141,1
21142,2
21143,0
21144,0
21145,2
21146,0
21147,3
21148,0
21150,0
21151,0
21152,4
21153,1
21155,1
21156,1
21157,2
21158,4
21159,1
21160,4
21161,0
21163,0
21164,2
21167,1
21168,3
21169,1
21170,3
21173,1
21174,0
21175,1
21176,0
21178,3
21179,1
21180,0
21181,3
21182,2
21183,0
21184,1
21185,3
21186,4
21187,2
21188,2
21189,4
21190,3
21191,1
21192,4
21193,4
21194,3
21195,4
21196,1
21197,2
21198,1
21199,2
21200,2
21201,1
21202,1
21203,0
21204,1
21205,1
21206,1
21207,0
21208,1
21209,0
21210,2
21211,0
21212,4
21213,4
21214,1
21215,1
21216,3
21217,0
21218,4
21219,2
21220,0
21221,2
21222,3
21223,3
21224,0
21225,4
21226,0
21227,3
21228,2
21229,4
21230,1
21232,2
21233,3
21234,4
21235,3
21236,2
21237,3
21238,1
21239,0
21240,3
21241,3
21242,3
21243,1
21244,0
21245,1
21246,0
21247,2
21248,2
21249,1
21250,4
21251,2
21252,2
21253,0
21255,3
21256,4
21257,3
21258,4
21259,0
21260,3
21261,2
21262,4
21263,0
21264,0
21265,4
21266,2
21268,2
21269,3
21270,3
21271,1
21272,1
21273,1
21274,3
21275,3
21276,4
21277,0
21278,3
21279,4
21280,0
21281,1
21282,3
21283,1
21284,4
21286,3
21287,4
21288,3
21289,4
21290,1
21291,3
21292,3
21293,0
21294,3
21295,2
21296,1
21297,0
21298,2
21299,1
21300,1
21301,0
21302,0
21303,4
21304,2
21305,3
21306,2
21307,1
21308,0
21309,1
21310,1
21311,4
21312,0
21314,0
21315,2
21316,4
21317,4
21318,3
21319,2
21320,2
21321,3
21322,1
21323,1
21324,0
21326,2
21327,2
21328,0
21329,1
21330,2
21331,4
21332,0
21333,0
21334,4
21337,2
21338,0
21339,0
21340,2
21341,4
21342,2
21343,2
21344,1
21345,2
21346,4
21347,3
21348,0
21349,2
21350,0
21351,0
21352,3
21355,3
21356,2
21357,4
21358,3
21359,1
21360,3
21361,2
21362,1
21363,1
21364,2
21365,4
21366,3
21367,0
21369,2
21370,4
21371,3
21372,1
21373,0
21374,0
21376,1
21377,1
21378,0
21379,2
21380,2
21381,3
21382,1
21383,2
21384,1
21385,2
21386,2
21387,2
21388,2
21389,3
21390,1
21391,0
21392,2
21393,2
21394,2
21395,2
21396,0
21397,4
21399,2
21400,2
21401,2
21402,2
21403,4
21404,3
21405,2
21406,1
21407,3
21408,1
21409,1
21410,2
21411,2
21412,1
21413,2
21414,4
21415,3
21416,0
21417,3
21418,1
21419,0
21420,1
21421,2
21422,1
21424,0
21425,3
21426,2
21427,1
21428,1
21429,4
21430,3
21431,2
21432,0
21433,0
21434,1
21435,0
21436,3
21437,3
21438,4
21439,4
21440,2
21441,4
21442,4
21443,1
21444,0
21445,4
21446,2
21448,4
21449,4
21450,3
21451,2
21452,4
21453,0
21454,0
21455,0
21456,0
21457,2
21458,4
21459,3
21460,3
21461,0
21462,0
21463,4
21464,2
21465,2
21466,0
21467,0
21468,4
21469,4
21470,3
21471,2
21472,3
21473,3
21474,1
21475,1
21476,3
21477,0
21480,2
21481,3
21482,3
21484,3
21485,3
21486,2
21487,1
21488,0
21489,3
21490,1
21491,4
21492,1
21493,1
21494,1
21495,4
21496,1
21497,1
21498,4
21499,1
21501,3
21502,4
21503,3
21504,2
21505,0
21506,4
21508,4
21509,3
21510,4
21511,1
21512,4
21513,1
21514,3
21515,0
21516,3
21517,1
21518,4
21519,1
21520,2
21521,0
21522,0
21523,3
21524,0
21525,1
21526,1
21527,2
21528,0
21529,2
21530,2
21532,4
21533,4
21534,0
21535,0
21536,3
21537,1
21538,4
21539,0
21540,1
21541,1
21542,0
21543,2
21544,0
21545,3
21546,4
21547,1
21548,1
21549,1
21550,1
21551,1
21552,3
21553,1
21554,1
21555,2
21556,2
21557,3
21558,2
21560,2
21561,3
21562,0
21563,4
21564,0
21565,4
21566,1
21567,3
21568,2
21569,0
21570,1
21571,0
21572,4
21573,3
21574,2
21575,4
21576,2
21577,3
21578,1
21579,3
21580,0
21581,2
21583,1
21585,3
21586,0
21587,2
21588,2
21589,3
21590,0
21591,4
21592,1
21593,2
21594,1
21595,1
21596,3
21597,2
21598,1
21599,1
21600,1
21601,0
21602,4
21603,2
21604,3
21605,2
21606,4
21607,1
21608,1
21609,1
21610,1
21611,4
21612,0
21613,4
21614,1
21615,3
21616,2
21617,0
21620,3
21621,3
21622,1
21623,2
21624,0
21625,4
21626,2
21627,2
21628,4
21629,1
21630,0
21631,2
21632,2
21633,4
21634,0
21635,3
21636,3
21637,4
21638,4
21639,0
21640,0
21641,1
21642,4
21643,0
21644,2
21645,3
21646,0
21647,0
21648,1
21649,1
21650,4
21651,3
21652,3
21653,3
21654,2
21655,0
21656,1
21657,2
21658,2
21659,1
21660,4
21661,4
21663,2
21664,2
21665,4
21666,2
21667,0
21668,4
21669,1
21670,4
21671,4
21672,2
21673,1
21674,3
21675,4
21676,1
21677,0
21678,2
21679,3
21680,2
21682,3
21683,2
21684,0
21685,3
21686,1
21687,4
21688,0
21690,2
21691,4
21692,1
21693,1
21694,1
21695,0
21696,1
21697,3
21698,3
21699,2
21701,4
21702,1
21703,1
21704,3
21705,3
21706,3
21707,0
21708,2
21709,2
21710,3
21712,2
21713,2
21714,0
21715,4
21716,3
21717,1
21718,2
21719,3
21720,4
21721,3
21722,4
21723,4
21725,4
21726,4
21727,1
21728,4
21730,4
21731,2
21732,3
21733,2
21734,4
21735,1
21736,2
21737,3
21738,3
21739,0
21740,1
21741,3
21742,4
21744,1
21745,0
21746,0
21747,0
21748,0
21749,4
21750,4
21752,1
21753,0
21754,1
21755,0
21756,1
21757,2
21758,2
21759,0
21760,4
21761,1
21762,1
21763,0
21764,1
21765,1
21767,3
21768,3
21769,2
21770,2
21771,4
21772,4
21773,1
21774,1
21775,2
21776,2
21778,3
21779,3
21780,4
21781,4
21782,3
21783,0
21785,2
21786,4
21787,0
21788,3
21789,2
21790,1
21791,4
21792,0
21793,4
21794,0
21795,4
21796,2
21797,4
21798,3
21799,2
21800,1
21801,3
21802,0
21803,0
21804,0
21805,2
21806,1
21807,0
21808,0
21809,0
21811,4
21812,0
21813,3
21814,2
21815,3
21816,1
21817,3
21818,3
21819,2
21820,3
21821,2
21822,0
21823,1
21824,0
21825,1
21826,4
21827,2
21828,2
21829,0
21830,1
21831,0
21832,0
21833,2
21834,1
21835,1
21836,4
21837,1
21838,1
21839,4
21840,0
21842,1
21843,0
21844,0
21845,0
21846,0
21847,4
21848,2
21849,3
21850,4
21851,0
21852,1
21854,1
21855,3
21856,1
21857,2
21858,0
21859,0
21860,0
21861,3
21862,2
21864,0
21865,2
21866,3
21867,3
21868,1
21869,2
21870,1
21871,2
21872,2
21873,4
21874,3
21875,1
21876,0
21877,0
21878,0
21879,3
21880,3
21881,2
21882,1
21883,4
21884,4
21885,4
21886,3
21887,2
21888,4
21889,0
21890,0
21891,3
21892,0
21893,0
21894,0
21895,0
21896,3
21897,2
21898,0
21899,2
21900,4
21901,2
21902,3
21903,0
21904,0
21905,3
21906,3
21907,2
21908,2
21912,3
21913,2
21914,1
21915,4
21916,3
21917,1
21918,4
21919,0
21920,3
21921,4
21922,4
21923,0
21924,0
21925,4
21926,1
21927,2
21928,4
21929,4
21930,1
21931,2
21932,2
21933,1
21934,0
21935,4
21936,4
21937,1
21938,1
21939,2
21941,3
21942,4
21943,1
21944,3
21945,1
21946,4
21947,4
21948,4
21949,2
21950,2
21951,0
21952,4
21953,1
21954,2
21955,3
21956,1
21957,2
21958,4
21959,4
21960,0
21961,3
21962,2
21963,2
21964,4
21965,2
21966,0
21967,0
21968,3
21969,2
21970,2
21971,4
21972,2
21973,3
21974,3
21975,0
21976,2
21978,1
21979,3
21980,1
21981,1
21982,4
21983,4
21984,3
21985,0
21986,0
21988,3
21989,4
21990,3
21992,4
21993,4
21994,4
21995,0
21996,3
21997,3
21998,4
21999,1
22000,1
22001,4
22002,3
22003,1
22005,0
22006,3
22007,2
22008,3
22009,0
22010,4
22011,1
22012,4
22013,0
22014,0
22015,1
22016,2
22017,2
22018,3
22019,4
22020,4
22021,3
22023,4
22024,2
22025,1
22026,4
22027,0
22028,0
22029,1
22030,1
22031,1
22032,1
22033,1
22034,0
22036,0
22037,2
22038,4
22039,1
22040,1
22042,2
22043,3
22044,1
22045,0
22046,1
22047,0
22048,2
22049,2
22050,3
22051,3
22052,4
22053,2
22054,0
22055,1
22056,1
22057,1
22058,3
22059,0
22060,0
22061,1
22062,4
22063,0
22064,1
22065,3
22066,2
22067,4
22068,0
22069,3
22070,0
22071,0
22072,2
22073,4
22074,4
22075,0
22076,0
22077,3
22078,0
22079,1
22080,1
22081,2
22082,1
22083,1
22084,3
22085,1
22086,0
22087,4
22088,2
22089,2
22090,0
22091,4
22092,1
22093,0
22095,1
22096,4
22097,1
22098,0
22100,3
22101,3
22102,1
22103,0
22104,0
22105,0
22106,3
22107,3
22109,0
22110,2
22111,1
22112,0
22113,3
22114,4
22115,3
22116,2
22117,3
22118,2
22119,0
22121,4
22122,2
22123,4
22124,4
22125,3
22126,0
22127,0
22128,3
22129,1
22130,0
22131,0
22132,3
22133,2
22134,4
22135,1
22136,4
22138,0
22139,0
22140,4
22141,1
22142,0
22143,3
22144,2
22145,1
22146,1
22147,2
22148,1
22149,0
22150,2
22151,4
22152,1
22153,1
22154,4
22155,4
22156,0
22157,2
22158,3
22159,1
22160,4
22161,1
22162,1
22163,3
22164,2
22165,2
22166,0
22167,2
22168,4
22169,2
22170,0
22171,1
22173,1
22174,0
22175,1
22176,4
22177,0
22178,3
22179,4
22180,2
22181,0
22182,0
22183,1
22184,4
22185,1
22186,3
22187,1
22189,1
22190,2
22191,2
22192,4
22193,4
22194,3
22195,0
22196,1
22197,4
22198,3
22199,3
22200,3
22201,1
22202,1
22203,1
22204,3
22205,2
22206,2
22207,2
22208,4
22209,2
22210,0
22211,4
22212,3
22213,2
22214,2
22215,4
22216,2
22217,3
22218,1
22219,3
22220,1
22222,3
22223,3
22224,4
22225,4
22226,4
22227,0
22228,2
22230,2
22231,3
22232,3
22233,0
22234,2
22235,0
22236,1
22237,3
22238,4
22239,3
22240,1
22242,1
22243,1
22244,2
22245,0
22246,3
22247,4
22248,2
22249,4
22250,4
22251,0
22252,3
22253,0
22254,4
22255,4
22256,4
22257,3
22258,3
22259,1
22260,1
22261,3
22262,2
22263,3
22264,0
22265,3
22266,3
22267,0
22268,4
22269,3
22270,3
22271,3
22272,2
22273,4
22274,0
22277,1
22278,4
22279,3
22280,0
22281,1
22282,0
22284,1
22286,3
22287,3
22288,0
22289,0
22290,4
22291,4
22292,2
22293,1
22294,2
22295,0
22296,2
22297,1
22298,0
22299,4
22302,4
22303,2
22304,1
22305,0
22306,2
22307,1
22308,0
22309,3
22310,0
22311,1
22312,1
22313,2
22314,4
22316,1
22317,4
22318,3
22319,0
22320,2
22321,3
22322,0
22323,2
22324,2
22325,1
22326,1
22327,4
22328,2
22329,2
22330,3
22331,2
22332,1
22333,2
22334,1
22335,0
22336,1
22337,0
22338,4
22339,1
22340,4
22341,3
22342,3
22343,4
22344,4
22345,0
22346,3
22347,0
22348,3
22349,0
22350,4
22351,0
22352,4
22353,2
22354,2
22355,4
22356,2
22357,2
22358,4
22359,2
22360,1
22361,1
22362,2
22363,3
22364,0
22365,0
22366,0
22367,0
22368,1
22369,0
22371,2
22372,1
22373,4
22374,4
22375,1
22376,4
22377,0
22379,3
22380,1
22381,4
22382,0
22383,4
22384,0
22385,4
22388,1
22389,4
22390,0
22391,0
22392,3
22393,1
22394,1
22395,2
22396,0
22397,2
22398,4
22399,1
22400,1
22401,1
22402,3
22403,2
22404,3
22405,4
22406,2
22407,3
22408,4
22409,4
22410,2
22412,4
22413,3
22414,0
22415,4
22416,0
22417,2
22418,3
22419,4
22420,4
22421,2
22422,3
22423,0
22424,0
22425,2
22426,2
22427,2
22428,2
22429,4
22430,1
22431,4
22432,4
22433,4
22434,2
22435,0
22436,4
22437,1
22438,2
22439,2
22440,3
22441,2
22442,1
22443,1
22444,3
22445,3
22446,2
22447,2
22448,4
22449,2
22450,0
22451,4
22452,3
22453,3
22454,2
22455,1
22456,1
22457,2
22458,0
22459,1
22460,2
22461,4
22462,4
22463,1
22464,0
22465,0
22466,4
22467,0
22468,0
22469,0
22470,1
22471,2
22472,1
22473,3
22474,2
22475,2
22476,1
22477,3
22478,4
22479,2
22480,2
22481,0
22482,1
22483,4
22484,0
22485,1
22486,0
22487,0
22488,1
22491,2
22492,2
22493,4
22494,0
22495,0
22497,2
22498,4
22499,2
22500,0
22502,4
22504,2
22505,3
22506,2
22507,0
22508,1
22509,2
22510,2
22511,1
22512,2
22513,0
22514,3
22515,1
22516,3
22517,2
22519,1
22520,4
22521,1
22522,3
22524,1
22525,0
22526,2
22527,0
22529,4
22530,1
22531,4
22532,0
22533,3
22534,0
22535,3
22536,3
22537,1
22538,0
22539,0
22540,2
22541,1
22542,4
22543,0
22544,2
22545,1
22546,2
22547,4
22548,0
22549,2
22550,3
22551,1
22552,3
22553,1
22554,3
22555,1
22556,1
22557,3
22558,1
22559,0
22562,2
22563,1
22564,1
22565,2
22566,3
22567,3
22568,3
22570,1
22571,0
22572,4
22573,0
22574,0
22575,4
22576,1
22577,0
22578,3
22579,0
22581,1
22582,1
22583,4
22584,0
22585,0
22587,4
22588,3
22589,1
22590,1
22591,0
22592,0
22593,2
22594,1
22595,3
22596,3
22597,3
22598,4
22599,3
22600,1
22601,2
22602,0
22603,1
22604,3
22605,4
22606,1
22607,4
22608,4
22609,0
22610,0
22611,1
22612,1
22613,4
22614,4
22615,3
22616,4
22617,0
22618,4
22619,0
22620,2
22621,2
22622,1
22623,3
22624,1
22625,0
22626,3
22627,2
22628,2
22629,2
22630,3
22631,4
22632,0
22633,0
22634,4
22636,2
22637,0
22638,0
22639,3
22640,0
22641,2
22642,3
22643,1
22644,1
22645,4
22646,4
22647,2
22648,4
22649,3
22650,1
22651,2
22652,0
22653,0
22654,0
22655,2
22656,3
22657,3
22658,0
22659,1
22662,3
22663,1
22664,1
22665,3
22666,0
22667,2
22669,3
22670,2
22671,0
22672,0
22674,4
22675,4
22676,1
22677,0
22678,4
22679,0
22680,3
22681,4
22682,1
22683,1
22684,1
22685,3
22686,2
22687,1
22688,0
22689,3
22690,1
22691,3
22692,0
22694,1
22695,2
22696,2
22697,2
22698,2
22699,4
22700,2
22701,1
22702,1
22703,4
22704,4
22706,3
22707,3
22708,3
22709,0
22710,1
22711,3
22713,4
22714,0
22715,1
22716,3
22717,4
22718,1
22719,3
22720,4
22721,2
22722,0
22723,3
22724,3
22725,1
22726,0
22727,0
22728,1
22730,3
22731,1
22732,4
22733,0
22734,2
22737,1
22738,0
22739,1
22740,2
22741,0
22742,0
22743,0
22745,1
22746,0
22747,1
22748,4
22749,3
22750,2
22751,4
22752,2
22753,1
22754,1
22755,4
22756,1
22757,0
22758,3
22759,3
22760,1
22761,4
22762,3
22763,2
22764,4
22765,3
22767,2
22768,4
22769,1
22770,1
22771,3
22772,1
22773,4
22774,3
22775,1
22776,0
22777,3
22778,4
22779,2
22780,3
22781,2
22782,0
22784,0
22785,2
22787,2
22788,2
22789,0
22790,0
22791,3
22792,3
22793,4
22794,1
22795,2
22796,3
22797,3
22798,0
22799,4
22800,0
22801,4
22803,1
22804,1
22805,3
22806,3
22807,2
22808,1
22809,2
22810,4
22811,0
22812,4
22813,0
22814,0
22815,4
22816,3
22817,2
22818,4
22819,1
22820,4
22821,0
22822,0
22823,1
22824,1
22825,2
22826,2
22827,4
22829,0
22830,2
22831,3
22832,2
22833,2
22834,2
22835,3
22836,3
22837,0
22838,4
22839,1
22840,4
22841,3
22842,0
22843,0
22844,4
22845,1
22846,1
22847,3
22848,1
22849,4
22850,3
22851,1
22852,0
22853,2
22854,2
22855,4
22856,2
22857,2
22858,0
22859,4
22861,3
22862,3
22863,2
22864,4
22865,4
22866,3
22867,4
22868,0
22869,4
22870,4
22871,3
22872,3
22873,4
22874,0
22875,4
22876,2
22877,3
22878,2
22879,0
22880,4
22881,4
22882,0
22883,0
22884,1
22885,3
22886,2
22887,4
22888,0
22889,4
22890,0
22891,0
22892,2
22895,0
22896,4
22897,0
22898,4
22899,2
22900,3
22901,0
22902,1
22903,1
22904,0
22905,3
22906,1
22907,2
22908,3
22909,3
22910,1
22911,1
22912,0
22913,4
22914,0
22916,3
22917,1
22918,4
22919,4
22920,3
22921,3
22922,3
22923,3
22924,1
22925,4
22926,2
22927,1
22928,0
22930,1
22931,4
22932,4
22933,1
22934,2
22935,3
22936,1
22937,0
22938,1
22939,1
22940,2
22941,2
22942,0
22943,0
22944,0
22945,1
22947,0
22950,2
22951,4
22952,0
22953,2
22954,4
22955,2
22956,2
22957,3
22958,1
22959,4
22960,1
22961,3
22962,3
22963,2
22964,4
22965,1
22966,1
22968,3
22969,3
22970,4
22971,0
22972,4
22973,4
22974,2
22975,2
22976,3
22977,0
22978,0
22979,2
22980,2
22981,2
22982,0
22983,2
22984,3
22985,2
22987,1
22988,0
22989,3
22990,3
22991,2
22992,4
22993,2
22994,1
22995,0
22996,0
22997,3
22998,2
22999,4
23000,0
23001,3
23002,4
23004,1
23005,3
23006,0
23007,4
23008,1
23010,1
23011,0
23012,4
23014,2
23015,1
23016,0
23017,4
23019,0
23020,3
23021,1
23022,2
23023,0
23024,1
23025,0
23026,3
23027,1
23028,1
23029,4
23030,4
23031,2
23032,3
23033,1
23034,2
23035,1
23036,0
23037,4
23038,2
23039,4
23040,3
23041,4
23042,0
23043,4
23045,2
23046,4
23047,3
23048,0
23049,1
23050,4
23053,3
23054,3
23055,0
23056,4
23057,1
23058,2
23059,4
23060,1
23061,4
23062,4
23063,0
23064,4
23065,1
23066,4
23067,3
23068,0
23069,2
23070,4
23071,1
23072,1
23073,4
23074,3
23076,2
23077,4
23078,0
23079,0
23080,0
23081,2
23082,3
23083,3
23084,4
23085,0
23087,2
23088,3
23089,1
23090,1
23091,0
23092,3
23093,4
23094,2
23095,2
23096,2
23097,2
23098,2
23099,2
23100,0
23101,4
23102,0
23103,2
23105,2
23106,3
23107,0
23108,4
23109,2
23110,4
23111,1
23112,1
23113,2
23114,1
23115,4
23116,0
23117,0
23118,4
23119,4
23120,4
23121,2
23122,1
23123,2
23124,1
23125,2
23127,0
23128,2
23129,4
23130,4
23131,1
23132,4
23133,2
23134,2
23135,2
23136,1
23137,1
23138,1
23139,1
23140,1
23141,2
23142,2
23143,1
23144,1
23145,0
23146,0
23147,2
23148,2
23149,0
23150,3
23151,1
23152,0
23153,4
23154,1
23155,3
23156,0
23157,1
23158,0
23159,2
23160,2
23161,4
23162,1
23163,4
23164,2
23165,0
23166,0
23167,3
23168,4
23169,3
23170,3
23171,2
23173,4
23174,2
23176,4
23177,3
23178,0
23179,2
23180,0
23181,1
23182,3
23183,2
23184,4
23185,2
23186,1
23187,1
23188,4
23189,3
23190,0
23191,0
23192,1
23193,2
23194,2
23195,1
23196,3
23197,2
23198,4
23199,2
23200,1
23201,0
23202,4
23203,4
23205,3
23206,0
23207,0
23208,1
23209,4
23211,2
23212,0
23213,4
23214,3
23216,3
23217,0
23219,4
23220,2
23221,3
23223,3
23224,3
23225,1
23226,3
23227,1
23228,1
23229,2
23230,2
23231,0
23232,1
23233,1
23234,3
23235,2
23236,3
23237,2
23238,1
23239,3
23240,0
23241,4
23242,0
23243,0
23244,0
23245,1
23246,1
23247,3
23248,0
23249,1
23250,0
23251,0
23252,0
23254,1
23255,1
23256,3
23257,1
23258,1
23259,4
23260,1
23261,3
23262,0
23264,4
23265,4
23266,4
23267,1
23268,2
23269,2
23271,1
23272,2
23273,4
23274,2
23275,0
23276,0
23277,3
23278,3
23279,4
23280,0
23281,1
23282,3
23283,4
23284,1
23285,0
23286,4
23287,1
23288,4
23289,4
23290,3
23291,2
23292,2
23293,2
23294,0
23295,1
23296,2
23297,0
23298,1
23300,2
23301,3
23302,3
23304,0
23305,2
23307,1
23308,3
23309,3
23310,0
23311,4
23312,3
23313,4
23314,3
23315,3
23316,0
23317,2
23318,0
23319,3
23320,1
23321,0
23322,2
23323,0
23324,3
23325,1
23326,1
23327,0
23328,0
23329,1
23330,2
23331,3
23332,1
23333,2
23334,2
23335,3
23336,0
23337,1
23338,4
23339,4
23340,4
23341,3
23342,1
23343,4
23344,1
23345,0
23346,4
23347,0
23348,1
23349,3
23350,4
23351,2
23352,3
23353,3
23354,0
23355,4
23356,1
23357,2
23358,0
23359,0
23360,3
23361,0
23362,3
23363,1
23364,3
23365,3
23366,1
23367,4
23368,3
23369,2
23370,2
23371,4
23372,1
23373,0
23374,1
23375,4
23376,4
23377,3
23378,1
23379,1
23380,3
23381,0
23383,3
23384,2
23385,4
23386,3
23387,0
23388,3
23389,3
23390,3
23391,2
23392,3
23393,3
23394,3
23395,3
23396,1
23397,2
23398,2
23399,3
23400,4
23401,4
23402,3
23403,3
23404,3
23405,2
23406,4
23407,1
23408,2
23410,4
23411,4
23412,0
23413,0
23414,0
23415,2
23416,4
23417,3
23418,3
23419,3
23420,4
23421,1
23422,2
23423,3
23424,3
23425,4
23426,3
23427,2
23429,2
23430,2
23431,3
23432,1
23433,3
23434,1
23435,0
23436,0
23437,0
23438,3
23439,4
23440,4
23441,2
23442,2
23443,1
23444,1
23445,0
23446,0
23447,0
23448,4
23449,2
23450,4
23451,3
23452,4
23453,1
23454,1
23455,2
23456,1
23457,2
23458,2
23459,4
23460,2
23461,0
23462,1
23463,2
23464,3
23466,2
23467,1
23468,0
23469,1
23470,0
23471,1
23472,3
23473,4
23474,3
23475,2
23476,2
23477,0
23478,0
23479,4
23480,1
23481,0
23482,0
23483,0
23484,3
23485,4
23486,4
23487,2
23488,2
23489,1
23490,0
23491,0
23492,0
23493,1
23494,3
23495,4
23496,1
23497,2
23498,4
23499,2
23500,2
23501,4
23502,4
23503,4
23504,4
23505,4
23506,3
23507,3
23508,2
23509,4
23510,3
23511,1
23512,1
23513,1
23514,1
23515,1
23516,0
23517,0
23518,4
23519,3
23520,3
23521,3
23522,2
23523,2
23524,2
23525,3
23526,2
23527,4
23528,1
23529,2
23530,1
23531,2
23532,4
23534,1
23535,1
23536,3
23537,2
23538,2
23539,1
23540,2
23541,3
23542,1
23543,1
23544,3
23545,0
23546,2
23547,2
23548,0
23549,3
23550,0
23551,0
23553,4
23554,0
23555,3
23556,3
23557,3
23558,4
23559,2
23560,2
23561,2
23562,0
23563,1
23564,2
23565,2
23566,0
23567,0
23568,1
23569,1
23570,0
23571,0
23572,4
23574,0
23575,0
23576,1
23577,1
23578,1
23579,2
23580,1
23581,3
23582,0
23583,2
23584,1
23585,2
23586,2
23587,0
23588,0
23590,4
23591,2
23592,2
23593,3
23594,2
23595,0
23596,2
23597,3
23598,4
23599,4
23600,2
23601,3
23602,2
23603,1
23604,4
23605,0
23606,0
23607,1
23608,4
23609,2
23610,3
23611,0
23612,4
23613,3
23615,3
23616,3
23617,2
23618,2
23619,3
23620,4
23621,2
23622,4
23623,1
23624,0
23625,4
23626,3
23627,0
23628,2
23629,3
23630,2
23631,0
23632,0
23633,4
23634,2
23635,2
23637,2
23638,3
23639,1
23640,4
23641,0
23642,1
23643,4
23644,3
23645,3
23646,2
23647,1
23648,2
23649,0
23650,3
23651,3
23652,4
23653,0
23654,4
23656,1
23657,1
23658,3
23659,2
23660,1
23661,4
23662,0
23663,3
23664,4
23665,4
23666,3
23667,0
23668,4
23669,1
23670,4
23671,4
23672,1
23673,0
23674,0
23675,3
23676,0
23677,1
23678,3
23679,2
23680,2
23681,4
23682,3
23683,2
23684,2
23685,2
23686,3
23687,1
23688,1
23690,1
23691,2
23692,4
23693,3
23694,0
23695,0
23696,3
23697,1
23698,0
23699,1
23700,2
23701,4
23702,3
23703,4
23704,4
23705,3
23706,2
23707,0
23708,3
23709,1
23710,3
23711,0
23712,4
23713,2
23714,0
23715,0
23716,4
23717,3
23718,3
23719,1
23720,4
23722,2
23723,2
23724,4
23725,1
23726,4
23727,2
23728,3
23729,4
23731,3
23732,2
23733,1
23734,2
23735,0
23736,0
23737,0
23738,2
23739,4
23740,0
23741,1
23742,3
23743,1
23744,3
23745,4
23746,1
23747,2
23748,2
23749,4
23750,4
23751,1
23752,4
23753,4
23754,4
23755,3
23756,0
23757,4
23758,1
23759,1
23760,3
23761,3
23762,0
23763,0
23764,2
23765,3
23768,2
23769,2
23770,3
23771,2
23772,4
23773,0
23774,1
23775,2
23776,3
23777,2
23778,4
23779,2
23780,0
23781,1
23782,3
23783,2
23784,4
23785,2
23786,0
23787,2
23788,2
23789,1
23790,4
23791,3
23794,1
23795,3
23796,3
23797,1
23798,3
23799,2
23800,1
23801,0
23802,2
23803,4
23804,1
23805,4
23806,0
23807,4
23809,4
23810,4
23811,3
23812,4
23813,0
23814,2
23815,4
23816,4
23817,1
23818,2
23819,2
23820,1
23821,1
23822,4
23823,1
23824,1
23826,3
23827,2
23828,4
23829,3
23831,1
23832,3
23833,0
23834,3
23835,1
23836,4
23838,3
23839,2
23840,2
23841,1
23842,0
23843,4
23846,4
23847,4
23848,3
23849,4
23850,1
23851,3
23852,0
23853,1
23854,3
23855,4
23856,4
23857,1
23858,0
23859,2
23860,2
23861,1
23862,2
23864,3
23865,4
23866,4
23867,4
23868,3
23869,2
23870,0
23871,0
23872,2
23873,2
23874,2
23875,4
23876,3
23877,1
23878,4
23879,0
23880,0
23881,1
23882,0
23884,3
23885,1
23886,1
23887,1
23888,2
23889,4
23890,2
23891,3
23892,3
23893,2
23894,1
23895,3
23896,0
23897,1
23898,1
23899,2
23900,3
23901,4
23902,4
23903,1
23904,2
23905,2
23906,3
23907,4
23909,2
23910,3
23911,3
23912,2
23913,4
23914,1
23916,1
23917,4
23918,3
23919,3
23920,0
23921,0
23922,0
23923,4
23924,4
23925,2
23926,1
23927,0
23928,2
23930,3
23931,4
23932,0
23933,1
23934,3
23935,3
23936,3
23937,2
23938,4
23939,4
23940,4
23941,0
23942,3
23943,1
23944,2
23945,2
23946,2
23947,3
23948,3
23949,0
23950,1
23951,2
23952,2
23953,3
23954,0
23955,3
23956,2
23957,3
23958,1
23959,3
23960,4
23961,4
23962,0
23963,1
23964,4
23965,0
23966,2
23967,3
23968,1
23969,1
23970,4
23971,0
23972,0
23973,4
23974,2
23975,1
23976,4
23977,0
23978,0
23979,4
23980,3
23981,2
23982,3
23983,3
23984,2
23985,1
23986,1
23987,2
23988,0
23989,0
23990,0
23991,4
23992,3
23993,4
23994,4
23995,4
23996,1
23997,4
23998,0
23999,2
24000,2
24001,2
24002,4
24003,4
24004,4
24005,0
24006,1
24007,1
24008,4
24009,4
24010,1
24011,3
24012,2
24013,1
24014,3
24015,2
24017,1
24018,3
24019,2
24020,3
24021,1
24022,4
24023,0
24024,3
24025,4
24026,4
24028,1
24029,2
24030,1
24031,3
24032,4
24033,2
24034,4
24035,3
24037,3
24038,2
24039,1
24040,1
24041,0
24042,2
24043,3
24044,0
24045,3
24047,2
24048,1
24049,0
24050,0
24051,0
24052,0
24053,0
24054,1
24055,3
24056,3
24057,1
24058,0
24059,2
24060,3
24061,4
24062,1
24063,4
24065,3
24066,1
24067,4
24068,2
24069,4
24070,2
24071,0
24072,2
24073,4
24074,2
24075,1
24076,1
24077,4
24078,2
24079,3
24080,3
24081,4
24082,4
24083,4
24084,2
24085,1
24086,0
24087,4
24088,2
24089,2
24090,1
24091,1
24092,3
24093,0
24094,4
24095,3
24096,2
24097,4
24098,0
24099,4
24100,2
24101,3
24102,2
24103,0
24104,4
24105,4
24106,2
24107,2
24108,3
24109,3
24110,4
24111,4
24112,3
24113,0
24114,0
24116,2
24117,2
24118,4
24119,2
24120,1
24121,2
24122,1
24123,2
24124,4
24125,3
24126,4
24127,2
24128,0
24129,1
24130,0
24131,3
24132,3
24133,0
24134,3
24135,1
24137,4
24138,2
24139,4
24141,3
24142,2
24143,3
24144,1
24145,3
24146,3
24147,3
24148,3
24149,2
24150,2
24151,2
24152,2
24153,3
24154,0
24155,4
24156,3
24158,1
24159,4
24160,2
24161,1
24162,3
24163,0
24164,3
24165,2
24166,2
24167,2
24168,1
24169,1
24170,3
24171,1
24172,4
24173,2
24174,4
24175,1
24176,3
24177,3
24178,4
24179,4
24180,4
24181,4
24182,0
24183,0
24184,0
24185,2
24187,3
24188,1
24189,3
24190,3
24191,0
24192,2
24193,2
24194,1
24198,4
24199,1
24200,3
24201,1
24203,2
24204,2
24205,1
24206,0
24208,4
24209,0
24210,0
24211,4
24212,4
24213,1
24214,1
24215,4
24216,1
24217,2
24218,2
24219,4
24220,0
24221,1
24222,1
24223,4
24224,3
24225,2
24226,0
24227,4
24228,2
24229,4
24230,3
24231,3
24232,2
24233,0
24234,0
24235,3
24236,0
24238,4
24239,1
24240,3
24241,0
24242,0
24243,0
24244,3
24245,0
24246,3
24247,4
24248,3
24249,1
24251,3
24252,2
24253,2
24254,3
24255,3
24256,4
24257,2
24258,2
24259,2
24260,0
24261,0
24262,3
24263,0
24264,4
24266,3
24267,1
24268,2
24269,3
24271,1
24272,3
24273,2
24274,1
24275,2
24276,2
24277,0
24278,3
24279,0
24280,0
24281,3
24282,1
24283,3
24284,2
24285,4
24286,2
24287,1
24288,2
24289,1
24290,3
24291,4
24292,1
24293,1
24294,4
24295,0
24296,0
24297,0
24298,0
24299,2
24300,0
24301,0
24302,1
24303,4
24304,4
24306,4
24307,1
24308,0
24309,3
24310,2
24311,1
24312,2
24313,2
24314,2
24315,0
24316,1
24317,2
24319,3
24320,2
24321,3
24322,1
24323,0
24324,4
24325,4
24326,2
24327,4
24328,3
24329,0
24330,0
24334,2
24335,4
24336,3
24337,3
24338,1
24340,3
24341,0
24343,3
24344,3
24345,3
24346,1
24347,4
24348,1
24349,3
24350,0
24351,1
24354,2
24355,4
24356,0
24357,3
24358,1
24359,2
24360,2
24362,4
24363,2
24364,1
24365,4
24366,4
24367,2
24368,4
24369,2
24370,2
24371,0
24372,2
24373,4
24374,1
24375,2
24376,3
24377,4
24378,4
24379,4
24380,1
24382,2
24383,4
24384,4
24385,3
24386,2
24387,1
24388,3
24389,2
24390,1
24391,1
24392,3
24393,1
24395,4
24396,3
24397,0
24398,2
24399,2
24400,2
24401,2
24402,1
24403,0
24404,4
24405,2
24406,4
24407,1
24408,4
24409,4
24410,1
24411,4
24412,4
24413,3
24414,1
24415,3
24416,0
24417,2
24418,0
24419,2
24420,4
24421,4
24422,3
24423,4
24424,2
24425,0
24426,0
24427,3
24428,3
24429,4
24430,1
24431,2
24432,3
24433,0
24434,4
24435,1
24436,2
24437,4
24438,1
24439,1
24440,0
24441,1
24442,3
24443,4
24444,3
24445,4
24446,3
24447,4
24448,3
24450,4
24451,4
24452,4
24453,4
24455,0
24456,0
24457,1
24458,2
24459,4
24460,1
24461,1
24462,1
24463,1
24464,1
24465,0
24466,1
24467,0
24468,1
24469,2
24470,4
24471,2
24472,1
24473,2
24474,0
24475,4
24476,3
24477,4
24478,3
24479,4
24480,4
24481,3
24482,4
24483,1
24484,1
24485,4
24486,2
24487,3
24488,1
24489,4
24491,4
24492,2
24493,2
24494,0
24495,0
24496,0
24497,3
24498,4
24499,0
24500,2
24501,4
24502,2
24505,2
24506,2
24507,2
24508,1
24509,3
24510,4
24511,4
24512,2
24513,4
24514,4
24515,1
24516,0
24517,4
24518,2
24519,3
24520,2
24521,0
24522,0
24523,2
24524,0
24525,4
24527,4
24528,1
24529,2
24530,1
24531,3
24532,3
24533,0
24534,0
24535,3
24536,1
24537,3
24538,2
24539,2
24540,1
24541,1
24542,3
24543,2
24544,3
24545,0
24546,0
24547,1
24548,2
24549,2
24550,1
24551,2
24552,2
24553,0
24554,2
24555,4
24556,3
24557,3
24558,2
24559,2
24560,0
24561,2
24562,0
24563,0
24564,0
24565,1
24566,2
24567,4
24568,2
24569,2
24570,4
24571,1
24572,4
24573,0
24574,2
24575,1
24576,4
24577,1
24578,0
24579,4
24580,4
24581,2
24582,4
24583,3
24584,1
24585,1
24586,2
24587,0
24588,3
24589,4
24590,0
24591,2
24592,0
24593,2
24594,1
24596,4
24597,2
24598,0
24599,0
24601,4
24602,4
24603,1
24604,1
24605,0
24606,0
24607,1
24608,1
24609,4
24610,0
24611,4
24612,3
24614,3
24615,2
24616,0
24617,0
24618,0
24619,4
24621,3
24622,2
24623,3
24624,4
24625,0
24626,0
24627,0
24628,2
24630,3
24631,1
24632,1
24633,0
24634,0
24635,3
24636,4
24637,4
24638,1
24639,1
24640,3
24641,0
24642,1
24643,0
24645,3
24646,1
24647,0
24648,2
24649,1
24650,2
24651,4
24652,0
24653,0
24654,4
24655,4
24656,1
24657,1
24658,3
24659,0
24660,3
24661,0
24662,2
24663,2
24664,1
24665,0
24666,0
24667,1
24668,1
24669,3
24670,4
24671,3
24672,4
24673,1
24674,3
24675,1
24676,4
24677,3
24678,0
24679,0
24681,3
24682,2
24683,3
24684,4
24685,2
24686,3
24687,2
24688,0
24689,0
24691,0
24692,2
24693,0
24694,2
24695,0
24696,1
24697,2
24698,1
24699,1
24701,1
24702,2
24703,2
24704,3
24705,1
24706,1
24707,3
24708,2
24709,2
24710,3
24712,2
24713,2
24714,2
24715,1
24716,3
24717,1
24718,3
24719,3
24720,4
24721,2
24722,4
24723,2
24724,0
24726,4
24727,2
24728,1
24729,2
24730,2
24731,1
24732,4
24733,0
24735,3
24736,0
24737,0
24738,0
24739,0
24740,0
24741,4
24742,1
24743,3
24744,3
24745,3
24746,4
24747,4
24748,1
24749,0
24750,0
24751,0
24752,4
24753,1
24754,4
24755,2
24756,4
24757,4
24758,3
24759,2
24760,1
24761,0
24762,4
24763,2
24764,3
24765,0
24766,0
24767,0
24768,0
24769,3
24770,2
24771,0
24772,2
24773,1
24774,0
24776,0
24777,3
24778,0
24779,0
24782,3
24783,0
24784,2
24785,4
24787,2
24788,0
24789,3
24790,0
24791,0
24792,1
24793,4
24794,1
24795,4
24796,4
24797,0
24798,0
24799,2
24800,0
24801,3
24802,4
24803,1
24804,3
24805,0
24806,0
24807,0
24808,4
24809,0
24810,1
24811,2
24812,1
24813,3
24814,3
24815,3
24816,2
24817,1
24818,1
24819,4
24820,0
24821,0
24822,4
24824,3
24825,4
24826,4
24828,3
24829,3
24830,4
24831,1
24832,4
24833,2
24834,0
24835,1
24836,0
24837,2
24838,3
24839,2
24840,3
24841,2
24842,0
24843,0
24844,4
24845,2
24846,3
24847,4
24848,2
24849,1
24850,2
24851,2
24852,4
24853,4
24854,1
24855,2
24856,4
24857,0
24858,1
24859,3
24860,2
24861,0
24862,0
24863,0
24864,1
24865,1
24866,0
24867,2
24868,2
24869,3
24870,1
24871,0
24872,3
24873,2
24874,2
24875,0
24876,3
24877,2
24878,0
24879,2
24880,1
24881,2
24882,1
24883,1
24884,1
24886,1
24887,3
24888,2
24889,4
24890,1
24891,1
24892,2
24893,0
24894,1
24895,1
24897,3
24898,2
24899,1
24900,0
24901,2
24902,4
24904,1
24905,4
24906,1
24907,4
24908,4
24909,0
24910,2
24911,2
24912,3
24913,3
24914,1
24915,3
24916,0
24917,0
24918,2
24919,0
24920,2
24921,2
24922,1
24923,0
24924,1
24925,4
24926,4
24927,2
24928,0
24929,3
24930,0
24931,2
24932,1
24933,0
24934,4
24935,3
24936,1
24937,4
24938,0
24939,3
24940,3
24941,3
24942,2
24943,0
24945,1
24946,3
24947,0
24948,0
24949,0
24950,1
24951,4
24952,1
24953,3
24954,2
24955,0
24956,3
24957,0
24959,2
24960,3
24961,3
24962,1
24963,3
24964,1
24965,3
24966,0
24967,4
24968,1
24969,1
24970,4
24972,2
24973,3
24974,1
24975,4
24976,2
24977,2
24978,0
24979,2
24980,2
24981,2
24982,0
24983,3
24984,4
24985,3
24986,1
24987,3
24988,0
24989,4
24990,3
24991,0
24992,0
24993,1
24994,2
24995,2
24996,0
24997,2
24998,3
24999,4
25000,2
25001,4
25002,4
25003,0
25004,3
25005,1
25006,0
25007,0
25008,0
25009,3
25010,1
25011,1
25013,4
25014,4
25015,4
25016,3
25017,2
25018,0
25019,2
25020,4
25021,4
25022,2
25023,1
25024,1
25025,0
25026,1
25027,2
25028,1
25029,2
25030,4
25031,2
25032,3
25033,0
25034,3
25035,3
25036,1
25037,2
25038,2
25039,0
25040,0
25041,3
25042,3
25043,0
25044,3
25045,4
25047,0
25048,0
25049,0
25050,4
25051,2
25052,0
25053,1
25054,2
25055,1
25056,3
25057,4
25058,1
25059,0
25060,4
25061,0
25062,2
25063,1
25064,4
25065,1
25066,1
25067,0
25068,3
25069,0
25070,1
25071,3
25072,3
25073,2
25074,4
25075,0
25076,1
25077,1
25078,4
25079,1
25080,0
25081,2
25082,0
25083,2
25084,3
25085,0
25086,0
25087,1
25088,1
25089,2
25090,2
25091,0
25092,4
25094,2
25095,3
25096,0
25098,2
25099,2
25100,2
25101,1
25102,3
25103,4
25104,2
25105,4
25106,3
25107,3
25108,3
25109,4
25110,1
25111,0
25112,3
25113,3
25114,2
25115,2
25116,2
25117,2
25118,1
25119,1
25120,4
25121,1
25122,2
25123,4
25124,3
25125,1
25126,1
25127,4
25128,0
25129,2
25131,2
25132,1
25133,4
25134,2
25135,4
25136,1
25137,0
25138,3
25139,1
25140,1
25141,2
25142,2
25143,1
25144,2
25145,3
25146,1
25147,0
25148,0
25149,4
25150,2
25151,2
25152,3
25153,3
25156,0
25157,0
25158,1
25159,3
25160,1
25161,2
25162,1
25163,1
25164,0
25165,1
25166,0
25167,1
25168,1
25169,0
25170,4
25172,2
25173,3
25174,3
25175,3
25177,1
25178,0
25180,4
25181,4
25182,4
25183,2
25184,2
25185,0
25186,0
25187,1
25188,0
25191,4
25192,4
25193,4
25194,4
25195,4
25196,0
25197,4
25198,3
25199,3
25200,1
25201,4
25202,0
25203,4
25205,2
25206,4
25207,1
25208,4
25209,1
25210,3
25211,1
25212,4
25213,2
25214,1
25215,1
25216,3
25217,3
25218,1
25219,0
25220,2
25221,3
25222,3
25223,4
25224,3
25225,2
25226,3
25227,2
25228,3
25229,1
25230,1
25231,3
25232,0
25233,1
25234,0
25235,1
25236,3
25237,2
25238,0
25239,0
25240,2
25241,4
25242,1
25243,0
25244,1
25245,1
25246,3
25247,0
25248,4
25249,3
25250,2
25251,3
25252,1
25253,1
25254,3
25255,2
25256,4
25257,1
25258,1
25259,2
25260,4
25261,3
25262,4
25263,3
25264,1
25265,0
25266,0
25267,0
25268,2
25270,2
25271,4
25272,4
25273,0
25274,0
25275,0
25276,2
25277,0
25278,3
25279,1
25280,2
25281,2
25282,2
25283,0
25284,2
25285,0
25287,3
25288,2
25289,1
25290,1
25291,3
25292,1
25294,0
25295,2
25296,2
25297,2
25298,0
25299,3
25300,2
25301,3
25302,2
25303,1
25304,3
25305,3
25306,3
25307,4
25308,3
25309,4
25310,1
25311,1
25312,1
25313,4
25314,4
25315,0
25316,1
25317,2
25319,2
25320,3
25321,1
25322,3
25323,0
25324,3
25325,2
25326,4
25327,0
25328,4
25329,4
25330,2
25331,2
25332,4
25333,1
25334,0
25335,4
25336,2
25337,4
25338,1
25339,3
25341,3
25342,4
25343,2
25344,1
25345,2
25346,0
25347,4
25348,4
25349,1
25350,3
25351,1
25352,3
25353,4
25354,1
25356,1
25357,3
25358,0
25359,4
25360,2
25361,2
25362,2
25363,1
25364,0
25365,4
25367,2
25368,4
25369,1
25370,2
25371,4
25372,0
25373,1
25374,2
25375,2
25376,2
25377,1
25378,4
25380,2
25381,0
25383,2
25384,3
25385,4
25386,3
25387,4
25388,0
25389,1
25390,0
25391,0
25393,3
25394,2
25395,2
25396,4
25398,3
25400,2
25401,4
25402,1
25403,2
25404,1
25405,2
25406,0
25407,3
25408,4
25409,1
25410,1
25411,4
25412,1
25413,4
25414,1
25415,4
25416,0
25417,2
25418,4
25419,2
25420,0
25421,1
25422,4
25423,2
25425,1
25426,3
25427,3
25428,4
25429,3
25430,2
25431,4
25432,3
25433,3
25434,2
25435,4
25436,2
25437,3
25438,3
25439,3
25440,4
25441,0
25442,2
25443,3
25444,0
25445,0
25446,2
25447,2
25448,3
25449,1
25450,2
25451,4
25452,1
25453,3
25454,3
25455,1
25456,0
25457,2
25458,4
25459,0
25460,1
25461,0
25462,3
25463,1
25464,1
25465,0
25466,4
25467,3
25468,4
25469,1
25470,3
25471,1
25472,3
25473,0
25474,1
25475,1
25477,0
25478,4
25479,2
25480,4
25481,1
25482,4
25483,4
25484,4
25485,2
25486,2
25487,4
25488,1
25489,1
25490,0
25491,1
25492,2
25493,3
25494,4
25495,2
25496,0
25497,0
25498,1
25499,3
25500,0
25501,0
25502,4
25503,2
25504,3
25505,0
25506,1
25507,1
25509,3
25510,3
25511,2
25512,4
25513,4
25514,2
25515,2
25517,2
25518,2
25519,4
25520,0
25521,0
25522,0
25524,4
25525,1
25526,2
25527,1
25528,0
25529,2
25530,2
25531,4
25532,1
25533,1
25534,4
25536,1
25537,4
25538,2
25539,4
25540,3
25542,4
25543,0
25544,0
25545,4
25546,1
25548,4
25549,3
25550,3
25551,4
25552,3
25553,1
25554,2
25555,4
25556,1
25557,1
25558,0
25560,4
25561,1
25562,1
25563,4
25564,2
25565,3
25566,0
25567,0
25568,3
25569,2
25570,2
25571,2
25572,3
25573,0
25574,1
25575,1
25576,0
25577,2
25578,2
25579,3
25580,4
25581,3
25582,1
25583,1
25584,3
25585,2
25586,1
25587,4
25588,4
25589,1
25590,1
25591,0
25592,2
25593,3
25594,0
25595,0
25596,4
25597,4
25598,2
25599,4
25600,3
25601,2
25602,2
25603,4
25604,4
25605,4
25606,0
25607,4
25608,4
25609,1
25610,1
25611,1
25612,0
25613,4
25614,2
25615,4
25616,3
25617,2
25618,2
25619,1
25620,2
25622,4
25623,2
25624,4
25626,1
25627,3
25628,1
25629,0
25630,0
25631,1
25632,1
25633,0
25634,1
25635,1
25636,1
25637,3
25638,1
25639,1
25640,0
25641,2
25642,2
25643,1
25644,1
25645,4
25646,3
25647,0
25649,2
25650,4
25651,0
25652,1
25653,0
25654,4
25655,0
25656,1
25657,2
25658,0
25659,3
25660,2
25661,1
25662,2
25663,4
25664,4
25665,2
25666,4
25668,1
25669,3
25670,0
25671,1
25672,0
25673,4
25674,0
25675,2
25676,3
25677,4
25678,3
25680,3
25681,3
25682,3
25683,0
25684,1
25685,2
25686,2
25688,0
25689,1
25690,1
25691,0
25692,1
25693,1
25694,4
25695,0
25696,0
25698,2
25699,4
25700,4
25701,3
25702,4
25703,0
25704,4
25705,0
25706,2
25707,0
25708,4
25709,3
25710,1
25711,4
25712,4
25713,2
25714,4
25715,4
25716,1
25717,1
25718,3
25719,3
25720,1
25721,2
25722,2
25723,4
25724,4
25725,2
25726,3
25727,4
25728,0
25729,4
25730,4
25731,1
25732,4
25733,0
25735,2
25736,2
25737,3
25738,0
25739,4
25740,1
25741,2
25742,2
25743,0
25744,3
25745,4
25746,4
25747,3
25748,3
25749,0
25750,0
25751,4
25752,3
25753,3
25754,2
25755,0
25756,4
25758,3
25759,1
25760,0
25761,4
25762,4
25763,3
25764,4
25765,3
25766,4
25767,1
25768,0
25770,2
25771,1
25772,1
25774,1
25775,1
25776,4
25777,4
25778,2
25779,0
25780,2
25781,0
25782,2
25783,1
25785,3
25786,4
25787,2
25788,1
25789,2
25790,3
25791,2
25792,2
25793,1
25794,4
25795,2
25796,0
25797,0
25798,0
25799,2
25800,1
25801,2
25802,4
25803,1
25804,0
25805,4
25807,3
25808,2
25809,0
25810,1
25811,0
25812,1
25813,3
25814,4
25815,2
25816,1
25817,0
25818,2
25819,2
25820,2
25821,1
25822,1
25823,0
25824,1
25825,1
25826,3
25827,4
25828,0
25829,1
25830,2
25831,0
25832,1
25833,0
25835,3
25836,4
25837,0
25838,3
25839,4
25840,1
25841,1
25842,4
25843,0
25844,3
25845,1
25846,0
25847,0
25848,2
25849,4
25850,2
25851,0
25852,2
25853,0
25854,4
25855,2
25856,4
25857,3
25858,1
25859,1
25860,0
25861,2
25863,2
25864,1
25865,4
25866,2
25868,3
25869,1
25870,4
25871,4
25872,0
25873,1
25874,4
25875,0
25877,2
25878,2
25879,4
25880,3
25881,0
25882,0
25883,1
25884,4
25885,0
25886,1
25887,1
25888,3
25889,3
25890,3
25891,1
25892,0
25893,2
25895,2
25896,2
25897,2
25898,2
25899,2
25900,0
25901,1
25903,2
25904,1
25905,3
25906,2
25907,4
25908,0
25909,1
25910,2
25911,0
25912,3
25913,4
25914,2
25915,2
25916,0
25917,4
25918,3
25919,0
25920,3
25921,2
25922,3
25923,0
25924,2
25925,0
25926,3
25927,2
25928,0
25929,4
25930,1
25931,2
25932,4
25933,4
25934,1
25935,1
25936,2
25937,1
25938,0
25939,0
25940,3
25941,0
25942,4
25943,1
25944,0
25945,3
25946,4
25947,1
25948,4
25950,0
25951,0
25952,2
25953,2
25954,1
25955,0
25956,2
25957,2
25958,3
25959,1
25960,2
25961,2
25962,2
25963,2
25964,2
25965,2
25966,0
25967,0
25968,2
25969,4
25970,3
25971,0
25972,3
25973,4
25974,1
25975,1
25976,4
25977,1
25979,3
25980,3
25981,1
25982,1
25983,3
25984,2
25985,3
25986,0
25987,0
25988,2
25989,1
25990,3
25991,4
25992,4
25994,1
25995,0
25996,2
25997,0
25998,2
25999,0
26000,0
26001,3
26002,2
26003,2
26004,3
26005,1
26006,1
26007,3
26008,2
26009,1
26010,2
26011,0
26012,4
26013,4
26014,1
26015,4
26016,3
26017,2
26018,2
26019,2
26020,0
26021,0
26022,1
26023,3
26024,4
26025,2
26026,1
26027,0
26028,4
26029,1
26030,1
26031,2
26032,1
26033,2
26034,1
26035,1
26036,3
26037,2
26038,2
26039,2
26040,1
26041,1
26042,2
26044,0
26045,2
26046,1
26047,2
26048,0
26049,4
26050,3
26051,2
26052,2
26053,2
26054,0
26055,3
26056,2
26057,2
26058,4
26060,3
26061,4
26062,0
26063,0
26064,4
26065,2
26066,4
26067,3
26068,2
26069,4
26070,2
26072,2
26073,4
26074,1
26075,2
26076,0
26077,2
26078,3
26079,1
26080,1
26081,1
26082,3
26083,3
26084,2
26085,2
26086,3
26087,3
26088,4
26089,3
26090,4
26091,3
26092,4
26093,2
26094,4
26095,0
26096,4
26097,0
26098,1
26099,1
26100,1
26101,0
26102,3
26103,0
26104,3
26105,1
26106,3
26107,3
26108,0
26109,0
26110,0
26111,4
26112,2
26113,2
26114,1
26115,4
26116,0
26117,1
26118,1
26119,3
26120,3
26121,4
26122,1
26123,0
26124,3
26125,0
26126,0
26127,1
26128,0
26129,0
26130,1
26131,4
26132,0
26133,4
26134,0
26135,3
26136,2
26137,0
26138,3
26139,4
26140,3
26141,0
26142,4
26143,3
26144,2
26145,3
26146,3
26147,2
26148,1
26149,4
26150,4
26151,2
26152,4
26153,4
26154,4
26155,4
26156,4
26157,3
26158,1
26159,1
26160,3
26161,3
26162,3
26163,2
26164,2
26165,0
26166,2
26167,2
26168,3
26169,3
26170,1
26171,3
26172,2
26173,2
26174,1
26177,3
26178,1
26179,1
26180,4
26181,0
26182,0
26183,3
26184,3
26185,2
26186,0
26187,1
26189,1
26190,0
26191,1
26192,0
26193,3
26194,4
26195,2
26196,0
26197,1
26198,1
26199,2
26200,2
26201,0
26202,0
26203,3
26204,4
26205,1
26206,0
26207,0
26208,1
26209,2
26210,0
26211,4
26212,2
26213,3
26214,1
26215,4
26216,2
26217,4
26218,3
26219,1
26220,1
26221,2
26222,2
26223,4
26224,0
26225,4
26226,2
26227,3
26228,1
26229,4
26230,4
26231,0
26232,0
26233,1
26234,2
26235,4
26236,1
26237,2
26238,2
26239,2
26240,2
26241,2
26242,2
26243,2
26244,0
26245,3
26246,2
26247,1
26248,3
26249,2
26250,2
26251,1
26252,1
26253,0
26254,0
26256,0
26257,2
26258,1
26259,2
26260,0
26261,4
26262,1
26263,3
26264,1
26265,4
26266,1
26267,1
26268,1
26269,3
26270,1
26271,3
26272,1
26273,0
26274,2
26275,1
26276,3
26277,3
26278,0
26279,0
26281,3
26282,2
26283,1
26284,3
26285,0
26286,2
26287,0
26288,4
26289,1
26290,0
26291,2
26292,3
26294,2
26295,3
26296,1
26297,1
26298,3
26299,3
26300,4
26301,3
26302,2
26303,1
26304,3
26305,2
26306,4
26307,2
26308,4
26309,0
26310,1
26311,0
26312,2
26313,2
26314,3
26315,4
26316,0
26318,3
26319,4
26320,0
26321,4
26322,1
26323,4
26324,2
26325,1
26326,3
26327,3
26328,1
26329,2
26330,4
26331,0
26332,1
26333,0
26334,3
26335,2
26336,2
26337,0
26338,4
26339,2
26340,1
26341,3
26342,0
26343,3
26344,2
26345,0
26347,3
26348,2
26349,0
26350,1
26351,3
26352,0
26353,3
26354,2
26355,1
26356,3
26357,1
26358,1
26359,2
26360,0
26361,2
26362,2
26363,3
26364,1
26365,1
26366,2
26367,0
26368,4
26369,3
26370,0
26371,0
26372,0
26373,0
26374,2
26375,0
26377,3
26378,4
26379,4
26380,0
26381,0
26382,2
26383,4
26384,3
26387,3
26388,1
26389,4
26390,0
26391,1
26392,3
26393,2
26394,2
26395,0
26396,1
26397,3
26398,4
26399,4
26400,3
26401,4
26403,3
26404,2
26405,3
26406,3
26407,4
26409,4
26410,0
26411,0
26412,0
26413,2
26414,0
26416,1
26417,4
26418,2
26419,2
26420,4
26421,2
26422,4
26423,1
26424,1
26425,1
26426,4
26427,0
26428,2
26429,4
26430,2
26431,4
26432,0
26433,1
26434,4
26435,3
26436,0
26437,2
26439,2
26440,1
26441,2
26442,0
26443,0
26444,0
26445,2
26446,4
26447,2
26448,4
26449,2
26450,3
26451,3
26452,1
26453,1
26454,4
26455,0
26456,3
26457,1
26458,4
26459,2
26460,1
26461,0
26462,1
26463,0
26465,4
26467,4
26468,3
26469,4
26470,0
26471,3
26472,0
26473,0
26475,2
26476,1
26477,4
26478,4
26479,3
26480,1
26481,4
26482,2
26483,2
26484,2
26485,0
26486,1
26487,2
26488,3
26489,2
26490,4
26491,4
26492,2
26493,4
26494,2
26495,1
26496,1
26497,2
26498,4
26499,1
26501,0
26502,2
26503,2
26504,1
26505,1
26506,0
26507,1
26508,0
26509,2
26510,2
26511,4
26512,0
26513,4
26514,1
26515,4
26516,2
26517,0
26518,4
26519,2
26520,4
26522,2
26523,2
26524,0
26525,1
26526,4
26527,0
26529,3
26530,0
26531,1
26532,1
26533,4
26534,4
26535,0
26536,4
26537,0
26538,4
26539,3
26540,3
26541,3
26542,2
26543,0
26544,0
26545,0
26546,4
26547,0
26548,4
26549,2
26550,3
26551,4
26552,1
26553,3
26554,0
26555,4
26556,1
26557,3
26558,2
26559,1
26560,0
26561,0
26562,2
26563,2
26564,0
26565,4
26566,1
26567,4
26568,0
26571,1
26572,1
26573,0
26574,3
26575,2
26576,0
26577,0
26578,3
26579,3
26580,1
26581,2
26582,3
26583,0
26584,1
26585,2
26586,3
26587,2
26588,1
26589,1
26590,2
26592,1
26593,0
26594,4
26595,4
26596,0
26597,1
26598,2
26599,1
26600,0
26602,2
26603,1
26604,3
26605,4
26606,3
26607,3
26608,2
26609,2
26610,4
26611,3
26612,4
26613,1
26614,4
26615,3
26616,0
26617,2
26619,3
26620,2
26621,1
26622,1
26623,4
26624,4
26625,4
26627,0
26628,1
26629,3
26630,3
26631,3
26632,0
26633,0
26634,3
26635,2
26636,1
26637,1
26638,2
26639,3
26640,0
26641,3
26642,0
26643,1
26644,0
26645,2
26647,0
26648,4
26649,2
26650,3
26651,0
26652,1
26653,4
26654,0
26655,0
26656,3
26657,4
26658,3
26659,1
26660,1
26661,2
26662,4
26663,1
26664,0
26665,0
26666,3
26667,4
26668,1
26669,2
26670,2
26671,0
26672,4
26673,4
26674,2
26675,1
26676,2
26677,2
26678,4
26679,3
26680,4
26681,1
26682,2
26683,4
26684,4
26685,3
26686,0
26687,0
26688,1
26689,3
26690,2
26691,0
26692,2
26693,3
26694,4
26695,1
26696,2
26698,3
26699,3
26700,2
26701,3
26702,4
26703,2
26704,3
26705,0
26706,1
26707,3
26708,1
26709,1
26710,1
26711,4
26712,2
26713,2
26714,2
26715,4
26716,4
26717,4
26718,4
26719,2
26720,2
26722,1
26723,4
26724,1
26725,4
26726,3
26727,1
26728,2
26729,0
26730,1
26731,1
26732,1
26733,0
26734,2
26735,1
26736,4
26737,0
26738,2
26739,1
26740,3
26741,2
26742,2
26743,2
26744,3
26745,3
26746,3
26747,0
26748,0
26749,4
26750,3
26751,3
26752,1
26753,0
26754,1
26755,4
26756,2
26757,2
26758,3
26759,0
26761,2
26762,3
26763,1
26764,1
26765,0
26766,4
26767,1
26768,1
26769,0
26770,3
26771,2
26772,3
26773,0
26774,4
26775,2
26776,2
26777,3
26778,4
26779,2
26780,0
26781,0
26783,4
26784,3
26785,3
26786,0
26787,4
26788,3
26789,4
26790,1
26791,0
26792,2
26793,1
26794,4
26795,4
26796,4
26797,2
26798,4
26799,1
26800,1
26801,0
26802,4
26803,2
26804,0
26805,0
26806,2
26807,4
26808,1
26809,0
26811,1
26812,2
26813,3
26814,1
26815,2
26816,4
26817,2
26818,4
26819,1
26820,0
26821,2
26822,3
26823,4
26824,1
26825,4
26826,2
26827,4
26828,0
26829,0
26830,2
26831,2
26832,3
26833,0
26834,4
26835,0
26836,0
26837,0
26838,3
26839,4
26840,0
26841,3
26842,4
26843,1
26844,3
26845,1
26846,4
26847,3
26848,4
26849,2
26850,1
26851,4
26852,4
26853,4
26855,2
26856,3
26857,2
26858,2
26859,0
26860,3
26861,2
26862,3
26863,3
26864,0
26865,3
26866,2
26867,4
26868,2
26869,4
26870,4
26871,0
26872,1
26873,2
26874,2
26875,0
26877,4
26878,0
26879,3
26880,0
26881,4
26883,2
26884,4
26885,1
26886,1
26887,2
26888,3
26889,1
26890,4
26891,0
26892,2
26893,4
26894,4
26895,0
26896,3
26897,4
26898,4
26899,4
26900,3
26901,4
26902,3
26903,0
26904,0
26905,2
26906,2
26907,2
26908,3
26909,1
26910,0
26911,1
26913,0
26914,4
26915,3
26916,1
26917,2
26918,4
26919,2
26920,4
26922,3
26923,2
26924,0
26925,4
26926,3
26927,3
26928,1
26929,4
26930,2
26931,0
26932,2
26933,0
26934,4
26935,0
26936,1
26937,2
26938,0
26939,1
26941,2
26942,4
26943,4
26944,4
26945,2
26946,2
26947,4
26948,2
26949,1
26950,4
26951,2
26952,3
26953,0
26954,4
26955,3
26956,2
26957,3
26958,2
26959,0
26960,4
26961,4
26962,3
26963,0
26965,0
26966,1
26967,3
26968,1
26969,2
26970,1
26971,3
26972,4
26973,2
26974,0
26975,0
26976,2
26977,2
26978,2
26979,3
26980,0
26981,1
26982,4
26983,3
26984,1
26985,0
26987,3
26988,2
26989,4
26990,2
26991,3
26992,2
26993,4
26994,1
26995,2
26996,4
26997,4
26998,4
26999,2
27000,0
27001,2
27003,4
27004,1
27005,3
27006,0
27007,1
27008,0
27009,0
27010,4
27011,1
27012,4
27013,4
27014,1
27015,4
27016,0
27017,1
27018,2
27019,4
27020,3
27021,1
27022,2
27023,2
27024,4
27025,1
27026,0
27027,4
27028,2
27029,0
27031,2
27032,4
27033,4
27034,0
27035,1
27036,0
27037,2
27038,1
27039,0
27040,3
27041,2
27042,2
27043,1
27044,0
27045,3
27046,0
27047,1
27048,1
27049,1
27051,2
27052,3
27053,2
27055,1
27056,3
27057,1
27058,3
27059,3
27060,4
27061,0
27062,2
27063,3
27064,1
27065,2
27066,4
27067,0
27068,4
27069,4
27070,1
27071,4
27072,0
27073,4
27074,2
27075,4
27076,4
27077,2
27078,4
27079,2
27080,0
27081,4
27082,3
27083,0
27084,3
27085,3
27086,3
27088,0
27089,0
27090,2
27091,4
27092,2
27093,2
27094,4
27095,0
27096,3
27097,2
27098,0
27099,0
27100,0
27101,3
27102,3
27103,4
27104,3
27105,3
27106,1
27107,0
27108,1
27109,2
27110,4
27111,4
27112,0
27113,2
27114,4
27115,2
27116,3
27117,0
27118,1
27120,1
27121,1
27122,0
27123,0
27124,0
27125,1
27126,0
27127,1
27128,3
27129,0
27130,1
27131,2
27132,2
27133,0
27134,1
27135,4
27136,0
27137,2
27138,3
27139,4
27140,2
27141,0
27143,0
27144,3
27145,4
27146,1
27148,3
27149,2
27150,1
27151,1
27152,1
27153,1
27154,0
27155,2
27156,3
27157,0
27158,3
27159,2
27160,3
27161,1
27162,3
27163,4
27164,4
27165,3
27166,1
27167,1
27168,3
27169,2
27170,0
27171,0
27172,3
27173,2
27174,0
27175,0
27177,1
27178,1
27179,3
27180,2
27181,1
27182,3
27183,3
27184,0
27185,1
27186,4
27187,4
27188,1
27189,0
27190,0
27191,0
27192,2
27193,1
27194,1
27195,3
27196,3
27197,4
27198,4
27199,3
27200,3
27201,4
27202,3
27203,0
27204,3
27206,2
27207,3
27208,4
27209,1
27210,0
27211,2
27212,1
27213,3
27214,0
27215,4
27216,0
27217,0
27219,4
27220,3
27221,4
27222,0
27223,2
27224,4
27225,0
27226,2
27227,0
27228,0
27229,2
27230,3
27231,3
27232,1
27233,3
27234,4
27235,1
27236,0
27237,0
27238,2
27239,2
27240,2
27241,0
27242,3
27243,0
27244,0
27245,0
27246,3
27247,1
27248,3
27249,2
27250,1
27251,0
27252,0
27253,4
27254,4
27255,3
27256,3
27257,2
27258,4
27259,4
27260,4
27261,2
27262,2
27263,0
27264,3
27265,4
27266,2
27267,2
27268,1
27269,4
27270,2
27271,1
27272,4
27274,2
27275,3
27276,0
27277,1
27279,3
27280,0
27281,2
27283,0
27284,2
27286,1
27287,3
27288,4
27289,4
27290,0
27291,0
27292,3
27293,1
27294,4
27295,0
27296,1
27297,0
27298,2
27299,2
27300,2
27301,1
27302,1
27303,1
27304,0
27305,4
27306,3
27308,2
27309,0
27310,1
27311,2
27312,0
27313,0
27314,3
27315,1
27316,3
27317,3
27318,1
27319,2
27320,0
27321,4
27322,4
27323,3
27324,4
27325,2
27327,2
27328,3
27329,0
27330,1
27331,0
27332,3
27333,1
27334,4
27335,4
27336,1
27337,2
27338,4
27339,4
27340,4
27341,1
27342,1
27343,0
27344,2
27345,2
27346,4
27347,2
27348,1
27349,0
27350,0
27351,0
27352,3
27353,3
27354,4
27355,1
27356,2
27357,1
27358,2
27359,3
27360,3
27361,1
27362,3
27363,2
27364,0
27365,0
27366,4
27367,2
27368,2
27369,0
27370,1
27371,1
27372,3
27373,3
27374,3
27375,4
27376,4
27377,0
27378,1
27379,2
27380,0
27381,4
27382,0
27384,1
27385,2
27386,1
27387,4
27388,3
27389,4
27390,2
27391,3
27392,1
27393,4
27394,1
27396,2
27397,1
27398,3
27399,1
27400,0
27401,3
27402,0
27405,0
27406,3
27407,2
27408,3
27409,3
27410,3
27411,2
27412,1
27413,0
27414,1
27415,3
27416,1
27417,1
27418,3
27419,0
27420,0
27421,0
27422,2
27424,2
27425,2
27426,2
27427,3
27428,0
27430,2
27431,4
27432,0
27433,0
27434,1
27435,0
27436,1
27437,1
27439,2
27440,4
27441,3
27442,1
27443,0
27444,1
27445,0
27446,4
27447,4
27448,2
27449,1
27450,4
27451,2
27453,0
27454,4
27455,4
27456,0
27457,0
27458,2
27459,2
27460,3
27461,2
27462,1
27464,3
27465,2
27466,2
27467,2
27468,1
27469,2
27470,0
27471,0
27472,0
27473,1
27474,3
27475,3
27476,0
27477,0
27478,0
27479,2
27480,4
27481,1
27482,4
27483,0
27484,0
27485,0
27486,0
27487,2
27488,2
27489,1
27490,4
27491,3
27492,3
27493,4
27494,2
27495,1
27496,4
27497,0
27498,2
27499,1
27500,0
27501,1
27502,3
27503,2
27504,1
27505,2
27506,0
27507,3
27508,2
27509,1
27510,0
27511,4
27512,4
27513,2
27514,0
27515,0
27516,2
27517,2
27518,3
27519,4
27520,2
27521,2
27522,0
27523,0
27524,3
27525,2
27526,0
27527,0
27528,4
27529,3
27530,1
27531,3
27532,0
27533,3
27534,1
27535,3
27536,2
27537,1
27538,4
27539,3
27540,1
27541,0
27542,1
27543,4
27544,4
27545,1
27546,2
27547,4
27548,0
27549,1
27550,3
27551,3
27552,1
27553,2
27554,4
27555,1
27556,4
27557,4
27558,3
27559,3
27560,1
27561,1
27562,1
27563,2
27564,2
27565,3
27566,4
27567,3
27568,3
27569,3
27570,2
27571,0
27572,1
27573,1
27574,2
27575,0
27576,3
27577,0
27578,0
27579,2
27580,3
27581,2
27582,2
27583,0
27584,0
27585,2
27586,4
27587,2
27588,1
27589,2
27590,2
27592,3
27593,3
27594,2
27595,1
27596,4
27597,4
27598,1
27599,1
27600,1
27601,0
27602,3
27603,2
27604,1
27605,0
27606,1
27607,0
27608,2
27609,0
27610,4
27611,2
27612,3
27613,2
27614,0
27615,2
27616,4
27618,3
27619,2
27620,4
27621,2
27622,4
27623,4
27624,1
27625,4
27626,1
27627,1
27628,1
27629,4
27630,1
27631,1
27632,2
27633,0
27634,4
27635,3
27636,1
27637,3
27638,1
27639,1
27640,2
27641,4
27642,1
27643,3
27644,1
27647,4
27648,1
27649,2
27650,4
27651,0
27652,2
27653,1
27654,1
27655,2
27656,1
27657,2
27658,0
27661,3
27662,0
27663,0
27664,4
27665,1
27667,4
27668,1
27669,2
27670,0
27671,1
27672,3
27673,4
27674,1
27675,4
27676,0
27677,4
27678,2
27679,1
27680,2
27681,2
27682,1
27683,4
27684,1
27685,3
27686,4
27687,3
27688,3
27689,4
27690,1
27691,2
27692,4
27693,1
27694,2
27695,2
27696,4
27697,1
27698,4
27699,4
27700,0
27701,0
27702,2
27703,1
27704,3
27705,3
27706,1
27707,1
27709,3
27710,4
27711,1
27712,0
27713,1
27714,1
27715,2
27716,4
27717,2
27718,2
27719,3
27720,2
27721,4
27722,1
27723,4
27724,0
27725,2
27726,3
27727,2
27728,3
27729,2
27730,3
27731,4
27732,0
27733,4
27734,1
27735,1
27736,4
27737,4
27738,1
27739,1
27740,0
27742,2
27743,4
27744,3
27745,2
27746,4
27747,4
27748,0
27749,4
27750,0
27751,2
27752,3
27753,3
27754,2
27755,3
27756,1
27757,4
27758,4
27759,2
27760,0
27761,2
27762,4
27763,1
27764,1
27765,1
27766,0
27767,3
27768,3
27769,1
27770,2
27771,0
27772,4
27773,3
27774,1
27775,4
27776,0
27777,3
27778,2
27779,0
27780,1
27781,3
27782,3
27783,2
27785,0
27786,4
27787,0
27788,0
27789,1
27790,4
27791,3
27792,3
27793,3
27794,1
27796,1
27797,1
27798,3
27799,2
27800,0
27801,4
27802,2
27803,4
27804,3
27805,4
27806,2
27807,1
27808,2
27809,3
27810,3
27811,3
27812,4
27814,3
27815,1
27816,4
27817,3
27818,0
27819,3
27820,2
27821,2
27822,1
27823,1
27825,2
27826,0
27827,0
27828,4
27829,4
27830,4
27831,3
27832,2
27834,3
27835,1
27836,2
27837,2
27838,1
27839,3
27840,2
27841,1
27842,0
27843,4
27844,4
27846,2
27847,2
27848,3
27849,1
27850,0
27851,4
27852,2
27853,4
27854,4
27855,1
27856,1
27857,2
27858,2
27859,2
27860,4
27861,2
27862,3
27863,3
27864,0
27865,0
27866,2
27867,1
27868,3
27869,0
27870,3
27871,0
27872,3
27873,2
27874,2
27875,4
27876,0
27877,4
27878,1
27879,4
27880,1
27881,4
27882,3
27883,2
27885,0
27886,2
27887,1
27888,2
27890,1
27891,4
27892,1
27893,4
27894,4
27895,0
27896,2
27897,2
27898,1
27899,1
27900,3
27901,0
27902,0
27903,1
27904,1
27906,3
27907,3
27908,4
27909,4
27910,1
27911,2
27912,1
27913,0
27914,4
27915,1
27916,1
27918,3
27919,2
27920,1
27921,1
27922,3
27923,4
27924,1
27925,3
27926,2
27927,0
27928,0
27929,1
27930,4
27931,0
27932,1
27933,3
27934,4
27935,4
27936,4
27937,2
27938,1
27939,1
27940,1
27941,4
27942,3
27943,1
27944,2
27945,0
27946,4
27947,4
27948,3
27949,0
27951,2
27952,3
27953,0
27954,3
27955,1
27956,4
27957,4
27958,4
27959,2
27961,1
27962,1
27963,1
27964,2
27965,4
27966,1
27968,4
27969,4
27970,0
27971,3
27972,4
27974,3
27975,4
27976,3
27977,3
27978,2
27979,2
27980,1
27981,4
27982,2
27983,4
27984,1
27985,1
27986,4
27987,3
27988,0
27989,4
27990,2
27991,3
27992,2
27993,0
27995,4
27996,4
27997,1
27998,0
27999,0
28000,1
28001,3
28002,4
28003,2
28004,4
28005,4
28006,1
28007,4
28008,2
28009,1
28010,3
28011,0
28012,4
28013,4
28014,3
28015,1
28016,0
28017,0
28020,1
28021,2
28022,2
28023,4
28024,2
28025,3
28026,2
28027,1
28028,0
28029,0
28030,1
28031,2
28032,4
28034,4
28035,0
28036,1
28037,1
28038,4
28039,3
28040,2
28041,0
28042,1
28043,2
28045,3
28046,3
28047,1
28048,0
28049,4
28050,1
28051,3
28052,0
28053,2
28054,0
28055,1
28056,1
28057,3
28058,4
28059,2
28060,3
28061,0
28062,1
28063,0
28064,4
28065,4
28066,3
28067,3
28068,3
28069,4
28070,3
28071,3
28072,1
28073,1
28074,1
28075,4
28076,2
28077,2
28078,4
28079,4
28080,0
28081,4
28082,2
28083,4
28084,4
28085,2
28086,1
28087,3
28088,2
28089,4
28090,0
28091,4
28092,4
28093,0
28094,4
28095,4
28096,4
28098,1
28099,3
28100,4
28101,2
28102,4
28104,0
28105,4
28106,2
28107,1
28108,4
28109,2
28110,4
28111,2
28112,2
28113,3
28114,0
28115,0
28116,4
28117,2
28118,2
28119,4
28120,4
28121,2
28122,1
28123,1
28124,1
28125,0
28126,3
28127,1
28128,0
28129,0
28130,1
28131,1
28132,0
28133,1
28134,2
28135,1
28136,0
28137,0
28138,0
28139,4
28140,1
28141,2
28142,4
28143,2
28144,0
28145,0
28146,0
28147,2
28148,1
28149,3
28150,4
28151,3
28152,4
28153,2
28154,1
28155,1
28156,4
28158,4
28159,4
28160,2
28161,1
28162,0
28163,1
28164,1
28165,1
