arm,split_regime,fold,fraction,metric,value
blosum_nn,allele,0,0.1,pooled_spearman,0.24653782583707787
blosum_nn,allele,0,0.1,pearson,0.3154295431089654
blosum_nn,allele,0,0.1,rmse_log1p,1.1311403733924168
blosum_nn,allele,0,0.1,auc_2h,0.6534547273493537
blosum_nn,allele,0,0.1,auc_6h,0.6915312319458582
blosum_nn,allele,0,0.1,macro_within_allele_spearman,0.09064871695062691
blosum_nn,allele,0,0.1,pooled_minus_macro,0.15588910888645097
blosum_nn,allele,0,0.1,macro_eligible_alleles,12.0
blosum_nn,allele,0,0.1,macro_excluded_alleles,3.0
blosum_nn,allele,0,0.25,pooled_spearman,0.2597104353792366
blosum_nn,allele,0,0.25,pearson,0.2929135672285761
blosum_nn,allele,0,0.25,rmse_log1p,1.1705005105075352
blosum_nn,allele,0,0.25,auc_2h,0.6535902650196197
blosum_nn,allele,0,0.25,auc_6h,0.690588461855897
blosum_nn,allele,0,0.25,macro_within_allele_spearman,0.12767866729162672
blosum_nn,allele,0,0.25,pooled_minus_macro,0.13203176808760989
blosum_nn,allele,0,0.25,macro_eligible_alleles,12.0
blosum_nn,allele,0,0.25,macro_excluded_alleles,3.0
blosum_nn,allele,0,0.5,pooled_spearman,0.2986268573044966
blosum_nn,allele,0,0.5,pearson,0.3620315386546013
blosum_nn,allele,0,0.5,rmse_log1p,1.1440877019280804
blosum_nn,allele,0,0.5,auc_2h,0.679668224241705
blosum_nn,allele,0,0.5,auc_6h,0.7183715507991967
blosum_nn,allele,0,0.5,macro_within_allele_spearman,0.23755735467200847
blosum_nn,allele,0,0.5,pooled_minus_macro,0.06106950263248814
blosum_nn,allele,0,0.5,macro_eligible_alleles,12.0
blosum_nn,allele,0,0.5,macro_excluded_alleles,3.0
blosum_nn,allele,0,1.0,pooled_spearman,0.36933151388268715
blosum_nn,allele,0,1.0,pearson,0.40263239045937393
blosum_nn,allele,0,1.0,rmse_log1p,1.0792825043928729
blosum_nn,allele,0,1.0,auc_2h,0.7052004525423798
blosum_nn,allele,0,1.0,auc_6h,0.7326050922996507
blosum_nn,allele,0,1.0,macro_within_allele_spearman,0.263801307522745
blosum_nn,allele,0,1.0,pooled_minus_macro,0.10553020635994215
blosum_nn,allele,0,1.0,macro_eligible_alleles,12.0
blosum_nn,allele,0,1.0,macro_excluded_alleles,3.0
blosum_nn,allele,1,0.1,pooled_spearman,0.21837308051364715
blosum_nn,allele,1,0.1,pearson,0.22691703693190568
blosum_nn,allele,1,0.1,rmse_log1p,1.2367609814178104
blosum_nn,allele,1,0.1,auc_2h,0.605752698798129
blosum_nn,allele,1,0.1,auc_6h,0.6182795384498417
blosum_nn,allele,1,0.1,macro_within_allele_spearman,0.10619834902687235
blosum_nn,allele,1,0.1,pooled_minus_macro,0.1121747314867748
blosum_nn,allele,1,0.1,macro_eligible_alleles,15.0
blosum_nn,allele,1,0.1,macro_excluded_alleles,0.0
blosum_nn,allele,1,0.25,pooled_spearman,0.16882867270549737
blosum_nn,allele,1,0.25,pearson,0.15023432658917193
blosum_nn,allele,1,0.25,rmse_log1p,1.3133985439427278
blosum_nn,allele,1,0.25,auc_2h,0.5627097627316449
blosum_nn,allele,1,0.25,auc_6h,0.6119838118241524
blosum_nn,allele,1,0.25,macro_within_allele_spearman,0.1393935744251441
blosum_nn,allele,1,0.25,pooled_minus_macro,0.02943509828035326
blosum_nn,allele,1,0.25,macro_eligible_alleles,15.0
blosum_nn,allele,1,0.25,macro_excluded_alleles,0.0
blosum_nn,allele,1,0.5,pooled_spearman,0.28031892481442033
blosum_nn,allele,1,0.5,pearson,0.27647001530606774
blosum_nn,allele,1,0.5,rmse_log1p,1.2430304699377217
blosum_nn,allele,1,0.5,auc_2h,0.620574676944217
blosum_nn,allele,1,0.5,auc_6h,0.6388023584592473
blosum_nn,allele,1,0.5,macro_within_allele_spearman,0.24782806823498985
blosum_nn,allele,1,0.5,pooled_minus_macro,0.03249085657943049
blosum_nn,allele,1,0.5,macro_eligible_alleles,15.0
blosum_nn,allele,1,0.5,macro_excluded_alleles,0.0
blosum_nn,allele,1,1.0,pooled_spearman,0.2757113555069626
blosum_nn,allele,1,1.0,pearson,0.2513053472164028
blosum_nn,allele,1,1.0,rmse_log1p,1.2762882235313024
blosum_nn,allele,1,1.0,auc_2h,0.6143885234021327
blosum_nn,allele,1,1.0,auc_6h,0.6174029770748927
blosum_nn,allele,1,1.0,macro_within_allele_spearman,0.2709225713335745
blosum_nn,allele,1,1.0,pooled_minus_macro,0.004788784173388072
blosum_nn,allele,1,1.0,macro_eligible_alleles,15.0
blosum_nn,allele,1,1.0,macro_excluded_alleles,0.0
blosum_nn,allele,2,0.1,pooled_spearman,0.28872996770732917
blosum_nn,allele,2,0.1,pearson,0.2524132981441818
blosum_nn,allele,2,0.1,rmse_log1p,1.1773028345584928
blosum_nn,allele,2,0.1,auc_2h,0.6685802956762932
blosum_nn,allele,2,0.1,auc_6h,0.6885868049860587
blosum_nn,allele,2,0.1,macro_within_allele_spearman,0.25797854534477815
blosum_nn,allele,2,0.1,pooled_minus_macro,0.030751422362551017
blosum_nn,allele,2,0.1,macro_eligible_alleles,14.0
blosum_nn,allele,2,0.1,macro_excluded_alleles,0.0
blosum_nn,allele,2,0.25,pooled_spearman,0.30541475827387876
blosum_nn,allele,2,0.25,pearson,0.31120094995685005
blosum_nn,allele,2,0.25,rmse_log1p,0.9755834759626718
blosum_nn,allele,2,0.25,auc_2h,0.6833091473161352
blosum_nn,allele,2,0.25,auc_6h,0.690860464162703
blosum_nn,allele,2,0.25,macro_within_allele_spearman,0.26744605753210254
blosum_nn,allele,2,0.25,pooled_minus_macro,0.03796870074177622
blosum_nn,allele,2,0.25,macro_eligible_alleles,14.0
blosum_nn,allele,2,0.25,macro_excluded_alleles,0.0
blosum_nn,allele,2,0.5,pooled_spearman,0.34974891947997866
blosum_nn,allele,2,0.5,pearson,0.3341005809426255
blosum_nn,allele,2,0.5,rmse_log1p,1.0060089299652415
blosum_nn,allele,2,0.5,auc_2h,0.6891326162766651
blosum_nn,allele,2,0.5,auc_6h,0.7116866901754961
blosum_nn,allele,2,0.5,macro_within_allele_spearman,0.3014638558981534
blosum_nn,allele,2,0.5,pooled_minus_macro,0.04828506358182527
blosum_nn,allele,2,0.5,macro_eligible_alleles,14.0
blosum_nn,allele,2,0.5,macro_excluded_alleles,0.0
blosum_nn,allele,2,1.0,pooled_spearman,0.5132481934726801
blosum_nn,allele,2,1.0,pearson,0.46993694318507845
blosum_nn,allele,2,1.0,rmse_log1p,1.0517684743416325
blosum_nn,allele,2,1.0,auc_2h,0.7780461499712612
blosum_nn,allele,2,1.0,auc_6h,0.781788994587502
blosum_nn,allele,2,1.0,macro_within_allele_spearman,0.4432579184993609
blosum_nn,allele,2,1.0,pooled_minus_macro,0.06999027497331922
blosum_nn,allele,2,1.0,macro_eligible_alleles,14.0
blosum_nn,allele,2,1.0,macro_excluded_alleles,0.0
blosum_nn,allele,3,0.1,pooled_spearman,0.40036019648626214
blosum_nn,allele,3,0.1,pearson,0.4197602539944962
blosum_nn,allele,3,0.1,rmse_log1p,1.0099635162295804
blosum_nn,allele,3,0.1,auc_2h,0.6833273078408653
blosum_nn,allele,3,0.1,auc_6h,0.7084939582801004
blosum_nn,allele,3,0.1,macro_within_allele_spearman,0.16909766454194308
blosum_nn,allele,3,0.1,pooled_minus_macro,0.23126253194431906
blosum_nn,allele,3,0.1,macro_eligible_alleles,13.0
blosum_nn,allele,3,0.1,macro_excluded_alleles,1.0
blosum_nn,allele,3,0.25,pooled_spearman,0.5376089810213184
blosum_nn,allele,3,0.25,pearson,0.5727129594518328
blosum_nn,allele,3,0.25,rmse_log1p,0.9070301807106929
blosum_nn,allele,3,0.25,auc_2h,0.803554268057165
blosum_nn,allele,3,0.25,auc_6h,0.81456341079951
blosum_nn,allele,3,0.25,macro_within_allele_spearman,0.33342748438678615
blosum_nn,allele,3,0.25,pooled_minus_macro,0.20418149663453222
blosum_nn,allele,3,0.25,macro_eligible_alleles,13.0
blosum_nn,allele,3,0.25,macro_excluded_alleles,1.0
blosum_nn,allele,3,0.5,pooled_spearman,0.5245627589282073
blosum_nn,allele,3,0.5,pearson,0.5616533004728348
blosum_nn,allele,3,0.5,rmse_log1p,0.9151539354300887
blosum_nn,allele,3,0.5,auc_2h,0.7743310930861336
blosum_nn,allele,3,0.5,auc_6h,0.7902572509073792
blosum_nn,allele,3,0.5,macro_within_allele_spearman,0.38378481035804973
blosum_nn,allele,3,0.5,pooled_minus_macro,0.14077794857015752
blosum_nn,allele,3,0.5,macro_eligible_alleles,13.0
blosum_nn,allele,3,0.5,macro_excluded_alleles,1.0
blosum_nn,allele,3,1.0,pooled_spearman,0.5470026097101471
blosum_nn,allele,3,1.0,pearson,0.6187680625831482
blosum_nn,allele,3,1.0,rmse_log1p,0.8788246831525797
blosum_nn,allele,3,1.0,auc_2h,0.7943150251062185
blosum_nn,allele,3,1.0,auc_6h,0.8156690124183709
blosum_nn,allele,3,1.0,macro_within_allele_spearman,0.4201589163225172
blosum_nn,allele,3,1.0,pooled_minus_macro,0.12684369338762996
blosum_nn,allele,3,1.0,macro_eligible_alleles,13.0
blosum_nn,allele,3,1.0,macro_excluded_alleles,1.0
blosum_nn,allele,4,0.1,pooled_spearman,0.42947805904839476
blosum_nn,allele,4,0.1,pearson,0.4228972934600663
blosum_nn,allele,4,0.1,rmse_log1p,1.032265583858777
blosum_nn,allele,4,0.1,auc_2h,0.7090852913885869
blosum_nn,allele,4,0.1,auc_6h,0.7089977926824229
blosum_nn,allele,4,0.1,macro_within_allele_spearman,0.23087055662715425
blosum_nn,allele,4,0.1,pooled_minus_macro,0.1986075024212405
blosum_nn,allele,4,0.1,macro_eligible_alleles,14.0
blosum_nn,allele,4,0.1,macro_excluded_alleles,0.0
blosum_nn,allele,4,0.25,pooled_spearman,0.4747968548295265
blosum_nn,allele,4,0.25,pearson,0.479438964385262
blosum_nn,allele,4,0.25,rmse_log1p,0.9851078896064253
blosum_nn,allele,4,0.25,auc_2h,0.7331700187015403
blosum_nn,allele,4,0.25,auc_6h,0.7330807793095592
blosum_nn,allele,4,0.25,macro_within_allele_spearman,0.3053994476122928
blosum_nn,allele,4,0.25,pooled_minus_macro,0.16939740721723368
blosum_nn,allele,4,0.25,macro_eligible_alleles,14.0
blosum_nn,allele,4,0.25,macro_excluded_alleles,0.0
blosum_nn,allele,4,0.5,pooled_spearman,0.5723361711093166
blosum_nn,allele,4,0.5,pearson,0.5826650920922936
blosum_nn,allele,4,0.5,rmse_log1p,0.9369169493061631
blosum_nn,allele,4,0.5,auc_2h,0.7754495093364456
blosum_nn,allele,4,0.5,auc_6h,0.7866429742070622
blosum_nn,allele,4,0.5,macro_within_allele_spearman,0.4501698856720343
blosum_nn,allele,4,0.5,pooled_minus_macro,0.12216628543728225
blosum_nn,allele,4,0.5,macro_eligible_alleles,14.0
blosum_nn,allele,4,0.5,macro_excluded_alleles,0.0
blosum_nn,allele,4,1.0,pooled_spearman,0.6573129088139664
blosum_nn,allele,4,1.0,pearson,0.6647715288643699
blosum_nn,allele,4,1.0,rmse_log1p,0.8721061097043472
blosum_nn,allele,4,1.0,auc_2h,0.829071375238327
blosum_nn,allele,4,1.0,auc_6h,0.8246489325872942
blosum_nn,allele,4,1.0,macro_within_allele_spearman,0.5636084702583946
blosum_nn,allele,4,1.0,pooled_minus_macro,0.09370443855557187
blosum_nn,allele,4,1.0,macro_eligible_alleles,14.0
blosum_nn,allele,4,1.0,macro_excluded_alleles,0.0
blosum_nn,allele_strict,0,1.0,pooled_spearman,0.21522618672718904
blosum_nn,allele_strict,0,1.0,pearson,0.3310827202870878
blosum_nn,allele_strict,0,1.0,rmse_log1p,1.177875977076471
blosum_nn,allele_strict,0,1.0,auc_2h,0.6467786020286665
blosum_nn,allele_strict,0,1.0,auc_6h,0.6850484194888442
blosum_nn,allele_strict,0,1.0,macro_within_allele_spearman,0.146500993408286
blosum_nn,allele_strict,0,1.0,pooled_minus_macro,0.06872519331890303
blosum_nn,allele_strict,0,1.0,macro_eligible_alleles,12.0
blosum_nn,allele_strict,0,1.0,macro_excluded_alleles,3.0
blosum_nn,locus,0,1.0,pooled_spearman,0.15433988854265115
blosum_nn,locus,0,1.0,pearson,0.12090232144530641
blosum_nn,locus,0,1.0,rmse_log1p,1.5784127688042477
blosum_nn,locus,0,1.0,auc_2h,0.5716830206808406
blosum_nn,locus,0,1.0,auc_6h,0.577069784889181
blosum_nn,locus,0,1.0,macro_within_allele_spearman,0.05410338912485972
blosum_nn,locus,0,1.0,pooled_minus_macro,0.10023649941779143
blosum_nn,locus,0,1.0,macro_eligible_alleles,34.0
blosum_nn,locus,0,1.0,macro_excluded_alleles,2.0
blosum_nn,locus,1,1.0,pooled_spearman,0.09672590721540407
blosum_nn,locus,1,1.0,pearson,0.09870356932560365
blosum_nn,locus,1,1.0,rmse_log1p,1.1711166427747317
blosum_nn,locus,1,1.0,auc_2h,0.5628450873947387
blosum_nn,locus,1,1.0,auc_6h,0.5248365110745911
blosum_nn,locus,1,1.0,macro_within_allele_spearman,0.07040499180401116
blosum_nn,locus,1,1.0,pooled_minus_macro,0.026320915411392906
blosum_nn,locus,1,1.0,macro_eligible_alleles,34.0
blosum_nn,locus,1,1.0,macro_excluded_alleles,2.0
blosum_nn,peptide,0,0.1,pooled_spearman,0.5637942786738646
blosum_nn,peptide,0,0.1,pearson,0.5694754917844063
blosum_nn,peptide,0,0.1,rmse_log1p,0.9160843081201943
blosum_nn,peptide,0,0.1,auc_2h,0.8005369571174039
blosum_nn,peptide,0,0.1,auc_6h,0.8098912181024198
blosum_nn,peptide,0,0.1,macro_within_allele_spearman,0.30513101222365796
blosum_nn,peptide,0,0.1,pooled_minus_macro,0.2586632664502066
blosum_nn,peptide,0,0.1,macro_eligible_alleles,65.0
blosum_nn,peptide,0,0.1,macro_excluded_alleles,7.0
blosum_nn,peptide,0,0.25,pooled_spearman,0.6753363418481668
blosum_nn,peptide,0,0.25,pearson,0.6871389370727765
blosum_nn,peptide,0,0.25,rmse_log1p,0.8276977616904264
blosum_nn,peptide,0,0.25,auc_2h,0.8500396047778407
blosum_nn,peptide,0,0.25,auc_6h,0.8597378838424204
blosum_nn,peptide,0,0.25,macro_within_allele_spearman,0.4903052571418076
blosum_nn,peptide,0,0.25,pooled_minus_macro,0.1850310847063592
blosum_nn,peptide,0,0.25,macro_eligible_alleles,65.0
blosum_nn,peptide,0,0.25,macro_excluded_alleles,7.0
blosum_nn,peptide,0,0.5,pooled_spearman,0.7205025843572265
blosum_nn,peptide,0,0.5,pearson,0.7316340653833197
blosum_nn,peptide,0,0.5,rmse_log1p,0.7713498262830866
blosum_nn,peptide,0,0.5,auc_2h,0.871864067647565
blosum_nn,peptide,0,0.5,auc_6h,0.8790243003671914
blosum_nn,peptide,0,0.5,macro_within_allele_spearman,0.5760885652747688
blosum_nn,peptide,0,0.5,pooled_minus_macro,0.14441401908245766
blosum_nn,peptide,0,0.5,macro_eligible_alleles,65.0
blosum_nn,peptide,0,0.5,macro_excluded_alleles,7.0
blosum_nn,peptide,0,1.0,pooled_spearman,0.7596042100945756
blosum_nn,peptide,0,1.0,pearson,0.7729308020439369
blosum_nn,peptide,0,1.0,rmse_log1p,0.7137837567596141
blosum_nn,peptide,0,1.0,auc_2h,0.8924904825244437
blosum_nn,peptide,0,1.0,auc_6h,0.8994032596923469
blosum_nn,peptide,0,1.0,macro_within_allele_spearman,0.6243316773298054
blosum_nn,peptide,0,1.0,pooled_minus_macro,0.13527253276477014
blosum_nn,peptide,0,1.0,macro_eligible_alleles,65.0
blosum_nn,peptide,0,1.0,macro_excluded_alleles,7.0
blosum_nn,peptide,1,0.1,pooled_spearman,0.539208794372339
blosum_nn,peptide,1,0.1,pearson,0.5438776425866296
blosum_nn,peptide,1,0.1,rmse_log1p,0.9506003233407102
blosum_nn,peptide,1,0.1,auc_2h,0.775783010587255
blosum_nn,peptide,1,0.1,auc_6h,0.7992334127925355
blosum_nn,peptide,1,0.1,macro_within_allele_spearman,0.27502093869588645
blosum_nn,peptide,1,0.1,pooled_minus_macro,0.2641878556764526
blosum_nn,peptide,1,0.1,macro_eligible_alleles,65.0
blosum_nn,peptide,1,0.1,macro_excluded_alleles,7.0
blosum_nn,peptide,1,0.25,pooled_spearman,0.6477281990020578
blosum_nn,peptide,1,0.25,pearson,0.6575491210351838
blosum_nn,peptide,1,0.25,rmse_log1p,0.8558915540990427
blosum_nn,peptide,1,0.25,auc_2h,0.8251806971216672
blosum_nn,peptide,1,0.25,auc_6h,0.8533033004484731
blosum_nn,peptide,1,0.25,macro_within_allele_spearman,0.4713578839885674
blosum_nn,peptide,1,0.25,pooled_minus_macro,0.17637031501349038
blosum_nn,peptide,1,0.25,macro_eligible_alleles,65.0
blosum_nn,peptide,1,0.25,macro_excluded_alleles,7.0
blosum_nn,peptide,1,0.5,pooled_spearman,0.7168915653823653
blosum_nn,peptide,1,0.5,pearson,0.7278914671813665
blosum_nn,peptide,1,0.5,rmse_log1p,0.7817208975090156
blosum_nn,peptide,1,0.5,auc_2h,0.8615868677604035
blosum_nn,peptide,1,0.5,auc_6h,0.8801104823561753
blosum_nn,peptide,1,0.5,macro_within_allele_spearman,0.5610981372152011
blosum_nn,peptide,1,0.5,pooled_minus_macro,0.15579342816716424
blosum_nn,peptide,1,0.5,macro_eligible_alleles,65.0
blosum_nn,peptide,1,0.5,macro_excluded_alleles,7.0
blosum_nn,peptide,1,1.0,pooled_spearman,0.7448611135028449
blosum_nn,peptide,1,1.0,pearson,0.7560848356572789
blosum_nn,peptide,1,1.0,rmse_log1p,0.7448280610972886
blosum_nn,peptide,1,1.0,auc_2h,0.8778886729440657
blosum_nn,peptide,1,1.0,auc_6h,0.8921890930956053
blosum_nn,peptide,1,1.0,macro_within_allele_spearman,0.5914448629881096
blosum_nn,peptide,1,1.0,pooled_minus_macro,0.1534162505147353
blosum_nn,peptide,1,1.0,macro_eligible_alleles,65.0
blosum_nn,peptide,1,1.0,macro_excluded_alleles,7.0
blosum_nn,peptide,2,0.1,pooled_spearman,0.5418335472741153
blosum_nn,peptide,2,0.1,pearson,0.5484763384462696
blosum_nn,peptide,2,0.1,rmse_log1p,0.9053207431030849
blosum_nn,peptide,2,0.1,auc_2h,0.7773786384974625
blosum_nn,peptide,2,0.1,auc_6h,0.7964554839800612
blosum_nn,peptide,2,0.1,macro_within_allele_spearman,0.23501138819467715
blosum_nn,peptide,2,0.1,pooled_minus_macro,0.3068221590794381
blosum_nn,peptide,2,0.1,macro_eligible_alleles,65.0
blosum_nn,peptide,2,0.1,macro_excluded_alleles,7.0
blosum_nn,peptide,2,0.25,pooled_spearman,0.6682900639071438
blosum_nn,peptide,2,0.25,pearson,0.6798237221149077
blosum_nn,peptide,2,0.25,rmse_log1p,0.7973110040647603
blosum_nn,peptide,2,0.25,auc_2h,0.833635554850372
blosum_nn,peptide,2,0.25,auc_6h,0.8580781470081902
blosum_nn,peptide,2,0.25,macro_within_allele_spearman,0.4749542138109032
blosum_nn,peptide,2,0.25,pooled_minus_macro,0.19333585009624066
blosum_nn,peptide,2,0.25,macro_eligible_alleles,65.0
blosum_nn,peptide,2,0.25,macro_excluded_alleles,7.0
blosum_nn,peptide,2,0.5,pooled_spearman,0.7109128566725677
blosum_nn,peptide,2,0.5,pearson,0.7250869891010853
blosum_nn,peptide,2,0.5,rmse_log1p,0.7447372969442415
blosum_nn,peptide,2,0.5,auc_2h,0.8567561755054317
blosum_nn,peptide,2,0.5,auc_6h,0.8793171805771173
blosum_nn,peptide,2,0.5,macro_within_allele_spearman,0.550304540833105
blosum_nn,peptide,2,0.5,pooled_minus_macro,0.16060831583946267
blosum_nn,peptide,2,0.5,macro_eligible_alleles,65.0
blosum_nn,peptide,2,0.5,macro_excluded_alleles,7.0
blosum_nn,peptide,2,1.0,pooled_spearman,0.7472747149449666
blosum_nn,peptide,2,1.0,pearson,0.7587298247494333
blosum_nn,peptide,2,1.0,rmse_log1p,0.7067673027791453
blosum_nn,peptide,2,1.0,auc_2h,0.8758357301928199
blosum_nn,peptide,2,1.0,auc_6h,0.8958258754706324
blosum_nn,peptide,2,1.0,macro_within_allele_spearman,0.6140884060858626
blosum_nn,peptide,2,1.0,pooled_minus_macro,0.13318630885910399
blosum_nn,peptide,2,1.0,macro_eligible_alleles,65.0
blosum_nn,peptide,2,1.0,macro_excluded_alleles,7.0
blosum_nn,peptide,3,0.1,pooled_spearman,0.558250926590073
blosum_nn,peptide,3,0.1,pearson,0.5629688890228681
blosum_nn,peptide,3,0.1,rmse_log1p,0.9296492795066422
blosum_nn,peptide,3,0.1,auc_2h,0.7816226633283374
blosum_nn,peptide,3,0.1,auc_6h,0.8126532837700864
blosum_nn,peptide,3,0.1,macro_within_allele_spearman,0.28042917772358933
blosum_nn,peptide,3,0.1,pooled_minus_macro,0.2778217488664837
blosum_nn,peptide,3,0.1,macro_eligible_alleles,65.0
blosum_nn,peptide,3,0.1,macro_excluded_alleles,7.0
blosum_nn,peptide,3,0.25,pooled_spearman,0.6646794134922617
blosum_nn,peptide,3,0.25,pearson,0.6661354704735203
blosum_nn,peptide,3,0.25,rmse_log1p,0.8556099908671795
blosum_nn,peptide,3,0.25,auc_2h,0.8354669207563933
blosum_nn,peptide,3,0.25,auc_6h,0.8547294331143847
blosum_nn,peptide,3,0.25,macro_within_allele_spearman,0.482662794464134
blosum_nn,peptide,3,0.25,pooled_minus_macro,0.18201661902812766
blosum_nn,peptide,3,0.25,macro_eligible_alleles,65.0
blosum_nn,peptide,3,0.25,macro_excluded_alleles,7.0
blosum_nn,peptide,3,0.5,pooled_spearman,0.7090860659130893
blosum_nn,peptide,3,0.5,pearson,0.7248920207318963
blosum_nn,peptide,3,0.5,rmse_log1p,0.7761388911100351
blosum_nn,peptide,3,0.5,auc_2h,0.8569103068815579
blosum_nn,peptide,3,0.5,auc_6h,0.8768497821615355
blosum_nn,peptide,3,0.5,macro_within_allele_spearman,0.5431635329895896
blosum_nn,peptide,3,0.5,pooled_minus_macro,0.16592253292349968
blosum_nn,peptide,3,0.5,macro_eligible_alleles,65.0
blosum_nn,peptide,3,0.5,macro_excluded_alleles,7.0
blosum_nn,peptide,3,1.0,pooled_spearman,0.7534866203463191
blosum_nn,peptide,3,1.0,pearson,0.7683010307799387
blosum_nn,peptide,3,1.0,rmse_log1p,0.7121817835204388
blosum_nn,peptide,3,1.0,auc_2h,0.8847391475873337
blosum_nn,peptide,3,1.0,auc_6h,0.8990639078235659
blosum_nn,peptide,3,1.0,macro_within_allele_spearman,0.6093138629536948
blosum_nn,peptide,3,1.0,pooled_minus_macro,0.14417275739262425
blosum_nn,peptide,3,1.0,macro_eligible_alleles,65.0
blosum_nn,peptide,3,1.0,macro_excluded_alleles,7.0
blosum_nn,peptide,4,0.1,pooled_spearman,0.579622978361988
blosum_nn,peptide,4,0.1,pearson,0.5789985883872395
blosum_nn,peptide,4,0.1,rmse_log1p,0.8918864103916011
blosum_nn,peptide,4,0.1,auc_2h,0.7989154434120036
blosum_nn,peptide,4,0.1,auc_6h,0.8108311563596116
blosum_nn,peptide,4,0.1,macro_within_allele_spearman,0.3453967687553233
blosum_nn,peptide,4,0.1,pooled_minus_macro,0.23422620960666463
blosum_nn,peptide,4,0.1,macro_eligible_alleles,65.0
blosum_nn,peptide,4,0.1,macro_excluded_alleles,7.0
blosum_nn,peptide,4,0.25,pooled_spearman,0.6266255710752131
blosum_nn,peptide,4,0.25,pearson,0.6378399448164636
blosum_nn,peptide,4,0.25,rmse_log1p,0.8456161450467922
blosum_nn,peptide,4,0.25,auc_2h,0.8204183712943658
blosum_nn,peptide,4,0.25,auc_6h,0.8392272538614002
blosum_nn,peptide,4,0.25,macro_within_allele_spearman,0.44150052885137564
blosum_nn,peptide,4,0.25,pooled_minus_macro,0.18512504222383747
blosum_nn,peptide,4,0.25,macro_eligible_alleles,65.0
blosum_nn,peptide,4,0.25,macro_excluded_alleles,7.0
blosum_nn,peptide,4,0.5,pooled_spearman,0.7323844053536734
blosum_nn,peptide,4,0.5,pearson,0.7406921766205425
blosum_nn,peptide,4,0.5,rmse_log1p,0.7363796456005798
blosum_nn,peptide,4,0.5,auc_2h,0.8659940423738068
blosum_nn,peptide,4,0.5,auc_6h,0.8849326044447997
blosum_nn,peptide,4,0.5,macro_within_allele_spearman,0.5845392874285494
blosum_nn,peptide,4,0.5,pooled_minus_macro,0.147845117925124
blosum_nn,peptide,4,0.5,macro_eligible_alleles,65.0
blosum_nn,peptide,4,0.5,macro_excluded_alleles,7.0
blosum_nn,peptide,4,1.0,pooled_spearman,0.7584241739705583
blosum_nn,peptide,4,1.0,pearson,0.7667729692712446
blosum_nn,peptide,4,1.0,rmse_log1p,0.7000726728407541
blosum_nn,peptide,4,1.0,auc_2h,0.8851411768921755
blosum_nn,peptide,4,1.0,auc_6h,0.8947948317867018
blosum_nn,peptide,4,1.0,macro_within_allele_spearman,0.6187061892172303
blosum_nn,peptide,4,1.0,pooled_minus_macro,0.13971798475332797
blosum_nn,peptide,4,1.0,macro_eligible_alleles,65.0
blosum_nn,peptide,4,1.0,macro_excluded_alleles,7.0
blosum_ridge,allele,0,0.1,pooled_spearman,0.14062317765862684
blosum_ridge,allele,0,0.1,pearson,0.13895291860652415
blosum_ridge,allele,0,0.1,rmse_log1p,1.2873220760385229
blosum_ridge,allele,0,0.1,auc_2h,0.5573347361055987
blosum_ridge,allele,0,0.1,auc_6h,0.5759209331756032
blosum_ridge,allele,0,0.1,macro_within_allele_spearman,0.09748614552547363
blosum_ridge,allele,0,0.1,pooled_minus_macro,0.0431370321331532
blosum_ridge,allele,0,0.1,macro_eligible_alleles,12.0
blosum_ridge,allele,0,0.1,macro_excluded_alleles,3.0
blosum_ridge,allele,0,0.25,pooled_spearman,0.17014199952128767
blosum_ridge,allele,0,0.25,pearson,0.14715545096416838
blosum_ridge,allele,0,0.25,rmse_log1p,1.3075873999808385
blosum_ridge,allele,0,0.25,auc_2h,0.5656130189814114
blosum_ridge,allele,0,0.25,auc_6h,0.588969435197667
blosum_ridge,allele,0,0.25,macro_within_allele_spearman,0.12183436900762619
blosum_ridge,allele,0,0.25,pooled_minus_macro,0.04830763051366148
blosum_ridge,allele,0,0.25,macro_eligible_alleles,12.0
blosum_ridge,allele,0,0.25,macro_excluded_alleles,3.0
blosum_ridge,allele,0,0.5,pooled_spearman,0.17530987435949633
blosum_ridge,allele,0,0.5,pearson,0.148148347894478
blosum_ridge,allele,0,0.5,rmse_log1p,1.2948961864514648
blosum_ridge,allele,0,0.5,auc_2h,0.5689746089354616
blosum_ridge,allele,0,0.5,auc_6h,0.5901176786156428
blosum_ridge,allele,0,0.5,macro_within_allele_spearman,0.1339512413939062
blosum_ridge,allele,0,0.5,pooled_minus_macro,0.041358632965590114
blosum_ridge,allele,0,0.5,macro_eligible_alleles,12.0
blosum_ridge,allele,0,0.5,macro_excluded_alleles,3.0
blosum_ridge,allele,0,1.0,pooled_spearman,0.18155055915539645
blosum_ridge,allele,0,1.0,pearson,0.16605557462283174
blosum_ridge,allele,0,1.0,rmse_log1p,1.2814333395291848
blosum_ridge,allele,0,1.0,auc_2h,0.5755530448409759
blosum_ridge,allele,0,1.0,auc_6h,0.598155726429888
blosum_ridge,allele,0,1.0,macro_within_allele_spearman,0.1454220352295232
blosum_ridge,allele,0,1.0,pooled_minus_macro,0.036128523925873235
blosum_ridge,allele,0,1.0,macro_eligible_alleles,12.0
blosum_ridge,allele,0,1.0,macro_excluded_alleles,3.0
blosum_ridge,allele,1,0.1,pooled_spearman,0.20892267809387768
blosum_ridge,allele,1,0.1,pearson,0.21596001041809887
blosum_ridge,allele,1,0.1,rmse_log1p,1.1929191884206327
blosum_ridge,allele,1,0.1,auc_2h,0.6192780303244205
blosum_ridge,allele,1,0.1,auc_6h,0.6303408578398404
blosum_ridge,allele,1,0.1,macro_within_allele_spearman,0.10845234078737327
blosum_ridge,allele,1,0.1,pooled_minus_macro,0.10047033730650441
blosum_ridge,allele,1,0.1,macro_eligible_alleles,15.0
blosum_ridge,allele,1,0.1,macro_excluded_alleles,0.0
blosum_ridge,allele,1,0.25,pooled_spearman,0.2472526487567266
blosum_ridge,allele,1,0.25,pearson,0.24401624851842404
blosum_ridge,allele,1,0.25,rmse_log1p,1.1715140595833715
blosum_ridge,allele,1,0.25,auc_2h,0.6298485661311424
blosum_ridge,allele,1,0.25,auc_6h,0.6607923637789336
blosum_ridge,allele,1,0.25,macro_within_allele_spearman,0.15232110552090783
blosum_ridge,allele,1,0.25,pooled_minus_macro,0.09493154323581876
blosum_ridge,allele,1,0.25,macro_eligible_alleles,15.0
blosum_ridge,allele,1,0.25,macro_excluded_alleles,0.0
blosum_ridge,allele,1,0.5,pooled_spearman,0.17116580853231406
blosum_ridge,allele,1,0.5,pearson,0.219379933074696
blosum_ridge,allele,1,0.5,rmse_log1p,1.2093955560440843
blosum_ridge,allele,1,0.5,auc_2h,0.5758184864142455
blosum_ridge,allele,1,0.5,auc_6h,0.6276291824299213
blosum_ridge,allele,1,0.5,macro_within_allele_spearman,0.16895166654607463
blosum_ridge,allele,1,0.5,pooled_minus_macro,0.0022141419862394263
blosum_ridge,allele,1,0.5,macro_eligible_alleles,15.0
blosum_ridge,allele,1,0.5,macro_excluded_alleles,0.0
blosum_ridge,allele,1,1.0,pooled_spearman,0.15667562493940013
blosum_ridge,allele,1,1.0,pearson,0.1883468120169074
blosum_ridge,allele,1,1.0,rmse_log1p,1.2455670666419214
blosum_ridge,allele,1,1.0,auc_2h,0.5729509369323582
blosum_ridge,allele,1,1.0,auc_6h,0.6049432832452587
blosum_ridge,allele,1,1.0,macro_within_allele_spearman,0.1755370859270168
blosum_ridge,allele,1,1.0,pooled_minus_macro,-0.01886146098761668
blosum_ridge,allele,1,1.0,macro_eligible_alleles,15.0
blosum_ridge,allele,1,1.0,macro_excluded_alleles,0.0
blosum_ridge,allele,2,0.1,pooled_spearman,0.08189648181477677
blosum_ridge,allele,2,0.1,pearson,0.10917264779318331
blosum_ridge,allele,2,0.1,rmse_log1p,1.1571714940231193
blosum_ridge,allele,2,0.1,auc_2h,0.5533202402268543
blosum_ridge,allele,2,0.1,auc_6h,0.5630281285878301
blosum_ridge,allele,2,0.1,macro_within_allele_spearman,0.1597190687095884
blosum_ridge,allele,2,0.1,pooled_minus_macro,-0.07782258689481164
blosum_ridge,allele,2,0.1,macro_eligible_alleles,14.0
blosum_ridge,allele,2,0.1,macro_excluded_alleles,0.0
blosum_ridge,allele,2,0.25,pooled_spearman,0.1623829327395817
blosum_ridge,allele,2,0.25,pearson,0.20090779541384451
blosum_ridge,allele,2,0.25,rmse_log1p,1.076685311239186
blosum_ridge,allele,2,0.25,auc_2h,0.5916131109328171
blosum_ridge,allele,2,0.25,auc_6h,0.5891668033459079
blosum_ridge,allele,2,0.25,macro_within_allele_spearman,0.17966321588665737
blosum_ridge,allele,2,0.25,pooled_minus_macro,-0.017280283147075665
blosum_ridge,allele,2,0.25,macro_eligible_alleles,14.0
blosum_ridge,allele,2,0.25,macro_excluded_alleles,0.0
blosum_ridge,allele,2,0.5,pooled_spearman,0.098743414546017
blosum_ridge,allele,2,0.5,pearson,0.14646687929810165
blosum_ridge,allele,2,0.5,rmse_log1p,1.1062360852757684
blosum_ridge,allele,2,0.5,auc_2h,0.5650152707869783
blosum_ridge,allele,2,0.5,auc_6h,0.5757837871084139
blosum_ridge,allele,2,0.5,macro_within_allele_spearman,0.21973624640814468
blosum_ridge,allele,2,0.5,pooled_minus_macro,-0.12099283186212768
blosum_ridge,allele,2,0.5,macro_eligible_alleles,14.0
blosum_ridge,allele,2,0.5,macro_excluded_alleles,0.0
blosum_ridge,allele,2,1.0,pooled_spearman,0.09428041813667216
blosum_ridge,allele,2,1.0,pearson,0.14137634863028975
blosum_ridge,allele,2,1.0,rmse_log1p,1.1078300545556596
blosum_ridge,allele,2,1.0,auc_2h,0.5624625135054436
blosum_ridge,allele,2,1.0,auc_6h,0.5675963588650156
blosum_ridge,allele,2,1.0,macro_within_allele_spearman,0.22298652447054074
blosum_ridge,allele,2,1.0,pooled_minus_macro,-0.1287061063338686
blosum_ridge,allele,2,1.0,macro_eligible_alleles,14.0
blosum_ridge,allele,2,1.0,macro_excluded_alleles,0.0
blosum_ridge,allele,3,0.1,pooled_spearman,0.45911344608566695
blosum_ridge,allele,3,0.1,pearson,0.4351740538481858
blosum_ridge,allele,3,0.1,rmse_log1p,1.141483402599153
blosum_ridge,allele,3,0.1,auc_2h,0.7417544998068752
blosum_ridge,allele,3,0.1,auc_6h,0.7422257114301597
blosum_ridge,allele,3,0.1,macro_within_allele_spearman,0.19451239543710125
blosum_ridge,allele,3,0.1,pooled_minus_macro,0.2646010506485657
blosum_ridge,allele,3,0.1,macro_eligible_alleles,13.0
blosum_ridge,allele,3,0.1,macro_excluded_alleles,1.0
blosum_ridge,allele,3,0.25,pooled_spearman,0.48341015654539643
blosum_ridge,allele,3,0.25,pearson,0.4578952658050335
blosum_ridge,allele,3,0.25,rmse_log1p,1.126312336417127
blosum_ridge,allele,3,0.25,auc_2h,0.749164696794129
blosum_ridge,allele,3,0.25,auc_6h,0.7485946474398142
blosum_ridge,allele,3,0.25,macro_within_allele_spearman,0.2446538079576212
blosum_ridge,allele,3,0.25,pooled_minus_macro,0.23875634858777522
blosum_ridge,allele,3,0.25,macro_eligible_alleles,13.0
blosum_ridge,allele,3,0.25,macro_excluded_alleles,1.0
blosum_ridge,allele,3,0.5,pooled_spearman,0.40103064850652936
blosum_ridge,allele,3,0.5,pearson,0.3648879018648681
blosum_ridge,allele,3,0.5,rmse_log1p,1.2875408848636363
blosum_ridge,allele,3,0.5,auc_2h,0.6967749710312863
blosum_ridge,allele,3,0.5,auc_6h,0.701883596237745
blosum_ridge,allele,3,0.5,macro_within_allele_spearman,0.26155974760155565
blosum_ridge,allele,3,0.5,pooled_minus_macro,0.13947090090497372
blosum_ridge,allele,3,0.5,macro_eligible_alleles,13.0
blosum_ridge,allele,3,0.5,macro_excluded_alleles,1.0
blosum_ridge,allele,3,1.0,pooled_spearman,0.3721749566949247
blosum_ridge,allele,3,1.0,pearson,0.33609173109896884
blosum_ridge,allele,3,1.0,rmse_log1p,1.2777474082866889
blosum_ridge,allele,3,1.0,auc_2h,0.6780795674005408
blosum_ridge,allele,3,1.0,auc_6h,0.6871606200092086
blosum_ridge,allele,3,1.0,macro_within_allele_spearman,0.26603999746596557
blosum_ridge,allele,3,1.0,pooled_minus_macro,0.1061349592289591
blosum_ridge,allele,3,1.0,macro_eligible_alleles,13.0
blosum_ridge,allele,3,1.0,macro_excluded_alleles,1.0
blosum_ridge,allele,4,0.1,pooled_spearman,0.34079329679139453
blosum_ridge,allele,4,0.1,pearson,0.3163786341559425
blosum_ridge,allele,4,0.1,rmse_log1p,1.0982958719039293
blosum_ridge,allele,4,0.1,auc_2h,0.6768316796938666
blosum_ridge,allele,4,0.1,auc_6h,0.6433208610917395
blosum_ridge,allele,4,0.1,macro_within_allele_spearman,0.24076230588821826
blosum_ridge,allele,4,0.1,pooled_minus_macro,0.10003099090317627
blosum_ridge,allele,4,0.1,macro_eligible_alleles,14.0
blosum_ridge,allele,4,0.1,macro_excluded_alleles,0.0
blosum_ridge,allele,4,0.25,pooled_spearman,0.38839938195754714
blosum_ridge,allele,4,0.25,pearson,0.3747122190067043
blosum_ridge,allele,4,0.25,rmse_log1p,1.0710506673957396
blosum_ridge,allele,4,0.25,auc_2h,0.6974736950901842
blosum_ridge,allele,4,0.25,auc_6h,0.6737696051242821
blosum_ridge,allele,4,0.25,macro_within_allele_spearman,0.296364812076144
blosum_ridge,allele,4,0.25,pooled_minus_macro,0.09203456988140313
blosum_ridge,allele,4,0.25,macro_eligible_alleles,14.0
blosum_ridge,allele,4,0.25,macro_excluded_alleles,0.0
blosum_ridge,allele,4,0.5,pooled_spearman,0.4216470604720112
blosum_ridge,allele,4,0.5,pearson,0.4134959317995254
blosum_ridge,allele,4,0.5,rmse_log1p,1.0651615017216847
blosum_ridge,allele,4,0.5,auc_2h,0.7101846562928839
blosum_ridge,allele,4,0.5,auc_6h,0.6976535200017029
blosum_ridge,allele,4,0.5,macro_within_allele_spearman,0.31614737269591775
blosum_ridge,allele,4,0.5,pooled_minus_macro,0.10549968777609348
blosum_ridge,allele,4,0.5,macro_eligible_alleles,14.0
blosum_ridge,allele,4,0.5,macro_excluded_alleles,0.0
blosum_ridge,allele,4,1.0,pooled_spearman,0.42715858640891685
blosum_ridge,allele,4,1.0,pearson,0.41442540097709146
blosum_ridge,allele,4,1.0,rmse_log1p,1.0544000370045015
blosum_ridge,allele,4,1.0,auc_2h,0.7146782075307593
blosum_ridge,allele,4,1.0,auc_6h,0.6992628398148508
blosum_ridge,allele,4,1.0,macro_within_allele_spearman,0.32989190565690185
blosum_ridge,allele,4,1.0,pooled_minus_macro,0.097266680752015
blosum_ridge,allele,4,1.0,macro_eligible_alleles,14.0
blosum_ridge,allele,4,1.0,macro_excluded_alleles,0.0
blosum_ridge,allele_strict,0,1.0,pooled_spearman,0.12398478818324021
blosum_ridge,allele_strict,0,1.0,pearson,0.14085155507204017
blosum_ridge,allele_strict,0,1.0,rmse_log1p,1.2049130926732885
blosum_ridge,allele_strict,0,1.0,auc_2h,0.5767685364386633
blosum_ridge,allele_strict,0,1.0,auc_6h,0.5800197391950259
blosum_ridge,allele_strict,0,1.0,macro_within_allele_spearman,0.0803546679630134
blosum_ridge,allele_strict,0,1.0,pooled_minus_macro,0.04363012022022682
blosum_ridge,allele_strict,0,1.0,macro_eligible_alleles,12.0
blosum_ridge,allele_strict,0,1.0,macro_excluded_alleles,3.0
blosum_ridge,locus,0,1.0,pooled_spearman,0.25214013355505177
blosum_ridge,locus,0,1.0,pearson,0.2509650575858622
blosum_ridge,locus,0,1.0,rmse_log1p,2.551290454632359
blosum_ridge,locus,0,1.0,auc_2h,0.634443004183304
blosum_ridge,locus,0,1.0,auc_6h,0.6373702975739868
blosum_ridge,locus,0,1.0,macro_within_allele_spearman,0.09819821382819101
blosum_ridge,locus,0,1.0,pooled_minus_macro,0.15394191972686078
blosum_ridge,locus,0,1.0,macro_eligible_alleles,34.0
blosum_ridge,locus,0,1.0,macro_excluded_alleles,2.0
blosum_ridge,locus,1,1.0,pooled_spearman,-0.050348517831226305
blosum_ridge,locus,1,1.0,pearson,-0.040088861531939676
blosum_ridge,locus,1,1.0,rmse_log1p,1.9803917490924712
blosum_ridge,locus,1,1.0,auc_2h,0.4780720650378281
blosum_ridge,locus,1,1.0,auc_6h,0.4849123724982754
blosum_ridge,locus,1,1.0,macro_within_allele_spearman,0.04335434727815836
blosum_ridge,locus,1,1.0,pooled_minus_macro,-0.09370286510938466
blosum_ridge,locus,1,1.0,macro_eligible_alleles,34.0
blosum_ridge,locus,1,1.0,macro_excluded_alleles,2.0
blosum_ridge,peptide,0,0.1,pooled_spearman,0.5228121670303616
blosum_ridge,peptide,0,0.1,pearson,0.5245210931931399
blosum_ridge,peptide,0,0.1,rmse_log1p,0.9413536652498835
blosum_ridge,peptide,0,0.1,auc_2h,0.7821127701374156
blosum_ridge,peptide,0,0.1,auc_6h,0.7966337410663609
blosum_ridge,peptide,0,0.1,macro_within_allele_spearman,0.22801656063483997
blosum_ridge,peptide,0,0.1,pooled_minus_macro,0.2947956063955216
blosum_ridge,peptide,0,0.1,macro_eligible_alleles,65.0
blosum_ridge,peptide,0,0.1,macro_excluded_alleles,7.0
blosum_ridge,peptide,0,0.25,pooled_spearman,0.5448878949045394
blosum_ridge,peptide,0,0.25,pearson,0.5498197839644707
blosum_ridge,peptide,0,0.25,rmse_log1p,0.922956161165402
blosum_ridge,peptide,0,0.25,auc_2h,0.790994131178671
blosum_ridge,peptide,0,0.25,auc_6h,0.8039481581065897
blosum_ridge,peptide,0,0.25,macro_within_allele_spearman,0.24908939565943097
blosum_ridge,peptide,0,0.25,pooled_minus_macro,0.29579849924510837
blosum_ridge,peptide,0,0.25,macro_eligible_alleles,65.0
blosum_ridge,peptide,0,0.25,macro_excluded_alleles,7.0
blosum_ridge,peptide,0,0.5,pooled_spearman,0.5641595261881556
blosum_ridge,peptide,0,0.5,pearson,0.5661303853618507
blosum_ridge,peptide,0,0.5,rmse_log1p,0.9104903517645108
blosum_ridge,peptide,0,0.5,auc_2h,0.7986383104399525
blosum_ridge,peptide,0,0.5,auc_6h,0.8117798429880344
blosum_ridge,peptide,0,0.5,macro_within_allele_spearman,0.2782854100867174
blosum_ridge,peptide,0,0.5,pooled_minus_macro,0.28587411610143815
blosum_ridge,peptide,0,0.5,macro_eligible_alleles,65.0
blosum_ridge,peptide,0,0.5,macro_excluded_alleles,7.0
blosum_ridge,peptide,0,1.0,pooled_spearman,0.5702904404590486
blosum_ridge,peptide,0,1.0,pearson,0.57320623353115
blosum_ridge,peptide,0,1.0,rmse_log1p,0.9050147472461942
blosum_ridge,peptide,0,1.0,auc_2h,0.800127264461008
blosum_ridge,peptide,0,1.0,auc_6h,0.8139280972362187
blosum_ridge,peptide,0,1.0,macro_within_allele_spearman,0.2833714279480552
blosum_ridge,peptide,0,1.0,pooled_minus_macro,0.28691901251099344
blosum_ridge,peptide,0,1.0,macro_eligible_alleles,65.0
blosum_ridge,peptide,0,1.0,macro_excluded_alleles,7.0
blosum_ridge,peptide,1,0.1,pooled_spearman,0.5150299980022904
blosum_ridge,peptide,1,0.1,pearson,0.5001558137685533
blosum_ridge,peptide,1,0.1,rmse_log1p,0.9739579781591468
blosum_ridge,peptide,1,0.1,auc_2h,0.7683826883342949
blosum_ridge,peptide,1,0.1,auc_6h,0.7803024361414991
blosum_ridge,peptide,1,0.1,macro_within_allele_spearman,0.20323904746978538
blosum_ridge,peptide,1,0.1,pooled_minus_macro,0.31179095053250505
blosum_ridge,peptide,1,0.1,macro_eligible_alleles,65.0
blosum_ridge,peptide,1,0.1,macro_excluded_alleles,7.0
blosum_ridge,peptide,1,0.25,pooled_spearman,0.5325448906870034
blosum_ridge,peptide,1,0.25,pearson,0.5259575293728057
blosum_ridge,peptide,1,0.25,rmse_log1p,0.9531508784824827
blosum_ridge,peptide,1,0.25,auc_2h,0.7771161257156383
blosum_ridge,peptide,1,0.25,auc_6h,0.7923185608932386
blosum_ridge,peptide,1,0.25,macro_within_allele_spearman,0.23943483431164134
blosum_ridge,peptide,1,0.25,pooled_minus_macro,0.293110056375362
blosum_ridge,peptide,1,0.25,macro_eligible_alleles,65.0
blosum_ridge,peptide,1,0.25,macro_excluded_alleles,7.0
blosum_ridge,peptide,1,0.5,pooled_spearman,0.5465015539607441
blosum_ridge,peptide,1,0.5,pearson,0.540310748250374
blosum_ridge,peptide,1,0.5,rmse_log1p,0.9418063060590902
blosum_ridge,peptide,1,0.5,auc_2h,0.7831917312651943
blosum_ridge,peptide,1,0.5,auc_6h,0.8006078074409622
blosum_ridge,peptide,1,0.5,macro_within_allele_spearman,0.26705766279239657
blosum_ridge,peptide,1,0.5,pooled_minus_macro,0.2794438911683475
blosum_ridge,peptide,1,0.5,macro_eligible_alleles,65.0
blosum_ridge,peptide,1,0.5,macro_excluded_alleles,7.0
blosum_ridge,peptide,1,1.0,pooled_spearman,0.55151634268015
blosum_ridge,peptide,1,1.0,pearson,0.548334480634475
blosum_ridge,peptide,1,1.0,rmse_log1p,0.935613656940048
blosum_ridge,peptide,1,1.0,auc_2h,0.7858097283656572
blosum_ridge,peptide,1,1.0,auc_6h,0.8040799884019669
blosum_ridge,peptide,1,1.0,macro_within_allele_spearman,0.27356649982134595
blosum_ridge,peptide,1,1.0,pooled_minus_macro,0.2779498428588041
blosum_ridge,peptide,1,1.0,macro_eligible_alleles,65.0
blosum_ridge,peptide,1,1.0,macro_excluded_alleles,7.0
blosum_ridge,peptide,2,0.1,pooled_spearman,0.508007694746762
blosum_ridge,peptide,2,0.1,pearson,0.5166114842553855
blosum_ridge,peptide,2,0.1,rmse_log1p,0.9200808273452747
blosum_ridge,peptide,2,0.1,auc_2h,0.7619205475822144
blosum_ridge,peptide,2,0.1,auc_6h,0.7861170424230214
blosum_ridge,peptide,2,0.1,macro_within_allele_spearman,0.21336496520489096
blosum_ridge,peptide,2,0.1,pooled_minus_macro,0.29464272954187104
blosum_ridge,peptide,2,0.1,macro_eligible_alleles,65.0
blosum_ridge,peptide,2,0.1,macro_excluded_alleles,7.0
blosum_ridge,peptide,2,0.25,pooled_spearman,0.5404153432283062
blosum_ridge,peptide,2,0.25,pearson,0.5388565897196247
blosum_ridge,peptide,2,0.25,rmse_log1p,0.9012392476883386
blosum_ridge,peptide,2,0.25,auc_2h,0.773324755099381
blosum_ridge,peptide,2,0.25,auc_6h,0.793814726003371
blosum_ridge,peptide,2,0.25,macro_within_allele_spearman,0.23429631138970355
blosum_ridge,peptide,2,0.25,pooled_minus_macro,0.3061190318386027
blosum_ridge,peptide,2,0.25,macro_eligible_alleles,65.0
blosum_ridge,peptide,2,0.25,macro_excluded_alleles,7.0
blosum_ridge,peptide,2,0.5,pooled_spearman,0.550143293581998
blosum_ridge,peptide,2,0.5,pearson,0.5514892366550297
blosum_ridge,peptide,2,0.5,rmse_log1p,0.8932539167533926
blosum_ridge,peptide,2,0.5,auc_2h,0.7785486675134267
blosum_ridge,peptide,2,0.5,auc_6h,0.8012225198371652
blosum_ridge,peptide,2,0.5,macro_within_allele_spearman,0.2470273323739421
blosum_ridge,peptide,2,0.5,pooled_minus_macro,0.3031159612080559
blosum_ridge,peptide,2,0.5,macro_eligible_alleles,65.0
blosum_ridge,peptide,2,0.5,macro_excluded_alleles,7.0
blosum_ridge,peptide,2,1.0,pooled_spearman,0.5513229738547171
blosum_ridge,peptide,2,1.0,pearson,0.5547394423724903
blosum_ridge,peptide,2,1.0,rmse_log1p,0.8910594396530034
blosum_ridge,peptide,2,1.0,auc_2h,0.779424165470598
blosum_ridge,peptide,2,1.0,auc_6h,0.8031423760705593
blosum_ridge,peptide,2,1.0,macro_within_allele_spearman,0.2460213550466606
blosum_ridge,peptide,2,1.0,pooled_minus_macro,0.3053016188080565
blosum_ridge,peptide,2,1.0,macro_eligible_alleles,65.0
blosum_ridge,peptide,2,1.0,macro_excluded_alleles,7.0
blosum_ridge,peptide,3,0.1,pooled_spearman,0.5148266441382938
blosum_ridge,peptide,3,0.1,pearson,0.5173367168785414
blosum_ridge,peptide,3,0.1,rmse_log1p,0.9514769685908046
blosum_ridge,peptide,3,0.1,auc_2h,0.7637922945392641
blosum_ridge,peptide,3,0.1,auc_6h,0.7951247433954103
blosum_ridge,peptide,3,0.1,macro_within_allele_spearman,0.1873788630843507
blosum_ridge,peptide,3,0.1,pooled_minus_macro,0.3274477810539431
blosum_ridge,peptide,3,0.1,macro_eligible_alleles,65.0
blosum_ridge,peptide,3,0.1,macro_excluded_alleles,7.0
blosum_ridge,peptide,3,0.25,pooled_spearman,0.5245521147892287
blosum_ridge,peptide,3,0.25,pearson,0.5277472374276704
blosum_ridge,peptide,3,0.25,rmse_log1p,0.9478306581025031
blosum_ridge,peptide,3,0.25,auc_2h,0.7673808061458489
blosum_ridge,peptide,3,0.25,auc_6h,0.7989612147436653
blosum_ridge,peptide,3,0.25,macro_within_allele_spearman,0.20555290881430072
blosum_ridge,peptide,3,0.25,pooled_minus_macro,0.318999205974928
blosum_ridge,peptide,3,0.25,macro_eligible_alleles,65.0
blosum_ridge,peptide,3,0.25,macro_excluded_alleles,7.0
blosum_ridge,peptide,3,0.5,pooled_spearman,0.5413048935130909
blosum_ridge,peptide,3,0.5,pearson,0.5428896208261831
blosum_ridge,peptide,3,0.5,rmse_log1p,0.9326198711159476
blosum_ridge,peptide,3,0.5,auc_2h,0.7762154237584458
blosum_ridge,peptide,3,0.5,auc_6h,0.8041656460559673
blosum_ridge,peptide,3,0.5,macro_within_allele_spearman,0.2206294234207904
blosum_ridge,peptide,3,0.5,pooled_minus_macro,0.32067547009230046
blosum_ridge,peptide,3,0.5,macro_eligible_alleles,65.0
blosum_ridge,peptide,3,0.5,macro_excluded_alleles,7.0
blosum_ridge,peptide,3,1.0,pooled_spearman,0.5466784262431641
blosum_ridge,peptide,3,1.0,pearson,0.5477270780550922
blosum_ridge,peptide,3,1.0,rmse_log1p,0.9271954732571138
blosum_ridge,peptide,3,1.0,auc_2h,0.779104548558808
blosum_ridge,peptide,3,1.0,auc_6h,0.8063217395374166
blosum_ridge,peptide,3,1.0,macro_within_allele_spearman,0.2279787752010471
blosum_ridge,peptide,3,1.0,pooled_minus_macro,0.318699651042117
blosum_ridge,peptide,3,1.0,macro_eligible_alleles,65.0
blosum_ridge,peptide,3,1.0,macro_excluded_alleles,7.0
blosum_ridge,peptide,4,0.1,pooled_spearman,0.5223184453077085
blosum_ridge,peptide,4,0.1,pearson,0.5170935521722274
blosum_ridge,peptide,4,0.1,rmse_log1p,0.9336690720399579
blosum_ridge,peptide,4,0.1,auc_2h,0.7694644993029119
blosum_ridge,peptide,4,0.1,auc_6h,0.7876316819406252
blosum_ridge,peptide,4,0.1,macro_within_allele_spearman,0.20494661231688727
blosum_ridge,peptide,4,0.1,pooled_minus_macro,0.3173718329908213
blosum_ridge,peptide,4,0.1,macro_eligible_alleles,65.0
blosum_ridge,peptide,4,0.1,macro_excluded_alleles,7.0
blosum_ridge,peptide,4,0.25,pooled_spearman,0.5444807535367461
blosum_ridge,peptide,4,0.25,pearson,0.5402422499335905
blosum_ridge,peptide,4,0.25,rmse_log1p,0.9180518593061259
blosum_ridge,peptide,4,0.25,auc_2h,0.7817496696556377
blosum_ridge,peptide,4,0.25,auc_6h,0.8015407314187801
blosum_ridge,peptide,4,0.25,macro_within_allele_spearman,0.23064038556235059
blosum_ridge,peptide,4,0.25,pooled_minus_macro,0.3138403679743955
blosum_ridge,peptide,4,0.25,macro_eligible_alleles,65.0
blosum_ridge,peptide,4,0.25,macro_excluded_alleles,7.0
blosum_ridge,peptide,4,0.5,pooled_spearman,0.5550656207660881
blosum_ridge,peptide,4,0.5,pearson,0.5519764468424664
blosum_ridge,peptide,4,0.5,rmse_log1p,0.9081448667102076
blosum_ridge,peptide,4,0.5,auc_2h,0.7855889441085273
blosum_ridge,peptide,4,0.5,auc_6h,0.8053448866456997
blosum_ridge,peptide,4,0.5,macro_within_allele_spearman,0.2482725289618451
blosum_ridge,peptide,4,0.5,pooled_minus_macro,0.306793091804243
blosum_ridge,peptide,4,0.5,macro_eligible_alleles,65.0
blosum_ridge,peptide,4,0.5,macro_excluded_alleles,7.0
blosum_ridge,peptide,4,1.0,pooled_spearman,0.5623254986038569
blosum_ridge,peptide,4,1.0,pearson,0.5595958303140253
blosum_ridge,peptide,4,1.0,rmse_log1p,0.9025210674035474
blosum_ridge,peptide,4,1.0,auc_2h,0.7896268625341384
blosum_ridge,peptide,4,1.0,auc_6h,0.808211574471737
blosum_ridge,peptide,4,1.0,macro_within_allele_spearman,0.25817551795522414
blosum_ridge,peptide,4,1.0,pooled_minus_macro,0.3041499806486328
blosum_ridge,peptide,4,1.0,macro_eligible_alleles,65.0
blosum_ridge,peptide,4,1.0,macro_excluded_alleles,7.0
esm2_joint,allele,0,0.1,pooled_spearman,0.18509090334826184
esm2_joint,allele,0,0.1,pearson,0.25426137375675806
esm2_joint,allele,0,0.1,rmse_log1p,1.184330972687532
esm2_joint,allele,0,0.1,auc_2h,0.6365542027929967
esm2_joint,allele,0,0.1,auc_6h,0.6602533769842361
esm2_joint,allele,0,0.1,macro_within_allele_spearman,0.0856833556062213
esm2_joint,allele,0,0.1,pooled_minus_macro,0.09940754774204054
esm2_joint,allele,0,0.1,macro_eligible_alleles,12.0
esm2_joint,allele,0,0.1,macro_excluded_alleles,3.0
esm2_joint,allele,0,0.25,pooled_spearman,0.19754232695150029
esm2_joint,allele,0,0.25,pearson,0.2672547985583217
esm2_joint,allele,0,0.25,rmse_log1p,1.1730489869511191
esm2_joint,allele,0,0.25,auc_2h,0.6437466499179613
esm2_joint,allele,0,0.25,auc_6h,0.672211408842059
esm2_joint,allele,0,0.25,macro_within_allele_spearman,0.08722070375901476
esm2_joint,allele,0,0.25,pooled_minus_macro,0.11032162319248552
esm2_joint,allele,0,0.25,macro_eligible_alleles,12.0
esm2_joint,allele,0,0.25,macro_excluded_alleles,3.0
esm2_joint,allele,0,0.5,pooled_spearman,0.20788858277443406
esm2_joint,allele,0,0.5,pearson,0.27791322831775217
esm2_joint,allele,0,0.5,rmse_log1p,1.1657214895761068
esm2_joint,allele,0,0.5,auc_2h,0.6490884963808885
esm2_joint,allele,0,0.5,auc_6h,0.677378848111365
esm2_joint,allele,0,0.5,macro_within_allele_spearman,0.08181746869204128
esm2_joint,allele,0,0.5,pooled_minus_macro,0.1260711140823928
esm2_joint,allele,0,0.5,macro_eligible_alleles,12.0
esm2_joint,allele,0,0.5,macro_excluded_alleles,3.0
esm2_joint,allele,0,1.0,pooled_spearman,0.21436240800285863
esm2_joint,allele,0,1.0,pearson,0.29022678144199826
esm2_joint,allele,0,1.0,rmse_log1p,1.1687044203724484
esm2_joint,allele,0,1.0,auc_2h,0.6569375340122833
esm2_joint,allele,0,1.0,auc_6h,0.6885175658202426
esm2_joint,allele,0,1.0,macro_within_allele_spearman,0.09281445581517343
esm2_joint,allele,0,1.0,pooled_minus_macro,0.1215479521876852
esm2_joint,allele,0,1.0,macro_eligible_alleles,12.0
esm2_joint,allele,0,1.0,macro_excluded_alleles,3.0
esm2_joint,allele,1,0.1,pooled_spearman,0.10340958380839417
esm2_joint,allele,1,0.1,pearson,0.1437033156892969
esm2_joint,allele,1,0.1,rmse_log1p,1.1939360349099037
esm2_joint,allele,1,0.1,auc_2h,0.5281350763757517
esm2_joint,allele,1,0.1,auc_6h,0.5565973226806586
esm2_joint,allele,1,0.1,macro_within_allele_spearman,0.10670669051976625
esm2_joint,allele,1,0.1,pooled_minus_macro,-0.0032971067113720803
esm2_joint,allele,1,0.1,macro_eligible_alleles,15.0
esm2_joint,allele,1,0.1,macro_excluded_alleles,0.0
esm2_joint,allele,1,0.25,pooled_spearman,0.08379875101536575
esm2_joint,allele,1,0.25,pearson,0.12139892315683534
esm2_joint,allele,1,0.25,rmse_log1p,1.2219846828882754
esm2_joint,allele,1,0.25,auc_2h,0.512032498517661
esm2_joint,allele,1,0.25,auc_6h,0.5400865713297232
esm2_joint,allele,1,0.25,macro_within_allele_spearman,0.13342567027580063
esm2_joint,allele,1,0.25,pooled_minus_macro,-0.049626919260434874
esm2_joint,allele,1,0.25,macro_eligible_alleles,15.0
esm2_joint,allele,1,0.25,macro_excluded_alleles,0.0
esm2_joint,allele,1,0.5,pooled_spearman,0.09668825939238303
esm2_joint,allele,1,0.5,pearson,0.1342366805908113
esm2_joint,allele,1,0.5,rmse_log1p,1.2061837174813834
esm2_joint,allele,1,0.5,auc_2h,0.517129391723372
esm2_joint,allele,1,0.5,auc_6h,0.551184120432469
esm2_joint,allele,1,0.5,macro_within_allele_spearman,0.140774433583618
esm2_joint,allele,1,0.5,pooled_minus_macro,-0.044086174191234964
esm2_joint,allele,1,0.5,macro_eligible_alleles,15.0
esm2_joint,allele,1,0.5,macro_excluded_alleles,0.0
esm2_joint,allele,1,1.0,pooled_spearman,0.10478549314411695
esm2_joint,allele,1,1.0,pearson,0.1408950213299222
esm2_joint,allele,1,1.0,rmse_log1p,1.1975966195283538
esm2_joint,allele,1,1.0,auc_2h,0.525650111528362
esm2_joint,allele,1,1.0,auc_6h,0.5530262868646865
esm2_joint,allele,1,1.0,macro_within_allele_spearman,0.14159494428570665
esm2_joint,allele,1,1.0,pooled_minus_macro,-0.036809451141589705
esm2_joint,allele,1,1.0,macro_eligible_alleles,15.0
esm2_joint,allele,1,1.0,macro_excluded_alleles,0.0
esm2_joint,allele,2,0.1,pooled_spearman,0.2480817754650094
esm2_joint,allele,2,0.1,pearson,0.279970256621406
esm2_joint,allele,2,0.1,rmse_log1p,0.9746013902182719
esm2_joint,allele,2,0.1,auc_2h,0.6308185051131407
esm2_joint,allele,2,0.1,auc_6h,0.6469784320157455
esm2_joint,allele,2,0.1,macro_within_allele_spearman,0.15009382075504396
esm2_joint,allele,2,0.1,pooled_minus_macro,0.09798795470996544
esm2_joint,allele,2,0.1,macro_eligible_alleles,14.0
esm2_joint,allele,2,0.1,macro_excluded_alleles,0.0
esm2_joint,allele,2,0.25,pooled_spearman,0.2681711425670554
esm2_joint,allele,2,0.25,pearson,0.3084764107256436
esm2_joint,allele,2,0.25,rmse_log1p,0.9610071080020485
esm2_joint,allele,2,0.25,auc_2h,0.6463026860013732
esm2_joint,allele,2,0.25,auc_6h,0.6568289732655404
esm2_joint,allele,2,0.25,macro_within_allele_spearman,0.16224297209099992
esm2_joint,allele,2,0.25,pooled_minus_macro,0.10592817047605546
esm2_joint,allele,2,0.25,macro_eligible_alleles,14.0
esm2_joint,allele,2,0.25,macro_excluded_alleles,0.0
esm2_joint,allele,2,0.5,pooled_spearman,0.2836457743562261
esm2_joint,allele,2,0.5,pearson,0.32183908564065067
esm2_joint,allele,2,0.5,rmse_log1p,0.9528320656232234
esm2_joint,allele,2,0.5,auc_2h,0.6551919919984841
esm2_joint,allele,2,0.5,auc_6h,0.660535099229129
esm2_joint,allele,2,0.5,macro_within_allele_spearman,0.17498804193224535
esm2_joint,allele,2,0.5,pooled_minus_macro,0.10865773242398077
esm2_joint,allele,2,0.5,macro_eligible_alleles,14.0
esm2_joint,allele,2,0.5,macro_excluded_alleles,0.0
esm2_joint,allele,2,1.0,pooled_spearman,0.301718584640217
esm2_joint,allele,2,1.0,pearson,0.33689732882565737
esm2_joint,allele,2,1.0,rmse_log1p,0.9471815730095485
esm2_joint,allele,2,1.0,auc_2h,0.6640447475899061
esm2_joint,allele,2,1.0,auc_6h,0.6713145809414466
esm2_joint,allele,2,1.0,macro_within_allele_spearman,0.18272146899660102
esm2_joint,allele,2,1.0,pooled_minus_macro,0.11899711564361598
esm2_joint,allele,2,1.0,macro_eligible_alleles,14.0
esm2_joint,allele,2,1.0,macro_excluded_alleles,0.0
esm2_joint,allele,3,0.1,pooled_spearman,0.3408413344837009
esm2_joint,allele,3,0.1,pearson,0.3881623968099038
esm2_joint,allele,3,0.1,rmse_log1p,1.0551033362403637
esm2_joint,allele,3,0.1,auc_2h,0.6786247972190034
esm2_joint,allele,3,0.1,auc_6h,0.7152383544599114
esm2_joint,allele,3,0.1,macro_within_allele_spearman,0.17430150201737946
esm2_joint,allele,3,0.1,pooled_minus_macro,0.16653983246632145
esm2_joint,allele,3,0.1,macro_eligible_alleles,13.0
esm2_joint,allele,3,0.1,macro_excluded_alleles,1.0
esm2_joint,allele,3,0.25,pooled_spearman,0.3541390333217743
esm2_joint,allele,3,0.25,pearson,0.39264663819759116
esm2_joint,allele,3,0.25,rmse_log1p,1.042295305400541
esm2_joint,allele,3,0.25,auc_2h,0.6808551564310545
esm2_joint,allele,3,0.25,auc_6h,0.720122525511747
esm2_joint,allele,3,0.25,macro_within_allele_spearman,0.21680255200586424
esm2_joint,allele,3,0.25,pooled_minus_macro,0.13733648131591009
esm2_joint,allele,3,0.25,macro_eligible_alleles,13.0
esm2_joint,allele,3,0.25,macro_excluded_alleles,1.0
esm2_joint,allele,3,0.5,pooled_spearman,0.3523912370371686
esm2_joint,allele,3,0.5,pearson,0.3915499179410894
esm2_joint,allele,3,0.5,rmse_log1p,1.0411332068847328
esm2_joint,allele,3,0.5,auc_2h,0.6793667825415217
esm2_joint,allele,3,0.5,auc_6h,0.718159948912729
esm2_joint,allele,3,0.5,macro_within_allele_spearman,0.23979662879846408
esm2_joint,allele,3,0.5,pooled_minus_macro,0.11259460823870454
esm2_joint,allele,3,0.5,macro_eligible_alleles,13.0
esm2_joint,allele,3,0.5,macro_excluded_alleles,1.0
esm2_joint,allele,3,1.0,pooled_spearman,0.35424732768477224
esm2_joint,allele,3,1.0,pearson,0.39453523810168334
esm2_joint,allele,3,1.0,rmse_log1p,1.038028422094388
esm2_joint,allele,3,1.0,auc_2h,0.681176516029355
esm2_joint,allele,3,1.0,auc_6h,0.7185994944763122
esm2_joint,allele,3,1.0,macro_within_allele_spearman,0.22962652598436903
esm2_joint,allele,3,1.0,pooled_minus_macro,0.12462080170040321
esm2_joint,allele,3,1.0,macro_eligible_alleles,13.0
esm2_joint,allele,3,1.0,macro_excluded_alleles,1.0
esm2_joint,allele,4,0.1,pooled_spearman,0.30343306370453005
esm2_joint,allele,4,0.1,pearson,0.34821777168160467
esm2_joint,allele,4,0.1,rmse_log1p,1.0677020495348082
esm2_joint,allele,4,0.1,auc_2h,0.6278577147658003
esm2_joint,allele,4,0.1,auc_6h,0.6705177868730335
esm2_joint,allele,4,0.1,macro_within_allele_spearman,0.1972789999672451
esm2_joint,allele,4,0.1,pooled_minus_macro,0.10615406373728495
esm2_joint,allele,4,0.1,macro_eligible_alleles,14.0
esm2_joint,allele,4,0.1,macro_excluded_alleles,0.0
esm2_joint,allele,4,0.25,pooled_spearman,0.34157572011407833
esm2_joint,allele,4,0.25,pearson,0.38312439848341207
esm2_joint,allele,4,0.25,rmse_log1p,1.0441487711330528
esm2_joint,allele,4,0.25,auc_2h,0.6522237259669852
esm2_joint,allele,4,0.25,auc_6h,0.6995484576947492
esm2_joint,allele,4,0.25,macro_within_allele_spearman,0.266008004912079
esm2_joint,allele,4,0.25,pooled_minus_macro,0.07556771520199934
esm2_joint,allele,4,0.25,macro_eligible_alleles,14.0
esm2_joint,allele,4,0.25,macro_excluded_alleles,0.0
esm2_joint,allele,4,0.5,pooled_spearman,0.3516776880099053
esm2_joint,allele,4,0.5,pearson,0.3957921070257128
esm2_joint,allele,4,0.5,rmse_log1p,1.0400867467453374
esm2_joint,allele,4,0.5,auc_2h,0.6557976214513783
esm2_joint,allele,4,0.5,auc_6h,0.7069895468551046
esm2_joint,allele,4,0.5,macro_within_allele_spearman,0.2882978532147587
esm2_joint,allele,4,0.5,pooled_minus_macro,0.06337983479514658
esm2_joint,allele,4,0.5,macro_eligible_alleles,14.0
esm2_joint,allele,4,0.5,macro_excluded_alleles,0.0
esm2_joint,allele,4,1.0,pooled_spearman,0.36349594889135184
esm2_joint,allele,4,1.0,pearson,0.4099486837803612
esm2_joint,allele,4,1.0,rmse_log1p,1.0326382646711523
esm2_joint,allele,4,1.0,auc_2h,0.6612128846115095
esm2_joint,allele,4,1.0,auc_6h,0.7097962707225554
esm2_joint,allele,4,1.0,macro_within_allele_spearman,0.30360111129135514
esm2_joint,allele,4,1.0,pooled_minus_macro,0.0598948375999967
esm2_joint,allele,4,1.0,macro_eligible_alleles,14.0
esm2_joint,allele,4,1.0,macro_excluded_alleles,0.0
esm2_joint,allele_strict,0,1.0,pooled_spearman,0.05627156126956499
esm2_joint,allele_strict,0,1.0,pearson,0.09612672395047325
esm2_joint,allele_strict,0,1.0,rmse_log1p,1.2099932056878346
esm2_joint,allele_strict,0,1.0,auc_2h,0.5458283550943751
esm2_joint,allele_strict,0,1.0,auc_6h,0.5554330930699607
esm2_joint,allele_strict,0,1.0,macro_within_allele_spearman,0.00861875214821878
esm2_joint,allele_strict,0,1.0,pooled_minus_macro,0.047652809121346215
esm2_joint,allele_strict,0,1.0,macro_eligible_alleles,12.0
esm2_joint,allele_strict,0,1.0,macro_excluded_alleles,3.0
esm2_joint,locus,0,1.0,pooled_spearman,-0.035569221739484846
esm2_joint,locus,0,1.0,pearson,0.0022249191928928407
esm2_joint,locus,0,1.0,rmse_log1p,1.4554526004209254
esm2_joint,locus,0,1.0,auc_2h,0.4775092685336681
esm2_joint,locus,0,1.0,auc_6h,0.4848551573785602
esm2_joint,locus,0,1.0,macro_within_allele_spearman,0.1254494029776398
esm2_joint,locus,0,1.0,pooled_minus_macro,-0.16101862471712464
esm2_joint,locus,0,1.0,macro_eligible_alleles,34.0
esm2_joint,locus,0,1.0,macro_excluded_alleles,2.0
esm2_joint,locus,1,1.0,pooled_spearman,0.06188987444268281
esm2_joint,locus,1,1.0,pearson,0.06849820865901332
esm2_joint,locus,1,1.0,rmse_log1p,1.056060784063784
esm2_joint,locus,1,1.0,auc_2h,0.5315778493085359
esm2_joint,locus,1,1.0,auc_6h,0.5352161496811325
esm2_joint,locus,1,1.0,macro_within_allele_spearman,0.09833244354517817
esm2_joint,locus,1,1.0,pooled_minus_macro,-0.03644256910249536
esm2_joint,locus,1,1.0,macro_eligible_alleles,34.0
esm2_joint,locus,1,1.0,macro_excluded_alleles,2.0
esm2_joint,peptide,0,0.1,pooled_spearman,0.36829298120251924
esm2_joint,peptide,0,0.1,pearson,0.4085379493825537
esm2_joint,peptide,0,0.1,rmse_log1p,1.0092206020626444
esm2_joint,peptide,0,0.1,auc_2h,0.6959914950159487
esm2_joint,peptide,0,0.1,auc_6h,0.7238543548956923
esm2_joint,peptide,0,0.1,macro_within_allele_spearman,0.2189934554913949
esm2_joint,peptide,0,0.1,pooled_minus_macro,0.14929952571112434
esm2_joint,peptide,0,0.1,macro_eligible_alleles,65.0
esm2_joint,peptide,0,0.1,macro_excluded_alleles,7.0
esm2_joint,peptide,0,0.25,pooled_spearman,0.38682045742027654
esm2_joint,peptide,0,0.25,pearson,0.42802119898143276
esm2_joint,peptide,0,0.25,rmse_log1p,0.9989902625766472
esm2_joint,peptide,0,0.25,auc_2h,0.7087229280772247
esm2_joint,peptide,0,0.25,auc_6h,0.7339629775225585
esm2_joint,peptide,0,0.25,macro_within_allele_spearman,0.2212875007851155
esm2_joint,peptide,0,0.25,pooled_minus_macro,0.16553295663516104
esm2_joint,peptide,0,0.25,macro_eligible_alleles,65.0
esm2_joint,peptide,0,0.25,macro_excluded_alleles,7.0
esm2_joint,peptide,0,0.5,pooled_spearman,0.4066143181101201
esm2_joint,peptide,0,0.5,pearson,0.4430436247784011
esm2_joint,peptide,0,0.5,rmse_log1p,0.9902622317073017
esm2_joint,peptide,0,0.5,auc_2h,0.7191357708303261
esm2_joint,peptide,0,0.5,auc_6h,0.7432274653658593
esm2_joint,peptide,0,0.5,macro_within_allele_spearman,0.24019008394259525
esm2_joint,peptide,0,0.5,pooled_minus_macro,0.16642423416752486
esm2_joint,peptide,0,0.5,macro_eligible_alleles,65.0
esm2_joint,peptide,0,0.5,macro_excluded_alleles,7.0
esm2_joint,peptide,0,1.0,pooled_spearman,0.42151518600635735
esm2_joint,peptide,0,1.0,pearson,0.45726090463317304
esm2_joint,peptide,0,1.0,rmse_log1p,0.9822143267495073
esm2_joint,peptide,0,1.0,auc_2h,0.7253085889589249
esm2_joint,peptide,0,1.0,auc_6h,0.7488443823771298
esm2_joint,peptide,0,1.0,macro_within_allele_spearman,0.24904459529394807
esm2_joint,peptide,0,1.0,pooled_minus_macro,0.17247059071240928
esm2_joint,peptide,0,1.0,macro_eligible_alleles,65.0
esm2_joint,peptide,0,1.0,macro_excluded_alleles,7.0
esm2_joint,peptide,1,0.1,pooled_spearman,0.3252043768033717
esm2_joint,peptide,1,0.1,pearson,0.3549321027659348
esm2_joint,peptide,1,0.1,rmse_log1p,1.0467802205776853
esm2_joint,peptide,1,0.1,auc_2h,0.6665787528785794
esm2_joint,peptide,1,0.1,auc_6h,0.6979834355687276
esm2_joint,peptide,1,0.1,macro_within_allele_spearman,0.1478320171397056
esm2_joint,peptide,1,0.1,pooled_minus_macro,0.17737235966366613
esm2_joint,peptide,1,0.1,macro_eligible_alleles,65.0
esm2_joint,peptide,1,0.1,macro_excluded_alleles,7.0
esm2_joint,peptide,1,0.25,pooled_spearman,0.3687284418381807
esm2_joint,peptide,1,0.25,pearson,0.38739360172587095
esm2_joint,peptide,1,0.25,rmse_log1p,1.034769652635659
esm2_joint,peptide,1,0.25,auc_2h,0.6907020343604993
esm2_joint,peptide,1,0.25,auc_6h,0.7225711270768918
esm2_joint,peptide,1,0.25,macro_within_allele_spearman,0.19636498552242532
esm2_joint,peptide,1,0.25,pooled_minus_macro,0.1723634563157554
esm2_joint,peptide,1,0.25,macro_eligible_alleles,65.0
esm2_joint,peptide,1,0.25,macro_excluded_alleles,7.0
esm2_joint,peptide,1,0.5,pooled_spearman,0.37737894043560466
esm2_joint,peptide,1,0.5,pearson,0.39976160796093496
esm2_joint,peptide,1,0.5,rmse_log1p,1.026796724824401
esm2_joint,peptide,1,0.5,auc_2h,0.6977635687727759
esm2_joint,peptide,1,0.5,auc_6h,0.7264581318135475
esm2_joint,peptide,1,0.5,macro_within_allele_spearman,0.209403463683233
esm2_joint,peptide,1,0.5,pooled_minus_macro,0.16797547675237165
esm2_joint,peptide,1,0.5,macro_eligible_alleles,65.0
esm2_joint,peptide,1,0.5,macro_excluded_alleles,7.0
esm2_joint,peptide,1,1.0,pooled_spearman,0.38082801638538416
esm2_joint,peptide,1,1.0,pearson,0.4052294389524661
esm2_joint,peptide,1,1.0,rmse_log1p,1.0237632362958091
esm2_joint,peptide,1,1.0,auc_2h,0.701387604726048
esm2_joint,peptide,1,1.0,auc_6h,0.7290494683046512
esm2_joint,peptide,1,1.0,macro_within_allele_spearman,0.19917075060169834
esm2_joint,peptide,1,1.0,pooled_minus_macro,0.18165726578368582
esm2_joint,peptide,1,1.0,macro_eligible_alleles,65.0
esm2_joint,peptide,1,1.0,macro_excluded_alleles,7.0
esm2_joint,peptide,2,0.1,pooled_spearman,0.33946215349189085
esm2_joint,peptide,2,0.1,pearson,0.36296095278957263
esm2_joint,peptide,2,0.1,rmse_log1p,1.0063852314432613
esm2_joint,peptide,2,0.1,auc_2h,0.6772993323333039
esm2_joint,peptide,2,0.1,auc_6h,0.6969341663353726
esm2_joint,peptide,2,0.1,macro_within_allele_spearman,0.14435229226817678
esm2_joint,peptide,2,0.1,pooled_minus_macro,0.19510986122371407
esm2_joint,peptide,2,0.1,macro_eligible_alleles,65.0
esm2_joint,peptide,2,0.1,macro_excluded_alleles,7.0
esm2_joint,peptide,2,0.25,pooled_spearman,0.36130290964679945
esm2_joint,peptide,2,0.25,pearson,0.3854435849034702
esm2_joint,peptide,2,0.25,rmse_log1p,0.9916813645461545
esm2_joint,peptide,2,0.25,auc_2h,0.6854671386719144
esm2_joint,peptide,2,0.25,auc_6h,0.7057641558478938
esm2_joint,peptide,2,0.25,macro_within_allele_spearman,0.17933697367959012
esm2_joint,peptide,2,0.25,pooled_minus_macro,0.18196593596720934
esm2_joint,peptide,2,0.25,macro_eligible_alleles,65.0
esm2_joint,peptide,2,0.25,macro_excluded_alleles,7.0
esm2_joint,peptide,2,0.5,pooled_spearman,0.379113066309002
esm2_joint,peptide,2,0.5,pearson,0.4014897813512823
esm2_joint,peptide,2,0.5,rmse_log1p,0.981677359283333
esm2_joint,peptide,2,0.5,auc_2h,0.6943238481649892
esm2_joint,peptide,2,0.5,auc_6h,0.7165874859012665
esm2_joint,peptide,2,0.5,macro_within_allele_spearman,0.1936076640043275
esm2_joint,peptide,2,0.5,pooled_minus_macro,0.1855054023046745
esm2_joint,peptide,2,0.5,macro_eligible_alleles,65.0
esm2_joint,peptide,2,0.5,macro_excluded_alleles,7.0
esm2_joint,peptide,2,1.0,pooled_spearman,0.38566127607200906
esm2_joint,peptide,2,1.0,pearson,0.4064272468205653
esm2_joint,peptide,2,1.0,rmse_log1p,0.9795172998987874
esm2_joint,peptide,2,1.0,auc_2h,0.6944300979170732
esm2_joint,peptide,2,1.0,auc_6h,0.7185047337565501
esm2_joint,peptide,2,1.0,macro_within_allele_spearman,0.1983585790736284
esm2_joint,peptide,2,1.0,pooled_minus_macro,0.18730269699838067
esm2_joint,peptide,2,1.0,macro_eligible_alleles,65.0
esm2_joint,peptide,2,1.0,macro_excluded_alleles,7.0
esm2_joint,peptide,3,0.1,pooled_spearman,0.34839969380583324
esm2_joint,peptide,3,0.1,pearson,0.3709498517950946
esm2_joint,peptide,3,0.1,rmse_log1p,1.0360524336873393
esm2_joint,peptide,3,0.1,auc_2h,0.6823176592449443
esm2_joint,peptide,3,0.1,auc_6h,0.7151030569126688
esm2_joint,peptide,3,0.1,macro_within_allele_spearman,0.15794594315381225
esm2_joint,peptide,3,0.1,pooled_minus_macro,0.190453750652021
esm2_joint,peptide,3,0.1,macro_eligible_alleles,65.0
esm2_joint,peptide,3,0.1,macro_excluded_alleles,7.0
esm2_joint,peptide,3,0.25,pooled_spearman,0.3814795272806151
esm2_joint,peptide,3,0.25,pearson,0.40658578456242417
esm2_joint,peptide,3,0.25,rmse_log1p,1.0151302884446218
esm2_joint,peptide,3,0.25,auc_2h,0.6972258708530599
esm2_joint,peptide,3,0.25,auc_6h,0.733228932118371
esm2_joint,peptide,3,0.25,macro_within_allele_spearman,0.17431939858165982
esm2_joint,peptide,3,0.25,pooled_minus_macro,0.2071601286989553
esm2_joint,peptide,3,0.25,macro_eligible_alleles,65.0
esm2_joint,peptide,3,0.25,macro_excluded_alleles,7.0
esm2_joint,peptide,3,0.5,pooled_spearman,0.39494388198950886
esm2_joint,peptide,3,0.5,pearson,0.4197560697892844
esm2_joint,peptide,3,0.5,rmse_log1p,1.00581656191969
esm2_joint,peptide,3,0.5,auc_2h,0.7028182797434431
esm2_joint,peptide,3,0.5,auc_6h,0.7366180428940043
esm2_joint,peptide,3,0.5,macro_within_allele_spearman,0.18543620444239048
esm2_joint,peptide,3,0.5,pooled_minus_macro,0.20950767754711838
esm2_joint,peptide,3,0.5,macro_eligible_alleles,65.0
esm2_joint,peptide,3,0.5,macro_excluded_alleles,7.0
esm2_joint,peptide,3,1.0,pooled_spearman,0.4016250244152951
esm2_joint,peptide,3,1.0,pearson,0.42474837634254625
esm2_joint,peptide,3,1.0,rmse_log1p,1.0025792788569579
esm2_joint,peptide,3,1.0,auc_2h,0.7050386331147198
esm2_joint,peptide,3,1.0,auc_6h,0.7404113838319549
esm2_joint,peptide,3,1.0,macro_within_allele_spearman,0.18642051274800178
esm2_joint,peptide,3,1.0,pooled_minus_macro,0.2152045116672933
esm2_joint,peptide,3,1.0,macro_eligible_alleles,65.0
esm2_joint,peptide,3,1.0,macro_excluded_alleles,7.0
esm2_joint,peptide,4,0.1,pooled_spearman,0.3720283847046472
esm2_joint,peptide,4,0.1,pearson,0.3970847181305137
esm2_joint,peptide,4,0.1,rmse_log1p,1.0001576351271593
esm2_joint,peptide,4,0.1,auc_2h,0.6956784213673195
esm2_joint,peptide,4,0.1,auc_6h,0.7153293352480344
esm2_joint,peptide,4,0.1,macro_within_allele_spearman,0.17557647023810882
esm2_joint,peptide,4,0.1,pooled_minus_macro,0.1964519144665384
esm2_joint,peptide,4,0.1,macro_eligible_alleles,65.0
esm2_joint,peptide,4,0.1,macro_excluded_alleles,7.0
esm2_joint,peptide,4,0.25,pooled_spearman,0.40932642181339174
esm2_joint,peptide,4,0.25,pearson,0.428630724793546
esm2_joint,peptide,4,0.25,rmse_log1p,0.9838648005398692
esm2_joint,peptide,4,0.25,auc_2h,0.716876611336984
esm2_joint,peptide,4,0.25,auc_6h,0.7323456124269132
esm2_joint,peptide,4,0.25,macro_within_allele_spearman,0.21302049894152428
esm2_joint,peptide,4,0.25,pooled_minus_macro,0.19630592287186746
esm2_joint,peptide,4,0.25,macro_eligible_alleles,65.0
esm2_joint,peptide,4,0.25,macro_excluded_alleles,7.0
esm2_joint,peptide,4,0.5,pooled_spearman,0.42650999309832555
esm2_joint,peptide,4,0.5,pearson,0.447972525104643
esm2_joint,peptide,4,0.5,rmse_log1p,0.9732636452872117
esm2_joint,peptide,4,0.5,auc_2h,0.7244596474803113
esm2_joint,peptide,4,0.5,auc_6h,0.7428219054235314
esm2_joint,peptide,4,0.5,macro_within_allele_spearman,0.22794724725983115
esm2_joint,peptide,4,0.5,pooled_minus_macro,0.1985627458384944
esm2_joint,peptide,4,0.5,macro_eligible_alleles,65.0
esm2_joint,peptide,4,0.5,macro_excluded_alleles,7.0
esm2_joint,peptide,4,1.0,pooled_spearman,0.43900156961330455
esm2_joint,peptide,4,1.0,pearson,0.4618189061475043
esm2_joint,peptide,4,1.0,rmse_log1p,0.9654770043637723
esm2_joint,peptide,4,1.0,auc_2h,0.7313073623268884
esm2_joint,peptide,4,1.0,auc_6h,0.7482428844217462
esm2_joint,peptide,4,1.0,macro_within_allele_spearman,0.2434474421042569
esm2_joint,peptide,4,1.0,pooled_minus_macro,0.19555412750904766
esm2_joint,peptide,4,1.0,macro_eligible_alleles,65.0
esm2_joint,peptide,4,1.0,macro_excluded_alleles,7.0
esm2_mean,allele,0,0.1,pooled_spearman,0.10731715365976453
esm2_mean,allele,0,0.1,pearson,0.15305889344363544
esm2_mean,allele,0,0.1,rmse_log1p,1.3306864375500662
esm2_mean,allele,0,0.1,auc_2h,0.5802001968109265
esm2_mean,allele,0,0.1,auc_6h,0.5834022256458224
esm2_mean,allele,0,0.1,macro_within_allele_spearman,0.07210309278159623
esm2_mean,allele,0,0.1,pooled_minus_macro,0.03521406087816831
esm2_mean,allele,0,0.1,macro_eligible_alleles,12.0
esm2_mean,allele,0,0.1,macro_excluded_alleles,3.0
esm2_mean,allele,0,0.25,pooled_spearman,0.10553467441306932
esm2_mean,allele,0,0.25,pearson,0.14724771917160212
esm2_mean,allele,0,0.25,rmse_log1p,1.376280290208513
esm2_mean,allele,0,0.25,auc_2h,0.566927222920085
esm2_mean,allele,0,0.25,auc_6h,0.5728224985556687
esm2_mean,allele,0,0.25,macro_within_allele_spearman,0.058626522597099225
esm2_mean,allele,0,0.25,pooled_minus_macro,0.0469081518159701
esm2_mean,allele,0,0.25,macro_eligible_alleles,12.0
esm2_mean,allele,0,0.25,macro_excluded_alleles,3.0
esm2_mean,allele,0,0.5,pooled_spearman,0.12237222926786581
esm2_mean,allele,0,0.5,pearson,0.14651864662974853
esm2_mean,allele,0,0.5,rmse_log1p,1.388736132063642
esm2_mean,allele,0,0.5,auc_2h,0.5683045925277315
esm2_mean,allele,0,0.5,auc_6h,0.5715325731106771
esm2_mean,allele,0,0.5,macro_within_allele_spearman,0.07661440328132443
esm2_mean,allele,0,0.5,pooled_minus_macro,0.04575782598654138
esm2_mean,allele,0,0.5,macro_eligible_alleles,12.0
esm2_mean,allele,0,0.5,macro_excluded_alleles,3.0
esm2_mean,allele,0,1.0,pooled_spearman,0.15318453706252938
esm2_mean,allele,0,1.0,pearson,0.16569932498128542
esm2_mean,allele,0,1.0,rmse_log1p,1.3666210521212305
esm2_mean,allele,0,1.0,auc_2h,0.5826314357377546
esm2_mean,allele,0,1.0,auc_6h,0.5895581721642961
esm2_mean,allele,0,1.0,macro_within_allele_spearman,0.06904831862151085
esm2_mean,allele,0,1.0,pooled_minus_macro,0.08413621844101853
esm2_mean,allele,0,1.0,macro_eligible_alleles,12.0
esm2_mean,allele,0,1.0,macro_excluded_alleles,3.0
esm2_mean,allele,1,0.1,pooled_spearman,0.1244269646855961
esm2_mean,allele,1,0.1,pearson,0.17365184038506248
esm2_mean,allele,1,0.1,rmse_log1p,1.2579723656937902
esm2_mean,allele,1,0.1,auc_2h,0.5359830495712982
esm2_mean,allele,1,0.1,auc_6h,0.5794703684069116
esm2_mean,allele,1,0.1,macro_within_allele_spearman,0.07257434415252037
esm2_mean,allele,1,0.1,pooled_minus_macro,0.051852620533075724
esm2_mean,allele,1,0.1,macro_eligible_alleles,15.0
esm2_mean,allele,1,0.1,macro_excluded_alleles,0.0
esm2_mean,allele,1,0.25,pooled_spearman,0.1307357600975427
esm2_mean,allele,1,0.25,pearson,0.17269796942785837
esm2_mean,allele,1,0.25,rmse_log1p,1.2903361460677816
esm2_mean,allele,1,0.25,auc_2h,0.5434872142379836
esm2_mean,allele,1,0.25,auc_6h,0.5812701631190815
esm2_mean,allele,1,0.25,macro_within_allele_spearman,0.08829567722149266
esm2_mean,allele,1,0.25,pooled_minus_macro,0.04244008287605004
esm2_mean,allele,1,0.25,macro_eligible_alleles,15.0
esm2_mean,allele,1,0.25,macro_excluded_alleles,0.0
esm2_mean,allele,1,0.5,pooled_spearman,0.15405758369298592
esm2_mean,allele,1,0.5,pearson,0.19611491179014445
esm2_mean,allele,1,0.5,rmse_log1p,1.2700394584768764
esm2_mean,allele,1,0.5,auc_2h,0.5578540907850279
esm2_mean,allele,1,0.5,auc_6h,0.5983760106572615
esm2_mean,allele,1,0.5,macro_within_allele_spearman,0.10566409885242824
esm2_mean,allele,1,0.5,pooled_minus_macro,0.04839348484055768
esm2_mean,allele,1,0.5,macro_eligible_alleles,15.0
esm2_mean,allele,1,0.5,macro_excluded_alleles,0.0
esm2_mean,allele,1,1.0,pooled_spearman,0.15093969017633038
esm2_mean,allele,1,1.0,pearson,0.19727270528844743
esm2_mean,allele,1,1.0,rmse_log1p,1.279142376084217
esm2_mean,allele,1,1.0,auc_2h,0.5603236675419525
esm2_mean,allele,1,1.0,auc_6h,0.5970623726626607
esm2_mean,allele,1,1.0,macro_within_allele_spearman,0.1151191691281745
esm2_mean,allele,1,1.0,pooled_minus_macro,0.035820521048155876
esm2_mean,allele,1,1.0,macro_eligible_alleles,15.0
esm2_mean,allele,1,1.0,macro_excluded_alleles,0.0
esm2_mean,allele,2,0.1,pooled_spearman,0.20336065810056822
esm2_mean,allele,2,0.1,pearson,0.23818185248003199
esm2_mean,allele,2,0.1,rmse_log1p,1.03827800469323
esm2_mean,allele,2,0.1,auc_2h,0.604239489800307
esm2_mean,allele,2,0.1,auc_6h,0.6281691815647039
esm2_mean,allele,2,0.1,macro_within_allele_spearman,0.12128887465255582
esm2_mean,allele,2,0.1,pooled_minus_macro,0.0820717834480124
esm2_mean,allele,2,0.1,macro_eligible_alleles,14.0
esm2_mean,allele,2,0.1,macro_excluded_alleles,0.0
esm2_mean,allele,2,0.25,pooled_spearman,0.23882067204099083
esm2_mean,allele,2,0.25,pearson,0.2781070315099383
esm2_mean,allele,2,0.25,rmse_log1p,1.07116359007487
esm2_mean,allele,2,0.25,auc_2h,0.6269235509790907
esm2_mean,allele,2,0.25,auc_6h,0.6446662292930949
esm2_mean,allele,2,0.25,macro_within_allele_spearman,0.13586000782425398
esm2_mean,allele,2,0.25,pooled_minus_macro,0.10296066421673686
esm2_mean,allele,2,0.25,macro_eligible_alleles,14.0
esm2_mean,allele,2,0.25,macro_excluded_alleles,0.0
esm2_mean,allele,2,0.5,pooled_spearman,0.2810953758261594
esm2_mean,allele,2,0.5,pearson,0.29831813039888233
esm2_mean,allele,2,0.5,rmse_log1p,1.0404767548365272
esm2_mean,allele,2,0.5,auc_2h,0.6543364926532997
esm2_mean,allele,2,0.5,auc_6h,0.6619480892242086
esm2_mean,allele,2,0.5,macro_within_allele_spearman,0.15848162671868124
esm2_mean,allele,2,0.5,pooled_minus_macro,0.12261374910747816
esm2_mean,allele,2,0.5,macro_eligible_alleles,14.0
esm2_mean,allele,2,0.5,macro_excluded_alleles,0.0
esm2_mean,allele,2,1.0,pooled_spearman,0.29766805141984515
esm2_mean,allele,2,1.0,pearson,0.29460659029573594
esm2_mean,allele,2,1.0,rmse_log1p,1.05133569903849
esm2_mean,allele,2,1.0,auc_2h,0.6624859277502909
esm2_mean,allele,2,1.0,auc_6h,0.6695145153354108
esm2_mean,allele,2,1.0,macro_within_allele_spearman,0.16891949704287
esm2_mean,allele,2,1.0,pooled_minus_macro,0.12874855437697516
esm2_mean,allele,2,1.0,macro_eligible_alleles,14.0
esm2_mean,allele,2,1.0,macro_excluded_alleles,0.0
esm2_mean,allele,3,0.1,pooled_spearman,0.3765225352904972
esm2_mean,allele,3,0.1,pearson,0.37732019759338464
esm2_mean,allele,3,0.1,rmse_log1p,1.1237009645474576
esm2_mean,allele,3,0.1,auc_2h,0.6652025492468134
esm2_mean,allele,3,0.1,auc_6h,0.6908906367845633
esm2_mean,allele,3,0.1,macro_within_allele_spearman,0.15216148439385496
esm2_mean,allele,3,0.1,pooled_minus_macro,0.2243610508966422
esm2_mean,allele,3,0.1,macro_eligible_alleles,13.0
esm2_mean,allele,3,0.1,macro_excluded_alleles,1.0
esm2_mean,allele,3,0.25,pooled_spearman,0.43118868111230246
esm2_mean,allele,3,0.25,pearson,0.42755338313373625
esm2_mean,allele,3,0.25,rmse_log1p,1.0705075167067175
esm2_mean,allele,3,0.25,auc_2h,0.6989628427964465
esm2_mean,allele,3,0.25,auc_6h,0.7190381142476951
esm2_mean,allele,3,0.25,macro_within_allele_spearman,0.19629843075284298
esm2_mean,allele,3,0.25,pooled_minus_macro,0.23489025035945948
esm2_mean,allele,3,0.25,macro_eligible_alleles,13.0
esm2_mean,allele,3,0.25,macro_excluded_alleles,1.0
esm2_mean,allele,3,0.5,pooled_spearman,0.46252485620212563
esm2_mean,allele,3,0.5,pearson,0.4557493475888605
esm2_mean,allele,3,0.5,rmse_log1p,1.0658632147923077
esm2_mean,allele,3,0.5,auc_2h,0.7182383932020086
esm2_mean,allele,3,0.5,auc_6h,0.7369052865203422
esm2_mean,allele,3,0.5,macro_within_allele_spearman,0.2237377300990991
esm2_mean,allele,3,0.5,pooled_minus_macro,0.23878712610302652
esm2_mean,allele,3,0.5,macro_eligible_alleles,13.0
esm2_mean,allele,3,0.5,macro_excluded_alleles,1.0
esm2_mean,allele,3,1.0,pooled_spearman,0.4714463633410104
esm2_mean,allele,3,1.0,pearson,0.4605997791181443
esm2_mean,allele,3,1.0,rmse_log1p,1.068810187393572
esm2_mean,allele,3,1.0,auc_2h,0.7254666666666667
esm2_mean,allele,3,1.0,auc_6h,0.7431702252061533
esm2_mean,allele,3,1.0,macro_within_allele_spearman,0.21758107319358513
esm2_mean,allele,3,1.0,pooled_minus_macro,0.2538652901474253
esm2_mean,allele,3,1.0,macro_eligible_alleles,13.0
esm2_mean,allele,3,1.0,macro_excluded_alleles,1.0
esm2_mean,allele,4,0.1,pooled_spearman,0.34984962538153547
esm2_mean,allele,4,0.1,pearson,0.31518846280866264
esm2_mean,allele,4,0.1,rmse_log1p,1.0646855208124286
esm2_mean,allele,4,0.1,auc_2h,0.6554938567845551
esm2_mean,allele,4,0.1,auc_6h,0.6627103243116688
esm2_mean,allele,4,0.1,macro_within_allele_spearman,0.1511065373899259
esm2_mean,allele,4,0.1,pooled_minus_macro,0.19874308799160956
esm2_mean,allele,4,0.1,macro_eligible_alleles,14.0
esm2_mean,allele,4,0.1,macro_excluded_alleles,0.0
esm2_mean,allele,4,0.25,pooled_spearman,0.379581406981993
esm2_mean,allele,4,0.25,pearson,0.3526757748427112
esm2_mean,allele,4,0.25,rmse_log1p,1.0525508896550166
esm2_mean,allele,4,0.25,auc_2h,0.6659524907126283
esm2_mean,allele,4,0.25,auc_6h,0.6777524486451227
esm2_mean,allele,4,0.25,macro_within_allele_spearman,0.19369855034428934
esm2_mean,allele,4,0.25,pooled_minus_macro,0.18588285663770365
esm2_mean,allele,4,0.25,macro_eligible_alleles,14.0
esm2_mean,allele,4,0.25,macro_excluded_alleles,0.0
esm2_mean,allele,4,0.5,pooled_spearman,0.37195806792576985
esm2_mean,allele,4,0.5,pearson,0.3518864915502645
esm2_mean,allele,4,0.5,rmse_log1p,1.0664584889050621
esm2_mean,allele,4,0.5,auc_2h,0.6608581954980596
esm2_mean,allele,4,0.5,auc_6h,0.6764391541579078
esm2_mean,allele,4,0.5,macro_within_allele_spearman,0.21638921349178084
esm2_mean,allele,4,0.5,pooled_minus_macro,0.15556885443398902
esm2_mean,allele,4,0.5,macro_eligible_alleles,14.0
esm2_mean,allele,4,0.5,macro_excluded_alleles,0.0
esm2_mean,allele,4,1.0,pooled_spearman,0.3866240127405833
esm2_mean,allele,4,1.0,pearson,0.36987760679769266
esm2_mean,allele,4,1.0,rmse_log1p,1.056858575597518
esm2_mean,allele,4,1.0,auc_2h,0.6681609530534175
esm2_mean,allele,4,1.0,auc_6h,0.6787551630322509
esm2_mean,allele,4,1.0,macro_within_allele_spearman,0.22706225788114107
esm2_mean,allele,4,1.0,pooled_minus_macro,0.1595617548594422
esm2_mean,allele,4,1.0,macro_eligible_alleles,14.0
esm2_mean,allele,4,1.0,macro_excluded_alleles,0.0
esm2_mean,allele_strict,0,1.0,pooled_spearman,-0.009779142466670538
esm2_mean,allele_strict,0,1.0,pearson,-0.012184875626703614
esm2_mean,allele_strict,0,1.0,rmse_log1p,1.2200203981335338
esm2_mean,allele_strict,0,1.0,auc_2h,0.4842088384881975
esm2_mean,allele_strict,0,1.0,auc_6h,0.4816831274588022
esm2_mean,allele_strict,0,1.0,macro_within_allele_spearman,-0.023530170840333542
esm2_mean,allele_strict,0,1.0,pooled_minus_macro,0.013751028373663004
esm2_mean,allele_strict,0,1.0,macro_eligible_alleles,12.0
esm2_mean,allele_strict,0,1.0,macro_excluded_alleles,3.0
esm2_mean,locus,0,1.0,pooled_spearman,0.25343493171290826
esm2_mean,locus,0,1.0,pearson,0.2431282716501852
esm2_mean,locus,0,1.0,rmse_log1p,1.2584612953979228
esm2_mean,locus,0,1.0,auc_2h,0.6363608541554304
esm2_mean,locus,0,1.0,auc_6h,0.6295824213430937
esm2_mean,locus,0,1.0,macro_within_allele_spearman,0.07282894031852255
esm2_mean,locus,0,1.0,pooled_minus_macro,0.1806059913943857
esm2_mean,locus,0,1.0,macro_eligible_alleles,34.0
esm2_mean,locus,0,1.0,macro_excluded_alleles,2.0
esm2_mean,locus,1,1.0,pooled_spearman,0.03093381291239941
esm2_mean,locus,1,1.0,pearson,0.04651615664872535
esm2_mean,locus,1,1.0,rmse_log1p,1.1541828445831828
esm2_mean,locus,1,1.0,auc_2h,0.5131065268358035
esm2_mean,locus,1,1.0,auc_6h,0.508297109126064
esm2_mean,locus,1,1.0,macro_within_allele_spearman,0.06852662637152251
esm2_mean,locus,1,1.0,pooled_minus_macro,-0.0375928134591231
esm2_mean,locus,1,1.0,macro_eligible_alleles,34.0
esm2_mean,locus,1,1.0,macro_excluded_alleles,2.0
esm2_mean,peptide,0,0.1,pooled_spearman,0.4919469323282926
esm2_mean,peptide,0,0.1,pearson,0.49147505185619433
esm2_mean,peptide,0,0.1,rmse_log1p,0.9619267391279268
esm2_mean,peptide,0,0.1,auc_2h,0.7629591709233606
esm2_mean,peptide,0,0.1,auc_6h,0.7809058485654051
esm2_mean,peptide,0,0.1,macro_within_allele_spearman,0.12619937213383797
esm2_mean,peptide,0,0.1,pooled_minus_macro,0.36574756019445465
esm2_mean,peptide,0,0.1,macro_eligible_alleles,65.0
esm2_mean,peptide,0,0.1,macro_excluded_alleles,7.0
esm2_mean,peptide,0,0.25,pooled_spearman,0.5111418622326331
esm2_mean,peptide,0,0.25,pearson,0.5097261364082246
esm2_mean,peptide,0,0.25,rmse_log1p,0.9501861688107593
esm2_mean,peptide,0,0.25,auc_2h,0.7724875208240232
esm2_mean,peptide,0,0.25,auc_6h,0.7846008386327044
esm2_mean,peptide,0,0.25,macro_within_allele_spearman,0.1578935470797858
esm2_mean,peptide,0,0.25,pooled_minus_macro,0.3532483151528473
esm2_mean,peptide,0,0.25,macro_eligible_alleles,65.0
esm2_mean,peptide,0,0.25,macro_excluded_alleles,7.0
esm2_mean,peptide,0,0.5,pooled_spearman,0.5326576418454066
esm2_mean,peptide,0,0.5,pearson,0.5286587685022941
esm2_mean,peptide,0,0.5,rmse_log1p,0.9376824908477713
esm2_mean,peptide,0,0.5,auc_2h,0.7810648850657989
esm2_mean,peptide,0,0.5,auc_6h,0.7941727370527387
esm2_mean,peptide,0,0.5,macro_within_allele_spearman,0.17835938763686376
esm2_mean,peptide,0,0.5,pooled_minus_macro,0.3542982542085429
esm2_mean,peptide,0,0.5,macro_eligible_alleles,65.0
esm2_mean,peptide,0,0.5,macro_excluded_alleles,7.0
esm2_mean,peptide,0,1.0,pooled_spearman,0.5312838055066949
esm2_mean,peptide,0,1.0,pearson,0.5288746285963426
esm2_mean,peptide,0,1.0,rmse_log1p,0.9373267535784127
esm2_mean,peptide,0,1.0,auc_2h,0.7793544268832633
esm2_mean,peptide,0,1.0,auc_6h,0.7937337471476063
esm2_mean,peptide,0,1.0,macro_within_allele_spearman,0.18391826304759715
esm2_mean,peptide,0,1.0,pooled_minus_macro,0.3473655424590977
esm2_mean,peptide,0,1.0,macro_eligible_alleles,65.0
esm2_mean,peptide,0,1.0,macro_excluded_alleles,7.0
esm2_mean,peptide,1,0.1,pooled_spearman,0.4673126865234332
esm2_mean,peptide,1,0.1,pearson,0.44541888406807884
esm2_mean,peptide,1,0.1,rmse_log1p,1.0055791953363535
esm2_mean,peptide,1,0.1,auc_2h,0.7431048160421321
esm2_mean,peptide,1,0.1,auc_6h,0.750448195848316
esm2_mean,peptide,1,0.1,macro_within_allele_spearman,0.10528609855232077
esm2_mean,peptide,1,0.1,pooled_minus_macro,0.3620265879711124
esm2_mean,peptide,1,0.1,macro_eligible_alleles,65.0
esm2_mean,peptide,1,0.1,macro_excluded_alleles,7.0
esm2_mean,peptide,1,0.25,pooled_spearman,0.500895001771607
esm2_mean,peptide,1,0.25,pearson,0.48738988305517894
esm2_mean,peptide,1,0.25,rmse_log1p,0.9771500515887428
esm2_mean,peptide,1,0.25,auc_2h,0.761276233905844
esm2_mean,peptide,1,0.25,auc_6h,0.7720523052279085
esm2_mean,peptide,1,0.25,macro_within_allele_spearman,0.15577949521216417
esm2_mean,peptide,1,0.25,pooled_minus_macro,0.3451155065594428
esm2_mean,peptide,1,0.25,macro_eligible_alleles,65.0
esm2_mean,peptide,1,0.25,macro_excluded_alleles,7.0
esm2_mean,peptide,1,0.5,pooled_spearman,0.511185486749078
esm2_mean,peptide,1,0.5,pearson,0.4993477803103776
esm2_mean,peptide,1,0.5,rmse_log1p,0.9694554765210347
esm2_mean,peptide,1,0.5,auc_2h,0.7666618587609905
esm2_mean,peptide,1,0.5,auc_6h,0.7778968741557954
esm2_mean,peptide,1,0.5,macro_within_allele_spearman,0.16491945122401253
esm2_mean,peptide,1,0.5,pooled_minus_macro,0.3462660355250655
esm2_mean,peptide,1,0.5,macro_eligible_alleles,65.0
esm2_mean,peptide,1,0.5,macro_excluded_alleles,7.0
esm2_mean,peptide,1,1.0,pooled_spearman,0.5162146058837013
esm2_mean,peptide,1,1.0,pearson,0.505259303637497
esm2_mean,peptide,1,1.0,rmse_log1p,0.9655397491393818
esm2_mean,peptide,1,1.0,auc_2h,0.7685667602359079
esm2_mean,peptide,1,1.0,auc_6h,0.7819055829794112
esm2_mean,peptide,1,1.0,macro_within_allele_spearman,0.17523794908393037
esm2_mean,peptide,1,1.0,pooled_minus_macro,0.3409766567997709
esm2_mean,peptide,1,1.0,macro_eligible_alleles,65.0
esm2_mean,peptide,1,1.0,macro_excluded_alleles,7.0
esm2_mean,peptide,2,0.1,pooled_spearman,0.47497985044608126
esm2_mean,peptide,2,0.1,pearson,0.47197101317939105
esm2_mean,peptide,2,0.1,rmse_log1p,0.9435645876090116
esm2_mean,peptide,2,0.1,auc_2h,0.7398574998563098
esm2_mean,peptide,2,0.1,auc_6h,0.7550195988134578
esm2_mean,peptide,2,0.1,macro_within_allele_spearman,0.11992765653938998
esm2_mean,peptide,2,0.1,pooled_minus_macro,0.3550521939066913
esm2_mean,peptide,2,0.1,macro_eligible_alleles,65.0
esm2_mean,peptide,2,0.1,macro_excluded_alleles,7.0
esm2_mean,peptide,2,0.25,pooled_spearman,0.5129034277887536
esm2_mean,peptide,2,0.25,pearson,0.5026961827183414
esm2_mean,peptide,2,0.25,rmse_log1p,0.9241148769508568
esm2_mean,peptide,2,0.25,auc_2h,0.7563417272661284
esm2_mean,peptide,2,0.25,auc_6h,0.7692360690122882
esm2_mean,peptide,2,0.25,macro_within_allele_spearman,0.15918916698976326
esm2_mean,peptide,2,0.25,pooled_minus_macro,0.3537142607989904
esm2_mean,peptide,2,0.25,macro_eligible_alleles,65.0
esm2_mean,peptide,2,0.25,macro_excluded_alleles,7.0
esm2_mean,peptide,2,0.5,pooled_spearman,0.5168737884362947
esm2_mean,peptide,2,0.5,pearson,0.5071794137786071
esm2_mean,peptide,2,0.5,rmse_log1p,0.9214451696317563
esm2_mean,peptide,2,0.5,auc_2h,0.7573549788701287
esm2_mean,peptide,2,0.5,auc_6h,0.7724158618171221
esm2_mean,peptide,2,0.5,macro_within_allele_spearman,0.15519360157340514
esm2_mean,peptide,2,0.5,pooled_minus_macro,0.3616801868628896
esm2_mean,peptide,2,0.5,macro_eligible_alleles,65.0
esm2_mean,peptide,2,0.5,macro_excluded_alleles,7.0
esm2_mean,peptide,2,1.0,pooled_spearman,0.5157528804215131
esm2_mean,peptide,2,1.0,pearson,0.5106606254539294
esm2_mean,peptide,2,1.0,rmse_log1p,0.9194654109455936
esm2_mean,peptide,2,1.0,auc_2h,0.7575159388120158
esm2_mean,peptide,2,1.0,auc_6h,0.7747563864788874
esm2_mean,peptide,2,1.0,macro_within_allele_spearman,0.14518491893246838
esm2_mean,peptide,2,1.0,pooled_minus_macro,0.37056796148904475
esm2_mean,peptide,2,1.0,macro_eligible_alleles,65.0
esm2_mean,peptide,2,1.0,macro_excluded_alleles,7.0
esm2_mean,peptide,3,0.1,pooled_spearman,0.4797482237299851
esm2_mean,peptide,3,0.1,pearson,0.4733559581184879
esm2_mean,peptide,3,0.1,rmse_log1p,0.9779811310865015
esm2_mean,peptide,3,0.1,auc_2h,0.7435684209367285
esm2_mean,peptide,3,0.1,auc_6h,0.7666924936687974
esm2_mean,peptide,3,0.1,macro_within_allele_spearman,0.12540134015123572
esm2_mean,peptide,3,0.1,pooled_minus_macro,0.3543468835787494
esm2_mean,peptide,3,0.1,macro_eligible_alleles,65.0
esm2_mean,peptide,3,0.1,macro_excluded_alleles,7.0
esm2_mean,peptide,3,0.25,pooled_spearman,0.5049325554587334
esm2_mean,peptide,3,0.25,pearson,0.4987186768826412
esm2_mean,peptide,3,0.25,rmse_log1p,0.9610494877536481
esm2_mean,peptide,3,0.25,auc_2h,0.7557858363060237
esm2_mean,peptide,3,0.25,auc_6h,0.7804293158338312
esm2_mean,peptide,3,0.25,macro_within_allele_spearman,0.14292362422265673
esm2_mean,peptide,3,0.25,pooled_minus_macro,0.3620089312360767
esm2_mean,peptide,3,0.25,macro_eligible_alleles,65.0
esm2_mean,peptide,3,0.25,macro_excluded_alleles,7.0
esm2_mean,peptide,3,0.5,pooled_spearman,0.5192672043488181
esm2_mean,peptide,3,0.5,pearson,0.5130535948348304
esm2_mean,peptide,3,0.5,rmse_log1p,0.9506944067227241
esm2_mean,peptide,3,0.5,auc_2h,0.7646574474993278
esm2_mean,peptide,3,0.5,auc_6h,0.7855894210412859
esm2_mean,peptide,3,0.5,macro_within_allele_spearman,0.15366097601447012
esm2_mean,peptide,3,0.5,pooled_minus_macro,0.36560622833434797
esm2_mean,peptide,3,0.5,macro_eligible_alleles,65.0
esm2_mean,peptide,3,0.5,macro_excluded_alleles,7.0
esm2_mean,peptide,3,1.0,pooled_spearman,0.5196213360771056
esm2_mean,peptide,3,1.0,pearson,0.5145723576140688
esm2_mean,peptide,3,1.0,rmse_log1p,0.9496412319884415
esm2_mean,peptide,3,1.0,auc_2h,0.7663345793433753
esm2_mean,peptide,3,1.0,auc_6h,0.786548880505362
esm2_mean,peptide,3,1.0,macro_within_allele_spearman,0.1477932281003817
esm2_mean,peptide,3,1.0,pooled_minus_macro,0.3718281079767239
esm2_mean,peptide,3,1.0,macro_eligible_alleles,65.0
esm2_mean,peptide,3,1.0,macro_excluded_alleles,7.0
esm2_mean,peptide,4,0.1,pooled_spearman,0.48934107409615213
esm2_mean,peptide,4,0.1,pearson,0.47799093590698266
esm2_mean,peptide,4,0.1,rmse_log1p,0.9566955499452492
esm2_mean,peptide,4,0.1,auc_2h,0.7508596854032514
esm2_mean,peptide,4,0.1,auc_6h,0.7648696368208563
esm2_mean,peptide,4,0.1,macro_within_allele_spearman,0.10870692441573465
esm2_mean,peptide,4,0.1,pooled_minus_macro,0.3806341496804175
esm2_mean,peptide,4,0.1,macro_eligible_alleles,65.0
esm2_mean,peptide,4,0.1,macro_excluded_alleles,7.0
esm2_mean,peptide,4,0.25,pooled_spearman,0.5226293097939793
esm2_mean,peptide,4,0.25,pearson,0.5135730406082004
esm2_mean,peptide,4,0.25,rmse_log1p,0.9340907258404709
esm2_mean,peptide,4,0.25,auc_2h,0.7670573519573345
esm2_mean,peptide,4,0.25,auc_6h,0.7829422179015676
esm2_mean,peptide,4,0.25,macro_within_allele_spearman,0.17686043572547552
esm2_mean,peptide,4,0.25,pooled_minus_macro,0.34576887406850376
esm2_mean,peptide,4,0.25,macro_eligible_alleles,65.0
esm2_mean,peptide,4,0.25,macro_excluded_alleles,7.0
esm2_mean,peptide,4,0.5,pooled_spearman,0.5262216609091082
esm2_mean,peptide,4,0.5,pearson,0.5214402932610787
esm2_mean,peptide,4,0.5,rmse_log1p,0.928818276987421
esm2_mean,peptide,4,0.5,auc_2h,0.7684700096980019
esm2_mean,peptide,4,0.5,auc_6h,0.78413705649478
esm2_mean,peptide,4,0.5,macro_within_allele_spearman,0.1839258944057312
esm2_mean,peptide,4,0.5,pooled_minus_macro,0.34229576650337695
esm2_mean,peptide,4,0.5,macro_eligible_alleles,65.0
esm2_mean,peptide,4,0.5,macro_excluded_alleles,7.0
esm2_mean,peptide,4,1.0,pooled_spearman,0.5302428891211465
esm2_mean,peptide,4,1.0,pearson,0.5263475984239845
esm2_mean,peptide,4,1.0,rmse_log1p,0.9256599974920157
esm2_mean,peptide,4,1.0,auc_2h,0.7704948238290374
esm2_mean,peptide,4,1.0,auc_6h,0.7862879509220972
esm2_mean,peptide,4,1.0,macro_within_allele_spearman,0.1892744691034871
esm2_mean,peptide,4,1.0,pooled_minus_macro,0.34096842001765937
esm2_mean,peptide,4,1.0,macro_eligible_alleles,65.0
esm2_mean,peptide,4,1.0,macro_excluded_alleles,7.0
onehot_ridge,allele,0,0.1,pooled_spearman,0.08830091158387103
onehot_ridge,allele,0,0.1,pearson,0.1511360581632853
onehot_ridge,allele,0,0.1,rmse_log1p,1.227176994627254
onehot_ridge,allele,0,0.1,auc_2h,0.5850855626296558
onehot_ridge,allele,0,0.1,auc_6h,0.5911591446807339
onehot_ridge,allele,0,0.1,macro_within_allele_spearman,0.09925169404819673
onehot_ridge,allele,0,0.1,pooled_minus_macro,-0.010950782464325695
onehot_ridge,allele,0,0.1,macro_eligible_alleles,12.0
onehot_ridge,allele,0,0.1,macro_excluded_alleles,3.0
onehot_ridge,allele,0,0.25,pooled_spearman,0.08900064277029823
onehot_ridge,allele,0,0.25,pearson,0.15629701077295988
onehot_ridge,allele,0,0.25,rmse_log1p,1.2452647674941535
onehot_ridge,allele,0,0.25,auc_2h,0.5846682088978179
onehot_ridge,allele,0,0.25,auc_6h,0.5916995653250434
onehot_ridge,allele,0,0.25,macro_within_allele_spearman,0.12376774775557436
onehot_ridge,allele,0,0.25,pooled_minus_macro,-0.03476710498527613
onehot_ridge,allele,0,0.25,macro_eligible_alleles,12.0
onehot_ridge,allele,0,0.25,macro_excluded_alleles,3.0
onehot_ridge,allele,0,0.5,pooled_spearman,0.1089911274304468
onehot_ridge,allele,0,0.5,pearson,0.17044851557028784
onehot_ridge,allele,0,0.5,rmse_log1p,1.2389562185761542
onehot_ridge,allele,0,0.5,auc_2h,0.5946414798463155
onehot_ridge,allele,0,0.5,auc_6h,0.6006642204737407
onehot_ridge,allele,0,0.5,macro_within_allele_spearman,0.13613989428875353
onehot_ridge,allele,0,0.5,pooled_minus_macro,-0.027148766858306736
onehot_ridge,allele,0,0.5,macro_eligible_alleles,12.0
onehot_ridge,allele,0,0.5,macro_excluded_alleles,3.0
onehot_ridge,allele,0,1.0,pooled_spearman,0.11121463583982347
onehot_ridge,allele,0,1.0,pearson,0.1750960829413383
onehot_ridge,allele,0,1.0,rmse_log1p,1.2444411062634277
onehot_ridge,allele,0,1.0,auc_2h,0.5974467260236418
onehot_ridge,allele,0,1.0,auc_6h,0.6045489559547719
onehot_ridge,allele,0,1.0,macro_within_allele_spearman,0.14615935541806246
onehot_ridge,allele,0,1.0,pooled_minus_macro,-0.034944719578239
onehot_ridge,allele,0,1.0,macro_eligible_alleles,12.0
onehot_ridge,allele,0,1.0,macro_excluded_alleles,3.0
onehot_ridge,allele,1,0.1,pooled_spearman,0.14768756165630287
onehot_ridge,allele,1,0.1,pearson,0.17743648940917933
onehot_ridge,allele,1,0.1,rmse_log1p,1.1372284825763515
onehot_ridge,allele,1,0.1,auc_2h,0.5684794025467995
onehot_ridge,allele,1,0.1,auc_6h,0.5952465237128544
onehot_ridge,allele,1,0.1,macro_within_allele_spearman,0.10335780134516237
onehot_ridge,allele,1,0.1,pooled_minus_macro,0.0443297603111405
onehot_ridge,allele,1,0.1,macro_eligible_alleles,15.0
onehot_ridge,allele,1,0.1,macro_excluded_alleles,0.0
onehot_ridge,allele,1,0.25,pooled_spearman,0.1564659982710302
onehot_ridge,allele,1,0.25,pearson,0.1683654356849814
onehot_ridge,allele,1,0.25,rmse_log1p,1.1428397568346265
onehot_ridge,allele,1,0.25,auc_2h,0.5682251461162718
onehot_ridge,allele,1,0.25,auc_6h,0.5955707619765473
onehot_ridge,allele,1,0.25,macro_within_allele_spearman,0.14920516842177248
onehot_ridge,allele,1,0.25,pooled_minus_macro,0.007260829849257716
onehot_ridge,allele,1,0.25,macro_eligible_alleles,15.0
onehot_ridge,allele,1,0.25,macro_excluded_alleles,0.0
onehot_ridge,allele,1,0.5,pooled_spearman,0.17938456579326986
onehot_ridge,allele,1,0.5,pearson,0.18912599491222282
onehot_ridge,allele,1,0.5,rmse_log1p,1.1292621943456336
onehot_ridge,allele,1,0.5,auc_2h,0.5722117909478499
onehot_ridge,allele,1,0.5,auc_6h,0.6082500548424224
onehot_ridge,allele,1,0.5,macro_within_allele_spearman,0.16788326769838868
onehot_ridge,allele,1,0.5,pooled_minus_macro,0.01150129809488118
onehot_ridge,allele,1,0.5,macro_eligible_alleles,15.0
onehot_ridge,allele,1,0.5,macro_excluded_alleles,0.0
onehot_ridge,allele,1,1.0,pooled_spearman,0.18933945410091127
onehot_ridge,allele,1,1.0,pearson,0.194549874191096
onehot_ridge,allele,1,1.0,rmse_log1p,1.129357441248103
onehot_ridge,allele,1,1.0,auc_2h,0.5783660389078691
onehot_ridge,allele,1,1.0,auc_6h,0.6133923418304973
onehot_ridge,allele,1,1.0,macro_within_allele_spearman,0.17509541177516147
onehot_ridge,allele,1,1.0,pooled_minus_macro,0.0142440423257498
onehot_ridge,allele,1,1.0,macro_eligible_alleles,15.0
onehot_ridge,allele,1,1.0,macro_excluded_alleles,0.0
onehot_ridge,allele,2,0.1,pooled_spearman,0.24778789593407133
onehot_ridge,allele,2,0.1,pearson,0.2389647678681442
onehot_ridge,allele,2,0.1,rmse_log1p,0.9785973591815258
onehot_ridge,allele,2,0.1,auc_2h,0.6290232756006393
onehot_ridge,allele,2,0.1,auc_6h,0.6314130925045105
onehot_ridge,allele,2,0.1,macro_within_allele_spearman,0.16078199263066262
onehot_ridge,allele,2,0.1,pooled_minus_macro,0.08700590330340871
onehot_ridge,allele,2,0.1,macro_eligible_alleles,14.0
onehot_ridge,allele,2,0.1,macro_excluded_alleles,0.0
onehot_ridge,allele,2,0.25,pooled_spearman,0.24775304716028052
onehot_ridge,allele,2,0.25,pearson,0.25946898810998037
onehot_ridge,allele,2,0.25,rmse_log1p,0.9770913308675464
onehot_ridge,allele,2,0.25,auc_2h,0.6341719361313264
onehot_ridge,allele,2,0.25,auc_6h,0.6379957356076759
onehot_ridge,allele,2,0.25,macro_within_allele_spearman,0.17810124683348544
onehot_ridge,allele,2,0.25,pooled_minus_macro,0.06965180032679508
onehot_ridge,allele,2,0.25,macro_eligible_alleles,14.0
onehot_ridge,allele,2,0.25,macro_excluded_alleles,0.0
onehot_ridge,allele,2,0.5,pooled_spearman,0.2736199984082747
onehot_ridge,allele,2,0.5,pearson,0.28433028519290854
onehot_ridge,allele,2,0.5,rmse_log1p,0.9631039239302435
onehot_ridge,allele,2,0.5,auc_2h,0.644899342793476
onehot_ridge,allele,2,0.5,auc_6h,0.6537057159258651
onehot_ridge,allele,2,0.5,macro_within_allele_spearman,0.22163874120131838
onehot_ridge,allele,2,0.5,pooled_minus_macro,0.051981257206956344
onehot_ridge,allele,2,0.5,macro_eligible_alleles,14.0
onehot_ridge,allele,2,0.5,macro_excluded_alleles,0.0
onehot_ridge,allele,2,1.0,pooled_spearman,0.2722861495669374
onehot_ridge,allele,2,1.0,pearson,0.28374179325850607
onehot_ridge,allele,2,1.0,rmse_log1p,0.9634145200817658
onehot_ridge,allele,2,1.0,auc_2h,0.6472356144954512
onehot_ridge,allele,2,1.0,auc_6h,0.6540733147449566
onehot_ridge,allele,2,1.0,macro_within_allele_spearman,0.22327592350566003
onehot_ridge,allele,2,1.0,pooled_minus_macro,0.04901022606127739
onehot_ridge,allele,2,1.0,macro_eligible_alleles,14.0
onehot_ridge,allele,2,1.0,macro_excluded_alleles,0.0
onehot_ridge,allele,3,0.1,pooled_spearman,0.11845560197057302
onehot_ridge,allele,3,0.1,pearson,0.16785391394507007
onehot_ridge,allele,3,0.1,rmse_log1p,1.0825412566858965
onehot_ridge,allele,3,0.1,auc_2h,0.5770298184627269
onehot_ridge,allele,3,0.1,auc_6h,0.6089455802886085
onehot_ridge,allele,3,0.1,macro_within_allele_spearman,0.19606351594689453
onehot_ridge,allele,3,0.1,pooled_minus_macro,-0.07760791397632151
onehot_ridge,allele,3,0.1,macro_eligible_alleles,13.0
onehot_ridge,allele,3,0.1,macro_excluded_alleles,1.0
onehot_ridge,allele,3,0.25,pooled_spearman,0.13073975255479037
onehot_ridge,allele,3,0.25,pearson,0.18661793761338485
onehot_ridge,allele,3,0.25,rmse_log1p,1.0595070242081235
onehot_ridge,allele,3,0.25,auc_2h,0.5832468134414832
onehot_ridge,allele,3,0.25,auc_6h,0.6137044607959921
onehot_ridge,allele,3,0.25,macro_within_allele_spearman,0.24415831002043903
onehot_ridge,allele,3,0.25,pooled_minus_macro,-0.11341855746564866
onehot_ridge,allele,3,0.25,macro_eligible_alleles,13.0
onehot_ridge,allele,3,0.25,macro_excluded_alleles,1.0
onehot_ridge,allele,3,0.5,pooled_spearman,0.13350654370987008
onehot_ridge,allele,3,0.5,pearson,0.19570723343977472
onehot_ridge,allele,3,0.5,rmse_log1p,1.0661622882352932
onehot_ridge,allele,3,0.5,auc_2h,0.5865805330243337
onehot_ridge,allele,3,0.5,auc_6h,0.6164845119079508
onehot_ridge,allele,3,0.5,macro_within_allele_spearman,0.2613711172362164
onehot_ridge,allele,3,0.5,pooled_minus_macro,-0.12786457352634634
onehot_ridge,allele,3,0.5,macro_eligible_alleles,13.0
onehot_ridge,allele,3,0.5,macro_excluded_alleles,1.0
onehot_ridge,allele,3,1.0,pooled_spearman,0.12865389248619713
onehot_ridge,allele,3,1.0,pearson,0.1897814286392438
onehot_ridge,allele,3,1.0,rmse_log1p,1.066271377236622
onehot_ridge,allele,3,1.0,auc_2h,0.5850146774816531
onehot_ridge,allele,3,1.0,auc_6h,0.6154764270675306
onehot_ridge,allele,3,1.0,macro_within_allele_spearman,0.2659451937928543
onehot_ridge,allele,3,1.0,pooled_minus_macro,-0.13729130130665718
onehot_ridge,allele,3,1.0,macro_eligible_alleles,13.0
onehot_ridge,allele,3,1.0,macro_excluded_alleles,1.0
onehot_ridge,allele,4,0.1,pooled_spearman,0.2748306725887426
onehot_ridge,allele,4,0.1,pearson,0.29334246036882644
onehot_ridge,allele,4,0.1,rmse_log1p,1.083539019188486
onehot_ridge,allele,4,0.1,auc_2h,0.6177541811849316
onehot_ridge,allele,4,0.1,auc_6h,0.6503400183045848
onehot_ridge,allele,4,0.1,macro_within_allele_spearman,0.23578251292895389
onehot_ridge,allele,4,0.1,pooled_minus_macro,0.03904815965978872
onehot_ridge,allele,4,0.1,macro_eligible_alleles,14.0
onehot_ridge,allele,4,0.1,macro_excluded_alleles,0.0
onehot_ridge,allele,4,0.25,pooled_spearman,0.28774172265133724
onehot_ridge,allele,4,0.25,pearson,0.31146991604160634
onehot_ridge,allele,4,0.25,rmse_log1p,1.0724072136046512
onehot_ridge,allele,4,0.25,auc_2h,0.6287745604219587
onehot_ridge,allele,4,0.25,auc_6h,0.6564117066709069
onehot_ridge,allele,4,0.25,macro_within_allele_spearman,0.29454047555658297
onehot_ridge,allele,4,0.25,pooled_minus_macro,-0.006798752905245731
onehot_ridge,allele,4,0.25,macro_eligible_alleles,14.0
onehot_ridge,allele,4,0.25,macro_excluded_alleles,0.0
onehot_ridge,allele,4,0.5,pooled_spearman,0.3229294761044518
onehot_ridge,allele,4,0.5,pearson,0.3475061232182091
onehot_ridge,allele,4,0.5,rmse_log1p,1.0613083753622516
onehot_ridge,allele,4,0.5,auc_2h,0.6472668513654538
onehot_ridge,allele,4,0.5,auc_6h,0.677716531218582
onehot_ridge,allele,4,0.5,macro_within_allele_spearman,0.31603010893206124
onehot_ridge,allele,4,0.5,pooled_minus_macro,0.006899367172390536
onehot_ridge,allele,4,0.5,macro_eligible_alleles,14.0
onehot_ridge,allele,4,0.5,macro_excluded_alleles,0.0
onehot_ridge,allele,4,1.0,pooled_spearman,0.34931854685090524
onehot_ridge,allele,4,1.0,pearson,0.3691753274656122
onehot_ridge,allele,4,1.0,rmse_log1p,1.0552277596432211
onehot_ridge,allele,4,1.0,auc_2h,0.6596371054023642
onehot_ridge,allele,4,1.0,auc_6h,0.6882814192188124
onehot_ridge,allele,4,1.0,macro_within_allele_spearman,0.3301907770331775
onehot_ridge,allele,4,1.0,pooled_minus_macro,0.019127769817727736
onehot_ridge,allele,4,1.0,macro_eligible_alleles,14.0
onehot_ridge,allele,4,1.0,macro_excluded_alleles,0.0
onehot_ridge,allele_strict,0,1.0,pooled_spearman,0.0805985545709743
onehot_ridge,allele_strict,0,1.0,pearson,0.11141173209355866
onehot_ridge,allele_strict,0,1.0,rmse_log1p,1.2242944758901635
onehot_ridge,allele_strict,0,1.0,auc_2h,0.5723860665229115
onehot_ridge,allele_strict,0,1.0,auc_6h,0.5746806996065916
onehot_ridge,allele_strict,0,1.0,macro_within_allele_spearman,0.08275633973091633
onehot_ridge,allele_strict,0,1.0,pooled_minus_macro,-0.0021577851599420272
onehot_ridge,allele_strict,0,1.0,macro_eligible_alleles,12.0
onehot_ridge,allele_strict,0,1.0,macro_excluded_alleles,3.0
onehot_ridge,locus,0,1.0,pooled_spearman,0.13293592407189805
onehot_ridge,locus,0,1.0,pearson,0.13037359065553256
onehot_ridge,locus,0,1.0,rmse_log1p,1.396047538329326
onehot_ridge,locus,0,1.0,auc_2h,0.5683178177928653
onehot_ridge,locus,0,1.0,auc_6h,0.5740822260042615
onehot_ridge,locus,0,1.0,macro_within_allele_spearman,0.09835969135255866
onehot_ridge,locus,0,1.0,pooled_minus_macro,0.03457623271933939
onehot_ridge,locus,0,1.0,macro_eligible_alleles,34.0
onehot_ridge,locus,0,1.0,macro_excluded_alleles,2.0
onehot_ridge,locus,1,1.0,pooled_spearman,0.04381686216901143
onehot_ridge,locus,1,1.0,pearson,0.038230326197018924
onehot_ridge,locus,1,1.0,rmse_log1p,1.2230649885117497
onehot_ridge,locus,1,1.0,auc_2h,0.5291405299097753
onehot_ridge,locus,1,1.0,auc_6h,0.5176296373201437
onehot_ridge,locus,1,1.0,macro_within_allele_spearman,0.044322127197457345
onehot_ridge,locus,1,1.0,pooled_minus_macro,-0.000505265028445917
onehot_ridge,locus,1,1.0,macro_eligible_alleles,34.0
onehot_ridge,locus,1,1.0,macro_excluded_alleles,2.0
onehot_ridge,peptide,0,0.1,pooled_spearman,0.526301457463228
onehot_ridge,peptide,0,0.1,pearson,0.5320613819660704
onehot_ridge,peptide,0,0.1,rmse_log1p,0.9361439897734204
onehot_ridge,peptide,0,0.1,auc_2h,0.7831803952609468
onehot_ridge,peptide,0,0.1,auc_6h,0.8005204894533828
onehot_ridge,peptide,0,0.1,macro_within_allele_spearman,0.22911421412101915
onehot_ridge,peptide,0,0.1,pooled_minus_macro,0.2971872433422088
onehot_ridge,peptide,0,0.1,macro_eligible_alleles,65.0
onehot_ridge,peptide,0,0.1,macro_excluded_alleles,7.0
onehot_ridge,peptide,0,0.25,pooled_spearman,0.5469269211554579
onehot_ridge,peptide,0,0.25,pearson,0.5538411829305834
onehot_ridge,peptide,0,0.25,rmse_log1p,0.9201066363041951
onehot_ridge,peptide,0,0.25,auc_2h,0.7911304414318895
onehot_ridge,peptide,0,0.25,auc_6h,0.8065253573455653
onehot_ridge,peptide,0,0.25,macro_within_allele_spearman,0.2489613692335709
onehot_ridge,peptide,0,0.25,pooled_minus_macro,0.297965551921887
onehot_ridge,peptide,0,0.25,macro_eligible_alleles,65.0
onehot_ridge,peptide,0,0.25,macro_excluded_alleles,7.0
onehot_ridge,peptide,0,0.5,pooled_spearman,0.5661486014939918
onehot_ridge,peptide,0,0.5,pearson,0.5693914798827537
onehot_ridge,peptide,0,0.5,rmse_log1p,0.9079055252364295
onehot_ridge,peptide,0,0.5,auc_2h,0.7994825612918223
onehot_ridge,peptide,0,0.5,auc_6h,0.8132113790237573
onehot_ridge,peptide,0,0.5,macro_within_allele_spearman,0.27261467688579394
onehot_ridge,peptide,0,0.5,pooled_minus_macro,0.2935339246081979
onehot_ridge,peptide,0,0.5,macro_eligible_alleles,65.0
onehot_ridge,peptide,0,0.5,macro_excluded_alleles,7.0
onehot_ridge,peptide,0,1.0,pooled_spearman,0.5725303304496834
onehot_ridge,peptide,0,1.0,pearson,0.5765172324571355
onehot_ridge,peptide,0,1.0,rmse_log1p,0.9024631203990795
onehot_ridge,peptide,0,1.0,auc_2h,0.8007174573815742
onehot_ridge,peptide,0,1.0,auc_6h,0.8154832490646464
onehot_ridge,peptide,0,1.0,macro_within_allele_spearman,0.2833798757540371
onehot_ridge,peptide,0,1.0,pooled_minus_macro,0.28915045469564626
onehot_ridge,peptide,0,1.0,macro_eligible_alleles,65.0
onehot_ridge,peptide,0,1.0,macro_excluded_alleles,7.0
onehot_ridge,peptide,1,0.1,pooled_spearman,0.5187997030573119
onehot_ridge,peptide,1,0.1,pearson,0.5062224780759879
onehot_ridge,peptide,1,0.1,rmse_log1p,0.9699832357732663
onehot_ridge,peptide,1,0.1,auc_2h,0.7685512732320469
onehot_ridge,peptide,1,0.1,auc_6h,0.7812485393529026
onehot_ridge,peptide,1,0.1,macro_within_allele_spearman,0.20266040390723158
onehot_ridge,peptide,1,0.1,pooled_minus_macro,0.3161392991500803
onehot_ridge,peptide,1,0.1,macro_eligible_alleles,65.0
onehot_ridge,peptide,1,0.1,macro_excluded_alleles,7.0
onehot_ridge,peptide,1,0.25,pooled_spearman,0.5342281304721127
onehot_ridge,peptide,1,0.25,pearson,0.5262109295146298
onehot_ridge,peptide,1,0.25,rmse_log1p,0.952307273920057
onehot_ridge,peptide,1,0.25,auc_2h,0.7782151636413845
onehot_ridge,peptide,1,0.25,auc_6h,0.7930901786683334
onehot_ridge,peptide,1,0.25,macro_within_allele_spearman,0.2317361669454868
onehot_ridge,peptide,1,0.25,pooled_minus_macro,0.3024919635266259
onehot_ridge,peptide,1,0.25,macro_eligible_alleles,65.0
onehot_ridge,peptide,1,0.25,macro_excluded_alleles,7.0
onehot_ridge,peptide,1,0.5,pooled_spearman,0.5478690192784988
onehot_ridge,peptide,1,0.5,pearson,0.5424476217377436
onehot_ridge,peptide,1,0.5,rmse_log1p,0.9402693490938104
onehot_ridge,peptide,1,0.5,auc_2h,0.783961304372482
onehot_ridge,peptide,1,0.5,auc_6h,0.8015190531758726
onehot_ridge,peptide,1,0.5,macro_within_allele_spearman,0.2669578048831094
onehot_ridge,peptide,1,0.5,pooled_minus_macro,0.28091121439538946
onehot_ridge,peptide,1,0.5,macro_eligible_alleles,65.0
onehot_ridge,peptide,1,0.5,macro_excluded_alleles,7.0
onehot_ridge,peptide,1,1.0,pooled_spearman,0.5530920275707271
onehot_ridge,peptide,1,1.0,pearson,0.5503314225104787
onehot_ridge,peptide,1,1.0,rmse_log1p,0.9341572247949673
onehot_ridge,peptide,1,1.0,auc_2h,0.7869355025617507
onehot_ridge,peptide,1,1.0,auc_6h,0.8049415226221062
onehot_ridge,peptide,1,1.0,macro_within_allele_spearman,0.2730534769801835
onehot_ridge,peptide,1,1.0,pooled_minus_macro,0.28003855059054356
onehot_ridge,peptide,1,1.0,macro_eligible_alleles,65.0
onehot_ridge,peptide,1,1.0,macro_excluded_alleles,7.0
onehot_ridge,peptide,2,0.1,pooled_spearman,0.5132358117622526
onehot_ridge,peptide,2,0.1,pearson,0.5258176776764771
onehot_ridge,peptide,2,0.1,rmse_log1p,0.9139359239556758
onehot_ridge,peptide,2,0.1,auc_2h,0.7639602729815853
onehot_ridge,peptide,2,0.1,auc_6h,0.7899392157956182
onehot_ridge,peptide,2,0.1,macro_within_allele_spearman,0.2120294117782455
onehot_ridge,peptide,2,0.1,pooled_minus_macro,0.3012063999840071
onehot_ridge,peptide,2,0.1,macro_eligible_alleles,65.0
onehot_ridge,peptide,2,0.1,macro_excluded_alleles,7.0
onehot_ridge,peptide,2,0.25,pooled_spearman,0.5434500049322548
onehot_ridge,peptide,2,0.25,pearson,0.5451329889993719
onehot_ridge,peptide,2,0.25,rmse_log1p,0.8969371777412957
onehot_ridge,peptide,2,0.25,auc_2h,0.7748948903246211
onehot_ridge,peptide,2,0.25,auc_6h,0.796532476106357
onehot_ridge,peptide,2,0.25,macro_within_allele_spearman,0.23052842868411003
onehot_ridge,peptide,2,0.25,pooled_minus_macro,0.31292157624814476
onehot_ridge,peptide,2,0.25,macro_eligible_alleles,65.0
onehot_ridge,peptide,2,0.25,macro_excluded_alleles,7.0
onehot_ridge,peptide,2,0.5,pooled_spearman,0.5520393003440432
onehot_ridge,peptide,2,0.5,pearson,0.5553590478811968
onehot_ridge,peptide,2,0.5,rmse_log1p,0.8904363028999789
onehot_ridge,peptide,2,0.5,auc_2h,0.7794860264373669
onehot_ridge,peptide,2,0.5,auc_6h,0.8024032156804899
onehot_ridge,peptide,2,0.5,macro_within_allele_spearman,0.24654591488847255
onehot_ridge,peptide,2,0.5,pooled_minus_macro,0.3054933854555707
onehot_ridge,peptide,2,0.5,macro_eligible_alleles,65.0
onehot_ridge,peptide,2,0.5,macro_excluded_alleles,7.0
onehot_ridge,peptide,2,1.0,pooled_spearman,0.5531349707117088
onehot_ridge,peptide,2,1.0,pearson,0.558677258744751
onehot_ridge,peptide,2,1.0,rmse_log1p,0.8881465727788863
onehot_ridge,peptide,2,1.0,auc_2h,0.780394242572164
onehot_ridge,peptide,2,1.0,auc_6h,0.8042520160963912
onehot_ridge,peptide,2,1.0,macro_within_allele_spearman,0.24516978821704113
onehot_ridge,peptide,2,1.0,pooled_minus_macro,0.30796518249466764
onehot_ridge,peptide,2,1.0,macro_eligible_alleles,65.0
onehot_ridge,peptide,2,1.0,macro_excluded_alleles,7.0
onehot_ridge,peptide,3,0.1,pooled_spearman,0.5147750684761255
onehot_ridge,peptide,3,0.1,pearson,0.5203399019845406
onehot_ridge,peptide,3,0.1,rmse_log1p,0.95132937129545
onehot_ridge,peptide,3,0.1,auc_2h,0.7642533379489147
onehot_ridge,peptide,3,0.1,auc_6h,0.7949605062092417
onehot_ridge,peptide,3,0.1,macro_within_allele_spearman,0.1845757881065947
onehot_ridge,peptide,3,0.1,pooled_minus_macro,0.33019928036953083
onehot_ridge,peptide,3,0.1,macro_eligible_alleles,65.0
onehot_ridge,peptide,3,0.1,macro_excluded_alleles,7.0
onehot_ridge,peptide,3,0.25,pooled_spearman,0.5282238524595251
onehot_ridge,peptide,3,0.25,pearson,0.5314136323035732
onehot_ridge,peptide,3,0.25,rmse_log1p,0.9418761152147674
onehot_ridge,peptide,3,0.25,auc_2h,0.7695243525183431
onehot_ridge,peptide,3,0.25,auc_6h,0.799801788007457
onehot_ridge,peptide,3,0.25,macro_within_allele_spearman,0.196834369726718
onehot_ridge,peptide,3,0.25,pooled_minus_macro,0.3313894827328071
onehot_ridge,peptide,3,0.25,macro_eligible_alleles,65.0
onehot_ridge,peptide,3,0.25,macro_excluded_alleles,7.0
onehot_ridge,peptide,3,0.5,pooled_spearman,0.5436814280718177
onehot_ridge,peptide,3,0.5,pearson,0.5459857024948311
onehot_ridge,peptide,3,0.5,rmse_log1p,0.9304854341499573
onehot_ridge,peptide,3,0.5,auc_2h,0.778414896905403
onehot_ridge,peptide,3,0.5,auc_6h,0.8053774824753883
onehot_ridge,peptide,3,0.5,macro_within_allele_spearman,0.22085648905113078
onehot_ridge,peptide,3,0.5,pooled_minus_macro,0.322824939020687
onehot_ridge,peptide,3,0.5,macro_eligible_alleles,65.0
onehot_ridge,peptide,3,0.5,macro_excluded_alleles,7.0
onehot_ridge,peptide,3,1.0,pooled_spearman,0.5490540130289735
onehot_ridge,peptide,3,1.0,pearson,0.5509641653078536
onehot_ridge,peptide,3,1.0,rmse_log1p,0.9249283087372326
onehot_ridge,peptide,3,1.0,auc_2h,0.7813444393747051
onehot_ridge,peptide,3,1.0,auc_6h,0.8073075042814405
onehot_ridge,peptide,3,1.0,macro_within_allele_spearman,0.2281785906449685
onehot_ridge,peptide,3,1.0,pooled_minus_macro,0.320875422384005
onehot_ridge,peptide,3,1.0,macro_eligible_alleles,65.0
onehot_ridge,peptide,3,1.0,macro_excluded_alleles,7.0
onehot_ridge,peptide,4,0.1,pooled_spearman,0.526813698993011
onehot_ridge,peptide,4,0.1,pearson,0.5238242171124303
onehot_ridge,peptide,4,0.1,rmse_log1p,0.9287605753775507
onehot_ridge,peptide,4,0.1,auc_2h,0.7719725205408873
onehot_ridge,peptide,4,0.1,auc_6h,0.7915809379224013
onehot_ridge,peptide,4,0.1,macro_within_allele_spearman,0.20350738167560883
onehot_ridge,peptide,4,0.1,pooled_minus_macro,0.32330631731740217
onehot_ridge,peptide,4,0.1,macro_eligible_alleles,65.0
onehot_ridge,peptide,4,0.1,macro_excluded_alleles,7.0
onehot_ridge,peptide,4,0.25,pooled_spearman,0.547787107710053
onehot_ridge,peptide,4,0.25,pearson,0.5450976006236677
onehot_ridge,peptide,4,0.25,rmse_log1p,0.9134638691780623
onehot_ridge,peptide,4,0.25,auc_2h,0.7828426347527065
onehot_ridge,peptide,4,0.25,auc_6h,0.8033867200533866
onehot_ridge,peptide,4,0.25,macro_within_allele_spearman,0.22929338821128303
onehot_ridge,peptide,4,0.25,pooled_minus_macro,0.31849371949877
onehot_ridge,peptide,4,0.25,macro_eligible_alleles,65.0
onehot_ridge,peptide,4,0.25,macro_excluded_alleles,7.0
onehot_ridge,peptide,4,0.5,pooled_spearman,0.5582758941457927
onehot_ridge,peptide,4,0.5,pearson,0.5569066320341272
onehot_ridge,peptide,4,0.5,rmse_log1p,0.9045351929104158
onehot_ridge,peptide,4,0.5,auc_2h,0.7872832022537061
onehot_ridge,peptide,4,0.5,auc_6h,0.806629985491774
onehot_ridge,peptide,4,0.5,macro_within_allele_spearman,0.24930143219411868
onehot_ridge,peptide,4,0.5,pooled_minus_macro,0.308974461951674
onehot_ridge,peptide,4,0.5,macro_eligible_alleles,65.0
onehot_ridge,peptide,4,0.5,macro_excluded_alleles,7.0
onehot_ridge,peptide,4,1.0,pooled_spearman,0.565243997488525
onehot_ridge,peptide,4,1.0,pearson,0.5643024437256428
onehot_ridge,peptide,4,1.0,rmse_log1p,0.8989821300077806
onehot_ridge,peptide,4,1.0,auc_2h,0.7912804889576242
onehot_ridge,peptide,4,1.0,auc_6h,0.8095732465651165
onehot_ridge,peptide,4,1.0,macro_within_allele_spearman,0.2600546893009147
onehot_ridge,peptide,4,1.0,pooled_minus_macro,0.30518930818761036
onehot_ridge,peptide,4,1.0,macro_eligible_alleles,65.0
onehot_ridge,peptide,4,1.0,macro_excluded_alleles,7.0
