row_index,role
0,fit
1,fit
2,test
3,fit
4,test
5,fit
6,fit
7,fit
8,fit
9,fit
10,fit
11,fit
12,fit
13,fit
14,fit
15,test
16,fit
17,test
18,test
19,fit
20,fit
21,fit
22,fit
23,fit
24,fit
25,fit
26,test
27,calibration
28,fit
29,test
30,fit
31,fit
32,calibration
33,fit
34,fit
35,fit
36,fit
37,fit
38,fit
39,fit
40,fit
41,test
42,fit
43,fit
44,fit
45,fit
46,fit
47,fit
48,fit
49,calibration
50,calibration
51,fit
52,test
53,test
54,calibration
55,fit
56,test
57,fit
58,fit
59,fit
60,fit
61,test
62,fit
63,test
64,fit
65,fit
66,fit
67,test
68,fit
69,calibration
70,test
71,fit
72,fit
73,fit
74,fit
75,test
76,calibration
77,test
78,test
79,test
80,calibration
81,fit
82,fit
83,calibration
84,fit
85,calibration
86,fit
87,fit
88,fit
89,fit
90,fit
91,test
92,fit
93,test
94,calibration
95,fit
96,test
97,test
98,fit
99,fit
100,fit
101,calibration
102,fit
103,calibration
104,fit
105,fit
106,fit
107,test
108,fit
109,fit
110,calibration
111,fit
112,fit
113,fit
114,fit
115,calibration
116,fit
117,calibration
118,fit
119,calibration
120,fit
121,fit
122,fit
123,fit
124,calibration
125,calibration
126,fit
127,calibration
128,fit
129,fit
130,calibration
131,test
132,calibration
133,fit
134,fit
135,fit
136,test
137,test
138,fit
139,fit
140,fit
141,test
142,fit
143,fit
144,calibration
145,fit
146,test
147,fit
148,fit
149,fit
150,fit
151,calibration
152,test
153,fit
154,calibration
155,fit
156,fit
157,calibration
158,fit
159,fit
160,fit
161,fit
162,fit
163,fit
164,fit
165,fit
166,fit
167,calibration
168,fit
169,calibration
170,fit
171,test
172,test
173,fit
174,calibration
175,fit
176,fit
177,test
178,fit
179,fit
180,fit
181,calibration
182,fit
183,fit
184,test
185,fit
186,fit
187,calibration
188,calibration
189,fit
190,test
191,calibration
192,fit
193,fit
194,calibration
195,fit
196,fit
197,test
198,fit
199,fit
200,fit
201,fit
202,fit
203,fit
204,fit
205,calibration
206,fit
207,calibration
208,fit
209,test
210,fit
211,fit
212,fit
213,fit
214,fit
215,test
216,fit
217,fit
218,fit
219,test
220,calibration
221,fit
222,calibration
223,fit
224,fit
225,calibration
226,fit
227,fit
228,fit
229,test
230,calibration
231,fit
232,fit
233,fit
234,fit
235,test
236,fit
237,fit
238,calibration
239,test
240,fit
241,test
242,calibration
243,fit
244,fit
245,fit
246,test
247,fit
248,test
249,fit
250,calibration
251,fit
252,fit
253,fit
254,fit
255,fit
256,calibration
257,fit
258,calibration
259,fit
260,fit
261,calibration
262,fit
263,fit
264,calibration
265,calibration
266,test
267,fit
268,fit
269,test
270,calibration
271,calibration
272,test
273,fit
274,fit
275,fit
276,fit
277,test
278,fit
279,fit
280,fit
281,fit
282,test
283,fit
284,fit
285,test
286,calibration
287,calibration
288,fit
289,calibration
290,fit
291,test
292,calibration
293,calibration
294,calibration
295,test
296,fit
297,test
298,test
299,fit
300,calibration
301,fit
302,fit
303,calibration
304,test
305,fit
306,fit
307,fit
308,fit
309,fit
310,calibration
311,fit
312,calibration
313,test
314,calibration
315,fit
316,fit
317,fit
318,calibration
319,fit
320,test
321,test
322,test
323,fit
324,calibration
325,fit
326,fit
327,fit
328,fit
329,test
330,calibration
331,fit
332,fit
333,fit
334,calibration
335,test
336,calibration
337,fit
338,calibration
339,calibration
340,fit
341,test
342,calibration
343,calibration
344,fit
345,calibration
346,test
347,calibration
348,test
349,fit
350,fit
351,fit
352,test
353,fit
354,test
355,fit
356,fit
357,fit
358,fit
359,calibration
360,test
361,fit
362,fit
363,fit
364,fit
365,test
366,calibration
367,fit
368,fit
369,calibration
370,fit
371,fit
372,fit
373,test
374,fit
375,fit
376,calibration
377,fit
378,fit
379,test
380,calibration
381,calibration
382,calibration
383,fit
384,fit
385,fit
386,fit
387,fit
388,fit
389,fit
390,calibration
391,fit
392,fit
393,calibration
394,fit
395,fit
396,fit
397,calibration
398,fit
399,test
400,test
401,fit
402,test
403,fit
404,test
405,fit
406,fit
407,test
408,fit
409,fit
410,fit
411,fit
412,fit
413,fit
414,calibration
415,calibration
416,test
417,fit
418,fit
419,fit
420,test
421,fit
422,fit
423,calibration
424,fit
425,calibration
426,test
427,calibration
428,fit
429,fit
430,fit
431,calibration
432,fit
433,test
434,fit
435,test
436,fit
437,fit
438,fit
439,fit
440,fit
441,test
442,fit
443,fit
444,fit
445,calibration
446,test
447,fit
448,fit
449,fit
450,fit
451,fit
452,calibration
453,test
454,fit
455,fit
456,fit
457,fit
458,test
459,fit
460,fit
461,fit
462,test
463,calibration
464,fit
465,fit
466,test
467,fit
468,calibration
469,calibration
470,test
471,fit
472,test
473,fit
474,test
475,test
476,fit
477,calibration
478,calibration
479,test
480,calibration
481,fit
482,fit
483,test
484,fit
485,calibration
486,fit
487,fit
488,fit
489,fit
490,fit
491,fit
492,fit
493,fit
494,fit
495,test
496,fit
497,test
498,fit
499,test
500,test
501,fit
502,calibration
503,fit
504,test
505,test
506,fit
507,fit
508,fit
509,fit
510,fit
511,fit
512,fit
513,fit
514,test
515,fit
516,fit
517,test
518,fit
519,test
520,test
521,fit
522,fit
523,fit
524,test
525,test
526,test
527,calibration
528,calibration
529,fit
530,fit
531,fit
532,fit
533,fit
534,fit
535,fit
536,fit
537,fit
538,fit
539,fit
540,test
541,calibration
542,fit
543,fit
544,fit
545,calibration
546,fit
547,test
548,test
549,fit
550,calibration
551,test
552,fit
553,fit
554,fit
555,test
556,fit
557,fit
558,fit
559,fit
560,fit
561,fit
562,calibration
563,fit
564,test
565,test
566,fit
567,fit
568,fit
569,fit
570,fit
571,fit
572,fit
573,fit
574,fit
575,calibration
576,fit
577,fit
578,calibration
579,calibration
580,fit
581,test
582,fit
583,fit
584,test
585,fit
586,fit
587,test
588,calibration
589,fit
590,calibration
591,test
592,fit
593,fit
594,test
595,test
596,fit
597,fit
598,fit
599,fit
600,fit
601,test
602,fit
603,calibration
604,fit
605,calibration
606,test
607,fit
608,fit
609,calibration
610,fit
611,fit
612,fit
613,fit
614,fit
615,fit
616,calibration
617,fit
618,fit
619,calibration
620,fit
621,calibration
622,test
623,fit
624,fit
625,calibration
626,test
627,fit
628,fit
629,test
630,fit
631,test
632,fit
633,fit
634,calibration
635,fit
636,fit
637,fit
638,fit
639,fit
640,calibration
641,test
642,fit
643,fit
644,fit
645,calibration
646,test
647,fit
648,fit
649,test
650,fit
651,calibration
652,test
653,fit
654,fit
655,test
656,test
657,fit
658,fit
659,fit
660,fit
661,fit
662,fit
663,calibration
664,test
665,fit
666,fit
667,calibration
668,fit
669,test
670,calibration
671,test
672,fit
673,fit
674,calibration
675,fit
676,fit
677,fit
678,fit
679,fit
680,fit
681,fit
682,fit
683,fit
684,test
685,fit
686,fit
687,calibration
688,test
689,test
690,fit
691,fit
692,test
693,fit
694,fit
695,calibration
696,test
697,fit
698,calibration
699,fit
700,fit
701,test
702,test
703,fit
704,fit
705,fit
706,fit
707,calibration
708,test
709,fit
710,calibration
711,calibration
712,test
713,fit
714,fit
715,test
716,fit
717,fit
718,calibration
719,test
720,fit
721,test
722,fit
723,fit
724,fit
725,fit
726,fit
727,fit
728,fit
729,fit
730,calibration
731,fit
732,test
733,fit
734,test
735,test
736,fit
737,fit
738,test
739,fit
740,fit
741,test
742,fit
743,calibration
744,fit
745,fit
746,fit
747,fit
748,fit
749,fit
750,test
751,fit
752,fit
753,test
754,calibration
755,calibration
756,calibration
757,fit
758,fit
759,calibration
760,fit
761,fit
762,fit
763,calibration
764,fit
765,calibration
766,fit
767,fit
768,fit
769,fit
770,calibration
771,test
772,fit
773,fit
774,test
775,test
776,test
777,calibration
778,fit
779,fit
780,fit
781,test
782,fit
783,fit
784,fit
785,fit
786,calibration
787,fit
788,fit
789,fit
790,fit
791,fit
792,fit
793,fit
794,fit
795,test
796,test
797,fit
798,fit
799,test
800,calibration
801,fit
802,fit
803,fit
804,fit
805,fit
806,fit
807,fit
808,fit
809,fit
810,calibration
811,fit
812,fit
813,fit
814,calibration
815,fit
816,test
817,fit
818,fit
819,test
820,calibration
821,fit
822,fit
823,fit
824,fit
825,calibration
826,fit
827,fit
828,fit
829,calibration
830,fit
831,fit
832,calibration
833,fit
834,fit
835,calibration
836,calibration
837,test
838,fit
839,fit
840,calibration
841,test
842,fit
843,calibration
844,fit
845,fit
846,fit
847,fit
848,calibration
849,fit
850,test
851,fit
852,fit
853,fit
854,fit
855,fit
856,test
857,fit
858,test
859,fit
860,test
861,calibration
862,fit
863,fit
864,fit
865,test
866,fit
867,fit
868,calibration
869,fit
870,fit
871,fit
872,calibration
873,fit
874,calibration
875,calibration
876,fit
877,calibration
878,fit
879,fit
880,test
881,test
882,test
883,calibration
884,fit
885,fit
886,calibration
887,calibration
888,fit
889,test
890,fit
891,fit
892,calibration
893,fit
894,calibration
895,fit
896,fit
897,calibration
898,fit
899,fit
900,fit
901,fit
902,test
903,fit
904,fit
905,calibration
906,test
907,calibration
908,test
909,calibration
910,fit
911,calibration
912,calibration
913,fit
914,fit
915,fit
916,fit
917,fit
918,fit
919,calibration
920,fit
921,fit
922,fit
923,fit
924,fit
925,fit
926,fit
927,fit
928,calibration
929,fit
930,test
931,calibration
932,calibration
933,fit
934,fit
935,fit
936,fit
937,fit
938,fit
939,fit
940,fit
941,fit
942,test
943,calibration
944,fit
945,fit
946,fit
947,fit
948,fit
949,fit
950,fit
951,fit
952,fit
953,test
954,calibration
955,fit
956,fit
957,test
958,fit
959,calibration
960,calibration
961,test
962,fit
963,calibration
964,fit
965,fit
966,fit
967,calibration
968,calibration
969,calibration
970,fit
971,fit
972,calibration
973,test
974,test
975,fit
976,fit
977,fit
978,calibration
979,calibration
980,fit
981,test
982,fit
983,test
984,fit
985,calibration
986,fit
987,fit
988,fit
989,calibration
990,calibration
991,fit
992,fit
993,fit
994,test
995,test
996,calibration
997,fit
998,fit
999,fit
1000,fit
1001,calibration
1002,test
1003,calibration
1004,calibration
1005,fit
1006,fit
1007,calibration
1008,fit
1009,fit
1010,calibration
1011,test
1012,fit
1013,fit
1014,test
1015,fit
1016,fit
1017,fit
1018,test
1019,test
1020,fit
1021,calibration
1022,calibration
1023,fit
1024,test
1025,fit
1026,fit
1027,fit
1028,calibration
1029,fit
1030,test
1031,calibration
1032,calibration
1033,fit
1034,test
1035,fit
1036,test
1037,test
1038,calibration
1039,fit
1040,fit
1041,fit
1042,calibration
1043,fit
1044,calibration
1045,fit
1046,fit
1047,test
1048,fit
1049,fit
1050,fit
1051,fit
1052,fit
1053,fit
1054,test
1055,calibration
1056,test
1057,fit
1058,fit
1059,fit
1060,test
1061,fit
1062,fit
1063,test
1064,fit
1065,fit
1066,calibration
1067,fit
1068,test
1069,fit
1070,fit
1071,test
1072,calibration
1073,test
1074,calibration
1075,fit
1076,test
1077,fit
1078,fit
1079,test
1080,calibration
1081,fit
1082,fit
1083,fit
1084,fit
1085,test
1086,test
1087,fit
1088,fit
1089,calibration
1090,fit
1091,fit
1092,fit
1093,calibration
1094,fit
1095,fit
1096,calibration
1097,fit
1098,fit
1099,calibration
1100,test
1101,calibration
1102,fit
1103,fit
1104,fit
1105,fit
1106,calibration
1107,calibration
1108,test
1109,fit
1110,test
1111,test
1112,fit
1113,calibration
1114,calibration
1115,fit
1116,calibration
1117,test
1118,calibration
1119,fit
1120,calibration
1121,fit
1122,fit
1123,fit
1124,calibration
1125,fit
1126,fit
1127,fit
1128,fit
1129,fit
1130,fit
1131,fit
1132,test
1133,fit
1134,test
1135,fit
1136,fit
1137,fit
1138,fit
1139,fit
1140,fit
1141,calibration
1142,fit
1143,fit
1144,calibration
1145,fit
1146,fit
1147,test
1148,calibration
1149,fit
1150,calibration
1151,fit
1152,test
1153,fit
1154,test
1155,fit
1156,fit
1157,fit
1158,fit
1159,calibration
1160,fit
1161,fit
1162,fit
1163,fit
1164,fit
1165,fit
1166,calibration
1167,fit
1168,fit
1169,test
1170,test
1171,fit
1172,calibration
1173,fit
1174,fit
1175,test
1176,fit
1177,fit
1178,fit
1179,fit
1180,fit
1181,fit
1182,fit
1183,calibration
1184,calibration
1185,fit
1186,fit
1187,test
1188,fit
1189,fit
1190,test
1191,fit
1192,test
1193,fit
1194,fit
1195,calibration
1196,calibration
1197,fit
1198,fit
1199,fit
1200,test
1201,fit
1202,fit
1203,fit
1204,calibration
1205,fit
1206,fit
1207,calibration
1208,calibration
1209,fit
1210,calibration
1211,fit
1212,fit
1213,fit
1214,fit
1215,fit
1216,fit
1217,test
1218,fit
1219,calibration
1220,fit
1221,fit
1222,calibration
1223,fit
1224,fit
1225,fit
1226,test
1227,test
1228,fit
1229,fit
1230,fit
1231,calibration
1232,fit
1233,test
1234,fit
1235,fit
1236,fit
1237,fit
1238,calibration
1239,fit
1240,test
1241,fit
1242,fit
1243,fit
1244,test
1245,fit
1246,calibration
1247,fit
1248,test
1249,calibration
1250,calibration
1251,test
1252,fit
1253,fit
1254,calibration
1255,fit
1256,calibration
1257,calibration
1258,fit
1259,fit
1260,fit
1261,fit
1262,test
1263,fit
1264,fit
1265,fit
1266,fit
1267,test
1268,calibration
1269,fit
1270,fit
1271,test
1272,test
1273,calibration
1274,test
1275,fit
1276,calibration
1277,fit
1278,fit
1279,fit
1280,fit
1281,calibration
1282,calibration
1283,fit
1284,test
1285,fit
1286,fit
1287,fit
1288,calibration
1289,fit
1290,fit
1291,fit
1292,test
1293,calibration
1294,fit
1295,fit
1296,fit
1297,calibration
1298,calibration
1299,fit
1300,fit
1301,fit
1302,calibration
1303,fit
1304,fit
1305,calibration
1306,fit
1307,fit
1308,fit
1309,calibration
1310,test
1311,fit
1312,test
1313,calibration
1314,calibration
1315,calibration
1316,test
1317,fit
1318,fit
1319,test
1320,test
1321,test
1322,fit
1323,fit
1324,test
1325,fit
1326,calibration
1327,fit
1328,fit
1329,calibration
1330,test
1331,fit
1332,calibration
1333,calibration
1334,fit
1335,test
1336,fit
1337,fit
1338,calibration
1339,fit
1340,fit
1341,fit
1342,fit
1343,test
1344,fit
1345,test
1346,test
1347,fit
1348,calibration
1349,fit
1350,fit
1351,calibration
1352,fit
1353,fit
1354,test
1355,calibration
1356,fit
1357,fit
1358,fit
1359,fit
1360,fit
1361,fit
1362,test
1363,test
1364,fit
1365,test
1366,fit
1367,calibration
1368,test
1369,test
1370,fit
1371,calibration
1372,fit
1373,fit
1374,calibration
1375,calibration
1376,calibration
1377,fit
1378,fit
1379,test
1380,test
1381,fit
1382,test
1383,fit
1384,fit
1385,fit
1386,fit
1387,fit
1388,fit
1389,test
1390,fit
1391,fit
1392,fit
1393,test
1394,fit
1395,calibration
1396,fit
1397,calibration
1398,calibration
1399,fit
1400,test
1401,test
1402,fit
1403,fit
1404,fit
1405,calibration
1406,calibration
1407,fit
1408,test
1409,fit
1410,test
1411,test
1412,fit
1413,fit
1414,test
1415,fit
1416,calibration
1417,fit
1418,test
1419,fit
1420,test
1421,test
1422,test
1423,fit
1424,fit
1425,calibration
1426,test
1427,fit
1428,fit
1429,fit
1430,fit
1431,fit
1432,fit
1433,fit
1434,fit
1435,fit
1436,fit
1437,test
1438,fit
1439,fit
1440,calibration
1441,calibration
1442,fit
1443,test
1444,fit
1445,fit
1446,fit
1447,fit
1448,fit
1449,calibration
1450,fit
1451,calibration
1452,fit
1453,test
1454,fit
1455,fit
1456,calibration
1457,fit
1458,calibration
1459,fit
1460,fit
1461,test
1462,fit
1463,calibration
1464,fit
1465,test
1466,fit
1467,fit
1468,fit
1469,fit
1470,fit
1471,fit
1472,fit
1473,calibration
1474,calibration
1475,fit
1476,calibration
1477,test
1478,fit
1479,fit
1480,test
1481,fit
1482,fit
1483,fit
1484,fit
1485,fit
1486,fit
1487,test
1488,fit
1489,fit
1490,fit
1491,fit
1492,fit
1493,calibration
1494,calibration
1495,calibration
1496,calibration
1497,test
1498,fit
1499,fit
1500,test
1501,fit
1502,fit
1503,test
1504,calibration
1505,fit
1506,calibration
1507,test
1508,test
1509,test
1510,test
1511,fit
1512,fit
1513,test
1514,fit
1515,test
1516,calibration
1517,calibration
1518,calibration
1519,calibration
1520,fit
1521,fit
1522,test
1523,fit
1524,calibration
1525,test
1526,calibration
1527,calibration
1528,test
1529,fit
1530,fit
1531,fit
1532,fit
1533,calibration
1534,fit
1535,test
1536,calibration
1537,fit
1538,calibration
1539,fit
1540,fit
1541,fit
1542,test
1543,fit
1544,fit
1545,test
1546,fit
1547,fit
1548,calibration
1549,fit
1550,calibration
1551,fit
1552,fit
1553,fit
1554,fit
1555,calibration
1556,fit
1557,fit
1558,calibration
1559,fit
1560,test
1561,fit
1562,test
1563,calibration
1564,fit
1565,fit
1566,fit
1567,test
1568,fit
1569,calibration
1570,fit
1571,fit
1572,fit
1573,fit
1574,fit
1575,calibration
1576,fit
1577,fit
1578,fit
1579,test
1580,test
1581,fit
1582,fit
1583,test
1584,calibration
1585,fit
1586,test
1587,calibration
1588,fit
1589,calibration
1590,fit
1591,fit
1592,test
1593,fit
1594,fit
1595,fit
1596,test
1597,fit
1598,calibration
1599,fit
1600,fit
1601,fit
1602,test
1603,calibration
1604,calibration
1605,test
1606,calibration
1607,calibration
1608,test
1609,fit
1610,test
1611,test
1612,test
1613,fit
1614,fit
1615,fit
1616,fit
1617,fit
1618,fit
1619,fit
1620,fit
1621,calibration
1622,fit
1623,fit
1624,calibration
1625,fit
1626,test
1627,fit
1628,fit
1629,fit
1630,test
1631,calibration
1632,calibration
1633,test
1634,fit
1635,fit
1636,test
1637,fit
1638,fit
1639,fit
1640,calibration
1641,fit
1642,fit
1643,fit
1644,calibration
1645,fit
1646,fit
1647,calibration
1648,fit
1649,fit
1650,test
1651,fit
1652,test
1653,fit
1654,calibration
1655,fit
1656,test
1657,fit
1658,fit
1659,fit
1660,test
1661,calibration
1662,fit
1663,fit
1664,calibration
1665,test
1666,fit
1667,calibration
1668,fit
1669,fit
1670,fit
1671,fit
1672,test
1673,test
1674,fit
1675,fit
1676,calibration
1677,calibration
1678,calibration
1679,calibration
1680,fit
1681,fit
1682,fit
1683,fit
1684,fit
1685,calibration
1686,fit
1687,test
1688,fit
1689,fit
1690,fit
1691,test
1692,calibration
1693,fit
1694,calibration
1695,fit
1696,fit
1697,fit
1698,calibration
1699,test
1700,test
1701,calibration
1702,fit
1703,test
1704,calibration
1705,calibration
1706,test
1707,fit
1708,fit
1709,test
1710,test
1711,test
1712,test
1713,fit
1714,calibration
1715,fit
1716,fit
1717,fit
1718,calibration
1719,calibration
1720,test
1721,fit
1722,fit
1723,fit
1724,fit
1725,fit
1726,calibration
1727,calibration
1728,fit
1729,test
1730,fit
1731,calibration
1732,fit
1733,calibration
1734,fit
1735,fit
1736,test
1737,fit
1738,fit
1739,calibration
1740,fit
1741,fit
1742,calibration
1743,calibration
1744,fit
1745,fit
1746,fit
1747,test
1748,calibration
1749,calibration
1750,test
1751,fit
1752,fit
1753,fit
1754,fit
1755,test
1756,calibration
1757,fit
1758,calibration
1759,calibration
1760,calibration
1761,fit
1762,fit
1763,test
1764,fit
1765,fit
1766,fit
1767,test
1768,fit
1769,calibration
1770,fit
1771,fit
1772,calibration
1773,calibration
1774,calibration
1775,fit
1776,calibration
1777,fit
1778,fit
1779,test
1780,calibration
1781,fit
1782,fit
1783,fit
1784,fit
1785,calibration
1786,fit
1787,fit
1788,calibration
1789,fit
1790,fit
1791,fit
1792,test
1793,fit
1794,fit
1795,calibration
1796,fit
1797,fit
1798,fit
1799,calibration
1800,test
1801,test
1802,fit
1803,test
1804,fit
1805,fit
1806,fit
1807,fit
1808,test
1809,test
1810,fit
1811,fit
1812,calibration
1813,test
1814,fit
1815,test
1816,test
1817,test
1818,test
1819,fit
1820,test
1821,calibration
1822,test
1823,test
1824,calibration
1825,fit
1826,fit
1827,fit
1828,fit
1829,test
1830,fit
1831,fit
1832,fit
1833,test
1834,calibration
1835,fit
1836,fit
1837,test
1838,fit
1839,calibration
1840,fit
1841,fit
1842,test
1843,calibration
1844,calibration
1845,fit
1846,test
1847,calibration
1848,fit
1849,fit
1850,fit
1851,fit
1852,fit
1853,fit
1854,fit
1855,fit
1856,test
1857,test
1858,test
1859,calibration
1860,fit
1861,fit
1862,test
1863,calibration
1864,test
1865,test
1866,calibration
1867,calibration
1868,test
1869,calibration
1870,test
1871,fit
1872,fit
1873,fit
1874,fit
1875,fit
1876,fit
1877,fit
1878,calibration
1879,calibration
1880,fit
1881,fit
1882,fit
1883,fit
1884,fit
1885,fit
1886,calibration
1887,calibration
1888,fit
1889,test
1890,calibration
1891,test
1892,fit
1893,calibration
1894,fit
1895,fit
1896,test
1897,calibration
1898,fit
1899,fit
1900,calibration
1901,fit
1902,fit
1903,fit
1904,calibration
1905,fit
1906,test
1907,calibration
1908,fit
1909,fit
1910,calibration
1911,calibration
1912,fit
1913,calibration
1914,calibration
1915,test
1916,test
1917,fit
1918,test
1919,test
1920,calibration
1921,fit
1922,fit
1923,test
1924,fit
1925,fit
1926,calibration
1927,test
1928,fit
1929,fit
1930,test
1931,fit
1932,test
1933,calibration
1934,test
1935,calibration
1936,fit
1937,calibration
1938,fit
1939,test
1940,fit
1941,fit
1942,fit
1943,fit
1944,fit
1945,test
1946,calibration
1947,fit
1948,fit
1949,fit
1950,fit
1951,calibration
1952,fit
1953,fit
1954,test
1955,test
1956,test
1957,calibration
1958,calibration
1959,fit
1960,test
1961,fit
1962,fit
1963,test
1964,fit
1965,calibration
1966,calibration
1967,test
1968,fit
1969,fit
1970,calibration
1971,fit
1972,test
1973,fit
1974,calibration
1975,fit
1976,calibration
1977,fit
1978,fit
1979,fit
1980,fit
1981,calibration
1982,calibration
1983,fit
1984,fit
1985,fit
1986,fit
1987,calibration
1988,test
1989,fit
1990,fit
1991,fit
1992,test
1993,test
1994,calibration
1995,fit
1996,calibration
1997,fit
1998,test
1999,fit
2000,fit
2001,fit
2002,fit
2003,fit
2004,test
2005,fit
2006,fit
2007,fit
2008,fit
2009,fit
2010,fit
2011,test
2012,fit
2013,fit
2014,calibration
2015,calibration
2016,fit
2017,fit
2018,fit
2019,calibration
2020,fit
2021,fit
2022,fit
2023,test
2024,fit
2025,fit
2026,fit
2027,fit
2028,test
2029,test
2030,fit
2031,fit
2032,fit
2033,fit
2034,fit
2035,test
2036,fit
2037,fit
2038,fit
2039,fit
2040,fit
2041,test
2042,fit
2043,calibration
2044,fit
2045,fit
2046,test
2047,fit
2048,fit
2049,fit
2050,fit
2051,fit
2052,test
2053,calibration
2054,calibration
2055,test
2056,fit
2057,calibration
2058,test
2059,test
2060,test
2061,calibration
2062,fit
2063,fit
2064,fit
2065,fit
2066,fit
2067,fit
2068,fit
2069,fit
2070,calibration
2071,calibration
2072,fit
2073,fit
2074,fit
2075,calibration
2076,fit
2077,calibration
2078,fit
2079,test
2080,fit
2081,calibration
2082,calibration
2083,fit
2084,fit
2085,calibration
2086,test
2087,fit
2088,fit
2089,calibration
2090,fit
2091,fit
2092,fit
2093,fit
2094,test
2095,fit
2096,fit
2097,calibration
2098,fit
2099,fit
2100,fit
2101,fit
2102,test
2103,fit
2104,fit
2105,fit
2106,test
2107,test
2108,fit
2109,calibration
2110,fit
2111,fit
2112,test
2113,calibration
2114,fit
2115,fit
2116,fit
2117,fit
2118,fit
2119,fit
2120,test
2121,fit
2122,fit
2123,fit
2124,calibration
2125,test
2126,fit
2127,fit
2128,calibration
2129,fit
2130,calibration
2131,fit
2132,calibration
2133,test
2134,fit
2135,calibration
2136,calibration
2137,calibration
2138,fit
2139,test
2140,test
2141,fit
2142,fit
2143,test
2144,fit
2145,fit
2146,test
2147,fit
2148,fit
2149,calibration
2150,test
2151,test
2152,fit
2153,fit
2154,fit
2155,calibration
2156,calibration
2157,fit
2158,calibration
2159,fit
2160,fit
2161,fit
2162,fit
2163,test
2164,test
2165,fit
2166,fit
2167,calibration
2168,fit
2169,fit
2170,fit
2171,fit
2172,calibration
2173,fit
2174,fit
2175,fit
2176,test
2177,calibration
2178,fit
2179,test
2180,calibration
2181,calibration
2182,test
2183,fit
2184,calibration
2185,fit
2186,fit
2187,fit
2188,calibration
2189,fit
2190,fit
2191,test
2192,fit
2193,calibration
2194,fit
2195,fit
2196,calibration
2197,fit
2198,test
2199,calibration
2200,fit
2201,calibration
2202,calibration
2203,test
2204,fit
2205,fit
2206,test
2207,fit
2208,fit
2209,fit
2210,calibration
2211,calibration
2212,fit
2213,calibration
2214,fit
2215,fit
2216,fit
2217,fit
2218,fit
2219,calibration
2220,fit
2221,fit
2222,test
2223,fit
2224,fit
2225,test
2226,fit
2227,test
2228,fit
2229,fit
2230,fit
2231,test
2232,test
2233,fit
2234,fit
2235,fit
2236,calibration
2237,fit
2238,fit
2239,fit
2240,calibration
2241,fit
2242,fit
2243,fit
2244,test
2245,fit
2246,fit
2247,fit
2248,fit
2249,test
2250,calibration
2251,test
2252,fit
2253,fit
2254,fit
2255,fit
2256,fit
2257,fit
2258,fit
2259,calibration
2260,fit
2261,fit
2262,fit
2263,fit
2264,fit
2265,fit
2266,calibration
2267,fit
2268,fit
2269,fit
2270,fit
2271,fit
2272,fit
2273,fit
2274,test
2275,fit
2276,fit
2277,fit
2278,fit
2279,calibration
2280,calibration
2281,fit
2282,fit
2283,fit
2284,fit
2285,fit
2286,test
2287,test
2288,calibration
2289,fit
2290,calibration
2291,calibration
2292,test
2293,fit
2294,test
2295,fit
2296,fit
2297,fit
2298,test
2299,fit
2300,fit
2301,fit
2302,fit
2303,fit
2304,calibration
2305,test
2306,fit
2307,fit
2308,fit
2309,fit
2310,fit
2311,fit
2312,fit
2313,fit
2314,calibration
2315,fit
2316,test
2317,fit
2318,fit
2319,fit
2320,test
2321,calibration
2322,test
2323,calibration
2324,calibration
2325,test
2326,fit
2327,fit
2328,calibration
2329,test
2330,fit
2331,fit
2332,calibration
2333,calibration
2334,fit
2335,test
2336,fit
2337,fit
2338,fit
2339,test
2340,fit
2341,fit
2342,fit
2343,fit
2344,fit
2345,test
2346,fit
2347,fit
2348,test
2349,fit
2350,fit
2351,fit
2352,fit
2353,test
2354,test
2355,fit
2356,fit
2357,fit
2358,test
2359,calibration
2360,fit
2361,fit
2362,fit
2363,fit
2364,test
2365,calibration
2366,calibration
2367,fit
2368,calibration
2369,calibration
2370,test
2371,fit
2372,calibration
2373,fit
2374,fit
2375,fit
2376,fit
2377,test
2378,fit
2379,fit
2380,calibration
2381,fit
2382,fit
2383,fit
2384,test
2385,calibration
2386,fit
2387,fit
2388,fit
2389,fit
2390,fit
2391,fit
2392,fit
2393,fit
2394,fit
2395,test
2396,calibration
2397,fit
2398,fit
2399,test
2400,calibration
2401,calibration
2402,fit
2403,fit
2404,fit
2405,test
2406,test
2407,fit
2408,test
2409,fit
2410,calibration
2411,fit
2412,calibration
2413,fit
2414,calibration
2415,fit
2416,fit
2417,test
2418,fit
2419,fit
2420,fit
2421,fit
2422,fit
2423,fit
2424,calibration
2425,calibration
2426,fit
2427,fit
2428,fit
2429,test
2430,fit
2431,fit
2432,fit
2433,fit
2434,fit
2435,calibration
2436,fit
2437,calibration
2438,fit
2439,fit
2440,fit
2441,fit
2442,calibration
2443,fit
2444,calibration
2445,test
2446,calibration
2447,fit
2448,fit
2449,calibration
2450,fit
2451,calibration
2452,fit
2453,calibration
2454,calibration
2455,calibration
2456,test
2457,test
2458,fit
2459,fit
2460,fit
2461,test
2462,fit
2463,fit
2464,fit
2465,fit
2466,fit
2467,test
2468,calibration
2469,test
2470,test
2471,fit
2472,fit
2473,fit
2474,test
2475,test
2476,calibration
2477,fit
2478,calibration
2479,fit
2480,fit
2481,fit
2482,calibration
2483,test
2484,test
2485,fit
2486,calibration
2487,fit
2488,test
2489,fit
2490,test
2491,test
2492,fit
2493,test
2494,fit
2495,fit
2496,fit
2497,fit
2498,calibration
2499,fit
2500,calibration
2501,fit
2502,fit
2503,calibration
2504,fit
2505,fit
2506,calibration
2507,fit
2508,fit
2509,fit
2510,fit
2511,test
2512,fit
2513,fit
2514,test
2515,fit
2516,test
2517,fit
2518,fit
2519,fit
2520,fit
2521,calibration
2522,test
2523,calibration
2524,fit
2525,fit
2526,fit
2527,fit
2528,fit
2529,fit
2530,fit
2531,fit
2532,calibration
2533,fit
2534,test
2535,fit
2536,fit
2537,fit
2538,fit
2539,fit
2540,fit
2541,test
2542,test
2543,fit
2544,fit
2545,test
2546,fit
2547,fit
2548,fit
2549,fit
2550,calibration
2551,test
2552,fit
2553,fit
2554,fit
2555,test
2556,fit
2557,fit
2558,test
2559,fit
2560,fit
2561,fit
2562,test
2563,calibration
2564,test
2565,fit
2566,fit
2567,fit
2568,calibration
2569,fit
2570,test
2571,fit
2572,test
2573,calibration
2574,fit
2575,fit
2576,test
2577,fit
2578,fit
2579,fit
2580,fit
2581,test
2582,fit
2583,calibration
2584,calibration
2585,fit
2586,calibration
2587,fit
2588,fit
2589,fit
2590,test
2591,fit
2592,fit
2593,fit
2594,fit
2595,calibration
2596,fit
2597,fit
2598,fit
2599,fit
2600,calibration
2601,fit
2602,fit
2603,fit
2604,calibration
2605,calibration
2606,fit
2607,calibration
2608,calibration
2609,calibration
2610,fit
2611,fit
2612,fit
2613,fit
2614,test
2615,test
2616,fit
2617,calibration
2618,test
2619,fit
2620,calibration
2621,fit
2622,fit
2623,calibration
2624,fit
2625,calibration
2626,test
2627,fit
2628,calibration
2629,fit
2630,calibration
2631,test
2632,test
2633,calibration
2634,fit
2635,fit
2636,fit
2637,fit
2638,test
2639,fit
2640,test
2641,fit
2642,fit
2643,fit
2644,fit
2645,fit
2646,fit
2647,test
2648,test
2649,fit
2650,calibration
2651,fit
2652,fit
2653,calibration
2654,fit
2655,calibration
2656,calibration
2657,fit
2658,test
2659,calibration
2660,fit
2661,fit
2662,calibration
2663,fit
2664,fit
2665,fit
2666,fit
2667,calibration
2668,fit
2669,calibration
2670,test
2671,fit
2672,fit
2673,test
2674,fit
2675,fit
2676,fit
2677,fit
2678,calibration
2679,fit
2680,calibration
2681,fit
2682,calibration
2683,calibration
2684,calibration
2685,calibration
2686,test
2687,fit
2688,fit
2689,test
2690,fit
2691,test
2692,fit
2693,fit
2694,fit
2695,fit
2696,calibration
2697,fit
2698,fit
2699,fit
2700,calibration
2701,fit
2702,test
2703,calibration
2704,fit
2705,fit
2706,fit
2707,fit
2708,test
2709,calibration
2710,fit
2711,fit
2712,fit
2713,fit
2714,test
2715,fit
2716,calibration
2717,calibration
2718,fit
2719,fit
2720,test
2721,fit
2722,fit
2723,fit
2724,fit
2725,fit
2726,test
2727,test
2728,fit
2729,test
2730,test
2731,fit
2732,fit
2733,fit
2734,fit
2735,test
2736,fit
2737,fit
2738,fit
2739,test
2740,calibration
2741,fit
2742,calibration
2743,fit
2744,fit
2745,test
2746,fit
2747,fit
2748,fit
2749,fit
2750,fit
2751,fit
2752,calibration
2753,fit
2754,calibration
2755,calibration
2756,calibration
2757,fit
2758,fit
2759,test
2760,calibration
2761,fit
2762,test
2763,fit
2764,calibration
2765,fit
2766,calibration
2767,calibration
2768,calibration
2769,fit
2770,test
2771,test
2772,calibration
2773,fit
2774,fit
2775,fit
2776,fit
2777,test
2778,test
2779,fit
2780,fit
2781,fit
2782,fit
2783,fit
2784,test
2785,test
2786,test
2787,calibration
2788,fit
2789,fit
2790,fit
2791,fit
2792,fit
2793,calibration
2794,fit
2795,fit
2796,test
2797,fit
2798,calibration
2799,calibration
2800,fit
2801,fit
2802,fit
2803,calibration
2804,fit
2805,test
2806,fit
2807,fit
2808,fit
2809,fit
2810,fit
2811,fit
2812,fit
2813,test
2814,fit
2815,fit
2816,fit
2817,fit
2818,calibration
2819,calibration
2820,fit
2821,test
2822,test
2823,fit
2824,fit
2825,test
2826,fit
2827,fit
2828,fit
2829,fit
2830,calibration
2831,fit
2832,fit
2833,fit
2834,calibration
2835,fit
2836,calibration
2837,fit
2838,calibration
2839,test
2840,test
2841,calibration
2842,calibration
2843,test
2844,fit
2845,calibration
2846,calibration
2847,test
2848,fit
2849,test
2850,test
2851,fit
2852,test
2853,calibration
2854,fit
2855,fit
2856,fit
2857,test
2858,calibration
2859,fit
2860,fit
2861,fit
2862,fit
2863,fit
2864,fit
2865,test
2866,fit
2867,calibration
2868,calibration
2869,test
2870,fit
2871,calibration
2872,calibration
2873,fit
2874,test
2875,fit
2876,fit
2877,fit
2878,test
2879,fit
2880,fit
2881,fit
2882,fit
2883,fit
2884,fit
2885,fit
2886,test
2887,calibration
2888,calibration
2889,test
2890,fit
2891,fit
2892,calibration
2893,test
2894,fit
2895,test
2896,test
2897,test
2898,fit
2899,fit
2900,calibration
2901,test
2902,fit
2903,fit
2904,test
2905,test
2906,fit
2907,fit
2908,test
2909,test
2910,fit
2911,test
2912,fit
2913,calibration
2914,fit
2915,test
2916,fit
2917,fit
2918,fit
2919,fit
2920,fit
2921,calibration
2922,fit
2923,calibration
2924,calibration
2925,calibration
2926,fit
2927,test
2928,fit
2929,fit
2930,fit
2931,fit
2932,fit
2933,fit
2934,fit
2935,test
2936,fit
2937,fit
2938,fit
2939,calibration
2940,calibration
2941,fit
2942,fit
2943,fit
2944,calibration
2945,fit
2946,fit
2947,fit
2948,test
2949,test
2950,calibration
2951,fit
2952,fit
2953,fit
2954,calibration
2955,test
2956,fit
2957,fit
2958,fit
2959,calibration
2960,fit
2961,calibration
2962,fit
2963,test
2964,calibration
2965,fit
2966,calibration
2967,fit
2968,fit
2969,fit
2970,test
2971,calibration
2972,fit
2973,test
2974,fit
2975,test
2976,calibration
2977,test
2978,fit
2979,fit
2980,fit
2981,fit
2982,fit
2983,test
2984,calibration
2985,calibration
2986,fit
2987,fit
2988,calibration
2989,fit
2990,fit
2991,fit
2992,test
2993,fit
2994,fit
2995,fit
2996,test
2997,test
2998,fit
2999,test
3000,calibration
3001,fit
3002,fit
3003,calibration
3004,test
3005,calibration
3006,calibration
3007,test
3008,fit
3009,fit
3010,fit
3011,fit
3012,fit
3013,calibration
3014,calibration
3015,test
3016,fit
3017,fit
3018,fit
3019,test
3020,calibration
3021,fit
3022,calibration
3023,test
3024,fit
3025,test
3026,calibration
3027,fit
3028,fit
3029,fit
3030,fit
3031,fit
3032,fit
3033,fit
3034,fit
3035,fit
3036,test
3037,fit
3038,calibration
3039,test
3040,fit
3041,fit
3042,calibration
3043,fit
3044,fit
3045,fit
3046,fit
3047,fit
3048,calibration
3049,fit
3050,fit
3051,fit
3052,fit
3053,fit
3054,fit
3055,test
3056,calibration
3057,calibration
3058,fit
3059,test
3060,fit
3061,fit
3062,fit
3063,test
3064,fit
3065,fit
3066,fit
3067,fit
3068,fit
3069,fit
3070,fit
3071,fit
3072,fit
3073,fit
3074,fit
3075,fit
3076,fit
3077,fit
3078,fit
3079,fit
3080,test
3081,fit
3082,fit
3083,calibration
3084,calibration
3085,test
3086,calibration
3087,fit
3088,fit
3089,calibration
3090,fit
3091,fit
3092,fit
3093,fit
3094,test
3095,fit
3096,fit
3097,fit
3098,fit
3099,calibration
3100,test
3101,calibration
3102,fit
3103,fit
3104,calibration
3105,fit
3106,fit
3107,fit
3108,test
3109,calibration
3110,test
3111,fit
3112,calibration
3113,fit
3114,calibration
3115,fit
3116,calibration
3117,fit
3118,calibration
3119,fit
3120,calibration
3121,fit
3122,calibration
3123,fit
3124,fit
3125,calibration
3126,fit
3127,fit
3128,calibration
3129,fit
3130,calibration
3131,fit
3132,calibration
3133,fit
3134,calibration
3135,fit
3136,fit
3137,fit
3138,calibration
3139,test
3140,fit
3141,test
3142,test
3143,calibration
3144,calibration
3145,fit
3146,fit
3147,calibration
3148,fit
3149,fit
3150,fit
3151,fit
3152,fit
3153,calibration
3154,fit
3155,fit
3156,fit
3157,fit
3158,fit
3159,fit
3160,fit
3161,calibration
3162,test
3163,fit
3164,fit
3165,fit
3166,fit
3167,fit
3168,fit
3169,calibration
3170,calibration
3171,fit
3172,calibration
3173,fit
3174,fit
3175,calibration
3176,fit
3177,fit
3178,calibration
3179,calibration
3180,fit
3181,fit
3182,fit
3183,test
3184,calibration
3185,fit
3186,fit
3187,test
3188,calibration
3189,test
3190,calibration
3191,fit
3192,calibration
3193,test
3194,fit
3195,test
3196,test
3197,fit
3198,fit
3199,fit
3200,fit
3201,calibration
3202,fit
3203,test
3204,fit
3205,fit
3206,calibration
3207,calibration
3208,fit
3209,calibration
3210,fit
3211,fit
3212,fit
3213,fit
3214,fit
3215,fit
3216,calibration
3217,fit
3218,fit
3219,calibration
3220,calibration
3221,calibration
3222,fit
3223,fit
3224,fit
3225,fit
3226,fit
3227,fit
3228,fit
3229,test
3230,calibration
3231,fit
3232,fit
3233,calibration
3234,fit
3235,fit
3236,calibration
3237,calibration
3238,fit
3239,calibration
3240,test
3241,fit
3242,fit
3243,calibration
3244,calibration
3245,calibration
3246,fit
3247,test
3248,calibration
3249,fit
3250,fit
3251,fit
3252,fit
3253,fit
3254,fit
3255,test
3256,calibration
3257,fit
3258,test
3259,fit
3260,fit
3261,test
3262,calibration
3263,calibration
3264,fit
3265,fit
3266,calibration
3267,fit
3268,fit
3269,test
3270,fit
3271,fit
3272,fit
3273,fit
3274,fit
3275,test
3276,fit
3277,test
3278,calibration
3279,calibration
3280,fit
3281,fit
3282,calibration
3283,test
3284,fit
3285,test
3286,fit
3287,test
3288,fit
3289,fit
3290,calibration
3291,fit
3292,calibration
3293,test
3294,test
3295,fit
3296,calibration
3297,fit
3298,calibration
3299,test
3300,calibration
3301,fit
3302,fit
3303,fit
3304,test
3305,fit
3306,fit
3307,test
3308,fit
3309,fit
3310,fit
3311,fit
3312,calibration
3313,fit
3314,fit
3315,fit
3316,calibration
3317,fit
3318,fit
3319,calibration
3320,fit
3321,fit
3322,fit
3323,fit
3324,fit
3325,calibration
3326,test
3327,fit
3328,calibration
3329,fit
3330,fit
3331,fit
3332,fit
3333,fit
3334,test
3335,fit
3336,fit
3337,fit
3338,fit
3339,fit
3340,fit
3341,fit
3342,fit
3343,fit
3344,test
3345,fit
3346,fit
3347,test
3348,test
3349,fit
3350,fit
3351,fit
3352,fit
3353,fit
3354,fit
3355,test
3356,fit
3357,calibration
3358,calibration
3359,calibration
3360,fit
3361,calibration
3362,fit
3363,test
3364,fit
3365,calibration
3366,fit
3367,fit
3368,test
3369,fit
3370,fit
3371,calibration
3372,fit
3373,fit
3374,fit
3375,fit
3376,fit
3377,fit
3378,calibration
3379,fit
3380,fit
3381,calibration
3382,fit
3383,fit
3384,fit
3385,fit
3386,fit
3387,calibration
3388,fit
3389,fit
3390,calibration
3391,test
3392,calibration
3393,calibration
3394,fit
3395,fit
3396,fit
3397,calibration
3398,fit
3399,fit
3400,fit
3401,calibration
3402,test
3403,fit
3404,test
3405,calibration
3406,fit
3407,fit
3408,test
3409,fit
3410,calibration
3411,fit
3412,fit
3413,fit
3414,test
3415,test
3416,calibration
3417,fit
3418,test
3419,test
3420,fit
3421,calibration
3422,test
3423,fit
3424,calibration
3425,fit
3426,calibration
3427,test
3428,calibration
3429,fit
3430,fit
3431,fit
3432,fit
3433,test
3434,calibration
3435,fit
3436,fit
3437,test
3438,calibration
3439,fit
3440,calibration
3441,fit
3442,test
3443,calibration
3444,calibration
3445,fit
3446,fit
3447,fit
3448,fit
3449,fit
3450,calibration
3451,test
3452,fit
3453,fit
3454,fit
3455,test
3456,fit
3457,fit
3458,fit
3459,fit
3460,test
3461,fit
3462,calibration
3463,fit
3464,calibration
3465,calibration
3466,calibration
3467,fit
3468,fit
3469,fit
3470,fit
3471,calibration
3472,fit
3473,fit
3474,fit
3475,fit
3476,test
3477,fit
3478,fit
3479,calibration
3480,fit
3481,fit
3482,fit
3483,fit
3484,fit
3485,calibration
3486,fit
3487,fit
3488,calibration
3489,fit
3490,calibration
3491,calibration
3492,test
3493,fit
3494,calibration
3495,calibration
3496,fit
3497,fit
3498,calibration
3499,fit
3500,fit
3501,test
3502,test
3503,calibration
3504,fit
3505,fit
3506,fit
3507,fit
3508,fit
3509,fit
3510,calibration
3511,fit
3512,calibration
3513,calibration
3514,calibration
3515,fit
3516,fit
3517,fit
3518,fit
3519,fit
3520,fit
3521,fit
3522,fit
3523,fit
3524,calibration
3525,fit
3526,calibration
3527,test
3528,fit
3529,fit
3530,fit
3531,fit
3532,fit
3533,fit
3534,fit
3535,fit
3536,calibration
3537,calibration
3538,calibration
3539,test
3540,fit
3541,fit
3542,fit
3543,fit
3544,fit
3545,test
3546,fit
3547,calibration
3548,test
3549,fit
3550,calibration
3551,test
3552,fit
3553,fit
3554,fit
3555,calibration
3556,fit
3557,fit
3558,test
3559,test
3560,calibration
3561,calibration
3562,test
3563,calibration
3564,fit
3565,test
3566,fit
3567,test
3568,fit
3569,test
3570,fit
3571,calibration
3572,fit
3573,test
3574,calibration
3575,calibration
3576,calibration
3577,calibration
3578,fit
3579,calibration
3580,fit
3581,test
3582,fit
3583,test
3584,fit
3585,fit
3586,fit
3587,fit
3588,fit
3589,fit
3590,test
3591,fit
3592,fit
3593,calibration
3594,fit
3595,calibration
3596,fit
3597,fit
3598,fit
3599,test
3600,test
3601,fit
3602,fit
3603,calibration
3604,calibration
3605,calibration
3606,fit
3607,fit
3608,fit
3609,fit
3610,fit
3611,calibration
3612,fit
3613,test
3614,fit
3615,test
3616,fit
3617,fit
3618,fit
3619,fit
3620,fit
3621,fit
3622,calibration
3623,fit
3624,fit
3625,fit
3626,calibration
3627,fit
3628,test
3629,fit
3630,calibration
3631,fit
3632,test
3633,test
3634,test
3635,fit
3636,fit
3637,fit
3638,fit
3639,fit
3640,test
3641,calibration
3642,fit
3643,fit
3644,test
3645,test
3646,fit
3647,calibration
3648,fit
3649,calibration
3650,fit
3651,fit
3652,fit
3653,fit
3654,fit
3655,fit
3656,fit
3657,fit
3658,fit
3659,fit
3660,fit
3661,test
3662,test
3663,test
3664,test
3665,fit
3666,fit
3667,fit
3668,fit
3669,fit
3670,calibration
3671,fit
3672,fit
3673,fit
3674,fit
3675,fit
3676,fit
3677,test
3678,fit
3679,fit
3680,test
3681,test
3682,calibration
3683,fit
3684,fit
3685,calibration
3686,fit
3687,fit
3688,fit
3689,fit
3690,fit
3691,fit
3692,calibration
3693,fit
3694,fit
3695,fit
3696,test
3697,test
3698,fit
3699,fit
3700,calibration
3701,calibration
3702,fit
3703,fit
3704,test
3705,calibration
3706,fit
3707,fit
3708,fit
3709,fit
3710,calibration
3711,calibration
3712,fit
3713,fit
3714,fit
3715,fit
3716,fit
3717,test
3718,fit
3719,fit
3720,fit
3721,test
3722,fit
3723,fit
3724,fit
3725,fit
3726,fit
3727,fit
3728,fit
3729,fit
3730,fit
3731,test
3732,fit
3733,calibration
3734,fit
3735,calibration
3736,fit
3737,calibration
3738,fit
3739,test
3740,fit
3741,fit
3742,calibration
3743,fit
3744,fit
3745,test
3746,test
3747,fit
3748,calibration
3749,test
3750,fit
3751,calibration
3752,fit
3753,fit
3754,fit
3755,fit
3756,fit
3757,test
3758,calibration
3759,test
3760,fit
3761,fit
3762,fit
3763,test
3764,fit
3765,fit
3766,calibration
3767,calibration
3768,fit
3769,fit
3770,test
3771,calibration
3772,fit
3773,fit
3774,test
3775,fit
3776,calibration
3777,calibration
3778,fit
3779,test
3780,fit
3781,calibration
3782,test
3783,fit
3784,fit
3785,test
3786,test
3787,test
3788,fit
3789,calibration
3790,test
3791,fit
3792,fit
3793,fit
3794,calibration
3795,test
3796,test
3797,fit
3798,fit
3799,fit
3800,test
3801,calibration
3802,test
3803,calibration
3804,calibration
3805,fit
3806,fit
3807,test
3808,fit
3809,calibration
3810,test
3811,fit
3812,test
3813,test
3814,calibration
3815,fit
3816,test
3817,test
3818,test
3819,test
3820,test
3821,fit
3822,calibration
3823,fit
3824,fit
3825,fit
3826,calibration
3827,test
3828,test
3829,test
3830,fit
3831,fit
3832,test
3833,fit
3834,fit
3835,fit
3836,fit
3837,fit
3838,fit
3839,fit
3840,calibration
3841,fit
3842,fit
3843,fit
3844,test
3845,fit
3846,calibration
3847,test
3848,fit
3849,fit
3850,calibration
3851,calibration
3852,test
3853,calibration
3854,fit
3855,fit
3856,fit
3857,fit
3858,fit
3859,test
3860,fit
3861,fit
3862,test
3863,fit
3864,calibration
3865,fit
3866,fit
3867,test
3868,fit
3869,test
3870,fit
3871,fit
3872,fit
3873,fit
3874,fit
3875,fit
3876,calibration
3877,test
3878,calibration
3879,calibration
3880,calibration
3881,fit
3882,fit
3883,fit
3884,test
3885,test
3886,fit
3887,fit
3888,test
3889,calibration
3890,test
3891,fit
3892,calibration
3893,fit
3894,calibration
3895,fit
3896,test
3897,calibration
3898,calibration
3899,calibration
3900,fit
3901,calibration
3902,test
3903,fit
3904,test
3905,fit
3906,fit
3907,fit
3908,fit
3909,fit
3910,calibration
3911,fit
3912,fit
3913,test
3914,fit
3915,test
3916,calibration
3917,fit
3918,calibration
3919,fit
3920,calibration
3921,test
3922,fit
3923,fit
3924,fit
3925,fit
3926,fit
3927,fit
3928,fit
3929,fit
3930,calibration
3931,calibration
3932,fit
3933,test
3934,fit
3935,test
3936,fit
3937,fit
3938,calibration
3939,fit
3940,test
3941,fit
3942,fit
3943,calibration
3944,fit
3945,fit
3946,fit
3947,test
3948,fit
3949,calibration
3950,test
3951,fit
3952,calibration
3953,calibration
3954,calibration
3955,calibration
3956,calibration
3957,fit
3958,fit
3959,fit
3960,fit
3961,fit
3962,fit
3963,fit
3964,test
3965,fit
3966,fit
3967,fit
3968,fit
3969,calibration
3970,fit
3971,fit
3972,calibration
3973,fit
3974,fit
3975,fit
3976,test
3977,test
3978,calibration
3979,fit
3980,fit
3981,test
3982,calibration
3983,calibration
3984,fit
3985,fit
3986,calibration
3987,fit
3988,calibration
3989,calibration
3990,fit
3991,test
3992,calibration
3993,fit
3994,test
3995,fit
3996,fit
3997,test
3998,calibration
3999,test
4000,calibration
4001,test
4002,fit
4003,fit
4004,test
4005,calibration
4006,test
4007,calibration
4008,fit
4009,calibration
4010,fit
4011,fit
4012,fit
4013,fit
4014,fit
4015,fit
4016,fit
4017,fit
4018,fit
4019,test
4020,fit
4021,test
4022,fit
4023,fit
4024,calibration
4025,fit
4026,calibration
4027,fit
4028,test
4029,fit
4030,calibration
4031,fit
4032,fit
4033,fit
4034,fit
4035,fit
4036,fit
4037,fit
4038,fit
4039,fit
4040,test
4041,fit
4042,fit
4043,fit
4044,test
4045,fit
4046,test
4047,calibration
4048,fit
4049,fit
4050,calibration
4051,test
4052,fit
4053,calibration
4054,calibration
4055,calibration
4056,test
4057,fit
4058,fit
4059,calibration
4060,fit
4061,calibration
4062,fit
4063,fit
4064,fit
4065,calibration
4066,test
4067,test
4068,fit
4069,fit
4070,calibration
4071,fit
4072,fit
4073,calibration
4074,calibration
4075,fit
4076,calibration
4077,test
4078,calibration
4079,fit
4080,fit
4081,calibration
4082,fit
4083,fit
4084,calibration
4085,fit
4086,fit
4087,fit
4088,fit
4089,calibration
4090,test
4091,fit
4092,fit
4093,fit
4094,calibration
4095,calibration
4096,fit
4097,test
4098,test
4099,fit
4100,test
4101,fit
4102,fit
4103,fit
4104,fit
4105,fit
4106,calibration
4107,fit
4108,fit
4109,test
4110,test
4111,fit
4112,fit
4113,fit
4114,fit
4115,calibration
4116,fit
4117,test
4118,fit
4119,test
4120,fit
4121,fit
4122,fit
4123,fit
4124,fit
4125,calibration
4126,calibration
4127,fit
4128,fit
4129,calibration
4130,test
4131,test
4132,fit
4133,fit
4134,fit
4135,test
4136,fit
4137,fit
4138,calibration
4139,fit
4140,calibration
4141,test
4142,fit
4143,calibration
4144,fit
4145,fit
4146,calibration
4147,fit
4148,calibration
4149,fit
4150,fit
4151,fit
4152,fit
4153,fit
4154,calibration
4155,fit
4156,fit
4157,fit
4158,fit
4159,fit
4160,calibration
4161,calibration
4162,fit
4163,test
4164,fit
4165,fit
4166,fit
4167,fit
4168,fit
4169,fit
4170,fit
4171,fit
4172,calibration
4173,fit
4174,calibration
4175,fit
4176,fit
4177,calibration
4178,calibration
4179,fit
4180,test
4181,calibration
4182,fit
4183,test
4184,fit
4185,test
4186,fit
4187,fit
4188,calibration
4189,calibration
4190,calibration
4191,fit
4192,fit
4193,fit
4194,fit
4195,fit
4196,test
4197,fit
4198,fit
4199,fit
4200,fit
4201,fit
4202,calibration
4203,test
4204,fit
4205,calibration
4206,fit
4207,test
4208,fit
4209,test
4210,fit
4211,test
4212,calibration
4213,test
4214,fit
4215,fit
4216,calibration
4217,calibration
4218,calibration
4219,fit
4220,test
4221,calibration
4222,calibration
4223,test
4224,calibration
4225,calibration
4226,fit
4227,test
4228,test
4229,fit
4230,test
4231,calibration
4232,fit
4233,fit
4234,fit
4235,fit
4236,calibration
4237,calibration
4238,fit
4239,calibration
4240,fit
4241,calibration
4242,calibration
4243,fit
4244,fit
4245,test
4246,fit
4247,fit
4248,test
4249,fit
4250,fit
4251,test
4252,fit
4253,fit
4254,fit
4255,fit
4256,fit
4257,fit
4258,fit
4259,fit
4260,fit
4261,fit
4262,test
4263,fit
4264,calibration
4265,fit
4266,calibration
4267,test
4268,fit
4269,fit
4270,fit
4271,calibration
4272,fit
4273,fit
4274,fit
4275,test
4276,fit
4277,calibration
4278,test
4279,test
4280,fit
4281,test
4282,fit
4283,fit
4284,fit
4285,fit
4286,fit
4287,fit
4288,fit
4289,test
4290,test
4291,test
4292,calibration
4293,fit
4294,fit
4295,fit
4296,test
4297,test
4298,test
4299,calibration
4300,test
4301,fit
4302,fit
4303,calibration
4304,fit
4305,fit
4306,calibration
4307,fit
4308,fit
4309,test
4310,calibration
4311,fit
4312,fit
4313,calibration
4314,test
4315,test
4316,fit
4317,fit
4318,fit
4319,test
4320,fit
4321,fit
4322,test
4323,fit
4324,fit
4325,test
4326,fit
4327,fit
4328,fit
4329,fit
4330,fit
4331,fit
4332,fit
4333,fit
4334,fit
4335,fit
4336,fit
4337,calibration
4338,fit
4339,fit
4340,fit
4341,test
4342,fit
4343,test
4344,fit
4345,fit
4346,fit
4347,fit
4348,fit
4349,fit
4350,fit
4351,test
4352,test
4353,test
4354,fit
4355,fit
4356,fit
4357,fit
4358,calibration
4359,fit
4360,fit
4361,fit
4362,calibration
4363,fit
4364,test
4365,fit
4366,test
4367,test
4368,fit
4369,fit
4370,fit
4371,calibration
4372,fit
4373,fit
4374,test
4375,calibration
4376,fit
4377,fit
4378,fit
4379,calibration
4380,calibration
4381,test
4382,fit
4383,test
4384,test
4385,calibration
4386,fit
4387,fit
4388,fit
4389,test
4390,test
4391,fit
4392,test
4393,fit
4394,fit
4395,test
4396,fit
4397,calibration
4398,fit
4399,calibration
4400,fit
4401,calibration
4402,fit
4403,fit
4404,fit
4405,test
4406,fit
4407,test
4408,fit
4409,fit
4410,fit
4411,test
4412,fit
4413,calibration
4414,fit
4415,test
4416,fit
4417,fit
4418,calibration
4419,test
4420,test
4421,calibration
4422,fit
4423,fit
4424,fit
4425,fit
4426,fit
4427,test
4428,fit
4429,fit
4430,test
4431,fit
4432,fit
4433,calibration
4434,fit
4435,fit
4436,fit
4437,fit
4438,calibration
4439,fit
4440,fit
4441,fit
4442,fit
4443,calibration
4444,calibration
4445,test
4446,fit
4447,fit
4448,fit
4449,calibration
4450,calibration
4451,calibration
4452,test
4453,test
4454,test
4455,fit
4456,test
4457,test
4458,test
4459,test
4460,fit
4461,fit
4462,test
4463,fit
4464,fit
4465,fit
4466,fit
4467,fit
4468,fit
4469,fit
4470,calibration
4471,fit
4472,fit
4473,fit
4474,fit
4475,fit
4476,fit
4477,test
4478,test
4479,test
4480,calibration
4481,test
4482,test
4483,test
4484,test
4485,test
4486,test
4487,test
4488,fit
4489,test
4490,calibration
4491,test
4492,fit
4493,test
4494,fit
4495,fit
4496,fit
4497,calibration
4498,fit
4499,fit
4500,fit
4501,fit
4502,fit
4503,fit
4504,calibration
4505,fit
4506,fit
4507,calibration
4508,calibration
4509,calibration
4510,fit
4511,fit
4512,calibration
4513,test
4514,fit
4515,fit
4516,fit
4517,fit
4518,fit
4519,fit
4520,fit
4521,fit
4522,fit
4523,fit
4524,calibration
4525,fit
4526,calibration
4527,test
4528,calibration
4529,calibration
4530,calibration
4531,fit
4532,calibration
4533,fit
4534,fit
4535,test
4536,fit
4537,fit
4538,fit
4539,fit
4540,fit
4541,fit
4542,calibration
4543,test
4544,test
4545,fit
4546,fit
4547,fit
4548,test
4549,fit
4550,fit
4551,calibration
4552,test
4553,fit
4554,test
4555,calibration
4556,fit
4557,fit
4558,fit
4559,fit
4560,fit
4561,fit
4562,fit
4563,fit
4564,fit
4565,fit
4566,fit
4567,fit
4568,calibration
4569,calibration
4570,fit
4571,calibration
4572,fit
4573,fit
4574,test
4575,fit
4576,fit
4577,test
4578,fit
4579,fit
4580,calibration
4581,fit
4582,test
4583,fit
4584,fit
4585,test
4586,test
4587,fit
4588,fit
4589,fit
4590,fit
4591,fit
4592,fit
4593,fit
4594,test
4595,calibration
4596,test
4597,fit
4598,calibration
4599,fit
4600,test
4601,test
4602,test
4603,fit
4604,fit
4605,fit
4606,test
4607,fit
4608,fit
4609,fit
4610,calibration
4611,fit
4612,fit
4613,fit
4614,calibration
4615,fit
4616,fit
4617,fit
4618,test
4619,fit
4620,fit
4621,fit
4622,fit
4623,fit
4624,test
4625,fit
4626,test
4627,fit
4628,fit
4629,fit
4630,calibration
4631,calibration
4632,fit
4633,test
4634,fit
4635,fit
4636,fit
4637,fit
4638,fit
4639,calibration
4640,calibration
4641,fit
4642,fit
4643,fit
4644,fit
4645,calibration
4646,fit
4647,fit
4648,fit
4649,fit
4650,fit
4651,fit
4652,test
4653,fit
4654,fit
4655,fit
4656,fit
4657,calibration
4658,fit
4659,fit
4660,test
4661,test
4662,test
4663,test
4664,fit
4665,test
4666,test
4667,fit
4668,fit
4669,fit
4670,fit
4671,fit
4672,fit
4673,test
4674,fit
4675,fit
4676,calibration
4677,fit
4678,fit
4679,calibration
4680,fit
4681,fit
4682,fit
4683,calibration
4684,calibration
4685,fit
4686,test
4687,fit
4688,calibration
4689,fit
4690,fit
4691,fit
4692,fit
4693,fit
4694,test
4695,test
4696,fit
4697,calibration
4698,fit
4699,calibration
4700,fit
4701,fit
4702,fit
4703,fit
4704,test
4705,calibration
4706,test
4707,test
4708,fit
4709,fit
4710,test
4711,fit
4712,test
4713,fit
4714,fit
4715,fit
4716,calibration
4717,fit
4718,fit
4719,calibration
4720,fit
4721,calibration
4722,calibration
4723,fit
4724,fit
4725,fit
4726,calibration
4727,calibration
4728,fit
4729,fit
4730,calibration
4731,fit
4732,test
4733,fit
4734,calibration
4735,fit
4736,test
4737,fit
4738,fit
4739,fit
4740,test
4741,test
4742,test
4743,calibration
4744,calibration
4745,fit
4746,fit
4747,fit
4748,calibration
4749,fit
4750,fit
4751,test
4752,fit
4753,calibration
4754,fit
4755,calibration
4756,fit
4757,fit
4758,test
4759,test
4760,fit
4761,fit
4762,fit
4763,fit
4764,fit
4765,fit
4766,calibration
4767,fit
4768,fit
4769,calibration
4770,test
4771,test
4772,fit
4773,fit
4774,calibration
4775,fit
4776,fit
4777,fit
4778,fit
4779,fit
4780,calibration
4781,fit
4782,calibration
4783,fit
4784,calibration
4785,test
4786,test
4787,fit
4788,fit
4789,test
4790,calibration
4791,test
4792,calibration
4793,calibration
4794,calibration
4795,fit
4796,fit
4797,fit
4798,calibration
4799,fit
4800,fit
4801,fit
4802,fit
4803,calibration
4804,fit
4805,fit
4806,test
4807,test
4808,fit
4809,calibration
4810,calibration
4811,calibration
4812,calibration
4813,fit
4814,test
4815,calibration
4816,test
4817,calibration
4818,calibration
4819,fit
4820,fit
4821,fit
4822,fit
4823,test
4824,calibration
4825,calibration
4826,calibration
4827,calibration
4828,fit
4829,test
4830,test
4831,fit
4832,fit
4833,calibration
4834,calibration
4835,fit
4836,fit
4837,fit
4838,fit
4839,fit
4840,fit
4841,fit
4842,test
4843,fit
4844,fit
4845,calibration
4846,fit
4847,fit
4848,calibration
4849,calibration
4850,fit
4851,fit
4852,fit
4853,calibration
4854,fit
4855,fit
4856,fit
4857,fit
4858,fit
4859,fit
4860,fit
4861,test
4862,calibration
4863,fit
4864,calibration
4865,fit
4866,test
4867,fit
4868,fit
4869,test
4870,fit
4871,fit
4872,fit
4873,fit
4874,fit
4875,fit
4876,fit
4877,calibration
4878,calibration
4879,fit
4880,fit
4881,fit
4882,test
4883,fit
4884,fit
4885,test
4886,fit
4887,test
4888,calibration
4889,fit
4890,fit
4891,fit
4892,calibration
4893,test
4894,fit
4895,fit
4896,fit
4897,fit
4898,fit
4899,fit
4900,fit
4901,fit
4902,fit
4903,calibration
4904,calibration
4905,fit
4906,fit
4907,test
4908,fit
4909,calibration
4910,fit
4911,fit
4912,test
4913,calibration
4914,test
4915,fit
4916,fit
4917,calibration
4918,fit
4919,fit
4920,fit
4921,calibration
4922,fit
4923,fit
4924,test
4925,fit
4926,fit
4927,fit
4928,fit
4929,fit
4930,fit
4931,fit
4932,fit
4933,fit
4934,fit
4935,fit
4936,fit
4937,test
4938,fit
4939,fit
4940,test
4941,test
4942,fit
4943,fit
4944,fit
4945,calibration
4946,test
4947,fit
4948,fit
4949,calibration
4950,calibration
4951,fit
4952,calibration
4953,fit
4954,fit
4955,fit
4956,test
4957,test
4958,fit
4959,fit
4960,test
4961,fit
4962,calibration
4963,calibration
4964,fit
4965,test
4966,calibration
4967,fit
4968,fit
4969,test
4970,calibration
4971,calibration
4972,calibration
4973,fit
4974,test
4975,calibration
4976,test
4977,calibration
4978,fit
4979,fit
4980,fit
4981,test
4982,test
4983,fit
4984,fit
4985,fit
4986,fit
4987,fit
4988,calibration
4989,calibration
4990,test
4991,fit
4992,fit
4993,fit
4994,fit
4995,fit
4996,fit
4997,fit
4998,fit
4999,fit
5000,fit
5001,fit
5002,fit
5003,fit
5004,fit
5005,fit
5006,fit
5007,fit
5008,fit
5009,fit
5010,fit
5011,fit
5012,fit
5013,fit
5014,fit
5015,fit
5016,test
5017,test
5018,test
5019,test
5020,calibration
5021,test
5022,calibration
5023,fit
5024,fit
5025,fit
5026,fit
5027,fit
5028,fit
5029,fit
5030,fit
5031,fit
5032,fit
5033,calibration
5034,calibration
5035,fit
5036,fit
5037,fit
5038,test
5039,calibration
5040,fit
5041,fit
5042,fit
5043,fit
5044,fit
5045,fit
5046,fit
5047,fit
5048,fit
5049,fit
5050,fit
5051,calibration
5052,fit
5053,fit
5054,test
5055,fit
5056,fit
5057,fit
5058,fit
5059,test
5060,fit
5061,calibration
5062,test
5063,fit
5064,fit
5065,fit
5066,fit
5067,fit
5068,fit
5069,fit
5070,fit
5071,fit
5072,fit
5073,fit
5074,fit
5075,fit
5076,fit
5077,test
5078,fit
5079,fit
5080,fit
5081,test
5082,calibration
5083,test
5084,test
5085,test
5086,fit
5087,fit
5088,fit
5089,calibration
5090,calibration
5091,test
5092,fit
5093,fit
5094,test
5095,fit
5096,fit
5097,calibration
5098,test
5099,calibration
5100,fit
5101,fit
5102,fit
5103,fit
5104,fit
5105,calibration
5106,test
5107,calibration
5108,test
5109,fit
5110,fit
5111,calibration
5112,fit
5113,fit
5114,fit
5115,fit
5116,calibration
5117,calibration
5118,fit
5119,fit
5120,calibration
5121,calibration
5122,fit
5123,fit
5124,test
5125,fit
5126,fit
5127,fit
5128,calibration
5129,calibration
5130,fit
5131,calibration
5132,test
5133,test
5134,fit
5135,fit
5136,fit
5137,fit
5138,fit
5139,test
5140,calibration
5141,calibration
5142,fit
5143,calibration
5144,calibration
5145,fit
5146,calibration
5147,fit
5148,test
5149,fit
5150,fit
5151,calibration
5152,fit
5153,fit
5154,fit
5155,fit
5156,test
5157,calibration
5158,fit
5159,fit
5160,calibration
5161,test
5162,fit
5163,test
5164,calibration
5165,fit
5166,fit
5167,fit
5168,fit
5169,test
5170,fit
5171,fit
5172,fit
5173,fit
5174,calibration
5175,test
5176,fit
5177,fit
5178,calibration
5179,test
5180,calibration
5181,fit
5182,fit
5183,fit
5184,fit
5185,calibration
5186,fit
5187,fit
5188,test
5189,fit
5190,test
5191,fit
5192,fit
5193,fit
5194,test
5195,calibration
5196,fit
5197,test
5198,test
5199,fit
5200,calibration
5201,fit
5202,fit
5203,test
5204,fit
5205,test
5206,fit
5207,test
5208,test
5209,calibration
5210,fit
5211,calibration
5212,calibration
5213,test
5214,test
5215,calibration
5216,fit
5217,fit
5218,calibration
5219,fit
5220,fit
5221,fit
5222,fit
5223,fit
5224,fit
5225,calibration
5226,test
5227,fit
5228,fit
5229,calibration
5230,calibration
5231,calibration
5232,fit
5233,fit
5234,calibration
5235,test
5236,fit
5237,calibration
5238,fit
5239,fit
5240,fit
5241,fit
5242,fit
5243,calibration
5244,fit
5245,fit
5246,fit
5247,calibration
5248,calibration
5249,fit
5250,fit
5251,fit
5252,calibration
5253,calibration
5254,test
5255,fit
5256,fit
5257,fit
5258,calibration
5259,fit
5260,fit
5261,fit
5262,fit
5263,fit
5264,calibration
5265,test
5266,fit
5267,fit
5268,fit
5269,calibration
5270,fit
5271,fit
5272,fit
5273,fit
5274,fit
5275,test
5276,test
5277,calibration
5278,fit
5279,fit
5280,test
5281,fit
5282,test
5283,fit
5284,calibration
5285,calibration
5286,fit
5287,fit
5288,calibration
5289,fit
5290,calibration
5291,fit
5292,calibration
5293,test
5294,calibration
5295,fit
5296,fit
5297,calibration
5298,fit
5299,fit
5300,test
5301,fit
5302,calibration
5303,test
5304,fit
5305,calibration
5306,fit
5307,fit
5308,calibration
5309,fit
5310,fit
5311,calibration
5312,fit
5313,test
5314,fit
5315,fit
5316,fit
5317,test
5318,fit
5319,test
5320,fit
5321,fit
5322,test
5323,calibration
5324,fit
5325,test
5326,fit
5327,fit
5328,calibration
5329,fit
5330,calibration
5331,test
5332,fit
5333,fit
5334,test
5335,calibration
5336,test
5337,fit
5338,fit
5339,fit
5340,fit
5341,fit
5342,test
5343,fit
5344,fit
5345,fit
5346,test
5347,fit
5348,calibration
5349,test
5350,calibration
5351,fit
5352,test
5353,fit
5354,calibration
5355,fit
5356,fit
5357,fit
5358,fit
5359,fit
5360,fit
5361,fit
5362,fit
5363,test
5364,fit
5365,fit
5366,fit
5367,fit
5368,fit
5369,calibration
5370,calibration
5371,fit
5372,fit
5373,fit
5374,fit
5375,fit
5376,calibration
5377,fit
5378,fit
5379,fit
5380,fit
5381,test
5382,calibration
5383,test
5384,test
5385,fit
5386,test
5387,fit
5388,fit
5389,calibration
5390,calibration
5391,fit
5392,fit
5393,calibration
5394,fit
5395,fit
5396,fit
5397,fit
5398,calibration
5399,fit
5400,fit
5401,fit
5402,calibration
5403,fit
5404,fit
5405,fit
5406,fit
5407,fit
5408,test
5409,calibration
5410,fit
5411,fit
5412,fit
5413,fit
5414,fit
5415,calibration
5416,fit
5417,fit
5418,fit
5419,calibration
5420,fit
5421,test
5422,calibration
5423,test
5424,test
5425,fit
5426,fit
5427,fit
5428,test
5429,test
5430,test
5431,test
5432,fit
5433,fit
5434,calibration
5435,fit
5436,fit
5437,calibration
5438,fit
5439,calibration
5440,test
5441,fit
5442,test
5443,calibration
5444,fit
5445,fit
5446,fit
5447,fit
5448,test
5449,test
5450,fit
5451,test
5452,fit
5453,test
5454,test
5455,fit
5456,fit
5457,fit
5458,calibration
5459,fit
5460,fit
5461,calibration
5462,calibration
5463,test
5464,calibration
5465,test
5466,calibration
5467,test
5468,calibration
5469,calibration
5470,fit
5471,calibration
5472,fit
5473,calibration
5474,fit
5475,test
5476,calibration
5477,fit
5478,fit
5479,fit
5480,fit
5481,fit
5482,calibration
5483,fit
5484,fit
5485,test
5486,fit
5487,fit
5488,test
5489,fit
5490,calibration
5491,fit
5492,fit
5493,test
5494,fit
5495,test
5496,fit
5497,fit
5498,fit
5499,test
5500,calibration
5501,fit
5502,fit
5503,fit
5504,fit
5505,test
5506,calibration
5507,test
5508,test
5509,calibration
5510,fit
5511,test
5512,fit
5513,fit
5514,fit
5515,test
5516,test
5517,fit
5518,test
5519,fit
5520,fit
5521,fit
5522,test
5523,test
5524,fit
5525,test
5526,fit
5527,test
5528,fit
5529,calibration
5530,calibration
5531,calibration
5532,fit
5533,fit
5534,fit
5535,fit
5536,fit
5537,fit
5538,fit
5539,fit
5540,fit
5541,fit
5542,calibration
5543,test
5544,fit
5545,fit
5546,fit
5547,fit
5548,fit
5549,fit
5550,fit
5551,fit
5552,test
5553,fit
5554,fit
5555,fit
5556,fit
5557,fit
5558,fit
5559,calibration
5560,test
5561,fit
5562,test
5563,fit
5564,fit
5565,fit
5566,fit
5567,test
5568,fit
5569,fit
5570,fit
5571,fit
5572,fit
5573,test
5574,calibration
5575,test
5576,calibration
5577,test
5578,test
5579,fit
5580,fit
5581,test
5582,test
5583,fit
5584,fit
5585,fit
5586,test
5587,fit
5588,fit
5589,fit
5590,fit
5591,calibration
5592,test
5593,fit
5594,calibration
5595,fit
5596,fit
5597,fit
5598,test
5599,fit
5600,calibration
5601,calibration
5602,calibration
5603,test
5604,fit
5605,calibration
5606,fit
5607,calibration
5608,fit
5609,test
5610,fit
5611,fit
5612,fit
5613,test
5614,calibration
5615,fit
5616,fit
5617,calibration
5618,fit
5619,calibration
5620,fit
5621,fit
5622,calibration
5623,fit
5624,fit
5625,calibration
5626,test
5627,calibration
5628,fit
5629,fit
5630,fit
5631,fit
5632,calibration
5633,test
5634,fit
5635,fit
5636,fit
5637,fit
5638,test
5639,fit
5640,calibration
5641,test
5642,fit
5643,fit
5644,fit
5645,fit
5646,test
5647,fit
5648,fit
5649,fit
5650,test
5651,fit
5652,fit
5653,fit
5654,test
5655,test
5656,calibration
5657,fit
5658,test
5659,fit
5660,fit
5661,test
5662,test
5663,fit
5664,test
5665,test
5666,test
5667,fit
5668,test
5669,test
5670,test
5671,test
5672,calibration
5673,test
5674,calibration
5675,calibration
5676,fit
5677,fit
5678,test
5679,test
5680,test
5681,fit
5682,fit
5683,fit
5684,test
5685,test
5686,fit
5687,test
5688,test
5689,test
5690,fit
5691,fit
5692,fit
5693,fit
5694,fit
5695,fit
5696,test
5697,calibration
5698,fit
5699,calibration
5700,calibration
5701,fit
5702,test
5703,fit
5704,calibration
5705,fit
5706,test
5707,calibration
5708,fit
5709,test
5710,fit
5711,calibration
5712,test
5713,fit
5714,fit
5715,fit
5716,calibration
5717,fit
5718,calibration
5719,test
5720,fit
5721,test
5722,calibration
5723,fit
5724,fit
5725,fit
5726,calibration
5727,test
5728,calibration
5729,fit
5730,fit
5731,fit
5732,test
5733,fit
5734,fit
5735,test
5736,fit
5737,test
5738,fit
5739,fit
5740,calibration
5741,fit
5742,test
5743,fit
5744,fit
5745,fit
5746,calibration
5747,fit
5748,fit
5749,fit
5750,test
5751,calibration
5752,fit
5753,fit
5754,fit
5755,test
5756,fit
5757,fit
5758,fit
5759,fit
5760,test
5761,fit
5762,fit
5763,calibration
5764,fit
5765,fit
5766,calibration
5767,calibration
5768,fit
5769,fit
5770,fit
5771,test
5772,calibration
5773,calibration
5774,fit
5775,fit
5776,fit
5777,fit
5778,fit
5779,fit
5780,fit
5781,fit
5782,fit
5783,fit
5784,fit
5785,test
5786,fit
5787,test
5788,fit
5789,fit
5790,fit
5791,fit
5792,fit
5793,fit
5794,fit
5795,calibration
5796,test
5797,fit
5798,test
5799,calibration
5800,calibration
5801,calibration
5802,fit
5803,fit
5804,fit
5814,fit
5815,test
5816,fit
5817,fit
5818,calibration
5819,test
5820,test
5821,test
5822,test
5823,test
5824,calibration
5825,fit
5826,fit
5827,fit
5828,fit
5829,fit
5830,calibration
5831,fit
5832,test
5833,fit
5834,test
5835,calibration
5836,calibration
5837,fit
5838,fit
5839,fit
5840,fit
5841,fit
5842,fit
5843,test
5844,test
5845,fit
5846,fit
5847,calibration
5848,calibration
5849,test
5850,fit
5851,fit
5852,test
5853,fit
5854,fit
5855,test
5856,fit
5857,fit
5858,fit
5859,fit
5860,fit
5861,test
5862,fit
5863,test
5864,fit
5865,fit
5866,calibration
5868,test
5869,fit
5870,fit
5872,fit
5873,fit
5874,calibration
5875,fit
5876,fit
5877,fit
5878,calibration
5879,fit
5880,fit
5881,calibration
5882,test
5883,calibration
5884,fit
5885,calibration
5886,fit
5887,calibration
5888,fit
5889,fit
5890,fit
5891,fit
5892,fit
5893,fit
5894,fit
5895,fit
5896,fit
5897,calibration
5898,fit
5899,fit
5900,fit
5901,calibration
5902,calibration
5903,fit
5904,calibration
5905,fit
5906,test
5907,fit
5908,fit
5909,fit
5910,test
5911,calibration
5912,fit
5913,test
5914,fit
5915,test
5916,test
5917,fit
5918,fit
5919,fit
5920,calibration
5921,fit
5922,fit
5923,fit
5924,fit
5925,fit
5926,calibration
5927,calibration
5928,test
5929,fit
5930,fit
5931,fit
5932,fit
5933,fit
5934,fit
5935,fit
5936,fit
5937,test
5938,test
5939,fit
5940,fit
5941,calibration
5942,calibration
5943,test
5944,fit
5945,test
5946,calibration
5947,test
5948,fit
5949,test
5950,calibration
5951,fit
5952,fit
5953,fit
5954,fit
5955,test
5956,fit
5957,calibration
5958,fit
5959,fit
5960,fit
5961,fit
5962,fit
5963,fit
5964,fit
5965,fit
5966,test
5969,test
5970,fit
5971,calibration
5972,calibration
5973,fit
5974,calibration
5975,fit
5976,fit
5977,fit
5978,fit
5979,test
5980,fit
5981,fit
5982,test
5983,test
5984,calibration
5985,fit
5986,test
5987,test
5988,fit
5989,fit
5990,fit
5991,test
5992,test
5993,calibration
5994,test
5995,fit
5996,fit
5997,calibration
5998,calibration
5999,calibration
6000,calibration
6001,fit
6002,calibration
6003,test
6004,fit
6005,fit
6006,fit
6007,fit
6008,fit
6009,calibration
6010,test
6011,fit
6012,fit
6013,calibration
6014,fit
6015,fit
6016,fit
6017,calibration
6018,fit
6019,calibration
6020,fit
6021,fit
6022,fit
6023,calibration
6024,test
6025,fit
6026,test
6027,calibration
6028,calibration
6029,fit
6030,test
6031,fit
6032,fit
6033,fit
6034,calibration
6035,fit
6036,fit
6037,calibration
6038,test
6039,fit
6040,fit
6041,fit
6042,fit
6043,fit
6044,calibration
6045,fit
6046,fit
6047,fit
6048,fit
6049,calibration
6050,fit
6051,fit
6052,fit
6053,fit
6054,test
6055,fit
6056,fit
6057,calibration
6059,test
6060,fit
6061,fit
6062,fit
6063,test
6064,fit
6065,fit
6066,test
6067,calibration
6068,fit
6069,fit
6070,calibration
6071,fit
6072,fit
6073,fit
6074,fit
6075,test
6076,fit
6077,fit
6078,fit
6079,test
6080,calibration
6081,test
6082,fit
6083,test
6084,calibration
6085,test
6086,calibration
6087,test
6088,fit
6089,fit
6090,calibration
6091,fit
6092,fit
6093,fit
6094,fit
6095,fit
6096,fit
6097,fit
6098,fit
6099,fit
6100,fit
6101,fit
6102,test
6103,fit
6104,test
6105,fit
6106,calibration
6107,fit
6108,fit
6109,calibration
6110,calibration
6111,fit
6112,fit
6113,test
6114,calibration
6115,test
6116,fit
6117,fit
6118,fit
6119,test
6120,fit
6121,fit
6122,fit
6123,fit
6124,fit
6125,fit
6126,fit
6127,fit
6128,test
6129,fit
6130,fit
6131,fit
6132,fit
6133,fit
6134,test
6135,test
6136,test
6137,fit
6138,fit
6139,fit
6140,fit
6141,fit
6142,fit
6143,fit
6144,fit
6145,test
6146,fit
6147,calibration
6148,fit
6149,test
6150,calibration
6151,fit
6152,fit
6153,calibration
6154,fit
6155,test
6156,calibration
6157,fit
6158,fit
6159,fit
6160,fit
6161,test
6162,fit
6163,fit
6164,fit
6165,fit
6166,fit
6167,fit
6168,fit
6169,calibration
6170,fit
6171,test
6172,fit
6173,fit
6174,fit
6175,test
6176,calibration
6177,fit
6178,test
6179,fit
6180,fit
6181,fit
6182,fit
6183,test
6184,test
6185,calibration
6186,test
6187,test
6188,test
6189,calibration
6190,fit
6191,fit
6192,fit
6193,calibration
6194,fit
6195,fit
6196,test
6197,fit
6198,test
6199,test
6200,fit
6201,calibration
6202,fit
6203,fit
6204,fit
6205,fit
6206,fit
6207,fit
6208,fit
6209,test
6210,fit
6211,fit
6212,fit
6213,calibration
6214,test
6215,test
6216,fit
6217,test
6218,fit
6219,test
6220,calibration
6221,calibration
6222,calibration
6223,test
6224,test
6225,test
6226,fit
6227,test
6228,calibration
6229,calibration
6230,test
6231,fit
6232,test
6233,fit
6234,test
6235,test
6236,fit
6237,calibration
6238,fit
6239,fit
6240,fit
6241,fit
6242,fit
6243,fit
6244,test
6245,calibration
6246,fit
6247,fit
6248,fit
6249,fit
6250,fit
6251,fit
6252,fit
6253,test
6254,test
6255,fit
6256,test
6257,test
6258,fit
6259,fit
6260,test
6261,fit
6262,test
6263,test
6264,fit
6265,fit
6266,test
6267,fit
6268,fit
6269,test
6270,fit
6271,fit
6272,fit
6273,calibration
6274,test
6275,fit
6276,fit
6277,fit
6278,fit
6279,test
6280,fit
6281,test
6282,calibration
6283,calibration
6284,fit
6285,fit
6286,calibration
6287,test
6288,test
6289,fit
6290,test
6291,test
6292,fit
6293,fit
6294,fit
6295,fit
6296,fit
6297,fit
6298,fit
6299,fit
6300,fit
6301,fit
6302,test
6303,fit
6304,calibration
6305,fit
6306,calibration
6307,fit
6308,fit
6309,calibration
6310,fit
6311,test
6312,test
6313,calibration
6314,test
6315,fit
6316,test
6317,calibration
6318,test
6319,test
6320,fit
6321,fit
6322,fit
6323,fit
6324,calibration
6325,test
6326,fit
6327,calibration
6328,fit
6329,fit
6330,fit
6331,calibration
6332,fit
6333,test
6334,fit
6335,test
6336,fit
6337,fit
6338,test
6339,fit
6340,fit
6341,test
6342,calibration
6343,test
6344,test
6345,fit
6346,test
6347,fit
6348,fit
6349,fit
6350,fit
6351,test
6352,calibration
6353,fit
6354,fit
6355,fit
6356,test
6357,test
6358,test
6359,test
6360,test
6361,fit
6362,fit
6363,fit
6364,calibration
6365,calibration
6366,fit
6367,fit
6368,calibration
6369,test
6370,fit
6371,fit
6372,fit
6373,fit
6374,test
6375,fit
6376,test
6377,test
6378,fit
6379,calibration
6380,test
6381,fit
6382,fit
6383,fit
6384,calibration
6385,test
6386,test
6387,calibration
6388,test
6389,calibration
6390,calibration
6391,calibration
6392,fit
6393,test
6394,fit
6395,fit
6396,fit
6397,calibration
6398,fit
6399,test
6400,calibration
6401,fit
6402,fit
6403,test
6404,fit
6405,calibration
6406,fit
6407,fit
6408,calibration
6409,fit
6410,fit
6411,test
6412,calibration
6413,fit
6414,fit
6415,fit
6416,test
6417,calibration
6418,calibration
6419,test
6420,fit
6421,calibration
6422,fit
6423,fit
6424,test
6425,fit
6426,calibration
6427,calibration
6428,test
6429,fit
6430,fit
6431,test
6432,calibration
6433,fit
6434,fit
6435,fit
6436,calibration
6437,fit
6438,test
6439,fit
6440,calibration
6441,calibration
6442,fit
6443,calibration
6444,calibration
6445,fit
6446,fit
6447,fit
6448,test
6449,test
6450,fit
6451,fit
6452,calibration
6453,calibration
6454,calibration
6455,fit
6456,test
6457,calibration
6458,calibration
6459,calibration
6460,test
6461,calibration
6462,calibration
6463,fit
6464,fit
6465,fit
6466,fit
6467,fit
6468,test
6469,test
6470,fit
6471,fit
6472,fit
6473,fit
6474,fit
6475,fit
6476,test
6477,calibration
6478,test
6479,test
6480,fit
6481,test
6482,fit
6483,fit
6484,calibration
6485,test
6486,test
6487,fit
6488,fit
6489,fit
6490,fit
6491,calibration
6492,fit
6493,test
6494,test
6495,calibration
6496,calibration
6497,test
6498,fit
6499,fit
6500,fit
6501,fit
6502,fit
6503,test
6504,fit
6505,test
6506,fit
6507,fit
6508,test
6509,fit
6510,fit
6511,fit
6512,test
6513,test
6514,test
6515,calibration
6516,fit
6517,test
6518,fit
6519,test
6520,test
6521,test
6522,fit
6523,fit
6524,fit
6525,fit
6526,fit
6527,fit
6528,test
6529,calibration
6530,test
6531,calibration
6532,fit
6533,test
6534,fit
6535,fit
6536,fit
6537,fit
6538,calibration
6539,test
6540,fit
6541,test
6542,fit
6543,fit
6544,fit
6545,fit
6546,fit
6547,test
6548,fit
6549,fit
6550,calibration
6551,fit
6552,test
6553,fit
6554,calibration
6555,fit
6556,test
6557,fit
6558,fit
6559,calibration
6560,fit
6561,calibration
6562,fit
6563,test
6564,fit
6565,fit
6566,fit
6567,test
6568,test
6569,fit
6570,calibration
6571,fit
6572,fit
6573,fit
6574,test
6575,fit
6576,calibration
6577,calibration
6578,fit
6579,fit
6580,fit
6581,fit
6582,calibration
6583,calibration
6584,test
6585,test
6586,fit
6587,test
6588,test
6589,fit
6590,fit
6591,calibration
6592,test
6593,fit
6594,calibration
6595,fit
6596,fit
6597,fit
6598,fit
6599,fit
6600,fit
6601,fit
6602,test
6603,calibration
6604,calibration
6605,calibration
6606,test
6607,fit
6608,calibration
6609,calibration
6610,fit
6611,test
6612,calibration
6613,calibration
6614,fit
6615,fit
6616,fit
6617,fit
6618,fit
6619,fit
6620,calibration
6621,calibration
6622,test
6623,fit
6624,fit
6625,fit
6626,test
6627,fit
6628,test
6629,fit
6630,test
6631,calibration
6632,fit
6633,fit
6634,fit
6635,fit
6636,calibration
6637,fit
6638,test
6639,calibration
6640,fit
6641,fit
6642,calibration
6643,fit
6644,test
6645,calibration
6646,test
6647,test
6648,calibration
6649,fit
6650,test
6651,calibration
6652,test
6653,calibration
6654,calibration
6655,test
6656,fit
6657,calibration
6658,calibration
6659,fit
6660,test
6661,fit
6662,test
6663,test
6664,test
6665,calibration
6666,test
6667,fit
6668,fit
6669,fit
6670,fit
6671,test
6672,fit
6673,fit
6674,calibration
6675,calibration
6676,fit
6677,fit
6678,fit
6679,test
6680,test
6681,test
6682,test
6683,fit
6684,fit
6685,fit
6686,test
6687,fit
6688,test
6689,calibration
6690,fit
6691,fit
6692,fit
6693,test
6694,fit
6695,fit
6696,fit
6697,calibration
6698,fit
6699,calibration
6700,fit
6701,calibration
6702,fit
6703,fit
6704,calibration
6705,calibration
6706,calibration
6707,test
6708,fit
6709,fit
6710,calibration
6711,fit
6712,fit
6713,fit
6714,fit
6715,calibration
6716,fit
6717,fit
6718,calibration
6719,test
6720,test
6721,fit
6722,fit
6723,fit
6724,fit
6725,fit
6726,test
6727,fit
6728,calibration
6729,fit
6730,test
6731,fit
6732,fit
6733,fit
6734,fit
6735,fit
6736,fit
6737,fit
6738,test
6739,fit
6740,calibration
6741,calibration
6742,fit
6743,fit
6744,fit
6745,calibration
6746,fit
6747,fit
6748,test
6749,fit
6750,fit
6751,test
6752,test
6753,calibration
6754,calibration
6755,calibration
6756,calibration
6757,calibration
6758,calibration
6759,calibration
6760,fit
6761,fit
6762,fit
6763,fit
6764,calibration
6765,fit
6766,calibration
6767,calibration
6768,test
6769,calibration
6770,fit
6771,fit
6772,calibration
6773,fit
6774,fit
6775,calibration
6776,fit
6777,fit
6778,test
6779,test
6780,test
6781,fit
6782,calibration
6783,test
6784,test
6785,fit
6786,fit
6787,calibration
6788,fit
6789,fit
6790,test
6791,fit
6792,fit
6793,fit
6794,calibration
6795,test
6796,fit
6797,test
6798,fit
6799,fit
6800,test
6801,fit
6802,test
6803,test
6804,fit
6805,fit
6806,test
6807,fit
6808,fit
6809,test
6810,fit
6811,fit
6812,fit
6813,calibration
6814,fit
6815,fit
6816,test
6817,fit
6818,fit
6819,fit
6820,fit
6821,fit
6822,fit
6823,fit
6824,fit
6825,test
6826,calibration
6827,fit
6828,fit
6829,test
6830,fit
6831,fit
6832,fit
6833,test
6834,calibration
6835,fit
6836,fit
6837,fit
6838,test
6839,fit
6840,fit
6841,fit
6842,test
6843,fit
6844,fit
6845,fit
6846,fit
6847,test
6848,calibration
6849,test
6850,fit
6851,fit
6852,test
6853,calibration
6854,fit
6855,test
6856,fit
6857,test
6858,fit
6859,test
6860,test
6861,fit
6862,calibration
6863,fit
6864,fit
6865,fit
6866,fit
6867,test
6868,calibration
6869,fit
6870,test
6871,calibration
6872,test
6873,test
6874,calibration
6875,fit
6876,fit
6877,fit
6878,fit
6879,fit
6880,test
6881,fit
6882,fit
6883,fit
6884,calibration
6885,calibration
6886,fit
6887,fit
6888,test
6889,fit
6890,test
6891,fit
6892,test
6893,fit
6894,calibration
6895,test
6896,calibration
6897,fit
6898,fit
6899,fit
6900,test
6901,fit
6902,test
6903,fit
6904,calibration
6905,fit
6906,test
6907,fit
6908,fit
6909,fit
6910,fit
6911,test
6912,fit
6913,calibration
6914,test
6915,fit
6916,fit
6917,fit
6918,fit
6919,calibration
6920,fit
6921,fit
6922,test
6923,fit
6924,calibration
6925,fit
6926,fit
6927,calibration
6928,calibration
6929,test
6930,test
6931,calibration
6932,test
6933,fit
6934,fit
6935,fit
6936,calibration
6937,calibration
6938,test
6939,fit
6940,test
6941,fit
6942,fit
6943,test
6944,fit
6945,calibration
6946,fit
6947,fit
6948,fit
6949,test
6950,calibration
6951,test
6952,fit
6953,fit
6954,fit
6955,fit
6956,test
6957,fit
6958,fit
6959,fit
6960,fit
6961,fit
6962,fit
6963,fit
6964,test
6965,calibration
6966,test
6967,test
6968,test
6969,test
6970,fit
6971,fit
6972,test
6973,test
6974,calibration
6975,fit
6976,fit
6977,calibration
6978,fit
6979,fit
6980,test
6981,calibration
6982,calibration
6983,fit
6984,test
6985,fit
6986,calibration
6987,test
6988,fit
6989,test
6990,fit
6991,calibration
6992,fit
6993,calibration
6994,fit
6995,fit
6996,fit
6997,test
6998,fit
6999,fit
7000,fit
7001,fit
7002,fit
7003,test
7004,fit
7005,calibration
7006,test
7007,fit
7008,fit
7009,test
7010,fit
7011,fit
7012,calibration
7013,calibration
7014,fit
7015,fit
7016,test
7017,test
7018,fit
7019,fit
7020,fit
7021,fit
7022,fit
7023,test
7024,calibration
7025,fit
7026,calibration
7027,test
7028,fit
7029,fit
7030,calibration
7031,fit
7032,fit
7033,fit
7034,fit
7035,fit
7036,fit
7037,fit
7038,fit
7039,fit
7040,fit
7041,calibration
7042,fit
7043,fit
7044,fit
7045,calibration
7046,fit
7047,test
7048,fit
7049,fit
7050,calibration
7051,fit
7052,test
7053,test
7054,calibration
7055,calibration
7056,calibration
7057,fit
7058,calibration
7059,fit
7060,calibration
7061,fit
7062,test
7063,test
7064,fit
7065,calibration
7066,test
7067,fit
7068,fit
7069,fit
7070,test
7071,calibration
7072,calibration
7073,fit
7074,fit
7075,fit
7076,fit
7077,fit
7078,fit
7079,fit
7080,fit
7081,test
7082,fit
7083,fit
7084,fit
7085,test
7086,fit
7087,test
7088,fit
7089,calibration
7090,test
7091,fit
7092,fit
7093,calibration
7094,fit
7095,calibration
7096,fit
7097,test
7098,fit
7099,fit
7100,calibration
7101,test
7102,calibration
7103,fit
7104,fit
7105,fit
7106,fit
7107,test
7108,calibration
7109,fit
7110,calibration
7111,calibration
7112,test
7113,test
7114,fit
7115,fit
7116,fit
7117,fit
7118,fit
7119,calibration
7120,calibration
7121,fit
7122,calibration
7123,fit
7124,fit
7125,calibration
7126,test
7127,fit
7128,fit
7129,fit
7130,fit
7131,fit
7132,fit
7133,fit
7134,test
7135,fit
7136,fit
7137,fit
7138,fit
7139,calibration
7140,calibration
7141,fit
7142,fit
7143,calibration
7144,calibration
7145,fit
7146,fit
7147,fit
7148,test
7149,test
7150,calibration
7151,test
7152,test
7153,calibration
7154,fit
7155,fit
7156,fit
7157,fit
7158,calibration
7159,fit
7160,calibration
7161,fit
7162,fit
7163,test
7164,fit
7165,fit
7166,fit
7167,fit
7168,fit
7169,fit
7170,test
7171,fit
7172,fit
7173,fit
7174,fit
7175,fit
7176,fit
7177,fit
7178,calibration
7179,fit
7180,test
7181,test
7182,fit
7183,fit
7184,fit
7185,calibration
7186,fit
7187,fit
7188,fit
7189,calibration
7190,calibration
7191,fit
7192,fit
7193,test
7194,fit
7195,calibration
7196,test
7197,fit
7198,fit
7199,calibration
7200,fit
7201,fit
7202,calibration
7203,fit
7204,fit
7205,calibration
7206,fit
7207,test
7208,fit
7209,fit
7210,fit
7211,fit
7212,fit
7213,fit
7214,calibration
7215,calibration
7216,test
7217,fit
7218,fit
7219,fit
7220,fit
7221,fit
7222,fit
7223,fit
7224,fit
7225,fit
7226,fit
7227,fit
7228,fit
7229,fit
7231,fit
7232,fit
7233,test
7234,calibration
7235,fit
7236,fit
7237,test
7238,fit
7239,fit
7240,test
7241,fit
7242,calibration
7243,calibration
7244,calibration
7245,test
7246,test
7247,fit
7248,fit
7249,test
7250,test
7251,fit
7252,fit
7253,test
7254,calibration
7255,fit
7256,fit
7257,fit
7258,calibration
7259,fit
7260,fit
7261,calibration
7262,fit
7263,fit
7264,calibration
7265,fit
7266,fit
7267,test
7268,test
7269,fit
7270,fit
7271,fit
7272,test
7273,fit
7274,fit
7275,fit
7276,fit
7278,calibration
7279,calibration
7280,fit
7281,fit
7282,test
7283,fit
7284,calibration
7286,fit
7287,test
7288,fit
7289,test
7291,calibration
7292,fit
7293,calibration
7295,fit
7296,fit
7297,fit
7298,test
7299,fit
7300,fit
7301,calibration
7302,fit
7303,test
7304,fit
7305,test
7306,test
7307,calibration
7308,test
7309,calibration
7310,calibration
7311,calibration
7312,fit
7313,calibration
7314,calibration
7315,test
7316,test
7317,fit
7318,calibration
7319,fit
7320,fit
7321,test
7322,calibration
7323,fit
7324,test
7325,calibration
7326,fit
7327,fit
7328,fit
7330,test
7331,fit
7332,test
7333,fit
7334,calibration
7335,fit
7336,fit
7337,fit
7338,calibration
7339,calibration
7340,test
7341,fit
7342,test
7343,fit
7344,calibration
7345,calibration
7346,calibration
7347,fit
7348,calibration
7349,fit
7350,calibration
7351,calibration
7352,fit
7353,calibration
7354,fit
7355,calibration
7356,test
7357,calibration
7358,calibration
7359,fit
7360,fit
7361,calibration
7362,fit
7363,fit
7364,fit
7365,calibration
7366,fit
7367,calibration
7368,fit
7369,test
7370,fit
7371,fit
7372,fit
7373,test
7374,calibration
7375,test
7376,fit
7378,fit
7379,fit
7380,fit
7381,fit
7382,test
7383,calibration
7384,fit
7385,calibration
7386,fit
7387,fit
7388,calibration
7389,calibration
7390,fit
7391,fit
7392,fit
7393,calibration
7394,test
7395,calibration
7396,fit
7398,test
7399,fit
7400,fit
7401,fit
7402,calibration
7403,test
7404,fit
7405,fit
7406,fit
7407,calibration
7408,test
7409,fit
7410,fit
7411,fit
7412,test
7413,fit
7414,fit
7415,fit
7416,test
7417,fit
7418,fit
7419,calibration
7420,fit
7421,test
7422,fit
7423,fit
7424,fit
7426,calibration
7427,calibration
7428,fit
7429,fit
7430,fit
7431,calibration
7432,test
7433,calibration
7434,fit
7435,fit
7436,test
7437,fit
7438,fit
7439,fit
7440,test
7441,calibration
7442,fit
7443,fit
7444,fit
7445,fit
7446,calibration
7447,fit
7448,fit
7449,fit
7450,test
7451,fit
7452,fit
7453,fit
7454,fit
7455,calibration
7456,test
7457,fit
7459,fit
7460,calibration
7461,calibration
7462,fit
7463,fit
7464,fit
7465,test
7466,calibration
7467,calibration
7468,test
7469,calibration
7471,fit
7472,fit
7473,fit
7474,fit
7475,test
7477,calibration
7478,fit
7479,fit
7480,fit
7481,fit
7482,test
7483,fit
7484,test
7485,fit
7486,fit
7487,fit
7488,fit
7489,fit
7490,fit
7491,fit
7492,fit
7493,calibration
7494,calibration
7495,fit
7496,fit
7497,fit
7498,calibration
7499,fit
7500,fit
7501,fit
7502,test
7503,fit
7504,fit
7505,calibration
7506,calibration
7507,test
7508,fit
7509,fit
7510,fit
7511,fit
7512,fit
7513,fit
7514,test
7515,test
7516,fit
7517,fit
7518,calibration
7519,test
7520,fit
7521,test
7522,calibration
7523,fit
7524,fit
7525,fit
7527,calibration
7528,test
7529,test
7530,test
7531,calibration
7532,test
7533,calibration
7534,fit
7535,calibration
7536,test
7537,test
7538,fit
7539,fit
7540,fit
7541,fit
7542,fit
7543,fit
7544,test
7545,fit
7546,fit
7547,fit
7548,test
7549,fit
7550,fit
7551,calibration
7552,calibration
7553,calibration
7554,fit
7555,test
7556,fit
7557,calibration
7558,fit
7559,calibration
7560,calibration
7561,fit
7562,fit
7563,test
7564,fit
7565,fit
7566,calibration
7567,calibration
7568,calibration
7569,fit
7570,fit
7571,fit
7572,calibration
7573,fit
7574,calibration
7575,fit
7577,fit
7578,calibration
7579,fit
7580,fit
7581,test
7582,fit
7583,fit
7584,calibration
7585,fit
7586,test
7587,fit
7588,fit
7589,fit
7590,fit
7592,calibration
7593,fit
7594,test
7595,calibration
7596,test
7597,calibration
7598,fit
7599,test
7600,calibration
7601,fit
7602,fit
7603,fit
7604,fit
7605,test
7606,fit
7607,test
7608,fit
7609,fit
7610,calibration
7611,test
7612,calibration
7613,fit
7614,fit
7616,test
7617,fit
7618,fit
7619,calibration
7620,fit
7621,fit
7622,fit
7623,calibration
7624,test
7625,fit
7626,calibration
7628,test
7629,fit
7630,calibration
7631,test
7633,calibration
7634,calibration
7635,test
7636,calibration
7637,fit
7638,fit
7639,test
7640,fit
7641,fit
7642,test
7643,calibration
7644,fit
7645,calibration
7646,fit
7647,fit
7648,fit
7649,fit
7650,fit
7651,calibration
7652,test
7653,fit
7654,calibration
7655,calibration
7656,test
7657,fit
7658,calibration
7659,fit
7660,fit
7661,test
7662,test
7663,calibration
7665,fit
7666,fit
7667,test
7668,fit
7669,calibration
7670,fit
7671,fit
7672,fit
7673,calibration
7674,fit
7675,fit
7676,fit
7677,fit
7678,fit
7679,test
7680,fit
7681,fit
7682,fit
7683,test
7684,calibration
7685,calibration
7686,fit
7687,fit
7688,fit
7689,fit
7690,fit
7691,fit
7692,fit
7693,fit
7694,calibration
7695,fit
7698,test
7699,test
7700,calibration
7701,test
7702,calibration
7703,fit
7704,test
7705,fit
7706,fit
7707,fit
7708,test
7709,fit
7710,fit
7711,fit
7713,calibration
7714,test
7715,test
7716,test
7717,test
7718,test
7719,calibration
7720,fit
7721,calibration
7722,calibration
7723,fit
7724,fit
7725,test
7726,fit
7727,calibration
7728,calibration
7729,calibration
7730,fit
7731,fit
7732,test
7733,calibration
7734,fit
7735,fit
7736,fit
7737,fit
7738,fit
7739,calibration
7740,fit
7742,fit
7743,fit
7744,test
7745,fit
7746,fit
7747,fit
7748,fit
7749,calibration
7750,fit
7751,test
7752,fit
7753,test
7754,fit
7755,fit
7756,fit
7757,calibration
7758,test
7759,fit
7760,fit
7761,fit
7762,test
7763,fit
7764,fit
7765,calibration
7766,fit
7767,fit
7768,fit
7769,test
7770,fit
7771,fit
7772,fit
7773,test
7774,fit
7775,fit
7776,fit
7777,calibration
7778,test
7779,fit
7780,fit
7781,fit
7782,fit
7783,fit
7784,fit
7785,fit
7786,fit
7787,fit
7788,fit
7789,fit
7790,fit
7791,test
7792,calibration
7793,test
7794,fit
7795,test
7796,fit
7797,calibration
7798,fit
7799,fit
7800,calibration
7801,fit
7802,fit
7803,fit
7804,test
7805,calibration
7806,calibration
7807,test
7808,test
7809,fit
7810,fit
7811,fit
7812,calibration
7813,fit
7814,fit
7815,fit
7816,fit
7817,fit
7818,test
7819,fit
7820,test
7821,test
7822,calibration
7823,calibration
7824,fit
7825,test
7826,fit
7827,fit
7828,fit
7829,fit
7830,calibration
7831,fit
7832,test
7833,fit
7834,fit
7835,fit
7836,fit
7837,test
7838,fit
7839,calibration
7840,calibration
7841,fit
7842,fit
7844,fit
7845,fit
7846,fit
7847,fit
7848,calibration
7849,fit
7850,calibration
7851,calibration
7852,fit
7853,fit
7854,fit
7855,test
7856,calibration
7857,fit
7860,calibration
7861,fit
7862,fit
7863,test
7864,fit
7865,fit
7866,test
7867,fit
7868,fit
7869,fit
7870,calibration
7871,test
7872,fit
7873,fit
7874,fit
7875,fit
7876,test
7877,fit
7878,test
7879,test
7880,fit
7881,fit
7882,test
7883,test
7884,test
7885,test
7887,fit
7888,calibration
7889,calibration
7890,fit
7891,fit
7892,test
7893,fit
7894,test
7895,fit
7896,fit
7897,fit
7898,calibration
7899,calibration
7900,fit
7901,fit
7902,fit
7904,calibration
7905,test
7906,fit
7907,fit
7908,fit
7909,calibration
7910,test
7911,fit
7912,test
7913,fit
7914,fit
7915,fit
7916,fit
7917,test
7918,fit
7919,fit
7920,fit
7921,fit
7922,test
7924,fit
7925,test
7926,test
7927,calibration
7928,test
7929,fit
7930,calibration
7931,fit
7932,fit
7933,fit
7934,fit
7935,calibration
7936,fit
7937,calibration
7938,test
7939,test
7940,calibration
7941,fit
7942,test
7943,test
7944,test
7945,fit
7946,fit
7947,fit
7948,fit
7949,fit
7950,test
7951,fit
7952,test
7953,fit
7954,fit
7955,test
7956,test
7957,fit
7958,fit
7959,fit
7960,fit
7962,fit
7963,calibration
7964,fit
7965,fit
7966,fit
7967,fit
7968,test
7969,test
7970,test
7972,fit
7973,fit
7974,fit
7976,fit
7977,fit
7979,fit
7980,calibration
7981,fit
7982,test
7983,test
7984,test
7985,test
7986,test
7987,fit
7988,fit
7989,fit
7990,fit
7991,calibration
7992,fit
7993,test
7994,fit
7995,calibration
7996,fit
7997,fit
7998,fit
7999,test
8000,calibration
8001,fit
8002,fit
8003,calibration
8004,fit
8005,test
8006,test
8007,calibration
8008,fit
8009,calibration
8011,calibration
8012,calibration
8013,calibration
8014,calibration
8015,calibration
8016,fit
8017,test
8018,fit
8019,fit
8020,fit
8021,calibration
8022,fit
8023,fit
8024,fit
8025,calibration
8026,test
8027,calibration
8028,fit
8029,fit
8030,fit
8031,fit
8032,calibration
8033,test
8035,calibration
8036,calibration
8037,fit
8038,fit
8039,fit
8040,fit
8041,fit
8042,fit
8043,test
8044,fit
8045,fit
8046,fit
8047,test
8048,calibration
8049,test
8050,fit
8051,test
8052,calibration
8053,fit
8054,fit
8055,fit
8056,calibration
8057,calibration
8058,fit
8060,fit
8061,calibration
8062,fit
8063,fit
8064,fit
8066,calibration
8067,fit
8068,test
8069,test
8070,fit
8071,fit
8072,test
8073,fit
8074,fit
8075,fit
8077,fit
8078,test
8079,fit
8080,calibration
8081,fit
8083,test
8084,calibration
8085,fit
8086,fit
8087,fit
8088,test
8089,fit
8090,fit
8092,calibration
8093,fit
8094,test
8095,calibration
8096,test
8097,fit
8098,fit
8099,fit
8100,fit
8101,fit
8102,calibration
8103,fit
8104,calibration
8106,calibration
8107,test
8108,fit
8109,fit
8110,calibration
8111,fit
8112,fit
8113,fit
8114,fit
8115,calibration
8116,fit
8117,fit
8118,fit
8119,test
8120,fit
8121,test
8122,test
8123,fit
8124,calibration
8125,fit
8126,calibration
8127,test
8129,calibration
8130,fit
8131,calibration
8132,test
8133,fit
8135,fit
8136,fit
8137,calibration
8138,fit
8139,fit
8140,fit
8141,fit
8142,fit
8143,test
8144,calibration
8145,fit
8146,calibration
8147,test
8148,fit
8149,fit
8150,fit
8151,calibration
8152,calibration
8153,fit
8154,fit
8155,fit
8156,test
8157,calibration
8158,fit
8159,fit
8160,fit
8161,calibration
8162,fit
8163,calibration
8164,test
8165,test
8166,fit
8167,test
8168,fit
8169,fit
8171,calibration
8172,fit
8173,fit
8174,test
8175,test
8176,test
8177,calibration
8178,fit
8179,test
8180,fit
8181,fit
8182,test
8183,fit
8184,test
8185,test
8186,fit
8187,fit
8188,calibration
8189,calibration
8190,fit
8191,test
8192,calibration
8194,fit
8195,test
8196,calibration
8197,calibration
8198,test
8199,fit
8200,calibration
8201,test
8202,fit
8203,fit
8204,calibration
8205,calibration
8206,calibration
8207,test
8208,fit
8209,fit
8210,fit
8211,calibration
8212,fit
8213,fit
8214,test
8215,fit
8216,calibration
8217,test
8218,test
8219,fit
8220,fit
8221,fit
8222,test
8223,calibration
8224,test
8225,calibration
8226,fit
8227,fit
8228,fit
8229,fit
8230,fit
8231,calibration
8232,fit
8233,fit
8234,fit
8235,fit
8236,calibration
8238,fit
8239,fit
8240,fit
8241,fit
8242,fit
8243,fit
8244,fit
8245,calibration
8246,fit
8247,fit
8248,calibration
8249,fit
8250,calibration
8253,fit
8254,fit
8255,test
8256,fit
8257,fit
8259,test
8260,fit
8261,test
8262,test
8263,test
8264,calibration
8265,fit
8266,fit
8267,fit
8268,test
8269,calibration
8270,calibration
8271,test
8272,fit
8273,fit
8274,test
8275,fit
8276,fit
8277,fit
8278,fit
8279,fit
8280,calibration
8281,fit
8282,calibration
8283,fit
8284,fit
8285,fit
8286,fit
8287,fit
8288,fit
8289,test
8290,fit
8291,test
8292,fit
8293,calibration
8294,fit
8295,fit
8296,fit
8297,calibration
8298,fit
8299,fit
8300,test
8301,fit
8302,calibration
8303,test
8304,fit
8305,fit
8306,fit
8307,fit
8308,fit
8309,fit
8310,calibration
8311,calibration
8312,calibration
8313,fit
8314,fit
8316,fit
8317,fit
8318,test
8319,calibration
8321,fit
8322,calibration
8323,test
8324,fit
8325,test
8326,fit
8327,test
8328,calibration
8329,calibration
8330,test
8331,calibration
8332,fit
8333,fit
8334,fit
8335,fit
8336,calibration
8337,calibration
8338,calibration
8339,test
8340,fit
8341,fit
8342,fit
8343,fit
8344,calibration
8345,fit
8346,fit
8347,calibration
8348,fit
8349,test
8350,fit
8351,fit
8352,fit
8353,fit
8354,fit
8355,fit
8356,fit
8357,test
8358,test
8359,fit
8360,fit
8361,fit
8362,test
8363,calibration
8365,fit
8366,calibration
8367,fit
8369,fit
8370,fit
8372,test
8373,fit
8374,calibration
8375,test
8376,fit
8377,test
8378,calibration
8379,fit
8380,fit
8381,test
8382,fit
8383,fit
8384,fit
8385,fit
8386,fit
8387,fit
8388,test
8389,fit
8390,fit
8391,fit
8392,test
8393,fit
8394,fit
8395,test
8396,fit
8397,fit
8398,fit
8399,test
8400,calibration
8401,test
8402,calibration
8403,fit
8404,fit
8405,fit
8406,fit
8407,fit
8408,fit
8409,calibration
8410,calibration
8411,fit
8412,test
8413,fit
8414,test
8415,test
8417,fit
8418,test
8419,fit
8421,fit
8422,calibration
8423,fit
8424,calibration
8425,test
8426,fit
8427,fit
8428,test
8429,fit
8430,calibration
8431,fit
8432,test
8433,fit
8434,fit
8435,test
8436,fit
8437,fit
8438,fit
8439,fit
8440,fit
8441,calibration
8442,calibration
8443,calibration
8444,fit
8445,calibration
8446,calibration
8447,calibration
8448,test
8450,fit
8451,test
8453,fit
8454,fit
8455,fit
8457,fit
8458,fit
8459,test
8460,fit
8461,fit
8462,fit
8464,fit
8466,test
8467,calibration
8468,fit
8469,fit
8470,fit
8471,fit
8472,test
8473,fit
8474,fit
8475,fit
8476,test
8477,fit
8478,test
8479,fit
8480,calibration
8481,fit
8482,fit
8483,fit
8484,fit
8485,fit
8486,calibration
8487,calibration
8488,fit
8489,fit
8490,calibration
8491,calibration
8492,fit
8493,fit
8494,fit
8495,fit
8496,fit
8497,calibration
8498,calibration
8499,fit
8500,fit
8501,fit
8503,fit
8504,fit
8505,test
8506,fit
8507,test
8508,calibration
8509,calibration
8510,fit
8511,fit
8513,test
8514,test
8515,fit
8516,fit
8517,fit
8519,fit
8520,fit
8521,calibration
8522,fit
8523,test
8524,calibration
8525,fit
8526,fit
8527,test
8528,calibration
8529,calibration
8530,fit
8531,fit
8532,fit
8533,test
8534,fit
8535,fit
8536,fit
8537,fit
8538,calibration
8539,fit
8540,fit
8541,fit
8542,fit
8543,fit
8544,calibration
8545,calibration
8546,calibration
8547,calibration
8548,fit
8549,test
8550,fit
8552,calibration
8553,fit
8554,test
8555,test
8556,fit
8557,calibration
8558,fit
8559,fit
8560,fit
8561,fit
8562,calibration
8563,fit
8564,test
8565,fit
8566,fit
8567,fit
8568,test
8569,test
8570,calibration
8571,fit
8573,calibration
8574,test
8575,test
8576,calibration
8577,test
8578,fit
8579,fit
8580,fit
8581,fit
8582,fit
8583,calibration
8584,fit
8585,test
8586,fit
8587,test
8588,fit
8589,fit
8590,fit
8591,calibration
8592,calibration
8593,fit
8595,fit
8596,calibration
8597,fit
8598,test
8599,fit
8600,fit
8601,fit
8602,fit
8603,fit
8604,calibration
8605,calibration
8606,test
8607,fit
8608,test
8609,test
8610,fit
8611,test
8612,calibration
8613,calibration
8614,test
8615,fit
8616,fit
8617,test
8618,fit
8619,calibration
8620,fit
8621,fit
8622,fit
8623,fit
8624,fit
8625,test
8626,test
8627,calibration
8628,test
8629,test
8630,test
8631,test
8632,test
8633,calibration
8634,fit
8635,fit
8636,test
8637,calibration
8638,calibration
8639,test
8640,calibration
8641,test
8642,fit
8644,fit
8645,fit
8646,fit
8647,calibration
8648,calibration
8649,calibration
8650,fit
8651,fit
8652,fit
8654,test
8655,fit
8656,fit
8657,fit
8658,fit
8659,fit
8660,calibration
8661,calibration
8662,calibration
8663,calibration
8664,fit
8665,fit
8666,fit
8667,fit
8668,calibration
8670,test
8671,calibration
8672,fit
8673,fit
8674,fit
8675,test
8676,fit
8677,test
8678,fit
8679,fit
8680,test
8681,fit
8682,fit
8684,calibration
8685,fit
8686,test
8687,fit
8688,calibration
8689,test
8690,fit
8692,fit
8693,test
8694,fit
8695,calibration
8696,calibration
8697,test
8698,fit
8699,fit
8700,calibration
8701,calibration
8702,test
8703,fit
8704,fit
8705,fit
8706,test
8707,calibration
8708,calibration
8709,test
8710,fit
8711,calibration
8712,calibration
8713,fit
8714,test
8715,fit
8716,fit
8717,calibration
8718,fit
8719,test
8720,test
8721,test
8722,fit
8723,test
8724,calibration
8725,fit
8726,fit
8727,fit
8728,fit
8729,fit
8730,calibration
8731,fit
8732,fit
8733,calibration
8734,fit
8735,fit
8737,fit
8738,calibration
8739,calibration
8741,fit
8742,fit
8743,fit
8744,fit
8745,test
8746,fit
8747,calibration
8748,fit
8749,fit
8750,fit
8751,fit
8753,calibration
8754,fit
8755,fit
8756,calibration
8757,test
8758,test
8759,fit
8760,fit
8761,fit
8762,fit
8763,fit
8764,fit
8765,calibration
8766,test
8767,fit
8768,test
8769,fit
8770,test
8771,test
8772,fit
8773,test
8774,test
8775,calibration
8776,test
8778,fit
8779,fit
8780,fit
8781,test
8782,fit
8783,fit
8784,test
8785,fit
8786,calibration
8787,test
8788,calibration
8789,calibration
8790,fit
8791,fit
8792,calibration
8793,fit
8794,test
8795,fit
8797,calibration
8798,fit
8799,test
8800,calibration
8801,fit
8802,fit
8803,fit
8804,calibration
8805,fit
8806,fit
8807,calibration
8808,fit
8809,fit
8810,fit
8811,fit
8812,fit
8813,calibration
8814,fit
8815,fit
8816,fit
8817,fit
8818,fit
8819,fit
8820,fit
8822,fit
8823,calibration
8825,fit
8827,test
8828,fit
8829,fit
8830,fit
8831,calibration
8832,fit
8833,fit
8834,fit
8835,calibration
8836,fit
8837,fit
8838,fit
8839,fit
8840,calibration
8841,fit
8842,fit
8843,calibration
8844,fit
8845,fit
8846,calibration
8847,fit
8848,fit
8849,fit
8850,calibration
8851,fit
8852,fit
8854,calibration
8855,calibration
8856,test
8857,fit
8858,fit
8859,fit
8860,fit
8861,fit
8862,calibration
8863,fit
8864,calibration
8865,fit
8866,fit
8867,calibration
8868,fit
8869,fit
8870,fit
8871,fit
8872,fit
8873,calibration
8874,calibration
8875,fit
8876,test
8877,fit
8878,fit
8879,test
8880,fit
8881,fit
8882,fit
8883,calibration
8884,fit
8885,fit
8886,test
8888,test
8889,calibration
8890,calibration
8891,fit
8892,fit
8893,calibration
8895,calibration
8896,calibration
8897,fit
8898,calibration
8899,fit
8900,calibration
8901,test
8902,calibration
8903,test
8904,calibration
8905,fit
8906,test
8907,test
8908,fit
8909,fit
8910,fit
8911,fit
8912,fit
8913,test
8914,fit
8916,fit
8917,fit
8918,fit
8919,calibration
8920,calibration
8921,calibration
8922,fit
8923,test
8924,calibration
8925,test
8926,calibration
8927,fit
8928,fit
8929,fit
8930,test
8932,test
8933,fit
8934,test
8935,calibration
8936,fit
8937,fit
8938,test
8939,fit
8940,test
8942,calibration
8943,test
8944,fit
8945,calibration
8946,fit
8947,test
8948,calibration
8949,fit
8950,test
8951,fit
8952,fit
8953,fit
8954,fit
8955,fit
8956,fit
8957,calibration
8958,fit
8959,fit
8960,fit
8961,test
8962,fit
8963,fit
8964,fit
8965,test
8966,fit
8967,fit
8968,fit
8969,test
8971,fit
8972,fit
8973,fit
8974,fit
8975,fit
8976,fit
8977,fit
8978,fit
8979,fit
8980,fit
8981,fit
8982,fit
8983,fit
8984,calibration
8985,fit
8986,calibration
8987,test
8988,fit
8989,fit
8990,fit
8992,test
8993,test
8994,fit
8995,fit
8996,fit
8997,fit
8998,fit
8999,fit
9000,fit
9001,fit
9002,fit
9003,fit
9005,calibration
9006,fit
9007,fit
9008,fit
9009,test
9010,test
9011,fit
9012,fit
9013,fit
9014,fit
9015,fit
9016,calibration
9017,fit
9018,fit
9019,calibration
9020,fit
9021,fit
9023,test
9024,test
9025,fit
9026,fit
9027,fit
9028,calibration
9029,fit
9030,fit
9032,fit
9034,fit
9035,fit
9036,calibration
9037,test
9038,fit
9039,fit
9040,test
9041,calibration
9042,test
9043,fit
9044,fit
9045,fit
9046,fit
9047,calibration
9049,fit
9050,test
9051,fit
9052,test
9053,test
9054,test
9055,fit
9056,fit
9057,calibration
9058,test
9059,fit
9060,fit
9061,fit
9062,test
9064,test
9065,fit
9066,test
9068,test
9069,fit
9070,fit
9071,fit
9072,fit
9073,fit
9074,test
9075,calibration
9076,test
9077,fit
9078,fit
9079,fit
9080,fit
9081,calibration
9082,fit
9083,fit
9084,calibration
9085,test
9086,fit
9087,test
9088,fit
9089,fit
9090,calibration
9091,fit
9092,test
9093,fit
9094,calibration
9095,fit
9096,test
9097,fit
9098,test
9099,fit
9100,calibration
9101,fit
9102,calibration
9103,calibration
9104,test
9105,fit
9106,calibration
9107,test
9108,calibration
9109,test
9110,fit
9111,fit
9112,fit
9113,calibration
9114,calibration
9115,fit
9116,fit
9117,calibration
9118,calibration
9119,fit
9120,fit
9121,fit
9122,calibration
9123,test
9124,fit
9125,fit
9126,fit
9128,fit
9129,fit
9130,calibration
9131,calibration
9132,fit
9133,fit
9134,test
9135,calibration
9136,fit
9137,calibration
9138,fit
9139,fit
9140,fit
9141,test
9142,fit
9143,test
9144,test
9145,fit
9146,fit
9147,calibration
9148,fit
9149,fit
9150,fit
9152,fit
9153,calibration
9154,fit
9155,fit
9156,test
9157,fit
9158,fit
9159,fit
9160,fit
9161,test
9163,fit
9164,test
9165,calibration
9166,fit
9167,calibration
9168,test
9169,test
9170,fit
9171,test
9172,fit
9173,fit
9174,calibration
9175,fit
9176,fit
9177,fit
9178,calibration
9179,fit
9180,fit
9181,fit
9182,calibration
9183,fit
9184,fit
9186,fit
9187,fit
9188,fit
9189,fit
9190,fit
9191,fit
9192,fit
9193,fit
9194,calibration
9195,fit
9196,calibration
9197,fit
9198,fit
9199,test
9200,calibration
9201,fit
9202,fit
9203,fit
9204,test
9205,fit
9206,fit
9207,fit
9209,calibration
9210,fit
9211,fit
9212,calibration
9213,calibration
9214,calibration
9215,calibration
9216,test
9217,calibration
9218,test
9219,fit
9220,calibration
9221,fit
9222,fit
9223,fit
9224,fit
9225,fit
9226,fit
9227,calibration
9228,fit
9229,test
9230,fit
9231,test
9232,test
9233,fit
9234,calibration
9235,calibration
9236,calibration
9237,calibration
9238,fit
9239,calibration
9240,fit
9241,calibration
9242,fit
9243,calibration
9244,fit
9245,fit
9246,calibration
9248,calibration
9249,calibration
9250,test
9251,test
9252,calibration
9253,fit
9254,test
9255,calibration
9256,fit
9257,fit
9258,fit
9259,test
9260,fit
9261,test
9262,calibration
9263,fit
9264,test
9265,calibration
9266,fit
9267,fit
9268,fit
9269,test
9270,fit
9271,fit
9272,fit
9273,fit
9274,calibration
9275,fit
9276,fit
9277,test
9278,test
9279,fit
9280,fit
9281,fit
9282,fit
9283,test
9284,fit
9285,fit
9286,fit
9287,fit
9288,test
9289,fit
9290,fit
9291,calibration
9292,test
9293,fit
9294,test
9295,calibration
9296,fit
9297,test
9298,fit
9299,fit
9300,fit
9301,test
9303,fit
9304,fit
9305,test
9306,test
9307,calibration
9308,fit
9309,fit
9311,calibration
9312,fit
9313,fit
9314,fit
9315,fit
9316,calibration
9317,fit
9318,fit
9319,calibration
9320,fit
9321,test
9322,calibration
9323,fit
9324,fit
9325,fit
9326,calibration
9327,calibration
9328,calibration
9329,fit
9330,fit
9331,fit
9332,fit
9333,test
9334,calibration
9335,fit
9336,fit
9337,fit
9338,test
9339,fit
9340,fit
9341,fit
9342,fit
9344,fit
9345,test
9347,calibration
9348,test
9349,fit
9350,test
9351,calibration
9352,calibration
9353,test
9354,test
9355,fit
9356,fit
9357,calibration
9358,calibration
9359,fit
9360,fit
9361,test
9362,fit
9363,calibration
9364,test
9365,fit
9366,fit
9367,calibration
9369,test
9370,fit
9371,calibration
9373,fit
9374,fit
9375,test
9376,test
9377,fit
9378,test
9379,fit
9380,fit
9381,fit
9382,fit
9383,fit
9384,fit
9385,calibration
9386,fit
9388,fit
9389,fit
9390,fit
9391,fit
9392,calibration
9393,test
9394,test
9395,fit
9396,test
9397,fit
9399,fit
9400,calibration
9401,calibration
9402,test
9403,fit
9404,test
9405,fit
9406,fit
9407,calibration
9408,calibration
9409,test
9410,fit
9411,fit
9412,fit
9413,test
9414,calibration
9415,test
9416,calibration
9417,fit
9418,calibration
9419,calibration
9420,test
9421,calibration
9422,fit
9423,fit
9424,fit
9426,calibration
9427,fit
9428,fit
9429,fit
9430,calibration
9431,fit
9432,test
9433,calibration
9434,fit
9435,fit
9436,fit
9437,fit
9438,calibration
9439,test
9440,calibration
9441,fit
9442,fit
9443,fit
9444,test
9445,fit
9446,fit
9447,fit
9448,fit
9449,fit
9450,fit
9451,fit
9452,calibration
9453,fit
9454,fit
9455,fit
9456,test
9457,fit
9458,calibration
9459,calibration
9460,fit
9461,fit
9462,calibration
9463,fit
9464,test
9465,calibration
9466,fit
9467,fit
9469,calibration
9470,fit
9472,fit
9473,fit
9474,fit
9475,fit
9476,test
9478,fit
9479,fit
9481,fit
9482,fit
9483,test
9484,fit
9485,fit
9486,calibration
9487,fit
9488,calibration
9489,fit
9490,fit
9491,fit
9492,test
9493,fit
9494,test
9495,fit
9496,fit
9497,calibration
9498,calibration
9499,fit
9500,fit
9501,fit
9502,fit
9503,calibration
9504,calibration
9505,fit
9506,fit
9507,fit
9508,calibration
9509,fit
9510,fit
9511,fit
9512,calibration
9513,fit
9514,test
9515,fit
9516,fit
9517,calibration
9518,test
9519,calibration
9520,fit
9521,fit
9522,fit
9523,fit
9524,test
9525,fit
9526,fit
9527,calibration
9528,fit
9529,fit
9530,test
9531,fit
9532,calibration
9533,test
9534,fit
9535,test
9536,test
9537,fit
9538,fit
9539,fit
9540,fit
9541,fit
9542,calibration
9543,fit
9544,fit
9545,calibration
9546,test
9547,fit
9548,fit
9549,fit
9550,fit
9551,fit
9552,fit
9553,fit
9554,fit
9555,fit
9556,fit
9557,fit
9558,fit
9559,test
9560,fit
9561,test
9562,fit
9563,test
9564,fit
9565,calibration
9566,test
9567,calibration
9568,calibration
9569,fit
9570,calibration
9572,test
9573,fit
9574,fit
9575,calibration
9576,fit
9577,fit
9578,fit
9580,test
9581,fit
9582,fit
9583,fit
9584,fit
9585,fit
9586,test
9587,fit
9588,fit
9589,test
9590,fit
9591,test
9592,fit
9593,calibration
9594,fit
9595,fit
9596,calibration
9597,fit
9598,fit
9599,fit
9600,fit
9601,test
9602,fit
9603,calibration
9604,calibration
9605,fit
9606,calibration
9607,fit
9608,test
9609,test
9610,fit
9611,fit
9612,calibration
9613,fit
9614,fit
9615,fit
9616,fit
9617,fit
9618,test
9619,fit
9620,fit
9622,calibration
9623,calibration
9624,calibration
9625,calibration
9626,fit
9627,fit
9628,fit
9629,fit
9630,calibration
9631,test
9632,fit
9633,fit
9635,test
9636,test
9637,fit
9638,test
9639,calibration
9640,fit
9641,calibration
9642,fit
9643,fit
9644,calibration
9645,fit
9646,fit
9647,fit
9648,fit
9649,calibration
9650,fit
9651,calibration
9652,calibration
9653,fit
9654,fit
9655,calibration
9656,fit
9657,test
9658,fit
9659,fit
9660,calibration
9661,fit
9662,fit
9663,fit
9664,test
9665,fit
9666,calibration
9667,fit
9668,test
9669,test
9670,fit
9671,fit
9672,fit
9673,test
9674,calibration
9675,fit
9676,test
9677,fit
9678,fit
9679,calibration
9680,fit
9681,calibration
9682,test
9683,calibration
9684,fit
9685,fit
9686,test
9687,fit
9688,fit
9689,fit
9690,fit
9691,fit
9693,fit
9694,fit
9695,test
9696,fit
9697,fit
9698,fit
9699,fit
9700,calibration
9701,fit
9703,fit
9704,test
9705,fit
9706,test
9707,fit
9708,test
9709,fit
9710,fit
9711,fit
9712,fit
9713,fit
9714,calibration
9715,fit
9716,fit
9717,fit
9718,test
9719,fit
9720,fit
9721,calibration
9722,fit
9723,fit
9724,fit
9725,fit
9726,fit
9727,fit
9728,fit
9729,test
9730,fit
9731,test
9732,fit
9733,fit
9734,calibration
9735,test
9737,fit
9739,fit
9741,fit
9742,calibration
9743,fit
9744,fit
9745,calibration
9746,test
9747,fit
9748,fit
9749,test
9750,fit
9751,test
9752,fit
9753,fit
9754,fit
9755,test
9756,calibration
9757,test
9758,test
9759,fit
9760,fit
9761,calibration
9762,fit
9763,test
9764,calibration
9766,test
9767,test
9768,fit
9769,calibration
9770,calibration
9771,calibration
9772,calibration
9773,test
9774,calibration
9775,calibration
9776,fit
9777,fit
9778,calibration
9779,fit
9780,fit
9781,fit
9782,fit
9783,calibration
9784,fit
9785,calibration
9786,fit
9787,fit
9788,fit
9789,test
9790,calibration
9791,fit
9792,fit
9793,test
9794,calibration
9795,fit
9796,fit
9797,fit
9798,calibration
9799,fit
9800,fit
9801,fit
9802,test
9804,fit
9805,calibration
9806,fit
9807,fit
9809,fit
9810,test
9811,fit
9812,calibration
9813,fit
9814,fit
9816,fit
9817,fit
9818,fit
9819,fit
9820,test
9821,fit
9822,fit
9823,fit
9824,fit
9825,fit
9826,fit
9827,fit
9829,fit
9830,fit
9831,test
9832,fit
9833,fit
9834,test
9835,fit
9836,calibration
9837,fit
9838,fit
9839,calibration
9840,fit
9841,test
9842,fit
9843,fit
9844,fit
9845,fit
9846,test
9847,fit
9848,fit
9849,test
9850,fit
9851,fit
9852,fit
9853,fit
9854,fit
9856,calibration
9857,calibration
9858,fit
9859,fit
9860,fit
9861,fit
9862,test
9863,test
9864,fit
9865,fit
9866,test
9867,fit
9868,fit
9869,fit
9870,fit
9871,fit
9872,calibration
9873,fit
9874,test
9875,fit
9876,fit
9877,calibration
9878,test
9879,fit
9880,fit
9881,fit
9882,test
9883,test
9884,fit
9885,fit
9886,fit
9887,fit
9888,fit
9889,test
9890,fit
9891,test
9892,fit
9893,calibration
9894,fit
9895,fit
9896,calibration
9897,calibration
9898,calibration
9899,fit
9900,fit
9901,fit
9902,fit
9903,test
9904,fit
9905,fit
9906,fit
9907,fit
9908,fit
9909,fit
9910,test
9911,test
9912,fit
9913,fit
9914,fit
9916,calibration
9917,fit
9918,fit
9919,fit
9920,fit
9921,fit
9922,test
9923,fit
9925,test
9926,test
9927,test
9928,fit
9929,fit
9930,test
9931,fit
9932,fit
9933,fit
9934,fit
9935,test
9936,fit
9937,fit
9938,fit
9939,fit
9940,fit
9941,fit
9942,fit
9943,test
9945,fit
9946,fit
9947,fit
9948,calibration
9949,test
9951,calibration
9952,fit
9953,calibration
9954,calibration
9955,fit
9956,fit
9957,calibration
9958,fit
9959,fit
9960,test
9961,fit
9962,fit
9963,test
9964,fit
9965,test
9966,test
9967,fit
9968,test
9969,test
9970,calibration
9971,calibration
9972,fit
9973,fit
9974,fit
9975,fit
9976,fit
9977,fit
9978,fit
9979,fit
9980,calibration
9981,fit
9982,fit
9983,calibration
9984,fit
9985,fit
9986,calibration
9987,fit
9988,fit
9989,fit
9990,fit
9991,fit
9992,fit
9993,fit
9994,fit
9995,test
9996,fit
9997,calibration
9998,test
9999,test
10000,test
10001,fit
10002,fit
10003,test
10004,test
10005,calibration
10006,fit
10007,calibration
10008,test
10009,fit
10010,fit
10011,calibration
10012,calibration
10013,fit
10014,fit
10015,fit
10016,calibration
10017,fit
10018,fit
10019,fit
10020,fit
10021,fit
10022,test
10023,test
10024,fit
10025,fit
10026,test
10027,fit
10028,fit
10029,test
10030,test
10031,fit
10032,fit
10033,fit
10034,test
10035,fit
10036,test
10037,calibration
10038,fit
10039,fit
10040,fit
10041,fit
10042,test
10043,fit
10044,fit
10045,calibration
10046,fit
10047,fit
10048,fit
10049,calibration
10050,fit
10051,fit
10052,calibration
10053,fit
10054,fit
10056,fit
10057,fit
10058,test
10059,fit
10060,fit
10061,test
10062,fit
10063,fit
10064,calibration
10065,test
10066,test
10067,calibration
10068,calibration
10069,calibration
10070,fit
10072,fit
10073,fit
10074,test
10075,fit
10076,fit
10077,calibration
10078,calibration
10079,fit
10080,fit
10081,test
10082,fit
10083,test
10084,calibration
10085,fit
10086,fit
10087,fit
10088,fit
10089,fit
10090,fit
10091,calibration
10092,calibration
10093,fit
10094,calibration
10095,calibration
10096,test
10097,fit
10098,fit
10099,fit
10100,calibration
10101,fit
10102,fit
10103,test
10104,fit
10106,fit
10107,fit
10108,test
10109,fit
10110,test
10111,fit
10112,calibration
10113,fit
10114,fit
10115,calibration
10116,fit
10117,calibration
10118,fit
10119,fit
10120,calibration
10121,test
10122,fit
10123,test
10124,fit
10125,test
10126,fit
10127,fit
10128,fit
10129,calibration
10130,fit
10131,calibration
10132,test
10133,calibration
10134,fit
10135,fit
10136,test
10137,fit
10138,fit
10139,fit
10140,calibration
10141,test
10142,test
10143,fit
10144,fit
10145,calibration
10146,calibration
10147,test
10149,calibration
10150,calibration
10151,fit
10152,test
10153,fit
10154,fit
10155,calibration
10156,test
10157,test
10158,calibration
10159,fit
10161,fit
10162,fit
10163,fit
10164,test
10165,fit
10166,calibration
10167,calibration
10169,fit
10170,fit
10171,fit
10172,fit
10173,fit
10174,test
10175,test
10176,test
10177,test
10178,fit
10179,fit
10180,fit
10181,fit
10182,fit
10183,calibration
10184,fit
10185,fit
10186,calibration
10187,test
10188,test
10189,test
10190,fit
10191,test
10192,fit
10194,test
10195,calibration
10196,fit
10197,fit
10198,fit
10199,fit
10200,fit
10201,fit
10202,fit
10203,fit
10204,calibration
10205,calibration
10206,calibration
10207,test
10208,test
10209,fit
10210,fit
10212,fit
10213,fit
10214,test
10215,fit
10216,fit
10217,calibration
10218,test
10219,fit
10220,calibration
10221,calibration
10222,fit
10223,fit
10225,fit
10226,fit
10227,test
10228,calibration
10229,fit
10230,fit
10231,calibration
10233,fit
10234,calibration
10235,fit
10236,fit
10237,fit
10238,fit
10240,fit
10241,calibration
10242,fit
10243,fit
10244,fit
10245,fit
10246,fit
10247,fit
10248,fit
10249,test
10250,fit
10251,fit
10252,fit
10253,fit
10255,calibration
10257,fit
10258,calibration
10259,calibration
10260,fit
10261,fit
10262,fit
10263,fit
10264,test
10265,fit
10266,fit
10267,fit
10268,calibration
10269,fit
10270,fit
10272,fit
10273,test
10274,calibration
10275,test
10276,fit
10277,fit
10278,fit
10279,fit
10280,calibration
10281,test
10282,fit
10283,fit
10284,fit
10285,fit
10286,fit
10287,fit
10288,fit
10289,fit
10290,test
10291,fit
10292,test
10293,fit
10294,fit
10295,fit
10296,fit
10297,calibration
10298,test
10299,test
10300,fit
10301,fit
10302,calibration
10303,fit
10304,fit
10305,calibration
10306,calibration
10307,calibration
10308,fit
10309,test
10310,fit
10311,fit
10312,test
10313,fit
10314,fit
10315,fit
10316,fit
10317,test
10318,test
10319,fit
10320,test
10321,calibration
10322,fit
10323,test
10324,test
10325,calibration
10326,fit
10327,fit
10328,fit
10329,test
10330,fit
10331,fit
10332,fit
10333,fit
10335,fit
10336,fit
10337,calibration
10338,fit
10339,fit
10340,fit
10341,fit
10342,fit
10343,fit
10344,calibration
10345,fit
10346,calibration
10347,test
10348,fit
10349,test
10350,fit
10351,fit
10352,fit
10353,fit
10354,fit
10355,fit
10356,fit
10357,fit
10358,test
10359,calibration
10360,fit
10361,fit
10362,fit
10363,fit
10364,fit
10366,calibration
10367,fit
10368,fit
10369,test
10370,calibration
10371,fit
10372,fit
10373,fit
10374,test
10375,fit
10376,calibration
10377,fit
10378,test
10379,fit
10382,fit
10383,calibration
10384,fit
10385,fit
10386,test
10388,fit
10389,calibration
10390,fit
10391,test
10392,fit
10393,test
10394,fit
10395,fit
10396,test
10397,fit
10398,fit
10399,test
10400,calibration
10401,test
10402,fit
10403,fit
10404,calibration
10405,fit
10407,calibration
10408,fit
10410,test
10411,fit
10412,fit
10413,fit
10414,calibration
10415,calibration
10416,fit
10417,fit
10418,test
10419,fit
10420,calibration
10422,fit
10423,fit
10424,fit
10425,calibration
10426,test
10427,fit
10428,fit
10429,fit
10430,fit
10431,fit
10432,calibration
10433,calibration
10434,fit
10435,fit
10436,fit
10437,fit
10438,fit
10439,test
10440,fit
10441,fit
10442,fit
10444,fit
10445,test
10446,fit
10448,test
10449,test
10450,test
10451,calibration
10452,fit
10453,fit
10454,calibration
10455,calibration
10456,fit
10457,calibration
10458,calibration
10459,calibration
10460,fit
10461,fit
10462,calibration
10463,fit
10464,test
10465,fit
10466,calibration
10467,test
10468,test
10470,calibration
10471,calibration
10472,calibration
10473,test
10474,fit
10475,calibration
10476,fit
10477,calibration
10478,test
10479,fit
10480,fit
10481,fit
10482,fit
10483,fit
10484,fit
10485,fit
10486,fit
10487,test
10488,fit
10489,calibration
10490,fit
10491,calibration
10492,fit
10493,fit
10494,fit
10495,fit
10496,test
10497,calibration
10498,fit
10499,fit
10500,test
10501,fit
10502,test
10503,fit
10504,fit
10505,fit
10506,fit
10508,fit
10509,fit
10511,fit
10512,fit
10513,calibration
10514,fit
10515,fit
10516,fit
10518,calibration
10519,fit
10520,fit
10521,calibration
10522,fit
10523,calibration
10524,fit
10525,fit
10526,fit
10527,fit
10528,test
10529,fit
10530,calibration
10531,fit
10533,fit
10534,calibration
10535,fit
10536,calibration
10537,calibration
10538,fit
10539,fit
10541,fit
10542,calibration
10543,fit
10544,fit
10545,fit
10546,test
10547,fit
10548,test
10549,fit
10550,test
10551,fit
10552,fit
10553,fit
10554,test
10555,fit
10556,calibration
10557,test
10558,fit
10560,fit
10561,fit
10562,fit
10563,fit
10564,fit
10565,fit
10566,fit
10567,test
10568,fit
10569,fit
10570,fit
10571,fit
10572,test
10573,fit
10574,fit
10575,fit
10576,fit
10577,fit
10578,fit
10579,test
10580,calibration
10581,fit
10582,test
10583,fit
10584,fit
10585,test
10586,fit
10587,fit
10588,calibration
10589,calibration
10590,calibration
10591,fit
10593,fit
10594,calibration
10595,fit
10596,fit
10597,calibration
10598,fit
10599,fit
10600,fit
10601,fit
10602,test
10603,calibration
10605,test
10606,calibration
10607,calibration
10609,test
10610,test
10611,calibration
10612,fit
10613,fit
10614,test
10615,fit
10616,fit
10617,test
10618,test
10619,fit
10620,fit
10621,fit
10622,calibration
10623,fit
10624,fit
10625,test
10626,calibration
10627,fit
10628,test
10629,fit
10630,fit
10631,fit
10632,fit
10633,fit
10634,test
10635,fit
10636,fit
10637,fit
10638,fit
10639,fit
10640,fit
10641,test
10642,calibration
10643,test
10644,test
10645,fit
10646,fit
10647,test
10648,fit
10649,calibration
10653,fit
10654,fit
10655,test
10656,test
10657,fit
10658,fit
10659,fit
10660,test
10661,fit
10662,fit
10663,test
10664,fit
10665,fit
10666,fit
10667,fit
10668,calibration
10669,calibration
10670,fit
10671,fit
10672,fit
10673,fit
10674,fit
10675,fit
10676,calibration
10677,fit
10678,fit
10679,fit
10680,test
10681,fit
10682,fit
10683,fit
10684,fit
10685,test
10686,fit
10687,test
10688,fit
10689,test
10690,fit
10691,fit
10692,fit
10693,test
10694,fit
10695,fit
10696,calibration
10698,test
10699,fit
10700,fit
10701,fit
10702,fit
10703,fit
10704,fit
10705,fit
10706,calibration
10707,calibration
10708,fit
10709,calibration
10710,fit
10712,calibration
10713,test
10715,calibration
10716,calibration
10717,fit
10718,calibration
10720,test
10721,fit
10722,test
10723,test
10724,fit
10725,calibration
10726,fit
10727,fit
10728,calibration
10729,fit
10730,calibration
10731,calibration
10732,fit
10734,test
10736,fit
10737,fit
10738,test
10739,fit
10740,fit
10741,test
10742,fit
10743,fit
10744,test
10745,calibration
10746,calibration
10747,fit
10748,fit
10749,test
10750,fit
10751,fit
10752,fit
10753,fit
10755,test
10756,calibration
10757,fit
10758,test
10759,calibration
10760,fit
10761,fit
10762,fit
10763,fit
10764,fit
10765,fit
10766,fit
10767,fit
10768,fit
10769,calibration
10770,fit
10771,fit
10772,test
10773,fit
10774,fit
10775,calibration
10776,fit
10777,fit
10778,test
10779,test
10780,fit
10781,calibration
10782,fit
10784,calibration
10785,calibration
10786,test
10787,test
10788,fit
10789,calibration
10790,fit
10791,test
10792,test
10793,calibration
10794,fit
10795,fit
10796,calibration
10797,test
10798,calibration
10799,fit
10800,test
10801,fit
10802,fit
10803,fit
10804,calibration
10805,fit
10806,calibration
10807,calibration
10808,fit
10809,fit
10810,calibration
10811,fit
10812,fit
10813,fit
10814,fit
10815,fit
10816,calibration
10817,fit
10818,calibration
10819,calibration
10820,calibration
10821,calibration
10822,calibration
10823,fit
10824,calibration
10825,fit
10826,fit
10827,test
10828,fit
10829,fit
10830,calibration
10831,fit
10832,test
10833,calibration
10834,calibration
10835,fit
10836,fit
10837,test
10839,test
10842,fit
10843,fit
10844,fit
10845,test
10846,test
10847,fit
10848,fit
10849,test
10850,fit
10851,calibration
10852,fit
10853,fit
10854,fit
10855,test
10856,test
10857,fit
10858,calibration
10859,calibration
10860,fit
10861,fit
10862,fit
10863,test
10864,test
10865,fit
10866,calibration
10867,fit
10868,fit
10869,fit
10870,test
10871,fit
10872,calibration
10873,calibration
10874,fit
10875,calibration
10876,fit
10877,fit
10878,test
10879,fit
10880,calibration
10881,calibration
10883,fit
10884,fit
10885,calibration
10886,fit
10887,calibration
10888,test
10889,fit
10890,fit
10891,fit
10892,test
10893,fit
10894,calibration
10895,fit
10896,fit
10897,fit
10898,fit
10899,fit
10900,fit
10901,fit
10902,fit
10903,test
10904,fit
10905,test
10906,test
10907,fit
10908,fit
10909,test
10910,fit
10911,fit
10912,test
10913,fit
10914,test
10915,fit
10916,fit
10917,test
10918,test
10919,fit
10920,fit
10921,fit
10922,calibration
10923,test
10925,fit
10926,test
10927,test
10928,calibration
10929,fit
10930,test
10931,fit
10932,fit
10934,calibration
10935,fit
10936,fit
10937,fit
10938,test
10939,fit
10940,test
10941,fit
10942,test
10943,calibration
10944,calibration
10945,calibration
10946,fit
10947,calibration
10948,fit
10949,fit
10950,fit
10951,calibration
10952,test
10953,fit
10954,fit
10955,test
10956,test
10957,fit
10958,calibration
10959,fit
10960,test
10961,fit
10962,test
10963,fit
10964,test
10965,calibration
10966,fit
10967,test
10968,fit
10969,fit
10970,test
10971,calibration
10972,test
10973,fit
10974,fit
10975,test
10976,fit
10977,fit
10978,fit
10979,fit
10980,calibration
10981,fit
10982,fit
10984,fit
10985,fit
10986,test
10987,fit
10988,calibration
10989,fit
10990,test
10993,fit
10994,fit
10995,fit
10996,fit
10997,calibration
10998,fit
10999,calibration
11000,fit
11001,fit
11002,calibration
11003,calibration
11004,fit
11006,fit
11007,test
11008,fit
11009,calibration
11010,fit
11011,calibration
11012,fit
11013,fit
11014,fit
11015,fit
11016,fit
11017,fit
11018,fit
11019,fit
11020,test
11021,test
11022,fit
11024,fit
11025,fit
11026,test
11027,fit
11028,fit
11029,test
11030,fit
11031,fit
11032,calibration
11033,test
11034,fit
11035,fit
11036,test
11037,calibration
11038,fit
11039,test
11040,calibration
11041,calibration
11042,fit
11044,fit
11045,test
11046,fit
11047,fit
11048,test
11049,test
11050,fit
11051,test
11052,fit
11053,calibration
11054,fit
11055,fit
11056,fit
11057,calibration
11058,fit
11059,fit
11060,calibration
11061,fit
11062,fit
11063,fit
11065,test
11066,calibration
11067,test
11068,calibration
11069,fit
11070,calibration
11071,test
11072,fit
11073,fit
11074,fit
11075,test
11076,test
11077,fit
11078,test
11079,calibration
11082,calibration
11083,fit
11084,fit
11085,fit
11086,fit
11087,fit
11088,fit
11089,calibration
11090,calibration
11091,calibration
11092,fit
11093,fit
11094,fit
11095,test
11096,calibration
11097,calibration
11098,fit
11099,fit
11100,calibration
11101,fit
11102,fit
11103,fit
11104,test
11105,fit
11106,fit
11107,fit
11108,fit
11109,fit
11110,test
11111,fit
11112,fit
11113,fit
11114,calibration
11115,fit
11116,fit
11117,fit
11118,fit
11119,calibration
11120,calibration
11121,fit
11122,fit
11123,test
11124,fit
11125,fit
11126,fit
11127,fit
11128,fit
11129,fit
11130,fit
11131,test
11132,fit
11133,test
11134,test
11135,calibration
11136,fit
11137,test
11138,fit
11139,calibration
11140,fit
11141,calibration
11142,fit
11143,calibration
11144,test
11145,test
11146,test
11147,calibration
11148,fit
11149,test
11150,calibration
11151,calibration
11152,fit
11153,test
11154,test
11155,fit
11156,fit
11157,calibration
11158,fit
11159,test
11160,calibration
11161,fit
11162,fit
11163,fit
11164,fit
11165,fit
11167,fit
11168,test
11169,test
11170,test
11171,fit
11172,calibration
11173,fit
11174,calibration
11175,calibration
11176,fit
11177,calibration
11178,fit
11179,fit
11180,fit
11181,fit
11182,fit
11183,test
11184,test
11185,fit
11186,calibration
11187,fit
11188,fit
11189,fit
11190,fit
11191,fit
11192,calibration
11193,fit
11194,fit
11195,calibration
11196,fit
11197,fit
11198,calibration
11199,fit
11200,test
11201,test
11202,fit
11203,test
11204,fit
11205,fit
11206,fit
11207,fit
11208,fit
11209,calibration
11210,test
11211,fit
11212,fit
11213,fit
11214,fit
11215,test
11216,fit
11217,test
11218,calibration
11219,test
11220,fit
11221,test
11222,fit
11223,fit
11224,fit
11225,fit
11226,test
11227,fit
11228,fit
11229,fit
11230,fit
11231,fit
11232,fit
11233,fit
11234,fit
11235,test
11236,calibration
11237,fit
11239,fit
11240,fit
11241,fit
11242,fit
11243,fit
11244,fit
11245,fit
11246,calibration
11247,fit
11248,test
11249,fit
11250,fit
11251,fit
11252,fit
11253,test
11254,fit
11256,calibration
11257,fit
11258,fit
11259,fit
11260,calibration
11261,fit
11262,calibration
11263,calibration
11264,fit
11265,fit
11266,test
11268,fit
11269,calibration
11270,fit
11271,test
11272,calibration
11273,calibration
11274,fit
11275,fit
11276,fit
11277,fit
11278,fit
11279,fit
11280,fit
11281,test
11282,fit
11283,calibration
11284,fit
11285,fit
11286,fit
11287,fit
11288,fit
11289,fit
11290,calibration
11291,fit
11292,fit
11293,test
11294,test
11295,test
11296,fit
11298,fit
11299,fit
11300,test
11301,calibration
11302,fit
11303,fit
11304,fit
11305,calibration
11306,calibration
11307,fit
11308,fit
11309,fit
11310,fit
11311,calibration
11312,fit
11313,fit
11314,test
11315,fit
11316,fit
11317,test
11318,fit
11319,fit
11320,fit
11321,fit
11322,test
11323,fit
11324,fit
11325,fit
11326,fit
11329,fit
11330,test
11331,fit
11332,fit
11333,fit
11334,calibration
11336,fit
11337,fit
11338,calibration
11339,fit
11340,fit
11341,fit
11342,fit
11343,test
11344,fit
11345,fit
11346,fit
11347,test
11348,fit
11349,test
11350,test
11351,test
11352,calibration
11353,fit
11354,fit
11355,test
11356,fit
11358,fit
11359,fit
11360,fit
11361,test
11362,calibration
11363,calibration
11364,fit
11365,fit
11366,fit
11367,fit
11369,test
11370,calibration
11371,fit
11372,calibration
11373,test
11374,test
11375,fit
11376,calibration
11377,calibration
11378,fit
11379,fit
11380,fit
11381,calibration
11382,fit
11383,fit
11384,fit
11385,fit
11386,fit
11387,fit
11388,test
11389,fit
11390,test
11391,calibration
11392,fit
11393,fit
11394,test
11395,fit
11397,test
11398,fit
11399,fit
11401,fit
11402,fit
11403,fit
11404,fit
11405,test
11406,fit
11407,test
11408,test
11409,fit
11410,test
11411,fit
11412,fit
11413,fit
11414,fit
11415,fit
11416,fit
11417,fit
11418,test
11419,fit
11420,calibration
11421,calibration
11422,test
11423,fit
11424,fit
11425,test
11426,fit
11427,fit
11428,test
11429,calibration
11430,fit
11431,fit
11432,fit
11433,calibration
11434,fit
11435,fit
11436,fit
11437,fit
11438,calibration
11439,calibration
11440,fit
11441,test
11442,fit
11443,test
11444,fit
11445,fit
11446,fit
11447,fit
11448,fit
11449,fit
11450,fit
11451,calibration
11452,fit
11453,fit
11454,fit
11455,test
11456,fit
11457,fit
11458,calibration
11459,test
11460,fit
11461,test
11462,calibration
11463,calibration
11464,fit
11465,fit
11466,fit
11467,fit
11468,test
11469,calibration
11470,fit
11471,test
11472,test
11473,test
11474,fit
11475,calibration
11476,test
11477,fit
11478,fit
11480,fit
11481,fit
11482,fit
11483,fit
11484,calibration
11485,test
11486,calibration
11487,fit
11488,fit
11489,fit
11490,fit
11491,fit
11492,fit
11493,fit
11494,test
11495,fit
11496,fit
11497,fit
11498,fit
11499,test
11501,fit
11502,calibration
11503,fit
11506,fit
11507,fit
11508,fit
11509,fit
11510,fit
11511,test
11512,fit
11513,fit
11514,test
11515,test
11516,test
11517,fit
11518,fit
11519,calibration
11520,fit
11521,fit
11522,test
11524,fit
11525,test
11526,fit
11527,fit
11528,fit
11529,fit
11530,fit
11533,calibration
11534,fit
11535,fit
11536,fit
11537,fit
11538,fit
11539,fit
11540,fit
11541,fit
11542,fit
11543,test
11544,calibration
11545,calibration
11546,fit
11547,fit
11548,test
11549,test
11550,fit
11551,fit
11552,calibration
11553,fit
11554,fit
11555,test
11556,fit
11557,fit
11558,calibration
11559,calibration
11560,fit
11561,fit
11562,test
11563,test
11564,fit
11565,fit
11566,fit
11567,fit
11568,fit
11569,fit
11570,test
11571,fit
11572,fit
11573,fit
11574,fit
11575,fit
11576,test
11577,fit
11578,fit
11579,test
11580,fit
11581,fit
11582,fit
11583,test
11584,calibration
11586,fit
11587,test
11588,fit
11589,fit
11590,calibration
11591,calibration
11592,test
11593,fit
11594,test
11595,test
11596,fit
11597,fit
11598,calibration
11599,fit
11601,calibration
11602,fit
11603,test
11604,fit
11605,test
11606,test
11608,fit
11609,fit
11611,test
11612,test
11613,fit
11614,fit
11615,calibration
11616,fit
11617,fit
11618,fit
11619,fit
11620,calibration
11621,calibration
11622,calibration
11623,fit
11624,calibration
11625,fit
11626,fit
11627,fit
11628,fit
11629,test
11630,test
11631,fit
11632,calibration
11633,fit
11634,test
11635,test
11636,fit
11637,fit
11638,test
11639,calibration
11640,test
11641,calibration
11642,test
11643,test
11644,fit
11645,calibration
11646,fit
11647,fit
11648,test
11649,fit
11650,calibration
11651,test
11652,test
11653,fit
11654,calibration
11655,fit
11656,fit
11657,fit
11658,fit
11659,fit
11660,fit
11661,fit
11662,test
11663,test
11664,fit
11665,fit
11666,test
11667,calibration
11668,test
11669,test
11670,fit
11671,calibration
11672,fit
11673,test
11674,test
11675,fit
11676,calibration
11677,calibration
11678,fit
11679,fit
11680,test
11681,fit
11682,fit
11683,test
11684,calibration
11685,fit
11686,fit
11687,test
11688,fit
11689,test
11690,calibration
11691,fit
11692,test
11693,calibration
11694,fit
11695,fit
11696,calibration
11697,calibration
11698,fit
11699,test
11700,fit
11701,fit
11702,fit
11703,fit
11704,calibration
11705,fit
11706,fit
11707,fit
11709,fit
11711,fit
11712,fit
11713,fit
11714,fit
11715,calibration
11716,fit
11717,test
11718,calibration
11719,calibration
11720,fit
11721,fit
11722,fit
11723,fit
11724,calibration
11725,fit
11726,fit
11727,calibration
11728,fit
11729,fit
11730,test
11731,fit
11732,fit
11733,fit
11734,fit
11735,fit
11736,fit
11737,fit
11738,test
11739,calibration
11740,calibration
11741,test
11742,fit
11743,calibration
11744,fit
11745,fit
11746,test
11747,fit
11748,calibration
11749,fit
11750,fit
11751,fit
11752,fit
11753,fit
11754,fit
11755,fit
11756,test
11757,fit
11758,test
11759,fit
11760,fit
11761,fit
11762,fit
11763,calibration
11764,test
11765,fit
11767,fit
11768,fit
11769,calibration
11771,fit
11772,test
11773,calibration
11774,fit
11775,test
11776,fit
11777,fit
11778,fit
11779,calibration
11780,fit
11781,fit
11782,calibration
11783,test
11784,fit
11785,fit
11786,fit
11787,fit
11788,calibration
11789,fit
11790,fit
11791,fit
11792,fit
11793,fit
11794,fit
11795,fit
11796,fit
11797,fit
11798,test
11799,calibration
11800,test
11801,fit
11802,fit
11803,fit
11804,fit
11805,test
11806,fit
11807,calibration
11808,fit
11809,fit
11810,calibration
11811,test
11812,fit
11813,fit
11814,calibration
11815,test
11816,fit
11817,fit
11818,fit
11819,fit
11820,fit
11821,fit
11822,test
11823,fit
11824,calibration
11825,test
11826,test
11827,test
11828,fit
11829,calibration
11830,fit
11831,fit
11832,fit
11833,calibration
11834,test
11835,fit
11836,fit
11837,test
11838,test
11839,fit
11840,calibration
11841,fit
11842,fit
11843,fit
11844,fit
11845,calibration
11846,fit
11847,test
11848,fit
11849,test
11850,calibration
11851,fit
11852,fit
11853,test
11854,fit
11855,calibration
11856,fit
11857,calibration
11858,fit
11860,fit
11861,fit
11862,fit
11864,test
11865,calibration
11866,fit
11867,fit
11868,fit
11869,test
11870,test
11871,calibration
11872,fit
11873,fit
11874,calibration
11875,fit
11876,fit
11877,fit
11878,test
11879,calibration
11880,test
11881,fit
11882,fit
11883,test
11884,fit
11885,test
11886,fit
11887,fit
11888,test
11889,calibration
11890,fit
11891,fit
11892,calibration
11893,test
11894,fit
11895,fit
11896,test
11897,test
11898,test
11899,test
11900,fit
11901,calibration
11902,fit
11903,test
11904,fit
11905,fit
11906,calibration
11909,fit
11910,test
11911,fit
11912,fit
11913,fit
11914,calibration
11915,test
11916,fit
11917,fit
11918,calibration
11919,fit
11920,fit
11921,fit
11922,test
11923,fit
11924,calibration
11925,test
11926,fit
11927,calibration
11928,fit
11929,fit
11930,fit
11931,fit
11932,fit
11933,fit
11934,fit
11935,fit
11936,test
11937,test
11938,fit
11939,fit
11940,fit
11941,fit
11943,calibration
11944,test
11945,fit
11946,fit
11947,fit
11948,calibration
11949,calibration
11950,calibration
11951,fit
11952,test
11953,fit
11954,test
11955,calibration
11956,calibration
11957,fit
11958,fit
11959,fit
11960,calibration
11961,fit
11962,test
11963,fit
11964,fit
11965,fit
11966,fit
11967,test
11968,test
11969,fit
11970,fit
11971,test
11972,test
11973,calibration
11974,test
11975,fit
11976,fit
11978,test
11979,calibration
11980,fit
11981,fit
11982,fit
11983,fit
11984,fit
11985,fit
11986,fit
11987,fit
11988,test
11989,fit
11990,calibration
11991,fit
11992,fit
11993,calibration
11994,fit
11995,fit
11996,fit
11997,test
11998,calibration
11999,fit
12000,fit
12001,test
12002,fit
12003,calibration
12004,fit
12005,fit
12006,fit
12007,fit
12008,fit
12009,fit
12010,test
12011,fit
12012,fit
12013,fit
12014,fit
12015,fit
12016,fit
12017,fit
12018,calibration
12019,calibration
12020,test
12021,calibration
12022,calibration
12023,calibration
12024,test
12025,fit
12029,fit
12030,fit
12031,fit
12032,fit
12033,calibration
12034,fit
12035,calibration
12036,fit
12037,fit
12038,test
12039,test
12040,fit
12041,fit
12042,fit
12043,fit
12044,fit
12045,test
12046,fit
12047,test
12048,fit
12049,calibration
12050,fit
12051,calibration
12052,fit
12053,fit
12054,fit
12055,fit
12056,fit
12057,fit
12058,calibration
12059,test
12060,fit
12061,fit
12062,fit
12063,fit
12064,test
12065,calibration
12066,fit
12067,calibration
12068,fit
12069,fit
12070,fit
12071,test
12072,fit
12073,fit
12074,test
12075,test
12076,fit
12078,fit
12079,fit
12080,test
12081,fit
12082,fit
12083,fit
12084,fit
12085,fit
12086,fit
12087,calibration
12088,test
12089,test
12090,fit
12091,fit
12092,test
12093,fit
12094,test
12095,fit
12096,calibration
12097,calibration
12098,fit
12099,fit
12101,test
12102,fit
12103,calibration
12104,fit
12105,fit
12106,test
12107,fit
12108,fit
12109,test
12110,test
12111,fit
12112,calibration
12113,fit
12114,calibration
12115,fit
12116,calibration
12118,test
12119,fit
12120,fit
12121,fit
12122,fit
12123,fit
12124,calibration
12125,fit
12126,test
12127,fit
12128,fit
12129,fit
12130,fit
12131,calibration
12132,fit
12133,fit
12134,calibration
12135,test
12136,fit
12137,fit
12138,test
12139,test
12140,fit
12141,test
12142,fit
12143,test
12144,calibration
12145,test
12146,calibration
12147,fit
12148,calibration
12149,fit
12150,calibration
12151,fit
12152,test
12153,test
12154,fit
12155,calibration
12156,test
12157,fit
12158,calibration
12159,fit
12160,fit
12161,fit
12162,calibration
12163,calibration
12164,test
12165,fit
12166,fit
12167,fit
12168,fit
12169,fit
12170,test
12171,fit
12172,test
12173,calibration
12174,fit
12175,fit
12176,fit
12177,fit
12180,fit
12181,fit
12182,calibration
12183,fit
12184,fit
12185,fit
12186,fit
12187,fit
12188,calibration
12189,calibration
12190,calibration
12191,fit
12192,fit
12193,test
12194,fit
12195,calibration
12196,fit
12197,calibration
12198,fit
12200,fit
12202,fit
12203,fit
12204,fit
12205,test
12206,calibration
12207,test
12208,test
12209,fit
12210,fit
12211,fit
12212,test
12213,calibration
12214,calibration
12215,calibration
12216,fit
12217,fit
12218,test
12220,fit
12221,test
12222,fit
12223,test
12224,test
12225,fit
12226,fit
12227,test
12228,fit
12229,test
12230,fit
12231,calibration
12232,fit
12233,calibration
12234,fit
12235,calibration
12236,fit
12237,fit
12238,test
12239,fit
12240,calibration
12241,calibration
12242,fit
12244,test
12245,fit
12246,fit
12247,fit
12248,test
12249,fit
12250,test
12251,fit
12252,fit
12253,test
12255,fit
12256,fit
12257,test
12258,test
12259,test
12260,fit
12261,calibration
12262,fit
12263,test
12264,calibration
12266,test
12267,fit
12268,fit
12269,calibration
12270,fit
12272,fit
12273,fit
12274,test
12275,calibration
12276,fit
12277,fit
12278,test
12279,fit
12280,test
12281,fit
12282,test
12283,test
12284,test
12285,fit
12286,calibration
12287,fit
12289,test
12290,test
12291,fit
12292,fit
12293,test
12294,fit
12295,fit
12296,test
12297,test
12298,calibration
12299,fit
12300,calibration
12301,test
12302,fit
12303,test
12304,fit
12305,calibration
12306,fit
12307,test
12308,fit
12309,fit
12310,fit
12311,fit
12313,fit
12314,fit
12315,fit
12316,fit
12317,fit
12318,fit
12319,fit
12320,test
12321,fit
12322,test
12323,fit
12324,fit
12325,fit
12326,fit
12327,calibration
12328,fit
12329,fit
12330,fit
12331,test
12332,calibration
12333,test
12334,fit
12335,fit
12336,fit
12337,fit
12338,fit
12339,fit
12340,test
12341,fit
12342,fit
12343,fit
12344,fit
12345,fit
12346,fit
12347,test
12348,fit
12349,fit
12350,fit
12351,fit
12352,fit
12353,calibration
12354,fit
12355,fit
12356,fit
12357,fit
12358,calibration
12359,fit
12360,fit
12361,fit
12362,test
12363,fit
12364,fit
12365,fit
12366,fit
12367,test
12368,test
12369,test
12370,fit
12371,calibration
12372,fit
12373,fit
12374,calibration
12375,test
12377,fit
12378,fit
12379,calibration
12380,test
12381,fit
12382,test
12383,test
12384,calibration
12385,calibration
12386,calibration
12387,test
12389,calibration
12390,calibration
12391,fit
12392,fit
12394,fit
12395,fit
12396,fit
12397,fit
12398,fit
12399,test
12400,test
12401,fit
12402,fit
12403,calibration
12404,fit
12405,fit
12406,calibration
12407,calibration
12408,fit
12409,calibration
12411,fit
12412,fit
12413,fit
12414,calibration
12415,fit
12416,fit
12417,test
12418,fit
12419,fit
12420,test
12421,fit
12422,test
12423,calibration
12424,fit
12425,fit
12426,fit
12427,fit
12428,fit
12429,fit
12430,fit
12431,fit
12432,fit
12434,fit
12435,fit
12436,fit
12437,test
12438,calibration
12439,fit
12440,fit
12441,fit
12442,fit
12443,test
12444,test
12445,fit
12446,calibration
12447,test
12448,test
12449,fit
12450,test
12452,fit
12453,test
12454,fit
12455,fit
12456,fit
12457,test
12458,test
12459,calibration
12460,fit
12461,fit
12462,test
12463,fit
12464,fit
12465,fit
12466,fit
12467,test
12468,fit
12469,fit
12470,calibration
12471,fit
12472,fit
12473,fit
12475,test
12476,calibration
12477,fit
12478,test
12479,fit
12480,fit
12481,fit
12482,fit
12483,fit
12484,fit
12485,fit
12486,fit
12487,calibration
12488,fit
12489,calibration
12490,fit
12491,fit
12492,test
12493,fit
12494,fit
12496,fit
12497,fit
12499,calibration
12500,calibration
12502,fit
12503,test
12504,test
12505,test
12506,fit
12507,fit
12508,fit
12509,fit
12510,calibration
12511,fit
12512,fit
12513,fit
12514,calibration
12515,fit
12516,test
12517,calibration
12518,test
12519,calibration
12520,test
12521,fit
12522,fit
12523,calibration
12524,test
12525,fit
12526,fit
12527,fit
12528,fit
12530,test
12531,fit
12532,fit
12533,fit
12534,fit
12535,fit
12536,fit
12537,calibration
12538,test
12539,calibration
12540,fit
12541,fit
12542,fit
12543,fit
12544,calibration
12545,fit
12547,test
12548,test
12549,fit
12550,fit
12551,fit
12552,fit
12553,calibration
12554,fit
12555,fit
12556,calibration
12557,calibration
12558,calibration
12559,fit
12560,fit
12561,calibration
12562,fit
12563,test
12564,fit
12565,test
12566,fit
12567,fit
12568,fit
12569,test
12570,fit
12571,calibration
12572,test
12573,test
12574,test
12575,test
12576,calibration
12577,calibration
12578,calibration
12579,fit
12580,fit
12581,test
12582,calibration
12583,test
12584,fit
12585,calibration
12586,test
12587,test
12588,fit
12589,calibration
12590,fit
12591,calibration
12592,fit
12593,test
12594,calibration
12595,fit
12596,fit
12597,fit
12598,fit
12599,fit
12600,fit
12601,fit
12603,calibration
12604,test
12605,calibration
12606,fit
12607,test
12608,fit
12609,fit
12610,fit
12611,test
12612,fit
12613,fit
12614,fit
12615,fit
12616,fit
12617,fit
12618,calibration
12619,calibration
12620,fit
12621,fit
12622,fit
12623,fit
12624,fit
12625,test
12626,calibration
12627,fit
12628,test
12629,calibration
12630,calibration
12631,fit
12632,calibration
12633,test
12634,test
12635,test
12636,fit
12637,fit
12638,fit
12640,test
12641,fit
12642,test
12643,test
12644,fit
12645,fit
12646,fit
12647,fit
12648,test
12650,test
12651,test
12652,calibration
12653,calibration
12654,fit
12655,fit
12656,fit
12657,calibration
12658,fit
12660,fit
12661,test
12662,fit
12663,fit
12664,fit
12667,fit
12668,fit
12669,fit
12670,fit
12671,fit
12672,fit
12673,fit
12674,fit
12675,fit
12676,calibration
12677,fit
12678,fit
12679,fit
12680,fit
12681,test
12682,calibration
12683,calibration
12684,fit
12685,test
12686,fit
12687,test
12688,fit
12689,calibration
12690,test
12691,calibration
12692,calibration
12693,fit
12694,calibration
12695,test
12696,fit
12697,fit
12698,fit
12699,fit
12700,calibration
12701,fit
12702,fit
12703,fit
12704,fit
12705,fit
12706,fit
12707,fit
12708,fit
12709,test
12711,fit
12712,fit
12713,fit
12714,test
12715,calibration
12716,fit
12717,test
12718,test
12719,calibration
12720,test
12721,fit
12722,fit
12723,calibration
12724,calibration
12725,fit
12726,fit
12727,calibration
12728,fit
12729,fit
12730,fit
12731,fit
12732,calibration
12733,fit
12734,fit
12735,calibration
12736,fit
12737,calibration
12738,test
12739,calibration
12740,test
12741,fit
12742,fit
12743,fit
12744,fit
12745,fit
12746,fit
12747,test
12748,fit
12749,fit
12750,calibration
12751,calibration
12752,fit
12753,fit
12754,fit
12755,fit
12756,test
12757,test
12758,fit
12760,fit
12761,fit
12762,fit
12763,fit
12764,test
12765,fit
12766,test
12767,fit
12768,fit
12770,fit
12771,test
12772,fit
12773,test
12774,fit
12775,fit
12776,fit
12777,test
12778,fit
12779,fit
12780,calibration
12781,fit
12782,fit
12783,calibration
12784,fit
12785,fit
12786,test
12787,fit
12788,fit
12789,fit
12790,calibration
12791,fit
12792,fit
12793,calibration
12794,test
12795,fit
12796,test
12797,calibration
12798,calibration
12799,calibration
12800,calibration
12801,calibration
12802,calibration
12803,fit
12804,test
12805,test
12806,fit
12807,test
12808,fit
12809,test
12810,fit
12811,test
12812,fit
12813,fit
12814,fit
12815,fit
12816,calibration
12817,calibration
12818,fit
12819,calibration
12820,fit
12821,fit
12822,calibration
12823,fit
12825,test
12826,fit
12827,fit
12828,test
12829,fit
12830,fit
12831,fit
12832,calibration
12834,fit
12835,fit
12836,calibration
12837,fit
12838,calibration
12839,test
12840,fit
12841,test
12842,fit
12843,fit
12844,test
12845,fit
12846,test
12847,test
12848,calibration
12849,fit
12850,fit
12851,fit
12852,fit
12853,fit
12854,fit
12855,fit
12856,fit
12857,calibration
12858,calibration
12859,fit
12860,fit
12861,test
12862,fit
12863,fit
12864,calibration
12865,calibration
12866,fit
12867,fit
12868,fit
12869,fit
12870,fit
12871,fit
12872,fit
12873,calibration
12874,fit
12875,calibration
12876,fit
12877,fit
12878,fit
12879,fit
12880,fit
12881,fit
12882,fit
12883,fit
12884,fit
12885,test
12886,fit
12887,calibration
12888,fit
12889,fit
12890,calibration
12891,calibration
12892,fit
12893,fit
12894,fit
12895,fit
12896,calibration
12897,fit
12898,fit
12899,fit
12900,fit
12901,calibration
12902,test
12903,test
12904,fit
12905,fit
12906,fit
12907,fit
12909,test
12910,fit
12911,fit
12912,test
12913,fit
12914,fit
12915,test
12916,calibration
12917,fit
12918,fit
12919,fit
12920,test
12921,test
12922,test
12924,fit
12925,fit
12926,test
12927,calibration
12928,fit
12929,fit
12930,fit
12931,calibration
12932,fit
12933,test
12934,fit
12935,test
12936,fit
12937,fit
12938,fit
12939,test
12940,fit
12941,fit
12942,calibration
12943,fit
12944,test
12947,test
12948,test
12949,fit
12950,test
12951,test
12952,fit
12953,fit
12954,calibration
12955,test
12956,test
12957,test
12958,fit
12959,calibration
12960,calibration
12961,fit
12962,calibration
12963,fit
12964,fit
12965,fit
12966,test
12968,calibration
12970,test
12971,calibration
12972,test
12973,test
12974,fit
12975,test
12976,fit
12977,fit
12978,calibration
12979,fit
12980,fit
12981,fit
12982,test
12983,fit
12984,fit
12985,fit
12986,test
12987,fit
12988,calibration
12989,calibration
12990,test
12991,fit
12992,fit
12993,fit
12994,fit
12995,fit
12996,fit
12997,fit
12998,test
12999,fit
13000,fit
13001,fit
13002,test
13003,fit
13004,test
13005,test
13006,fit
13007,fit
13008,test
13010,test
13011,fit
13012,fit
13014,fit
13015,fit
13016,test
13017,fit
13018,test
13019,fit
13020,fit
13021,fit
13022,fit
13023,calibration
13024,fit
13025,fit
13026,fit
13027,test
13028,calibration
13029,fit
13030,test
13031,test
13032,fit
13033,test
13034,calibration
13035,fit
13036,test
13037,fit
13038,test
13039,fit
13040,test
13041,test
13042,fit
13043,test
13045,test
13046,test
13047,test
13048,fit
13049,fit
13050,fit
13051,calibration
13052,fit
13053,fit
13054,calibration
13055,fit
13056,fit
13057,fit
13058,fit
13059,fit
13060,fit
13061,test
13062,fit
13063,fit
13064,fit
13065,test
13066,fit
13067,fit
13068,fit
13069,fit
13070,calibration
13071,test
13072,fit
13073,fit
13074,calibration
13075,fit
13076,fit
13077,fit
13078,test
13079,test
13080,test
13081,test
13082,calibration
13083,test
13084,calibration
13085,calibration
13086,fit
13087,calibration
13088,calibration
13089,fit
13090,fit
13091,calibration
13092,calibration
13093,fit
13094,fit
13096,test
13097,fit
13098,fit
13099,fit
13100,calibration
13101,fit
13102,test
13103,fit
13104,test
13105,fit
13106,test
13107,test
13108,calibration
13110,test
13111,calibration
13113,fit
13114,fit
13115,test
13116,fit
13117,fit
13118,fit
13119,fit
13120,fit
13121,calibration
13122,fit
13123,fit
13124,fit
13125,calibration
13126,fit
13127,fit
13128,fit
13129,fit
13131,fit
13132,fit
13133,calibration
13134,fit
13135,test
13136,calibration
13137,calibration
13138,test
13139,fit
13140,fit
13141,calibration
13142,fit
13143,fit
13144,fit
13145,test
13146,calibration
13147,fit
13148,fit
13149,fit
13151,fit
13152,fit
13153,fit
13154,fit
13155,fit
13156,test
13157,fit
13158,calibration
13162,fit
13163,test
13164,fit
13165,test
13166,fit
13167,fit
13168,fit
13169,test
13170,fit
13171,calibration
13172,fit
13173,test
13174,fit
13175,test
13176,fit
13177,fit
13179,calibration
13180,test
13181,calibration
13182,fit
13183,test
13184,calibration
13185,fit
13186,fit
13187,fit
13188,test
13189,test
13190,fit
13191,test
13192,fit
13193,calibration
13194,calibration
13195,test
13196,fit
13197,calibration
13198,fit
13199,fit
13201,calibration
13202,fit
13204,test
13205,fit
13206,fit
13207,test
13208,test
13209,calibration
13210,test
13211,fit
13212,test
13213,fit
13215,calibration
13216,test
13217,fit
13218,test
13219,calibration
13220,fit
13221,test
13222,calibration
13223,fit
13224,fit
13225,fit
13226,calibration
13227,fit
13228,test
13229,calibration
13230,fit
13231,calibration
13232,calibration
13233,test
13234,fit
13235,fit
13236,test
13237,calibration
13238,fit
13239,fit
13241,fit
13242,test
13243,test
13244,fit
13245,test
13246,fit
13248,calibration
13249,fit
13250,calibration
13251,fit
13252,fit
13253,calibration
13254,test
13255,fit
13256,test
13257,fit
13258,fit
13259,fit
13260,calibration
13261,test
13262,fit
13263,fit
13264,fit
13266,fit
13267,calibration
13268,fit
13269,calibration
13270,fit
13271,fit
13272,fit
13273,test
13274,fit
13275,calibration
13276,fit
13277,test
13278,calibration
13279,fit
13280,fit
13281,calibration
13282,fit
13283,test
13284,fit
13285,fit
13286,fit
13287,test
13288,calibration
13289,fit
13290,test
13291,fit
13292,test
13293,fit
13294,test
13295,fit
13296,fit
13297,test
13298,fit
13300,test
13302,fit
13303,fit
13304,fit
13305,fit
13306,calibration
13307,fit
13308,test
13309,test
13310,fit
13311,fit
13312,test
13313,fit
13314,fit
13315,test
13316,fit
13317,fit
13318,fit
13319,fit
13320,test
13321,fit
13322,fit
13323,calibration
13324,test
13325,fit
13326,fit
13327,calibration
13328,fit
13329,fit
13330,test
13331,fit
13332,fit
13333,test
13334,fit
13335,fit
13336,test
13337,fit
13338,fit
13339,test
13340,fit
13341,calibration
13342,fit
13343,calibration
13344,calibration
13345,fit
13346,fit
13347,calibration
13348,calibration
13349,fit
13351,fit
13352,fit
13353,fit
13354,test
13355,fit
13356,calibration
13357,fit
13358,calibration
13359,test
13360,test
13361,fit
13362,test
13364,test
13365,test
13367,fit
13368,fit
13369,fit
13370,fit
13371,fit
13372,calibration
13373,fit
13374,test
13375,fit
13376,fit
13377,test
13378,test
13379,fit
13380,test
13381,calibration
13382,calibration
13383,fit
13384,calibration
13385,fit
13386,test
13387,fit
13388,fit
13389,test
13390,test
13391,fit
13392,fit
13393,fit
13394,fit
13395,fit
13396,test
13397,test
13398,test
13399,test
13400,fit
13401,calibration
13402,test
13403,calibration
13404,fit
13405,fit
13406,test
13408,fit
13409,fit
13410,fit
13411,fit
13412,fit
13413,fit
13414,fit
13415,test
13416,calibration
13417,fit
13418,fit
13419,calibration
13420,fit
13421,fit
13422,fit
13423,fit
13424,fit
13425,fit
13426,fit
13427,fit
13428,fit
13429,fit
13430,calibration
13431,fit
13432,fit
13433,test
13434,fit
13435,fit
13436,fit
13437,calibration
13438,calibration
13439,fit
13440,fit
13441,fit
13442,fit
13443,calibration
13444,fit
13445,calibration
13446,test
13447,fit
13448,test
13449,fit
13450,test
13451,fit
13452,fit
13453,fit
13454,fit
13455,fit
13456,fit
13457,fit
13458,fit
13459,fit
13460,fit
13461,calibration
13462,test
13463,fit
13464,fit
13465,fit
13466,fit
13467,test
13469,fit
13470,test
13471,fit
13472,fit
13473,calibration
13474,fit
13475,fit
13476,fit
13477,test
13478,fit
13479,calibration
13480,test
13481,fit
13482,test
13483,fit
13484,fit
13485,test
13486,fit
13487,calibration
13488,test
13489,fit
13490,calibration
13491,fit
13492,fit
13493,fit
13494,calibration
13495,calibration
13496,test
13497,fit
13498,fit
13499,fit
13500,calibration
13501,fit
13503,fit
13504,calibration
13505,fit
13506,fit
13507,calibration
13508,test
13509,fit
13510,fit
13511,test
13512,test
13513,fit
13515,fit
13516,fit
13517,calibration
13518,test
13519,fit
13520,test
13521,fit
13522,fit
13523,test
13524,fit
13525,test
13526,fit
13528,fit
13529,test
13530,fit
13531,test
13532,fit
13533,fit
13534,calibration
13536,fit
13537,fit
13538,fit
13539,calibration
13540,fit
13541,fit
13542,test
13543,fit
13544,fit
13545,fit
13546,fit
13547,test
13548,fit
13549,fit
13550,fit
13551,fit
13552,calibration
13553,fit
13554,calibration
13556,fit
13557,fit
13558,test
13559,fit
13560,fit
13561,calibration
13562,calibration
13563,fit
13564,test
13565,fit
13566,fit
13567,fit
13568,fit
13569,fit
13570,fit
13571,fit
13573,calibration
13574,fit
13575,fit
13576,calibration
13577,fit
13578,fit
13579,fit
13580,fit
13581,calibration
13582,calibration
13583,fit
13584,fit
13585,fit
13586,fit
13588,test
13589,fit
13590,test
13591,test
13593,calibration
13594,fit
13595,fit
13596,fit
13597,fit
13599,fit
13600,fit
13601,fit
13603,test
13604,test
13605,test
13606,fit
13607,test
13608,calibration
13609,test
13610,fit
13611,fit
13613,fit
13614,test
13615,calibration
13616,calibration
13617,fit
13618,calibration
13619,calibration
13620,test
13621,calibration
13622,fit
13623,calibration
13624,fit
13625,fit
13626,fit
13627,fit
13628,fit
13631,fit
13632,fit
13633,fit
13634,fit
13635,test
13636,test
13637,fit
13638,fit
13639,calibration
13640,test
13642,test
13643,calibration
13644,fit
13646,fit
13647,fit
13648,fit
13649,fit
13650,fit
13651,test
13652,fit
13653,fit
13654,calibration
13655,fit
13656,fit
13657,fit
13658,fit
13659,test
13660,fit
13661,fit
13662,fit
13663,fit
13664,test
13665,fit
13666,calibration
13667,fit
13669,fit
13670,calibration
13671,fit
13672,fit
13673,fit
13674,test
13675,fit
13676,fit
13677,fit
13678,calibration
13679,fit
13680,fit
13681,calibration
13682,test
13683,calibration
13684,calibration
13685,fit
13686,calibration
13688,fit
13690,fit
13691,fit
13692,test
13693,fit
13694,test
13695,fit
13696,fit
13697,test
13698,calibration
13699,calibration
13700,fit
13701,fit
13702,fit
13703,calibration
13704,fit
13705,fit
13706,test
13707,fit
13708,fit
13709,fit
13710,fit
13711,test
13712,test
13713,test
13714,test
13715,fit
13716,test
13717,fit
13718,fit
13719,calibration
13720,fit
13721,calibration
13722,fit
13723,test
13724,test
13725,fit
13726,calibration
13727,test
13728,fit
13729,fit
13730,calibration
13732,test
13733,calibration
13734,fit
13735,fit
13736,calibration
13737,test
13738,fit
13739,test
13740,test
13741,fit
13742,fit
13743,test
13744,fit
13745,fit
13746,calibration
13747,fit
13748,fit
13749,fit
13751,test
13752,fit
13753,test
13754,fit
13756,calibration
13757,fit
13758,fit
13759,calibration
13761,fit
13762,fit
13763,fit
13764,test
13765,fit
13766,test
13767,fit
13768,fit
13769,test
13770,calibration
13771,test
13772,fit
13773,calibration
13774,fit
13776,test
13778,calibration
13779,fit
13780,calibration
13781,calibration
13782,fit
13783,fit
13784,test
13785,test
13786,fit
13787,fit
13788,fit
13789,fit
13790,calibration
13791,test
13792,fit
13793,fit
13794,fit
13795,calibration
13796,fit
13797,fit
13798,fit
13799,test
13800,fit
13801,calibration
13802,calibration
13803,fit
13805,fit
13806,fit
13807,test
13808,calibration
13809,test
13810,fit
13811,fit
13812,fit
13813,fit
13814,calibration
13815,calibration
13816,fit
13817,test
13818,calibration
13819,test
13820,fit
13821,fit
13822,fit
13823,fit
13824,test
13825,fit
13826,fit
13827,fit
13828,test
13829,fit
13830,test
13831,fit
13832,fit
13833,fit
13834,calibration
13835,fit
13836,fit
13837,fit
13838,test
13839,fit
13840,fit
13841,fit
13842,calibration
13843,calibration
13844,fit
13845,fit
13846,fit
13848,fit
13849,fit
13850,fit
13851,fit
13852,test
13853,fit
13854,fit
13855,fit
13856,fit
13857,fit
13858,fit
13859,test
13860,fit
13861,fit
13862,calibration
13863,calibration
13864,fit
13865,calibration
13866,fit
13867,fit
13868,fit
13869,fit
13870,fit
13871,fit
13872,fit
13873,test
13874,fit
13875,calibration
13876,test
13878,fit
13879,fit
13880,calibration
13881,fit
13882,fit
13883,fit
13884,calibration
13885,calibration
13886,calibration
13887,test
13888,fit
13889,calibration
13890,calibration
13891,fit
13892,test
13893,test
13894,fit
13895,fit
13896,calibration
13897,fit
13898,test
13899,test
13900,fit
13901,fit
13902,fit
13903,fit
13904,test
13905,fit
13906,fit
13907,fit
13909,calibration
13910,fit
13911,fit
13912,calibration
13913,test
13914,calibration
13915,fit
13916,test
13917,calibration
13918,fit
13919,test
13920,test
13921,fit
13922,fit
13924,test
13925,fit
13926,fit
13927,fit
13928,fit
13930,test
13931,fit
13932,fit
13933,test
13934,calibration
13935,fit
13936,fit
13937,test
13938,test
13939,fit
13940,test
13941,fit
13942,fit
13943,fit
13944,fit
13945,fit
13946,fit
13947,fit
13948,fit
13949,fit
13950,calibration
13951,fit
13952,fit
13953,fit
13955,calibration
13956,fit
13957,calibration
13958,fit
13959,fit
13960,fit
13961,fit
13964,fit
13965,fit
13966,fit
13967,fit
13968,fit
13969,fit
13970,fit
13971,fit
13972,fit
13973,calibration
13974,fit
13975,fit
13976,fit
13977,fit
13978,fit
13979,fit
13980,fit
13981,fit
13982,fit
13983,test
13984,calibration
13985,test
13986,calibration
13987,calibration
13988,fit
13989,fit
13990,fit
13991,fit
13992,test
13993,fit
13994,calibration
13995,calibration
13996,calibration
13997,fit
13998,fit
13999,fit
14000,calibration
14001,fit
14002,fit
14003,fit
14004,test
14005,fit
14006,fit
14008,fit
14009,fit
14010,fit
14011,calibration
14012,fit
14013,calibration
14015,fit
14016,fit
14017,fit
14018,fit
14019,test
14020,test
14021,fit
14022,fit
14023,fit
14024,test
14025,fit
14026,test
14027,fit
14028,fit
14029,fit
14030,calibration
14031,test
14032,fit
14033,calibration
14034,fit
14035,fit
14036,fit
14037,fit
14038,fit
14039,test
14040,test
14041,fit
14043,fit
14044,calibration
14045,fit
14046,fit
14047,fit
14048,test
14049,fit
14050,fit
14051,fit
14052,calibration
14053,fit
14054,test
14055,fit
14056,test
14057,calibration
14059,fit
14060,fit
14061,fit
14062,fit
14063,calibration
14064,fit
14065,test
14066,fit
14068,fit
14069,calibration
14070,fit
14071,fit
14072,calibration
14073,fit
14074,fit
14075,test
14076,test
14077,calibration
14078,fit
14079,fit
14080,fit
14082,fit
14083,fit
14084,calibration
14085,test
14086,calibration
14087,fit
14088,test
14089,test
14090,test
14091,fit
14092,calibration
14093,fit
14094,calibration
14095,fit
14096,fit
14097,fit
14098,fit
14099,calibration
14100,calibration
14101,fit
14102,fit
14103,fit
14104,calibration
14105,test
14106,fit
14107,fit
14108,calibration
14109,fit
14110,fit
14111,calibration
14112,calibration
14113,test
14114,fit
14115,test
14116,fit
14117,fit
14118,fit
14119,fit
14120,test
14121,fit
14122,calibration
14123,fit
14124,test
14125,fit
14126,calibration
14127,fit
14128,test
14129,calibration
14130,fit
14131,fit
14132,fit
14133,test
14134,fit
14135,calibration
14136,test
14137,fit
14138,fit
14140,fit
14141,fit
14142,calibration
14143,fit
14144,test
14145,fit
14146,test
14147,fit
14148,fit
14149,test
14151,fit
14153,calibration
14154,test
14155,test
14158,calibration
14159,fit
14160,fit
14161,fit
14162,fit
14163,fit
14164,fit
14165,calibration
14167,fit
14168,fit
14169,calibration
14170,calibration
14171,fit
14172,fit
14173,calibration
14174,fit
14175,fit
14176,test
14177,fit
14178,fit
14179,test
14180,fit
14181,test
14182,fit
14183,test
14184,fit
14185,fit
14186,fit
14187,fit
14188,fit
14189,fit
14190,test
14191,fit
14192,fit
14193,fit
14194,calibration
14197,fit
14198,test
14199,fit
14200,test
14201,fit
14202,fit
14203,fit
14204,calibration
14205,calibration
14206,fit
14207,fit
14208,fit
14209,test
14210,fit
14211,fit
14212,calibration
14214,fit
14215,test
14216,fit
14217,fit
14218,test
14219,fit
14220,fit
14221,fit
14222,fit
14223,fit
14224,calibration
14225,test
14226,calibration
14227,fit
14228,test
14229,test
14230,fit
14231,calibration
14232,fit
14233,fit
14234,fit
14236,test
14237,test
14238,test
14239,calibration
14240,fit
14241,fit
14242,calibration
14243,fit
14244,fit
14245,test
14246,fit
14247,fit
14248,test
14249,calibration
14250,fit
14251,fit
14252,fit
14253,test
14254,fit
14255,fit
14256,fit
14257,fit
14258,fit
14259,fit
14260,fit
14261,fit
14262,test
14263,fit
14264,test
14265,test
14266,fit
14267,fit
14268,fit
14269,fit
14270,fit
14271,calibration
14272,calibration
14273,fit
14275,fit
14276,test
14277,fit
14278,test
14279,calibration
14280,calibration
14281,fit
14282,fit
14283,fit
14284,test
14285,fit
14286,fit
14287,fit
14288,fit
14289,fit
14290,fit
14291,fit
14292,test
14293,fit
14294,test
14295,calibration
14296,fit
14297,fit
14298,test
14299,fit
14300,fit
14301,fit
14302,test
14304,fit
14305,fit
14306,calibration
14307,calibration
14308,calibration
14309,calibration
14310,fit
14311,calibration
14312,fit
14313,calibration
14314,calibration
14315,fit
14316,fit
14317,test
14318,test
14319,fit
14320,fit
14321,test
14323,fit
14324,fit
14326,fit
14327,fit
14328,fit
14329,fit
14330,test
14331,calibration
14333,fit
14334,fit
14335,fit
14336,calibration
14337,calibration
14338,calibration
14339,fit
14340,fit
14341,test
14343,test
14344,fit
14345,calibration
14346,fit
14347,fit
14348,test
14349,fit
14350,fit
14351,test
14352,test
14353,fit
14354,test
14355,calibration
14356,fit
14357,calibration
14358,calibration
14359,test
14360,test
14361,fit
14362,fit
14363,fit
14364,fit
14365,fit
14366,test
14367,test
14368,fit
14369,calibration
14370,test
14371,test
14372,fit
14374,fit
14375,test
14376,fit
14377,fit
14378,fit
14379,fit
14380,fit
14381,fit
14382,test
14383,test
14384,fit
14385,calibration
14386,calibration
14387,fit
14388,fit
14389,fit
14391,test
14392,fit
14393,fit
14394,fit
14395,fit
14397,fit
14398,fit
14399,test
14400,fit
14401,fit
14402,fit
14404,fit
14405,fit
14406,calibration
14407,fit
14408,fit
14409,calibration
14410,fit
14411,fit
14412,test
14413,calibration
14414,calibration
14415,fit
14416,test
14417,calibration
14418,fit
14419,test
14420,calibration
14421,fit
14422,fit
14423,calibration
14424,fit
14425,fit
14426,fit
14427,fit
14428,test
14429,fit
14430,fit
14431,calibration
14432,fit
14433,test
14434,fit
14435,test
14436,fit
14437,fit
14438,fit
14439,fit
14440,test
14441,fit
14442,fit
14443,test
14444,fit
14445,fit
14446,fit
14447,test
14448,fit
14449,fit
14450,test
14451,fit
14452,fit
14453,test
14454,fit
14455,test
14456,calibration
14457,calibration
14458,test
14459,fit
14460,calibration
14461,fit
14462,fit
14463,fit
14464,fit
14465,fit
14466,fit
14467,calibration
14468,fit
14469,test
14470,calibration
14471,fit
14472,fit
14473,calibration
14474,fit
14475,test
14476,test
14477,fit
14478,calibration
14479,test
14480,test
14481,calibration
14482,fit
14483,test
14484,calibration
14485,calibration
14486,calibration
14487,calibration
14488,fit
14489,fit
14490,fit
14491,fit
14492,fit
14493,test
14494,fit
14495,fit
14496,fit
14497,test
14498,calibration
14499,fit
14500,fit
14501,fit
14502,fit
14503,test
14504,fit
14505,fit
14506,fit
14507,test
14509,fit
14510,calibration
14511,fit
14512,fit
14513,fit
14514,fit
14515,fit
14516,fit
14517,test
14518,fit
14519,fit
14520,test
14521,fit
14523,calibration
14524,fit
14525,test
14526,test
14527,fit
14528,fit
14529,calibration
14530,fit
14531,fit
14532,fit
14533,fit
14534,fit
14535,fit
14536,fit
14537,fit
14538,calibration
14539,fit
14540,test
14541,calibration
14542,fit
14543,fit
14544,test
14545,calibration
14546,fit
14547,test
14548,fit
14549,calibration
14550,fit
14551,fit
14552,fit
14553,fit
14554,fit
14555,fit
14556,test
14557,fit
14558,fit
14559,fit
14560,test
14561,fit
14562,calibration
14563,fit
14565,calibration
14566,fit
14567,fit
14568,fit
14569,fit
14570,fit
14571,fit
14572,fit
14573,fit
14574,fit
14575,fit
14576,fit
14577,fit
14578,fit
14579,test
14580,fit
14581,fit
14582,fit
14583,fit
14584,fit
14585,fit
14586,calibration
14587,test
14588,fit
14589,fit
14590,calibration
14591,fit
14592,fit
14594,calibration
14595,calibration
14596,fit
14597,calibration
14598,fit
14599,fit
14600,fit
14601,fit
14602,calibration
14603,fit
14604,fit
14605,test
14606,fit
14607,fit
14608,test
14609,fit
14610,calibration
14611,fit
14612,fit
14613,fit
14614,fit
14615,fit
14616,fit
14617,calibration
14618,fit
14619,test
14620,calibration
14621,fit
14622,fit
14623,fit
14624,test
14625,test
14626,calibration
14627,fit
14628,fit
14629,fit
14630,calibration
14631,fit
14632,calibration
14633,fit
14634,fit
14635,calibration
14636,fit
14637,fit
14638,fit
14639,fit
14640,fit
14641,fit
14642,fit
14643,calibration
14644,fit
14645,fit
14646,fit
14647,fit
14648,fit
14649,fit
14650,test
14651,fit
14652,calibration
14653,fit
14654,fit
14655,fit
14656,calibration
14657,test
14658,fit
14659,fit
14660,test
14662,fit
14663,fit
14664,calibration
14665,fit
14666,test
14668,fit
14669,fit
14670,fit
14671,fit
14672,calibration
14673,fit
14674,test
14675,fit
14676,fit
14677,test
14678,calibration
14680,test
14681,fit
14682,fit
14683,calibration
14684,fit
14685,fit
14686,fit
14687,test
14688,fit
14689,test
14690,fit
14691,fit
14692,calibration
14693,fit
14694,fit
14695,fit
14696,fit
14697,fit
14698,fit
14699,fit
14700,fit
14701,fit
14702,test
14704,fit
14705,test
14706,test
14708,fit
14709,fit
14710,fit
14711,test
14712,fit
14713,fit
14714,calibration
14715,fit
14716,test
14717,calibration
14718,calibration
14719,test
14720,calibration
14721,calibration
14722,test
14723,fit
14724,fit
14726,fit
14727,test
14728,fit
14729,fit
14730,test
14731,calibration
14732,test
14733,test
14734,fit
14735,calibration
14736,fit
14737,fit
14738,fit
14739,calibration
14740,test
14741,test
14742,fit
14743,test
14744,fit
14745,fit
14746,fit
14747,fit
14748,test
14749,fit
14750,test
14751,test
14752,fit
14753,fit
14754,test
14755,test
14756,fit
14757,test
14759,fit
14761,calibration
14762,fit
14763,test
14764,fit
14765,fit
14766,fit
14767,test
14768,test
14769,test
14770,test
14771,calibration
14772,calibration
14773,fit
14774,test
14775,fit
14776,fit
14777,fit
14778,fit
14779,fit
14782,fit
14783,calibration
14784,fit
14785,fit
14786,test
14787,calibration
14788,fit
14789,test
14790,test
14791,calibration
14792,fit
14793,test
14794,calibration
14795,test
14796,fit
14797,fit
14798,test
14799,fit
14800,test
14801,test
14802,fit
14803,fit
14804,fit
14805,fit
14806,fit
14807,test
14808,fit
14809,test
14810,fit
14811,fit
14812,fit
14813,fit
14814,calibration
14815,fit
14816,fit
14817,calibration
14818,calibration
14819,test
14820,fit
14821,calibration
14822,fit
14823,fit
14824,calibration
14825,calibration
14826,fit
14827,calibration
14828,test
14829,calibration
14830,test
14832,fit
14833,calibration
14834,fit
14835,fit
14836,fit
14837,fit
14838,fit
14839,fit
14840,fit
14841,fit
14842,fit
14843,fit
14844,fit
14845,fit
14846,calibration
14847,calibration
14848,calibration
14849,test
14850,test
14851,calibration
14852,fit
14853,fit
14854,fit
14855,fit
14856,fit
14857,calibration
14858,fit
14859,fit
14861,fit
14862,fit
14863,fit
14864,fit
14865,fit
14866,fit
14867,calibration
14868,fit
14869,test
14870,fit
14871,fit
14872,fit
14873,fit
14874,fit
14875,fit
14876,fit
14877,test
14878,fit
14879,fit
14880,fit
14881,fit
14882,fit
14885,fit
14886,test
14887,fit
14888,fit
14889,fit
14890,fit
14891,fit
14892,fit
14893,fit
14894,calibration
14895,fit
14896,calibration
14897,fit
14899,test
14900,test
14901,fit
14902,fit
14903,test
14904,test
14905,calibration
14906,test
14907,fit
14908,fit
14910,fit
14911,fit
14912,fit
14913,test
14914,fit
14915,test
14916,test
14917,test
14918,test
14920,calibration
14921,calibration
14922,fit
14923,test
14924,calibration
14926,calibration
14928,test
14929,fit
14930,fit
14931,fit
14932,fit
14933,fit
14934,test
14935,fit
14936,test
14937,calibration
14938,calibration
14939,fit
14940,test
14941,test
14942,fit
14943,fit
14944,test
14945,fit
14946,fit
14948,fit
14949,calibration
14950,fit
14951,fit
14952,fit
14953,fit
14954,fit
14955,calibration
14956,fit
14957,fit
14958,test
14959,fit
14960,calibration
14961,calibration
14962,fit
14963,test
14964,calibration
14965,fit
14966,calibration
14967,test
14968,calibration
14969,fit
14970,fit
14971,fit
14972,fit
14973,calibration
14974,fit
14975,fit
14976,calibration
14977,test
14978,fit
14979,test
14980,test
14981,test
14982,test
14983,test
14984,fit
14985,test
14986,fit
14987,fit
14989,calibration
14990,fit
14991,fit
14992,fit
14993,fit
14995,calibration
14996,fit
14997,calibration
14998,fit
14999,test
15000,fit
15001,calibration
15002,calibration
15003,test
15004,calibration
15005,calibration
15006,fit
15007,fit
15008,test
15009,fit
15010,test
15011,fit
15012,test
15013,test
15014,calibration
15015,test
15016,test
15017,fit
15018,fit
15019,test
15020,calibration
15021,fit
15022,fit
15023,fit
15024,fit
15026,fit
15027,fit
15028,fit
15029,fit
15030,fit
15031,fit
15032,fit
15033,test
15034,fit
15035,fit
15036,fit
15037,fit
15038,calibration
15039,fit
15041,test
15042,test
15043,fit
15044,fit
15045,calibration
15046,fit
15049,fit
15050,fit
15051,fit
15052,fit
15053,test
15054,fit
15055,fit
15056,test
15057,fit
15058,test
15059,fit
15060,fit
15061,fit
15062,fit
15063,calibration
15064,calibration
15065,calibration
15066,fit
15067,test
15068,test
15069,fit
15070,fit
15071,fit
15072,calibration
15073,test
15074,test
15075,test
15077,fit
15078,fit
15079,fit
15080,test
15081,fit
15082,calibration
15083,test
15084,fit
15085,fit
15087,fit
15088,test
15089,test
15090,fit
15091,fit
15092,test
15093,fit
15094,calibration
15095,fit
15096,fit
15097,fit
15098,test
15099,fit
15100,fit
15101,test
15102,calibration
15103,fit
15104,fit
15105,fit
15106,test
15107,test
15108,fit
15109,fit
15110,fit
15111,calibration
15112,test
15113,fit
15114,fit
15115,fit
15116,test
15117,fit
15118,test
15119,fit
15120,fit
15121,fit
15122,fit
15123,fit
15124,fit
15125,fit
15126,test
15127,test
15128,fit
15129,test
15130,fit
15131,calibration
15133,test
15134,fit
15135,test
15136,fit
15137,calibration
15138,fit
15139,calibration
15140,fit
15141,test
15142,fit
15143,fit
15144,calibration
15145,calibration
15146,fit
15147,fit
15149,fit
15150,calibration
15151,calibration
15152,calibration
15153,fit
15154,fit
15155,fit
15156,fit
15157,fit
15158,fit
15159,fit
15160,fit
15161,fit
15162,test
15163,test
15165,fit
15166,fit
15167,calibration
15168,fit
15169,fit
15170,fit
15171,calibration
15172,fit
15173,fit
15174,fit
15175,test
15176,fit
15177,calibration
15178,calibration
15179,fit
15180,calibration
15181,test
15182,fit
15183,fit
15184,fit
15185,fit
15186,fit
15187,fit
15188,test
15189,fit
15190,fit
15191,fit
15192,fit
15193,test
15194,fit
15195,fit
15197,calibration
15198,fit
15199,fit
15200,fit
15201,test
15203,calibration
15204,fit
15205,fit
15206,fit
15207,calibration
15208,fit
15209,test
15210,calibration
15211,calibration
15212,test
15213,fit
15214,fit
15215,test
15216,fit
15217,calibration
15218,fit
15219,fit
15220,calibration
15221,calibration
15222,fit
15223,fit
15225,test
15226,fit
15228,test
15229,fit
15230,fit
15231,fit
15232,test
15233,fit
15234,fit
15235,fit
15236,fit
15237,fit
15238,test
15239,fit
15240,fit
15241,test
15242,fit
15243,calibration
15244,fit
15245,calibration
15246,test
15247,fit
15249,test
15250,fit
15251,test
15252,calibration
15253,fit
15254,fit
15255,calibration
15256,calibration
15258,calibration
15259,calibration
15260,test
15261,calibration
15262,fit
15263,fit
15264,fit
15265,test
15266,test
15267,fit
15268,test
15269,fit
15270,fit
15271,test
15272,calibration
15273,fit
15274,fit
15275,fit
15276,fit
15277,calibration
15278,test
15279,calibration
15280,test
15282,test
15283,fit
15284,fit
15285,calibration
15286,fit
15287,calibration
15288,calibration
15289,calibration
15290,fit
15291,calibration
15292,fit
15293,fit
15294,fit
15295,fit
15296,test
15297,fit
15298,test
15299,fit
15300,fit
15301,calibration
15302,calibration
15303,fit
15305,test
15306,fit
15307,test
15308,fit
15309,fit
15310,fit
15311,fit
15312,calibration
15313,test
15314,fit
15315,fit
15316,calibration
15317,fit
15318,test
15319,test
15320,fit
15321,fit
15322,test
15323,fit
15324,fit
15325,calibration
15326,fit
15327,calibration
15328,fit
15329,fit
15330,fit
15331,test
15332,fit
15333,calibration
15334,fit
15335,fit
15336,calibration
15337,fit
15338,calibration
15339,fit
15341,fit
15342,test
15343,test
15344,fit
15345,fit
15346,calibration
15347,fit
15348,calibration
15349,calibration
15350,fit
15351,fit
15352,test
15353,calibration
15354,test
15355,test
15356,test
15357,fit
15358,test
15359,fit
15360,test
15361,fit
15363,fit
15364,fit
15365,calibration
15366,fit
15367,fit
15368,fit
15369,fit
15370,fit
15371,test
15372,calibration
15373,calibration
15374,fit
15375,fit
15376,test
15378,test
15379,fit
15381,calibration
15382,fit
15383,fit
15384,fit
15385,fit
15386,fit
15387,fit
15388,test
15389,fit
15390,test
15391,calibration
15392,fit
15393,fit
15394,fit
15395,test
15396,fit
15397,test
15398,fit
15399,fit
15401,fit
15402,fit
15403,fit
15404,fit
15405,calibration
15406,fit
15407,fit
15408,fit
15409,fit
15410,fit
15411,fit
15412,test
15413,test
15415,calibration
15416,test
15417,test
15418,calibration
15419,fit
15420,test
15421,fit
15422,test
15423,calibration
15424,fit
15425,fit
15426,fit
15427,fit
15428,fit
15429,fit
15430,fit
15431,calibration
15432,fit
15433,fit
15434,fit
15435,calibration
15436,fit
15437,fit
15438,fit
15439,fit
15440,test
15441,fit
15442,calibration
15443,fit
15444,fit
15445,fit
15446,fit
15447,fit
15448,fit
15449,fit
15450,fit
15451,fit
15452,fit
15453,fit
15455,fit
15456,test
15457,test
15458,test
15459,fit
15460,fit
15461,fit
15462,fit
15463,fit
15464,fit
15465,test
15466,test
15467,fit
15468,fit
15469,fit
15470,test
15471,fit
15472,test
15473,fit
15474,fit
15475,fit
15476,fit
15477,fit
15478,calibration
15479,calibration
15480,test
15481,fit
15482,test
15483,fit
15484,calibration
15485,calibration
15486,fit
15487,fit
15488,fit
15489,fit
15491,test
15492,fit
15493,calibration
15494,test
15495,fit
15496,fit
15497,fit
15498,test
15499,test
15500,calibration
15501,calibration
15502,fit
15503,test
15504,fit
15505,test
15506,test
15507,fit
15508,calibration
15509,fit
15510,fit
15511,fit
15513,fit
15514,calibration
15515,fit
15516,fit
15517,fit
15518,calibration
15519,fit
15520,fit
15521,fit
15522,test
15523,fit
15524,fit
15525,fit
15526,fit
15527,fit
15528,test
15529,test
15530,fit
15531,fit
15532,fit
15533,calibration
15534,fit
15535,calibration
15536,fit
15537,fit
15538,fit
15539,fit
15540,fit
15541,calibration
15542,fit
15543,fit
15544,fit
15545,fit
15546,fit
15547,fit
15548,fit
15549,calibration
15550,fit
15551,calibration
15552,fit
15553,fit
15554,fit
15555,fit
15556,fit
15557,fit
15558,fit
15559,fit
15560,test
15561,test
15562,fit
15563,calibration
15564,fit
15565,fit
15566,fit
15567,fit
15568,fit
15569,fit
15570,test
15571,fit
15572,fit
15573,fit
15574,fit
15575,fit
15576,fit
15577,fit
15578,fit
15579,fit
15580,fit
15581,fit
15582,fit
15583,fit
15584,fit
15585,fit
15586,calibration
15587,test
15588,test
15589,test
15590,fit
15591,calibration
15592,fit
15593,calibration
15594,test
15595,fit
15597,fit
15598,fit
15599,fit
15600,fit
15601,fit
15602,fit
15603,fit
15604,fit
15605,fit
15606,calibration
15607,fit
15608,fit
15609,calibration
15610,fit
15611,calibration
15612,fit
15613,test
15614,fit
15615,fit
15616,calibration
15618,test
15619,fit
15620,fit
15621,calibration
15622,calibration
15623,fit
15624,fit
15625,test
15626,test
15627,test
15628,fit
15629,fit
15630,fit
15631,fit
15632,test
15633,fit
15634,fit
15635,fit
15636,fit
15637,fit
15638,fit
15639,fit
15640,fit
15641,calibration
15642,fit
15645,test
15646,fit
15647,fit
15648,fit
15649,fit
15650,calibration
15651,calibration
15652,fit
15653,calibration
15655,fit
15656,test
15657,fit
15658,calibration
15659,fit
15661,calibration
15662,fit
15663,fit
15664,fit
15665,calibration
15666,test
15667,test
15668,fit
15669,calibration
15670,fit
15671,fit
15672,test
15675,test
15676,fit
15677,fit
15678,calibration
15679,fit
15680,calibration
15681,fit
15682,calibration
15683,fit
15684,fit
15685,test
15686,fit
15687,test
15688,fit
15689,calibration
15690,fit
15691,test
15692,calibration
15693,test
15694,test
15695,fit
15696,test
15697,fit
15698,test
15699,fit
15700,fit
15701,fit
15702,fit
15703,calibration
15704,fit
15705,calibration
15706,fit
15707,test
15708,fit
15709,fit
15710,calibration
15711,fit
15712,calibration
15713,calibration
15714,fit
15715,test
15716,fit
15717,fit
15718,fit
15719,fit
15720,fit
15721,calibration
15722,calibration
15723,test
15724,fit
15725,fit
15726,calibration
15727,fit
15728,fit
15730,fit
15731,fit
15732,fit
15733,test
15735,fit
15736,calibration
15737,calibration
15739,fit
15740,test
15741,fit
15742,fit
15743,fit
15744,fit
15745,calibration
15746,fit
15747,fit
15748,fit
15749,fit
15750,calibration
15751,fit
15752,fit
15753,fit
15754,calibration
15755,fit
15756,fit
15757,calibration
15758,calibration
15759,test
15760,calibration
15761,calibration
15762,calibration
15763,test
15764,fit
15765,fit
15766,fit
15767,fit
15768,calibration
15769,calibration
15772,fit
15773,test
15775,fit
15776,fit
15777,test
15778,fit
15779,fit
15780,fit
15781,fit
15782,fit
15783,fit
15784,test
15785,fit
15786,calibration
15788,test
15789,fit
15790,fit
15791,fit
15792,calibration
15793,fit
15795,calibration
15796,test
15797,fit
15798,test
15799,calibration
15800,test
15801,test
15802,fit
15803,calibration
15804,calibration
15805,fit
15806,test
15807,fit
15808,calibration
15809,fit
15810,calibration
15811,fit
15812,fit
15813,fit
15814,fit
15815,fit
15816,calibration
15817,fit
15818,test
15819,fit
15820,test
15821,fit
15823,fit
15824,fit
15825,calibration
15826,fit
15827,fit
15828,fit
15829,calibration
15830,calibration
15831,calibration
15832,fit
15833,fit
15834,fit
15835,fit
15836,test
15837,fit
15838,test
15839,calibration
15840,fit
15841,calibration
15842,test
15843,calibration
15844,fit
15845,fit
15846,calibration
15848,test
15849,fit
15850,calibration
15851,calibration
15852,fit
15853,test
15854,calibration
15855,fit
15856,fit
15857,fit
15858,fit
15859,calibration
15860,fit
15861,fit
15862,fit
15863,calibration
15864,fit
15865,test
15866,fit
15867,test
15868,calibration
15869,calibration
15870,fit
15871,fit
15872,fit
15873,fit
15874,fit
15875,fit
15876,fit
15877,test
15880,test
15881,calibration
15882,calibration
15883,fit
15884,fit
15885,fit
15886,fit
15887,fit
15888,fit
15889,fit
15890,fit
15892,fit
15893,fit
15894,fit
15895,fit
15896,test
15897,calibration
15898,fit
15899,fit
15900,test
15901,calibration
15902,test
15903,fit
15904,fit
15905,fit
15906,fit
15907,fit
15908,fit
15909,fit
15910,test
15911,test
15912,fit
15913,fit
15915,calibration
15916,fit
15917,fit
15918,fit
15919,test
15920,calibration
15921,test
15922,fit
15923,test
15924,calibration
15925,calibration
15926,fit
15927,fit
15928,fit
15929,fit
15930,test
15931,fit
15932,calibration
15933,calibration
15934,test
15935,test
15936,calibration
15937,fit
15939,fit
15940,calibration
15941,fit
15942,calibration
15943,test
15946,fit
15947,fit
15948,test
15949,fit
15950,test
15951,calibration
15952,fit
15953,test
15954,test
15955,fit
15956,fit
15957,calibration
15958,fit
15959,test
15960,fit
15961,calibration
15963,test
15964,fit
15966,test
15967,fit
15968,fit
15969,fit
15970,test
15971,fit
15972,test
15973,fit
15974,calibration
15976,test
15977,calibration
15978,fit
15979,calibration
15980,fit
15981,fit
15982,fit
15983,fit
15984,fit
15985,test
15986,fit
15987,fit
15988,calibration
15989,fit
15990,fit
15991,fit
15992,test
15993,fit
15994,fit
15995,fit
15996,calibration
15997,calibration
15998,fit
15999,fit
16000,fit
16001,test
16002,fit
16003,fit
16004,fit
16006,test
16007,fit
16008,fit
16009,fit
16010,fit
16011,fit
16012,calibration
16013,fit
16014,calibration
16015,test
16016,fit
16017,test
16018,fit
16019,test
16020,calibration
16021,fit
16022,calibration
16023,fit
16024,fit
16025,fit
16026,calibration
16027,fit
16028,calibration
16029,fit
16030,fit
16031,test
16033,test
16034,fit
16035,test
16036,fit
16037,test
16038,calibration
16039,fit
16040,calibration
16041,fit
16042,calibration
16043,calibration
16044,calibration
16045,fit
16046,calibration
16048,fit
16049,fit
16050,fit
16051,fit
16052,calibration
16053,fit
16054,fit
16055,test
16056,test
16057,fit
16058,fit
16059,fit
16060,calibration
16061,test
16062,calibration
16063,fit
16064,fit
16065,calibration
16066,fit
16067,fit
16068,fit
16069,fit
16070,fit
16071,calibration
16072,fit
16073,fit
16074,fit
16075,test
16076,calibration
16077,fit
16078,fit
16079,fit
16080,fit
16081,calibration
16082,fit
16084,calibration
16085,fit
16086,fit
16087,fit
16088,test
16089,calibration
16090,fit
16093,fit
16094,test
16095,test
16096,fit
16097,fit
16098,test
16099,fit
16100,test
16101,test
16103,fit
16104,fit
16105,calibration
16106,calibration
16107,test
16108,test
16109,calibration
16110,test
16111,fit
16112,test
16113,fit
16114,fit
16115,fit
16117,fit
16119,fit
16120,fit
16121,test
16122,fit
16123,calibration
16124,test
16125,fit
16126,test
16127,calibration
16128,fit
16129,calibration
16130,calibration
16131,fit
16132,fit
16133,calibration
16134,test
16135,test
16136,calibration
16138,fit
16139,test
16140,calibration
16141,test
16142,fit
16143,calibration
16144,fit
16145,fit
16146,fit
16147,fit
16148,calibration
16149,fit
16150,calibration
16151,test
16152,test
16153,fit
16154,test
16155,fit
16156,fit
16157,fit
16158,fit
16159,calibration
16160,fit
16161,fit
16162,fit
16163,calibration
16164,fit
16166,fit
16167,fit
16168,fit
16169,fit
16170,fit
16171,fit
16172,fit
16173,fit
16174,fit
16175,calibration
16176,calibration
16177,calibration
16178,fit
16179,test
16180,fit
16181,calibration
16182,test
16183,fit
16184,fit
16185,fit
16186,calibration
16187,fit
16188,fit
16189,test
16190,fit
16191,fit
16192,fit
16193,test
16194,fit
16195,test
16196,fit
16197,test
16198,calibration
16199,fit
16200,test
16201,fit
16202,fit
16204,fit
16205,fit
16206,calibration
16207,fit
16208,test
16209,fit
16210,test
16211,calibration
16212,fit
16213,calibration
16214,test
16215,fit
16216,calibration
16217,fit
16218,calibration
16220,test
16221,fit
16222,fit
16223,fit
16224,calibration
16225,calibration
16226,test
16227,fit
16228,test
16229,fit
16230,fit
16231,fit
16232,test
16233,fit
16234,fit
16235,test
16236,fit
16237,calibration
16238,fit
16239,calibration
16240,fit
16241,fit
16242,fit
16243,test
16244,calibration
16245,fit
16246,calibration
16247,fit
16248,fit
16249,calibration
16250,test
16251,calibration
16252,fit
16253,fit
16254,fit
16255,calibration
16256,test
16257,fit
16258,fit
16259,fit
16260,fit
16261,fit
16262,fit
16263,test
16264,test
16265,fit
16266,calibration
16267,test
16269,test
16270,calibration
16271,fit
16272,calibration
16273,fit
16274,fit
16275,fit
16276,calibration
16277,fit
16278,test
16279,test
16280,fit
16281,calibration
16282,calibration
16283,calibration
16284,fit
16285,calibration
16286,fit
16287,fit
16288,fit
16289,fit
16290,fit
16291,fit
16292,fit
16293,calibration
16294,fit
16295,fit
16296,calibration
16297,fit
16298,fit
16299,test
16300,calibration
16301,fit
16302,fit
16303,fit
16304,fit
16305,calibration
16306,fit
16307,fit
16308,fit
16309,test
16310,fit
16311,calibration
16312,fit
16313,fit
16314,fit
16315,fit
16316,calibration
16317,fit
16318,fit
16321,test
16322,calibration
16323,test
16325,calibration
16326,fit
16327,test
16328,test
16329,calibration
16330,fit
16331,fit
16332,fit
16333,test
16334,fit
16335,test
16336,fit
16337,calibration
16338,test
16339,calibration
16340,fit
16341,fit
16343,fit
16344,fit
16345,fit
16346,fit
16347,test
16348,calibration
16349,fit
16350,fit
16351,fit
16352,test
16353,fit
16354,fit
16355,fit
16356,calibration
16357,fit
16359,fit
16360,fit
16361,test
16362,fit
16363,fit
16364,fit
16365,fit
16367,fit
16368,calibration
16369,test
16370,fit
16371,fit
16372,fit
16373,calibration
16374,fit
16375,fit
16376,test
16377,fit
16378,fit
16379,fit
16380,fit
16381,fit
16382,fit
16383,fit
16384,fit
16385,calibration
16386,fit
16387,fit
16388,fit
16389,fit
16390,fit
16391,calibration
16392,fit
16393,fit
16394,fit
16395,test
16396,test
16397,fit
16398,fit
16399,fit
16400,test
16401,fit
16402,fit
16403,calibration
16404,fit
16405,fit
16406,calibration
16407,fit
16408,fit
16409,fit
16410,test
16411,fit
16412,calibration
16413,fit
16414,test
16415,fit
16417,fit
16418,calibration
16419,fit
16420,fit
16421,test
16422,fit
16423,calibration
16424,fit
16425,fit
16426,calibration
16427,fit
16428,fit
16429,calibration
16430,test
16431,test
16432,fit
16433,fit
16434,fit
16435,fit
16436,fit
16437,fit
16438,fit
16439,fit
16440,fit
16441,fit
16442,fit
16443,fit
16444,fit
16445,fit
16446,fit
16447,fit
16449,calibration
16450,fit
16451,fit
16452,fit
16453,calibration
16454,fit
16455,test
16456,fit
16457,test
16459,calibration
16460,fit
16461,fit
16462,calibration
16464,fit
16465,fit
16466,test
16467,fit
16468,test
16469,test
16471,calibration
16472,test
16473,fit
16474,calibration
16475,calibration
16477,calibration
16478,test
16479,fit
16481,fit
16482,test
16483,calibration
16484,fit
16485,fit
16486,test
16487,fit
16488,fit
16489,test
16490,test
16491,calibration
16492,fit
16493,test
16494,fit
16495,test
16496,fit
16497,fit
16498,test
16499,fit
16500,fit
16501,fit
16502,fit
16503,fit
16504,fit
16505,fit
16506,test
16507,fit
16508,calibration
16509,fit
16510,test
16511,test
16512,fit
16513,calibration
16514,test
16515,calibration
16517,fit
16518,fit
16519,test
16520,fit
16522,fit
16523,fit
16524,fit
16525,test
16526,test
16527,fit
16528,calibration
16529,calibration
16530,test
16531,fit
16532,test
16533,calibration
16534,fit
16535,fit
16536,test
16537,fit
16538,fit
16539,test
16540,fit
16541,fit
16542,calibration
16543,fit
16544,test
16545,fit
16546,calibration
16547,fit
16548,test
16549,calibration
16550,fit
16552,test
16553,fit
16554,fit
16555,fit
16556,fit
16557,calibration
16558,test
16559,fit
16560,test
16561,test
16562,fit
16563,fit
16564,fit
16565,calibration
16566,test
16567,fit
16569,fit
16570,test
16571,calibration
16572,fit
16573,calibration
16574,fit
16575,fit
16576,fit
16577,fit
16578,test
16579,test
16580,fit
16581,fit
16582,fit
16583,calibration
16584,fit
16585,calibration
16586,fit
16587,fit
16588,test
16589,test
16590,test
16591,fit
16592,calibration
16593,fit
16594,fit
16595,fit
16596,fit
16597,fit
16598,fit
16599,fit
16600,fit
16601,fit
16603,fit
16604,test
16605,fit
16606,test
16607,fit
16608,test
16609,fit
16610,fit
16611,calibration
16612,test
16613,fit
16615,calibration
16616,fit
16619,fit
16620,calibration
16621,calibration
16622,test
16623,test
16624,test
16626,fit
16627,calibration
16628,calibration
16629,fit
16631,fit
16632,fit
16633,calibration
16634,fit
16635,fit
16636,test
16637,calibration
16638,fit
16639,test
16640,fit
16641,fit
16642,fit
16643,fit
16644,fit
16645,fit
16646,calibration
16647,test
16648,fit
16649,test
16650,calibration
16651,fit
16652,fit
16653,test
16654,fit
16655,fit
16656,fit
16657,test
16658,fit
16659,fit
16660,calibration
16661,fit
16662,calibration
16663,fit
16664,fit
16665,test
16666,fit
16667,test
16669,test
16670,calibration
16671,calibration
16672,fit
16673,fit
16674,fit
16675,fit
16677,fit
16678,test
16679,fit
16680,fit
16681,fit
16682,fit
16684,fit
16685,calibration
16686,fit
16687,fit
16688,test
16689,fit
16690,fit
16691,fit
16692,calibration
16693,fit
16694,calibration
16695,fit
16696,fit
16697,fit
16698,test
16699,test
16700,fit
16701,fit
16702,test
16704,calibration
16705,calibration
16706,fit
16707,fit
16708,fit
16709,calibration
16710,calibration
16711,test
16712,fit
16713,fit
16714,fit
16715,calibration
16716,test
16717,fit
16718,fit
16719,fit
16720,fit
16721,test
16722,test
16723,test
16724,calibration
16725,test
16726,fit
16727,fit
16728,test
16729,fit
16730,fit
16731,fit
16732,fit
16733,test
16734,calibration
16735,calibration
16736,fit
16737,test
16738,calibration
16739,fit
16740,test
16741,calibration
16742,fit
16743,test
16746,fit
16747,fit
16748,fit
16749,calibration
16750,fit
16751,fit
16752,calibration
16753,fit
16754,fit
16755,calibration
16756,fit
16757,fit
16759,fit
16760,fit
16761,fit
16762,fit
16763,test
16764,fit
16765,calibration
16766,fit
16767,fit
16768,fit
16769,calibration
16770,fit
16771,test
16772,fit
16773,fit
16774,fit
16775,test
16776,fit
16777,test
16778,test
16779,fit
16780,fit
16781,fit
16782,fit
16783,test
16784,calibration
16785,fit
16786,fit
16787,fit
16788,fit
16789,test
16790,fit
16791,fit
16792,fit
16793,fit
16794,fit
16795,calibration
16796,fit
16797,calibration
16798,fit
16799,test
16800,calibration
16801,test
16802,fit
16803,fit
16804,test
16805,fit
16806,calibration
16807,fit
16808,fit
16809,calibration
16811,fit
16812,fit
16813,fit
16814,fit
16815,calibration
16816,fit
16817,fit
16818,fit
16819,calibration
16820,test
16821,calibration
16822,fit
16823,test
16824,calibration
16825,fit
16826,fit
16827,calibration
16828,fit
16829,calibration
16830,test
16831,fit
16832,fit
16833,test
16834,fit
16835,fit
16837,fit
16838,fit
16839,calibration
16840,calibration
16841,calibration
16842,fit
16843,test
16844,fit
16845,fit
16846,fit
16847,test
16848,fit
16849,fit
16850,fit
16851,fit
16852,fit
16853,calibration
16854,fit
16855,test
16856,fit
16857,test
16858,calibration
16859,calibration
16860,test
16861,fit
16862,fit
16863,calibration
16864,calibration
16865,calibration
16866,test
16867,fit
16868,fit
16869,fit
16870,fit
16871,fit
16872,test
16873,fit
16874,test
16875,test
16876,test
16877,calibration
16878,fit
16879,test
16880,calibration
16881,fit
16882,fit
16883,fit
16884,test
16885,test
16886,fit
16887,fit
16888,test
16889,fit
16890,fit
16891,calibration
16894,calibration
16895,test
16896,fit
16897,fit
16898,calibration
16899,fit
16900,test
16901,fit
16902,fit
16904,fit
16905,fit
16906,fit
16907,fit
16908,calibration
16909,test
16911,fit
16912,fit
16913,fit
16914,test
16915,calibration
16916,test
16917,fit
16918,fit
16919,fit
16920,fit
16921,test
16922,test
16923,fit
16924,fit
16925,test
16926,fit
16927,fit
16928,fit
16929,fit
16930,calibration
16931,test
16932,calibration
16933,test
16934,test
16935,fit
16936,fit
16937,test
16938,calibration
16939,fit
16940,fit
16941,calibration
16942,fit
16943,test
16944,fit
16946,calibration
16947,fit
16948,fit
16950,calibration
16951,fit
16952,calibration
16953,fit
16954,fit
16955,fit
16956,calibration
16957,fit
16958,test
16959,test
16960,fit
16961,calibration
16962,fit
16963,fit
16965,test
16966,fit
16967,fit
16968,fit
16969,calibration
16970,fit
16971,calibration
16972,calibration
16973,calibration
16974,fit
16975,test
16976,calibration
16977,calibration
16978,calibration
16980,test
16981,fit
16982,test
16983,calibration
16984,test
16986,test
16987,calibration
16988,calibration
16989,fit
16991,fit
16992,fit
16993,test
16994,calibration
16995,fit
16997,fit
16998,test
17000,calibration
17001,fit
17002,fit
17003,calibration
17004,test
17005,fit
17006,fit
17007,fit
17008,fit
17009,calibration
17010,fit
17011,fit
17012,test
17013,test
17014,fit
17016,fit
17017,test
17018,fit
17019,fit
17020,fit
17022,fit
17023,fit
17024,fit
17025,fit
17026,fit
17027,fit
17028,fit
17029,fit
17030,calibration
17031,fit
17032,fit
17033,test
17034,fit
17035,fit
17036,fit
17037,fit
17038,fit
17039,fit
17040,fit
17041,fit
17042,calibration
17043,calibration
17044,calibration
17045,fit
17046,calibration
17047,fit
17048,fit
17049,fit
17050,test
17051,fit
17052,fit
17053,fit
17054,fit
17056,calibration
17057,fit
17060,fit
17061,fit
17062,fit
17063,calibration
17064,fit
17065,fit
17066,fit
17067,calibration
17069,fit
17070,test
17071,calibration
17072,fit
17073,calibration
17074,test
17075,fit
17076,fit
17077,calibration
17078,fit
17079,fit
17080,fit
17081,calibration
17082,fit
17083,fit
17084,fit
17086,test
17087,test
17088,test
17089,calibration
17090,test
17091,fit
17092,calibration
17093,test
17094,test
17095,fit
17096,fit
17097,fit
17098,fit
17099,test
17100,calibration
17101,fit
17102,calibration
17103,fit
17104,fit
17105,calibration
17106,test
17107,test
17108,test
17109,fit
17110,calibration
17111,test
17112,fit
17113,test
17114,fit
17115,fit
17116,fit
17117,test
17118,fit
17119,calibration
17120,fit
17121,fit
17122,calibration
17124,test
17125,test
17126,fit
17127,calibration
17128,fit
17129,test
17130,fit
17131,calibration
17132,test
17133,fit
17134,fit
17135,fit
17136,fit
17137,calibration
17138,fit
17139,fit
17140,fit
17141,fit
17142,fit
17143,calibration
17144,test
17145,calibration
17146,fit
17147,fit
17148,fit
17149,fit
17150,test
17151,calibration
17152,test
17153,test
17154,test
17155,calibration
17157,fit
17158,fit
17159,fit
17160,fit
17161,fit
17162,fit
17163,test
17164,fit
17165,fit
17166,calibration
17167,fit
17168,fit
17169,fit
17170,fit
17171,calibration
17172,fit
17173,fit
17174,calibration
17175,test
17176,fit
17177,fit
17178,fit
17179,test
17180,test
17181,fit
17182,test
17183,fit
17184,fit
17185,fit
17186,fit
17188,fit
17189,fit
17190,calibration
17192,fit
17193,fit
17194,calibration
17195,calibration
17196,calibration
17197,fit
17198,fit
17199,calibration
17200,calibration
17201,calibration
17202,fit
17203,fit
17204,fit
17205,calibration
17206,test
17207,fit
17208,fit
17209,fit
17210,fit
17211,test
17212,fit
17213,test
17214,calibration
17215,fit
17216,test
17217,calibration
17218,fit
17219,fit
17220,fit
17221,test
17222,fit
17223,calibration
17224,fit
17225,fit
17226,fit
17227,fit
17229,fit
17230,fit
17231,fit
17232,calibration
17233,fit
17234,fit
17235,calibration
17236,test
17237,fit
17238,fit
17239,fit
17240,fit
17241,fit
17243,fit
17244,fit
17245,calibration
17247,fit
17248,calibration
17249,test
17250,test
17251,test
17252,calibration
17253,fit
17254,fit
17255,test
17256,fit
17257,calibration
17258,fit
17259,test
17260,fit
17261,fit
17262,fit
17263,fit
17264,fit
17265,fit
17266,fit
17267,fit
17268,test
17269,fit
17270,fit
17271,fit
17273,calibration
17274,test
17275,fit
17276,test
17277,test
17278,fit
17279,fit
17280,fit
17281,test
17282,fit
17283,calibration
17284,fit
17285,fit
17286,fit
17287,fit
17288,fit
17290,fit
17291,fit
17292,fit
17294,fit
17296,calibration
17297,calibration
17298,fit
17299,fit
17301,fit
17302,fit
17303,fit
17304,fit
17305,fit
17306,fit
17307,test
17308,fit
17309,test
17310,fit
17311,fit
17312,calibration
17313,test
17314,fit
17315,test
17316,fit
17317,fit
17318,test
17319,fit
17320,test
17321,calibration
17322,calibration
17324,fit
17325,fit
17326,fit
17327,fit
17328,fit
17329,test
17330,fit
17332,fit
17333,fit
17334,fit
17335,fit
17336,calibration
17337,fit
17338,calibration
17339,fit
17340,test
17341,test
17342,test
17343,fit
17344,fit
17345,fit
17346,calibration
17347,fit
17348,calibration
17349,calibration
17350,calibration
17351,test
17352,calibration
17353,fit
17354,calibration
17355,test
17356,calibration
17357,test
17358,fit
17359,test
17360,fit
17361,calibration
17362,fit
17363,fit
17364,fit
17365,calibration
17366,test
17367,fit
17368,fit
17369,fit
17370,calibration
17371,fit
17372,fit
17373,fit
17374,calibration
17375,fit
17376,calibration
17377,test
17378,fit
17379,test
17380,fit
17381,fit
17382,test
17383,fit
17384,fit
17385,test
17386,fit
17387,fit
17388,calibration
17389,calibration
17390,fit
17391,fit
17392,calibration
17393,fit
17394,fit
17395,fit
17396,test
17397,fit
17398,fit
17399,fit
17400,fit
17401,fit
17402,fit
17403,fit
17404,fit
17405,fit
17406,fit
17407,fit
17408,fit
17409,calibration
17410,calibration
17411,fit
17413,fit
17414,fit
17415,fit
17416,fit
17417,fit
17418,test
17419,test
17420,fit
17421,fit
17422,fit
17423,calibration
17424,test
17425,fit
17426,fit
17427,calibration
17428,calibration
17429,fit
17430,test
17431,fit
17432,test
17433,fit
17434,test
17435,fit
17436,test
17437,fit
17438,fit
17439,test
17440,fit
17441,calibration
17442,calibration
17443,fit
17444,fit
17445,fit
17446,fit
17447,test
17448,fit
17449,calibration
17450,fit
17451,test
17452,fit
17453,fit
17454,calibration
17455,test
17456,fit
17457,fit
17458,test
17459,fit
17460,fit
17461,test
17462,test
17463,fit
17464,calibration
17465,calibration
17466,calibration
17467,calibration
17468,fit
17469,fit
17470,calibration
17471,test
17472,test
17474,calibration
17475,calibration
17476,fit
17477,fit
17478,fit
17479,fit
17480,fit
17481,test
17482,fit
17483,calibration
17484,test
17485,calibration
17486,fit
17487,fit
17488,fit
17489,calibration
17490,test
17491,test
17492,fit
17493,fit
17494,fit
17496,fit
17497,fit
17499,fit
17500,fit
17501,test
17502,test
17503,calibration
17504,fit
17506,fit
17507,fit
17508,fit
17509,fit
17510,fit
17511,calibration
17512,test
17513,fit
17514,calibration
17515,test
17516,fit
17517,fit
17518,calibration
17519,fit
17520,fit
17521,fit
17522,fit
17523,fit
17524,calibration
17525,calibration
17526,calibration
17527,fit
17528,fit
17529,test
17530,fit
17531,calibration
17532,fit
17533,fit
17534,calibration
17535,fit
17536,calibration
17537,calibration
17538,fit
17539,test
17540,test
17541,test
17542,test
17543,fit
17544,fit
17545,test
17546,calibration
17547,fit
17548,test
17549,fit
17550,fit
17551,fit
17552,fit
17553,calibration
17554,fit
17556,calibration
17557,test
17558,fit
17559,calibration
17560,fit
17561,fit
17562,fit
17563,fit
17564,test
17565,test
17566,fit
17567,fit
17568,fit
17569,fit
17570,test
17571,fit
17572,test
17573,fit
17574,calibration
17575,fit
17576,fit
17577,fit
17578,fit
17579,fit
17580,fit
17582,test
17583,calibration
17584,calibration
17585,test
17586,calibration
17587,fit
17588,fit
17589,fit
17590,fit
17591,fit
17592,fit
17593,fit
17594,fit
17595,fit
17596,calibration
17597,fit
17598,fit
17599,fit
17600,fit
17601,calibration
17602,fit
17603,calibration
17604,fit
17605,fit
17606,fit
17607,fit
17608,calibration
17609,fit
17610,fit
17611,fit
17612,calibration
17613,fit
17614,fit
17615,fit
17616,calibration
17617,test
17618,fit
17619,fit
17620,test
17621,fit
17622,fit
17623,fit
17624,fit
17625,calibration
17626,fit
17627,calibration
17628,fit
17629,calibration
17630,fit
17631,fit
17632,fit
17633,test
17634,fit
17635,calibration
17637,test
17638,fit
17639,fit
17640,calibration
17641,calibration
17642,fit
17643,test
17644,calibration
17645,test
17646,fit
17647,fit
17648,calibration
17649,fit
17650,test
17651,fit
17652,fit
17653,fit
17654,calibration
17655,calibration
17656,fit
17657,fit
17658,fit
17659,fit
17660,fit
17661,calibration
17662,test
17663,calibration
17664,test
17665,test
17666,calibration
17667,fit
17668,test
17669,fit
17670,fit
17671,fit
17672,test
17673,fit
17674,fit
17675,fit
17676,calibration
17677,test
17678,calibration
17679,test
17680,test
17681,test
17682,calibration
17683,fit
17684,calibration
17685,fit
17686,test
17687,fit
17688,calibration
17689,fit
17690,fit
17691,fit
17693,test
17694,fit
17695,test
17696,fit
17697,fit
17698,fit
17699,test
17700,test
17701,fit
17702,calibration
17703,fit
17704,fit
17705,calibration
17706,test
17707,calibration
17708,calibration
17709,test
17710,fit
17711,calibration
17712,fit
17714,fit
17715,fit
17716,calibration
17717,test
17718,fit
17719,fit
17720,test
17721,fit
17722,fit
17724,fit
17725,fit
17727,test
17728,calibration
17729,fit
17730,test
17731,test
17732,calibration
17733,fit
17734,fit
17735,test
17736,calibration
17737,test
17739,calibration
17740,test
17741,fit
17742,test
17743,calibration
17744,test
17745,fit
17746,fit
17747,fit
17748,test
17749,fit
17750,fit
17751,fit
17752,calibration
17753,test
17754,calibration
17755,fit
17756,fit
17757,fit
17758,fit
17759,calibration
17760,fit
17761,calibration
17762,test
17763,fit
17764,fit
17765,fit
17766,test
17767,fit
17768,fit
17769,fit
17770,test
17771,test
17772,fit
17773,fit
17774,fit
17775,fit
17776,fit
17777,fit
17778,fit
17779,calibration
17780,test
17781,fit
17782,test
17783,calibration
17784,fit
17785,fit
17786,fit
17787,test
17788,fit
17789,fit
17790,fit
17791,calibration
17792,test
17793,fit
17794,calibration
17795,test
17796,test
17797,test
17798,fit
17799,fit
17800,fit
17802,fit
17803,calibration
17806,test
17807,calibration
17808,fit
17809,calibration
17810,fit
17811,fit
17812,test
17813,calibration
17814,test
17815,fit
17816,test
17817,fit
17818,test
17819,fit
17820,calibration
17821,fit
17822,test
17823,fit
17824,fit
17825,test
17827,fit
17828,fit
17829,fit
17830,test
17831,fit
17832,calibration
17833,calibration
17834,fit
17835,calibration
17836,fit
17837,calibration
17838,fit
17839,fit
17840,fit
17842,calibration
17843,fit
17844,fit
17845,fit
17846,fit
17847,fit
17848,fit
17849,calibration
17850,fit
17851,fit
17852,fit
17853,calibration
17855,fit
17856,calibration
17857,fit
17858,test
17859,fit
17860,fit
17861,test
17862,test
17863,calibration
17865,fit
17866,fit
17867,test
17868,test
17869,calibration
17870,fit
17871,calibration
17872,calibration
17873,fit
17874,test
17875,calibration
17876,fit
17877,fit
17878,fit
17879,fit
17880,fit
17881,test
17882,fit
17883,test
17884,fit
17885,fit
17886,fit
17887,fit
17888,calibration
17889,fit
17890,fit
17891,fit
17892,test
17894,calibration
17895,fit
17896,test
17897,calibration
17898,calibration
17899,fit
17900,calibration
17901,fit
17902,fit
17903,fit
17904,fit
17905,fit
17906,calibration
17907,test
17908,fit
17909,test
17910,fit
17911,fit
17912,fit
17913,fit
17914,test
17915,test
17916,test
17917,fit
17918,fit
17919,test
17920,fit
17922,test
17923,fit
17924,test
17925,test
17926,fit
17927,fit
17928,fit
17929,fit
17930,fit
17931,test
17932,fit
17933,test
17934,calibration
17935,fit
17936,calibration
17937,fit
17938,calibration
17939,fit
17940,calibration
17941,test
17942,calibration
17943,test
17944,fit
17945,fit
17946,fit
17947,test
17948,calibration
17949,test
17950,test
17951,calibration
17952,fit
17953,fit
17955,fit
17956,calibration
17957,fit
17958,test
17959,test
17960,calibration
17961,fit
17962,fit
17963,fit
17964,test
17965,fit
17966,calibration
17967,fit
17968,test
17969,fit
17970,test
17972,fit
17973,test
17974,fit
17975,fit
17976,fit
17977,test
17978,fit
17979,fit
17980,fit
17981,fit
17982,fit
17983,fit
17984,fit
17985,calibration
17986,fit
17987,fit
17988,fit
17989,fit
17990,test
17991,fit
17992,calibration
17993,fit
17995,fit
17996,fit
17997,calibration
17998,fit
17999,fit
18000,fit
18003,fit
18004,fit
18005,fit
18006,calibration
18007,fit
18008,calibration
18009,fit
18010,calibration
18011,fit
18012,fit
18013,fit
18014,fit
18015,fit
18016,fit
18017,fit
18018,fit
18019,fit
18020,fit
18021,test
18022,calibration
18023,fit
18024,fit
18025,calibration
18026,calibration
18027,fit
18028,fit
18029,calibration
18030,calibration
18031,calibration
18032,test
18033,fit
18034,fit
18036,fit
18037,fit
18038,fit
18039,test
18040,fit
18041,calibration
18042,fit
18043,fit
18044,fit
18045,fit
18046,calibration
18047,fit
18048,fit
18049,fit
18050,fit
18051,fit
18052,test
18053,fit
18054,fit
18056,fit
18057,fit
18058,fit
18059,test
18060,fit
18061,test
18062,fit
18063,fit
18064,fit
18065,fit
18066,fit
18067,calibration
18068,fit
18069,fit
18070,fit
18071,calibration
18072,calibration
18073,calibration
18074,fit
18075,fit
18076,calibration
18077,fit
18078,fit
18079,fit
18080,test
18081,fit
18082,calibration
18083,fit
18084,test
18085,fit
18086,fit
18087,fit
18088,fit
18089,test
18090,fit
18091,fit
18092,fit
18093,calibration
18096,test
18097,fit
18098,fit
18099,calibration
18100,fit
18101,calibration
18102,fit
18103,fit
18105,calibration
18106,test
18108,test
18109,calibration
18110,calibration
18111,test
18112,fit
18113,calibration
18114,test
18115,fit
18116,fit
18117,fit
18118,fit
18119,calibration
18120,test
18121,fit
18122,fit
18123,fit
18124,fit
18125,fit
18126,fit
18127,fit
18128,fit
18129,fit
18130,calibration
18131,fit
18132,fit
18133,test
18134,test
18135,fit
18136,calibration
18137,calibration
18138,test
18139,calibration
18140,test
18141,calibration
18142,fit
18143,fit
18144,fit
18145,fit
18146,fit
18147,fit
18148,calibration
18149,fit
18150,fit
18151,test
18152,fit
18153,fit
18154,fit
18156,calibration
18157,calibration
18158,fit
18159,test
18160,fit
18161,fit
18162,fit
18163,fit
18164,calibration
18165,test
18166,fit
18167,calibration
18168,fit
18169,fit
18170,fit
18171,calibration
18173,fit
18174,test
18175,fit
18177,calibration
18178,calibration
18179,fit
18180,fit
18181,test
18182,test
18183,calibration
18184,fit
18185,calibration
18186,fit
18187,test
18188,calibration
18189,fit
18190,fit
18191,fit
18192,calibration
18193,fit
18194,calibration
18195,test
18196,fit
18197,fit
18198,test
18199,fit
18200,fit
18201,calibration
18202,fit
18203,fit
18204,fit
18205,fit
18206,fit
18207,fit
18208,calibration
18209,calibration
18212,fit
18213,test
18214,test
18215,fit
18216,fit
18217,fit
18218,test
18219,fit
18220,fit
18221,fit
18222,calibration
18223,test
18225,fit
18226,test
18227,calibration
18228,calibration
18229,fit
18230,fit
18231,fit
18232,fit
18233,fit
18234,fit
18235,fit
18237,fit
18238,fit
18239,fit
18240,test
18241,test
18242,fit
18243,calibration
18244,test
18245,calibration
18246,calibration
18247,calibration
18248,fit
18249,test
18250,fit
18251,test
18252,calibration
18253,fit
18254,fit
18255,fit
18256,test
18257,test
18258,fit
18259,test
18260,fit
18261,fit
18262,fit
18263,fit
18266,fit
18267,calibration
18268,fit
18269,fit
18270,test
18271,fit
18272,fit
18273,fit
18274,fit
18275,fit
18276,fit
18277,calibration
18279,test
18280,fit
18281,test
18282,calibration
18283,fit
18284,fit
18285,calibration
18286,test
18287,fit
18288,fit
18289,test
18290,calibration
18291,fit
18292,fit
18293,calibration
18294,fit
18295,fit
18296,fit
18298,fit
18299,fit
18300,test
18301,fit
18302,calibration
18303,fit
18304,fit
18305,test
18306,test
18307,fit
18308,fit
18310,fit
18311,fit
18312,test
18313,calibration
18314,fit
18315,fit
18316,fit
18317,test
18318,fit
18319,fit
18320,fit
18321,fit
18322,calibration
18323,fit
18324,fit
18325,test
18326,fit
18327,test
18328,fit
18329,fit
18330,fit
18331,test
18332,fit
18333,test
18334,fit
18335,fit
18336,fit
18337,fit
18338,fit
18339,test
18340,test
18341,fit
18342,fit
18343,fit
18344,calibration
18345,fit
18346,fit
18347,calibration
18348,fit
18349,fit
18350,test
18351,fit
18352,fit
18353,calibration
18354,fit
18355,calibration
18356,test
18357,test
18358,fit
18359,fit
18360,fit
18362,calibration
18364,calibration
18365,fit
18366,calibration
18367,calibration
18368,fit
18370,fit
18371,fit
18372,fit
18373,calibration
18375,test
18376,test
18377,fit
18378,calibration
18379,test
18380,calibration
18381,fit
18382,fit
18383,calibration
18384,calibration
18385,calibration
18386,fit
18387,fit
18388,calibration
18389,fit
18390,fit
18392,fit
18393,fit
18394,calibration
18395,test
18396,fit
18397,calibration
18398,calibration
18400,fit
18401,calibration
18402,fit
18403,fit
18404,calibration
18405,test
18406,fit
18407,fit
18408,calibration
18409,fit
18410,calibration
18411,fit
18412,calibration
18413,fit
18414,calibration
18416,fit
18417,fit
18418,fit
18419,calibration
18420,fit
18421,calibration
18422,calibration
18423,calibration
18424,calibration
18425,calibration
18426,fit
18427,fit
18428,test
18429,calibration
18430,fit
18431,fit
18432,fit
18433,fit
18435,fit
18436,fit
18437,fit
18438,test
18439,fit
18440,fit
18441,calibration
18442,test
18443,fit
18444,calibration
18445,test
18446,calibration
18447,fit
18449,test
18450,calibration
18451,calibration
18452,fit
18453,fit
18454,fit
18455,test
18456,test
18457,fit
18458,test
18459,fit
18460,fit
18461,test
18462,fit
18463,calibration
18464,fit
18466,test
18467,fit
18468,fit
18469,fit
18470,calibration
18471,fit
18472,fit
18473,fit
18474,fit
18475,test
18476,calibration
18477,fit
18478,fit
18479,test
18480,calibration
18481,fit
18482,fit
18483,fit
18484,fit
18485,fit
18486,fit
18487,fit
18488,fit
18489,calibration
18490,fit
18491,fit
18492,calibration
18493,fit
18494,calibration
18495,calibration
18497,fit
18498,fit
18499,fit
18500,calibration
18501,test
18502,fit
18503,fit
18504,fit
18505,fit
18506,fit
18507,fit
18508,test
18509,fit
18510,fit
18511,fit
18512,fit
18513,calibration
18515,calibration
18516,fit
18517,test
18519,fit
18520,test
18521,fit
18522,calibration
18523,test
18525,fit
18526,calibration
18527,fit
18528,fit
18529,test
18530,test
18531,fit
18533,fit
18534,test
18535,test
18536,test
18538,test
18540,fit
18541,fit
18542,test
18543,calibration
18544,test
18545,fit
18546,fit
18547,fit
18548,fit
18549,fit
18550,fit
18551,fit
18552,fit
18553,calibration
18554,test
18555,test
18556,fit
18557,fit
18558,calibration
18559,fit
18561,calibration
18562,test
18563,test
18564,test
18565,fit
18566,fit
18567,calibration
18568,fit
18569,fit
18570,fit
18571,fit
18572,calibration
18574,fit
18575,fit
18577,calibration
18578,test
18579,fit
18580,fit
18581,fit
18582,fit
18583,fit
18584,test
18585,fit
18586,fit
18587,fit
18588,fit
18589,fit
18590,fit
18591,fit
18592,test
18593,fit
18594,fit
18595,fit
18596,calibration
18597,test
18598,test
18599,calibration
18602,fit
18603,test
18604,calibration
18605,fit
18606,calibration
18607,fit
18608,fit
18609,fit
18610,fit
18611,fit
18612,calibration
18613,fit
18614,fit
18615,fit
18616,fit
18617,fit
18618,fit
18619,test
18620,fit
18621,fit
18622,test
18623,fit
18624,fit
18625,fit
18626,fit
18627,calibration
18628,calibration
18629,fit
18630,calibration
18631,fit
18633,fit
18634,calibration
18635,calibration
18636,calibration
18637,test
18638,fit
18639,calibration
18640,fit
18641,fit
18642,fit
18643,calibration
18644,fit
18646,calibration
18647,fit
18648,fit
18650,calibration
18651,fit
18653,fit
18654,test
18655,fit
18656,fit
18657,fit
18658,fit
18660,test
18661,fit
18662,test
18663,fit
18664,fit
18665,fit
18666,fit
18667,fit
18668,fit
18669,test
18671,fit
18672,fit
18673,test
18674,calibration
18675,fit
18676,fit
18677,fit
18678,fit
18679,fit
18680,fit
18681,test
18682,fit
18683,calibration
18684,calibration
18685,test
18686,calibration
18687,fit
18688,fit
18689,fit
18690,calibration
18691,test
18692,calibration
18693,fit
18694,fit
18695,fit
18696,fit
18697,fit
18698,calibration
18699,fit
18700,test
18701,fit
18702,test
18703,fit
18704,fit
18705,test
18706,test
18707,fit
18708,fit
18709,test
18710,test
18711,test
18712,fit
18713,fit
18714,calibration
18715,fit
18716,calibration
18717,fit
18718,test
18719,fit
18720,fit
18721,fit
18722,test
18723,fit
18724,fit
18725,fit
18726,test
18727,test
18728,fit
18729,fit
18730,fit
18733,fit
18734,fit
18735,fit
18736,calibration
18737,fit
18738,test
18739,fit
18740,test
18741,calibration
18742,fit
18743,fit
18744,fit
18745,fit
18746,calibration
18747,fit
18748,fit
18749,test
18750,fit
18751,fit
18752,calibration
18753,test
18754,test
18755,calibration
18756,test
18758,fit
18759,fit
18760,fit
18761,calibration
18762,test
18763,calibration
18764,calibration
18765,calibration
18766,fit
18768,test
18769,test
18770,test
18772,fit
18773,calibration
18774,fit
18775,calibration
18776,test
18777,calibration
18778,fit
18779,fit
18780,calibration
18781,calibration
18782,calibration
18783,fit
18784,test
18785,fit
18786,calibration
18787,fit
18788,test
18789,test
18790,calibration
18791,test
18792,calibration
18793,calibration
18794,fit
18795,calibration
18796,fit
18797,calibration
18798,fit
18799,calibration
18800,fit
18801,fit
18802,fit
18803,fit
18804,fit
18806,fit
18807,test
18808,fit
18809,test
18811,calibration
18812,fit
18813,fit
18814,test
18815,test
18816,calibration
18817,fit
18818,fit
18819,fit
18820,fit
18821,fit
18822,fit
18823,fit
18824,test
18825,fit
18826,fit
18827,fit
18828,fit
18829,calibration
18830,fit
18831,fit
18832,fit
18833,calibration
18834,test
18835,fit
18836,fit
18837,fit
18838,fit
18839,test
18841,test
18842,fit
18843,fit
18844,test
18845,fit
18846,fit
18847,calibration
18848,fit
18849,fit
18850,fit
18851,calibration
18852,fit
18853,calibration
18854,calibration
18855,test
18856,test
18857,fit
18858,fit
18859,calibration
18860,fit
18861,fit
18862,fit
18863,fit
18864,calibration
18865,fit
18866,test
18867,fit
18868,calibration
18869,calibration
18870,calibration
18871,calibration
18872,fit
18873,fit
18874,test
18875,test
18876,fit
18877,fit
18878,test
18879,fit
18880,fit
18882,fit
18883,fit
18884,calibration
18885,fit
18886,fit
18888,fit
18889,fit
18890,fit
18891,fit
18892,fit
18893,calibration
18894,calibration
18895,fit
18896,test
18897,test
18898,test
18899,fit
18900,test
18901,calibration
18902,fit
18903,fit
18904,fit
18905,calibration
18906,test
18908,test
18909,fit
18910,fit
18911,calibration
18912,fit
18913,calibration
18914,calibration
18915,fit
18916,fit
18917,calibration
18918,test
18919,fit
18920,calibration
18921,fit
18923,fit
18924,fit
18925,fit
18926,fit
18927,fit
18928,fit
18929,fit
18930,calibration
18933,fit
18934,calibration
18935,fit
18936,fit
18937,fit
18938,test
18939,calibration
18940,fit
18941,fit
18942,fit
18943,test
18945,calibration
18946,test
18947,test
18948,fit
18949,fit
18950,calibration
18951,fit
18952,fit
18953,fit
18954,fit
18955,fit
18956,fit
18957,fit
18958,calibration
18959,fit
18960,fit
18961,test
18962,calibration
18963,fit
18964,fit
18965,test
18966,test
18967,fit
18968,fit
18969,test
18970,fit
18971,fit
18972,fit
18973,fit
18974,calibration
18975,fit
18976,test
18977,fit
18978,fit
18979,fit
18980,fit
18981,calibration
18982,calibration
18983,fit
18984,fit
18985,fit
18986,calibration
18987,calibration
18988,fit
18989,fit
18990,fit
18991,fit
18992,fit
18993,calibration
18994,fit
18996,fit
18997,fit
18998,fit
19000,fit
19001,fit
19002,fit
19003,fit
19004,calibration
19005,fit
19006,fit
19007,fit
19008,fit
19009,fit
19010,fit
19011,calibration
19012,fit
19013,test
19014,fit
19015,fit
19016,test
19017,calibration
19018,fit
19020,calibration
19021,fit
19022,calibration
19023,fit
19024,fit
19025,fit
19026,fit
19027,fit
19028,fit
19029,calibration
19030,fit
19031,calibration
19032,fit
19033,fit
19034,fit
19035,fit
19036,fit
19037,fit
19038,fit
19039,fit
19040,fit
19041,test
19042,fit
19043,calibration
19044,fit
19045,fit
19046,fit
19047,calibration
19048,fit
19049,fit
19050,test
19051,test
19052,test
19053,fit
19054,test
19056,calibration
19057,fit
19058,fit
19059,fit
19060,fit
19061,fit
19062,test
19063,fit
19064,test
19065,fit
19066,fit
19067,calibration
19068,calibration
19069,fit
19070,fit
19071,test
19072,fit
19073,fit
19074,calibration
19075,fit
19076,fit
19077,fit
19078,test
19079,fit
19080,fit
19081,fit
19082,fit
19084,test
19085,fit
19086,fit
19087,calibration
19088,calibration
19089,fit
19090,test
19091,fit
19092,fit
19093,fit
19094,fit
19095,test
19096,fit
19097,test
19099,fit
19100,fit
19101,fit
19103,fit
19104,calibration
19106,calibration
19107,test
19108,calibration
19109,calibration
19110,fit
19111,fit
19112,calibration
19113,calibration
19114,fit
19116,fit
19117,calibration
19118,fit
19119,fit
19120,fit
19121,calibration
19122,fit
19123,calibration
19124,fit
19125,calibration
19126,test
19127,test
19128,fit
19129,fit
19130,fit
19131,fit
19133,fit
19134,fit
19135,fit
19136,fit
19137,fit
19138,fit
19139,test
19140,fit
19141,fit
19142,fit
19143,fit
19144,fit
19145,test
19146,fit
19147,fit
19148,calibration
19149,test
19150,fit
19152,calibration
19154,fit
19155,fit
19156,fit
19157,fit
19158,fit
19159,fit
19160,calibration
19161,fit
19162,test
19163,fit
19164,fit
19165,fit
19166,calibration
19169,fit
19170,calibration
19171,fit
19172,calibration
19173,test
19174,fit
19175,fit
19176,calibration
19177,fit
19178,fit
19179,calibration
19180,fit
19181,calibration
19182,fit
19183,calibration
19184,fit
19185,fit
19186,fit
19187,fit
19188,fit
19190,calibration
19191,fit
19192,test
19193,fit
19194,test
19195,fit
19196,fit
19197,test
19198,test
19199,fit
19200,fit
19201,fit
19203,calibration
19205,fit
19206,fit
19207,fit
19208,fit
19209,fit
19210,fit
19211,fit
19212,fit
19213,fit
19214,fit
19215,fit
19216,calibration
19218,fit
19219,fit
19220,fit
19221,fit
19222,fit
19223,calibration
19224,test
19225,fit
19226,test
19227,fit
19229,calibration
19230,fit
19232,fit
19233,test
19234,fit
19235,fit
19236,calibration
19237,calibration
19238,fit
19240,test
19241,fit
19242,calibration
19243,test
19244,fit
19245,fit
19246,fit
19247,fit
19248,test
19249,fit
19250,calibration
19251,test
19252,fit
19253,test
19254,fit
19255,fit
19256,test
19257,calibration
19258,fit
19259,test
19260,calibration
19261,fit
19262,test
19263,test
19264,fit
19265,calibration
19266,fit
19267,calibration
19268,fit
19269,fit
19270,fit
19271,fit
19272,calibration
19273,calibration
19274,fit
19275,fit
19276,test
19277,test
19278,test
19279,fit
19280,calibration
19281,fit
19282,calibration
19283,calibration
19284,fit
19285,test
19286,fit
19288,calibration
19289,fit
19291,fit
19292,fit
19293,test
19294,fit
19295,test
19296,fit
19297,fit
19298,fit
19299,test
19300,test
19301,fit
19302,test
19303,test
19304,test
19305,fit
19306,fit
19307,calibration
19308,test
19309,fit
19310,fit
19311,fit
19312,fit
19313,calibration
19314,test
19315,calibration
19317,fit
19318,fit
19319,calibration
19320,fit
19321,fit
19322,fit
19323,test
19324,test
19325,fit
19326,fit
19327,fit
19328,fit
19329,calibration
19330,fit
19331,calibration
19332,fit
19333,fit
19334,fit
19335,fit
19336,fit
19337,fit
19338,fit
19340,fit
19341,fit
19342,fit
19343,calibration
19344,fit
19345,fit
19346,fit
19347,test
19348,test
19349,fit
19350,calibration
19351,calibration
19352,fit
19353,fit
19354,fit
19355,test
19357,calibration
19358,test
19359,fit
19361,calibration
19362,fit
19363,fit
19365,test
19366,fit
19367,fit
19368,fit
19369,test
19370,calibration
19371,fit
19372,fit
19373,test
19374,test
19375,fit
19376,fit
19377,test
19378,fit
19379,fit
19380,test
19381,test
19382,fit
19385,fit
19386,fit
19387,calibration
19388,fit
19389,fit
19391,fit
19392,test
19393,test
19394,test
19395,fit
19396,fit
19397,calibration
19398,fit
19399,test
19400,calibration
19401,calibration
19402,fit
19403,calibration
19404,fit
19405,fit
19406,fit
19408,fit
19409,fit
19410,test
19411,fit
19412,fit
19413,fit
19414,test
19415,fit
19416,calibration
19417,fit
19418,fit
19419,fit
19420,fit
19421,fit
19422,fit
19423,fit
19424,fit
19425,calibration
19426,test
19427,fit
19428,fit
19429,fit
19430,fit
19432,fit
19433,test
19434,calibration
19435,test
19436,calibration
19437,test
19438,test
19440,test
19441,test
19442,calibration
19443,calibration
19444,test
19445,test
19446,test
19447,fit
19448,fit
19449,fit
19450,fit
19451,fit
19452,test
19453,calibration
19454,test
19455,fit
19456,fit
19457,fit
19458,fit
19459,fit
19460,fit
19461,fit
19462,fit
19463,fit
19464,test
19465,fit
19466,fit
19467,fit
19468,test
19469,fit
19471,test
19472,fit
19473,fit
19474,calibration
19475,fit
19477,fit
19478,fit
19479,test
19480,calibration
19481,fit
19482,fit
19484,calibration
19485,fit
19486,fit
19487,calibration
19488,calibration
19489,fit
19491,test
19492,fit
19493,fit
19494,fit
19495,fit
19496,fit
19497,fit
19498,fit
19499,fit
19500,fit
19501,fit
19502,fit
19503,fit
19504,fit
19506,calibration
19507,test
19508,calibration
19509,fit
19510,test
19511,fit
19512,test
19513,calibration
19515,fit
19516,fit
19517,test
19518,fit
19519,fit
19520,test
19521,test
19522,fit
19523,fit
19524,fit
19525,test
19527,fit
19528,test
19529,fit
19530,calibration
19531,fit
19532,test
19533,fit
19534,test
19535,test
19536,fit
19537,test
19538,fit
19539,fit
19540,fit
19541,fit
19542,calibration
19543,calibration
19544,calibration
19545,fit
19546,calibration
19547,fit
19548,fit
19549,fit
19550,fit
19551,fit
19552,fit
19553,fit
19554,fit
19555,calibration
19556,fit
19557,calibration
19558,fit
19559,test
19560,fit
19561,fit
19562,fit
19563,fit
19564,fit
19565,fit
19567,fit
19568,calibration
19570,calibration
19571,fit
19572,test
19573,fit
19574,calibration
19575,fit
19577,fit
19578,test
19579,fit
19580,fit
19581,fit
19582,fit
19583,fit
19584,calibration
19585,fit
19586,fit
19587,fit
19588,test
19589,test
19590,calibration
19591,calibration
19592,calibration
19593,fit
19594,test
19595,fit
19596,calibration
19597,calibration
19598,fit
19599,fit
19600,fit
19601,fit
19603,fit
19604,fit
19605,test
19606,fit
19607,fit
19608,fit
19609,calibration
19610,test
19611,calibration
19612,test
19613,fit
19614,calibration
19615,fit
19616,test
19617,test
19618,calibration
19619,fit
19620,calibration
19621,calibration
19622,calibration
19623,test
19624,fit
19625,fit
19626,test
19627,fit
19628,fit
19629,fit
19630,calibration
19631,calibration
19632,fit
19633,fit
19634,fit
19635,fit
19636,fit
19637,fit
19638,fit
19639,fit
19640,test
19641,calibration
19642,fit
19643,test
19644,fit
19645,test
19646,fit
19647,fit
19648,fit
19650,fit
19651,fit
19652,calibration
19653,fit
19654,fit
19655,fit
19656,calibration
19657,fit
19658,test
19659,calibration
19660,fit
19662,test
19663,fit
19664,test
19665,test
19666,test
19667,fit
19668,test
19669,fit
19670,fit
19671,fit
19672,fit
19674,fit
19675,fit
19676,fit
19677,test
19679,fit
19680,calibration
19681,test
19682,fit
19683,fit
19684,fit
19687,fit
19688,fit
19691,fit
19692,calibration
19693,test
19694,fit
19695,fit
19696,fit
19697,test
19698,fit
19699,fit
19700,test
19701,calibration
19702,calibration
19703,fit
19704,fit
19705,fit
19706,test
19707,fit
19708,fit
19709,calibration
19710,test
19711,fit
19712,test
19713,calibration
19714,fit
19715,fit
19716,fit
19717,fit
19718,fit
19719,fit
19720,fit
19721,fit
19722,fit
19723,calibration
19724,calibration
19725,fit
19726,fit
19727,fit
19728,calibration
19729,fit
19730,fit
19731,calibration
19732,fit
19733,fit
19734,fit
19735,fit
19736,test
19737,fit
19738,fit
19739,fit
19740,fit
19742,fit
19743,test
19744,fit
19745,calibration
19746,test
19747,fit
19748,fit
19749,fit
19750,fit
19751,fit
19752,fit
19753,calibration
19754,fit
19755,fit
19756,fit
19757,calibration
19758,fit
19759,fit
19760,fit
19761,fit
19762,calibration
19763,fit
19764,calibration
19765,fit
19766,fit
19767,test
19768,fit
19769,calibration
19770,fit
19771,fit
19772,fit
19773,fit
19774,test
19776,calibration
19777,fit
19778,fit
19779,fit
19780,fit
19781,test
19782,fit
19783,fit
19784,fit
19785,calibration
19786,fit
19787,test
19788,fit
19789,fit
19790,fit
19791,test
19792,fit
19793,fit
19794,fit
19795,fit
19796,fit
19797,fit
19799,calibration
19800,calibration
19801,test
19802,fit
19803,calibration
19804,fit
19805,fit
19806,fit
19807,test
19808,test
19810,fit
19811,calibration
19812,fit
19813,fit
19814,calibration
19815,calibration
19816,calibration
19817,fit
19818,calibration
19819,fit
19820,calibration
19821,fit
19822,calibration
19823,fit
19824,fit
19825,calibration
19826,fit
19827,fit
19828,fit
19829,fit
19830,fit
19831,calibration
19832,test
19833,calibration
19834,fit
19835,fit
19836,calibration
19837,test
19838,calibration
19839,fit
19840,fit
19841,calibration
19842,test
19843,fit
19844,calibration
19845,fit
19846,fit
19847,fit
19848,fit
19849,fit
19850,fit
19851,fit
19852,calibration
19853,calibration
19854,fit
19855,fit
19856,fit
19857,fit
19858,fit
19859,fit
19860,calibration
19861,fit
19862,fit
19863,fit
19864,calibration
19865,fit
19866,fit
19867,test
19868,fit
19869,fit
19870,calibration
19871,fit
19874,fit
19875,fit
19876,fit
19877,calibration
19878,test
19880,test
19881,test
19882,calibration
19883,fit
19884,fit
19885,fit
19886,fit
19887,fit
19888,fit
19889,fit
19890,fit
19891,test
19893,calibration
19895,fit
19896,fit
19897,test
19898,calibration
19899,fit
19900,test
19901,fit
19902,fit
19903,fit
19904,fit
19905,fit
19906,test
19907,fit
19908,fit
19909,fit
19910,fit
19911,fit
19912,test
19913,fit
19914,fit
19915,fit
19916,fit
19917,fit
19918,fit
19919,fit
19920,fit
19921,fit
19922,fit
19924,calibration
19925,fit
19926,fit
19927,calibration
19928,test
19929,test
19930,fit
19932,test
19933,fit
19935,test
19936,fit
19937,fit
19938,fit
19939,calibration
19940,fit
19941,fit
19942,fit
19944,calibration
19945,fit
19946,fit
19947,fit
19948,fit
19949,fit
19950,fit
19951,fit
19952,fit
19953,fit
19954,test
19956,fit
19957,test
19958,fit
19959,calibration
19960,test
19961,test
19962,fit
19963,fit
19964,fit
19965,fit
19966,fit
19967,test
19968,test
19969,test
19970,fit
19971,fit
19972,calibration
19973,fit
19974,test
19975,fit
19976,test
19977,fit
19978,calibration
19979,fit
19980,test
19981,calibration
19982,test
19983,test
19984,fit
19985,test
19986,test
19987,test
19988,fit
19989,fit
19990,fit
19991,fit
19992,fit
19993,fit
19994,fit
19995,fit
19996,fit
19997,test
19998,fit
19999,fit
20000,fit
20001,fit
20002,fit
20003,fit
20004,calibration
20005,fit
20006,calibration
20007,test
20008,calibration
20009,calibration
20010,fit
20012,fit
20013,fit
20014,calibration
20015,fit
20016,fit
20017,calibration
20019,fit
20020,fit
20021,fit
20022,fit
20023,fit
20024,fit
20026,calibration
20027,fit
20028,fit
20029,fit
20030,test
20031,fit
20032,fit
20033,fit
20034,test
20035,fit
20036,fit
20038,fit
20039,fit
20040,calibration
20041,fit
20042,calibration
20043,fit
20046,fit
20047,test
20048,fit
20049,fit
20050,calibration
20051,fit
20052,fit
20053,fit
20054,calibration
20055,fit
20056,fit
20057,fit
20058,fit
20059,test
20060,fit
20061,fit
20063,calibration
20064,fit
20065,fit
20066,calibration
20067,test
20068,fit
20069,fit
20070,test
20071,fit
20072,fit
20074,calibration
20075,calibration
20076,fit
20077,fit
20078,fit
20079,test
20080,fit
20081,test
20082,test
20083,fit
20084,calibration
20085,calibration
20086,fit
20087,fit
20088,calibration
20089,calibration
20090,fit
20091,fit
20092,fit
20093,fit
20095,calibration
20096,fit
20097,fit
20098,fit
20099,fit
20101,fit
20102,fit
20103,test
20104,fit
20105,fit
20106,fit
20107,calibration
20108,test
20109,fit
20110,fit
20111,test
20112,fit
20113,fit
20114,calibration
20115,fit
20116,calibration
20117,fit
20118,fit
20119,fit
20120,calibration
20121,calibration
20122,fit
20123,calibration
20124,fit
20125,fit
20126,calibration
20127,fit
20128,fit
20129,fit
20130,fit
20131,calibration
20132,fit
20134,fit
20135,calibration
20136,fit
20137,fit
20138,fit
20139,fit
20140,fit
20141,fit
20142,fit
20143,fit
20144,fit
20145,fit
20146,fit
20147,fit
20148,fit
20149,fit
20150,fit
20151,calibration
20152,calibration
20153,fit
20155,test
20156,test
20157,test
20158,fit
20159,fit
20160,test
20161,fit
20162,fit
20163,test
20164,test
20165,fit
20166,fit
20167,fit
20168,fit
20169,fit
20170,calibration
20171,calibration
20172,fit
20173,fit
20174,fit
20175,test
20176,calibration
20177,fit
20178,fit
20179,calibration
20180,fit
20181,fit
20182,test
20183,test
20185,fit
20186,fit
20187,test
20188,test
20189,fit
20190,test
20191,fit
20192,fit
20193,fit
20194,fit
20196,fit
20197,fit
20198,fit
20199,fit
20200,calibration
20201,fit
20202,fit
20203,fit
20204,fit
20205,test
20206,test
20207,fit
20208,calibration
20209,fit
20210,test
20211,fit
20212,fit
20213,fit
20214,fit
20215,fit
20216,fit
20217,fit
20218,fit
20219,fit
20220,fit
20221,fit
20222,fit
20223,fit
20224,fit
20225,fit
20226,fit
20227,calibration
20228,calibration
20230,calibration
20231,fit
20232,test
20233,test
20234,fit
20235,fit
20236,fit
20237,fit
20238,calibration
20239,test
20241,fit
20242,test
20243,fit
20244,fit
20245,fit
20246,test
20247,fit
20248,fit
20249,calibration
20250,fit
20251,fit
20252,test
20253,calibration
20254,test
20255,test
20256,fit
20257,test
20258,fit
20259,fit
20260,fit
20261,fit
20262,calibration
20263,test
20264,fit
20265,calibration
20266,fit
20267,test
20268,test
20269,calibration
20270,test
20271,fit
20272,test
20273,calibration
20274,calibration
20275,test
20276,test
20277,fit
20278,fit
20279,calibration
20280,fit
20281,test
20282,fit
20283,calibration
20284,fit
20285,fit
20286,fit
20287,fit
20288,fit
20289,calibration
20290,fit
20291,fit
20292,fit
20293,test
20294,calibration
20295,fit
20296,test
20297,fit
20298,test
20299,test
20300,calibration
20301,fit
20302,fit
20303,fit
20304,test
20305,test
20306,test
20307,fit
20308,fit
20309,fit
20310,fit
20311,fit
20312,fit
20313,fit
20314,test
20315,fit
20317,test
20318,fit
20319,calibration
20320,fit
20321,test
20322,fit
20323,fit
20324,fit
20325,test
20326,test
20327,test
20328,test
20329,calibration
20330,calibration
20331,fit
20332,fit
20333,fit
20334,fit
20335,fit
20336,fit
20337,test
20338,fit
20339,fit
20340,fit
20341,fit
20342,test
20343,test
20344,fit
20345,fit
20346,fit
20347,fit
20348,test
20349,fit
20350,fit
20351,calibration
20353,calibration
20354,fit
20356,calibration
20357,calibration
20358,test
20359,fit
20361,calibration
20362,fit
20363,fit
20364,fit
20365,calibration
20366,calibration
20367,test
20368,fit
20369,fit
20370,test
20371,calibration
20372,fit
20373,fit
20374,calibration
20375,fit
20376,fit
20377,fit
20378,fit
20379,fit
20380,test
20381,calibration
20382,fit
20383,calibration
20384,test
20385,test
20386,calibration
20387,fit
20388,fit
20389,fit
20390,test
20391,calibration
20392,calibration
20393,calibration
20394,fit
20395,test
20396,fit
20397,calibration
20398,fit
20399,fit
20400,calibration
20401,fit
20402,test
20403,fit
20404,fit
20405,calibration
20406,fit
20407,fit
20408,test
20409,fit
20410,fit
20411,fit
20412,calibration
20413,fit
20414,test
20415,fit
20416,fit
20417,fit
20418,calibration
20419,calibration
20420,test
20421,test
20422,test
20423,test
20424,test
20425,fit
20426,test
20427,test
20428,test
20429,fit
20430,test
20431,fit
20432,fit
20433,test
20434,fit
20435,fit
20436,fit
20437,test
20438,fit
20439,fit
20440,test
20441,fit
20442,calibration
20443,fit
20444,fit
20445,fit
20447,calibration
20448,calibration
20449,fit
20450,fit
20451,fit
20452,fit
20453,fit
20454,fit
20455,fit
20456,calibration
20457,fit
20458,fit
20459,calibration
20460,fit
20461,calibration
20462,calibration
20463,fit
20464,calibration
20465,fit
20466,fit
20467,fit
20468,fit
20469,fit
20470,fit
20471,fit
20472,calibration
20473,test
20475,fit
20476,test
20477,fit
20478,fit
20479,fit
20480,fit
20481,fit
20482,fit
20483,fit
20484,fit
20485,fit
20486,test
20487,fit
20488,test
20489,fit
20490,calibration
20491,calibration
20492,fit
20493,fit
20495,fit
20496,calibration
20497,fit
20498,test
20499,test
20500,test
20501,fit
20502,calibration
20503,calibration
20504,fit
20505,fit
20506,fit
20507,calibration
20508,fit
20509,test
20510,fit
20511,fit
20513,calibration
20514,fit
20515,fit
20516,fit
20517,fit
20518,test
20519,test
20520,calibration
20521,calibration
20522,calibration
20523,fit
20524,fit
20525,fit
20526,fit
20527,fit
20528,calibration
20529,calibration
20530,fit
20531,calibration
20532,fit
20534,fit
20535,calibration
20536,fit
20537,fit
20538,test
20539,test
20540,fit
20541,test
20542,calibration
20543,calibration
20544,fit
20545,fit
20546,test
20547,fit
20548,fit
20549,calibration
20550,fit
20551,test
20552,fit
20553,fit
20554,fit
20555,calibration
20556,fit
20557,fit
20558,fit
20559,test
20560,test
20561,fit
20562,fit
20563,fit
20564,calibration
20565,fit
20566,fit
20567,fit
20570,fit
20571,fit
20572,test
20573,fit
20575,calibration
20576,calibration
20577,fit
20578,fit
20579,fit
20581,fit
20582,fit
20583,fit
20584,fit
20585,fit
20586,fit
20587,fit
20588,fit
20589,calibration
20590,fit
20591,test
20592,fit
20593,fit
20594,fit
20595,fit
20596,fit
20597,fit
20598,calibration
20599,fit
20600,test
20601,calibration
20602,fit
20603,fit
20604,fit
20605,fit
20606,test
20607,fit
20608,calibration
20609,fit
20610,test
20611,fit
20612,fit
20613,test
20614,fit
20615,fit
20616,test
20617,calibration
20619,fit
20620,calibration
20621,calibration
20622,fit
20623,calibration
20624,fit
20625,fit
20626,fit
20627,fit
20628,fit
20629,fit
20630,calibration
20631,fit
20632,fit
20633,fit
20634,calibration
20635,fit
20636,fit
20637,fit
20638,fit
20639,fit
20640,fit
20641,test
20642,calibration
20643,calibration
20644,test
20645,fit
20646,calibration
20647,test
20648,fit
20650,fit
20651,calibration
20652,fit
20654,test
20655,fit
20656,fit
20657,test
20658,fit
20659,test
20660,fit
20661,fit
20662,fit
20663,test
20664,fit
20665,calibration
20666,calibration
20667,fit
20668,fit
20669,fit
20670,fit
20671,fit
20672,fit
20673,test
20674,calibration
20675,fit
20676,calibration
20677,fit
20678,fit
20679,calibration
20680,fit
20681,fit
20682,test
20683,test
20684,fit
20685,test
20686,fit
20687,test
20688,fit
20689,calibration
20690,test
20691,calibration
20692,test
20693,calibration
20694,calibration
20695,calibration
20696,fit
20697,calibration
20698,fit
20699,fit
20700,calibration
20701,calibration
20702,fit
20703,fit
20704,fit
20705,fit
20706,fit
20707,fit
20708,fit
20709,fit
20710,calibration
20712,calibration
20713,calibration
20714,fit
20715,fit
20716,fit
20717,calibration
20718,test
20719,fit
20720,test
20721,calibration
20722,fit
20723,fit
20724,fit
20725,fit
20726,fit
20727,test
20728,calibration
20729,test
20730,fit
20731,fit
20732,fit
20733,fit
20734,fit
20735,fit
20736,fit
20737,test
20738,fit
20739,fit
20740,fit
20741,fit
20742,fit
20743,fit
20744,fit
20745,calibration
20746,fit
20747,calibration
20749,calibration
20750,calibration
20751,fit
20752,test
20753,test
20754,fit
20755,test
20756,fit
20757,calibration
20758,test
20759,test
20760,test
20761,test
20762,fit
20763,test
20764,test
20765,calibration
20766,calibration
20767,fit
20768,test
20769,fit
20770,fit
20771,fit
20772,fit
20774,fit
20775,fit
20776,fit
20778,test
20779,calibration
20781,fit
20782,test
20783,fit
20784,fit
20785,calibration
20786,fit
20787,calibration
20788,fit
20789,test
20790,fit
20791,test
20793,fit
20794,calibration
20795,calibration
20796,fit
20797,test
20798,fit
20799,fit
20800,fit
20801,test
20802,fit
20803,fit
20804,test
20805,calibration
20806,fit
20807,fit
20808,test
20809,calibration
20810,test
20811,test
20812,fit
20813,fit
20814,calibration
20815,fit
20816,fit
20817,fit
20818,fit
20819,fit
20820,fit
20821,fit
20822,test
20823,calibration
20824,calibration
20825,calibration
20826,fit
20827,fit
20829,fit
20830,fit
20831,fit
20833,fit
20834,calibration
20835,calibration
20836,calibration
20837,fit
20839,test
20841,fit
20842,fit
20843,fit
20844,test
20845,fit
20846,test
20847,fit
20848,fit
20849,fit
20850,fit
20851,fit
20852,calibration
20853,fit
20854,fit
20855,test
20856,calibration
20857,fit
20858,fit
20859,test
20860,test
20861,test
20862,fit
20863,test
20864,test
20865,fit
20866,test
20867,fit
20868,fit
20869,test
20870,calibration
20871,calibration
20872,fit
20873,fit
20874,calibration
20875,fit
20876,test
20877,test
20878,test
20879,fit
20880,fit
20881,fit
20882,calibration
20883,calibration
20884,test
20885,fit
20886,test
20887,calibration
20888,test
20889,fit
20890,calibration
20891,test
20892,fit
20893,fit
20894,fit
20895,test
20896,calibration
20897,fit
20898,test
20899,fit
20900,calibration
20901,fit
20902,test
20903,test
20904,fit
20905,calibration
20906,fit
20907,fit
20908,test
20909,test
20911,calibration
20912,fit
20913,fit
20914,fit
20915,fit
20916,fit
20918,fit
20919,fit
20920,fit
20921,fit
20922,calibration
20923,calibration
20924,fit
20925,fit
20926,fit
20927,test
20929,fit
20930,fit
20931,fit
20932,fit
20933,calibration
20934,fit
20936,fit
20937,fit
20938,test
20939,test
20940,fit
20941,test
20942,fit
20943,calibration
20944,calibration
20945,test
20946,calibration
20947,fit
20948,fit
20951,test
20952,test
20953,calibration
20954,fit
20955,test
20956,calibration
20957,calibration
20958,fit
20959,fit
20960,test
20962,fit
20963,fit
20964,test
20965,fit
20966,calibration
20969,fit
20970,fit
20971,test
20972,test
20973,fit
20974,fit
20975,test
20976,fit
20977,fit
20978,fit
20979,fit
20980,fit
20981,fit
20982,test
20983,calibration
20984,calibration
20985,calibration
20986,fit
20987,fit
20988,fit
20989,fit
20990,fit
20991,fit
20992,fit
20993,test
20994,fit
20995,calibration
20996,fit
20997,test
20998,test
21000,test
21001,fit
21002,calibration
21003,fit
21004,test
21005,fit
21006,test
21009,fit
21010,fit
21011,fit
21012,fit
21013,fit
21014,test
21015,test
21016,fit
21017,fit
21018,fit
21019,fit
21020,fit
21021,fit
21022,fit
21023,fit
21024,fit
21025,fit
21026,fit
21027,fit
21028,fit
21030,calibration
21031,fit
21032,fit
21033,fit
21034,calibration
21035,fit
21036,calibration
21037,test
21038,test
21039,fit
21040,test
21041,test
21042,test
21043,test
21044,fit
21046,test
21047,fit
21048,test
21049,fit
21050,calibration
21051,fit
21052,calibration
21053,calibration
21054,fit
21055,test
21056,fit
21057,calibration
21058,fit
21059,test
21060,fit
21061,calibration
21062,fit
21063,calibration
21064,calibration
21065,fit
21066,fit
21067,fit
21068,calibration
21069,test
21070,fit
21071,test
21072,fit
21073,calibration
21074,test
21075,fit
21076,test
21077,fit
21078,fit
21079,test
21080,fit
21081,fit
21082,test
21083,fit
21084,fit
21085,fit
21086,test
21087,fit
21088,fit
21089,calibration
21090,calibration
21091,calibration
21092,fit
21093,fit
21094,test
21095,test
21096,fit
21097,fit
21098,fit
21099,fit
21100,calibration
21101,fit
21102,fit
21103,test
21104,calibration
21105,calibration
21106,fit
21107,fit
21108,test
21109,fit
21110,fit
21111,test
21112,calibration
21113,test
21114,test
21115,fit
21116,calibration
21117,fit
21118,fit
21119,fit
21120,test
21122,fit
21123,fit
21124,fit
21125,fit
21126,fit
21127,test
21128,fit
21129,fit
21130,fit
21131,calibration
21132,calibration
21133,fit
21134,fit
21135,fit
21136,test
21137,fit
21138,test
21139,calibration
21140,fit
21141,test
21142,fit
21143,fit
21144,fit
21145,fit
21146,test
21147,fit
21148,calibration
21150,fit
21151,test
21152,fit
21153,calibration
21155,fit
21156,test
21157,fit
21158,fit
21159,fit
21160,calibration
21161,test
21163,fit
21164,fit
21167,fit
21168,fit
21169,fit
21170,fit
21173,fit
21174,fit
21175,fit
21176,fit
21178,fit
21179,test
21180,test
21181,fit
21182,fit
21183,fit
21184,fit
21185,calibration
21186,test
21187,fit
21188,fit
21189,test
21190,fit
21191,fit
21192,fit
21193,calibration
21194,calibration
21195,calibration
21196,fit
21197,fit
21198,test
21199,test
21200,fit
21201,test
21202,calibration
21203,fit
21204,fit
21205,fit
21206,fit
21207,fit
21208,test
21209,fit
21210,fit
21211,test
21212,fit
21213,fit
21214,test
21215,fit
21216,fit
21217,calibration
21218,fit
21219,fit
21220,test
21221,fit
21222,fit
21223,test
21224,calibration
21225,test
21226,calibration
21227,fit
21228,fit
21229,test
21230,fit
21232,fit
21233,fit
21234,test
21235,fit
21236,calibration
21237,fit
21238,fit
21239,fit
21240,fit
21241,calibration
21242,fit
21243,fit
21244,test
21245,calibration
21246,calibration
21247,fit
21248,fit
21249,fit
21250,fit
21251,fit
21252,fit
21253,calibration
21255,fit
21256,fit
21257,fit
21258,fit
21259,fit
21260,calibration
21261,fit
21262,test
21263,fit
21264,fit
21265,fit
21266,calibration
21268,fit
21269,fit
21270,test
21271,test
21272,fit
21273,test
21274,fit
21275,fit
21276,fit
21277,test
21278,fit
21279,test
21280,fit
21281,calibration
21282,fit
21283,test
21284,fit
21286,test
21287,fit
21288,fit
21289,fit
21290,fit
21291,fit
21292,fit
21293,fit
21294,test
21295,fit
21296,fit
21297,fit
21298,fit
21299,test
21300,fit
21301,fit
21302,fit
21303,test
21304,fit
21305,test
21306,test
21307,calibration
21308,calibration
21309,calibration
21310,fit
21311,fit
21312,fit
21314,fit
21315,fit
21316,fit
21317,fit
21318,fit
21319,calibration
21320,fit
21321,fit
21322,fit
21323,fit
21324,fit
21326,fit
21327,test
21328,fit
21329,fit
21330,fit
21331,test
21332,test
21333,test
21334,calibration
21337,fit
21338,fit
21339,test
21340,fit
21341,fit
21342,fit
21343,fit
21344,test
21345,fit
21346,fit
21347,calibration
21348,fit
21349,fit
21350,test
21351,calibration
21352,calibration
21355,test
21356,fit
21357,test
21358,fit
21359,calibration
21360,fit
21361,fit
21362,test
21363,fit
21364,fit
21365,fit
21366,fit
21367,fit
21369,fit
21370,fit
21371,fit
21372,fit
21373,fit
21374,test
21376,calibration
21377,fit
21378,calibration
21379,test
21380,calibration
21381,fit
21382,fit
21383,fit
21384,test
21385,fit
21386,fit
21387,test
21388,fit
21389,test
21390,fit
21391,calibration
21392,calibration
21393,fit
21394,fit
21395,fit
21396,fit
21397,fit
21399,test
21400,fit
21401,fit
21402,calibration
21403,fit
21404,fit
21405,fit
21406,calibration
21407,fit
21408,fit
21409,fit
21410,fit
21411,fit
21412,fit
21413,test
21414,fit
21415,fit
21416,fit
21417,calibration
21418,calibration
21419,test
21420,fit
21421,fit
21422,fit
21424,fit
21425,calibration
21426,calibration
21427,fit
21428,fit
21429,calibration
21430,calibration
21431,fit
21432,fit
21433,fit
21434,fit
21435,fit
21436,fit
21437,fit
21438,test
21439,fit
21440,fit
21441,test
21442,fit
21443,test
21444,fit
21445,fit
21446,calibration
21448,fit
21449,fit
21450,fit
21451,calibration
21452,fit
21453,test
21454,calibration
21455,calibration
21456,test
21457,calibration
21458,test
21459,fit
21460,fit
21461,fit
21462,calibration
21463,calibration
21464,fit
21465,fit
21466,fit
21467,calibration
21468,fit
21469,fit
21470,fit
21471,test
21472,calibration
21473,fit
21474,fit
21475,test
21476,calibration
21477,test
21480,calibration
21481,fit
21482,fit
21484,test
21485,fit
21486,calibration
21487,fit
21488,fit
21489,test
21490,fit
21491,calibration
21492,fit
21493,fit
21494,fit
21495,fit
21496,test
21497,test
21498,fit
21499,fit
21501,test
21502,fit
21503,fit
21504,fit
21505,calibration
21506,test
21508,calibration
21509,fit
21510,fit
21511,test
21512,calibration
21513,fit
21514,fit
21515,fit
21516,fit
21517,calibration
21518,fit
21519,calibration
21520,test
21521,fit
21522,fit
21523,fit
21524,test
21525,fit
21526,test
21527,test
21528,fit
21529,test
21530,fit
21532,fit
21533,test
21534,calibration
21535,fit
21536,test
21537,test
21538,fit
21539,calibration
21540,fit
21541,fit
21542,fit
21543,fit
21544,calibration
21545,fit
21546,fit
21547,fit
21548,calibration
21549,calibration
21550,calibration
21551,fit
21552,fit
21553,fit
21554,calibration
21555,fit
21556,fit
21557,fit
21558,fit
21560,calibration
21561,fit
21562,test
21563,test
21564,test
21565,fit
21566,test
21567,test
21568,fit
21569,test
21570,fit
21571,fit
21572,test
21573,test
21574,fit
21575,fit
21576,calibration
21577,fit
21578,test
21579,fit
21580,fit
21581,test
21583,fit
21585,fit
21586,fit
21587,calibration
21588,calibration
21589,fit
21590,test
21591,fit
21592,test
21593,test
21594,fit
21595,fit
21596,fit
21597,fit
21598,fit
21599,fit
21600,test
21601,fit
21602,fit
21603,test
21604,calibration
21605,calibration
21606,fit
21607,test
21608,fit
21609,test
21610,fit
21611,test
21612,fit
21613,test
21614,fit
21615,fit
21616,fit
21617,fit
21620,fit
21621,test
21622,calibration
21623,test
21624,fit
21625,test
21626,fit
21627,test
21628,calibration
21629,fit
21630,fit
21631,fit
21632,fit
21633,test
21634,calibration
21635,fit
21636,calibration
21637,calibration
21638,fit
21639,calibration
21640,fit
21641,fit
21642,calibration
21643,fit
21644,test
21645,calibration
21646,fit
21647,fit
21648,fit
21649,fit
21650,fit
21651,fit
21652,fit
21653,calibration
21654,fit
21655,fit
21656,fit
21657,calibration
21658,fit
21659,fit
21660,calibration
21661,fit
21663,calibration
21664,fit
21665,test
21666,test
21667,test
21668,fit
21669,fit
21670,fit
21671,calibration
21672,fit
21673,calibration
21674,calibration
21675,fit
21676,fit
21677,fit
21678,calibration
21679,calibration
21680,fit
21682,test
21683,test
21684,calibration
21685,fit
21686,fit
21687,fit
21688,fit
21690,fit
21691,fit
21692,fit
21693,fit
21694,calibration
21695,test
21696,fit
21697,fit
21698,fit
21699,fit
21701,fit
21702,test
21703,fit
21704,fit
21705,fit
21706,fit
21707,fit
21708,calibration
21709,fit
21710,test
21712,fit
21713,fit
21714,fit
21715,fit
21716,fit
21717,fit
21718,calibration
21719,test
21720,fit
21721,test
21722,test
21723,fit
21725,fit
21726,fit
21727,fit
21728,calibration
21730,calibration
21731,fit
21732,fit
21733,calibration
21734,fit
21735,test
21736,fit
21737,fit
21738,calibration
21739,fit
21740,test
21741,calibration
21742,calibration
21744,fit
21745,calibration
21746,fit
21747,calibration
21748,calibration
21749,fit
21750,test
21752,test
21753,fit
21754,fit
21755,fit
21756,fit
21757,test
21758,fit
21759,fit
21760,fit
21761,fit
21762,test
21763,fit
21764,calibration
21765,fit
21767,fit
21768,calibration
21769,calibration
21770,fit
21771,test
21772,calibration
21773,fit
21774,fit
21775,calibration
21776,fit
21778,fit
21779,fit
21780,fit
21781,fit
21782,fit
21783,test
21785,test
21786,fit
21787,calibration
21788,test
21789,fit
21790,fit
21791,fit
21792,fit
21793,fit
21794,test
21795,fit
21796,fit
21797,fit
21798,fit
21799,fit
21800,test
21801,fit
21802,fit
21803,fit
21804,calibration
21805,calibration
21806,test
21807,fit
21808,fit
21809,fit
21811,fit
21812,test
21813,fit
21814,fit
21815,calibration
21816,calibration
21817,fit
21818,fit
21819,fit
21820,calibration
21821,calibration
21822,calibration
21823,fit
21824,fit
21825,fit
21826,fit
21827,test
21828,fit
21829,fit
21830,calibration
21831,fit
21832,test
21833,test
21834,fit
21835,calibration
21836,test
21837,fit
21838,calibration
21839,fit
21840,fit
21842,fit
21843,fit
21844,test
21845,fit
21846,fit
21847,test
21848,calibration
21849,test
21850,test
21851,fit
21852,fit
21854,fit
21855,calibration
21856,calibration
21857,fit
21858,calibration
21859,fit
21860,fit
21861,fit
21862,fit
21864,test
21865,fit
21866,fit
21867,fit
21868,calibration
21869,fit
21870,fit
21871,fit
21872,fit
21873,test
21874,fit
21875,fit
21876,fit
21877,fit
21878,fit
21879,fit
21880,test
21881,calibration
21882,fit
21883,calibration
21884,fit
21885,fit
21886,fit
21887,fit
21888,fit
21889,calibration
21890,calibration
21891,test
21892,fit
21893,fit
21894,calibration
21895,fit
21896,test
21897,fit
21898,fit
21899,calibration
21900,calibration
21901,test
21902,fit
21903,test
21904,test
21905,fit
21906,calibration
21907,fit
21908,fit
21912,fit
21913,fit
21914,fit
21915,test
21916,fit
21917,calibration
21918,calibration
21919,fit
21920,fit
21921,fit
21922,fit
21923,fit
21924,fit
21925,fit
21926,test
21927,fit
21928,fit
21929,calibration
21930,calibration
21931,test
21932,fit
21933,fit
21934,fit
21935,test
21936,calibration
21937,test
21938,fit
21939,fit
21941,test
21942,fit
21943,fit
21944,calibration
21945,test
21946,test
21947,fit
21948,fit
21949,test
21950,test
21951,fit
21952,calibration
21953,fit
21954,test
21955,test
21956,fit
21957,calibration
21958,fit
21959,fit
21960,fit
21961,fit
21962,fit
21963,fit
21964,calibration
21965,fit
21966,fit
21967,fit
21968,fit
21969,fit
21970,calibration
21971,fit
21972,test
21973,fit
21974,fit
21975,calibration
21976,fit
21978,test
21979,fit
21980,calibration
21981,fit
21982,fit
21983,test
21984,fit
21985,fit
21986,fit
21988,fit
21989,fit
21990,test
21992,fit
21993,calibration
21994,calibration
21995,fit
21996,fit
21997,fit
21998,test
21999,fit
22000,fit
22001,fit
22002,test
22003,test
22005,test
22006,fit
22007,fit
22008,test
22009,calibration
22010,test
22011,test
22012,fit
22013,calibration
22014,test
22015,fit
22016,fit
22017,calibration
22018,calibration
22019,fit
22020,test
22021,fit
22023,fit
22024,calibration
22025,test
22026,fit
22027,test
22028,fit
22029,calibration
22030,fit
22031,test
22032,fit
22033,calibration
22034,fit
22036,calibration
22037,fit
22038,calibration
22039,fit
22040,test
22042,test
22043,test
22044,fit
22045,calibration
22046,fit
22047,calibration
22048,calibration
22049,fit
22050,test
22051,test
22052,test
22053,fit
22054,calibration
22055,fit
22056,fit
22057,calibration
22058,test
22059,fit
22060,test
22061,fit
22062,fit
22063,calibration
22064,fit
22065,fit
22066,test
22067,test
22068,fit
22069,test
22070,fit
22071,fit
22072,calibration
22073,fit
22074,calibration
22075,test
22076,fit
22077,fit
22078,test
22079,test
22080,fit
22081,test
22082,fit
22083,fit
22084,test
22085,fit
22086,test
22087,fit
22088,fit
22089,calibration
22090,test
22091,fit
22092,fit
22093,calibration
22095,test
22096,fit
22097,fit
22098,test
22100,test
22101,calibration
22102,fit
22103,fit
22104,calibration
22105,fit
22106,fit
22107,fit
22109,calibration
22110,test
22111,fit
22112,fit
22113,calibration
22114,fit
22115,fit
22116,test
22117,fit
22118,fit
22119,fit
22121,fit
22122,fit
22123,fit
22124,calibration
22125,fit
22126,fit
22127,fit
22128,fit
22129,calibration
22130,fit
22131,fit
22132,fit
22133,fit
22134,calibration
22135,calibration
22136,fit
22138,fit
22139,fit
22140,calibration
22141,fit
22142,calibration
22143,fit
22144,fit
22145,fit
22146,fit
22147,fit
22148,calibration
22149,fit
22150,test
22151,test
22152,fit
22153,fit
22154,test
22155,fit
22156,calibration
22157,fit
22158,fit
22159,test
22160,fit
22161,fit
22162,test
22163,fit
22164,fit
22165,fit
22166,fit
22167,fit
22168,fit
22169,test
22170,fit
22171,test
22173,fit
22174,test
22175,fit
22176,fit
22177,calibration
22178,calibration
22179,test
22180,fit
22181,fit
22182,fit
22183,fit
22184,test
22185,fit
22186,fit
22187,calibration
22189,calibration
22190,fit
22191,calibration
22192,fit
22193,fit
22194,fit
22195,fit
22196,fit
22197,test
22198,fit
22199,fit
22200,fit
22201,fit
22202,fit
22203,calibration
22204,calibration
22205,fit
22206,fit
22207,test
22208,fit
22209,fit
22210,fit
22211,calibration
22212,fit
22213,test
22214,test
22215,fit
22216,test
22217,fit
22218,test
22219,calibration
22220,fit
22222,fit
22223,fit
22224,calibration
22225,test
22226,fit
22227,calibration
22228,calibration
22230,fit
22231,fit
22232,fit
22233,test
22234,fit
22235,fit
22236,test
22237,fit
22238,test
22239,fit
22240,fit
22242,calibration
22243,fit
22244,test
22245,fit
22246,calibration
22247,fit
22248,fit
22249,test
22250,fit
22251,fit
22252,fit
22253,test
22254,test
22255,calibration
22256,fit
22257,fit
22258,fit
22259,fit
22260,test
22261,fit
22262,fit
22263,calibration
22264,calibration
22265,fit
22266,calibration
22267,fit
22268,test
22269,fit
22270,fit
22271,fit
22272,fit
22273,test
22274,fit
22277,calibration
22278,test
22279,fit
22280,fit
22281,fit
22282,calibration
22284,fit
22286,fit
22287,fit
22288,fit
22289,fit
22290,test
22291,fit
22292,calibration
22293,fit
22294,fit
22295,fit
22296,fit
22297,test
22298,fit
22299,calibration
22302,test
22303,fit
22304,test
22305,test
22306,fit
22307,calibration
22308,calibration
22309,fit
22310,fit
22311,fit
22312,test
22313,calibration
22314,fit
22316,calibration
22317,test
22318,test
22319,fit
22320,fit
22321,fit
22322,test
22323,test
22324,fit
22325,fit
22326,fit
22327,fit
22328,fit
22329,test
22330,test
22331,fit
22332,calibration
22333,test
22334,fit
22335,fit
22336,fit
22337,fit
22338,fit
22339,calibration
22340,fit
22341,fit
22342,fit
22343,fit
22344,test
22345,calibration
22346,fit
22347,fit
22348,calibration
22349,fit
22350,fit
22351,fit
22352,fit
22353,fit
22354,test
22355,fit
22356,fit
22357,test
22358,fit
22359,test
22360,calibration
22361,fit
22362,fit
22363,fit
22364,test
22365,calibration
22366,fit
22367,calibration
22368,fit
22369,calibration
22371,fit
22372,fit
22373,fit
22374,test
22375,fit
22376,calibration
22377,fit
22379,test
22380,fit
22381,fit
22382,fit
22383,fit
22384,fit
22385,calibration
22388,fit
22389,fit
22390,fit
22391,fit
22392,test
22393,calibration
22394,calibration
22395,fit
22396,fit
22397,fit
22398,fit
22399,calibration
22400,fit
22401,fit
22402,fit
22403,fit
22404,fit
22405,fit
22406,fit
22407,test
22408,fit
22409,test
22410,test
22412,fit
22413,test
22414,fit
22415,fit
22416,calibration
22417,fit
22418,fit
22419,calibration
22420,fit
22421,calibration
22422,calibration
22423,test
22424,calibration
22425,fit
22426,fit
22427,fit
22428,calibration
22429,fit
22430,test
22431,test
22432,fit
22433,calibration
22434,fit
22435,fit
22436,fit
22437,fit
22438,fit
22439,fit
22440,calibration
22441,fit
22442,fit
22443,fit
22444,test
22445,fit
22446,fit
22447,fit
22448,calibration
22449,test
22450,fit
22451,calibration
22452,fit
22453,test
22454,fit
22455,test
22456,fit
22457,fit
22458,fit
22459,fit
22460,fit
22461,fit
22462,fit
22463,fit
22464,calibration
22465,fit
22466,fit
22467,test
22468,fit
22469,test
22470,fit
22471,fit
22472,test
22473,fit
22474,fit
22475,fit
22476,fit
22477,fit
22478,fit
22479,calibration
22480,fit
22481,calibration
22482,test
22483,fit
22484,fit
22485,fit
22486,test
22487,test
22488,fit
22491,test
22492,fit
22493,test
22494,test
22495,fit
22497,test
22498,fit
22499,fit
22500,fit
22502,fit
22504,test
22505,fit
22506,calibration
22507,fit
22508,fit
22509,fit
22510,fit
22511,test
22512,test
22513,test
22514,fit
22515,fit
22516,fit
22517,fit
22519,calibration
22520,fit
22521,fit
22522,fit
22524,test
22525,fit
22526,test
22527,fit
22529,calibration
22530,fit
22531,fit
22532,fit
22533,fit
22534,test
22535,fit
22536,fit
22537,calibration
22538,fit
22539,fit
22540,fit
22541,fit
22542,fit
22543,fit
22544,test
22545,test
22546,fit
22547,fit
22548,fit
22549,fit
22550,calibration
22551,calibration
22552,test
22553,fit
22554,fit
22555,fit
22556,fit
22557,fit
22558,fit
22559,test
22562,test
22563,calibration
22564,fit
22565,test
22566,calibration
22567,fit
22568,fit
22570,fit
22571,calibration
22572,fit
22573,test
22574,fit
22575,calibration
22576,test
22577,fit
22578,fit
22579,calibration
22581,calibration
22582,calibration
22583,fit
22584,calibration
22585,fit
22587,fit
22588,fit
22589,fit
22590,fit
22591,fit
22592,fit
22593,calibration
22594,fit
22595,test
22596,test
22597,test
22598,fit
22599,fit
22600,test
22601,test
22602,test
22603,fit
22604,fit
22605,test
22606,fit
22607,calibration
22608,fit
22609,fit
22610,calibration
22611,calibration
22612,fit
22613,fit
22614,fit
22615,fit
22616,fit
22617,fit
22618,fit
22619,fit
22620,fit
22621,fit
22622,fit
22623,fit
22624,fit
22625,fit
22626,test
22627,calibration
22628,test
22629,calibration
22630,fit
22631,test
22632,fit
22633,calibration
22634,fit
22636,fit
22637,test
22638,fit
22639,test
22640,fit
22641,fit
22642,fit
22643,calibration
22644,fit
22645,calibration
22646,fit
22647,fit
22648,fit
22649,fit
22650,test
22651,fit
22652,fit
22653,fit
22654,fit
22655,fit
22656,fit
22657,fit
22658,test
22659,calibration
22662,calibration
22663,calibration
22664,test
22665,fit
22666,fit
22667,fit
22669,fit
22670,test
22671,calibration
22672,fit
22674,calibration
22675,fit
22676,test
22677,test
22678,calibration
22679,fit
22680,fit
22681,fit
22682,test
22683,test
22684,fit
22685,fit
22686,fit
22687,fit
22688,fit
22689,fit
22690,test
22691,calibration
22692,fit
22694,fit
22695,fit
22696,fit
22697,fit
22698,fit
22699,fit
22700,test
22701,calibration
22702,fit
22703,fit
22704,fit
22706,calibration
22707,fit
22708,fit
22709,fit
22710,fit
22711,fit
22713,fit
22714,calibration
22715,fit
22716,fit
22717,fit
22718,fit
22719,calibration
22720,test
22721,fit
22722,calibration
22723,fit
22724,calibration
22725,calibration
22726,fit
22727,calibration
22728,fit
22730,fit
22731,test
22732,fit
22733,calibration
22734,fit
22737,calibration
22738,calibration
22739,fit
22740,calibration
22741,test
22742,fit
22743,fit
22745,calibration
22746,test
22747,fit
22748,calibration
22749,fit
22750,calibration
22751,fit
22752,fit
22753,fit
22754,fit
22755,calibration
22756,test
22757,calibration
22758,test
22759,test
22760,test
22761,fit
22762,fit
22763,fit
22764,test
22765,fit
22767,calibration
22768,calibration
22769,test
22770,test
22771,fit
22772,fit
22773,fit
22774,fit
22775,fit
22776,fit
22777,calibration
22778,test
22779,fit
22780,test
22781,fit
22782,fit
22784,fit
22785,fit
22787,test
22788,test
22789,test
22790,fit
22791,calibration
22792,fit
22793,fit
22794,fit
22795,fit
22796,test
22797,test
22798,calibration
22799,test
22800,test
22801,fit
22803,test
22804,test
22805,fit
22806,calibration
22807,calibration
22808,test
22809,fit
22810,fit
22811,fit
22812,fit
22813,test
22814,test
22815,fit
22816,fit
22817,calibration
22818,fit
22819,fit
22820,calibration
22821,test
22822,fit
22823,calibration
22824,test
22825,calibration
22826,fit
22827,fit
22829,fit
22830,fit
22831,fit
22832,test
22833,calibration
22834,fit
22835,test
22836,test
22837,test
22838,fit
22839,test
22840,calibration
22841,calibration
22842,fit
22843,fit
22844,test
22845,fit
22846,fit
22847,fit
22848,fit
22849,fit
22850,calibration
22851,fit
22852,fit
22853,test
22854,fit
22855,fit
22856,test
22857,fit
22858,fit
22859,fit
22861,fit
22862,test
22863,calibration
22864,fit
22865,fit
22866,fit
22867,fit
22868,test
22869,fit
22870,calibration
22871,fit
22872,fit
22873,fit
22874,calibration
22875,fit
22876,fit
22877,fit
22878,fit
22879,fit
22880,calibration
22881,fit
22882,test
22883,calibration
22884,calibration
22885,test
22886,fit
22887,test
22888,test
22889,fit
22890,fit
22891,fit
22892,calibration
22895,calibration
22896,fit
22897,test
22898,fit
22899,fit
22900,fit
22901,fit
22902,fit
22903,fit
22904,calibration
22905,fit
22906,fit
22907,fit
22908,fit
22909,fit
22910,fit
22911,calibration
22912,calibration
22913,fit
22914,fit
22916,fit
22917,calibration
22918,fit
22919,fit
22920,fit
22921,fit
22922,fit
22923,test
22924,fit
22925,test
22926,fit
22927,fit
22928,test
22930,fit
22931,fit
22932,fit
22933,fit
22934,fit
22935,fit
22936,fit
22937,fit
22938,calibration
22939,test
22940,fit
22941,test
22942,calibration
22943,calibration
22944,fit
22945,fit
22947,fit
22950,fit
22951,fit
22952,fit
22953,fit
22954,calibration
22955,fit
22956,test
22957,calibration
22958,fit
22959,calibration
22960,test
22961,fit
22962,fit
22963,calibration
22964,test
22965,calibration
22966,test
22968,fit
22969,calibration
22970,fit
22971,test
22972,test
22973,fit
22974,fit
22975,fit
22976,test
22977,fit
22978,fit
22979,calibration
22980,fit
22981,fit
22982,fit
22983,test
22984,calibration
22985,test
22987,fit
22988,fit
22989,test
22990,fit
22991,calibration
22992,fit
22993,fit
22994,test
22995,fit
22996,test
22997,fit
22998,fit
22999,calibration
23000,fit
23001,test
23002,fit
23004,fit
23005,fit
23006,calibration
23007,test
23008,test
23010,calibration
23011,test
23012,fit
23014,fit
23015,fit
23016,fit
23017,fit
23019,test
23020,fit
23021,fit
23022,fit
23023,fit
23024,fit
23025,fit
23026,fit
23027,calibration
23028,fit
23029,test
23030,test
23031,fit
23032,fit
23033,fit
23034,fit
23035,fit
23036,fit
23037,fit
23038,fit
23039,fit
23040,fit
23041,fit
23042,test
23043,calibration
23045,calibration
23046,fit
23047,calibration
23048,fit
23049,fit
23050,fit
23053,fit
23054,calibration
23055,fit
23056,fit
23057,fit
23058,fit
23059,test
23060,calibration
23061,calibration
23062,fit
23063,fit
23064,fit
23065,fit
23066,fit
23067,test
23068,test
23069,test
23070,fit
23071,fit
23072,fit
23073,fit
23074,calibration
23076,calibration
23077,fit
23078,test
23079,fit
23080,test
23081,test
23082,calibration
23083,calibration
23084,test
23085,fit
23087,calibration
23088,fit
23089,test
23090,fit
23091,test
23092,fit
23093,fit
23094,fit
23095,fit
23096,fit
23097,test
23098,test
23099,fit
23100,test
23101,test
23102,fit
23103,fit
23105,calibration
23106,fit
23107,fit
23108,fit
23109,test
23110,fit
23111,fit
23112,calibration
23113,fit
23114,calibration
23115,fit
23116,test
23117,fit
23118,calibration
23119,fit
23120,fit
23121,fit
23122,calibration
23123,fit
23124,fit
23125,test
23127,fit
23128,fit
23129,fit
23130,fit
23131,fit
23132,calibration
23133,test
23134,fit
23135,fit
23136,fit
23137,fit
23138,fit
23139,test
23140,fit
23141,fit
23142,fit
23143,test
23144,calibration
23145,fit
23146,calibration
23147,test
23148,test
23149,calibration
23150,calibration
23151,fit
23152,calibration
23153,fit
23154,test
23155,fit
23156,calibration
23157,calibration
23158,test
23159,fit
23160,test
23161,fit
23162,calibration
23163,fit
23164,fit
23165,test
23166,fit
23167,fit
23168,test
23169,fit
23170,test
23171,fit
23173,calibration
23174,fit
23176,fit
23177,test
23178,calibration
23179,calibration
23180,fit
23181,calibration
23182,calibration
23183,fit
23184,fit
23185,test
23186,fit
23187,test
23188,fit
23189,fit
23190,test
23191,fit
23192,calibration
23193,fit
23194,calibration
23195,test
23196,calibration
23197,calibration
23198,fit
23199,fit
23200,fit
23201,test
23202,fit
23203,fit
23205,test
23206,fit
23207,fit
23208,fit
23209,calibration
23211,fit
23212,calibration
23213,fit
23214,fit
23216,calibration
23217,fit
23219,fit
23220,calibration
23221,test
23223,fit
23224,fit
23225,test
23226,calibration
23227,fit
23228,fit
23229,test
23230,calibration
23231,calibration
23232,test
23233,fit
23234,fit
23235,fit
23236,test
23237,test
23238,test
23239,test
23240,fit
23241,calibration
23242,fit
23243,calibration
23244,fit
23245,fit
23246,test
23247,fit
23248,calibration
23249,fit
23250,fit
23251,fit
23252,fit
23254,fit
23255,fit
23256,fit
23257,fit
23258,fit
23259,fit
23260,calibration
23261,fit
23262,fit
23264,fit
23265,fit
23266,calibration
23267,fit
23268,fit
23269,fit
23271,fit
23272,fit
23273,calibration
23274,calibration
23275,calibration
23276,fit
23277,test
23278,fit
23279,test
23280,calibration
23281,fit
23282,test
23283,test
23284,fit
23285,fit
23286,fit
23287,fit
23288,test
23289,fit
23290,test
23291,test
23292,test
23293,fit
23294,fit
23295,calibration
23296,fit
23297,test
23298,test
23300,test
23301,test
23302,calibration
23304,fit
23305,fit
23307,test
23308,fit
23309,fit
23310,fit
23311,fit
23312,fit
23313,fit
23314,fit
23315,calibration
23316,fit
23317,calibration
23318,test
23319,fit
23320,calibration
23321,fit
23322,fit
23323,fit
23324,fit
23325,test
23326,fit
23327,fit
23328,fit
23329,fit
23330,calibration
23331,fit
23332,fit
23333,fit
23334,test
23335,fit
23336,fit
23337,test
23338,fit
23339,fit
23340,test
23341,fit
23342,fit
23343,fit
23344,test
23345,test
23346,fit
23347,fit
23348,fit
23349,fit
23350,fit
23351,fit
23352,fit
23353,fit
23354,fit
23355,fit
23356,calibration
23357,calibration
23358,fit
23359,fit
23360,test
23361,fit
23362,test
23363,fit
23364,fit
23365,fit
23366,fit
23367,test
23368,fit
23369,calibration
23370,fit
23371,test
23372,fit
23373,test
23374,fit
23375,fit
23376,fit
23377,calibration
23378,calibration
23379,fit
23380,calibration
23381,fit
23383,fit
23384,fit
23385,test
23386,fit
23387,fit
23388,test
23389,fit
23390,fit
23391,calibration
23392,fit
23393,calibration
23394,fit
23395,fit
23396,fit
23397,test
23398,fit
23399,fit
23400,fit
23401,calibration
23402,calibration
23403,calibration
23404,fit
23405,fit
23406,fit
23407,calibration
23408,calibration
23410,fit
23411,test
23412,calibration
23413,fit
23414,fit
23415,fit
23416,fit
23417,test
23418,fit
23419,fit
23420,fit
23421,fit
23422,fit
23423,calibration
23424,fit
23425,fit
23426,fit
23427,calibration
23429,fit
23430,fit
23431,calibration
23432,fit
23433,fit
23434,fit
23435,test
23436,fit
23437,calibration
23438,fit
23439,test
23440,fit
23441,fit
23442,calibration
23443,fit
23444,calibration
23445,calibration
23446,fit
23447,test
23448,fit
23449,fit
23450,test
23451,fit
23452,fit
23453,calibration
23454,fit
23455,fit
23456,fit
23457,test
23458,calibration
23459,fit
23460,fit
23461,calibration
23462,fit
23463,fit
23464,fit
23466,fit
23467,calibration
23468,fit
23469,calibration
23470,fit
23471,fit
23472,calibration
23473,fit
23474,calibration
23475,fit
23476,fit
23477,fit
23478,fit
23479,test
23480,test
23481,fit
23482,fit
23483,fit
23484,fit
23485,fit
23486,test
23487,fit
23488,calibration
23489,fit
23490,test
23491,fit
23492,fit
23493,calibration
23494,test
23495,calibration
23496,fit
23497,fit
23498,fit
23499,test
23500,fit
23501,calibration
23502,fit
23503,test
23504,test
23505,fit
23506,calibration
23507,fit
23508,fit
23509,test
23510,fit
23511,fit
23512,calibration
23513,fit
23514,fit
23515,fit
23516,fit
23517,test
23518,fit
23519,test
23520,calibration
23521,test
23522,calibration
23523,fit
23524,fit
23525,fit
23526,fit
23527,fit
23528,calibration
23529,test
23530,fit
23531,test
23532,fit
23534,fit
23535,fit
23536,calibration
23537,calibration
23538,fit
23539,fit
23540,fit
23541,fit
23542,calibration
23543,fit
23544,fit
23545,fit
23546,fit
23547,fit
23548,test
23549,test
23550,test
23551,test
23553,fit
23554,test
23555,calibration
23556,fit
23557,test
23558,fit
23559,fit
23560,fit
23561,fit
23562,calibration
23563,fit
23564,calibration
23565,test
23566,fit
23567,calibration
23568,fit
23569,fit
23570,calibration
23571,test
23572,fit
23574,fit
23575,test
23576,calibration
23577,fit
23578,calibration
23579,fit
23580,fit
23581,test
23582,test
23583,fit
23584,fit
23585,calibration
23586,calibration
23587,fit
23588,fit
23590,fit
23591,fit
23592,fit
23593,calibration
23594,calibration
23595,test
23596,calibration
23597,test
23598,fit
23599,calibration
23600,fit
23601,test
23602,fit
23603,fit
23604,fit
23605,fit
23606,fit
23607,fit
23608,test
23609,fit
23610,test
23611,fit
23612,fit
23613,fit
23615,calibration
23616,calibration
23617,fit
23618,test
23619,calibration
23620,fit
23621,calibration
23622,calibration
23623,fit
23624,fit
23625,fit
23626,calibration
23627,fit
23628,fit
23629,calibration
23630,calibration
23631,fit
23632,calibration
23633,test
23634,test
23635,test
23637,calibration
23638,calibration
23639,fit
23640,fit
23641,fit
23642,fit
23643,calibration
23644,calibration
23645,fit
23646,calibration
23647,fit
23648,test
23649,fit
23650,fit
23651,fit
23652,fit
23653,fit
23654,fit
23656,fit
23657,fit
23658,fit
23659,test
23660,test
23661,calibration
23662,fit
23663,test
23664,test
23665,calibration
23666,calibration
23667,test
23668,fit
23669,fit
23670,fit
23671,test
23672,fit
23673,fit
23674,calibration
23675,fit
23676,fit
23677,fit
23678,calibration
23679,test
23680,fit
23681,test
23682,fit
23683,calibration
23684,fit
23685,calibration
23686,fit
23687,calibration
23688,fit
23690,fit
23691,fit
23692,fit
23693,test
23694,fit
23695,fit
23696,fit
23697,calibration
23698,fit
23699,calibration
23700,fit
23701,fit
23702,fit
23703,test
23704,calibration
23705,fit
23706,fit
23707,calibration
23708,fit
23709,calibration
23710,fit
23711,fit
23712,fit
23713,calibration
23714,fit
23715,fit
23716,fit
23717,fit
23718,calibration
23719,fit
23720,test
23722,calibration
23723,fit
23724,fit
23725,fit
23726,calibration
23727,calibration
23728,calibration
23729,fit
23731,fit
23732,calibration
23733,fit
23734,test
23735,calibration
23736,fit
23737,fit
23738,fit
23739,fit
23740,fit
23741,fit
23742,fit
23743,calibration
23744,fit
23745,test
23746,test
23747,fit
23748,calibration
23749,fit
23750,test
23751,fit
23752,fit
23753,fit
23754,calibration
23755,fit
23756,fit
23757,calibration
23758,calibration
23759,test
23760,test
23761,fit
23762,fit
23763,test
23764,fit
23765,fit
23768,test
23769,test
23770,calibration
23771,calibration
23772,fit
23773,fit
23774,fit
23775,calibration
23776,test
23777,fit
23778,fit
23779,test
23780,calibration
23781,fit
23782,test
23783,fit
23784,fit
23785,fit
23786,test
23787,calibration
23788,calibration
23789,fit
23790,fit
23791,fit
23794,test
23795,fit
23796,fit
23797,fit
23798,fit
23799,fit
23800,fit
23801,calibration
23802,fit
23803,fit
23804,fit
23805,test
23806,calibration
23807,fit
23809,fit
23810,fit
23811,fit
23812,calibration
23813,fit
23814,fit
23815,calibration
23816,fit
23817,calibration
23818,calibration
23819,calibration
23820,fit
23821,fit
23822,fit
23823,fit
23824,fit
23826,fit
23827,fit
23828,fit
23829,calibration
23831,calibration
23832,fit
23833,calibration
23834,fit
23835,test
23836,calibration
23838,calibration
23839,calibration
23840,calibration
23841,test
23842,test
23843,fit
23846,fit
23847,fit
23848,test
23849,fit
23850,fit
23851,fit
23852,fit
23853,fit
23854,calibration
23855,fit
23856,fit
23857,fit
23858,fit
23859,calibration
23860,fit
23861,fit
23862,fit
23864,fit
23865,test
23866,calibration
23867,fit
23868,fit
23869,fit
23870,test
23871,fit
23872,fit
23873,fit
23874,fit
23875,fit
23876,fit
23877,fit
23878,test
23879,test
23880,fit
23881,fit
23882,fit
23884,calibration
23885,fit
23886,fit
23887,calibration
23888,fit
23889,fit
23890,fit
23891,test
23892,calibration
23893,calibration
23894,calibration
23895,fit
23896,test
23897,fit
23898,test
23899,fit
23900,fit
23901,test
23902,fit
23903,test
23904,test
23905,fit
23906,fit
23907,fit
23909,fit
23910,fit
23911,fit
23912,fit
23913,fit
23914,fit
23916,fit
23917,fit
23918,test
23919,test
23920,test
23921,calibration
23922,fit
23923,fit
23924,test
23925,fit
23926,fit
23927,fit
23928,calibration
23930,calibration
23931,fit
23932,fit
23933,fit
23934,fit
23935,test
23936,fit
23937,fit
23938,calibration
23939,fit
23940,fit
23941,fit
23942,fit
23943,fit
23944,fit
23945,calibration
23946,fit
23947,test
23948,fit
23949,fit
23950,calibration
23951,calibration
23952,fit
23953,fit
23954,fit
23955,fit
23956,test
23957,calibration
23958,fit
23959,fit
23960,test
23961,calibration
23962,fit
23963,fit
23964,fit
23965,fit
23966,test
23967,fit
23968,fit
23969,fit
23970,fit
23971,test
23972,fit
23973,test
23974,fit
23975,fit
23976,test
23977,test
23978,fit
23979,test
23980,fit
23981,test
23982,test
23983,test
23984,fit
23985,test
23986,fit
23987,test
23988,fit
23989,fit
23990,fit
23991,fit
23992,fit
23993,fit
23994,test
23995,fit
23996,test
23997,fit
23998,fit
23999,fit
24000,fit
24001,test
24002,calibration
24003,test
24004,fit
24005,fit
24006,fit
24007,fit
24008,fit
24009,test
24010,test
24011,test
24012,test
24013,test
24014,fit
24015,fit
24017,fit
24018,fit
24019,calibration
24020,test
24021,fit
24022,calibration
24023,fit
24024,fit
24025,test
24026,fit
24028,fit
24029,fit
24030,test
24031,fit
24032,fit
24033,test
24034,calibration
24035,fit
24037,calibration
24038,calibration
24039,calibration
24040,fit
24041,calibration
24042,calibration
24043,fit
24044,fit
24045,test
24047,fit
24048,calibration
24049,fit
24050,calibration
24051,test
24052,fit
24053,calibration
24054,fit
24055,fit
24056,fit
24057,fit
24058,fit
24059,fit
24060,fit
24061,fit
24062,test
24063,fit
24065,fit
24066,calibration
24067,fit
24068,fit
24069,test
24070,fit
24071,fit
24072,test
24073,fit
24074,test
24075,fit
24076,fit
24077,fit
24078,fit
24079,test
24080,test
24081,test
24082,fit
24083,fit
24084,fit
24085,fit
24086,fit
24087,test
24088,calibration
24089,fit
24090,fit
24091,test
24092,calibration
24093,calibration
24094,test
24095,fit
24096,test
24097,fit
24098,fit
24099,fit
24100,calibration
24101,fit
24102,fit
24103,fit
24104,calibration
24105,calibration
24106,fit
24107,test
24108,calibration
24109,test
24110,fit
24111,test
24112,calibration
24113,fit
24114,fit
24116,calibration
24117,calibration
24118,fit
24119,fit
24120,fit
24121,test
24122,test
24123,fit
24124,fit
24125,calibration
24126,fit
24127,fit
24128,fit
24129,fit
24130,test
24131,fit
24132,test
24133,fit
24134,calibration
24135,calibration
24137,fit
24138,fit
24139,calibration
24141,calibration
24142,fit
24143,fit
24144,calibration
24145,calibration
24146,fit
24147,fit
24148,test
24149,fit
24150,calibration
24151,fit
24152,calibration
24153,fit
24154,fit
24155,fit
24156,fit
24158,test
24159,fit
24160,calibration
24161,fit
24162,fit
24163,calibration
24164,fit
24165,fit
24166,fit
24167,calibration
24168,test
24169,fit
24170,fit
24171,fit
24172,fit
24173,fit
24174,test
24175,fit
24176,fit
24177,calibration
24178,fit
24179,test
24180,fit
24181,fit
24182,fit
24183,fit
24184,calibration
24185,fit
24187,fit
24188,fit
24189,fit
24190,calibration
24191,fit
24192,fit
24193,test
24194,fit
24198,fit
24199,fit
24200,fit
24201,fit
24203,test
24204,fit
24205,test
24206,fit
24208,calibration
24209,fit
24210,fit
24211,fit
24212,fit
24213,fit
24214,fit
24215,test
24216,calibration
24217,fit
24218,test
24219,test
24220,fit
24221,fit
24222,fit
24223,fit
24224,fit
24225,test
24226,fit
24227,fit
24228,fit
24229,test
24230,calibration
24231,calibration
24232,calibration
24233,fit
24234,fit
24235,calibration
24236,fit
24238,test
24239,calibration
24240,fit
24241,fit
24242,test
24243,fit
24244,calibration
24245,fit
24246,fit
24247,fit
24248,calibration
24249,fit
24251,fit
24252,test
24253,test
24254,fit
24255,test
24256,calibration
24257,fit
24258,fit
24259,fit
24260,test
24261,fit
24262,test
24263,fit
24264,fit
24266,test
24267,fit
24268,calibration
24269,fit
24271,fit
24272,fit
24273,fit
24274,fit
24275,test
24276,fit
24277,test
24278,test
24279,fit
24280,test
24281,fit
24282,test
24283,fit
24284,fit
24285,fit
24286,fit
24287,calibration
24288,fit
24289,fit
24290,test
24291,calibration
24292,fit
24293,fit
24294,test
24295,fit
24296,fit
24297,fit
24298,fit
24299,fit
24300,fit
24301,fit
24302,fit
24303,fit
24304,fit
24306,fit
24307,calibration
24308,test
24309,test
24310,test
24311,test
24312,test
24313,fit
24314,test
24315,calibration
24316,fit
24317,fit
24319,fit
24320,fit
24321,fit
24322,test
24323,fit
24324,fit
24325,fit
24326,test
24327,fit
24328,fit
24329,fit
24330,fit
24334,fit
24335,test
24336,fit
24337,fit
24338,test
24340,fit
24341,fit
24343,test
24344,fit
24345,fit
24346,calibration
24347,calibration
24348,calibration
24349,fit
24350,test
24351,calibration
24354,fit
24355,fit
24356,fit
24357,calibration
24358,calibration
24359,calibration
24360,fit
24362,fit
24363,test
24364,fit
24365,calibration
24366,test
24367,fit
24368,test
24369,fit
24370,fit
24371,fit
24372,test
24373,calibration
24374,fit
24375,fit
24376,fit
24377,calibration
24378,fit
24379,calibration
24380,fit
24382,test
24383,calibration
24384,calibration
24385,fit
24386,fit
24387,fit
24388,fit
24389,calibration
24390,test
24391,fit
24392,test
24393,test
24395,fit
24396,fit
24397,calibration
24398,fit
24399,calibration
24400,calibration
24401,test
24402,fit
24403,calibration
24404,fit
24405,fit
24406,test
24407,test
24408,test
24409,calibration
24410,test
24411,fit
24412,fit
24413,fit
24414,fit
24415,fit
24416,fit
24417,test
24418,fit
24419,fit
24420,fit
24421,fit
24422,calibration
24423,fit
24424,test
24425,test
24426,fit
24427,fit
24428,fit
24429,fit
24430,fit
24431,fit
24432,test
24433,fit
24434,calibration
24435,fit
24436,calibration
24437,fit
24438,fit
24439,fit
24440,calibration
24441,calibration
24442,calibration
24443,fit
24444,test
24445,fit
24446,test
24447,fit
24448,fit
24450,test
24451,fit
24452,calibration
24453,fit
24455,fit
24456,fit
24457,test
24458,fit
24459,fit
24460,fit
24461,fit
24462,calibration
24463,fit
24464,test
24465,fit
24466,fit
24467,fit
24468,fit
24469,fit
24470,calibration
24471,fit
24472,fit
24473,fit
24474,fit
24475,calibration
24476,fit
24477,calibration
24478,fit
24479,calibration
24480,calibration
24481,fit
24482,test
24483,fit
24484,test
24485,fit
24486,fit
24487,test
24488,calibration
24489,fit
24491,test
24492,calibration
24493,fit
24494,calibration
24495,fit
24496,fit
24497,calibration
24498,fit
24499,fit
24500,fit
24501,fit
24502,fit
24505,calibration
24506,calibration
24507,calibration
24508,fit
24509,test
24510,fit
24511,fit
24512,test
24513,test
24514,fit
24515,fit
24516,calibration
24517,fit
24518,calibration
24519,fit
24520,calibration
24521,calibration
24522,calibration
24523,calibration
24524,test
24525,fit
24527,calibration
24528,calibration
24529,test
24530,fit
24531,fit
24532,calibration
24533,calibration
24534,fit
24535,fit
24536,fit
24537,calibration
24538,test
24539,calibration
24540,fit
24541,fit
24542,test
24543,test
24544,calibration
24545,test
24546,fit
24547,test
24548,test
24549,calibration
24550,fit
24551,fit
24552,test
24553,calibration
24554,fit
24555,fit
24556,fit
24557,fit
24558,fit
24559,test
24560,test
24561,fit
24562,fit
24563,test
24564,fit
24565,test
24566,calibration
24567,fit
24568,calibration
24569,fit
24570,fit
24571,fit
24572,fit
24573,fit
24574,fit
24575,fit
24576,fit
24577,fit
24578,fit
24579,fit
24580,fit
24581,calibration
24582,calibration
24583,fit
24584,fit
24585,test
24586,fit
24587,fit
24588,fit
24589,fit
24590,fit
24591,test
24592,calibration
24593,calibration
24594,test
24596,fit
24597,test
24598,fit
24599,test
24601,fit
24602,fit
24603,fit
24604,fit
24605,fit
24606,fit
24607,fit
24608,fit
24609,fit
24610,calibration
24611,calibration
24612,fit
24614,calibration
24615,test
24616,fit
24617,fit
24618,calibration
24619,calibration
24621,fit
24622,calibration
24623,fit
24624,fit
24625,fit
24626,fit
24627,fit
24628,test
24630,fit
24631,calibration
24632,fit
24633,fit
24634,fit
24635,fit
24636,fit
24637,test
24638,fit
24639,fit
24640,fit
24641,fit
24642,calibration
24643,fit
24645,fit
24646,fit
24647,fit
24648,calibration
24649,test
24650,calibration
24651,test
24652,calibration
24653,fit
24654,test
24655,fit
24656,test
24657,fit
24658,test
24659,fit
24660,fit
24661,fit
24662,calibration
24663,fit
24664,calibration
24665,calibration
24666,fit
24667,calibration
24668,fit
24669,test
24670,test
24671,calibration
24672,fit
24673,fit
24674,test
24675,test
24676,fit
24677,fit
24678,fit
24679,fit
24681,fit
24682,fit
24683,fit
24684,fit
24685,calibration
24686,calibration
24687,fit
24688,test
24689,test
24691,calibration
24692,fit
24693,fit
24694,fit
24695,fit
24696,calibration
24697,test
24698,fit
24699,test
24701,fit
24702,test
24703,fit
24704,test
24705,fit
24706,fit
24707,fit
24708,fit
24709,fit
24710,test
24712,fit
24713,calibration
24714,fit
24715,calibration
24716,test
24717,test
24718,test
24719,calibration
24720,fit
24721,fit
24722,fit
24723,fit
24724,calibration
24726,fit
24727,fit
24728,test
24729,fit
24730,calibration
24731,test
24732,fit
24733,test
24735,test
24736,calibration
24737,fit
24738,fit
24739,calibration
24740,fit
24741,fit
24742,test
24743,fit
24744,fit
24745,test
24746,test
24747,test
24748,fit
24749,fit
24750,fit
24751,fit
24752,test
24753,calibration
24754,calibration
24755,test
24756,test
24757,calibration
24758,test
24759,fit
24760,calibration
24761,calibration
24762,fit
24763,fit
24764,fit
24765,fit
24766,fit
24767,fit
24768,test
24769,calibration
24770,test
24771,calibration
24772,test
24773,fit
24774,test
24776,calibration
24777,test
24778,fit
24779,calibration
24782,fit
24783,fit
24784,calibration
24785,fit
24787,fit
24788,calibration
24789,test
24790,fit
24791,fit
24792,fit
24793,test
24794,fit
24795,fit
24796,test
24797,fit
24798,fit
24799,test
24800,calibration
24801,fit
24802,test
24803,fit
24804,fit
24805,test
24806,fit
24807,calibration
24808,fit
24809,fit
24810,fit
24811,fit
24812,fit
24813,fit
24814,fit
24815,fit
24816,fit
24817,fit
24818,test
24819,calibration
24820,fit
24821,calibration
24822,fit
24824,calibration
24825,test
24826,fit
24828,calibration
24829,test
24830,fit
24831,fit
24832,fit
24833,calibration
24834,fit
24835,test
24836,fit
24837,test
24838,test
24839,test
24840,test
24841,fit
24842,fit
24843,test
24844,fit
24845,fit
24846,calibration
24847,fit
24848,calibration
24849,fit
24850,fit
24851,test
24852,test
24853,fit
24854,calibration
24855,test
24856,fit
24857,test
24858,fit
24859,fit
24860,fit
24861,calibration
24862,calibration
24863,fit
24864,fit
24865,fit
24866,test
24867,fit
24868,calibration
24869,fit
24870,test
24871,calibration
24872,test
24873,test
24874,calibration
24875,calibration
24876,fit
24877,calibration
24878,fit
24879,fit
24880,fit
24881,fit
24882,fit
24883,fit
24884,fit
24886,fit
24887,test
24888,test
24889,test
24890,fit
24891,fit
24892,fit
24893,calibration
24894,fit
24895,calibration
24897,calibration
24898,calibration
24899,fit
24900,calibration
24901,test
24902,fit
24904,calibration
24905,test
24906,fit
24907,fit
24908,test
24909,calibration
24910,fit
24911,test
24912,calibration
24913,calibration
24914,fit
24915,fit
24916,fit
24917,test
24918,test
24919,fit
24920,calibration
24921,fit
24922,fit
24923,fit
24924,fit
24925,fit
24926,test
24927,calibration
24928,calibration
24929,calibration
24930,fit
24931,fit
24932,calibration
24933,fit
24934,fit
24935,calibration
24936,fit
24937,calibration
24938,fit
24939,calibration
24940,fit
24941,calibration
24942,fit
24943,calibration
24945,calibration
24946,fit
24947,calibration
24948,fit
24949,calibration
24950,fit
24951,calibration
24952,calibration
24953,fit
24954,fit
24955,fit
24956,fit
24957,calibration
24959,fit
24960,test
24961,fit
24962,fit
24963,test
24964,fit
24965,calibration
24966,test
24967,test
24968,test
24969,test
24970,fit
24972,test
24973,test
24974,test
24975,fit
24976,fit
24977,test
24978,fit
24979,fit
24980,fit
24981,fit
24982,fit
24983,fit
24984,fit
24985,fit
24986,fit
24987,fit
24988,fit
24989,fit
24990,calibration
24991,fit
24992,test
24993,fit
24994,calibration
24995,test
24996,calibration
24997,calibration
24998,fit
24999,calibration
25000,fit
25001,test
25002,fit
25003,fit
25004,fit
25005,fit
25006,fit
25007,test
25008,test
25009,fit
25010,fit
25011,fit
25013,fit
25014,test
25015,fit
25016,fit
25017,fit
25018,fit
25019,fit
25020,fit
25021,calibration
25022,calibration
25023,fit
25024,fit
25025,fit
25026,calibration
25027,calibration
25028,test
25029,fit
25030,calibration
25031,calibration
25032,fit
25033,calibration
25034,test
25035,fit
25036,calibration
25037,test
25038,calibration
25039,calibration
25040,fit
25041,calibration
25042,fit
25043,fit
25044,fit
25045,fit
25047,fit
25048,test
25049,calibration
25050,test
25051,fit
25052,test
25053,fit
25054,fit
25055,fit
25056,fit
25057,calibration
25058,fit
25059,fit
25060,fit
25061,fit
25062,fit
25063,test
25064,test
25065,fit
25066,fit
25067,fit
25068,test
25069,fit
25070,test
25071,calibration
25072,fit
25073,fit
25074,test
25075,fit
25076,fit
25077,test
25078,test
25079,test
25080,fit
25081,fit
25082,fit
25083,fit
25084,test
25085,test
25086,fit
25087,fit
25088,calibration
25089,fit
25090,fit
25091,fit
25092,fit
25094,fit
25095,fit
25096,test
25098,fit
25099,test
25100,fit
25101,calibration
25102,fit
25103,test
25104,fit
25105,calibration
25106,fit
25107,fit
25108,calibration
25109,calibration
25110,calibration
25111,test
25112,fit
25113,fit
25114,fit
25115,calibration
25116,fit
25117,test
25118,fit
25119,test
25120,test
25121,calibration
25122,fit
25123,fit
25124,fit
25125,fit
25126,fit
25127,test
25128,test
25129,fit
25131,fit
25132,fit
25133,calibration
25134,fit
25135,fit
25136,fit
25137,fit
25138,fit
25139,fit
25140,fit
25141,fit
25142,fit
25143,fit
25144,test
25145,test
25146,fit
25147,calibration
25148,test
25149,fit
25150,calibration
25151,test
25152,fit
25153,fit
25156,fit
25157,calibration
25158,fit
25159,fit
25160,calibration
25161,test
25162,test
25163,fit
25164,test
25165,test
25166,fit
25167,fit
25168,fit
25169,fit
25170,fit
25172,test
25173,fit
25174,test
25175,test
25177,fit
25178,test
25180,calibration
25181,fit
25182,fit
25183,fit
25184,fit
25185,fit
25186,fit
25187,fit
25188,fit
25191,fit
25192,fit
25193,calibration
25194,test
25195,fit
25196,calibration
25197,fit
25198,test
25199,fit
25200,calibration
25201,fit
25202,calibration
25203,fit
25205,test
25206,fit
25207,fit
25208,test
25209,test
25210,fit
25211,calibration
25212,fit
25213,fit
25214,calibration
25215,test
25216,test
25217,fit
25218,fit
25219,fit
25220,fit
25221,fit
25222,fit
25223,calibration
25224,fit
25225,fit
25226,test
25227,fit
25228,test
25229,calibration
25230,fit
25231,calibration
25232,fit
25233,fit
25234,fit
25235,calibration
25236,fit
25237,fit
25238,fit
25239,test
25240,calibration
25241,fit
25242,fit
25243,test
25244,fit
25245,fit
25246,fit
25247,calibration
25248,fit
25249,fit
25250,fit
25251,fit
25252,fit
25253,fit
25254,fit
25255,test
25256,calibration
25257,calibration
25258,test
25259,fit
25260,fit
25261,fit
25262,fit
25263,fit
25264,fit
25265,fit
25266,fit
25267,calibration
25268,fit
25270,test
25271,fit
25272,test
25273,calibration
25274,fit
25275,test
25276,fit
25277,test
25278,fit
25279,calibration
25280,fit
25281,calibration
25282,fit
25283,calibration
25284,test
25285,fit
25287,fit
25288,fit
25289,calibration
25290,fit
25291,fit
25292,fit
25294,calibration
25295,fit
25296,fit
25297,test
25298,test
25299,fit
25300,fit
25301,fit
25302,fit
25303,fit
25304,fit
25305,fit
25306,fit
25307,fit
25308,fit
25309,fit
25310,calibration
25311,calibration
25312,fit
25313,fit
25314,fit
25315,test
25316,calibration
25317,fit
25319,test
25320,test
25321,fit
25322,fit
25323,fit
25324,fit
25325,calibration
25326,fit
25327,fit
25328,calibration
25329,fit
25330,fit
25331,calibration
25332,fit
25333,fit
25334,fit
25335,fit
25336,calibration
25337,fit
25338,fit
25339,test
25341,fit
25342,fit
25343,test
25344,fit
25345,fit
25346,test
25347,fit
25348,fit
25349,calibration
25350,test
25351,fit
25352,test
25353,calibration
25354,calibration
25356,test
25357,fit
25358,fit
25359,fit
25360,fit
25361,fit
25362,fit
25363,fit
25364,fit
25365,fit
25367,test
25368,calibration
25369,fit
25370,fit
25371,fit
25372,fit
25373,fit
25374,test
25375,fit
25376,fit
25377,fit
25378,fit
25380,test
25381,fit
25383,fit
25384,calibration
25385,fit
25386,calibration
25387,fit
25388,fit
25389,fit
25390,calibration
25391,calibration
25393,test
25394,test
25395,test
25396,fit
25398,calibration
25400,fit
25401,fit
25402,calibration
25403,fit
25404,fit
25405,test
25406,calibration
25407,fit
25408,fit
25409,fit
25410,test
25411,test
25412,test
25413,fit
25414,calibration
25415,fit
25416,fit
25417,test
25418,fit
25419,test
25420,test
25421,calibration
25422,fit
25423,fit
25425,fit
25426,fit
25427,calibration
25428,test
25429,calibration
25430,fit
25431,calibration
25432,test
25433,fit
25434,test
25435,fit
25436,fit
25437,calibration
25438,fit
25439,fit
25440,fit
25441,calibration
25442,fit
25443,fit
25444,fit
25445,test
25446,fit
25447,fit
25448,fit
25449,fit
25450,fit
25451,calibration
25452,fit
25453,test
25454,test
25455,fit
25456,calibration
25457,calibration
25458,fit
25459,calibration
25460,fit
25461,calibration
25462,fit
25463,fit
25464,test
25465,calibration
25466,test
25467,fit
25468,fit
25469,calibration
25470,calibration
25471,calibration
25472,fit
25473,calibration
25474,test
25475,fit
25477,calibration
25478,fit
25479,test
25480,test
25481,test
25482,fit
25483,fit
25484,fit
25485,fit
25486,fit
25487,fit
25488,calibration
25489,test
25490,test
25491,test
25492,fit
25493,fit
25494,fit
25495,fit
25496,fit
25497,calibration
25498,fit
25499,fit
25500,fit
25501,test
25502,fit
25503,fit
25504,fit
25505,fit
25506,test
25507,fit
25509,test
25510,calibration
25511,fit
25512,fit
25513,fit
25514,calibration
25515,fit
25517,test
25518,test
25519,fit
25520,fit
25521,test
25522,fit
25524,fit
25525,test
25526,test
25527,test
25528,fit
25529,test
25530,test
25531,fit
25532,fit
25533,calibration
25534,fit
25536,fit
25537,fit
25538,fit
25539,fit
25540,fit
25542,fit
25543,calibration
25544,fit
25545,fit
25546,test
25548,calibration
25549,calibration
25550,calibration
25551,calibration
25552,fit
25553,fit
25554,fit
25555,test
25556,fit
25557,fit
25558,test
25560,test
25561,fit
25562,fit
25563,fit
25564,test
25565,fit
25566,fit
25567,fit
25568,fit
25569,fit
25570,fit
25571,fit
25572,fit
25573,test
25574,calibration
25575,fit
25576,fit
25577,fit
25578,fit
25579,fit
25580,test
25581,fit
25582,calibration
25583,fit
25584,test
25585,fit
25586,fit
25587,fit
25588,fit
25589,fit
25590,fit
25591,test
25592,calibration
25593,fit
25594,fit
25595,calibration
25596,test
25597,fit
25598,test
25599,fit
25600,fit
25601,fit
25602,fit
25603,test
25604,fit
25605,fit
25606,fit
25607,calibration
25608,test
25609,fit
25610,fit
25611,fit
25612,test
25613,fit
25614,fit
25615,fit
25616,fit
25617,fit
25618,fit
25619,fit
25620,calibration
25622,fit
25623,test
25624,calibration
25626,calibration
25627,test
25628,fit
25629,test
25630,fit
25631,test
25632,calibration
25633,test
25634,test
25635,test
25636,calibration
25637,fit
25638,calibration
25639,fit
25640,fit
25641,fit
25642,test
25643,test
25644,test
25645,test
25646,fit
25647,calibration
25649,fit
25650,fit
25651,fit
25652,fit
25653,fit
25654,fit
25655,fit
25656,fit
25657,fit
25658,test
25659,fit
25660,fit
25661,fit
25662,calibration
25663,test
25664,calibration
25665,fit
25666,fit
25668,fit
25669,calibration
25670,test
25671,calibration
25672,test
25673,fit
25674,test
25675,calibration
25676,calibration
25677,fit
25678,fit
25680,fit
25681,fit
25682,fit
25683,fit
25684,test
25685,fit
25686,test
25688,fit
25689,calibration
25690,fit
25691,test
25692,fit
25693,test
25694,fit
25695,test
25696,fit
25698,fit
25699,test
25700,test
25701,fit
25702,fit
25703,calibration
25704,fit
25705,fit
25706,calibration
25707,fit
25708,fit
25709,fit
25710,test
25711,fit
25712,fit
25713,fit
25714,test
25715,test
25716,test
25717,fit
25718,fit
25719,fit
25720,test
25721,test
25722,fit
25723,fit
25724,calibration
25725,fit
25726,fit
25727,fit
25728,fit
25729,fit
25730,fit
25731,test
25732,calibration
25733,fit
25735,fit
25736,fit
25737,fit
25738,fit
25739,fit
25740,fit
25741,fit
25742,fit
25743,test
25744,fit
25745,fit
25746,fit
25747,fit
25748,fit
25749,test
25750,fit
25751,fit
25752,test
25753,test
25754,fit
25755,fit
25756,fit
25758,fit
25759,fit
25760,fit
25761,fit
25762,fit
25763,fit
25764,fit
25765,fit
25766,fit
25767,test
25768,test
25770,test
25771,test
25772,fit
25774,test
25775,fit
25776,fit
25777,fit
25778,fit
25779,calibration
25780,test
25781,calibration
25782,fit
25783,calibration
25785,calibration
25786,test
25787,fit
25788,calibration
25789,fit
25790,fit
25791,fit
25792,fit
25793,test
25794,fit
25795,calibration
25796,fit
25797,test
25798,fit
25799,fit
25800,fit
25801,fit
25802,test
25803,fit
25804,fit
25805,fit
25807,fit
25808,fit
25809,fit
25810,fit
25811,fit
25812,test
25813,fit
25814,fit
25815,calibration
25816,fit
25817,fit
25818,fit
25819,fit
25820,fit
25821,fit
25822,fit
25823,fit
25824,fit
25825,calibration
25826,fit
25827,test
25828,fit
25829,calibration
25830,fit
25831,test
25832,fit
25833,fit
25835,test
25836,fit
25837,fit
25838,fit
25839,fit
25840,fit
25841,calibration
25842,calibration
25843,fit
25844,fit
25845,test
25846,test
25847,test
25848,calibration
25849,calibration
25850,calibration
25851,fit
25852,test
25853,fit
25854,calibration
25855,fit
25856,calibration
25857,fit
25858,fit
25859,calibration
25860,test
25861,fit
25863,test
25864,fit
25865,test
25866,fit
25868,fit
25869,calibration
25870,test
25871,calibration
25872,fit
25873,fit
25874,fit
25875,test
25877,fit
25878,fit
25879,test
25880,calibration
25881,fit
25882,test
25883,test
25884,fit
25885,fit
25886,fit
25887,fit
25888,fit
25889,fit
25890,fit
25891,fit
25892,fit
25893,test
25895,fit
25896,test
25897,test
25898,test
25899,test
25900,fit
25901,test
25903,fit
25904,fit
25905,fit
25906,fit
25907,fit
25908,fit
25909,calibration
25910,fit
25911,fit
25912,fit
25913,fit
25914,test
25915,fit
25916,fit
25917,test
25918,fit
25919,calibration
25920,test
25921,test
25922,fit
25923,fit
25924,fit
25925,fit
25926,calibration
25927,test
25928,calibration
25929,fit
25930,fit
25931,test
25932,fit
25933,fit
25934,fit
25935,fit
25936,fit
25937,calibration
25938,calibration
25939,test
25940,calibration
25941,fit
25942,calibration
25943,fit
25944,fit
25945,fit
25946,fit
25947,fit
25948,fit
25950,fit
25951,fit
25952,fit
25953,fit
25954,fit
25955,test
25956,calibration
25957,fit
25958,fit
25959,fit
25960,test
25961,fit
25962,fit
25963,fit
25964,calibration
25965,calibration
25966,fit
25967,fit
25968,fit
25969,fit
25970,fit
25971,fit
25972,fit
25973,fit
25974,calibration
25975,calibration
25976,fit
25977,fit
25979,fit
25980,test
25981,test
25982,fit
25983,calibration
25984,fit
25985,fit
25986,fit
25987,fit
25988,fit
25989,fit
25990,test
25991,test
25992,fit
25994,fit
25995,fit
25996,fit
25997,test
25998,fit
25999,fit
26000,fit
26001,test
26002,calibration
26003,fit
26004,fit
26005,fit
26006,fit
26007,fit
26008,fit
26009,fit
26010,fit
26011,fit
26012,fit
26013,fit
26014,fit
26015,fit
26016,test
26017,fit
26018,calibration
26019,fit
26020,fit
26021,fit
26022,test
26023,fit
26024,fit
26025,fit
26026,fit
26027,fit
26028,fit
26029,fit
26030,fit
26031,fit
26032,test
26033,fit
26034,fit
26035,fit
26036,fit
26037,calibration
26038,fit
26039,calibration
26040,fit
26041,calibration
26042,fit
26044,fit
26045,calibration
26046,calibration
26047,fit
26048,fit
26049,test
26050,fit
26051,test
26052,test
26053,test
26054,fit
26055,calibration
26056,calibration
26057,fit
26058,fit
26060,calibration
26061,calibration
26062,calibration
26063,fit
26064,fit
26065,test
26066,fit
26067,fit
26068,calibration
26069,fit
26070,test
26072,fit
26073,test
26074,fit
26075,calibration
26076,fit
26077,fit
26078,fit
26079,calibration
26080,fit
26081,fit
26082,fit
26083,fit
26084,fit
26085,fit
26086,fit
26087,fit
26088,fit
26089,calibration
26090,fit
26091,fit
26092,test
26093,test
26094,fit
26095,fit
26096,test
26097,fit
26098,fit
26099,fit
26100,test
26101,test
26102,fit
26103,fit
26104,fit
26105,calibration
26106,fit
26107,test
26108,fit
26109,fit
26110,test
26111,fit
26112,fit
26113,test
26114,fit
26115,fit
26116,fit
26117,calibration
26118,fit
26119,test
26120,calibration
26121,fit
26122,test
26123,test
26124,test
26125,fit
26126,fit
26127,test
26128,fit
26129,fit
26130,fit
26131,fit
26132,fit
26133,calibration
26134,fit
26135,fit
26136,calibration
26137,fit
26138,calibration
26139,fit
26140,test
26141,fit
26142,test
26143,fit
26144,calibration
26145,test
26146,fit
26147,calibration
26148,test
26149,fit
26150,calibration
26151,calibration
26152,fit
26153,fit
26154,fit
26155,fit
26156,fit
26157,test
26158,calibration
26159,fit
26160,test
26161,fit
26162,calibration
26163,calibration
26164,fit
26165,fit
26166,fit
26167,fit
26168,fit
26169,calibration
26170,test
26171,fit
26172,fit
26173,fit
26174,fit
26177,fit
26178,calibration
26179,calibration
26180,fit
26181,calibration
26182,fit
26183,fit
26184,fit
26185,fit
26186,fit
26187,fit
26189,fit
26190,test
26191,test
26192,test
26193,fit
26194,test
26195,test
26196,fit
26197,fit
26198,calibration
26199,fit
26200,fit
26201,fit
26202,calibration
26203,fit
26204,fit
26205,fit
26206,fit
26207,test
26208,fit
26209,fit
26210,test
26211,calibration
26212,fit
26213,test
26214,fit
26215,fit
26216,fit
26217,fit
26218,fit
26219,fit
26220,calibration
26221,calibration
26222,fit
26223,calibration
26224,fit
26225,fit
26226,fit
26227,fit
26228,calibration
26229,fit
26230,fit
26231,fit
26232,fit
26233,calibration
26234,fit
26235,test
26236,fit
26237,test
26238,test
26239,calibration
26240,test
26241,test
26242,calibration
26243,calibration
26244,fit
26245,calibration
26246,fit
26247,test
26248,fit
26249,calibration
26250,fit
26251,fit
26252,fit
26253,test
26254,test
26256,fit
26257,fit
26258,calibration
26259,fit
26260,fit
26261,fit
26262,test
26263,test
26264,fit
26265,fit
26266,test
26267,fit
26268,fit
26269,test
26270,fit
26271,fit
26272,test
26273,calibration
26274,calibration
26275,test
26276,fit
26277,calibration
26278,calibration
26279,test
26281,calibration
26282,test
26283,fit
26284,fit
26285,fit
26286,calibration
26287,fit
26288,fit
26289,fit
26290,fit
26291,fit
26292,fit
26294,fit
26295,calibration
26296,fit
26297,fit
26298,fit
26299,fit
26300,calibration
26301,calibration
26302,fit
26303,calibration
26304,calibration
26305,calibration
26306,test
26307,fit
26308,fit
26309,calibration
26310,fit
26311,test
26312,calibration
26313,test
26314,test
26315,fit
26316,fit
26318,fit
26319,fit
26320,test
26321,fit
26322,fit
26323,calibration
26324,test
26325,fit
26326,calibration
26327,test
26328,fit
26329,calibration
26330,fit
26331,fit
26332,fit
26333,test
26334,fit
26335,fit
26336,calibration
26337,fit
26338,fit
26339,fit
26340,fit
26341,calibration
26342,calibration
26343,calibration
26344,fit
26345,fit
26347,fit
26348,fit
26349,fit
26350,calibration
26351,calibration
26352,test
26353,fit
26354,fit
26355,fit
26356,fit
26357,test
26358,fit
26359,fit
26360,fit
26361,fit
26362,test
26363,fit
26364,calibration
26365,fit
26366,fit
26367,fit
26368,test
26369,fit
26370,fit
26371,fit
26372,fit
26373,test
26374,calibration
26375,fit
26377,fit
26378,fit
26379,fit
26380,fit
26381,fit
26382,fit
26383,fit
26384,fit
26387,fit
26388,fit
26389,calibration
26390,fit
26391,test
26392,test
26393,fit
26394,test
26395,fit
26396,fit
26397,calibration
26398,calibration
26399,calibration
26400,test
26401,fit
26403,fit
26404,test
26405,fit
26406,fit
26407,fit
26409,calibration
26410,fit
26411,test
26412,test
26413,fit
26414,fit
26416,fit
26417,calibration
26418,calibration
26419,fit
26420,fit
26421,fit
26422,test
26423,fit
26424,test
26425,test
26426,fit
26427,calibration
26428,calibration
26429,test
26430,calibration
26431,fit
26432,fit
26433,calibration
26434,fit
26435,calibration
26436,fit
26437,fit
26439,test
26440,fit
26441,fit
26442,fit
26443,calibration
26444,calibration
26445,test
26446,fit
26447,test
26448,fit
26449,fit
26450,fit
26451,calibration
26452,fit
26453,fit
26454,test
26455,fit
26456,calibration
26457,fit
26458,calibration
26459,fit
26460,fit
26461,fit
26462,fit
26463,fit
26465,fit
26467,fit
26468,calibration
26469,fit
26470,test
26471,fit
26472,calibration
26473,calibration
26475,fit
26476,test
26477,test
26478,fit
26479,test
26480,fit
26481,test
26482,fit
26483,test
26484,calibration
26485,test
26486,test
26487,calibration
26488,fit
26489,calibration
26490,fit
26491,fit
26492,fit
26493,calibration
26494,test
26495,test
26496,calibration
26497,fit
26498,fit
26499,test
26501,fit
26502,test
26503,fit
26504,fit
26505,test
26506,fit
26507,fit
26508,fit
26509,fit
26510,calibration
26511,fit
26512,calibration
26513,test
26514,fit
26515,fit
26516,fit
26517,fit
26518,test
26519,fit
26520,calibration
26522,test
26523,fit
26524,fit
26525,fit
26526,test
26527,test
26529,fit
26530,test
26531,fit
26532,fit
26533,calibration
26534,fit
26535,fit
26536,fit
26537,test
26538,fit
26539,fit
26540,fit
26541,calibration
26542,fit
26543,test
26544,fit
26545,fit
26546,calibration
26547,fit
26548,fit
26549,fit
26550,fit
26551,test
26552,fit
26553,calibration
26554,fit
26555,fit
26556,calibration
26557,fit
26558,calibration
26559,test
26560,fit
26561,fit
26562,calibration
26563,fit
26564,fit
26565,fit
26566,fit
26567,fit
26568,fit
26571,fit
26572,fit
26573,calibration
26574,fit
26575,fit
26576,calibration
26577,calibration
26578,test
26579,fit
26580,fit
26581,fit
26582,fit
26583,test
26584,fit
26585,fit
26586,calibration
26587,fit
26588,fit
26589,fit
26590,calibration
26592,fit
26593,fit
26594,fit
26595,fit
26596,test
26597,test
26598,fit
26599,fit
26600,fit
26602,calibration
26603,fit
26604,fit
26605,fit
26606,fit
26607,test
26608,fit
26609,fit
26610,fit
26611,fit
26612,test
26613,calibration
26614,test
26615,fit
26616,fit
26617,test
26619,test
26620,calibration
26621,test
26622,fit
26623,test
26624,fit
26625,fit
26627,calibration
26628,fit
26629,fit
26630,calibration
26631,fit
26632,test
26633,fit
26634,calibration
26635,fit
26636,calibration
26637,test
26638,fit
26639,calibration
26640,fit
26641,fit
26642,fit
26643,fit
26644,fit
26645,test
26647,calibration
26648,calibration
26649,fit
26650,fit
26651,calibration
26652,fit
26653,fit
26654,fit
26655,calibration
26656,fit
26657,fit
26658,test
26659,test
26660,fit
26661,fit
26662,fit
26663,calibration
26664,fit
26665,test
26666,fit
26667,fit
26668,test
26669,fit
26670,fit
26671,fit
26672,fit
26673,test
26674,fit
26675,fit
26676,test
26677,test
26678,fit
26679,calibration
26680,fit
26681,fit
26682,fit
26683,fit
26684,test
26685,fit
26686,fit
26687,fit
26688,fit
26689,fit
26690,calibration
26691,fit
26692,test
26693,fit
26694,fit
26695,test
26696,fit
26698,test
26699,test
26700,fit
26701,fit
26702,fit
26703,fit
26704,fit
26705,calibration
26706,fit
26707,calibration
26708,test
26709,fit
26710,fit
26711,fit
26712,fit
26713,fit
26714,fit
26715,fit
26716,fit
26717,fit
26718,fit
26719,calibration
26720,test
26722,calibration
26723,fit
26724,calibration
26725,test
26726,fit
26727,calibration
26728,test
26729,fit
26730,fit
26731,calibration
26732,test
26733,test
26734,test
26735,fit
26736,fit
26737,fit
26738,fit
26739,fit
26740,calibration
26741,calibration
26742,fit
26743,fit
26744,fit
26745,fit
26746,test
26747,fit
26748,test
26749,fit
26750,calibration
26751,fit
26752,fit
26753,fit
26754,test
26755,fit
26756,fit
26757,fit
26758,fit
26759,fit
26761,fit
26762,test
26763,test
26764,fit
26765,calibration
26766,test
26767,fit
26768,fit
26769,fit
26770,test
26771,calibration
26772,fit
26773,test
26774,test
26775,fit
26776,fit
26777,calibration
26778,fit
26779,test
26780,calibration
26781,calibration
26783,fit
26784,calibration
26785,test
26786,fit
26787,fit
26788,fit
26789,test
26790,test
26791,fit
26792,fit
26793,fit
26794,fit
26795,calibration
26796,calibration
26797,fit
26798,test
26799,fit
26800,fit
26801,fit
26802,fit
26803,test
26804,test
26805,fit
26806,fit
26807,fit
26808,fit
26809,fit
26811,calibration
26812,fit
26813,test
26814,calibration
26815,fit
26816,fit
26817,calibration
26818,fit
26819,fit
26820,test
26821,fit
26822,fit
26823,fit
26824,fit
26825,fit
26826,test
26827,fit
26828,fit
26829,test
26830,calibration
26831,fit
26832,fit
26833,test
26834,test
26835,fit
26836,calibration
26837,fit
26838,fit
26839,calibration
26840,test
26841,test
26842,fit
26843,fit
26844,test
26845,test
26846,fit
26847,fit
26848,test
26849,test
26850,fit
26851,fit
26852,fit
26853,fit
26855,calibration
26856,fit
26857,fit
26858,calibration
26859,fit
26860,fit
26861,test
26862,calibration
26863,fit
26864,fit
26865,fit
26866,fit
26867,fit
26868,test
26869,test
26870,calibration
26871,calibration
26872,fit
26873,fit
26874,calibration
26875,calibration
26877,fit
26878,fit
26879,fit
26880,calibration
26881,fit
26883,fit
26884,fit
26885,test
26886,fit
26887,fit
26888,fit
26889,fit
26890,test
26891,test
26892,calibration
26893,calibration
26894,fit
26895,fit
26896,fit
26897,test
26898,fit
26899,calibration
26900,calibration
26901,test
26902,fit
26903,test
26904,fit
26905,test
26906,test
26907,fit
26908,calibration
26909,fit
26910,fit
26911,test
26913,fit
26914,fit
26915,fit
26916,calibration
26917,calibration
26918,fit
26919,fit
26920,calibration
26922,fit
26923,test
26924,test
26925,calibration
26926,fit
26927,fit
26928,fit
26929,test
26930,test
26931,test
26932,fit
26933,fit
26934,test
26935,fit
26936,fit
26937,calibration
26938,fit
26939,fit
26941,fit
26942,test
26943,test
26944,test
26945,fit
26946,calibration
26947,fit
26948,calibration
26949,fit
26950,fit
26951,fit
26952,test
26953,test
26954,calibration
26955,calibration
26956,fit
26957,fit
26958,fit
26959,fit
26960,fit
26961,fit
26962,fit
26963,fit
26965,fit
26966,fit
26967,fit
26968,fit
26969,fit
26970,fit
26971,calibration
26972,calibration
26973,test
26974,test
26975,calibration
26976,fit
26977,fit
26978,test
26979,calibration
26980,fit
26981,calibration
26982,fit
26983,fit
26984,fit
26985,calibration
26987,fit
26988,fit
26989,fit
26990,fit
26991,calibration
26992,calibration
26993,fit
26994,fit
26995,test
26996,fit
26997,test
26998,fit
26999,calibration
27000,test
27001,test
27003,fit
27004,fit
27005,fit
27006,test
27007,fit
27008,calibration
27009,calibration
27010,fit
27011,fit
27012,test
27013,fit
27014,fit
27015,fit
27016,fit
27017,test
27018,calibration
27019,fit
27020,test
27021,fit
27022,fit
27023,fit
27024,fit
27025,fit
27026,calibration
27027,fit
27028,fit
27029,test
27031,fit
27032,test
27033,fit
27034,test
27035,fit
27036,fit
27037,fit
27038,calibration
27039,fit
27040,calibration
27041,calibration
27042,fit
27043,fit
27044,test
27045,fit
27046,test
27047,fit
27048,fit
27049,test
27051,fit
27052,calibration
27053,calibration
27055,fit
27056,fit
27057,test
27058,fit
27059,fit
27060,test
27061,calibration
27062,fit
27063,fit
27064,fit
27065,test
27066,calibration
27067,fit
27068,fit
27069,fit
27070,fit
27071,fit
27072,fit
27073,fit
27074,fit
27075,calibration
27076,test
27077,fit
27078,fit
27079,fit
27080,test
27081,fit
27082,fit
27083,calibration
27084,test
27085,test
27086,fit
27088,calibration
27089,fit
27090,fit
27091,test
27092,fit
27093,test
27094,fit
27095,test
27096,test
27097,calibration
27098,fit
27099,fit
27100,fit
27101,fit
27102,fit
27103,fit
27104,fit
27105,test
27106,fit
27107,test
27108,fit
27109,fit
27110,fit
27111,fit
27112,test
27113,fit
27114,fit
27115,fit
27116,test
27117,fit
27118,fit
27120,calibration
27121,fit
27122,fit
27123,fit
27124,test
27125,test
27126,fit
27127,test
27128,calibration
27129,fit
27130,fit
27131,fit
27132,fit
27133,fit
27134,calibration
27135,calibration
27136,test
27137,calibration
27138,calibration
27139,fit
27140,test
27141,calibration
27143,calibration
27144,fit
27145,test
27146,calibration
27148,fit
27149,fit
27150,calibration
27151,fit
27152,test
27153,fit
27154,fit
27155,fit
27156,fit
27157,fit
27158,fit
27159,fit
27160,test
27161,fit
27162,fit
27163,fit
27164,fit
27165,fit
27166,test
27167,fit
27168,fit
27169,calibration
27170,fit
27171,fit
27172,fit
27173,calibration
27174,calibration
27175,fit
27177,test
27178,calibration
27179,test
27180,fit
27181,fit
27182,test
27183,fit
27184,fit
27185,fit
27186,calibration
27187,fit
27188,fit
27189,fit
27190,fit
27191,fit
27192,test
27193,fit
27194,fit
27195,calibration
27196,calibration
27197,test
27198,test
27199,calibration
27200,fit
27201,fit
27202,fit
27203,fit
27204,test
27206,fit
27207,fit
27208,fit
27209,fit
27210,test
27211,fit
27212,fit
27213,fit
27214,fit
27215,fit
27216,test
27217,fit
27219,calibration
27220,fit
27221,fit
27222,fit
27223,fit
27224,test
27225,calibration
27226,fit
27227,calibration
27228,calibration
27229,fit
27230,fit
27231,fit
27232,fit
27233,calibration
27234,fit
27235,fit
27236,calibration
27237,fit
27238,fit
27239,fit
27240,test
27241,fit
27242,fit
27243,fit
27244,fit
27245,test
27246,test
27247,calibration
27248,fit
27249,fit
27250,fit
27251,fit
27252,fit
27253,fit
27254,test
27255,calibration
27256,fit
27257,fit
27258,fit
27259,fit
27260,test
27261,fit
27262,calibration
27263,calibration
27264,calibration
27265,fit
27266,test
27267,fit
27268,fit
27269,test
27270,fit
27271,fit
27272,fit
27274,fit
27275,fit
27276,test
27277,calibration
27279,fit
27280,test
27281,fit
27283,fit
27284,calibration
27286,fit
27287,test
27288,test
27289,fit
27290,calibration
27291,fit
27292,fit
27293,test
27294,calibration
27295,fit
27296,fit
27297,fit
27298,test
27299,test
27300,fit
27301,fit
27302,fit
27303,fit
27304,fit
27305,fit
27306,calibration
27308,calibration
27309,fit
27310,test
27311,test
27312,test
27313,calibration
27314,fit
27315,test
27316,fit
27317,calibration
27318,fit
27319,fit
27320,fit
27321,fit
27322,fit
27323,fit
27324,fit
27325,fit
27327,fit
27328,calibration
27329,fit
27330,fit
27331,fit
27332,fit
27333,fit
27334,calibration
27335,calibration
27336,test
27337,test
27338,fit
27339,test
27340,test
27341,fit
27342,calibration
27343,calibration
27344,fit
27345,calibration
27346,fit
27347,calibration
27348,fit
27349,calibration
27350,fit
27351,fit
27352,fit
27353,fit
27354,fit
27355,calibration
27356,fit
27357,calibration
27358,test
27359,fit
27360,fit
27361,fit
27362,fit
27363,fit
27364,calibration
27365,fit
27366,calibration
27367,fit
27368,fit
27369,fit
27370,calibration
27371,test
27372,fit
27373,fit
27374,test
27375,fit
27376,calibration
27377,fit
27378,test
27379,fit
27380,fit
27381,fit
27382,fit
27384,test
27385,fit
27386,test
27387,fit
27388,test
27389,test
27390,test
27391,fit
27392,fit
27393,test
27394,fit
27396,fit
27397,test
27398,calibration
27399,fit
27400,fit
27401,test
27402,test
27405,fit
27406,fit
27407,fit
27408,fit
27409,calibration
27410,calibration
27411,fit
27412,test
27413,test
27414,test
27415,calibration
27416,fit
27417,fit
27418,test
27419,fit
27420,fit
27421,test
27422,fit
27424,test
27425,fit
27426,fit
27427,fit
27428,fit
27430,fit
27431,fit
27432,fit
27433,calibration
27434,fit
27435,fit
27436,calibration
27437,calibration
27439,calibration
27440,calibration
27441,fit
27442,fit
27443,fit
27444,fit
27445,fit
27446,fit
27447,fit
27448,fit
27449,fit
27450,fit
27451,fit
27453,fit
27454,fit
27455,test
27456,calibration
27457,fit
27458,fit
27459,fit
27460,fit
27461,fit
27462,test
27464,fit
27465,calibration
27466,calibration
27467,fit
27468,fit
27469,fit
27470,calibration
27471,fit
27472,fit
27473,test
27474,fit
27475,calibration
27476,calibration
27477,fit
27478,fit
27479,test
27480,fit
27481,fit
27482,fit
27483,fit
27484,fit
27485,fit
27486,test
27487,test
27488,test
27489,fit
27490,fit
27491,fit
27492,fit
27493,fit
27494,calibration
27495,fit
27496,test
27497,fit
27498,calibration
27499,fit
27500,fit
27501,fit
27502,calibration
27503,fit
27504,fit
27505,fit
27506,calibration
27507,fit
27508,fit
27509,fit
27510,fit
27511,fit
27512,fit
27513,fit
27514,fit
27515,calibration
27516,fit
27517,fit
27518,fit
27519,fit
27520,fit
27521,fit
27522,calibration
27523,fit
27524,fit
27525,fit
27526,test
27527,fit
27528,test
27529,fit
27530,fit
27531,fit
27532,test
27533,fit
27534,fit
27535,fit
27536,test
27537,fit
27538,test
27539,test
27540,test
27541,fit
27542,fit
27543,calibration
27544,calibration
27545,fit
27546,fit
27547,fit
27548,fit
27549,test
27550,test
27551,fit
27552,fit
27553,fit
27554,test
27555,fit
27556,fit
27557,test
27558,fit
27559,fit
27560,fit
27561,calibration
27562,fit
27563,fit
27564,fit
27565,fit
27566,fit
27567,fit
27568,calibration
27569,fit
27570,fit
27571,fit
27572,fit
27573,fit
27574,calibration
27575,fit
27576,fit
27577,calibration
27578,calibration
27579,fit
27580,fit
27581,calibration
27582,calibration
27583,fit
27584,calibration
27585,fit
27586,test
27587,test
27588,fit
27589,calibration
27590,test
27592,fit
27593,fit
27594,fit
27595,test
27596,calibration
27597,test
27598,fit
27599,fit
27600,fit
27601,fit
27602,fit
27603,calibration
27604,fit
27605,fit
27606,fit
27607,fit
27608,test
27609,calibration
27610,fit
27611,fit
27612,fit
27613,fit
27614,test
27615,fit
27616,calibration
27618,test
27619,calibration
27620,fit
27621,fit
27622,fit
27623,fit
27624,test
27625,calibration
27626,calibration
27627,fit
27628,test
27629,test
27630,calibration
27631,test
27632,fit
27633,fit
27634,fit
27635,fit
27636,fit
27637,fit
27638,test
27639,fit
27640,fit
27641,test
27642,fit
27643,test
27644,fit
27647,calibration
27648,fit
27649,fit
27650,fit
27651,test
27652,calibration
27653,fit
27654,fit
27655,fit
27656,calibration
27657,test
27658,fit
27661,test
27662,fit
27663,calibration
27664,fit
27665,test
27667,fit
27668,calibration
27669,calibration
27670,test
27671,fit
27672,test
27673,fit
27674,fit
27675,calibration
27676,fit
27677,test
27678,test
27679,fit
27680,calibration
27681,test
27682,fit
27683,fit
27684,calibration
27685,fit
27686,calibration
27687,fit
27688,fit
27689,fit
27690,fit
27691,fit
27692,fit
27693,fit
27694,fit
27695,test
27696,test
27697,test
27698,fit
27699,test
27700,calibration
27701,fit
27702,fit
27703,fit
27704,fit
27705,test
27706,test
27707,calibration
27709,fit
27710,fit
27711,calibration
27712,calibration
27713,fit
27714,fit
27715,fit
27716,fit
27717,calibration
27718,test
27719,fit
27720,calibration
27721,fit
27722,calibration
27723,fit
27724,calibration
27725,fit
27726,calibration
27727,fit
27728,calibration
27729,fit
27730,calibration
27731,fit
27732,fit
27733,fit
27734,calibration
27735,fit
27736,fit
27737,fit
27738,fit
27739,calibration
27740,test
27742,calibration
27743,fit
27744,calibration
27745,calibration
27746,fit
27747,test
27748,fit
27749,calibration
27750,test
27751,fit
27752,calibration
27753,fit
27754,calibration
27755,fit
27756,fit
27757,calibration
27758,fit
27759,calibration
27760,fit
27761,test
27762,fit
27763,calibration
27764,fit
27765,fit
27766,fit
27767,calibration
27768,test
27769,calibration
27770,fit
27771,fit
27772,calibration
27773,fit
27774,fit
27775,fit
27776,fit
27777,fit
27778,fit
27779,test
27780,calibration
27781,fit
27782,test
27783,test
27785,test
27786,calibration
27787,fit
27788,fit
27789,fit
27790,fit
27791,fit
27792,test
27793,fit
27794,fit
27796,fit
27797,fit
27798,test
27799,fit
27800,test
27801,fit
27802,test
27803,fit
27804,test
27805,test
27806,fit
27807,calibration
27808,fit
27809,test
27810,calibration
27811,fit
27812,test
27814,calibration
27815,calibration
27816,fit
27817,fit
27818,fit
27819,fit
27820,calibration
27821,fit
27822,fit
27823,fit
27825,fit
27826,calibration
27827,fit
27828,calibration
27829,fit
27830,calibration
27831,calibration
27832,calibration
27834,calibration
27835,fit
27836,fit
27837,fit
27838,fit
27839,fit
27840,calibration
27841,fit
27842,test
27843,calibration
27844,fit
27846,calibration
27847,fit
27848,test
27849,calibration
27850,fit
27851,test
27852,fit
27853,fit
27854,fit
27855,fit
27856,fit
27857,fit
27858,fit
27859,fit
27860,fit
27861,fit
27862,test
27863,test
27864,fit
27865,fit
27866,test
27867,fit
27868,fit
27869,fit
27870,test
27871,fit
27872,fit
27873,fit
27874,calibration
27875,test
27876,test
27877,calibration
27878,fit
27879,test
27880,calibration
27881,calibration
27882,test
27883,fit
27885,fit
27886,fit
27887,fit
27888,test
27890,calibration
27891,test
27892,fit
27893,fit
27894,fit
27895,test
27896,calibration
27897,fit
27898,fit
27899,fit
27900,fit
27901,fit
27902,test
27903,fit
27904,fit
27906,fit
27907,calibration
27908,fit
27909,test
27910,fit
27911,fit
27912,fit
27913,fit
27914,fit
27915,test
27916,calibration
27918,fit
27919,fit
27920,calibration
27921,test
27922,calibration
27923,test
27924,test
27925,fit
27926,fit
27927,calibration
27928,test
27929,fit
27930,test
27931,fit
27932,calibration
27933,fit
27934,test
27935,fit
27936,fit
27937,fit
27938,fit
27939,test
27940,test
27941,fit
27942,fit
27943,test
27944,fit
27945,fit
27946,test
27947,fit
27948,calibration
27949,calibration
27951,fit
27952,test
27953,calibration
27954,fit
27955,fit
27956,fit
27957,fit
27958,fit
27959,fit
27961,calibration
27962,fit
27963,fit
27964,fit
27965,calibration
27966,fit
27968,fit
27969,test
27970,fit
27971,fit
27972,fit
27974,calibration
27975,calibration
27976,calibration
27977,calibration
27978,calibration
27979,fit
27980,test
27981,fit
27982,fit
27983,fit
27984,fit
27985,fit
27986,fit
27987,fit
27988,test
27989,fit
27990,calibration
27991,fit
27992,fit
27993,fit
27995,fit
27996,fit
27997,test
27998,fit
27999,fit
28000,fit
28001,fit
28002,fit
28003,fit
28004,fit
28005,test
28006,fit
28007,fit
28008,test
28009,fit
28010,fit
28011,fit
28012,test
28013,test
28014,test
28015,fit
28016,fit
28017,fit
28020,fit
28021,test
28022,fit
28023,fit
28024,fit
28025,calibration
28026,fit
28027,fit
28028,calibration
28029,calibration
28030,calibration
28031,test
28032,test
28034,fit
28035,fit
28036,fit
28037,fit
28038,fit
28039,calibration
28040,fit
28041,fit
28042,test
28043,fit
28045,fit
28046,fit
28047,fit
28048,fit
28049,calibration
28050,fit
28051,fit
28052,calibration
28053,fit
28054,fit
28055,test
28056,test
28057,test
28058,fit
28059,test
28060,fit
28061,test
28062,fit
28063,calibration
28064,test
28065,fit
28066,fit
28067,fit
28068,fit
28069,fit
28070,fit
28071,test
28072,test
28073,test
28074,fit
28075,fit
28076,fit
28077,calibration
28078,fit
28079,fit
28080,fit
28081,fit
28082,fit
28083,fit
28084,fit
28085,fit
28086,fit
28087,fit
28088,test
28089,fit
28090,calibration
28091,test
28092,calibration
28093,fit
28094,test
28095,fit
28096,calibration
28098,calibration
28099,test
28100,test
28101,test
28102,fit
28104,calibration
28105,test
28106,calibration
28107,fit
28108,fit
28109,test
28110,fit
28111,fit
28112,calibration
28113,fit
28114,fit
28115,calibration
28116,calibration
28117,calibration
28118,test
28119,test
28120,fit
28121,test
28122,calibration
28123,test
28124,fit
28125,fit
28126,fit
28127,fit
28128,fit
28129,test
28130,calibration
28131,calibration
28132,test
28133,fit
28134,fit
28135,fit
28136,fit
28137,fit
28138,calibration
28139,calibration
28140,fit
28141,fit
28142,fit
28143,calibration
28144,fit
28145,fit
28146,calibration
28147,fit
28148,fit
28149,test
28150,fit
28151,fit
28152,fit
28153,test
28154,fit
28155,fit
28156,fit
28158,fit
28159,fit
28160,calibration
28161,test
28162,calibration
28163,fit
28164,fit
28165,calibration
