row_index,role
0,test
1,fit
2,calibration
3,test
4,fit
5,test
6,fit
7,calibration
8,test
9,fit
10,test
11,test
12,fit
13,fit
14,fit
15,calibration
16,test
17,fit
18,fit
19,test
20,fit
21,fit
22,calibration
23,fit
24,test
25,fit
26,fit
27,fit
28,fit
29,calibration
30,fit
31,fit
32,calibration
33,calibration
34,fit
35,test
36,test
37,fit
38,fit
39,fit
40,calibration
41,calibration
42,calibration
43,fit
44,test
45,calibration
46,fit
47,calibration
48,fit
49,fit
50,fit
51,calibration
52,calibration
53,fit
54,test
55,fit
56,calibration
57,calibration
58,fit
59,fit
60,fit
61,fit
62,fit
63,fit
64,fit
65,test
66,test
67,fit
68,calibration
69,fit
70,fit
71,fit
72,fit
73,fit
74,test
75,fit
76,calibration
77,calibration
78,fit
79,calibration
80,fit
81,fit
82,fit
83,calibration
84,fit
85,test
86,fit
87,fit
88,fit
89,fit
90,calibration
91,fit
92,calibration
93,calibration
94,calibration
95,fit
96,fit
97,calibration
98,fit
99,test
100,test
101,fit
102,fit
103,test
104,test
105,fit
106,calibration
107,fit
108,calibration
109,test
110,calibration
111,fit
112,calibration
113,fit
114,test
115,fit
116,calibration
117,test
118,calibration
119,fit
120,test
121,fit
122,fit
123,fit
124,calibration
125,fit
126,calibration
127,fit
128,fit
129,test
130,test
131,calibration
132,fit
133,fit
134,calibration
135,test
136,calibration
137,fit
138,fit
139,fit
140,fit
141,calibration
142,calibration
143,fit
144,fit
145,test
146,fit
147,fit
148,fit
149,test
150,fit
151,fit
152,fit
153,fit
154,test
155,calibration
156,fit
157,fit
158,fit
159,fit
160,calibration
161,calibration
162,test
163,fit
164,calibration
165,calibration
166,calibration
167,calibration
168,calibration
169,test
170,fit
171,fit
172,fit
173,calibration
174,fit
175,fit
176,fit
177,fit
178,fit
179,fit
180,calibration
181,fit
182,fit
183,fit
184,fit
185,test
186,fit
187,calibration
188,fit
189,test
190,calibration
191,fit
192,test
193,calibration
194,fit
195,test
196,calibration
197,calibration
198,calibration
199,fit
200,fit
201,fit
202,fit
203,fit
204,fit
205,fit
206,calibration
207,test
208,calibration
209,fit
210,calibration
211,calibration
212,fit
213,fit
214,calibration
215,fit
216,calibration
217,fit
218,fit
219,calibration
220,test
221,fit
222,test
223,fit
224,fit
225,fit
226,calibration
227,fit
228,test
229,fit
230,fit
231,calibration
232,fit
233,fit
234,fit
235,calibration
236,fit
237,fit
238,test
239,calibration
240,fit
241,fit
242,fit
243,fit
244,test
245,fit
246,calibration
247,fit
248,fit
249,calibration
250,test
251,fit
252,fit
253,calibration
254,fit
255,fit
256,fit
257,fit
258,calibration
259,fit
260,test
261,test
262,fit
263,fit
264,calibration
265,calibration
266,fit
267,fit
268,fit
269,fit
270,fit
271,fit
272,fit
273,fit
274,fit
275,fit
276,fit
277,fit
278,fit
279,fit
280,test
281,test
282,fit
283,calibration
284,fit
285,fit
286,test
287,fit
288,fit
289,calibration
290,test
291,calibration
292,calibration
293,fit
294,test
295,fit
296,fit
297,fit
298,fit
299,fit
300,fit
301,test
302,test
303,fit
304,fit
305,test
306,fit
307,test
308,test
309,calibration
310,test
311,fit
312,fit
313,fit
314,fit
315,calibration
316,calibration
317,fit
318,calibration
319,calibration
320,calibration
321,fit
322,calibration
323,fit
324,calibration
325,fit
326,fit
327,calibration
328,fit
329,calibration
330,fit
331,fit
332,test
333,fit
334,fit
335,fit
336,test
337,test
338,fit
339,calibration
340,fit
341,fit
342,fit
343,fit
344,fit
345,fit
346,calibration
347,test
348,fit
349,fit
350,test
351,calibration
352,fit
353,calibration
354,fit
355,fit
356,test
357,test
358,fit
359,test
360,fit
361,calibration
362,fit
363,fit
364,fit
365,fit
366,test
367,fit
368,fit
369,test
370,fit
371,fit
372,test
373,fit
374,fit
375,calibration
376,fit
377,fit
378,fit
379,fit
380,fit
381,calibration
382,calibration
383,fit
384,test
385,calibration
386,fit
387,fit
388,test
389,fit
390,calibration
391,fit
392,fit
393,fit
394,fit
395,test
396,fit
397,fit
398,calibration
399,calibration
400,fit
401,fit
402,fit
403,calibration
404,calibration
405,fit
406,calibration
407,fit
408,test
409,calibration
410,fit
411,calibration
412,test
413,fit
414,fit
415,calibration
416,fit
417,test
418,test
419,fit
420,calibration
421,fit
422,test
423,fit
424,test
425,test
426,fit
427,test
428,fit
429,fit
430,test
431,fit
432,test
433,fit
434,fit
435,fit
436,fit
437,test
438,fit
439,calibration
440,fit
441,fit
442,fit
443,fit
444,test
445,calibration
446,calibration
447,fit
448,fit
449,fit
450,test
451,fit
452,calibration
453,fit
454,test
455,test
456,calibration
457,fit
458,calibration
459,calibration
460,fit
461,fit
462,fit
463,test
464,fit
465,test
466,calibration
467,calibration
468,fit
469,fit
470,fit
471,calibration
472,fit
473,test
474,calibration
475,fit
476,fit
477,test
478,fit
479,fit
480,calibration
481,fit
482,calibration
483,fit
484,fit
485,fit
486,test
487,test
488,calibration
489,fit
490,test
491,fit
492,test
493,calibration
494,fit
495,fit
496,fit
497,fit
498,calibration
499,calibration
500,calibration
501,test
502,fit
503,fit
504,fit
505,fit
506,test
507,test
508,fit
509,fit
510,calibration
511,fit
512,fit
513,test
514,fit
515,test
516,fit
517,fit
518,calibration
519,fit
520,calibration
521,fit
522,test
523,test
524,calibration
525,fit
526,fit
527,fit
528,calibration
529,calibration
530,test
531,fit
532,test
533,fit
534,fit
535,fit
536,fit
537,test
538,fit
539,fit
540,fit
541,fit
542,fit
543,fit
544,calibration
545,test
546,calibration
547,fit
548,calibration
549,calibration
550,test
551,fit
552,test
553,fit
554,fit
555,calibration
556,fit
557,calibration
558,fit
559,fit
560,fit
561,calibration
562,fit
563,fit
564,fit
565,fit
566,calibration
567,test
568,test
569,calibration
570,test
571,fit
572,fit
573,fit
574,fit
575,fit
576,fit
577,test
578,fit
579,fit
580,fit
581,calibration
582,fit
583,calibration
584,fit
585,fit
586,fit
587,fit
588,fit
589,calibration
590,calibration
591,fit
592,fit
593,fit
594,fit
595,fit
596,test
597,fit
598,calibration
599,fit
600,calibration
601,fit
602,test
603,fit
604,test
605,fit
606,calibration
607,calibration
608,calibration
609,test
610,fit
611,calibration
612,test
613,test
614,calibration
615,fit
616,fit
617,test
618,test
619,calibration
620,calibration
621,fit
622,fit
623,fit
624,calibration
625,fit
626,fit
627,calibration
628,test
629,fit
630,fit
631,calibration
632,fit
633,calibration
634,fit
635,fit
636,calibration
637,fit
638,fit
639,test
640,fit
641,fit
642,calibration
643,fit
644,calibration
645,fit
646,fit
647,fit
648,fit
649,fit
650,calibration
651,calibration
652,fit
653,fit
654,fit
655,fit
656,fit
657,test
658,fit
659,calibration
660,fit
661,fit
662,calibration
663,fit
664,fit
665,test
666,test
667,fit
668,test
669,fit
670,fit
671,calibration
672,calibration
673,calibration
674,test
675,calibration
676,calibration
677,test
678,calibration
679,fit
680,fit
681,test
682,test
683,calibration
684,calibration
685,calibration
686,calibration
687,fit
688,fit
689,fit
690,fit
691,calibration
692,fit
693,fit
694,fit
695,fit
696,fit
697,calibration
698,calibration
699,fit
700,fit
701,fit
702,fit
703,test
704,fit
705,fit
706,calibration
707,fit
708,fit
709,test
710,fit
711,fit
712,calibration
713,test
714,calibration
715,calibration
716,calibration
717,calibration
718,fit
719,fit
720,calibration
721,fit
722,calibration
723,fit
724,test
725,test
726,calibration
727,calibration
728,calibration
729,test
730,test
731,fit
732,fit
733,fit
734,fit
735,fit
736,fit
737,fit
738,fit
739,fit
740,test
741,calibration
742,calibration
743,test
744,calibration
745,test
746,fit
747,fit
748,test
749,test
750,fit
751,fit
752,calibration
753,fit
754,test
755,test
756,fit
757,fit
758,test
759,calibration
760,fit
761,calibration
762,fit
763,fit
764,test
765,fit
766,calibration
767,fit
768,calibration
769,calibration
770,fit
771,fit
772,calibration
773,test
774,fit
775,fit
776,fit
777,test
778,test
779,fit
780,test
781,calibration
782,test
783,fit
784,test
785,test
786,test
787,calibration
788,test
789,calibration
790,fit
791,calibration
792,calibration
793,fit
794,fit
795,fit
796,fit
797,fit
798,test
799,fit
800,fit
801,test
802,test
803,fit
804,fit
805,test
806,test
807,fit
808,fit
809,test
810,fit
811,calibration
812,calibration
813,test
814,fit
815,test
816,fit
817,fit
818,test
819,fit
820,fit
821,test
822,fit
823,fit
824,calibration
825,test
826,fit
827,test
828,fit
829,test
830,test
831,calibration
832,fit
833,test
834,fit
835,calibration
836,fit
837,fit
838,fit
839,test
840,test
841,fit
842,test
843,test
844,fit
845,calibration
846,test
847,fit
848,fit
849,test
850,fit
851,fit
852,test
853,calibration
854,test
855,test
856,fit
857,fit
858,fit
859,test
860,fit
861,calibration
862,test
863,test
864,test
865,fit
866,test
867,fit
868,fit
869,calibration
870,fit
871,fit
872,test
873,fit
874,test
875,test
876,fit
877,fit
878,test
879,fit
880,fit
881,calibration
882,fit
883,test
884,test
885,test
886,test
887,fit
888,calibration
889,fit
890,calibration
891,fit
892,fit
893,fit
894,test
895,calibration
896,fit
897,fit
898,fit
899,fit
900,fit
901,test
902,fit
903,test
904,calibration
905,calibration
906,fit
907,test
908,fit
909,fit
910,test
911,test
912,test
913,test
914,fit
915,fit
916,test
917,fit
918,fit
919,fit
920,calibration
921,fit
922,fit
923,test
924,calibration
925,test
926,test
927,fit
928,fit
929,calibration
930,fit
931,fit
932,test
933,calibration
934,test
935,test
936,calibration
937,fit
938,test
939,fit
940,fit
941,fit
942,fit
943,test
944,fit
945,calibration
946,calibration
947,test
948,fit
949,fit
950,test
951,fit
952,test
953,fit
954,test
955,test
956,test
957,calibration
958,test
959,fit
960,fit
961,fit
962,fit
963,fit
964,fit
965,test
966,fit
967,test
968,fit
969,test
970,test
971,fit
972,test
973,fit
974,calibration
975,test
976,fit
977,fit
978,calibration
979,calibration
980,test
981,fit
982,fit
983,fit
984,test
985,fit
986,fit
987,test
988,test
989,fit
990,test
991,fit
992,test
993,fit
994,fit
995,fit
996,fit
997,fit
998,test
999,calibration
1000,test
1001,fit
1002,calibration
1003,fit
1004,fit
1005,test
1006,fit
1007,fit
1008,test
1009,fit
1010,fit
1011,fit
1012,test
1013,test
1014,fit
1015,fit
1016,test
1017,fit
1018,fit
1019,fit
1020,test
1021,fit
1022,fit
1023,test
1024,calibration
1025,calibration
1026,test
1027,test
1028,test
1029,fit
1030,calibration
1031,fit
1032,calibration
1033,fit
1034,fit
1035,test
1036,fit
1037,fit
1038,test
1039,calibration
1040,fit
1041,fit
1042,fit
1043,fit
1044,fit
1045,fit
1046,calibration
1047,calibration
1048,fit
1049,calibration
1050,fit
1051,test
1052,fit
1053,test
1054,fit
1055,fit
1056,fit
1057,test
1058,fit
1059,test
1060,fit
1061,test
1062,fit
1063,fit
1064,fit
1065,test
1066,test
1067,fit
1068,fit
1069,fit
1070,test
1071,fit
1072,fit
1073,fit
1074,fit
1075,calibration
1076,calibration
1077,fit
1078,test
1079,fit
1080,fit
1081,calibration
1082,fit
1083,fit
1084,fit
1085,fit
1086,fit
1087,fit
1088,calibration
1089,test
1090,fit
1091,fit
1092,calibration
1093,test
1094,fit
1095,fit
1096,fit
1097,test
1098,fit
1099,test
1100,fit
1101,fit
1102,fit
1103,calibration
1104,calibration
1105,calibration
1106,test
1107,fit
1108,fit
1109,test
1110,calibration
1111,fit
1112,fit
1113,fit
1114,test
1115,test
1116,fit
1117,fit
1118,fit
1119,fit
1120,fit
1121,fit
1122,fit
1123,fit
1124,test
1125,calibration
1126,test
1127,fit
1128,test
1129,fit
1130,test
1131,fit
1132,calibration
1133,test
1134,fit
1135,fit
1136,fit
1137,fit
1138,fit
1139,fit
1140,test
1141,calibration
1142,fit
1143,fit
1144,fit
1145,fit
1146,calibration
1147,fit
1148,test
1149,fit
1150,fit
1151,test
1152,fit
1153,fit
1154,fit
1155,calibration
1156,fit
1157,test
1158,fit
1159,calibration
1160,fit
1161,calibration
1162,test
1163,test
1164,fit
1165,fit
1166,fit
1167,calibration
1168,fit
1169,fit
1170,fit
1171,fit
1172,fit
1173,fit
1174,fit
1175,fit
1176,calibration
1177,calibration
1178,fit
1179,calibration
1180,fit
1181,calibration
1182,test
1183,test
1184,calibration
1185,fit
1186,fit
1187,fit
1188,fit
1189,test
1190,fit
1191,test
1192,fit
1193,test
1194,fit
1195,calibration
1196,fit
1197,test
1198,fit
1199,fit
1200,calibration
1201,fit
1202,fit
1203,calibration
1204,test
1205,fit
1206,fit
1207,fit
1208,calibration
1209,fit
1210,test
1211,fit
1212,fit
1213,fit
1214,test
1215,fit
1216,fit
1217,fit
1218,fit
1219,test
1220,fit
1221,fit
1222,fit
1223,test
1224,fit
1225,test
1226,fit
1227,fit
1228,fit
1229,fit
1230,fit
1231,fit
1232,fit
1233,fit
1234,fit
1235,fit
1236,test
1237,fit
1238,fit
1239,fit
1240,fit
1241,calibration
1242,calibration
1243,test
1244,fit
1245,fit
1246,fit
1247,fit
1248,fit
1249,fit
1250,fit
1251,fit
1252,calibration
1253,test
1254,test
1255,test
1256,fit
1257,test
1258,test
1259,fit
1260,test
1261,test
1262,fit
1263,fit
1264,fit
1265,test
1266,test
1267,fit
1268,fit
1269,fit
1270,test
1271,fit
1272,fit
1273,test
1274,fit
1275,fit
1276,test
1277,calibration
1278,fit
1279,fit
1280,fit
1281,calibration
1282,fit
1283,calibration
1284,fit
1285,fit
1286,test
1287,test
1288,test
1289,test
1290,test
1291,fit
1292,fit
1293,test
1294,fit
1295,fit
1296,fit
1297,fit
1298,fit
1299,fit
1300,test
1301,test
1302,fit
1303,fit
1304,test
1305,test
1306,test
1307,fit
1308,calibration
1309,test
1310,calibration
1311,test
1312,fit
1313,fit
1314,fit
1315,fit
1316,fit
1317,fit
1318,calibration
1319,fit
1320,fit
1321,fit
1322,test
1323,test
1324,fit
1325,fit
1326,fit
1327,test
1328,fit
1329,fit
1330,fit
1331,fit
1332,fit
1333,fit
1334,fit
1335,calibration
1336,fit
1337,test
1338,fit
1339,calibration
1340,test
1341,calibration
1342,test
1343,fit
1344,fit
1345,fit
1346,fit
1347,fit
1348,calibration
1349,fit
1350,calibration
1351,fit
1352,fit
1353,fit
1354,calibration
1355,fit
1356,fit
1357,fit
1358,test
1359,fit
1360,test
1361,calibration
1362,fit
1363,calibration
1364,fit
1365,fit
1366,calibration
1367,test
1368,calibration
1369,fit
1370,calibration
1371,fit
1372,test
1373,fit
1374,fit
1375,calibration
1376,calibration
1377,fit
1378,calibration
1379,fit
1380,fit
1381,fit
1382,fit
1383,test
1384,fit
1385,test
1386,fit
1387,calibration
1388,calibration
1389,calibration
1390,calibration
1391,fit
1392,test
1393,fit
1394,fit
1395,fit
1396,test
1397,fit
1398,test
1399,fit
1400,fit
1401,calibration
1402,fit
1403,fit
1404,fit
1405,calibration
1406,calibration
1407,test
1408,fit
1409,test
1410,fit
1411,calibration
1412,test
1413,calibration
1414,fit
1415,fit
1416,test
1417,test
1418,calibration
1419,fit
1420,fit
1421,fit
1422,fit
1423,fit
1424,fit
1425,calibration
1426,fit
1427,fit
1428,fit
1429,calibration
1430,calibration
1431,fit
1432,fit
1433,test
1434,fit
1435,fit
1436,fit
1437,calibration
1438,calibration
1439,fit
1440,fit
1441,test
1442,fit
1443,calibration
1444,fit
1445,calibration
1446,fit
1447,fit
1448,test
1449,fit
1450,calibration
1451,fit
1452,test
1453,fit
1454,fit
1455,fit
1456,test
1457,fit
1458,fit
1459,fit
1460,fit
1461,calibration
1462,fit
1463,test
1464,fit
1465,fit
1466,fit
1467,fit
1468,calibration
1469,fit
1470,fit
1471,fit
1472,calibration
1473,test
1474,test
1475,test
1476,fit
1477,fit
1478,calibration
1479,calibration
1480,fit
1481,fit
1482,calibration
1483,fit
1484,fit
1485,fit
1486,fit
1487,fit
1488,test
1489,fit
1490,test
1491,fit
1492,fit
1493,fit
1494,fit
1495,fit
1496,fit
1497,fit
1498,fit
1499,fit
1500,fit
1501,fit
1502,fit
1503,fit
1504,fit
1505,fit
1506,fit
1507,fit
1508,fit
1509,fit
1510,calibration
1511,calibration
1512,test
1513,fit
1514,fit
1515,fit
1516,test
1517,test
1518,fit
1519,fit
1520,test
1521,test
1522,fit
1523,fit
1524,fit
1525,fit
1526,test
1527,test
1528,fit
1529,fit
1530,fit
1531,test
1532,fit
1533,test
1534,fit
1535,calibration
1536,fit
1537,fit
1538,fit
1539,test
1540,fit
1541,test
1542,fit
1543,fit
1544,fit
1545,fit
1546,test
1547,calibration
1548,test
1549,fit
1550,test
1551,test
1552,fit
1553,test
1554,calibration
1555,test
1556,fit
1557,calibration
1558,fit
1559,fit
1560,fit
1561,test
1562,fit
1563,fit
1564,test
1565,fit
1566,test
1567,fit
1568,fit
1569,fit
1570,test
1571,fit
1572,test
1573,fit
1574,fit
1575,fit
1576,calibration
1577,calibration
1578,fit
1579,calibration
1580,fit
1581,calibration
1582,test
1583,fit
1584,fit
1585,fit
1586,fit
1587,test
1588,fit
1589,calibration
1590,test
1591,test
1592,fit
1593,fit
1594,calibration
1595,test
1596,fit
1597,fit
1598,calibration
1599,test
1600,test
1601,fit
1602,fit
1603,fit
1604,fit
1605,fit
1606,fit
1607,fit
1608,fit
1609,fit
1610,calibration
1611,fit
1612,fit
1613,calibration
1614,calibration
1615,fit
1616,fit
1617,fit
1618,test
1619,calibration
1620,test
1621,fit
1622,calibration
1623,calibration
1624,fit
1625,fit
1626,fit
1627,fit
1628,test
1629,fit
1630,calibration
1631,fit
1632,test
1633,fit
1634,fit
1635,calibration
1636,calibration
1637,fit
1638,calibration
1639,calibration
1640,test
1641,test
1642,fit
1643,fit
1644,test
1645,fit
1646,fit
1647,fit
1648,fit
1649,fit
1650,fit
1651,test
1652,calibration
1653,calibration
1654,fit
1655,fit
1656,fit
1657,fit
1658,test
1659,fit
1660,calibration
1661,calibration
1662,fit
1663,test
1664,test
1665,fit
1666,calibration
1667,fit
1668,calibration
1669,fit
1670,fit
1671,test
1672,fit
1673,fit
1674,fit
1675,fit
1676,test
1677,test
1678,calibration
1679,test
1680,calibration
1681,fit
1682,fit
1683,fit
1684,fit
1685,fit
1686,fit
1687,fit
1688,test
1689,calibration
1690,fit
1691,fit
1692,fit
1693,test
1694,fit
1695,fit
1696,test
1697,fit
1698,calibration
1699,fit
1700,calibration
1701,test
1702,fit
1703,calibration
1704,fit
1705,fit
1706,calibration
1707,fit
1708,fit
1709,calibration
1710,fit
1711,calibration
1712,calibration
1713,fit
1714,test
1715,fit
1716,fit
1717,fit
1718,calibration
1719,calibration
1720,fit
1721,fit
1722,fit
1723,fit
1724,fit
1725,fit
1726,fit
1727,fit
1728,calibration
1729,fit
1730,test
1731,calibration
1732,fit
1733,fit
1734,fit
1735,fit
1736,fit
1737,calibration
1738,fit
1739,fit
1740,test
1741,test
1742,test
1743,fit
1744,fit
1745,calibration
1746,fit
1747,fit
1748,fit
1749,fit
1750,fit
1751,fit
1752,fit
1753,fit
1754,calibration
1755,fit
1756,fit
1757,test
1758,calibration
1759,calibration
1760,calibration
1761,fit
1762,test
1763,fit
1764,calibration
1765,calibration
1766,fit
1767,calibration
1768,fit
1769,fit
1770,fit
1771,fit
1772,fit
1773,fit
1774,fit
1775,test
1776,calibration
1777,test
1778,test
1779,fit
1780,calibration
1781,fit
1782,fit
1783,fit
1784,fit
1785,fit
1786,fit
1787,calibration
1788,fit
1789,test
1790,test
1791,fit
1792,fit
1793,fit
1794,test
1795,fit
1796,calibration
1797,fit
1798,fit
1799,fit
1800,fit
1801,fit
1802,fit
1803,fit
1804,fit
1805,calibration
1806,fit
1807,test
1808,fit
1809,fit
1810,fit
1811,test
1812,fit
1813,fit
1814,calibration
1815,calibration
1816,fit
1817,fit
1818,calibration
1819,fit
1820,calibration
1821,test
1822,calibration
1823,fit
1824,fit
1825,test
1826,fit
1827,calibration
1828,fit
1829,fit
1830,fit
1831,test
1832,test
1833,fit
1834,fit
1835,fit
1836,fit
1837,fit
1838,test
1839,fit
1840,fit
1841,calibration
1842,fit
1843,calibration
1844,fit
1845,calibration
1846,fit
1847,test
1848,fit
1849,fit
1850,test
1851,fit
1852,calibration
1853,test
1854,calibration
1855,test
1856,fit
1857,fit
1858,calibration
1859,fit
1860,calibration
1861,test
1862,fit
1863,test
1864,fit
1865,fit
1866,fit
1867,test
1868,fit
1869,test
1870,fit
1871,fit
1872,fit
1873,fit
1874,fit
1875,fit
1876,fit
1877,fit
1878,fit
1879,test
1880,test
1881,fit
1882,fit
1883,fit
1884,fit
1885,fit
1886,calibration
1887,fit
1888,calibration
1889,fit
1890,fit
1891,calibration
1892,calibration
1893,fit
1894,calibration
1895,test
1896,fit
1897,test
1898,calibration
1899,fit
1900,fit
1901,fit
1902,calibration
1903,fit
1904,fit
1905,fit
1906,fit
1907,test
1908,calibration
1909,test
1910,fit
1911,test
1912,test
1913,fit
1914,fit
1915,fit
1916,fit
1917,fit
1918,fit
1919,fit
1920,fit
1921,test
1922,test
1923,fit
1924,test
1925,test
1926,fit
1927,fit
1928,fit
1929,fit
1930,fit
1931,fit
1932,fit
1933,fit
1934,calibration
1935,test
1936,test
1937,test
1938,fit
1939,fit
1940,calibration
1941,fit
1942,fit
1943,test
1944,fit
1945,fit
1946,fit
1947,test
1948,test
1949,fit
1950,calibration
1951,fit
1952,test
1953,fit
1954,fit
1955,fit
1956,fit
1957,test
1958,test
1959,calibration
1960,fit
1961,calibration
1962,fit
1963,fit
1964,calibration
1965,fit
1966,fit
1967,fit
1968,fit
1969,fit
1970,fit
1971,fit
1972,fit
1973,fit
1974,calibration
1975,fit
1976,fit
1977,calibration
1978,test
1979,fit
1980,fit
1981,fit
1982,fit
1983,fit
1984,fit
1985,test
1986,test
1987,test
1988,calibration
1989,fit
1990,test
1991,fit
1992,fit
1993,fit
1994,calibration
1995,test
1996,test
1997,test
1998,fit
1999,fit
2000,fit
2001,test
2002,fit
2003,fit
2004,fit
2005,test
2006,fit
2007,fit
2008,test
2009,fit
2010,fit
2011,calibration
2012,fit
2013,fit
2014,fit
2015,test
2016,calibration
2017,test
2018,calibration
2019,calibration
2020,fit
2021,test
2022,fit
2023,fit
2024,calibration
2025,calibration
2026,fit
2027,fit
2028,fit
2029,fit
2030,calibration
2031,calibration
2032,test
2033,fit
2034,fit
2035,fit
2036,calibration
2037,fit
2038,test
2039,fit
2040,fit
2041,calibration
2042,fit
2043,fit
2044,calibration
2045,fit
2046,fit
2047,calibration
2048,calibration
2049,fit
2050,fit
2051,test
2052,fit
2053,fit
2054,calibration
2055,fit
2056,test
2057,test
2058,fit
2059,fit
2060,fit
2061,fit
2062,fit
2063,fit
2064,fit
2065,test
2066,fit
2067,fit
2068,fit
2069,calibration
2070,test
2071,calibration
2072,fit
2073,fit
2074,fit
2075,calibration
2076,test
2077,fit
2078,fit
2079,calibration
2080,calibration
2081,fit
2082,fit
2083,test
2084,fit
2085,fit
2086,calibration
2087,test
2088,fit
2089,test
2090,fit
2091,fit
2092,calibration
2093,fit
2094,fit
2095,fit
2096,test
2097,fit
2098,fit
2099,fit
2100,fit
2101,test
2102,fit
2103,fit
2104,fit
2105,fit
2106,calibration
2107,calibration
2108,test
2109,calibration
2110,fit
2111,fit
2112,calibration
2113,fit
2114,fit
2115,fit
2116,calibration
2117,fit
2118,test
2119,fit
2120,calibration
2121,test
2122,fit
2123,fit
2124,test
2125,fit
2126,test
2127,fit
2128,fit
2129,fit
2130,calibration
2131,test
2132,fit
2133,fit
2134,calibration
2135,calibration
2136,fit
2137,fit
2138,test
2139,calibration
2140,calibration
2141,fit
2142,fit
2143,fit
2144,test
2145,test
2146,fit
2147,fit
2148,fit
2149,test
2150,calibration
2151,calibration
2152,fit
2153,fit
2154,fit
2155,calibration
2156,test
2157,fit
2158,test
2159,fit
2160,fit
2161,fit
2162,test
2163,calibration
2164,fit
2165,fit
2166,fit
2167,fit
2168,calibration
2169,test
2170,fit
2171,fit
2172,fit
2173,calibration
2174,fit
2175,fit
2176,fit
2177,fit
2178,calibration
2179,calibration
2180,fit
2181,calibration
2182,fit
2183,calibration
2184,test
2185,calibration
2186,test
2187,fit
2188,fit
2189,test
2190,fit
2191,fit
2192,calibration
2193,fit
2194,fit
2195,fit
2196,fit
2197,test
2198,fit
2199,test
2200,fit
2201,fit
2202,calibration
2203,fit
2204,test
2205,test
2206,fit
2207,fit
2208,fit
2209,fit
2210,fit
2211,calibration
2212,test
2213,fit
2214,fit
2215,fit
2216,test
2217,fit
2218,calibration
2219,fit
2220,test
2221,test
2222,fit
2223,fit
2224,fit
2225,calibration
2226,fit
2227,fit
2228,fit
2229,fit
2230,test
2231,fit
2232,fit
2233,test
2234,fit
2235,fit
2236,fit
2237,test
2238,fit
2239,calibration
2240,test
2241,fit
2242,test
2243,calibration
2244,calibration
2245,test
2246,fit
2247,fit
2248,fit
2249,fit
2250,fit
2251,fit
2252,test
2253,calibration
2254,fit
2255,fit
2256,fit
2257,fit
2258,fit
2259,fit
2260,fit
2261,fit
2262,test
2263,calibration
2264,fit
2265,fit
2266,calibration
2267,fit
2268,calibration
2269,test
2270,fit
2271,calibration
2272,test
2273,fit
2274,fit
2275,fit
2276,fit
2277,fit
2278,calibration
2279,fit
2280,fit
2281,test
2282,fit
2283,fit
2284,fit
2285,fit
2286,fit
2287,calibration
2288,fit
2289,test
2290,fit
2291,fit
2292,fit
2293,fit
2294,fit
2295,fit
2296,fit
2297,calibration
2298,fit
2299,test
2300,fit
2301,fit
2302,test
2303,fit
2304,calibration
2305,fit
2306,fit
2307,calibration
2308,test
2309,calibration
2310,test
2311,test
2312,fit
2313,test
2314,test
2315,test
2316,fit
2317,fit
2318,test
2319,calibration
2320,calibration
2321,fit
2322,fit
2323,test
2324,calibration
2325,fit
2326,calibration
2327,calibration
2328,fit
2329,fit
2330,fit
2331,fit
2332,fit
2333,calibration
2334,fit
2335,fit
2336,test
2337,fit
2338,fit
2339,fit
2340,fit
2341,fit
2342,fit
2343,calibration
2344,fit
2345,fit
2346,fit
2347,fit
2348,fit
2349,fit
2350,test
2351,calibration
2352,test
2353,fit
2354,fit
2355,calibration
2356,fit
2357,test
2358,fit
2359,test
2360,test
2361,test
2362,fit
2363,calibration
2364,fit
2365,fit
2366,fit
2367,calibration
2368,calibration
2369,fit
2370,fit
2371,fit
2372,fit
2373,fit
2374,test
2375,test
2376,fit
2377,calibration
2378,test
2379,fit
2380,test
2381,fit
2382,calibration
2383,fit
2384,fit
2385,fit
2386,fit
2387,fit
2388,calibration
2389,test
2390,fit
2391,calibration
2392,fit
2393,fit
2394,test
2395,calibration
2396,test
2397,test
2398,fit
2399,fit
2400,calibration
2401,test
2402,fit
2403,calibration
2404,fit
2405,calibration
2406,fit
2407,test
2408,fit
2409,fit
2410,fit
2411,fit
2412,calibration
2413,fit
2414,fit
2415,fit
2416,test
2417,fit
2418,fit
2419,fit
2420,calibration
2421,test
2422,calibration
2423,calibration
2424,test
2425,test
2426,fit
2427,test
2428,calibration
2429,fit
2430,test
2431,fit
2432,fit
2433,fit
2434,test
2435,calibration
2436,test
2437,test
2438,fit
2439,fit
2440,calibration
2441,fit
2442,fit
2443,fit
2444,calibration
2445,fit
2446,fit
2447,fit
2448,calibration
2449,calibration
2450,fit
2451,fit
2452,fit
2453,test
2454,fit
2455,fit
2456,fit
2457,fit
2458,fit
2459,fit
2460,test
2461,fit
2462,fit
2463,fit
2464,test
2465,fit
2466,test
2467,fit
2468,fit
2469,calibration
2470,fit
2471,fit
2472,test
2473,test
2474,fit
2475,fit
2476,fit
2477,test
2478,fit
2479,test
2480,fit
2481,test
2482,fit
2483,fit
2484,fit
2485,fit
2486,fit
2487,calibration
2488,calibration
2489,fit
2490,fit
2491,fit
2492,fit
2493,fit
2494,fit
2495,calibration
2496,test
2497,fit
2498,fit
2499,test
2500,fit
2501,test
2502,test
2503,fit
2504,fit
2505,fit
2506,fit
2507,test
2508,test
2509,fit
2510,test
2511,fit
2512,calibration
2513,fit
2514,fit
2515,fit
2516,fit
2517,fit
2518,fit
2519,fit
2520,fit
2521,test
2522,calibration
2523,fit
2524,fit
2525,fit
2526,fit
2527,fit
2528,test
2529,test
2530,test
2531,fit
2532,fit
2533,fit
2534,fit
2535,test
2536,calibration
2537,fit
2538,fit
2539,fit
2540,test
2541,fit
2542,fit
2543,fit
2544,fit
2545,fit
2546,test
2547,calibration
2548,calibration
2549,calibration
2550,fit
2551,fit
2552,test
2553,calibration
2554,fit
2555,fit
2556,fit
2557,calibration
2558,fit
2559,calibration
2560,fit
2561,fit
2562,calibration
2563,fit
2564,fit
2565,test
2566,test
2567,fit
2568,fit
2569,test
2570,fit
2571,fit
2572,fit
2573,calibration
2574,fit
2575,test
2576,calibration
2577,fit
2578,calibration
2579,fit
2580,fit
2581,fit
2582,test
2583,test
2584,calibration
2585,fit
2586,test
2587,calibration
2588,fit
2589,calibration
2590,calibration
2591,fit
2592,fit
2593,fit
2594,fit
2595,fit
2596,fit
2597,fit
2598,calibration
2599,fit
2600,calibration
2601,calibration
2602,fit
2603,fit
2604,calibration
2605,fit
2606,fit
2607,fit
2608,calibration
2609,fit
2610,fit
2611,fit
2612,calibration
2613,fit
2614,fit
2615,fit
2616,test
2617,fit
2618,calibration
2619,fit
2620,test
2621,fit
2622,test
2623,test
2624,calibration
2625,fit
2626,calibration
2627,fit
2628,fit
2629,fit
2630,fit
2631,calibration
2632,fit
2633,fit
2634,fit
2635,calibration
2636,fit
2637,test
2638,fit
2639,fit
2640,calibration
2641,fit
2642,fit
2643,calibration
2644,fit
2645,calibration
2646,fit
2647,calibration
2648,fit
2649,fit
2650,calibration
2651,fit
2652,fit
2653,calibration
2654,fit
2655,fit
2656,test
2657,fit
2658,fit
2659,fit
2660,fit
2661,fit
2662,test
2663,fit
2664,fit
2665,fit
2666,fit
2667,fit
2668,calibration
2669,calibration
2670,fit
2671,fit
2672,fit
2673,fit
2674,fit
2675,fit
2676,test
2677,fit
2678,fit
2679,fit
2680,fit
2681,test
2682,test
2683,fit
2684,test
2685,test
2686,fit
2687,calibration
2688,calibration
2689,calibration
2690,fit
2691,fit
2692,fit
2693,fit
2694,test
2695,fit
2696,test
2697,fit
2698,fit
2699,fit
2700,fit
2701,fit
2702,fit
2703,fit
2704,test
2705,fit
2706,test
2707,fit
2708,fit
2709,fit
2710,fit
2711,test
2712,fit
2713,test
2714,fit
2715,fit
2716,calibration
2717,fit
2718,fit
2719,fit
2720,fit
2721,calibration
2722,test
2723,calibration
2724,fit
2725,calibration
2726,calibration
2727,fit
2728,test
2729,fit
2730,fit
2731,fit
2732,test
2733,fit
2734,fit
2735,fit
2736,fit
2737,calibration
2738,fit
2739,fit
2740,test
2741,fit
2742,fit
2743,test
2744,test
2745,fit
2746,fit
2747,fit
2748,test
2749,fit
2750,fit
2751,fit
2752,fit
2753,fit
2754,fit
2755,fit
2756,calibration
2757,fit
2758,calibration
2759,fit
2760,fit
2761,fit
2762,fit
2763,fit
2764,calibration
2765,fit
2766,fit
2767,fit
2768,test
2769,fit
2770,fit
2771,fit
2772,test
2773,fit
2774,calibration
2775,fit
2776,fit
2777,fit
2778,calibration
2779,fit
2780,fit
2781,fit
2782,fit
2783,fit
2784,fit
2785,calibration
2786,fit
2787,test
2788,fit
2789,test
2790,test
2791,calibration
2792,fit
2793,fit
2794,calibration
2795,fit
2796,fit
2797,fit
2798,calibration
2799,fit
2800,calibration
2801,fit
2802,test
2803,fit
2804,test
2805,fit
2806,fit
2807,test
2808,test
2809,calibration
2810,fit
2811,fit
2812,test
2813,fit
2814,fit
2815,fit
2816,calibration
2817,fit
2818,fit
2819,test
2820,test
2821,fit
2822,fit
2823,fit
2824,fit
2825,fit
2826,fit
2827,test
2828,calibration
2829,fit
2830,fit
2831,fit
2832,fit
2833,calibration
2834,fit
2835,calibration
2836,calibration
2837,test
2838,fit
2839,fit
2840,fit
2841,calibration
2842,calibration
2843,calibration
2844,fit
2845,test
2846,fit
2847,fit
2848,calibration
2849,fit
2850,fit
2851,calibration
2852,fit
2853,test
2854,fit
2855,calibration
2856,fit
2857,calibration
2858,fit
2859,test
2860,fit
2861,fit
2862,calibration
2863,fit
2864,calibration
2865,fit
2866,fit
2867,fit
2868,test
2869,fit
2870,fit
2871,test
2872,fit
2873,fit
2874,fit
2875,fit
2876,fit
2877,fit
2878,fit
2879,fit
2880,calibration
2881,test
2882,calibration
2883,fit
2884,fit
2885,fit
2886,fit
2887,test
2888,fit
2889,calibration
2890,fit
2891,fit
2892,test
2893,fit
2894,fit
2895,fit
2896,fit
2897,fit
2898,fit
2899,fit
2900,fit
2901,calibration
2902,test
2903,calibration
2904,calibration
2905,fit
2906,fit
2907,test
2908,fit
2909,fit
2910,test
2911,fit
2912,calibration
2913,calibration
2914,calibration
2915,calibration
2916,fit
2917,fit
2918,test
2919,fit
2920,calibration
2921,calibration
2922,calibration
2923,calibration
2924,fit
2925,fit
2926,calibration
2927,fit
2928,fit
2929,fit
2930,fit
2931,test
2932,fit
2933,calibration
2934,fit
2935,fit
2936,fit
2937,test
2938,fit
2939,test
2940,fit
2941,calibration
2942,test
2943,calibration
2944,calibration
2945,test
2946,fit
2947,test
2948,fit
2949,fit
2950,fit
2951,test
2952,fit
2953,calibration
2954,fit
2955,fit
2956,fit
2957,fit
2958,fit
2959,fit
2960,fit
2961,fit
2962,fit
2963,fit
2964,fit
2965,fit
2966,test
2967,fit
2968,fit
2969,test
2970,calibration
2971,test
2972,fit
2973,calibration
2974,calibration
2975,fit
2976,fit
2977,fit
2978,fit
2979,calibration
2980,calibration
2981,test
2982,test
2983,fit
2984,fit
2985,test
2986,fit
2987,fit
2988,test
2989,calibration
2990,fit
2991,fit
2992,fit
2993,test
2994,test
2995,calibration
2996,fit
2997,fit
2998,calibration
2999,fit
3000,test
3001,fit
3002,fit
3003,test
3004,fit
3005,fit
3006,test
3007,fit
3008,calibration
3009,fit
3010,test
3011,fit
3012,fit
3013,fit
3014,fit
3015,fit
3016,fit
3017,test
3018,fit
3019,fit
3020,calibration
3021,calibration
3022,fit
3023,fit
3024,fit
3025,fit
3026,test
3027,fit
3028,fit
3029,fit
3030,test
3031,fit
3032,test
3033,fit
3034,fit
3035,fit
3036,fit
3037,calibration
3038,test
3039,fit
3040,calibration
3041,fit
3042,fit
3043,test
3044,fit
3045,fit
3046,fit
3047,fit
3048,test
3049,fit
3050,fit
3051,test
3052,test
3053,fit
3054,test
3055,fit
3056,test
3057,fit
3058,fit
3059,fit
3060,calibration
3061,fit
3062,fit
3063,fit
3064,fit
3065,fit
3066,fit
3067,test
3068,fit
3069,test
3070,fit
3071,fit
3072,test
3073,test
3074,fit
3075,fit
3076,calibration
3077,test
3078,fit
3079,fit
3080,calibration
3081,fit
3082,fit
3083,fit
3084,fit
3085,fit
3086,calibration
3087,fit
3088,fit
3089,fit
3090,fit
3091,test
3092,test
3093,fit
3094,fit
3095,fit
3096,calibration
3097,calibration
3098,fit
3099,fit
3100,fit
3101,test
3102,fit
3103,calibration
3104,fit
3105,calibration
3106,fit
3107,fit
3108,fit
3109,fit
3110,fit
3111,calibration
3112,fit
3113,test
3114,test
3115,test
3116,fit
3117,calibration
3118,fit
3119,test
3120,test
3121,test
3122,fit
3123,calibration
3124,test
3125,test
3126,test
3127,calibration
3128,fit
3129,test
3130,test
3131,test
3132,fit
3133,calibration
3134,fit
3135,test
3136,test
3137,calibration
3138,fit
3139,fit
3140,test
3141,calibration
3142,fit
3143,fit
3144,fit
3145,fit
3146,fit
3147,test
3148,test
3149,test
3150,fit
3151,test
3152,fit
3153,fit
3154,fit
3155,calibration
3156,fit
3157,calibration
3158,fit
3159,fit
3160,fit
3161,fit
3162,fit
3163,test
3164,test
3165,fit
3166,fit
3167,test
3168,fit
3169,test
3170,test
3171,test
3172,test
3173,fit
3174,fit
3175,fit
3176,test
3177,calibration
3178,fit
3179,fit
3180,fit
3181,test
3182,test
3183,calibration
3184,calibration
3185,fit
3186,fit
3187,fit
3188,calibration
3189,fit
3190,fit
3191,test
3192,fit
3193,fit
3194,fit
3195,fit
3196,fit
3197,fit
3198,calibration
3199,calibration
3200,fit
3201,fit
3202,test
3203,fit
3204,fit
3205,fit
3206,fit
3207,fit
3208,fit
3209,fit
3210,fit
3211,fit
3212,test
3213,calibration
3214,fit
3215,calibration
3216,fit
3217,fit
3218,fit
3219,fit
3220,fit
3221,fit
3222,fit
3223,test
3224,fit
3225,fit
3226,fit
3227,test
3228,fit
3229,fit
3230,fit
3231,fit
3232,calibration
3233,fit
3234,fit
3235,test
3236,test
3237,calibration
3238,fit
3239,calibration
3240,calibration
3241,fit
3242,fit
3243,test
3244,fit
3245,test
3246,test
3247,fit
3248,fit
3249,test
3250,calibration
3251,calibration
3252,calibration
3253,fit
3254,fit
3255,calibration
3256,fit
3257,fit
3258,fit
3259,test
3260,fit
3261,calibration
3262,calibration
3263,fit
3264,fit
3265,fit
3266,calibration
3267,test
3268,test
3269,fit
3270,test
3271,fit
3272,fit
3273,fit
3274,fit
3275,fit
3276,test
3277,calibration
3278,fit
3279,calibration
3280,test
3281,calibration
3282,calibration
3283,fit
3284,fit
3285,fit
3286,fit
3287,calibration
3288,fit
3289,test
3290,calibration
3291,fit
3292,fit
3293,fit
3294,fit
3295,test
3296,fit
3297,fit
3298,fit
3299,fit
3300,test
3301,test
3302,test
3303,fit
3304,fit
3305,fit
3306,test
3307,fit
3308,fit
3309,calibration
3310,fit
3311,fit
3312,fit
3313,test
3314,fit
3315,fit
3316,test
3317,fit
3318,test
3319,fit
3320,fit
3321,fit
3322,fit
3323,fit
3324,fit
3325,fit
3326,fit
3327,fit
3328,fit
3329,calibration
3330,fit
3331,fit
3332,fit
3333,test
3334,calibration
3335,fit
3336,test
3337,fit
3338,fit
3339,fit
3340,fit
3341,calibration
3342,calibration
3343,fit
3344,fit
3345,fit
3346,fit
3347,fit
3348,calibration
3349,test
3350,calibration
3351,fit
3352,fit
3353,test
3354,fit
3355,calibration
3356,fit
3357,test
3358,fit
3359,test
3360,fit
3361,calibration
3362,fit
3363,calibration
3364,fit
3365,fit
3366,fit
3367,calibration
3368,fit
3369,test
3370,test
3371,fit
3372,fit
3373,fit
3374,fit
3375,fit
3376,test
3377,fit
3378,test
3379,fit
3380,fit
3381,fit
3382,fit
3383,fit
3384,calibration
3385,fit
3386,calibration
3387,test
3388,fit
3389,fit
3390,test
3391,fit
3392,fit
3393,test
3394,calibration
3395,fit
3396,fit
3397,fit
3398,fit
3399,test
3400,test
3401,fit
3402,fit
3403,fit
3404,fit
3405,calibration
3406,fit
3407,fit
3408,fit
3409,test
3410,fit
3411,fit
3412,calibration
3413,fit
3414,calibration
3415,fit
3416,fit
3417,fit
3418,calibration
3419,fit
3420,test
3421,fit
3422,fit
3423,test
3424,fit
3425,fit
3426,fit
3427,calibration
3428,fit
3429,fit
3430,fit
3431,calibration
3432,fit
3433,calibration
3434,fit
3435,calibration
3436,fit
3437,calibration
3438,fit
3439,test
3440,calibration
3441,fit
3442,fit
3443,fit
3444,fit
3445,fit
3446,fit
3447,calibration
3448,fit
3449,fit
3450,calibration
3451,fit
3452,test
3453,test
3454,fit
3455,fit
3456,fit
3457,fit
3458,test
3459,fit
3460,calibration
3461,calibration
3462,test
3463,fit
3464,fit
3465,test
3466,fit
3467,fit
3468,calibration
3469,test
3470,fit
3471,fit
3472,calibration
3473,test
3474,fit
3475,test
3476,fit
3477,calibration
3478,fit
3479,calibration
3480,fit
3481,fit
3482,fit
3483,fit
3484,calibration
3485,test
3486,test
3487,fit
3488,test
3489,fit
3490,fit
3491,calibration
3492,calibration
3493,calibration
3494,calibration
3495,test
3496,fit
3497,fit
3498,fit
3499,fit
3500,fit
3501,fit
3502,calibration
3503,fit
3504,test
3505,fit
3506,test
3507,fit
3508,fit
3509,fit
3510,fit
3511,fit
3512,fit
3513,calibration
3514,fit
3515,fit
3516,fit
3517,fit
3518,fit
3519,test
3520,test
3521,fit
3522,fit
3523,fit
3524,fit
3525,fit
3526,calibration
3527,calibration
3528,fit
3529,calibration
3530,fit
3531,calibration
3532,fit
3533,fit
3534,fit
3535,fit
3536,test
3537,calibration
3538,test
3539,calibration
3540,calibration
3541,fit
3542,test
3543,calibration
3544,calibration
3545,calibration
3546,calibration
3547,fit
3548,fit
3549,fit
3550,calibration
3551,fit
3552,test
3553,calibration
3554,fit
3555,fit
3556,fit
3557,fit
3558,fit
3559,calibration
3560,fit
3561,test
3562,fit
3563,fit
3564,fit
3565,calibration
3566,fit
3567,fit
3568,fit
3569,fit
3570,fit
3571,fit
3572,test
3573,calibration
3574,test
3575,fit
3576,fit
3577,calibration
3578,fit
3579,fit
3580,fit
3581,fit
3582,test
3583,calibration
3584,fit
3585,fit
3586,test
3587,fit
3588,fit
3589,fit
3590,calibration
3591,fit
3592,fit
3593,test
3594,test
3595,fit
3596,test
3597,test
3598,test
3599,fit
3600,fit
3601,calibration
3602,test
3603,fit
3604,test
3605,test
3606,fit
3607,fit
3608,fit
3609,fit
3610,fit
3611,test
3612,fit
3613,fit
3614,fit
3615,fit
3616,fit
3617,test
3618,test
3619,calibration
3620,fit
3621,fit
3622,test
3623,fit
3624,calibration
3625,fit
3626,test
3627,fit
3628,fit
3629,calibration
3630,fit
3631,test
3632,fit
3633,fit
3634,calibration
3635,fit
3636,test
3637,test
3638,test
3639,fit
3640,calibration
3641,fit
3642,fit
3643,fit
3644,fit
3645,fit
3646,fit
3647,fit
3648,calibration
3649,test
3650,fit
3651,fit
3652,fit
3653,fit
3654,fit
3655,fit
3656,test
3657,fit
3658,fit
3659,fit
3660,calibration
3661,fit
3662,fit
3663,fit
3664,fit
3665,calibration
3666,fit
3667,test
3668,fit
3669,fit
3670,calibration
3671,fit
3672,fit
3673,test
3674,fit
3675,calibration
3676,test
3677,fit
3678,fit
3679,fit
3680,fit
3681,fit
3682,fit
3683,test
3684,fit
3685,calibration
3686,fit
3687,calibration
3688,fit
3689,fit
3690,fit
3691,test
3692,fit
3693,fit
3694,fit
3695,test
3696,fit
3697,calibration
3698,fit
3699,fit
3700,calibration
3701,fit
3702,test
3703,test
3704,calibration
3705,fit
3706,fit
3707,test
3708,fit
3709,fit
3710,fit
3711,test
3712,test
3713,fit
3714,calibration
3715,fit
3716,calibration
3717,fit
3718,fit
3719,fit
3720,fit
3721,fit
3722,calibration
3723,test
3724,calibration
3725,fit
3726,fit
3727,fit
3728,fit
3729,test
3730,fit
3731,fit
3732,calibration
3733,calibration
3734,fit
3735,calibration
3736,fit
3737,fit
3738,test
3739,calibration
3740,calibration
3741,fit
3742,fit
3743,test
3744,fit
3745,fit
3746,fit
3747,test
3748,fit
3749,calibration
3750,calibration
3751,test
3752,test
3753,fit
3754,test
3755,fit
3756,fit
3757,fit
3758,fit
3759,fit
3760,fit
3761,test
3762,fit
3763,fit
3764,fit
3765,fit
3766,fit
3767,test
3768,fit
3769,fit
3770,fit
3771,fit
3772,fit
3773,fit
3774,calibration
3775,fit
3776,fit
3777,test
3778,test
3779,fit
3780,fit
3781,test
3782,fit
3783,fit
3784,test
3785,fit
3786,fit
3787,fit
3788,test
3789,calibration
3790,calibration
3791,fit
3792,fit
3793,fit
3794,fit
3795,fit
3796,fit
3797,test
3798,fit
3799,calibration
3800,calibration
3801,test
3802,fit
3803,fit
3804,calibration
3805,fit
3806,test
3807,fit
3808,fit
3809,fit
3810,fit
3811,fit
3812,fit
3813,fit
3814,fit
3815,fit
3816,fit
3817,fit
3818,fit
3819,fit
3820,fit
3821,calibration
3822,calibration
3823,test
3824,fit
3825,fit
3826,test
3827,calibration
3828,fit
3829,calibration
3830,fit
3831,fit
3832,fit
3833,fit
3834,test
3835,test
3836,test
3837,test
3838,test
3839,test
3840,fit
3841,fit
3842,fit
3843,calibration
3844,fit
3845,fit
3846,calibration
3847,fit
3848,fit
3849,fit
3850,calibration
3851,calibration
3852,fit
3853,fit
3854,calibration
3855,calibration
3856,calibration
3857,fit
3858,fit
3859,fit
3860,test
3861,test
3862,calibration
3863,fit
3864,fit
3865,fit
3866,test
3867,fit
3868,fit
3869,fit
3870,fit
3871,fit
3872,fit
3873,calibration
3874,test
3875,calibration
3876,fit
3877,calibration
3878,fit
3879,test
3880,calibration
3881,fit
3882,calibration
3883,fit
3884,fit
3885,fit
3886,fit
3887,test
3888,calibration
3889,calibration
3890,fit
3891,fit
3892,fit
3893,fit
3894,fit
3895,fit
3896,fit
3897,fit
3898,fit
3899,calibration
3900,fit
3901,fit
3902,calibration
3903,calibration
3904,fit
3905,fit
3906,fit
3907,fit
3908,fit
3909,fit
3910,test
3911,fit
3912,fit
3913,fit
3914,fit
3915,fit
3916,fit
3917,test
3918,test
3919,test
3920,calibration
3921,fit
3922,fit
3923,fit
3924,calibration
3925,test
3926,fit
3927,calibration
3928,fit
3929,fit
3930,fit
3931,fit
3932,calibration
3933,fit
3934,fit
3935,fit
3936,fit
3937,fit
3938,fit
3939,test
3940,calibration
3941,fit
3942,fit
3943,test
3944,fit
3945,test
3946,test
3947,fit
3948,test
3949,fit
3950,calibration
3951,fit
3952,fit
3953,fit
3954,fit
3955,calibration
3956,test
3957,fit
3958,fit
3959,test
3960,fit
3961,fit
3962,fit
3963,test
3964,fit
3965,calibration
3966,fit
3967,calibration
3968,fit
3969,calibration
3970,calibration
3971,test
3972,calibration
3973,fit
3974,calibration
3975,test
3976,fit
3977,fit
3978,fit
3979,calibration
3980,fit
3981,fit
3982,fit
3983,test
3984,fit
3985,calibration
3986,test
3987,fit
3988,calibration
3989,fit
3990,test
3991,fit
3992,fit
3993,test
3994,fit
3995,fit
3996,fit
3997,fit
3998,calibration
3999,fit
4000,test
4001,calibration
4002,fit
4003,test
4004,calibration
4005,fit
4006,calibration
4007,fit
4008,fit
4009,test
4010,fit
4011,fit
4012,test
4013,test
4014,calibration
4015,fit
4016,calibration
4017,calibration
4018,calibration
4019,fit
4020,fit
4021,fit
4022,test
4023,test
4024,fit
4025,fit
4026,fit
4027,fit
4028,calibration
4029,test
4030,fit
4031,fit
4032,fit
4033,fit
4034,fit
4035,fit
4036,test
4037,calibration
4038,test
4039,fit
4040,fit
4041,fit
4042,fit
4043,test
4044,fit
4045,fit
4046,calibration
4047,fit
4048,fit
4049,fit
4050,test
4051,fit
4052,fit
4053,fit
4054,calibration
4055,calibration
4056,calibration
4057,test
4058,fit
4059,calibration
4060,test
4061,fit
4062,calibration
4063,fit
4064,test
4065,calibration
4066,fit
4067,fit
4068,fit
4069,calibration
4070,fit
4071,fit
4072,test
4073,fit
4074,fit
4075,fit
4076,fit
4077,fit
4078,test
4079,test
4080,fit
4081,test
4082,calibration
4083,fit
4084,fit
4085,fit
4086,fit
4087,calibration
4088,fit
4089,fit
4090,fit
4091,fit
4092,fit
4093,test
4094,test
4095,calibration
4096,test
4097,fit
4098,fit
4099,fit
4100,fit
4101,fit
4102,fit
4103,calibration
4104,calibration
4105,test
4106,calibration
4107,fit
4108,test
4109,fit
4110,calibration
4111,test
4112,test
4113,fit
4114,fit
4115,fit
4116,calibration
4117,fit
4118,test
4119,calibration
4120,calibration
4121,calibration
4122,fit
4123,test
4124,fit
4125,fit
4126,fit
4127,calibration
4128,fit
4129,test
4130,calibration
4131,fit
4132,test
4133,test
4134,fit
4135,fit
4136,test
4137,fit
4138,fit
4139,fit
4140,test
4141,fit
4142,test
4143,fit
4144,fit
4145,calibration
4146,fit
4147,fit
4148,fit
4149,test
4150,test
4151,fit
4152,fit
4153,fit
4154,fit
4155,test
4156,test
4157,fit
4158,fit
4159,test
4160,fit
4161,fit
4162,fit
4163,calibration
4164,calibration
4165,fit
4166,fit
4167,fit
4168,test
4169,fit
4170,fit
4171,fit
4172,test
4173,test
4174,calibration
4175,fit
4176,test
4177,fit
4178,fit
4179,fit
4180,fit
4181,test
4182,fit
4183,fit
4184,test
4185,fit
4186,calibration
4187,fit
4188,fit
4189,fit
4190,fit
4191,calibration
4192,calibration
4193,fit
4194,fit
4195,calibration
4196,calibration
4197,test
4198,calibration
4199,fit
4200,fit
4201,test
4202,fit
4203,fit
4204,fit
4205,fit
4206,fit
4207,fit
4208,fit
4209,calibration
4210,fit
4211,calibration
4212,fit
4213,calibration
4214,fit
4215,test
4216,test
4217,calibration
4218,fit
4219,fit
4220,calibration
4221,fit
4222,fit
4223,fit
4224,calibration
4225,fit
4226,fit
4227,calibration
4228,fit
4229,fit
4230,fit
4231,calibration
4232,calibration
4233,calibration
4234,fit
4235,fit
4236,fit
4237,fit
4238,fit
4239,calibration
4240,fit
4241,fit
4242,fit
4243,test
4244,fit
4245,fit
4246,fit
4247,fit
4248,calibration
4249,calibration
4250,fit
4251,fit
4252,test
4253,calibration
4254,fit
4255,test
4256,fit
4257,test
4258,fit
4259,fit
4260,test
4261,test
4262,fit
4263,fit
4264,test
4265,calibration
4266,fit
4267,fit
4268,calibration
4269,calibration
4270,fit
4271,calibration
4272,test
4273,calibration
4274,calibration
4275,fit
4276,fit
4277,fit
4278,fit
4279,fit
4280,fit
4281,fit
4282,fit
4283,test
4284,fit
4285,fit
4286,fit
4287,fit
4288,fit
4289,calibration
4290,calibration
4291,fit
4292,fit
4293,fit
4294,fit
4295,fit
4296,fit
4297,fit
4298,calibration
4299,fit
4300,fit
4301,fit
4302,test
4303,fit
4304,test
4305,calibration
4306,test
4307,calibration
4308,fit
4309,calibration
4310,fit
4311,test
4312,test
4313,fit
4314,calibration
4315,fit
4316,fit
4317,calibration
4318,test
4319,calibration
4320,calibration
4321,fit
4322,fit
4323,fit
4324,test
4325,fit
4326,fit
4327,fit
4328,test
4329,fit
4330,calibration
4331,fit
4332,test
4333,calibration
4334,test
4335,test
4336,fit
4337,fit
4338,calibration
4339,fit
4340,fit
4341,fit
4342,fit
4343,fit
4344,test
4345,test
4346,calibration
4347,test
4348,test
4349,fit
4350,fit
4351,fit
4352,fit
4353,fit
4354,calibration
4355,calibration
4356,calibration
4357,fit
4358,calibration
4359,fit
4360,test
4361,calibration
4362,calibration
4363,fit
4364,calibration
4365,calibration
4366,fit
4367,fit
4368,fit
4369,fit
4370,fit
4371,fit
4372,fit
4373,test
4374,calibration
4375,fit
4376,fit
4377,fit
4378,calibration
4379,calibration
4380,test
4381,calibration
4382,calibration
4383,fit
4384,fit
4385,fit
4386,fit
4387,fit
4388,fit
4389,calibration
4390,fit
4391,fit
4392,fit
4393,test
4394,test
4395,fit
4396,fit
4397,test
4398,fit
4399,calibration
4400,fit
4401,fit
4402,test
4403,calibration
4404,fit
4405,fit
4406,fit
4407,calibration
4408,calibration
4409,test
4410,fit
4411,fit
4412,calibration
4413,fit
4414,test
4415,calibration
4416,test
4417,calibration
4418,test
4419,calibration
4420,fit
4421,fit
4422,calibration
4423,test
4424,test
4425,calibration
4426,test
4427,fit
4428,fit
4429,fit
4430,fit
4431,fit
4432,test
4433,fit
4434,test
4435,fit
4436,fit
4437,calibration
4438,fit
4439,test
4440,test
4441,calibration
4442,fit
4443,calibration
4444,fit
4445,fit
4446,fit
4447,fit
4448,fit
4449,test
4450,test
4451,test
4452,calibration
4453,calibration
4454,calibration
4455,test
4456,fit
4457,fit
4458,fit
4459,fit
4460,fit
4461,fit
4462,calibration
4463,test
4464,test
4465,test
4466,test
4467,test
4468,test
4469,test
4470,calibration
4471,fit
4472,fit
4473,fit
4474,fit
4475,fit
4476,fit
4477,fit
4478,fit
4479,fit
4480,test
4481,fit
4482,fit
4483,fit
4484,fit
4485,fit
4486,fit
4487,calibration
4488,fit
4489,fit
4490,test
4491,fit
4492,calibration
4493,fit
4494,test
4495,fit
4496,test
4497,calibration
4498,test
4499,calibration
4500,fit
4501,fit
4502,fit
4503,test
4504,fit
4505,test
4506,test
4507,test
4508,fit
4509,fit
4510,fit
4511,calibration
4512,calibration
4513,fit
4514,fit
4515,fit
4516,fit
4517,test
4518,fit
4519,fit
4520,test
4521,test
4522,fit
4523,test
4524,test
4525,test
4526,fit
4527,fit
4528,test
4529,test
4530,fit
4531,fit
4532,calibration
4533,calibration
4534,fit
4535,fit
4536,fit
4537,test
4538,fit
4539,fit
4540,fit
4541,test
4542,fit
4543,calibration
4544,fit
4545,fit
4546,test
4547,test
4548,fit
4549,fit
4550,fit
4551,fit
4552,fit
4553,test
4554,fit
4555,fit
4556,calibration
4557,fit
4558,fit
4559,test
4560,fit
4561,fit
4562,fit
4563,fit
4564,test
4565,test
4566,fit
4567,test
4568,fit
4569,fit
4570,fit
4571,fit
4572,calibration
4573,calibration
4574,fit
4575,fit
4576,fit
4577,fit
4578,test
4579,fit
4580,calibration
4581,fit
4582,fit
4583,fit
4584,calibration
4585,fit
4586,fit
4587,test
4588,test
4589,test
4590,test
4591,test
4592,test
4593,calibration
4594,fit
4595,fit
4596,fit
4597,test
4598,test
4599,test
4600,fit
4601,fit
4602,fit
4603,calibration
4604,fit
4605,test
4606,calibration
4607,fit
4608,fit
4609,fit
4610,calibration
4611,calibration
4612,fit
4613,calibration
4614,calibration
4615,fit
4616,test
4617,fit
4618,fit
4619,fit
4620,fit
4621,test
4622,fit
4623,fit
4624,fit
4625,fit
4626,fit
4627,fit
4628,fit
4629,fit
4630,test
4631,calibration
4632,fit
4633,calibration
4634,test
4635,test
4636,calibration
4637,fit
4638,fit
4639,test
4640,fit
4641,test
4642,fit
4643,test
4644,fit
4645,fit
4646,test
4647,test
4648,fit
4649,calibration
4650,test
4651,fit
4652,fit
4653,fit
4654,fit
4655,fit
4656,calibration
4657,test
4658,test
4659,calibration
4660,calibration
4661,fit
4662,fit
4663,fit
4664,test
4665,fit
4666,fit
4667,test
4668,fit
4669,test
4670,fit
4671,test
4672,calibration
4673,calibration
4674,calibration
4675,fit
4676,fit
4677,fit
4678,fit
4679,fit
4680,fit
4681,fit
4682,fit
4683,fit
4684,fit
4685,test
4686,fit
4687,fit
4688,fit
4689,fit
4690,test
4691,fit
4692,fit
4693,fit
4694,fit
4695,fit
4696,fit
4697,fit
4698,fit
4699,test
4700,calibration
4701,test
4702,fit
4703,fit
4704,fit
4705,fit
4706,calibration
4707,fit
4708,fit
4709,fit
4710,fit
4711,test
4712,fit
4713,fit
4714,fit
4715,fit
4716,test
4717,test
4718,fit
4719,fit
4720,fit
4721,fit
4722,fit
4723,fit
4724,fit
4725,fit
4726,fit
4727,fit
4728,fit
4729,fit
4730,fit
4731,fit
4732,fit
4733,fit
4734,fit
4735,fit
4736,fit
4737,test
4738,fit
4739,fit
4740,fit
4741,fit
4742,calibration
4743,fit
4744,fit
4745,test
4746,fit
4747,calibration
4748,test
4749,calibration
4750,fit
4751,fit
4752,fit
4753,fit
4754,calibration
4755,fit
4756,fit
4757,fit
4758,fit
4759,fit
4760,test
4761,fit
4762,fit
4763,fit
4764,test
4765,fit
4766,fit
4767,fit
4768,fit
4769,test
4770,fit
4771,fit
4772,test
4773,test
4774,test
4775,fit
4776,calibration
4777,fit
4778,fit
4779,test
4780,test
4781,fit
4782,test
4783,fit
4784,calibration
4785,fit
4786,fit
4787,fit
4788,fit
4789,fit
4790,fit
4791,fit
4792,fit
4793,test
4794,fit
4795,calibration
4796,calibration
4797,calibration
4798,test
4799,calibration
4800,fit
4801,test
4802,calibration
4803,test
4804,fit
4805,fit
4806,fit
4807,calibration
4808,test
4809,fit
4810,test
4811,test
4812,test
4813,fit
4814,fit
4815,fit
4816,fit
4817,fit
4818,calibration
4819,test
4820,calibration
4821,fit
4822,calibration
4823,calibration
4824,calibration
4825,fit
4826,calibration
4827,fit
4828,fit
4829,calibration
4830,calibration
4831,calibration
4832,fit
4833,fit
4834,fit
4835,test
4836,fit
4837,fit
4838,fit
4839,test
4840,test
4841,test
4842,fit
4843,test
4844,fit
4845,calibration
4846,calibration
4847,fit
4848,fit
4849,fit
4850,fit
4851,fit
4852,fit
4853,fit
4854,fit
4855,fit
4856,calibration
4857,fit
4858,fit
4859,fit
4860,fit
4861,fit
4862,fit
4863,test
4864,fit
4865,fit
4866,calibration
4867,test
4868,fit
4869,fit
4870,fit
4871,calibration
4872,calibration
4873,test
4874,fit
4875,calibration
4876,calibration
4877,fit
4878,fit
4879,fit
4880,fit
4881,fit
4882,fit
4883,test
4884,fit
4885,fit
4886,calibration
4887,fit
4888,fit
4889,fit
4890,test
4891,fit
4892,test
4893,calibration
4894,fit
4895,fit
4896,test
4897,test
4898,fit
4899,fit
4900,test
4901,calibration
4902,calibration
4903,calibration
4904,fit
4905,fit
4906,test
4907,fit
4908,fit
4909,test
4910,test
4911,fit
4912,calibration
4913,test
4914,fit
4915,fit
4916,calibration
4917,fit
4918,test
4919,test
4920,test
4921,test
4922,fit
4923,calibration
4924,calibration
4925,calibration
4926,fit
4927,test
4928,test
4929,calibration
4930,calibration
4931,test
4932,calibration
4933,fit
4934,fit
4935,test
4936,fit
4937,fit
4938,calibration
4939,fit
4940,fit
4941,fit
4942,fit
4943,calibration
4944,fit
4945,calibration
4946,fit
4947,fit
4948,fit
4949,fit
4950,fit
4951,test
4952,fit
4953,test
4954,fit
4955,test
4956,fit
4957,fit
4958,fit
4959,test
4960,calibration
4961,fit
4962,fit
4963,fit
4964,fit
4965,fit
4966,fit
4967,calibration
4968,fit
4969,calibration
4970,calibration
4971,test
4972,test
4973,fit
4974,calibration
4975,fit
4976,fit
4977,test
4978,fit
4979,test
4980,fit
4981,fit
4982,fit
4983,fit
4984,test
4985,fit
4986,fit
4987,test
4988,fit
4989,fit
4990,fit
4991,fit
4992,fit
4993,calibration
4994,fit
4995,fit
4996,fit
4997,fit
4998,calibration
4999,fit
5000,test
5001,test
5002,fit
5003,fit
5004,test
5005,fit
5006,fit
5007,fit
5008,test
5009,test
5010,fit
5011,fit
5012,test
5013,fit
5014,test
5015,calibration
5016,fit
5017,fit
5018,fit
5019,fit
5020,fit
5021,fit
5022,fit
5023,test
5024,calibration
5025,test
5026,fit
5027,fit
5028,test
5029,fit
5030,test
5031,fit
5032,fit
5033,test
5034,fit
5035,fit
5036,fit
5037,fit
5038,fit
5039,fit
5040,calibration
5041,fit
5042,test
5043,test
5044,fit
5045,fit
5046,fit
5047,fit
5048,test
5049,fit
5050,fit
5051,test
5052,calibration
5053,test
5054,calibration
5055,test
5056,calibration
5057,calibration
5058,test
5059,fit
5060,calibration
5061,test
5062,calibration
5063,fit
5064,fit
5065,calibration
5066,fit
5067,fit
5068,test
5069,calibration
5070,fit
5071,fit
5072,test
5073,test
5074,fit
5075,fit
5076,calibration
5077,fit
5078,fit
5079,fit
5080,fit
5081,fit
5082,fit
5083,fit
5084,calibration
5085,fit
5086,calibration
5087,test
5088,test
5089,test
5090,fit
5091,fit
5092,fit
5093,test
5094,fit
5095,fit
5096,fit
5097,fit
5098,calibration
5099,calibration
5100,calibration
5101,fit
5102,calibration
5103,fit
5104,calibration
5105,fit
5106,fit
5107,calibration
5108,fit
5109,calibration
5110,calibration
5111,fit
5112,fit
5113,fit
5114,fit
5115,fit
5116,fit
5117,calibration
5118,test
5119,calibration
5120,fit
5121,calibration
5122,fit
5123,fit
5124,fit
5125,test
5126,test
5127,fit
5128,test
5129,fit
5130,fit
5131,fit
5132,calibration
5133,calibration
5134,fit
5135,fit
5136,fit
5137,calibration
5138,fit
5139,calibration
5140,fit
5141,fit
5142,fit
5143,test
5144,fit
5145,fit
5146,test
5147,fit
5148,fit
5149,test
5150,test
5151,fit
5152,fit
5153,fit
5154,fit
5155,calibration
5156,fit
5157,fit
5158,calibration
5159,test
5160,fit
5161,fit
5162,fit
5163,fit
5164,test
5165,fit
5166,test
5167,calibration
5168,fit
5169,fit
5170,fit
5171,fit
5172,test
5173,calibration
5174,fit
5175,fit
5176,fit
5177,fit
5178,calibration
5179,fit
5180,fit
5181,calibration
5182,calibration
5183,calibration
5184,fit
5185,fit
5186,fit
5187,fit
5188,calibration
5189,calibration
5190,calibration
5191,fit
5192,test
5193,test
5194,calibration
5195,fit
5196,test
5197,calibration
5198,fit
5199,test
5200,fit
5201,test
5202,calibration
5203,fit
5204,fit
5205,fit
5206,fit
5207,calibration
5208,fit
5209,fit
5210,calibration
5211,test
5212,test
5213,fit
5214,fit
5215,calibration
5216,fit
5217,calibration
5218,fit
5219,fit
5220,fit
5221,test
5222,fit
5223,fit
5224,test
5225,fit
5226,calibration
5227,fit
5228,fit
5229,calibration
5230,fit
5231,fit
5232,test
5233,fit
5234,fit
5235,calibration
5236,fit
5237,calibration
5238,fit
5239,calibration
5240,fit
5241,test
5242,fit
5243,fit
5244,calibration
5245,fit
5246,calibration
5247,test
5248,test
5249,fit
5250,calibration
5251,calibration
5252,calibration
5253,calibration
5254,fit
5255,fit
5256,calibration
5257,test
5258,calibration
5259,test
5260,calibration
5261,test
5262,test
5263,fit
5264,fit
5265,fit
5266,test
5267,test
5268,test
5269,fit
5270,fit
5271,calibration
5272,calibration
5273,calibration
5274,fit
5275,calibration
5276,fit
5277,fit
5278,fit
5279,test
5280,calibration
5281,fit
5282,fit
5283,test
5284,fit
5285,calibration
5286,test
5287,fit
5288,fit
5289,fit
5290,fit
5291,test
5292,fit
5293,fit
5294,fit
5295,calibration
5296,calibration
5297,calibration
5298,fit
5299,fit
5300,fit
5301,fit
5302,test
5303,fit
5304,test
5305,fit
5306,test
5307,test
5308,calibration
5309,calibration
5310,fit
5311,fit
5312,fit
5313,calibration
5314,test
5315,calibration
5316,fit
5317,fit
5318,test
5319,calibration
5320,calibration
5321,fit
5322,fit
5323,fit
5324,test
5325,fit
5326,calibration
5327,fit
5328,calibration
5329,test
5330,fit
5331,fit
5332,test
5333,fit
5334,calibration
5335,fit
5336,fit
5337,fit
5338,calibration
5339,calibration
5340,test
5341,test
5342,calibration
5343,test
5344,test
5345,calibration
5346,fit
5347,fit
5348,fit
5349,fit
5350,fit
5351,fit
5352,fit
5353,calibration
5354,fit
5355,fit
5356,test
5357,fit
5358,fit
5359,test
5360,fit
5361,fit
5362,fit
5363,fit
5364,calibration
5365,fit
5366,calibration
5367,test
5368,test
5369,test
5370,fit
5371,test
5372,calibration
5373,fit
5374,fit
5375,test
5376,calibration
5377,calibration
5378,test
5379,fit
5380,calibration
5381,fit
5382,fit
5383,fit
5384,fit
5385,calibration
5386,fit
5387,test
5388,test
5389,test
5390,fit
5391,test
5392,calibration
5393,fit
5394,test
5395,fit
5396,fit
5397,test
5398,calibration
5399,calibration
5400,test
5401,fit
5402,fit
5403,calibration
5404,fit
5405,test
5406,calibration
5407,fit
5408,fit
5409,fit
5410,test
5411,calibration
5412,fit
5413,fit
5414,test
5415,calibration
5416,calibration
5417,test
5418,fit
5419,fit
5420,calibration
5421,fit
5422,fit
5423,fit
5424,fit
5425,calibration
5426,test
5427,fit
5428,fit
5429,fit
5430,calibration
5431,fit
5432,calibration
5433,test
5434,fit
5435,calibration
5436,calibration
5437,fit
5438,calibration
5439,calibration
5440,calibration
5441,test
5442,fit
5443,test
5444,calibration
5445,fit
5446,test
5447,fit
5448,fit
5449,fit
5450,fit
5451,fit
5452,fit
5453,fit
5454,fit
5455,test
5456,fit
5457,fit
5458,fit
5459,fit
5460,test
5461,fit
5462,fit
5463,fit
5464,fit
5465,fit
5466,fit
5467,calibration
5468,calibration
5469,calibration
5470,fit
5471,fit
5472,calibration
5473,fit
5474,fit
5475,fit
5476,test
5477,calibration
5478,test
5479,fit
5480,fit
5481,fit
5482,fit
5483,calibration
5484,fit
5485,fit
5486,test
5487,test
5488,fit
5489,fit
5490,test
5491,calibration
5492,fit
5493,fit
5494,calibration
5495,fit
5496,fit
5497,calibration
5498,test
5499,fit
5500,fit
5501,test
5502,fit
5503,calibration
5504,fit
5505,fit
5506,fit
5507,fit
5508,fit
5509,fit
5510,fit
5511,fit
5512,calibration
5513,calibration
5514,fit
5515,calibration
5516,fit
5517,test
5518,fit
5519,calibration
5520,calibration
5521,fit
5522,fit
5523,fit
5524,fit
5525,fit
5526,fit
5527,calibration
5528,fit
5529,calibration
5530,fit
5531,test
5532,calibration
5533,fit
5534,test
5535,test
5536,fit
5537,calibration
5538,calibration
5539,fit
5540,fit
5541,calibration
5542,test
5543,calibration
5544,fit
5545,calibration
5546,test
5547,test
5548,test
5549,test
5550,fit
5551,calibration
5552,calibration
5553,test
5554,fit
5555,fit
5556,calibration
5557,fit
5558,test
5559,test
5560,fit
5561,calibration
5562,fit
5563,calibration
5564,fit
5565,fit
5566,fit
5567,calibration
5568,test
5569,fit
5570,test
5571,fit
5572,fit
5573,fit
5574,test
5575,fit
5576,fit
5577,fit
5578,fit
5579,calibration
5580,fit
5581,fit
5582,calibration
5583,fit
5584,test
5585,fit
5586,fit
5587,calibration
5588,fit
5589,fit
5590,test
5591,test
5592,calibration
5593,fit
5594,calibration
5595,test
5596,fit
5597,fit
5598,fit
5599,test
5600,calibration
5601,fit
5602,calibration
5603,fit
5604,fit
5605,test
5606,fit
5607,calibration
5608,fit
5609,fit
5610,calibration
5611,fit
5612,fit
5613,calibration
5614,fit
5615,test
5616,test
5617,test
5618,fit
5619,fit
5620,fit
5621,fit
5622,fit
5623,fit
5624,fit
5625,test
5626,calibration
5627,test
5628,fit
5629,calibration
5630,fit
5631,test
5632,fit
5633,fit
5634,test
5635,test
5636,test
5637,test
5638,calibration
5639,fit
5640,fit
5641,fit
5642,calibration
5643,calibration
5644,fit
5645,test
5646,fit
5647,calibration
5648,fit
5649,fit
5650,calibration
5651,test
5652,fit
5653,fit
5654,fit
5655,fit
5656,calibration
5657,fit
5658,fit
5659,calibration
5660,calibration
5661,fit
5662,fit
5663,fit
5664,calibration
5665,calibration
5666,fit
5667,calibration
5668,calibration
5669,fit
5670,fit
5671,calibration
5672,fit
5673,calibration
5674,test
5675,fit
5676,fit
5677,fit
5678,fit
5679,fit
5680,fit
5681,fit
5682,fit
5683,test
5684,calibration
5685,fit
5686,fit
5687,fit
5688,fit
5689,fit
5690,calibration
5691,test
5692,test
5693,fit
5694,fit
5695,fit
5696,fit
5697,fit
5698,test
5699,test
5700,calibration
5701,fit
5702,fit
5703,fit
5704,test
5705,fit
5706,fit
5707,fit
5708,fit
5709,fit
5710,calibration
5711,calibration
5712,fit
5713,calibration
5714,fit
5715,fit
5716,calibration
5717,calibration
5718,fit
5719,fit
5720,calibration
5721,fit
5722,calibration
5723,test
5724,test
5725,fit
5726,fit
5727,fit
5728,calibration
5729,fit
5730,test
5731,calibration
5732,fit
5733,fit
5734,test
5735,fit
5736,fit
5737,fit
5738,fit
5739,fit
5740,fit
5741,fit
5742,fit
5743,test
5744,calibration
5745,fit
5746,calibration
5747,fit
5748,fit
5749,fit
5750,fit
5751,fit
5752,test
5753,fit
5754,fit
5755,fit
5756,fit
5757,fit
5758,test
5759,test
5760,fit
5761,calibration
5762,fit
5763,fit
5764,test
5765,fit
5766,calibration
5767,calibration
5768,test
5769,test
5770,fit
5771,calibration
5772,calibration
5773,fit
5774,fit
5775,test
5776,fit
5777,calibration
5778,fit
5779,test
5780,calibration
5781,test
5782,fit
5783,fit
5784,calibration
5785,fit
5786,test
5787,fit
5788,test
5789,calibration
5790,calibration
5791,fit
5792,calibration
5793,calibration
5794,fit
5795,calibration
5796,fit
5797,test
5798,fit
5799,test
5800,calibration
5801,fit
5802,calibration
5803,fit
5804,fit
5814,test
5815,calibration
5816,fit
5817,test
5818,fit
5819,fit
5820,fit
5821,fit
5822,fit
5823,fit
5824,test
5825,fit
5826,fit
5827,test
5828,fit
5829,calibration
5830,calibration
5831,test
5832,calibration
5833,fit
5834,fit
5835,calibration
5836,calibration
5837,calibration
5838,calibration
5839,test
5840,fit
5841,fit
5842,fit
5843,fit
5844,fit
5845,calibration
5846,test
5847,calibration
5848,calibration
5849,calibration
5850,fit
5851,fit
5852,fit
5853,fit
5854,fit
5855,fit
5856,calibration
5857,calibration
5858,calibration
5859,test
5860,fit
5861,fit
5862,test
5863,fit
5864,fit
5865,fit
5866,calibration
5868,fit
5869,fit
5870,fit
5872,fit
5873,fit
5874,fit
5875,test
5876,test
5877,test
5878,test
5879,fit
5880,fit
5881,fit
5882,fit
5883,fit
5884,calibration
5885,fit
5886,fit
5887,calibration
5888,test
5889,fit
5890,calibration
5891,fit
5892,fit
5893,test
5894,fit
5895,fit
5896,fit
5897,fit
5898,fit
5899,test
5900,fit
5901,fit
5902,fit
5903,fit
5904,calibration
5905,fit
5906,calibration
5907,test
5908,calibration
5909,test
5910,fit
5911,fit
5912,fit
5913,fit
5914,test
5915,fit
5916,calibration
5917,test
5918,fit
5919,calibration
5920,calibration
5921,fit
5922,test
5923,test
5924,calibration
5925,fit
5926,test
5927,fit
5928,fit
5929,fit
5930,calibration
5931,fit
5932,fit
5933,fit
5934,fit
5935,test
5936,fit
5937,fit
5938,fit
5939,fit
5940,fit
5941,fit
5942,fit
5943,fit
5944,fit
5945,fit
5946,fit
5947,fit
5948,fit
5949,calibration
5950,test
5951,fit
5952,test
5953,fit
5954,test
5955,fit
5956,fit
5957,test
5958,fit
5959,fit
5960,calibration
5961,fit
5962,fit
5963,fit
5964,fit
5965,calibration
5966,fit
5969,calibration
5970,fit
5971,test
5972,fit
5973,fit
5974,fit
5975,fit
5976,test
5977,fit
5978,test
5979,fit
5980,test
5981,fit
5982,fit
5983,fit
5984,test
5985,fit
5986,fit
5987,fit
5988,fit
5989,calibration
5990,calibration
5991,fit
5992,calibration
5993,fit
5994,calibration
5995,test
5996,calibration
5997,fit
5998,fit
5999,calibration
6000,test
6001,test
6002,fit
6003,fit
6004,fit
6005,test
6006,calibration
6007,fit
6008,test
6009,calibration
6010,calibration
6011,fit
6012,fit
6013,fit
6014,fit
6015,fit
6016,test
6017,fit
6018,fit
6019,fit
6020,test
6021,test
6022,fit
6023,calibration
6024,fit
6025,fit
6026,fit
6027,calibration
6028,test
6029,fit
6030,fit
6031,fit
6032,calibration
6033,fit
6034,fit
6035,fit
6036,fit
6037,calibration
6038,fit
6039,fit
6040,fit
6041,test
6042,fit
6043,calibration
6044,fit
6045,test
6046,fit
6047,fit
6048,fit
6049,fit
6050,fit
6051,calibration
6052,fit
6053,calibration
6054,fit
6055,fit
6056,calibration
6057,fit
6059,fit
6060,calibration
6061,fit
6062,fit
6063,fit
6064,fit
6065,fit
6066,fit
6067,fit
6068,calibration
6069,test
6070,fit
6071,test
6072,fit
6073,fit
6074,fit
6075,calibration
6076,test
6077,fit
6078,calibration
6079,fit
6080,calibration
6081,fit
6082,fit
6083,calibration
6084,test
6085,fit
6086,fit
6087,fit
6088,fit
6089,fit
6090,calibration
6091,fit
6092,test
6093,test
6094,test
6095,fit
6096,test
6097,fit
6098,fit
6099,fit
6100,test
6101,test
6102,fit
6103,fit
6104,fit
6105,fit
6106,test
6107,calibration
6108,calibration
6109,fit
6110,fit
6111,fit
6112,fit
6113,fit
6114,fit
6115,fit
6116,fit
6117,calibration
6118,calibration
6119,fit
6120,fit
6121,fit
6122,test
6123,fit
6124,calibration
6125,test
6126,fit
6127,fit
6128,fit
6129,fit
6130,fit
6131,fit
6132,fit
6133,calibration
6134,fit
6135,fit
6136,fit
6137,fit
6138,calibration
6139,fit
6140,test
6141,test
6142,test
6143,fit
6144,test
6145,fit
6146,calibration
6147,fit
6148,test
6149,fit
6150,calibration
6151,fit
6152,calibration
6153,calibration
6154,calibration
6155,fit
6156,fit
6157,fit
6158,test
6159,test
6160,fit
6161,fit
6162,test
6163,calibration
6164,fit
6165,calibration
6166,test
6167,fit
6168,fit
6169,fit
6170,calibration
6171,fit
6172,fit
6173,fit
6174,fit
6175,fit
6176,calibration
6177,fit
6178,fit
6179,fit
6180,test
6181,fit
6182,fit
6183,fit
6184,calibration
6185,fit
6186,fit
6187,fit
6188,fit
6189,fit
6190,fit
6191,calibration
6192,fit
6193,test
6194,fit
6195,calibration
6196,calibration
6197,fit
6198,fit
6199,fit
6200,fit
6201,fit
6202,test
6203,test
6204,test
6205,test
6206,fit
6207,calibration
6208,fit
6209,fit
6210,calibration
6211,test
6212,fit
6213,fit
6214,calibration
6215,fit
6216,fit
6217,fit
6218,test
6219,fit
6220,calibration
6221,fit
6222,fit
6223,calibration
6224,fit
6225,fit
6226,fit
6227,fit
6228,fit
6229,calibration
6230,fit
6231,test
6232,fit
6233,test
6234,calibration
6235,fit
6236,test
6237,test
6238,fit
6239,test
6240,calibration
6241,calibration
6242,fit
6243,test
6244,fit
6245,test
6246,test
6247,test
6248,calibration
6249,fit
6250,fit
6251,calibration
6252,test
6253,fit
6254,calibration
6255,test
6256,fit
6257,fit
6258,fit
6259,fit
6260,fit
6261,fit
6262,calibration
6263,fit
6264,fit
6265,fit
6266,calibration
6267,calibration
6268,fit
6269,fit
6270,fit
6271,fit
6272,fit
6273,fit
6274,calibration
6275,fit
6276,fit
6277,fit
6278,fit
6279,calibration
6280,test
6281,calibration
6282,calibration
6283,fit
6284,calibration
6285,fit
6286,fit
6287,fit
6288,fit
6289,fit
6290,fit
6291,fit
6292,fit
6293,test
6294,fit
6295,test
6296,test
6297,fit
6298,calibration
6299,fit
6300,calibration
6301,test
6302,calibration
6303,calibration
6304,test
6305,fit
6306,fit
6307,calibration
6308,fit
6309,calibration
6310,fit
6311,fit
6312,calibration
6313,fit
6314,fit
6315,fit
6316,fit
6317,calibration
6318,fit
6319,fit
6320,fit
6321,fit
6322,fit
6323,fit
6324,test
6325,fit
6326,calibration
6327,fit
6328,fit
6329,fit
6330,fit
6331,fit
6332,fit
6333,fit
6334,test
6335,fit
6336,calibration
6337,calibration
6338,fit
6339,fit
6340,fit
6341,calibration
6342,calibration
6343,fit
6344,fit
6345,fit
6346,fit
6347,fit
6348,fit
6349,calibration
6350,calibration
6351,calibration
6352,fit
6353,fit
6354,calibration
6355,calibration
6356,fit
6357,fit
6358,calibration
6359,fit
6360,fit
6361,calibration
6362,calibration
6363,test
6364,fit
6365,test
6366,test
6367,calibration
6368,fit
6369,fit
6370,fit
6371,fit
6372,fit
6373,fit
6374,fit
6375,fit
6376,fit
6377,fit
6378,fit
6379,fit
6380,fit
6381,fit
6382,fit
6383,fit
6384,calibration
6385,fit
6386,fit
6387,test
6388,fit
6389,test
6390,calibration
6391,fit
6392,fit
6393,fit
6394,fit
6395,fit
6396,fit
6397,test
6398,fit
6399,calibration
6400,calibration
6401,fit
6402,test
6403,fit
6404,test
6405,fit
6406,test
6407,calibration
6408,fit
6409,fit
6410,fit
6411,calibration
6412,fit
6413,fit
6414,calibration
6415,fit
6416,fit
6417,fit
6418,calibration
6419,fit
6420,fit
6421,fit
6422,fit
6423,test
6424,fit
6425,fit
6426,test
6427,fit
6428,fit
6429,test
6430,calibration
6431,calibration
6432,fit
6433,calibration
6434,test
6435,calibration
6436,fit
6437,fit
6438,fit
6439,test
6440,calibration
6441,calibration
6442,fit
6443,test
6444,calibration
6445,fit
6446,fit
6447,test
6448,fit
6449,fit
6450,fit
6451,test
6452,fit
6453,test
6454,calibration
6455,test
6456,fit
6457,fit
6458,fit
6459,fit
6460,calibration
6461,test
6462,test
6463,test
6464,test
6465,fit
6466,fit
6467,fit
6468,fit
6469,calibration
6470,test
6471,calibration
6472,calibration
6473,test
6474,fit
6475,fit
6476,calibration
6477,fit
6478,fit
6479,fit
6480,fit
6481,fit
6482,fit
6483,fit
6484,fit
6485,calibration
6486,fit
6487,fit
6488,fit
6489,calibration
6490,test
6491,test
6492,fit
6493,fit
6494,fit
6495,fit
6496,calibration
6497,fit
6498,fit
6499,fit
6500,calibration
6501,test
6502,test
6503,fit
6504,test
6505,fit
6506,fit
6507,fit
6508,fit
6509,test
6510,fit
6511,test
6512,fit
6513,fit
6514,calibration
6515,fit
6516,test
6517,fit
6518,calibration
6519,fit
6520,calibration
6521,fit
6522,fit
6523,fit
6524,calibration
6525,calibration
6526,fit
6527,fit
6528,fit
6529,fit
6530,calibration
6531,calibration
6532,fit
6533,calibration
6534,fit
6535,fit
6536,fit
6537,test
6538,fit
6539,fit
6540,test
6541,calibration
6542,fit
6543,calibration
6544,fit
6545,fit
6546,fit
6547,calibration
6548,fit
6549,fit
6550,fit
6551,fit
6552,fit
6553,test
6554,test
6555,test
6556,fit
6557,test
6558,fit
6559,test
6560,fit
6561,test
6562,test
6563,calibration
6564,fit
6565,fit
6566,calibration
6567,fit
6568,fit
6569,test
6570,fit
6571,test
6572,fit
6573,calibration
6574,fit
6575,fit
6576,test
6577,fit
6578,test
6579,fit
6580,fit
6581,test
6582,calibration
6583,calibration
6584,fit
6585,fit
6586,calibration
6587,fit
6588,fit
6589,fit
6590,fit
6591,calibration
6592,fit
6593,fit
6594,fit
6595,fit
6596,fit
6597,calibration
6598,test
6599,fit
6600,fit
6601,test
6602,calibration
6603,fit
6604,fit
6605,fit
6606,calibration
6607,fit
6608,fit
6609,test
6610,calibration
6611,fit
6612,fit
6613,calibration
6614,test
6615,fit
6616,calibration
6617,test
6618,fit
6619,fit
6620,fit
6621,fit
6622,fit
6623,test
6624,fit
6625,fit
6626,calibration
6627,fit
6628,calibration
6629,calibration
6630,fit
6631,fit
6632,fit
6633,calibration
6634,calibration
6635,calibration
6636,fit
6637,test
6638,fit
6639,fit
6640,fit
6641,fit
6642,test
6643,calibration
6644,fit
6645,calibration
6646,fit
6647,fit
6648,fit
6649,test
6650,fit
6651,fit
6652,fit
6653,fit
6654,fit
6655,calibration
6656,fit
6657,fit
6658,fit
6659,fit
6660,fit
6661,fit
6662,fit
6663,fit
6664,fit
6665,fit
6666,calibration
6667,fit
6668,test
6669,test
6670,fit
6671,fit
6672,fit
6673,fit
6674,fit
6675,fit
6676,test
6677,fit
6678,fit
6679,fit
6680,fit
6681,fit
6682,fit
6683,fit
6684,fit
6685,test
6686,calibration
6687,fit
6688,fit
6689,fit
6690,fit
6691,fit
6692,fit
6693,fit
6694,fit
6695,test
6696,fit
6697,fit
6698,fit
6699,fit
6700,calibration
6701,fit
6702,test
6703,fit
6704,fit
6705,fit
6706,fit
6707,calibration
6708,test
6709,test
6710,fit
6711,test
6712,fit
6713,fit
6714,calibration
6715,fit
6716,fit
6717,test
6718,test
6719,fit
6720,calibration
6721,test
6722,fit
6723,calibration
6724,fit
6725,fit
6726,fit
6727,test
6728,calibration
6729,calibration
6730,calibration
6731,test
6732,fit
6733,test
6734,fit
6735,fit
6736,test
6737,test
6738,fit
6739,test
6740,test
6741,test
6742,calibration
6743,fit
6744,fit
6745,fit
6746,fit
6747,calibration
6748,fit
6749,test
6750,fit
6751,fit
6752,fit
6753,fit
6754,fit
6755,fit
6756,test
6757,test
6758,fit
6759,fit
6760,fit
6761,fit
6762,fit
6763,fit
6764,fit
6765,fit
6766,test
6767,fit
6768,calibration
6769,fit
6770,calibration
6771,test
6772,fit
6773,fit
6774,test
6775,calibration
6776,fit
6777,test
6778,fit
6779,calibration
6780,calibration
6781,fit
6782,test
6783,fit
6784,fit
6785,test
6786,fit
6787,fit
6788,fit
6789,test
6790,fit
6791,calibration
6792,fit
6793,fit
6794,fit
6795,calibration
6796,calibration
6797,calibration
6798,fit
6799,fit
6800,calibration
6801,fit
6802,calibration
6803,fit
6804,fit
6805,test
6806,fit
6807,fit
6808,fit
6809,fit
6810,fit
6811,calibration
6812,calibration
6813,fit
6814,calibration
6815,fit
6816,calibration
6817,fit
6818,test
6819,test
6820,test
6821,fit
6822,fit
6823,fit
6824,fit
6825,fit
6826,test
6827,fit
6828,fit
6829,fit
6830,test
6831,fit
6832,fit
6833,fit
6834,test
6835,fit
6836,fit
6837,calibration
6838,fit
6839,fit
6840,fit
6841,fit
6842,calibration
6843,fit
6844,fit
6845,test
6846,fit
6847,fit
6848,fit
6849,fit
6850,calibration
6851,fit
6852,fit
6853,fit
6854,calibration
6855,calibration
6856,fit
6857,fit
6858,fit
6859,fit
6860,calibration
6861,fit
6862,test
6863,fit
6864,fit
6865,calibration
6866,test
6867,calibration
6868,fit
6869,fit
6870,fit
6871,fit
6872,calibration
6873,calibration
6874,calibration
6875,fit
6876,test
6877,fit
6878,fit
6879,calibration
6880,fit
6881,fit
6882,fit
6883,test
6884,calibration
6885,fit
6886,fit
6887,test
6888,calibration
6889,fit
6890,calibration
6891,test
6892,fit
6893,test
6894,test
6895,fit
6896,fit
6897,test
6898,fit
6899,fit
6900,fit
6901,test
6902,fit
6903,calibration
6904,fit
6905,fit
6906,fit
6907,calibration
6908,fit
6909,fit
6910,fit
6911,calibration
6912,fit
6913,calibration
6914,calibration
6915,fit
6916,test
6917,fit
6918,fit
6919,calibration
6920,fit
6921,fit
6922,fit
6923,fit
6924,fit
6925,calibration
6926,fit
6927,fit
6928,fit
6929,fit
6930,fit
6931,test
6932,fit
6933,test
6934,test
6935,fit
6936,calibration
6937,fit
6938,fit
6939,test
6940,fit
6941,fit
6942,calibration
6943,fit
6944,fit
6945,fit
6946,fit
6947,fit
6948,fit
6949,fit
6950,fit
6951,fit
6952,fit
6953,fit
6954,fit
6955,calibration
6956,calibration
6957,fit
6958,test
6959,calibration
6960,fit
6961,fit
6962,fit
6963,fit
6964,fit
6965,fit
6966,fit
6967,fit
6968,fit
6969,fit
6970,calibration
6971,fit
6972,fit
6973,fit
6974,calibration
6975,calibration
6976,fit
6977,fit
6978,fit
6979,test
6980,fit
6981,calibration
6982,test
6983,calibration
6984,fit
6985,fit
6986,fit
6987,calibration
6988,fit
6989,fit
6990,fit
6991,test
6992,fit
6993,test
6994,calibration
6995,test
6996,test
6997,fit
6998,calibration
6999,calibration
7000,fit
7001,test
7002,calibration
7003,fit
7004,fit
7005,fit
7006,fit
7007,fit
7008,fit
7009,fit
7010,calibration
7011,test
7012,fit
7013,test
7014,test
7015,calibration
7016,fit
7017,fit
7018,fit
7019,test
7020,calibration
7021,test
7022,calibration
7023,fit
7024,fit
7025,fit
7026,fit
7027,fit
7028,test
7029,fit
7030,test
7031,fit
7032,calibration
7033,test
7034,test
7035,fit
7036,fit
7037,fit
7038,test
7039,fit
7040,fit
7041,test
7042,fit
7043,test
7044,fit
7045,test
7046,test
7047,calibration
7048,fit
7049,fit
7050,fit
7051,fit
7052,fit
7053,fit
7054,fit
7055,test
7056,fit
7057,fit
7058,calibration
7059,test
7060,fit
7061,fit
7062,fit
7063,calibration
7064,fit
7065,calibration
7066,fit
7067,fit
7068,test
7069,fit
7070,fit
7071,fit
7072,fit
7073,test
7074,fit
7075,fit
7076,test
7077,fit
7078,calibration
7079,fit
7080,calibration
7081,fit
7082,fit
7083,fit
7084,fit
7085,fit
7086,calibration
7087,calibration
7088,calibration
7089,fit
7090,calibration
7091,fit
7092,fit
7093,fit
7094,fit
7095,calibration
7096,fit
7097,fit
7098,fit
7099,test
7100,test
7101,calibration
7102,fit
7103,fit
7104,calibration
7105,fit
7106,calibration
7107,fit
7108,test
7109,fit
7110,test
7111,fit
7112,fit
7113,fit
7114,fit
7115,fit
7116,fit
7117,test
7118,fit
7119,fit
7120,fit
7121,fit
7122,fit
7123,fit
7124,calibration
7125,fit
7126,fit
7127,fit
7128,fit
7129,test
7130,fit
7131,fit
7132,fit
7133,fit
7134,calibration
7135,calibration
7136,fit
7137,calibration
7138,fit
7139,fit
7140,fit
7141,test
7142,calibration
7143,test
7144,fit
7145,fit
7146,fit
7147,fit
7148,fit
7149,calibration
7150,test
7151,fit
7152,fit
7153,test
7154,fit
7155,fit
7156,fit
7157,fit
7158,fit
7159,test
7160,test
7161,test
7162,fit
7163,fit
7164,calibration
7165,test
7166,test
7167,fit
7168,test
7169,calibration
7170,fit
7171,calibration
7172,fit
7173,fit
7174,fit
7175,fit
7176,calibration
7177,test
7178,fit
7179,fit
7180,fit
7181,calibration
7182,calibration
7183,fit
7184,calibration
7185,test
7186,fit
7187,fit
7188,calibration
7189,fit
7190,fit
7191,fit
7192,fit
7193,fit
7194,fit
7195,calibration
7196,calibration
7197,calibration
7198,test
7199,fit
7200,calibration
7201,calibration
7202,fit
7203,fit
7204,fit
7205,calibration
7206,fit
7207,fit
7208,fit
7209,fit
7210,fit
7211,fit
7212,fit
7213,fit
7214,calibration
7215,calibration
7216,fit
7217,fit
7218,fit
7219,fit
7220,calibration
7221,fit
7222,calibration
7223,fit
7224,fit
7225,calibration
7226,fit
7227,test
7228,calibration
7229,fit
7231,fit
7232,test
7233,fit
7234,calibration
7235,fit
7236,test
7237,fit
7238,fit
7239,test
7240,fit
7241,test
7242,calibration
7243,test
7244,fit
7245,fit
7246,calibration
7247,fit
7248,fit
7249,fit
7250,calibration
7251,fit
7252,fit
7253,fit
7254,fit
7255,fit
7256,fit
7257,fit
7258,test
7259,fit
7260,test
7261,calibration
7262,test
7263,fit
7264,fit
7265,test
7266,fit
7267,fit
7268,calibration
7269,fit
7270,fit
7271,fit
7272,calibration
7273,fit
7274,fit
7275,test
7276,calibration
7278,calibration
7279,test
7280,fit
7281,fit
7282,calibration
7283,fit
7284,calibration
7286,fit
7287,fit
7288,calibration
7289,calibration
7291,fit
7292,fit
7293,calibration
7295,fit
7296,fit
7297,fit
7298,fit
7299,fit
7300,fit
7301,calibration
7302,calibration
7303,fit
7304,fit
7305,fit
7306,fit
7307,fit
7308,fit
7309,test
7310,fit
7311,fit
7312,calibration
7313,fit
7314,fit
7315,fit
7316,fit
7317,fit
7318,calibration
7319,fit
7320,fit
7321,fit
7322,fit
7323,fit
7324,calibration
7325,test
7326,test
7327,fit
7328,fit
7330,calibration
7331,fit
7332,fit
7333,fit
7334,fit
7335,test
7336,calibration
7337,calibration
7338,fit
7339,test
7340,fit
7341,fit
7342,fit
7343,fit
7344,test
7345,calibration
7346,test
7347,fit
7348,calibration
7349,fit
7350,fit
7351,calibration
7352,fit
7353,fit
7354,fit
7355,calibration
7356,fit
7357,fit
7358,test
7359,fit
7360,calibration
7361,fit
7362,fit
7363,fit
7364,test
7365,fit
7366,fit
7367,fit
7368,fit
7369,calibration
7370,calibration
7371,calibration
7372,test
7373,fit
7374,test
7375,fit
7376,fit
7378,fit
7379,calibration
7380,fit
7381,test
7382,calibration
7383,fit
7384,fit
7385,fit
7386,test
7387,fit
7388,fit
7389,calibration
7390,fit
7391,fit
7392,calibration
7393,test
7394,calibration
7395,fit
7396,fit
7398,fit
7399,fit
7400,fit
7401,test
7402,fit
7403,fit
7404,fit
7405,fit
7406,fit
7407,fit
7408,fit
7409,fit
7410,fit
7411,fit
7412,fit
7413,fit
7414,fit
7415,fit
7416,calibration
7417,calibration
7418,fit
7419,calibration
7420,fit
7421,fit
7422,test
7423,fit
7424,fit
7426,fit
7427,test
7428,calibration
7429,fit
7430,fit
7431,calibration
7432,fit
7433,test
7434,fit
7435,fit
7436,fit
7437,fit
7438,calibration
7439,fit
7440,calibration
7441,fit
7442,fit
7443,fit
7444,fit
7445,fit
7446,fit
7447,fit
7448,test
7449,test
7450,calibration
7451,fit
7452,test
7453,calibration
7454,calibration
7455,calibration
7456,fit
7457,fit
7459,test
7460,fit
7461,fit
7462,test
7463,fit
7464,fit
7465,fit
7466,fit
7467,fit
7468,calibration
7469,fit
7471,fit
7472,calibration
7473,fit
7474,fit
7475,calibration
7477,test
7478,fit
7479,fit
7480,calibration
7481,calibration
7482,fit
7483,fit
7484,calibration
7485,calibration
7486,fit
7487,fit
7488,fit
7489,calibration
7490,fit
7491,fit
7492,fit
7493,fit
7494,test
7495,fit
7496,fit
7497,fit
7498,fit
7499,fit
7500,fit
7501,calibration
7502,fit
7503,test
7504,calibration
7505,test
7506,fit
7507,fit
7508,fit
7509,calibration
7510,fit
7511,test
7512,fit
7513,fit
7514,fit
7515,calibration
7516,fit
7517,fit
7518,fit
7519,fit
7520,calibration
7521,calibration
7522,fit
7523,fit
7524,calibration
7525,calibration
7527,fit
7528,calibration
7529,fit
7530,calibration
7531,fit
7532,fit
7533,fit
7534,test
7535,fit
7536,fit
7537,fit
7538,test
7539,fit
7540,fit
7541,fit
7542,fit
7543,test
7544,calibration
7545,fit
7546,fit
7547,fit
7548,fit
7549,fit
7550,calibration
7551,calibration
7552,test
7553,calibration
7554,fit
7555,calibration
7556,test
7557,calibration
7558,fit
7559,test
7560,fit
7561,fit
7562,fit
7563,fit
7564,fit
7565,fit
7566,fit
7567,fit
7568,test
7569,test
7570,calibration
7571,fit
7572,fit
7573,calibration
7574,fit
7575,fit
7577,fit
7578,test
7579,test
7580,test
7581,fit
7582,fit
7583,test
7584,calibration
7585,fit
7586,fit
7587,calibration
7588,calibration
7589,fit
7590,test
7592,calibration
7593,fit
7594,fit
7595,calibration
7596,fit
7597,fit
7598,test
7599,fit
7600,test
7601,test
7602,test
7603,test
7604,fit
7605,fit
7606,fit
7607,fit
7608,test
7609,test
7610,fit
7611,fit
7612,fit
7613,fit
7614,fit
7616,fit
7617,fit
7618,calibration
7619,fit
7620,fit
7621,calibration
7622,fit
7623,test
7624,fit
7625,calibration
7626,calibration
7628,fit
7629,test
7630,calibration
7631,fit
7633,fit
7634,test
7635,fit
7636,fit
7637,calibration
7638,fit
7639,fit
7640,fit
7641,test
7642,fit
7643,fit
7644,fit
7645,test
7646,fit
7647,calibration
7648,calibration
7649,calibration
7650,calibration
7651,test
7652,fit
7653,calibration
7654,fit
7655,test
7656,fit
7657,fit
7658,calibration
7659,fit
7660,fit
7661,fit
7662,fit
7663,calibration
7665,calibration
7666,fit
7667,calibration
7668,fit
7669,fit
7670,fit
7671,test
7672,fit
7673,test
7674,test
7675,calibration
7676,fit
7677,fit
7678,calibration
7679,calibration
7680,fit
7681,test
7682,fit
7683,fit
7684,fit
7685,calibration
7686,fit
7687,fit
7688,fit
7689,fit
7690,fit
7691,calibration
7692,test
7693,fit
7694,fit
7695,fit
7698,fit
7699,calibration
7700,fit
7701,fit
7702,fit
7703,fit
7704,calibration
7705,fit
7706,fit
7707,fit
7708,fit
7709,fit
7710,test
7711,test
7713,fit
7714,fit
7715,calibration
7716,calibration
7717,fit
7718,fit
7719,test
7720,fit
7721,calibration
7722,calibration
7723,calibration
7724,fit
7725,fit
7726,fit
7727,fit
7728,fit
7729,test
7730,fit
7731,calibration
7732,fit
7733,calibration
7734,fit
7735,test
7736,fit
7737,test
7738,calibration
7739,calibration
7740,test
7742,fit
7743,test
7744,fit
7745,calibration
7746,fit
7747,fit
7748,test
7749,test
7750,fit
7751,fit
7752,test
7753,fit
7754,fit
7755,fit
7756,test
7757,calibration
7758,fit
7759,fit
7760,fit
7761,calibration
7762,fit
7763,test
7764,test
7765,fit
7766,calibration
7767,fit
7768,fit
7769,calibration
7770,fit
7771,fit
7772,fit
7773,fit
7774,fit
7775,test
7776,test
7777,calibration
7778,calibration
7779,test
7780,fit
7781,calibration
7782,fit
7783,fit
7784,calibration
7785,fit
7786,fit
7787,fit
7788,test
7789,fit
7790,fit
7791,fit
7792,test
7793,fit
7794,test
7795,fit
7796,fit
7797,calibration
7798,calibration
7799,fit
7800,test
7801,calibration
7802,calibration
7803,fit
7804,calibration
7805,fit
7806,calibration
7807,calibration
7808,fit
7809,calibration
7810,test
7811,fit
7812,fit
7813,fit
7814,fit
7815,test
7816,calibration
7817,fit
7818,fit
7819,test
7820,fit
7821,fit
7822,test
7823,fit
7824,test
7825,fit
7826,fit
7827,fit
7828,fit
7829,calibration
7830,test
7831,calibration
7832,fit
7833,test
7834,test
7835,fit
7836,fit
7837,fit
7838,fit
7839,fit
7840,fit
7841,calibration
7842,fit
7844,fit
7845,fit
7846,fit
7847,fit
7848,fit
7849,fit
7850,fit
7851,fit
7852,fit
7853,test
7854,fit
7855,fit
7856,fit
7857,fit
7860,fit
7861,test
7862,fit
7863,fit
7864,fit
7865,fit
7866,fit
7867,fit
7868,calibration
7869,test
7870,calibration
7871,fit
7872,fit
7873,fit
7874,fit
7875,fit
7876,fit
7877,fit
7878,fit
7879,calibration
7880,calibration
7881,fit
7882,fit
7883,calibration
7884,calibration
7885,fit
7887,fit
7888,calibration
7889,fit
7890,fit
7891,fit
7892,fit
7893,fit
7894,fit
7895,test
7896,fit
7897,fit
7898,fit
7899,fit
7900,fit
7901,fit
7902,calibration
7904,fit
7905,fit
7906,fit
7907,fit
7908,fit
7909,fit
7910,fit
7911,fit
7912,fit
7913,fit
7914,fit
7915,fit
7916,test
7917,fit
7918,test
7919,calibration
7920,fit
7921,fit
7922,fit
7924,fit
7925,calibration
7926,fit
7927,fit
7928,fit
7929,fit
7930,calibration
7931,fit
7932,fit
7933,fit
7934,test
7935,fit
7936,fit
7937,calibration
7938,fit
7939,fit
7940,fit
7941,calibration
7942,calibration
7943,fit
7944,fit
7945,fit
7946,test
7947,test
7948,fit
7949,test
7950,fit
7951,calibration
7952,fit
7953,fit
7954,fit
7955,fit
7956,calibration
7957,test
7958,fit
7959,fit
7960,calibration
7962,fit
7963,test
7964,fit
7965,test
7966,fit
7967,test
7968,fit
7969,fit
7970,calibration
7972,calibration
7973,calibration
7974,fit
7976,fit
7977,fit
7979,calibration
7980,fit
7981,test
7982,fit
7983,fit
7984,fit
7985,calibration
7986,fit
7987,calibration
7988,calibration
7989,fit
7990,test
7991,fit
7992,fit
7993,fit
7994,fit
7995,fit
7996,fit
7997,test
7998,fit
7999,fit
8000,fit
8001,fit
8002,test
8003,fit
8004,fit
8005,fit
8006,fit
8007,calibration
8008,test
8009,fit
8011,fit
8012,fit
8013,fit
8014,fit
8015,fit
8016,fit
8017,calibration
8018,fit
8019,fit
8020,fit
8021,calibration
8022,fit
8023,fit
8024,fit
8025,calibration
8026,fit
8027,fit
8028,fit
8029,fit
8030,fit
8031,fit
8032,calibration
8033,calibration
8035,calibration
8036,fit
8037,test
8038,fit
8039,test
8040,calibration
8041,fit
8042,fit
8043,calibration
8044,fit
8045,fit
8046,test
8047,fit
8048,fit
8049,fit
8050,fit
8051,fit
8052,fit
8053,fit
8054,test
8055,calibration
8056,fit
8057,calibration
8058,test
8060,fit
8061,test
8062,fit
8063,fit
8064,fit
8066,calibration
8067,test
8068,calibration
8069,fit
8070,fit
8071,test
8072,fit
8073,fit
8074,fit
8075,test
8077,test
8078,fit
8079,test
8080,fit
8081,calibration
8083,calibration
8084,calibration
8085,calibration
8086,fit
8087,fit
8088,fit
8089,fit
8090,test
8092,fit
8093,fit
8094,calibration
8095,calibration
8096,fit
8097,fit
8098,fit
8099,test
8100,fit
8101,test
8102,calibration
8103,fit
8104,fit
8106,fit
8107,fit
8108,test
8109,fit
8110,test
8111,fit
8112,fit
8113,test
8114,calibration
8115,fit
8116,fit
8117,fit
8118,fit
8119,fit
8120,fit
8121,fit
8122,fit
8123,fit
8124,fit
8125,calibration
8126,fit
8127,fit
8129,fit
8130,calibration
8131,fit
8132,calibration
8133,test
8135,test
8136,calibration
8137,fit
8138,fit
8139,fit
8140,fit
8141,fit
8142,calibration
8143,calibration
8144,fit
8145,calibration
8146,fit
8147,fit
8148,fit
8149,calibration
8150,calibration
8151,fit
8152,fit
8153,calibration
8154,fit
8155,fit
8156,fit
8157,fit
8158,fit
8159,fit
8160,fit
8161,fit
8162,test
8163,test
8164,fit
8165,fit
8166,fit
8167,fit
8168,fit
8169,test
8171,calibration
8172,fit
8173,calibration
8174,fit
8175,fit
8176,fit
8177,calibration
8178,fit
8179,fit
8180,calibration
8181,fit
8182,calibration
8183,test
8184,fit
8185,fit
8186,test
8187,fit
8188,fit
8189,fit
8190,fit
8191,calibration
8192,fit
8194,calibration
8195,calibration
8196,fit
8197,fit
8198,calibration
8199,test
8200,fit
8201,calibration
8202,test
8203,fit
8204,fit
8205,calibration
8206,test
8207,calibration
8208,fit
8209,fit
8210,calibration
8211,calibration
8212,fit
8213,calibration
8214,fit
8215,fit
8216,fit
8217,fit
8218,fit
8219,test
8220,fit
8221,fit
8222,fit
8223,fit
8224,fit
8225,calibration
8226,fit
8227,calibration
8228,test
8229,fit
8230,fit
8231,calibration
8232,calibration
8233,calibration
8234,test
8235,test
8236,fit
8238,fit
8239,test
8240,fit
8241,test
8242,fit
8243,fit
8244,fit
8245,test
8246,test
8247,calibration
8248,fit
8249,calibration
8250,fit
8253,fit
8254,test
8255,fit
8256,test
8257,calibration
8259,calibration
8260,fit
8261,fit
8262,fit
8263,fit
8264,fit
8265,test
8266,test
8267,fit
8268,fit
8269,fit
8270,fit
8271,fit
8272,fit
8273,calibration
8274,calibration
8275,test
8276,test
8277,fit
8278,fit
8279,fit
8280,fit
8281,fit
8282,fit
8283,fit
8284,test
8285,fit
8286,calibration
8287,fit
8288,calibration
8289,fit
8290,fit
8291,fit
8292,test
8293,fit
8294,calibration
8295,fit
8296,test
8297,calibration
8298,calibration
8299,fit
8300,fit
8301,calibration
8302,fit
8303,fit
8304,test
8305,fit
8306,fit
8307,test
8308,fit
8309,test
8310,fit
8311,calibration
8312,fit
8313,fit
8314,fit
8316,fit
8317,fit
8318,fit
8319,fit
8321,calibration
8322,fit
8323,fit
8324,fit
8325,fit
8326,fit
8327,fit
8328,test
8329,fit
8330,fit
8331,fit
8332,fit
8333,calibration
8334,fit
8335,fit
8336,fit
8337,fit
8338,fit
8339,calibration
8340,fit
8341,fit
8342,fit
8343,fit
8344,fit
8345,calibration
8346,fit
8347,calibration
8348,fit
8349,fit
8350,test
8351,fit
8352,fit
8353,test
8354,fit
8355,fit
8356,fit
8357,fit
8358,fit
8359,fit
8360,fit
8361,test
8362,fit
8363,fit
8365,fit
8366,calibration
8367,test
8369,fit
8370,test
8372,fit
8373,test
8374,calibration
8375,fit
8376,fit
8377,fit
8378,fit
8379,fit
8380,fit
8381,calibration
8382,calibration
8383,fit
8384,fit
8385,test
8386,test
8387,test
8388,fit
8389,calibration
8390,fit
8391,fit
8392,fit
8393,fit
8394,test
8395,fit
8396,fit
8397,fit
8398,fit
8399,fit
8400,fit
8401,fit
8402,test
8403,calibration
8404,test
8405,fit
8406,fit
8407,calibration
8408,calibration
8409,fit
8410,test
8411,fit
8412,fit
8413,fit
8414,fit
8415,calibration
8417,fit
8418,fit
8419,calibration
8421,fit
8422,fit
8423,fit
8424,fit
8425,calibration
8426,test
8427,calibration
8428,fit
8429,fit
8430,calibration
8431,fit
8432,fit
8433,fit
8434,calibration
8435,fit
8436,fit
8437,calibration
8438,test
8439,fit
8440,test
8441,fit
8442,test
8443,fit
8444,fit
8445,fit
8446,fit
8447,calibration
8448,calibration
8450,calibration
8451,fit
8453,test
8454,calibration
8455,calibration
8457,test
8458,fit
8459,fit
8460,test
8461,test
8462,test
8464,fit
8466,calibration
8467,test
8468,fit
8469,fit
8470,fit
8471,fit
8472,fit
8473,test
8474,test
8475,test
8476,fit
8477,fit
8478,fit
8479,fit
8480,fit
8481,fit
8482,fit
8483,calibration
8484,test
8485,fit
8486,calibration
8487,fit
8488,fit
8489,fit
8490,fit
8491,test
8492,test
8493,test
8494,fit
8495,fit
8496,calibration
8497,fit
8498,fit
8499,test
8500,test
8501,fit
8503,fit
8504,test
8505,fit
8506,calibration
8507,calibration
8508,fit
8509,test
8510,fit
8511,fit
8513,fit
8514,fit
8515,fit
8516,fit
8517,fit
8519,test
8520,fit
8521,calibration
8522,test
8523,calibration
8524,fit
8525,fit
8526,test
8527,fit
8528,fit
8529,fit
8530,fit
8531,fit
8532,test
8533,fit
8534,fit
8535,fit
8536,test
8537,test
8538,test
8539,fit
8540,fit
8541,fit
8542,fit
8543,fit
8544,test
8545,fit
8546,fit
8547,fit
8548,fit
8549,calibration
8550,fit
8552,fit
8553,fit
8554,fit
8555,fit
8556,test
8557,test
8558,test
8559,fit
8560,calibration
8561,test
8562,fit
8563,fit
8564,calibration
8565,test
8566,fit
8567,fit
8568,fit
8569,fit
8570,fit
8571,fit
8573,test
8574,fit
8575,fit
8576,test
8577,fit
8578,test
8579,fit
8580,fit
8581,calibration
8582,fit
8583,fit
8584,fit
8585,fit
8586,calibration
8587,fit
8588,fit
8589,fit
8590,calibration
8591,calibration
8592,fit
8593,fit
8595,calibration
8596,fit
8597,fit
8598,fit
8599,test
8600,fit
8601,fit
8602,fit
8603,fit
8604,fit
8605,fit
8606,calibration
8607,calibration
8608,fit
8609,fit
8610,fit
8611,calibration
8612,fit
8613,calibration
8614,fit
8615,test
8616,test
8617,fit
8618,test
8619,fit
8620,fit
8621,test
8622,fit
8623,fit
8624,fit
8625,fit
8626,fit
8627,fit
8628,calibration
8629,fit
8630,fit
8631,calibration
8632,calibration
8633,test
8634,fit
8635,fit
8636,fit
8637,fit
8638,fit
8639,calibration
8640,calibration
8641,fit
8642,fit
8644,test
8645,fit
8646,test
8647,fit
8648,fit
8649,fit
8650,fit
8651,fit
8652,test
8654,fit
8655,calibration
8656,fit
8657,fit
8658,test
8659,fit
8660,fit
8661,test
8662,calibration
8663,fit
8664,fit
8665,fit
8666,fit
8667,fit
8668,fit
8670,fit
8671,fit
8672,calibration
8673,fit
8674,test
8675,calibration
8676,fit
8677,fit
8678,calibration
8679,test
8680,fit
8681,fit
8682,fit
8684,fit
8685,fit
8686,calibration
8687,fit
8688,fit
8689,fit
8690,fit
8692,calibration
8693,fit
8694,calibration
8695,fit
8696,fit
8697,fit
8698,calibration
8699,fit
8700,calibration
8701,fit
8702,fit
8703,calibration
8704,test
8705,test
8706,fit
8707,calibration
8708,test
8709,fit
8710,test
8711,fit
8712,fit
8713,fit
8714,fit
8715,fit
8716,calibration
8717,test
8718,test
8719,calibration
8720,calibration
8721,calibration
8722,fit
8723,fit
8724,fit
8725,fit
8726,fit
8727,test
8728,test
8729,fit
8730,fit
8731,fit
8732,fit
8733,fit
8734,calibration
8735,fit
8737,calibration
8738,test
8739,fit
8741,fit
8742,test
8743,test
8744,fit
8745,fit
8746,fit
8747,fit
8748,fit
8749,fit
8750,fit
8751,fit
8753,fit
8754,test
8755,fit
8756,calibration
8757,calibration
8758,fit
8759,calibration
8760,fit
8761,fit
8762,fit
8763,calibration
8764,fit
8765,test
8766,calibration
8767,calibration
8768,calibration
8769,calibration
8770,fit
8771,fit
8772,fit
8773,calibration
8774,fit
8775,fit
8776,fit
8778,fit
8779,calibration
8780,fit
8781,fit
8782,fit
8783,test
8784,calibration
8785,fit
8786,fit
8787,fit
8788,fit
8789,fit
8790,fit
8791,fit
8792,fit
8793,test
8794,fit
8795,fit
8797,test
8798,fit
8799,calibration
8800,test
8801,test
8802,fit
8803,test
8804,fit
8805,test
8806,fit
8807,fit
8808,fit
8809,fit
8810,test
8811,calibration
8812,fit
8813,test
8814,fit
8815,fit
8816,fit
8817,fit
8818,fit
8819,test
8820,fit
8822,fit
8823,fit
8825,test
8827,fit
8828,fit
8829,fit
8830,fit
8831,fit
8832,test
8833,test
8834,calibration
8835,calibration
8836,fit
8837,calibration
8838,calibration
8839,test
8840,test
8841,fit
8842,fit
8843,fit
8844,test
8845,fit
8846,test
8847,test
8848,calibration
8849,fit
8850,fit
8851,calibration
8852,calibration
8854,fit
8855,test
8856,fit
8857,fit
8858,fit
8859,fit
8860,fit
8861,calibration
8862,test
8863,fit
8864,fit
8865,calibration
8866,fit
8867,fit
8868,fit
8869,fit
8870,fit
8871,test
8872,fit
8873,calibration
8874,test
8875,calibration
8876,fit
8877,calibration
8878,fit
8879,fit
8880,test
8881,calibration
8882,fit
8883,test
8884,calibration
8885,test
8886,fit
8888,calibration
8889,fit
8890,fit
8891,fit
8892,fit
8893,calibration
8895,fit
8896,test
8897,fit
8898,fit
8899,calibration
8900,fit
8901,fit
8902,fit
8903,fit
8904,fit
8905,fit
8906,fit
8907,fit
8908,fit
8909,fit
8910,test
8911,test
8912,fit
8913,calibration
8914,test
8916,test
8917,fit
8918,calibration
8919,fit
8920,calibration
8921,test
8922,test
8923,fit
8924,fit
8925,fit
8926,fit
8927,calibration
8928,test
8929,fit
8930,fit
8932,fit
8933,test
8934,fit
8935,test
8936,calibration
8937,calibration
8938,calibration
8939,fit
8940,fit
8942,fit
8943,calibration
8944,calibration
8945,test
8946,fit
8947,fit
8948,fit
8949,fit
8950,fit
8951,calibration
8952,fit
8953,fit
8954,fit
8955,fit
8956,test
8957,fit
8958,test
8959,fit
8960,fit
8961,fit
8962,fit
8963,fit
8964,test
8965,fit
8966,calibration
8967,fit
8968,test
8969,fit
8971,fit
8972,calibration
8973,fit
8974,fit
8975,fit
8976,fit
8977,fit
8978,fit
8979,fit
8980,fit
8981,test
8982,test
8983,fit
8984,calibration
8985,fit
8986,fit
8987,fit
8988,calibration
8989,fit
8990,test
8992,calibration
8993,fit
8994,fit
8995,fit
8996,fit
8997,fit
8998,fit
8999,fit
9000,calibration
9001,test
9002,fit
9003,fit
9005,test
9006,fit
9007,fit
9008,test
9009,calibration
9010,fit
9011,fit
9012,calibration
9013,fit
9014,calibration
9015,test
9016,test
9017,fit
9018,fit
9019,fit
9020,calibration
9021,fit
9023,fit
9024,fit
9025,calibration
9026,calibration
9027,fit
9028,fit
9029,fit
9030,fit
9032,fit
9034,fit
9035,fit
9036,fit
9037,fit
9038,fit
9039,fit
9040,calibration
9041,test
9042,calibration
9043,calibration
9044,test
9045,fit
9046,test
9047,fit
9049,calibration
9050,fit
9051,calibration
9052,fit
9053,fit
9054,calibration
9055,test
9056,fit
9057,test
9058,fit
9059,fit
9060,fit
9061,calibration
9062,fit
9064,fit
9065,calibration
9066,fit
9068,fit
9069,fit
9070,test
9071,fit
9072,fit
9073,test
9074,fit
9075,calibration
9076,fit
9077,fit
9078,test
9079,test
9080,test
9081,fit
9082,fit
9083,test
9084,fit
9085,fit
9086,fit
9087,fit
9088,fit
9089,test
9090,fit
9091,fit
9092,fit
9093,fit
9094,fit
9095,fit
9096,fit
9097,calibration
9098,fit
9099,test
9100,test
9101,test
9102,fit
9103,calibration
9104,fit
9105,fit
9106,test
9107,calibration
9108,fit
9109,fit
9110,calibration
9111,fit
9112,fit
9113,test
9114,fit
9115,fit
9116,fit
9117,calibration
9118,test
9119,test
9120,test
9121,test
9122,fit
9123,fit
9124,fit
9125,fit
9126,fit
9128,calibration
9129,test
9130,test
9131,fit
9132,test
9133,fit
9134,fit
9135,fit
9136,test
9137,fit
9138,fit
9139,fit
9140,calibration
9141,fit
9142,fit
9143,fit
9144,fit
9145,calibration
9146,calibration
9147,test
9148,fit
9149,test
9150,fit
9152,test
9153,fit
9154,test
9155,calibration
9156,fit
9157,fit
9158,test
9159,fit
9160,fit
9161,calibration
9163,fit
9164,fit
9165,fit
9166,calibration
9167,test
9168,calibration
9169,calibration
9170,fit
9171,fit
9172,test
9173,fit
9174,test
9175,calibration
9176,fit
9177,test
9178,fit
9179,fit
9180,calibration
9181,calibration
9182,calibration
9183,test
9184,fit
9186,test
9187,fit
9188,test
9189,fit
9190,fit
9191,calibration
9192,calibration
9193,test
9194,test
9195,fit
9196,fit
9197,fit
9198,fit
9199,fit
9200,calibration
9201,fit
9202,calibration
9203,fit
9204,fit
9205,calibration
9206,fit
9207,fit
9209,fit
9210,fit
9211,fit
9212,fit
9213,calibration
9214,fit
9215,fit
9216,fit
9217,fit
9218,fit
9219,fit
9220,fit
9221,fit
9222,fit
9223,fit
9224,calibration
9225,fit
9226,test
9227,calibration
9228,calibration
9229,fit
9230,test
9231,fit
9232,calibration
9233,fit
9234,fit
9235,fit
9236,fit
9237,calibration
9238,calibration
9239,fit
9240,fit
9241,calibration
9242,fit
9243,fit
9244,calibration
9245,test
9246,fit
9248,fit
9249,fit
9250,fit
9251,fit
9252,fit
9253,fit
9254,fit
9255,fit
9256,fit
9257,test
9258,calibration
9259,fit
9260,fit
9261,fit
9262,fit
9263,fit
9264,fit
9265,fit
9266,fit
9267,fit
9268,calibration
9269,fit
9270,fit
9271,calibration
9272,test
9273,calibration
9274,fit
9275,fit
9276,test
9277,fit
9278,calibration
9279,fit
9280,fit
9281,fit
9282,fit
9283,fit
9284,fit
9285,calibration
9286,test
9287,fit
9288,fit
9289,fit
9290,calibration
9291,test
9292,fit
9293,fit
9294,fit
9295,calibration
9296,fit
9297,fit
9298,fit
9299,fit
9300,fit
9301,fit
9303,calibration
9304,fit
9305,fit
9306,fit
9307,fit
9308,fit
9309,fit
9311,fit
9312,fit
9313,fit
9314,fit
9315,test
9316,calibration
9317,fit
9318,calibration
9319,calibration
9320,test
9321,fit
9322,fit
9323,fit
9324,fit
9325,fit
9326,test
9327,calibration
9328,fit
9329,test
9330,calibration
9331,fit
9332,fit
9333,fit
9334,test
9335,calibration
9336,fit
9337,test
9338,fit
9339,fit
9340,fit
9341,fit
9342,fit
9344,test
9345,fit
9347,calibration
9348,calibration
9349,fit
9350,calibration
9351,fit
9352,fit
9353,calibration
9354,fit
9355,fit
9356,calibration
9357,test
9358,fit
9359,fit
9360,fit
9361,fit
9362,calibration
9363,fit
9364,calibration
9365,calibration
9366,fit
9367,fit
9369,fit
9370,test
9371,fit
9373,fit
9374,calibration
9375,fit
9376,calibration
9377,calibration
9378,fit
9379,test
9380,fit
9381,fit
9382,test
9383,calibration
9384,fit
9385,fit
9386,fit
9388,fit
9389,fit
9390,test
9391,fit
9392,fit
9393,fit
9394,fit
9395,fit
9396,fit
9397,calibration
9399,calibration
9400,fit
9401,fit
9402,fit
9403,fit
9404,fit
9405,fit
9406,test
9407,test
9408,fit
9409,fit
9410,test
9411,fit
9412,fit
9413,fit
9414,fit
9415,fit
9416,fit
9417,fit
9418,fit
9419,test
9420,fit
9421,calibration
9422,fit
9423,test
9424,test
9426,test
9427,fit
9428,fit
9429,fit
9430,fit
9431,test
9432,calibration
9433,fit
9434,test
9435,test
9436,test
9437,fit
9438,fit
9439,fit
9440,test
9441,calibration
9442,fit
9443,fit
9444,calibration
9445,calibration
9446,calibration
9447,fit
9448,fit
9449,test
9450,fit
9451,fit
9452,fit
9453,fit
9454,fit
9455,test
9456,calibration
9457,calibration
9458,fit
9459,fit
9460,test
9461,fit
9462,fit
9463,fit
9464,fit
9465,fit
9466,fit
9467,test
9469,fit
9470,calibration
9472,test
9473,test
9474,fit
9475,fit
9476,fit
9478,calibration
9479,fit
9481,fit
9482,fit
9483,calibration
9484,calibration
9485,calibration
9486,test
9487,fit
9488,fit
9489,fit
9490,fit
9491,test
9492,fit
9493,fit
9494,fit
9495,test
9496,fit
9497,fit
9498,test
9499,fit
9500,fit
9501,test
9502,calibration
9503,calibration
9504,fit
9505,test
9506,fit
9507,calibration
9508,calibration
9509,test
9510,fit
9511,calibration
9512,fit
9513,test
9514,fit
9515,test
9516,test
9517,fit
9518,fit
9519,fit
9520,calibration
9521,test
9522,test
9523,fit
9524,fit
9525,fit
9526,calibration
9527,fit
9528,fit
9529,fit
9530,fit
9531,fit
9532,test
9533,fit
9534,calibration
9535,fit
9536,calibration
9537,calibration
9538,test
9539,fit
9540,fit
9541,fit
9542,fit
9543,fit
9544,fit
9545,test
9546,calibration
9547,calibration
9548,test
9549,fit
9550,calibration
9551,calibration
9552,calibration
9553,calibration
9554,test
9555,calibration
9556,test
9557,test
9558,fit
9559,fit
9560,calibration
9561,fit
9562,fit
9563,fit
9564,test
9565,calibration
9566,fit
9567,fit
9568,fit
9569,calibration
9570,calibration
9572,fit
9573,fit
9574,fit
9575,fit
9576,test
9577,fit
9578,fit
9580,fit
9581,fit
9582,calibration
9583,fit
9584,fit
9585,calibration
9586,fit
9587,fit
9588,fit
9589,calibration
9590,calibration
9591,fit
9592,fit
9593,fit
9594,test
9595,calibration
9596,fit
9597,fit
9598,fit
9599,fit
9600,test
9601,calibration
9602,test
9603,calibration
9604,fit
9605,fit
9606,fit
9607,fit
9608,fit
9609,calibration
9610,test
9611,fit
9612,fit
9613,fit
9614,test
9615,test
9616,fit
9617,fit
9618,fit
9619,fit
9620,calibration
9622,calibration
9623,fit
9624,fit
9625,calibration
9626,fit
9627,calibration
9628,calibration
9629,test
9630,fit
9631,fit
9632,fit
9633,fit
9635,calibration
9636,fit
9637,fit
9638,fit
9639,test
9640,fit
9641,fit
9642,fit
9643,calibration
9644,fit
9645,fit
9646,fit
9647,test
9648,fit
9649,fit
9650,fit
9651,calibration
9652,fit
9653,test
9654,fit
9655,calibration
9656,fit
9657,fit
9658,test
9659,fit
9660,fit
9661,calibration
9662,fit
9663,fit
9664,calibration
9665,fit
9666,fit
9667,test
9668,calibration
9669,calibration
9670,test
9671,fit
9672,calibration
9673,calibration
9674,calibration
9675,calibration
9676,fit
9677,test
9678,fit
9679,fit
9680,fit
9681,fit
9682,fit
9683,fit
9684,test
9685,fit
9686,fit
9687,test
9688,fit
9689,test
9690,fit
9691,fit
9693,calibration
9694,fit
9695,calibration
9696,calibration
9697,fit
9698,fit
9699,fit
9700,test
9701,calibration
9703,test
9704,fit
9705,fit
9706,fit
9707,test
9708,fit
9709,calibration
9710,calibration
9711,fit
9712,test
9713,fit
9714,fit
9715,test
9716,calibration
9717,fit
9718,fit
9719,test
9720,fit
9721,test
9722,calibration
9723,fit
9724,calibration
9725,fit
9726,fit
9727,fit
9728,calibration
9729,calibration
9730,fit
9731,calibration
9732,test
9733,fit
9734,fit
9735,fit
9737,fit
9739,fit
9741,test
9742,fit
9743,fit
9744,fit
9745,fit
9746,calibration
9747,calibration
9748,test
9749,fit
9750,calibration
9751,fit
9752,fit
9753,fit
9754,calibration
9755,fit
9756,fit
9757,calibration
9758,fit
9759,fit
9760,test
9761,calibration
9762,fit
9763,fit
9764,test
9766,calibration
9767,fit
9768,fit
9769,fit
9770,test
9771,fit
9772,fit
9773,fit
9774,test
9775,fit
9776,fit
9777,fit
9778,fit
9779,fit
9780,test
9781,fit
9782,fit
9783,test
9784,fit
9785,calibration
9786,fit
9787,test
9788,fit
9789,fit
9790,fit
9791,fit
9792,test
9793,calibration
9794,test
9795,test
9796,test
9797,test
9798,calibration
9799,test
9800,test
9801,fit
9802,fit
9804,fit
9805,fit
9806,fit
9807,test
9809,test
9810,fit
9811,calibration
9812,test
9813,fit
9814,calibration
9816,fit
9817,fit
9818,fit
9819,fit
9820,calibration
9821,fit
9822,test
9823,test
9824,calibration
9825,test
9826,calibration
9827,fit
9829,test
9830,calibration
9831,calibration
9832,calibration
9833,test
9834,fit
9835,calibration
9836,fit
9837,fit
9838,fit
9839,fit
9840,fit
9841,fit
9842,calibration
9843,fit
9844,fit
9845,fit
9846,fit
9847,fit
9848,fit
9849,fit
9850,fit
9851,fit
9852,fit
9853,fit
9854,fit
9856,fit
9857,test
9858,calibration
9859,test
9860,calibration
9861,fit
9862,fit
9863,fit
9864,fit
9865,test
9866,fit
9867,fit
9868,fit
9869,fit
9870,calibration
9871,fit
9872,calibration
9873,fit
9874,fit
9875,fit
9876,test
9877,test
9878,fit
9879,fit
9880,calibration
9881,calibration
9882,fit
9883,fit
9884,test
9885,fit
9886,calibration
9887,fit
9888,test
9889,fit
9890,fit
9891,calibration
9892,fit
9893,fit
9894,fit
9895,fit
9896,fit
9897,fit
9898,test
9899,test
9900,calibration
9901,test
9902,fit
9903,fit
9904,calibration
9905,test
9906,fit
9907,test
9908,fit
9909,fit
9910,fit
9911,fit
9912,fit
9913,fit
9914,fit
9916,fit
9917,test
9918,fit
9919,fit
9920,test
9921,fit
9922,fit
9923,fit
9925,fit
9926,fit
9927,calibration
9928,calibration
9929,fit
9930,fit
9931,fit
9932,test
9933,fit
9934,fit
9935,fit
9936,test
9937,fit
9938,fit
9939,fit
9940,fit
9941,test
9942,fit
9943,fit
9945,test
9946,fit
9947,test
9948,fit
9949,fit
9951,fit
9952,fit
9953,fit
9954,fit
9955,fit
9956,fit
9957,fit
9958,test
9959,test
9960,fit
9961,fit
9962,fit
9963,fit
9964,test
9965,fit
9966,calibration
9967,fit
9968,fit
9969,fit
9970,fit
9971,fit
9972,test
9973,fit
9974,test
9975,fit
9976,fit
9977,fit
9978,calibration
9979,calibration
9980,fit
9981,fit
9982,test
9983,fit
9984,test
9985,fit
9986,calibration
9987,calibration
9988,fit
9989,fit
9990,fit
9991,fit
9992,fit
9993,fit
9994,test
9995,calibration
9996,fit
9997,fit
9998,fit
9999,fit
10000,fit
10001,fit
10002,test
10003,fit
10004,fit
10005,fit
10006,test
10007,fit
10008,fit
10009,calibration
10010,fit
10011,calibration
10012,fit
10013,calibration
10014,test
10015,fit
10016,fit
10017,calibration
10018,fit
10019,calibration
10020,fit
10021,fit
10022,fit
10023,fit
10024,calibration
10025,calibration
10026,fit
10027,calibration
10028,fit
10029,fit
10030,fit
10031,test
10032,fit
10033,fit
10034,calibration
10035,fit
10036,fit
10037,fit
10038,fit
10039,calibration
10040,fit
10041,test
10042,fit
10043,fit
10044,test
10045,fit
10046,fit
10047,fit
10048,fit
10049,fit
10050,fit
10051,fit
10052,fit
10053,test
10054,fit
10056,fit
10057,test
10058,calibration
10059,test
10060,fit
10061,fit
10062,fit
10063,test
10064,fit
10065,fit
10066,fit
10067,fit
10068,fit
10069,fit
10070,calibration
10072,fit
10073,fit
10074,fit
10075,fit
10076,fit
10077,fit
10078,calibration
10079,fit
10080,calibration
10081,fit
10082,calibration
10083,calibration
10084,test
10085,fit
10086,fit
10087,test
10088,test
10089,fit
10090,test
10091,fit
10092,test
10093,calibration
10094,test
10095,fit
10096,calibration
10097,fit
10098,fit
10099,fit
10100,calibration
10101,fit
10102,test
10103,fit
10104,fit
10106,test
10107,test
10108,fit
10109,fit
10110,fit
10111,fit
10112,test
10113,fit
10114,fit
10115,fit
10116,test
10117,calibration
10118,fit
10119,fit
10120,fit
10121,calibration
10122,fit
10123,calibration
10124,fit
10125,fit
10126,fit
10127,fit
10128,test
10129,fit
10130,calibration
10131,fit
10132,fit
10133,test
10134,fit
10135,calibration
10136,fit
10137,test
10138,fit
10139,calibration
10140,fit
10141,calibration
10142,calibration
10143,fit
10144,fit
10145,fit
10146,test
10147,fit
10149,fit
10150,fit
10151,fit
10152,fit
10153,fit
10154,fit
10155,calibration
10156,fit
10157,fit
10158,fit
10159,fit
10161,test
10162,calibration
10163,fit
10164,fit
10165,test
10166,test
10167,fit
10169,fit
10170,fit
10171,calibration
10172,fit
10173,test
10174,fit
10175,fit
10176,fit
10177,fit
10178,fit
10179,calibration
10180,fit
10181,fit
10182,fit
10183,test
10184,fit
10185,fit
10186,fit
10187,fit
10188,fit
10189,fit
10190,calibration
10191,calibration
10192,fit
10194,fit
10195,fit
10196,fit
10197,fit
10198,fit
10199,fit
10200,fit
10201,fit
10202,calibration
10203,fit
10204,fit
10205,fit
10206,fit
10207,fit
10208,fit
10209,fit
10210,fit
10212,fit
10213,calibration
10214,fit
10215,fit
10216,fit
10217,test
10218,fit
10219,test
10220,fit
10221,calibration
10222,fit
10223,test
10225,calibration
10226,fit
10227,calibration
10228,calibration
10229,fit
10230,fit
10231,test
10233,fit
10234,fit
10235,fit
10236,test
10237,fit
10238,test
10240,fit
10241,fit
10242,fit
10243,fit
10244,test
10245,test
10246,fit
10247,fit
10248,fit
10249,fit
10250,fit
10251,calibration
10252,fit
10253,fit
10255,fit
10257,test
10258,fit
10259,calibration
10260,fit
10261,fit
10262,fit
10263,calibration
10264,fit
10265,fit
10266,fit
10267,fit
10268,fit
10269,test
10270,fit
10272,fit
10273,fit
10274,test
10275,fit
10276,fit
10277,fit
10278,fit
10279,fit
10280,fit
10281,fit
10282,calibration
10283,fit
10284,fit
10285,calibration
10286,fit
10287,fit
10288,fit
10289,test
10290,calibration
10291,calibration
10292,fit
10293,test
10294,fit
10295,fit
10296,test
10297,calibration
10298,fit
10299,fit
10300,test
10301,test
10302,test
10303,fit
10304,test
10305,fit
10306,calibration
10307,fit
10308,fit
10309,fit
10310,calibration
10311,calibration
10312,calibration
10313,fit
10314,fit
10315,test
10316,fit
10317,fit
10318,fit
10319,test
10320,fit
10321,fit
10322,fit
10323,fit
10324,fit
10325,test
10326,fit
10327,fit
10328,calibration
10329,fit
10330,test
10331,fit
10332,calibration
10333,test
10335,calibration
10336,test
10337,fit
10338,calibration
10339,test
10340,fit
10341,test
10342,test
10343,fit
10344,fit
10345,fit
10346,test
10347,calibration
10348,test
10349,fit
10350,calibration
10351,fit
10352,fit
10353,fit
10354,fit
10355,fit
10356,calibration
10357,fit
10358,fit
10359,calibration
10360,calibration
10361,fit
10362,calibration
10363,test
10364,test
10366,fit
10367,calibration
10368,fit
10369,fit
10370,fit
10371,fit
10372,fit
10373,fit
10374,fit
10375,fit
10376,test
10377,fit
10378,fit
10379,fit
10382,calibration
10383,fit
10384,test
10385,calibration
10386,fit
10388,test
10389,fit
10390,fit
10391,fit
10392,fit
10393,calibration
10394,fit
10395,fit
10396,fit
10397,test
10398,fit
10399,calibration
10400,fit
10401,fit
10402,calibration
10403,fit
10404,fit
10405,fit
10407,calibration
10408,fit
10410,calibration
10411,calibration
10412,calibration
10413,calibration
10414,fit
10415,calibration
10416,calibration
10417,fit
10418,calibration
10419,fit
10420,test
10422,fit
10423,calibration
10424,calibration
10425,fit
10426,fit
10427,fit
10428,calibration
10429,fit
10430,test
10431,calibration
10432,fit
10433,test
10434,calibration
10435,test
10436,test
10437,fit
10438,test
10439,calibration
10440,calibration
10441,calibration
10442,fit
10444,fit
10445,fit
10446,fit
10448,fit
10449,fit
10450,fit
10451,test
10452,fit
10453,fit
10454,fit
10455,fit
10456,fit
10457,calibration
10458,test
10459,fit
10460,test
10461,fit
10462,test
10463,calibration
10464,fit
10465,calibration
10466,fit
10467,fit
10468,fit
10470,fit
10471,test
10472,test
10473,fit
10474,calibration
10475,fit
10476,fit
10477,fit
10478,calibration
10479,fit
10480,calibration
10481,fit
10482,fit
10483,test
10484,calibration
10485,calibration
10486,fit
10487,calibration
10488,test
10489,test
10490,calibration
10491,fit
10492,calibration
10493,fit
10494,fit
10495,test
10496,fit
10497,test
10498,fit
10499,fit
10500,fit
10501,test
10502,fit
10503,test
10504,fit
10505,calibration
10506,fit
10508,calibration
10509,test
10511,fit
10512,calibration
10513,fit
10514,calibration
10515,fit
10516,calibration
10518,test
10519,test
10520,fit
10521,fit
10522,test
10523,test
10524,fit
10525,fit
10526,calibration
10527,test
10528,fit
10529,test
10530,test
10531,fit
10533,calibration
10534,fit
10535,fit
10536,calibration
10537,test
10538,fit
10539,fit
10541,fit
10542,test
10543,test
10544,test
10545,test
10546,fit
10547,calibration
10548,calibration
10549,fit
10550,fit
10551,test
10552,test
10553,calibration
10554,fit
10555,fit
10556,calibration
10557,fit
10558,fit
10560,fit
10561,fit
10562,fit
10563,fit
10564,fit
10565,fit
10566,calibration
10567,calibration
10568,calibration
10569,fit
10570,fit
10571,test
10572,fit
10573,test
10574,fit
10575,fit
10576,calibration
10577,calibration
10578,fit
10579,fit
10580,calibration
10581,test
10582,fit
10583,fit
10584,calibration
10585,fit
10586,calibration
10587,fit
10588,fit
10589,fit
10590,fit
10591,fit
10593,fit
10594,calibration
10595,fit
10596,calibration
10597,test
10598,fit
10599,fit
10600,calibration
10601,test
10602,fit
10603,calibration
10605,calibration
10606,fit
10607,fit
10609,fit
10610,calibration
10611,fit
10612,fit
10613,fit
10614,fit
10615,calibration
10616,fit
10617,fit
10618,fit
10619,calibration
10620,test
10621,fit
10622,fit
10623,fit
10624,calibration
10625,fit
10626,fit
10627,test
10628,calibration
10629,fit
10630,fit
10631,fit
10632,fit
10633,fit
10634,calibration
10635,test
10636,test
10637,fit
10638,fit
10639,test
10640,fit
10641,fit
10642,fit
10643,fit
10644,fit
10645,calibration
10646,fit
10647,fit
10648,test
10649,calibration
10653,calibration
10654,test
10655,calibration
10656,fit
10657,test
10658,fit
10659,test
10660,fit
10661,fit
10662,test
10663,fit
10664,fit
10665,fit
10666,fit
10667,test
10668,fit
10669,fit
10670,fit
10671,fit
10672,fit
10673,fit
10674,test
10675,fit
10676,fit
10677,test
10678,fit
10679,fit
10680,fit
10681,fit
10682,fit
10683,calibration
10684,calibration
10685,calibration
10686,calibration
10687,fit
10688,fit
10689,calibration
10690,calibration
10691,fit
10692,fit
10693,fit
10694,calibration
10695,fit
10696,fit
10698,fit
10699,fit
10700,test
10701,calibration
10702,fit
10703,fit
10704,fit
10705,fit
10706,fit
10707,fit
10708,calibration
10709,test
10710,test
10712,test
10713,calibration
10715,fit
10716,calibration
10717,calibration
10718,test
10720,fit
10721,test
10722,fit
10723,fit
10724,fit
10725,fit
10726,calibration
10727,fit
10728,fit
10729,test
10730,test
10731,fit
10732,calibration
10734,fit
10736,fit
10737,fit
10738,fit
10739,fit
10740,fit
10741,fit
10742,test
10743,fit
10744,fit
10745,fit
10746,calibration
10747,test
10748,fit
10749,calibration
10750,fit
10751,fit
10752,calibration
10753,calibration
10755,fit
10756,fit
10757,test
10758,calibration
10759,calibration
10760,test
10761,fit
10762,test
10763,calibration
10764,fit
10765,fit
10766,calibration
10767,fit
10768,test
10769,fit
10770,test
10771,calibration
10772,calibration
10773,fit
10774,test
10775,fit
10776,fit
10777,calibration
10778,calibration
10779,fit
10780,fit
10781,test
10782,fit
10784,test
10785,test
10786,fit
10787,fit
10788,fit
10789,fit
10790,fit
10791,fit
10792,calibration
10793,fit
10794,test
10795,fit
10796,fit
10797,fit
10798,test
10799,calibration
10800,fit
10801,fit
10802,fit
10803,fit
10804,test
10805,fit
10806,fit
10807,fit
10808,fit
10809,calibration
10810,fit
10811,fit
10812,fit
10813,test
10814,test
10815,fit
10816,test
10817,fit
10818,test
10819,fit
10820,fit
10821,calibration
10822,fit
10823,fit
10824,calibration
10825,fit
10826,calibration
10827,fit
10828,fit
10829,calibration
10830,fit
10831,fit
10832,fit
10833,fit
10834,test
10835,test
10836,calibration
10837,fit
10839,calibration
10842,fit
10843,test
10844,test
10845,fit
10846,fit
10847,fit
10848,calibration
10849,fit
10850,test
10851,test
10852,fit
10853,fit
10854,fit
10855,calibration
10856,fit
10857,fit
10858,test
10859,fit
10860,fit
10861,test
10862,calibration
10863,fit
10864,fit
10865,test
10866,test
10867,fit
10868,test
10869,fit
10870,calibration
10871,fit
10872,fit
10873,calibration
10874,fit
10875,test
10876,calibration
10877,fit
10878,fit
10879,calibration
10880,fit
10881,calibration
10883,test
10884,test
10885,fit
10886,fit
10887,fit
10888,fit
10889,fit
10890,fit
10891,calibration
10892,fit
10893,calibration
10894,calibration
10895,calibration
10896,calibration
10897,calibration
10898,fit
10899,calibration
10900,test
10901,fit
10902,test
10903,calibration
10904,test
10905,fit
10906,fit
10907,calibration
10908,fit
10909,fit
10910,fit
10911,fit
10912,fit
10913,fit
10914,fit
10915,fit
10916,fit
10917,fit
10918,fit
10919,fit
10920,fit
10921,test
10922,fit
10923,fit
10925,fit
10926,fit
10927,fit
10928,calibration
10929,fit
10930,fit
10931,calibration
10932,calibration
10934,fit
10935,test
10936,fit
10937,test
10938,calibration
10939,fit
10940,calibration
10941,calibration
10942,fit
10943,test
10944,fit
10945,fit
10946,fit
10947,fit
10948,test
10949,fit
10950,calibration
10951,test
10952,fit
10953,test
10954,fit
10955,fit
10956,fit
10957,fit
10958,fit
10959,fit
10960,fit
10961,fit
10962,fit
10963,fit
10964,fit
10965,test
10966,fit
10967,fit
10968,fit
10969,calibration
10970,calibration
10971,test
10972,calibration
10973,fit
10974,fit
10975,fit
10976,fit
10977,test
10978,fit
10979,calibration
10980,fit
10981,fit
10982,test
10984,fit
10985,fit
10986,fit
10987,test
10988,test
10989,calibration
10990,fit
10993,fit
10994,fit
10995,fit
10996,fit
10997,fit
10998,fit
10999,test
11000,test
11001,calibration
11002,fit
11003,fit
11004,test
11006,test
11007,fit
11008,fit
11009,fit
11010,fit
11011,test
11012,fit
11013,fit
11014,fit
11015,calibration
11016,fit
11017,fit
11018,calibration
11019,test
11020,fit
11021,fit
11022,fit
11024,fit
11025,fit
11026,fit
11027,test
11028,fit
11029,fit
11030,fit
11031,test
11032,calibration
11033,fit
11034,fit
11035,calibration
11036,fit
11037,fit
11038,test
11039,fit
11040,calibration
11041,fit
11042,fit
11044,fit
11045,calibration
11046,calibration
11047,fit
11048,calibration
11049,fit
11050,test
11051,fit
11052,fit
11053,calibration
11054,test
11055,test
11056,test
11057,calibration
11058,fit
11059,calibration
11060,fit
11061,fit
11062,fit
11063,calibration
11065,fit
11066,fit
11067,fit
11068,test
11069,calibration
11070,fit
11071,fit
11072,calibration
11073,fit
11074,fit
11075,fit
11076,fit
11077,calibration
11078,fit
11079,fit
11082,fit
11083,fit
11084,calibration
11085,fit
11086,fit
11087,calibration
11088,fit
11089,calibration
11090,calibration
11091,fit
11092,fit
11093,calibration
11094,fit
11095,fit
11096,test
11097,test
11098,fit
11099,test
11100,test
11101,fit
11102,fit
11103,fit
11104,fit
11105,calibration
11106,calibration
11107,test
11108,fit
11109,calibration
11110,calibration
11111,fit
11112,fit
11113,fit
11114,fit
11115,test
11116,test
11117,fit
11118,calibration
11119,fit
11120,fit
11121,fit
11122,test
11123,fit
11124,calibration
11125,test
11126,fit
11127,fit
11128,fit
11129,test
11130,test
11131,fit
11132,test
11133,fit
11134,fit
11135,test
11136,fit
11137,fit
11138,test
11139,fit
11140,fit
11141,fit
11142,fit
11143,fit
11144,fit
11145,calibration
11146,fit
11147,fit
11148,calibration
11149,calibration
11150,fit
11151,fit
11152,test
11153,fit
11154,fit
11155,fit
11156,fit
11157,calibration
11158,fit
11159,fit
11160,fit
11161,fit
11162,calibration
11163,test
11164,fit
11165,calibration
11167,fit
11168,calibration
11169,fit
11170,fit
11171,fit
11172,fit
11173,calibration
11174,test
11175,fit
11176,fit
11177,test
11178,fit
11179,test
11180,test
11181,fit
11182,fit
11183,fit
11184,fit
11185,fit
11186,test
11187,fit
11188,fit
11189,test
11190,test
11191,fit
11192,test
11193,fit
11194,fit
11195,calibration
11196,fit
11197,test
11198,fit
11199,fit
11200,fit
11201,calibration
11202,fit
11203,fit
11204,fit
11205,fit
11206,test
11207,fit
11208,fit
11209,fit
11210,fit
11211,fit
11212,test
11213,fit
11214,fit
11215,calibration
11216,test
11217,fit
11218,fit
11219,fit
11220,fit
11221,fit
11222,fit
11223,fit
11224,fit
11225,fit
11226,fit
11227,fit
11228,calibration
11229,fit
11230,test
11231,test
11232,fit
11233,fit
11234,calibration
11235,calibration
11236,fit
11237,fit
11239,calibration
11240,fit
11241,test
11242,fit
11243,fit
11244,test
11245,calibration
11246,fit
11247,fit
11248,calibration
11249,fit
11250,fit
11251,test
11252,fit
11253,fit
11254,calibration
11256,fit
11257,test
11258,fit
11259,fit
11260,calibration
11261,fit
11262,calibration
11263,test
11264,test
11265,test
11266,fit
11268,fit
11269,fit
11270,fit
11271,fit
11272,fit
11273,fit
11274,test
11275,calibration
11276,test
11277,test
11278,fit
11279,test
11280,fit
11281,calibration
11282,test
11283,fit
11284,calibration
11285,test
11286,calibration
11287,test
11288,fit
11289,test
11290,test
11291,fit
11292,fit
11293,fit
11294,fit
11295,fit
11296,fit
11298,fit
11299,calibration
11300,fit
11301,fit
11302,fit
11303,calibration
11304,fit
11305,fit
11306,fit
11307,fit
11308,fit
11309,fit
11310,calibration
11311,calibration
11312,fit
11313,calibration
11314,fit
11315,calibration
11316,fit
11317,fit
11318,fit
11319,fit
11320,test
11321,fit
11322,fit
11323,fit
11324,fit
11325,test
11326,fit
11329,fit
11330,fit
11331,fit
11332,fit
11333,test
11334,fit
11336,fit
11337,test
11338,fit
11339,test
11340,calibration
11341,fit
11342,fit
11343,fit
11344,test
11345,fit
11346,fit
11347,fit
11348,fit
11349,fit
11350,fit
11351,fit
11352,fit
11353,test
11354,fit
11355,calibration
11356,fit
11358,fit
11359,calibration
11360,fit
11361,fit
11362,test
11363,fit
11364,fit
11365,test
11366,test
11367,fit
11369,calibration
11370,fit
11371,fit
11372,fit
11373,calibration
11374,fit
11375,calibration
11376,test
11377,test
11378,fit
11379,fit
11380,calibration
11381,fit
11382,fit
11383,fit
11384,fit
11385,test
11386,fit
11387,test
11388,calibration
11389,fit
11390,fit
11391,calibration
11392,fit
11393,calibration
11394,calibration
11395,fit
11397,fit
11398,test
11399,fit
11401,fit
11402,fit
11403,fit
11404,test
11405,calibration
11406,fit
11407,fit
11408,fit
11409,fit
11410,fit
11411,fit
11412,test
11413,calibration
11414,test
11415,fit
11416,fit
11417,fit
11418,calibration
11419,calibration
11420,fit
11421,test
11422,fit
11423,test
11424,calibration
11425,fit
11426,fit
11427,test
11428,fit
11429,fit
11430,test
11431,fit
11432,test
11433,fit
11434,calibration
11435,fit
11436,fit
11437,test
11438,calibration
11439,calibration
11440,test
11441,fit
11442,fit
11443,fit
11444,fit
11445,fit
11446,test
11447,fit
11448,calibration
11449,test
11450,calibration
11451,fit
11452,fit
11453,fit
11454,test
11455,calibration
11456,fit
11457,fit
11458,fit
11459,fit
11460,fit
11461,fit
11462,test
11463,calibration
11464,fit
11465,calibration
11466,fit
11467,fit
11468,fit
11469,calibration
11470,fit
11471,fit
11472,calibration
11473,fit
11474,fit
11475,fit
11476,calibration
11477,fit
11478,test
11480,fit
11481,fit
11482,test
11483,fit
11484,calibration
11485,fit
11486,calibration
11487,fit
11488,calibration
11489,fit
11490,test
11491,fit
11492,fit
11493,fit
11494,fit
11495,calibration
11496,calibration
11497,fit
11498,fit
11499,fit
11501,test
11502,fit
11503,fit
11506,test
11507,test
11508,fit
11509,test
11510,fit
11511,fit
11512,test
11513,fit
11514,fit
11515,calibration
11516,fit
11517,fit
11518,fit
11519,fit
11520,test
11521,test
11522,fit
11524,fit
11525,fit
11526,fit
11527,fit
11528,test
11529,calibration
11530,test
11533,fit
11534,test
11535,fit
11536,test
11537,fit
11538,calibration
11539,fit
11540,test
11541,test
11542,fit
11543,fit
11544,test
11545,fit
11546,fit
11547,fit
11548,fit
11549,calibration
11550,fit
11551,fit
11552,test
11553,test
11554,test
11555,fit
11556,fit
11557,test
11558,fit
11559,fit
11560,fit
11561,calibration
11562,fit
11563,fit
11564,fit
11565,fit
11566,test
11567,fit
11568,calibration
11569,fit
11570,fit
11571,fit
11572,fit
11573,fit
11574,test
11575,fit
11576,fit
11577,fit
11578,test
11579,fit
11580,fit
11581,fit
11582,test
11583,fit
11584,calibration
11586,fit
11587,fit
11588,fit
11589,test
11590,calibration
11591,fit
11592,calibration
11593,fit
11594,fit
11595,fit
11596,test
11597,fit
11598,calibration
11599,calibration
11601,test
11602,fit
11603,fit
11604,fit
11605,fit
11606,calibration
11608,fit
11609,calibration
11611,fit
11612,fit
11613,fit
11614,fit
11615,fit
11616,fit
11617,fit
11618,fit
11619,fit
11620,calibration
11621,fit
11622,fit
11623,fit
11624,fit
11625,fit
11626,fit
11627,fit
11628,test
11629,calibration
11630,calibration
11631,fit
11632,fit
11633,fit
11634,calibration
11635,fit
11636,fit
11637,calibration
11638,fit
11639,fit
11640,fit
11641,test
11642,fit
11643,fit
11644,fit
11645,fit
11646,fit
11647,calibration
11648,fit
11649,fit
11650,fit
11651,fit
11652,fit
11653,fit
11654,test
11655,test
11656,fit
11657,calibration
11658,fit
11659,fit
11660,calibration
11661,fit
11662,fit
11663,fit
11664,fit
11665,calibration
11666,calibration
11667,calibration
11668,fit
11669,fit
11670,test
11671,calibration
11672,test
11673,fit
11674,fit
11675,fit
11676,fit
11677,calibration
11678,calibration
11679,fit
11680,calibration
11681,fit
11682,calibration
11683,calibration
11684,test
11685,test
11686,calibration
11687,fit
11688,fit
11689,fit
11690,fit
11691,fit
11692,calibration
11693,calibration
11694,calibration
11695,fit
11696,test
11697,fit
11698,calibration
11699,calibration
11700,test
11701,fit
11702,fit
11703,calibration
11704,fit
11705,fit
11706,calibration
11707,test
11709,fit
11711,fit
11712,test
11713,fit
11714,test
11715,calibration
11716,calibration
11717,fit
11718,test
11719,fit
11720,fit
11721,fit
11722,calibration
11723,calibration
11724,test
11725,fit
11726,fit
11727,fit
11728,fit
11729,test
11730,calibration
11731,fit
11732,calibration
11733,fit
11734,fit
11735,calibration
11736,calibration
11737,calibration
11738,fit
11739,fit
11740,fit
11741,fit
11742,calibration
11743,fit
11744,fit
11745,test
11746,fit
11747,fit
11748,fit
11749,calibration
11750,calibration
11751,fit
11752,test
11753,test
11754,test
11755,fit
11756,fit
11757,test
11758,fit
11759,calibration
11760,fit
11761,test
11762,fit
11763,fit
11764,fit
11765,calibration
11767,fit
11768,fit
11769,fit
11771,calibration
11772,fit
11773,fit
11774,calibration
11775,fit
11776,fit
11777,fit
11778,fit
11779,calibration
11780,fit
11781,test
11782,fit
11783,fit
11784,fit
11785,calibration
11786,calibration
11787,calibration
11788,calibration
11789,fit
11790,fit
11791,test
11792,test
11793,test
11794,calibration
11795,calibration
11796,fit
11797,fit
11798,fit
11799,fit
11800,fit
11801,fit
11802,calibration
11803,fit
11804,calibration
11805,fit
11806,fit
11807,fit
11808,test
11809,fit
11810,fit
11811,fit
11812,fit
11813,test
11814,fit
11815,fit
11816,calibration
11817,calibration
11818,fit
11819,fit
11820,calibration
11821,calibration
11822,fit
11823,fit
11824,fit
11825,fit
11826,fit
11827,fit
11828,fit
11829,fit
11830,test
11831,calibration
11832,calibration
11833,fit
11834,fit
11835,fit
11836,fit
11837,fit
11838,fit
11839,fit
11840,test
11841,fit
11842,fit
11843,test
11844,fit
11845,fit
11846,fit
11847,fit
11848,fit
11849,fit
11850,fit
11851,fit
11852,fit
11853,calibration
11854,fit
11855,fit
11856,calibration
11857,calibration
11858,fit
11860,fit
11861,fit
11862,calibration
11864,calibration
11865,fit
11866,fit
11867,fit
11868,fit
11869,fit
11870,calibration
11871,calibration
11872,fit
11873,fit
11874,fit
11875,fit
11876,fit
11877,fit
11878,fit
11879,fit
11880,fit
11881,calibration
11882,fit
11883,calibration
11884,fit
11885,fit
11886,calibration
11887,test
11888,fit
11889,fit
11890,fit
11891,test
11892,calibration
11893,fit
11894,fit
11895,test
11896,fit
11897,fit
11898,fit
11899,fit
11900,calibration
11901,fit
11902,test
11903,fit
11904,fit
11905,fit
11906,test
11909,test
11910,fit
11911,fit
11912,test
11913,calibration
11914,fit
11915,calibration
11916,fit
11917,fit
11918,test
11919,fit
11920,fit
11921,calibration
11922,fit
11923,fit
11924,fit
11925,fit
11926,fit
11927,fit
11928,fit
11929,calibration
11930,calibration
11931,calibration
11932,fit
11933,calibration
11934,calibration
11935,calibration
11936,calibration
11937,calibration
11938,fit
11939,calibration
11940,fit
11941,calibration
11943,fit
11944,fit
11945,fit
11946,fit
11947,test
11948,fit
11949,fit
11950,fit
11951,calibration
11952,fit
11953,fit
11954,fit
11955,test
11956,fit
11957,calibration
11958,test
11959,fit
11960,test
11961,test
11962,fit
11963,test
11964,test
11965,fit
11966,test
11967,fit
11968,fit
11969,calibration
11970,fit
11971,fit
11972,fit
11973,calibration
11974,calibration
11975,calibration
11976,calibration
11978,calibration
11979,fit
11980,fit
11981,fit
11982,fit
11983,test
11984,test
11985,fit
11986,calibration
11987,fit
11988,fit
11989,fit
11990,fit
11991,test
11992,test
11993,fit
11994,fit
11995,fit
11996,test
11997,calibration
11998,calibration
11999,fit
12000,fit
12001,fit
12002,calibration
12003,calibration
12004,test
12005,test
12006,calibration
12007,fit
12008,fit
12009,fit
12010,fit
12011,fit
12012,fit
12013,fit
12014,calibration
12015,test
12016,test
12017,calibration
12018,fit
12019,calibration
12020,calibration
12021,fit
12022,fit
12023,fit
12024,fit
12025,calibration
12029,fit
12030,test
12031,fit
12032,fit
12033,fit
12034,fit
12035,fit
12036,test
12037,fit
12038,fit
12039,calibration
12040,fit
12041,fit
12042,fit
12043,fit
12044,fit
12045,fit
12046,fit
12047,fit
12048,calibration
12049,fit
12050,fit
12051,fit
12052,test
12053,fit
12054,fit
12055,calibration
12056,fit
12057,fit
12058,fit
12059,calibration
12060,fit
12061,test
12062,fit
12063,calibration
12064,fit
12065,fit
12066,fit
12067,test
12068,fit
12069,calibration
12070,test
12071,fit
12072,fit
12073,calibration
12074,fit
12075,fit
12076,fit
12078,fit
12079,fit
12080,calibration
12081,fit
12082,calibration
12083,calibration
12084,test
12085,calibration
12086,calibration
12087,fit
12088,fit
12089,fit
12090,fit
12091,fit
12092,calibration
12093,fit
12094,fit
12095,calibration
12096,fit
12097,fit
12098,test
12099,fit
12101,fit
12102,test
12103,calibration
12104,test
12105,test
12106,calibration
12107,fit
12108,calibration
12109,calibration
12110,calibration
12111,test
12112,test
12113,fit
12114,calibration
12115,calibration
12116,calibration
12118,fit
12119,fit
12120,test
12121,test
12122,fit
12123,calibration
12124,fit
12125,fit
12126,fit
12127,fit
12128,fit
12129,fit
12130,fit
12131,fit
12132,fit
12133,fit
12134,calibration
12135,calibration
12136,test
12137,test
12138,fit
12139,fit
12140,calibration
12141,fit
12142,fit
12143,calibration
12144,fit
12145,fit
12146,fit
12147,test
12148,fit
12149,fit
12150,fit
12151,test
12152,fit
12153,calibration
12154,test
12155,test
12156,fit
12157,fit
12158,fit
12159,fit
12160,fit
12161,fit
12162,test
12163,test
12164,fit
12165,fit
12166,calibration
12167,fit
12168,test
12169,calibration
12170,fit
12171,fit
12172,fit
12173,test
12174,test
12175,test
12176,fit
12177,calibration
12180,fit
12181,test
12182,fit
12183,fit
12184,fit
12185,test
12186,fit
12187,fit
12188,fit
12189,fit
12190,test
12191,calibration
12192,fit
12193,fit
12194,fit
12195,fit
12196,test
12197,calibration
12198,test
12200,fit
12202,fit
12203,fit
12204,calibration
12205,calibration
12206,fit
12207,calibration
12208,fit
12209,fit
12210,test
12211,fit
12212,calibration
12213,fit
12214,fit
12215,fit
12216,test
12217,fit
12218,fit
12220,fit
12221,fit
12222,fit
12223,calibration
12224,calibration
12225,calibration
12226,calibration
12227,fit
12228,test
12229,fit
12230,test
12231,fit
12232,fit
12233,test
12234,fit
12235,calibration
12236,calibration
12237,test
12238,fit
12239,test
12240,test
12241,fit
12242,calibration
12244,fit
12245,test
12246,test
12247,fit
12248,calibration
12249,calibration
12250,fit
12251,fit
12252,test
12253,fit
12255,fit
12256,fit
12257,calibration
12258,fit
12259,fit
12260,test
12261,test
12262,test
12263,calibration
12264,fit
12266,calibration
12267,fit
12268,calibration
12269,fit
12270,calibration
12272,test
12273,test
12274,fit
12275,fit
12276,fit
12277,calibration
12278,fit
12279,test
12280,fit
12281,calibration
12282,calibration
12283,fit
12284,fit
12285,test
12286,fit
12287,fit
12289,calibration
12290,fit
12291,calibration
12292,fit
12293,calibration
12294,fit
12295,calibration
12296,fit
12297,calibration
12298,calibration
12299,test
12300,calibration
12301,fit
12302,calibration
12303,fit
12304,fit
12305,fit
12306,test
12307,fit
12308,test
12309,calibration
12310,test
12311,fit
12313,fit
12314,fit
12315,test
12316,fit
12317,calibration
12318,test
12319,fit
12320,fit
12321,calibration
12322,fit
12323,fit
12324,test
12325,test
12326,fit
12327,fit
12328,fit
12329,test
12330,test
12331,fit
12332,fit
12333,fit
12334,fit
12335,test
12336,test
12337,fit
12338,calibration
12339,fit
12340,fit
12341,fit
12342,fit
12343,test
12344,calibration
12345,fit
12346,test
12347,fit
12348,fit
12349,calibration
12350,test
12351,fit
12352,calibration
12353,test
12354,fit
12355,fit
12356,calibration
12357,fit
12358,test
12359,fit
12360,fit
12361,calibration
12362,fit
12363,calibration
12364,test
12365,calibration
12366,fit
12367,fit
12368,fit
12369,calibration
12370,test
12371,test
12372,fit
12373,fit
12374,fit
12375,fit
12377,fit
12378,calibration
12379,test
12380,fit
12381,fit
12382,fit
12383,fit
12384,fit
12385,fit
12386,fit
12387,calibration
12389,fit
12390,test
12391,calibration
12392,test
12394,calibration
12395,calibration
12396,fit
12397,test
12398,fit
12399,fit
12400,calibration
12401,fit
12402,fit
12403,fit
12404,calibration
12405,calibration
12406,fit
12407,test
12408,fit
12409,fit
12411,fit
12412,fit
12413,fit
12414,test
12415,fit
12416,fit
12417,fit
12418,fit
12419,fit
12420,fit
12421,calibration
12422,fit
12423,calibration
12424,fit
12425,fit
12426,fit
12427,fit
12428,calibration
12429,test
12430,fit
12431,fit
12432,test
12434,fit
12435,test
12436,fit
12437,fit
12438,fit
12439,test
12440,calibration
12441,fit
12442,fit
12443,calibration
12444,calibration
12445,fit
12446,calibration
12447,fit
12448,fit
12449,test
12450,fit
12452,fit
12453,fit
12454,fit
12455,calibration
12456,test
12457,calibration
12458,fit
12459,calibration
12460,test
12461,fit
12462,fit
12463,test
12464,fit
12465,fit
12466,calibration
12467,fit
12468,fit
12469,test
12470,fit
12471,fit
12472,fit
12473,fit
12475,fit
12476,calibration
12477,fit
12478,fit
12479,test
12480,fit
12481,fit
12482,test
12483,calibration
12484,fit
12485,fit
12486,test
12487,fit
12488,calibration
12489,fit
12490,test
12491,fit
12492,calibration
12493,test
12494,fit
12496,fit
12497,calibration
12499,fit
12500,fit
12502,test
12503,fit
12504,fit
12505,fit
12506,calibration
12507,fit
12508,fit
12509,fit
12510,fit
12511,test
12512,fit
12513,test
12514,calibration
12515,calibration
12516,fit
12517,fit
12518,fit
12519,fit
12520,fit
12521,fit
12522,fit
12523,fit
12524,fit
12525,fit
12526,fit
12527,test
12528,test
12530,fit
12531,calibration
12532,test
12533,fit
12534,test
12535,test
12536,test
12537,fit
12538,calibration
12539,fit
12540,fit
12541,calibration
12542,fit
12543,calibration
12544,calibration
12545,fit
12547,fit
12548,calibration
12549,fit
12550,fit
12551,test
12552,fit
12553,fit
12554,test
12555,test
12556,fit
12557,fit
12558,test
12559,fit
12560,fit
12561,test
12562,calibration
12563,fit
12564,fit
12565,calibration
12566,fit
12567,fit
12568,calibration
12569,fit
12570,calibration
12571,fit
12572,calibration
12573,fit
12574,fit
12575,fit
12576,calibration
12577,test
12578,calibration
12579,calibration
12580,test
12581,fit
12582,test
12583,calibration
12584,fit
12585,fit
12586,calibration
12587,fit
12588,fit
12589,test
12590,test
12591,test
12592,calibration
12593,fit
12594,fit
12595,calibration
12596,fit
12597,fit
12598,calibration
12599,fit
12600,fit
12601,test
12603,test
12604,fit
12605,fit
12606,fit
12607,calibration
12608,fit
12609,fit
12610,test
12611,fit
12612,test
12613,fit
12614,calibration
12615,fit
12616,calibration
12617,fit
12618,fit
12619,fit
12620,fit
12621,fit
12622,fit
12623,test
12624,calibration
12625,fit
12626,fit
12627,test
12628,fit
12629,calibration
12630,fit
12631,test
12632,fit
12633,fit
12634,fit
12635,fit
12636,test
12637,fit
12638,fit
12640,calibration
12641,fit
12642,fit
12643,fit
12644,fit
12645,fit
12646,fit
12647,test
12648,calibration
12650,fit
12651,fit
12652,fit
12653,fit
12654,test
12655,test
12656,fit
12657,calibration
12658,fit
12660,test
12661,calibration
12662,calibration
12663,calibration
12664,fit
12667,calibration
12668,fit
12669,test
12670,calibration
12671,fit
12672,test
12673,fit
12674,calibration
12675,fit
12676,fit
12677,test
12678,test
12679,test
12680,fit
12681,calibration
12682,test
12683,test
12684,fit
12685,fit
12686,test
12687,fit
12688,fit
12689,test
12690,fit
12691,test
12692,test
12693,test
12694,test
12695,fit
12696,fit
12697,test
12698,test
12699,fit
12700,test
12701,test
12702,fit
12703,calibration
12704,fit
12705,fit
12706,fit
12707,test
12708,calibration
12709,fit
12711,calibration
12712,calibration
12713,fit
12714,fit
12715,fit
12716,fit
12717,fit
12718,fit
12719,fit
12720,calibration
12721,test
12722,calibration
12723,fit
12724,fit
12725,fit
12726,fit
12727,fit
12728,fit
12729,calibration
12730,fit
12731,calibration
12732,fit
12733,fit
12734,fit
12735,fit
12736,calibration
12737,calibration
12738,fit
12739,calibration
12740,fit
12741,fit
12742,fit
12743,fit
12744,test
12745,fit
12746,calibration
12747,fit
12748,calibration
12749,fit
12750,fit
12751,test
12752,fit
12753,fit
12754,fit
12755,fit
12756,fit
12757,fit
12758,fit
12760,fit
12761,test
12762,calibration
12763,calibration
12764,fit
12765,calibration
12766,fit
12767,fit
12768,fit
12770,fit
12771,fit
12772,calibration
12773,fit
12774,fit
12775,calibration
12776,fit
12777,fit
12778,calibration
12779,test
12780,calibration
12781,fit
12782,fit
12783,fit
12784,fit
12785,test
12786,fit
12787,calibration
12788,calibration
12789,test
12790,test
12791,test
12792,fit
12793,fit
12794,fit
12795,calibration
12796,fit
12797,fit
12798,fit
12799,fit
12800,fit
12801,fit
12802,fit
12803,fit
12804,fit
12805,fit
12806,fit
12807,calibration
12808,test
12809,calibration
12810,fit
12811,calibration
12812,fit
12813,fit
12814,test
12815,calibration
12816,fit
12817,fit
12818,fit
12819,fit
12820,fit
12821,fit
12822,test
12823,fit
12825,calibration
12826,calibration
12827,test
12828,fit
12829,fit
12830,fit
12831,fit
12832,fit
12834,test
12835,fit
12836,fit
12837,fit
12838,fit
12839,calibration
12840,fit
12841,fit
12842,fit
12843,test
12844,fit
12845,test
12846,fit
12847,fit
12848,test
12849,fit
12850,calibration
12851,calibration
12852,fit
12853,fit
12854,calibration
12855,calibration
12856,test
12857,fit
12858,fit
12859,calibration
12860,fit
12861,fit
12862,test
12863,fit
12864,fit
12865,fit
12866,fit
12867,fit
12868,fit
12869,fit
12870,fit
12871,fit
12872,fit
12873,fit
12874,fit
12875,fit
12876,fit
12877,test
12878,calibration
12879,fit
12880,fit
12881,fit
12882,test
12883,test
12884,calibration
12885,fit
12886,fit
12887,fit
12888,fit
12889,calibration
12890,test
12891,fit
12892,calibration
12893,test
12894,fit
12895,fit
12896,fit
12897,fit
12898,test
12899,fit
12900,fit
12901,fit
12902,fit
12903,fit
12904,fit
12905,fit
12906,fit
12907,fit
12909,fit
12910,fit
12911,fit
12912,fit
12913,calibration
12914,fit
12915,fit
12916,test
12917,fit
12918,calibration
12919,fit
12920,fit
12921,fit
12922,fit
12924,fit
12925,fit
12926,calibration
12927,test
12928,calibration
12929,fit
12930,fit
12931,calibration
12932,fit
12933,fit
12934,fit
12935,fit
12936,test
12937,fit
12938,fit
12939,fit
12940,test
12941,fit
12942,calibration
12943,fit
12944,calibration
12947,calibration
12948,fit
12949,calibration
12950,fit
12951,calibration
12952,test
12953,fit
12954,fit
12955,fit
12956,fit
12957,calibration
12958,test
12959,test
12960,fit
12961,fit
12962,fit
12963,fit
12964,calibration
12965,calibration
12966,calibration
12968,fit
12970,fit
12971,calibration
12972,calibration
12973,calibration
12974,fit
12975,fit
12976,calibration
12977,fit
12978,fit
12979,fit
12980,fit
12981,calibration
12982,fit
12983,fit
12984,test
12985,test
12986,fit
12987,calibration
12988,fit
12989,calibration
12990,fit
12991,fit
12992,test
12993,fit
12994,fit
12995,test
12996,fit
12997,calibration
12998,calibration
12999,test
13000,fit
13001,fit
13002,fit
13003,fit
13004,calibration
13005,fit
13006,fit
13007,fit
13008,calibration
13010,fit
13011,test
13012,test
13014,test
13015,fit
13016,fit
13017,fit
13018,fit
13019,test
13020,calibration
13021,test
13022,test
13023,fit
13024,fit
13025,fit
13026,calibration
13027,calibration
13028,fit
13029,fit
13030,fit
13031,calibration
13032,fit
13033,fit
13034,fit
13035,fit
13036,fit
13037,fit
13038,fit
13039,calibration
13040,fit
13041,fit
13042,calibration
13043,fit
13045,fit
13046,fit
13047,fit
13048,fit
13049,fit
13050,calibration
13051,fit
13052,calibration
13053,fit
13054,test
13055,fit
13056,fit
13057,fit
13058,calibration
13059,fit
13060,fit
13061,fit
13062,calibration
13063,test
13064,fit
13065,fit
13066,fit
13067,fit
13068,fit
13069,test
13070,calibration
13071,fit
13072,fit
13073,test
13074,fit
13075,fit
13076,calibration
13077,fit
13078,fit
13079,fit
13080,fit
13081,calibration
13082,fit
13083,fit
13084,fit
13085,fit
13086,fit
13087,calibration
13088,fit
13089,calibration
13090,fit
13091,fit
13092,fit
13093,fit
13094,fit
13096,fit
13097,fit
13098,fit
13099,fit
13100,calibration
13101,fit
13102,calibration
13103,fit
13104,fit
13105,fit
13106,fit
13107,fit
13108,fit
13110,fit
13111,test
13113,fit
13114,calibration
13115,fit
13116,fit
13117,fit
13118,calibration
13119,test
13120,calibration
13121,fit
13122,test
13123,fit
13124,fit
13125,fit
13126,fit
13127,fit
13128,fit
13129,fit
13131,test
13132,fit
13133,fit
13134,test
13135,fit
13136,test
13137,fit
13138,fit
13139,fit
13140,fit
13141,test
13142,fit
13143,fit
13144,test
13145,fit
13146,test
13147,fit
13148,test
13149,fit
13151,test
13152,fit
13153,test
13154,test
13155,fit
13156,fit
13157,fit
13158,fit
13162,calibration
13163,fit
13164,calibration
13165,fit
13166,calibration
13167,fit
13168,fit
13169,fit
13170,calibration
13171,test
13172,calibration
13173,fit
13174,fit
13175,calibration
13176,test
13177,calibration
13179,fit
13180,fit
13181,calibration
13182,fit
13183,calibration
13184,fit
13185,fit
13186,test
13187,calibration
13188,fit
13189,fit
13190,fit
13191,calibration
13192,fit
13193,fit
13194,calibration
13195,fit
13196,calibration
13197,fit
13198,fit
13199,fit
13201,fit
13202,calibration
13204,fit
13205,test
13206,fit
13207,calibration
13208,fit
13209,fit
13210,fit
13211,test
13212,fit
13213,fit
13215,calibration
13216,fit
13217,fit
13218,calibration
13219,fit
13220,test
13221,fit
13222,fit
13223,test
13224,fit
13225,fit
13226,fit
13227,test
13228,fit
13229,test
13230,calibration
13231,fit
13232,fit
13233,fit
13234,fit
13235,fit
13236,fit
13237,fit
13238,fit
13239,test
13241,fit
13242,calibration
13243,fit
13244,fit
13245,fit
13246,fit
13248,test
13249,fit
13250,fit
13251,calibration
13252,calibration
13253,fit
13254,fit
13255,fit
13256,calibration
13257,test
13258,fit
13259,fit
13260,test
13261,fit
13262,fit
13263,fit
13264,fit
13266,fit
13267,test
13268,test
13269,fit
13270,calibration
13271,fit
13272,calibration
13273,fit
13274,fit
13275,test
13276,calibration
13277,fit
13278,fit
13279,test
13280,test
13281,fit
13282,fit
13283,fit
13284,fit
13285,calibration
13286,calibration
13287,fit
13288,fit
13289,test
13290,fit
13291,fit
13292,fit
13293,fit
13294,calibration
13295,fit
13296,test
13297,fit
13298,fit
13300,fit
13302,test
13303,fit
13304,calibration
13305,test
13306,calibration
13307,fit
13308,fit
13309,calibration
13310,calibration
13311,fit
13312,calibration
13313,test
13314,test
13315,fit
13316,calibration
13317,calibration
13318,test
13319,fit
13320,fit
13321,fit
13322,fit
13323,fit
13324,fit
13325,test
13326,calibration
13327,fit
13328,calibration
13329,fit
13330,fit
13331,fit
13332,fit
13333,fit
13334,fit
13335,fit
13336,fit
13337,fit
13338,calibration
13339,fit
13340,fit
13341,calibration
13342,fit
13343,fit
13344,calibration
13345,fit
13346,fit
13347,fit
13348,fit
13349,fit
13351,fit
13352,test
13353,fit
13354,calibration
13355,test
13356,calibration
13357,fit
13358,fit
13359,calibration
13360,fit
13361,test
13362,fit
13364,calibration
13365,fit
13367,calibration
13368,fit
13369,fit
13370,fit
13371,calibration
13372,fit
13373,fit
13374,calibration
13375,test
13376,fit
13377,fit
13378,fit
13379,fit
13380,fit
13381,calibration
13382,fit
13383,calibration
13384,test
13385,fit
13386,fit
13387,calibration
13388,test
13389,fit
13390,calibration
13391,test
13392,fit
13393,fit
13394,test
13395,fit
13396,fit
13397,fit
13398,fit
13399,calibration
13400,fit
13401,test
13402,fit
13403,calibration
13404,fit
13405,test
13406,calibration
13408,fit
13409,fit
13410,calibration
13411,fit
13412,test
13413,fit
13414,calibration
13415,fit
13416,fit
13417,fit
13418,fit
13419,test
13420,test
13421,fit
13422,fit
13423,fit
13424,calibration
13425,fit
13426,fit
13427,calibration
13428,calibration
13429,calibration
13430,test
13431,fit
13432,fit
13433,fit
13434,fit
13435,fit
13436,fit
13437,fit
13438,fit
13439,fit
13440,calibration
13441,calibration
13442,fit
13443,test
13444,calibration
13445,test
13446,fit
13447,test
13448,fit
13449,fit
13450,fit
13451,fit
13452,fit
13453,fit
13454,calibration
13455,test
13456,fit
13457,test
13458,fit
13459,fit
13460,fit
13461,test
13462,calibration
13463,fit
13464,test
13465,fit
13466,fit
13467,fit
13469,fit
13470,calibration
13471,fit
13472,fit
13473,fit
13474,fit
13475,test
13476,test
13477,calibration
13478,fit
13479,fit
13480,fit
13481,calibration
13482,fit
13483,fit
13484,calibration
13485,fit
13486,fit
13487,fit
13488,fit
13489,test
13490,fit
13491,fit
13492,fit
13493,calibration
13494,fit
13495,calibration
13496,calibration
13497,fit
13498,fit
13499,test
13500,fit
13501,fit
13503,fit
13504,test
13505,fit
13506,fit
13507,fit
13508,fit
13509,calibration
13510,test
13511,fit
13512,fit
13513,test
13515,calibration
13516,calibration
13517,calibration
13518,fit
13519,fit
13520,fit
13521,fit
13522,calibration
13523,calibration
13524,fit
13525,calibration
13526,test
13528,calibration
13529,fit
13530,fit
13531,fit
13532,fit
13533,calibration
13534,fit
13536,calibration
13537,fit
13538,fit
13539,test
13540,fit
13541,fit
13542,fit
13543,test
13544,fit
13545,calibration
13546,fit
13547,calibration
13548,fit
13549,fit
13550,fit
13551,test
13552,calibration
13553,fit
13554,fit
13556,calibration
13557,test
13558,calibration
13559,fit
13560,test
13561,fit
13562,fit
13563,test
13564,calibration
13565,fit
13566,fit
13567,fit
13568,fit
13569,fit
13570,calibration
13571,fit
13573,fit
13574,fit
13575,fit
13576,fit
13577,fit
13578,fit
13579,fit
13580,fit
13581,calibration
13582,fit
13583,fit
13584,calibration
13585,fit
13586,fit
13588,fit
13589,fit
13590,fit
13591,fit
13593,calibration
13594,fit
13595,calibration
13596,test
13597,test
13599,calibration
13600,calibration
13601,fit
13603,fit
13604,fit
13605,fit
13606,test
13607,fit
13608,test
13609,fit
13610,test
13611,fit
13613,test
13614,fit
13615,fit
13616,calibration
13617,test
13618,test
13619,fit
13620,fit
13621,fit
13622,fit
13623,fit
13624,test
13625,fit
13626,calibration
13627,calibration
13628,calibration
13631,test
13632,test
13633,test
13634,fit
13635,calibration
13636,calibration
13637,test
13638,fit
13639,fit
13640,fit
13642,fit
13643,fit
13644,fit
13646,fit
13647,test
13648,calibration
13649,fit
13650,fit
13651,fit
13652,test
13653,fit
13654,fit
13655,calibration
13656,fit
13657,fit
13658,fit
13659,fit
13660,test
13661,test
13662,fit
13663,calibration
13664,fit
13665,fit
13666,fit
13667,calibration
13669,fit
13670,test
13671,test
13672,test
13673,fit
13674,fit
13675,fit
13676,fit
13677,test
13678,fit
13679,test
13680,fit
13681,fit
13682,fit
13683,fit
13684,fit
13685,fit
13686,fit
13688,fit
13690,calibration
13691,test
13692,calibration
13693,fit
13694,fit
13695,fit
13696,fit
13697,fit
13698,fit
13699,test
13700,test
13701,calibration
13702,test
13703,test
13704,calibration
13705,fit
13706,fit
13707,fit
13708,test
13709,calibration
13710,calibration
13711,fit
13712,fit
13713,fit
13714,fit
13715,test
13716,fit
13717,fit
13718,test
13719,test
13720,calibration
13721,fit
13722,fit
13723,fit
13724,fit
13725,fit
13726,fit
13727,fit
13728,test
13729,fit
13730,fit
13732,calibration
13733,calibration
13734,fit
13735,calibration
13736,fit
13737,calibration
13738,test
13739,fit
13740,fit
13741,calibration
13742,test
13743,fit
13744,calibration
13745,fit
13746,fit
13747,fit
13748,fit
13749,test
13751,fit
13752,fit
13753,fit
13754,fit
13756,fit
13757,fit
13758,calibration
13759,fit
13761,fit
13762,fit
13763,fit
13764,calibration
13765,fit
13766,fit
13767,fit
13768,fit
13769,fit
13770,test
13771,fit
13772,fit
13773,test
13774,test
13776,calibration
13778,test
13779,fit
13780,fit
13781,test
13782,calibration
13783,calibration
13784,fit
13785,fit
13786,fit
13787,calibration
13788,calibration
13789,test
13790,calibration
13791,fit
13792,test
13793,fit
13794,fit
13795,test
13796,fit
13797,test
13798,fit
13799,fit
13800,calibration
13801,fit
13802,fit
13803,fit
13805,fit
13806,test
13807,fit
13808,fit
13809,fit
13810,fit
13811,fit
13812,fit
13813,fit
13814,fit
13815,fit
13816,fit
13817,fit
13818,calibration
13819,fit
13820,test
13821,fit
13822,fit
13823,fit
13824,calibration
13825,test
13826,fit
13827,fit
13828,fit
13829,fit
13830,calibration
13831,calibration
13832,fit
13833,calibration
13834,fit
13835,calibration
13836,fit
13837,calibration
13838,calibration
13839,fit
13840,calibration
13841,fit
13842,test
13843,test
13844,fit
13845,test
13846,calibration
13848,calibration
13849,test
13850,fit
13851,fit
13852,calibration
13853,test
13854,fit
13855,fit
13856,calibration
13857,test
13858,fit
13859,fit
13860,test
13861,fit
13862,calibration
13863,fit
13864,calibration
13865,fit
13866,fit
13867,fit
13868,test
13869,fit
13870,calibration
13871,fit
13872,fit
13873,calibration
13874,fit
13875,test
13876,fit
13878,test
13879,fit
13880,calibration
13881,fit
13882,fit
13883,fit
13884,fit
13885,fit
13886,test
13887,fit
13888,fit
13889,fit
13890,calibration
13891,test
13892,calibration
13893,fit
13894,test
13895,test
13896,fit
13897,fit
13898,fit
13899,fit
13900,test
13901,calibration
13902,calibration
13903,fit
13904,calibration
13905,fit
13906,fit
13907,fit
13909,fit
13910,fit
13911,test
13912,calibration
13913,fit
13914,fit
13915,test
13916,calibration
13917,fit
13918,fit
13919,fit
13920,fit
13921,fit
13922,calibration
13924,fit
13925,fit
13926,fit
13927,fit
13928,fit
13930,calibration
13931,test
13932,calibration
13933,calibration
13934,test
13935,fit
13936,fit
13937,calibration
13938,fit
13939,fit
13940,fit
13941,fit
13942,fit
13943,fit
13944,fit
13945,test
13946,fit
13947,fit
13948,fit
13949,calibration
13950,fit
13951,test
13952,test
13953,fit
13955,fit
13956,fit
13957,test
13958,fit
13959,fit
13960,calibration
13961,calibration
13964,fit
13965,fit
13966,fit
13967,fit
13968,fit
13969,test
13970,fit
13971,calibration
13972,fit
13973,calibration
13974,test
13975,fit
13976,calibration
13977,test
13978,fit
13979,fit
13980,fit
13981,test
13982,fit
13983,calibration
13984,test
13985,fit
13986,fit
13987,test
13988,fit
13989,fit
13990,fit
13991,fit
13992,calibration
13993,test
13994,calibration
13995,test
13996,fit
13997,fit
13998,test
13999,fit
14000,fit
14001,fit
14002,fit
14003,fit
14004,fit
14005,fit
14006,fit
14008,fit
14009,fit
14010,fit
14011,test
14012,fit
14013,calibration
14015,test
14016,fit
14017,calibration
14018,fit
14019,calibration
14020,fit
14021,fit
14022,test
14023,test
14024,fit
14025,fit
14026,fit
14027,fit
14028,calibration
14029,calibration
14030,fit
14031,fit
14032,test
14033,fit
14034,test
14035,fit
14036,test
14037,test
14038,fit
14039,fit
14040,fit
14041,fit
14043,fit
14044,fit
14045,fit
14046,calibration
14047,test
14048,fit
14049,test
14050,test
14051,fit
14052,test
14053,fit
14054,fit
14055,test
14056,fit
14057,fit
14059,test
14060,fit
14061,fit
14062,calibration
14063,fit
14064,fit
14065,fit
14066,calibration
14068,test
14069,fit
14070,test
14071,fit
14072,fit
14073,fit
14074,fit
14075,fit
14076,fit
14077,calibration
14078,test
14079,fit
14080,test
14082,fit
14083,fit
14084,test
14085,fit
14086,calibration
14087,test
14088,fit
14089,fit
14090,fit
14091,fit
14092,fit
14093,test
14094,test
14095,test
14096,fit
14097,fit
14098,calibration
14099,calibration
14100,fit
14101,fit
14102,fit
14103,fit
14104,calibration
14105,fit
14106,test
14107,test
14108,calibration
14109,fit
14110,calibration
14111,fit
14112,test
14113,fit
14114,fit
14115,calibration
14116,test
14117,calibration
14118,fit
14119,test
14120,fit
14121,test
14122,fit
14123,calibration
14124,calibration
14125,fit
14126,fit
14127,fit
14128,fit
14129,test
14130,fit
14131,fit
14132,fit
14133,fit
14134,calibration
14135,test
14136,fit
14137,calibration
14138,fit
14140,fit
14141,fit
14142,fit
14143,fit
14144,fit
14145,calibration
14146,fit
14147,calibration
14148,fit
14149,fit
14151,calibration
14153,test
14154,calibration
14155,calibration
14158,fit
14159,fit
14160,calibration
14161,fit
14162,calibration
14163,fit
14164,calibration
14165,test
14167,calibration
14168,calibration
14169,fit
14170,fit
14171,fit
14172,calibration
14173,fit
14174,test
14175,calibration
14176,calibration
14177,fit
14178,fit
14179,fit
14180,fit
14181,fit
14182,calibration
14183,fit
14184,fit
14185,fit
14186,fit
14187,fit
14188,fit
14189,fit
14190,fit
14191,calibration
14192,fit
14193,calibration
14194,fit
14197,fit
14198,calibration
14199,calibration
14200,fit
14201,fit
14202,fit
14203,test
14204,fit
14205,fit
14206,test
14207,test
14208,calibration
14209,fit
14210,test
14211,fit
14212,fit
14214,fit
14215,calibration
14216,fit
14217,test
14218,calibration
14219,fit
14220,fit
14221,test
14222,calibration
14223,test
14224,fit
14225,calibration
14226,fit
14227,test
14228,calibration
14229,fit
14230,fit
14231,fit
14232,fit
14233,fit
14234,fit
14236,fit
14237,fit
14238,fit
14239,test
14240,test
14241,fit
14242,fit
14243,test
14244,fit
14245,calibration
14246,fit
14247,calibration
14248,calibration
14249,test
14250,fit
14251,calibration
14252,test
14253,fit
14254,fit
14255,calibration
14256,fit
14257,test
14258,calibration
14259,fit
14260,test
14261,fit
14262,calibration
14263,calibration
14264,fit
14265,fit
14266,fit
14267,test
14268,fit
14269,fit
14270,fit
14271,fit
14272,fit
14273,calibration
14275,test
14276,fit
14277,fit
14278,fit
14279,fit
14280,fit
14281,calibration
14282,fit
14283,fit
14284,fit
14285,calibration
14286,test
14287,fit
14288,calibration
14289,test
14290,calibration
14291,calibration
14292,calibration
14293,fit
14294,fit
14295,calibration
14296,fit
14297,fit
14298,fit
14299,fit
14300,fit
14301,calibration
14302,calibration
14304,fit
14305,fit
14306,test
14307,test
14308,fit
14309,fit
14310,fit
14311,fit
14312,calibration
14313,fit
14314,fit
14315,test
14316,test
14317,fit
14318,fit
14319,fit
14320,calibration
14321,fit
14323,fit
14324,fit
14326,fit
14327,fit
14328,test
14329,fit
14330,fit
14331,fit
14333,test
14334,calibration
14335,fit
14336,test
14337,fit
14338,test
14339,fit
14340,calibration
14341,fit
14343,fit
14344,calibration
14345,fit
14346,test
14347,fit
14348,fit
14349,fit
14350,test
14351,fit
14352,fit
14353,fit
14354,fit
14355,fit
14356,test
14357,test
14358,test
14359,fit
14360,fit
14361,fit
14362,fit
14363,fit
14364,calibration
14365,fit
14366,calibration
14367,calibration
14368,test
14369,fit
14370,fit
14371,fit
14372,fit
14374,fit
14375,fit
14376,test
14377,fit
14378,calibration
14379,fit
14380,fit
14381,calibration
14382,fit
14383,calibration
14384,test
14385,fit
14386,fit
14387,fit
14388,test
14389,fit
14391,fit
14392,test
14393,fit
14394,test
14395,fit
14397,fit
14398,fit
14399,fit
14400,fit
14401,fit
14402,test
14404,calibration
14405,calibration
14406,fit
14407,fit
14408,fit
14409,fit
14410,fit
14411,fit
14412,fit
14413,fit
14414,test
14415,calibration
14416,calibration
14417,test
14418,calibration
14419,fit
14420,fit
14421,test
14422,calibration
14423,fit
14424,fit
14425,calibration
14426,fit
14427,fit
14428,fit
14429,calibration
14430,test
14431,calibration
14432,fit
14433,fit
14434,test
14435,calibration
14436,calibration
14437,fit
14438,fit
14439,calibration
14440,fit
14441,fit
14442,fit
14443,fit
14444,calibration
14445,fit
14446,calibration
14447,calibration
14448,calibration
14449,fit
14450,calibration
14451,fit
14452,fit
14453,calibration
14454,fit
14455,fit
14456,fit
14457,fit
14458,calibration
14459,fit
14460,fit
14461,test
14462,fit
14463,fit
14464,fit
14465,fit
14466,calibration
14467,test
14468,fit
14469,fit
14470,fit
14471,fit
14472,fit
14473,calibration
14474,fit
14475,calibration
14476,fit
14477,fit
14478,test
14479,calibration
14480,fit
14481,fit
14482,fit
14483,fit
14484,calibration
14485,fit
14486,test
14487,calibration
14488,fit
14489,fit
14490,test
14491,fit
14492,fit
14493,calibration
14494,fit
14495,test
14496,fit
14497,fit
14498,test
14499,fit
14500,fit
14501,fit
14502,fit
14503,calibration
14504,fit
14505,fit
14506,fit
14507,calibration
14509,calibration
14510,test
14511,test
14512,fit
14513,test
14514,fit
14515,fit
14516,fit
14517,calibration
14518,calibration
14519,fit
14520,fit
14521,fit
14523,fit
14524,calibration
14525,fit
14526,calibration
14527,test
14528,test
14529,fit
14530,fit
14531,test
14532,calibration
14533,fit
14534,fit
14535,fit
14536,fit
14537,fit
14538,calibration
14539,test
14540,fit
14541,fit
14542,test
14543,fit
14544,fit
14545,fit
14546,test
14547,fit
14548,fit
14549,fit
14550,fit
14551,fit
14552,calibration
14553,test
14554,calibration
14555,fit
14556,fit
14557,fit
14558,fit
14559,test
14560,calibration
14561,fit
14562,fit
14563,fit
14565,calibration
14566,fit
14567,calibration
14568,calibration
14569,fit
14570,fit
14571,fit
14572,fit
14573,test
14574,fit
14575,fit
14576,test
14577,test
14578,calibration
14579,calibration
14580,fit
14581,fit
14582,fit
14583,fit
14584,test
14585,fit
14586,calibration
14587,fit
14588,fit
14589,fit
14590,fit
14591,fit
14592,test
14594,fit
14595,test
14596,fit
14597,fit
14598,calibration
14599,test
14600,calibration
14601,test
14602,fit
14603,test
14604,calibration
14605,fit
14606,calibration
14607,calibration
14608,fit
14609,fit
14610,fit
14611,fit
14612,fit
14613,calibration
14614,fit
14615,fit
14616,fit
14617,calibration
14618,calibration
14619,calibration
14620,calibration
14621,fit
14622,test
14623,calibration
14624,fit
14625,fit
14626,fit
14627,fit
14628,fit
14629,fit
14630,calibration
14631,fit
14632,fit
14633,fit
14634,test
14635,fit
14636,fit
14637,fit
14638,test
14639,test
14640,test
14641,fit
14642,fit
14643,calibration
14644,calibration
14645,test
14646,fit
14647,fit
14648,fit
14649,calibration
14650,calibration
14651,fit
14652,test
14653,fit
14654,fit
14655,test
14656,calibration
14657,calibration
14658,fit
14659,calibration
14660,fit
14662,calibration
14663,fit
14664,calibration
14665,fit
14666,fit
14668,calibration
14669,calibration
14670,test
14671,test
14672,fit
14673,calibration
14674,fit
14675,calibration
14676,fit
14677,fit
14678,fit
14680,fit
14681,fit
14682,calibration
14683,fit
14684,fit
14685,calibration
14686,test
14687,fit
14688,test
14689,fit
14690,calibration
14691,fit
14692,test
14693,test
14694,test
14695,calibration
14696,fit
14697,calibration
14698,fit
14699,fit
14700,calibration
14701,test
14702,fit
14704,calibration
14705,fit
14706,fit
14708,calibration
14709,fit
14710,fit
14711,fit
14712,calibration
14713,test
14714,test
14715,test
14716,fit
14717,test
14718,test
14719,fit
14720,fit
14721,fit
14722,fit
14723,test
14724,test
14726,test
14727,fit
14728,test
14729,fit
14730,fit
14731,test
14732,calibration
14733,fit
14734,calibration
14735,fit
14736,fit
14737,fit
14738,fit
14739,fit
14740,fit
14741,calibration
14742,calibration
14743,fit
14744,calibration
14745,fit
14746,fit
14747,test
14748,fit
14749,fit
14750,fit
14751,fit
14752,test
14753,fit
14754,calibration
14755,fit
14756,test
14757,calibration
14759,test
14761,fit
14762,fit
14763,fit
14764,fit
14765,test
14766,calibration
14767,fit
14768,calibration
14769,fit
14770,calibration
14771,fit
14772,fit
14773,fit
14774,fit
14775,fit
14776,test
14777,calibration
14778,fit
14779,fit
14782,fit
14783,fit
14784,fit
14785,fit
14786,calibration
14787,calibration
14788,fit
14789,fit
14790,calibration
14791,test
14792,calibration
14793,fit
14794,fit
14795,calibration
14796,test
14797,fit
14798,fit
14799,fit
14800,fit
14801,calibration
14802,fit
14803,calibration
14804,fit
14805,test
14806,fit
14807,fit
14808,fit
14809,fit
14810,test
14811,fit
14812,fit
14813,calibration
14814,fit
14815,fit
14816,test
14817,fit
14818,fit
14819,fit
14820,fit
14821,calibration
14822,fit
14823,test
14824,test
14825,calibration
14826,calibration
14827,fit
14828,fit
14829,fit
14830,fit
14832,fit
14833,fit
14834,test
14835,test
14836,fit
14837,test
14838,calibration
14839,test
14840,fit
14841,fit
14842,fit
14843,fit
14844,fit
14845,fit
14846,fit
14847,calibration
14848,fit
14849,fit
14850,fit
14851,fit
14852,calibration
14853,fit
14854,fit
14855,test
14856,fit
14857,fit
14858,fit
14859,fit
14861,fit
14862,calibration
14863,fit
14864,fit
14865,fit
14866,fit
14867,calibration
14868,fit
14869,fit
14870,fit
14871,test
14872,calibration
14873,fit
14874,test
14875,test
14876,calibration
14877,calibration
14878,fit
14879,test
14880,calibration
14881,test
14882,test
14885,fit
14886,fit
14887,test
14888,test
14889,fit
14890,calibration
14891,fit
14892,calibration
14893,calibration
14894,fit
14895,fit
14896,test
14897,fit
14899,calibration
14900,calibration
14901,fit
14902,test
14903,fit
14904,fit
14905,fit
14906,fit
14907,test
14908,calibration
14910,fit
14911,fit
14912,test
14913,fit
14914,fit
14915,calibration
14916,calibration
14917,fit
14918,fit
14920,fit
14921,calibration
14922,fit
14923,fit
14924,fit
14926,test
14928,fit
14929,calibration
14930,fit
14931,test
14932,fit
14933,fit
14934,calibration
14935,fit
14936,fit
14937,calibration
14938,calibration
14939,test
14940,fit
14941,fit
14942,fit
14943,fit
14944,fit
14945,calibration
14946,test
14948,test
14949,fit
14950,test
14951,fit
14952,test
14953,calibration
14954,test
14955,fit
14956,test
14957,fit
14958,fit
14959,calibration
14960,fit
14961,test
14962,fit
14963,fit
14964,test
14965,fit
14966,fit
14967,fit
14968,fit
14969,fit
14970,calibration
14971,fit
14972,calibration
14973,fit
14974,fit
14975,fit
14976,calibration
14977,fit
14978,test
14979,calibration
14980,calibration
14981,fit
14982,fit
14983,fit
14984,fit
14985,fit
14986,fit
14987,fit
14989,fit
14990,fit
14991,calibration
14992,fit
14993,fit
14995,calibration
14996,test
14997,test
14998,fit
14999,fit
15000,test
15001,calibration
15002,calibration
15003,fit
15004,test
15005,calibration
15006,fit
15007,fit
15008,fit
15009,calibration
15010,fit
15011,fit
15012,calibration
15013,fit
15014,fit
15015,calibration
15016,fit
15017,test
15018,fit
15019,fit
15020,calibration
15021,calibration
15022,test
15023,fit
15024,fit
15026,calibration
15027,calibration
15028,fit
15029,calibration
15030,fit
15031,test
15032,test
15033,fit
15034,test
15035,fit
15036,fit
15037,test
15038,test
15039,fit
15041,calibration
15042,fit
15043,fit
15044,test
15045,fit
15046,test
15049,test
15050,calibration
15051,calibration
15052,fit
15053,fit
15054,calibration
15055,test
15056,fit
15057,calibration
15058,fit
15059,fit
15060,test
15061,fit
15062,test
15063,fit
15064,calibration
15065,fit
15066,fit
15067,fit
15068,calibration
15069,fit
15070,test
15071,test
15072,test
15073,calibration
15074,fit
15075,fit
15077,test
15078,fit
15079,fit
15080,calibration
15081,fit
15082,test
15083,calibration
15084,fit
15085,calibration
15087,test
15088,fit
15089,fit
15090,calibration
15091,calibration
15092,fit
15093,test
15094,calibration
15095,test
15096,fit
15097,test
15098,calibration
15099,fit
15100,calibration
15101,calibration
15102,fit
15103,fit
15104,test
15105,fit
15106,calibration
15107,fit
15108,calibration
15109,fit
15110,fit
15111,fit
15112,calibration
15113,fit
15114,calibration
15115,fit
15116,calibration
15117,test
15118,fit
15119,fit
15120,fit
15121,calibration
15122,fit
15123,fit
15124,fit
15125,fit
15126,fit
15127,calibration
15128,fit
15129,fit
15130,test
15131,calibration
15133,fit
15134,test
15135,fit
15136,fit
15137,fit
15138,fit
15139,fit
15140,fit
15141,calibration
15142,fit
15143,calibration
15144,calibration
15145,test
15146,fit
15147,fit
15149,test
15150,test
15151,fit
15152,fit
15153,test
15154,calibration
15155,fit
15156,fit
15157,fit
15158,fit
15159,fit
15160,fit
15161,fit
15162,calibration
15163,fit
15165,fit
15166,fit
15167,fit
15168,fit
15169,calibration
15170,test
15171,fit
15172,fit
15173,fit
15174,fit
15175,fit
15176,test
15177,test
15178,test
15179,test
15180,calibration
15181,calibration
15182,fit
15183,fit
15184,fit
15185,fit
15186,fit
15187,test
15188,calibration
15189,fit
15190,test
15191,fit
15192,fit
15193,fit
15194,fit
15195,fit
15197,fit
15198,test
15199,fit
15200,test
15201,fit
15203,calibration
15204,calibration
15205,fit
15206,calibration
15207,test
15208,fit
15209,calibration
15210,fit
15211,fit
15212,fit
15213,fit
15214,fit
15215,calibration
15216,fit
15217,test
15218,calibration
15219,fit
15220,fit
15221,fit
15222,fit
15223,fit
15225,calibration
15226,fit
15228,fit
15229,fit
15230,test
15231,test
15232,fit
15233,fit
15234,fit
15235,fit
15236,test
15237,test
15238,fit
15239,fit
15240,fit
15241,fit
15242,fit
15243,calibration
15244,test
15245,fit
15246,fit
15247,test
15249,fit
15250,fit
15251,fit
15252,fit
15253,fit
15254,calibration
15255,calibration
15256,calibration
15258,fit
15259,fit
15260,fit
15261,fit
15262,fit
15263,test
15264,test
15265,calibration
15266,fit
15267,fit
15268,fit
15269,test
15270,test
15271,calibration
15272,test
15273,test
15274,test
15275,fit
15276,fit
15277,fit
15278,fit
15279,fit
15280,fit
15282,fit
15283,fit
15284,fit
15285,calibration
15286,fit
15287,test
15288,fit
15289,calibration
15290,calibration
15291,fit
15292,fit
15293,fit
15294,test
15295,fit
15296,fit
15297,test
15298,calibration
15299,calibration
15300,fit
15301,calibration
15302,fit
15303,fit
15305,fit
15306,fit
15307,calibration
15308,fit
15309,calibration
15310,calibration
15311,fit
15312,test
15313,fit
15314,fit
15315,fit
15316,fit
15317,fit
15318,fit
15319,fit
15320,fit
15321,test
15322,fit
15323,test
15324,test
15325,calibration
15326,fit
15327,fit
15328,test
15329,fit
15330,fit
15331,fit
15332,fit
15333,fit
15334,test
15335,test
15336,fit
15337,fit
15338,fit
15339,test
15341,test
15342,fit
15343,fit
15344,test
15345,fit
15346,fit
15347,fit
15348,test
15349,fit
15350,fit
15351,fit
15352,fit
15353,fit
15354,fit
15355,calibration
15356,fit
15357,fit
15358,fit
15359,fit
15360,fit
15361,test
15363,test
15364,fit
15365,fit
15366,calibration
15367,test
15368,fit
15369,calibration
15370,test
15371,calibration
15372,fit
15373,fit
15374,fit
15375,fit
15376,fit
15378,fit
15379,fit
15381,test
15382,test
15383,fit
15384,calibration
15385,fit
15386,test
15387,calibration
15388,fit
15389,test
15390,calibration
15391,calibration
15392,fit
15393,test
15394,fit
15395,fit
15396,calibration
15397,fit
15398,fit
15399,fit
15401,test
15402,fit
15403,fit
15404,fit
15405,test
15406,fit
15407,test
15408,calibration
15409,fit
15410,test
15411,fit
15412,fit
15413,fit
15415,fit
15416,calibration
15417,fit
15418,calibration
15419,test
15420,fit
15421,test
15422,calibration
15423,fit
15424,calibration
15425,fit
15426,test
15427,fit
15428,test
15429,test
15430,test
15431,fit
15432,test
15433,calibration
15434,fit
15435,fit
15436,fit
15437,fit
15438,fit
15439,fit
15440,fit
15441,fit
15442,fit
15443,calibration
15444,fit
15445,calibration
15446,fit
15447,calibration
15448,fit
15449,test
15450,fit
15451,fit
15452,fit
15453,fit
15455,calibration
15456,fit
15457,fit
15458,calibration
15459,fit
15460,fit
15461,fit
15462,test
15463,fit
15464,test
15465,fit
15466,fit
15467,fit
15468,calibration
15469,test
15470,calibration
15471,calibration
15472,fit
15473,test
15474,fit
15475,fit
15476,calibration
15477,calibration
15478,fit
15479,calibration
15480,fit
15481,test
15482,fit
15483,test
15484,test
15485,fit
15486,test
15487,calibration
15488,fit
15489,fit
15491,fit
15492,fit
15493,fit
15494,calibration
15495,test
15496,fit
15497,test
15498,fit
15499,fit
15500,fit
15501,fit
15502,test
15503,calibration
15504,calibration
15505,calibration
15506,calibration
15507,test
15508,fit
15509,calibration
15510,calibration
15511,calibration
15513,fit
15514,calibration
15515,fit
15516,test
15517,fit
15518,fit
15519,test
15520,fit
15521,fit
15522,fit
15523,fit
15524,fit
15525,test
15526,fit
15527,calibration
15528,fit
15529,calibration
15530,fit
15531,fit
15532,calibration
15533,fit
15534,fit
15535,fit
15536,fit
15537,fit
15538,fit
15539,calibration
15540,fit
15541,fit
15542,calibration
15543,fit
15544,test
15545,fit
15546,fit
15547,fit
15548,fit
15549,test
15550,fit
15551,fit
15552,fit
15553,fit
15554,fit
15555,fit
15556,fit
15557,fit
15558,calibration
15559,fit
15560,fit
15561,fit
15562,test
15563,test
15564,fit
15565,calibration
15566,test
15567,test
15568,calibration
15569,fit
15570,fit
15571,fit
15572,test
15573,fit
15574,calibration
15575,calibration
15576,test
15577,test
15578,calibration
15579,fit
15580,calibration
15581,test
15582,calibration
15583,fit
15584,fit
15585,test
15586,test
15587,fit
15588,fit
15589,fit
15590,fit
15591,fit
15592,fit
15593,fit
15594,fit
15595,fit
15597,fit
15598,test
15599,test
15600,calibration
15601,fit
15602,fit
15603,fit
15604,fit
15605,fit
15606,fit
15607,calibration
15608,fit
15609,test
15610,test
15611,test
15612,fit
15613,fit
15614,test
15615,fit
15616,fit
15618,fit
15619,calibration
15620,calibration
15621,calibration
15622,fit
15623,fit
15624,test
15625,fit
15626,fit
15627,fit
15628,test
15629,test
15630,fit
15631,fit
15632,calibration
15633,fit
15634,test
15635,test
15636,fit
15637,calibration
15638,calibration
15639,fit
15640,fit
15641,fit
15642,test
15645,fit
15646,fit
15647,fit
15648,calibration
15649,fit
15650,fit
15651,test
15652,fit
15653,test
15655,test
15656,fit
15657,fit
15658,test
15659,fit
15661,fit
15662,calibration
15663,fit
15664,fit
15665,fit
15666,calibration
15667,fit
15668,fit
15669,test
15670,fit
15671,fit
15672,fit
15675,calibration
15676,fit
15677,calibration
15678,fit
15679,calibration
15680,calibration
15681,fit
15682,calibration
15683,fit
15684,fit
15685,fit
15686,test
15687,fit
15688,fit
15689,fit
15690,fit
15691,calibration
15692,test
15693,fit
15694,fit
15695,fit
15696,fit
15697,fit
15698,calibration
15699,fit
15700,test
15701,fit
15702,calibration
15703,fit
15704,test
15705,calibration
15706,fit
15707,calibration
15708,fit
15709,fit
15710,calibration
15711,fit
15712,fit
15713,test
15714,fit
15715,fit
15716,fit
15717,fit
15718,fit
15719,test
15720,fit
15721,fit
15722,calibration
15723,fit
15724,calibration
15725,fit
15726,fit
15727,fit
15728,calibration
15730,test
15731,fit
15732,test
15733,calibration
15735,calibration
15736,calibration
15737,calibration
15739,test
15740,fit
15741,fit
15742,fit
15743,fit
15744,fit
15745,fit
15746,fit
15747,test
15748,fit
15749,fit
15750,fit
15751,test
15752,fit
15753,fit
15754,fit
15755,fit
15756,test
15757,fit
15758,fit
15759,fit
15760,test
15761,fit
15762,fit
15763,fit
15764,fit
15765,calibration
15766,test
15767,calibration
15768,fit
15769,fit
15772,fit
15773,fit
15775,fit
15776,calibration
15777,fit
15778,test
15779,calibration
15780,fit
15781,calibration
15782,calibration
15783,fit
15784,fit
15785,calibration
15786,fit
15788,fit
15789,test
15790,calibration
15791,fit
15792,fit
15793,test
15795,fit
15796,fit
15797,fit
15798,fit
15799,calibration
15800,calibration
15801,calibration
15802,fit
15803,fit
15804,test
15805,calibration
15806,fit
15807,fit
15808,calibration
15809,test
15810,calibration
15811,test
15812,test
15813,fit
15814,fit
15815,fit
15816,fit
15817,fit
15818,fit
15819,fit
15820,fit
15821,fit
15823,fit
15824,fit
15825,fit
15826,test
15827,fit
15828,fit
15829,test
15830,fit
15831,calibration
15832,calibration
15833,test
15834,fit
15835,fit
15836,calibration
15837,fit
15838,fit
15839,fit
15840,fit
15841,test
15842,fit
15843,fit
15844,calibration
15845,fit
15846,calibration
15848,fit
15849,calibration
15850,test
15851,fit
15852,calibration
15853,fit
15854,fit
15855,fit
15856,fit
15857,calibration
15858,calibration
15859,fit
15860,test
15861,fit
15862,fit
15863,fit
15864,fit
15865,calibration
15866,fit
15867,fit
15868,fit
15869,calibration
15870,test
15871,calibration
15872,test
15873,test
15874,test
15875,fit
15876,calibration
15877,fit
15880,fit
15881,fit
15882,test
15883,fit
15884,calibration
15885,calibration
15886,fit
15887,test
15888,fit
15889,test
15890,test
15892,test
15893,test
15894,test
15895,fit
15896,fit
15897,fit
15898,test
15899,fit
15900,fit
15901,fit
15902,calibration
15903,calibration
15904,fit
15905,test
15906,fit
15907,fit
15908,fit
15909,fit
15910,fit
15911,calibration
15912,calibration
15913,fit
15915,test
15916,fit
15917,test
15918,fit
15919,fit
15920,calibration
15921,fit
15922,calibration
15923,fit
15924,calibration
15925,calibration
15926,fit
15927,fit
15928,fit
15929,fit
15930,calibration
15931,fit
15932,fit
15933,fit
15934,calibration
15935,fit
15936,test
15937,fit
15939,test
15940,fit
15941,fit
15942,fit
15943,fit
15946,calibration
15947,fit
15948,fit
15949,test
15950,fit
15951,fit
15952,fit
15953,fit
15954,fit
15955,calibration
15956,fit
15957,calibration
15958,fit
15959,fit
15960,fit
15961,fit
15963,fit
15964,fit
15966,fit
15967,calibration
15968,test
15969,calibration
15970,calibration
15971,test
15972,fit
15973,fit
15974,calibration
15976,fit
15977,fit
15978,fit
15979,calibration
15980,fit
15981,fit
15982,fit
15983,fit
15984,calibration
15985,fit
15986,calibration
15987,calibration
15988,fit
15989,calibration
15990,fit
15991,test
15992,fit
15993,test
15994,fit
15995,fit
15996,fit
15997,calibration
15998,test
15999,test
16000,calibration
16001,fit
16002,fit
16003,test
16004,fit
16006,fit
16007,calibration
16008,test
16009,calibration
16010,fit
16011,fit
16012,fit
16013,test
16014,calibration
16015,fit
16016,fit
16017,calibration
16018,fit
16019,fit
16020,fit
16021,fit
16022,fit
16023,fit
16024,fit
16025,test
16026,fit
16027,test
16028,fit
16029,fit
16030,fit
16031,fit
16033,fit
16034,fit
16035,fit
16036,test
16037,fit
16038,fit
16039,fit
16040,calibration
16041,fit
16042,calibration
16043,calibration
16044,fit
16045,test
16046,test
16048,test
16049,fit
16050,fit
16051,test
16052,fit
16053,test
16054,test
16055,fit
16056,calibration
16057,calibration
16058,fit
16059,test
16060,calibration
16061,calibration
16062,fit
16063,test
16064,test
16065,fit
16066,fit
16067,test
16068,fit
16069,fit
16070,test
16071,fit
16072,fit
16073,fit
16074,test
16075,calibration
16076,fit
16077,test
16078,fit
16079,fit
16080,fit
16081,test
16082,test
16084,calibration
16085,fit
16086,fit
16087,fit
16088,fit
16089,fit
16090,fit
16093,fit
16094,fit
16095,fit
16096,fit
16097,test
16098,fit
16099,fit
16100,fit
16101,fit
16103,test
16104,fit
16105,test
16106,test
16107,fit
16108,calibration
16109,calibration
16110,fit
16111,calibration
16112,fit
16113,fit
16114,test
16115,test
16117,test
16119,fit
16120,calibration
16121,fit
16122,test
16123,fit
16124,fit
16125,fit
16126,calibration
16127,fit
16128,fit
16129,fit
16130,fit
16131,calibration
16132,test
16133,fit
16134,calibration
16135,fit
16136,fit
16138,test
16139,fit
16140,fit
16141,fit
16142,fit
16143,fit
16144,calibration
16145,fit
16146,calibration
16147,test
16148,fit
16149,calibration
16150,fit
16151,fit
16152,fit
16153,test
16154,fit
16155,fit
16156,test
16157,calibration
16158,calibration
16159,fit
16160,fit
16161,test
16162,test
16163,fit
16164,test
16166,calibration
16167,test
16168,calibration
16169,fit
16170,test
16171,fit
16172,fit
16173,fit
16174,fit
16175,test
16176,calibration
16177,fit
16178,test
16179,fit
16180,fit
16181,fit
16182,fit
16183,fit
16184,fit
16185,test
16186,fit
16187,calibration
16188,fit
16189,fit
16190,calibration
16191,test
16192,calibration
16193,fit
16194,calibration
16195,fit
16196,fit
16197,calibration
16198,calibration
16199,test
16200,fit
16201,fit
16202,fit
16204,test
16205,test
16206,fit
16207,fit
16208,fit
16209,calibration
16210,fit
16211,fit
16212,fit
16213,calibration
16214,fit
16215,fit
16216,calibration
16217,calibration
16218,fit
16220,fit
16221,fit
16222,calibration
16223,calibration
16224,fit
16225,fit
16226,calibration
16227,fit
16228,fit
16229,test
16230,calibration
16231,calibration
16232,fit
16233,fit
16234,fit
16235,fit
16236,test
16237,fit
16238,test
16239,fit
16240,test
16241,fit
16242,test
16243,fit
16244,fit
16245,fit
16246,fit
16247,fit
16248,calibration
16249,fit
16250,fit
16251,calibration
16252,fit
16253,test
16254,fit
16255,test
16256,calibration
16257,fit
16258,calibration
16259,fit
16260,test
16261,fit
16262,test
16263,calibration
16264,fit
16265,test
16266,fit
16267,fit
16269,fit
16270,calibration
16271,fit
16272,test
16273,test
16274,test
16275,fit
16276,fit
16277,fit
16278,calibration
16279,calibration
16280,calibration
16281,fit
16282,fit
16283,fit
16284,test
16285,fit
16286,fit
16287,calibration
16288,test
16289,fit
16290,fit
16291,test
16292,fit
16293,fit
16294,calibration
16295,fit
16296,calibration
16297,test
16298,test
16299,fit
16300,fit
16301,test
16302,calibration
16303,fit
16304,calibration
16305,test
16306,fit
16307,calibration
16308,fit
16309,fit
16310,fit
16311,test
16312,fit
16313,fit
16314,fit
16315,calibration
16316,fit
16317,fit
16318,fit
16321,calibration
16322,calibration
16323,fit
16325,calibration
16326,fit
16327,fit
16328,calibration
16329,fit
16330,test
16331,calibration
16332,calibration
16333,fit
16334,calibration
16335,fit
16336,fit
16337,fit
16338,fit
16339,calibration
16340,test
16341,test
16343,fit
16344,test
16345,fit
16346,calibration
16347,fit
16348,calibration
16349,fit
16350,test
16351,calibration
16352,fit
16353,test
16354,fit
16355,calibration
16356,fit
16357,fit
16359,fit
16360,test
16361,calibration
16362,fit
16363,fit
16364,calibration
16365,fit
16367,fit
16368,fit
16369,fit
16370,fit
16371,fit
16372,fit
16373,calibration
16374,fit
16375,calibration
16376,fit
16377,test
16378,fit
16379,fit
16380,fit
16381,fit
16382,calibration
16383,fit
16384,test
16385,fit
16386,test
16387,test
16388,fit
16389,fit
16390,fit
16391,test
16392,fit
16393,fit
16394,fit
16395,fit
16396,fit
16397,fit
16398,calibration
16399,fit
16400,fit
16401,fit
16402,calibration
16403,calibration
16404,fit
16405,test
16406,fit
16407,fit
16408,test
16409,fit
16410,fit
16411,calibration
16412,test
16413,fit
16414,fit
16415,calibration
16417,test
16418,fit
16419,fit
16420,fit
16421,calibration
16422,fit
16423,fit
16424,calibration
16425,test
16426,fit
16427,fit
16428,fit
16429,fit
16430,fit
16431,fit
16432,calibration
16433,fit
16434,fit
16435,test
16436,fit
16437,test
16438,fit
16439,test
16440,test
16441,fit
16442,fit
16443,test
16444,test
16445,test
16446,calibration
16447,test
16449,calibration
16450,fit
16451,calibration
16452,fit
16453,fit
16454,fit
16455,fit
16456,fit
16457,fit
16459,calibration
16460,calibration
16461,fit
16462,fit
16464,fit
16465,fit
16466,fit
16467,fit
16468,fit
16469,fit
16471,test
16472,fit
16473,fit
16474,fit
16475,fit
16477,fit
16478,fit
16479,test
16481,fit
16482,fit
16483,calibration
16484,fit
16485,fit
16486,fit
16487,fit
16488,fit
16489,fit
16490,fit
16491,fit
16492,fit
16493,calibration
16494,fit
16495,calibration
16496,test
16497,test
16498,fit
16499,fit
16500,fit
16501,fit
16502,calibration
16503,fit
16504,fit
16505,fit
16506,fit
16507,fit
16508,calibration
16509,calibration
16510,fit
16511,calibration
16512,calibration
16513,fit
16514,fit
16515,test
16517,test
16518,fit
16519,fit
16520,fit
16522,fit
16523,fit
16524,fit
16525,fit
16526,fit
16527,fit
16528,fit
16529,fit
16530,fit
16531,fit
16532,fit
16533,fit
16534,test
16535,fit
16536,fit
16537,fit
16538,calibration
16539,fit
16540,test
16541,fit
16542,fit
16543,fit
16544,fit
16545,calibration
16546,fit
16547,test
16548,fit
16549,fit
16550,test
16552,fit
16553,test
16554,fit
16555,fit
16556,calibration
16557,fit
16558,fit
16559,calibration
16560,fit
16561,fit
16562,fit
16563,calibration
16564,test
16565,fit
16566,fit
16567,test
16569,test
16570,fit
16571,fit
16572,fit
16573,fit
16574,calibration
16575,test
16576,fit
16577,calibration
16578,fit
16579,calibration
16580,test
16581,calibration
16582,calibration
16583,fit
16584,fit
16585,calibration
16586,calibration
16587,calibration
16588,fit
16589,fit
16590,fit
16591,fit
16592,test
16593,fit
16594,test
16595,calibration
16596,calibration
16597,test
16598,calibration
16599,calibration
16600,fit
16601,test
16603,calibration
16604,fit
16605,calibration
16606,fit
16607,calibration
16608,calibration
16609,fit
16610,test
16611,fit
16612,fit
16613,fit
16615,test
16616,test
16619,fit
16620,calibration
16621,test
16622,fit
16623,fit
16624,fit
16626,fit
16627,fit
16628,test
16629,calibration
16631,fit
16632,fit
16633,test
16634,fit
16635,fit
16636,calibration
16637,calibration
16638,fit
16639,fit
16640,fit
16641,test
16642,fit
16643,fit
16644,fit
16645,calibration
16646,test
16647,fit
16648,calibration
16649,fit
16650,test
16651,fit
16652,test
16653,calibration
16654,fit
16655,fit
16656,test
16657,fit
16658,fit
16659,test
16660,test
16661,test
16662,calibration
16663,test
16664,fit
16665,fit
16666,test
16667,calibration
16669,fit
16670,calibration
16671,test
16672,fit
16673,test
16674,fit
16675,fit
16677,fit
16678,fit
16679,fit
16680,fit
16681,test
16682,calibration
16684,fit
16685,fit
16686,fit
16687,fit
16688,calibration
16689,fit
16690,calibration
16691,fit
16692,calibration
16693,test
16694,calibration
16695,fit
16696,calibration
16697,calibration
16698,fit
16699,fit
16700,fit
16701,fit
16702,fit
16704,fit
16705,calibration
16706,fit
16707,fit
16708,fit
16709,test
16710,fit
16711,fit
16712,fit
16713,calibration
16714,fit
16715,test
16716,fit
16717,fit
16718,test
16719,test
16720,fit
16721,fit
16722,fit
16723,calibration
16724,test
16725,fit
16726,test
16727,calibration
16728,fit
16729,fit
16730,calibration
16731,calibration
16732,fit
16733,fit
16734,test
16735,fit
16736,test
16737,calibration
16738,test
16739,fit
16740,calibration
16741,calibration
16742,calibration
16743,fit
16746,fit
16747,fit
16748,fit
16749,fit
16750,test
16751,fit
16752,calibration
16753,fit
16754,test
16755,calibration
16756,fit
16757,calibration
16759,fit
16760,fit
16761,fit
16762,fit
16763,fit
16764,test
16765,test
16766,test
16767,fit
16768,fit
16769,test
16770,fit
16771,fit
16772,fit
16773,test
16774,calibration
16775,fit
16776,fit
16777,fit
16778,fit
16779,test
16780,test
16781,fit
16782,test
16783,fit
16784,fit
16785,fit
16786,fit
16787,fit
16788,test
16789,calibration
16790,fit
16791,fit
16792,fit
16793,fit
16794,fit
16795,fit
16796,fit
16797,fit
16798,fit
16799,fit
16800,fit
16801,calibration
16802,calibration
16803,fit
16804,fit
16805,fit
16806,fit
16807,fit
16808,calibration
16809,calibration
16811,fit
16812,test
16813,test
16814,test
16815,fit
16816,test
16817,fit
16818,test
16819,calibration
16820,fit
16821,fit
16822,calibration
16823,fit
16824,fit
16825,fit
16826,fit
16827,calibration
16828,fit
16829,fit
16830,fit
16831,test
16832,calibration
16833,calibration
16834,fit
16835,test
16837,fit
16838,fit
16839,fit
16840,fit
16841,fit
16842,calibration
16843,fit
16844,fit
16845,fit
16846,calibration
16847,fit
16848,test
16849,fit
16850,fit
16851,test
16852,fit
16853,fit
16854,test
16855,calibration
16856,test
16857,fit
16858,fit
16859,fit
16860,fit
16861,fit
16862,calibration
16863,fit
16864,test
16865,calibration
16866,fit
16867,fit
16868,fit
16869,fit
16870,fit
16871,test
16872,fit
16873,test
16874,fit
16875,fit
16876,calibration
16877,test
16878,fit
16879,fit
16880,calibration
16881,calibration
16882,fit
16883,fit
16884,fit
16885,fit
16886,test
16887,fit
16888,fit
16889,fit
16890,fit
16891,test
16894,calibration
16895,calibration
16896,fit
16897,fit
16898,fit
16899,test
16900,fit
16901,fit
16902,fit
16904,fit
16905,fit
16906,fit
16907,fit
16908,test
16909,calibration
16911,fit
16912,calibration
16913,calibration
16914,calibration
16915,fit
16916,fit
16917,calibration
16918,fit
16919,fit
16920,calibration
16921,fit
16922,fit
16923,fit
16924,calibration
16925,calibration
16926,fit
16927,fit
16928,test
16929,test
16930,calibration
16931,calibration
16932,calibration
16933,calibration
16934,fit
16935,fit
16936,fit
16937,fit
16938,calibration
16939,calibration
16940,fit
16941,fit
16942,fit
16943,calibration
16944,fit
16946,fit
16947,test
16948,test
16950,calibration
16951,fit
16952,test
16953,fit
16954,calibration
16955,fit
16956,calibration
16957,calibration
16958,calibration
16959,fit
16960,test
16961,test
16962,fit
16963,test
16965,fit
16966,calibration
16967,calibration
16968,fit
16969,fit
16970,fit
16971,fit
16972,fit
16973,fit
16974,test
16975,fit
16976,fit
16977,calibration
16978,calibration
16980,fit
16981,fit
16982,calibration
16983,fit
16984,calibration
16986,fit
16987,test
16988,test
16989,fit
16991,fit
16992,fit
16993,fit
16994,fit
16995,test
16997,test
16998,fit
17000,fit
17001,fit
17002,calibration
17003,fit
17004,fit
17005,calibration
17006,calibration
17007,test
17008,test
17009,test
17010,calibration
17011,fit
17012,calibration
17013,fit
17014,fit
17016,calibration
17017,fit
17018,test
17019,fit
17020,test
17022,fit
17023,fit
17024,fit
17025,test
17026,fit
17027,calibration
17028,calibration
17029,fit
17030,fit
17031,test
17032,fit
17033,calibration
17034,calibration
17035,test
17036,test
17037,calibration
17038,fit
17039,fit
17040,fit
17041,fit
17042,test
17043,test
17044,calibration
17045,fit
17046,test
17047,fit
17048,fit
17049,test
17050,fit
17051,fit
17052,calibration
17053,test
17054,test
17056,fit
17057,fit
17060,fit
17061,test
17062,fit
17063,test
17064,fit
17065,calibration
17066,calibration
17067,test
17069,calibration
17070,calibration
17071,test
17072,fit
17073,fit
17074,fit
17075,fit
17076,test
17077,fit
17078,fit
17079,test
17080,test
17081,calibration
17082,fit
17083,calibration
17084,fit
17086,calibration
17087,fit
17088,calibration
17089,calibration
17090,calibration
17091,test
17092,fit
17093,fit
17094,calibration
17095,fit
17096,fit
17097,test
17098,fit
17099,calibration
17100,fit
17101,calibration
17102,calibration
17103,fit
17104,fit
17105,fit
17106,calibration
17107,fit
17108,fit
17109,fit
17110,test
17111,fit
17112,fit
17113,fit
17114,fit
17115,fit
17116,fit
17117,fit
17118,fit
17119,fit
17120,calibration
17121,test
17122,calibration
17124,fit
17125,fit
17126,fit
17127,fit
17128,calibration
17129,fit
17130,calibration
17131,test
17132,fit
17133,calibration
17134,calibration
17135,calibration
17136,test
17137,fit
17138,fit
17139,fit
17140,calibration
17141,test
17142,calibration
17143,test
17144,calibration
17145,fit
17146,fit
17147,calibration
17148,test
17149,calibration
17150,fit
17151,test
17152,fit
17153,fit
17154,fit
17155,fit
17157,test
17158,fit
17159,fit
17160,test
17161,fit
17162,fit
17163,fit
17164,fit
17165,fit
17166,calibration
17167,fit
17168,test
17169,calibration
17170,fit
17171,fit
17172,calibration
17173,calibration
17174,fit
17175,calibration
17176,fit
17177,fit
17178,calibration
17179,calibration
17180,fit
17181,test
17182,calibration
17183,fit
17184,fit
17185,fit
17186,calibration
17188,calibration
17189,fit
17190,fit
17192,fit
17193,fit
17194,fit
17195,fit
17196,fit
17197,test
17198,test
17199,fit
17200,fit
17201,fit
17202,fit
17203,fit
17204,fit
17205,calibration
17206,fit
17207,fit
17208,fit
17209,test
17210,fit
17211,fit
17212,fit
17213,calibration
17214,test
17215,fit
17216,fit
17217,test
17218,test
17219,calibration
17220,fit
17221,fit
17222,fit
17223,fit
17224,fit
17225,fit
17226,test
17227,fit
17229,fit
17230,fit
17231,fit
17232,fit
17233,calibration
17234,fit
17235,fit
17236,fit
17237,test
17238,calibration
17239,fit
17240,fit
17241,fit
17243,test
17244,fit
17245,fit
17247,fit
17248,fit
17249,fit
17250,fit
17251,fit
17252,calibration
17253,fit
17254,fit
17255,fit
17256,fit
17257,fit
17258,test
17259,fit
17260,calibration
17261,calibration
17262,fit
17263,fit
17264,fit
17265,calibration
17266,calibration
17267,fit
17268,fit
17269,test
17270,calibration
17271,test
17273,fit
17274,fit
17275,fit
17276,fit
17277,fit
17278,test
17279,calibration
17280,fit
17281,fit
17282,test
17283,fit
17284,calibration
17285,calibration
17286,test
17287,calibration
17288,fit
17290,fit
17291,test
17292,calibration
17294,fit
17296,fit
17297,fit
17298,fit
17299,fit
17301,test
17302,fit
17303,fit
17304,calibration
17305,fit
17306,fit
17307,calibration
17308,fit
17309,fit
17310,test
17311,fit
17312,calibration
17313,fit
17314,fit
17315,fit
17316,calibration
17317,fit
17318,fit
17319,fit
17320,calibration
17321,test
17322,calibration
17324,fit
17325,fit
17326,test
17327,fit
17328,fit
17329,fit
17330,calibration
17332,fit
17333,calibration
17334,fit
17335,fit
17336,fit
17337,fit
17338,fit
17339,fit
17340,calibration
17341,fit
17342,calibration
17343,calibration
17344,fit
17345,calibration
17346,fit
17347,test
17348,calibration
17349,calibration
17350,fit
17351,fit
17352,fit
17353,fit
17354,calibration
17355,calibration
17356,fit
17357,fit
17358,test
17359,fit
17360,test
17361,fit
17362,calibration
17363,fit
17364,fit
17365,test
17366,fit
17367,test
17368,calibration
17369,fit
17370,fit
17371,fit
17372,calibration
17373,fit
17374,fit
17375,fit
17376,fit
17377,calibration
17378,fit
17379,calibration
17380,fit
17381,fit
17382,fit
17383,fit
17384,fit
17385,fit
17386,fit
17387,calibration
17388,fit
17389,fit
17390,fit
17391,fit
17392,calibration
17393,calibration
17394,test
17395,test
17396,fit
17397,test
17398,calibration
17399,calibration
17400,fit
17401,fit
17402,fit
17403,test
17404,fit
17405,fit
17406,calibration
17407,fit
17408,calibration
17409,fit
17410,fit
17411,fit
17413,calibration
17414,test
17415,fit
17416,fit
17417,fit
17418,fit
17419,calibration
17420,test
17421,calibration
17422,fit
17423,test
17424,fit
17425,fit
17426,test
17427,fit
17428,fit
17429,calibration
17430,fit
17431,fit
17432,fit
17433,calibration
17434,fit
17435,fit
17436,fit
17437,fit
17438,test
17439,calibration
17440,fit
17441,fit
17442,test
17443,fit
17444,fit
17445,test
17446,calibration
17447,calibration
17448,test
17449,calibration
17450,calibration
17451,fit
17452,fit
17453,calibration
17454,calibration
17455,fit
17456,fit
17457,calibration
17458,fit
17459,calibration
17460,fit
17461,fit
17462,calibration
17463,fit
17464,test
17465,calibration
17466,fit
17467,test
17468,fit
17469,calibration
17470,fit
17471,fit
17472,fit
17474,calibration
17475,fit
17476,fit
17477,test
17478,fit
17479,calibration
17480,calibration
17481,fit
17482,calibration
17483,calibration
17484,calibration
17485,calibration
17486,calibration
17487,fit
17488,test
17489,fit
17490,fit
17491,fit
17492,fit
17493,calibration
17494,fit
17496,test
17497,test
17499,fit
17500,fit
17501,fit
17502,calibration
17503,fit
17504,fit
17506,fit
17507,test
17508,fit
17509,fit
17510,calibration
17511,fit
17512,calibration
17513,test
17514,calibration
17515,fit
17516,fit
17517,fit
17518,fit
17519,fit
17520,fit
17521,fit
17522,test
17523,test
17524,fit
17525,fit
17526,fit
17527,fit
17528,fit
17529,fit
17530,fit
17531,fit
17532,fit
17533,calibration
17534,fit
17535,fit
17536,fit
17537,calibration
17538,fit
17539,fit
17540,calibration
17541,calibration
17542,fit
17543,fit
17544,calibration
17545,fit
17546,test
17547,fit
17548,fit
17549,calibration
17550,fit
17551,test
17552,calibration
17553,fit
17554,test
17556,calibration
17557,calibration
17558,test
17559,calibration
17560,fit
17561,test
17562,calibration
17563,fit
17564,fit
17565,calibration
17566,test
17567,test
17568,test
17569,fit
17570,fit
17571,fit
17572,fit
17573,fit
17574,fit
17575,calibration
17576,fit
17577,fit
17578,fit
17579,fit
17580,fit
17582,fit
17583,calibration
17584,fit
17585,calibration
17586,fit
17587,fit
17588,test
17589,fit
17590,fit
17591,fit
17592,calibration
17593,fit
17594,test
17595,fit
17596,fit
17597,fit
17598,fit
17599,test
17600,fit
17601,fit
17602,test
17603,test
17604,fit
17605,test
17606,calibration
17607,test
17608,fit
17609,test
17610,test
17611,calibration
17612,test
17613,calibration
17614,test
17615,fit
17616,fit
17617,calibration
17618,fit
17619,fit
17620,calibration
17621,calibration
17622,calibration
17623,fit
17624,fit
17625,test
17626,fit
17627,test
17628,fit
17629,fit
17630,fit
17631,calibration
17632,fit
17633,fit
17634,fit
17635,test
17637,fit
17638,fit
17639,test
17640,fit
17641,calibration
17642,calibration
17643,fit
17644,test
17645,fit
17646,fit
17647,fit
17648,fit
17649,fit
17650,fit
17651,fit
17652,calibration
17653,fit
17654,fit
17655,fit
17656,calibration
17657,test
17658,fit
17659,calibration
17660,calibration
17661,fit
17662,fit
17663,fit
17664,fit
17665,fit
17666,test
17667,test
17668,fit
17669,test
17670,test
17671,test
17672,fit
17673,calibration
17674,test
17675,fit
17676,fit
17677,calibration
17678,fit
17679,calibration
17680,calibration
17681,calibration
17682,fit
17683,fit
17684,test
17685,calibration
17686,fit
17687,calibration
17688,test
17689,test
17690,test
17691,fit
17693,fit
17694,calibration
17695,fit
17696,test
17697,calibration
17698,fit
17699,calibration
17700,fit
17701,calibration
17702,fit
17703,fit
17704,fit
17705,fit
17706,fit
17707,calibration
17708,fit
17709,fit
17710,calibration
17711,fit
17712,fit
17714,fit
17715,test
17716,calibration
17717,fit
17718,calibration
17719,fit
17720,fit
17721,fit
17722,fit
17724,test
17725,calibration
17727,fit
17728,calibration
17729,fit
17730,fit
17731,fit
17732,fit
17733,test
17734,fit
17735,fit
17736,calibration
17737,calibration
17739,test
17740,fit
17741,fit
17742,fit
17743,test
17744,calibration
17745,test
17746,fit
17747,fit
17748,fit
17749,fit
17750,fit
17751,fit
17752,calibration
17753,fit
17754,fit
17755,fit
17756,fit
17757,test
17758,test
17759,fit
17760,fit
17761,fit
17762,fit
17763,fit
17764,fit
17765,fit
17766,fit
17767,test
17768,fit
17769,calibration
17770,fit
17771,calibration
17772,test
17773,fit
17774,fit
17775,test
17776,fit
17777,fit
17778,fit
17779,calibration
17780,fit
17781,test
17782,fit
17783,fit
17784,test
17785,test
17786,test
17787,fit
17788,fit
17789,test
17790,test
17791,calibration
17792,fit
17793,fit
17794,fit
17795,calibration
17796,calibration
17797,fit
17798,fit
17799,fit
17800,calibration
17802,fit
17803,fit
17806,fit
17807,fit
17808,fit
17809,fit
17810,fit
17811,fit
17812,fit
17813,fit
17814,fit
17815,fit
17816,fit
17817,test
17818,fit
17819,calibration
17820,fit
17821,fit
17822,fit
17823,calibration
17824,fit
17825,fit
17827,fit
17828,fit
17829,calibration
17830,fit
17831,fit
17832,test
17833,fit
17834,fit
17835,fit
17836,fit
17837,test
17838,fit
17839,test
17840,test
17842,fit
17843,calibration
17844,fit
17845,calibration
17846,fit
17847,test
17848,test
17849,fit
17850,calibration
17851,test
17852,test
17853,fit
17855,fit
17856,calibration
17857,fit
17858,fit
17859,test
17860,fit
17861,calibration
17862,fit
17863,fit
17865,test
17866,calibration
17867,fit
17868,fit
17869,calibration
17870,fit
17871,fit
17872,calibration
17873,fit
17874,fit
17875,calibration
17876,fit
17877,fit
17878,test
17879,test
17880,test
17881,fit
17882,fit
17883,fit
17884,test
17885,fit
17886,calibration
17887,calibration
17888,fit
17889,fit
17890,fit
17891,test
17892,calibration
17894,fit
17895,test
17896,fit
17897,test
17898,fit
17899,fit
17900,fit
17901,fit
17902,fit
17903,fit
17904,fit
17905,fit
17906,fit
17907,fit
17908,calibration
17909,fit
17910,calibration
17911,test
17912,calibration
17913,calibration
17914,calibration
17915,fit
17916,fit
17917,fit
17918,calibration
17919,fit
17920,test
17922,fit
17923,fit
17924,fit
17925,fit
17926,fit
17927,calibration
17928,test
17929,test
17930,fit
17931,fit
17932,fit
17933,fit
17934,fit
17935,fit
17936,fit
17937,fit
17938,test
17939,calibration
17940,fit
17941,fit
17942,fit
17943,fit
17944,fit
17945,fit
17946,fit
17947,fit
17948,calibration
17949,fit
17950,calibration
17951,test
17952,fit
17953,fit
17955,calibration
17956,fit
17957,fit
17958,fit
17959,fit
17960,test
17961,fit
17962,fit
17963,test
17964,fit
17965,fit
17966,calibration
17967,fit
17968,calibration
17969,fit
17970,calibration
17972,fit
17973,fit
17974,fit
17975,fit
17976,fit
17977,fit
17978,test
17979,test
17980,fit
17981,test
17982,fit
17983,fit
17984,fit
17985,test
17986,fit
17987,fit
17988,fit
17989,fit
17990,fit
17991,fit
17992,calibration
17993,calibration
17995,calibration
17996,calibration
17997,test
17998,fit
17999,test
18000,fit
18003,fit
18004,test
18005,fit
18006,fit
18007,calibration
18008,fit
18009,calibration
18010,fit
18011,fit
18012,calibration
18013,calibration
18014,calibration
18015,fit
18016,test
18017,test
18018,fit
18019,fit
18020,fit
18021,fit
18022,fit
18023,fit
18024,fit
18025,calibration
18026,fit
18027,fit
18028,fit
18029,fit
18030,fit
18031,fit
18032,calibration
18033,fit
18034,calibration
18036,calibration
18037,fit
18038,test
18039,fit
18040,test
18041,fit
18042,fit
18043,fit
18044,test
18045,fit
18046,fit
18047,fit
18048,fit
18049,fit
18050,test
18051,test
18052,fit
18053,fit
18054,fit
18056,fit
18057,fit
18058,test
18059,fit
18060,fit
18061,fit
18062,fit
18063,fit
18064,calibration
18065,fit
18066,fit
18067,fit
18068,fit
18069,test
18070,fit
18071,fit
18072,calibration
18073,calibration
18074,fit
18075,fit
18076,fit
18077,calibration
18078,fit
18079,test
18080,fit
18081,fit
18082,calibration
18083,test
18084,fit
18085,calibration
18086,fit
18087,fit
18088,fit
18089,fit
18090,test
18091,fit
18092,fit
18093,fit
18096,fit
18097,calibration
18098,test
18099,calibration
18100,fit
18101,test
18102,test
18103,calibration
18105,fit
18106,fit
18108,fit
18109,fit
18110,fit
18111,fit
18112,fit
18113,calibration
18114,fit
18115,fit
18116,fit
18117,test
18118,fit
18119,fit
18120,fit
18121,fit
18122,fit
18123,fit
18124,fit
18125,test
18126,fit
18127,fit
18128,test
18129,test
18130,calibration
18131,test
18132,test
18133,fit
18134,fit
18135,test
18136,fit
18137,fit
18138,fit
18139,fit
18140,fit
18141,fit
18142,calibration
18143,fit
18144,test
18145,fit
18146,test
18147,fit
18148,fit
18149,calibration
18150,test
18151,fit
18152,calibration
18153,fit
18154,fit
18156,fit
18157,test
18158,calibration
18159,fit
18160,fit
18161,calibration
18162,fit
18163,fit
18164,calibration
18165,fit
18166,calibration
18167,fit
18168,fit
18169,fit
18170,fit
18171,calibration
18173,test
18174,fit
18175,test
18177,fit
18178,fit
18179,fit
18180,fit
18181,fit
18182,calibration
18183,calibration
18184,calibration
18185,fit
18186,fit
18187,fit
18188,fit
18189,fit
18190,fit
18191,fit
18192,test
18193,fit
18194,calibration
18195,fit
18196,fit
18197,fit
18198,fit
18199,test
18200,fit
18201,calibration
18202,calibration
18203,calibration
18204,calibration
18205,calibration
18206,calibration
18207,fit
18208,fit
18209,fit
18212,fit
18213,calibration
18214,fit
18215,calibration
18216,fit
18217,fit
18218,fit
18219,test
18220,test
18221,calibration
18222,fit
18223,fit
18225,test
18226,fit
18227,fit
18228,fit
18229,fit
18230,fit
18231,calibration
18232,fit
18233,fit
18234,fit
18235,fit
18237,fit
18238,fit
18239,test
18240,fit
18241,fit
18242,calibration
18243,calibration
18244,fit
18245,fit
18246,test
18247,calibration
18248,calibration
18249,fit
18250,fit
18251,fit
18252,test
18253,fit
18254,fit
18255,calibration
18256,calibration
18257,fit
18258,test
18259,calibration
18260,fit
18261,fit
18262,test
18263,fit
18266,fit
18267,fit
18268,fit
18269,test
18270,fit
18271,calibration
18272,fit
18273,fit
18274,fit
18275,test
18276,fit
18277,fit
18279,calibration
18280,calibration
18281,fit
18282,test
18283,fit
18284,calibration
18285,test
18286,calibration
18287,fit
18288,test
18289,fit
18290,calibration
18291,fit
18292,fit
18293,fit
18294,fit
18295,calibration
18296,test
18298,calibration
18299,fit
18300,calibration
18301,fit
18302,fit
18303,fit
18304,fit
18305,fit
18306,fit
18307,calibration
18308,test
18310,fit
18311,fit
18312,fit
18313,fit
18314,fit
18315,fit
18316,fit
18317,fit
18318,test
18319,fit
18320,test
18321,calibration
18322,fit
18323,fit
18324,fit
18325,fit
18326,test
18327,fit
18328,calibration
18329,fit
18330,test
18331,fit
18332,fit
18333,calibration
18334,test
18335,fit
18336,calibration
18337,test
18338,fit
18339,fit
18340,fit
18341,fit
18342,calibration
18343,calibration
18344,fit
18345,test
18346,fit
18347,fit
18348,fit
18349,fit
18350,fit
18351,fit
18352,test
18353,test
18354,fit
18355,fit
18356,fit
18357,calibration
18358,fit
18359,fit
18360,test
18362,fit
18364,test
18365,test
18366,test
18367,calibration
18368,calibration
18370,test
18371,fit
18372,fit
18373,fit
18375,fit
18376,calibration
18377,test
18378,fit
18379,calibration
18380,calibration
18381,fit
18382,test
18383,fit
18384,calibration
18385,fit
18386,fit
18387,fit
18388,fit
18389,fit
18390,test
18392,calibration
18393,calibration
18394,test
18395,fit
18396,calibration
18397,fit
18398,fit
18400,calibration
18401,calibration
18402,fit
18403,fit
18404,fit
18405,fit
18406,fit
18407,calibration
18408,calibration
18409,fit
18410,fit
18411,fit
18412,fit
18413,test
18414,test
18416,fit
18417,fit
18418,fit
18419,fit
18420,fit
18421,test
18422,fit
18423,fit
18424,fit
18425,fit
18426,fit
18427,fit
18428,fit
18429,calibration
18430,fit
18431,fit
18432,fit
18433,test
18435,fit
18436,test
18437,fit
18438,fit
18439,test
18440,fit
18441,fit
18442,calibration
18443,fit
18444,fit
18445,fit
18446,fit
18447,fit
18449,calibration
18450,test
18451,test
18452,fit
18453,fit
18454,test
18455,fit
18456,calibration
18457,fit
18458,calibration
18459,calibration
18460,fit
18461,fit
18462,fit
18463,test
18464,test
18466,fit
18467,fit
18468,fit
18469,fit
18470,fit
18471,test
18472,fit
18473,test
18474,fit
18475,fit
18476,calibration
18477,calibration
18478,calibration
18479,fit
18480,test
18481,fit
18482,fit
18483,calibration
18484,fit
18485,test
18486,calibration
18487,calibration
18488,test
18489,test
18490,test
18491,test
18492,fit
18493,fit
18494,calibration
18495,fit
18497,test
18498,test
18499,test
18500,calibration
18501,fit
18502,fit
18503,fit
18504,test
18505,test
18506,test
18507,test
18508,fit
18509,calibration
18510,fit
18511,fit
18512,test
18513,fit
18515,fit
18516,fit
18517,fit
18519,fit
18520,fit
18521,fit
18522,fit
18523,calibration
18525,fit
18526,test
18527,fit
18528,fit
18529,fit
18530,fit
18531,test
18533,calibration
18534,calibration
18535,calibration
18536,fit
18538,fit
18540,test
18541,fit
18542,fit
18543,fit
18544,fit
18545,fit
18546,fit
18547,fit
18548,fit
18549,fit
18550,fit
18551,fit
18552,test
18553,test
18554,fit
18555,calibration
18556,fit
18557,fit
18558,fit
18559,calibration
18561,fit
18562,fit
18563,fit
18564,fit
18565,calibration
18566,fit
18567,test
18568,test
18569,fit
18570,calibration
18571,calibration
18572,fit
18574,calibration
18575,fit
18577,test
18578,fit
18579,fit
18580,test
18581,fit
18582,fit
18583,fit
18584,fit
18585,fit
18586,fit
18587,fit
18588,test
18589,fit
18590,calibration
18591,test
18592,fit
18593,fit
18594,fit
18595,calibration
18596,test
18597,fit
18598,fit
18599,fit
18602,fit
18603,fit
18604,test
18605,calibration
18606,calibration
18607,fit
18608,test
18609,fit
18610,fit
18611,fit
18612,calibration
18613,fit
18614,fit
18615,fit
18616,calibration
18617,fit
18618,fit
18619,fit
18620,fit
18621,fit
18622,fit
18623,fit
18624,fit
18625,test
18626,fit
18627,fit
18628,test
18629,fit
18630,fit
18631,fit
18633,test
18634,test
18635,test
18636,fit
18637,fit
18638,fit
18639,fit
18640,test
18641,test
18642,fit
18643,test
18644,fit
18646,fit
18647,fit
18648,calibration
18650,fit
18651,fit
18653,fit
18654,fit
18655,fit
18656,fit
18657,fit
18658,calibration
18660,fit
18661,test
18662,fit
18663,fit
18664,fit
18665,fit
18666,test
18667,test
18668,test
18669,fit
18671,calibration
18672,calibration
18673,fit
18674,calibration
18675,test
18676,calibration
18677,fit
18678,test
18679,calibration
18680,calibration
18681,fit
18682,fit
18683,fit
18684,fit
18685,fit
18686,fit
18687,test
18688,fit
18689,fit
18690,fit
18691,fit
18692,fit
18693,test
18694,fit
18695,fit
18696,fit
18697,fit
18698,calibration
18699,test
18700,fit
18701,test
18702,fit
18703,fit
18704,fit
18705,fit
18706,fit
18707,fit
18708,calibration
18709,fit
18710,fit
18711,fit
18712,test
18713,calibration
18714,fit
18715,calibration
18716,calibration
18717,fit
18718,calibration
18719,calibration
18720,fit
18721,test
18722,fit
18723,test
18724,test
18725,calibration
18726,fit
18727,fit
18728,test
18729,fit
18730,fit
18733,fit
18734,fit
18735,calibration
18736,test
18737,fit
18738,fit
18739,fit
18740,fit
18741,test
18742,fit
18743,test
18744,fit
18745,fit
18746,calibration
18747,fit
18748,fit
18749,fit
18750,fit
18751,fit
18752,fit
18753,calibration
18754,fit
18755,fit
18756,fit
18758,fit
18759,fit
18760,fit
18761,calibration
18762,fit
18763,test
18764,fit
18765,test
18766,fit
18768,fit
18769,fit
18770,calibration
18772,fit
18773,test
18774,fit
18775,calibration
18776,fit
18777,calibration
18778,fit
18779,fit
18780,fit
18781,fit
18782,test
18783,fit
18784,fit
18785,fit
18786,calibration
18787,calibration
18788,fit
18789,calibration
18790,fit
18791,fit
18792,fit
18793,calibration
18794,fit
18795,fit
18796,fit
18797,test
18798,test
18799,fit
18800,calibration
18801,calibration
18802,fit
18803,test
18804,fit
18806,test
18807,fit
18808,fit
18809,fit
18811,fit
18812,fit
18813,fit
18814,fit
18815,fit
18816,fit
18817,fit
18818,fit
18819,fit
18820,test
18821,fit
18822,fit
18823,fit
18824,fit
18825,fit
18826,fit
18827,test
18828,fit
18829,fit
18830,test
18831,fit
18832,fit
18833,fit
18834,calibration
18835,fit
18836,test
18837,test
18838,calibration
18839,calibration
18841,fit
18842,fit
18843,test
18844,fit
18845,fit
18846,test
18847,fit
18848,fit
18849,test
18850,test
18851,fit
18852,fit
18853,test
18854,test
18855,fit
18856,fit
18857,calibration
18858,calibration
18859,fit
18860,fit
18861,fit
18862,test
18863,fit
18864,test
18865,calibration
18866,fit
18867,fit
18868,fit
18869,test
18870,fit
18871,test
18872,fit
18873,calibration
18874,fit
18875,fit
18876,calibration
18877,fit
18878,fit
18879,fit
18880,test
18882,calibration
18883,fit
18884,calibration
18885,fit
18886,test
18888,fit
18889,fit
18890,fit
18891,calibration
18892,fit
18893,fit
18894,fit
18895,fit
18896,fit
18897,fit
18898,calibration
18899,calibration
18900,calibration
18901,fit
18902,calibration
18903,test
18904,test
18905,calibration
18906,fit
18908,fit
18909,test
18910,test
18911,fit
18912,fit
18913,fit
18914,fit
18915,calibration
18916,fit
18917,fit
18918,fit
18919,test
18920,fit
18921,fit
18923,calibration
18924,fit
18925,fit
18926,fit
18927,test
18928,fit
18929,calibration
18930,fit
18933,fit
18934,test
18935,test
18936,fit
18937,fit
18938,calibration
18939,fit
18940,fit
18941,fit
18942,fit
18943,fit
18945,fit
18946,fit
18947,fit
18948,fit
18949,fit
18950,test
18951,fit
18952,test
18953,fit
18954,calibration
18955,fit
18956,calibration
18957,fit
18958,test
18959,calibration
18960,calibration
18961,calibration
18962,fit
18963,test
18964,test
18965,calibration
18966,fit
18967,test
18968,fit
18969,fit
18970,fit
18971,fit
18972,fit
18973,test
18974,test
18975,test
18976,fit
18977,test
18978,calibration
18979,fit
18980,test
18981,fit
18982,fit
18983,fit
18984,fit
18985,test
18986,fit
18987,test
18988,fit
18989,fit
18990,calibration
18991,fit
18992,fit
18993,calibration
18994,fit
18996,calibration
18997,fit
18998,calibration
19000,test
19001,fit
19002,calibration
19003,test
19004,calibration
19005,fit
19006,calibration
19007,fit
19008,fit
19009,fit
19010,fit
19011,test
19012,calibration
19013,fit
19014,fit
19015,calibration
19016,calibration
19017,fit
19018,fit
19020,calibration
19021,fit
19022,fit
19023,fit
19024,fit
19025,calibration
19026,fit
19027,test
19028,fit
19029,fit
19030,calibration
19031,fit
19032,fit
19033,fit
19034,fit
19035,test
19036,calibration
19037,fit
19038,calibration
19039,calibration
19040,calibration
19041,calibration
19042,fit
19043,fit
19044,calibration
19045,fit
19046,fit
19047,fit
19048,fit
19049,fit
19050,fit
19051,fit
19052,calibration
19053,calibration
19054,fit
19056,calibration
19057,fit
19058,fit
19059,calibration
19060,fit
19061,fit
19062,calibration
19063,fit
19064,fit
19065,test
19066,test
19067,fit
19068,calibration
19069,calibration
19070,fit
19071,fit
19072,test
19073,fit
19074,fit
19075,test
19076,fit
19077,test
19078,fit
19079,test
19080,fit
19081,fit
19082,fit
19084,fit
19085,fit
19086,calibration
19087,fit
19088,calibration
19089,test
19090,fit
19091,calibration
19092,fit
19093,fit
19094,fit
19095,fit
19096,fit
19097,calibration
19099,test
19100,fit
19101,fit
19103,calibration
19104,fit
19106,fit
19107,calibration
19108,fit
19109,fit
19110,test
19111,calibration
19112,calibration
19113,fit
19114,fit
19116,fit
19117,fit
19118,fit
19119,calibration
19120,fit
19121,fit
19122,test
19123,test
19124,fit
19125,fit
19126,fit
19127,fit
19128,calibration
19129,fit
19130,fit
19131,fit
19133,fit
19134,fit
19135,test
19136,fit
19137,fit
19138,test
19139,fit
19140,fit
19141,calibration
19142,fit
19143,test
19144,fit
19145,fit
19146,calibration
19147,fit
19148,calibration
19149,fit
19150,calibration
19152,fit
19154,fit
19155,fit
19156,fit
19157,fit
19158,fit
19159,fit
19160,fit
19161,calibration
19162,fit
19163,fit
19164,fit
19165,test
19166,fit
19169,test
19170,test
19171,calibration
19172,test
19173,fit
19174,fit
19175,fit
19176,test
19177,fit
19178,calibration
19179,fit
19180,calibration
19181,fit
19182,fit
19183,calibration
19184,fit
19185,fit
19186,fit
19187,fit
19188,fit
19190,calibration
19191,fit
19192,fit
19193,fit
19194,fit
19195,fit
19196,test
19197,fit
19198,fit
19199,test
19200,calibration
19201,test
19203,fit
19205,fit
19206,calibration
19207,test
19208,fit
19209,fit
19210,fit
19211,fit
19212,fit
19213,test
19214,calibration
19215,fit
19216,test
19218,fit
19219,fit
19220,calibration
19221,test
19222,calibration
19223,fit
19224,calibration
19225,fit
19226,fit
19227,calibration
19229,fit
19230,fit
19232,fit
19233,fit
19234,fit
19235,fit
19236,fit
19237,fit
19238,fit
19240,fit
19241,fit
19242,fit
19243,fit
19244,fit
19245,fit
19246,test
19247,fit
19248,fit
19249,fit
19250,test
19251,fit
19252,fit
19253,fit
19254,fit
19255,calibration
19256,fit
19257,test
19258,calibration
19259,fit
19260,fit
19261,fit
19262,fit
19263,calibration
19264,fit
19265,calibration
19266,calibration
19267,fit
19268,calibration
19269,fit
19270,calibration
19271,fit
19272,fit
19273,test
19274,fit
19275,fit
19276,fit
19277,fit
19278,calibration
19279,calibration
19280,fit
19281,calibration
19282,fit
19283,fit
19284,fit
19285,fit
19286,test
19288,test
19289,calibration
19291,fit
19292,fit
19293,fit
19294,fit
19295,fit
19296,fit
19297,fit
19298,fit
19299,calibration
19300,fit
19301,calibration
19302,fit
19303,fit
19304,fit
19305,fit
19306,calibration
19307,fit
19308,fit
19309,fit
19310,test
19311,fit
19312,calibration
19313,calibration
19314,fit
19315,test
19317,fit
19318,fit
19319,fit
19320,fit
19321,fit
19322,test
19323,fit
19324,fit
19325,fit
19326,test
19327,fit
19328,fit
19329,fit
19330,fit
19331,test
19332,test
19333,fit
19334,fit
19335,fit
19336,calibration
19337,fit
19338,fit
19340,test
19341,test
19342,fit
19343,fit
19344,fit
19345,test
19346,fit
19347,calibration
19348,fit
19349,test
19350,fit
19351,fit
19352,calibration
19353,test
19354,test
19355,fit
19357,calibration
19358,fit
19359,fit
19361,calibration
19362,test
19363,fit
19365,fit
19366,test
19367,fit
19368,test
19369,fit
19370,fit
19371,test
19372,fit
19373,calibration
19374,fit
19375,test
19376,fit
19377,calibration
19378,test
19379,fit
19380,fit
19381,fit
19382,test
19385,fit
19386,fit
19387,fit
19388,fit
19389,fit
19391,fit
19392,fit
19393,fit
19394,fit
19395,test
19396,fit
19397,fit
19398,test
19399,fit
19400,fit
19401,calibration
19402,test
19403,fit
19404,test
19405,test
19406,fit
19408,fit
19409,calibration
19410,fit
19411,fit
19412,calibration
19413,test
19414,fit
19415,fit
19416,fit
19417,fit
19418,fit
19419,fit
19420,fit
19421,fit
19422,fit
19423,test
19424,calibration
19425,fit
19426,fit
19427,fit
19428,fit
19429,fit
19430,calibration
19432,calibration
19433,fit
19434,fit
19435,calibration
19436,fit
19437,fit
19438,calibration
19440,fit
19441,fit
19442,fit
19443,fit
19444,calibration
19445,calibration
19446,fit
19447,calibration
19448,test
19449,fit
19450,fit
19451,fit
19452,fit
19453,fit
19454,fit
19455,fit
19456,calibration
19457,calibration
19458,fit
19459,fit
19460,calibration
19461,test
19462,fit
19463,fit
19464,fit
19465,fit
19466,fit
19467,fit
19468,fit
19469,fit
19471,calibration
19472,fit
19473,test
19474,calibration
19475,fit
19477,test
19478,test
19479,fit
19480,fit
19481,test
19482,fit
19484,fit
19485,fit
19486,calibration
19487,test
19488,fit
19489,test
19491,fit
19492,fit
19493,test
19494,calibration
19495,test
19496,fit
19497,fit
19498,fit
19499,fit
19500,fit
19501,fit
19502,fit
19503,fit
19504,calibration
19506,fit
19507,fit
19508,fit
19509,calibration
19510,fit
19511,fit
19512,fit
19513,test
19515,fit
19516,calibration
19517,calibration
19518,fit
19519,fit
19520,fit
19521,fit
19522,test
19523,calibration
19524,calibration
19525,calibration
19527,fit
19528,calibration
19529,test
19530,fit
19531,fit
19532,fit
19533,test
19534,fit
19535,fit
19536,test
19537,fit
19538,test
19539,calibration
19540,calibration
19541,fit
19542,calibration
19543,fit
19544,fit
19545,fit
19546,fit
19547,fit
19548,test
19549,test
19550,fit
19551,fit
19552,calibration
19553,fit
19554,calibration
19555,fit
19556,fit
19557,test
19558,fit
19559,fit
19560,calibration
19561,fit
19562,fit
19563,fit
19564,fit
19565,fit
19567,fit
19568,calibration
19570,test
19571,fit
19572,calibration
19573,fit
19574,test
19575,test
19577,fit
19578,fit
19579,test
19580,fit
19581,calibration
19582,fit
19583,test
19584,calibration
19585,calibration
19586,fit
19587,fit
19588,fit
19589,fit
19590,fit
19591,fit
19592,test
19593,fit
19594,calibration
19595,fit
19596,calibration
19597,test
19598,fit
19599,fit
19600,fit
19601,calibration
19603,fit
19604,fit
19605,fit
19606,fit
19607,fit
19608,fit
19609,fit
19610,fit
19611,fit
19612,fit
19613,fit
19614,fit
19615,calibration
19616,calibration
19617,fit
19618,fit
19619,fit
19620,fit
19621,calibration
19622,fit
19623,fit
19624,fit
19625,fit
19626,calibration
19627,fit
19628,calibration
19629,calibration
19630,fit
19631,fit
19632,test
19633,test
19634,fit
19635,test
19636,test
19637,fit
19638,calibration
19639,test
19640,calibration
19641,fit
19642,fit
19643,fit
19644,fit
19645,calibration
19646,fit
19647,test
19648,fit
19650,fit
19651,calibration
19652,fit
19653,fit
19654,calibration
19655,test
19656,test
19657,fit
19658,fit
19659,fit
19660,calibration
19662,fit
19663,fit
19664,fit
19665,calibration
19666,fit
19667,test
19668,fit
19669,test
19670,calibration
19671,fit
19672,fit
19674,fit
19675,test
19676,test
19677,fit
19679,fit
19680,test
19681,fit
19682,test
19683,fit
19684,fit
19687,calibration
19688,test
19691,test
19692,fit
19693,fit
19694,fit
19695,fit
19696,fit
19697,calibration
19698,fit
19699,fit
19700,fit
19701,fit
19702,fit
19703,test
19704,fit
19705,fit
19706,fit
19707,test
19708,test
19709,fit
19710,calibration
19711,fit
19712,fit
19713,fit
19714,fit
19715,fit
19716,fit
19717,fit
19718,fit
19719,test
19720,test
19721,test
19722,fit
19723,fit
19724,fit
19725,test
19726,fit
19727,test
19728,fit
19729,fit
19730,fit
19731,test
19732,test
19733,fit
19734,test
19735,fit
19736,fit
19737,fit
19738,test
19739,fit
19740,test
19742,calibration
19743,fit
19744,test
19745,fit
19746,fit
19747,calibration
19748,test
19749,fit
19750,fit
19751,test
19752,fit
19753,test
19754,test
19755,test
19756,fit
19757,calibration
19758,fit
19759,test
19760,fit
19761,calibration
19762,calibration
19763,fit
19764,fit
19765,fit
19766,fit
19767,fit
19768,test
19769,calibration
19770,test
19771,calibration
19772,fit
19773,fit
19774,fit
19776,fit
19777,test
19778,fit
19779,test
19780,fit
19781,fit
19782,fit
19783,calibration
19784,calibration
19785,test
19786,test
19787,calibration
19788,fit
19789,fit
19790,fit
19791,fit
19792,fit
19793,fit
19794,fit
19795,calibration
19796,fit
19797,fit
19799,fit
19800,calibration
19801,fit
19802,fit
19803,calibration
19804,test
19805,test
19806,test
19807,calibration
19808,fit
19810,fit
19811,fit
19812,fit
19813,fit
19814,fit
19815,fit
19816,test
19817,fit
19818,fit
19819,fit
19820,test
19821,calibration
19822,test
19823,fit
19824,fit
19825,fit
19826,test
19827,fit
19828,test
19829,fit
19830,test
19831,test
19832,fit
19833,calibration
19834,calibration
19835,test
19836,calibration
19837,fit
19838,fit
19839,fit
19840,calibration
19841,calibration
19842,fit
19843,fit
19844,fit
19845,fit
19846,test
19847,fit
19848,test
19849,calibration
19850,fit
19851,test
19852,test
19853,calibration
19854,calibration
19855,calibration
19856,fit
19857,fit
19858,fit
19859,fit
19860,fit
19861,calibration
19862,calibration
19863,fit
19864,fit
19865,fit
19866,fit
19867,calibration
19868,fit
19869,fit
19870,fit
19871,calibration
19874,fit
19875,test
19876,test
19877,test
19878,fit
19880,fit
19881,fit
19882,calibration
19883,fit
19884,test
19885,fit
19886,calibration
19887,fit
19888,fit
19889,test
19890,calibration
19891,fit
19893,test
19895,test
19896,test
19897,fit
19898,fit
19899,fit
19900,calibration
19901,fit
19902,test
19903,fit
19904,fit
19905,test
19906,fit
19907,calibration
19908,fit
19909,test
19910,fit
19911,test
19912,fit
19913,test
19914,fit
19915,fit
19916,fit
19917,fit
19918,fit
19919,fit
19920,fit
19921,test
19922,fit
19924,test
19925,fit
19926,fit
19927,calibration
19928,calibration
19929,calibration
19930,calibration
19932,fit
19933,fit
19935,fit
19936,fit
19937,fit
19938,fit
19939,test
19940,test
19941,test
19942,calibration
19944,fit
19945,fit
19946,fit
19947,fit
19948,test
19949,fit
19950,calibration
19951,fit
19952,test
19953,fit
19954,fit
19956,fit
19957,fit
19958,test
19959,calibration
19960,fit
19961,fit
19962,fit
19963,calibration
19964,test
19965,test
19966,fit
19967,fit
19968,fit
19969,fit
19970,calibration
19971,test
19972,fit
19973,fit
19974,fit
19975,test
19976,calibration
19977,fit
19978,test
19979,calibration
19980,fit
19981,fit
19982,fit
19983,fit
19984,fit
19985,calibration
19986,calibration
19987,calibration
19988,calibration
19989,fit
19990,fit
19991,fit
19992,calibration
19993,test
19994,test
19995,calibration
19996,calibration
19997,calibration
19998,fit
19999,calibration
20000,fit
20001,test
20002,fit
20003,calibration
20004,fit
20005,calibration
20006,fit
20007,fit
20008,fit
20009,fit
20010,test
20012,test
20013,test
20014,fit
20015,test
20016,test
20017,calibration
20019,fit
20020,fit
20021,fit
20022,calibration
20023,test
20024,fit
20026,fit
20027,test
20028,fit
20029,fit
20030,fit
20031,test
20032,fit
20033,calibration
20034,fit
20035,fit
20036,calibration
20038,fit
20039,fit
20040,test
20041,fit
20042,test
20043,fit
20046,fit
20047,fit
20048,fit
20049,calibration
20050,fit
20051,fit
20052,test
20053,calibration
20054,test
20055,fit
20056,calibration
20057,fit
20058,test
20059,fit
20060,test
20061,fit
20063,fit
20064,fit
20065,fit
20066,fit
20067,fit
20068,calibration
20069,fit
20070,fit
20071,fit
20072,calibration
20074,test
20075,test
20076,fit
20077,test
20078,test
20079,fit
20080,fit
20081,fit
20082,fit
20083,calibration
20084,test
20085,calibration
20086,fit
20087,fit
20088,test
20089,calibration
20090,fit
20091,test
20092,fit
20093,fit
20095,calibration
20096,test
20097,test
20098,fit
20099,test
20101,fit
20102,fit
20103,fit
20104,calibration
20105,test
20106,fit
20107,test
20108,fit
20109,fit
20110,fit
20111,calibration
20112,test
20113,test
20114,fit
20115,calibration
20116,fit
20117,fit
20118,calibration
20119,fit
20120,test
20121,test
20122,fit
20123,fit
20124,calibration
20125,test
20126,calibration
20127,fit
20128,calibration
20129,fit
20130,calibration
20131,fit
20132,fit
20134,fit
20135,test
20136,test
20137,fit
20138,calibration
20139,fit
20140,calibration
20141,calibration
20142,fit
20143,fit
20144,fit
20145,fit
20146,fit
20147,test
20148,calibration
20149,fit
20150,test
20151,fit
20152,test
20153,test
20155,calibration
20156,fit
20157,fit
20158,fit
20159,fit
20160,calibration
20161,fit
20162,fit
20163,fit
20164,calibration
20165,test
20166,fit
20167,fit
20168,calibration
20169,fit
20170,fit
20171,fit
20172,fit
20173,fit
20174,test
20175,fit
20176,fit
20177,fit
20178,test
20179,calibration
20180,fit
20181,test
20182,calibration
20183,fit
20185,calibration
20186,fit
20187,calibration
20188,calibration
20189,test
20190,fit
20191,fit
20192,test
20193,fit
20194,fit
20196,fit
20197,fit
20198,calibration
20199,fit
20200,fit
20201,fit
20202,calibration
20203,fit
20204,fit
20205,calibration
20206,calibration
20207,fit
20208,fit
20209,fit
20210,fit
20211,fit
20212,test
20213,fit
20214,fit
20215,fit
20216,fit
20217,fit
20218,calibration
20219,fit
20220,calibration
20221,test
20222,fit
20223,fit
20224,fit
20225,fit
20226,fit
20227,fit
20228,fit
20230,test
20231,fit
20232,fit
20233,calibration
20234,fit
20235,fit
20236,fit
20237,calibration
20238,test
20239,fit
20241,test
20242,fit
20243,test
20244,test
20245,fit
20246,fit
20247,fit
20248,fit
20249,fit
20250,fit
20251,test
20252,fit
20253,fit
20254,fit
20255,fit
20256,calibration
20257,fit
20258,fit
20259,fit
20260,fit
20261,fit
20262,calibration
20263,fit
20264,fit
20265,fit
20266,fit
20267,fit
20268,fit
20269,fit
20270,fit
20271,test
20272,fit
20273,calibration
20274,fit
20275,fit
20276,fit
20277,fit
20278,test
20279,fit
20280,fit
20281,fit
20282,fit
20283,fit
20284,fit
20285,fit
20286,test
20287,fit
20288,fit
20289,calibration
20290,fit
20291,test
20292,test
20293,fit
20294,test
20295,fit
20296,calibration
20297,fit
20298,fit
20299,fit
20300,fit
20301,calibration
20302,test
20303,fit
20304,calibration
20305,fit
20306,fit
20307,fit
20308,calibration
20309,fit
20310,calibration
20311,fit
20312,fit
20313,fit
20314,calibration
20315,fit
20317,fit
20318,test
20319,fit
20320,test
20321,fit
20322,fit
20323,fit
20324,fit
20325,calibration
20326,fit
20327,fit
20328,fit
20329,calibration
20330,test
20331,fit
20332,calibration
20333,fit
20334,fit
20335,fit
20336,fit
20337,fit
20338,fit
20339,test
20340,test
20341,fit
20342,fit
20343,fit
20344,fit
20345,calibration
20346,test
20347,fit
20348,calibration
20349,fit
20350,fit
20351,calibration
20353,fit
20354,fit
20356,calibration
20357,fit
20358,fit
20359,calibration
20361,calibration
20362,fit
20363,fit
20364,fit
20365,test
20366,fit
20367,calibration
20368,fit
20369,fit
20370,fit
20371,fit
20372,fit
20373,fit
20374,calibration
20375,test
20376,fit
20377,fit
20378,fit
20379,test
20380,calibration
20381,test
20382,fit
20383,fit
20384,fit
20385,fit
20386,calibration
20387,fit
20388,fit
20389,test
20390,fit
20391,fit
20392,test
20393,fit
20394,fit
20395,fit
20396,fit
20397,calibration
20398,fit
20399,test
20400,test
20401,fit
20402,calibration
20403,fit
20404,test
20405,test
20406,test
20407,test
20408,fit
20409,fit
20410,fit
20411,fit
20412,fit
20413,calibration
20414,calibration
20415,fit
20416,fit
20417,calibration
20418,fit
20419,fit
20420,fit
20421,fit
20422,fit
20423,fit
20424,fit
20425,fit
20426,fit
20427,fit
20428,fit
20429,test
20430,fit
20431,fit
20432,fit
20433,fit
20434,fit
20435,fit
20436,calibration
20437,calibration
20438,fit
20439,fit
20440,fit
20441,fit
20442,calibration
20443,fit
20444,fit
20445,test
20447,fit
20448,fit
20449,test
20450,test
20451,fit
20452,calibration
20453,fit
20454,fit
20455,test
20456,test
20457,fit
20458,test
20459,calibration
20460,fit
20461,fit
20462,test
20463,fit
20464,fit
20465,fit
20466,test
20467,calibration
20468,fit
20469,calibration
20470,test
20471,fit
20472,fit
20473,fit
20475,fit
20476,fit
20477,fit
20478,fit
20479,fit
20480,test
20481,fit
20482,fit
20483,fit
20484,fit
20485,calibration
20486,fit
20487,test
20488,fit
20489,test
20490,fit
20491,fit
20492,fit
20493,fit
20495,fit
20496,fit
20497,fit
20498,fit
20499,calibration
20500,fit
20501,calibration
20502,test
20503,fit
20504,fit
20505,fit
20506,fit
20507,calibration
20508,fit
20509,fit
20510,fit
20511,fit
20513,test
20514,fit
20515,fit
20516,fit
20517,calibration
20518,calibration
20519,fit
20520,fit
20521,test
20522,calibration
20523,test
20524,fit
20525,calibration
20526,fit
20527,test
20528,fit
20529,test
20530,calibration
20531,calibration
20532,test
20534,fit
20535,test
20536,fit
20537,fit
20538,fit
20539,fit
20540,fit
20541,calibration
20542,calibration
20543,fit
20544,test
20545,calibration
20546,fit
20547,fit
20548,test
20549,fit
20550,fit
20551,fit
20552,calibration
20553,test
20554,fit
20555,fit
20556,calibration
20557,fit
20558,fit
20559,fit
20560,calibration
20561,test
20562,fit
20563,fit
20564,fit
20565,fit
20566,fit
20567,test
20570,fit
20571,test
20572,fit
20573,test
20575,fit
20576,fit
20577,fit
20578,test
20579,fit
20581,fit
20582,fit
20583,calibration
20584,fit
20585,test
20586,fit
20587,fit
20588,fit
20589,fit
20590,fit
20591,fit
20592,calibration
20593,calibration
20594,test
20595,calibration
20596,calibration
20597,fit
20598,fit
20599,test
20600,fit
20601,calibration
20602,calibration
20603,calibration
20604,fit
20605,test
20606,fit
20607,fit
20608,calibration
20609,test
20610,fit
20611,fit
20612,test
20613,fit
20614,test
20615,fit
20616,calibration
20617,fit
20619,fit
20620,fit
20621,fit
20622,fit
20623,fit
20624,test
20625,fit
20626,fit
20627,fit
20628,test
20629,test
20630,calibration
20631,fit
20632,fit
20633,fit
20634,fit
20635,calibration
20636,calibration
20637,test
20638,fit
20639,calibration
20640,test
20641,fit
20642,fit
20643,calibration
20644,fit
20645,fit
20646,calibration
20647,calibration
20648,test
20650,fit
20651,fit
20652,fit
20654,calibration
20655,fit
20656,fit
20657,calibration
20658,calibration
20659,fit
20660,calibration
20661,test
20662,test
20663,calibration
20664,calibration
20665,fit
20666,test
20667,test
20668,calibration
20669,fit
20670,fit
20671,test
20672,fit
20673,calibration
20674,calibration
20675,calibration
20676,test
20677,fit
20678,calibration
20679,fit
20680,fit
20681,fit
20682,fit
20683,fit
20684,fit
20685,calibration
20686,fit
20687,fit
20688,calibration
20689,fit
20690,fit
20691,fit
20692,fit
20693,fit
20694,test
20695,fit
20696,fit
20697,fit
20698,fit
20699,test
20700,test
20701,calibration
20702,calibration
20703,fit
20704,test
20705,fit
20706,fit
20707,test
20708,fit
20709,test
20710,fit
20712,fit
20713,fit
20714,calibration
20715,fit
20716,fit
20717,fit
20718,fit
20719,fit
20720,fit
20721,fit
20722,fit
20723,fit
20724,test
20725,fit
20726,fit
20727,fit
20728,test
20729,fit
20730,test
20731,test
20732,test
20733,fit
20734,calibration
20735,fit
20736,calibration
20737,fit
20738,calibration
20739,test
20740,fit
20741,calibration
20742,fit
20743,test
20744,fit
20745,test
20746,fit
20747,test
20749,calibration
20750,fit
20751,fit
20752,calibration
20753,fit
20754,fit
20755,fit
20756,fit
20757,fit
20758,fit
20759,calibration
20760,calibration
20761,fit
20762,fit
20763,calibration
20764,calibration
20765,fit
20766,calibration
20767,fit
20768,calibration
20769,calibration
20770,fit
20771,fit
20772,fit
20774,fit
20775,calibration
20776,fit
20778,fit
20779,test
20781,fit
20782,fit
20783,fit
20784,test
20785,fit
20786,fit
20787,calibration
20788,fit
20789,fit
20790,fit
20791,fit
20793,fit
20794,fit
20795,fit
20796,fit
20797,fit
20798,test
20799,test
20800,fit
20801,fit
20802,fit
20803,test
20804,fit
20805,calibration
20806,fit
20807,fit
20808,fit
20809,fit
20810,fit
20811,fit
20812,fit
20813,test
20814,fit
20815,fit
20816,test
20817,calibration
20818,fit
20819,calibration
20820,fit
20821,test
20822,fit
20823,fit
20824,fit
20825,fit
20826,fit
20827,fit
20829,calibration
20830,fit
20831,fit
20833,fit
20834,fit
20835,fit
20836,calibration
20837,fit
20839,calibration
20841,fit
20842,fit
20843,fit
20844,calibration
20845,fit
20846,calibration
20847,fit
20848,fit
20849,test
20850,fit
20851,fit
20852,fit
20853,fit
20854,fit
20855,fit
20856,fit
20857,fit
20858,fit
20859,fit
20860,fit
20861,fit
20862,test
20863,calibration
20864,fit
20865,fit
20866,calibration
20867,fit
20868,test
20869,fit
20870,test
20871,fit
20872,test
20873,fit
20874,calibration
20875,fit
20876,calibration
20877,fit
20878,calibration
20879,test
20880,test
20881,test
20882,fit
20883,fit
20884,calibration
20885,test
20886,fit
20887,test
20888,calibration
20889,fit
20890,test
20891,fit
20892,fit
20893,test
20894,fit
20895,calibration
20896,fit
20897,fit
20898,calibration
20899,test
20900,fit
20901,calibration
20902,calibration
20903,fit
20904,fit
20905,test
20906,fit
20907,calibration
20908,fit
20909,fit
20911,test
20912,test
20913,test
20914,test
20915,fit
20916,test
20918,test
20919,fit
20920,fit
20921,calibration
20922,test
20923,fit
20924,fit
20925,fit
20926,fit
20927,fit
20929,fit
20930,fit
20931,calibration
20932,fit
20933,test
20934,fit
20936,test
20937,test
20938,calibration
20939,calibration
20940,fit
20941,fit
20942,fit
20943,calibration
20944,test
20945,fit
20946,fit
20947,fit
20948,test
20951,fit
20952,calibration
20953,fit
20954,fit
20955,fit
20956,fit
20957,fit
20958,fit
20959,calibration
20960,calibration
20962,fit
20963,test
20964,fit
20965,fit
20966,test
20969,fit
20970,test
20971,fit
20972,fit
20973,fit
20974,fit
20975,fit
20976,fit
20977,fit
20978,test
20979,test
20980,fit
20981,fit
20982,fit
20983,fit
20984,fit
20985,calibration
20986,test
20987,fit
20988,test
20989,calibration
20990,fit
20991,fit
20992,fit
20993,fit
20994,test
20995,test
20996,test
20997,fit
20998,calibration
21000,fit
21001,fit
21002,test
21003,fit
21004,fit
21005,fit
21006,fit
21009,fit
21010,fit
21011,calibration
21012,fit
21013,test
21014,fit
21015,fit
21016,fit
21017,fit
21018,fit
21019,calibration
21020,fit
21021,calibration
21022,test
21023,fit
21024,test
21025,calibration
21026,fit
21027,fit
21028,fit
21030,fit
21031,fit
21032,fit
21033,test
21034,fit
21035,calibration
21036,fit
21037,fit
21038,calibration
21039,fit
21040,calibration
21041,fit
21042,fit
21043,fit
21044,fit
21046,calibration
21047,fit
21048,fit
21049,test
21050,fit
21051,fit
21052,fit
21053,calibration
21054,fit
21055,fit
21056,test
21057,fit
21058,fit
21059,fit
21060,fit
21061,test
21062,fit
21063,calibration
21064,fit
21065,fit
21066,calibration
21067,test
21068,test
21069,calibration
21070,fit
21071,fit
21072,fit
21073,fit
21074,fit
21075,fit
21076,fit
21077,fit
21078,calibration
21079,fit
21080,test
21081,test
21082,fit
21083,calibration
21084,calibration
21085,fit
21086,calibration
21087,fit
21088,fit
21089,fit
21090,calibration
21091,fit
21092,fit
21093,calibration
21094,fit
21095,fit
21096,fit
21097,fit
21098,fit
21099,fit
21100,calibration
21101,calibration
21102,calibration
21103,fit
21104,calibration
21105,test
21106,calibration
21107,calibration
21108,calibration
21109,test
21110,fit
21111,fit
21112,fit
21113,fit
21114,fit
21115,test
21116,fit
21117,fit
21118,fit
21119,fit
21120,fit
21122,fit
21123,fit
21124,fit
21125,fit
21126,fit
21127,fit
21128,calibration
21129,test
21130,fit
21131,test
21132,fit
21133,test
21134,fit
21135,fit
21136,fit
21137,fit
21138,fit
21139,calibration
21140,fit
21141,calibration
21142,test
21143,fit
21144,fit
21145,fit
21146,calibration
21147,fit
21148,fit
21150,fit
21151,fit
21152,fit
21153,calibration
21155,fit
21156,fit
21157,calibration
21158,calibration
21159,fit
21160,calibration
21161,calibration
21163,test
21164,fit
21167,fit
21168,test
21169,test
21170,fit
21173,calibration
21174,test
21175,fit
21176,calibration
21178,test
21179,calibration
21180,fit
21181,fit
21182,test
21183,test
21184,fit
21185,test
21186,calibration
21187,fit
21188,fit
21189,fit
21190,fit
21191,fit
21192,test
21193,test
21194,fit
21195,fit
21196,fit
21197,fit
21198,fit
21199,calibration
21200,fit
21201,fit
21202,calibration
21203,test
21204,test
21205,fit
21206,fit
21207,calibration
21208,fit
21209,fit
21210,test
21211,calibration
21212,fit
21213,calibration
21214,calibration
21215,calibration
21216,fit
21217,fit
21218,fit
21219,fit
21220,fit
21221,calibration
21222,fit
21223,calibration
21224,fit
21225,fit
21226,test
21227,fit
21228,test
21229,fit
21230,fit
21232,test
21233,fit
21234,calibration
21235,calibration
21236,fit
21237,test
21238,calibration
21239,test
21240,fit
21241,fit
21242,fit
21243,test
21244,calibration
21245,calibration
21246,fit
21247,test
21248,test
21249,fit
21250,fit
21251,fit
21252,fit
21253,fit
21255,calibration
21256,fit
21257,test
21258,fit
21259,fit
21260,test
21261,fit
21262,calibration
21263,test
21264,test
21265,fit
21266,fit
21268,calibration
21269,test
21270,fit
21271,fit
21272,fit
21273,fit
21274,fit
21275,test
21276,test
21277,fit
21278,fit
21279,fit
21280,fit
21281,fit
21282,test
21283,calibration
21284,fit
21286,calibration
21287,fit
21288,test
21289,calibration
21290,calibration
21291,fit
21292,fit
21293,fit
21294,fit
21295,fit
21296,fit
21297,test
21298,fit
21299,fit
21300,fit
21301,fit
21302,fit
21303,fit
21304,fit
21305,fit
21306,calibration
21307,fit
21308,test
21309,fit
21310,calibration
21311,fit
21312,test
21314,test
21315,fit
21316,calibration
21317,fit
21318,fit
21319,fit
21320,fit
21321,fit
21322,test
21323,test
21324,test
21326,fit
21327,fit
21328,calibration
21329,test
21330,fit
21331,calibration
21332,calibration
21333,fit
21334,fit
21337,test
21338,fit
21339,calibration
21340,fit
21341,calibration
21342,calibration
21343,fit
21344,calibration
21345,calibration
21346,fit
21347,test
21348,fit
21349,calibration
21350,calibration
21351,fit
21352,fit
21355,calibration
21356,fit
21357,calibration
21358,fit
21359,fit
21360,fit
21361,test
21362,fit
21363,fit
21364,fit
21365,fit
21366,fit
21367,fit
21369,fit
21370,fit
21371,test
21372,fit
21373,test
21374,calibration
21376,fit
21377,fit
21378,calibration
21379,fit
21380,fit
21381,fit
21382,fit
21383,test
21384,fit
21385,calibration
21386,fit
21387,fit
21388,fit
21389,fit
21390,fit
21391,test
21392,fit
21393,test
21394,calibration
21395,calibration
21396,test
21397,fit
21399,fit
21400,fit
21401,calibration
21402,test
21403,fit
21404,fit
21405,test
21406,test
21407,calibration
21408,test
21409,test
21410,fit
21411,fit
21412,fit
21413,fit
21414,test
21415,test
21416,fit
21417,fit
21418,fit
21419,fit
21420,calibration
21421,fit
21422,test
21424,calibration
21425,calibration
21426,fit
21427,fit
21428,fit
21429,fit
21430,test
21431,calibration
21432,test
21433,test
21434,fit
21435,fit
21436,calibration
21437,fit
21438,fit
21439,fit
21440,fit
21441,fit
21442,fit
21443,fit
21444,calibration
21445,fit
21446,test
21448,calibration
21449,fit
21450,fit
21451,test
21452,fit
21453,fit
21454,fit
21455,fit
21456,fit
21457,calibration
21458,fit
21459,fit
21460,fit
21461,fit
21462,fit
21463,test
21464,fit
21465,calibration
21466,test
21467,fit
21468,fit
21469,fit
21470,test
21471,fit
21472,test
21473,fit
21474,calibration
21475,fit
21476,test
21477,fit
21480,calibration
21481,test
21482,fit
21484,calibration
21485,test
21486,fit
21487,fit
21488,fit
21489,fit
21490,test
21491,fit
21492,fit
21493,fit
21494,fit
21495,test
21496,calibration
21497,fit
21498,calibration
21499,fit
21501,fit
21502,test
21503,fit
21504,fit
21505,fit
21506,fit
21508,calibration
21509,fit
21510,fit
21511,fit
21512,fit
21513,test
21514,fit
21515,fit
21516,calibration
21517,fit
21518,fit
21519,fit
21520,fit
21521,test
21522,fit
21523,fit
21524,fit
21525,test
21526,fit
21527,fit
21528,test
21529,fit
21530,calibration
21532,fit
21533,fit
21534,fit
21535,fit
21536,calibration
21537,fit
21538,fit
21539,fit
21540,calibration
21541,fit
21542,test
21543,fit
21544,calibration
21545,fit
21546,fit
21547,test
21548,fit
21549,fit
21550,test
21551,test
21552,test
21553,fit
21554,fit
21555,fit
21556,fit
21557,test
21558,fit
21560,fit
21561,fit
21562,fit
21563,fit
21564,fit
21565,test
21566,fit
21567,fit
21568,fit
21569,fit
21570,calibration
21571,calibration
21572,calibration
21573,fit
21574,fit
21575,fit
21576,fit
21577,calibration
21578,fit
21579,fit
21580,fit
21581,fit
21583,fit
21585,fit
21586,calibration
21587,test
21588,fit
21589,fit
21590,fit
21591,fit
21592,fit
21593,calibration
21594,calibration
21595,fit
21596,calibration
21597,calibration
21598,fit
21599,fit
21600,fit
21601,calibration
21602,fit
21603,fit
21604,calibration
21605,fit
21606,fit
21607,fit
21608,calibration
21609,fit
21610,fit
21611,fit
21612,fit
21613,fit
21614,test
21615,fit
21616,fit
21617,fit
21620,calibration
21621,fit
21622,test
21623,fit
21624,fit
21625,fit
21626,test
21627,fit
21628,test
21629,fit
21630,calibration
21631,test
21632,fit
21633,fit
21634,fit
21635,fit
21636,calibration
21637,calibration
21638,fit
21639,calibration
21640,calibration
21641,fit
21642,fit
21643,test
21644,fit
21645,test
21646,fit
21647,test
21648,test
21649,test
21650,test
21651,test
21652,test
21653,test
21654,calibration
21655,fit
21656,test
21657,fit
21658,fit
21659,calibration
21660,calibration
21661,calibration
21663,calibration
21664,fit
21665,fit
21666,fit
21667,fit
21668,test
21669,calibration
21670,calibration
21671,calibration
21672,calibration
21673,fit
21674,test
21675,fit
21676,fit
21677,fit
21678,fit
21679,test
21680,fit
21682,fit
21683,fit
21684,fit
21685,fit
21686,fit
21687,calibration
21688,fit
21690,fit
21691,test
21692,calibration
21693,fit
21694,test
21695,fit
21696,fit
21697,calibration
21698,fit
21699,fit
21701,test
21702,fit
21703,fit
21704,fit
21705,calibration
21706,test
21707,test
21708,fit
21709,test
21710,fit
21712,test
21713,fit
21714,fit
21715,test
21716,fit
21717,fit
21718,test
21719,fit
21720,fit
21721,calibration
21722,calibration
21723,fit
21725,fit
21726,test
21727,test
21728,calibration
21730,fit
21731,fit
21732,fit
21733,fit
21734,fit
21735,fit
21736,fit
21737,test
21738,fit
21739,fit
21740,calibration
21741,fit
21742,fit
21744,fit
21745,fit
21746,fit
21747,calibration
21748,fit
21749,fit
21750,fit
21752,fit
21753,fit
21754,calibration
21755,test
21756,calibration
21757,calibration
21758,test
21759,calibration
21760,calibration
21761,fit
21762,fit
21763,test
21764,test
21765,fit
21767,fit
21768,test
21769,calibration
21770,fit
21771,fit
21772,fit
21773,fit
21774,fit
21775,fit
21776,fit
21778,fit
21779,fit
21780,fit
21781,test
21782,fit
21783,fit
21785,fit
21786,calibration
21787,test
21788,fit
21789,test
21790,calibration
21791,fit
21792,test
21793,fit
21794,fit
21795,fit
21796,test
21797,calibration
21798,test
21799,fit
21800,fit
21801,calibration
21802,fit
21803,test
21804,fit
21805,calibration
21806,fit
21807,test
21808,fit
21809,fit
21811,fit
21812,fit
21813,fit
21814,test
21815,fit
21816,fit
21817,fit
21818,fit
21819,fit
21820,fit
21821,test
21822,test
21823,test
21824,test
21825,fit
21826,test
21827,fit
21828,calibration
21829,fit
21830,test
21831,test
21832,fit
21833,fit
21834,test
21835,calibration
21836,fit
21837,calibration
21838,fit
21839,fit
21840,test
21842,fit
21843,fit
21844,fit
21845,fit
21846,fit
21847,fit
21848,test
21849,fit
21850,fit
21851,fit
21852,test
21854,fit
21855,fit
21856,calibration
21857,calibration
21858,test
21859,test
21860,fit
21861,test
21862,fit
21864,fit
21865,test
21866,fit
21867,calibration
21868,fit
21869,fit
21870,fit
21871,fit
21872,fit
21873,fit
21874,fit
21875,fit
21876,fit
21877,fit
21878,fit
21879,test
21880,fit
21881,fit
21882,fit
21883,fit
21884,calibration
21885,fit
21886,test
21887,test
21888,test
21889,calibration
21890,test
21891,calibration
21892,calibration
21893,test
21894,fit
21895,fit
21896,fit
21897,fit
21898,test
21899,fit
21900,fit
21901,fit
21902,test
21903,fit
21904,fit
21905,test
21906,calibration
21907,fit
21908,fit
21912,fit
21913,fit
21914,calibration
21915,fit
21916,fit
21917,fit
21918,fit
21919,fit
21920,fit
21921,fit
21922,fit
21923,fit
21924,fit
21925,test
21926,calibration
21927,calibration
21928,test
21929,test
21930,fit
21931,fit
21932,fit
21933,calibration
21934,test
21935,fit
21936,fit
21937,fit
21938,fit
21939,fit
21941,fit
21942,test
21943,test
21944,test
21945,fit
21946,fit
21947,fit
21948,test
21949,calibration
21950,fit
21951,fit
21952,fit
21953,fit
21954,fit
21955,fit
21956,test
21957,fit
21958,calibration
21959,test
21960,fit
21961,fit
21962,fit
21963,fit
21964,calibration
21965,fit
21966,fit
21967,calibration
21968,fit
21969,fit
21970,test
21971,fit
21972,fit
21973,fit
21974,fit
21975,fit
21976,fit
21978,fit
21979,fit
21980,fit
21981,fit
21982,fit
21983,fit
21984,fit
21985,fit
21986,test
21988,test
21989,test
21990,fit
21992,test
21993,test
21994,fit
21995,fit
21996,test
21997,calibration
21998,fit
21999,fit
22000,fit
22001,test
22002,fit
22003,calibration
22005,fit
22006,fit
22007,fit
22008,fit
22009,fit
22010,fit
22011,fit
22012,fit
22013,fit
22014,fit
22015,fit
22016,calibration
22017,test
22018,fit
22019,fit
22020,fit
22021,fit
22023,fit
22024,fit
22025,fit
22026,fit
22027,fit
22028,calibration
22029,calibration
22030,calibration
22031,fit
22032,fit
22033,fit
22034,test
22036,fit
22037,test
22038,calibration
22039,calibration
22040,calibration
22042,fit
22043,fit
22044,fit
22045,fit
22046,test
22047,test
22048,fit
22049,fit
22050,fit
22051,fit
22052,fit
22053,calibration
22054,fit
22055,fit
22056,fit
22057,test
22058,fit
22059,calibration
22060,calibration
22061,calibration
22062,fit
22063,calibration
22064,fit
22065,fit
22066,fit
22067,fit
22068,calibration
22069,calibration
22070,calibration
22071,test
22072,calibration
22073,calibration
22074,fit
22075,calibration
22076,calibration
22077,test
22078,fit
22079,calibration
22080,fit
22081,fit
22082,test
22083,calibration
22084,calibration
22085,test
22086,calibration
22087,fit
22088,fit
22089,test
22090,fit
22091,fit
22092,test
22093,calibration
22095,fit
22096,fit
22097,fit
22098,fit
22100,fit
22101,calibration
22102,fit
22103,fit
22104,fit
22105,fit
22106,fit
22107,fit
22109,fit
22110,fit
22111,calibration
22112,test
22113,fit
22114,calibration
22115,test
22116,fit
22117,fit
22118,fit
22119,fit
22121,fit
22122,fit
22123,fit
22124,fit
22125,test
22126,fit
22127,fit
22128,fit
22129,fit
22130,fit
22131,calibration
22132,test
22133,fit
22134,fit
22135,test
22136,fit
22138,fit
22139,fit
22140,fit
22141,fit
22142,calibration
22143,fit
22144,test
22145,calibration
22146,test
22147,calibration
22148,test
22149,calibration
22150,fit
22151,fit
22152,fit
22153,fit
22154,fit
22155,test
22156,calibration
22157,test
22158,fit
22159,calibration
22160,fit
22161,test
22162,fit
22163,test
22164,fit
22165,fit
22166,fit
22167,fit
22168,fit
22169,fit
22170,fit
22171,fit
22173,test
22174,fit
22175,fit
22176,fit
22177,test
22178,calibration
22179,fit
22180,fit
22181,test
22182,fit
22183,fit
22184,calibration
22185,test
22186,fit
22187,test
22189,fit
22190,test
22191,fit
22192,fit
22193,calibration
22194,fit
22195,test
22196,fit
22197,fit
22198,fit
22199,test
22200,fit
22201,fit
22202,fit
22203,fit
22204,fit
22205,fit
22206,fit
22207,fit
22208,test
22209,calibration
22210,fit
22211,fit
22212,fit
22213,calibration
22214,fit
22215,fit
22216,calibration
22217,fit
22218,calibration
22219,test
22220,test
22222,fit
22223,fit
22224,fit
22225,fit
22226,fit
22227,fit
22228,fit
22230,fit
22231,fit
22232,fit
22233,fit
22234,fit
22235,test
22236,fit
22237,calibration
22238,fit
22239,test
22240,fit
22242,calibration
22243,test
22244,fit
22245,fit
22246,fit
22247,fit
22248,fit
22249,fit
22250,test
22251,fit
22252,fit
22253,calibration
22254,fit
22255,fit
22256,fit
22257,calibration
22258,fit
22259,calibration
22260,fit
22261,fit
22262,test
22263,test
22264,calibration
22265,fit
22266,fit
22267,fit
22268,fit
22269,fit
22270,calibration
22271,fit
22272,test
22273,fit
22274,fit
22277,fit
22278,calibration
22279,fit
22280,fit
22281,fit
22282,test
22284,fit
22286,test
22287,fit
22288,test
22289,fit
22290,calibration
22291,test
22292,fit
22293,fit
22294,fit
22295,test
22296,fit
22297,fit
22298,fit
22299,fit
22302,fit
22303,fit
22304,calibration
22305,fit
22306,fit
22307,fit
22308,test
22309,fit
22310,test
22311,fit
22312,fit
22313,fit
22314,fit
22316,fit
22317,fit
22318,fit
22319,calibration
22320,fit
22321,test
22322,calibration
22323,fit
22324,fit
22325,test
22326,calibration
22327,fit
22328,calibration
22329,fit
22330,fit
22331,fit
22332,fit
22333,calibration
22334,calibration
22335,fit
22336,fit
22337,fit
22338,fit
22339,fit
22340,fit
22341,test
22342,test
22343,fit
22344,fit
22345,fit
22346,fit
22347,fit
22348,fit
22349,calibration
22350,test
22351,fit
22352,test
22353,fit
22354,fit
22355,test
22356,test
22357,fit
22358,fit
22359,fit
22360,fit
22361,calibration
22362,fit
22363,fit
22364,fit
22365,fit
22366,calibration
22367,test
22368,fit
22369,fit
22371,fit
22372,fit
22373,fit
22374,fit
22375,fit
22376,fit
22377,calibration
22379,fit
22380,fit
22381,test
22382,fit
22383,fit
22384,test
22385,fit
22388,test
22389,fit
22390,fit
22391,fit
22392,fit
22393,test
22394,fit
22395,calibration
22396,fit
22397,fit
22398,fit
22399,fit
22400,fit
22401,test
22402,test
22403,fit
22404,test
22405,calibration
22406,fit
22407,calibration
22408,fit
22409,fit
22410,fit
22412,test
22413,fit
22414,fit
22415,calibration
22416,fit
22417,fit
22418,fit
22419,fit
22420,fit
22421,fit
22422,fit
22423,fit
22424,test
22425,fit
22426,calibration
22427,test
22428,fit
22429,test
22430,fit
22431,fit
22432,calibration
22433,calibration
22434,test
22435,test
22436,fit
22437,fit
22438,fit
22439,test
22440,calibration
22441,calibration
22442,fit
22443,fit
22444,fit
22445,fit
22446,test
22447,fit
22448,fit
22449,fit
22450,calibration
22451,fit
22452,fit
22453,fit
22454,test
22455,fit
22456,fit
22457,test
22458,fit
22459,fit
22460,fit
22461,fit
22462,fit
22463,fit
22464,fit
22465,fit
22466,fit
22467,fit
22468,fit
22469,fit
22470,fit
22471,fit
22472,fit
22473,calibration
22474,test
22475,fit
22476,fit
22477,fit
22478,test
22479,test
22480,calibration
22481,fit
22482,fit
22483,fit
22484,fit
22485,test
22486,fit
22487,calibration
22488,calibration
22491,calibration
22492,fit
22493,fit
22494,fit
22495,test
22497,fit
22498,fit
22499,fit
22500,calibration
22502,fit
22504,calibration
22505,calibration
22506,fit
22507,fit
22508,fit
22509,calibration
22510,fit
22511,calibration
22512,fit
22513,calibration
22514,test
22515,fit
22516,fit
22517,test
22519,fit
22520,fit
22521,test
22522,fit
22524,fit
22525,calibration
22526,calibration
22527,calibration
22529,fit
22530,fit
22531,calibration
22532,test
22533,test
22534,fit
22535,calibration
22536,calibration
22537,calibration
22538,fit
22539,fit
22540,calibration
22541,fit
22542,fit
22543,test
22544,calibration
22545,fit
22546,calibration
22547,calibration
22548,calibration
22549,calibration
22550,test
22551,calibration
22552,fit
22553,calibration
22554,fit
22555,calibration
22556,calibration
22557,fit
22558,test
22559,fit
22562,fit
22563,fit
22564,fit
22565,fit
22566,fit
22567,test
22568,calibration
22570,fit
22571,fit
22572,fit
22573,fit
22574,fit
22575,calibration
22576,fit
22577,fit
22578,test
22579,test
22581,fit
22582,fit
22583,calibration
22584,calibration
22585,calibration
22587,calibration
22588,calibration
22589,fit
22590,test
22591,fit
22592,calibration
22593,test
22594,fit
22595,fit
22596,fit
22597,fit
22598,fit
22599,fit
22600,fit
22601,calibration
22602,fit
22603,test
22604,fit
22605,calibration
22606,fit
22607,fit
22608,test
22609,fit
22610,fit
22611,fit
22612,fit
22613,calibration
22614,calibration
22615,fit
22616,calibration
22617,fit
22618,fit
22619,calibration
22620,fit
22621,calibration
22622,calibration
22623,test
22624,fit
22625,fit
22626,calibration
22627,fit
22628,fit
22629,fit
22630,calibration
22631,fit
22632,test
22633,test
22634,fit
22636,fit
22637,fit
22638,calibration
22639,fit
22640,fit
22641,fit
22642,fit
22643,fit
22644,fit
22645,fit
22646,fit
22647,fit
22648,calibration
22649,fit
22650,calibration
22651,fit
22652,calibration
22653,calibration
22654,test
22655,test
22656,fit
22657,fit
22658,calibration
22659,test
22662,fit
22663,calibration
22664,calibration
22665,fit
22666,fit
22667,calibration
22669,fit
22670,fit
22671,test
22672,fit
22674,fit
22675,fit
22676,fit
22677,fit
22678,fit
22679,fit
22680,test
22681,fit
22682,fit
22683,fit
22684,fit
22685,fit
22686,test
22687,fit
22688,fit
22689,calibration
22690,fit
22691,fit
22692,fit
22694,test
22695,calibration
22696,fit
22697,test
22698,fit
22699,fit
22700,fit
22701,fit
22702,test
22703,calibration
22704,fit
22706,fit
22707,test
22708,calibration
22709,fit
22710,fit
22711,fit
22713,calibration
22714,fit
22715,calibration
22716,fit
22717,test
22718,fit
22719,fit
22720,fit
22721,fit
22722,fit
22723,fit
22724,test
22725,test
22726,test
22727,test
22728,fit
22730,fit
22731,fit
22732,fit
22733,test
22734,fit
22737,fit
22738,fit
22739,fit
22740,fit
22741,calibration
22742,calibration
22743,fit
22745,calibration
22746,fit
22747,fit
22748,calibration
22749,fit
22750,test
22751,fit
22752,fit
22753,fit
22754,test
22755,calibration
22756,fit
22757,fit
22758,fit
22759,fit
22760,fit
22761,fit
22762,calibration
22763,test
22764,calibration
22765,fit
22767,calibration
22768,fit
22769,fit
22770,calibration
22771,calibration
22772,calibration
22773,fit
22774,test
22775,test
22776,test
22777,test
22778,calibration
22779,test
22780,fit
22781,test
22782,fit
22784,calibration
22785,fit
22787,fit
22788,fit
22789,calibration
22790,test
22791,calibration
22792,calibration
22793,fit
22794,fit
22795,fit
22796,fit
22797,fit
22798,fit
22799,calibration
22800,calibration
22801,fit
22803,fit
22804,calibration
22805,calibration
22806,calibration
22807,fit
22808,fit
22809,test
22810,test
22811,fit
22812,fit
22813,calibration
22814,calibration
22815,fit
22816,calibration
22817,calibration
22818,calibration
22819,fit
22820,fit
22821,fit
22822,test
22823,calibration
22824,fit
22825,fit
22826,test
22827,fit
22829,test
22830,calibration
22831,test
22832,fit
22833,fit
22834,fit
22835,fit
22836,calibration
22837,fit
22838,fit
22839,fit
22840,calibration
22841,calibration
22842,fit
22843,fit
22844,fit
22845,test
22846,calibration
22847,fit
22848,test
22849,fit
22850,test
22851,fit
22852,fit
22853,fit
22854,fit
22855,fit
22856,fit
22857,fit
22858,test
22859,fit
22861,fit
22862,fit
22863,fit
22864,test
22865,calibration
22866,fit
22867,test
22868,fit
22869,calibration
22870,fit
22871,test
22872,test
22873,test
22874,fit
22875,fit
22876,fit
22877,calibration
22878,fit
22879,fit
22880,test
22881,fit
22882,fit
22883,test
22884,test
22885,fit
22886,fit
22887,fit
22888,fit
22889,fit
22890,calibration
22891,fit
22892,fit
22895,calibration
22896,calibration
22897,fit
22898,test
22899,test
22900,fit
22901,fit
22902,test
22903,calibration
22904,test
22905,fit
22906,calibration
22907,calibration
22908,test
22909,fit
22910,fit
22911,calibration
22912,test
22913,test
22914,calibration
22916,fit
22917,fit
22918,test
22919,fit
22920,test
22921,calibration
22922,fit
22923,calibration
22924,fit
22925,calibration
22926,fit
22927,test
22928,fit
22930,calibration
22931,test
22932,fit
22933,test
22934,calibration
22935,test
22936,test
22937,fit
22938,calibration
22939,fit
22940,fit
22941,calibration
22942,fit
22943,fit
22944,fit
22945,fit
22947,fit
22950,fit
22951,fit
22952,fit
22953,fit
22954,fit
22955,test
22956,fit
22957,fit
22958,calibration
22959,calibration
22960,calibration
22961,fit
22962,test
22963,fit
22964,calibration
22965,fit
22966,fit
22968,fit
22969,fit
22970,fit
22971,fit
22972,fit
22973,test
22974,calibration
22975,fit
22976,fit
22977,fit
22978,calibration
22979,test
22980,calibration
22981,fit
22982,test
22983,fit
22984,fit
22985,calibration
22987,test
22988,fit
22989,fit
22990,test
22991,fit
22992,fit
22993,fit
22994,fit
22995,fit
22996,fit
22997,test
22998,fit
22999,fit
23000,test
23001,fit
23002,fit
23004,test
23005,calibration
23006,test
23007,calibration
23008,fit
23010,fit
23011,fit
23012,fit
23014,test
23015,calibration
23016,fit
23017,calibration
23019,fit
23020,fit
23021,calibration
23022,test
23023,fit
23024,fit
23025,fit
23026,calibration
23027,test
23028,test
23029,fit
23030,fit
23031,fit
23032,test
23033,fit
23034,fit
23035,calibration
23036,calibration
23037,fit
23038,fit
23039,fit
23040,fit
23041,calibration
23042,fit
23043,fit
23045,fit
23046,fit
23047,fit
23048,fit
23049,fit
23050,calibration
23053,fit
23054,fit
23055,calibration
23056,test
23057,fit
23058,fit
23059,calibration
23060,test
23061,fit
23062,fit
23063,fit
23064,fit
23065,fit
23066,fit
23067,fit
23068,fit
23069,calibration
23070,fit
23071,fit
23072,fit
23073,test
23074,fit
23076,fit
23077,fit
23078,calibration
23079,test
23080,fit
23081,fit
23082,fit
23083,fit
23084,calibration
23085,test
23087,fit
23088,fit
23089,fit
23090,test
23091,fit
23092,calibration
23093,test
23094,test
23095,fit
23096,test
23097,fit
23098,fit
23099,fit
23100,fit
23101,fit
23102,fit
23103,fit
23105,fit
23106,fit
23107,fit
23108,test
23109,fit
23110,fit
23111,fit
23112,fit
23113,test
23114,calibration
23115,test
23116,fit
23117,test
23118,fit
23119,fit
23120,fit
23121,test
23122,fit
23123,test
23124,calibration
23125,fit
23127,test
23128,calibration
23129,fit
23130,fit
23131,fit
23132,test
23133,fit
23134,calibration
23135,calibration
23136,test
23137,fit
23138,test
23139,calibration
23140,fit
23141,fit
23142,fit
23143,fit
23144,calibration
23145,calibration
23146,calibration
23147,calibration
23148,calibration
23149,test
23150,fit
23151,calibration
23152,fit
23153,fit
23154,fit
23155,fit
23156,fit
23157,fit
23158,fit
23159,fit
23160,fit
23161,calibration
23162,calibration
23163,fit
23164,test
23165,calibration
23166,test
23167,test
23168,fit
23169,fit
23170,fit
23171,fit
23173,test
23174,fit
23176,test
23177,fit
23178,calibration
23179,fit
23180,test
23181,fit
23182,fit
23183,fit
23184,calibration
23185,fit
23186,fit
23187,fit
23188,calibration
23189,fit
23190,fit
23191,calibration
23192,fit
23193,fit
23194,calibration
23195,fit
23196,fit
23197,fit
23198,fit
23199,fit
23200,test
23201,fit
23202,test
23203,calibration
23205,calibration
23206,fit
23207,fit
23208,calibration
23209,fit
23211,fit
23212,fit
23213,fit
23214,calibration
23216,test
23217,calibration
23219,fit
23220,test
23221,fit
23223,test
23224,calibration
23225,fit
23226,calibration
23227,fit
23228,fit
23229,calibration
23230,calibration
23231,fit
23232,fit
23233,fit
23234,calibration
23235,fit
23236,fit
23237,fit
23238,fit
23239,fit
23240,fit
23241,calibration
23242,fit
23243,fit
23244,test
23245,test
23246,fit
23247,fit
23248,calibration
23249,calibration
23250,test
23251,fit
23252,fit
23254,fit
23255,fit
23256,test
23257,calibration
23258,fit
23259,fit
23260,fit
23261,fit
23262,fit
23264,fit
23265,test
23266,fit
23267,fit
23268,test
23269,fit
23271,fit
23272,fit
23273,test
23274,fit
23275,test
23276,test
23277,calibration
23278,calibration
23279,fit
23280,test
23281,test
23282,fit
23283,calibration
23284,fit
23285,fit
23286,calibration
23287,fit
23288,fit
23289,calibration
23290,fit
23291,fit
23292,fit
23293,fit
23294,fit
23295,test
23296,fit
23297,fit
23298,fit
23300,fit
23301,fit
23302,fit
23304,fit
23305,fit
23307,calibration
23308,fit
23309,calibration
23310,test
23311,test
23312,test
23313,fit
23314,calibration
23315,calibration
23316,fit
23317,fit
23318,fit
23319,fit
23320,fit
23321,fit
23322,fit
23323,calibration
23324,test
23325,fit
23326,fit
23327,fit
23328,fit
23329,fit
23330,fit
23331,calibration
23332,test
23333,fit
23334,fit
23335,calibration
23336,test
23337,fit
23338,fit
23339,fit
23340,fit
23341,test
23342,calibration
23343,test
23344,calibration
23345,calibration
23346,calibration
23347,test
23348,fit
23349,fit
23350,fit
23351,calibration
23352,fit
23353,fit
23354,fit
23355,fit
23356,calibration
23357,calibration
23358,fit
23359,test
23360,fit
23361,test
23362,fit
23363,fit
23364,fit
23365,fit
23366,fit
23367,fit
23368,fit
23369,fit
23370,calibration
23371,fit
23372,calibration
23373,calibration
23374,fit
23375,test
23376,fit
23377,test
23378,fit
23379,test
23380,fit
23381,test
23383,fit
23384,fit
23385,fit
23386,fit
23387,calibration
23388,fit
23389,fit
23390,fit
23391,test
23392,test
23393,fit
23394,test
23395,test
23396,fit
23397,fit
23398,calibration
23399,calibration
23400,fit
23401,test
23402,test
23403,fit
23404,fit
23405,fit
23406,fit
23407,calibration
23408,fit
23410,fit
23411,fit
23412,fit
23413,test
23414,test
23415,fit
23416,fit
23417,fit
23418,fit
23419,calibration
23420,calibration
23421,test
23422,fit
23423,test
23424,test
23425,test
23426,calibration
23427,fit
23429,fit
23430,test
23431,calibration
23432,calibration
23433,fit
23434,test
23435,calibration
23436,test
23437,fit
23438,fit
23439,calibration
23440,calibration
23441,test
23442,test
23443,test
23444,fit
23445,fit
23446,test
23447,calibration
23448,fit
23449,fit
23450,fit
23451,test
23452,test
23453,fit
23454,calibration
23455,calibration
23456,fit
23457,fit
23458,calibration
23459,test
23460,calibration
23461,test
23462,fit
23463,test
23464,test
23466,fit
23467,fit
23468,fit
23469,test
23470,fit
23471,fit
23472,fit
23473,test
23474,fit
23475,calibration
23476,fit
23477,calibration
23478,calibration
23479,calibration
23480,calibration
23481,test
23482,test
23483,test
23484,fit
23485,test
23486,fit
23487,fit
23488,calibration
23489,test
23490,fit
23491,fit
23492,fit
23493,fit
23494,fit
23495,calibration
23496,fit
23497,fit
23498,calibration
23499,calibration
23500,fit
23501,calibration
23502,fit
23503,fit
23504,fit
23505,test
23506,calibration
23507,test
23508,calibration
23509,fit
23510,calibration
23511,test
23512,fit
23513,fit
23514,calibration
23515,test
23516,calibration
23517,calibration
23518,test
23519,fit
23520,test
23521,fit
23522,fit
23523,fit
23524,test
23525,test
23526,fit
23527,fit
23528,calibration
23529,fit
23530,calibration
23531,calibration
23532,test
23534,fit
23535,calibration
23536,test
23537,fit
23538,fit
23539,fit
23540,test
23541,test
23542,fit
23543,fit
23544,fit
23545,test
23546,fit
23547,fit
23548,calibration
23549,fit
23550,calibration
23551,calibration
23553,calibration
23554,fit
23555,test
23556,fit
23557,calibration
23558,fit
23559,fit
23560,fit
23561,calibration
23562,fit
23563,fit
23564,fit
23565,fit
23566,fit
23567,test
23568,fit
23569,fit
23570,test
23571,fit
23572,fit
23574,fit
23575,calibration
23576,fit
23577,test
23578,fit
23579,calibration
23580,fit
23581,fit
23582,calibration
23583,test
23584,test
23585,fit
23586,fit
23587,fit
23588,fit
23590,fit
23591,fit
23592,fit
23593,fit
23594,test
23595,fit
23596,calibration
23597,calibration
23598,test
23599,fit
23600,fit
23601,fit
23602,fit
23603,fit
23604,calibration
23605,fit
23606,fit
23607,fit
23608,calibration
23609,test
23610,fit
23611,fit
23612,fit
23613,fit
23615,calibration
23616,fit
23617,fit
23618,fit
23619,test
23620,test
23621,fit
23622,calibration
23623,fit
23624,fit
23625,fit
23626,fit
23627,fit
23628,test
23629,fit
23630,test
23631,fit
23632,test
23633,fit
23634,fit
23635,calibration
23637,fit
23638,fit
23639,calibration
23640,test
23641,fit
23642,test
23643,calibration
23644,test
23645,calibration
23646,test
23647,fit
23648,calibration
23649,fit
23650,fit
23651,fit
23652,fit
23653,fit
23654,fit
23656,calibration
23657,fit
23658,fit
23659,calibration
23660,fit
23661,fit
23662,calibration
23663,fit
23664,fit
23665,fit
23666,fit
23667,fit
23668,fit
23669,fit
23670,fit
23671,fit
23672,fit
23673,fit
23674,calibration
23675,test
23676,test
23677,fit
23678,calibration
23679,fit
23680,calibration
23681,fit
23682,fit
23683,calibration
23684,fit
23685,fit
23686,test
23687,fit
23688,fit
23690,test
23691,calibration
23692,test
23693,fit
23694,fit
23695,test
23696,fit
23697,fit
23698,fit
23699,calibration
23700,test
23701,fit
23702,fit
23703,fit
23704,fit
23705,fit
23706,fit
23707,fit
23708,calibration
23709,fit
23710,test
23711,test
23712,fit
23713,test
23714,test
23715,fit
23716,fit
23717,test
23718,fit
23719,fit
23720,calibration
23722,fit
23723,test
23724,calibration
23725,test
23726,calibration
23727,fit
23728,calibration
23729,fit
23731,calibration
23732,fit
23733,fit
23734,calibration
23735,test
23736,test
23737,fit
23738,test
23739,fit
23740,fit
23741,fit
23742,calibration
23743,test
23744,fit
23745,fit
23746,calibration
23747,fit
23748,test
23749,fit
23750,fit
23751,calibration
23752,calibration
23753,fit
23754,fit
23755,fit
23756,fit
23757,calibration
23758,calibration
23759,fit
23760,calibration
23761,fit
23762,calibration
23763,fit
23764,fit
23765,calibration
23768,fit
23769,fit
23770,test
23771,fit
23772,fit
23773,test
23774,fit
23775,fit
23776,fit
23777,fit
23778,fit
23779,fit
23780,fit
23781,fit
23782,fit
23783,fit
23784,fit
23785,fit
23786,fit
23787,calibration
23788,calibration
23789,fit
23790,test
23791,fit
23794,fit
23795,calibration
23796,calibration
23797,test
23798,fit
23799,fit
23800,fit
23801,fit
23802,test
23803,fit
23804,fit
23805,fit
23806,fit
23807,test
23809,test
23810,calibration
23811,fit
23812,calibration
23813,fit
23814,calibration
23815,fit
23816,fit
23817,calibration
23818,calibration
23819,test
23820,calibration
23821,fit
23822,fit
23823,calibration
23824,fit
23826,fit
23827,calibration
23828,fit
23829,fit
23831,fit
23832,calibration
23833,fit
23834,calibration
23835,fit
23836,fit
23838,fit
23839,fit
23840,calibration
23841,calibration
23842,fit
23843,test
23846,calibration
23847,fit
23848,fit
23849,calibration
23850,fit
23851,fit
23852,calibration
23853,fit
23854,calibration
23855,fit
23856,fit
23857,fit
23858,fit
23859,test
23860,fit
23861,fit
23862,calibration
23864,fit
23865,fit
23866,fit
23867,calibration
23868,fit
23869,calibration
23870,fit
23871,calibration
23872,fit
23873,calibration
23874,test
23875,fit
23876,fit
23877,calibration
23878,fit
23879,fit
23880,test
23881,test
23882,fit
23884,test
23885,fit
23886,calibration
23887,fit
23888,fit
23889,fit
23890,fit
23891,fit
23892,fit
23893,calibration
23894,test
23895,fit
23896,fit
23897,fit
23898,fit
23899,test
23900,calibration
23901,calibration
23902,fit
23903,fit
23904,fit
23905,test
23906,calibration
23907,fit
23909,test
23910,test
23911,fit
23912,test
23913,calibration
23914,calibration
23916,test
23917,test
23918,fit
23919,calibration
23920,fit
23921,test
23922,calibration
23923,fit
23924,fit
23925,calibration
23926,test
23927,calibration
23928,fit
23930,fit
23931,fit
23932,test
23933,test
23934,calibration
23935,calibration
23936,fit
23937,fit
23938,fit
23939,calibration
23940,calibration
23941,calibration
23942,fit
23943,fit
23944,fit
23945,calibration
23946,calibration
23947,fit
23948,fit
23949,fit
23950,fit
23951,fit
23952,test
23953,fit
23954,test
23955,calibration
23956,fit
23957,fit
23958,fit
23959,test
23960,fit
23961,test
23962,fit
23963,fit
23964,fit
23965,fit
23966,fit
23967,fit
23968,calibration
23969,test
23970,calibration
23971,fit
23972,fit
23973,calibration
23974,calibration
23975,fit
23976,fit
23977,fit
23978,fit
23979,calibration
23980,fit
23981,calibration
23982,calibration
23983,calibration
23984,fit
23985,fit
23986,test
23987,fit
23988,fit
23989,test
23990,test
23991,fit
23992,fit
23993,fit
23994,fit
23995,fit
23996,fit
23997,calibration
23998,calibration
23999,fit
24000,fit
24001,fit
24002,fit
24003,calibration
24004,fit
24005,fit
24006,fit
24007,fit
24008,test
24009,calibration
24010,fit
24011,fit
24012,fit
24013,fit
24014,calibration
24015,calibration
24017,fit
24018,test
24019,fit
24020,fit
24021,fit
24022,calibration
24023,fit
24024,test
24025,fit
24026,test
24028,test
24029,calibration
24030,fit
24031,fit
24032,fit
24033,fit
24034,fit
24035,fit
24037,fit
24038,calibration
24039,calibration
24040,calibration
24041,calibration
24042,fit
24043,fit
24044,test
24045,calibration
24047,calibration
24048,fit
24049,test
24050,test
24051,fit
24052,calibration
24053,test
24054,fit
24055,test
24056,calibration
24057,calibration
24058,fit
24059,fit
24060,test
24061,test
24062,calibration
24063,fit
24065,fit
24066,fit
24067,fit
24068,fit
24069,fit
24070,test
24071,test
24072,fit
24073,fit
24074,calibration
24075,calibration
24076,fit
24077,test
24078,fit
24079,fit
24080,fit
24081,fit
24082,fit
24083,fit
24084,calibration
24085,fit
24086,fit
24087,fit
24088,fit
24089,fit
24090,test
24091,calibration
24092,fit
24093,fit
24094,fit
24095,calibration
24096,fit
24097,test
24098,fit
24099,fit
24100,fit
24101,calibration
24102,fit
24103,test
24104,fit
24105,test
24106,fit
24107,calibration
24108,test
24109,fit
24110,fit
24111,fit
24112,test
24113,test
24114,test
24116,calibration
24117,test
24118,calibration
24119,fit
24120,calibration
24121,fit
24122,fit
24123,fit
24124,test
24125,fit
24126,fit
24127,calibration
24128,calibration
24129,fit
24130,calibration
24131,fit
24132,fit
24133,calibration
24134,fit
24135,test
24137,test
24138,calibration
24139,fit
24141,calibration
24142,test
24143,calibration
24144,fit
24145,fit
24146,test
24147,test
24148,fit
24149,fit
24150,fit
24151,fit
24152,test
24153,fit
24154,fit
24155,test
24156,fit
24158,calibration
24159,fit
24160,calibration
24161,fit
24162,calibration
24163,fit
24164,test
24165,test
24166,calibration
24167,fit
24168,fit
24169,fit
24170,calibration
24171,fit
24172,test
24173,calibration
24174,calibration
24175,test
24176,fit
24177,fit
24178,fit
24179,fit
24180,test
24181,fit
24182,test
24183,fit
24184,fit
24185,fit
24187,fit
24188,fit
24189,fit
24190,fit
24191,fit
24192,fit
24193,calibration
24194,fit
24198,fit
24199,test
24200,fit
24201,fit
24203,fit
24204,fit
24205,fit
24206,fit
24208,fit
24209,fit
24210,test
24211,fit
24212,calibration
24213,test
24214,fit
24215,fit
24216,fit
24217,test
24218,calibration
24219,fit
24220,calibration
24221,fit
24222,fit
24223,fit
24224,calibration
24225,fit
24226,fit
24227,fit
24228,fit
24229,fit
24230,fit
24231,fit
24232,test
24233,fit
24234,fit
24235,fit
24236,test
24238,calibration
24239,test
24240,fit
24241,fit
24242,fit
24243,fit
24244,fit
24245,calibration
24246,calibration
24247,calibration
24248,fit
24249,fit
24251,fit
24252,fit
24253,fit
24254,fit
24255,fit
24256,fit
24257,fit
24258,test
24259,test
24260,fit
24261,fit
24262,calibration
24263,calibration
24264,fit
24266,fit
24267,fit
24268,calibration
24269,fit
24271,test
24272,fit
24273,fit
24274,test
24275,fit
24276,test
24277,calibration
24278,fit
24279,fit
24280,fit
24281,fit
24282,calibration
24283,fit
24284,fit
24285,fit
24286,fit
24287,fit
24288,test
24289,calibration
24290,fit
24291,fit
24292,calibration
24293,fit
24294,fit
24295,fit
24296,fit
24297,fit
24298,fit
24299,fit
24300,fit
24301,test
24302,fit
24303,calibration
24304,fit
24306,fit
24307,test
24308,fit
24309,calibration
24310,fit
24311,fit
24312,calibration
24313,fit
24314,fit
24315,fit
24316,test
24317,fit
24319,test
24320,test
24321,fit
24322,calibration
24323,test
24324,fit
24325,fit
24326,fit
24327,test
24328,fit
24329,fit
24330,test
24334,calibration
24335,calibration
24336,fit
24337,fit
24338,fit
24340,calibration
24341,fit
24343,calibration
24344,calibration
24345,fit
24346,fit
24347,test
24348,fit
24349,fit
24350,calibration
24351,calibration
24354,test
24355,fit
24356,calibration
24357,fit
24358,fit
24359,test
24360,fit
24362,fit
24363,fit
24364,fit
24365,fit
24366,fit
24367,test
24368,fit
24369,calibration
24370,test
24371,fit
24372,fit
24373,test
24374,fit
24375,fit
24376,test
24377,fit
24378,fit
24379,test
24380,fit
24382,fit
24383,fit
24384,calibration
24385,test
24386,fit
24387,fit
24388,fit
24389,calibration
24390,calibration
24391,test
24392,calibration
24393,fit
24395,fit
24396,test
24397,fit
24398,test
24399,fit
24400,fit
24401,fit
24402,test
24403,fit
24404,test
24405,fit
24406,fit
24407,calibration
24408,fit
24409,test
24410,calibration
24411,fit
24412,fit
24413,fit
24414,fit
24415,fit
24416,test
24417,fit
24418,fit
24419,fit
24420,test
24421,fit
24422,calibration
24423,calibration
24424,fit
24425,fit
24426,fit
24427,fit
24428,fit
24429,fit
24430,fit
24431,fit
24432,calibration
24433,fit
24434,test
24435,fit
24436,test
24437,test
24438,test
24439,test
24440,fit
24441,calibration
24442,test
24443,fit
24444,fit
24445,test
24446,fit
24447,fit
24448,fit
24450,fit
24451,fit
24452,fit
24453,fit
24455,fit
24456,fit
24457,fit
24458,fit
24459,test
24460,test
24461,fit
24462,fit
24463,fit
24464,fit
24465,fit
24466,calibration
24467,test
24468,calibration
24469,test
24470,fit
24471,fit
24472,fit
24473,fit
24474,calibration
24475,fit
24476,test
24477,calibration
24478,fit
24479,test
24480,fit
24481,calibration
24482,fit
24483,fit
24484,fit
24485,test
24486,fit
24487,fit
24488,fit
24489,fit
24491,fit
24492,fit
24493,fit
24494,fit
24495,test
24496,fit
24497,fit
24498,test
24499,calibration
24500,fit
24501,test
24502,fit
24505,test
24506,fit
24507,fit
24508,test
24509,fit
24510,fit
24511,test
24512,fit
24513,fit
24514,test
24515,calibration
24516,calibration
24517,fit
24518,fit
24519,fit
24520,fit
24521,fit
24522,fit
24523,fit
24524,calibration
24525,fit
24527,fit
24528,test
24529,fit
24530,fit
24531,test
24532,fit
24533,test
24534,calibration
24535,fit
24536,fit
24537,calibration
24538,calibration
24539,test
24540,fit
24541,fit
24542,calibration
24543,fit
24544,test
24545,fit
24546,fit
24547,calibration
24548,fit
24549,fit
24550,test
24551,calibration
24552,fit
24553,test
24554,fit
24555,fit
24556,fit
24557,calibration
24558,fit
24559,fit
24560,fit
24561,calibration
24562,fit
24563,fit
24564,fit
24565,fit
24566,fit
24567,test
24568,fit
24569,test
24570,fit
24571,test
24572,fit
24573,test
24574,calibration
24575,fit
24576,fit
24577,fit
24578,fit
24579,test
24580,test
24581,fit
24582,fit
24583,fit
24584,fit
24585,calibration
24586,test
24587,calibration
24588,fit
24589,test
24590,test
24591,calibration
24592,test
24593,fit
24594,calibration
24596,test
24597,fit
24598,fit
24599,fit
24601,test
24602,fit
24603,fit
24604,test
24605,fit
24606,test
24607,fit
24608,calibration
24609,fit
24610,fit
24611,fit
24612,fit
24614,fit
24615,calibration
24616,test
24617,fit
24618,fit
24619,fit
24621,fit
24622,test
24623,test
24624,fit
24625,fit
24626,test
24627,fit
24628,fit
24630,test
24631,fit
24632,calibration
24633,fit
24634,fit
24635,test
24636,test
24637,calibration
24638,fit
24639,test
24640,fit
24641,fit
24642,fit
24643,fit
24645,fit
24646,test
24647,test
24648,fit
24649,fit
24650,fit
24651,calibration
24652,test
24653,fit
24654,calibration
24655,calibration
24656,fit
24657,fit
24658,fit
24659,test
24660,fit
24661,fit
24662,test
24663,test
24664,fit
24665,fit
24666,fit
24667,fit
24668,fit
24669,fit
24670,fit
24671,fit
24672,test
24673,calibration
24674,calibration
24675,fit
24676,fit
24677,fit
24678,fit
24679,test
24681,test
24682,test
24683,fit
24684,test
24685,fit
24686,fit
24687,fit
24688,calibration
24689,calibration
24691,calibration
24692,test
24693,fit
24694,test
24695,test
24696,test
24697,fit
24698,calibration
24699,calibration
24701,fit
24702,fit
24703,calibration
24704,calibration
24705,fit
24706,fit
24707,test
24708,test
24709,test
24710,fit
24712,test
24713,fit
24714,fit
24715,fit
24716,fit
24717,fit
24718,fit
24719,fit
24720,test
24721,fit
24722,fit
24723,fit
24724,fit
24726,fit
24727,fit
24728,fit
24729,calibration
24730,fit
24731,fit
24732,calibration
24733,calibration
24735,calibration
24736,calibration
24737,test
24738,calibration
24739,test
24740,test
24741,fit
24742,fit
24743,test
24744,calibration
24745,fit
24746,calibration
24747,fit
24748,fit
24749,calibration
24750,test
24751,fit
24752,fit
24753,fit
24754,test
24755,fit
24756,fit
24757,fit
24758,fit
24759,fit
24760,test
24761,calibration
24762,fit
24763,test
24764,fit
24765,fit
24766,fit
24767,fit
24768,fit
24769,test
24770,calibration
24771,test
24772,calibration
24773,calibration
24774,fit
24776,fit
24777,fit
24778,test
24779,fit
24782,fit
24783,test
24784,fit
24785,calibration
24787,calibration
24788,fit
24789,calibration
24790,fit
24791,calibration
24792,fit
24793,fit
24794,fit
24795,calibration
24796,calibration
24797,fit
24798,fit
24799,calibration
24800,fit
24801,fit
24802,calibration
24803,fit
24804,fit
24805,fit
24806,fit
24807,fit
24808,fit
24809,fit
24810,test
24811,fit
24812,calibration
24813,test
24814,calibration
24815,test
24816,fit
24817,fit
24818,calibration
24819,calibration
24820,test
24821,calibration
24822,fit
24824,fit
24825,calibration
24826,test
24828,fit
24829,calibration
24830,fit
24831,fit
24832,test
24833,calibration
24834,test
24835,fit
24836,fit
24837,fit
24838,calibration
24839,fit
24840,calibration
24841,fit
24842,calibration
24843,calibration
24844,fit
24845,fit
24846,fit
24847,calibration
24848,calibration
24849,test
24850,calibration
24851,fit
24852,fit
24853,fit
24854,calibration
24855,fit
24856,test
24857,calibration
24858,fit
24859,test
24860,calibration
24861,fit
24862,calibration
24863,fit
24864,fit
24865,test
24866,calibration
24867,fit
24868,fit
24869,fit
24870,calibration
24871,calibration
24872,fit
24873,fit
24874,calibration
24875,fit
24876,fit
24877,fit
24878,calibration
24879,fit
24880,calibration
24881,fit
24882,fit
24883,test
24884,fit
24886,calibration
24887,fit
24888,fit
24889,fit
24890,calibration
24891,test
24892,test
24893,fit
24894,fit
24895,fit
24897,fit
24898,calibration
24899,fit
24900,fit
24901,fit
24902,fit
24904,fit
24905,calibration
24906,fit
24907,fit
24908,calibration
24909,test
24910,fit
24911,fit
24912,fit
24913,calibration
24914,test
24915,fit
24916,calibration
24917,fit
24918,fit
24919,fit
24920,test
24921,fit
24922,test
24923,calibration
24924,fit
24925,fit
24926,fit
24927,fit
24928,calibration
24929,fit
24930,calibration
24931,test
24932,fit
24933,fit
24934,calibration
24935,test
24936,calibration
24937,test
24938,test
24939,fit
24940,fit
24941,calibration
24942,fit
24943,fit
24945,fit
24946,calibration
24947,test
24948,fit
24949,fit
24950,fit
24951,fit
24952,fit
24953,test
24954,test
24955,calibration
24956,fit
24957,fit
24959,fit
24960,fit
24961,test
24962,calibration
24963,fit
24964,fit
24965,test
24966,fit
24967,fit
24968,fit
24969,fit
24970,fit
24972,fit
24973,calibration
24974,fit
24975,fit
24976,test
24977,fit
24978,fit
24979,calibration
24980,calibration
24981,fit
24982,fit
24983,test
24984,calibration
24985,fit
24986,calibration
24987,fit
24988,calibration
24989,fit
24990,fit
24991,fit
24992,fit
24993,calibration
24994,test
24995,fit
24996,calibration
24997,calibration
24998,fit
24999,fit
25000,calibration
25001,fit
25002,calibration
25003,fit
25004,calibration
25005,fit
25006,fit
25007,fit
25008,calibration
25009,fit
25010,fit
25011,fit
25013,fit
25014,fit
25015,fit
25016,fit
25017,calibration
25018,fit
25019,calibration
25020,calibration
25021,fit
25022,fit
25023,fit
25024,fit
25025,fit
25026,fit
25027,fit
25028,calibration
25029,calibration
25030,fit
25031,fit
25032,fit
25033,calibration
25034,fit
25035,fit
25036,fit
25037,fit
25038,fit
25039,test
25040,test
25041,calibration
25042,fit
25043,fit
25044,fit
25045,calibration
25047,calibration
25048,fit
25049,fit
25050,fit
25051,fit
25052,calibration
25053,calibration
25054,fit
25055,fit
25056,test
25057,calibration
25058,calibration
25059,fit
25060,fit
25061,fit
25062,test
25063,fit
25064,fit
25065,fit
25066,test
25067,calibration
25068,fit
25069,calibration
25070,calibration
25071,fit
25072,fit
25073,fit
25074,fit
25075,fit
25076,calibration
25077,fit
25078,fit
25079,fit
25080,fit
25081,fit
25082,fit
25083,fit
25084,fit
25085,fit
25086,calibration
25087,calibration
25088,calibration
25089,test
25090,calibration
25091,fit
25092,fit
25094,fit
25095,calibration
25096,fit
25098,fit
25099,fit
25100,test
25101,fit
25102,test
25103,calibration
25104,calibration
25105,calibration
25106,fit
25107,calibration
25108,fit
25109,calibration
25110,calibration
25111,fit
25112,fit
25113,calibration
25114,fit
25115,fit
25116,fit
25117,fit
25118,fit
25119,fit
25120,calibration
25121,fit
25122,fit
25123,fit
25124,fit
25125,fit
25126,fit
25127,calibration
25128,fit
25129,fit
25131,test
25132,test
25133,calibration
25134,calibration
25135,calibration
25136,fit
25137,fit
25138,test
25139,test
25140,fit
25141,fit
25142,calibration
25143,calibration
25144,fit
25145,calibration
25146,fit
25147,test
25148,fit
25149,test
25150,fit
25151,fit
25152,fit
25153,fit
25156,fit
25157,calibration
25158,fit
25159,calibration
25160,fit
25161,fit
25162,fit
25163,fit
25164,fit
25165,calibration
25166,fit
25167,calibration
25168,test
25169,calibration
25170,test
25172,fit
25173,fit
25174,calibration
25175,calibration
25177,fit
25178,calibration
25180,fit
25181,fit
25182,calibration
25183,fit
25184,test
25185,fit
25186,calibration
25187,test
25188,fit
25191,calibration
25192,fit
25193,fit
25194,fit
25195,test
25196,test
25197,test
25198,fit
25199,fit
25200,calibration
25201,test
25202,fit
25203,test
25205,calibration
25206,calibration
25207,fit
25208,fit
25209,fit
25210,test
25211,fit
25212,fit
25213,test
25214,fit
25215,fit
25216,fit
25217,test
25218,fit
25219,test
25220,test
25221,fit
25222,calibration
25223,calibration
25224,fit
25225,fit
25226,fit
25227,test
25228,fit
25229,fit
25230,fit
25231,test
25232,calibration
25233,test
25234,test
25235,fit
25236,fit
25237,fit
25238,calibration
25239,fit
25240,fit
25241,test
25242,calibration
25243,calibration
25244,fit
25245,fit
25246,fit
25247,test
25248,test
25249,calibration
25250,fit
25251,calibration
25252,test
25253,fit
25254,fit
25255,fit
25256,calibration
25257,test
25258,fit
25259,test
25260,test
25261,fit
25262,fit
25263,test
25264,calibration
25265,fit
25266,fit
25267,fit
25268,calibration
25270,fit
25271,calibration
25272,fit
25273,fit
25274,calibration
25275,fit
25276,fit
25277,calibration
25278,test
25279,fit
25280,fit
25281,calibration
25282,fit
25283,test
25284,fit
25285,fit
25287,calibration
25288,calibration
25289,test
25290,fit
25291,calibration
25292,test
25294,test
25295,fit
25296,fit
25297,fit
25298,fit
25299,calibration
25300,test
25301,fit
25302,fit
25303,test
25304,test
25305,fit
25306,calibration
25307,fit
25308,fit
25309,calibration
25310,test
25311,fit
25312,test
25313,calibration
25314,fit
25315,fit
25316,fit
25317,test
25319,fit
25320,fit
25321,fit
25322,calibration
25323,test
25324,fit
25325,fit
25326,calibration
25327,fit
25328,calibration
25329,fit
25330,fit
25331,fit
25332,fit
25333,fit
25334,fit
25335,test
25336,calibration
25337,fit
25338,calibration
25339,fit
25341,fit
25342,fit
25343,calibration
25344,calibration
25345,fit
25346,calibration
25347,calibration
25348,fit
25349,calibration
25350,calibration
25351,fit
25352,fit
25353,test
25354,fit
25356,fit
25357,calibration
25358,test
25359,calibration
25360,fit
25361,fit
25362,fit
25363,fit
25364,fit
25365,test
25367,fit
25368,test
25369,fit
25370,test
25371,test
25372,test
25373,fit
25374,fit
25375,fit
25376,fit
25377,fit
25378,fit
25380,calibration
25381,fit
25383,test
25384,fit
25385,test
25386,calibration
25387,fit
25388,fit
25389,test
25390,calibration
25391,test
25393,fit
25394,calibration
25395,fit
25396,fit
25398,fit
25400,calibration
25401,fit
25402,fit
25403,fit
25404,fit
25405,fit
25406,test
25407,fit
25408,test
25409,test
25410,fit
25411,calibration
25412,calibration
25413,fit
25414,calibration
25415,calibration
25416,fit
25417,fit
25418,fit
25419,fit
25420,calibration
25421,fit
25422,test
25423,fit
25425,calibration
25426,test
25427,fit
25428,calibration
25429,fit
25430,fit
25431,fit
25432,fit
25433,test
25434,fit
25435,fit
25436,test
25437,calibration
25438,fit
25439,calibration
25440,fit
25441,calibration
25442,test
25443,fit
25444,fit
25445,calibration
25446,calibration
25447,fit
25448,fit
25449,test
25450,fit
25451,fit
25452,fit
25453,fit
25454,calibration
25455,calibration
25456,test
25457,fit
25458,fit
25459,fit
25460,fit
25461,calibration
25462,fit
25463,calibration
25464,calibration
25465,fit
25466,fit
25467,test
25468,calibration
25469,fit
25470,fit
25471,calibration
25472,calibration
25473,fit
25474,calibration
25475,test
25477,test
25478,calibration
25479,fit
25480,fit
25481,calibration
25482,fit
25483,fit
25484,calibration
25485,fit
25486,test
25487,fit
25488,test
25489,fit
25490,calibration
25491,fit
25492,fit
25493,fit
25494,fit
25495,calibration
25496,fit
25497,fit
25498,fit
25499,fit
25500,fit
25501,fit
25502,fit
25503,fit
25504,fit
25505,test
25506,calibration
25507,fit
25509,fit
25510,fit
25511,calibration
25512,fit
25513,fit
25514,calibration
25515,test
25517,calibration
25518,calibration
25519,fit
25520,test
25521,fit
25522,test
25524,fit
25525,fit
25526,fit
25527,fit
25528,fit
25529,fit
25530,fit
25531,test
25532,fit
25533,test
25534,calibration
25536,calibration
25537,calibration
25538,fit
25539,fit
25540,fit
25542,test
25543,fit
25544,fit
25545,fit
25546,fit
25548,test
25549,fit
25550,test
25551,test
25552,fit
25553,fit
25554,fit
25555,fit
25556,test
25557,fit
25558,fit
25560,fit
25561,fit
25562,calibration
25563,fit
25564,fit
25565,fit
25566,test
25567,fit
25568,test
25569,fit
25570,fit
25571,calibration
25572,fit
25573,calibration
25574,calibration
25575,fit
25576,fit
25577,fit
25578,calibration
25579,fit
25580,calibration
25581,fit
25582,fit
25583,test
25584,calibration
25585,calibration
25586,calibration
25587,test
25588,fit
25589,fit
25590,calibration
25591,fit
25592,calibration
25593,calibration
25594,fit
25595,test
25596,fit
25597,fit
25598,fit
25599,test
25600,test
25601,fit
25602,test
25603,fit
25604,fit
25605,test
25606,fit
25607,fit
25608,fit
25609,test
25610,test
25611,test
25612,calibration
25613,calibration
25614,test
25615,fit
25616,test
25617,test
25618,test
25619,fit
25620,test
25622,calibration
25623,fit
25624,fit
25626,test
25627,fit
25628,test
25629,calibration
25630,calibration
25631,fit
25632,fit
25633,fit
25634,calibration
25635,fit
25636,fit
25637,calibration
25638,test
25639,fit
25640,fit
25641,fit
25642,calibration
25643,fit
25644,fit
25645,calibration
25646,fit
25647,calibration
25649,fit
25650,calibration
25651,test
25652,fit
25653,calibration
25654,fit
25655,fit
25656,fit
25657,test
25658,fit
25659,fit
25660,fit
25661,fit
25662,fit
25663,fit
25664,fit
25665,fit
25666,fit
25668,fit
25669,fit
25670,calibration
25671,test
25672,fit
25673,fit
25674,fit
25675,fit
25676,fit
25677,fit
25678,fit
25680,fit
25681,calibration
25682,test
25683,test
25684,calibration
25685,fit
25686,calibration
25688,fit
25689,calibration
25690,calibration
25691,fit
25692,fit
25693,calibration
25694,fit
25695,calibration
25696,test
25698,fit
25699,calibration
25700,fit
25701,fit
25702,fit
25703,fit
25704,fit
25705,fit
25706,calibration
25707,fit
25708,fit
25709,test
25710,fit
25711,fit
25712,calibration
25713,fit
25714,fit
25715,fit
25716,calibration
25717,fit
25718,fit
25719,fit
25720,fit
25721,fit
25722,fit
25723,fit
25724,test
25725,calibration
25726,fit
25727,test
25728,calibration
25729,fit
25730,calibration
25731,fit
25732,calibration
25733,fit
25735,calibration
25736,fit
25737,calibration
25738,test
25739,test
25740,fit
25741,test
25742,test
25743,fit
25744,fit
25745,test
25746,fit
25747,fit
25748,calibration
25749,fit
25750,fit
25751,fit
25752,fit
25753,calibration
25754,calibration
25755,test
25756,fit
25758,fit
25759,calibration
25760,fit
25761,fit
25762,fit
25763,fit
25764,fit
25765,test
25766,test
25767,fit
25768,calibration
25770,calibration
25771,calibration
25772,fit
25774,calibration
25775,test
25776,fit
25777,calibration
25778,test
25779,test
25780,fit
25781,fit
25782,fit
25783,fit
25785,calibration
25786,calibration
25787,test
25788,fit
25789,calibration
25790,fit
25791,calibration
25792,calibration
25793,calibration
25794,test
25795,fit
25796,fit
25797,fit
25798,test
25799,fit
25800,fit
25801,fit
25802,fit
25803,fit
25804,fit
25805,fit
25807,fit
25808,calibration
25809,fit
25810,fit
25811,fit
25812,fit
25813,calibration
25814,fit
25815,fit
25816,fit
25817,fit
25818,fit
25819,fit
25820,fit
25821,fit
25822,test
25823,fit
25824,fit
25825,fit
25826,fit
25827,fit
25828,fit
25829,fit
25830,test
25831,calibration
25832,fit
25833,test
25835,fit
25836,fit
25837,test
25838,test
25839,test
25840,test
25841,fit
25842,test
25843,calibration
25844,fit
25845,fit
25846,fit
25847,fit
25848,fit
25849,fit
25850,calibration
25851,calibration
25852,fit
25853,test
25854,fit
25855,fit
25856,test
25857,fit
25858,test
25859,calibration
25860,fit
25861,fit
25863,calibration
25864,fit
25865,fit
25866,fit
25868,fit
25869,test
25870,fit
25871,fit
25872,fit
25873,fit
25874,fit
25875,fit
25877,fit
25878,fit
25879,calibration
25880,fit
25881,fit
25882,fit
25883,fit
25884,fit
25885,fit
25886,calibration
25887,test
25888,fit
25889,fit
25890,calibration
25891,calibration
25892,fit
25893,fit
25895,test
25896,calibration
25897,calibration
25898,fit
25899,fit
25900,fit
25901,calibration
25903,calibration
25904,test
25905,fit
25906,calibration
25907,calibration
25908,fit
25909,fit
25910,calibration
25911,test
25912,calibration
25913,test
25914,fit
25915,fit
25916,fit
25917,fit
25918,fit
25919,fit
25920,fit
25921,fit
25922,fit
25923,fit
25924,calibration
25925,calibration
25926,fit
25927,fit
25928,fit
25929,calibration
25930,fit
25931,calibration
25932,fit
25933,fit
25934,fit
25935,fit
25936,fit
25937,fit
25938,calibration
25939,fit
25940,fit
25941,fit
25942,test
25943,fit
25944,fit
25945,test
25946,test
25947,calibration
25948,fit
25950,fit
25951,fit
25952,fit
25953,fit
25954,fit
25955,calibration
25956,fit
25957,fit
25958,fit
25959,fit
25960,fit
25961,fit
25962,fit
25963,fit
25964,fit
25965,fit
25966,test
25967,calibration
25968,fit
25969,fit
25970,fit
25971,fit
25972,fit
25973,calibration
25974,fit
25975,test
25976,fit
25977,fit
25979,fit
25980,calibration
25981,fit
25982,fit
25983,fit
25984,fit
25985,fit
25986,fit
25987,fit
25988,fit
25989,calibration
25990,fit
25991,fit
25992,fit
25994,fit
25995,test
25996,calibration
25997,calibration
25998,test
25999,fit
26000,fit
26001,calibration
26002,fit
26003,fit
26004,fit
26005,fit
26006,fit
26007,fit
26008,test
26009,test
26010,fit
26011,test
26012,test
26013,fit
26014,test
26015,fit
26016,fit
26017,test
26018,fit
26019,calibration
26020,fit
26021,fit
26022,fit
26023,fit
26024,test
26025,test
26026,test
26027,fit
26028,fit
26029,test
26030,fit
26031,fit
26032,fit
26033,test
26034,fit
26035,fit
26036,fit
26037,fit
26038,fit
26039,fit
26040,fit
26041,fit
26042,test
26044,fit
26045,fit
26046,fit
26047,fit
26048,fit
26049,fit
26050,test
26051,fit
26052,calibration
26053,fit
26054,fit
26055,fit
26056,test
26057,test
26058,test
26060,test
26061,fit
26062,test
26063,fit
26064,fit
26065,fit
26066,calibration
26067,fit
26068,fit
26069,fit
26070,fit
26072,fit
26073,fit
26074,fit
26075,fit
26076,test
26077,fit
26078,test
26079,fit
26080,calibration
26081,calibration
26082,fit
26083,calibration
26084,test
26085,calibration
26086,test
26087,test
26088,calibration
26089,fit
26090,fit
26091,fit
26092,calibration
26093,fit
26094,test
26095,test
26096,fit
26097,fit
26098,fit
26099,fit
26100,fit
26101,fit
26102,fit
26103,fit
26104,fit
26105,fit
26106,fit
26107,fit
26108,fit
26109,test
26110,fit
26111,fit
26112,fit
26113,fit
26114,test
26115,test
26116,fit
26117,test
26118,test
26119,fit
26120,fit
26121,fit
26122,fit
26123,calibration
26124,fit
26125,fit
26126,fit
26127,fit
26128,calibration
26129,fit
26130,fit
26131,calibration
26132,fit
26133,calibration
26134,fit
26135,fit
26136,test
26137,calibration
26138,fit
26139,test
26140,fit
26141,calibration
26142,fit
26143,test
26144,fit
26145,fit
26146,calibration
26147,fit
26148,calibration
26149,fit
26150,calibration
26151,fit
26152,fit
26153,fit
26154,fit
26155,fit
26156,calibration
26157,fit
26158,calibration
26159,calibration
26160,calibration
26161,fit
26162,fit
26163,test
26164,calibration
26165,calibration
26166,fit
26167,calibration
26168,fit
26169,calibration
26170,fit
26171,fit
26172,fit
26173,calibration
26174,test
26177,test
26178,fit
26179,fit
26180,calibration
26181,fit
26182,test
26183,fit
26184,calibration
26185,calibration
26186,calibration
26187,fit
26189,fit
26190,calibration
26191,calibration
26192,fit
26193,fit
26194,calibration
26195,calibration
26196,fit
26197,test
26198,fit
26199,test
26200,fit
26201,fit
26202,test
26203,calibration
26204,fit
26205,test
26206,test
26207,calibration
26208,test
26209,fit
26210,calibration
26211,test
26212,fit
26213,fit
26214,fit
26215,test
26216,fit
26217,test
26218,fit
26219,fit
26220,test
26221,calibration
26222,test
26223,calibration
26224,fit
26225,fit
26226,fit
26227,fit
26228,fit
26229,fit
26230,fit
26231,fit
26232,calibration
26233,test
26234,test
26235,fit
26236,calibration
26237,fit
26238,calibration
26239,fit
26240,calibration
26241,fit
26242,test
26243,fit
26244,fit
26245,fit
26246,fit
26247,fit
26248,fit
26249,fit
26250,calibration
26251,calibration
26252,test
26253,fit
26254,fit
26256,fit
26257,test
26258,fit
26259,fit
26260,calibration
26261,fit
26262,calibration
26263,calibration
26264,fit
26265,fit
26266,fit
26267,fit
26268,fit
26269,fit
26270,fit
26271,fit
26272,fit
26273,test
26274,fit
26275,fit
26276,fit
26277,calibration
26278,test
26279,fit
26281,test
26282,fit
26283,fit
26284,calibration
26285,fit
26286,test
26287,fit
26288,fit
26289,test
26290,fit
26291,test
26292,fit
26294,calibration
26295,fit
26296,fit
26297,test
26298,calibration
26299,fit
26300,fit
26301,calibration
26302,calibration
26303,fit
26304,fit
26305,calibration
26306,fit
26307,fit
26308,fit
26309,test
26310,test
26311,fit
26312,fit
26313,fit
26314,calibration
26315,fit
26316,fit
26318,fit
26319,fit
26320,fit
26321,test
26322,test
26323,test
26324,calibration
26325,fit
26326,fit
26327,fit
26328,calibration
26329,calibration
26330,fit
26331,test
26332,test
26333,fit
26334,calibration
26335,fit
26336,test
26337,calibration
26338,fit
26339,fit
26340,fit
26341,calibration
26342,fit
26343,test
26344,test
26345,calibration
26347,fit
26348,fit
26349,fit
26350,fit
26351,fit
26352,fit
26353,fit
26354,fit
26355,fit
26356,test
26357,fit
26358,test
26359,test
26360,fit
26361,fit
26362,fit
26363,test
26364,test
26365,fit
26366,fit
26367,fit
26368,fit
26369,calibration
26370,calibration
26371,fit
26372,test
26373,calibration
26374,fit
26375,test
26377,fit
26378,fit
26379,test
26380,fit
26381,fit
26382,test
26383,fit
26384,fit
26387,calibration
26388,fit
26389,fit
26390,fit
26391,fit
26392,fit
26393,fit
26394,fit
26395,fit
26396,fit
26397,test
26398,calibration
26399,fit
26400,calibration
26401,calibration
26403,test
26404,fit
26405,fit
26406,fit
26407,fit
26409,fit
26410,fit
26411,calibration
26412,fit
26413,fit
26414,test
26416,fit
26417,fit
26418,fit
26419,calibration
26420,calibration
26421,test
26422,fit
26423,test
26424,fit
26425,calibration
26426,test
26427,fit
26428,calibration
26429,fit
26430,calibration
26431,test
26432,fit
26433,fit
26434,fit
26435,test
26436,fit
26437,fit
26439,fit
26440,fit
26441,fit
26442,fit
26443,fit
26444,fit
26445,fit
26446,fit
26447,fit
26448,calibration
26449,fit
26450,fit
26451,fit
26452,test
26453,fit
26454,calibration
26455,fit
26456,test
26457,fit
26458,calibration
26459,calibration
26460,fit
26461,test
26462,fit
26463,test
26465,fit
26467,calibration
26468,fit
26469,test
26470,fit
26471,test
26472,test
26473,fit
26475,fit
26476,calibration
26477,fit
26478,test
26479,fit
26480,fit
26481,fit
26482,test
26483,fit
26484,test
26485,calibration
26486,fit
26487,fit
26488,calibration
26489,fit
26490,fit
26491,calibration
26492,test
26493,fit
26494,fit
26495,calibration
26496,test
26497,fit
26498,calibration
26499,calibration
26501,fit
26502,fit
26503,calibration
26504,test
26505,fit
26506,test
26507,fit
26508,fit
26509,calibration
26510,fit
26511,calibration
26512,calibration
26513,calibration
26514,fit
26515,calibration
26516,calibration
26517,calibration
26518,fit
26519,fit
26520,calibration
26522,calibration
26523,fit
26524,fit
26525,fit
26526,fit
26527,fit
26529,fit
26530,fit
26531,calibration
26532,fit
26533,fit
26534,test
26535,fit
26536,fit
26537,calibration
26538,fit
26539,calibration
26540,fit
26541,fit
26542,fit
26543,fit
26544,fit
26545,calibration
26546,fit
26547,calibration
26548,fit
26549,fit
26550,test
26551,calibration
26552,fit
26553,fit
26554,fit
26555,fit
26556,fit
26557,fit
26558,calibration
26559,fit
26560,test
26561,test
26562,fit
26563,fit
26564,fit
26565,fit
26566,calibration
26567,test
26568,fit
26571,fit
26572,fit
26573,test
26574,calibration
26575,fit
26576,fit
26577,fit
26578,calibration
26579,calibration
26580,test
26581,fit
26582,calibration
26583,fit
26584,test
26585,calibration
26586,calibration
26587,test
26588,fit
26589,calibration
26590,calibration
26592,fit
26593,fit
26594,fit
26595,fit
26596,fit
26597,fit
26598,fit
26599,fit
26600,fit
26602,fit
26603,fit
26604,fit
26605,calibration
26606,calibration
26607,fit
26608,calibration
26609,calibration
26610,test
26611,fit
26612,fit
26613,test
26614,fit
26615,fit
26616,fit
26617,calibration
26619,fit
26620,test
26621,fit
26622,test
26623,fit
26624,test
26625,test
26627,calibration
26628,test
26629,test
26630,test
26631,fit
26632,fit
26633,fit
26634,test
26635,fit
26636,calibration
26637,fit
26638,test
26639,fit
26640,fit
26641,fit
26642,fit
26643,test
26644,fit
26645,calibration
26647,calibration
26648,fit
26649,fit
26650,fit
26651,fit
26652,fit
26653,fit
26654,test
26655,fit
26656,test
26657,fit
26658,fit
26659,fit
26660,fit
26661,fit
26662,calibration
26663,calibration
26664,calibration
26665,fit
26666,fit
26667,fit
26668,fit
26669,fit
26670,fit
26671,calibration
26672,fit
26673,calibration
26674,fit
26675,test
26676,fit
26677,fit
26678,calibration
26679,calibration
26680,fit
26681,fit
26682,fit
26683,calibration
26684,fit
26685,calibration
26686,fit
26687,fit
26688,fit
26689,test
26690,test
26691,test
26692,fit
26693,fit
26694,test
26695,fit
26696,fit
26698,fit
26699,fit
26700,test
26701,fit
26702,fit
26703,test
26704,fit
26705,fit
26706,fit
26707,fit
26708,fit
26709,fit
26710,test
26711,test
26712,calibration
26713,calibration
26714,calibration
26715,fit
26716,test
26717,test
26718,fit
26719,calibration
26720,fit
26722,fit
26723,calibration
26724,fit
26725,calibration
26726,fit
26727,fit
26728,calibration
26729,fit
26730,fit
26731,fit
26732,calibration
26733,fit
26734,fit
26735,fit
26736,fit
26737,fit
26738,calibration
26739,test
26740,fit
26741,fit
26742,fit
26743,calibration
26744,fit
26745,calibration
26746,calibration
26747,fit
26748,fit
26749,fit
26750,calibration
26751,calibration
26752,fit
26753,fit
26754,fit
26755,fit
26756,calibration
26757,test
26758,fit
26759,test
26761,fit
26762,calibration
26763,fit
26764,fit
26765,test
26766,fit
26767,fit
26768,fit
26769,fit
26770,fit
26771,fit
26772,fit
26773,fit
26774,fit
26775,fit
26776,fit
26777,fit
26778,fit
26779,fit
26780,fit
26781,fit
26783,fit
26784,calibration
26785,fit
26786,fit
26787,fit
26788,calibration
26789,fit
26790,fit
26791,fit
26792,calibration
26793,fit
26794,test
26795,calibration
26796,fit
26797,test
26798,fit
26799,fit
26800,test
26801,test
26802,fit
26803,fit
26804,fit
26805,fit
26806,fit
26807,test
26808,fit
26809,test
26811,fit
26812,fit
26813,calibration
26814,fit
26815,test
26816,fit
26817,test
26818,fit
26819,test
26820,calibration
26821,fit
26822,test
26823,calibration
26824,fit
26825,fit
26826,fit
26827,test
26828,calibration
26829,fit
26830,fit
26831,calibration
26832,calibration
26833,fit
26834,fit
26835,calibration
26836,fit
26837,test
26838,fit
26839,fit
26840,fit
26841,fit
26842,calibration
26843,test
26844,fit
26845,calibration
26846,fit
26847,calibration
26848,calibration
26849,calibration
26850,calibration
26851,calibration
26852,fit
26853,fit
26855,calibration
26856,calibration
26857,test
26858,calibration
26859,test
26860,calibration
26861,calibration
26862,test
26863,fit
26864,fit
26865,calibration
26866,fit
26867,test
26868,fit
26869,calibration
26870,fit
26871,fit
26872,test
26873,fit
26874,fit
26875,calibration
26877,calibration
26878,test
26879,calibration
26880,test
26881,fit
26883,fit
26884,test
26885,fit
26886,fit
26887,fit
26888,fit
26889,fit
26890,calibration
26891,fit
26892,fit
26893,test
26894,fit
26895,test
26896,fit
26897,fit
26898,fit
26899,test
26900,calibration
26901,fit
26902,calibration
26903,calibration
26904,calibration
26905,fit
26906,fit
26907,calibration
26908,test
26909,fit
26910,fit
26911,fit
26913,fit
26914,calibration
26915,calibration
26916,calibration
26917,fit
26918,fit
26919,test
26920,calibration
26922,calibration
26923,fit
26924,fit
26925,fit
26926,test
26927,fit
26928,fit
26929,fit
26930,fit
26931,calibration
26932,test
26933,fit
26934,calibration
26935,calibration
26936,test
26937,fit
26938,fit
26939,fit
26941,fit
26942,fit
26943,fit
26944,calibration
26945,calibration
26946,fit
26947,fit
26948,fit
26949,fit
26950,test
26951,calibration
26952,fit
26953,fit
26954,fit
26955,fit
26956,fit
26957,fit
26958,fit
26959,test
26960,test
26961,fit
26962,fit
26963,test
26965,fit
26966,fit
26967,fit
26968,test
26969,fit
26970,fit
26971,fit
26972,calibration
26973,fit
26974,fit
26975,calibration
26976,fit
26977,fit
26978,fit
26979,calibration
26980,fit
26981,test
26982,fit
26983,fit
26984,calibration
26985,test
26987,fit
26988,fit
26989,test
26990,fit
26991,fit
26992,test
26993,fit
26994,calibration
26995,fit
26996,fit
26997,calibration
26998,fit
26999,calibration
27000,fit
27001,fit
27003,test
27004,fit
27005,fit
27006,fit
27007,calibration
27008,calibration
27009,test
27010,test
27011,calibration
27012,fit
27013,fit
27014,test
27015,fit
27016,test
27017,fit
27018,fit
27019,fit
27020,fit
27021,fit
27022,calibration
27023,calibration
27024,fit
27025,calibration
27026,fit
27027,fit
27028,calibration
27029,fit
27031,calibration
27032,fit
27033,fit
27034,fit
27035,test
27036,fit
27037,fit
27038,fit
27039,test
27040,fit
27041,test
27042,fit
27043,fit
27044,fit
27045,calibration
27046,fit
27047,calibration
27048,calibration
27049,fit
27051,fit
27052,test
27053,fit
27055,fit
27056,fit
27057,fit
27058,fit
27059,test
27060,fit
27061,fit
27062,fit
27063,fit
27064,test
27065,calibration
27066,fit
27067,fit
27068,fit
27069,fit
27070,test
27071,calibration
27072,fit
27073,fit
27074,test
27075,fit
27076,calibration
27077,fit
27078,calibration
27079,fit
27080,fit
27081,fit
27082,fit
27083,fit
27084,calibration
27085,fit
27086,fit
27088,fit
27089,fit
27090,fit
27091,fit
27092,fit
27093,calibration
27094,test
27095,fit
27096,fit
27097,fit
27098,test
27099,fit
27100,fit
27101,calibration
27102,fit
27103,calibration
27104,test
27105,fit
27106,test
27107,fit
27108,calibration
27109,fit
27110,fit
27111,fit
27112,fit
27113,fit
27114,test
27115,test
27116,fit
27117,test
27118,test
27120,fit
27121,fit
27122,calibration
27123,test
27124,calibration
27125,fit
27126,fit
27127,fit
27128,fit
27129,fit
27130,calibration
27131,calibration
27132,calibration
27133,calibration
27134,test
27135,fit
27136,fit
27137,test
27138,fit
27139,calibration
27140,calibration
27141,fit
27143,fit
27144,fit
27145,fit
27146,fit
27148,test
27149,fit
27150,fit
27151,test
27152,fit
27153,fit
27154,fit
27155,test
27156,fit
27157,fit
27158,test
27159,fit
27160,calibration
27161,calibration
27162,calibration
27163,test
27164,fit
27165,fit
27166,fit
27167,calibration
27168,fit
27169,test
27170,fit
27171,fit
27172,fit
27173,test
27174,fit
27175,fit
27177,fit
27178,fit
27179,fit
27180,calibration
27181,fit
27182,calibration
27183,test
27184,fit
27185,fit
27186,fit
27187,test
27188,calibration
27189,fit
27190,test
27191,fit
27192,fit
27193,fit
27194,fit
27195,test
27196,test
27197,calibration
27198,fit
27199,calibration
27200,test
27201,test
27202,calibration
27203,fit
27204,fit
27206,fit
27207,test
27208,test
27209,fit
27210,fit
27211,test
27212,fit
27213,fit
27214,fit
27215,fit
27216,calibration
27217,fit
27219,fit
27220,fit
27221,fit
27222,fit
27223,fit
27224,fit
27225,fit
27226,fit
27227,calibration
27228,fit
27229,fit
27230,fit
27231,fit
27232,fit
27233,calibration
27234,fit
27235,fit
27236,test
27237,calibration
27238,fit
27239,test
27240,fit
27241,test
27242,test
27243,fit
27244,fit
27245,fit
27246,fit
27247,test
27248,test
27249,fit
27250,fit
27251,fit
27252,test
27253,test
27254,fit
27255,fit
27256,fit
27257,fit
27258,calibration
27259,calibration
27260,fit
27261,fit
27262,fit
27263,fit
27264,fit
27265,calibration
27266,calibration
27267,test
27268,fit
27269,fit
27270,test
27271,fit
27272,test
27274,test
27275,fit
27276,fit
27277,calibration
27279,test
27280,fit
27281,fit
27283,fit
27284,test
27286,test
27287,fit
27288,fit
27289,test
27290,fit
27291,fit
27292,calibration
27293,calibration
27294,fit
27295,fit
27296,test
27297,calibration
27298,fit
27299,fit
27300,test
27301,calibration
27302,calibration
27303,fit
27304,fit
27305,fit
27306,fit
27308,fit
27309,fit
27310,fit
27311,calibration
27312,fit
27313,fit
27314,fit
27315,fit
27316,fit
27317,test
27318,test
27319,fit
27320,fit
27321,calibration
27322,fit
27323,calibration
27324,test
27325,fit
27327,test
27328,fit
27329,calibration
27330,test
27331,fit
27332,fit
27333,test
27334,calibration
27335,fit
27336,calibration
27337,fit
27338,fit
27339,fit
27340,fit
27341,fit
27342,fit
27343,test
27344,fit
27345,fit
27346,fit
27347,fit
27348,calibration
27349,fit
27350,fit
27351,fit
27352,calibration
27353,test
27354,fit
27355,fit
27356,fit
27357,calibration
27358,fit
27359,calibration
27360,fit
27361,fit
27362,test
27363,calibration
27364,fit
27365,test
27366,fit
27367,fit
27368,test
27369,test
27370,test
27371,fit
27372,fit
27373,test
27374,fit
27375,calibration
27376,test
27377,fit
27378,fit
27379,calibration
27380,test
27381,fit
27382,test
27384,calibration
27385,calibration
27386,calibration
27387,calibration
27388,calibration
27389,fit
27390,fit
27391,fit
27392,calibration
27393,fit
27394,test
27396,fit
27397,fit
27398,test
27399,fit
27400,fit
27401,fit
27402,fit
27405,fit
27406,test
27407,fit
27408,fit
27409,fit
27410,test
27411,fit
27412,fit
27413,calibration
27414,calibration
27415,test
27416,calibration
27417,fit
27418,calibration
27419,test
27420,fit
27421,fit
27422,test
27424,fit
27425,calibration
27426,fit
27427,fit
27428,fit
27430,calibration
27431,test
27432,test
27433,fit
27434,fit
27435,calibration
27436,calibration
27437,test
27439,calibration
27440,test
27441,fit
27442,calibration
27443,test
27444,test
27445,calibration
27446,fit
27447,test
27448,test
27449,fit
27450,calibration
27451,fit
27453,test
27454,fit
27455,calibration
27456,calibration
27457,fit
27458,fit
27459,calibration
27460,calibration
27461,calibration
27462,fit
27464,fit
27465,fit
27466,fit
27467,test
27468,fit
27469,calibration
27470,fit
27471,calibration
27472,fit
27473,fit
27474,test
27475,fit
27476,fit
27477,fit
27478,fit
27479,fit
27480,fit
27481,fit
27482,fit
27483,test
27484,fit
27485,fit
27486,fit
27487,fit
27488,calibration
27489,fit
27490,fit
27491,test
27492,fit
27493,fit
27494,fit
27495,test
27496,calibration
27497,fit
27498,test
27499,fit
27500,fit
27501,fit
27502,fit
27503,fit
27504,calibration
27505,fit
27506,fit
27507,fit
27508,fit
27509,fit
27510,fit
27511,test
27512,fit
27513,fit
27514,calibration
27515,fit
27516,calibration
27517,test
27518,test
27519,fit
27520,fit
27521,test
27522,fit
27523,test
27524,test
27525,fit
27526,calibration
27527,test
27528,fit
27529,fit
27530,fit
27531,calibration
27532,fit
27533,test
27534,fit
27535,fit
27536,calibration
27537,calibration
27538,fit
27539,fit
27540,fit
27541,fit
27542,fit
27543,fit
27544,fit
27545,calibration
27546,fit
27547,fit
27548,calibration
27549,calibration
27550,fit
27551,fit
27552,fit
27553,fit
27554,calibration
27555,test
27556,fit
27557,calibration
27558,test
27559,fit
27560,test
27561,test
27562,fit
27563,fit
27564,fit
27565,fit
27566,calibration
27567,fit
27568,fit
27569,fit
27570,test
27571,calibration
27572,fit
27573,fit
27574,fit
27575,fit
27576,fit
27577,calibration
27578,test
27579,fit
27580,fit
27581,fit
27582,fit
27583,test
27584,calibration
27585,fit
27586,fit
27587,fit
27588,fit
27589,calibration
27590,fit
27592,calibration
27593,fit
27594,test
27595,fit
27596,fit
27597,fit
27598,test
27599,fit
27600,fit
27601,fit
27602,fit
27603,calibration
27604,fit
27605,test
27606,fit
27607,fit
27608,calibration
27609,fit
27610,fit
27611,fit
27612,fit
27613,fit
27614,fit
27615,fit
27616,fit
27618,fit
27619,test
27620,calibration
27621,calibration
27622,calibration
27623,fit
27624,calibration
27625,fit
27626,fit
27627,fit
27628,fit
27629,calibration
27630,fit
27631,fit
27632,fit
27633,fit
27634,test
27635,fit
27636,test
27637,fit
27638,fit
27639,calibration
27640,fit
27641,calibration
27642,fit
27643,calibration
27644,fit
27647,calibration
27648,fit
27649,fit
27650,fit
27651,fit
27652,fit
27653,test
27654,fit
27655,fit
27656,calibration
27657,fit
27658,test
27661,fit
27662,calibration
27663,test
27664,test
27665,fit
27667,test
27668,fit
27669,fit
27670,fit
27671,fit
27672,calibration
27673,fit
27674,calibration
27675,fit
27676,fit
27677,fit
27678,calibration
27679,fit
27680,fit
27681,calibration
27682,calibration
27683,test
27684,fit
27685,fit
27686,calibration
27687,calibration
27688,fit
27689,test
27690,fit
27691,fit
27692,fit
27693,fit
27694,calibration
27695,fit
27696,fit
27697,calibration
27698,fit
27699,fit
27700,fit
27701,test
27702,test
27703,test
27704,fit
27705,fit
27706,fit
27707,fit
27709,fit
27710,fit
27711,fit
27712,fit
27713,test
27714,fit
27715,fit
27716,test
27717,fit
27718,calibration
27719,fit
27720,test
27721,test
27722,fit
27723,fit
27724,fit
27725,fit
27726,test
27727,fit
27728,fit
27729,fit
27730,fit
27731,calibration
27732,fit
27733,calibration
27734,fit
27735,fit
27736,test
27737,calibration
27738,fit
27739,test
27740,fit
27742,calibration
27743,test
27744,fit
27745,calibration
27746,test
27747,fit
27748,fit
27749,fit
27750,fit
27751,fit
27752,calibration
27753,test
27754,test
27755,fit
27756,test
27757,test
27758,fit
27759,calibration
27760,fit
27761,calibration
27762,fit
27763,fit
27764,test
27765,fit
27766,fit
27767,fit
27768,calibration
27769,calibration
27770,calibration
27771,test
27772,calibration
27773,fit
27774,fit
27775,fit
27776,fit
27777,calibration
27778,fit
27779,fit
27780,calibration
27781,fit
27782,fit
27783,calibration
27785,calibration
27786,fit
27787,test
27788,fit
27789,fit
27790,calibration
27791,calibration
27792,fit
27793,fit
27794,fit
27796,fit
27797,test
27798,calibration
27799,fit
27800,fit
27801,fit
27802,fit
27803,test
27804,fit
27805,fit
27806,test
27807,fit
27808,calibration
27809,calibration
27810,fit
27811,fit
27812,fit
27814,fit
27815,fit
27816,fit
27817,fit
27818,test
27819,test
27820,fit
27821,calibration
27822,fit
27823,fit
27825,test
27826,test
27827,test
27828,fit
27829,fit
27830,fit
27831,test
27832,fit
27834,test
27835,fit
27836,test
27837,calibration
27838,test
27839,fit
27840,test
27841,fit
27842,calibration
27843,fit
27844,test
27846,calibration
27847,calibration
27848,fit
27849,test
27850,fit
27851,fit
27852,fit
27853,test
27854,test
27855,fit
27856,fit
27857,fit
27858,test
27859,test
27860,fit
27861,fit
27862,calibration
27863,fit
27864,fit
27865,fit
27866,fit
27867,calibration
27868,calibration
27869,fit
27870,fit
27871,fit
27872,test
27873,fit
27874,fit
27875,fit
27876,fit
27877,calibration
27878,test
27879,fit
27880,fit
27881,calibration
27882,fit
27883,calibration
27885,fit
27886,fit
27887,fit
27888,fit
27890,calibration
27891,fit
27892,fit
27893,calibration
27894,calibration
27895,fit
27896,fit
27897,test
27898,fit
27899,test
27900,fit
27901,test
27902,fit
27903,fit
27904,fit
27906,fit
27907,calibration
27908,test
27909,fit
27910,calibration
27911,calibration
27912,fit
27913,fit
27914,fit
27915,calibration
27916,test
27918,test
27919,test
27920,fit
27921,fit
27922,fit
27923,fit
27924,fit
27925,fit
27926,fit
27927,test
27928,fit
27929,test
27930,fit
27931,calibration
27932,test
27933,calibration
27934,fit
27935,fit
27936,fit
27937,fit
27938,calibration
27939,fit
27940,calibration
27941,test
27942,fit
27943,calibration
27944,test
27945,fit
27946,fit
27947,test
27948,fit
27949,fit
27951,fit
27952,fit
27953,calibration
27954,calibration
27955,fit
27956,calibration
27957,calibration
27958,calibration
27959,fit
27961,fit
27962,fit
27963,fit
27964,fit
27965,fit
27966,fit
27968,test
27969,fit
27970,test
27971,calibration
27972,fit
27974,fit
27975,fit
27976,test
27977,test
27978,calibration
27979,calibration
27980,calibration
27981,fit
27982,calibration
27983,test
27984,fit
27985,fit
27986,fit
27987,calibration
27988,fit
27989,test
27990,fit
27991,test
27992,test
27993,fit
27995,fit
27996,fit
27997,calibration
27998,calibration
27999,test
28000,test
28001,fit
28002,fit
28003,fit
28004,calibration
28005,fit
28006,calibration
28007,fit
28008,fit
28009,fit
28010,fit
28011,fit
28012,fit
28013,fit
28014,fit
28015,test
28016,test
28017,calibration
28020,calibration
28021,fit
28022,fit
28023,fit
28024,calibration
28025,calibration
28026,calibration
28027,fit
28028,fit
28029,calibration
28030,test
28031,fit
28032,calibration
28034,fit
28035,test
28036,fit
28037,fit
28038,fit
28039,fit
28040,test
28041,fit
28042,fit
28043,test
28045,fit
28046,calibration
28047,test
28048,test
28049,fit
28050,fit
28051,fit
28052,fit
28053,fit
28054,test
28055,fit
28056,fit
28057,calibration
28058,fit
28059,fit
28060,calibration
28061,calibration
28062,calibration
28063,test
28064,fit
28065,fit
28066,fit
28067,fit
28068,fit
28069,calibration
28070,test
28071,fit
28072,calibration
28073,calibration
28074,test
28075,test
28076,fit
28077,fit
28078,fit
28079,test
28080,test
28081,test
28082,fit
28083,fit
28084,fit
28085,fit
28086,fit
28087,fit
28088,fit
28089,test
28090,calibration
28091,fit
28092,calibration
28093,fit
28094,fit
28095,fit
28096,fit
28098,test
28099,calibration
28100,fit
28101,fit
28102,calibration
28104,fit
28105,calibration
28106,fit
28107,fit
28108,test
28109,fit
28110,fit
28111,fit
28112,fit
28113,fit
28114,test
28115,fit
28116,test
28117,fit
28118,fit
28119,fit
28120,fit
28121,calibration
28122,test
28123,fit
28124,calibration
28125,fit
28126,fit
28127,fit
28128,fit
28129,fit
28130,fit
28131,fit
28132,fit
28133,calibration
28134,test
28135,fit
28136,fit
28137,test
28138,fit
28139,fit
28140,fit
28141,fit
28142,fit
28143,calibration
28144,test
28145,fit
28146,fit
28147,fit
28148,fit
28149,fit
28150,test
28151,test
28152,calibration
28153,fit
28154,test
28155,calibration
28156,fit
28158,test
28159,fit
28160,test
28161,fit
28162,calibration
28163,calibration
28164,test
28165,fit
