row_index,role
0,fit
1,fit
2,fit
3,fit
4,fit
5,fit
6,test
7,test
8,calibration
9,fit
10,calibration
11,fit
12,fit
13,fit
14,fit
15,fit
16,fit
17,fit
18,fit
19,fit
20,test
21,test
22,fit
23,fit
24,fit
25,fit
26,fit
27,fit
28,calibration
29,fit
30,calibration
31,test
32,test
33,fit
34,test
35,fit
36,calibration
37,fit
38,test
39,fit
40,test
41,fit
42,fit
43,test
44,fit
45,fit
46,calibration
47,fit
48,calibration
49,test
50,test
51,fit
52,fit
53,fit
54,fit
55,test
56,fit
57,fit
58,test
59,calibration
60,fit
61,fit
62,test
63,fit
64,test
65,fit
66,fit
67,calibration
68,calibration
69,fit
70,fit
71,fit
72,test
73,test
74,fit
75,fit
76,calibration
77,fit
78,fit
79,fit
80,fit
81,fit
82,test
83,fit
84,fit
85,calibration
86,fit
87,fit
88,fit
89,test
90,test
91,fit
92,test
93,fit
94,test
95,fit
96,fit
97,fit
98,calibration
99,fit
100,fit
101,fit
102,test
103,fit
104,fit
105,fit
106,calibration
107,fit
108,calibration
109,fit
110,fit
111,fit
112,test
113,fit
114,fit
115,test
116,fit
117,fit
118,fit
119,fit
120,fit
121,fit
122,calibration
123,fit
124,fit
125,test
126,fit
127,test
128,calibration
129,fit
130,fit
131,fit
132,test
133,fit
134,calibration
135,fit
136,fit
137,fit
138,test
139,fit
140,calibration
141,fit
142,test
143,fit
144,fit
145,fit
146,fit
147,test
148,fit
149,fit
150,fit
151,test
152,fit
153,fit
154,fit
155,calibration
156,fit
157,test
158,fit
159,fit
160,fit
161,test
162,fit
163,fit
164,calibration
165,calibration
166,test
167,test
168,fit
169,fit
170,fit
171,fit
172,calibration
173,fit
174,calibration
175,fit
176,test
177,fit
178,fit
179,test
180,test
181,fit
182,calibration
183,test
184,fit
185,fit
186,calibration
187,fit
188,test
189,fit
190,fit
191,fit
192,fit
193,calibration
194,calibration
195,fit
196,fit
197,fit
198,fit
199,test
200,fit
201,fit
202,fit
203,test
204,fit
205,fit
206,fit
207,fit
208,fit
209,fit
210,calibration
211,fit
212,test
213,fit
214,calibration
215,fit
216,calibration
217,fit
218,test
219,fit
220,fit
221,calibration
222,fit
223,test
224,fit
225,test
226,test
227,fit
228,fit
229,fit
230,fit
231,fit
232,fit
233,fit
234,fit
235,fit
236,calibration
237,fit
238,fit
239,fit
240,fit
241,fit
242,test
243,test
244,fit
245,fit
246,fit
247,fit
248,fit
249,calibration
250,fit
251,test
252,fit
253,fit
254,fit
255,fit
256,fit
257,test
258,fit
259,test
260,fit
261,fit
262,test
263,calibration
264,test
265,test
266,fit
267,fit
268,test
269,fit
270,fit
271,fit
272,fit
273,fit
274,fit
275,test
276,fit
277,fit
278,calibration
279,calibration
280,fit
281,fit
282,fit
283,fit
284,calibration
285,fit
286,fit
287,test
288,fit
289,fit
290,fit
291,fit
292,calibration
293,fit
294,calibration
295,fit
296,test
297,fit
298,fit
299,test
300,fit
301,fit
302,calibration
303,test
304,fit
305,fit
306,fit
307,fit
308,fit
309,fit
310,fit
311,calibration
312,test
313,fit
314,fit
315,fit
316,fit
317,calibration
318,fit
319,test
320,fit
321,fit
322,fit
323,fit
324,fit
325,test
326,test
327,test
328,fit
329,fit
330,fit
331,fit
332,fit
333,fit
334,calibration
335,calibration
336,fit
337,fit
338,fit
339,calibration
340,fit
341,fit
342,calibration
343,fit
344,fit
345,fit
346,fit
347,fit
348,calibration
349,fit
350,fit
351,fit
352,fit
353,test
354,fit
355,test
356,fit
357,fit
358,fit
359,calibration
360,fit
361,calibration
362,fit
363,fit
364,fit
365,fit
366,calibration
367,calibration
368,test
369,fit
370,fit
371,test
372,calibration
373,fit
374,fit
375,fit
376,test
377,test
378,fit
379,fit
380,fit
381,fit
382,fit
383,test
384,fit
385,test
386,test
387,fit
388,fit
389,fit
390,test
391,fit
392,calibration
393,fit
394,test
395,fit
396,fit
397,test
398,fit
399,fit
400,fit
401,test
402,fit
403,calibration
404,fit
405,fit
406,fit
407,fit
408,fit
409,fit
410,test
411,calibration
412,fit
413,fit
414,fit
415,fit
416,fit
417,fit
418,fit
419,test
420,fit
421,fit
422,fit
423,test
424,fit
425,fit
426,fit
427,fit
428,test
429,test
430,fit
431,fit
432,calibration
433,fit
434,fit
435,fit
436,fit
437,calibration
438,calibration
439,fit
440,fit
441,fit
442,test
443,test
444,fit
445,fit
446,fit
447,fit
448,test
449,fit
450,fit
451,test
452,test
453,fit
454,calibration
455,calibration
456,fit
457,calibration
458,fit
459,test
460,fit
461,calibration
462,fit
463,fit
464,test
465,fit
466,fit
467,test
468,test
469,calibration
470,fit
471,fit
472,fit
473,fit
474,calibration
475,fit
476,fit
477,fit
478,fit
479,fit
480,fit
481,test
482,calibration
483,fit
484,fit
485,test
486,fit
487,calibration
488,calibration
489,test
490,calibration
491,fit
492,fit
493,test
494,fit
495,fit
496,fit
497,calibration
498,fit
499,fit
500,calibration
501,fit
502,test
503,fit
504,fit
505,fit
506,fit
507,fit
508,fit
509,fit
510,test
511,fit
512,fit
513,fit
514,calibration
515,fit
516,fit
517,fit
518,fit
519,fit
520,calibration
521,fit
522,fit
523,fit
524,fit
525,fit
526,calibration
527,calibration
528,test
529,fit
530,fit
531,fit
532,fit
533,fit
534,fit
535,test
536,test
537,fit
538,fit
539,calibration
540,fit
541,test
542,test
543,fit
544,test
545,fit
546,test
547,fit
548,fit
549,test
550,calibration
551,calibration
552,fit
553,test
554,test
555,fit
556,test
557,fit
558,fit
559,calibration
560,fit
561,fit
562,fit
563,fit
564,fit
565,fit
566,fit
567,fit
568,fit
569,test
570,fit
571,test
572,fit
573,fit
574,fit
575,fit
576,test
577,fit
578,fit
579,test
580,fit
581,fit
582,test
583,calibration
584,fit
585,calibration
586,test
587,fit
588,fit
589,test
590,fit
591,fit
592,test
593,fit
594,fit
595,fit
596,fit
597,calibration
598,fit
599,fit
600,fit
601,fit
602,calibration
603,test
604,calibration
605,test
606,calibration
607,calibration
608,fit
609,fit
610,test
611,fit
612,fit
613,calibration
614,test
615,test
616,fit
617,fit
618,fit
619,test
620,calibration
621,fit
622,fit
623,fit
624,test
625,calibration
626,fit
627,fit
628,calibration
629,fit
630,test
631,fit
632,test
633,calibration
634,test
635,fit
636,fit
637,test
638,fit
639,fit
640,fit
641,fit
642,test
643,fit
644,test
645,fit
646,fit
647,fit
648,test
649,fit
650,test
651,fit
652,fit
653,test
654,fit
655,fit
656,fit
657,fit
658,fit
659,fit
660,fit
661,test
662,fit
663,test
664,fit
665,calibration
666,calibration
667,test
668,fit
669,fit
670,test
671,calibration
672,calibration
673,fit
674,fit
675,fit
676,fit
677,calibration
678,fit
679,fit
680,test
681,fit
682,fit
683,fit
684,fit
685,test
686,calibration
687,fit
688,fit
689,fit
690,test
691,test
692,fit
693,test
694,fit
695,fit
696,fit
697,test
698,fit
699,test
700,fit
701,fit
702,fit
703,fit
704,fit
705,fit
706,fit
707,test
708,fit
709,calibration
710,test
711,test
712,calibration
713,calibration
714,fit
715,fit
716,test
717,calibration
718,fit
719,fit
720,test
721,fit
722,calibration
723,test
724,fit
725,fit
726,fit
727,test
728,fit
729,fit
730,fit
731,test
732,fit
733,test
734,fit
735,fit
736,test
737,fit
738,fit
739,fit
740,calibration
741,calibration
742,fit
743,fit
744,fit
745,calibration
746,fit
747,test
748,fit
749,fit
750,fit
751,test
752,calibration
753,fit
754,fit
755,fit
756,fit
757,fit
758,fit
759,fit
760,test
761,fit
762,fit
763,test
764,fit
765,calibration
766,calibration
767,test
768,fit
769,fit
770,fit
771,fit
772,test
773,fit
774,fit
775,fit
776,fit
777,fit
778,fit
779,fit
780,calibration
781,calibration
782,fit
783,fit
784,fit
785,calibration
786,fit
787,fit
788,fit
789,test
790,fit
791,fit
792,calibration
793,fit
794,test
795,fit
796,fit
797,calibration
798,fit
799,calibration
800,calibration
801,fit
802,fit
803,calibration
804,calibration
805,fit
806,fit
807,test
808,fit
809,calibration
810,test
811,test
812,calibration
813,calibration
814,test
815,fit
816,fit
817,test
818,calibration
819,fit
820,calibration
821,fit
822,fit
823,fit
824,fit
825,fit
826,test
827,calibration
828,test
829,calibration
830,fit
831,test
832,fit
833,fit
834,fit
835,test
836,fit
837,fit
838,test
839,fit
840,fit
841,fit
842,fit
843,fit
844,fit
845,test
846,fit
847,fit
848,calibration
849,calibration
850,fit
851,fit
852,fit
853,fit
854,fit
855,fit
856,fit
857,fit
858,calibration
859,calibration
860,calibration
861,test
862,fit
863,fit
864,calibration
865,fit
866,fit
867,fit
868,fit
869,test
870,calibration
871,fit
872,calibration
873,fit
874,fit
875,calibration
876,fit
877,test
878,calibration
879,fit
880,fit
881,fit
882,fit
883,calibration
884,fit
885,fit
886,fit
887,test
888,fit
889,fit
890,fit
891,fit
892,test
893,fit
894,calibration
895,test
896,test
897,test
898,test
899,fit
900,test
901,fit
902,fit
903,fit
904,test
905,calibration
906,fit
907,fit
908,calibration
909,fit
910,calibration
911,calibration
912,fit
913,fit
914,fit
915,fit
916,fit
917,fit
918,fit
919,fit
920,fit
921,test
922,test
923,fit
924,fit
925,calibration
926,fit
927,fit
928,test
929,test
930,calibration
931,calibration
932,fit
933,test
934,fit
935,fit
936,test
937,test
938,fit
939,calibration
940,test
941,fit
942,fit
943,fit
944,calibration
945,calibration
946,fit
947,fit
948,fit
949,test
950,fit
951,fit
952,fit
953,fit
954,fit
955,fit
956,calibration
957,fit
958,fit
959,fit
960,fit
961,calibration
962,test
963,fit
964,calibration
965,fit
966,fit
967,fit
968,test
969,fit
970,fit
971,fit
972,calibration
973,calibration
974,calibration
975,fit
976,fit
977,fit
978,test
979,fit
980,calibration
981,fit
982,fit
983,fit
984,calibration
985,test
986,test
987,fit
988,fit
989,test
990,fit
991,test
992,fit
993,fit
994,fit
995,calibration
996,fit
997,test
998,calibration
999,fit
1000,fit
1001,fit
1002,fit
1003,calibration
1004,test
1005,calibration
1006,fit
1007,fit
1008,fit
1009,fit
1010,test
1011,fit
1012,calibration
1013,fit
1014,fit
1015,fit
1016,calibration
1017,fit
1018,fit
1019,fit
1020,fit
1021,test
1022,test
1023,fit
1024,fit
1025,fit
1026,calibration
1027,fit
1028,calibration
1029,test
1030,fit
1031,calibration
1032,fit
1033,test
1034,fit
1035,fit
1036,fit
1037,fit
1038,fit
1039,calibration
1040,test
1041,test
1042,test
1043,fit
1044,fit
1045,fit
1046,test
1047,fit
1048,fit
1049,test
1050,fit
1051,fit
1052,fit
1053,fit
1054,calibration
1055,fit
1056,fit
1057,fit
1058,calibration
1059,fit
1060,fit
1061,fit
1062,fit
1063,calibration
1064,fit
1065,fit
1066,fit
1067,fit
1068,calibration
1069,fit
1070,fit
1071,calibration
1072,fit
1073,fit
1074,test
1075,fit
1076,fit
1077,calibration
1078,calibration
1079,fit
1080,fit
1081,fit
1082,fit
1083,calibration
1084,fit
1085,calibration
1086,fit
1087,fit
1088,fit
1089,calibration
1090,fit
1091,fit
1092,fit
1093,fit
1094,fit
1095,fit
1096,fit
1097,fit
1098,fit
1099,calibration
1100,fit
1101,fit
1102,fit
1103,test
1104,fit
1105,test
1106,fit
1107,fit
1108,fit
1109,fit
1110,fit
1111,fit
1112,fit
1113,test
1114,fit
1115,fit
1116,calibration
1117,calibration
1118,calibration
1119,test
1120,fit
1121,fit
1122,fit
1123,test
1124,fit
1125,test
1126,fit
1127,fit
1128,fit
1129,fit
1130,fit
1131,calibration
1132,fit
1133,fit
1134,fit
1135,test
1136,test
1137,test
1138,test
1139,test
1140,fit
1141,test
1142,fit
1143,fit
1144,fit
1145,test
1146,test
1147,fit
1148,calibration
1149,fit
1150,calibration
1151,calibration
1152,fit
1153,fit
1154,calibration
1155,fit
1156,calibration
1157,fit
1158,test
1159,test
1160,test
1161,fit
1162,calibration
1163,fit
1164,calibration
1165,calibration
1166,calibration
1167,test
1168,fit
1169,fit
1170,calibration
1171,test
1172,fit
1173,fit
1174,fit
1175,fit
1176,fit
1177,test
1178,calibration
1179,fit
1180,test
1181,test
1182,calibration
1183,calibration
1184,fit
1185,fit
1186,calibration
1187,fit
1188,test
1189,fit
1190,fit
1191,fit
1192,calibration
1193,fit
1194,test
1195,test
1196,fit
1197,fit
1198,test
1199,fit
1200,fit
1201,fit
1202,test
1203,fit
1204,calibration
1205,test
1206,fit
1207,fit
1208,test
1209,fit
1210,fit
1211,fit
1212,fit
1213,test
1214,calibration
1215,fit
1216,fit
1217,fit
1218,fit
1219,calibration
1220,fit
1221,test
1222,test
1223,calibration
1224,fit
1225,calibration
1226,fit
1227,fit
1228,test
1229,calibration
1230,fit
1231,fit
1232,calibration
1233,fit
1234,fit
1235,fit
1236,calibration
1237,test
1238,fit
1239,fit
1240,fit
1241,fit
1242,calibration
1243,calibration
1244,fit
1245,fit
1246,fit
1247,fit
1248,fit
1249,test
1250,test
1251,fit
1252,test
1253,calibration
1254,fit
1255,fit
1256,test
1257,fit
1258,fit
1259,test
1260,calibration
1261,fit
1262,fit
1263,fit
1264,fit
1265,fit
1266,fit
1267,calibration
1268,test
1269,fit
1270,fit
1271,fit
1272,calibration
1273,fit
1274,calibration
1275,fit
1276,calibration
1277,fit
1278,fit
1279,fit
1280,test
1281,calibration
1282,test
1283,fit
1284,fit
1285,fit
1286,calibration
1287,fit
1288,fit
1289,fit
1290,fit
1291,fit
1292,calibration
1293,fit
1294,fit
1295,fit
1296,fit
1297,test
1298,fit
1299,test
1300,calibration
1301,fit
1302,test
1303,fit
1304,fit
1305,calibration
1306,fit
1307,fit
1308,test
1309,calibration
1310,fit
1311,fit
1312,fit
1313,test
1314,fit
1315,fit
1316,fit
1317,fit
1318,fit
1319,fit
1320,fit
1321,calibration
1322,fit
1323,fit
1324,calibration
1325,fit
1326,test
1327,calibration
1328,fit
1329,test
1330,fit
1331,fit
1332,fit
1333,fit
1334,fit
1335,fit
1336,fit
1337,calibration
1338,fit
1339,fit
1340,fit
1341,fit
1342,fit
1343,fit
1344,fit
1345,fit
1346,fit
1347,calibration
1348,fit
1349,test
1350,fit
1351,fit
1352,test
1353,test
1354,fit
1355,test
1356,fit
1357,calibration
1358,calibration
1359,test
1360,fit
1361,fit
1362,fit
1363,fit
1364,calibration
1365,fit
1366,fit
1367,fit
1368,fit
1369,fit
1370,fit
1371,test
1372,fit
1373,fit
1374,test
1375,calibration
1376,calibration
1377,fit
1378,fit
1379,calibration
1380,fit
1381,test
1382,fit
1383,calibration
1384,fit
1385,calibration
1386,test
1387,fit
1388,test
1389,calibration
1390,fit
1391,test
1392,calibration
1393,fit
1394,test
1395,calibration
1396,calibration
1397,fit
1398,fit
1399,calibration
1400,fit
1401,fit
1402,test
1403,test
1404,fit
1405,fit
1406,test
1407,fit
1408,fit
1409,calibration
1410,fit
1411,fit
1412,calibration
1413,test
1414,fit
1415,fit
1416,fit
1417,fit
1418,fit
1419,fit
1420,fit
1421,fit
1422,fit
1423,test
1424,fit
1425,test
1426,fit
1427,fit
1428,fit
1429,test
1430,test
1431,fit
1432,fit
1433,fit
1434,test
1435,test
1436,calibration
1437,fit
1438,calibration
1439,fit
1440,fit
1441,fit
1442,fit
1443,calibration
1444,test
1445,test
1446,fit
1447,test
1448,calibration
1449,test
1450,calibration
1451,fit
1452,calibration
1453,calibration
1454,fit
1455,fit
1456,calibration
1457,calibration
1458,fit
1459,test
1460,calibration
1461,calibration
1462,fit
1463,fit
1464,fit
1465,fit
1466,test
1467,test
1468,fit
1469,test
1470,test
1471,test
1472,fit
1473,fit
1474,calibration
1475,fit
1476,fit
1477,fit
1478,test
1479,test
1480,calibration
1481,test
1482,fit
1483,test
1484,calibration
1485,test
1486,fit
1487,fit
1488,fit
1489,test
1490,fit
1491,fit
1492,fit
1493,test
1494,test
1495,fit
1496,test
1497,fit
1498,test
1499,fit
1500,fit
1501,fit
1502,test
1503,fit
1504,fit
1505,calibration
1506,fit
1507,fit
1508,fit
1509,fit
1510,fit
1511,fit
1512,fit
1513,fit
1514,test
1515,fit
1516,fit
1517,fit
1518,test
1519,test
1520,fit
1521,fit
1522,fit
1523,test
1524,fit
1525,fit
1526,fit
1527,fit
1528,fit
1529,fit
1530,fit
1531,fit
1532,test
1533,fit
1534,fit
1535,fit
1536,test
1537,calibration
1538,calibration
1539,fit
1540,calibration
1541,calibration
1542,fit
1543,test
1544,test
1545,fit
1546,fit
1547,fit
1548,fit
1549,calibration
1550,fit
1551,fit
1552,fit
1553,calibration
1554,fit
1555,fit
1556,fit
1557,test
1558,fit
1559,fit
1560,calibration
1561,calibration
1562,fit
1563,test
1564,fit
1565,fit
1566,calibration
1567,fit
1568,test
1569,calibration
1570,calibration
1571,test
1572,fit
1573,fit
1574,test
1575,fit
1576,test
1577,test
1578,test
1579,fit
1580,fit
1581,fit
1582,calibration
1583,fit
1584,test
1585,test
1586,fit
1587,fit
1588,calibration
1589,calibration
1590,fit
1591,fit
1592,fit
1593,test
1594,test
1595,calibration
1596,calibration
1597,test
1598,test
1599,fit
1600,fit
1601,fit
1602,fit
1603,test
1604,test
1605,fit
1606,fit
1607,test
1608,fit
1609,fit
1610,fit
1611,fit
1612,fit
1613,calibration
1614,test
1615,fit
1616,test
1617,test
1618,calibration
1619,test
1620,fit
1621,fit
1622,fit
1623,test
1624,test
1625,fit
1626,fit
1627,fit
1628,fit
1629,fit
1630,fit
1631,test
1632,fit
1633,fit
1634,fit
1635,fit
1636,fit
1637,calibration
1638,fit
1639,test
1640,fit
1641,fit
1642,fit
1643,calibration
1644,fit
1645,fit
1646,fit
1647,fit
1648,test
1649,test
1650,calibration
1651,fit
1652,fit
1653,fit
1654,test
1655,fit
1656,fit
1657,calibration
1658,calibration
1659,test
1660,fit
1661,test
1662,fit
1663,fit
1664,fit
1665,fit
1666,test
1667,calibration
1668,fit
1669,fit
1670,fit
1671,fit
1672,fit
1673,fit
1674,calibration
1675,calibration
1676,fit
1677,fit
1678,test
1679,fit
1680,calibration
1681,test
1682,test
1683,test
1684,fit
1685,fit
1686,fit
1687,fit
1688,calibration
1689,fit
1690,test
1691,fit
1692,test
1693,calibration
1694,fit
1695,test
1696,fit
1697,fit
1698,test
1699,fit
1700,calibration
1701,fit
1702,fit
1703,fit
1704,fit
1705,fit
1706,fit
1707,calibration
1708,fit
1709,fit
1710,fit
1711,fit
1712,fit
1713,fit
1714,fit
1715,calibration
1716,fit
1717,test
1718,fit
1719,test
1720,fit
1721,fit
1722,fit
1723,fit
1724,calibration
1725,calibration
1726,fit
1727,test
1728,fit
1729,calibration
1730,calibration
1731,fit
1732,fit
1733,fit
1734,fit
1735,test
1736,fit
1737,test
1738,fit
1739,test
1740,fit
1741,fit
1742,fit
1743,fit
1744,fit
1745,test
1746,test
1747,fit
1748,calibration
1749,test
1750,fit
1751,fit
1752,calibration
1753,fit
1754,test
1755,fit
1756,fit
1757,calibration
1758,fit
1759,calibration
1760,test
1761,fit
1762,fit
1763,fit
1764,fit
1765,fit
1766,calibration
1767,fit
1768,calibration
1769,fit
1770,test
1771,fit
1772,test
1773,fit
1774,test
1775,calibration
1776,calibration
1777,fit
1778,calibration
1779,fit
1780,fit
1781,fit
1782,test
1783,fit
1784,fit
1785,test
1786,test
1787,fit
1788,fit
1789,fit
1790,fit
1791,fit
1792,fit
1793,calibration
1794,fit
1795,fit
1796,test
1797,fit
1798,fit
1799,fit
1800,calibration
1801,calibration
1802,fit
1803,fit
1804,test
1805,fit
1806,test
1807,calibration
1808,fit
1809,calibration
1810,fit
1811,fit
1812,fit
1813,fit
1814,fit
1815,calibration
1816,fit
1817,fit
1818,fit
1819,test
1820,fit
1821,fit
1822,fit
1823,fit
1824,fit
1825,calibration
1826,test
1827,fit
1828,test
1829,fit
1830,test
1831,calibration
1832,calibration
1833,fit
1834,calibration
1835,test
1836,calibration
1837,fit
1838,fit
1839,calibration
1840,calibration
1841,test
1842,calibration
1843,test
1844,calibration
1845,fit
1846,calibration
1847,fit
1848,fit
1849,fit
1850,fit
1851,fit
1852,test
1853,fit
1854,fit
1855,fit
1856,fit
1857,fit
1858,fit
1859,test
1860,fit
1861,calibration
1862,fit
1863,fit
1864,fit
1865,fit
1866,fit
1867,fit
1868,fit
1869,fit
1870,fit
1871,test
1872,fit
1873,test
1874,test
1875,fit
1876,fit
1877,fit
1878,test
1879,fit
1880,calibration
1881,test
1882,fit
1883,test
1884,test
1885,fit
1886,fit
1887,fit
1888,fit
1889,fit
1890,fit
1891,fit
1892,fit
1893,test
1894,fit
1895,fit
1896,fit
1897,fit
1898,fit
1899,test
1900,test
1901,test
1902,test
1903,calibration
1904,test
1905,test
1906,fit
1907,fit
1908,fit
1909,calibration
1910,calibration
1911,calibration
1912,fit
1913,fit
1914,test
1915,fit
1916,fit
1917,fit
1918,fit
1919,fit
1920,calibration
1921,fit
1922,calibration
1923,fit
1924,calibration
1925,fit
1926,test
1927,fit
1928,fit
1929,test
1930,calibration
1931,fit
1932,fit
1933,calibration
1934,fit
1935,fit
1936,fit
1937,fit
1938,fit
1939,fit
1940,test
1941,fit
1942,fit
1943,calibration
1944,test
1945,calibration
1946,test
1947,fit
1948,fit
1949,calibration
1950,fit
1951,test
1952,fit
1953,calibration
1954,fit
1955,fit
1956,fit
1957,fit
1958,fit
1959,fit
1960,fit
1961,test
1962,fit
1963,fit
1964,fit
1965,test
1966,test
1967,fit
1968,test
1969,fit
1970,fit
1971,calibration
1972,fit
1973,test
1974,test
1975,fit
1976,fit
1977,test
1978,fit
1979,test
1980,test
1981,test
1982,calibration
1983,fit
1984,fit
1985,fit
1986,fit
1987,fit
1988,fit
1989,test
1990,fit
1991,fit
1992,fit
1993,calibration
1994,fit
1995,fit
1996,fit
1997,fit
1998,calibration
1999,calibration
2000,test
2001,calibration
2002,fit
2003,test
2004,fit
2005,fit
2006,calibration
2007,test
2008,fit
2009,test
2010,fit
2011,fit
2012,fit
2013,test
2014,calibration
2015,fit
2016,test
2017,calibration
2018,fit
2019,calibration
2020,fit
2021,fit
2022,test
2023,calibration
2024,fit
2025,test
2026,test
2027,fit
2028,fit
2029,fit
2030,fit
2031,test
2032,calibration
2033,fit
2034,fit
2035,calibration
2036,calibration
2037,test
2038,fit
2039,fit
2040,calibration
2041,fit
2042,test
2043,calibration
2044,fit
2045,test
2046,fit
2047,fit
2048,fit
2049,test
2050,fit
2051,calibration
2052,fit
2053,calibration
2054,fit
2055,fit
2056,calibration
2057,calibration
2058,calibration
2059,fit
2060,calibration
2061,test
2062,fit
2063,test
2064,test
2065,calibration
2066,calibration
2067,fit
2068,calibration
2069,test
2070,fit
2071,fit
2072,fit
2073,fit
2074,fit
2075,calibration
2076,calibration
2077,fit
2078,test
2079,fit
2080,fit
2081,fit
2082,calibration
2083,fit
2084,fit
2085,fit
2086,calibration
2087,fit
2088,test
2089,calibration
2090,fit
2091,test
2092,calibration
2093,fit
2094,fit
2095,test
2096,calibration
2097,test
2098,fit
2099,fit
2100,fit
2101,fit
2102,calibration
2103,fit
2104,fit
2105,test
2106,fit
2107,fit
2108,fit
2109,calibration
2110,test
2111,test
2112,calibration
2113,calibration
2114,fit
2115,test
2116,test
2117,test
2118,fit
2119,fit
2120,fit
2121,calibration
2122,test
2123,fit
2124,calibration
2125,fit
2126,fit
2127,fit
2128,calibration
2129,test
2130,calibration
2131,calibration
2132,test
2133,fit
2134,calibration
2135,calibration
2136,fit
2137,calibration
2138,calibration
2139,fit
2140,fit
2141,test
2142,calibration
2143,fit
2144,fit
2145,calibration
2146,fit
2147,calibration
2148,test
2149,calibration
2150,fit
2151,calibration
2152,test
2153,test
2154,fit
2155,fit
2156,fit
2157,fit
2158,fit
2159,calibration
2160,fit
2161,fit
2162,calibration
2163,fit
2164,calibration
2165,fit
2166,test
2167,test
2168,test
2169,fit
2170,fit
2171,test
2172,test
2173,fit
2174,fit
2175,fit
2176,calibration
2177,fit
2178,test
2179,fit
2180,fit
2181,fit
2182,fit
2183,test
2184,fit
2185,test
2186,calibration
2187,calibration
2188,fit
2189,fit
2190,fit
2191,fit
2192,fit
2193,fit
2194,fit
2195,fit
2196,fit
2197,fit
2198,calibration
2199,fit
2200,test
2201,fit
2202,calibration
2203,calibration
2204,fit
2205,calibration
2206,fit
2207,fit
2208,fit
2209,test
2210,fit
2211,calibration
2212,calibration
2213,fit
2214,calibration
2215,fit
2216,fit
2217,fit
2218,fit
2219,fit
2220,calibration
2221,fit
2222,fit
2223,fit
2224,fit
2225,fit
2226,test
2227,fit
2228,fit
2229,fit
2230,fit
2231,fit
2232,fit
2233,fit
2234,fit
2235,fit
2236,fit
2237,fit
2238,test
2239,fit
2240,fit
2241,test
2242,calibration
2243,fit
2244,fit
2245,fit
2246,fit
2247,test
2248,fit
2249,fit
2250,fit
2251,fit
2252,calibration
2253,fit
2254,calibration
2255,fit
2256,test
2257,fit
2258,test
2259,fit
2260,fit
2261,calibration
2262,fit
2263,fit
2264,test
2265,fit
2266,fit
2267,fit
2268,fit
2269,fit
2270,fit
2271,fit
2272,calibration
2273,test
2274,calibration
2275,test
2276,test
2277,calibration
2278,test
2279,fit
2280,fit
2281,fit
2282,fit
2283,fit
2284,test
2285,test
2286,fit
2287,fit
2288,calibration
2289,calibration
2290,test
2291,test
2292,calibration
2293,fit
2294,fit
2295,calibration
2296,test
2297,test
2298,fit
2299,fit
2300,test
2301,test
2302,fit
2303,fit
2304,test
2305,calibration
2306,fit
2307,calibration
2308,fit
2309,fit
2310,calibration
2311,calibration
2312,test
2313,fit
2314,fit
2315,calibration
2316,fit
2317,test
2318,calibration
2319,calibration
2320,fit
2321,fit
2322,fit
2323,fit
2324,fit
2325,fit
2326,fit
2327,test
2328,fit
2329,fit
2330,test
2331,test
2332,fit
2333,fit
2334,fit
2335,fit
2336,fit
2337,calibration
2338,fit
2339,fit
2340,fit
2341,test
2342,test
2343,test
2344,calibration
2345,fit
2346,fit
2347,test
2348,fit
2349,fit
2350,calibration
2351,test
2352,fit
2353,calibration
2354,calibration
2355,fit
2356,test
2357,fit
2358,calibration
2359,fit
2360,fit
2361,fit
2362,fit
2363,test
2364,fit
2365,fit
2366,calibration
2367,test
2368,test
2369,fit
2370,fit
2371,fit
2372,calibration
2373,fit
2374,fit
2375,calibration
2376,test
2377,fit
2378,calibration
2379,fit
2380,fit
2381,fit
2382,test
2383,test
2384,fit
2385,test
2386,test
2387,fit
2388,fit
2389,calibration
2390,fit
2391,fit
2392,fit
2393,test
2394,fit
2395,fit
2396,fit
2397,fit
2398,test
2399,fit
2400,test
2401,fit
2402,fit
2403,test
2404,test
2405,calibration
2406,fit
2407,calibration
2408,calibration
2409,test
2410,fit
2411,test
2412,test
2413,calibration
2414,calibration
2415,calibration
2416,fit
2417,fit
2418,fit
2419,fit
2420,test
2421,fit
2422,calibration
2423,fit
2424,fit
2425,fit
2426,fit
2427,fit
2428,fit
2429,calibration
2430,fit
2431,test
2432,test
2433,test
2434,fit
2435,fit
2436,fit
2437,fit
2438,fit
2439,fit
2440,fit
2441,test
2442,test
2443,fit
2444,fit
2445,fit
2446,fit
2447,fit
2448,fit
2449,fit
2450,fit
2451,fit
2452,test
2453,fit
2454,calibration
2455,test
2456,fit
2457,fit
2458,fit
2459,test
2460,fit
2461,calibration
2462,test
2463,fit
2464,calibration
2465,fit
2466,calibration
2467,calibration
2468,fit
2469,fit
2470,fit
2471,fit
2472,fit
2473,fit
2474,fit
2475,fit
2476,fit
2477,fit
2478,fit
2479,calibration
2480,calibration
2481,calibration
2482,fit
2483,calibration
2484,calibration
2485,fit
2486,test
2487,calibration
2488,fit
2489,fit
2490,calibration
2491,fit
2492,fit
2493,calibration
2494,calibration
2495,test
2496,fit
2497,test
2498,fit
2499,fit
2500,test
2501,fit
2502,fit
2503,fit
2504,calibration
2505,calibration
2506,fit
2507,fit
2508,calibration
2509,calibration
2510,fit
2511,calibration
2512,fit
2513,fit
2514,calibration
2515,fit
2516,fit
2517,calibration
2518,test
2519,test
2520,fit
2521,fit
2522,fit
2523,test
2524,test
2525,calibration
2526,fit
2527,fit
2528,fit
2529,fit
2530,fit
2531,fit
2532,fit
2533,fit
2534,fit
2535,fit
2536,test
2537,test
2538,fit
2539,test
2540,fit
2541,calibration
2542,fit
2543,fit
2544,test
2545,fit
2546,fit
2547,test
2548,fit
2549,fit
2550,fit
2551,fit
2552,fit
2553,test
2554,fit
2555,fit
2556,test
2557,fit
2558,fit
2559,fit
2560,calibration
2561,calibration
2562,fit
2563,calibration
2564,fit
2565,fit
2566,fit
2567,fit
2568,calibration
2569,fit
2570,fit
2571,fit
2572,fit
2573,fit
2574,test
2575,fit
2576,fit
2577,test
2578,fit
2579,calibration
2580,fit
2581,fit
2582,fit
2583,fit
2584,fit
2585,fit
2586,fit
2587,test
2588,fit
2589,fit
2590,fit
2591,fit
2592,test
2593,fit
2594,fit
2595,fit
2596,test
2597,fit
2598,fit
2599,test
2600,calibration
2601,fit
2602,fit
2603,calibration
2604,fit
2605,test
2606,test
2607,fit
2608,test
2609,fit
2610,fit
2611,test
2612,test
2613,fit
2614,fit
2615,calibration
2616,calibration
2617,test
2618,calibration
2619,fit
2620,fit
2621,test
2622,fit
2623,fit
2624,calibration
2625,test
2626,fit
2627,fit
2628,calibration
2629,test
2630,test
2631,fit
2632,fit
2633,fit
2634,test
2635,test
2636,fit
2637,fit
2638,fit
2639,fit
2640,fit
2641,fit
2642,calibration
2643,test
2644,test
2645,test
2646,fit
2647,fit
2648,fit
2649,fit
2650,fit
2651,fit
2652,fit
2653,fit
2654,calibration
2655,fit
2656,fit
2657,fit
2658,fit
2659,fit
2660,calibration
2661,test
2662,calibration
2663,fit
2664,test
2665,test
2666,test
2667,test
2668,fit
2669,fit
2670,fit
2671,calibration
2672,calibration
2673,fit
2674,fit
2675,test
2676,fit
2677,calibration
2678,fit
2679,fit
2680,test
2681,fit
2682,fit
2683,test
2684,calibration
2685,fit
2686,fit
2687,fit
2688,test
2689,fit
2690,calibration
2691,fit
2692,calibration
2693,fit
2694,calibration
2695,fit
2696,fit
2697,fit
2698,fit
2699,calibration
2700,fit
2701,calibration
2702,calibration
2703,test
2704,fit
2705,fit
2706,calibration
2707,fit
2708,fit
2709,fit
2710,fit
2711,fit
2712,fit
2713,calibration
2714,fit
2715,test
2716,fit
2717,calibration
2718,calibration
2719,test
2720,fit
2721,fit
2722,fit
2723,calibration
2724,test
2725,fit
2726,calibration
2727,fit
2728,calibration
2729,fit
2730,calibration
2731,fit
2732,calibration
2733,fit
2734,test
2735,fit
2736,test
2737,fit
2738,fit
2739,calibration
2740,fit
2741,fit
2742,test
2743,fit
2744,fit
2745,fit
2746,test
2747,test
2748,fit
2749,test
2750,fit
2751,fit
2752,fit
2753,fit
2754,calibration
2755,calibration
2756,calibration
2757,test
2758,fit
2759,calibration
2760,test
2761,test
2762,fit
2763,test
2764,test
2765,fit
2766,fit
2767,calibration
2768,fit
2769,test
2770,fit
2771,fit
2772,fit
2773,fit
2774,fit
2775,fit
2776,fit
2777,fit
2778,calibration
2779,fit
2780,fit
2781,test
2782,calibration
2783,fit
2784,calibration
2785,fit
2786,fit
2787,fit
2788,calibration
2789,fit
2790,calibration
2791,test
2792,test
2793,calibration
2794,test
2795,test
2796,fit
2797,calibration
2798,fit
2799,fit
2800,calibration
2801,fit
2802,fit
2803,test
2804,calibration
2805,fit
2806,fit
2807,fit
2808,calibration
2809,fit
2810,calibration
2811,calibration
2812,fit
2813,calibration
2814,test
2815,test
2816,test
2817,fit
2818,test
2819,calibration
2820,fit
2821,fit
2822,fit
2823,test
2824,fit
2825,calibration
2826,calibration
2827,fit
2828,test
2829,test
2830,test
2831,test
2832,test
2833,calibration
2834,fit
2835,fit
2836,calibration
2837,calibration
2838,fit
2839,fit
2840,fit
2841,fit
2842,test
2843,fit
2844,fit
2845,fit
2846,test
2847,fit
2848,fit
2849,fit
2850,fit
2851,fit
2852,fit
2853,fit
2854,calibration
2855,fit
2856,test
2857,fit
2858,test
2859,fit
2860,test
2861,fit
2862,fit
2863,test
2864,fit
2865,fit
2866,test
2867,test
2868,fit
2869,fit
2870,calibration
2871,fit
2872,calibration
2873,fit
2874,fit
2875,test
2876,test
2877,fit
2878,fit
2879,test
2880,fit
2881,calibration
2882,fit
2883,calibration
2884,test
2885,test
2886,fit
2887,calibration
2888,test
2889,fit
2890,calibration
2891,fit
2892,fit
2893,fit
2894,fit
2895,fit
2896,fit
2897,fit
2898,test
2899,fit
2900,test
2901,fit
2902,fit
2903,fit
2904,calibration
2905,calibration
2906,fit
2907,calibration
2908,fit
2909,calibration
2910,calibration
2911,fit
2912,fit
2913,test
2914,test
2915,fit
2916,fit
2917,fit
2918,fit
2919,fit
2920,fit
2921,fit
2922,calibration
2923,calibration
2924,test
2925,fit
2926,test
2927,fit
2928,test
2929,test
2930,fit
2931,fit
2932,test
2933,test
2934,calibration
2935,fit
2936,test
2937,fit
2938,fit
2939,fit
2940,test
2941,test
2942,fit
2943,fit
2944,test
2945,fit
2946,test
2947,fit
2948,fit
2949,fit
2950,fit
2951,calibration
2952,fit
2953,fit
2954,fit
2955,fit
2956,fit
2957,fit
2958,fit
2959,test
2960,fit
2961,test
2962,calibration
2963,fit
2964,calibration
2965,fit
2966,fit
2967,fit
2968,test
2969,calibration
2970,fit
2971,fit
2972,fit
2973,fit
2974,fit
2975,fit
2976,test
2977,fit
2978,test
2979,test
2980,fit
2981,fit
2982,fit
2983,fit
2984,test
2985,fit
2986,fit
2987,fit
2988,fit
2989,test
2990,test
2991,fit
2992,fit
2993,calibration
2994,fit
2995,test
2996,fit
2997,fit
2998,fit
2999,fit
3000,fit
3001,fit
3002,test
3003,fit
3004,fit
3005,test
3006,fit
3007,fit
3008,fit
3009,fit
3010,calibration
3011,fit
3012,test
3013,test
3014,fit
3015,fit
3016,test
3017,calibration
3018,test
3019,fit
3020,fit
3021,test
3022,test
3023,calibration
3024,test
3025,fit
3026,fit
3027,fit
3028,test
3029,fit
3030,fit
3031,fit
3032,fit
3033,calibration
3034,fit
3035,fit
3036,fit
3037,fit
3038,calibration
3039,fit
3040,test
3041,calibration
3042,calibration
3043,fit
3044,test
3045,test
3046,fit
3047,fit
3048,fit
3049,test
3050,test
3051,calibration
3052,fit
3053,calibration
3054,calibration
3055,fit
3056,fit
3057,fit
3058,fit
3059,fit
3060,fit
3061,test
3062,calibration
3063,fit
3064,fit
3065,test
3066,test
3067,calibration
3068,test
3069,fit
3070,test
3071,fit
3072,fit
3073,calibration
3074,fit
3075,fit
3076,test
3077,calibration
3078,test
3079,test
3080,fit
3081,fit
3082,test
3083,fit
3084,calibration
3085,fit
3086,test
3087,calibration
3088,test
3089,fit
3090,test
3091,fit
3092,fit
3093,test
3094,fit
3095,fit
3096,calibration
3097,calibration
3098,test
3099,fit
3100,fit
3101,fit
3102,test
3103,calibration
3104,fit
3105,fit
3106,calibration
3107,fit
3108,calibration
3109,fit
3110,fit
3111,fit
3112,test
3113,fit
3114,fit
3115,fit
3116,fit
3117,fit
3118,test
3119,fit
3120,fit
3121,fit
3122,fit
3123,fit
3124,fit
3125,fit
3126,fit
3127,fit
3128,test
3129,fit
3130,fit
3131,fit
3132,fit
3133,fit
3134,test
3135,fit
3136,fit
3137,fit
3138,test
3139,fit
3140,fit
3141,fit
3142,fit
3143,test
3144,fit
3145,calibration
3146,calibration
3147,calibration
3148,fit
3149,fit
3150,fit
3151,fit
3152,calibration
3153,test
3154,test
3155,fit
3156,fit
3157,fit
3158,calibration
3159,fit
3160,fit
3161,fit
3162,fit
3163,fit
3164,fit
3165,fit
3166,test
3167,fit
3168,fit
3169,fit
3170,fit
3171,calibration
3172,calibration
3173,fit
3174,calibration
3175,test
3176,fit
3177,fit
3178,test
3179,fit
3180,test
3181,calibration
3182,calibration
3183,fit
3184,fit
3185,fit
3186,fit
3187,fit
3188,calibration
3189,fit
3190,fit
3191,fit
3192,fit
3193,fit
3194,calibration
3195,fit
3196,fit
3197,fit
3198,fit
3199,fit
3200,fit
3201,test
3202,calibration
3203,fit
3204,calibration
3205,fit
3206,test
3207,fit
3208,test
3209,test
3210,test
3211,calibration
3212,fit
3213,fit
3214,fit
3215,test
3216,fit
3217,fit
3218,fit
3219,test
3220,fit
3221,test
3222,calibration
3223,fit
3224,fit
3225,fit
3226,fit
3227,calibration
3228,fit
3229,fit
3230,test
3231,test
3232,test
3233,test
3234,fit
3235,fit
3236,fit
3237,fit
3238,test
3239,fit
3240,calibration
3241,test
3242,fit
3243,fit
3244,fit
3245,fit
3246,fit
3247,fit
3248,calibration
3249,calibration
3250,calibration
3251,fit
3252,fit
3253,calibration
3254,calibration
3255,fit
3256,test
3257,test
3258,calibration
3259,calibration
3260,fit
3261,fit
3262,test
3263,test
3264,fit
3265,fit
3266,fit
3267,fit
3268,fit
3269,fit
3270,fit
3271,calibration
3272,test
3273,calibration
3274,fit
3275,fit
3276,calibration
3277,fit
3278,test
3279,fit
3280,fit
3281,fit
3282,test
3283,fit
3284,fit
3285,fit
3286,test
3287,fit
3288,fit
3289,fit
3290,fit
3291,fit
3292,fit
3293,calibration
3294,fit
3295,fit
3296,test
3297,calibration
3298,fit
3299,fit
3300,calibration
3301,fit
3302,fit
3303,fit
3304,calibration
3305,fit
3306,fit
3307,fit
3308,calibration
3309,fit
3310,test
3311,fit
3312,fit
3313,calibration
3314,fit
3315,fit
3316,fit
3317,calibration
3318,calibration
3319,fit
3320,fit
3321,test
3322,test
3323,test
3324,test
3325,fit
3326,fit
3327,fit
3328,fit
3329,fit
3330,fit
3331,fit
3332,calibration
3333,calibration
3334,fit
3335,test
3336,fit
3337,calibration
3338,fit
3339,test
3340,test
3341,test
3342,calibration
3343,fit
3344,fit
3345,fit
3346,fit
3347,fit
3348,calibration
3349,calibration
3350,fit
3351,fit
3352,fit
3353,calibration
3354,fit
3355,fit
3356,test
3357,fit
3358,test
3359,calibration
3360,calibration
3361,fit
3362,test
3363,fit
3364,calibration
3365,calibration
3366,test
3367,calibration
3368,fit
3369,calibration
3370,fit
3371,test
3372,fit
3373,test
3374,test
3375,fit
3376,fit
3377,fit
3378,fit
3379,fit
3380,test
3381,test
3382,calibration
3383,test
3384,test
3385,fit
3386,fit
3387,calibration
3388,calibration
3389,fit
3390,fit
3391,fit
3392,fit
3393,fit
3394,fit
3395,fit
3396,test
3397,test
3398,test
3399,fit
3400,fit
3401,fit
3402,calibration
3403,test
3404,calibration
3405,test
3406,calibration
3407,calibration
3408,fit
3409,fit
3410,fit
3411,calibration
3412,calibration
3413,fit
3414,fit
3415,fit
3416,test
3417,fit
3418,fit
3419,calibration
3420,fit
3421,fit
3422,fit
3423,fit
3424,fit
3425,test
3426,test
3427,calibration
3428,test
3429,test
3430,fit
3431,calibration
3432,fit
3433,fit
3434,fit
3435,test
3436,test
3437,fit
3438,fit
3439,fit
3440,fit
3441,fit
3442,fit
3443,fit
3444,fit
3445,fit
3446,calibration
3447,calibration
3448,test
3449,calibration
3450,fit
3451,fit
3452,fit
3453,fit
3454,test
3455,fit
3456,calibration
3457,calibration
3458,fit
3459,test
3460,fit
3461,fit
3462,fit
3463,test
3464,test
3465,fit
3466,fit
3467,fit
3468,fit
3469,fit
3470,fit
3471,fit
3472,fit
3473,fit
3474,fit
3475,fit
3476,fit
3477,fit
3478,fit
3479,calibration
3480,test
3481,calibration
3482,calibration
3483,fit
3484,fit
3485,fit
3486,fit
3487,calibration
3488,fit
3489,test
3490,calibration
3491,fit
3492,calibration
3493,fit
3494,fit
3495,calibration
3496,fit
3497,fit
3498,test
3499,fit
3500,calibration
3501,fit
3502,calibration
3503,fit
3504,fit
3505,calibration
3506,calibration
3507,fit
3508,fit
3509,calibration
3510,test
3511,fit
3512,calibration
3513,fit
3514,calibration
3515,fit
3516,fit
3517,calibration
3518,calibration
3519,calibration
3520,fit
3521,fit
3522,fit
3523,calibration
3524,fit
3525,fit
3526,test
3527,fit
3528,test
3529,fit
3530,test
3531,test
3532,fit
3533,fit
3534,fit
3535,fit
3536,fit
3537,fit
3538,calibration
3539,fit
3540,fit
3541,fit
3542,fit
3543,fit
3544,fit
3545,calibration
3546,test
3547,calibration
3548,fit
3549,fit
3550,calibration
3551,fit
3552,fit
3553,test
3554,test
3555,fit
3556,test
3557,calibration
3558,fit
3559,fit
3560,fit
3561,fit
3562,fit
3563,fit
3564,test
3565,calibration
3566,fit
3567,fit
3568,calibration
3569,fit
3570,fit
3571,fit
3572,fit
3573,fit
3574,calibration
3575,fit
3576,fit
3577,calibration
3578,fit
3579,test
3580,calibration
3581,fit
3582,fit
3583,calibration
3584,fit
3585,test
3586,calibration
3587,test
3588,fit
3589,fit
3590,fit
3591,fit
3592,calibration
3593,calibration
3594,fit
3595,test
3596,fit
3597,fit
3598,fit
3599,fit
3600,calibration
3601,fit
3602,calibration
3603,fit
3604,fit
3605,fit
3606,calibration
3607,calibration
3608,test
3609,test
3610,test
3611,calibration
3612,test
3613,fit
3614,fit
3615,fit
3616,fit
3617,fit
3618,calibration
3619,calibration
3620,fit
3621,fit
3622,calibration
3623,calibration
3624,fit
3625,test
3626,fit
3627,fit
3628,fit
3629,test
3630,calibration
3631,fit
3632,fit
3633,calibration
3634,calibration
3635,fit
3636,calibration
3637,fit
3638,fit
3639,test
3640,fit
3641,fit
3642,fit
3643,calibration
3644,fit
3645,fit
3646,fit
3647,fit
3648,fit
3649,fit
3650,test
3651,test
3652,fit
3653,fit
3654,fit
3655,fit
3656,fit
3657,fit
3658,test
3659,fit
3660,test
3661,fit
3662,calibration
3663,fit
3664,fit
3665,test
3666,calibration
3667,fit
3668,test
3669,calibration
3670,calibration
3671,test
3672,calibration
3673,calibration
3674,test
3675,test
3676,fit
3677,calibration
3678,test
3679,fit
3680,fit
3681,fit
3682,fit
3683,fit
3684,test
3685,fit
3686,fit
3687,fit
3688,fit
3689,calibration
3690,calibration
3691,fit
3692,test
3693,test
3694,fit
3695,fit
3696,fit
3697,fit
3698,calibration
3699,calibration
3700,fit
3701,fit
3702,fit
3703,fit
3704,fit
3705,test
3706,fit
3707,fit
3708,fit
3709,test
3710,calibration
3711,fit
3712,calibration
3713,fit
3714,fit
3715,fit
3716,calibration
3717,fit
3718,calibration
3719,test
3720,fit
3721,fit
3722,calibration
3723,fit
3724,test
3725,fit
3726,test
3727,fit
3728,test
3729,fit
3730,calibration
3731,calibration
3732,test
3733,test
3734,fit
3735,test
3736,fit
3737,test
3738,fit
3739,fit
3740,fit
3741,fit
3742,fit
3743,fit
3744,fit
3745,fit
3746,fit
3747,fit
3748,fit
3749,fit
3750,test
3751,fit
3752,calibration
3753,fit
3754,fit
3755,calibration
3756,fit
3757,fit
3758,test
3759,calibration
3760,calibration
3761,fit
3762,fit
3763,calibration
3764,fit
3765,calibration
3766,fit
3767,fit
3768,test
3769,fit
3770,calibration
3771,fit
3772,test
3773,calibration
3774,fit
3775,test
3776,fit
3777,fit
3778,fit
3779,fit
3780,test
3781,fit
3782,fit
3783,fit
3784,fit
3785,calibration
3786,fit
3787,calibration
3788,fit
3789,fit
3790,calibration
3791,fit
3792,test
3793,calibration
3794,fit
3795,calibration
3796,fit
3797,calibration
3798,test
3799,test
3800,calibration
3801,fit
3802,fit
3803,test
3804,fit
3805,fit
3806,fit
3807,fit
3808,calibration
3809,calibration
3810,fit
3811,fit
3812,calibration
3813,calibration
3814,fit
3815,test
3816,fit
3817,fit
3818,fit
3819,fit
3820,fit
3821,fit
3822,fit
3823,fit
3824,fit
3825,calibration
3826,calibration
3827,fit
3828,fit
3829,fit
3830,test
3831,fit
3832,fit
3833,fit
3834,fit
3835,fit
3836,fit
3837,fit
3838,fit
3839,fit
3840,fit
3841,fit
3842,fit
3843,fit
3844,calibration
3845,fit
3846,test
3847,calibration
3848,test
3849,fit
3850,fit
3851,fit
3852,fit
3853,fit
3854,fit
3855,fit
3856,calibration
3857,calibration
3858,fit
3859,fit
3860,fit
3861,fit
3862,fit
3863,test
3864,fit
3865,fit
3866,fit
3867,fit
3868,calibration
3869,fit
3870,fit
3871,test
3872,test
3873,calibration
3874,fit
3875,test
3876,calibration
3877,calibration
3878,calibration
3879,fit
3880,test
3881,fit
3882,fit
3883,test
3884,fit
3885,fit
3886,fit
3887,fit
3888,fit
3889,test
3890,fit
3891,fit
3892,fit
3893,calibration
3894,fit
3895,fit
3896,fit
3897,calibration
3898,fit
3899,test
3900,fit
3901,fit
3902,fit
3903,fit
3904,fit
3905,test
3906,calibration
3907,fit
3908,fit
3909,fit
3910,fit
3911,fit
3912,calibration
3913,fit
3914,calibration
3915,fit
3916,fit
3917,fit
3918,fit
3919,fit
3920,fit
3921,fit
3922,fit
3923,fit
3924,test
3925,fit
3926,test
3927,fit
3928,fit
3929,calibration
3930,calibration
3931,calibration
3932,test
3933,calibration
3934,test
3935,fit
3936,fit
3937,test
3938,test
3939,fit
3940,fit
3941,fit
3942,fit
3943,calibration
3944,fit
3945,fit
3946,calibration
3947,calibration
3948,fit
3949,fit
3950,fit
3951,test
3952,test
3953,test
3954,calibration
3955,fit
3956,calibration
3957,calibration
3958,test
3959,fit
3960,calibration
3961,fit
3962,test
3963,fit
3964,fit
3965,fit
3966,fit
3967,fit
3968,fit
3969,calibration
3970,test
3971,fit
3972,fit
3973,fit
3974,test
3975,fit
3976,fit
3977,calibration
3978,fit
3979,fit
3980,test
3981,fit
3982,fit
3983,fit
3984,fit
3985,fit
3986,fit
3987,test
3988,test
3989,fit
3990,calibration
3991,fit
3992,test
3993,fit
3994,fit
3995,fit
3996,test
3997,fit
3998,fit
3999,calibration
4000,calibration
4001,fit
4002,fit
4003,fit
4004,fit
4005,calibration
4006,fit
4007,fit
4008,calibration
4009,fit
4010,calibration
4011,fit
4012,fit
4013,fit
4014,test
4015,fit
4016,test
4017,fit
4018,fit
4019,fit
4020,test
4021,fit
4022,fit
4023,fit
4024,fit
4025,test
4026,fit
4027,calibration
4028,fit
4029,fit
4030,test
4031,test
4032,fit
4033,fit
4034,calibration
4035,calibration
4036,fit
4037,fit
4038,calibration
4039,test
4040,fit
4041,fit
4042,test
4043,fit
4044,fit
4045,fit
4046,fit
4047,calibration
4048,fit
4049,calibration
4050,fit
4051,fit
4052,test
4053,fit
4054,fit
4055,test
4056,fit
4057,fit
4058,fit
4059,calibration
4060,fit
4061,fit
4062,fit
4063,test
4064,fit
4065,test
4066,fit
4067,calibration
4068,fit
4069,fit
4070,calibration
4071,fit
4072,fit
4073,fit
4074,test
4075,test
4076,test
4077,fit
4078,calibration
4079,calibration
4080,fit
4081,fit
4082,fit
4083,fit
4084,calibration
4085,fit
4086,test
4087,fit
4088,test
4089,test
4090,fit
4091,calibration
4092,calibration
4093,fit
4094,fit
4095,fit
4096,fit
4097,fit
4098,calibration
4099,fit
4100,fit
4101,calibration
4102,test
4103,calibration
4104,fit
4105,calibration
4106,fit
4107,test
4108,calibration
4109,calibration
4110,fit
4111,calibration
4112,fit
4113,fit
4114,test
4115,fit
4116,test
4117,fit
4118,fit
4119,calibration
4120,fit
4121,calibration
4122,test
4123,fit
4124,calibration
4125,fit
4126,fit
4127,test
4128,test
4129,calibration
4130,calibration
4131,fit
4132,calibration
4133,calibration
4134,test
4135,fit
4136,fit
4137,fit
4138,fit
4139,fit
4140,fit
4141,fit
4142,fit
4143,fit
4144,fit
4145,fit
4146,fit
4147,fit
4148,fit
4149,fit
4150,fit
4151,fit
4152,fit
4153,test
4154,fit
4155,fit
4156,fit
4157,test
4158,calibration
4159,calibration
4160,fit
4161,calibration
4162,fit
4163,fit
4164,fit
4165,fit
4166,fit
4167,calibration
4168,fit
4169,fit
4170,test
4171,fit
4172,fit
4173,fit
4174,test
4175,fit
4176,calibration
4177,fit
4178,fit
4179,test
4180,calibration
4181,fit
4182,fit
4183,calibration
4184,fit
4185,fit
4186,test
4187,test
4188,fit
4189,fit
4190,test
4191,calibration
4192,calibration
4193,test
4194,fit
4195,test
4196,fit
4197,fit
4198,test
4199,fit
4200,fit
4201,calibration
4202,fit
4203,calibration
4204,fit
4205,fit
4206,calibration
4207,fit
4208,test
4209,fit
4210,test
4211,calibration
4212,test
4213,fit
4214,fit
4215,calibration
4216,calibration
4217,test
4218,fit
4219,fit
4220,calibration
4221,fit
4222,calibration
4223,fit
4224,fit
4225,test
4226,fit
4227,calibration
4228,fit
4229,test
4230,calibration
4231,calibration
4232,fit
4233,fit
4234,fit
4235,calibration
4236,test
4237,fit
4238,fit
4239,fit
4240,calibration
4241,fit
4242,fit
4243,fit
4244,fit
4245,fit
4246,calibration
4247,calibration
4248,fit
4249,fit
4250,fit
4251,fit
4252,fit
4253,fit
4254,fit
4255,fit
4256,fit
4257,fit
4258,fit
4259,test
4260,fit
4261,fit
4262,calibration
4263,calibration
4264,calibration
4265,fit
4266,fit
4267,fit
4268,calibration
4269,fit
4270,fit
4271,fit
4272,calibration
4273,fit
4274,test
4275,fit
4276,calibration
4277,test
4278,fit
4279,fit
4280,fit
4281,fit
4282,calibration
4283,fit
4284,test
4285,test
4286,fit
4287,test
4288,test
4289,fit
4290,calibration
4291,fit
4292,fit
4293,fit
4294,fit
4295,test
4296,fit
4297,fit
4298,fit
4299,test
4300,fit
4301,fit
4302,fit
4303,fit
4304,calibration
4305,test
4306,calibration
4307,fit
4308,fit
4309,fit
4310,test
4311,fit
4312,fit
4313,calibration
4314,fit
4315,fit
4316,fit
4317,test
4318,fit
4319,fit
4320,fit
4321,test
4322,fit
4323,calibration
4324,fit
4325,fit
4326,test
4327,test
4328,fit
4329,calibration
4330,test
4331,fit
4332,fit
4333,test
4334,fit
4335,calibration
4336,test
4337,test
4338,fit
4339,fit
4340,fit
4341,fit
4342,fit
4343,fit
4344,calibration
4345,fit
4346,fit
4347,calibration
4348,calibration
4349,calibration
4350,test
4351,fit
4352,fit
4353,fit
4354,calibration
4355,test
4356,fit
4357,test
4358,test
4359,test
4360,fit
4361,test
4362,fit
4363,test
4364,fit
4365,test
4366,fit
4367,fit
4368,calibration
4369,fit
4370,test
4371,fit
4372,fit
4373,fit
4374,fit
4375,test
4376,fit
4377,fit
4378,fit
4379,fit
4380,fit
4381,fit
4382,test
4383,fit
4384,calibration
4385,test
4386,fit
4387,calibration
4388,test
4389,fit
4390,fit
4391,test
4392,fit
4393,fit
4394,fit
4395,fit
4396,fit
4397,fit
4398,fit
4399,fit
4400,fit
4401,test
4402,fit
4403,fit
4404,fit
4405,fit
4406,calibration
4407,fit
4408,fit
4409,fit
4410,test
4411,fit
4412,fit
4413,fit
4414,fit
4415,calibration
4416,calibration
4417,fit
4418,calibration
4419,fit
4420,fit
4421,test
4422,test
4423,fit
4424,calibration
4425,fit
4426,calibration
4427,fit
4428,calibration
4429,calibration
4430,fit
4431,test
4432,fit
4433,test
4434,fit
4435,fit
4436,test
4437,calibration
4438,calibration
4439,calibration
4440,calibration
4441,fit
4442,fit
4443,fit
4444,calibration
4445,fit
4446,test
4447,test
4448,test
4449,fit
4450,fit
4451,fit
4452,fit
4453,fit
4454,fit
4455,calibration
4456,fit
4457,fit
4458,fit
4459,fit
4460,fit
4461,fit
4462,fit
4463,fit
4464,fit
4465,fit
4466,fit
4467,fit
4468,fit
4469,fit
4470,fit
4471,fit
4472,fit
4473,fit
4474,fit
4475,fit
4476,fit
4477,fit
4478,fit
4479,fit
4480,calibration
4481,fit
4482,fit
4483,fit
4484,fit
4485,fit
4486,fit
4487,fit
4488,fit
4489,fit
4490,fit
4491,fit
4492,fit
4493,fit
4494,fit
4495,test
4496,fit
4497,test
4498,fit
4499,test
4500,test
4501,test
4502,test
4503,fit
4504,fit
4505,fit
4506,fit
4507,calibration
4508,fit
4509,fit
4510,fit
4511,fit
4512,fit
4513,calibration
4514,fit
4515,fit
4516,calibration
4517,calibration
4518,test
4519,calibration
4520,fit
4521,fit
4522,fit
4523,fit
4524,fit
4525,fit
4526,test
4527,fit
4528,fit
4529,fit
4530,fit
4531,calibration
4532,fit
4533,test
4534,fit
4535,fit
4536,fit
4537,fit
4538,test
4539,fit
4540,fit
4541,calibration
4542,fit
4543,fit
4544,calibration
4545,fit
4546,fit
4547,fit
4548,calibration
4549,test
4550,fit
4551,test
4552,fit
4553,fit
4554,fit
4555,calibration
4556,fit
4557,fit
4558,test
4559,calibration
4560,fit
4561,test
4562,test
4563,calibration
4564,fit
4565,fit
4566,fit
4567,fit
4568,test
4569,fit
4570,test
4571,fit
4572,test
4573,calibration
4574,calibration
4575,test
4576,fit
4577,fit
4578,fit
4579,fit
4580,test
4581,fit
4582,fit
4583,test
4584,test
4585,fit
4586,fit
4587,calibration
4588,fit
4589,fit
4590,fit
4591,fit
4592,fit
4593,fit
4594,calibration
4595,fit
4596,calibration
4597,fit
4598,fit
4599,fit
4600,fit
4601,fit
4602,calibration
4603,fit
4604,fit
4605,fit
4606,fit
4607,fit
4608,calibration
4609,calibration
4610,fit
4611,fit
4612,test
4613,fit
4614,fit
4615,fit
4616,fit
4617,test
4618,fit
4619,fit
4620,fit
4621,fit
4622,fit
4623,fit
4624,fit
4625,fit
4626,fit
4627,test
4628,fit
4629,fit
4630,fit
4631,fit
4632,test
4633,fit
4634,fit
4635,calibration
4636,calibration
4637,fit
4638,calibration
4639,fit
4640,calibration
4641,fit
4642,fit
4643,fit
4644,test
4645,calibration
4646,fit
4647,calibration
4648,calibration
4649,fit
4650,fit
4651,test
4652,fit
4653,fit
4654,test
4655,test
4656,calibration
4657,calibration
4658,fit
4659,test
4660,calibration
4661,fit
4662,fit
4663,calibration
4664,fit
4665,calibration
4666,fit
4667,fit
4668,test
4669,fit
4670,test
4671,fit
4672,fit
4673,fit
4674,fit
4675,fit
4676,fit
4677,test
4678,test
4679,calibration
4680,fit
4681,test
4682,test
4683,fit
4684,calibration
4685,fit
4686,calibration
4687,fit
4688,test
4689,fit
4690,calibration
4691,calibration
4692,fit
4693,fit
4694,fit
4695,calibration
4696,test
4697,fit
4698,calibration
4699,fit
4700,fit
4701,calibration
4702,test
4703,fit
4704,fit
4705,test
4706,calibration
4707,fit
4708,test
4709,calibration
4710,fit
4711,fit
4712,calibration
4713,fit
4714,fit
4715,calibration
4716,calibration
4717,fit
4718,calibration
4719,fit
4720,test
4721,fit
4722,test
4723,fit
4724,calibration
4725,test
4726,test
4727,test
4728,test
4729,test
4730,calibration
4731,calibration
4732,fit
4733,test
4734,fit
4735,fit
4736,fit
4737,fit
4738,calibration
4739,test
4740,calibration
4741,fit
4742,fit
4743,calibration
4744,test
4745,calibration
4746,fit
4747,calibration
4748,calibration
4749,test
4750,test
4751,fit
4752,test
4753,fit
4754,calibration
4755,fit
4756,fit
4757,test
4758,fit
4759,fit
4760,calibration
4761,fit
4762,test
4763,fit
4764,fit
4765,test
4766,calibration
4767,calibration
4768,fit
4769,calibration
4770,fit
4771,fit
4772,fit
4773,calibration
4774,calibration
4775,fit
4776,test
4777,fit
4778,fit
4779,fit
4780,fit
4781,fit
4782,fit
4783,fit
4784,test
4785,fit
4786,fit
4787,test
4788,fit
4789,fit
4790,fit
4791,fit
4792,calibration
4793,fit
4794,test
4795,test
4796,calibration
4797,fit
4798,fit
4799,fit
4800,fit
4801,fit
4802,test
4803,calibration
4804,test
4805,calibration
4806,fit
4807,fit
4808,fit
4809,fit
4810,fit
4811,calibration
4812,fit
4813,calibration
4814,fit
4815,test
4816,calibration
4817,calibration
4818,test
4819,calibration
4820,fit
4821,fit
4822,fit
4823,fit
4824,fit
4825,test
4826,test
4827,fit
4828,test
4829,fit
4830,calibration
4831,test
4832,calibration
4833,fit
4834,fit
4835,fit
4836,test
4837,test
4838,fit
4839,fit
4840,calibration
4841,calibration
4842,fit
4843,fit
4844,fit
4845,fit
4846,fit
4847,fit
4848,fit
4849,fit
4850,fit
4851,fit
4852,fit
4853,test
4854,fit
4855,test
4856,fit
4857,test
4858,fit
4859,fit
4860,calibration
4861,fit
4862,fit
4863,fit
4864,calibration
4865,fit
4866,fit
4867,fit
4868,test
4869,calibration
4870,test
4871,fit
4872,test
4873,fit
4874,test
4875,calibration
4876,test
4877,calibration
4878,calibration
4879,test
4880,fit
4881,fit
4882,fit
4883,fit
4884,fit
4885,fit
4886,fit
4887,calibration
4888,calibration
4889,test
4890,calibration
4891,fit
4892,fit
4893,calibration
4894,test
4895,fit
4896,calibration
4897,fit
4898,fit
4899,test
4900,fit
4901,fit
4902,test
4903,test
4904,calibration
4905,calibration
4906,calibration
4907,calibration
4908,fit
4909,fit
4910,calibration
4911,test
4912,fit
4913,fit
4914,fit
4915,test
4916,fit
4917,calibration
4918,calibration
4919,fit
4920,fit
4921,fit
4922,test
4923,fit
4924,fit
4925,fit
4926,fit
4927,fit
4928,fit
4929,fit
4930,test
4931,fit
4932,fit
4933,fit
4934,fit
4935,fit
4936,fit
4937,fit
4938,test
4939,fit
4940,fit
4941,fit
4942,fit
4943,calibration
4944,fit
4945,test
4946,calibration
4947,fit
4948,test
4949,fit
4950,test
4951,fit
4952,test
4953,fit
4954,fit
4955,fit
4956,fit
4957,fit
4958,fit
4959,fit
4960,fit
4961,fit
4962,test
4963,fit
4964,test
4965,fit
4966,test
4967,fit
4968,fit
4969,fit
4970,fit
4971,fit
4972,fit
4973,calibration
4974,fit
4975,calibration
4976,calibration
4977,fit
4978,test
4979,fit
4980,fit
4981,fit
4982,fit
4983,test
4984,fit
4985,test
4986,calibration
4987,fit
4988,test
4989,test
4990,calibration
4991,calibration
4992,calibration
4993,calibration
4994,fit
4995,fit
4996,fit
4997,test
4998,test
4999,calibration
5000,fit
5001,fit
5002,fit
5003,fit
5004,calibration
5005,test
5006,fit
5007,fit
5008,fit
5009,fit
5010,test
5011,calibration
5012,fit
5013,calibration
5014,fit
5015,fit
5016,calibration
5017,fit
5018,calibration
5019,calibration
5020,calibration
5021,fit
5022,fit
5023,calibration
5024,calibration
5025,calibration
5026,fit
5027,test
5028,fit
5029,fit
5030,fit
5031,test
5032,fit
5033,fit
5034,calibration
5035,calibration
5036,fit
5037,fit
5038,fit
5039,fit
5040,fit
5041,fit
5042,fit
5043,fit
5044,fit
5045,test
5046,test
5047,test
5048,calibration
5049,test
5050,calibration
5051,calibration
5052,fit
5053,calibration
5054,fit
5055,calibration
5056,calibration
5057,calibration
5058,fit
5059,fit
5060,test
5061,calibration
5062,fit
5063,fit
5064,fit
5065,test
5066,calibration
5067,test
5068,calibration
5069,fit
5070,fit
5071,fit
5072,calibration
5073,fit
5074,test
5075,test
5076,fit
5077,fit
5078,fit
5079,test
5080,fit
5081,calibration
5082,test
5083,fit
5084,calibration
5085,calibration
5086,fit
5087,fit
5088,fit
5089,fit
5090,fit
5091,fit
5092,test
5093,fit
5094,fit
5095,fit
5096,calibration
5097,test
5098,fit
5099,fit
5100,test
5101,fit
5102,test
5103,calibration
5104,fit
5105,calibration
5106,fit
5107,calibration
5108,calibration
5109,test
5110,fit
5111,fit
5112,fit
5113,test
5114,test
5115,fit
5116,fit
5117,test
5118,fit
5119,fit
5120,test
5121,test
5122,fit
5123,fit
5124,fit
5125,fit
5126,fit
5127,calibration
5128,fit
5129,fit
5130,test
5131,fit
5132,fit
5133,fit
5134,test
5135,fit
5136,fit
5137,test
5138,fit
5139,calibration
5140,fit
5141,fit
5142,fit
5143,fit
5144,test
5145,test
5146,fit
5147,fit
5148,calibration
5149,fit
5150,calibration
5151,test
5152,fit
5153,calibration
5154,fit
5155,calibration
5156,calibration
5157,fit
5158,fit
5159,fit
5160,fit
5161,fit
5162,test
5163,fit
5164,calibration
5165,fit
5166,calibration
5167,test
5168,fit
5169,fit
5170,fit
5171,test
5172,fit
5173,fit
5174,calibration
5175,fit
5176,test
5177,calibration
5178,calibration
5179,calibration
5180,fit
5181,test
5182,fit
5183,fit
5184,test
5185,fit
5186,test
5187,fit
5188,fit
5189,calibration
5190,calibration
5191,calibration
5192,fit
5193,calibration
5194,fit
5195,fit
5196,fit
5197,fit
5198,fit
5199,fit
5200,test
5201,fit
5202,fit
5203,fit
5204,fit
5205,fit
5206,calibration
5207,fit
5208,fit
5209,calibration
5210,calibration
5211,fit
5212,fit
5213,fit
5214,fit
5215,fit
5216,calibration
5217,test
5218,fit
5219,test
5220,fit
5221,fit
5222,fit
5223,fit
5224,fit
5225,test
5226,calibration
5227,fit
5228,fit
5229,test
5230,fit
5231,fit
5232,fit
5233,calibration
5234,test
5235,fit
5236,test
5237,fit
5238,fit
5239,test
5240,fit
5241,fit
5242,fit
5243,fit
5244,test
5245,test
5246,fit
5247,fit
5248,calibration
5249,fit
5250,test
5251,fit
5252,test
5253,calibration
5254,calibration
5255,fit
5256,test
5257,fit
5258,test
5259,fit
5260,fit
5261,fit
5262,calibration
5263,test
5264,calibration
5265,fit
5266,fit
5267,fit
5268,fit
5269,fit
5270,test
5271,calibration
5272,fit
5273,test
5274,test
5275,calibration
5276,calibration
5277,fit
5278,test
5279,fit
5280,calibration
5281,test
5282,calibration
5283,fit
5284,calibration
5285,test
5286,fit
5287,test
5288,calibration
5289,test
5290,fit
5291,calibration
5292,calibration
5293,fit
5294,fit
5295,fit
5296,calibration
5297,fit
5298,fit
5299,fit
5300,fit
5301,fit
5302,calibration
5303,fit
5304,calibration
5305,calibration
5306,fit
5307,fit
5308,test
5309,fit
5310,calibration
5311,fit
5312,fit
5313,calibration
5314,calibration
5315,fit
5316,test
5317,fit
5318,calibration
5319,fit
5320,test
5321,fit
5322,fit
5323,fit
5324,fit
5325,fit
5326,fit
5327,fit
5328,calibration
5329,calibration
5330,fit
5331,fit
5332,fit
5333,test
5334,fit
5335,fit
5336,fit
5337,calibration
5338,fit
5339,fit
5340,fit
5341,fit
5342,fit
5343,calibration
5344,fit
5345,test
5346,fit
5347,test
5348,calibration
5349,fit
5350,test
5351,fit
5352,fit
5353,fit
5354,test
5355,fit
5356,fit
5357,fit
5358,fit
5359,fit
5360,fit
5361,fit
5362,calibration
5363,fit
5364,calibration
5365,fit
5366,fit
5367,calibration
5368,fit
5369,fit
5370,calibration
5371,calibration
5372,test
5373,fit
5374,test
5375,fit
5376,test
5377,test
5378,calibration
5379,calibration
5380,test
5381,calibration
5382,test
5383,fit
5384,calibration
5385,calibration
5386,fit
5387,fit
5388,fit
5389,fit
5390,calibration
5391,fit
5392,fit
5393,calibration
5394,calibration
5395,fit
5396,test
5397,fit
5398,test
5399,test
5400,calibration
5401,calibration
5402,fit
5403,test
5404,fit
5405,fit
5406,test
5407,fit
5408,fit
5409,calibration
5410,calibration
5411,test
5412,fit
5413,test
5414,fit
5415,test
5416,test
5417,calibration
5418,calibration
5419,fit
5420,test
5421,calibration
5422,test
5423,fit
5424,calibration
5425,fit
5426,fit
5427,fit
5428,calibration
5429,fit
5430,calibration
5431,calibration
5432,fit
5433,fit
5434,fit
5435,fit
5436,test
5437,test
5438,fit
5439,test
5440,fit
5441,calibration
5442,fit
5443,fit
5444,calibration
5445,test
5446,fit
5447,test
5448,fit
5449,fit
5450,fit
5451,fit
5452,fit
5453,calibration
5454,calibration
5455,fit
5456,test
5457,fit
5458,test
5459,test
5460,fit
5461,calibration
5462,test
5463,calibration
5464,test
5465,fit
5466,calibration
5467,fit
5468,fit
5469,fit
5470,test
5471,test
5472,test
5473,calibration
5474,fit
5475,calibration
5476,fit
5477,fit
5478,fit
5479,fit
5480,fit
5481,calibration
5482,fit
5483,calibration
5484,fit
5485,fit
5486,fit
5487,fit
5488,fit
5489,fit
5490,fit
5491,test
5492,fit
5493,fit
5494,fit
5495,fit
5496,fit
5497,test
5498,calibration
5499,fit
5500,fit
5501,fit
5502,fit
5503,fit
5504,calibration
5505,calibration
5506,calibration
5507,fit
5508,fit
5509,fit
5510,fit
5511,fit
5512,test
5513,test
5514,test
5515,fit
5516,fit
5517,calibration
5518,fit
5519,fit
5520,fit
5521,fit
5522,calibration
5523,calibration
5524,fit
5525,calibration
5526,test
5527,fit
5528,test
5529,fit
5530,fit
5531,fit
5532,fit
5533,fit
5534,fit
5535,fit
5536,calibration
5537,test
5538,fit
5539,fit
5540,test
5541,calibration
5542,fit
5543,fit
5544,fit
5545,test
5546,fit
5547,fit
5548,fit
5549,fit
5550,fit
5551,test
5552,calibration
5553,fit
5554,test
5555,calibration
5556,calibration
5557,fit
5558,fit
5559,calibration
5560,fit
5561,calibration
5562,fit
5563,calibration
5564,fit
5565,fit
5566,calibration
5567,calibration
5568,fit
5569,calibration
5570,calibration
5571,fit
5572,fit
5573,fit
5574,calibration
5575,fit
5576,fit
5577,fit
5578,fit
5579,fit
5580,test
5581,fit
5582,calibration
5583,fit
5584,fit
5585,fit
5586,calibration
5587,fit
5588,test
5589,test
5590,fit
5591,fit
5592,fit
5593,test
5594,fit
5595,fit
5596,calibration
5597,fit
5598,fit
5599,calibration
5600,fit
5601,test
5602,calibration
5603,fit
5604,test
5605,fit
5606,fit
5607,fit
5608,calibration
5609,calibration
5610,test
5611,fit
5612,calibration
5613,calibration
5614,fit
5615,calibration
5616,fit
5617,fit
5618,fit
5619,test
5620,fit
5621,test
5622,fit
5623,fit
5624,test
5625,calibration
5626,fit
5627,fit
5628,fit
5629,fit
5630,calibration
5631,fit
5632,fit
5633,calibration
5634,fit
5635,fit
5636,fit
5637,fit
5638,fit
5639,fit
5640,fit
5641,fit
5642,fit
5643,fit
5644,calibration
5645,fit
5646,calibration
5647,fit
5648,test
5649,fit
5650,fit
5651,calibration
5652,fit
5653,test
5654,fit
5655,calibration
5656,test
5657,fit
5658,fit
5659,fit
5660,fit
5661,fit
5662,fit
5663,fit
5664,fit
5665,calibration
5666,calibration
5667,fit
5668,calibration
5669,fit
5670,fit
5671,fit
5672,calibration
5673,fit
5674,fit
5675,test
5676,fit
5677,fit
5678,fit
5679,fit
5680,fit
5681,test
5682,calibration
5683,fit
5684,fit
5685,fit
5686,calibration
5687,fit
5688,fit
5689,fit
5690,test
5691,fit
5692,fit
5693,fit
5694,test
5695,test
5696,fit
5697,calibration
5698,fit
5699,calibration
5700,test
5701,test
5702,fit
5703,fit
5704,fit
5705,fit
5706,fit
5707,fit
5708,fit
5709,fit
5710,test
5711,test
5712,fit
5713,test
5714,test
5715,calibration
5716,fit
5717,test
5718,fit
5719,fit
5720,calibration
5721,fit
5722,fit
5723,fit
5724,calibration
5725,calibration
5726,test
5727,fit
5728,fit
5729,fit
5730,fit
5731,calibration
5732,fit
5733,test
5734,calibration
5735,fit
5736,test
5737,fit
5738,calibration
5739,calibration
5740,test
5741,test
5742,fit
5743,fit
5744,fit
5745,test
5746,fit
5747,fit
5748,calibration
5749,test
5750,fit
5751,test
5752,calibration
5753,fit
5754,test
5755,fit
5756,fit
5757,fit
5758,fit
5759,fit
5760,fit
5761,test
5762,test
5763,calibration
5764,fit
5765,calibration
5766,fit
5767,fit
5768,fit
5769,fit
5770,test
5771,fit
5772,calibration
5773,fit
5774,fit
5775,fit
5776,fit
5777,calibration
5778,test
5779,fit
5780,fit
5781,fit
5782,calibration
5783,calibration
5784,test
5785,fit
5786,fit
5787,fit
5788,fit
5789,fit
5790,fit
5791,test
5792,fit
5793,fit
5794,fit
5795,fit
5796,fit
5797,calibration
5798,fit
5799,fit
5800,fit
5801,test
5802,calibration
5803,fit
5804,test
5814,fit
5815,calibration
5816,fit
5817,calibration
5818,test
5819,fit
5820,calibration
5821,fit
5822,fit
5823,fit
5824,fit
5825,fit
5826,test
5827,fit
5828,test
5829,fit
5830,fit
5831,fit
5832,fit
5833,fit
5834,fit
5835,test
5836,fit
5837,calibration
5838,fit
5839,fit
5840,test
5841,calibration
5842,test
5843,fit
5844,fit
5845,fit
5846,calibration
5847,fit
5848,fit
5849,fit
5850,fit
5851,fit
5852,fit
5853,test
5854,test
5855,fit
5856,fit
5857,fit
5858,fit
5859,fit
5860,test
5861,fit
5862,fit
5863,fit
5864,fit
5865,fit
5866,fit
5868,fit
5869,test
5870,calibration
5872,test
5873,calibration
5874,calibration
5875,calibration
5876,fit
5877,fit
5878,fit
5879,test
5880,fit
5881,fit
5882,fit
5883,test
5884,fit
5885,calibration
5886,fit
5887,fit
5888,fit
5889,test
5890,fit
5891,calibration
5892,calibration
5893,fit
5894,fit
5895,test
5896,fit
5897,fit
5898,test
5899,fit
5900,calibration
5901,fit
5902,test
5903,fit
5904,test
5905,fit
5906,fit
5907,calibration
5908,fit
5909,calibration
5910,fit
5911,fit
5912,fit
5913,calibration
5914,fit
5915,fit
5916,fit
5917,calibration
5918,fit
5919,fit
5920,calibration
5921,test
5922,fit
5923,calibration
5924,test
5925,fit
5926,calibration
5927,test
5928,fit
5929,calibration
5930,test
5931,fit
5932,fit
5933,calibration
5934,test
5935,calibration
5936,fit
5937,calibration
5938,fit
5939,fit
5940,test
5941,fit
5942,calibration
5943,calibration
5944,fit
5945,calibration
5946,fit
5947,calibration
5948,fit
5949,fit
5950,fit
5951,calibration
5952,fit
5953,test
5954,fit
5955,fit
5956,fit
5957,fit
5958,fit
5959,fit
5960,fit
5961,test
5962,calibration
5963,test
5964,calibration
5965,fit
5966,fit
5969,fit
5970,fit
5971,fit
5972,test
5973,fit
5974,calibration
5975,fit
5976,fit
5977,calibration
5978,fit
5979,fit
5980,fit
5981,test
5982,fit
5983,fit
5984,fit
5985,test
5986,fit
5987,fit
5988,calibration
5989,test
5990,test
5991,fit
5992,fit
5993,test
5994,fit
5995,calibration
5996,test
5997,calibration
5998,fit
5999,test
6000,calibration
6001,fit
6002,test
6003,fit
6004,fit
6005,fit
6006,fit
6007,test
6008,fit
6009,fit
6010,fit
6011,fit
6012,fit
6013,calibration
6014,fit
6015,fit
6016,fit
6017,fit
6018,test
6019,fit
6020,fit
6021,fit
6022,fit
6023,fit
6024,fit
6025,test
6026,fit
6027,fit
6028,calibration
6029,calibration
6030,fit
6031,test
6032,test
6033,test
6034,fit
6035,test
6036,calibration
6037,fit
6038,fit
6039,fit
6040,fit
6041,fit
6042,test
6043,fit
6044,fit
6045,calibration
6046,test
6047,fit
6048,fit
6049,calibration
6050,test
6051,fit
6052,fit
6053,calibration
6054,fit
6055,calibration
6056,test
6057,test
6059,fit
6060,test
6061,test
6062,fit
6063,fit
6064,fit
6065,calibration
6066,fit
6067,fit
6068,fit
6069,calibration
6070,fit
6071,fit
6072,calibration
6073,calibration
6074,calibration
6075,fit
6076,fit
6077,calibration
6078,test
6079,fit
6080,test
6081,fit
6082,fit
6083,fit
6084,fit
6085,fit
6086,fit
6087,fit
6088,fit
6089,test
6090,test
6091,test
6092,fit
6093,fit
6094,fit
6095,fit
6096,fit
6097,test
6098,test
6099,calibration
6100,fit
6101,calibration
6102,fit
6103,fit
6104,fit
6105,fit
6106,fit
6107,test
6108,fit
6109,fit
6110,fit
6111,fit
6112,fit
6113,fit
6114,fit
6115,fit
6116,fit
6117,test
6118,fit
6119,calibration
6120,test
6121,fit
6122,calibration
6123,fit
6124,calibration
6125,calibration
6126,fit
6127,test
6128,calibration
6129,fit
6130,calibration
6131,calibration
6132,fit
6133,test
6134,fit
6135,fit
6136,fit
6137,calibration
6138,test
6139,fit
6140,fit
6141,fit
6142,fit
6143,test
6144,fit
6145,fit
6146,fit
6147,test
6148,fit
6149,fit
6150,fit
6151,test
6152,test
6153,test
6154,test
6155,calibration
6156,fit
6157,fit
6158,calibration
6159,fit
6160,test
6161,fit
6162,calibration
6163,fit
6164,fit
6165,test
6166,calibration
6167,fit
6168,test
6169,calibration
6170,fit
6171,fit
6172,fit
6173,test
6174,test
6175,fit
6176,test
6177,calibration
6178,fit
6179,test
6180,fit
6181,test
6182,fit
6183,fit
6184,fit
6185,test
6186,fit
6187,fit
6188,calibration
6189,calibration
6190,fit
6191,fit
6192,fit
6193,fit
6194,fit
6195,fit
6196,fit
6197,fit
6198,fit
6199,fit
6200,fit
6201,fit
6202,fit
6203,fit
6204,fit
6205,fit
6206,fit
6207,fit
6208,fit
6209,fit
6210,fit
6211,fit
6212,test
6213,fit
6214,fit
6215,fit
6216,fit
6217,fit
6218,fit
6219,fit
6220,test
6221,test
6222,fit
6223,calibration
6224,calibration
6225,fit
6226,fit
6227,fit
6228,calibration
6229,fit
6230,fit
6231,fit
6232,fit
6233,fit
6234,fit
6235,fit
6236,fit
6237,fit
6238,fit
6239,fit
6240,calibration
6241,fit
6242,calibration
6243,fit
6244,fit
6245,fit
6246,fit
6247,fit
6248,test
6249,fit
6250,test
6251,test
6252,calibration
6253,fit
6254,fit
6255,calibration
6256,fit
6257,fit
6258,fit
6259,fit
6260,fit
6261,fit
6262,calibration
6263,fit
6264,fit
6265,test
6266,calibration
6267,fit
6268,fit
6269,fit
6270,fit
6271,calibration
6272,fit
6273,calibration
6274,fit
6275,fit
6276,fit
6277,test
6278,fit
6279,fit
6280,fit
6281,fit
6282,fit
6283,calibration
6284,fit
6285,fit
6286,test
6287,fit
6288,fit
6289,calibration
6290,fit
6291,fit
6292,fit
6293,fit
6294,test
6295,fit
6296,fit
6297,calibration
6298,test
6299,test
6300,test
6301,fit
6302,calibration
6303,fit
6304,calibration
6305,test
6306,fit
6307,fit
6308,calibration
6309,test
6310,test
6311,calibration
6312,fit
6313,fit
6314,fit
6315,fit
6316,fit
6317,fit
6318,fit
6319,fit
6320,fit
6321,calibration
6322,fit
6323,calibration
6324,fit
6325,fit
6326,fit
6327,test
6328,fit
6329,calibration
6330,test
6331,test
6332,test
6333,fit
6334,fit
6335,fit
6336,test
6337,calibration
6338,fit
6339,fit
6340,test
6341,calibration
6342,test
6343,fit
6344,fit
6345,fit
6346,fit
6347,fit
6348,test
6349,fit
6350,fit
6351,fit
6352,test
6353,test
6354,calibration
6355,fit
6356,calibration
6357,fit
6358,calibration
6359,calibration
6360,fit
6361,fit
6362,test
6363,fit
6364,test
6365,fit
6366,calibration
6367,fit
6368,test
6369,calibration
6370,fit
6371,fit
6372,fit
6373,test
6374,fit
6375,test
6376,calibration
6377,calibration
6378,calibration
6379,test
6380,fit
6381,fit
6382,fit
6383,fit
6384,fit
6385,fit
6386,fit
6387,fit
6388,calibration
6389,fit
6390,fit
6391,test
6392,calibration
6393,calibration
6394,fit
6395,test
6396,fit
6397,calibration
6398,calibration
6399,calibration
6400,fit
6401,calibration
6402,fit
6403,fit
6404,fit
6405,fit
6406,calibration
6407,test
6408,test
6409,fit
6410,calibration
6411,fit
6412,fit
6413,fit
6414,calibration
6415,fit
6416,calibration
6417,test
6418,fit
6419,calibration
6420,test
6421,fit
6422,calibration
6423,fit
6424,fit
6425,fit
6426,fit
6427,calibration
6428,fit
6429,calibration
6430,fit
6431,calibration
6432,fit
6433,test
6434,fit
6435,fit
6436,fit
6437,calibration
6438,calibration
6439,fit
6440,fit
6441,test
6442,fit
6443,fit
6444,fit
6445,fit
6446,calibration
6447,calibration
6448,fit
6449,calibration
6450,calibration
6451,calibration
6452,fit
6453,fit
6454,fit
6455,calibration
6456,calibration
6457,test
6458,calibration
6459,fit
6460,fit
6461,calibration
6462,fit
6463,calibration
6464,fit
6465,fit
6466,calibration
6467,fit
6468,fit
6469,calibration
6470,calibration
6471,test
6472,test
6473,fit
6474,fit
6475,test
6476,fit
6477,test
6478,fit
6479,fit
6480,calibration
6481,calibration
6482,test
6483,fit
6484,test
6485,calibration
6486,calibration
6487,fit
6488,fit
6489,fit
6490,fit
6491,fit
6492,fit
6493,fit
6494,fit
6495,calibration
6496,fit
6497,fit
6498,test
6499,test
6500,fit
6501,fit
6502,fit
6503,calibration
6504,calibration
6505,fit
6506,calibration
6507,calibration
6508,fit
6509,fit
6510,fit
6511,calibration
6512,fit
6513,fit
6514,fit
6515,fit
6516,calibration
6517,calibration
6518,calibration
6519,calibration
6520,fit
6521,fit
6522,calibration
6523,test
6524,calibration
6525,fit
6526,calibration
6527,fit
6528,fit
6529,fit
6530,calibration
6531,fit
6532,calibration
6533,calibration
6534,fit
6535,fit
6536,fit
6537,calibration
6538,fit
6539,calibration
6540,fit
6541,fit
6542,fit
6543,fit
6544,test
6545,test
6546,test
6547,fit
6548,test
6549,fit
6550,test
6551,fit
6552,fit
6553,fit
6554,fit
6555,fit
6556,fit
6557,fit
6558,test
6559,fit
6560,calibration
6561,calibration
6562,fit
6563,fit
6564,fit
6565,test
6566,fit
6567,fit
6568,fit
6569,fit
6570,fit
6571,fit
6572,fit
6573,calibration
6574,fit
6575,test
6576,calibration
6577,fit
6578,fit
6579,calibration
6580,fit
6581,fit
6582,fit
6583,test
6584,fit
6585,fit
6586,test
6587,fit
6588,fit
6589,calibration
6590,test
6591,test
6592,fit
6593,fit
6594,calibration
6595,fit
6596,fit
6597,fit
6598,fit
6599,calibration
6600,test
6601,calibration
6602,fit
6603,calibration
6604,test
6605,fit
6606,fit
6607,calibration
6608,fit
6609,calibration
6610,test
6611,calibration
6612,test
6613,fit
6614,fit
6615,fit
6616,fit
6617,fit
6618,fit
6619,fit
6620,fit
6621,fit
6622,calibration
6623,fit
6624,fit
6625,calibration
6626,fit
6627,fit
6628,calibration
6629,fit
6630,fit
6631,calibration
6632,fit
6633,calibration
6634,fit
6635,test
6636,fit
6637,fit
6638,fit
6639,calibration
6640,fit
6641,test
6642,fit
6643,fit
6644,calibration
6645,test
6646,fit
6647,calibration
6648,test
6649,calibration
6650,fit
6651,calibration
6652,calibration
6653,fit
6654,calibration
6655,fit
6656,calibration
6657,test
6658,test
6659,test
6660,fit
6661,fit
6662,fit
6663,fit
6664,fit
6665,fit
6666,fit
6667,test
6668,calibration
6669,calibration
6670,fit
6671,fit
6672,test
6673,fit
6674,calibration
6675,test
6676,fit
6677,fit
6678,fit
6679,fit
6680,fit
6681,fit
6682,calibration
6683,fit
6684,test
6685,fit
6686,fit
6687,calibration
6688,fit
6689,fit
6690,calibration
6691,test
6692,fit
6693,calibration
6694,fit
6695,fit
6696,calibration
6697,fit
6698,fit
6699,fit
6700,test
6701,calibration
6702,fit
6703,calibration
6704,test
6705,fit
6706,test
6707,fit
6708,calibration
6709,fit
6710,test
6711,fit
6712,fit
6713,test
6714,fit
6715,test
6716,calibration
6717,calibration
6718,fit
6719,fit
6720,calibration
6721,fit
6722,calibration
6723,fit
6724,test
6725,test
6726,calibration
6727,calibration
6728,test
6729,test
6730,fit
6731,calibration
6732,fit
6733,calibration
6734,calibration
6735,fit
6736,calibration
6737,calibration
6738,fit
6739,fit
6740,fit
6741,calibration
6742,calibration
6743,test
6744,fit
6745,test
6746,fit
6747,fit
6748,fit
6749,calibration
6750,fit
6751,fit
6752,fit
6753,fit
6754,test
6755,calibration
6756,fit
6757,fit
6758,fit
6759,fit
6760,fit
6761,fit
6762,test
6763,test
6764,fit
6765,fit
6766,fit
6767,calibration
6768,calibration
6769,fit
6770,test
6771,fit
6772,fit
6773,fit
6774,fit
6775,test
6776,fit
6777,fit
6778,calibration
6779,fit
6780,fit
6781,test
6782,calibration
6783,fit
6784,calibration
6785,calibration
6786,fit
6787,calibration
6788,fit
6789,calibration
6790,fit
6791,fit
6792,calibration
6793,fit
6794,fit
6795,fit
6796,test
6797,calibration
6798,fit
6799,calibration
6800,calibration
6801,fit
6802,fit
6803,calibration
6804,fit
6805,calibration
6806,calibration
6807,fit
6808,fit
6809,fit
6810,calibration
6811,fit
6812,fit
6813,fit
6814,fit
6815,fit
6816,fit
6817,test
6818,fit
6819,calibration
6820,fit
6821,calibration
6822,test
6823,test
6824,test
6825,fit
6826,fit
6827,fit
6828,test
6829,fit
6830,fit
6831,fit
6832,test
6833,fit
6834,calibration
6835,calibration
6836,fit
6837,fit
6838,fit
6839,fit
6840,fit
6841,fit
6842,fit
6843,fit
6844,fit
6845,fit
6846,fit
6847,fit
6848,test
6849,fit
6850,test
6851,fit
6852,fit
6853,fit
6854,test
6855,fit
6856,fit
6857,fit
6858,fit
6859,calibration
6860,fit
6861,fit
6862,fit
6863,fit
6864,fit
6865,fit
6866,fit
6867,calibration
6868,test
6869,fit
6870,fit
6871,fit
6872,calibration
6873,fit
6874,fit
6875,calibration
6876,calibration
6877,fit
6878,calibration
6879,fit
6880,fit
6881,fit
6882,fit
6883,calibration
6884,test
6885,fit
6886,calibration
6887,fit
6888,fit
6889,fit
6890,fit
6891,calibration
6892,fit
6893,fit
6894,calibration
6895,fit
6896,test
6897,calibration
6898,fit
6899,fit
6900,fit
6901,calibration
6902,fit
6903,calibration
6904,test
6905,fit
6906,fit
6907,test
6908,fit
6909,test
6910,test
6911,fit
6912,fit
6913,calibration
6914,fit
6915,fit
6916,calibration
6917,test
6918,fit
6919,test
6920,fit
6921,test
6922,fit
6923,fit
6924,test
6925,test
6926,test
6927,fit
6928,test
6929,fit
6930,fit
6931,calibration
6932,fit
6933,fit
6934,fit
6935,test
6936,test
6937,fit
6938,fit
6939,fit
6940,fit
6941,test
6942,fit
6943,calibration
6944,fit
6945,calibration
6946,test
6947,fit
6948,test
6949,fit
6950,fit
6951,calibration
6952,fit
6953,fit
6954,fit
6955,fit
6956,calibration
6957,test
6958,calibration
6959,fit
6960,test
6961,fit
6962,test
6963,test
6964,calibration
6965,test
6966,calibration
6967,calibration
6968,fit
6969,fit
6970,test
6971,fit
6972,fit
6973,calibration
6974,test
6975,test
6976,fit
6977,calibration
6978,test
6979,calibration
6980,fit
6981,test
6982,fit
6983,fit
6984,fit
6985,test
6986,fit
6987,fit
6988,test
6989,calibration
6990,test
6991,fit
6992,calibration
6993,calibration
6994,fit
6995,fit
6996,fit
6997,fit
6998,calibration
6999,fit
7000,fit
7001,calibration
7002,test
7003,fit
7004,calibration
7005,test
7006,fit
7007,fit
7008,calibration
7009,fit
7010,calibration
7011,fit
7012,calibration
7013,fit
7014,calibration
7015,fit
7016,fit
7017,calibration
7018,calibration
7019,fit
7020,test
7021,fit
7022,fit
7023,fit
7024,test
7025,test
7026,test
7027,calibration
7028,fit
7029,test
7030,fit
7031,test
7032,fit
7033,fit
7034,calibration
7035,calibration
7036,fit
7037,calibration
7038,fit
7039,fit
7040,calibration
7041,calibration
7042,fit
7043,calibration
7044,test
7045,fit
7046,calibration
7047,fit
7048,fit
7049,fit
7050,fit
7051,fit
7052,fit
7053,fit
7054,fit
7055,fit
7056,test
7057,fit
7058,fit
7059,fit
7060,fit
7061,test
7062,fit
7063,fit
7064,test
7065,test
7066,fit
7067,fit
7068,fit
7069,test
7070,fit
7071,fit
7072,test
7073,fit
7074,fit
7075,calibration
7076,fit
7077,fit
7078,fit
7079,test
7080,fit
7081,fit
7082,fit
7083,fit
7084,test
7085,fit
7086,fit
7087,calibration
7088,fit
7089,fit
7090,calibration
7091,calibration
7092,fit
7093,test
7094,fit
7095,calibration
7096,test
7097,calibration
7098,calibration
7099,fit
7100,calibration
7101,fit
7102,test
7103,test
7104,calibration
7105,fit
7106,fit
7107,calibration
7108,fit
7109,fit
7110,fit
7111,fit
7112,fit
7113,fit
7114,fit
7115,fit
7116,test
7117,fit
7118,fit
7119,fit
7120,calibration
7121,fit
7122,fit
7123,calibration
7124,fit
7125,fit
7126,fit
7127,fit
7128,test
7129,fit
7130,calibration
7131,fit
7132,test
7133,fit
7134,fit
7135,test
7136,test
7137,calibration
7138,fit
7139,test
7140,test
7141,fit
7142,test
7143,calibration
7144,fit
7145,fit
7146,fit
7147,calibration
7148,fit
7149,fit
7150,fit
7151,fit
7152,fit
7153,fit
7154,test
7155,fit
7156,fit
7157,fit
7158,test
7159,fit
7160,calibration
7161,fit
7162,fit
7163,fit
7164,test
7165,fit
7166,fit
7167,calibration
7168,fit
7169,test
7170,fit
7171,test
7172,fit
7173,fit
7174,fit
7175,fit
7176,fit
7177,fit
7178,test
7179,fit
7180,fit
7181,fit
7182,fit
7183,test
7184,test
7185,fit
7186,fit
7187,fit
7188,fit
7189,fit
7190,fit
7191,test
7192,fit
7193,fit
7194,calibration
7195,fit
7196,fit
7197,fit
7198,fit
7199,fit
7200,fit
7201,test
7202,test
7203,test
7204,calibration
7205,test
7206,calibration
7207,fit
7208,fit
7209,fit
7210,fit
7211,test
7212,fit
7213,fit
7214,test
7215,test
7216,fit
7217,fit
7218,fit
7219,test
7220,test
7221,fit
7222,test
7223,fit
7224,fit
7225,test
7226,fit
7227,fit
7228,fit
7229,test
7231,calibration
7232,fit
7233,fit
7234,test
7235,calibration
7236,fit
7237,fit
7238,calibration
7239,fit
7240,fit
7241,fit
7242,fit
7243,fit
7244,test
7245,fit
7246,fit
7247,fit
7248,fit
7249,fit
7250,fit
7251,fit
7252,fit
7253,fit
7254,fit
7255,fit
7256,fit
7257,calibration
7258,fit
7259,calibration
7260,calibration
7261,fit
7262,fit
7263,fit
7264,fit
7265,fit
7266,fit
7267,fit
7268,fit
7269,fit
7270,fit
7271,test
7272,fit
7273,fit
7274,fit
7275,fit
7276,calibration
7278,test
7279,fit
7280,test
7281,fit
7282,fit
7283,fit
7284,test
7286,fit
7287,fit
7288,calibration
7289,calibration
7291,fit
7292,fit
7293,fit
7295,fit
7296,calibration
7297,test
7298,fit
7299,fit
7300,fit
7301,calibration
7302,test
7303,fit
7304,fit
7305,fit
7306,fit
7307,test
7308,fit
7309,fit
7310,test
7311,test
7312,calibration
7313,fit
7314,fit
7315,fit
7316,fit
7317,calibration
7318,fit
7319,test
7320,fit
7321,fit
7322,fit
7323,calibration
7324,fit
7325,fit
7326,fit
7327,calibration
7328,fit
7330,calibration
7331,test
7332,calibration
7333,calibration
7334,test
7335,fit
7336,test
7337,test
7338,test
7339,fit
7340,calibration
7341,fit
7342,fit
7343,test
7344,fit
7345,test
7346,fit
7347,test
7348,fit
7349,test
7350,fit
7351,calibration
7352,calibration
7353,test
7354,fit
7355,test
7356,fit
7357,test
7358,fit
7359,fit
7360,test
7361,test
7362,test
7363,fit
7364,fit
7365,fit
7366,test
7367,test
7368,calibration
7369,fit
7370,test
7371,test
7372,fit
7373,fit
7374,fit
7375,calibration
7376,calibration
7378,fit
7379,fit
7380,test
7381,fit
7382,fit
7383,fit
7384,calibration
7385,test
7386,fit
7387,calibration
7388,fit
7389,test
7390,calibration
7391,test
7392,test
7393,fit
7394,calibration
7395,fit
7396,fit
7398,fit
7399,fit
7400,calibration
7401,fit
7402,test
7403,fit
7404,fit
7405,fit
7406,fit
7407,calibration
7408,fit
7409,fit
7410,calibration
7411,test
7412,fit
7413,fit
7414,test
7415,fit
7416,fit
7417,fit
7418,calibration
7419,test
7420,calibration
7421,fit
7422,calibration
7423,calibration
7424,test
7426,fit
7427,fit
7428,fit
7429,fit
7430,fit
7431,calibration
7432,fit
7433,fit
7434,fit
7435,fit
7436,fit
7437,calibration
7438,fit
7439,fit
7440,fit
7441,fit
7442,test
7443,fit
7444,fit
7445,calibration
7446,test
7447,test
7448,fit
7449,fit
7450,fit
7451,test
7452,fit
7453,fit
7454,fit
7455,fit
7456,fit
7457,test
7459,calibration
7460,calibration
7461,fit
7462,fit
7463,fit
7464,fit
7465,fit
7466,fit
7467,fit
7468,fit
7469,test
7471,test
7472,fit
7473,fit
7474,calibration
7475,fit
7477,fit
7478,fit
7479,fit
7480,fit
7481,fit
7482,fit
7483,fit
7484,fit
7485,test
7486,calibration
7487,calibration
7488,calibration
7489,fit
7490,fit
7491,fit
7492,fit
7493,fit
7494,fit
7495,fit
7496,fit
7497,test
7498,calibration
7499,fit
7500,fit
7501,test
7502,calibration
7503,calibration
7504,test
7505,fit
7506,fit
7507,fit
7508,fit
7509,test
7510,fit
7511,fit
7512,test
7513,test
7514,calibration
7515,calibration
7516,fit
7517,fit
7518,calibration
7519,fit
7520,test
7521,fit
7522,test
7523,calibration
7524,fit
7525,test
7527,test
7528,fit
7529,fit
7530,calibration
7531,test
7532,fit
7533,test
7534,fit
7535,fit
7536,fit
7537,fit
7538,fit
7539,test
7540,fit
7541,calibration
7542,fit
7543,fit
7544,fit
7545,fit
7546,test
7547,calibration
7548,calibration
7549,fit
7550,test
7551,test
7552,fit
7553,fit
7554,fit
7555,fit
7556,calibration
7557,fit
7558,fit
7559,fit
7560,test
7561,calibration
7562,calibration
7563,calibration
7564,test
7565,fit
7566,fit
7567,fit
7568,fit
7569,fit
7570,test
7571,fit
7572,calibration
7573,test
7574,test
7575,calibration
7577,test
7578,fit
7579,fit
7580,fit
7581,fit
7582,fit
7583,fit
7584,fit
7585,test
7586,fit
7587,calibration
7588,fit
7589,test
7590,fit
7592,calibration
7593,fit
7594,fit
7595,fit
7596,fit
7597,fit
7598,fit
7599,fit
7600,fit
7601,fit
7602,calibration
7603,fit
7604,test
7605,fit
7606,calibration
7607,fit
7608,fit
7609,fit
7610,test
7611,fit
7612,fit
7613,calibration
7614,fit
7616,fit
7617,calibration
7618,fit
7619,test
7620,fit
7621,test
7622,fit
7623,fit
7624,fit
7625,fit
7626,fit
7628,calibration
7629,calibration
7630,test
7631,fit
7633,test
7634,calibration
7635,calibration
7636,fit
7637,test
7638,fit
7639,fit
7640,test
7641,fit
7642,fit
7643,fit
7644,calibration
7645,fit
7646,calibration
7647,fit
7648,fit
7649,calibration
7650,fit
7651,fit
7652,fit
7653,fit
7654,fit
7655,fit
7656,calibration
7657,fit
7658,test
7659,test
7660,test
7661,fit
7662,fit
7663,test
7665,test
7666,fit
7667,fit
7668,calibration
7669,calibration
7670,fit
7671,fit
7672,fit
7673,calibration
7674,fit
7675,fit
7676,fit
7677,test
7678,fit
7679,calibration
7680,test
7681,fit
7682,fit
7683,fit
7684,fit
7685,fit
7686,calibration
7687,fit
7688,calibration
7689,test
7690,test
7691,test
7692,fit
7693,fit
7694,test
7695,fit
7698,calibration
7699,fit
7700,test
7701,fit
7702,test
7703,fit
7704,fit
7705,fit
7706,test
7707,test
7708,fit
7709,test
7710,fit
7711,fit
7713,test
7714,fit
7715,fit
7716,fit
7717,fit
7718,fit
7719,fit
7720,test
7721,fit
7722,fit
7723,fit
7724,test
7725,fit
7726,calibration
7727,fit
7728,calibration
7729,fit
7730,fit
7731,fit
7732,calibration
7733,calibration
7734,calibration
7735,fit
7736,fit
7737,fit
7738,fit
7739,fit
7740,fit
7742,fit
7743,fit
7744,fit
7745,fit
7746,test
7747,fit
7748,fit
7749,fit
7750,test
7751,fit
7752,fit
7753,fit
7754,fit
7755,test
7756,fit
7757,fit
7758,fit
7759,test
7760,calibration
7761,test
7762,calibration
7763,fit
7764,fit
7765,test
7766,fit
7767,fit
7768,test
7769,fit
7770,fit
7771,fit
7772,fit
7773,fit
7774,fit
7775,calibration
7776,calibration
7777,test
7778,calibration
7779,calibration
7780,fit
7781,calibration
7782,fit
7783,test
7784,fit
7785,fit
7786,test
7787,fit
7788,fit
7789,test
7790,test
7791,fit
7792,fit
7793,fit
7794,fit
7795,fit
7796,test
7797,fit
7798,fit
7799,fit
7800,calibration
7801,fit
7802,test
7803,fit
7804,fit
7805,test
7806,fit
7807,fit
7808,calibration
7809,fit
7810,fit
7811,test
7812,fit
7813,test
7814,calibration
7815,fit
7816,fit
7817,fit
7818,fit
7819,fit
7820,fit
7821,fit
7822,fit
7823,fit
7824,fit
7825,calibration
7826,fit
7827,fit
7828,fit
7829,fit
7830,fit
7831,fit
7832,fit
7833,calibration
7834,calibration
7835,calibration
7836,fit
7837,calibration
7838,fit
7839,fit
7840,test
7841,calibration
7842,fit
7844,fit
7845,calibration
7846,fit
7847,fit
7848,test
7849,test
7850,test
7851,fit
7852,test
7853,calibration
7854,fit
7855,calibration
7856,fit
7857,test
7860,fit
7861,fit
7862,test
7863,calibration
7864,test
7865,fit
7866,fit
7867,fit
7868,fit
7869,fit
7870,test
7871,fit
7872,fit
7873,fit
7874,fit
7875,fit
7876,calibration
7877,fit
7878,fit
7879,fit
7880,test
7881,fit
7882,fit
7883,fit
7884,fit
7885,calibration
7887,test
7888,calibration
7889,calibration
7890,test
7891,fit
7892,fit
7893,test
7894,fit
7895,fit
7896,fit
7897,fit
7898,fit
7899,test
7900,fit
7901,calibration
7902,fit
7904,calibration
7905,fit
7906,test
7907,test
7908,test
7909,fit
7910,fit
7911,fit
7912,calibration
7913,fit
7914,fit
7915,test
7916,calibration
7917,fit
7918,fit
7919,calibration
7920,fit
7921,fit
7922,calibration
7924,fit
7925,fit
7926,fit
7927,fit
7928,fit
7929,test
7930,fit
7931,test
7932,fit
7933,fit
7934,fit
7935,fit
7936,test
7937,fit
7938,fit
7939,fit
7940,fit
7941,fit
7942,calibration
7943,fit
7944,fit
7945,test
7946,fit
7947,fit
7948,fit
7949,calibration
7950,fit
7951,fit
7952,fit
7953,calibration
7954,calibration
7955,calibration
7956,fit
7957,fit
7958,fit
7959,test
7960,fit
7962,fit
7963,fit
7964,calibration
7965,fit
7966,test
7967,fit
7968,fit
7969,calibration
7970,fit
7972,calibration
7973,calibration
7974,fit
7976,calibration
7977,fit
7979,test
7980,fit
7981,fit
7982,fit
7983,fit
7984,calibration
7985,calibration
7986,fit
7987,test
7988,calibration
7989,fit
7990,fit
7991,fit
7992,fit
7993,calibration
7994,test
7995,fit
7996,test
7997,fit
7998,fit
7999,fit
8000,fit
8001,calibration
8002,fit
8003,fit
8004,fit
8005,fit
8006,fit
8007,test
8008,fit
8009,fit
8011,calibration
8012,fit
8013,fit
8014,fit
8015,fit
8016,fit
8017,fit
8018,calibration
8019,calibration
8020,fit
8021,test
8022,fit
8023,fit
8024,test
8025,test
8026,calibration
8027,fit
8028,test
8029,calibration
8030,test
8031,fit
8032,test
8033,calibration
8035,calibration
8036,fit
8037,fit
8038,fit
8039,calibration
8040,test
8041,fit
8042,fit
8043,calibration
8044,fit
8045,fit
8046,fit
8047,fit
8048,test
8049,fit
8050,fit
8051,calibration
8052,test
8053,test
8054,calibration
8055,calibration
8056,fit
8057,test
8058,calibration
8060,calibration
8061,fit
8062,calibration
8063,fit
8064,fit
8066,test
8067,fit
8068,fit
8069,fit
8070,fit
8071,calibration
8072,fit
8073,test
8074,calibration
8075,fit
8077,fit
8078,fit
8079,fit
8080,test
8081,test
8083,fit
8084,calibration
8085,fit
8086,test
8087,calibration
8088,fit
8089,test
8090,calibration
8092,fit
8093,fit
8094,calibration
8095,calibration
8096,fit
8097,test
8098,fit
8099,calibration
8100,calibration
8101,calibration
8102,test
8103,fit
8104,test
8106,fit
8107,fit
8108,fit
8109,fit
8110,fit
8111,fit
8112,fit
8113,fit
8114,fit
8115,fit
8116,test
8117,fit
8118,test
8119,fit
8120,fit
8121,fit
8122,fit
8123,fit
8124,fit
8125,test
8126,test
8127,fit
8129,fit
8130,fit
8131,calibration
8132,fit
8133,calibration
8135,fit
8136,fit
8137,test
8138,fit
8139,fit
8140,test
8141,test
8142,test
8143,fit
8144,fit
8145,fit
8146,fit
8147,fit
8148,fit
8149,test
8150,test
8151,fit
8152,fit
8153,fit
8154,fit
8155,fit
8156,fit
8157,fit
8158,fit
8159,fit
8160,test
8161,fit
8162,fit
8163,fit
8164,fit
8165,fit
8166,fit
8167,fit
8168,test
8169,fit
8171,calibration
8172,test
8173,fit
8174,fit
8175,fit
8176,fit
8177,calibration
8178,test
8179,fit
8180,fit
8181,calibration
8182,fit
8183,fit
8184,fit
8185,fit
8186,fit
8187,fit
8188,fit
8189,test
8190,fit
8191,calibration
8192,fit
8194,fit
8195,calibration
8196,test
8197,calibration
8198,fit
8199,fit
8200,test
8201,fit
8202,fit
8203,test
8204,test
8205,fit
8206,fit
8207,fit
8208,calibration
8209,test
8210,fit
8211,test
8212,calibration
8213,fit
8214,fit
8215,fit
8216,calibration
8217,fit
8218,fit
8219,calibration
8220,fit
8221,calibration
8222,fit
8223,fit
8224,calibration
8225,fit
8226,test
8227,test
8228,fit
8229,fit
8230,test
8231,fit
8232,fit
8233,test
8234,fit
8235,calibration
8236,fit
8238,test
8239,fit
8240,fit
8241,calibration
8242,test
8243,fit
8244,test
8245,fit
8246,fit
8247,test
8248,test
8249,fit
8250,fit
8253,calibration
8254,fit
8255,fit
8256,fit
8257,test
8259,fit
8260,fit
8261,fit
8262,fit
8263,calibration
8264,fit
8265,calibration
8266,calibration
8267,calibration
8268,fit
8269,test
8270,fit
8271,calibration
8272,test
8273,test
8274,fit
8275,calibration
8276,calibration
8277,fit
8278,calibration
8279,test
8280,test
8281,test
8282,fit
8283,fit
8284,fit
8285,test
8286,fit
8287,fit
8288,test
8289,fit
8290,test
8291,fit
8292,fit
8293,fit
8294,fit
8295,fit
8296,calibration
8297,test
8298,calibration
8299,test
8300,fit
8301,fit
8302,test
8303,fit
8304,fit
8305,calibration
8306,fit
8307,fit
8308,fit
8309,calibration
8310,fit
8311,test
8312,fit
8313,fit
8314,test
8316,fit
8317,fit
8318,fit
8319,fit
8321,fit
8322,fit
8323,fit
8324,test
8325,fit
8326,test
8327,fit
8328,fit
8329,fit
8330,fit
8331,test
8332,fit
8333,test
8334,fit
8335,fit
8336,fit
8337,fit
8338,test
8339,fit
8340,test
8341,fit
8342,test
8343,test
8344,fit
8345,test
8346,calibration
8347,calibration
8348,fit
8349,fit
8350,calibration
8351,calibration
8352,calibration
8353,fit
8354,test
8355,fit
8356,calibration
8357,fit
8358,fit
8359,fit
8360,test
8361,fit
8362,calibration
8363,fit
8365,test
8366,fit
8367,fit
8369,test
8370,fit
8372,fit
8373,calibration
8374,fit
8375,fit
8376,test
8377,fit
8378,calibration
8379,fit
8380,fit
8381,fit
8382,calibration
8383,fit
8384,test
8385,fit
8386,fit
8387,fit
8388,fit
8389,fit
8390,fit
8391,fit
8392,fit
8393,test
8394,fit
8395,fit
8396,test
8397,fit
8398,test
8399,fit
8400,fit
8401,fit
8402,fit
8403,fit
8404,calibration
8405,fit
8406,fit
8407,test
8408,test
8409,fit
8410,fit
8411,fit
8412,fit
8413,calibration
8414,fit
8415,fit
8417,fit
8418,calibration
8419,calibration
8421,test
8422,fit
8423,test
8424,fit
8425,fit
8426,fit
8427,fit
8428,fit
8429,fit
8430,fit
8431,test
8432,fit
8433,fit
8434,fit
8435,fit
8436,fit
8437,fit
8438,fit
8439,calibration
8440,fit
8441,fit
8442,calibration
8443,test
8444,test
8445,calibration
8446,calibration
8447,fit
8448,fit
8450,fit
8451,fit
8453,calibration
8454,fit
8455,test
8457,fit
8458,fit
8459,fit
8460,fit
8461,fit
8462,fit
8464,test
8466,fit
8467,fit
8468,test
8469,test
8470,fit
8471,fit
8472,calibration
8473,fit
8474,calibration
8475,fit
8476,fit
8477,calibration
8478,fit
8479,test
8480,test
8481,test
8482,fit
8483,test
8484,calibration
8485,test
8486,test
8487,test
8488,test
8489,test
8490,fit
8491,fit
8492,fit
8493,fit
8494,fit
8495,fit
8496,test
8497,fit
8498,calibration
8499,fit
8500,fit
8501,fit
8503,fit
8504,fit
8505,fit
8506,fit
8507,fit
8508,test
8509,fit
8510,fit
8511,test
8513,fit
8514,fit
8515,calibration
8516,test
8517,fit
8519,fit
8520,fit
8521,fit
8522,fit
8523,fit
8524,fit
8525,fit
8526,fit
8527,calibration
8528,fit
8529,fit
8530,calibration
8531,calibration
8532,fit
8533,fit
8534,fit
8535,fit
8536,fit
8537,fit
8538,fit
8539,test
8540,calibration
8541,fit
8542,fit
8543,fit
8544,fit
8545,fit
8546,fit
8547,fit
8548,fit
8549,fit
8550,fit
8552,calibration
8553,fit
8554,fit
8555,fit
8556,fit
8557,fit
8558,fit
8559,test
8560,test
8561,fit
8562,fit
8563,fit
8564,fit
8565,fit
8566,calibration
8567,test
8568,fit
8569,fit
8570,test
8571,test
8573,fit
8574,fit
8575,fit
8576,fit
8577,calibration
8578,fit
8579,calibration
8580,fit
8581,test
8582,test
8583,fit
8584,fit
8585,fit
8586,fit
8587,fit
8588,test
8589,calibration
8590,test
8591,test
8592,fit
8593,fit
8595,calibration
8596,calibration
8597,calibration
8598,calibration
8599,calibration
8600,calibration
8601,fit
8602,test
8603,fit
8604,fit
8605,fit
8606,calibration
8607,calibration
8608,calibration
8609,fit
8610,test
8611,fit
8612,fit
8613,fit
8614,fit
8615,fit
8616,fit
8617,fit
8618,calibration
8619,fit
8620,calibration
8621,fit
8622,fit
8623,fit
8624,calibration
8625,fit
8626,calibration
8627,fit
8628,fit
8629,fit
8630,fit
8631,calibration
8632,calibration
8633,fit
8634,calibration
8635,fit
8636,calibration
8637,fit
8638,fit
8639,fit
8640,fit
8641,calibration
8642,fit
8644,fit
8645,calibration
8646,fit
8647,fit
8648,test
8649,test
8650,test
8651,calibration
8652,fit
8654,fit
8655,fit
8656,test
8657,test
8658,fit
8659,test
8660,test
8661,fit
8662,fit
8663,fit
8664,test
8665,calibration
8666,fit
8667,fit
8668,fit
8670,fit
8671,test
8672,fit
8673,test
8674,calibration
8675,calibration
8676,calibration
8677,fit
8678,test
8679,calibration
8680,fit
8681,test
8682,fit
8684,fit
8685,test
8686,fit
8687,fit
8688,test
8689,fit
8690,fit
8692,fit
8693,fit
8694,test
8695,test
8696,test
8697,fit
8698,calibration
8699,calibration
8700,fit
8701,test
8702,calibration
8703,calibration
8704,fit
8705,calibration
8706,fit
8707,fit
8708,calibration
8709,fit
8710,calibration
8711,fit
8712,fit
8713,calibration
8714,fit
8715,calibration
8716,fit
8717,calibration
8718,fit
8719,fit
8720,fit
8721,calibration
8722,fit
8723,fit
8724,calibration
8725,calibration
8726,fit
8727,fit
8728,fit
8729,calibration
8730,test
8731,fit
8732,test
8733,fit
8734,fit
8735,fit
8737,test
8738,fit
8739,fit
8741,test
8742,calibration
8743,fit
8744,test
8745,fit
8746,fit
8747,test
8748,test
8749,fit
8750,test
8751,test
8753,fit
8754,fit
8755,fit
8756,fit
8757,fit
8758,calibration
8759,calibration
8760,fit
8761,fit
8762,fit
8763,test
8764,fit
8765,fit
8766,fit
8767,fit
8768,fit
8769,test
8770,fit
8771,fit
8772,calibration
8773,fit
8774,fit
8775,fit
8776,fit
8778,fit
8779,fit
8780,fit
8781,fit
8782,calibration
8783,calibration
8784,calibration
8785,test
8786,fit
8787,fit
8788,fit
8789,fit
8790,fit
8791,fit
8792,test
8793,calibration
8794,calibration
8795,fit
8797,fit
8798,fit
8799,fit
8800,calibration
8801,fit
8802,calibration
8803,fit
8804,calibration
8805,fit
8806,test
8807,fit
8808,calibration
8809,fit
8810,fit
8811,test
8812,fit
8813,fit
8814,fit
8815,fit
8816,fit
8817,test
8818,fit
8819,calibration
8820,test
8822,fit
8823,test
8825,calibration
8827,fit
8828,test
8829,test
8830,fit
8831,fit
8832,calibration
8833,fit
8834,fit
8835,test
8836,calibration
8837,fit
8838,test
8839,fit
8840,fit
8841,fit
8842,test
8843,test
8844,fit
8845,calibration
8846,fit
8847,calibration
8848,fit
8849,fit
8850,fit
8851,test
8852,test
8854,fit
8855,fit
8856,fit
8857,test
8858,test
8859,fit
8860,test
8861,test
8862,fit
8863,fit
8864,fit
8865,test
8866,fit
8867,fit
8868,fit
8869,test
8870,test
8871,calibration
8872,test
8873,calibration
8874,fit
8875,fit
8876,fit
8877,fit
8878,test
8879,fit
8880,fit
8881,fit
8882,fit
8883,fit
8884,calibration
8885,fit
8886,fit
8888,fit
8889,fit
8890,calibration
8891,fit
8892,calibration
8893,fit
8895,test
8896,fit
8897,fit
8898,test
8899,test
8900,test
8901,fit
8902,fit
8903,fit
8904,fit
8905,fit
8906,fit
8907,calibration
8908,fit
8909,test
8910,fit
8911,calibration
8912,test
8913,fit
8914,fit
8916,fit
8917,test
8918,fit
8919,test
8920,calibration
8921,fit
8922,calibration
8923,fit
8924,test
8925,fit
8926,test
8927,fit
8928,calibration
8929,test
8930,fit
8932,fit
8933,fit
8934,fit
8935,calibration
8936,fit
8937,fit
8938,calibration
8939,fit
8940,calibration
8942,fit
8943,fit
8944,fit
8945,fit
8946,test
8947,fit
8948,calibration
8949,test
8950,fit
8951,test
8952,fit
8953,test
8954,calibration
8955,fit
8956,fit
8957,fit
8958,fit
8959,test
8960,fit
8961,fit
8962,fit
8963,fit
8964,fit
8965,fit
8966,test
8967,fit
8968,fit
8969,calibration
8971,fit
8972,fit
8973,fit
8974,test
8975,calibration
8976,fit
8977,test
8978,fit
8979,test
8980,calibration
8981,fit
8982,fit
8983,test
8984,test
8985,calibration
8986,fit
8987,calibration
8988,test
8989,fit
8990,fit
8992,fit
8993,fit
8994,calibration
8995,fit
8996,test
8997,test
8998,test
8999,fit
9000,fit
9001,fit
9002,fit
9003,fit
9005,fit
9006,test
9007,calibration
9008,fit
9009,fit
9010,fit
9011,fit
9012,fit
9013,fit
9014,calibration
9015,fit
9016,fit
9017,fit
9018,test
9019,fit
9020,calibration
9021,test
9023,fit
9024,fit
9025,test
9026,test
9027,fit
9028,test
9029,calibration
9030,fit
9032,fit
9034,fit
9035,fit
9036,test
9037,fit
9038,calibration
9039,fit
9040,calibration
9041,fit
9042,fit
9043,test
9044,fit
9045,test
9046,fit
9047,fit
9049,calibration
9050,fit
9051,fit
9052,fit
9053,fit
9054,fit
9055,fit
9056,fit
9057,calibration
9058,fit
9059,test
9060,test
9061,fit
9062,fit
9064,fit
9065,test
9066,fit
9068,fit
9069,fit
9070,calibration
9071,test
9072,calibration
9073,fit
9074,fit
9075,fit
9076,fit
9077,test
9078,calibration
9079,calibration
9080,fit
9081,calibration
9082,test
9083,fit
9084,test
9085,calibration
9086,fit
9087,calibration
9088,test
9089,fit
9090,fit
9091,fit
9092,fit
9093,test
9094,fit
9095,test
9096,fit
9097,fit
9098,fit
9099,fit
9100,fit
9101,fit
9102,test
9103,fit
9104,calibration
9105,calibration
9106,fit
9107,fit
9108,fit
9109,fit
9110,fit
9111,fit
9112,test
9113,fit
9114,calibration
9115,calibration
9116,fit
9117,calibration
9118,fit
9119,calibration
9120,fit
9121,fit
9122,fit
9123,fit
9124,test
9125,fit
9126,test
9128,fit
9129,fit
9130,fit
9131,fit
9132,fit
9133,fit
9134,fit
9135,fit
9136,calibration
9137,fit
9138,calibration
9139,fit
9140,fit
9141,fit
9142,test
9143,fit
9144,fit
9145,test
9146,test
9147,fit
9148,test
9149,fit
9150,fit
9152,fit
9153,fit
9154,fit
9155,test
9156,fit
9157,test
9158,fit
9159,test
9160,fit
9161,fit
9163,calibration
9164,fit
9165,fit
9166,fit
9167,calibration
9168,fit
9169,fit
9170,test
9171,calibration
9172,fit
9173,test
9174,calibration
9175,test
9176,test
9177,fit
9178,calibration
9179,fit
9180,fit
9181,fit
9182,fit
9183,fit
9184,fit
9186,fit
9187,fit
9188,calibration
9189,calibration
9190,test
9191,test
9192,calibration
9193,fit
9194,fit
9195,fit
9196,calibration
9197,fit
9198,test
9199,fit
9200,fit
9201,fit
9202,fit
9203,test
9204,fit
9205,fit
9206,fit
9207,test
9209,test
9210,fit
9211,test
9212,calibration
9213,fit
9214,fit
9215,test
9216,fit
9217,test
9218,fit
9219,test
9220,fit
9221,test
9222,fit
9223,test
9224,fit
9225,fit
9226,fit
9227,test
9228,test
9229,fit
9230,fit
9231,fit
9232,calibration
9233,fit
9234,fit
9235,fit
9236,fit
9237,calibration
9238,fit
9239,fit
9240,test
9241,test
9242,fit
9243,calibration
9244,test
9245,calibration
9246,test
9248,fit
9249,fit
9250,fit
9251,calibration
9252,fit
9253,test
9254,fit
9255,test
9256,test
9257,fit
9258,fit
9259,fit
9260,fit
9261,fit
9262,fit
9263,calibration
9264,fit
9265,test
9266,fit
9267,fit
9268,test
9269,fit
9270,fit
9271,test
9272,fit
9273,fit
9274,test
9275,test
9276,fit
9277,calibration
9278,fit
9279,fit
9280,calibration
9281,test
9282,calibration
9283,fit
9284,calibration
9285,calibration
9286,calibration
9287,test
9288,calibration
9289,test
9290,test
9291,fit
9292,fit
9293,calibration
9294,fit
9295,fit
9296,fit
9297,fit
9298,fit
9299,fit
9300,fit
9301,fit
9303,test
9304,fit
9305,fit
9306,fit
9307,test
9308,fit
9309,test
9311,calibration
9312,test
9313,test
9314,calibration
9315,calibration
9316,fit
9317,test
9318,fit
9319,fit
9320,fit
9321,fit
9322,fit
9323,fit
9324,fit
9325,fit
9326,fit
9327,fit
9328,calibration
9329,calibration
9330,test
9331,calibration
9332,fit
9333,fit
9334,calibration
9335,calibration
9336,test
9337,fit
9338,fit
9339,test
9340,fit
9341,calibration
9342,test
9344,calibration
9345,fit
9347,fit
9348,fit
9349,test
9350,fit
9351,fit
9352,fit
9353,fit
9354,fit
9355,test
9356,test
9357,fit
9358,test
9359,test
9360,fit
9361,fit
9362,fit
9363,test
9364,calibration
9365,test
9366,calibration
9367,fit
9369,fit
9370,fit
9371,test
9373,fit
9374,fit
9375,calibration
9376,calibration
9377,calibration
9378,fit
9379,fit
9380,fit
9381,test
9382,calibration
9383,calibration
9384,fit
9385,test
9386,fit
9388,calibration
9389,test
9390,fit
9391,fit
9392,test
9393,fit
9394,fit
9395,fit
9396,fit
9397,fit
9399,calibration
9400,test
9401,fit
9402,calibration
9403,fit
9404,fit
9405,calibration
9406,fit
9407,fit
9408,fit
9409,calibration
9410,fit
9411,fit
9412,fit
9413,fit
9414,fit
9415,fit
9416,fit
9417,test
9418,test
9419,fit
9420,fit
9421,fit
9422,calibration
9423,calibration
9424,calibration
9426,fit
9427,test
9428,fit
9429,test
9430,fit
9431,calibration
9432,fit
9433,test
9434,fit
9435,calibration
9436,fit
9437,test
9438,fit
9439,fit
9440,fit
9441,test
9442,fit
9443,test
9444,fit
9445,fit
9446,fit
9447,calibration
9448,fit
9449,calibration
9450,fit
9451,fit
9452,fit
9453,test
9454,fit
9455,fit
9456,fit
9457,calibration
9458,fit
9459,calibration
9460,fit
9461,fit
9462,test
9463,test
9464,fit
9465,fit
9466,fit
9467,calibration
9469,fit
9470,test
9472,fit
9473,fit
9474,test
9475,test
9476,fit
9478,fit
9479,test
9481,calibration
9482,fit
9483,fit
9484,test
9485,fit
9486,fit
9487,test
9488,fit
9489,fit
9490,test
9491,fit
9492,calibration
9493,calibration
9494,fit
9495,fit
9496,fit
9497,test
9498,fit
9499,fit
9500,fit
9501,fit
9502,fit
9503,fit
9504,fit
9505,calibration
9506,test
9507,test
9508,test
9509,calibration
9510,fit
9511,fit
9512,test
9513,fit
9514,fit
9515,fit
9516,fit
9517,test
9518,fit
9519,fit
9520,test
9521,fit
9522,fit
9523,fit
9524,fit
9525,fit
9526,test
9527,fit
9528,test
9529,test
9530,fit
9531,fit
9532,fit
9533,fit
9534,fit
9535,calibration
9536,fit
9537,test
9538,calibration
9539,fit
9540,fit
9541,calibration
9542,fit
9543,fit
9544,test
9545,fit
9546,fit
9547,fit
9548,fit
9549,fit
9550,test
9551,calibration
9552,test
9553,test
9554,calibration
9555,calibration
9556,fit
9557,fit
9558,fit
9559,fit
9560,calibration
9561,calibration
9562,fit
9563,fit
9564,fit
9565,fit
9566,fit
9567,fit
9568,fit
9569,fit
9570,test
9572,fit
9573,fit
9574,test
9575,fit
9576,fit
9577,test
9578,fit
9580,fit
9581,test
9582,test
9583,test
9584,test
9585,calibration
9586,fit
9587,test
9588,fit
9589,fit
9590,fit
9591,calibration
9592,fit
9593,fit
9594,fit
9595,fit
9596,fit
9597,test
9598,fit
9599,fit
9600,fit
9601,fit
9602,fit
9603,fit
9604,calibration
9605,test
9606,test
9607,fit
9608,fit
9609,fit
9610,calibration
9611,fit
9612,fit
9613,fit
9614,fit
9615,calibration
9616,calibration
9617,fit
9618,calibration
9619,test
9620,test
9622,test
9623,test
9624,calibration
9625,fit
9626,calibration
9627,calibration
9628,fit
9629,fit
9630,calibration
9631,fit
9632,fit
9633,fit
9635,calibration
9636,fit
9637,fit
9638,fit
9639,fit
9640,fit
9641,calibration
9642,test
9643,test
9644,calibration
9645,calibration
9646,test
9647,fit
9648,calibration
9649,fit
9650,fit
9651,fit
9652,test
9653,calibration
9654,test
9655,test
9656,fit
9657,fit
9658,fit
9659,calibration
9660,fit
9661,test
9662,fit
9663,calibration
9664,fit
9665,test
9666,test
9667,fit
9668,fit
9669,calibration
9670,fit
9671,test
9672,test
9673,fit
9674,fit
9675,fit
9676,fit
9677,calibration
9678,calibration
9679,fit
9680,fit
9681,fit
9682,fit
9683,test
9684,fit
9685,fit
9686,fit
9687,fit
9688,calibration
9689,fit
9690,test
9691,test
9693,fit
9694,test
9695,fit
9696,calibration
9697,test
9698,fit
9699,test
9700,fit
9701,fit
9703,fit
9704,fit
9705,test
9706,fit
9707,fit
9708,fit
9709,fit
9710,test
9711,test
9712,fit
9713,calibration
9714,fit
9715,calibration
9716,fit
9717,calibration
9718,fit
9719,calibration
9720,test
9721,calibration
9722,test
9723,fit
9724,fit
9725,fit
9726,calibration
9727,fit
9728,fit
9729,calibration
9730,fit
9731,fit
9732,fit
9733,fit
9734,fit
9735,calibration
9737,fit
9739,fit
9741,fit
9742,test
9743,test
9744,test
9745,test
9746,fit
9747,test
9748,calibration
9749,fit
9750,test
9751,fit
9752,fit
9753,fit
9754,fit
9755,fit
9756,fit
9757,fit
9758,fit
9759,fit
9760,fit
9761,calibration
9762,fit
9763,fit
9764,fit
9766,fit
9767,fit
9768,test
9769,fit
9770,fit
9771,fit
9772,test
9773,calibration
9774,fit
9775,test
9776,calibration
9777,fit
9778,fit
9779,calibration
9780,fit
9781,fit
9782,fit
9783,fit
9784,test
9785,fit
9786,fit
9787,calibration
9788,fit
9789,fit
9790,fit
9791,fit
9792,fit
9793,fit
9794,calibration
9795,fit
9796,fit
9797,calibration
9798,test
9799,fit
9800,fit
9801,test
9802,calibration
9804,fit
9805,fit
9806,test
9807,fit
9809,fit
9810,calibration
9811,test
9812,fit
9813,calibration
9814,test
9816,test
9817,fit
9818,fit
9819,fit
9820,fit
9821,test
9822,fit
9823,fit
9824,fit
9825,fit
9826,fit
9827,test
9829,fit
9830,test
9831,fit
9832,fit
9833,fit
9834,fit
9835,test
9836,test
9837,fit
9838,fit
9839,fit
9840,test
9841,fit
9842,test
9843,test
9844,fit
9845,test
9846,fit
9847,fit
9848,fit
9849,calibration
9850,fit
9851,fit
9852,fit
9853,calibration
9854,test
9856,fit
9857,fit
9858,fit
9859,fit
9860,fit
9861,test
9862,fit
9863,fit
9864,test
9865,fit
9866,fit
9867,fit
9868,fit
9869,calibration
9870,test
9871,fit
9872,fit
9873,test
9874,fit
9875,fit
9876,fit
9877,fit
9878,fit
9879,fit
9880,fit
9881,test
9882,fit
9883,fit
9884,calibration
9885,fit
9886,fit
9887,calibration
9888,calibration
9889,fit
9890,test
9891,calibration
9892,fit
9893,fit
9894,fit
9895,test
9896,test
9897,fit
9898,fit
9899,fit
9900,test
9901,fit
9902,fit
9903,fit
9904,fit
9905,fit
9906,calibration
9907,fit
9908,calibration
9909,fit
9910,fit
9911,fit
9912,test
9913,fit
9914,fit
9916,calibration
9917,fit
9918,test
9919,fit
9920,fit
9921,fit
9922,fit
9923,test
9925,fit
9926,calibration
9927,fit
9928,fit
9929,fit
9930,fit
9931,test
9932,fit
9933,test
9934,fit
9935,fit
9936,calibration
9937,fit
9938,fit
9939,fit
9940,fit
9941,fit
9942,test
9943,fit
9945,calibration
9946,fit
9947,fit
9948,fit
9949,fit
9951,fit
9952,calibration
9953,calibration
9954,test
9955,calibration
9956,test
9957,fit
9958,fit
9959,fit
9960,fit
9961,fit
9962,fit
9963,fit
9964,fit
9965,fit
9966,fit
9967,fit
9968,fit
9969,fit
9970,test
9971,test
9972,fit
9973,fit
9974,calibration
9975,test
9976,fit
9977,fit
9978,fit
9979,test
9980,fit
9981,fit
9982,calibration
9983,fit
9984,calibration
9985,test
9986,fit
9987,test
9988,test
9989,fit
9990,fit
9991,test
9992,test
9993,test
9994,fit
9995,fit
9996,test
9997,calibration
9998,fit
9999,fit
10000,fit
10001,fit
10002,fit
10003,fit
10004,fit
10005,test
10006,fit
10007,fit
10008,fit
10009,fit
10010,fit
10011,test
10012,calibration
10013,fit
10014,fit
10015,test
10016,fit
10017,test
10018,fit
10019,fit
10020,calibration
10021,test
10022,fit
10023,calibration
10024,fit
10025,test
10026,calibration
10027,fit
10028,fit
10029,fit
10030,fit
10031,fit
10032,fit
10033,test
10034,calibration
10035,fit
10036,calibration
10037,fit
10038,test
10039,fit
10040,test
10041,fit
10042,calibration
10043,fit
10044,fit
10045,fit
10046,test
10047,calibration
10048,test
10049,test
10050,calibration
10051,fit
10052,fit
10053,fit
10054,test
10056,test
10057,fit
10058,fit
10059,fit
10060,test
10061,fit
10062,fit
10063,fit
10064,fit
10065,fit
10066,fit
10067,fit
10068,fit
10069,fit
10070,fit
10072,calibration
10073,calibration
10074,fit
10075,test
10076,fit
10077,test
10078,fit
10079,test
10080,fit
10081,fit
10082,fit
10083,fit
10084,fit
10085,calibration
10086,fit
10087,fit
10088,fit
10089,calibration
10090,calibration
10091,fit
10092,fit
10093,test
10094,fit
10095,fit
10096,fit
10097,fit
10098,fit
10099,test
10100,test
10101,test
10102,fit
10103,calibration
10104,calibration
10106,calibration
10107,fit
10108,fit
10109,test
10110,fit
10111,test
10112,fit
10113,test
10114,fit
10115,fit
10116,calibration
10117,fit
10118,test
10119,calibration
10120,calibration
10121,fit
10122,fit
10123,calibration
10124,fit
10125,calibration
10126,fit
10127,fit
10128,fit
10129,test
10130,fit
10131,fit
10132,calibration
10133,fit
10134,fit
10135,fit
10136,fit
10137,fit
10138,calibration
10139,test
10140,fit
10141,fit
10142,calibration
10143,fit
10144,fit
10145,test
10146,fit
10147,fit
10149,fit
10150,test
10151,fit
10152,fit
10153,calibration
10154,calibration
10155,fit
10156,calibration
10157,fit
10158,test
10159,fit
10161,calibration
10162,test
10163,fit
10164,fit
10165,fit
10166,fit
10167,fit
10169,calibration
10170,test
10171,test
10172,calibration
10173,fit
10174,calibration
10175,fit
10176,fit
10177,fit
10178,calibration
10179,test
10180,fit
10181,test
10182,fit
10183,fit
10184,fit
10185,fit
10186,fit
10187,fit
10188,fit
10189,fit
10190,test
10191,fit
10192,fit
10194,fit
10195,test
10196,test
10197,fit
10198,test
10199,fit
10200,fit
10201,fit
10202,fit
10203,test
10204,test
10205,fit
10206,test
10207,fit
10208,fit
10209,test
10210,test
10212,fit
10213,fit
10214,fit
10215,test
10216,fit
10217,fit
10218,fit
10219,fit
10220,fit
10221,test
10222,test
10223,fit
10225,fit
10226,test
10227,fit
10228,fit
10229,fit
10230,fit
10231,fit
10233,test
10234,test
10235,fit
10236,calibration
10237,fit
10238,fit
10240,fit
10241,test
10242,test
10243,test
10244,fit
10245,calibration
10246,test
10247,test
10248,fit
10249,calibration
10250,calibration
10251,test
10252,fit
10253,fit
10255,test
10257,fit
10258,fit
10259,test
10260,fit
10261,calibration
10262,calibration
10263,fit
10264,fit
10265,fit
10266,calibration
10267,test
10268,fit
10269,fit
10270,test
10272,test
10273,fit
10274,fit
10275,fit
10276,fit
10277,test
10278,fit
10279,calibration
10280,fit
10281,fit
10282,test
10283,fit
10284,fit
10285,calibration
10286,calibration
10287,calibration
10288,calibration
10289,fit
10290,fit
10291,fit
10292,calibration
10293,fit
10294,fit
10295,fit
10296,fit
10297,test
10298,fit
10299,fit
10300,fit
10301,fit
10302,fit
10303,fit
10304,fit
10305,calibration
10306,test
10307,test
10308,fit
10309,calibration
10310,test
10311,test
10312,fit
10313,fit
10314,fit
10315,fit
10316,test
10317,fit
10318,calibration
10319,calibration
10320,calibration
10321,calibration
10322,fit
10323,fit
10324,fit
10325,fit
10326,fit
10327,test
10328,test
10329,fit
10330,fit
10331,test
10332,fit
10333,calibration
10335,calibration
10336,fit
10337,calibration
10338,test
10339,fit
10340,fit
10341,fit
10342,fit
10343,test
10344,test
10345,fit
10346,calibration
10347,fit
10348,fit
10349,fit
10350,calibration
10351,fit
10352,calibration
10353,fit
10354,fit
10355,fit
10356,fit
10357,fit
10358,fit
10359,calibration
10360,test
10361,fit
10362,test
10363,fit
10364,fit
10366,test
10367,test
10368,fit
10369,fit
10370,fit
10371,test
10372,fit
10373,fit
10374,fit
10375,fit
10376,fit
10377,test
10378,fit
10379,fit
10382,fit
10383,fit
10384,fit
10385,fit
10386,fit
10388,fit
10389,test
10390,test
10391,fit
10392,fit
10393,calibration
10394,fit
10395,test
10396,calibration
10397,fit
10398,test
10399,fit
10400,fit
10401,fit
10402,test
10403,test
10404,test
10405,fit
10407,test
10408,fit
10410,fit
10411,fit
10412,fit
10413,test
10414,test
10415,test
10416,calibration
10417,test
10418,fit
10419,fit
10420,fit
10422,calibration
10423,fit
10424,fit
10425,calibration
10426,fit
10427,test
10428,fit
10429,test
10430,fit
10431,calibration
10432,test
10433,fit
10434,fit
10435,fit
10436,fit
10437,test
10438,fit
10439,fit
10440,fit
10441,fit
10442,fit
10444,fit
10445,fit
10446,fit
10448,fit
10449,fit
10450,fit
10451,calibration
10452,fit
10453,fit
10454,fit
10455,fit
10456,test
10457,test
10458,fit
10459,test
10460,calibration
10461,fit
10462,fit
10463,fit
10464,fit
10465,calibration
10466,fit
10467,calibration
10468,fit
10470,test
10471,fit
10472,fit
10473,fit
10474,test
10475,calibration
10476,fit
10477,calibration
10478,calibration
10479,fit
10480,fit
10481,fit
10482,test
10483,fit
10484,fit
10485,fit
10486,test
10487,fit
10488,fit
10489,calibration
10490,test
10491,fit
10492,fit
10493,fit
10494,test
10495,calibration
10496,fit
10497,calibration
10498,test
10499,test
10500,calibration
10501,fit
10502,fit
10503,fit
10504,fit
10505,fit
10506,test
10508,fit
10509,calibration
10511,calibration
10512,test
10513,fit
10514,test
10515,fit
10516,test
10518,calibration
10519,fit
10520,test
10521,fit
10522,fit
10523,fit
10524,calibration
10525,fit
10526,fit
10527,fit
10528,fit
10529,fit
10530,calibration
10531,test
10533,fit
10534,fit
10535,test
10536,test
10537,fit
10538,fit
10539,fit
10541,test
10542,calibration
10543,calibration
10544,fit
10545,fit
10546,fit
10547,fit
10548,fit
10549,test
10550,fit
10551,fit
10552,fit
10553,calibration
10554,calibration
10555,fit
10556,test
10557,fit
10558,test
10560,calibration
10561,fit
10562,test
10563,test
10564,calibration
10565,calibration
10566,fit
10567,calibration
10568,fit
10569,fit
10570,calibration
10571,fit
10572,fit
10573,fit
10574,fit
10575,fit
10576,test
10577,fit
10578,fit
10579,fit
10580,test
10581,fit
10582,fit
10583,fit
10584,fit
10585,fit
10586,fit
10587,fit
10588,test
10589,fit
10590,fit
10591,test
10593,fit
10594,fit
10595,calibration
10596,test
10597,fit
10598,test
10599,fit
10600,fit
10601,calibration
10602,fit
10603,test
10605,fit
10606,test
10607,test
10609,fit
10610,fit
10611,fit
10612,test
10613,fit
10614,calibration
10615,fit
10616,calibration
10617,fit
10618,fit
10619,test
10620,fit
10621,fit
10622,test
10623,fit
10624,test
10625,fit
10626,fit
10627,calibration
10628,fit
10629,fit
10630,calibration
10631,test
10632,test
10633,test
10634,calibration
10635,fit
10636,fit
10637,calibration
10638,test
10639,fit
10640,calibration
10641,fit
10642,test
10643,fit
10644,fit
10645,fit
10646,fit
10647,fit
10648,calibration
10649,fit
10653,fit
10654,fit
10655,fit
10656,fit
10657,fit
10658,test
10659,fit
10660,fit
10661,fit
10662,fit
10663,fit
10664,fit
10665,fit
10666,test
10667,calibration
10668,calibration
10669,test
10670,fit
10671,calibration
10672,calibration
10673,calibration
10674,calibration
10675,test
10676,test
10677,fit
10678,fit
10679,fit
10680,calibration
10681,fit
10682,fit
10683,fit
10684,test
10685,fit
10686,fit
10687,calibration
10688,fit
10689,fit
10690,fit
10691,test
10692,fit
10693,fit
10694,test
10695,fit
10696,calibration
10698,calibration
10699,test
10700,calibration
10701,fit
10702,fit
10703,fit
10704,calibration
10705,calibration
10706,calibration
10707,fit
10708,test
10709,fit
10710,fit
10712,fit
10713,fit
10715,test
10716,fit
10717,fit
10718,fit
10720,fit
10721,fit
10722,fit
10723,fit
10724,fit
10725,calibration
10726,fit
10727,test
10728,fit
10729,fit
10730,fit
10731,test
10732,fit
10734,fit
10736,test
10737,calibration
10738,calibration
10739,fit
10740,fit
10741,calibration
10742,fit
10743,test
10744,fit
10745,fit
10746,fit
10747,fit
10748,calibration
10749,fit
10750,fit
10751,test
10752,fit
10753,fit
10755,fit
10756,test
10757,fit
10758,fit
10759,fit
10760,fit
10761,calibration
10762,fit
10763,calibration
10764,fit
10765,calibration
10766,fit
10767,fit
10768,calibration
10769,fit
10770,calibration
10771,test
10772,fit
10773,fit
10774,calibration
10775,fit
10776,fit
10777,fit
10778,calibration
10779,fit
10780,fit
10781,fit
10782,fit
10784,fit
10785,fit
10786,calibration
10787,fit
10788,test
10789,fit
10790,test
10791,fit
10792,calibration
10793,test
10794,fit
10795,test
10796,fit
10797,calibration
10798,fit
10799,fit
10800,fit
10801,fit
10802,fit
10803,fit
10804,fit
10805,fit
10806,fit
10807,calibration
10808,test
10809,test
10810,test
10811,calibration
10812,calibration
10813,fit
10814,fit
10815,fit
10816,fit
10817,fit
10818,fit
10819,fit
10820,fit
10821,fit
10822,fit
10823,calibration
10824,calibration
10825,test
10826,test
10827,fit
10828,fit
10829,test
10830,fit
10831,calibration
10832,fit
10833,fit
10834,calibration
10835,fit
10836,fit
10837,fit
10839,fit
10842,fit
10843,fit
10844,fit
10845,fit
10846,fit
10847,test
10848,test
10849,fit
10850,fit
10851,fit
10852,calibration
10853,test
10854,fit
10855,calibration
10856,fit
10857,fit
10858,fit
10859,fit
10860,test
10861,fit
10862,fit
10863,fit
10864,calibration
10865,calibration
10866,calibration
10867,fit
10868,calibration
10869,test
10870,fit
10871,test
10872,fit
10873,fit
10874,calibration
10875,fit
10876,fit
10877,fit
10878,fit
10879,test
10880,fit
10881,fit
10883,calibration
10884,fit
10885,fit
10886,fit
10887,calibration
10888,fit
10889,fit
10890,fit
10891,test
10892,fit
10893,test
10894,test
10895,test
10896,fit
10897,test
10898,fit
10899,fit
10900,fit
10901,calibration
10902,calibration
10903,calibration
10904,fit
10905,fit
10906,fit
10907,fit
10908,fit
10909,fit
10910,test
10911,fit
10912,fit
10913,calibration
10914,calibration
10915,fit
10916,calibration
10917,fit
10918,fit
10919,fit
10920,fit
10921,fit
10922,calibration
10923,fit
10925,fit
10926,fit
10927,calibration
10928,test
10929,calibration
10930,fit
10931,test
10932,fit
10934,fit
10935,fit
10936,fit
10937,calibration
10938,fit
10939,fit
10940,fit
10941,fit
10942,fit
10943,fit
10944,test
10945,test
10946,fit
10947,fit
10948,fit
10949,calibration
10950,test
10951,fit
10952,fit
10953,fit
10954,calibration
10955,fit
10956,calibration
10957,fit
10958,fit
10959,fit
10960,fit
10961,fit
10962,calibration
10963,fit
10964,fit
10965,fit
10966,fit
10967,fit
10968,test
10969,calibration
10970,fit
10971,calibration
10972,calibration
10973,fit
10974,test
10975,fit
10976,test
10977,calibration
10978,test
10979,fit
10980,fit
10981,calibration
10982,fit
10984,test
10985,fit
10986,fit
10987,fit
10988,fit
10989,fit
10990,fit
10993,fit
10994,test
10995,test
10996,fit
10997,calibration
10998,fit
10999,fit
11000,fit
11001,fit
11002,fit
11003,fit
11004,fit
11006,fit
11007,fit
11008,fit
11009,fit
11010,test
11011,fit
11012,fit
11013,test
11014,test
11015,fit
11016,calibration
11017,fit
11018,fit
11019,calibration
11020,fit
11021,fit
11022,calibration
11024,test
11025,calibration
11026,fit
11027,fit
11028,test
11029,fit
11030,test
11031,fit
11032,fit
11033,calibration
11034,fit
11035,fit
11036,fit
11037,fit
11038,calibration
11039,fit
11040,fit
11041,fit
11042,fit
11044,fit
11045,fit
11046,calibration
11047,fit
11048,fit
11049,fit
11050,fit
11051,fit
11052,fit
11053,calibration
11054,calibration
11055,fit
11056,fit
11057,fit
11058,fit
11059,fit
11060,fit
11061,fit
11062,test
11063,test
11065,calibration
11066,calibration
11067,fit
11068,fit
11069,fit
11070,fit
11071,fit
11072,test
11073,fit
11074,test
11075,fit
11076,fit
11077,fit
11078,fit
11079,fit
11082,test
11083,fit
11084,fit
11085,test
11086,test
11087,fit
11088,calibration
11089,fit
11090,fit
11091,calibration
11092,fit
11093,fit
11094,fit
11095,calibration
11096,fit
11097,fit
11098,fit
11099,fit
11100,calibration
11101,test
11102,test
11103,fit
11104,fit
11105,fit
11106,fit
11107,fit
11108,calibration
11109,calibration
11110,fit
11111,fit
11112,fit
11113,test
11114,fit
11115,fit
11116,fit
11117,fit
11118,fit
11119,fit
11120,calibration
11121,fit
11122,calibration
11123,fit
11124,fit
11125,fit
11126,fit
11127,fit
11128,test
11129,fit
11130,fit
11131,calibration
11132,fit
11133,fit
11134,calibration
11135,fit
11136,test
11137,fit
11138,calibration
11139,test
11140,test
11141,calibration
11142,fit
11143,fit
11144,fit
11145,calibration
11146,fit
11147,fit
11148,fit
11149,fit
11150,fit
11151,fit
11152,fit
11153,fit
11154,fit
11155,test
11156,test
11157,test
11158,fit
11159,fit
11160,test
11161,test
11162,fit
11163,fit
11164,test
11165,fit
11167,calibration
11168,fit
11169,fit
11170,fit
11171,test
11172,calibration
11173,fit
11174,fit
11175,test
11176,test
11177,calibration
11178,fit
11179,fit
11180,fit
11181,fit
11182,test
11183,calibration
11184,fit
11185,test
11186,fit
11187,test
11188,fit
11189,fit
11190,calibration
11191,fit
11192,fit
11193,test
11194,test
11195,test
11196,fit
11197,calibration
11198,test
11199,calibration
11200,fit
11201,fit
11202,fit
11203,fit
11204,fit
11205,test
11206,fit
11207,fit
11208,fit
11209,test
11210,calibration
11211,calibration
11212,fit
11213,fit
11214,calibration
11215,fit
11216,calibration
11217,fit
11218,test
11219,calibration
11220,test
11221,fit
11222,fit
11223,test
11224,test
11225,test
11226,fit
11227,calibration
11228,fit
11229,calibration
11230,fit
11231,fit
11232,fit
11233,fit
11234,fit
11235,fit
11236,test
11237,fit
11239,test
11240,calibration
11241,fit
11242,fit
11243,fit
11244,calibration
11245,fit
11246,fit
11247,calibration
11248,fit
11249,calibration
11250,fit
11251,fit
11252,fit
11253,fit
11254,fit
11256,fit
11257,fit
11258,calibration
11259,test
11260,fit
11261,calibration
11262,test
11263,fit
11264,fit
11265,calibration
11266,calibration
11268,fit
11269,test
11270,fit
11271,fit
11272,fit
11273,fit
11274,calibration
11275,test
11276,fit
11277,fit
11278,fit
11279,calibration
11280,test
11281,fit
11282,calibration
11283,test
11284,fit
11285,calibration
11286,test
11287,fit
11288,test
11289,fit
11290,fit
11291,fit
11292,fit
11293,fit
11294,fit
11295,fit
11296,fit
11298,fit
11299,fit
11300,fit
11301,fit
11302,fit
11303,fit
11304,fit
11305,fit
11306,test
11307,fit
11308,fit
11309,fit
11310,fit
11311,fit
11312,test
11313,fit
11314,fit
11315,fit
11316,fit
11317,fit
11318,fit
11319,fit
11320,fit
11321,fit
11322,fit
11323,fit
11324,fit
11325,fit
11326,fit
11329,fit
11330,fit
11331,fit
11332,test
11333,fit
11334,fit
11336,calibration
11337,fit
11338,test
11339,fit
11340,calibration
11341,calibration
11342,fit
11343,fit
11344,fit
11345,calibration
11346,fit
11347,fit
11348,fit
11349,fit
11350,calibration
11351,fit
11352,fit
11353,fit
11354,fit
11355,calibration
11356,fit
11358,fit
11359,fit
11360,fit
11361,fit
11362,fit
11363,fit
11364,test
11365,fit
11366,fit
11367,fit
11369,calibration
11370,fit
11371,test
11372,fit
11373,calibration
11374,fit
11375,test
11376,fit
11377,fit
11378,test
11379,fit
11380,fit
11381,test
11382,calibration
11383,test
11384,test
11385,calibration
11386,fit
11387,calibration
11388,calibration
11389,test
11390,fit
11391,fit
11392,fit
11393,fit
11394,fit
11395,calibration
11397,fit
11398,calibration
11399,test
11401,fit
11402,calibration
11403,fit
11404,fit
11405,fit
11406,test
11407,fit
11408,fit
11409,fit
11410,calibration
11411,calibration
11412,fit
11413,test
11414,calibration
11415,test
11416,calibration
11417,test
11418,fit
11419,fit
11420,test
11421,fit
11422,calibration
11423,calibration
11424,calibration
11425,fit
11426,fit
11427,fit
11428,fit
11429,calibration
11430,fit
11431,test
11432,fit
11433,calibration
11434,fit
11435,fit
11436,test
11437,calibration
11438,test
11439,calibration
11440,fit
11441,fit
11442,fit
11443,calibration
11444,fit
11445,fit
11446,fit
11447,fit
11448,fit
11449,fit
11450,calibration
11451,fit
11452,calibration
11453,test
11454,fit
11455,fit
11456,test
11457,fit
11458,fit
11459,calibration
11460,test
11461,fit
11462,fit
11463,fit
11464,test
11465,fit
11466,fit
11467,fit
11468,fit
11469,test
11470,test
11471,fit
11472,calibration
11473,fit
11474,test
11475,fit
11476,fit
11477,fit
11478,fit
11480,fit
11481,fit
11482,calibration
11483,fit
11484,fit
11485,fit
11486,fit
11487,fit
11488,fit
11489,fit
11490,fit
11491,fit
11492,fit
11493,fit
11494,fit
11495,test
11496,fit
11497,test
11498,fit
11499,fit
11501,calibration
11502,fit
11503,fit
11506,calibration
11507,fit
11508,test
11509,calibration
11510,fit
11511,fit
11512,fit
11513,fit
11514,calibration
11515,fit
11516,fit
11517,fit
11518,fit
11519,fit
11520,fit
11521,calibration
11522,fit
11524,fit
11525,fit
11526,fit
11527,fit
11528,calibration
11529,test
11530,fit
11533,test
11534,fit
11535,fit
11536,fit
11537,test
11538,calibration
11539,test
11540,fit
11541,calibration
11542,test
11543,fit
11544,fit
11545,calibration
11546,fit
11547,calibration
11548,fit
11549,calibration
11550,fit
11551,fit
11552,fit
11553,fit
11554,calibration
11555,fit
11556,test
11557,fit
11558,fit
11559,fit
11560,test
11561,fit
11562,fit
11563,fit
11564,fit
11565,fit
11566,calibration
11567,fit
11568,calibration
11569,calibration
11570,fit
11571,test
11572,fit
11573,calibration
11574,fit
11575,test
11576,calibration
11577,test
11578,fit
11579,fit
11580,fit
11581,test
11582,fit
11583,calibration
11584,calibration
11586,test
11587,fit
11588,fit
11589,fit
11590,fit
11591,test
11592,fit
11593,test
11594,fit
11595,fit
11596,fit
11597,test
11598,fit
11599,test
11601,fit
11602,calibration
11603,fit
11604,fit
11605,fit
11606,fit
11608,fit
11609,fit
11611,fit
11612,fit
11613,fit
11614,test
11615,fit
11616,fit
11617,fit
11618,test
11619,calibration
11620,fit
11621,test
11622,fit
11623,test
11624,fit
11625,fit
11626,test
11627,test
11628,fit
11629,fit
11630,calibration
11631,test
11632,fit
11633,fit
11634,fit
11635,fit
11636,calibration
11637,fit
11638,fit
11639,fit
11640,fit
11641,fit
11642,fit
11643,calibration
11644,fit
11645,fit
11646,fit
11647,fit
11648,fit
11649,fit
11650,fit
11651,fit
11652,fit
11653,fit
11654,fit
11655,calibration
11656,test
11657,test
11658,test
11659,fit
11660,fit
11661,fit
11662,fit
11663,fit
11664,test
11665,fit
11666,fit
11667,test
11668,calibration
11669,fit
11670,fit
11671,test
11672,calibration
11673,calibration
11674,fit
11675,test
11676,test
11677,fit
11678,calibration
11679,test
11680,fit
11681,fit
11682,test
11683,fit
11684,calibration
11685,fit
11686,test
11687,fit
11688,fit
11689,fit
11690,fit
11691,calibration
11692,fit
11693,calibration
11694,test
11695,test
11696,calibration
11697,fit
11698,fit
11699,fit
11700,calibration
11701,fit
11702,calibration
11703,test
11704,fit
11705,fit
11706,fit
11707,calibration
11709,fit
11711,fit
11712,calibration
11713,fit
11714,fit
11715,calibration
11716,test
11717,fit
11718,fit
11719,test
11720,test
11721,fit
11722,test
11723,test
11724,fit
11725,fit
11726,fit
11727,calibration
11728,fit
11729,fit
11730,fit
11731,fit
11732,test
11733,fit
11734,calibration
11735,calibration
11736,fit
11737,test
11738,fit
11739,fit
11740,fit
11741,fit
11742,test
11743,fit
11744,test
11745,calibration
11746,fit
11747,fit
11748,fit
11749,fit
11750,calibration
11751,test
11752,fit
11753,fit
11754,fit
11755,test
11756,fit
11757,fit
11758,calibration
11759,fit
11760,test
11761,fit
11762,fit
11763,fit
11764,fit
11765,fit
11767,calibration
11768,calibration
11769,fit
11771,test
11772,fit
11773,fit
11774,test
11775,fit
11776,fit
11777,test
11778,fit
11779,test
11780,fit
11781,fit
11782,fit
11783,fit
11784,fit
11785,calibration
11786,test
11787,test
11788,test
11789,calibration
11790,fit
11791,fit
11792,fit
11793,fit
11794,fit
11795,test
11796,calibration
11797,test
11798,fit
11799,calibration
11800,fit
11801,test
11802,calibration
11803,fit
11804,fit
11805,fit
11806,fit
11807,test
11808,calibration
11809,test
11810,fit
11811,fit
11812,fit
11813,fit
11814,calibration
11815,fit
11816,calibration
11817,test
11818,fit
11819,calibration
11820,fit
11821,fit
11822,calibration
11823,test
11824,fit
11825,fit
11826,calibration
11827,fit
11828,fit
11829,test
11830,fit
11831,fit
11832,test
11833,fit
11834,fit
11835,fit
11836,test
11837,calibration
11838,calibration
11839,fit
11840,fit
11841,calibration
11842,test
11843,fit
11844,fit
11845,fit
11846,test
11847,fit
11848,fit
11849,calibration
11850,fit
11851,fit
11852,test
11853,fit
11854,test
11855,fit
11856,test
11857,fit
11858,test
11860,test
11861,fit
11862,fit
11864,fit
11865,calibration
11866,calibration
11867,fit
11868,fit
11869,fit
11870,fit
11871,test
11872,calibration
11873,fit
11874,test
11875,fit
11876,test
11877,calibration
11878,fit
11879,test
11880,fit
11881,test
11882,fit
11883,fit
11884,fit
11885,fit
11886,fit
11887,fit
11888,calibration
11889,calibration
11890,fit
11891,calibration
11892,fit
11893,calibration
11894,test
11895,calibration
11896,fit
11897,fit
11898,fit
11899,fit
11900,fit
11901,test
11902,fit
11903,calibration
11904,fit
11905,calibration
11906,fit
11909,fit
11910,calibration
11911,test
11912,calibration
11913,fit
11914,test
11915,fit
11916,test
11917,fit
11918,fit
11919,test
11920,fit
11921,calibration
11922,fit
11923,test
11924,test
11925,fit
11926,fit
11927,fit
11928,fit
11929,fit
11930,fit
11931,test
11932,fit
11933,fit
11934,calibration
11935,fit
11936,fit
11937,fit
11938,test
11939,test
11940,fit
11941,test
11943,test
11944,calibration
11945,test
11946,fit
11947,fit
11948,fit
11949,fit
11950,test
11951,fit
11952,fit
11953,fit
11954,fit
11955,fit
11956,fit
11957,fit
11958,fit
11959,fit
11960,fit
11961,fit
11962,calibration
11963,fit
11964,fit
11965,fit
11966,fit
11967,fit
11968,fit
11969,fit
11970,fit
11971,fit
11972,fit
11973,calibration
11974,fit
11975,test
11976,test
11978,fit
11979,calibration
11980,fit
11981,fit
11982,fit
11983,fit
11984,fit
11985,calibration
11986,fit
11987,test
11988,fit
11989,fit
11990,test
11991,fit
11992,fit
11993,calibration
11994,test
11995,test
11996,calibration
11997,fit
11998,fit
11999,fit
12000,calibration
12001,calibration
12002,calibration
12003,fit
12004,fit
12005,calibration
12006,fit
12007,fit
12008,fit
12009,fit
12010,calibration
12011,calibration
12012,test
12013,fit
12014,test
12015,fit
12016,fit
12017,test
12018,calibration
12019,test
12020,calibration
12021,calibration
12022,test
12023,fit
12024,fit
12025,fit
12029,fit
12030,fit
12031,test
12032,test
12033,fit
12034,test
12035,fit
12036,fit
12037,test
12038,fit
12039,fit
12040,test
12041,test
12042,test
12043,test
12044,test
12045,fit
12046,fit
12047,fit
12048,fit
12049,test
12050,fit
12051,fit
12052,fit
12053,test
12054,fit
12055,fit
12056,test
12057,test
12058,fit
12059,fit
12060,fit
12061,fit
12062,fit
12063,fit
12064,fit
12065,fit
12066,fit
12067,calibration
12068,calibration
12069,fit
12070,calibration
12071,fit
12072,test
12073,fit
12074,fit
12075,fit
12076,calibration
12078,calibration
12079,fit
12080,fit
12081,fit
12082,fit
12083,fit
12084,fit
12085,fit
12086,fit
12087,fit
12088,fit
12089,calibration
12090,fit
12091,fit
12092,fit
12093,test
12094,fit
12095,fit
12096,fit
12097,fit
12098,calibration
12099,calibration
12101,fit
12102,fit
12103,test
12104,calibration
12105,calibration
12106,fit
12107,calibration
12108,test
12109,fit
12110,fit
12111,fit
12112,fit
12113,fit
12114,fit
12115,test
12116,test
12118,fit
12119,test
12120,fit
12121,fit
12122,fit
12123,test
12124,fit
12125,fit
12126,calibration
12127,test
12128,test
12129,test
12130,fit
12131,fit
12132,fit
12133,calibration
12134,fit
12135,calibration
12136,fit
12137,calibration
12138,fit
12139,fit
12140,test
12141,fit
12142,test
12143,fit
12144,fit
12145,fit
12146,fit
12147,fit
12148,fit
12149,fit
12150,fit
12151,fit
12152,fit
12153,fit
12154,calibration
12155,calibration
12156,fit
12157,fit
12158,fit
12159,test
12160,fit
12161,fit
12162,calibration
12163,fit
12164,fit
12165,test
12166,test
12167,fit
12168,fit
12169,test
12170,fit
12171,fit
12172,fit
12173,fit
12174,calibration
12175,fit
12176,fit
12177,fit
12180,test
12181,fit
12182,test
12183,test
12184,fit
12185,fit
12186,test
12187,fit
12188,fit
12189,test
12190,fit
12191,fit
12192,fit
12193,fit
12194,calibration
12195,calibration
12196,fit
12197,test
12198,fit
12200,fit
12202,fit
12203,test
12204,fit
12205,fit
12206,test
12207,fit
12208,fit
12209,fit
12210,fit
12211,fit
12212,fit
12213,calibration
12214,fit
12215,fit
12216,fit
12217,calibration
12218,fit
12220,test
12221,fit
12222,calibration
12223,fit
12224,calibration
12225,fit
12226,fit
12227,fit
12228,fit
12229,fit
12230,calibration
12231,test
12232,calibration
12233,fit
12234,test
12235,calibration
12236,fit
12237,fit
12238,fit
12239,fit
12240,fit
12241,fit
12242,test
12244,fit
12245,fit
12246,fit
12247,calibration
12248,calibration
12249,fit
12250,calibration
12251,test
12252,fit
12253,fit
12255,fit
12256,fit
12257,fit
12258,fit
12259,calibration
12260,fit
12261,fit
12262,fit
12263,fit
12264,fit
12266,fit
12267,fit
12268,fit
12269,test
12270,fit
12272,fit
12273,fit
12274,fit
12275,fit
12276,test
12277,test
12278,calibration
12279,fit
12280,fit
12281,fit
12282,fit
12283,fit
12284,fit
12285,calibration
12286,calibration
12287,calibration
12289,fit
12290,fit
12291,calibration
12292,fit
12293,fit
12294,test
12295,test
12296,fit
12297,fit
12298,test
12299,fit
12300,test
12301,fit
12302,test
12303,fit
12304,test
12305,fit
12306,fit
12307,fit
12308,fit
12309,test
12310,calibration
12311,fit
12313,fit
12314,calibration
12315,fit
12316,test
12317,test
12318,fit
12319,test
12320,calibration
12321,fit
12322,calibration
12323,fit
12324,fit
12325,fit
12326,calibration
12327,fit
12328,test
12329,calibration
12330,fit
12331,calibration
12332,calibration
12333,calibration
12334,test
12335,fit
12336,fit
12337,calibration
12338,test
12339,fit
12340,fit
12341,fit
12342,fit
12343,fit
12344,calibration
12345,calibration
12346,fit
12347,calibration
12348,fit
12349,fit
12350,fit
12351,calibration
12352,test
12353,calibration
12354,fit
12355,calibration
12356,test
12357,fit
12358,fit
12359,calibration
12360,test
12361,fit
12362,fit
12363,test
12364,calibration
12365,calibration
12366,calibration
12367,fit
12368,fit
12369,fit
12370,fit
12371,calibration
12372,calibration
12373,calibration
12374,test
12375,fit
12377,test
12378,test
12379,fit
12380,fit
12381,fit
12382,fit
12383,fit
12384,fit
12385,fit
12386,test
12387,fit
12389,fit
12390,calibration
12391,fit
12392,calibration
12394,calibration
12395,fit
12396,test
12397,fit
12398,test
12399,fit
12400,calibration
12401,calibration
12402,fit
12403,test
12404,calibration
12405,calibration
12406,fit
12407,fit
12408,test
12409,calibration
12411,test
12412,fit
12413,test
12414,calibration
12415,calibration
12416,fit
12417,calibration
12418,test
12419,test
12420,calibration
12421,fit
12422,fit
12423,fit
12424,test
12425,calibration
12426,test
12427,fit
12428,calibration
12429,fit
12430,fit
12431,fit
12432,calibration
12434,calibration
12435,fit
12436,fit
12437,fit
12438,calibration
12439,fit
12440,test
12441,fit
12442,fit
12443,fit
12444,calibration
12445,fit
12446,calibration
12447,fit
12448,fit
12449,calibration
12450,fit
12452,calibration
12453,fit
12454,calibration
12455,test
12456,fit
12457,fit
12458,fit
12459,test
12460,fit
12461,fit
12462,fit
12463,fit
12464,fit
12465,fit
12466,fit
12467,fit
12468,fit
12469,fit
12470,fit
12471,fit
12472,fit
12473,fit
12475,fit
12476,fit
12477,fit
12478,calibration
12479,fit
12480,fit
12481,test
12482,calibration
12483,fit
12484,fit
12485,fit
12486,calibration
12487,fit
12488,calibration
12489,test
12490,fit
12491,fit
12492,fit
12493,fit
12494,test
12496,fit
12497,test
12499,test
12500,fit
12502,calibration
12503,fit
12504,calibration
12505,fit
12506,test
12507,calibration
12508,test
12509,test
12510,fit
12511,calibration
12512,calibration
12513,fit
12514,fit
12515,fit
12516,calibration
12517,fit
12518,fit
12519,fit
12520,fit
12521,fit
12522,test
12523,fit
12524,fit
12525,fit
12526,calibration
12527,calibration
12528,calibration
12530,calibration
12531,calibration
12532,calibration
12533,fit
12534,calibration
12535,fit
12536,fit
12537,calibration
12538,calibration
12539,fit
12540,test
12541,test
12542,fit
12543,calibration
12544,fit
12545,test
12547,calibration
12548,fit
12549,fit
12550,fit
12551,fit
12552,test
12553,test
12554,fit
12555,fit
12556,test
12557,test
12558,fit
12559,calibration
12560,calibration
12561,fit
12562,fit
12563,fit
12564,test
12565,fit
12566,fit
12567,calibration
12568,test
12569,fit
12570,fit
12571,fit
12572,fit
12573,fit
12574,calibration
12575,fit
12576,fit
12577,fit
12578,test
12579,fit
12580,fit
12581,fit
12582,fit
12583,fit
12584,calibration
12585,fit
12586,fit
12587,fit
12588,test
12589,fit
12590,fit
12591,fit
12592,test
12593,fit
12594,test
12595,calibration
12596,calibration
12597,fit
12598,calibration
12599,calibration
12600,fit
12601,calibration
12603,fit
12604,fit
12605,fit
12606,fit
12607,fit
12608,calibration
12609,fit
12610,calibration
12611,fit
12612,calibration
12613,test
12614,fit
12615,test
12616,fit
12617,test
12618,fit
12619,test
12620,fit
12621,calibration
12622,fit
12623,calibration
12624,calibration
12625,calibration
12626,fit
12627,fit
12628,fit
12629,test
12630,fit
12631,calibration
12632,fit
12633,calibration
12634,fit
12635,fit
12636,calibration
12637,fit
12638,fit
12640,calibration
12641,test
12642,fit
12643,calibration
12644,test
12645,fit
12646,test
12647,fit
12648,fit
12650,fit
12651,calibration
12652,fit
12653,test
12654,calibration
12655,calibration
12656,calibration
12657,fit
12658,fit
12660,fit
12661,fit
12662,fit
12663,fit
12664,fit
12667,fit
12668,calibration
12669,fit
12670,test
12671,fit
12672,calibration
12673,fit
12674,test
12675,test
12676,fit
12677,fit
12678,fit
12679,fit
12680,fit
12681,fit
12682,fit
12683,calibration
12684,test
12685,fit
12686,calibration
12687,fit
12688,calibration
12689,fit
12690,fit
12691,fit
12692,fit
12693,fit
12694,fit
12695,fit
12696,fit
12697,fit
12698,fit
12699,fit
12700,fit
12701,calibration
12702,test
12703,calibration
12704,calibration
12705,calibration
12706,fit
12707,fit
12708,test
12709,calibration
12711,fit
12712,test
12713,test
12714,fit
12715,test
12716,test
12717,fit
12718,fit
12719,fit
12720,fit
12721,calibration
12722,calibration
12723,fit
12724,fit
12725,test
12726,fit
12727,calibration
12728,fit
12729,calibration
12730,fit
12731,fit
12732,test
12733,fit
12734,calibration
12735,test
12736,calibration
12737,test
12738,fit
12739,test
12740,calibration
12741,fit
12742,fit
12743,fit
12744,fit
12745,fit
12746,test
12747,calibration
12748,test
12749,fit
12750,test
12751,fit
12752,fit
12753,fit
12754,fit
12755,test
12756,calibration
12757,fit
12758,fit
12760,test
12761,fit
12762,test
12763,fit
12764,fit
12765,fit
12766,fit
12767,fit
12768,fit
12770,fit
12771,calibration
12772,fit
12773,fit
12774,fit
12775,test
12776,test
12777,calibration
12778,fit
12779,calibration
12780,test
12781,calibration
12782,fit
12783,fit
12784,test
12785,fit
12786,fit
12787,fit
12788,test
12789,fit
12790,calibration
12791,fit
12792,fit
12793,fit
12794,fit
12795,fit
12796,fit
12797,fit
12798,test
12799,test
12800,fit
12801,fit
12802,test
12803,fit
12804,fit
12805,fit
12806,fit
12807,fit
12808,fit
12809,calibration
12810,test
12811,fit
12812,fit
12813,test
12814,calibration
12815,fit
12816,test
12817,fit
12818,fit
12819,test
12820,calibration
12821,fit
12822,calibration
12823,calibration
12825,fit
12826,fit
12827,fit
12828,calibration
12829,calibration
12830,calibration
12831,calibration
12832,test
12834,fit
12835,fit
12836,fit
12837,fit
12838,fit
12839,fit
12840,fit
12841,fit
12842,fit
12843,fit
12844,fit
12845,calibration
12846,fit
12847,fit
12848,fit
12849,test
12850,calibration
12851,test
12852,fit
12853,fit
12854,fit
12855,fit
12856,fit
12857,fit
12858,calibration
12859,test
12860,fit
12861,fit
12862,fit
12863,fit
12864,test
12865,fit
12866,fit
12867,fit
12868,fit
12869,fit
12870,test
12871,test
12872,test
12873,calibration
12874,test
12875,fit
12876,test
12877,fit
12878,test
12879,fit
12880,test
12881,test
12882,fit
12883,calibration
12884,test
12885,fit
12886,fit
12887,calibration
12888,test
12889,test
12890,fit
12891,test
12892,fit
12893,calibration
12894,test
12895,fit
12896,test
12897,fit
12898,fit
12899,test
12900,fit
12901,fit
12902,fit
12903,fit
12904,fit
12905,fit
12906,calibration
12907,fit
12909,calibration
12910,fit
12911,calibration
12912,fit
12913,test
12914,fit
12915,fit
12916,fit
12917,fit
12918,test
12919,fit
12920,fit
12921,calibration
12922,fit
12924,test
12925,test
12926,fit
12927,calibration
12928,fit
12929,fit
12930,test
12931,fit
12932,fit
12933,fit
12934,fit
12935,fit
12936,calibration
12937,test
12938,fit
12939,fit
12940,fit
12941,calibration
12942,test
12943,calibration
12944,calibration
12947,calibration
12948,fit
12949,fit
12950,fit
12951,fit
12952,fit
12953,fit
12954,test
12955,fit
12956,fit
12957,fit
12958,fit
12959,calibration
12960,test
12961,test
12962,fit
12963,fit
12964,fit
12965,calibration
12966,fit
12968,test
12970,fit
12971,test
12972,fit
12973,fit
12974,fit
12975,fit
12976,test
12977,fit
12978,fit
12979,test
12980,fit
12981,test
12982,fit
12983,calibration
12984,fit
12985,fit
12986,fit
12987,test
12988,fit
12989,fit
12990,calibration
12991,fit
12992,fit
12993,test
12994,fit
12995,fit
12996,test
12997,test
12998,fit
12999,fit
13000,test
13001,fit
13002,calibration
13003,calibration
13004,fit
13005,fit
13006,fit
13007,calibration
13008,fit
13010,fit
13011,calibration
13012,fit
13014,fit
13015,fit
13016,fit
13017,fit
13018,fit
13019,calibration
13020,test
13021,fit
13022,fit
13023,test
13024,fit
13025,fit
13026,calibration
13027,calibration
13028,test
13029,fit
13030,calibration
13031,fit
13032,calibration
13033,fit
13034,fit
13035,test
13036,fit
13037,fit
13038,fit
13039,test
13040,fit
13041,fit
13042,test
13043,calibration
13045,fit
13046,calibration
13047,calibration
13048,test
13049,fit
13050,test
13051,fit
13052,fit
13053,calibration
13054,fit
13055,fit
13056,fit
13057,calibration
13058,calibration
13059,fit
13060,fit
13061,fit
13062,test
13063,fit
13064,fit
13065,calibration
13066,calibration
13067,fit
13068,fit
13069,fit
13070,fit
13071,fit
13072,fit
13073,fit
13074,fit
13075,test
13076,calibration
13077,test
13078,fit
13079,fit
13080,fit
13081,fit
13082,fit
13083,calibration
13084,test
13085,test
13086,test
13087,fit
13088,test
13089,fit
13090,fit
13091,fit
13092,fit
13093,calibration
13094,calibration
13096,fit
13097,fit
13098,test
13099,fit
13100,calibration
13101,test
13102,fit
13103,test
13104,fit
13105,calibration
13106,calibration
13107,calibration
13108,calibration
13110,fit
13111,fit
13113,fit
13114,test
13115,calibration
13116,fit
13117,fit
13118,fit
13119,fit
13120,calibration
13121,fit
13122,fit
13123,fit
13124,calibration
13125,fit
13126,test
13127,fit
13128,fit
13129,fit
13131,calibration
13132,fit
13133,fit
13134,fit
13135,fit
13136,fit
13137,fit
13138,fit
13139,test
13140,test
13141,calibration
13142,fit
13143,fit
13144,fit
13145,fit
13146,fit
13147,test
13148,fit
13149,fit
13151,fit
13152,fit
13153,fit
13154,fit
13155,fit
13156,fit
13157,fit
13158,fit
13162,calibration
13163,fit
13164,test
13165,fit
13166,test
13167,fit
13168,calibration
13169,calibration
13170,fit
13171,fit
13172,test
13173,fit
13174,calibration
13175,calibration
13176,calibration
13177,test
13179,fit
13180,fit
13181,test
13182,fit
13183,calibration
13184,calibration
13185,fit
13186,fit
13187,test
13188,calibration
13189,calibration
13190,fit
13191,calibration
13192,fit
13193,test
13194,calibration
13195,fit
13196,test
13197,test
13198,test
13199,calibration
13201,calibration
13202,fit
13204,fit
13205,fit
13206,test
13207,fit
13208,fit
13209,calibration
13210,fit
13211,fit
13212,calibration
13213,fit
13215,test
13216,fit
13217,fit
13218,calibration
13219,test
13220,calibration
13221,fit
13222,fit
13223,fit
13224,test
13225,fit
13226,test
13227,calibration
13228,fit
13229,calibration
13230,test
13231,test
13232,calibration
13233,fit
13234,test
13235,test
13236,fit
13237,fit
13238,test
13239,fit
13241,fit
13242,fit
13243,calibration
13244,fit
13245,fit
13246,fit
13248,calibration
13249,fit
13250,fit
13251,fit
13252,fit
13253,test
13254,fit
13255,fit
13256,fit
13257,fit
13258,calibration
13259,fit
13260,fit
13261,fit
13262,calibration
13263,fit
13264,test
13266,test
13267,calibration
13268,fit
13269,test
13270,test
13271,calibration
13272,fit
13273,fit
13274,fit
13275,fit
13276,calibration
13277,fit
13278,fit
13279,fit
13280,fit
13281,test
13282,fit
13283,fit
13284,test
13285,fit
13286,fit
13287,fit
13288,fit
13289,fit
13290,calibration
13291,test
13292,fit
13293,test
13294,fit
13295,calibration
13296,calibration
13297,fit
13298,fit
13300,fit
13302,calibration
13303,fit
13304,fit
13305,fit
13306,calibration
13307,fit
13308,fit
13309,fit
13310,fit
13311,fit
13312,calibration
13313,fit
13314,fit
13315,calibration
13316,fit
13317,test
13318,fit
13319,test
13320,fit
13321,fit
13322,calibration
13323,fit
13324,fit
13325,fit
13326,test
13327,fit
13328,test
13329,fit
13330,fit
13331,fit
13332,test
13333,fit
13334,test
13335,test
13336,fit
13337,fit
13338,fit
13339,fit
13340,fit
13341,fit
13342,test
13343,fit
13344,fit
13345,fit
13346,calibration
13347,fit
13348,fit
13349,fit
13351,fit
13352,fit
13353,fit
13354,fit
13355,fit
13356,fit
13357,fit
13358,test
13359,fit
13360,fit
13361,fit
13362,fit
13364,calibration
13365,fit
13367,test
13368,test
13369,calibration
13370,fit
13371,test
13372,fit
13373,test
13374,fit
13375,fit
13376,fit
13377,fit
13378,fit
13379,test
13380,fit
13381,fit
13382,fit
13383,fit
13384,fit
13385,calibration
13386,fit
13387,test
13388,fit
13389,fit
13390,fit
13391,fit
13392,calibration
13393,fit
13394,fit
13395,calibration
13396,fit
13397,fit
13398,fit
13399,calibration
13400,calibration
13401,fit
13402,calibration
13403,fit
13404,fit
13405,fit
13406,fit
13408,test
13409,test
13410,fit
13411,fit
13412,fit
13413,test
13414,fit
13415,calibration
13416,test
13417,fit
13418,test
13419,fit
13420,fit
13421,test
13422,calibration
13423,fit
13424,fit
13425,fit
13426,test
13427,fit
13428,fit
13429,fit
13430,fit
13431,calibration
13432,test
13433,fit
13434,calibration
13435,test
13436,test
13437,calibration
13438,fit
13439,test
13440,test
13441,calibration
13442,calibration
13443,fit
13444,test
13445,calibration
13446,fit
13447,fit
13448,fit
13449,fit
13450,fit
13451,fit
13452,fit
13453,fit
13454,fit
13455,calibration
13456,calibration
13457,fit
13458,fit
13459,test
13460,fit
13461,calibration
13462,fit
13463,fit
13464,calibration
13465,fit
13466,fit
13467,calibration
13469,test
13470,fit
13471,fit
13472,test
13473,fit
13474,calibration
13475,fit
13476,fit
13477,calibration
13478,fit
13479,calibration
13480,fit
13481,fit
13482,fit
13483,fit
13484,fit
13485,fit
13486,test
13487,fit
13488,fit
13489,calibration
13490,fit
13491,test
13492,fit
13493,fit
13494,fit
13495,fit
13496,fit
13497,fit
13498,test
13499,calibration
13500,calibration
13501,test
13503,fit
13504,fit
13505,fit
13506,fit
13507,test
13508,calibration
13509,test
13510,fit
13511,fit
13512,fit
13513,fit
13515,calibration
13516,test
13517,test
13518,fit
13519,fit
13520,fit
13521,test
13522,fit
13523,calibration
13524,test
13525,fit
13526,calibration
13528,fit
13529,calibration
13530,fit
13531,fit
13532,fit
13533,fit
13534,fit
13536,fit
13537,fit
13538,test
13539,calibration
13540,calibration
13541,fit
13542,fit
13543,fit
13544,fit
13545,test
13546,test
13547,calibration
13548,calibration
13549,fit
13550,fit
13551,fit
13552,fit
13553,test
13554,test
13556,fit
13557,fit
13558,fit
13559,test
13560,fit
13561,fit
13562,test
13563,fit
13564,calibration
13565,test
13566,fit
13567,fit
13568,test
13569,calibration
13570,calibration
13571,calibration
13573,fit
13574,fit
13575,calibration
13576,fit
13577,calibration
13578,test
13579,fit
13580,test
13581,test
13582,test
13583,test
13584,fit
13585,fit
13586,calibration
13588,fit
13589,test
13590,fit
13591,fit
13593,fit
13594,fit
13595,fit
13596,fit
13597,fit
13599,calibration
13600,fit
13601,test
13603,fit
13604,fit
13605,fit
13606,calibration
13607,calibration
13608,fit
13609,fit
13610,fit
13611,test
13613,fit
13614,fit
13615,fit
13616,fit
13617,fit
13618,fit
13619,test
13620,fit
13621,fit
13622,fit
13623,fit
13624,calibration
13625,fit
13626,fit
13627,fit
13628,test
13631,fit
13632,fit
13633,fit
13634,test
13635,fit
13636,fit
13637,calibration
13638,fit
13639,fit
13640,fit
13642,calibration
13643,test
13644,calibration
13646,fit
13647,fit
13648,fit
13649,test
13650,test
13651,fit
13652,fit
13653,fit
13654,calibration
13655,test
13656,test
13657,fit
13658,calibration
13659,fit
13660,fit
13661,calibration
13662,fit
13663,fit
13664,calibration
13665,fit
13666,fit
13667,test
13669,test
13670,calibration
13671,fit
13672,fit
13673,fit
13674,calibration
13675,fit
13676,calibration
13677,fit
13678,fit
13679,fit
13680,test
13681,test
13682,fit
13683,fit
13684,fit
13685,fit
13686,fit
13688,fit
13690,calibration
13691,fit
13692,calibration
13693,fit
13694,fit
13695,test
13696,fit
13697,fit
13698,calibration
13699,fit
13700,fit
13701,test
13702,fit
13703,fit
13704,fit
13705,test
13706,fit
13707,fit
13708,calibration
13709,fit
13710,fit
13711,fit
13712,fit
13713,fit
13714,fit
13715,fit
13716,fit
13717,test
13718,fit
13719,fit
13720,test
13721,fit
13722,test
13723,fit
13724,fit
13725,calibration
13726,fit
13727,calibration
13728,fit
13729,fit
13730,fit
13732,fit
13733,fit
13734,test
13735,test
13736,test
13737,fit
13738,fit
13739,fit
13740,fit
13741,test
13742,fit
13743,fit
13744,test
13745,fit
13746,test
13747,calibration
13748,fit
13749,calibration
13751,fit
13752,fit
13753,fit
13754,fit
13756,test
13757,fit
13758,test
13759,test
13761,calibration
13762,fit
13763,test
13764,fit
13765,test
13766,fit
13767,fit
13768,fit
13769,fit
13770,fit
13771,calibration
13772,calibration
13773,fit
13774,fit
13776,fit
13778,fit
13779,fit
13780,test
13781,fit
13782,calibration
13783,fit
13784,fit
13785,fit
13786,test
13787,test
13788,test
13789,fit
13790,fit
13791,fit
13792,calibration
13793,test
13794,test
13795,fit
13796,test
13797,fit
13798,calibration
13799,fit
13800,fit
13801,fit
13802,fit
13803,test
13805,test
13806,fit
13807,calibration
13808,test
13809,fit
13810,fit
13811,test
13812,test
13813,fit
13814,test
13815,fit
13816,calibration
13817,fit
13818,fit
13819,fit
13820,fit
13821,test
13822,fit
13823,test
13824,fit
13825,fit
13826,test
13827,test
13828,fit
13829,fit
13830,calibration
13831,test
13832,fit
13833,fit
13834,fit
13835,calibration
13836,calibration
13837,fit
13838,calibration
13839,fit
13840,fit
13841,test
13842,fit
13843,fit
13844,fit
13845,fit
13846,calibration
13848,calibration
13849,fit
13850,calibration
13851,calibration
13852,fit
13853,fit
13854,fit
13855,fit
13856,test
13857,fit
13858,fit
13859,fit
13860,fit
13861,fit
13862,fit
13863,fit
13864,fit
13865,calibration
13866,fit
13867,fit
13868,fit
13869,test
13870,calibration
13871,fit
13872,test
13873,fit
13874,test
13875,fit
13876,fit
13878,calibration
13879,calibration
13880,test
13881,test
13882,calibration
13883,test
13884,fit
13885,fit
13886,fit
13887,calibration
13888,fit
13889,fit
13890,fit
13891,calibration
13892,calibration
13893,calibration
13894,fit
13895,fit
13896,fit
13897,fit
13898,fit
13899,fit
13900,fit
13901,calibration
13902,fit
13903,test
13904,fit
13905,test
13906,calibration
13907,test
13909,fit
13910,test
13911,fit
13912,fit
13913,fit
13914,calibration
13915,calibration
13916,calibration
13917,calibration
13918,fit
13919,fit
13920,fit
13921,test
13922,fit
13924,calibration
13925,calibration
13926,fit
13927,fit
13928,fit
13930,fit
13931,calibration
13932,fit
13933,fit
13934,fit
13935,test
13936,fit
13937,fit
13938,fit
13939,test
13940,fit
13941,test
13942,calibration
13943,calibration
13944,fit
13945,fit
13946,fit
13947,calibration
13948,fit
13949,fit
13950,test
13951,calibration
13952,fit
13953,fit
13955,calibration
13956,fit
13957,fit
13958,test
13959,test
13960,fit
13961,test
13964,fit
13965,fit
13966,calibration
13967,fit
13968,test
13969,fit
13970,fit
13971,fit
13972,fit
13973,fit
13974,fit
13975,test
13976,calibration
13977,fit
13978,fit
13979,fit
13980,fit
13981,fit
13982,test
13983,fit
13984,fit
13985,calibration
13986,fit
13987,fit
13988,fit
13989,calibration
13990,fit
13991,fit
13992,fit
13993,fit
13994,fit
13995,fit
13996,test
13997,test
13998,fit
13999,test
14000,fit
14001,calibration
14002,fit
14003,test
14004,fit
14005,fit
14006,fit
14008,fit
14009,fit
14010,calibration
14011,fit
14012,fit
14013,fit
14015,fit
14016,fit
14017,fit
14018,test
14019,fit
14020,fit
14021,test
14022,fit
14023,fit
14024,fit
14025,calibration
14026,fit
14027,test
14028,test
14029,calibration
14030,fit
14031,fit
14032,fit
14033,test
14034,fit
14035,calibration
14036,fit
14037,fit
14038,test
14039,fit
14040,fit
14041,test
14043,test
14044,test
14045,test
14046,fit
14047,calibration
14048,fit
14049,fit
14050,fit
14051,fit
14052,fit
14053,calibration
14054,fit
14055,calibration
14056,fit
14057,test
14059,fit
14060,test
14061,test
14062,test
14063,test
14064,fit
14065,fit
14066,fit
14068,fit
14069,test
14070,fit
14071,fit
14072,fit
14073,fit
14074,test
14075,calibration
14076,fit
14077,test
14078,fit
14079,calibration
14080,fit
14082,fit
14083,fit
14084,fit
14085,calibration
14086,test
14087,fit
14088,fit
14089,calibration
14090,fit
14091,calibration
14092,fit
14093,fit
14094,fit
14095,fit
14096,fit
14097,fit
14098,fit
14099,test
14100,fit
14101,calibration
14102,test
14103,fit
14104,fit
14105,fit
14106,calibration
14107,fit
14108,fit
14109,test
14110,fit
14111,fit
14112,calibration
14113,calibration
14114,test
14115,calibration
14116,fit
14117,fit
14118,fit
14119,calibration
14120,calibration
14121,calibration
14122,fit
14123,test
14124,fit
14125,fit
14126,calibration
14127,test
14128,fit
14129,fit
14130,fit
14131,fit
14132,test
14133,fit
14134,fit
14135,fit
14136,fit
14137,fit
14138,calibration
14140,fit
14141,fit
14142,test
14143,fit
14144,fit
14145,test
14146,fit
14147,fit
14148,fit
14149,fit
14151,test
14153,fit
14154,fit
14155,fit
14158,calibration
14159,test
14160,calibration
14161,fit
14162,fit
14163,fit
14164,fit
14165,fit
14167,fit
14168,test
14169,fit
14170,test
14171,fit
14172,fit
14173,test
14174,fit
14175,fit
14176,calibration
14177,fit
14178,test
14179,calibration
14180,calibration
14181,fit
14182,test
14183,fit
14184,calibration
14185,fit
14186,calibration
14187,fit
14188,calibration
14189,calibration
14190,fit
14191,calibration
14192,calibration
14193,fit
14194,test
14197,calibration
14198,fit
14199,fit
14200,fit
14201,calibration
14202,test
14203,fit
14204,fit
14205,fit
14206,fit
14207,fit
14208,test
14209,fit
14210,fit
14211,fit
14212,fit
14214,test
14215,fit
14216,fit
14217,fit
14218,fit
14219,test
14220,fit
14221,calibration
14222,test
14223,fit
14224,fit
14225,fit
14226,fit
14227,fit
14228,fit
14229,fit
14230,fit
14231,fit
14232,test
14233,calibration
14234,fit
14236,fit
14237,fit
14238,fit
14239,calibration
14240,fit
14241,test
14242,test
14243,fit
14244,calibration
14245,fit
14246,fit
14247,fit
14248,fit
14249,fit
14250,fit
14251,fit
14252,fit
14253,calibration
14254,test
14255,test
14256,fit
14257,fit
14258,fit
14259,fit
14260,fit
14261,test
14262,fit
14263,fit
14264,fit
14265,fit
14266,test
14267,fit
14268,test
14269,calibration
14270,fit
14271,fit
14272,test
14273,fit
14275,fit
14276,fit
14277,test
14278,calibration
14279,test
14280,test
14281,fit
14282,fit
14283,calibration
14284,fit
14285,test
14286,calibration
14287,fit
14288,fit
14289,fit
14290,test
14291,fit
14292,fit
14293,fit
14294,fit
14295,fit
14296,fit
14297,calibration
14298,fit
14299,fit
14300,fit
14301,test
14302,fit
14304,test
14305,fit
14306,fit
14307,fit
14308,test
14309,fit
14310,fit
14311,fit
14312,test
14313,fit
14314,fit
14315,fit
14316,fit
14317,calibration
14318,calibration
14319,calibration
14320,test
14321,fit
14323,fit
14324,fit
14326,fit
14327,calibration
14328,fit
14329,test
14330,fit
14331,fit
14333,calibration
14334,fit
14335,fit
14336,fit
14337,fit
14338,fit
14339,calibration
14340,fit
14341,fit
14343,calibration
14344,fit
14345,fit
14346,calibration
14347,test
14348,fit
14349,fit
14350,calibration
14351,fit
14352,fit
14353,test
14354,calibration
14355,test
14356,fit
14357,fit
14358,fit
14359,fit
14360,fit
14361,fit
14362,test
14363,fit
14364,test
14365,fit
14366,fit
14367,fit
14368,fit
14369,fit
14370,fit
14371,fit
14372,fit
14374,fit
14375,fit
14376,fit
14377,test
14378,test
14379,calibration
14380,fit
14381,fit
14382,fit
14383,fit
14384,fit
14385,fit
14386,test
14387,calibration
14388,fit
14389,fit
14391,fit
14392,fit
14393,test
14394,fit
14395,fit
14397,fit
14398,test
14399,fit
14400,test
14401,calibration
14402,fit
14404,fit
14405,fit
14406,test
14407,fit
14408,fit
14409,fit
14410,fit
14411,test
14412,fit
14413,test
14414,fit
14415,test
14416,calibration
14417,fit
14418,fit
14419,fit
14420,fit
14421,fit
14422,fit
14423,calibration
14424,calibration
14425,fit
14426,fit
14427,calibration
14428,fit
14429,test
14430,fit
14431,calibration
14432,fit
14433,fit
14434,fit
14435,calibration
14436,fit
14437,calibration
14438,test
14439,fit
14440,fit
14441,test
14442,test
14443,fit
14444,calibration
14445,fit
14446,fit
14447,calibration
14448,fit
14449,fit
14450,calibration
14451,test
14452,fit
14453,fit
14454,fit
14455,fit
14456,fit
14457,test
14458,fit
14459,test
14460,test
14461,fit
14462,fit
14463,fit
14464,fit
14465,calibration
14466,calibration
14467,fit
14468,fit
14469,calibration
14470,test
14471,test
14472,test
14473,calibration
14474,fit
14475,fit
14476,fit
14477,test
14478,calibration
14479,fit
14480,fit
14481,fit
14482,test
14483,fit
14484,test
14485,fit
14486,fit
14487,test
14488,fit
14489,fit
14490,fit
14491,fit
14492,test
14493,fit
14494,fit
14495,fit
14496,fit
14497,fit
14498,calibration
14499,test
14500,calibration
14501,fit
14502,fit
14503,fit
14504,fit
14505,fit
14506,fit
14507,fit
14509,fit
14510,fit
14511,fit
14512,fit
14513,fit
14514,fit
14515,test
14516,calibration
14517,fit
14518,fit
14519,fit
14520,fit
14521,calibration
14523,test
14524,test
14525,fit
14526,fit
14527,fit
14528,calibration
14529,test
14530,test
14531,fit
14532,fit
14533,fit
14534,fit
14535,calibration
14536,calibration
14537,test
14538,test
14539,fit
14540,fit
14541,fit
14542,fit
14543,test
14544,calibration
14545,fit
14546,fit
14547,calibration
14548,calibration
14549,fit
14550,fit
14551,test
14552,fit
14553,calibration
14554,fit
14555,test
14556,calibration
14557,fit
14558,fit
14559,fit
14560,fit
14561,test
14562,fit
14563,test
14565,fit
14566,test
14567,fit
14568,test
14569,test
14570,fit
14571,fit
14572,test
14573,fit
14574,fit
14575,calibration
14576,calibration
14577,calibration
14578,fit
14579,calibration
14580,test
14581,fit
14582,fit
14583,fit
14584,fit
14585,fit
14586,fit
14587,fit
14588,fit
14589,test
14590,test
14591,fit
14592,calibration
14594,fit
14595,fit
14596,test
14597,test
14598,fit
14599,calibration
14600,fit
14601,fit
14602,test
14603,fit
14604,test
14605,calibration
14606,fit
14607,calibration
14608,fit
14609,fit
14610,fit
14611,test
14612,fit
14613,test
14614,test
14615,fit
14616,fit
14617,test
14618,fit
14619,fit
14620,fit
14621,fit
14622,fit
14623,fit
14624,fit
14625,fit
14626,fit
14627,fit
14628,fit
14629,fit
14630,calibration
14631,fit
14632,test
14633,fit
14634,fit
14635,test
14636,calibration
14637,fit
14638,fit
14639,calibration
14640,fit
14641,fit
14642,fit
14643,calibration
14644,fit
14645,fit
14646,fit
14647,test
14648,calibration
14649,calibration
14650,fit
14651,fit
14652,fit
14653,calibration
14654,fit
14655,fit
14656,fit
14657,fit
14658,fit
14659,fit
14660,calibration
14662,fit
14663,fit
14664,fit
14665,fit
14666,fit
14668,fit
14669,test
14670,fit
14671,fit
14672,fit
14673,test
14674,fit
14675,calibration
14676,fit
14677,fit
14678,test
14680,calibration
14681,test
14682,test
14683,test
14684,test
14685,fit
14686,calibration
14687,calibration
14688,fit
14689,fit
14690,fit
14691,fit
14692,fit
14693,calibration
14694,fit
14695,calibration
14696,fit
14697,fit
14698,fit
14699,fit
14700,fit
14701,fit
14702,calibration
14704,test
14705,fit
14706,calibration
14708,fit
14709,calibration
14710,test
14711,fit
14712,fit
14713,fit
14714,fit
14715,fit
14716,fit
14717,fit
14718,fit
14719,fit
14720,fit
14721,fit
14722,fit
14723,fit
14724,calibration
14726,fit
14727,fit
14728,calibration
14729,fit
14730,calibration
14731,fit
14732,fit
14733,fit
14734,fit
14735,fit
14736,fit
14737,fit
14738,test
14739,test
14740,fit
14741,fit
14742,test
14743,fit
14744,test
14745,fit
14746,test
14747,calibration
14748,fit
14749,calibration
14750,fit
14751,fit
14752,fit
14753,fit
14754,calibration
14755,fit
14756,fit
14757,fit
14759,fit
14761,fit
14762,test
14763,fit
14764,calibration
14765,calibration
14766,calibration
14767,calibration
14768,fit
14769,calibration
14770,calibration
14771,fit
14772,test
14773,test
14774,fit
14775,test
14776,calibration
14777,fit
14778,calibration
14779,test
14782,fit
14783,test
14784,fit
14785,test
14786,calibration
14787,fit
14788,fit
14789,fit
14790,calibration
14791,fit
14792,test
14793,fit
14794,fit
14795,fit
14796,calibration
14797,fit
14798,fit
14799,fit
14800,fit
14801,calibration
14802,fit
14803,fit
14804,test
14805,calibration
14806,test
14807,fit
14808,test
14809,fit
14810,fit
14811,calibration
14812,calibration
14813,fit
14814,fit
14815,fit
14816,fit
14817,calibration
14818,fit
14819,fit
14820,test
14821,fit
14822,fit
14823,fit
14824,fit
14825,fit
14826,fit
14827,test
14828,calibration
14829,fit
14830,fit
14832,test
14833,test
14834,fit
14835,fit
14836,fit
14837,calibration
14838,test
14839,fit
14840,test
14841,fit
14842,calibration
14843,test
14844,fit
14845,fit
14846,test
14847,fit
14848,fit
14849,fit
14850,fit
14851,test
14852,fit
14853,test
14854,calibration
14855,calibration
14856,test
14857,test
14858,fit
14859,test
14861,fit
14862,test
14863,calibration
14864,test
14865,fit
14866,calibration
14867,fit
14868,test
14869,fit
14870,fit
14871,fit
14872,calibration
14873,calibration
14874,fit
14875,fit
14876,test
14877,fit
14878,fit
14879,fit
14880,fit
14881,fit
14882,calibration
14885,fit
14886,fit
14887,fit
14888,fit
14889,fit
14890,test
14891,fit
14892,fit
14893,fit
14894,fit
14895,fit
14896,fit
14897,fit
14899,fit
14900,fit
14901,fit
14902,calibration
14903,fit
14904,fit
14905,test
14906,fit
14907,fit
14908,fit
14910,fit
14911,calibration
14912,fit
14913,fit
14914,test
14915,fit
14916,fit
14917,fit
14918,fit
14920,test
14921,test
14922,fit
14923,fit
14924,test
14926,fit
14928,fit
14929,test
14930,fit
14931,calibration
14932,fit
14933,calibration
14934,fit
14935,test
14936,calibration
14937,test
14938,fit
14939,fit
14940,calibration
14941,fit
14942,fit
14943,fit
14944,fit
14945,test
14946,fit
14948,fit
14949,fit
14950,calibration
14951,fit
14952,calibration
14953,fit
14954,fit
14955,test
14956,calibration
14957,test
14958,calibration
14959,test
14960,fit
14961,fit
14962,fit
14963,fit
14964,fit
14965,fit
14966,fit
14967,fit
14968,calibration
14969,fit
14970,fit
14971,fit
14972,test
14973,calibration
14974,test
14975,calibration
14976,test
14977,fit
14978,fit
14979,fit
14980,fit
14981,fit
14982,fit
14983,calibration
14984,test
14985,fit
14986,fit
14987,fit
14989,fit
14990,fit
14991,test
14992,calibration
14993,fit
14995,fit
14996,fit
14997,calibration
14998,test
14999,fit
15000,fit
15001,fit
15002,fit
15003,fit
15004,fit
15005,fit
15006,fit
15007,test
15008,calibration
15009,test
15010,fit
15011,test
15012,fit
15013,fit
15014,fit
15015,calibration
15016,calibration
15017,calibration
15018,test
15019,calibration
15020,fit
15021,fit
15022,calibration
15023,calibration
15024,calibration
15026,test
15027,fit
15028,fit
15029,test
15030,fit
15031,calibration
15032,calibration
15033,fit
15034,fit
15035,calibration
15036,test
15037,fit
15038,fit
15039,test
15041,fit
15042,fit
15043,calibration
15044,fit
15045,fit
15046,fit
15049,fit
15050,calibration
15051,fit
15052,test
15053,fit
15054,test
15055,fit
15056,fit
15057,fit
15058,calibration
15059,test
15060,calibration
15061,fit
15062,calibration
15063,fit
15064,calibration
15065,fit
15066,fit
15067,fit
15068,fit
15069,test
15070,fit
15071,fit
15072,fit
15073,calibration
15074,calibration
15075,calibration
15077,fit
15078,calibration
15079,fit
15080,fit
15081,fit
15082,calibration
15083,fit
15084,fit
15085,calibration
15087,fit
15088,fit
15089,fit
15090,test
15091,fit
15092,fit
15093,fit
15094,test
15095,fit
15096,fit
15097,calibration
15098,fit
15099,fit
15100,fit
15101,fit
15102,fit
15103,fit
15104,fit
15105,test
15106,fit
15107,fit
15108,fit
15109,test
15110,calibration
15111,test
15112,fit
15113,test
15114,test
15115,fit
15116,fit
15117,fit
15118,calibration
15119,test
15120,fit
15121,test
15122,fit
15123,test
15124,test
15125,calibration
15126,fit
15127,fit
15128,fit
15129,calibration
15130,fit
15131,fit
15133,fit
15134,fit
15135,calibration
15136,fit
15137,test
15138,test
15139,calibration
15140,fit
15141,fit
15142,fit
15143,fit
15144,fit
15145,calibration
15146,fit
15147,test
15149,fit
15150,fit
15151,fit
15152,fit
15153,calibration
15154,fit
15155,fit
15156,test
15157,calibration
15158,test
15159,test
15160,fit
15161,calibration
15162,fit
15163,fit
15165,test
15166,test
15167,calibration
15168,fit
15169,test
15170,fit
15171,test
15172,calibration
15173,fit
15174,fit
15175,fit
15176,fit
15177,calibration
15178,fit
15179,calibration
15180,test
15181,calibration
15182,fit
15183,fit
15184,test
15185,fit
15186,fit
15187,calibration
15188,fit
15189,fit
15190,fit
15191,fit
15192,fit
15193,fit
15194,test
15195,fit
15197,fit
15198,fit
15199,test
15200,fit
15201,fit
15203,test
15204,test
15205,fit
15206,test
15207,fit
15208,fit
15209,calibration
15210,test
15211,fit
15212,fit
15213,fit
15214,fit
15215,calibration
15216,fit
15217,fit
15218,fit
15219,test
15220,calibration
15221,fit
15222,fit
15223,fit
15225,fit
15226,fit
15228,fit
15229,test
15230,fit
15231,calibration
15232,fit
15233,fit
15234,test
15235,calibration
15236,calibration
15237,fit
15238,fit
15239,test
15240,fit
15241,calibration
15242,test
15243,calibration
15244,fit
15245,fit
15246,fit
15247,fit
15249,fit
15250,fit
15251,fit
15252,fit
15253,fit
15254,fit
15255,fit
15256,fit
15258,fit
15259,test
15260,fit
15261,test
15262,fit
15263,calibration
15264,fit
15265,fit
15266,fit
15267,test
15268,fit
15269,fit
15270,fit
15271,fit
15272,calibration
15273,fit
15274,calibration
15275,fit
15276,fit
15277,fit
15278,fit
15279,test
15280,fit
15282,fit
15283,test
15284,fit
15285,test
15286,fit
15287,calibration
15288,fit
15289,fit
15290,test
15291,fit
15292,calibration
15293,calibration
15294,fit
15295,fit
15296,fit
15297,fit
15298,fit
15299,fit
15300,calibration
15301,test
15302,test
15303,fit
15305,fit
15306,fit
15307,fit
15308,fit
15309,fit
15310,fit
15311,calibration
15312,fit
15313,fit
15314,fit
15315,calibration
15316,test
15317,calibration
15318,calibration
15319,fit
15320,test
15321,fit
15322,calibration
15323,fit
15324,fit
15325,test
15326,fit
15327,test
15328,fit
15329,test
15330,test
15331,fit
15332,test
15333,fit
15334,fit
15335,calibration
15336,calibration
15337,calibration
15338,fit
15339,calibration
15341,fit
15342,fit
15343,calibration
15344,fit
15345,test
15346,fit
15347,test
15348,fit
15349,test
15350,fit
15351,test
15352,fit
15353,calibration
15354,fit
15355,fit
15356,fit
15357,test
15358,fit
15359,test
15360,fit
15361,calibration
15363,calibration
15364,test
15365,test
15366,fit
15367,fit
15368,fit
15369,fit
15370,fit
15371,fit
15372,fit
15373,test
15374,calibration
15375,calibration
15376,fit
15378,fit
15379,fit
15381,fit
15382,fit
15383,calibration
15384,fit
15385,test
15386,fit
15387,test
15388,fit
15389,fit
15390,calibration
15391,fit
15392,fit
15393,fit
15394,fit
15395,fit
15396,test
15397,calibration
15398,fit
15399,fit
15401,fit
15402,test
15403,fit
15404,calibration
15405,fit
15406,fit
15407,calibration
15408,test
15409,test
15410,fit
15411,test
15412,fit
15413,fit
15415,fit
15416,fit
15417,fit
15418,test
15419,fit
15420,fit
15421,fit
15422,fit
15423,test
15424,test
15425,fit
15426,fit
15427,fit
15428,fit
15429,calibration
15430,fit
15431,fit
15432,fit
15433,test
15434,fit
15435,fit
15436,fit
15437,fit
15438,fit
15439,calibration
15440,fit
15441,test
15442,fit
15443,test
15444,fit
15445,calibration
15446,fit
15447,test
15448,fit
15449,calibration
15450,fit
15451,test
15452,test
15453,fit
15455,test
15456,calibration
15457,fit
15458,fit
15459,test
15460,test
15461,fit
15462,fit
15463,fit
15464,fit
15465,calibration
15466,calibration
15467,fit
15468,fit
15469,calibration
15470,calibration
15471,calibration
15472,fit
15473,calibration
15474,test
15475,calibration
15476,test
15477,test
15478,test
15479,fit
15480,fit
15481,fit
15482,fit
15483,calibration
15484,calibration
15485,test
15486,fit
15487,fit
15488,calibration
15489,fit
15491,fit
15492,fit
15493,test
15494,fit
15495,calibration
15496,test
15497,calibration
15498,fit
15499,fit
15500,fit
15501,fit
15502,fit
15503,fit
15504,test
15505,fit
15506,fit
15507,calibration
15508,fit
15509,fit
15510,fit
15511,test
15513,calibration
15514,test
15515,fit
15516,fit
15517,test
15518,fit
15519,fit
15520,fit
15521,fit
15522,fit
15523,calibration
15524,calibration
15525,fit
15526,test
15527,test
15528,fit
15529,calibration
15530,calibration
15531,fit
15532,fit
15533,test
15534,fit
15535,fit
15536,calibration
15537,test
15538,fit
15539,test
15540,fit
15541,test
15542,calibration
15543,calibration
15544,calibration
15545,fit
15546,fit
15547,calibration
15548,calibration
15549,fit
15550,fit
15551,test
15552,calibration
15553,fit
15554,fit
15555,test
15556,fit
15557,fit
15558,fit
15559,calibration
15560,calibration
15561,fit
15562,calibration
15563,fit
15564,fit
15565,test
15566,fit
15567,calibration
15568,fit
15569,test
15570,fit
15571,fit
15572,fit
15573,fit
15574,fit
15575,test
15576,calibration
15577,calibration
15578,fit
15579,fit
15580,test
15581,fit
15582,fit
15583,test
15584,fit
15585,fit
15586,fit
15587,fit
15588,fit
15589,fit
15590,test
15591,test
15592,fit
15593,test
15594,fit
15595,fit
15597,calibration
15598,fit
15599,fit
15600,fit
15601,test
15602,fit
15603,test
15604,test
15605,fit
15606,fit
15607,fit
15608,fit
15609,fit
15610,fit
15611,fit
15612,fit
15613,fit
15614,fit
15615,test
15616,test
15618,fit
15619,calibration
15620,test
15621,test
15622,fit
15623,fit
15624,fit
15625,fit
15626,fit
15627,fit
15628,fit
15629,fit
15630,fit
15631,fit
15632,fit
15633,fit
15634,fit
15635,fit
15636,fit
15637,fit
15638,test
15639,fit
15640,fit
15641,fit
15642,fit
15645,calibration
15646,fit
15647,calibration
15648,fit
15649,fit
15650,test
15651,fit
15652,calibration
15653,calibration
15655,fit
15656,fit
15657,test
15658,fit
15659,calibration
15661,fit
15662,test
15663,test
15664,calibration
15665,fit
15666,fit
15667,calibration
15668,fit
15669,fit
15670,fit
15671,fit
15672,fit
15675,fit
15676,test
15677,fit
15678,fit
15679,fit
15680,test
15681,calibration
15682,fit
15683,calibration
15684,fit
15685,fit
15686,calibration
15687,fit
15688,test
15689,calibration
15690,fit
15691,calibration
15692,fit
15693,fit
15694,fit
15695,calibration
15696,calibration
15697,fit
15698,calibration
15699,test
15700,calibration
15701,test
15702,test
15703,test
15704,fit
15705,test
15706,test
15707,fit
15708,test
15709,calibration
15710,test
15711,fit
15712,test
15713,fit
15714,test
15715,calibration
15716,test
15717,calibration
15718,fit
15719,calibration
15720,test
15721,test
15722,fit
15723,fit
15724,calibration
15725,test
15726,test
15727,test
15728,test
15730,fit
15731,fit
15732,fit
15733,fit
15735,fit
15736,test
15737,fit
15739,fit
15740,fit
15741,test
15742,test
15743,fit
15744,test
15745,fit
15746,fit
15747,calibration
15748,fit
15749,calibration
15750,fit
15751,fit
15752,fit
15753,fit
15754,fit
15755,fit
15756,fit
15757,calibration
15758,test
15759,calibration
15760,fit
15761,fit
15762,fit
15763,fit
15764,fit
15765,calibration
15766,fit
15767,test
15768,fit
15769,test
15772,test
15773,calibration
15775,test
15776,test
15777,fit
15778,calibration
15779,fit
15780,test
15781,test
15782,fit
15783,fit
15784,fit
15785,calibration
15786,test
15788,fit
15789,fit
15790,test
15791,fit
15792,test
15793,calibration
15795,fit
15796,fit
15797,test
15798,fit
15799,test
15800,calibration
15801,fit
15802,fit
15803,test
15804,calibration
15805,test
15806,fit
15807,calibration
15808,test
15809,fit
15810,test
15811,fit
15812,calibration
15813,fit
15814,fit
15815,calibration
15816,fit
15817,fit
15818,fit
15819,fit
15820,fit
15821,test
15823,fit
15824,test
15825,fit
15826,fit
15827,calibration
15828,test
15829,fit
15830,fit
15831,fit
15832,test
15833,fit
15834,calibration
15835,fit
15836,fit
15837,fit
15838,fit
15839,fit
15840,fit
15841,fit
15842,fit
15843,test
15844,fit
15845,fit
15846,fit
15848,fit
15849,fit
15850,fit
15851,calibration
15852,test
15853,calibration
15854,fit
15855,test
15856,fit
15857,test
15858,test
15859,fit
15860,fit
15861,test
15862,fit
15863,calibration
15864,fit
15865,calibration
15866,fit
15867,calibration
15868,fit
15869,fit
15870,fit
15871,test
15872,fit
15873,fit
15874,fit
15875,fit
15876,fit
15877,fit
15880,calibration
15881,test
15882,fit
15883,fit
15884,test
15885,test
15886,fit
15887,fit
15888,fit
15889,fit
15890,fit
15892,calibration
15893,fit
15894,fit
15895,fit
15896,fit
15897,fit
15898,fit
15899,fit
15900,fit
15901,fit
15902,fit
15903,calibration
15904,fit
15905,fit
15906,fit
15907,test
15908,fit
15909,fit
15910,calibration
15911,fit
15912,fit
15913,fit
15915,fit
15916,fit
15917,fit
15918,test
15919,fit
15920,test
15921,fit
15922,fit
15923,fit
15924,fit
15925,fit
15926,calibration
15927,fit
15928,fit
15929,fit
15930,fit
15931,fit
15932,test
15933,fit
15934,fit
15935,fit
15936,fit
15937,fit
15939,fit
15940,fit
15941,calibration
15942,test
15943,calibration
15946,test
15947,fit
15948,fit
15949,fit
15950,fit
15951,fit
15952,fit
15953,fit
15954,fit
15955,calibration
15956,calibration
15957,fit
15958,fit
15959,fit
15960,test
15961,test
15963,fit
15964,fit
15966,calibration
15967,test
15968,fit
15969,test
15970,fit
15971,fit
15972,fit
15973,test
15974,fit
15976,calibration
15977,test
15978,test
15979,test
15980,test
15981,test
15982,fit
15983,test
15984,test
15985,fit
15986,fit
15987,fit
15988,fit
15989,fit
15990,calibration
15991,fit
15992,calibration
15993,fit
15994,test
15995,calibration
15996,fit
15997,fit
15998,fit
15999,fit
16000,fit
16001,fit
16002,test
16003,fit
16004,fit
16006,fit
16007,test
16008,fit
16009,fit
16010,fit
16011,fit
16012,test
16013,fit
16014,calibration
16015,fit
16016,fit
16017,fit
16018,fit
16019,fit
16020,test
16021,fit
16022,fit
16023,fit
16024,calibration
16025,fit
16026,test
16027,fit
16028,calibration
16029,test
16030,test
16031,calibration
16033,fit
16034,test
16035,fit
16036,fit
16037,fit
16038,fit
16039,fit
16040,test
16041,fit
16042,fit
16043,fit
16044,calibration
16045,fit
16046,fit
16048,fit
16049,test
16050,test
16051,fit
16052,test
16053,fit
16054,fit
16055,fit
16056,fit
16057,fit
16058,fit
16059,calibration
16060,fit
16061,fit
16062,fit
16063,calibration
16064,fit
16065,calibration
16066,fit
16067,fit
16068,fit
16069,fit
16070,calibration
16071,test
16072,test
16073,test
16074,fit
16075,fit
16076,fit
16077,calibration
16078,calibration
16079,test
16080,test
16081,fit
16082,calibration
16084,calibration
16085,fit
16086,fit
16087,calibration
16088,fit
16089,fit
16090,fit
16093,test
16094,fit
16095,fit
16096,test
16097,fit
16098,fit
16099,test
16100,fit
16101,calibration
16103,fit
16104,test
16105,fit
16106,calibration
16107,calibration
16108,calibration
16109,test
16110,fit
16111,fit
16112,fit
16113,fit
16114,fit
16115,fit
16117,fit
16119,test
16120,test
16121,fit
16122,calibration
16123,fit
16124,calibration
16125,test
16126,calibration
16127,fit
16128,calibration
16129,fit
16130,fit
16131,fit
16132,fit
16133,calibration
16134,calibration
16135,fit
16136,fit
16138,fit
16139,fit
16140,test
16141,fit
16142,fit
16143,test
16144,fit
16145,fit
16146,fit
16147,fit
16148,fit
16149,calibration
16150,test
16151,fit
16152,fit
16153,calibration
16154,calibration
16155,test
16156,calibration
16157,fit
16158,test
16159,test
16160,fit
16161,calibration
16162,calibration
16163,calibration
16164,fit
16166,test
16167,calibration
16168,test
16169,test
16170,fit
16171,calibration
16172,calibration
16173,fit
16174,fit
16175,calibration
16176,test
16177,fit
16178,fit
16179,fit
16180,fit
16181,test
16182,fit
16183,fit
16184,calibration
16185,calibration
16186,calibration
16187,fit
16188,calibration
16189,fit
16190,calibration
16191,fit
16192,fit
16193,fit
16194,test
16195,fit
16196,test
16197,fit
16198,calibration
16199,calibration
16200,fit
16201,fit
16202,fit
16204,calibration
16205,fit
16206,test
16207,fit
16208,fit
16209,fit
16210,fit
16211,test
16212,fit
16213,fit
16214,fit
16215,fit
16216,test
16217,calibration
16218,test
16220,fit
16221,test
16222,fit
16223,fit
16224,test
16225,test
16226,fit
16227,fit
16228,calibration
16229,fit
16230,fit
16231,fit
16232,fit
16233,calibration
16234,calibration
16235,fit
16236,fit
16237,fit
16238,fit
16239,test
16240,fit
16241,fit
16242,fit
16243,fit
16244,test
16245,test
16246,fit
16247,fit
16248,test
16249,fit
16250,fit
16251,fit
16252,fit
16253,calibration
16254,fit
16255,fit
16256,calibration
16257,test
16258,fit
16259,fit
16260,calibration
16261,fit
16262,calibration
16263,fit
16264,calibration
16265,fit
16266,test
16267,fit
16269,fit
16270,calibration
16271,test
16272,fit
16273,fit
16274,fit
16275,fit
16276,fit
16277,calibration
16278,fit
16279,fit
16280,fit
16281,fit
16282,fit
16283,fit
16284,fit
16285,test
16286,test
16287,test
16288,fit
16289,test
16290,test
16291,fit
16292,test
16293,test
16294,test
16295,fit
16296,test
16297,fit
16298,fit
16299,fit
16300,fit
16301,fit
16302,test
16303,fit
16304,test
16305,calibration
16306,fit
16307,test
16308,fit
16309,fit
16310,fit
16311,fit
16312,fit
16313,fit
16314,test
16315,fit
16316,test
16317,calibration
16318,test
16321,fit
16322,fit
16323,fit
16325,calibration
16326,fit
16327,calibration
16328,fit
16329,test
16330,fit
16331,test
16332,test
16333,fit
16334,fit
16335,fit
16336,fit
16337,fit
16338,fit
16339,calibration
16340,calibration
16341,fit
16343,fit
16344,fit
16345,test
16346,fit
16347,calibration
16348,fit
16349,test
16350,fit
16351,fit
16352,fit
16353,fit
16354,fit
16355,fit
16356,calibration
16357,test
16359,test
16360,fit
16361,fit
16362,calibration
16363,calibration
16364,test
16365,test
16367,fit
16368,fit
16369,fit
16370,calibration
16371,calibration
16372,test
16373,fit
16374,calibration
16375,fit
16376,calibration
16377,calibration
16378,fit
16379,test
16380,fit
16381,fit
16382,test
16383,fit
16384,fit
16385,fit
16386,fit
16387,fit
16388,fit
16389,fit
16390,fit
16391,fit
16392,fit
16393,calibration
16394,calibration
16395,fit
16396,fit
16397,fit
16398,fit
16399,fit
16400,calibration
16401,test
16402,fit
16403,fit
16404,calibration
16405,calibration
16406,test
16407,calibration
16408,calibration
16409,fit
16410,calibration
16411,fit
16412,fit
16413,test
16414,fit
16415,test
16417,fit
16418,test
16419,fit
16420,test
16421,fit
16422,test
16423,fit
16424,fit
16425,calibration
16426,test
16427,test
16428,fit
16429,fit
16430,fit
16431,fit
16432,fit
16433,test
16434,fit
16435,calibration
16436,calibration
16437,fit
16438,test
16439,fit
16440,fit
16441,calibration
16442,test
16443,fit
16444,fit
16445,calibration
16446,fit
16447,calibration
16449,test
16450,fit
16451,fit
16452,fit
16453,fit
16454,test
16455,fit
16456,test
16457,fit
16459,calibration
16460,fit
16461,calibration
16462,test
16464,fit
16465,fit
16466,fit
16467,fit
16468,fit
16469,fit
16471,fit
16472,calibration
16473,fit
16474,fit
16475,fit
16477,fit
16478,fit
16479,fit
16481,fit
16482,fit
16483,calibration
16484,test
16485,test
16486,fit
16487,fit
16488,fit
16489,calibration
16490,fit
16491,fit
16492,test
16493,fit
16494,fit
16495,fit
16496,calibration
16497,calibration
16498,fit
16499,test
16500,calibration
16501,test
16502,fit
16503,fit
16504,fit
16505,fit
16506,fit
16507,calibration
16508,fit
16509,fit
16510,fit
16511,calibration
16512,fit
16513,fit
16514,calibration
16515,fit
16517,fit
16518,calibration
16519,calibration
16520,test
16522,fit
16523,test
16524,calibration
16525,fit
16526,calibration
16527,fit
16528,fit
16529,test
16530,fit
16531,fit
16532,fit
16533,test
16534,fit
16535,fit
16536,fit
16537,fit
16538,test
16539,fit
16540,fit
16541,fit
16542,test
16543,test
16544,fit
16545,fit
16546,test
16547,fit
16548,fit
16549,test
16550,fit
16552,fit
16553,calibration
16554,calibration
16555,calibration
16556,test
16557,test
16558,fit
16559,fit
16560,fit
16561,fit
16562,calibration
16563,fit
16564,calibration
16565,calibration
16566,fit
16567,fit
16569,calibration
16570,fit
16571,fit
16572,calibration
16573,fit
16574,test
16575,fit
16576,calibration
16577,fit
16578,calibration
16579,calibration
16580,calibration
16581,fit
16582,fit
16583,fit
16584,fit
16585,fit
16586,fit
16587,calibration
16588,fit
16589,fit
16590,fit
16591,fit
16592,fit
16593,fit
16594,fit
16595,test
16596,test
16597,fit
16598,fit
16599,fit
16600,test
16601,fit
16603,calibration
16604,fit
16605,fit
16606,fit
16607,fit
16608,fit
16609,fit
16610,fit
16611,calibration
16612,fit
16613,test
16615,fit
16616,fit
16619,fit
16620,fit
16621,calibration
16622,fit
16623,fit
16624,fit
16626,fit
16627,calibration
16628,fit
16629,test
16631,fit
16632,fit
16633,fit
16634,test
16635,test
16636,fit
16637,fit
16638,calibration
16639,fit
16640,fit
16641,fit
16642,calibration
16643,fit
16644,calibration
16645,calibration
16646,fit
16647,fit
16648,fit
16649,fit
16650,fit
16651,fit
16652,fit
16653,fit
16654,fit
16655,test
16656,fit
16657,fit
16658,fit
16659,fit
16660,fit
16661,fit
16662,test
16663,fit
16664,test
16665,fit
16666,fit
16667,fit
16669,calibration
16670,test
16671,fit
16672,fit
16673,fit
16674,fit
16675,test
16677,fit
16678,fit
16679,fit
16680,fit
16681,calibration
16682,fit
16684,fit
16685,fit
16686,calibration
16687,calibration
16688,fit
16689,calibration
16690,fit
16691,test
16692,test
16693,calibration
16694,test
16695,test
16696,fit
16697,fit
16698,fit
16699,calibration
16700,fit
16701,calibration
16702,fit
16704,fit
16705,fit
16706,test
16707,fit
16708,fit
16709,fit
16710,test
16711,fit
16712,test
16713,fit
16714,test
16715,fit
16716,fit
16717,fit
16718,fit
16719,calibration
16720,fit
16721,fit
16722,fit
16723,fit
16724,fit
16725,fit
16726,fit
16727,calibration
16728,fit
16729,test
16730,fit
16731,calibration
16732,test
16733,fit
16734,fit
16735,test
16736,calibration
16737,fit
16738,fit
16739,test
16740,fit
16741,test
16742,test
16743,fit
16746,test
16747,fit
16748,fit
16749,test
16750,fit
16751,fit
16752,test
16753,calibration
16754,fit
16755,calibration
16756,calibration
16757,test
16759,calibration
16760,calibration
16761,fit
16762,calibration
16763,calibration
16764,calibration
16765,fit
16766,fit
16767,fit
16768,test
16769,fit
16770,fit
16771,calibration
16772,fit
16773,calibration
16774,fit
16775,fit
16776,calibration
16777,fit
16778,fit
16779,fit
16780,fit
16781,test
16782,fit
16783,fit
16784,test
16785,fit
16786,test
16787,fit
16788,fit
16789,fit
16790,fit
16791,fit
16792,fit
16793,fit
16794,fit
16795,test
16796,fit
16797,test
16798,fit
16799,calibration
16800,fit
16801,fit
16802,fit
16803,fit
16804,fit
16805,test
16806,test
16807,test
16808,fit
16809,fit
16811,test
16812,fit
16813,calibration
16814,fit
16815,fit
16816,calibration
16817,test
16818,calibration
16819,calibration
16820,fit
16821,fit
16822,test
16823,calibration
16824,test
16825,test
16826,fit
16827,test
16828,fit
16829,fit
16830,fit
16831,fit
16832,fit
16833,calibration
16834,test
16835,fit
16837,fit
16838,fit
16839,test
16840,fit
16841,fit
16842,test
16843,fit
16844,test
16845,test
16846,calibration
16847,fit
16848,fit
16849,fit
16850,fit
16851,fit
16852,test
16853,fit
16854,calibration
16855,fit
16856,calibration
16857,fit
16858,test
16859,fit
16860,calibration
16861,fit
16862,test
16863,fit
16864,fit
16865,fit
16866,fit
16867,calibration
16868,fit
16869,test
16870,fit
16871,fit
16872,fit
16873,calibration
16874,fit
16875,fit
16876,fit
16877,calibration
16878,test
16879,calibration
16880,fit
16881,test
16882,calibration
16883,test
16884,calibration
16885,fit
16886,fit
16887,fit
16888,fit
16889,test
16890,calibration
16891,fit
16894,fit
16895,fit
16896,fit
16897,fit
16898,fit
16899,calibration
16900,fit
16901,fit
16902,test
16904,fit
16905,calibration
16906,test
16907,test
16908,calibration
16909,calibration
16911,fit
16912,test
16913,fit
16914,fit
16915,calibration
16916,fit
16917,fit
16918,fit
16919,fit
16920,fit
16921,calibration
16922,fit
16923,fit
16924,fit
16925,fit
16926,test
16927,fit
16928,fit
16929,calibration
16930,test
16931,calibration
16932,test
16933,fit
16934,fit
16935,test
16936,fit
16937,fit
16938,calibration
16939,calibration
16940,fit
16941,fit
16942,fit
16943,calibration
16944,fit
16946,fit
16947,calibration
16948,fit
16950,fit
16951,fit
16952,fit
16953,fit
16954,fit
16955,test
16956,test
16957,fit
16958,fit
16959,fit
16960,fit
16961,calibration
16962,calibration
16963,fit
16965,fit
16966,test
16967,test
16968,fit
16969,fit
16970,fit
16971,fit
16972,fit
16973,fit
16974,calibration
16975,fit
16976,test
16977,calibration
16978,fit
16980,fit
16981,fit
16982,fit
16983,fit
16984,fit
16986,fit
16987,fit
16988,calibration
16989,fit
16991,calibration
16992,fit
16993,calibration
16994,fit
16995,fit
16997,calibration
16998,fit
17000,test
17001,test
17002,test
17003,fit
17004,fit
17005,fit
17006,test
17007,fit
17008,calibration
17009,fit
17010,fit
17011,fit
17012,fit
17013,fit
17014,fit
17016,test
17017,fit
17018,fit
17019,fit
17020,fit
17022,calibration
17023,calibration
17024,fit
17025,fit
17026,fit
17027,test
17028,calibration
17029,fit
17030,fit
17031,fit
17032,fit
17033,fit
17034,fit
17035,fit
17036,fit
17037,test
17038,fit
17039,test
17040,fit
17041,test
17042,fit
17043,fit
17044,test
17045,calibration
17046,calibration
17047,fit
17048,calibration
17049,fit
17050,fit
17051,fit
17052,test
17053,fit
17054,fit
17056,fit
17057,fit
17060,fit
17061,calibration
17062,fit
17063,fit
17064,test
17065,fit
17066,fit
17067,fit
17069,fit
17070,fit
17071,calibration
17072,test
17073,test
17074,fit
17075,fit
17076,calibration
17077,test
17078,test
17079,fit
17080,calibration
17081,fit
17082,fit
17083,fit
17084,test
17086,fit
17087,calibration
17088,calibration
17089,fit
17090,fit
17091,calibration
17092,fit
17093,fit
17094,fit
17095,fit
17096,test
17097,fit
17098,test
17099,fit
17100,fit
17101,test
17102,test
17103,test
17104,calibration
17105,test
17106,fit
17107,fit
17108,fit
17109,test
17110,calibration
17111,fit
17112,test
17113,fit
17114,calibration
17115,test
17116,fit
17117,fit
17118,calibration
17119,test
17120,fit
17121,calibration
17122,fit
17124,fit
17125,calibration
17126,calibration
17127,fit
17128,test
17129,fit
17130,fit
17131,fit
17132,fit
17133,test
17134,fit
17135,fit
17136,fit
17137,test
17138,test
17139,test
17140,test
17141,fit
17142,fit
17143,fit
17144,calibration
17145,fit
17146,test
17147,test
17148,fit
17149,test
17150,fit
17151,fit
17152,fit
17153,calibration
17154,fit
17155,calibration
17157,calibration
17158,fit
17159,test
17160,calibration
17161,test
17162,calibration
17163,fit
17164,test
17165,test
17166,fit
17167,test
17168,calibration
17169,fit
17170,fit
17171,fit
17172,fit
17173,test
17174,fit
17175,fit
17176,fit
17177,fit
17178,test
17179,fit
17180,fit
17181,fit
17182,fit
17183,fit
17184,test
17185,test
17186,test
17188,fit
17189,calibration
17190,fit
17192,test
17193,test
17194,fit
17195,fit
17196,test
17197,fit
17198,calibration
17199,test
17200,fit
17201,fit
17202,fit
17203,calibration
17204,calibration
17205,fit
17206,fit
17207,calibration
17208,test
17209,fit
17210,calibration
17211,fit
17212,fit
17213,fit
17214,calibration
17215,fit
17216,fit
17217,fit
17218,calibration
17219,test
17220,test
17221,fit
17222,test
17223,test
17224,test
17225,fit
17226,fit
17227,fit
17229,fit
17230,test
17231,fit
17232,fit
17233,fit
17234,test
17235,fit
17236,calibration
17237,calibration
17238,fit
17239,calibration
17240,fit
17241,test
17243,fit
17244,fit
17245,test
17247,fit
17248,fit
17249,fit
17250,fit
17251,fit
17252,fit
17253,test
17254,fit
17255,fit
17256,fit
17257,fit
17258,fit
17259,calibration
17260,fit
17261,test
17262,fit
17263,fit
17264,calibration
17265,test
17266,fit
17267,fit
17268,fit
17269,fit
17270,test
17271,fit
17273,test
17274,fit
17275,calibration
17276,fit
17277,fit
17278,fit
17279,test
17280,fit
17281,fit
17282,calibration
17283,test
17284,fit
17285,test
17286,calibration
17287,fit
17288,fit
17290,fit
17291,fit
17292,fit
17294,calibration
17296,fit
17297,fit
17298,fit
17299,calibration
17301,calibration
17302,fit
17303,calibration
17304,test
17305,fit
17306,fit
17307,calibration
17308,fit
17309,fit
17310,fit
17311,test
17312,fit
17313,fit
17314,fit
17315,calibration
17316,fit
17317,fit
17318,fit
17319,test
17320,fit
17321,calibration
17322,calibration
17324,calibration
17325,fit
17326,calibration
17327,fit
17328,test
17329,fit
17330,fit
17332,fit
17333,fit
17334,fit
17335,fit
17336,test
17337,calibration
17338,calibration
17339,fit
17340,fit
17341,fit
17342,fit
17343,test
17344,calibration
17345,calibration
17346,fit
17347,fit
17348,fit
17349,fit
17350,test
17351,fit
17352,test
17353,fit
17354,fit
17355,fit
17356,fit
17357,fit
17358,fit
17359,fit
17360,calibration
17361,fit
17362,test
17363,calibration
17364,test
17365,fit
17366,calibration
17367,fit
17368,test
17369,test
17370,fit
17371,test
17372,fit
17373,test
17374,fit
17375,test
17376,fit
17377,fit
17378,fit
17379,calibration
17380,fit
17381,fit
17382,fit
17383,test
17384,calibration
17385,fit
17386,fit
17387,calibration
17388,fit
17389,test
17390,test
17391,fit
17392,fit
17393,fit
17394,calibration
17395,calibration
17396,fit
17397,fit
17398,fit
17399,fit
17400,fit
17401,fit
17402,fit
17403,fit
17404,fit
17405,calibration
17406,fit
17407,fit
17408,test
17409,calibration
17410,calibration
17411,fit
17413,calibration
17414,fit
17415,fit
17416,fit
17417,fit
17418,fit
17419,calibration
17420,calibration
17421,fit
17422,fit
17423,calibration
17424,fit
17425,fit
17426,fit
17427,calibration
17428,test
17429,fit
17430,fit
17431,test
17432,fit
17433,calibration
17434,fit
17435,fit
17436,fit
17437,fit
17438,fit
17439,fit
17440,calibration
17441,test
17442,fit
17443,fit
17444,fit
17445,fit
17446,fit
17447,fit
17448,fit
17449,test
17450,fit
17451,fit
17452,test
17453,fit
17454,fit
17455,fit
17456,test
17457,test
17458,fit
17459,fit
17460,calibration
17461,fit
17462,fit
17463,test
17464,fit
17465,test
17466,fit
17467,calibration
17468,test
17469,fit
17470,test
17471,calibration
17472,calibration
17474,fit
17475,test
17476,fit
17477,calibration
17478,test
17479,test
17480,test
17481,calibration
17482,fit
17483,fit
17484,fit
17485,fit
17486,test
17487,fit
17488,calibration
17489,fit
17490,fit
17491,fit
17492,fit
17493,calibration
17494,calibration
17496,calibration
17497,calibration
17499,test
17500,fit
17501,fit
17502,fit
17503,calibration
17504,test
17506,fit
17507,fit
17508,fit
17509,fit
17510,test
17511,fit
17512,fit
17513,fit
17514,test
17515,fit
17516,fit
17517,fit
17518,test
17519,test
17520,fit
17521,fit
17522,fit
17523,fit
17524,test
17525,test
17526,fit
17527,test
17528,test
17529,fit
17530,test
17531,test
17532,fit
17533,fit
17534,fit
17535,fit
17536,test
17537,test
17538,test
17539,fit
17540,calibration
17541,fit
17542,fit
17543,fit
17544,fit
17545,fit
17546,fit
17547,fit
17548,fit
17549,test
17550,test
17551,fit
17552,fit
17553,test
17554,fit
17556,test
17557,fit
17558,fit
17559,fit
17560,fit
17561,fit
17562,fit
17563,fit
17564,fit
17565,fit
17566,fit
17567,fit
17568,calibration
17569,test
17570,calibration
17571,fit
17572,fit
17573,fit
17574,test
17575,fit
17576,fit
17577,test
17578,fit
17579,test
17580,test
17582,calibration
17583,fit
17584,fit
17585,fit
17586,test
17587,calibration
17588,fit
17589,fit
17590,test
17591,calibration
17592,test
17593,fit
17594,fit
17595,calibration
17596,fit
17597,test
17598,fit
17599,fit
17600,fit
17601,fit
17602,calibration
17603,fit
17604,test
17605,fit
17606,test
17607,fit
17608,test
17609,fit
17610,calibration
17611,test
17612,fit
17613,fit
17614,fit
17615,fit
17616,fit
17617,fit
17618,fit
17619,fit
17620,calibration
17621,fit
17622,fit
17623,fit
17624,fit
17625,fit
17626,fit
17627,fit
17628,calibration
17629,test
17630,fit
17631,fit
17632,fit
17633,fit
17634,fit
17635,fit
17637,calibration
17638,calibration
17639,fit
17640,fit
17641,test
17642,fit
17643,fit
17644,fit
17645,calibration
17646,fit
17647,calibration
17648,fit
17649,test
17650,fit
17651,test
17652,fit
17653,fit
17654,test
17655,fit
17656,test
17657,fit
17658,fit
17659,test
17660,fit
17661,fit
17662,fit
17663,fit
17664,calibration
17665,fit
17666,fit
17667,fit
17668,fit
17669,fit
17670,fit
17671,fit
17672,fit
17673,fit
17674,fit
17675,fit
17676,fit
17677,fit
17678,fit
17679,fit
17680,fit
17681,fit
17682,fit
17683,test
17684,fit
17685,test
17686,fit
17687,fit
17688,fit
17689,fit
17690,fit
17691,fit
17693,fit
17694,fit
17695,fit
17696,fit
17697,calibration
17698,fit
17699,fit
17700,calibration
17701,fit
17702,fit
17703,fit
17704,fit
17705,fit
17706,fit
17707,test
17708,fit
17709,calibration
17710,fit
17711,fit
17712,test
17714,test
17715,calibration
17716,calibration
17717,fit
17718,calibration
17719,fit
17720,fit
17721,test
17722,fit
17724,fit
17725,test
17727,fit
17728,test
17729,calibration
17730,fit
17731,calibration
17732,test
17733,fit
17734,calibration
17735,fit
17736,fit
17737,fit
17739,fit
17740,calibration
17741,fit
17742,fit
17743,fit
17744,fit
17745,fit
17746,calibration
17747,test
17748,fit
17749,fit
17750,test
17751,test
17752,fit
17753,calibration
17754,fit
17755,test
17756,test
17757,calibration
17758,calibration
17759,fit
17760,test
17761,fit
17762,fit
17763,fit
17764,fit
17765,calibration
17766,fit
17767,calibration
17768,test
17769,fit
17770,calibration
17771,fit
17772,fit
17773,fit
17774,test
17775,fit
17776,test
17777,test
17778,test
17779,test
17780,fit
17781,fit
17782,fit
17783,fit
17784,fit
17785,fit
17786,calibration
17787,calibration
17788,fit
17789,fit
17790,fit
17791,fit
17792,calibration
17793,test
17794,fit
17795,fit
17796,calibration
17797,fit
17798,calibration
17799,fit
17800,calibration
17802,test
17803,fit
17806,fit
17807,test
17808,fit
17809,calibration
17810,test
17811,fit
17812,calibration
17813,test
17814,fit
17815,fit
17816,fit
17817,fit
17818,calibration
17819,test
17820,fit
17821,calibration
17822,fit
17823,test
17824,test
17825,calibration
17827,calibration
17828,test
17829,test
17830,calibration
17831,fit
17832,calibration
17833,fit
17834,fit
17835,fit
17836,test
17837,calibration
17838,calibration
17839,fit
17840,fit
17842,calibration
17843,calibration
17844,fit
17845,fit
17846,fit
17847,fit
17848,fit
17849,fit
17850,calibration
17851,fit
17852,fit
17853,test
17855,fit
17856,fit
17857,test
17858,fit
17859,fit
17860,fit
17861,fit
17862,fit
17863,test
17865,fit
17866,fit
17867,fit
17868,fit
17869,fit
17870,test
17871,test
17872,test
17873,fit
17874,calibration
17875,test
17876,fit
17877,calibration
17878,fit
17879,fit
17880,fit
17881,fit
17882,fit
17883,fit
17884,calibration
17885,fit
17886,calibration
17887,fit
17888,fit
17889,calibration
17890,fit
17891,fit
17892,fit
17894,test
17895,calibration
17896,fit
17897,fit
17898,fit
17899,calibration
17900,fit
17901,test
17902,fit
17903,fit
17904,fit
17905,fit
17906,test
17907,calibration
17908,fit
17909,calibration
17910,calibration
17911,calibration
17912,test
17913,fit
17914,fit
17915,fit
17916,fit
17917,test
17918,test
17919,fit
17920,fit
17922,calibration
17923,fit
17924,calibration
17925,calibration
17926,fit
17927,test
17928,fit
17929,fit
17930,fit
17931,fit
17932,fit
17933,calibration
17934,fit
17935,fit
17936,test
17937,test
17938,fit
17939,test
17940,fit
17941,fit
17942,fit
17943,fit
17944,test
17945,fit
17946,fit
17947,calibration
17948,test
17949,fit
17950,fit
17951,fit
17952,test
17953,calibration
17955,calibration
17956,test
17957,calibration
17958,fit
17959,fit
17960,fit
17961,test
17962,fit
17963,fit
17964,calibration
17965,calibration
17966,calibration
17967,test
17968,fit
17969,fit
17970,fit
17972,fit
17973,fit
17974,test
17975,fit
17976,fit
17977,fit
17978,calibration
17979,fit
17980,fit
17981,fit
17982,fit
17983,test
17984,fit
17985,fit
17986,test
17987,fit
17988,fit
17989,calibration
17990,fit
17991,calibration
17992,fit
17993,calibration
17995,fit
17996,calibration
17997,calibration
17998,fit
17999,calibration
18000,fit
18003,fit
18004,fit
18005,test
18006,test
18007,test
18008,calibration
18009,test
18010,fit
18011,fit
18012,calibration
18013,calibration
18014,calibration
18015,calibration
18016,fit
18017,calibration
18018,fit
18019,calibration
18020,fit
18021,fit
18022,test
18023,test
18024,test
18025,test
18026,fit
18027,calibration
18028,calibration
18029,fit
18030,fit
18031,test
18032,fit
18033,fit
18034,fit
18036,test
18037,test
18038,calibration
18039,calibration
18040,calibration
18041,fit
18042,fit
18043,test
18044,fit
18045,fit
18046,test
18047,test
18048,calibration
18049,calibration
18050,fit
18051,calibration
18052,fit
18053,test
18054,test
18056,fit
18057,test
18058,calibration
18059,fit
18060,test
18061,calibration
18062,fit
18063,test
18064,test
18065,fit
18066,fit
18067,fit
18068,test
18069,fit
18070,test
18071,fit
18072,test
18073,fit
18074,test
18075,calibration
18076,fit
18077,test
18078,test
18079,fit
18080,calibration
18081,fit
18082,fit
18083,fit
18084,fit
18085,fit
18086,calibration
18087,fit
18088,calibration
18089,fit
18090,fit
18091,calibration
18092,fit
18093,calibration
18096,fit
18097,test
18098,calibration
18099,test
18100,fit
18101,fit
18102,fit
18103,fit
18105,fit
18106,fit
18108,fit
18109,fit
18110,fit
18111,calibration
18112,fit
18113,fit
18114,fit
18115,calibration
18116,fit
18117,calibration
18118,test
18119,fit
18120,fit
18121,fit
18122,test
18123,test
18124,fit
18125,fit
18126,test
18127,calibration
18128,fit
18129,fit
18130,test
18131,fit
18132,fit
18133,fit
18134,fit
18135,fit
18136,fit
18137,test
18138,calibration
18139,test
18140,calibration
18141,fit
18142,fit
18143,fit
18144,calibration
18145,fit
18146,fit
18147,fit
18148,calibration
18149,fit
18150,calibration
18151,fit
18152,fit
18153,fit
18154,fit
18156,test
18157,fit
18158,calibration
18159,fit
18160,test
18161,fit
18162,test
18163,test
18164,fit
18165,fit
18166,fit
18167,fit
18168,fit
18169,fit
18170,fit
18171,fit
18173,fit
18174,fit
18175,calibration
18177,test
18178,fit
18179,fit
18180,fit
18181,fit
18182,fit
18183,fit
18184,test
18185,fit
18186,test
18187,fit
18188,fit
18189,calibration
18190,test
18191,fit
18192,fit
18193,fit
18194,test
18195,fit
18196,test
18197,fit
18198,fit
18199,fit
18200,test
18201,fit
18202,test
18203,test
18204,calibration
18205,fit
18206,test
18207,test
18208,test
18209,test
18212,test
18213,fit
18214,calibration
18215,fit
18216,test
18217,calibration
18218,calibration
18219,fit
18220,fit
18221,test
18222,calibration
18223,fit
18225,calibration
18226,calibration
18227,fit
18228,fit
18229,test
18230,test
18231,fit
18232,fit
18233,calibration
18234,fit
18235,calibration
18237,fit
18238,test
18239,calibration
18240,calibration
18241,fit
18242,test
18243,fit
18244,fit
18245,fit
18246,fit
18247,fit
18248,test
18249,fit
18250,fit
18251,fit
18252,fit
18253,test
18254,test
18255,calibration
18256,fit
18257,calibration
18258,fit
18259,fit
18260,fit
18261,fit
18262,fit
18263,fit
18266,fit
18267,fit
18268,test
18269,fit
18270,fit
18271,fit
18272,test
18273,test
18274,test
18275,fit
18276,test
18277,test
18279,fit
18280,fit
18281,fit
18282,fit
18283,test
18284,fit
18285,fit
18286,fit
18287,fit
18288,fit
18289,fit
18290,fit
18291,calibration
18292,fit
18293,fit
18294,fit
18295,fit
18296,fit
18298,fit
18299,fit
18300,fit
18301,test
18302,test
18303,fit
18304,test
18305,fit
18306,calibration
18307,test
18308,calibration
18310,fit
18311,fit
18312,fit
18313,test
18314,test
18315,calibration
18316,calibration
18317,fit
18318,calibration
18319,fit
18320,calibration
18321,test
18322,fit
18323,fit
18324,fit
18325,fit
18326,fit
18327,fit
18328,fit
18329,calibration
18330,fit
18331,fit
18332,test
18333,fit
18334,calibration
18335,test
18336,fit
18337,fit
18338,fit
18339,calibration
18340,fit
18341,calibration
18342,calibration
18343,test
18344,test
18345,fit
18346,fit
18347,fit
18348,calibration
18349,test
18350,fit
18351,test
18352,fit
18353,fit
18354,test
18355,calibration
18356,calibration
18357,fit
18358,fit
18359,fit
18360,fit
18362,fit
18364,fit
18365,fit
18366,fit
18367,fit
18368,test
18370,fit
18371,fit
18372,calibration
18373,fit
18375,calibration
18376,calibration
18377,fit
18378,test
18379,calibration
18380,test
18381,fit
18382,fit
18383,fit
18384,fit
18385,test
18386,calibration
18387,test
18388,calibration
18389,test
18390,fit
18392,test
18393,fit
18394,fit
18395,fit
18396,fit
18397,fit
18398,test
18400,calibration
18401,fit
18402,test
18403,calibration
18404,calibration
18405,fit
18406,calibration
18407,fit
18408,test
18409,test
18410,test
18411,fit
18412,fit
18413,fit
18414,fit
18416,calibration
18417,test
18418,fit
18419,test
18420,calibration
18421,fit
18422,calibration
18423,test
18424,fit
18425,test
18426,fit
18427,test
18428,fit
18429,calibration
18430,fit
18431,fit
18432,test
18433,fit
18435,calibration
18436,calibration
18437,test
18438,fit
18439,fit
18440,fit
18441,test
18442,calibration
18443,test
18444,test
18445,fit
18446,calibration
18447,test
18449,calibration
18450,fit
18451,fit
18452,fit
18453,test
18454,fit
18455,fit
18456,calibration
18457,test
18458,fit
18459,fit
18460,fit
18461,calibration
18462,calibration
18463,fit
18464,calibration
18466,fit
18467,fit
18468,test
18469,fit
18470,fit
18471,fit
18472,fit
18473,fit
18474,test
18475,fit
18476,test
18477,fit
18478,test
18479,fit
18480,fit
18481,fit
18482,fit
18483,calibration
18484,test
18485,fit
18486,test
18487,test
18488,calibration
18489,fit
18490,fit
18491,fit
18492,fit
18493,fit
18494,test
18495,test
18497,fit
18498,fit
18499,calibration
18500,calibration
18501,fit
18502,fit
18503,calibration
18504,fit
18505,calibration
18506,fit
18507,calibration
18508,fit
18509,fit
18510,test
18511,calibration
18512,fit
18513,fit
18515,calibration
18516,test
18517,fit
18519,fit
18520,fit
18521,calibration
18522,fit
18523,fit
18525,fit
18526,fit
18527,test
18528,fit
18529,fit
18530,fit
18531,calibration
18533,fit
18534,fit
18535,calibration
18536,fit
18538,fit
18540,fit
18541,fit
18542,fit
18543,calibration
18544,fit
18545,fit
18546,calibration
18547,fit
18548,fit
18549,fit
18550,test
18551,fit
18552,fit
18553,fit
18554,fit
18555,fit
18556,test
18557,fit
18558,test
18559,fit
18561,test
18562,fit
18563,fit
18564,calibration
18565,fit
18566,fit
18567,fit
18568,fit
18569,fit
18570,fit
18571,fit
18572,calibration
18574,fit
18575,fit
18577,calibration
18578,fit
18579,fit
18580,fit
18581,test
18582,fit
18583,fit
18584,fit
18585,fit
18586,fit
18587,fit
18588,fit
18589,calibration
18590,fit
18591,fit
18592,fit
18593,fit
18594,test
18595,fit
18596,fit
18597,fit
18598,fit
18599,test
18602,calibration
18603,fit
18604,calibration
18605,test
18606,fit
18607,test
18608,calibration
18609,test
18610,test
18611,fit
18612,test
18613,test
18614,fit
18615,fit
18616,test
18617,test
18618,test
18619,fit
18620,test
18621,fit
18622,fit
18623,calibration
18624,fit
18625,calibration
18626,fit
18627,calibration
18628,fit
18629,calibration
18630,fit
18631,fit
18633,fit
18634,fit
18635,fit
18636,fit
18637,fit
18638,fit
18639,fit
18640,fit
18641,fit
18642,test
18643,fit
18644,fit
18646,fit
18647,fit
18648,fit
18650,fit
18651,fit
18653,test
18654,fit
18655,test
18656,test
18657,calibration
18658,calibration
18660,calibration
18661,fit
18662,calibration
18663,fit
18664,calibration
18665,fit
18666,fit
18667,fit
18668,fit
18669,fit
18671,fit
18672,test
18673,fit
18674,fit
18675,fit
18676,calibration
18677,fit
18678,calibration
18679,test
18680,test
18681,calibration
18682,calibration
18683,fit
18684,fit
18685,fit
18686,test
18687,calibration
18688,test
18689,fit
18690,test
18691,fit
18692,fit
18693,fit
18694,fit
18695,fit
18696,fit
18697,fit
18698,test
18699,fit
18700,fit
18701,calibration
18702,fit
18703,fit
18704,test
18705,calibration
18706,calibration
18707,test
18708,fit
18709,fit
18710,fit
18711,fit
18712,fit
18713,fit
18714,fit
18715,calibration
18716,test
18717,fit
18718,fit
18719,fit
18720,test
18721,fit
18722,fit
18723,calibration
18724,fit
18725,fit
18726,fit
18727,fit
18728,fit
18729,test
18730,calibration
18733,fit
18734,test
18735,test
18736,fit
18737,fit
18738,fit
18739,test
18740,fit
18741,fit
18742,calibration
18743,calibration
18744,test
18745,fit
18746,test
18747,fit
18748,fit
18749,calibration
18750,fit
18751,test
18752,fit
18753,calibration
18754,fit
18755,test
18756,fit
18758,fit
18759,test
18760,fit
18761,fit
18762,fit
18763,fit
18764,fit
18765,fit
18766,calibration
18768,fit
18769,fit
18770,fit
18772,test
18773,fit
18774,fit
18775,calibration
18776,fit
18777,calibration
18778,calibration
18779,fit
18780,test
18781,test
18782,fit
18783,fit
18784,fit
18785,test
18786,test
18787,fit
18788,fit
18789,fit
18790,fit
18791,fit
18792,fit
18793,fit
18794,fit
18795,fit
18796,test
18797,fit
18798,fit
18799,fit
18800,fit
18801,fit
18802,fit
18803,calibration
18804,fit
18806,fit
18807,calibration
18808,test
18809,fit
18811,test
18812,test
18813,test
18814,fit
18815,calibration
18816,fit
18817,fit
18818,fit
18819,test
18820,fit
18821,fit
18822,fit
18823,fit
18824,fit
18825,fit
18826,fit
18827,fit
18828,fit
18829,fit
18830,fit
18831,fit
18832,fit
18833,test
18834,fit
18835,fit
18836,fit
18837,fit
18838,fit
18839,fit
18841,calibration
18842,fit
18843,fit
18844,fit
18845,fit
18846,fit
18847,fit
18848,fit
18849,fit
18850,calibration
18851,fit
18852,fit
18853,calibration
18854,fit
18855,fit
18856,fit
18857,fit
18858,test
18859,fit
18860,test
18861,fit
18862,fit
18863,fit
18864,fit
18865,calibration
18866,fit
18867,calibration
18868,fit
18869,fit
18870,calibration
18871,fit
18872,fit
18873,fit
18874,fit
18875,fit
18876,test
18877,fit
18878,calibration
18879,calibration
18880,fit
18882,fit
18883,fit
18884,fit
18885,fit
18886,fit
18888,fit
18889,test
18890,calibration
18891,fit
18892,calibration
18893,fit
18894,test
18895,test
18896,fit
18897,fit
18898,calibration
18899,test
18900,fit
18901,fit
18902,test
18903,fit
18904,fit
18905,fit
18906,fit
18908,fit
18909,fit
18910,calibration
18911,fit
18912,test
18913,fit
18914,test
18915,test
18916,fit
18917,test
18918,fit
18919,fit
18920,test
18921,fit
18923,test
18924,calibration
18925,test
18926,fit
18927,calibration
18928,calibration
18929,fit
18930,test
18933,fit
18934,calibration
18935,fit
18936,fit
18937,calibration
18938,calibration
18939,test
18940,test
18941,test
18942,calibration
18943,fit
18945,fit
18946,fit
18947,calibration
18948,fit
18949,test
18950,fit
18951,test
18952,calibration
18953,calibration
18954,calibration
18955,test
18956,fit
18957,fit
18958,fit
18959,fit
18960,test
18961,fit
18962,calibration
18963,fit
18964,calibration
18965,calibration
18966,fit
18967,fit
18968,fit
18969,fit
18970,fit
18971,fit
18972,test
18973,fit
18974,calibration
18975,calibration
18976,calibration
18977,calibration
18978,fit
18979,fit
18980,fit
18981,test
18982,fit
18983,test
18984,fit
18985,fit
18986,test
18987,fit
18988,fit
18989,test
18990,fit
18991,fit
18992,test
18993,calibration
18994,test
18996,fit
18997,calibration
18998,fit
19000,fit
19001,test
19002,fit
19003,fit
19004,fit
19005,fit
19006,fit
19007,fit
19008,test
19009,fit
19010,test
19011,fit
19012,test
19013,calibration
19014,calibration
19015,fit
19016,fit
19017,fit
19018,fit
19020,test
19021,test
19022,test
19023,test
19024,test
19025,test
19026,calibration
19027,calibration
19028,fit
19029,test
19030,fit
19031,test
19032,fit
19033,test
19034,test
19035,calibration
19036,fit
19037,test
19038,calibration
19039,fit
19040,calibration
19041,fit
19042,test
19043,fit
19044,test
19045,fit
19046,fit
19047,fit
19048,test
19049,fit
19050,fit
19051,fit
19052,fit
19053,test
19054,calibration
19056,fit
19057,calibration
19058,fit
19059,fit
19060,calibration
19061,fit
19062,fit
19063,calibration
19064,fit
19065,fit
19066,fit
19067,calibration
19068,test
19069,test
19070,test
19071,fit
19072,fit
19073,fit
19074,calibration
19075,calibration
19076,fit
19077,fit
19078,calibration
19079,calibration
19080,fit
19081,test
19082,fit
19084,fit
19085,fit
19086,fit
19087,test
19088,fit
19089,fit
19090,fit
19091,fit
19092,fit
19093,test
19094,fit
19095,fit
19096,fit
19097,fit
19099,fit
19100,test
19101,fit
19103,test
19104,fit
19106,fit
19107,fit
19108,test
19109,fit
19110,calibration
19111,test
19112,fit
19113,calibration
19114,fit
19116,test
19117,calibration
19118,calibration
19119,test
19120,fit
19121,fit
19122,fit
19123,fit
19124,test
19125,fit
19126,fit
19127,fit
19128,fit
19129,fit
19130,test
19131,fit
19133,test
19134,fit
19135,calibration
19136,fit
19137,test
19138,calibration
19139,fit
19140,test
19141,fit
19142,test
19143,fit
19144,test
19145,fit
19146,fit
19147,fit
19148,test
19149,fit
19150,fit
19152,fit
19154,calibration
19155,fit
19156,test
19157,fit
19158,fit
19159,test
19160,fit
19161,fit
19162,fit
19163,fit
19164,calibration
19165,fit
19166,fit
19169,fit
19170,fit
19171,fit
19172,fit
19173,fit
19174,fit
19175,fit
19176,fit
19177,fit
19178,fit
19179,fit
19180,fit
19181,test
19182,test
19183,fit
19184,test
19185,calibration
19186,fit
19187,fit
19188,test
19190,fit
19191,test
19192,fit
19193,calibration
19194,calibration
19195,fit
19196,fit
19197,calibration
19198,fit
19199,calibration
19200,calibration
19201,fit
19203,fit
19205,fit
19206,fit
19207,fit
19208,test
19209,fit
19210,fit
19211,calibration
19212,fit
19213,calibration
19214,test
19215,fit
19216,fit
19218,fit
19219,fit
19220,fit
19221,fit
19222,test
19223,fit
19224,calibration
19225,fit
19226,fit
19227,fit
19229,fit
19230,fit
19232,fit
19233,fit
19234,calibration
19235,fit
19236,calibration
19237,test
19238,fit
19240,fit
19241,fit
19242,fit
19243,fit
19244,calibration
19245,test
19246,fit
19247,calibration
19248,fit
19249,fit
19250,calibration
19251,fit
19252,test
19253,fit
19254,calibration
19255,test
19256,fit
19257,fit
19258,fit
19259,fit
19260,test
19261,test
19262,fit
19263,fit
19264,fit
19265,fit
19266,test
19267,fit
19268,fit
19269,test
19270,fit
19271,fit
19272,test
19273,calibration
19274,fit
19275,fit
19276,calibration
19277,fit
19278,calibration
19279,calibration
19280,fit
19281,test
19282,fit
19283,fit
19284,fit
19285,fit
19286,fit
19288,fit
19289,calibration
19291,fit
19292,fit
19293,fit
19294,fit
19295,calibration
19296,calibration
19297,fit
19298,fit
19299,fit
19300,fit
19301,fit
19302,fit
19303,fit
19304,calibration
19305,fit
19306,test
19307,calibration
19308,calibration
19309,fit
19310,fit
19311,fit
19312,test
19313,fit
19314,calibration
19315,fit
19317,fit
19318,fit
19319,test
19320,fit
19321,calibration
19322,fit
19323,fit
19324,fit
19325,fit
19326,fit
19327,calibration
19328,fit
19329,fit
19330,fit
19331,fit
19332,fit
19333,fit
19334,calibration
19335,test
19336,test
19337,test
19338,test
19340,fit
19341,fit
19342,fit
19343,fit
19344,fit
19345,fit
19346,fit
19347,fit
19348,fit
19349,fit
19350,fit
19351,fit
19352,fit
19353,fit
19354,fit
19355,fit
19357,test
19358,calibration
19359,fit
19361,fit
19362,fit
19363,fit
19365,fit
19366,fit
19367,fit
19368,calibration
19369,fit
19370,fit
19371,calibration
19372,fit
19373,fit
19374,fit
19375,fit
19376,fit
19377,fit
19378,fit
19379,fit
19380,calibration
19381,fit
19382,fit
19385,test
19386,fit
19387,calibration
19388,fit
19389,fit
19391,calibration
19392,fit
19393,fit
19394,fit
19395,fit
19396,calibration
19397,fit
19398,fit
19399,fit
19400,test
19401,fit
19402,fit
19403,fit
19404,calibration
19405,fit
19406,fit
19408,calibration
19409,fit
19410,calibration
19411,test
19412,test
19413,calibration
19414,fit
19415,fit
19416,calibration
19417,fit
19418,test
19419,fit
19420,calibration
19421,test
19422,fit
19423,calibration
19424,fit
19425,calibration
19426,fit
19427,fit
19428,test
19429,calibration
19430,test
19432,test
19433,calibration
19434,fit
19435,fit
19436,calibration
19437,fit
19438,fit
19440,fit
19441,calibration
19442,fit
19443,fit
19444,fit
19445,calibration
19446,fit
19447,calibration
19448,fit
19449,fit
19450,fit
19451,fit
19452,fit
19453,test
19454,fit
19455,test
19456,test
19457,fit
19458,calibration
19459,fit
19460,test
19461,fit
19462,fit
19463,test
19464,fit
19465,calibration
19466,fit
19467,test
19468,fit
19469,test
19471,calibration
19472,fit
19473,fit
19474,test
19475,fit
19477,fit
19478,fit
19479,fit
19480,test
19481,fit
19482,test
19484,calibration
19485,fit
19486,test
19487,calibration
19488,fit
19489,fit
19491,fit
19492,fit
19493,calibration
19494,test
19495,fit
19496,fit
19497,fit
19498,test
19499,test
19500,test
19501,fit
19502,calibration
19503,test
19504,fit
19506,fit
19507,fit
19508,fit
19509,test
19510,calibration
19511,fit
19512,fit
19513,fit
19515,test
19516,test
19517,fit
19518,calibration
19519,fit
19520,fit
19521,calibration
19522,fit
19523,test
19524,fit
19525,calibration
19527,test
19528,calibration
19529,fit
19530,fit
19531,calibration
19532,fit
19533,fit
19534,calibration
19535,fit
19536,fit
19537,fit
19538,fit
19539,test
19540,test
19541,test
19542,fit
19543,fit
19544,fit
19545,fit
19546,fit
19547,fit
19548,fit
19549,fit
19550,fit
19551,test
19552,test
19553,fit
19554,test
19555,test
19556,test
19557,fit
19558,fit
19559,fit
19560,fit
19561,fit
19562,calibration
19563,fit
19564,test
19565,fit
19567,fit
19568,fit
19570,fit
19571,fit
19572,fit
19573,fit
19574,fit
19575,fit
19577,test
19578,fit
19579,fit
19580,fit
19581,fit
19582,calibration
19583,fit
19584,fit
19585,test
19586,test
19587,calibration
19588,fit
19589,fit
19590,fit
19591,test
19592,fit
19593,fit
19594,fit
19595,fit
19596,test
19597,fit
19598,test
19599,fit
19600,fit
19601,fit
19603,fit
19604,fit
19605,fit
19606,calibration
19607,fit
19608,fit
19609,fit
19610,fit
19611,test
19612,calibration
19613,fit
19614,fit
19615,fit
19616,fit
19617,calibration
19618,test
19619,fit
19620,calibration
19621,test
19622,fit
19623,fit
19624,calibration
19625,fit
19626,calibration
19627,fit
19628,test
19629,calibration
19630,fit
19631,test
19632,calibration
19633,calibration
19634,fit
19635,calibration
19636,calibration
19637,test
19638,fit
19639,fit
19640,fit
19641,fit
19642,fit
19643,fit
19644,fit
19645,fit
19646,calibration
19647,fit
19648,fit
19650,fit
19651,calibration
19652,calibration
19653,test
19654,test
19655,fit
19656,fit
19657,test
19658,calibration
19659,test
19660,calibration
19662,fit
19663,fit
19664,fit
19665,fit
19666,calibration
19667,calibration
19668,fit
19669,fit
19670,test
19671,fit
19672,fit
19674,fit
19675,fit
19676,calibration
19677,fit
19679,test
19680,fit
19681,fit
19682,fit
19683,fit
19684,test
19687,test
19688,calibration
19691,calibration
19692,test
19693,fit
19694,fit
19695,fit
19696,calibration
19697,fit
19698,test
19699,fit
19700,fit
19701,test
19702,fit
19703,calibration
19704,calibration
19705,fit
19706,fit
19707,fit
19708,calibration
19709,test
19710,fit
19711,test
19712,fit
19713,fit
19714,fit
19715,calibration
19716,fit
19717,fit
19718,fit
19719,fit
19720,calibration
19721,calibration
19722,fit
19723,test
19724,fit
19725,fit
19726,fit
19727,fit
19728,test
19729,calibration
19730,calibration
19731,fit
19732,calibration
19733,test
19734,fit
19735,test
19736,calibration
19737,fit
19738,fit
19739,test
19740,fit
19742,fit
19743,fit
19744,fit
19745,test
19746,fit
19747,fit
19748,fit
19749,fit
19750,fit
19751,fit
19752,fit
19753,fit
19754,calibration
19755,calibration
19756,fit
19757,test
19758,test
19759,calibration
19760,fit
19761,fit
19762,fit
19763,test
19764,fit
19765,test
19766,fit
19767,fit
19768,fit
19769,fit
19770,calibration
19771,test
19772,fit
19773,fit
19774,fit
19776,fit
19777,fit
19778,test
19779,fit
19780,fit
19781,fit
19782,test
19783,calibration
19784,test
19785,fit
19786,fit
19787,calibration
19788,fit
19789,test
19790,calibration
19791,calibration
19792,fit
19793,fit
19794,test
19795,fit
19796,test
19797,fit
19799,test
19800,fit
19801,calibration
19802,calibration
19803,fit
19804,fit
19805,fit
19806,calibration
19807,fit
19808,fit
19810,fit
19811,calibration
19812,fit
19813,fit
19814,fit
19815,calibration
19816,fit
19817,fit
19818,calibration
19819,test
19820,fit
19821,test
19822,fit
19823,fit
19824,calibration
19825,fit
19826,calibration
19827,calibration
19828,calibration
19829,test
19830,fit
19831,fit
19832,fit
19833,calibration
19834,fit
19835,fit
19836,test
19837,fit
19838,fit
19839,test
19840,test
19841,test
19842,fit
19843,calibration
19844,test
19845,calibration
19846,calibration
19847,test
19848,fit
19849,test
19850,fit
19851,calibration
19852,fit
19853,test
19854,test
19855,fit
19856,fit
19857,calibration
19858,fit
19859,fit
19860,fit
19861,test
19862,fit
19863,fit
19864,test
19865,fit
19866,test
19867,fit
19868,fit
19869,fit
19870,test
19871,test
19874,test
19875,fit
19876,fit
19877,fit
19878,calibration
19880,calibration
19881,fit
19882,fit
19883,calibration
19884,calibration
19885,test
19886,calibration
19887,test
19888,fit
19889,calibration
19890,test
19891,fit
19893,calibration
19895,fit
19896,fit
19897,calibration
19898,test
19899,fit
19900,fit
19901,fit
19902,calibration
19903,calibration
19904,calibration
19905,fit
19906,calibration
19907,test
19908,fit
19909,calibration
19910,fit
19911,calibration
19912,calibration
19913,fit
19914,calibration
19915,fit
19916,test
19917,fit
19918,fit
19919,fit
19920,calibration
19921,fit
19922,fit
19924,calibration
19925,fit
19926,calibration
19927,fit
19928,fit
19929,fit
19930,fit
19932,fit
19933,calibration
19935,calibration
19936,calibration
19937,calibration
19938,calibration
19939,fit
19940,calibration
19941,fit
19942,fit
19944,fit
19945,fit
19946,fit
19947,test
19948,fit
19949,test
19950,fit
19951,test
19952,fit
19953,fit
19954,fit
19956,fit
19957,fit
19958,fit
19959,fit
19960,fit
19961,fit
19962,fit
19963,test
19964,fit
19965,calibration
19966,fit
19967,fit
19968,fit
19969,fit
19970,test
19971,fit
19972,fit
19973,calibration
19974,fit
19975,fit
19976,fit
19977,fit
19978,fit
19979,fit
19980,calibration
19981,fit
19982,fit
19983,fit
19984,fit
19985,fit
19986,fit
19987,fit
19988,fit
19989,fit
19990,calibration
19991,fit
19992,fit
19993,fit
19994,fit
19995,calibration
19996,calibration
19997,fit
19998,fit
19999,fit
20000,fit
20001,fit
20002,test
20003,fit
20004,fit
20005,test
20006,test
20007,fit
20008,fit
20009,fit
20010,calibration
20012,fit
20013,fit
20014,test
20015,calibration
20016,fit
20017,fit
20019,fit
20020,calibration
20021,test
20022,test
20023,fit
20024,test
20026,test
20027,fit
20028,calibration
20029,test
20030,calibration
20031,fit
20032,fit
20033,fit
20034,fit
20035,test
20036,fit
20038,test
20039,fit
20040,calibration
20041,fit
20042,fit
20043,fit
20046,calibration
20047,fit
20048,fit
20049,test
20050,calibration
20051,fit
20052,calibration
20053,fit
20054,fit
20055,fit
20056,fit
20057,fit
20058,fit
20059,calibration
20060,fit
20061,calibration
20063,fit
20064,fit
20065,fit
20066,test
20067,fit
20068,fit
20069,test
20070,fit
20071,fit
20072,fit
20074,fit
20075,fit
20076,fit
20077,fit
20078,calibration
20079,fit
20080,test
20081,fit
20082,fit
20083,test
20084,fit
20085,test
20086,test
20087,test
20088,fit
20089,calibration
20090,test
20091,fit
20092,test
20093,test
20095,fit
20096,fit
20097,fit
20098,fit
20099,fit
20101,test
20102,fit
20103,fit
20104,test
20105,calibration
20106,fit
20107,fit
20108,fit
20109,fit
20110,fit
20111,fit
20112,fit
20113,fit
20114,fit
20115,test
20116,test
20117,fit
20118,fit
20119,fit
20120,fit
20121,fit
20122,fit
20123,fit
20124,calibration
20125,fit
20126,fit
20127,fit
20128,test
20129,fit
20130,fit
20131,fit
20132,test
20134,fit
20135,fit
20136,fit
20137,fit
20138,fit
20139,fit
20140,fit
20141,fit
20142,test
20143,fit
20144,fit
20145,calibration
20146,fit
20147,fit
20148,test
20149,calibration
20150,fit
20151,test
20152,fit
20153,fit
20155,calibration
20156,fit
20157,fit
20158,calibration
20159,test
20160,calibration
20161,fit
20162,fit
20163,fit
20164,fit
20165,calibration
20166,fit
20167,fit
20168,fit
20169,fit
20170,calibration
20171,fit
20172,fit
20173,calibration
20174,calibration
20175,fit
20176,test
20177,fit
20178,calibration
20179,test
20180,fit
20181,fit
20182,calibration
20183,fit
20185,fit
20186,fit
20187,fit
20188,fit
20189,fit
20190,calibration
20191,calibration
20192,fit
20193,test
20194,test
20196,test
20197,calibration
20198,test
20199,fit
20200,test
20201,calibration
20202,fit
20203,fit
20204,fit
20205,calibration
20206,fit
20207,calibration
20208,fit
20209,fit
20210,fit
20211,fit
20212,fit
20213,fit
20214,test
20215,test
20216,fit
20217,fit
20218,test
20219,fit
20220,fit
20221,fit
20222,test
20223,fit
20224,fit
20225,test
20226,fit
20227,calibration
20228,test
20230,fit
20231,fit
20232,calibration
20233,fit
20234,fit
20235,fit
20236,fit
20237,calibration
20238,calibration
20239,fit
20241,fit
20242,fit
20243,fit
20244,fit
20245,calibration
20246,fit
20247,test
20248,test
20249,fit
20250,test
20251,fit
20252,fit
20253,test
20254,calibration
20255,fit
20256,test
20257,fit
20258,fit
20259,fit
20260,calibration
20261,calibration
20262,calibration
20263,fit
20264,fit
20265,test
20266,test
20267,fit
20268,fit
20269,fit
20270,fit
20271,fit
20272,fit
20273,test
20274,fit
20275,fit
20276,fit
20277,test
20278,fit
20279,test
20280,fit
20281,calibration
20282,calibration
20283,calibration
20284,calibration
20285,fit
20286,fit
20287,fit
20288,fit
20289,fit
20290,test
20291,calibration
20292,calibration
20293,fit
20294,fit
20295,test
20296,fit
20297,test
20298,fit
20299,calibration
20300,fit
20301,test
20302,fit
20303,fit
20304,fit
20305,fit
20306,fit
20307,fit
20308,test
20309,fit
20310,fit
20311,test
20312,fit
20313,test
20314,fit
20315,test
20317,fit
20318,fit
20319,calibration
20320,calibration
20321,fit
20322,test
20323,fit
20324,fit
20325,fit
20326,fit
20327,calibration
20328,fit
20329,test
20330,fit
20331,test
20332,fit
20333,fit
20334,fit
20335,fit
20336,test
20337,calibration
20338,test
20339,fit
20340,calibration
20341,test
20342,fit
20343,fit
20344,test
20345,fit
20346,fit
20347,calibration
20348,calibration
20349,test
20350,fit
20351,fit
20353,fit
20354,fit
20356,fit
20357,fit
20358,fit
20359,fit
20361,fit
20362,test
20363,fit
20364,test
20365,fit
20366,fit
20367,fit
20368,fit
20369,test
20370,calibration
20371,fit
20372,fit
20373,calibration
20374,calibration
20375,fit
20376,calibration
20377,fit
20378,test
20379,fit
20380,fit
20381,fit
20382,fit
20383,test
20384,fit
20385,fit
20386,calibration
20387,fit
20388,fit
20389,fit
20390,fit
20391,fit
20392,fit
20393,test
20394,fit
20395,calibration
20396,fit
20397,fit
20398,calibration
20399,fit
20400,fit
20401,calibration
20402,fit
20403,fit
20404,fit
20405,fit
20406,fit
20407,fit
20408,calibration
20409,fit
20410,test
20411,fit
20412,fit
20413,calibration
20414,fit
20415,calibration
20416,test
20417,test
20418,test
20419,test
20420,fit
20421,fit
20422,fit
20423,fit
20424,fit
20425,fit
20426,fit
20427,calibration
20428,fit
20429,calibration
20430,fit
20431,test
20432,fit
20433,fit
20434,fit
20435,test
20436,test
20437,fit
20438,fit
20439,fit
20440,fit
20441,fit
20442,fit
20443,test
20444,calibration
20445,calibration
20447,fit
20448,test
20449,calibration
20450,fit
20451,test
20452,fit
20453,fit
20454,fit
20455,fit
20456,fit
20457,fit
20458,calibration
20459,test
20460,test
20461,fit
20462,fit
20463,fit
20464,fit
20465,fit
20466,fit
20467,test
20468,fit
20469,test
20470,fit
20471,fit
20472,test
20473,fit
20475,calibration
20476,calibration
20477,fit
20478,fit
20479,fit
20480,fit
20481,test
20482,fit
20483,calibration
20484,fit
20485,fit
20486,fit
20487,fit
20488,fit
20489,calibration
20490,test
20491,fit
20492,fit
20493,fit
20495,test
20496,fit
20497,test
20498,fit
20499,fit
20500,calibration
20501,test
20502,fit
20503,test
20504,test
20505,fit
20506,test
20507,fit
20508,fit
20509,fit
20510,calibration
20511,fit
20513,fit
20514,fit
20515,test
20516,fit
20517,fit
20518,fit
20519,fit
20520,fit
20521,fit
20522,test
20523,calibration
20524,fit
20525,fit
20526,fit
20527,fit
20528,test
20529,fit
20530,fit
20531,test
20532,calibration
20534,test
20535,fit
20536,test
20537,fit
20538,fit
20539,calibration
20540,test
20541,fit
20542,fit
20543,fit
20544,fit
20545,test
20546,fit
20547,test
20548,fit
20549,fit
20550,calibration
20551,fit
20552,test
20553,fit
20554,test
20555,test
20556,test
20557,fit
20558,fit
20559,fit
20560,fit
20561,calibration
20562,calibration
20563,calibration
20564,calibration
20565,test
20566,test
20567,fit
20570,fit
20571,fit
20572,fit
20573,fit
20575,calibration
20576,fit
20577,test
20578,fit
20579,fit
20581,calibration
20582,calibration
20583,calibration
20584,fit
20585,fit
20586,test
20587,test
20588,test
20589,fit
20590,test
20591,fit
20592,test
20593,fit
20594,fit
20595,calibration
20596,test
20597,test
20598,fit
20599,calibration
20600,fit
20601,test
20602,fit
20603,test
20604,test
20605,fit
20606,fit
20607,fit
20608,fit
20609,fit
20610,fit
20611,test
20612,fit
20613,fit
20614,fit
20615,fit
20616,calibration
20617,fit
20619,calibration
20620,calibration
20621,test
20622,test
20623,test
20624,fit
20625,test
20626,fit
20627,fit
20628,calibration
20629,fit
20630,test
20631,calibration
20632,fit
20633,fit
20634,test
20635,test
20636,test
20637,fit
20638,fit
20639,calibration
20640,fit
20641,calibration
20642,test
20643,fit
20644,fit
20645,test
20646,calibration
20647,fit
20648,fit
20650,fit
20651,fit
20652,fit
20654,fit
20655,calibration
20656,calibration
20657,calibration
20658,calibration
20659,fit
20660,fit
20661,fit
20662,calibration
20663,fit
20664,test
20665,calibration
20666,fit
20667,fit
20668,test
20669,fit
20670,test
20671,fit
20672,calibration
20673,fit
20674,fit
20675,test
20676,fit
20677,calibration
20678,calibration
20679,fit
20680,test
20681,test
20682,fit
20683,fit
20684,calibration
20685,fit
20686,fit
20687,fit
20688,fit
20689,test
20690,fit
20691,calibration
20692,calibration
20693,test
20694,fit
20695,test
20696,test
20697,fit
20698,fit
20699,fit
20700,fit
20701,test
20702,test
20703,fit
20704,fit
20705,fit
20706,fit
20707,fit
20708,test
20709,fit
20710,fit
20712,calibration
20713,calibration
20714,fit
20715,fit
20716,calibration
20717,calibration
20718,fit
20719,calibration
20720,fit
20721,fit
20722,calibration
20723,test
20724,fit
20725,calibration
20726,fit
20727,fit
20728,fit
20729,calibration
20730,fit
20731,fit
20732,fit
20733,fit
20734,test
20735,test
20736,fit
20737,fit
20738,test
20739,fit
20740,fit
20741,fit
20742,calibration
20743,fit
20744,test
20745,fit
20746,test
20747,fit
20749,fit
20750,fit
20751,test
20752,calibration
20753,fit
20754,calibration
20755,fit
20756,fit
20757,test
20758,fit
20759,fit
20760,fit
20761,calibration
20762,fit
20763,fit
20764,fit
20765,fit
20766,fit
20767,fit
20768,fit
20769,fit
20770,calibration
20771,test
20772,fit
20774,fit
20775,test
20776,fit
20778,fit
20779,fit
20781,fit
20782,fit
20783,test
20784,fit
20785,fit
20786,fit
20787,test
20788,fit
20789,fit
20790,fit
20791,fit
20793,fit
20794,fit
20795,fit
20796,test
20797,fit
20798,fit
20799,fit
20800,test
20801,fit
20802,test
20803,fit
20804,fit
20805,fit
20806,fit
20807,test
20808,fit
20809,fit
20810,fit
20811,calibration
20812,calibration
20813,fit
20814,test
20815,fit
20816,calibration
20817,calibration
20818,test
20819,fit
20820,calibration
20821,fit
20822,fit
20823,test
20824,fit
20825,fit
20826,fit
20827,fit
20829,fit
20830,test
20831,test
20833,test
20834,fit
20835,test
20836,fit
20837,fit
20839,calibration
20841,fit
20842,fit
20843,fit
20844,fit
20845,fit
20846,calibration
20847,calibration
20848,test
20849,fit
20850,calibration
20851,fit
20852,fit
20853,fit
20854,calibration
20855,fit
20856,test
20857,calibration
20858,test
20859,fit
20860,calibration
20861,fit
20862,fit
20863,fit
20864,fit
20865,calibration
20866,fit
20867,fit
20868,fit
20869,calibration
20870,fit
20871,calibration
20872,fit
20873,fit
20874,fit
20875,test
20876,fit
20877,fit
20878,fit
20879,fit
20880,fit
20881,fit
20882,test
20883,test
20884,fit
20885,fit
20886,fit
20887,fit
20888,fit
20889,fit
20890,fit
20891,fit
20892,test
20893,calibration
20894,test
20895,fit
20896,fit
20897,test
20898,fit
20899,calibration
20900,fit
20901,calibration
20902,fit
20903,calibration
20904,calibration
20905,fit
20906,calibration
20907,calibration
20908,calibration
20909,calibration
20911,fit
20912,fit
20913,fit
20914,fit
20915,test
20916,fit
20918,fit
20919,fit
20920,fit
20921,test
20922,fit
20923,test
20924,test
20925,calibration
20926,calibration
20927,fit
20929,test
20930,fit
20931,test
20932,test
20933,calibration
20934,fit
20936,fit
20937,fit
20938,fit
20939,calibration
20940,fit
20941,fit
20942,calibration
20943,test
20944,fit
20945,fit
20946,fit
20947,fit
20948,fit
20951,fit
20952,calibration
20953,fit
20954,test
20955,fit
20956,fit
20957,fit
20958,fit
20959,test
20960,fit
20962,fit
20963,fit
20964,fit
20965,fit
20966,fit
20969,fit
20970,fit
20971,fit
20972,fit
20973,test
20974,test
20975,calibration
20976,fit
20977,fit
20978,fit
20979,fit
20980,fit
20981,fit
20982,fit
20983,fit
20984,fit
20985,fit
20986,fit
20987,test
20988,fit
20989,calibration
20990,calibration
20991,fit
20992,test
20993,fit
20994,fit
20995,fit
20996,fit
20997,fit
20998,calibration
21000,fit
21001,fit
21002,fit
21003,test
21004,fit
21005,fit
21006,fit
21009,test
21010,test
21011,test
21012,fit
21013,fit
21014,fit
21015,fit
21016,test
21017,calibration
21018,fit
21019,test
21020,fit
21021,test
21022,fit
21023,fit
21024,fit
21025,test
21026,fit
21027,test
21028,calibration
21030,test
21031,test
21032,fit
21033,calibration
21034,fit
21035,fit
21036,fit
21037,fit
21038,calibration
21039,fit
21040,fit
21041,fit
21042,fit
21043,fit
21044,test
21046,calibration
21047,fit
21048,fit
21049,fit
21050,test
21051,calibration
21052,fit
21053,calibration
21054,test
21055,fit
21056,fit
21057,fit
21058,fit
21059,fit
21060,test
21061,fit
21062,test
21063,fit
21064,test
21065,fit
21066,test
21067,fit
21068,fit
21069,fit
21070,fit
21071,fit
21072,calibration
21073,calibration
21074,fit
21075,test
21076,fit
21077,test
21078,fit
21079,fit
21080,fit
21081,fit
21082,fit
21083,fit
21084,fit
21085,calibration
21086,calibration
21087,test
21088,fit
21089,fit
21090,test
21091,calibration
21092,test
21093,test
21094,fit
21095,fit
21096,fit
21097,test
21098,calibration
21099,test
21100,fit
21101,test
21102,fit
21103,fit
21104,calibration
21105,fit
21106,fit
21107,calibration
21108,fit
21109,fit
21110,test
21111,calibration
21112,fit
21113,fit
21114,calibration
21115,fit
21116,calibration
21117,fit
21118,fit
21119,test
21120,fit
21122,test
21123,fit
21124,test
21125,test
21126,fit
21127,fit
21128,calibration
21129,fit
21130,test
21131,fit
21132,fit
21133,calibration
21134,calibration
21135,test
21136,calibration
21137,fit
21138,fit
21139,fit
21140,test
21141,calibration
21142,fit
21143,fit
21144,calibration
21145,fit
21146,fit
21147,fit
21148,fit
21150,calibration
21151,fit
21152,test
21153,fit
21155,fit
21156,fit
21157,test
21158,fit
21159,fit
21160,test
21161,fit
21163,fit
21164,test
21167,fit
21168,fit
21169,calibration
21170,calibration
21173,fit
21174,fit
21175,fit
21176,fit
21178,calibration
21179,fit
21180,fit
21181,test
21182,fit
21183,calibration
21184,fit
21185,fit
21186,fit
21187,fit
21188,fit
21189,fit
21190,fit
21191,test
21192,fit
21193,fit
21194,calibration
21195,calibration
21196,calibration
21197,calibration
21198,fit
21199,calibration
21200,test
21201,calibration
21202,fit
21203,calibration
21204,fit
21205,fit
21206,test
21207,fit
21208,fit
21209,test
21210,fit
21211,fit
21212,calibration
21213,fit
21214,fit
21215,test
21216,test
21217,fit
21218,test
21219,fit
21220,fit
21221,test
21222,fit
21223,fit
21224,test
21225,fit
21226,calibration
21227,fit
21228,calibration
21229,calibration
21230,calibration
21232,fit
21233,test
21234,calibration
21235,test
21236,fit
21237,fit
21238,calibration
21239,calibration
21240,calibration
21241,calibration
21242,fit
21243,calibration
21244,fit
21245,calibration
21246,test
21247,fit
21248,calibration
21249,calibration
21250,fit
21251,fit
21252,fit
21253,fit
21255,test
21256,fit
21257,fit
21258,fit
21259,fit
21260,fit
21261,calibration
21262,fit
21263,calibration
21264,calibration
21265,fit
21266,test
21268,fit
21269,calibration
21270,calibration
21271,fit
21272,test
21273,fit
21274,fit
21275,fit
21276,fit
21277,fit
21278,test
21279,calibration
21280,test
21281,fit
21282,calibration
21283,fit
21284,fit
21286,fit
21287,fit
21288,fit
21289,fit
21290,test
21291,test
21292,test
21293,fit
21294,fit
21295,fit
21296,calibration
21297,fit
21298,calibration
21299,fit
21300,fit
21301,fit
21302,fit
21303,fit
21304,calibration
21305,fit
21306,fit
21307,fit
21308,calibration
21309,fit
21310,fit
21311,test
21312,fit
21314,fit
21315,fit
21316,fit
21317,test
21318,fit
21319,fit
21320,test
21321,fit
21322,calibration
21323,fit
21324,fit
21326,test
21327,calibration
21328,test
21329,calibration
21330,fit
21331,fit
21332,calibration
21333,fit
21334,calibration
21337,fit
21338,fit
21339,calibration
21340,fit
21341,fit
21342,fit
21343,calibration
21344,calibration
21345,fit
21346,calibration
21347,fit
21348,calibration
21349,fit
21350,fit
21351,test
21352,fit
21355,fit
21356,calibration
21357,fit
21358,fit
21359,test
21360,test
21361,fit
21362,fit
21363,fit
21364,fit
21365,calibration
21366,calibration
21367,calibration
21369,test
21370,calibration
21371,fit
21372,fit
21373,fit
21374,fit
21376,test
21377,calibration
21378,test
21379,fit
21380,fit
21381,calibration
21382,fit
21383,fit
21384,calibration
21385,fit
21386,fit
21387,fit
21388,fit
21389,fit
21390,fit
21391,calibration
21392,fit
21393,fit
21394,test
21395,test
21396,fit
21397,test
21399,fit
21400,calibration
21401,calibration
21402,fit
21403,test
21404,test
21405,fit
21406,calibration
21407,test
21408,calibration
21409,fit
21410,fit
21411,test
21412,test
21413,fit
21414,fit
21415,fit
21416,fit
21417,calibration
21418,calibration
21419,fit
21420,calibration
21421,fit
21422,fit
21424,fit
21425,calibration
21426,fit
21427,fit
21428,test
21429,fit
21430,fit
21431,test
21432,fit
21433,calibration
21434,fit
21435,test
21436,calibration
21437,calibration
21438,fit
21439,fit
21440,fit
21441,fit
21442,fit
21443,fit
21444,fit
21445,fit
21446,fit
21448,test
21449,fit
21450,fit
21451,fit
21452,test
21453,calibration
21454,fit
21455,fit
21456,calibration
21457,test
21458,fit
21459,fit
21460,fit
21461,calibration
21462,test
21463,fit
21464,test
21465,test
21466,fit
21467,test
21468,fit
21469,fit
21470,fit
21471,calibration
21472,calibration
21473,test
21474,calibration
21475,fit
21476,fit
21477,calibration
21480,fit
21481,fit
21482,fit
21484,calibration
21485,fit
21486,test
21487,fit
21488,test
21489,fit
21490,calibration
21491,test
21492,test
21493,fit
21494,test
21495,calibration
21496,fit
21497,fit
21498,fit
21499,fit
21501,calibration
21502,calibration
21503,fit
21504,fit
21505,test
21506,calibration
21508,calibration
21509,test
21510,fit
21511,fit
21512,fit
21513,fit
21514,test
21515,fit
21516,test
21517,fit
21518,test
21519,fit
21520,calibration
21521,calibration
21522,fit
21523,fit
21524,fit
21525,fit
21526,calibration
21527,fit
21528,calibration
21529,fit
21530,calibration
21532,fit
21533,fit
21534,test
21535,fit
21536,fit
21537,fit
21538,fit
21539,fit
21540,fit
21541,calibration
21542,fit
21543,test
21544,fit
21545,fit
21546,calibration
21547,fit
21548,fit
21549,fit
21550,fit
21551,calibration
21552,fit
21553,fit
21554,calibration
21555,fit
21556,test
21557,calibration
21558,fit
21560,fit
21561,fit
21562,fit
21563,fit
21564,fit
21565,fit
21566,fit
21567,fit
21568,calibration
21569,calibration
21570,test
21571,fit
21572,fit
21573,fit
21574,test
21575,fit
21576,fit
21577,test
21578,calibration
21579,test
21580,test
21581,fit
21583,test
21585,fit
21586,fit
21587,fit
21588,test
21589,fit
21590,calibration
21591,fit
21592,fit
21593,fit
21594,calibration
21595,test
21596,fit
21597,test
21598,calibration
21599,calibration
21600,fit
21601,test
21602,calibration
21603,calibration
21604,fit
21605,fit
21606,test
21607,fit
21608,calibration
21609,fit
21610,fit
21611,fit
21612,fit
21613,fit
21614,fit
21615,fit
21616,test
21617,fit
21620,fit
21621,fit
21622,calibration
21623,calibration
21624,test
21625,fit
21626,calibration
21627,fit
21628,fit
21629,test
21630,fit
21631,fit
21632,fit
21633,fit
21634,fit
21635,fit
21636,fit
21637,test
21638,calibration
21639,fit
21640,fit
21641,fit
21642,fit
21643,calibration
21644,fit
21645,fit
21646,calibration
21647,fit
21648,fit
21649,fit
21650,fit
21651,fit
21652,calibration
21653,calibration
21654,fit
21655,fit
21656,calibration
21657,calibration
21658,test
21659,calibration
21660,fit
21661,test
21663,calibration
21664,fit
21665,fit
21666,calibration
21667,fit
21668,calibration
21669,calibration
21670,fit
21671,fit
21672,fit
21673,calibration
21674,fit
21675,test
21676,fit
21677,test
21678,fit
21679,fit
21680,test
21682,calibration
21683,fit
21684,fit
21685,fit
21686,calibration
21687,fit
21688,fit
21690,fit
21691,fit
21692,test
21693,test
21694,fit
21695,calibration
21696,fit
21697,test
21698,fit
21699,calibration
21701,fit
21702,fit
21703,fit
21704,test
21705,calibration
21706,calibration
21707,calibration
21708,fit
21709,fit
21710,fit
21712,fit
21713,fit
21714,fit
21715,fit
21716,fit
21717,calibration
21718,calibration
21719,calibration
21720,test
21721,fit
21722,fit
21723,fit
21725,fit
21726,fit
21727,fit
21728,fit
21730,fit
21731,fit
21732,test
21733,test
21734,calibration
21735,fit
21736,fit
21737,fit
21738,test
21739,fit
21740,fit
21741,fit
21742,fit
21744,fit
21745,test
21746,test
21747,test
21748,fit
21749,calibration
21750,fit
21752,fit
21753,test
21754,fit
21755,fit
21756,fit
21757,fit
21758,fit
21759,fit
21760,fit
21761,calibration
21762,fit
21763,fit
21764,fit
21765,test
21767,fit
21768,fit
21769,fit
21770,fit
21771,calibration
21772,test
21773,fit
21774,test
21775,calibration
21776,fit
21778,fit
21779,fit
21780,fit
21781,fit
21782,test
21783,fit
21785,calibration
21786,calibration
21787,fit
21788,fit
21789,calibration
21790,fit
21791,calibration
21792,fit
21793,fit
21794,fit
21795,fit
21796,fit
21797,fit
21798,fit
21799,test
21800,fit
21801,fit
21802,fit
21803,fit
21804,test
21805,fit
21806,fit
21807,calibration
21808,fit
21809,test
21811,test
21812,calibration
21813,fit
21814,calibration
21815,fit
21816,calibration
21817,test
21818,test
21819,calibration
21820,test
21821,fit
21822,fit
21823,calibration
21824,calibration
21825,test
21826,fit
21827,fit
21828,test
21829,test
21830,fit
21831,fit
21832,fit
21833,calibration
21834,fit
21835,test
21836,fit
21837,calibration
21838,test
21839,test
21840,fit
21842,calibration
21843,fit
21844,calibration
21845,calibration
21846,calibration
21847,fit
21848,fit
21849,calibration
21850,calibration
21851,calibration
21852,fit
21854,calibration
21855,fit
21856,test
21857,calibration
21858,fit
21859,fit
21860,test
21861,fit
21862,fit
21864,calibration
21865,fit
21866,fit
21867,test
21868,test
21869,fit
21870,calibration
21871,fit
21872,test
21873,calibration
21874,test
21875,test
21876,test
21877,fit
21878,fit
21879,fit
21880,fit
21881,calibration
21882,fit
21883,test
21884,test
21885,fit
21886,fit
21887,fit
21888,fit
21889,fit
21890,calibration
21891,fit
21892,calibration
21893,calibration
21894,fit
21895,test
21896,calibration
21897,fit
21898,fit
21899,fit
21900,fit
21901,fit
21902,calibration
21903,fit
21904,calibration
21905,fit
21906,test
21907,test
21908,fit
21912,calibration
21913,test
21914,fit
21915,fit
21916,calibration
21917,fit
21918,test
21919,fit
21920,fit
21921,fit
21922,test
21923,fit
21924,fit
21925,calibration
21926,calibration
21927,test
21928,fit
21929,calibration
21930,test
21931,calibration
21932,test
21933,test
21934,fit
21935,fit
21936,test
21937,fit
21938,fit
21939,fit
21941,fit
21942,calibration
21943,fit
21944,fit
21945,fit
21946,calibration
21947,fit
21948,fit
21949,fit
21950,calibration
21951,calibration
21952,fit
21953,fit
21954,calibration
21955,fit
21956,calibration
21957,test
21958,fit
21959,calibration
21960,test
21961,fit
21962,test
21963,fit
21964,fit
21965,test
21966,test
21967,test
21968,calibration
21969,fit
21970,fit
21971,test
21972,fit
21973,fit
21974,fit
21975,test
21976,fit
21978,fit
21979,fit
21980,fit
21981,fit
21982,fit
21983,fit
21984,test
21985,test
21986,fit
21988,calibration
21989,fit
21990,calibration
21992,fit
21993,fit
21994,fit
21995,fit
21996,fit
21997,test
21998,fit
21999,fit
22000,fit
22001,fit
22002,fit
22003,fit
22005,calibration
22006,calibration
22007,fit
22008,fit
22009,fit
22010,fit
22011,fit
22012,fit
22013,test
22014,calibration
22015,fit
22016,fit
22017,fit
22018,test
22019,fit
22020,calibration
22021,fit
22023,calibration
22024,fit
22025,fit
22026,fit
22027,fit
22028,fit
22029,test
22030,test
22031,fit
22032,test
22033,test
22034,fit
22036,calibration
22037,calibration
22038,fit
22039,fit
22040,fit
22042,fit
22043,fit
22044,fit
22045,calibration
22046,fit
22047,fit
22048,calibration
22049,calibration
22050,fit
22051,fit
22052,fit
22053,fit
22054,test
22055,fit
22056,fit
22057,fit
22058,calibration
22059,test
22060,fit
22061,test
22062,fit
22063,fit
22064,fit
22065,calibration
22066,fit
22067,fit
22068,fit
22069,fit
22070,test
22071,fit
22072,fit
22073,fit
22074,fit
22075,fit
22076,test
22077,fit
22078,fit
22079,fit
22080,fit
22081,fit
22082,calibration
22083,test
22084,fit
22085,calibration
22086,fit
22087,test
22088,fit
22089,fit
22090,calibration
22091,fit
22092,fit
22093,fit
22095,fit
22096,calibration
22097,calibration
22098,calibration
22100,fit
22101,fit
22102,test
22103,fit
22104,fit
22105,calibration
22106,test
22107,fit
22109,fit
22110,fit
22111,fit
22112,fit
22113,test
22114,calibration
22115,fit
22116,fit
22117,test
22118,calibration
22119,fit
22121,fit
22122,test
22123,fit
22124,test
22125,fit
22126,fit
22127,fit
22128,fit
22129,fit
22130,fit
22131,fit
22132,calibration
22133,test
22134,fit
22135,fit
22136,calibration
22138,test
22139,calibration
22140,fit
22141,fit
22142,test
22143,fit
22144,fit
22145,fit
22146,fit
22147,test
22148,fit
22149,fit
22150,fit
22151,fit
22152,fit
22153,fit
22154,fit
22155,fit
22156,fit
22157,fit
22158,test
22159,fit
22160,fit
22161,calibration
22162,calibration
22163,fit
22164,test
22165,fit
22166,calibration
22167,fit
22168,test
22169,calibration
22170,calibration
22171,calibration
22173,calibration
22174,fit
22175,fit
22176,test
22177,fit
22178,fit
22179,fit
22180,calibration
22181,calibration
22182,test
22183,test
22184,calibration
22185,calibration
22186,test
22187,fit
22189,fit
22190,fit
22191,fit
22192,test
22193,calibration
22194,calibration
22195,calibration
22196,fit
22197,fit
22198,fit
22199,fit
22200,fit
22201,test
22202,test
22203,test
22204,test
22205,test
22206,calibration
22207,fit
22208,fit
22209,test
22210,fit
22211,calibration
22212,test
22213,fit
22214,fit
22215,test
22216,fit
22217,fit
22218,fit
22219,fit
22220,fit
22222,test
22223,test
22224,fit
22225,fit
22226,test
22227,test
22228,calibration
22230,fit
22231,calibration
22232,calibration
22233,fit
22234,fit
22235,fit
22236,fit
22237,test
22238,fit
22239,fit
22240,calibration
22242,test
22243,fit
22244,fit
22245,test
22246,calibration
22247,calibration
22248,fit
22249,fit
22250,calibration
22251,fit
22252,test
22253,fit
22254,fit
22255,fit
22256,test
22257,test
22258,fit
22259,fit
22260,fit
22261,fit
22262,calibration
22263,calibration
22264,fit
22265,test
22266,fit
22267,test
22268,fit
22269,fit
22270,fit
22271,fit
22272,fit
22273,fit
22274,test
22277,calibration
22278,calibration
22279,calibration
22280,fit
22281,fit
22282,fit
22284,test
22286,fit
22287,calibration
22288,fit
22289,test
22290,fit
22291,calibration
22292,fit
22293,fit
22294,fit
22295,fit
22296,test
22297,fit
22298,calibration
22299,fit
22302,fit
22303,calibration
22304,fit
22305,calibration
22306,fit
22307,test
22308,fit
22309,fit
22310,fit
22311,test
22312,fit
22313,fit
22314,test
22316,test
22317,fit
22318,fit
22319,calibration
22320,fit
22321,fit
22322,fit
22323,calibration
22324,fit
22325,fit
22326,fit
22327,calibration
22328,fit
22329,fit
22330,fit
22331,fit
22332,fit
22333,fit
22334,calibration
22335,fit
22336,test
22337,calibration
22338,fit
22339,calibration
22340,test
22341,fit
22342,fit
22343,fit
22344,fit
22345,calibration
22346,fit
22347,test
22348,calibration
22349,fit
22350,calibration
22351,test
22352,fit
22353,fit
22354,fit
22355,calibration
22356,fit
22357,fit
22358,fit
22359,fit
22360,fit
22361,calibration
22362,calibration
22363,test
22364,calibration
22365,fit
22366,test
22367,fit
22368,fit
22369,fit
22371,fit
22372,fit
22373,fit
22374,fit
22375,test
22376,fit
22377,test
22379,fit
22380,fit
22381,fit
22382,test
22383,fit
22384,fit
22385,test
22388,calibration
22389,calibration
22390,test
22391,calibration
22392,fit
22393,fit
22394,fit
22395,test
22396,calibration
22397,fit
22398,calibration
22399,calibration
22400,test
22401,fit
22402,calibration
22403,test
22404,fit
22405,fit
22406,test
22407,fit
22408,fit
22409,calibration
22410,fit
22412,fit
22413,fit
22414,test
22415,test
22416,test
22417,fit
22418,test
22419,fit
22420,calibration
22421,test
22422,test
22423,fit
22424,fit
22425,calibration
22426,calibration
22427,calibration
22428,fit
22429,fit
22430,fit
22431,fit
22432,fit
22433,fit
22434,fit
22435,fit
22436,fit
22437,fit
22438,fit
22439,calibration
22440,test
22441,test
22442,fit
22443,fit
22444,fit
22445,test
22446,fit
22447,fit
22448,test
22449,fit
22450,fit
22451,fit
22452,fit
22453,fit
22454,fit
22455,fit
22456,fit
22457,fit
22458,calibration
22459,fit
22460,test
22461,test
22462,calibration
22463,calibration
22464,fit
22465,calibration
22466,calibration
22467,fit
22468,fit
22469,fit
22470,fit
22471,test
22472,fit
22473,test
22474,fit
22475,fit
22476,fit
22477,test
22478,fit
22479,calibration
22480,test
22481,fit
22482,fit
22483,fit
22484,fit
22485,fit
22486,fit
22487,calibration
22488,test
22491,fit
22492,fit
22493,fit
22494,fit
22495,fit
22497,fit
22498,test
22499,fit
22500,test
22502,test
22504,fit
22505,calibration
22506,fit
22507,calibration
22508,test
22509,test
22510,fit
22511,fit
22512,fit
22513,calibration
22514,calibration
22515,calibration
22516,fit
22517,fit
22519,test
22520,calibration
22521,fit
22522,test
22524,fit
22525,test
22526,fit
22527,fit
22529,fit
22530,fit
22531,fit
22532,calibration
22533,fit
22534,fit
22535,fit
22536,calibration
22537,fit
22538,fit
22539,fit
22540,test
22541,calibration
22542,test
22543,fit
22544,fit
22545,calibration
22546,calibration
22547,fit
22548,fit
22549,fit
22550,calibration
22551,test
22552,fit
22553,fit
22554,fit
22555,fit
22556,test
22557,fit
22558,fit
22559,fit
22562,fit
22563,fit
22564,fit
22565,fit
22566,fit
22567,fit
22568,calibration
22570,test
22571,fit
22572,calibration
22573,calibration
22574,calibration
22575,fit
22576,fit
22577,fit
22578,calibration
22579,fit
22581,test
22582,fit
22583,calibration
22584,calibration
22585,calibration
22587,fit
22588,fit
22589,calibration
22590,fit
22591,test
22592,fit
22593,fit
22594,fit
22595,calibration
22596,fit
22597,fit
22598,fit
22599,test
22600,fit
22601,fit
22602,calibration
22603,fit
22604,fit
22605,fit
22606,fit
22607,calibration
22608,fit
22609,fit
22610,test
22611,fit
22612,test
22613,fit
22614,test
22615,fit
22616,fit
22617,fit
22618,test
22619,fit
22620,test
22621,test
22622,fit
22623,fit
22624,fit
22625,test
22626,fit
22627,calibration
22628,fit
22629,calibration
22630,fit
22631,fit
22632,fit
22633,fit
22634,fit
22636,fit
22637,fit
22638,test
22639,fit
22640,calibration
22641,calibration
22642,fit
22643,test
22644,fit
22645,test
22646,fit
22647,fit
22648,test
22649,fit
22650,fit
22651,fit
22652,calibration
22653,fit
22654,fit
22655,fit
22656,fit
22657,fit
22658,fit
22659,fit
22662,test
22663,test
22664,fit
22665,fit
22666,fit
22667,test
22669,fit
22670,fit
22671,fit
22672,test
22674,calibration
22675,test
22676,fit
22677,fit
22678,fit
22679,test
22680,fit
22681,test
22682,fit
22683,calibration
22684,fit
22685,fit
22686,calibration
22687,fit
22688,fit
22689,fit
22690,fit
22691,fit
22692,calibration
22694,fit
22695,fit
22696,test
22697,fit
22698,fit
22699,fit
22700,fit
22701,fit
22702,calibration
22703,calibration
22704,fit
22706,fit
22707,fit
22708,calibration
22709,fit
22710,fit
22711,fit
22713,fit
22714,fit
22715,fit
22716,test
22717,fit
22718,fit
22719,test
22720,fit
22721,fit
22722,fit
22723,fit
22724,fit
22725,fit
22726,fit
22727,fit
22728,fit
22730,fit
22731,calibration
22732,calibration
22733,fit
22734,test
22737,fit
22738,fit
22739,calibration
22740,test
22741,fit
22742,test
22743,fit
22745,calibration
22746,fit
22747,fit
22748,fit
22749,calibration
22750,fit
22751,fit
22752,test
22753,test
22754,fit
22755,fit
22756,fit
22757,test
22758,fit
22759,fit
22760,fit
22761,fit
22762,test
22763,fit
22764,fit
22765,test
22767,test
22768,fit
22769,fit
22770,fit
22771,fit
22772,test
22773,calibration
22774,fit
22775,fit
22776,fit
22777,fit
22778,fit
22779,fit
22780,fit
22781,fit
22782,fit
22784,fit
22785,fit
22787,calibration
22788,fit
22789,fit
22790,fit
22791,fit
22792,fit
22793,fit
22794,fit
22795,fit
22796,fit
22797,fit
22798,calibration
22799,calibration
22800,calibration
22801,test
22803,fit
22804,fit
22805,fit
22806,calibration
22807,fit
22808,fit
22809,fit
22810,calibration
22811,calibration
22812,test
22813,fit
22814,fit
22815,fit
22816,fit
22817,fit
22818,fit
22819,test
22820,test
22821,fit
22822,fit
22823,test
22824,fit
22825,test
22826,fit
22827,fit
22829,calibration
22830,test
22831,fit
22832,calibration
22833,fit
22834,fit
22835,fit
22836,fit
22837,calibration
22838,fit
22839,fit
22840,test
22841,test
22842,fit
22843,test
22844,fit
22845,fit
22846,fit
22847,calibration
22848,fit
22849,calibration
22850,calibration
22851,fit
22852,fit
22853,calibration
22854,fit
22855,fit
22856,fit
22857,calibration
22858,calibration
22859,test
22861,fit
22862,fit
22863,fit
22864,calibration
22865,calibration
22866,fit
22867,calibration
22868,fit
22869,fit
22870,fit
22871,fit
22872,fit
22873,fit
22874,fit
22875,test
22876,fit
22877,fit
22878,test
22879,test
22880,fit
22881,fit
22882,fit
22883,fit
22884,calibration
22885,fit
22886,test
22887,calibration
22888,fit
22889,fit
22890,test
22891,calibration
22892,test
22895,fit
22896,calibration
22897,fit
22898,fit
22899,fit
22900,test
22901,test
22902,calibration
22903,test
22904,calibration
22905,test
22906,fit
22907,calibration
22908,fit
22909,test
22910,fit
22911,fit
22912,fit
22913,fit
22914,fit
22916,fit
22917,test
22918,calibration
22919,fit
22920,fit
22921,test
22922,test
22923,calibration
22924,calibration
22925,fit
22926,calibration
22927,fit
22928,fit
22930,fit
22931,fit
22932,fit
22933,fit
22934,test
22935,fit
22936,calibration
22937,fit
22938,fit
22939,calibration
22940,test
22941,fit
22942,fit
22943,test
22944,calibration
22945,test
22947,calibration
22950,test
22951,calibration
22952,fit
22953,fit
22954,calibration
22955,calibration
22956,fit
22957,calibration
22958,test
22959,test
22960,fit
22961,calibration
22962,fit
22963,test
22964,calibration
22965,calibration
22966,fit
22968,test
22969,fit
22970,fit
22971,calibration
22972,fit
22973,fit
22974,fit
22975,calibration
22976,calibration
22977,calibration
22978,calibration
22979,fit
22980,fit
22981,fit
22982,fit
22983,fit
22984,fit
22985,calibration
22987,fit
22988,test
22989,calibration
22990,fit
22991,fit
22992,fit
22993,test
22994,calibration
22995,fit
22996,fit
22997,fit
22998,test
22999,test
23000,fit
23001,fit
23002,fit
23004,fit
23005,test
23006,fit
23007,fit
23008,fit
23010,fit
23011,fit
23012,test
23014,fit
23015,calibration
23016,fit
23017,fit
23019,fit
23020,fit
23021,fit
23022,fit
23023,test
23024,fit
23025,test
23026,test
23027,fit
23028,fit
23029,calibration
23030,calibration
23031,fit
23032,fit
23033,fit
23034,calibration
23035,fit
23036,calibration
23037,fit
23038,fit
23039,fit
23040,fit
23041,test
23042,fit
23043,fit
23045,fit
23046,test
23047,calibration
23048,test
23049,calibration
23050,fit
23053,test
23054,fit
23055,calibration
23056,fit
23057,fit
23058,fit
23059,fit
23060,calibration
23061,fit
23062,calibration
23063,fit
23064,test
23065,test
23066,calibration
23067,calibration
23068,fit
23069,fit
23070,calibration
23071,calibration
23072,fit
23073,fit
23074,fit
23076,test
23077,fit
23078,fit
23079,fit
23080,fit
23081,fit
23082,test
23083,fit
23084,calibration
23085,calibration
23087,test
23088,fit
23089,fit
23090,calibration
23091,calibration
23092,fit
23093,fit
23094,fit
23095,calibration
23096,fit
23097,calibration
23098,fit
23099,test
23100,fit
23101,fit
23102,test
23103,fit
23105,fit
23106,fit
23107,test
23108,fit
23109,fit
23110,fit
23111,test
23112,fit
23113,calibration
23114,calibration
23115,fit
23116,fit
23117,fit
23118,test
23119,calibration
23120,fit
23121,fit
23122,calibration
23123,fit
23124,fit
23125,fit
23127,fit
23128,test
23129,fit
23130,fit
23131,fit
23132,fit
23133,fit
23134,fit
23135,fit
23136,fit
23137,test
23138,fit
23139,fit
23140,fit
23141,fit
23142,fit
23143,calibration
23144,test
23145,fit
23146,test
23147,fit
23148,fit
23149,fit
23150,test
23151,test
23152,test
23153,fit
23154,calibration
23155,fit
23156,test
23157,fit
23158,fit
23159,fit
23160,calibration
23161,fit
23162,fit
23163,test
23164,fit
23165,fit
23166,fit
23167,fit
23168,fit
23169,fit
23170,fit
23171,calibration
23173,fit
23174,fit
23176,fit
23177,fit
23178,fit
23179,calibration
23180,calibration
23181,fit
23182,fit
23183,fit
23184,fit
23185,calibration
23186,test
23187,fit
23188,calibration
23189,test
23190,fit
23191,fit
23192,fit
23193,fit
23194,test
23195,calibration
23196,test
23197,fit
23198,fit
23199,fit
23200,fit
23201,fit
23202,fit
23203,test
23205,fit
23206,fit
23207,fit
23208,calibration
23209,test
23211,test
23212,fit
23213,fit
23214,fit
23216,calibration
23217,calibration
23219,fit
23220,fit
23221,fit
23223,fit
23224,calibration
23225,fit
23226,fit
23227,fit
23228,calibration
23229,fit
23230,test
23231,calibration
23232,calibration
23233,test
23234,calibration
23235,test
23236,calibration
23237,fit
23238,fit
23239,fit
23240,fit
23241,test
23242,test
23243,fit
23244,fit
23245,calibration
23246,fit
23247,fit
23248,test
23249,fit
23250,fit
23251,fit
23252,fit
23254,fit
23255,fit
23256,calibration
23257,fit
23258,fit
23259,calibration
23260,test
23261,calibration
23262,test
23264,test
23265,calibration
23266,calibration
23267,fit
23268,fit
23269,fit
23271,test
23272,fit
23273,fit
23274,test
23275,fit
23276,fit
23277,fit
23278,fit
23279,fit
23280,fit
23281,fit
23282,fit
23283,calibration
23284,test
23285,fit
23286,test
23287,fit
23288,fit
23289,test
23290,calibration
23291,fit
23292,fit
23293,test
23294,test
23295,calibration
23296,test
23297,fit
23298,fit
23300,fit
23301,calibration
23302,test
23304,fit
23305,fit
23307,fit
23308,calibration
23309,fit
23310,fit
23311,fit
23312,fit
23313,test
23314,fit
23315,fit
23316,test
23317,fit
23318,fit
23319,fit
23320,test
23321,calibration
23322,test
23323,test
23324,fit
23325,calibration
23326,test
23327,calibration
23328,fit
23329,fit
23330,calibration
23331,fit
23332,fit
23333,test
23334,fit
23335,fit
23336,calibration
23337,fit
23338,fit
23339,fit
23340,fit
23341,fit
23342,fit
23343,fit
23344,fit
23345,fit
23346,test
23347,fit
23348,fit
23349,fit
23350,fit
23351,calibration
23352,fit
23353,fit
23354,fit
23355,calibration
23356,fit
23357,fit
23358,fit
23359,fit
23360,fit
23361,fit
23362,fit
23363,test
23364,fit
23365,test
23366,fit
23367,calibration
23368,fit
23369,fit
23370,calibration
23371,fit
23372,fit
23373,fit
23374,fit
23375,fit
23376,fit
23377,fit
23378,calibration
23379,fit
23380,test
23381,fit
23383,calibration
23384,test
23385,fit
23386,fit
23387,fit
23388,fit
23389,fit
23390,fit
23391,fit
23392,fit
23393,fit
23394,fit
23395,fit
23396,fit
23397,fit
23398,test
23399,test
23400,fit
23401,calibration
23402,fit
23403,test
23404,test
23405,test
23406,fit
23407,calibration
23408,calibration
23410,fit
23411,fit
23412,test
23413,fit
23414,fit
23415,fit
23416,fit
23417,fit
23418,test
23419,fit
23420,fit
23421,fit
23422,test
23423,calibration
23424,calibration
23425,fit
23426,test
23427,fit
23429,fit
23430,fit
23431,calibration
23432,fit
23433,fit
23434,fit
23435,fit
23436,fit
23437,test
23438,test
23439,fit
23440,fit
23441,fit
23442,fit
23443,fit
23444,fit
23445,calibration
23446,fit
23447,fit
23448,fit
23449,calibration
23450,fit
23451,calibration
23452,fit
23453,fit
23454,test
23455,test
23456,test
23457,fit
23458,test
23459,fit
23460,calibration
23461,fit
23462,fit
23463,fit
23464,fit
23466,test
23467,test
23468,fit
23469,fit
23470,test
23471,test
23472,fit
23473,calibration
23474,fit
23475,calibration
23476,fit
23477,fit
23478,fit
23479,fit
23480,fit
23481,fit
23482,calibration
23483,fit
23484,test
23485,calibration
23486,calibration
23487,fit
23488,calibration
23489,fit
23490,calibration
23491,test
23492,test
23493,fit
23494,fit
23495,fit
23496,fit
23497,test
23498,fit
23499,fit
23500,fit
23501,calibration
23502,calibration
23503,calibration
23504,fit
23505,calibration
23506,calibration
23507,fit
23508,test
23509,fit
23510,fit
23511,fit
23512,test
23513,fit
23514,fit
23515,calibration
23516,fit
23517,fit
23518,fit
23519,calibration
23520,fit
23521,fit
23522,test
23523,test
23524,fit
23525,fit
23526,fit
23527,fit
23528,fit
23529,fit
23530,fit
23531,fit
23532,calibration
23534,calibration
23535,test
23536,calibration
23537,calibration
23538,fit
23539,fit
23540,fit
23541,calibration
23542,calibration
23543,test
23544,test
23545,fit
23546,fit
23547,test
23548,fit
23549,fit
23550,fit
23551,fit
23553,fit
23554,fit
23555,calibration
23556,fit
23557,fit
23558,test
23559,calibration
23560,fit
23561,fit
23562,test
23563,calibration
23564,fit
23565,calibration
23566,fit
23567,calibration
23568,fit
23569,fit
23570,calibration
23571,fit
23572,test
23574,fit
23575,fit
23576,fit
23577,fit
23578,calibration
23579,calibration
23580,test
23581,fit
23582,calibration
23583,fit
23584,calibration
23585,fit
23586,fit
23587,test
23588,test
23590,calibration
23591,fit
23592,calibration
23593,test
23594,fit
23595,calibration
23596,calibration
23597,calibration
23598,fit
23599,fit
23600,calibration
23601,fit
23602,fit
23603,fit
23604,calibration
23605,test
23606,fit
23607,calibration
23608,fit
23609,fit
23610,fit
23611,fit
23612,fit
23613,fit
23615,test
23616,test
23617,test
23618,calibration
23619,fit
23620,fit
23621,test
23622,calibration
23623,fit
23624,test
23625,test
23626,fit
23627,test
23628,calibration
23629,fit
23630,fit
23631,fit
23632,fit
23633,fit
23634,calibration
23635,fit
23637,calibration
23638,calibration
23639,fit
23640,fit
23641,fit
23642,fit
23643,test
23644,fit
23645,test
23646,fit
23647,test
23648,calibration
23649,test
23650,calibration
23651,fit
23652,calibration
23653,fit
23654,calibration
23656,test
23657,test
23658,calibration
23659,fit
23660,fit
23661,test
23662,test
23663,fit
23664,fit
23665,fit
23666,fit
23667,fit
23668,fit
23669,fit
23670,fit
23671,fit
23672,fit
23673,fit
23674,test
23675,fit
23676,fit
23677,fit
23678,test
23679,fit
23680,fit
23681,fit
23682,fit
23683,test
23684,test
23685,fit
23686,fit
23687,fit
23688,fit
23690,calibration
23691,fit
23692,fit
23693,fit
23694,calibration
23695,fit
23696,fit
23697,test
23698,calibration
23699,fit
23700,fit
23701,test
23702,fit
23703,fit
23704,fit
23705,calibration
23706,test
23707,test
23708,test
23709,test
23710,fit
23711,fit
23712,fit
23713,fit
23714,fit
23715,fit
23716,test
23717,fit
23718,fit
23719,test
23720,fit
23722,test
23723,fit
23724,fit
23725,calibration
23726,fit
23727,fit
23728,fit
23729,test
23731,calibration
23732,calibration
23733,calibration
23734,calibration
23735,calibration
23736,fit
23737,test
23738,fit
23739,fit
23740,test
23741,fit
23742,fit
23743,fit
23744,test
23745,fit
23746,fit
23747,fit
23748,fit
23749,test
23750,fit
23751,test
23752,test
23753,fit
23754,test
23755,fit
23756,calibration
23757,test
23758,test
23759,fit
23760,fit
23761,fit
23762,test
23763,calibration
23764,fit
23765,fit
23768,fit
23769,fit
23770,fit
23771,fit
23772,fit
23773,fit
23774,fit
23775,fit
23776,fit
23777,calibration
23778,fit
23779,fit
23780,calibration
23781,test
23782,fit
23783,fit
23784,calibration
23785,calibration
23786,fit
23787,calibration
23788,fit
23789,fit
23790,fit
23791,fit
23794,fit
23795,fit
23796,calibration
23797,fit
23798,fit
23799,test
23800,fit
23801,fit
23802,fit
23803,calibration
23804,fit
23805,fit
23806,test
23807,fit
23809,fit
23810,fit
23811,calibration
23812,calibration
23813,test
23814,fit
23815,fit
23816,fit
23817,test
23818,calibration
23819,fit
23820,fit
23821,fit
23822,calibration
23823,fit
23824,calibration
23826,fit
23827,test
23828,test
23829,test
23831,test
23832,fit
23833,fit
23834,fit
23835,calibration
23836,fit
23838,fit
23839,fit
23840,test
23841,fit
23842,fit
23843,fit
23846,fit
23847,test
23848,fit
23849,fit
23850,fit
23851,fit
23852,test
23853,calibration
23854,test
23855,calibration
23856,fit
23857,fit
23858,calibration
23859,fit
23860,test
23861,test
23862,fit
23864,test
23865,fit
23866,test
23867,fit
23868,test
23869,fit
23870,fit
23871,calibration
23872,fit
23873,calibration
23874,fit
23875,test
23876,calibration
23877,fit
23878,fit
23879,fit
23880,fit
23881,fit
23882,test
23884,calibration
23885,test
23886,test
23887,fit
23888,fit
23889,calibration
23890,test
23891,calibration
23892,calibration
23893,test
23894,fit
23895,fit
23896,fit
23897,test
23898,fit
23899,fit
23900,fit
23901,fit
23902,fit
23903,fit
23904,fit
23905,calibration
23906,calibration
23907,test
23909,calibration
23910,fit
23911,fit
23912,fit
23913,fit
23914,test
23916,fit
23917,fit
23918,fit
23919,fit
23920,fit
23921,fit
23922,test
23923,calibration
23924,fit
23925,fit
23926,fit
23927,fit
23928,calibration
23930,test
23931,fit
23932,fit
23933,calibration
23934,test
23935,fit
23936,fit
23937,test
23938,fit
23939,fit
23940,test
23941,test
23942,fit
23943,test
23944,fit
23945,test
23946,test
23947,fit
23948,fit
23949,test
23950,fit
23951,fit
23952,calibration
23953,test
23954,fit
23955,calibration
23956,fit
23957,test
23958,test
23959,fit
23960,fit
23961,fit
23962,calibration
23963,fit
23964,fit
23965,test
23966,fit
23967,fit
23968,test
23969,fit
23970,fit
23971,fit
23972,test
23973,fit
23974,fit
23975,calibration
23976,calibration
23977,fit
23978,fit
23979,fit
23980,test
23981,fit
23982,fit
23983,calibration
23984,fit
23985,calibration
23986,calibration
23987,fit
23988,test
23989,fit
23990,fit
23991,calibration
23992,calibration
23993,fit
23994,fit
23995,fit
23996,fit
23997,calibration
23998,test
23999,test
24000,fit
24001,fit
24002,test
24003,fit
24004,fit
24005,fit
24006,test
24007,fit
24008,fit
24009,fit
24010,calibration
24011,fit
24012,fit
24013,calibration
24014,test
24015,test
24017,test
24018,fit
24019,test
24020,fit
24021,fit
24022,calibration
24023,fit
24024,fit
24025,fit
24026,fit
24028,calibration
24029,fit
24030,fit
24031,test
24032,fit
24033,fit
24034,fit
24035,test
24037,fit
24038,test
24039,test
24040,calibration
24041,fit
24042,fit
24043,fit
24044,fit
24045,fit
24047,test
24048,test
24049,calibration
24050,fit
24051,fit
24052,fit
24053,fit
24054,test
24055,fit
24056,test
24057,fit
24058,calibration
24059,fit
24060,fit
24061,calibration
24062,fit
24063,fit
24065,fit
24066,fit
24067,fit
24068,fit
24069,fit
24070,fit
24071,calibration
24072,fit
24073,calibration
24074,fit
24075,fit
24076,fit
24077,calibration
24078,fit
24079,calibration
24080,fit
24081,fit
24082,fit
24083,test
24084,calibration
24085,calibration
24086,fit
24087,fit
24088,fit
24089,calibration
24090,fit
24091,fit
24092,fit
24093,fit
24094,fit
24095,calibration
24096,fit
24097,fit
24098,test
24099,calibration
24100,fit
24101,fit
24102,test
24103,fit
24104,fit
24105,fit
24106,fit
24107,fit
24108,fit
24109,fit
24110,fit
24111,fit
24112,fit
24113,fit
24114,fit
24116,calibration
24117,fit
24118,fit
24119,test
24120,calibration
24121,fit
24122,fit
24123,fit
24124,fit
24125,calibration
24126,fit
24127,test
24128,fit
24129,fit
24130,calibration
24131,fit
24132,calibration
24133,test
24134,test
24135,fit
24137,fit
24138,test
24139,test
24141,fit
24142,fit
24143,fit
24144,fit
24145,fit
24146,calibration
24147,calibration
24148,fit
24149,fit
24150,test
24151,fit
24152,fit
24153,fit
24154,calibration
24155,calibration
24156,fit
24158,fit
24159,fit
24160,calibration
24161,fit
24162,fit
24163,calibration
24164,fit
24165,fit
24166,calibration
24167,fit
24168,fit
24169,fit
24170,test
24171,test
24172,calibration
24173,fit
24174,fit
24175,calibration
24176,test
24177,fit
24178,fit
24179,fit
24180,fit
24181,fit
24182,fit
24183,fit
24184,calibration
24185,fit
24187,fit
24188,test
24189,test
24190,test
24191,calibration
24192,fit
24193,fit
24194,test
24198,fit
24199,fit
24200,fit
24201,test
24203,calibration
24204,fit
24205,calibration
24206,test
24208,fit
24209,calibration
24210,fit
24211,calibration
24212,fit
24213,fit
24214,test
24215,fit
24216,test
24217,fit
24218,fit
24219,fit
24220,fit
24221,test
24222,fit
24223,test
24224,fit
24225,fit
24226,fit
24227,calibration
24228,fit
24229,fit
24230,test
24231,fit
24232,fit
24233,fit
24234,calibration
24235,fit
24236,fit
24238,fit
24239,calibration
24240,calibration
24241,test
24242,fit
24243,test
24244,fit
24245,calibration
24246,test
24247,test
24248,test
24249,fit
24251,fit
24252,fit
24253,fit
24254,calibration
24255,fit
24256,fit
24257,fit
24258,fit
24259,fit
24260,fit
24261,calibration
24262,fit
24263,test
24264,fit
24266,fit
24267,fit
24268,fit
24269,calibration
24271,fit
24272,fit
24273,fit
24274,calibration
24275,fit
24276,fit
24277,fit
24278,fit
24279,fit
24280,fit
24281,fit
24282,fit
24283,calibration
24284,test
24285,fit
24286,fit
24287,test
24288,calibration
24289,test
24290,calibration
24291,calibration
24292,test
24293,fit
24294,fit
24295,test
24296,fit
24297,calibration
24298,fit
24299,test
24300,test
24301,fit
24302,fit
24303,fit
24304,fit
24306,fit
24307,fit
24308,fit
24309,fit
24310,fit
24311,fit
24312,fit
24313,fit
24314,fit
24315,fit
24316,fit
24317,fit
24319,calibration
24320,fit
24321,fit
24322,fit
24323,fit
24324,fit
24325,fit
24326,fit
24327,fit
24328,test
24329,calibration
24330,calibration
24334,test
24335,calibration
24336,fit
24337,test
24338,fit
24340,calibration
24341,fit
24343,calibration
24344,calibration
24345,fit
24346,test
24347,fit
24348,fit
24349,fit
24350,fit
24351,fit
24354,calibration
24355,test
24356,fit
24357,fit
24358,test
24359,fit
24360,fit
24362,calibration
24363,fit
24364,fit
24365,calibration
24366,fit
24367,fit
24368,fit
24369,calibration
24370,calibration
24371,calibration
24372,calibration
24373,fit
24374,fit
24375,fit
24376,fit
24377,fit
24378,fit
24379,fit
24380,fit
24382,calibration
24383,fit
24384,fit
24385,fit
24386,fit
24387,test
24388,calibration
24389,calibration
24390,fit
24391,calibration
24392,fit
24393,fit
24395,calibration
24396,calibration
24397,test
24398,calibration
24399,calibration
24400,fit
24401,calibration
24402,fit
24403,test
24404,fit
24405,test
24406,fit
24407,fit
24408,fit
24409,calibration
24410,fit
24411,test
24412,calibration
24413,calibration
24414,calibration
24415,calibration
24416,fit
24417,fit
24418,fit
24419,fit
24420,fit
24421,test
24422,fit
24423,test
24424,fit
24425,fit
24426,test
24427,fit
24428,fit
24429,fit
24430,test
24431,calibration
24432,fit
24433,fit
24434,fit
24435,calibration
24436,fit
24437,calibration
24438,fit
24439,fit
24440,fit
24441,fit
24442,fit
24443,fit
24444,fit
24445,fit
24446,fit
24447,fit
24448,calibration
24450,fit
24451,fit
24452,calibration
24453,calibration
24455,test
24456,fit
24457,calibration
24458,test
24459,fit
24460,calibration
24461,fit
24462,fit
24463,fit
24464,calibration
24465,test
24466,fit
24467,fit
24468,test
24469,fit
24470,fit
24471,fit
24472,fit
24473,fit
24474,fit
24475,test
24476,fit
24477,test
24478,calibration
24479,fit
24480,test
24481,test
24482,fit
24483,calibration
24484,fit
24485,fit
24486,fit
24487,fit
24488,test
24489,test
24491,fit
24492,fit
24493,fit
24494,test
24495,calibration
24496,test
24497,fit
24498,fit
24499,test
24500,test
24501,fit
24502,test
24505,fit
24506,test
24507,calibration
24508,fit
24509,fit
24510,fit
24511,fit
24512,fit
24513,fit
24514,fit
24515,test
24516,fit
24517,test
24518,fit
24519,test
24520,test
24521,fit
24522,test
24523,fit
24524,fit
24525,fit
24527,test
24528,calibration
24529,calibration
24530,fit
24531,fit
24532,fit
24533,fit
24534,calibration
24535,fit
24536,fit
24537,test
24538,fit
24539,fit
24540,test
24541,test
24542,fit
24543,calibration
24544,fit
24545,calibration
24546,fit
24547,fit
24548,fit
24549,test
24550,calibration
24551,test
24552,fit
24553,calibration
24554,fit
24555,test
24556,calibration
24557,fit
24558,test
24559,fit
24560,calibration
24561,test
24562,fit
24563,fit
24564,fit
24565,fit
24566,calibration
24567,calibration
24568,test
24569,fit
24570,test
24571,fit
24572,fit
24573,fit
24574,fit
24575,test
24576,test
24577,fit
24578,fit
24579,fit
24580,fit
24581,fit
24582,test
24583,fit
24584,calibration
24585,fit
24586,calibration
24587,fit
24588,fit
24589,fit
24590,fit
24591,calibration
24592,calibration
24593,fit
24594,fit
24596,calibration
24597,fit
24598,fit
24599,fit
24601,fit
24602,test
24603,fit
24604,fit
24605,test
24606,fit
24607,test
24608,test
24609,calibration
24610,calibration
24611,calibration
24612,fit
24614,calibration
24615,calibration
24616,fit
24617,fit
24618,test
24619,fit
24621,fit
24622,fit
24623,fit
24624,calibration
24625,calibration
24626,calibration
24627,fit
24628,calibration
24630,calibration
24631,test
24632,test
24633,calibration
24634,fit
24635,fit
24636,fit
24637,fit
24638,fit
24639,fit
24640,fit
24641,test
24642,fit
24643,fit
24645,test
24646,fit
24647,calibration
24648,calibration
24649,fit
24650,calibration
24651,fit
24652,fit
24653,fit
24654,fit
24655,fit
24656,fit
24657,calibration
24658,fit
24659,fit
24660,test
24661,test
24662,fit
24663,fit
24664,fit
24665,fit
24666,calibration
24667,fit
24668,calibration
24669,fit
24670,fit
24671,fit
24672,fit
24673,test
24674,fit
24675,fit
24676,test
24677,fit
24678,fit
24679,calibration
24681,fit
24682,fit
24683,test
24684,fit
24685,calibration
24686,calibration
24687,fit
24688,calibration
24689,fit
24691,fit
24692,fit
24693,fit
24694,fit
24695,fit
24696,fit
24697,fit
24698,fit
24699,fit
24701,fit
24702,fit
24703,calibration
24704,fit
24705,calibration
24706,fit
24707,fit
24708,fit
24709,calibration
24710,fit
24712,fit
24713,fit
24714,fit
24715,test
24716,fit
24717,fit
24718,fit
24719,fit
24720,calibration
24721,test
24722,test
24723,fit
24724,test
24726,calibration
24727,calibration
24728,fit
24729,fit
24730,fit
24731,fit
24732,test
24733,fit
24735,calibration
24736,fit
24737,calibration
24738,fit
24739,calibration
24740,fit
24741,fit
24742,fit
24743,fit
24744,fit
24745,fit
24746,calibration
24747,fit
24748,calibration
24749,test
24750,calibration
24751,test
24752,fit
24753,fit
24754,fit
24755,fit
24756,fit
24757,fit
24758,calibration
24759,fit
24760,fit
24761,fit
24762,test
24763,fit
24764,calibration
24765,fit
24766,calibration
24767,fit
24768,fit
24769,fit
24770,fit
24771,calibration
24772,fit
24773,test
24774,calibration
24776,fit
24777,fit
24778,fit
24779,fit
24782,calibration
24783,calibration
24784,fit
24785,fit
24787,test
24788,fit
24789,fit
24790,fit
24791,test
24792,test
24793,fit
24794,calibration
24795,test
24796,calibration
24797,fit
24798,fit
24799,fit
24800,fit
24801,fit
24802,fit
24803,test
24804,test
24805,fit
24806,fit
24807,fit
24808,fit
24809,fit
24810,calibration
24811,test
24812,fit
24813,calibration
24814,fit
24815,fit
24816,fit
24817,fit
24818,calibration
24819,test
24820,fit
24821,fit
24822,fit
24824,fit
24825,fit
24826,calibration
24828,fit
24829,fit
24830,calibration
24831,fit
24832,fit
24833,fit
24834,fit
24835,fit
24836,test
24837,fit
24838,fit
24839,fit
24840,fit
24841,calibration
24842,fit
24843,calibration
24844,test
24845,fit
24846,test
24847,fit
24848,fit
24849,fit
24850,fit
24851,fit
24852,fit
24853,test
24854,test
24855,fit
24856,fit
24857,calibration
24858,fit
24859,fit
24860,fit
24861,test
24862,fit
24863,fit
24864,fit
24865,fit
24866,calibration
24867,fit
24868,calibration
24869,fit
24870,fit
24871,test
24872,fit
24873,fit
24874,test
24875,test
24876,fit
24877,test
24878,test
24879,fit
24880,fit
24881,fit
24882,fit
24883,calibration
24884,test
24886,fit
24887,fit
24888,fit
24889,fit
24890,fit
24891,calibration
24892,fit
24893,test
24894,test
24895,test
24897,calibration
24898,calibration
24899,fit
24900,fit
24901,fit
24902,calibration
24904,fit
24905,fit
24906,fit
24907,fit
24908,fit
24909,fit
24910,calibration
24911,fit
24912,calibration
24913,calibration
24914,fit
24915,test
24916,fit
24917,fit
24918,fit
24919,fit
24920,fit
24921,calibration
24922,fit
24923,test
24924,test
24925,fit
24926,calibration
24927,fit
24928,fit
24929,calibration
24930,test
24931,fit
24932,calibration
24933,fit
24934,test
24935,fit
24936,calibration
24937,fit
24938,fit
24939,test
24940,fit
24941,fit
24942,test
24943,fit
24945,fit
24946,fit
24947,fit
24948,fit
24949,test
24950,test
24951,fit
24952,fit
24953,calibration
24954,fit
24955,fit
24956,fit
24957,test
24959,fit
24960,fit
24961,calibration
24962,test
24963,fit
24964,fit
24965,fit
24966,calibration
24967,fit
24968,calibration
24969,fit
24970,test
24972,fit
24973,calibration
24974,calibration
24975,fit
24976,fit
24977,fit
24978,fit
24979,test
24980,fit
24981,test
24982,test
24983,fit
24984,test
24985,fit
24986,test
24987,fit
24988,test
24989,test
24990,fit
24991,fit
24992,fit
24993,fit
24994,fit
24995,fit
24996,test
24997,test
24998,test
24999,fit
25000,test
25001,calibration
25002,test
25003,fit
25004,fit
25005,test
25006,test
25007,fit
25008,fit
25009,test
25010,fit
25011,fit
25013,test
25014,fit
25015,fit
25016,test
25017,test
25018,test
25019,test
25020,test
25021,test
25022,fit
25023,fit
25024,fit
25025,test
25026,test
25027,fit
25028,calibration
25029,fit
25030,fit
25031,calibration
25032,fit
25033,fit
25034,fit
25035,fit
25036,test
25037,fit
25038,test
25039,fit
25040,fit
25041,test
25042,test
25043,test
25044,fit
25045,test
25047,fit
25048,fit
25049,fit
25050,fit
25051,fit
25052,fit
25053,fit
25054,fit
25055,fit
25056,fit
25057,test
25058,test
25059,fit
25060,test
25061,test
25062,fit
25063,fit
25064,fit
25065,calibration
25066,calibration
25067,test
25068,fit
25069,fit
25070,fit
25071,calibration
25072,fit
25073,test
25074,fit
25075,calibration
25076,fit
25077,calibration
25078,fit
25079,fit
25080,test
25081,calibration
25082,test
25083,calibration
25084,calibration
25085,calibration
25086,fit
25087,fit
25088,fit
25089,fit
25090,fit
25091,fit
25092,test
25094,test
25095,test
25096,fit
25098,test
25099,fit
25100,fit
25101,fit
25102,calibration
25103,calibration
25104,fit
25105,fit
25106,fit
25107,test
25108,fit
25109,fit
25110,fit
25111,fit
25112,test
25113,fit
25114,test
25115,test
25116,fit
25117,calibration
25118,fit
25119,calibration
25120,calibration
25121,test
25122,fit
25123,fit
25124,test
25125,fit
25126,test
25127,fit
25128,calibration
25129,fit
25131,calibration
25132,fit
25133,fit
25134,test
25135,calibration
25136,test
25137,fit
25138,fit
25139,calibration
25140,fit
25141,fit
25142,test
25143,fit
25144,fit
25145,fit
25146,calibration
25147,fit
25148,fit
25149,fit
25150,test
25151,fit
25152,test
25153,fit
25156,fit
25157,fit
25158,fit
25159,fit
25160,fit
25161,fit
25162,fit
25163,fit
25164,fit
25165,fit
25166,fit
25167,fit
25168,calibration
25169,test
25170,fit
25172,fit
25173,fit
25174,fit
25175,fit
25177,fit
25178,fit
25180,calibration
25181,fit
25182,fit
25183,fit
25184,calibration
25185,fit
25186,fit
25187,calibration
25188,fit
25191,calibration
25192,fit
25193,test
25194,fit
25195,fit
25196,fit
25197,calibration
25198,fit
25199,fit
25200,fit
25201,fit
25202,fit
25203,fit
25205,fit
25206,test
25207,fit
25208,calibration
25209,fit
25210,fit
25211,fit
25212,fit
25213,fit
25214,fit
25215,fit
25216,fit
25217,calibration
25218,fit
25219,calibration
25220,fit
25221,fit
25222,fit
25223,test
25224,test
25225,calibration
25226,fit
25227,fit
25228,fit
25229,fit
25230,fit
25231,fit
25232,test
25233,fit
25234,calibration
25235,test
25236,test
25237,fit
25238,fit
25239,calibration
25240,test
25241,calibration
25242,fit
25243,fit
25244,fit
25245,test
25246,fit
25247,fit
25248,calibration
25249,fit
25250,fit
25251,fit
25252,calibration
25253,fit
25254,calibration
25255,fit
25256,fit
25257,fit
25258,calibration
25259,calibration
25260,calibration
25261,fit
25262,fit
25263,fit
25264,test
25265,fit
25266,calibration
25267,fit
25268,test
25270,fit
25271,fit
25272,fit
25273,calibration
25274,fit
25275,fit
25276,test
25277,fit
25278,calibration
25279,fit
25280,fit
25281,test
25282,calibration
25283,fit
25284,fit
25285,calibration
25287,test
25288,test
25289,fit
25290,test
25291,test
25292,calibration
25294,fit
25295,fit
25296,calibration
25297,fit
25298,calibration
25299,fit
25300,calibration
25301,calibration
25302,test
25303,calibration
25304,fit
25305,test
25306,fit
25307,fit
25308,fit
25309,fit
25310,fit
25311,test
25312,fit
25313,calibration
25314,fit
25315,fit
25316,test
25317,fit
25319,fit
25320,fit
25321,fit
25322,test
25323,fit
25324,test
25325,fit
25326,fit
25327,calibration
25328,fit
25329,fit
25330,fit
25331,test
25332,test
25333,fit
25334,fit
25335,fit
25336,test
25337,fit
25338,calibration
25339,calibration
25341,fit
25342,fit
25343,fit
25344,fit
25345,fit
25346,calibration
25347,fit
25348,fit
25349,test
25350,fit
25351,test
25352,fit
25353,calibration
25354,test
25356,fit
25357,fit
25358,fit
25359,fit
25360,test
25361,calibration
25362,test
25363,fit
25364,fit
25365,fit
25367,fit
25368,fit
25369,fit
25370,calibration
25371,fit
25372,fit
25373,test
25374,fit
25375,fit
25376,fit
25377,calibration
25378,fit
25380,fit
25381,test
25383,fit
25384,test
25385,fit
25386,test
25387,fit
25388,test
25389,fit
25390,fit
25391,fit
25393,calibration
25394,calibration
25395,fit
25396,fit
25398,fit
25400,fit
25401,fit
25402,calibration
25403,fit
25404,calibration
25405,calibration
25406,fit
25407,calibration
25408,calibration
25409,calibration
25410,fit
25411,calibration
25412,fit
25413,fit
25414,fit
25415,test
25416,calibration
25417,fit
25418,test
25419,fit
25420,fit
25421,calibration
25422,calibration
25423,calibration
25425,fit
25426,fit
25427,test
25428,fit
25429,calibration
25430,fit
25431,fit
25432,calibration
25433,fit
25434,fit
25435,fit
25436,fit
25437,fit
25438,fit
25439,test
25440,fit
25441,fit
25442,fit
25443,fit
25444,test
25445,fit
25446,test
25447,test
25448,test
25449,fit
25450,fit
25451,fit
25452,test
25453,fit
25454,fit
25455,test
25456,fit
25457,fit
25458,test
25459,fit
25460,test
25461,test
25462,fit
25463,test
25464,fit
25465,fit
25466,fit
25467,calibration
25468,calibration
25469,fit
25470,test
25471,fit
25472,test
25473,test
25474,calibration
25475,calibration
25477,fit
25478,test
25479,calibration
25480,fit
25481,fit
25482,test
25483,calibration
25484,fit
25485,calibration
25486,fit
25487,fit
25488,calibration
25489,fit
25490,calibration
25491,calibration
25492,fit
25493,calibration
25494,fit
25495,test
25496,fit
25497,fit
25498,fit
25499,fit
25500,test
25501,fit
25502,test
25503,test
25504,fit
25505,fit
25506,calibration
25507,calibration
25509,fit
25510,fit
25511,fit
25512,calibration
25513,calibration
25514,fit
25515,fit
25517,calibration
25518,fit
25519,fit
25520,fit
25521,fit
25522,fit
25524,test
25525,fit
25526,fit
25527,fit
25528,calibration
25529,calibration
25530,fit
25531,fit
25532,calibration
25533,fit
25534,fit
25536,fit
25537,fit
25538,test
25539,calibration
25540,fit
25542,calibration
25543,fit
25544,calibration
25545,fit
25546,fit
25548,calibration
25549,fit
25550,fit
25551,calibration
25552,fit
25553,fit
25554,fit
25555,calibration
25556,fit
25557,calibration
25558,calibration
25560,calibration
25561,fit
25562,test
25563,fit
25564,fit
25565,fit
25566,fit
25567,fit
25568,fit
25569,fit
25570,fit
25571,fit
25572,fit
25573,fit
25574,test
25575,calibration
25576,calibration
25577,test
25578,test
25579,test
25580,fit
25581,fit
25582,calibration
25583,fit
25584,fit
25585,calibration
25586,test
25587,fit
25588,fit
25589,calibration
25590,fit
25591,fit
25592,test
25593,fit
25594,fit
25595,fit
25596,fit
25597,calibration
25598,fit
25599,fit
25600,calibration
25601,fit
25602,fit
25603,calibration
25604,test
25605,fit
25606,calibration
25607,test
25608,fit
25609,fit
25610,fit
25611,calibration
25612,fit
25613,test
25614,fit
25615,calibration
25616,calibration
25617,fit
25618,fit
25619,fit
25620,fit
25622,fit
25623,calibration
25624,fit
25626,fit
25627,calibration
25628,fit
25629,calibration
25630,test
25631,calibration
25632,test
25633,fit
25634,fit
25635,fit
25636,fit
25637,fit
25638,calibration
25639,test
25640,fit
25641,calibration
25642,fit
25643,fit
25644,fit
25645,fit
25646,test
25647,test
25649,calibration
25650,calibration
25651,fit
25652,fit
25653,fit
25654,fit
25655,fit
25656,fit
25657,fit
25658,fit
25659,fit
25660,test
25661,fit
25662,fit
25663,fit
25664,test
25665,fit
25666,test
25668,fit
25669,calibration
25670,fit
25671,calibration
25672,fit
25673,test
25674,fit
25675,test
25676,fit
25677,calibration
25678,fit
25680,fit
25681,fit
25682,fit
25683,fit
25684,fit
25685,test
25686,fit
25688,fit
25689,test
25690,fit
25691,fit
25692,fit
25693,fit
25694,fit
25695,fit
25696,fit
25698,fit
25699,fit
25700,fit
25701,calibration
25702,calibration
25703,calibration
25704,calibration
25705,test
25706,test
25707,calibration
25708,fit
25709,fit
25710,fit
25711,fit
25712,fit
25713,fit
25714,calibration
25715,fit
25716,calibration
25717,test
25718,fit
25719,fit
25720,fit
25721,fit
25722,fit
25723,fit
25724,fit
25725,fit
25726,test
25727,fit
25728,fit
25729,calibration
25730,fit
25731,fit
25732,test
25733,fit
25735,test
25736,calibration
25737,test
25738,fit
25739,fit
25740,test
25741,fit
25742,fit
25743,fit
25744,fit
25745,calibration
25746,test
25747,fit
25748,calibration
25749,fit
25750,test
25751,fit
25752,fit
25753,fit
25754,calibration
25755,calibration
25756,fit
25758,fit
25759,fit
25760,fit
25761,test
25762,test
25763,calibration
25764,fit
25765,calibration
25766,fit
25767,fit
25768,calibration
25770,fit
25771,fit
25772,fit
25774,fit
25775,fit
25776,fit
25777,test
25778,calibration
25779,calibration
25780,fit
25781,fit
25782,calibration
25783,fit
25785,calibration
25786,fit
25787,calibration
25788,fit
25789,fit
25790,test
25791,fit
25792,calibration
25793,fit
25794,fit
25795,fit
25796,fit
25797,fit
25798,fit
25799,fit
25800,test
25801,fit
25802,calibration
25803,fit
25804,fit
25805,fit
25807,fit
25808,test
25809,fit
25810,fit
25811,fit
25812,fit
25813,calibration
25814,fit
25815,fit
25816,calibration
25817,fit
25818,fit
25819,fit
25820,fit
25821,fit
25822,fit
25823,fit
25824,fit
25825,fit
25826,test
25827,fit
25828,fit
25829,test
25830,fit
25831,fit
25832,fit
25833,fit
25835,fit
25836,test
25837,calibration
25838,fit
25839,calibration
25840,fit
25841,test
25842,calibration
25843,fit
25844,fit
25845,fit
25846,fit
25847,fit
25848,fit
25849,fit
25850,fit
25851,fit
25852,fit
25853,fit
25854,calibration
25855,fit
25856,calibration
25857,fit
25858,calibration
25859,fit
25860,fit
25861,fit
25863,fit
25864,test
25865,fit
25866,fit
25868,fit
25869,fit
25870,calibration
25871,test
25872,fit
25873,fit
25874,fit
25875,fit
25877,test
25878,fit
25879,fit
25880,fit
25881,fit
25882,fit
25883,fit
25884,test
25885,fit
25886,fit
25887,fit
25888,fit
25889,test
25890,fit
25891,test
25892,fit
25893,fit
25895,fit
25896,fit
25897,fit
25898,calibration
25899,fit
25900,fit
25901,fit
25903,fit
25904,fit
25905,test
25906,test
25907,fit
25908,test
25909,fit
25910,test
25911,fit
25912,test
25913,fit
25914,fit
25915,fit
25916,fit
25917,calibration
25918,calibration
25919,test
25920,fit
25921,fit
25922,test
25923,calibration
25924,calibration
25925,test
25926,fit
25927,fit
25928,fit
25929,fit
25930,test
25931,fit
25932,fit
25933,test
25934,fit
25935,calibration
25936,test
25937,test
25938,fit
25939,fit
25940,test
25941,fit
25942,fit
25943,test
25944,fit
25945,calibration
25946,calibration
25947,fit
25948,fit
25950,fit
25951,fit
25952,calibration
25953,fit
25954,test
25955,fit
25956,fit
25957,fit
25958,test
25959,fit
25960,fit
25961,test
25962,fit
25963,calibration
25964,test
25965,fit
25966,fit
25967,fit
25968,test
25969,fit
25970,fit
25971,fit
25972,fit
25973,test
25974,fit
25975,fit
25976,calibration
25977,fit
25979,test
25980,fit
25981,calibration
25982,fit
25983,test
25984,fit
25985,test
25986,fit
25987,calibration
25988,test
25989,test
25990,calibration
25991,fit
25992,fit
25994,fit
25995,fit
25996,fit
25997,calibration
25998,fit
25999,calibration
26000,fit
26001,fit
26002,fit
26003,test
26004,fit
26005,test
26006,fit
26007,calibration
26008,fit
26009,fit
26010,fit
26011,calibration
26012,fit
26013,fit
26014,fit
26015,fit
26016,fit
26017,fit
26018,test
26019,fit
26020,fit
26021,fit
26022,calibration
26023,fit
26024,fit
26025,fit
26026,calibration
26027,test
26028,fit
26029,fit
26030,fit
26031,fit
26032,fit
26033,calibration
26034,test
26035,fit
26036,test
26037,test
26038,calibration
26039,test
26040,fit
26041,fit
26042,calibration
26044,fit
26045,fit
26046,test
26047,fit
26048,fit
26049,fit
26050,fit
26051,calibration
26052,fit
26053,calibration
26054,test
26055,test
26056,fit
26057,fit
26058,fit
26060,calibration
26061,test
26062,fit
26063,fit
26064,fit
26065,fit
26066,test
26067,test
26068,fit
26069,fit
26070,calibration
26072,calibration
26073,fit
26074,fit
26075,fit
26076,fit
26077,test
26078,fit
26079,calibration
26080,fit
26081,fit
26082,fit
26083,fit
26084,fit
26085,fit
26086,fit
26087,fit
26088,calibration
26089,fit
26090,fit
26091,test
26092,fit
26093,fit
26094,fit
26095,fit
26096,fit
26097,calibration
26098,test
26099,fit
26100,fit
26101,fit
26102,fit
26103,fit
26104,fit
26105,fit
26106,fit
26107,fit
26108,test
26109,fit
26110,fit
26111,fit
26112,test
26113,calibration
26114,fit
26115,fit
26116,test
26117,calibration
26118,calibration
26119,fit
26120,fit
26121,fit
26122,fit
26123,calibration
26124,fit
26125,fit
26126,test
26127,fit
26128,test
26129,fit
26130,fit
26131,fit
26132,test
26133,fit
26134,fit
26135,test
26136,fit
26137,test
26138,fit
26139,fit
26140,fit
26141,fit
26142,fit
26143,fit
26144,fit
26145,fit
26146,calibration
26147,fit
26148,fit
26149,test
26150,fit
26151,calibration
26152,fit
26153,fit
26154,test
26155,fit
26156,test
26157,fit
26158,test
26159,fit
26160,fit
26161,fit
26162,fit
26163,fit
26164,test
26165,fit
26166,test
26167,test
26168,fit
26169,calibration
26170,calibration
26171,calibration
26172,test
26173,fit
26174,fit
26177,fit
26178,calibration
26179,fit
26180,test
26181,fit
26182,calibration
26183,calibration
26184,fit
26185,fit
26186,test
26187,test
26189,calibration
26190,calibration
26191,fit
26192,calibration
26193,test
26194,fit
26195,calibration
26196,calibration
26197,calibration
26198,fit
26199,fit
26200,fit
26201,test
26202,fit
26203,test
26204,fit
26205,fit
26206,fit
26207,fit
26208,fit
26209,calibration
26210,fit
26211,fit
26212,test
26213,calibration
26214,fit
26215,fit
26216,fit
26217,fit
26218,fit
26219,test
26220,fit
26221,fit
26222,calibration
26223,fit
26224,test
26225,calibration
26226,test
26227,test
26228,fit
26229,fit
26230,test
26231,test
26232,test
26233,calibration
26234,fit
26235,fit
26236,test
26237,fit
26238,fit
26239,calibration
26240,fit
26241,fit
26242,fit
26243,fit
26244,fit
26245,test
26246,fit
26247,fit
26248,test
26249,test
26250,fit
26251,fit
26252,fit
26253,fit
26254,fit
26256,test
26257,fit
26258,calibration
26259,fit
26260,fit
26261,fit
26262,fit
26263,fit
26264,test
26265,calibration
26266,calibration
26267,fit
26268,fit
26269,fit
26270,fit
26271,fit
26272,fit
26273,calibration
26274,calibration
26275,fit
26276,fit
26277,test
26278,calibration
26279,calibration
26281,calibration
26282,fit
26283,test
26284,test
26285,calibration
26286,fit
26287,calibration
26288,calibration
26289,fit
26290,fit
26291,fit
26292,test
26294,fit
26295,fit
26296,fit
26297,fit
26298,fit
26299,test
26300,fit
26301,fit
26302,test
26303,fit
26304,test
26305,fit
26306,fit
26307,test
26308,test
26309,calibration
26310,fit
26311,fit
26312,fit
26313,calibration
26314,fit
26315,fit
26316,fit
26318,fit
26319,fit
26320,fit
26321,fit
26322,calibration
26323,fit
26324,fit
26325,fit
26326,fit
26327,fit
26328,calibration
26329,test
26330,calibration
26331,calibration
26332,fit
26333,fit
26334,test
26335,test
26336,fit
26337,fit
26338,test
26339,calibration
26340,test
26341,fit
26342,test
26343,fit
26344,fit
26345,fit
26347,fit
26348,fit
26349,calibration
26350,fit
26351,fit
26352,calibration
26353,fit
26354,fit
26355,test
26356,fit
26357,fit
26358,fit
26359,fit
26360,test
26361,fit
26362,fit
26363,fit
26364,fit
26365,test
26366,fit
26367,fit
26368,calibration
26369,fit
26370,fit
26371,fit
26372,fit
26373,fit
26374,fit
26375,fit
26377,test
26378,fit
26379,fit
26380,fit
26381,fit
26382,fit
26383,test
26384,fit
26387,fit
26388,fit
26389,test
26390,fit
26391,calibration
26392,calibration
26393,test
26394,fit
26395,fit
26396,fit
26397,fit
26398,fit
26399,test
26400,fit
26401,test
26403,fit
26404,fit
26405,test
26406,calibration
26407,test
26409,test
26410,calibration
26411,fit
26412,fit
26413,test
26414,fit
26416,calibration
26417,test
26418,fit
26419,test
26420,test
26421,fit
26422,fit
26423,fit
26424,fit
26425,fit
26426,fit
26427,fit
26428,calibration
26429,fit
26430,test
26431,calibration
26432,test
26433,fit
26434,calibration
26435,fit
26436,fit
26437,fit
26439,fit
26440,fit
26441,fit
26442,fit
26443,fit
26444,fit
26445,fit
26446,fit
26447,calibration
26448,test
26449,fit
26450,fit
26451,fit
26452,calibration
26453,fit
26454,fit
26455,calibration
26456,fit
26457,calibration
26458,test
26459,fit
26460,test
26461,fit
26462,fit
26463,fit
26465,fit
26467,fit
26468,calibration
26469,fit
26470,calibration
26471,fit
26472,fit
26473,calibration
26475,fit
26476,fit
26477,fit
26478,fit
26479,fit
26480,fit
26481,fit
26482,fit
26483,fit
26484,fit
26485,fit
26486,fit
26487,test
26488,test
26489,test
26490,fit
26491,fit
26492,fit
26493,fit
26494,fit
26495,fit
26496,calibration
26497,fit
26498,fit
26499,fit
26501,fit
26502,fit
26503,calibration
26504,fit
26505,calibration
26506,calibration
26507,calibration
26508,test
26509,fit
26510,fit
26511,calibration
26512,fit
26513,calibration
26514,fit
26515,fit
26516,calibration
26517,fit
26518,fit
26519,fit
26520,calibration
26522,fit
26523,calibration
26524,calibration
26525,test
26526,fit
26527,fit
26529,test
26530,fit
26531,fit
26532,fit
26533,test
26534,calibration
26535,test
26536,calibration
26537,fit
26538,fit
26539,fit
26540,calibration
26541,fit
26542,calibration
26543,calibration
26544,test
26545,fit
26546,test
26547,test
26548,fit
26549,fit
26550,fit
26551,fit
26552,fit
26553,calibration
26554,calibration
26555,calibration
26556,fit
26557,fit
26558,fit
26559,fit
26560,fit
26561,fit
26562,fit
26563,test
26564,calibration
26565,fit
26566,test
26567,fit
26568,fit
26571,fit
26572,calibration
26573,fit
26574,fit
26575,test
26576,test
26577,test
26578,fit
26579,fit
26580,fit
26581,test
26582,calibration
26583,fit
26584,fit
26585,test
26586,fit
26587,fit
26588,calibration
26589,fit
26590,fit
26592,calibration
26593,fit
26594,fit
26595,fit
26596,calibration
26597,fit
26598,calibration
26599,test
26600,fit
26602,calibration
26603,test
26604,calibration
26605,fit
26606,test
26607,fit
26608,fit
26609,test
26610,fit
26611,calibration
26612,calibration
26613,calibration
26614,calibration
26615,test
26616,fit
26617,fit
26619,fit
26620,fit
26621,fit
26622,fit
26623,fit
26624,fit
26625,fit
26627,calibration
26628,calibration
26629,fit
26630,fit
26631,calibration
26632,calibration
26633,calibration
26634,calibration
26635,calibration
26636,calibration
26637,fit
26638,fit
26639,fit
26640,calibration
26641,test
26642,fit
26643,fit
26644,test
26645,fit
26647,test
26648,fit
26649,fit
26650,fit
26651,test
26652,fit
26653,fit
26654,fit
26655,test
26656,fit
26657,test
26658,fit
26659,fit
26660,test
26661,test
26662,fit
26663,fit
26664,fit
26665,fit
26666,fit
26667,test
26668,fit
26669,fit
26670,calibration
26671,test
26672,test
26673,fit
26674,test
26675,fit
26676,fit
26677,fit
26678,fit
26679,fit
26680,test
26681,fit
26682,test
26683,fit
26684,fit
26685,test
26686,fit
26687,fit
26688,fit
26689,fit
26690,calibration
26691,fit
26692,fit
26693,fit
26694,fit
26695,fit
26696,fit
26698,fit
26699,fit
26700,fit
26701,test
26702,test
26703,calibration
26704,fit
26705,fit
26706,test
26707,calibration
26708,fit
26709,fit
26710,calibration
26711,calibration
26712,fit
26713,fit
26714,test
26715,fit
26716,calibration
26717,fit
26718,calibration
26719,test
26720,fit
26722,test
26723,fit
26724,calibration
26725,fit
26726,fit
26727,calibration
26728,fit
26729,fit
26730,fit
26731,fit
26732,fit
26733,fit
26734,fit
26735,fit
26736,fit
26737,fit
26738,fit
26739,fit
26740,fit
26741,fit
26742,fit
26743,test
26744,fit
26745,test
26746,calibration
26747,fit
26748,calibration
26749,test
26750,test
26751,fit
26752,fit
26753,fit
26754,calibration
26755,fit
26756,fit
26757,calibration
26758,fit
26759,fit
26761,fit
26762,calibration
26763,calibration
26764,fit
26765,calibration
26766,fit
26767,calibration
26768,calibration
26769,test
26770,calibration
26771,test
26772,fit
26773,calibration
26774,fit
26775,calibration
26776,fit
26777,fit
26778,fit
26779,fit
26780,fit
26781,fit
26783,test
26784,test
26785,fit
26786,fit
26787,fit
26788,calibration
26789,calibration
26790,fit
26791,calibration
26792,fit
26793,fit
26794,fit
26795,fit
26796,test
26797,calibration
26798,fit
26799,test
26800,fit
26801,fit
26802,calibration
26803,fit
26804,fit
26805,fit
26806,test
26807,fit
26808,fit
26809,fit
26811,calibration
26812,fit
26813,fit
26814,fit
26815,calibration
26816,fit
26817,fit
26818,fit
26819,calibration
26820,calibration
26821,fit
26822,fit
26823,fit
26824,fit
26825,test
26826,calibration
26827,calibration
26828,fit
26829,fit
26830,fit
26831,fit
26832,test
26833,fit
26834,fit
26835,calibration
26836,test
26837,fit
26838,calibration
26839,test
26840,fit
26841,fit
26842,calibration
26843,fit
26844,fit
26845,fit
26846,fit
26847,fit
26848,fit
26849,fit
26850,fit
26851,test
26852,test
26853,test
26855,fit
26856,test
26857,fit
26858,test
26859,fit
26860,test
26861,fit
26862,fit
26863,fit
26864,test
26865,fit
26866,calibration
26867,fit
26868,fit
26869,fit
26870,test
26871,test
26872,fit
26873,test
26874,test
26875,test
26877,test
26878,fit
26879,fit
26880,fit
26881,test
26883,test
26884,fit
26885,fit
26886,fit
26887,fit
26888,fit
26889,fit
26890,calibration
26891,fit
26892,test
26893,fit
26894,test
26895,fit
26896,test
26897,calibration
26898,fit
26899,calibration
26900,calibration
26901,fit
26902,test
26903,fit
26904,test
26905,fit
26906,calibration
26907,calibration
26908,fit
26909,fit
26910,fit
26911,fit
26913,calibration
26914,fit
26915,test
26916,calibration
26917,test
26918,fit
26919,fit
26920,fit
26922,fit
26923,fit
26924,fit
26925,fit
26926,fit
26927,calibration
26928,fit
26929,fit
26930,calibration
26931,fit
26932,calibration
26933,fit
26934,fit
26935,fit
26936,fit
26937,fit
26938,fit
26939,test
26941,fit
26942,fit
26943,fit
26944,fit
26945,calibration
26946,fit
26947,fit
26948,test
26949,fit
26950,calibration
26951,test
26952,fit
26953,calibration
26954,fit
26955,calibration
26956,fit
26957,fit
26958,test
26959,fit
26960,calibration
26961,fit
26962,fit
26963,calibration
26965,fit
26966,calibration
26967,test
26968,fit
26969,fit
26970,calibration
26971,fit
26972,calibration
26973,fit
26974,calibration
26975,fit
26976,fit
26977,calibration
26978,fit
26979,test
26980,test
26981,fit
26982,test
26983,fit
26984,calibration
26985,calibration
26987,test
26988,test
26989,fit
26990,test
26991,fit
26992,fit
26993,fit
26994,test
26995,fit
26996,test
26997,fit
26998,fit
26999,fit
27000,fit
27001,fit
27003,fit
27004,fit
27005,calibration
27006,calibration
27007,fit
27008,test
27009,fit
27010,fit
27011,fit
27012,fit
27013,fit
27014,fit
27015,fit
27016,fit
27017,fit
27018,calibration
27019,calibration
27020,fit
27021,fit
27022,test
27023,test
27024,fit
27025,fit
27026,fit
27027,test
27028,fit
27029,fit
27031,test
27032,fit
27033,calibration
27034,fit
27035,fit
27036,fit
27037,fit
27038,fit
27039,fit
27040,calibration
27041,fit
27042,test
27043,fit
27044,fit
27045,test
27046,fit
27047,test
27048,test
27049,calibration
27051,fit
27052,fit
27053,fit
27055,fit
27056,fit
27057,calibration
27058,fit
27059,fit
27060,fit
27061,test
27062,fit
27063,test
27064,fit
27065,calibration
27066,fit
27067,fit
27068,fit
27069,test
27070,calibration
27071,calibration
27072,test
27073,fit
27074,calibration
27075,test
27076,fit
27077,test
27078,fit
27079,test
27080,fit
27081,calibration
27082,calibration
27083,fit
27084,fit
27085,fit
27086,fit
27088,fit
27089,fit
27090,calibration
27091,calibration
27092,test
27093,calibration
27094,fit
27095,calibration
27096,fit
27097,fit
27098,fit
27099,fit
27100,test
27101,test
27102,fit
27103,fit
27104,fit
27105,fit
27106,fit
27107,fit
27108,fit
27109,test
27110,fit
27111,calibration
27112,calibration
27113,fit
27114,calibration
27115,calibration
27116,calibration
27117,fit
27118,fit
27120,test
27121,test
27122,test
27123,calibration
27124,fit
27125,fit
27126,test
27127,fit
27128,test
27129,fit
27130,fit
27131,fit
27132,test
27133,calibration
27134,calibration
27135,fit
27136,fit
27137,fit
27138,test
27139,calibration
27140,fit
27141,calibration
27143,fit
27144,fit
27145,fit
27146,fit
27148,fit
27149,fit
27150,calibration
27151,calibration
27152,fit
27153,fit
27154,test
27155,fit
27156,test
27157,fit
27158,fit
27159,fit
27160,calibration
27161,fit
27162,fit
27163,fit
27164,calibration
27165,test
27166,fit
27167,fit
27168,fit
27169,fit
27170,test
27171,fit
27172,fit
27173,fit
27174,fit
27175,fit
27177,fit
27178,fit
27179,fit
27180,calibration
27181,fit
27182,fit
27183,calibration
27184,fit
27185,fit
27186,test
27187,fit
27188,test
27189,calibration
27190,fit
27191,fit
27192,calibration
27193,fit
27194,calibration
27195,fit
27196,calibration
27197,fit
27198,fit
27199,fit
27200,fit
27201,calibration
27202,fit
27203,test
27204,fit
27206,test
27207,fit
27208,fit
27209,calibration
27210,fit
27211,fit
27212,fit
27213,test
27214,test
27215,calibration
27216,fit
27217,fit
27219,calibration
27220,test
27221,test
27222,fit
27223,fit
27224,fit
27225,test
27226,fit
27227,fit
27228,fit
27229,fit
27230,test
27231,test
27232,fit
27233,test
27234,fit
27235,test
27236,fit
27237,test
27238,fit
27239,fit
27240,calibration
27241,fit
27242,calibration
27243,test
27244,calibration
27245,fit
27246,fit
27247,fit
27248,fit
27249,fit
27250,fit
27251,fit
27252,fit
27253,calibration
27254,fit
27255,fit
27256,calibration
27257,fit
27258,fit
27259,fit
27260,calibration
27261,test
27262,fit
27263,test
27264,test
27265,fit
27266,fit
27267,fit
27268,fit
27269,fit
27270,fit
27271,fit
27272,calibration
27274,fit
27275,fit
27276,fit
27277,test
27279,fit
27280,fit
27281,test
27283,fit
27284,fit
27286,calibration
27287,calibration
27288,fit
27289,calibration
27290,fit
27291,test
27292,test
27293,calibration
27294,calibration
27295,fit
27296,calibration
27297,fit
27298,calibration
27299,fit
27300,fit
27301,test
27302,test
27303,calibration
27304,calibration
27305,calibration
27306,test
27308,fit
27309,test
27310,fit
27311,fit
27312,fit
27313,fit
27314,test
27315,fit
27316,fit
27317,fit
27318,fit
27319,calibration
27320,test
27321,test
27322,test
27323,test
27324,fit
27325,fit
27327,fit
27328,calibration
27329,fit
27330,fit
27331,test
27332,calibration
27333,fit
27334,test
27335,fit
27336,fit
27337,calibration
27338,fit
27339,fit
27340,fit
27341,fit
27342,calibration
27343,calibration
27344,fit
27345,fit
27346,fit
27347,test
27348,test
27349,test
27350,fit
27351,calibration
27352,fit
27353,fit
27354,fit
27355,fit
27356,test
27357,calibration
27358,fit
27359,fit
27360,test
27361,fit
27362,fit
27363,test
27364,fit
27365,fit
27366,fit
27367,fit
27368,calibration
27369,calibration
27370,calibration
27371,calibration
27372,fit
27373,fit
27374,fit
27375,fit
27376,calibration
27377,fit
27378,fit
27379,test
27380,fit
27381,fit
27382,calibration
27384,calibration
27385,test
27386,fit
27387,calibration
27388,fit
27389,fit
27390,fit
27391,fit
27392,test
27393,calibration
27394,calibration
27396,test
27397,fit
27398,calibration
27399,calibration
27400,fit
27401,calibration
27402,fit
27405,test
27406,fit
27407,calibration
27408,test
27409,test
27410,calibration
27411,fit
27412,fit
27413,calibration
27414,fit
27415,fit
27416,fit
27417,fit
27418,fit
27419,fit
27420,fit
27421,fit
27422,fit
27424,fit
27425,fit
27426,fit
27427,fit
27428,fit
27430,fit
27431,fit
27432,fit
27433,fit
27434,test
27435,fit
27436,test
27437,fit
27439,calibration
27440,fit
27441,fit
27442,test
27443,fit
27444,calibration
27445,test
27446,fit
27447,fit
27448,fit
27449,fit
27450,fit
27451,fit
27453,fit
27454,fit
27455,fit
27456,fit
27457,test
27458,test
27459,calibration
27460,calibration
27461,test
27462,calibration
27464,fit
27465,fit
27466,calibration
27467,fit
27468,fit
27469,test
27470,calibration
27471,test
27472,test
27473,fit
27474,fit
27475,fit
27476,test
27477,test
27478,fit
27479,fit
27480,fit
27481,fit
27482,test
27483,fit
27484,fit
27485,calibration
27486,fit
27487,fit
27488,fit
27489,fit
27490,test
27491,fit
27492,test
27493,fit
27494,test
27495,fit
27496,calibration
27497,fit
27498,calibration
27499,test
27500,fit
27501,test
27502,fit
27503,test
27504,fit
27505,fit
27506,fit
27507,fit
27508,fit
27509,test
27510,fit
27511,fit
27512,calibration
27513,calibration
27514,test
27515,calibration
27516,fit
27517,fit
27518,fit
27519,fit
27520,fit
27521,calibration
27522,calibration
27523,fit
27524,calibration
27525,fit
27526,calibration
27527,calibration
27528,fit
27529,calibration
27530,calibration
27531,fit
27532,calibration
27533,fit
27534,test
27535,fit
27536,fit
27537,calibration
27538,fit
27539,fit
27540,fit
27541,calibration
27542,test
27543,fit
27544,test
27545,fit
27546,fit
27547,fit
27548,test
27549,calibration
27550,fit
27551,test
27552,test
27553,fit
27554,fit
27555,calibration
27556,fit
27557,fit
27558,calibration
27559,calibration
27560,fit
27561,fit
27562,fit
27563,fit
27564,fit
27565,fit
27566,fit
27567,test
27568,fit
27569,test
27570,fit
27571,test
27572,fit
27573,test
27574,fit
27575,fit
27576,calibration
27577,test
27578,fit
27579,calibration
27580,test
27581,fit
27582,fit
27583,fit
27584,test
27585,fit
27586,fit
27587,fit
27588,fit
27589,fit
27590,calibration
27592,fit
27593,fit
27594,fit
27595,fit
27596,test
27597,calibration
27598,fit
27599,test
27600,calibration
27601,fit
27602,calibration
27603,fit
27604,test
27605,fit
27606,fit
27607,fit
27608,fit
27609,fit
27610,test
27611,calibration
27612,test
27613,fit
27614,fit
27615,test
27616,test
27618,fit
27619,fit
27620,fit
27621,calibration
27622,fit
27623,calibration
27624,calibration
27625,test
27626,test
27627,fit
27628,fit
27629,fit
27630,test
27631,calibration
27632,calibration
27633,test
27634,fit
27635,fit
27636,fit
27637,fit
27638,fit
27639,test
27640,test
27641,fit
27642,test
27643,fit
27644,test
27647,fit
27648,fit
27649,fit
27650,calibration
27651,fit
27652,fit
27653,calibration
27654,fit
27655,fit
27656,calibration
27657,fit
27658,fit
27661,fit
27662,test
27663,fit
27664,fit
27665,calibration
27667,calibration
27668,test
27669,test
27670,fit
27671,calibration
27672,fit
27673,fit
27674,fit
27675,fit
27676,test
27677,calibration
27678,calibration
27679,calibration
27680,test
27681,fit
27682,test
27683,fit
27684,fit
27685,fit
27686,test
27687,fit
27688,fit
27689,fit
27690,test
27691,test
27692,calibration
27693,calibration
27694,test
27695,fit
27696,fit
27697,fit
27698,test
27699,fit
27700,test
27701,fit
27702,fit
27703,fit
27704,calibration
27705,calibration
27706,calibration
27707,test
27709,fit
27710,fit
27711,calibration
27712,test
27713,fit
27714,fit
27715,fit
27716,calibration
27717,calibration
27718,fit
27719,fit
27720,fit
27721,fit
27722,fit
27723,fit
27724,test
27725,fit
27726,fit
27727,test
27728,fit
27729,test
27730,test
27731,test
27732,calibration
27733,fit
27734,fit
27735,calibration
27736,fit
27737,fit
27738,calibration
27739,fit
27740,fit
27742,test
27743,fit
27744,test
27745,fit
27746,calibration
27747,fit
27748,test
27749,calibration
27750,fit
27751,test
27752,fit
27753,fit
27754,fit
27755,fit
27756,calibration
27757,fit
27758,test
27759,test
27760,calibration
27761,fit
27762,fit
27763,test
27764,fit
27765,calibration
27766,fit
27767,fit
27768,fit
27769,fit
27770,fit
27771,fit
27772,fit
27773,calibration
27774,fit
27775,calibration
27776,fit
27777,fit
27778,test
27779,fit
27780,calibration
27781,test
27782,fit
27783,fit
27785,fit
27786,fit
27787,fit
27788,fit
27789,fit
27790,test
27791,fit
27792,fit
27793,fit
27794,fit
27796,fit
27797,fit
27798,fit
27799,calibration
27800,fit
27801,fit
27802,fit
27803,calibration
27804,fit
27805,fit
27806,fit
27807,calibration
27808,test
27809,fit
27810,fit
27811,test
27812,calibration
27814,test
27815,test
27816,fit
27817,fit
27818,fit
27819,fit
27820,calibration
27821,calibration
27822,test
27823,fit
27825,fit
27826,fit
27827,calibration
27828,fit
27829,test
27830,fit
27831,fit
27832,test
27834,fit
27835,test
27836,fit
27837,fit
27838,fit
27839,test
27840,fit
27841,calibration
27842,fit
27843,test
27844,fit
27846,calibration
27847,fit
27848,fit
27849,fit
27850,calibration
27851,fit
27852,fit
27853,fit
27854,fit
27855,fit
27856,fit
27857,calibration
27858,fit
27859,fit
27860,fit
27861,fit
27862,calibration
27863,fit
27864,calibration
27865,calibration
27866,calibration
27867,test
27868,test
27869,fit
27870,fit
27871,test
27872,fit
27873,fit
27874,test
27875,fit
27876,calibration
27877,fit
27878,fit
27879,fit
27880,fit
27881,test
27882,fit
27883,fit
27885,test
27886,calibration
27887,fit
27888,fit
27890,fit
27891,fit
27892,fit
27893,fit
27894,test
27895,calibration
27896,test
27897,fit
27898,test
27899,calibration
27900,fit
27901,fit
27902,fit
27903,fit
27904,fit
27906,test
27907,test
27908,calibration
27909,fit
27910,fit
27911,test
27912,calibration
27913,calibration
27914,test
27915,fit
27916,fit
27918,calibration
27919,calibration
27920,calibration
27921,fit
27922,calibration
27923,fit
27924,calibration
27925,test
27926,calibration
27927,calibration
27928,fit
27929,fit
27930,fit
27931,test
27932,fit
27933,test
27934,fit
27935,test
27936,fit
27937,fit
27938,test
27939,fit
27940,fit
27941,fit
27942,fit
27943,fit
27944,fit
27945,fit
27946,fit
27947,fit
27948,fit
27949,test
27951,fit
27952,calibration
27953,test
27954,fit
27955,fit
27956,fit
27957,fit
27958,calibration
27959,test
27961,fit
27962,fit
27963,fit
27964,calibration
27965,fit
27966,test
27968,fit
27969,fit
27970,calibration
27971,test
27972,fit
27974,calibration
27975,fit
27976,fit
27977,fit
27978,calibration
27979,fit
27980,fit
27981,test
27982,calibration
27983,fit
27984,test
27985,test
27986,fit
27987,test
27988,fit
27989,fit
27990,fit
27991,fit
27992,fit
27993,calibration
27995,calibration
27996,fit
27997,fit
27998,calibration
27999,fit
28000,calibration
28001,calibration
28002,test
28003,test
28004,fit
28005,fit
28006,test
28007,test
28008,fit
28009,fit
28010,fit
28011,fit
28012,calibration
28013,fit
28014,fit
28015,fit
28016,calibration
28017,fit
28020,fit
28021,fit
28022,fit
28023,test
28024,test
28025,fit
28026,test
28027,calibration
28028,fit
28029,fit
28030,fit
28031,fit
28032,fit
28034,calibration
28035,calibration
28036,fit
28037,calibration
28038,fit
28039,fit
28040,calibration
28041,fit
28042,fit
28043,fit
28045,fit
28046,test
28047,calibration
28048,fit
28049,fit
28050,fit
28051,test
28052,fit
28053,fit
28054,calibration
28055,fit
28056,fit
28057,fit
28058,test
28059,fit
28060,fit
28061,fit
28062,calibration
28063,fit
28064,fit
28065,fit
28066,test
28067,fit
28068,fit
28069,fit
28070,fit
28071,fit
28072,fit
28073,calibration
28074,fit
28075,calibration
28076,test
28077,test
28078,fit
28079,fit
28080,fit
28081,calibration
28082,calibration
28083,calibration
28084,calibration
28085,fit
28086,test
28087,calibration
28088,fit
28089,fit
28090,fit
28091,fit
28092,calibration
28093,fit
28094,fit
28095,calibration
28096,fit
28098,fit
28099,calibration
28100,fit
28101,fit
28102,test
28104,test
28105,fit
28106,calibration
28107,fit
28108,calibration
28109,fit
28110,fit
28111,fit
28112,test
28113,test
28114,fit
28115,fit
28116,fit
28117,calibration
28118,fit
28119,fit
28120,fit
28121,calibration
28122,calibration
28123,fit
28124,fit
28125,calibration
28126,fit
28127,fit
28128,fit
28129,calibration
28130,test
28131,calibration
28132,calibration
28133,test
28134,fit
28135,test
28136,test
28137,fit
28138,calibration
28139,fit
28140,fit
28141,calibration
28142,fit
28143,fit
28144,calibration
28145,test
28146,test
28147,test
28148,fit
28149,fit
28150,fit
28151,fit
28152,test
28153,fit
28154,fit
28155,calibration
28156,fit
28158,calibration
28159,fit
28160,fit
28161,fit
28162,test
28163,calibration
28164,fit
28165,fit
