row_index,role
0,fit
1,calibration
2,fit
3,calibration
4,fit
5,fit
6,calibration
7,calibration
8,calibration
9,fit
10,calibration
11,calibration
12,fit
13,fit
14,fit
15,fit
16,calibration
17,fit
18,fit
19,fit
20,fit
21,calibration
22,test
23,calibration
24,calibration
25,fit
26,fit
27,test
28,test
29,fit
30,test
31,calibration
32,calibration
33,fit
34,fit
35,calibration
36,calibration
37,fit
38,calibration
39,test
40,fit
41,fit
42,test
43,calibration
44,calibration
45,fit
46,calibration
47,calibration
48,calibration
49,fit
50,fit
51,test
52,fit
53,fit
54,calibration
55,calibration
56,fit
57,test
58,calibration
59,fit
60,fit
61,fit
62,fit
63,fit
64,calibration
65,calibration
66,fit
67,fit
68,test
69,fit
70,fit
71,fit
72,fit
73,fit
74,fit
75,fit
76,calibration
77,fit
78,fit
79,fit
80,calibration
81,fit
82,fit
83,test
84,test
85,fit
86,test
87,fit
88,test
89,fit
90,fit
91,calibration
92,fit
93,fit
94,fit
95,calibration
96,calibration
97,calibration
98,fit
99,fit
100,calibration
101,test
102,fit
103,fit
104,fit
105,fit
106,test
107,fit
108,test
109,calibration
110,test
111,test
112,fit
113,test
114,fit
115,fit
116,test
117,calibration
118,fit
119,test
120,calibration
121,fit
122,fit
123,fit
124,test
125,fit
126,test
127,fit
128,test
129,calibration
130,calibration
131,calibration
132,calibration
133,fit
134,fit
135,calibration
136,fit
137,calibration
138,fit
139,fit
140,fit
141,calibration
142,fit
143,calibration
144,test
145,calibration
146,calibration
147,fit
148,test
149,calibration
150,fit
151,fit
152,fit
153,test
154,calibration
155,test
156,test
157,fit
158,fit
159,fit
160,test
161,fit
162,fit
163,test
164,test
165,fit
166,fit
167,fit
168,fit
169,calibration
170,test
171,calibration
172,fit
173,fit
174,test
175,test
176,fit
177,fit
178,fit
179,fit
180,fit
181,fit
182,test
183,calibration
184,fit
185,fit
186,fit
187,test
188,fit
189,fit
190,calibration
191,fit
192,fit
193,fit
194,test
195,fit
196,calibration
197,fit
198,fit
199,fit
200,test
201,test
202,test
203,fit
204,test
205,test
206,test
207,fit
208,test
209,fit
210,test
211,test
212,calibration
213,fit
214,fit
215,calibration
216,test
217,test
218,fit
219,fit
220,calibration
221,fit
222,calibration
223,fit
224,test
225,fit
226,fit
227,test
228,calibration
229,fit
230,test
231,test
232,calibration
233,fit
234,fit
235,calibration
236,fit
237,fit
238,calibration
239,calibration
240,test
241,calibration
242,fit
243,fit
244,calibration
245,fit
246,fit
247,calibration
248,fit
249,fit
250,calibration
251,fit
252,test
253,test
254,test
255,fit
256,test
257,fit
258,test
259,fit
260,fit
261,fit
262,calibration
263,test
264,calibration
265,fit
266,fit
267,fit
268,fit
269,calibration
270,test
271,test
272,fit
273,fit
274,test
275,fit
276,test
277,fit
278,fit
279,test
280,fit
281,fit
282,calibration
283,fit
284,fit
285,calibration
286,calibration
287,calibration
288,fit
289,test
290,fit
291,fit
292,calibration
293,calibration
294,fit
295,fit
296,fit
297,fit
298,fit
299,fit
300,fit
301,calibration
302,fit
303,fit
304,fit
305,fit
306,test
307,fit
308,fit
309,fit
310,fit
311,test
312,fit
313,fit
314,fit
315,fit
316,test
317,calibration
318,test
319,calibration
320,fit
321,calibration
322,fit
323,fit
324,test
325,fit
326,calibration
327,fit
328,test
329,calibration
330,fit
331,test
332,fit
333,test
334,test
335,fit
336,fit
337,fit
338,test
339,fit
340,test
341,fit
342,fit
343,test
344,calibration
345,fit
346,fit
347,fit
348,fit
349,test
350,calibration
351,fit
352,fit
353,fit
354,fit
355,fit
356,fit
357,fit
358,fit
359,fit
360,fit
361,test
362,test
363,test
364,fit
365,fit
366,fit
367,fit
368,fit
369,fit
370,test
371,fit
372,fit
373,fit
374,test
375,test
376,fit
377,fit
378,test
379,calibration
380,test
381,test
382,test
383,calibration
384,fit
385,fit
386,calibration
387,fit
388,fit
389,fit
390,calibration
391,test
392,test
393,fit
394,fit
395,fit
396,fit
397,calibration
398,test
399,calibration
400,fit
401,calibration
402,calibration
403,fit
404,fit
405,test
406,test
407,calibration
408,fit
409,fit
410,fit
411,test
412,fit
413,calibration
414,test
415,test
416,fit
417,calibration
418,calibration
419,fit
420,fit
421,test
422,calibration
423,fit
424,fit
425,fit
426,fit
427,fit
428,calibration
429,calibration
430,fit
431,test
432,fit
433,fit
434,test
435,fit
436,test
437,calibration
438,test
439,fit
440,calibration
441,fit
442,fit
443,fit
444,fit
445,calibration
446,fit
447,fit
448,fit
449,test
450,fit
451,fit
452,fit
453,fit
454,fit
455,fit
456,fit
457,fit
458,calibration
459,fit
460,test
461,test
462,calibration
463,fit
464,fit
465,calibration
466,fit
467,fit
468,fit
469,test
470,fit
471,test
472,calibration
473,fit
474,fit
475,fit
476,test
477,fit
478,test
479,fit
480,fit
481,calibration
482,fit
483,fit
484,test
485,calibration
486,fit
487,calibration
488,test
489,fit
490,fit
491,test
492,fit
493,fit
494,fit
495,fit
496,test
497,fit
498,fit
499,calibration
500,fit
501,fit
502,fit
503,calibration
504,fit
505,calibration
506,fit
507,fit
508,fit
509,test
510,fit
511,fit
512,test
513,calibration
514,fit
515,fit
516,test
517,fit
518,fit
519,fit
520,fit
521,test
522,fit
523,fit
524,fit
525,calibration
526,fit
527,fit
528,calibration
529,calibration
530,fit
531,test
532,fit
533,fit
534,test
535,calibration
536,calibration
537,fit
538,test
539,test
540,calibration
541,fit
542,fit
543,fit
544,fit
545,fit
546,fit
547,fit
548,fit
549,fit
550,fit
551,calibration
552,fit
553,fit
554,fit
555,calibration
556,fit
557,test
558,fit
559,test
560,test
561,test
562,fit
563,fit
564,fit
565,fit
566,test
567,fit
568,fit
569,fit
570,fit
571,fit
572,test
573,test
574,test
575,calibration
576,calibration
577,fit
578,fit
579,fit
580,test
581,calibration
582,fit
583,fit
584,fit
585,test
586,fit
587,fit
588,test
589,fit
590,fit
591,fit
592,calibration
593,test
594,fit
595,fit
596,calibration
597,test
598,test
599,fit
600,calibration
601,fit
602,calibration
603,calibration
604,calibration
605,calibration
606,fit
607,test
608,fit
609,fit
610,fit
611,test
612,fit
613,calibration
614,fit
615,fit
616,test
617,fit
618,fit
619,fit
620,fit
621,fit
622,fit
623,fit
624,fit
625,test
626,fit
627,fit
628,fit
629,fit
630,fit
631,fit
632,calibration
633,test
634,fit
635,fit
636,fit
637,fit
638,test
639,fit
640,test
641,calibration
642,fit
643,test
644,fit
645,test
646,fit
647,fit
648,calibration
649,fit
650,fit
651,fit
652,fit
653,calibration
654,test
655,fit
656,fit
657,calibration
658,test
659,test
660,fit
661,fit
662,calibration
663,fit
664,fit
665,calibration
666,fit
667,calibration
668,fit
669,calibration
670,calibration
671,fit
672,test
673,fit
674,fit
675,test
676,fit
677,calibration
678,fit
679,test
680,fit
681,fit
682,fit
683,fit
684,fit
685,fit
686,fit
687,fit
688,calibration
689,fit
690,fit
691,fit
692,fit
693,fit
694,test
695,test
696,fit
697,fit
698,fit
699,calibration
700,test
701,fit
702,fit
703,calibration
704,test
705,fit
706,calibration
707,fit
708,fit
709,fit
710,calibration
711,calibration
712,fit
713,calibration
714,fit
715,fit
716,fit
717,fit
718,fit
719,fit
720,fit
721,fit
722,test
723,fit
724,fit
725,fit
726,fit
727,fit
728,fit
729,fit
730,fit
731,fit
732,fit
733,calibration
734,calibration
735,fit
736,calibration
737,test
738,fit
739,fit
740,calibration
741,fit
742,fit
743,fit
744,fit
745,calibration
746,test
747,fit
748,fit
749,fit
750,fit
751,calibration
752,test
753,fit
754,fit
755,fit
756,test
757,test
758,fit
759,fit
760,calibration
761,fit
762,test
763,calibration
764,fit
765,fit
766,test
767,fit
768,fit
769,fit
770,fit
771,fit
772,fit
773,fit
774,fit
775,fit
776,fit
777,fit
778,fit
779,test
780,calibration
781,fit
782,fit
783,test
784,fit
785,calibration
786,fit
787,fit
788,calibration
789,fit
790,fit
791,fit
792,test
793,fit
794,calibration
795,fit
796,fit
797,test
798,fit
799,fit
800,test
801,fit
802,fit
803,fit
804,test
805,fit
806,fit
807,fit
808,test
809,calibration
810,fit
811,fit
812,test
813,fit
814,fit
815,calibration
816,fit
817,fit
818,fit
819,fit
820,test
821,fit
822,test
823,test
824,fit
825,calibration
826,fit
827,fit
828,fit
829,fit
830,fit
831,calibration
832,test
833,fit
834,fit
835,fit
836,calibration
837,fit
838,calibration
839,fit
840,fit
841,fit
842,fit
843,calibration
844,test
845,fit
846,fit
847,test
848,test
849,fit
850,fit
851,test
852,fit
853,fit
854,calibration
855,fit
856,fit
857,fit
858,fit
859,calibration
860,calibration
861,fit
862,fit
863,fit
864,fit
865,fit
866,calibration
867,test
868,fit
869,fit
870,fit
871,fit
872,fit
873,test
874,fit
875,fit
876,test
877,fit
878,fit
879,fit
880,fit
881,calibration
882,calibration
883,calibration
884,fit
885,fit
886,fit
887,fit
888,test
889,fit
890,test
891,fit
892,calibration
893,calibration
894,calibration
895,fit
896,fit
897,fit
898,calibration
899,fit
900,fit
901,fit
902,fit
903,fit
904,fit
905,fit
906,fit
907,fit
908,fit
909,test
910,fit
911,fit
912,calibration
913,calibration
914,fit
915,fit
916,fit
917,test
918,test
919,test
920,test
921,calibration
922,fit
923,fit
924,test
925,fit
926,fit
927,calibration
928,fit
929,calibration
930,fit
931,test
932,fit
933,fit
934,fit
935,fit
936,fit
937,fit
938,fit
939,calibration
940,fit
941,fit
942,fit
943,fit
944,test
945,test
946,test
947,fit
948,fit
949,fit
950,calibration
951,test
952,fit
953,fit
954,fit
955,fit
956,fit
957,fit
958,fit
959,test
960,fit
961,fit
962,fit
963,test
964,fit
965,fit
966,fit
967,fit
968,fit
969,calibration
970,fit
971,test
972,calibration
973,calibration
974,fit
975,fit
976,fit
977,test
978,fit
979,calibration
980,fit
981,fit
982,fit
983,fit
984,fit
985,fit
986,fit
987,fit
988,fit
989,fit
990,calibration
991,fit
992,fit
993,test
994,fit
995,fit
996,test
997,fit
998,fit
999,fit
1000,calibration
1001,fit
1002,calibration
1003,test
1004,fit
1005,fit
1006,fit
1007,test
1008,fit
1009,fit
1010,fit
1011,fit
1012,calibration
1013,fit
1014,fit
1015,calibration
1016,fit
1017,test
1018,fit
1019,calibration
1020,fit
1021,fit
1022,fit
1023,fit
1024,calibration
1025,fit
1026,fit
1027,calibration
1028,fit
1029,fit
1030,calibration
1031,test
1032,calibration
1033,fit
1034,fit
1035,fit
1036,fit
1037,fit
1038,fit
1039,fit
1040,fit
1041,fit
1042,fit
1043,test
1044,test
1045,test
1046,fit
1047,fit
1048,fit
1049,calibration
1050,test
1051,fit
1052,fit
1053,calibration
1054,fit
1055,test
1056,calibration
1057,fit
1058,test
1059,fit
1060,fit
1061,fit
1062,fit
1063,fit
1064,test
1065,fit
1066,fit
1067,test
1068,fit
1069,test
1070,fit
1071,fit
1072,fit
1073,fit
1074,fit
1075,test
1076,calibration
1077,test
1078,fit
1079,fit
1080,test
1081,test
1082,test
1083,fit
1084,fit
1085,fit
1086,calibration
1087,fit
1088,test
1089,fit
1090,fit
1091,test
1092,fit
1093,calibration
1094,calibration
1095,fit
1096,calibration
1097,fit
1098,test
1099,fit
1100,fit
1101,fit
1102,fit
1103,calibration
1104,fit
1105,calibration
1106,calibration
1107,calibration
1108,fit
1109,fit
1110,calibration
1111,fit
1112,calibration
1113,fit
1114,fit
1115,fit
1116,calibration
1117,fit
1118,test
1119,calibration
1120,calibration
1121,test
1122,fit
1123,calibration
1124,fit
1125,fit
1126,fit
1127,fit
1128,fit
1129,test
1130,fit
1131,test
1132,fit
1133,fit
1134,fit
1135,calibration
1136,fit
1137,calibration
1138,fit
1139,fit
1140,fit
1141,fit
1142,test
1143,test
1144,calibration
1145,calibration
1146,fit
1147,fit
1148,fit
1149,fit
1150,test
1151,calibration
1152,calibration
1153,calibration
1154,fit
1155,test
1156,test
1157,fit
1158,calibration
1159,fit
1160,calibration
1161,calibration
1162,calibration
1163,fit
1164,calibration
1165,fit
1166,test
1167,fit
1168,fit
1169,calibration
1170,fit
1171,fit
1172,calibration
1173,calibration
1174,test
1175,fit
1176,fit
1177,fit
1178,fit
1179,fit
1180,fit
1181,fit
1182,calibration
1183,fit
1184,test
1185,calibration
1186,test
1187,calibration
1188,fit
1189,fit
1190,fit
1191,fit
1192,fit
1193,fit
1194,fit
1195,fit
1196,calibration
1197,fit
1198,calibration
1199,test
1200,fit
1201,fit
1202,fit
1203,test
1204,calibration
1205,fit
1206,fit
1207,test
1208,fit
1209,calibration
1210,fit
1211,test
1212,calibration
1213,fit
1214,calibration
1215,fit
1216,calibration
1217,fit
1218,test
1219,fit
1220,fit
1221,fit
1222,fit
1223,fit
1224,test
1225,calibration
1226,fit
1227,calibration
1228,fit
1229,test
1230,fit
1231,test
1232,calibration
1233,fit
1234,test
1235,fit
1236,fit
1237,calibration
1238,fit
1239,test
1240,fit
1241,fit
1242,test
1243,fit
1244,fit
1245,fit
1246,test
1247,test
1248,fit
1249,fit
1250,fit
1251,fit
1252,calibration
1253,calibration
1254,fit
1255,fit
1256,fit
1257,fit
1258,fit
1259,fit
1260,fit
1261,fit
1262,fit
1263,test
1264,test
1265,fit
1266,fit
1267,fit
1268,fit
1269,fit
1270,calibration
1271,fit
1272,fit
1273,fit
1274,fit
1275,fit
1276,fit
1277,test
1278,fit
1279,test
1280,calibration
1281,fit
1282,fit
1283,test
1284,fit
1285,fit
1286,fit
1287,fit
1288,fit
1289,calibration
1290,fit
1291,test
1292,fit
1293,fit
1294,test
1295,fit
1296,test
1297,fit
1298,test
1299,calibration
1300,calibration
1301,fit
1302,fit
1303,test
1304,calibration
1305,fit
1306,fit
1307,test
1308,calibration
1309,fit
1310,calibration
1311,fit
1312,fit
1313,fit
1314,fit
1315,calibration
1316,fit
1317,fit
1318,test
1319,fit
1320,fit
1321,fit
1322,fit
1323,fit
1324,fit
1325,test
1326,fit
1327,fit
1328,fit
1329,fit
1330,calibration
1331,fit
1332,test
1333,test
1334,calibration
1335,fit
1336,test
1337,calibration
1338,test
1339,test
1340,fit
1341,test
1342,fit
1343,fit
1344,test
1345,fit
1346,fit
1347,calibration
1348,fit
1349,fit
1350,test
1351,test
1352,fit
1353,calibration
1354,fit
1355,fit
1356,test
1357,test
1358,calibration
1359,fit
1360,calibration
1361,test
1362,fit
1363,calibration
1364,test
1365,fit
1366,test
1367,calibration
1368,calibration
1369,fit
1370,test
1371,fit
1372,fit
1373,fit
1374,fit
1375,test
1376,fit
1377,test
1378,test
1379,calibration
1380,fit
1381,fit
1382,fit
1383,calibration
1384,fit
1385,fit
1386,fit
1387,test
1388,fit
1389,calibration
1390,fit
1391,fit
1392,calibration
1393,calibration
1394,fit
1395,calibration
1396,fit
1397,test
1398,fit
1399,fit
1400,fit
1401,fit
1402,fit
1403,fit
1404,test
1405,test
1406,calibration
1407,fit
1408,calibration
1409,fit
1410,calibration
1411,calibration
1412,fit
1413,calibration
1414,fit
1415,test
1416,fit
1417,fit
1418,calibration
1419,test
1420,fit
1421,fit
1422,fit
1423,calibration
1424,test
1425,fit
1426,fit
1427,calibration
1428,fit
1429,fit
1430,fit
1431,test
1432,test
1433,fit
1434,calibration
1435,fit
1436,test
1437,fit
1438,test
1439,test
1440,fit
1441,fit
1442,test
1443,calibration
1444,fit
1445,fit
1446,fit
1447,fit
1448,fit
1449,calibration
1450,test
1451,test
1452,fit
1453,fit
1454,fit
1455,test
1456,calibration
1457,fit
1458,fit
1459,fit
1460,calibration
1461,fit
1462,test
1463,calibration
1464,test
1465,fit
1466,calibration
1467,calibration
1468,test
1469,fit
1470,calibration
1471,fit
1472,fit
1473,fit
1474,fit
1475,fit
1476,test
1477,fit
1478,fit
1479,calibration
1480,fit
1481,fit
1482,test
1483,calibration
1484,test
1485,fit
1486,fit
1487,fit
1488,calibration
1489,calibration
1490,fit
1491,fit
1492,test
1493,calibration
1494,fit
1495,test
1496,fit
1497,fit
1498,calibration
1499,test
1500,fit
1501,test
1502,fit
1503,calibration
1504,fit
1505,test
1506,calibration
1507,fit
1508,fit
1509,fit
1510,fit
1511,test
1512,fit
1513,fit
1514,calibration
1515,calibration
1516,fit
1517,fit
1518,fit
1519,fit
1520,fit
1521,fit
1522,fit
1523,fit
1524,fit
1525,calibration
1526,fit
1527,fit
1528,fit
1529,test
1530,test
1531,calibration
1532,calibration
1533,fit
1534,fit
1535,fit
1536,fit
1537,test
1538,test
1539,calibration
1540,fit
1541,fit
1542,fit
1543,fit
1544,fit
1545,fit
1546,fit
1547,test
1548,fit
1549,calibration
1550,fit
1551,fit
1552,test
1553,calibration
1554,fit
1555,fit
1556,test
1557,fit
1558,test
1559,calibration
1560,fit
1561,fit
1562,fit
1563,fit
1564,fit
1565,fit
1566,fit
1567,fit
1568,fit
1569,calibration
1570,fit
1571,calibration
1572,fit
1573,test
1574,calibration
1575,fit
1576,fit
1577,calibration
1578,fit
1579,calibration
1580,fit
1581,fit
1582,fit
1583,fit
1584,fit
1585,fit
1586,fit
1587,fit
1588,test
1589,test
1590,fit
1591,calibration
1592,calibration
1593,fit
1594,fit
1595,fit
1596,fit
1597,fit
1598,fit
1599,fit
1600,fit
1601,test
1602,fit
1603,fit
1604,calibration
1605,fit
1606,test
1607,fit
1608,fit
1609,test
1610,calibration
1611,fit
1612,calibration
1613,calibration
1614,fit
1615,test
1616,calibration
1617,fit
1618,fit
1619,fit
1620,fit
1621,calibration
1622,fit
1623,fit
1624,fit
1625,calibration
1626,fit
1627,fit
1628,fit
1629,test
1630,fit
1631,fit
1632,fit
1633,fit
1634,test
1635,test
1636,calibration
1637,calibration
1638,test
1639,fit
1640,fit
1641,fit
1642,test
1643,test
1644,fit
1645,fit
1646,test
1647,test
1648,fit
1649,calibration
1650,fit
1651,fit
1652,fit
1653,test
1654,fit
1655,fit
1656,fit
1657,test
1658,fit
1659,fit
1660,fit
1661,fit
1662,test
1663,fit
1664,fit
1665,fit
1666,fit
1667,test
1668,fit
1669,fit
1670,fit
1671,fit
1672,calibration
1673,calibration
1674,fit
1675,test
1676,calibration
1677,fit
1678,calibration
1679,fit
1680,test
1681,fit
1682,fit
1683,fit
1684,test
1685,calibration
1686,test
1687,fit
1688,fit
1689,test
1690,fit
1691,fit
1692,fit
1693,fit
1694,test
1695,fit
1696,calibration
1697,test
1698,fit
1699,fit
1700,fit
1701,fit
1702,test
1703,calibration
1704,test
1705,fit
1706,fit
1707,test
1708,fit
1709,fit
1710,fit
1711,calibration
1712,calibration
1713,calibration
1714,calibration
1715,test
1716,fit
1717,calibration
1718,fit
1719,calibration
1720,fit
1721,calibration
1722,fit
1723,calibration
1724,fit
1725,calibration
1726,fit
1727,fit
1728,test
1729,calibration
1730,calibration
1731,test
1732,test
1733,test
1734,calibration
1735,fit
1736,fit
1737,calibration
1738,fit
1739,fit
1740,fit
1741,fit
1742,fit
1743,fit
1744,fit
1745,fit
1746,fit
1747,fit
1748,calibration
1749,fit
1750,fit
1751,fit
1752,fit
1753,test
1754,fit
1755,fit
1756,fit
1757,calibration
1758,test
1759,test
1760,fit
1761,test
1762,calibration
1763,fit
1764,test
1765,test
1766,test
1767,fit
1768,fit
1769,test
1770,fit
1771,fit
1772,fit
1773,test
1774,fit
1775,calibration
1776,fit
1777,calibration
1778,calibration
1779,calibration
1780,test
1781,test
1782,calibration
1783,test
1784,calibration
1785,fit
1786,fit
1787,test
1788,test
1789,fit
1790,calibration
1791,test
1792,fit
1793,fit
1794,fit
1795,calibration
1796,fit
1797,test
1798,calibration
1799,test
1800,fit
1801,fit
1802,fit
1803,fit
1804,calibration
1805,test
1806,calibration
1807,fit
1808,calibration
1809,fit
1810,fit
1811,fit
1812,test
1813,fit
1814,fit
1815,fit
1816,fit
1817,fit
1818,calibration
1819,fit
1820,calibration
1821,calibration
1822,calibration
1823,calibration
1824,test
1825,fit
1826,fit
1827,fit
1828,calibration
1829,fit
1830,fit
1831,calibration
1832,fit
1833,fit
1834,calibration
1835,fit
1836,calibration
1837,fit
1838,fit
1839,calibration
1840,fit
1841,fit
1842,fit
1843,fit
1844,test
1845,fit
1846,fit
1847,fit
1848,fit
1849,test
1850,fit
1851,test
1852,fit
1853,fit
1854,test
1855,fit
1856,fit
1857,calibration
1858,fit
1859,fit
1860,fit
1861,fit
1862,fit
1863,fit
1864,fit
1865,calibration
1866,fit
1867,fit
1868,calibration
1869,fit
1870,fit
1871,fit
1872,fit
1873,calibration
1874,fit
1875,fit
1876,fit
1877,fit
1878,fit
1879,fit
1880,fit
1881,calibration
1882,test
1883,calibration
1884,calibration
1885,test
1886,fit
1887,fit
1888,calibration
1889,fit
1890,test
1891,fit
1892,fit
1893,fit
1894,test
1895,fit
1896,fit
1897,fit
1898,fit
1899,fit
1900,fit
1901,fit
1902,fit
1903,test
1904,fit
1905,calibration
1906,fit
1907,fit
1908,test
1909,fit
1910,calibration
1911,fit
1912,calibration
1913,test
1914,calibration
1915,fit
1916,fit
1917,test
1918,fit
1919,fit
1920,test
1921,fit
1922,fit
1923,fit
1924,fit
1925,fit
1926,fit
1927,fit
1928,fit
1929,fit
1930,fit
1931,test
1932,calibration
1933,test
1934,calibration
1935,fit
1936,calibration
1937,fit
1938,test
1939,calibration
1940,fit
1941,fit
1942,test
1943,fit
1944,fit
1945,fit
1946,calibration
1947,fit
1948,fit
1949,test
1950,test
1951,fit
1952,fit
1953,test
1954,fit
1955,fit
1956,calibration
1957,fit
1958,fit
1959,calibration
1960,fit
1961,fit
1962,fit
1963,calibration
1964,fit
1965,fit
1966,fit
1967,fit
1968,fit
1969,test
1970,test
1971,test
1972,fit
1973,calibration
1974,fit
1975,fit
1976,fit
1977,fit
1978,fit
1979,fit
1980,calibration
1981,fit
1982,calibration
1983,test
1984,test
1985,fit
1986,calibration
1987,fit
1988,fit
1989,fit
1990,fit
1991,test
1992,calibration
1993,fit
1994,calibration
1995,fit
1996,calibration
1997,fit
1998,fit
1999,test
2000,calibration
2001,fit
2002,test
2003,fit
2004,calibration
2005,fit
2006,test
2007,fit
2008,calibration
2009,fit
2010,test
2011,fit
2012,test
2013,fit
2014,fit
2015,fit
2016,calibration
2017,fit
2018,test
2019,fit
2020,fit
2021,fit
2022,fit
2023,calibration
2024,fit
2025,calibration
2026,fit
2027,fit
2028,fit
2029,calibration
2030,fit
2031,fit
2032,fit
2033,fit
2034,test
2035,fit
2036,test
2037,fit
2038,fit
2039,test
2040,test
2041,fit
2042,fit
2043,calibration
2044,fit
2045,calibration
2046,calibration
2047,fit
2048,test
2049,fit
2050,test
2051,calibration
2052,fit
2053,test
2054,test
2055,fit
2056,calibration
2057,fit
2058,calibration
2059,fit
2060,fit
2061,fit
2062,fit
2063,fit
2064,fit
2065,calibration
2066,fit
2067,test
2068,test
2069,calibration
2070,fit
2071,test
2072,test
2073,test
2074,test
2075,test
2076,fit
2077,calibration
2078,fit
2079,calibration
2080,test
2081,fit
2082,fit
2083,calibration
2084,test
2085,test
2086,fit
2087,fit
2088,fit
2089,fit
2090,test
2091,fit
2092,calibration
2093,test
2094,fit
2095,fit
2096,fit
2097,calibration
2098,test
2099,fit
2100,test
2101,calibration
2102,fit
2103,fit
2104,calibration
2105,fit
2106,calibration
2107,fit
2108,fit
2109,test
2110,fit
2111,fit
2112,fit
2113,fit
2114,test
2115,fit
2116,fit
2117,fit
2118,fit
2119,test
2120,calibration
2121,fit
2122,fit
2123,test
2124,fit
2125,fit
2126,calibration
2127,test
2128,fit
2129,fit
2130,fit
2131,fit
2132,calibration
2133,fit
2134,calibration
2135,test
2136,calibration
2137,fit
2138,fit
2139,calibration
2140,calibration
2141,fit
2142,fit
2143,calibration
2144,calibration
2145,fit
2146,fit
2147,fit
2148,fit
2149,fit
2150,calibration
2151,fit
2152,fit
2153,fit
2154,test
2155,test
2156,fit
2157,calibration
2158,fit
2159,fit
2160,fit
2161,test
2162,fit
2163,fit
2164,calibration
2165,fit
2166,fit
2167,fit
2168,calibration
2169,calibration
2170,calibration
2171,calibration
2172,calibration
2173,calibration
2174,fit
2175,test
2176,calibration
2177,fit
2178,fit
2179,fit
2180,calibration
2181,test
2182,fit
2183,calibration
2184,fit
2185,fit
2186,calibration
2187,fit
2188,calibration
2189,calibration
2190,fit
2191,calibration
2192,fit
2193,test
2194,test
2195,test
2196,test
2197,fit
2198,fit
2199,fit
2200,fit
2201,calibration
2202,fit
2203,calibration
2204,fit
2205,fit
2206,fit
2207,fit
2208,test
2209,fit
2210,fit
2211,test
2212,fit
2213,test
2214,fit
2215,fit
2216,calibration
2217,test
2218,test
2219,fit
2220,calibration
2221,fit
2222,calibration
2223,fit
2224,calibration
2225,fit
2226,fit
2227,fit
2228,fit
2229,fit
2230,fit
2231,fit
2232,fit
2233,calibration
2234,fit
2235,test
2236,fit
2237,fit
2238,fit
2239,test
2240,calibration
2241,calibration
2242,fit
2243,fit
2244,calibration
2245,fit
2246,test
2247,fit
2248,test
2249,fit
2250,fit
2251,fit
2252,calibration
2253,fit
2254,fit
2255,test
2256,calibration
2257,test
2258,fit
2259,test
2260,test
2261,fit
2262,fit
2263,test
2264,fit
2265,calibration
2266,test
2267,fit
2268,fit
2269,fit
2270,test
2271,fit
2272,calibration
2273,calibration
2274,calibration
2275,fit
2276,fit
2277,fit
2278,fit
2279,test
2280,fit
2281,calibration
2282,calibration
2283,test
2284,fit
2285,fit
2286,fit
2287,fit
2288,calibration
2289,fit
2290,fit
2291,fit
2292,calibration
2293,fit
2294,fit
2295,test
2296,calibration
2297,fit
2298,calibration
2299,calibration
2300,calibration
2301,fit
2302,calibration
2303,test
2304,fit
2305,fit
2306,test
2307,test
2308,fit
2309,fit
2310,fit
2311,fit
2312,fit
2313,fit
2314,fit
2315,calibration
2316,fit
2317,fit
2318,fit
2319,fit
2320,calibration
2321,test
2322,calibration
2323,fit
2324,fit
2325,fit
2326,test
2327,fit
2328,fit
2329,fit
2330,calibration
2331,calibration
2332,calibration
2333,fit
2334,test
2335,calibration
2336,fit
2337,calibration
2338,test
2339,calibration
2340,calibration
2341,calibration
2342,calibration
2343,fit
2344,test
2345,fit
2346,test
2347,fit
2348,fit
2349,fit
2350,calibration
2351,fit
2352,fit
2353,calibration
2354,fit
2355,fit
2356,fit
2357,calibration
2358,fit
2359,calibration
2360,fit
2361,fit
2362,fit
2363,fit
2364,fit
2365,test
2366,test
2367,fit
2368,fit
2369,fit
2370,fit
2371,fit
2372,test
2373,test
2374,fit
2375,fit
2376,fit
2377,fit
2378,calibration
2379,test
2380,fit
2381,fit
2382,fit
2383,fit
2384,fit
2385,fit
2386,fit
2387,test
2388,fit
2389,calibration
2390,calibration
2391,test
2392,test
2393,fit
2394,calibration
2395,fit
2396,fit
2397,fit
2398,fit
2399,fit
2400,fit
2401,fit
2402,test
2403,fit
2404,fit
2405,fit
2406,calibration
2407,fit
2408,fit
2409,fit
2410,fit
2411,fit
2412,calibration
2413,fit
2414,fit
2415,calibration
2416,fit
2417,fit
2418,test
2419,test
2420,fit
2421,calibration
2422,test
2423,test
2424,fit
2425,fit
2426,test
2427,fit
2428,test
2429,fit
2430,fit
2431,calibration
2432,fit
2433,fit
2434,fit
2435,calibration
2436,fit
2437,fit
2438,test
2439,fit
2440,test
2441,fit
2442,fit
2443,test
2444,test
2445,fit
2446,test
2447,fit
2448,test
2449,calibration
2450,fit
2451,test
2452,fit
2453,fit
2454,test
2455,fit
2456,fit
2457,fit
2458,calibration
2459,fit
2460,fit
2461,fit
2462,fit
2463,fit
2464,fit
2465,fit
2466,fit
2467,calibration
2468,fit
2469,calibration
2470,fit
2471,test
2472,fit
2473,fit
2474,calibration
2475,calibration
2476,test
2477,fit
2478,fit
2479,fit
2480,test
2481,fit
2482,test
2483,fit
2484,fit
2485,test
2486,fit
2487,fit
2488,fit
2489,fit
2490,fit
2491,fit
2492,test
2493,fit
2494,test
2495,calibration
2496,fit
2497,fit
2498,calibration
2499,fit
2500,fit
2501,fit
2502,fit
2503,test
2504,test
2505,fit
2506,test
2507,fit
2508,calibration
2509,calibration
2510,fit
2511,fit
2512,test
2513,test
2514,calibration
2515,test
2516,calibration
2517,fit
2518,calibration
2519,fit
2520,calibration
2521,fit
2522,fit
2523,fit
2524,fit
2525,test
2526,fit
2527,test
2528,fit
2529,fit
2530,fit
2531,test
2532,fit
2533,calibration
2534,fit
2535,fit
2536,fit
2537,calibration
2538,test
2539,fit
2540,fit
2541,fit
2542,fit
2543,test
2544,fit
2545,fit
2546,fit
2547,fit
2548,test
2549,test
2550,test
2551,fit
2552,calibration
2553,fit
2554,test
2555,fit
2556,calibration
2557,calibration
2558,fit
2559,calibration
2560,test
2561,test
2562,fit
2563,test
2564,fit
2565,fit
2566,calibration
2567,fit
2568,test
2569,calibration
2570,calibration
2571,test
2572,calibration
2573,test
2574,fit
2575,fit
2576,calibration
2577,fit
2578,fit
2579,test
2580,test
2581,fit
2582,fit
2583,fit
2584,fit
2585,test
2586,calibration
2587,fit
2588,fit
2589,fit
2590,fit
2591,fit
2592,calibration
2593,calibration
2594,test
2595,test
2596,fit
2597,test
2598,test
2599,calibration
2600,calibration
2601,test
2602,test
2603,test
2604,calibration
2605,fit
2606,fit
2607,test
2608,fit
2609,fit
2610,fit
2611,fit
2612,fit
2613,test
2614,calibration
2615,fit
2616,fit
2617,fit
2618,fit
2619,test
2620,fit
2621,calibration
2622,fit
2623,fit
2624,test
2625,fit
2626,fit
2627,fit
2628,test
2629,calibration
2630,fit
2631,fit
2632,fit
2633,test
2634,fit
2635,fit
2636,fit
2637,fit
2638,calibration
2639,fit
2640,fit
2641,test
2642,fit
2643,fit
2644,fit
2645,calibration
2646,fit
2647,fit
2648,fit
2649,test
2650,test
2651,test
2652,test
2653,fit
2654,test
2655,fit
2656,calibration
2657,calibration
2658,fit
2659,test
2660,calibration
2661,fit
2662,fit
2663,calibration
2664,fit
2665,fit
2666,calibration
2667,fit
2668,test
2669,test
2670,fit
2671,fit
2672,fit
2673,fit
2674,fit
2675,fit
2676,fit
2677,test
2678,fit
2679,test
2680,fit
2681,fit
2682,fit
2683,fit
2684,fit
2685,calibration
2686,fit
2687,test
2688,calibration
2689,fit
2690,test
2691,fit
2692,test
2693,fit
2694,fit
2695,calibration
2696,fit
2697,test
2698,test
2699,fit
2700,fit
2701,test
2702,fit
2703,calibration
2704,calibration
2705,test
2706,fit
2707,test
2708,fit
2709,test
2710,fit
2711,fit
2712,test
2713,calibration
2714,fit
2715,calibration
2716,test
2717,calibration
2718,test
2719,fit
2720,fit
2721,fit
2722,fit
2723,fit
2724,fit
2725,fit
2726,fit
2727,fit
2728,fit
2729,calibration
2730,calibration
2731,test
2732,fit
2733,fit
2734,fit
2735,fit
2736,calibration
2737,test
2738,test
2739,fit
2740,calibration
2741,fit
2742,fit
2743,fit
2744,fit
2745,calibration
2746,fit
2747,calibration
2748,fit
2749,fit
2750,fit
2751,fit
2752,fit
2753,test
2754,calibration
2755,fit
2756,test
2757,fit
2758,fit
2759,fit
2760,fit
2761,fit
2762,calibration
2763,calibration
2764,fit
2765,fit
2766,calibration
2767,calibration
2768,fit
2769,fit
2770,fit
2771,fit
2772,fit
2773,test
2774,test
2775,fit
2776,fit
2777,fit
2778,fit
2779,fit
2780,test
2781,fit
2782,fit
2783,fit
2784,fit
2785,fit
2786,fit
2787,calibration
2788,fit
2789,fit
2790,fit
2791,fit
2792,fit
2793,test
2794,fit
2795,fit
2796,calibration
2797,test
2798,test
2799,calibration
2800,test
2801,test
2802,calibration
2803,fit
2804,calibration
2805,fit
2806,test
2807,fit
2808,calibration
2809,fit
2810,test
2811,fit
2812,fit
2813,fit
2814,fit
2815,calibration
2816,fit
2817,test
2818,fit
2819,fit
2820,calibration
2821,fit
2822,fit
2823,fit
2824,calibration
2825,calibration
2826,calibration
2827,fit
2828,fit
2829,fit
2830,fit
2831,fit
2832,fit
2833,fit
2834,test
2835,test
2836,fit
2837,fit
2838,test
2839,fit
2840,fit
2841,test
2842,calibration
2843,fit
2844,test
2845,fit
2846,calibration
2847,fit
2848,fit
2849,fit
2850,calibration
2851,fit
2852,fit
2853,fit
2854,test
2855,fit
2856,fit
2857,fit
2858,fit
2859,fit
2860,fit
2861,test
2862,test
2863,fit
2864,test
2865,calibration
2866,fit
2867,fit
2868,fit
2869,calibration
2870,test
2871,fit
2872,fit
2873,fit
2874,fit
2875,fit
2876,fit
2877,test
2878,fit
2879,calibration
2880,test
2881,calibration
2882,calibration
2883,test
2884,fit
2885,fit
2886,fit
2887,calibration
2888,calibration
2889,fit
2890,test
2891,test
2892,fit
2893,fit
2894,test
2895,fit
2896,fit
2897,fit
2898,calibration
2899,test
2900,fit
2901,fit
2902,calibration
2903,fit
2904,fit
2905,fit
2906,fit
2907,calibration
2908,fit
2909,fit
2910,fit
2911,calibration
2912,test
2913,calibration
2914,fit
2915,calibration
2916,fit
2917,test
2918,fit
2919,test
2920,fit
2921,test
2922,calibration
2923,test
2924,fit
2925,fit
2926,calibration
2927,fit
2928,fit
2929,calibration
2930,fit
2931,fit
2932,fit
2933,fit
2934,fit
2935,fit
2936,calibration
2937,fit
2938,test
2939,fit
2940,fit
2941,fit
2942,fit
2943,test
2944,fit
2945,fit
2946,fit
2947,fit
2948,calibration
2949,fit
2950,fit
2951,fit
2952,test
2953,fit
2954,test
2955,fit
2956,test
2957,test
2958,fit
2959,fit
2960,fit
2961,fit
2962,calibration
2963,fit
2964,test
2965,test
2966,fit
2967,fit
2968,fit
2969,calibration
2970,fit
2971,fit
2972,fit
2973,fit
2974,test
2975,fit
2976,calibration
2977,fit
2978,fit
2979,fit
2980,test
2981,fit
2982,calibration
2983,fit
2984,fit
2985,fit
2986,test
2987,fit
2988,fit
2989,fit
2990,calibration
2991,test
2992,fit
2993,fit
2994,fit
2995,fit
2996,fit
2997,fit
2998,test
2999,fit
3000,fit
3001,fit
3002,fit
3003,fit
3004,fit
3005,fit
3006,fit
3007,fit
3008,test
3009,fit
3010,calibration
3011,test
3012,fit
3013,calibration
3014,fit
3015,calibration
3016,fit
3017,fit
3018,calibration
3019,fit
3020,fit
3021,fit
3022,fit
3023,fit
3024,fit
3025,fit
3026,fit
3027,test
3028,calibration
3029,fit
3030,fit
3031,fit
3032,fit
3033,test
3034,fit
3035,calibration
3036,fit
3037,fit
3038,fit
3039,calibration
3040,fit
3041,test
3042,test
3043,fit
3044,fit
3045,calibration
3046,test
3047,calibration
3048,fit
3049,calibration
3050,fit
3051,fit
3052,calibration
3053,calibration
3054,fit
3055,fit
3056,fit
3057,calibration
3058,test
3059,calibration
3060,fit
3061,fit
3062,test
3063,calibration
3064,calibration
3065,fit
3066,calibration
3067,fit
3068,fit
3069,fit
3070,fit
3071,fit
3072,fit
3073,fit
3074,fit
3075,test
3076,fit
3077,fit
3078,fit
3079,fit
3080,fit
3081,test
3082,calibration
3083,test
3084,test
3085,fit
3086,fit
3087,test
3088,fit
3089,fit
3090,fit
3091,fit
3092,fit
3093,fit
3094,calibration
3095,calibration
3096,test
3097,fit
3098,fit
3099,test
3100,fit
3101,fit
3102,fit
3103,test
3104,fit
3105,test
3106,test
3107,fit
3108,calibration
3109,test
3110,calibration
3111,test
3112,calibration
3113,fit
3114,fit
3115,fit
3116,test
3117,test
3118,calibration
3119,fit
3120,fit
3121,fit
3122,test
3123,test
3124,fit
3125,fit
3126,fit
3127,test
3128,calibration
3129,fit
3130,fit
3131,fit
3132,test
3133,test
3134,calibration
3135,fit
3136,fit
3137,test
3138,calibration
3139,fit
3140,fit
3141,fit
3142,fit
3143,calibration
3144,test
3145,fit
3146,test
3147,fit
3148,fit
3149,fit
3150,fit
3151,fit
3152,test
3153,fit
3154,fit
3155,fit
3156,test
3157,test
3158,test
3159,test
3160,calibration
3161,test
3162,fit
3163,fit
3164,fit
3165,test
3166,calibration
3167,calibration
3168,fit
3169,fit
3170,calibration
3171,calibration
3172,fit
3173,test
3174,fit
3175,fit
3176,fit
3177,test
3178,fit
3179,fit
3180,calibration
3181,calibration
3182,calibration
3183,fit
3184,test
3185,test
3186,calibration
3187,fit
3188,fit
3189,fit
3190,test
3191,fit
3192,test
3193,fit
3194,test
3195,fit
3196,fit
3197,fit
3198,test
3199,test
3200,fit
3201,fit
3202,calibration
3203,fit
3204,calibration
3205,test
3206,fit
3207,test
3208,fit
3209,calibration
3210,calibration
3211,fit
3212,fit
3213,fit
3214,test
3215,calibration
3216,fit
3217,test
3218,test
3219,fit
3220,test
3221,fit
3222,test
3223,fit
3224,fit
3225,calibration
3226,calibration
3227,fit
3228,fit
3229,fit
3230,calibration
3231,fit
3232,fit
3233,calibration
3234,test
3235,fit
3236,calibration
3237,test
3238,calibration
3239,fit
3240,fit
3241,fit
3242,test
3243,fit
3244,fit
3245,fit
3246,fit
3247,fit
3248,test
3249,fit
3250,test
3251,test
3252,test
3253,fit
3254,test
3255,fit
3256,fit
3257,fit
3258,calibration
3259,calibration
3260,test
3261,fit
3262,fit
3263,fit
3264,fit
3265,fit
3266,test
3267,fit
3268,calibration
3269,fit
3270,calibration
3271,test
3272,fit
3273,test
3274,fit
3275,calibration
3276,fit
3277,fit
3278,fit
3279,fit
3280,fit
3281,calibration
3282,calibration
3283,fit
3284,test
3285,fit
3286,fit
3287,fit
3288,fit
3289,fit
3290,calibration
3291,fit
3292,test
3293,calibration
3294,fit
3295,fit
3296,fit
3297,test
3298,test
3299,calibration
3300,fit
3301,calibration
3302,calibration
3303,fit
3304,fit
3305,fit
3306,fit
3307,calibration
3308,fit
3309,test
3310,fit
3311,fit
3312,calibration
3313,calibration
3314,test
3315,test
3316,calibration
3317,fit
3318,fit
3319,fit
3320,fit
3321,fit
3322,fit
3323,fit
3324,fit
3325,fit
3326,fit
3327,test
3328,calibration
3329,fit
3330,fit
3331,test
3332,fit
3333,fit
3334,calibration
3335,fit
3336,fit
3337,calibration
3338,test
3339,calibration
3340,calibration
3341,calibration
3342,test
3343,fit
3344,fit
3345,fit
3346,test
3347,fit
3348,fit
3349,fit
3350,test
3351,test
3352,test
3353,calibration
3354,calibration
3355,fit
3356,calibration
3357,calibration
3358,calibration
3359,fit
3360,test
3361,test
3362,calibration
3363,fit
3364,fit
3365,test
3366,fit
3367,test
3368,fit
3369,calibration
3370,fit
3371,fit
3372,test
3373,fit
3374,calibration
3375,test
3376,fit
3377,test
3378,fit
3379,test
3380,calibration
3381,fit
3382,calibration
3383,calibration
3384,fit
3385,fit
3386,test
3387,fit
3388,test
3389,fit
3390,fit
3391,calibration
3392,fit
3393,calibration
3394,test
3395,test
3396,fit
3397,fit
3398,fit
3399,fit
3400,calibration
3401,calibration
3402,calibration
3403,fit
3404,fit
3405,fit
3406,fit
3407,test
3408,calibration
3409,calibration
3410,test
3411,fit
3412,test
3413,fit
3414,fit
3415,fit
3416,fit
3417,fit
3418,fit
3419,fit
3420,fit
3421,test
3422,fit
3423,fit
3424,test
3425,fit
3426,fit
3427,fit
3428,calibration
3429,fit
3430,fit
3431,test
3432,fit
3433,fit
3434,test
3435,fit
3436,fit
3437,fit
3438,calibration
3439,calibration
3440,calibration
3441,fit
3442,fit
3443,fit
3444,test
3445,fit
3446,fit
3447,test
3448,fit
3449,fit
3450,calibration
3451,calibration
3452,calibration
3453,fit
3454,fit
3455,fit
3456,fit
3457,fit
3458,fit
3459,calibration
3460,calibration
3461,test
3462,fit
3463,fit
3464,fit
3465,calibration
3466,calibration
3467,fit
3468,test
3469,fit
3470,test
3471,test
3472,fit
3473,fit
3474,test
3475,calibration
3476,calibration
3477,test
3478,fit
3479,fit
3480,fit
3481,calibration
3482,fit
3483,test
3484,test
3485,calibration
3486,fit
3487,fit
3488,fit
3489,calibration
3490,fit
3491,fit
3492,fit
3493,test
3494,fit
3495,calibration
3496,test
3497,test
3498,fit
3499,fit
3500,test
3501,fit
3502,fit
3503,fit
3504,fit
3505,test
3506,fit
3507,test
3508,test
3509,test
3510,calibration
3511,test
3512,calibration
3513,fit
3514,test
3515,test
3516,test
3517,fit
3518,test
3519,fit
3520,fit
3521,fit
3522,fit
3523,test
3524,test
3525,test
3526,fit
3527,fit
3528,fit
3529,test
3530,fit
3531,fit
3532,calibration
3533,test
3534,test
3535,fit
3536,fit
3537,test
3538,fit
3539,fit
3540,test
3541,fit
3542,fit
3543,test
3544,test
3545,calibration
3546,calibration
3547,test
3548,fit
3549,test
3550,calibration
3551,fit
3552,fit
3553,fit
3554,calibration
3555,test
3556,fit
3557,test
3558,fit
3559,calibration
3560,test
3561,calibration
3562,calibration
3563,test
3564,fit
3565,fit
3566,test
3567,fit
3568,test
3569,fit
3570,fit
3571,fit
3572,fit
3573,fit
3574,calibration
3575,calibration
3576,test
3577,calibration
3578,fit
3579,fit
3580,test
3581,calibration
3582,calibration
3583,fit
3584,test
3585,fit
3586,fit
3587,fit
3588,calibration
3589,fit
3590,calibration
3591,test
3592,test
3593,calibration
3594,fit
3595,fit
3596,fit
3597,fit
3598,calibration
3599,fit
3600,fit
3601,fit
3602,fit
3603,calibration
3604,fit
3605,fit
3606,test
3607,fit
3608,calibration
3609,fit
3610,fit
3611,fit
3612,fit
3613,fit
3614,fit
3615,fit
3616,fit
3617,fit
3618,calibration
3619,test
3620,fit
3621,test
3622,fit
3623,fit
3624,fit
3625,fit
3626,fit
3627,test
3628,fit
3629,fit
3630,test
3631,fit
3632,fit
3633,fit
3634,fit
3635,fit
3636,calibration
3637,fit
3638,fit
3639,fit
3640,fit
3641,fit
3642,calibration
3643,test
3644,fit
3645,calibration
3646,test
3647,fit
3648,fit
3649,fit
3650,calibration
3651,fit
3652,test
3653,test
3654,test
3655,calibration
3656,fit
3657,test
3658,fit
3659,calibration
3660,fit
3661,calibration
3662,fit
3663,fit
3664,fit
3665,calibration
3666,calibration
3667,fit
3668,fit
3669,test
3670,test
3671,fit
3672,calibration
3673,fit
3674,fit
3675,calibration
3676,fit
3677,fit
3678,fit
3679,fit
3680,fit
3681,calibration
3682,test
3683,calibration
3684,fit
3685,fit
3686,test
3687,test
3688,test
3689,test
3690,test
3691,fit
3692,fit
3693,calibration
3694,test
3695,calibration
3696,fit
3697,calibration
3698,test
3699,test
3700,test
3701,test
3702,fit
3703,calibration
3704,fit
3705,calibration
3706,fit
3707,fit
3708,fit
3709,fit
3710,test
3711,fit
3712,fit
3713,fit
3714,test
3715,fit
3716,calibration
3717,fit
3718,fit
3719,fit
3720,test
3721,calibration
3722,test
3723,fit
3724,calibration
3725,fit
3726,fit
3727,fit
3728,fit
3729,calibration
3730,calibration
3731,fit
3732,fit
3733,fit
3734,test
3735,fit
3736,test
3737,fit
3738,calibration
3739,fit
3740,fit
3741,test
3742,fit
3743,calibration
3744,test
3745,fit
3746,fit
3747,fit
3748,test
3749,calibration
3750,fit
3751,fit
3752,fit
3753,test
3754,calibration
3755,test
3756,calibration
3757,calibration
3758,fit
3759,fit
3760,test
3761,calibration
3762,test
3763,fit
3764,fit
3765,test
3766,test
3767,fit
3768,fit
3769,calibration
3770,calibration
3771,test
3772,calibration
3773,test
3774,fit
3775,fit
3776,calibration
3777,fit
3778,fit
3779,calibration
3780,fit
3781,fit
3782,calibration
3783,fit
3784,fit
3785,fit
3786,fit
3787,fit
3788,calibration
3789,test
3790,fit
3791,fit
3792,fit
3793,test
3794,test
3795,fit
3796,fit
3797,fit
3798,fit
3799,fit
3800,calibration
3801,fit
3802,fit
3803,fit
3804,fit
3805,test
3806,calibration
3807,calibration
3808,fit
3809,test
3810,calibration
3811,calibration
3812,fit
3813,fit
3814,fit
3815,calibration
3816,fit
3817,fit
3818,calibration
3819,calibration
3820,fit
3821,test
3822,test
3823,fit
3824,calibration
3825,fit
3826,fit
3827,calibration
3828,fit
3829,calibration
3830,fit
3831,test
3832,fit
3833,test
3834,fit
3835,fit
3836,fit
3837,fit
3838,fit
3839,fit
3840,test
3841,test
3842,test
3843,calibration
3844,fit
3845,calibration
3846,fit
3847,fit
3848,fit
3849,fit
3850,test
3851,calibration
3852,fit
3853,test
3854,test
3855,fit
3856,test
3857,test
3858,test
3859,fit
3860,calibration
3861,fit
3862,calibration
3863,calibration
3864,fit
3865,fit
3866,fit
3867,fit
3868,test
3869,fit
3870,fit
3871,fit
3872,calibration
3873,calibration
3874,fit
3875,calibration
3876,test
3877,fit
3878,test
3879,fit
3880,fit
3881,fit
3882,fit
3883,fit
3884,fit
3885,fit
3886,test
3887,calibration
3888,fit
3889,calibration
3890,fit
3891,test
3892,fit
3893,calibration
3894,test
3895,fit
3896,fit
3897,fit
3898,fit
3899,fit
3900,fit
3901,fit
3902,fit
3903,calibration
3904,fit
3905,fit
3906,fit
3907,fit
3908,calibration
3909,fit
3910,fit
3911,fit
3912,test
3913,fit
3914,test
3915,calibration
3916,test
3917,fit
3918,fit
3919,calibration
3920,fit
3921,fit
3922,test
3923,fit
3924,fit
3925,fit
3926,calibration
3927,test
3928,fit
3929,calibration
3930,test
3931,fit
3932,fit
3933,fit
3934,fit
3935,fit
3936,test
3937,fit
3938,fit
3939,fit
3940,calibration
3941,test
3942,fit
3943,fit
3944,test
3945,fit
3946,fit
3947,fit
3948,fit
3949,test
3950,fit
3951,fit
3952,fit
3953,fit
3954,test
3955,fit
3956,fit
3957,calibration
3958,fit
3959,fit
3960,calibration
3961,fit
3962,fit
3963,fit
3964,fit
3965,test
3966,test
3967,fit
3968,fit
3969,fit
3970,fit
3971,fit
3972,fit
3973,fit
3974,calibration
3975,fit
3976,calibration
3977,fit
3978,test
3979,fit
3980,fit
3981,fit
3982,test
3983,calibration
3984,fit
3985,fit
3986,calibration
3987,fit
3988,calibration
3989,test
3990,calibration
3991,calibration
3992,fit
3993,fit
3994,calibration
3995,calibration
3996,fit
3997,fit
3998,test
3999,fit
4000,fit
4001,fit
4002,test
4003,fit
4004,fit
4005,test
4006,fit
4007,test
4008,fit
4009,fit
4010,fit
4011,fit
4012,fit
4013,fit
4014,fit
4015,fit
4016,fit
4017,fit
4018,fit
4019,fit
4020,calibration
4021,fit
4022,fit
4023,fit
4024,test
4025,calibration
4026,test
4027,test
4028,fit
4029,fit
4030,fit
4031,fit
4032,fit
4033,calibration
4034,calibration
4035,calibration
4036,fit
4037,fit
4038,fit
4039,calibration
4040,fit
4041,fit
4042,fit
4043,fit
4044,fit
4045,calibration
4046,fit
4047,fit
4048,calibration
4049,test
4050,fit
4051,fit
4052,fit
4053,fit
4054,test
4055,calibration
4056,fit
4057,fit
4058,fit
4059,fit
4060,fit
4061,calibration
4062,fit
4063,calibration
4064,calibration
4065,fit
4066,calibration
4067,fit
4068,test
4069,test
4070,fit
4071,calibration
4072,fit
4073,fit
4074,fit
4075,fit
4076,fit
4077,calibration
4078,fit
4079,calibration
4080,fit
4081,fit
4082,test
4083,fit
4084,fit
4085,calibration
4086,fit
4087,calibration
4088,fit
4089,fit
4090,fit
4091,test
4092,fit
4093,fit
4094,calibration
4095,calibration
4096,fit
4097,fit
4098,fit
4099,fit
4100,fit
4101,test
4102,calibration
4103,fit
4104,test
4105,fit
4106,test
4107,calibration
4108,fit
4109,fit
4110,fit
4111,fit
4112,fit
4113,test
4114,fit
4115,fit
4116,fit
4117,calibration
4118,fit
4119,fit
4120,test
4121,test
4122,calibration
4123,fit
4124,test
4125,fit
4126,test
4127,fit
4128,fit
4129,calibration
4130,fit
4131,calibration
4132,fit
4133,calibration
4134,fit
4135,fit
4136,fit
4137,fit
4138,fit
4139,fit
4140,calibration
4141,fit
4142,calibration
4143,test
4144,fit
4145,test
4146,test
4147,test
4148,fit
4149,calibration
4150,calibration
4151,fit
4152,test
4153,fit
4154,test
4155,fit
4156,fit
4157,fit
4158,test
4159,fit
4160,test
4161,test
4162,test
4163,fit
4164,test
4165,calibration
4166,fit
4167,test
4168,fit
4169,fit
4170,fit
4171,calibration
4172,calibration
4173,calibration
4174,calibration
4175,test
4176,fit
4177,fit
4178,fit
4179,calibration
4180,fit
4181,fit
4182,test
4183,fit
4184,fit
4185,fit
4186,fit
4187,fit
4188,test
4189,fit
4190,fit
4191,calibration
4192,fit
4193,fit
4194,test
4195,fit
4196,fit
4197,fit
4198,fit
4199,test
4200,test
4201,calibration
4202,fit
4203,fit
4204,fit
4205,test
4206,calibration
4207,fit
4208,fit
4209,fit
4210,calibration
4211,fit
4212,fit
4213,fit
4214,test
4215,fit
4216,calibration
4217,fit
4218,fit
4219,test
4220,fit
4221,test
4222,calibration
4223,fit
4224,calibration
4225,fit
4226,fit
4227,fit
4228,calibration
4229,calibration
4230,fit
4231,fit
4232,test
4233,calibration
4234,fit
4235,calibration
4236,fit
4237,fit
4238,fit
4239,fit
4240,calibration
4241,calibration
4242,test
4243,fit
4244,test
4245,fit
4246,test
4247,test
4248,fit
4249,fit
4250,fit
4251,calibration
4252,fit
4253,test
4254,test
4255,calibration
4256,test
4257,fit
4258,test
4259,fit
4260,calibration
4261,calibration
4262,fit
4263,test
4264,fit
4265,test
4266,calibration
4267,fit
4268,test
4269,test
4270,test
4271,fit
4272,fit
4273,test
4274,fit
4275,calibration
4276,fit
4277,fit
4278,calibration
4279,calibration
4280,fit
4281,calibration
4282,test
4283,fit
4284,fit
4285,fit
4286,test
4287,fit
4288,calibration
4289,fit
4290,fit
4291,calibration
4292,calibration
4293,fit
4294,fit
4295,calibration
4296,fit
4297,fit
4298,fit
4299,fit
4300,fit
4301,fit
4302,fit
4303,test
4304,fit
4305,fit
4306,fit
4307,fit
4308,test
4309,fit
4310,fit
4311,fit
4312,fit
4313,test
4314,fit
4315,calibration
4316,test
4317,fit
4318,fit
4319,fit
4320,test
4321,fit
4322,fit
4323,test
4324,fit
4325,fit
4326,fit
4327,calibration
4328,fit
4329,test
4330,calibration
4331,fit
4332,fit
4333,fit
4334,fit
4335,calibration
4336,calibration
4337,fit
4338,fit
4339,fit
4340,fit
4341,calibration
4342,calibration
4343,fit
4344,calibration
4345,fit
4346,test
4347,fit
4348,fit
4349,calibration
4350,calibration
4351,fit
4352,fit
4353,fit
4354,test
4355,fit
4356,test
4357,fit
4358,fit
4359,fit
4360,fit
4361,fit
4362,fit
4363,fit
4364,fit
4365,calibration
4366,fit
4367,fit
4368,test
4369,test
4370,fit
4371,fit
4372,fit
4373,fit
4374,fit
4375,calibration
4376,test
4377,test
4378,test
4379,fit
4380,fit
4381,fit
4382,fit
4383,fit
4384,fit
4385,fit
4386,fit
4387,calibration
4388,fit
4389,fit
4390,fit
4391,fit
4392,fit
4393,fit
4394,fit
4395,calibration
4396,fit
4397,fit
4398,calibration
4399,fit
4400,test
4401,fit
4402,fit
4403,fit
4404,test
4405,fit
4406,test
4407,fit
4408,fit
4409,fit
4410,fit
4411,fit
4412,calibration
4413,fit
4414,fit
4415,calibration
4416,fit
4417,test
4418,fit
4419,fit
4420,fit
4421,fit
4422,fit
4423,calibration
4424,fit
4425,test
4426,calibration
4427,fit
4428,fit
4429,test
4430,calibration
4431,fit
4432,calibration
4433,calibration
4434,fit
4435,test
4436,calibration
4437,calibration
4438,test
4439,calibration
4440,calibration
4441,test
4442,test
4443,test
4444,test
4445,fit
4446,calibration
4447,calibration
4448,calibration
4449,calibration
4450,calibration
4451,calibration
4452,fit
4453,fit
4454,fit
4455,fit
4456,fit
4457,fit
4458,calibration
4459,fit
4460,fit
4461,fit
4462,fit
4463,calibration
4464,calibration
4465,calibration
4466,calibration
4467,calibration
4468,calibration
4469,fit
4470,fit
4471,test
4472,test
4473,test
4474,test
4475,test
4476,test
4477,fit
4478,fit
4479,fit
4480,fit
4481,calibration
4482,fit
4483,fit
4484,fit
4485,fit
4486,fit
4487,calibration
4488,test
4489,fit
4490,fit
4491,calibration
4492,test
4493,fit
4494,fit
4495,fit
4496,fit
4497,fit
4498,fit
4499,fit
4500,fit
4501,fit
4502,fit
4503,fit
4504,calibration
4505,fit
4506,fit
4507,fit
4508,test
4509,test
4510,calibration
4511,fit
4512,calibration
4513,fit
4514,test
4515,fit
4516,test
4517,calibration
4518,fit
4519,fit
4520,fit
4521,fit
4522,fit
4523,calibration
4524,calibration
4525,fit
4526,fit
4527,fit
4528,fit
4529,fit
4530,calibration
4531,fit
4532,calibration
4533,calibration
4534,test
4535,fit
4536,fit
4537,fit
4538,fit
4539,fit
4540,fit
4541,fit
4542,test
4543,calibration
4544,fit
4545,fit
4546,fit
4547,fit
4548,fit
4549,fit
4550,fit
4551,fit
4552,fit
4553,fit
4554,fit
4555,test
4556,test
4557,fit
4558,fit
4559,fit
4560,fit
4561,calibration
4562,calibration
4563,test
4564,fit
4565,fit
4566,test
4567,fit
4568,fit
4569,test
4570,fit
4571,test
4572,calibration
4573,fit
4574,fit
4575,fit
4576,fit
4577,fit
4578,fit
4579,calibration
4580,fit
4581,fit
4582,fit
4583,fit
4584,fit
4585,calibration
4586,fit
4587,fit
4588,fit
4589,fit
4590,calibration
4591,calibration
4592,fit
4593,fit
4594,fit
4595,test
4596,fit
4597,fit
4598,fit
4599,calibration
4600,calibration
4601,fit
4602,calibration
4603,test
4604,calibration
4605,fit
4606,fit
4607,test
4608,fit
4609,test
4610,calibration
4611,fit
4612,fit
4613,fit
4614,fit
4615,test
4616,calibration
4617,fit
4618,fit
4619,test
4620,test
4621,fit
4622,test
4623,calibration
4624,fit
4625,test
4626,fit
4627,fit
4628,test
4629,test
4630,fit
4631,fit
4632,fit
4633,fit
4634,fit
4635,fit
4636,test
4637,test
4638,test
4639,fit
4640,fit
4641,calibration
4642,test
4643,fit
4644,fit
4645,fit
4646,fit
4647,fit
4648,test
4649,fit
4650,fit
4651,fit
4652,fit
4653,fit
4654,fit
4655,calibration
4656,calibration
4657,fit
4658,fit
4659,calibration
4660,fit
4661,fit
4662,calibration
4663,fit
4664,fit
4665,fit
4666,fit
4667,fit
4668,fit
4669,calibration
4670,fit
4671,calibration
4672,test
4673,fit
4674,fit
4675,test
4676,test
4677,fit
4678,calibration
4679,test
4680,calibration
4681,fit
4682,fit
4683,fit
4684,test
4685,calibration
4686,fit
4687,test
4688,fit
4689,fit
4690,calibration
4691,fit
4692,test
4693,calibration
4694,calibration
4695,fit
4696,fit
4697,test
4698,test
4699,fit
4700,fit
4701,calibration
4702,calibration
4703,test
4704,calibration
4705,fit
4706,fit
4707,fit
4708,calibration
4709,test
4710,fit
4711,calibration
4712,fit
4713,test
4714,test
4715,test
4716,fit
4717,calibration
4718,test
4719,test
4720,calibration
4721,fit
4722,fit
4723,test
4724,test
4725,fit
4726,fit
4727,calibration
4728,fit
4729,fit
4730,test
4731,test
4732,fit
4733,calibration
4734,fit
4735,test
4736,fit
4737,fit
4738,fit
4739,fit
4740,calibration
4741,calibration
4742,fit
4743,fit
4744,fit
4745,fit
4746,fit
4747,test
4748,fit
4749,fit
4750,fit
4751,fit
4752,calibration
4753,test
4754,test
4755,fit
4756,fit
4757,fit
4758,fit
4759,calibration
4760,fit
4761,test
4762,fit
4763,calibration
4764,fit
4765,fit
4766,fit
4767,test
4768,calibration
4769,fit
4770,fit
4771,fit
4772,fit
4773,fit
4774,fit
4775,fit
4776,fit
4777,test
4778,fit
4779,fit
4780,calibration
4781,fit
4782,fit
4783,test
4784,fit
4785,fit
4786,fit
4787,fit
4788,test
4789,calibration
4790,test
4791,fit
4792,test
4793,fit
4794,fit
4795,fit
4796,test
4797,fit
4798,calibration
4799,test
4800,fit
4801,fit
4802,fit
4803,calibration
4804,fit
4805,fit
4806,fit
4807,calibration
4808,fit
4809,fit
4810,fit
4811,fit
4812,fit
4813,test
4814,fit
4815,fit
4816,fit
4817,test
4818,fit
4819,fit
4820,test
4821,fit
4822,test
4823,fit
4824,fit
4825,fit
4826,fit
4827,test
4828,calibration
4829,fit
4830,fit
4831,fit
4832,fit
4833,test
4834,test
4835,fit
4836,fit
4837,fit
4838,test
4839,fit
4840,fit
4841,fit
4842,fit
4843,fit
4844,fit
4845,test
4846,calibration
4847,fit
4848,calibration
4849,test
4850,test
4851,fit
4852,test
4853,fit
4854,calibration
4855,fit
4856,test
4857,fit
4858,test
4859,fit
4860,fit
4861,calibration
4862,test
4863,fit
4864,calibration
4865,test
4866,calibration
4867,fit
4868,fit
4869,fit
4870,fit
4871,fit
4872,calibration
4873,fit
4874,calibration
4875,calibration
4876,calibration
4877,test
4878,test
4879,fit
4880,fit
4881,test
4882,fit
4883,fit
4884,calibration
4885,calibration
4886,test
4887,calibration
4888,test
4889,fit
4890,fit
4891,fit
4892,fit
4893,fit
4894,calibration
4895,fit
4896,fit
4897,fit
4898,test
4899,fit
4900,fit
4901,fit
4902,fit
4903,fit
4904,calibration
4905,fit
4906,calibration
4907,fit
4908,test
4909,fit
4910,fit
4911,calibration
4912,calibration
4913,calibration
4914,fit
4915,fit
4916,fit
4917,calibration
4918,fit
4919,fit
4920,calibration
4921,fit
4922,calibration
4923,test
4924,fit
4925,test
4926,fit
4927,calibration
4928,calibration
4929,test
4930,fit
4931,fit
4932,fit
4933,test
4934,calibration
4935,fit
4936,fit
4937,fit
4938,fit
4939,fit
4940,fit
4941,fit
4942,test
4943,fit
4944,test
4945,calibration
4946,fit
4947,fit
4948,fit
4949,calibration
4950,calibration
4951,calibration
4952,calibration
4953,fit
4954,calibration
4955,fit
4956,calibration
4957,fit
4958,test
4959,fit
4960,calibration
4961,test
4962,fit
4963,fit
4964,fit
4965,fit
4966,fit
4967,fit
4968,fit
4969,calibration
4970,fit
4971,fit
4972,fit
4973,test
4974,fit
4975,fit
4976,calibration
4977,fit
4978,fit
4979,calibration
4980,fit
4981,fit
4982,calibration
4983,fit
4984,fit
4985,calibration
4986,test
4987,fit
4988,fit
4989,fit
4990,calibration
4991,fit
4992,fit
4993,fit
4994,test
4995,fit
4996,test
4997,fit
4998,calibration
4999,test
5000,fit
5001,fit
5002,test
5003,fit
5004,fit
5005,calibration
5006,test
5007,fit
5008,fit
5009,fit
5010,fit
5011,test
5012,calibration
5013,test
5014,calibration
5015,fit
5016,fit
5017,fit
5018,fit
5019,calibration
5020,fit
5021,calibration
5022,test
5023,calibration
5024,fit
5025,fit
5026,test
5027,fit
5028,fit
5029,calibration
5030,fit
5031,fit
5032,test
5033,calibration
5034,fit
5035,test
5036,calibration
5037,calibration
5038,fit
5039,test
5040,fit
5041,fit
5042,calibration
5043,fit
5044,fit
5045,calibration
5046,fit
5047,calibration
5048,calibration
5049,fit
5050,test
5051,fit
5052,test
5053,fit
5054,fit
5055,calibration
5056,fit
5057,test
5058,calibration
5059,fit
5060,fit
5061,calibration
5062,fit
5063,test
5064,test
5065,fit
5066,test
5067,fit
5068,fit
5069,fit
5070,test
5071,fit
5072,fit
5073,fit
5074,fit
5075,fit
5076,test
5077,fit
5078,test
5079,fit
5080,calibration
5081,fit
5082,fit
5083,fit
5084,fit
5085,fit
5086,calibration
5087,calibration
5088,calibration
5089,fit
5090,fit
5091,fit
5092,calibration
5093,calibration
5094,fit
5095,fit
5096,fit
5097,fit
5098,fit
5099,calibration
5100,calibration
5101,fit
5102,fit
5103,calibration
5104,test
5105,fit
5106,calibration
5107,fit
5108,fit
5109,fit
5110,test
5111,fit
5112,test
5113,fit
5114,fit
5115,test
5116,fit
5117,fit
5118,fit
5119,test
5120,calibration
5121,fit
5122,test
5123,test
5124,calibration
5125,calibration
5126,fit
5127,fit
5128,calibration
5129,test
5130,fit
5131,calibration
5132,fit
5133,fit
5134,fit
5135,test
5136,calibration
5137,fit
5138,test
5139,fit
5140,fit
5141,test
5142,fit
5143,fit
5144,fit
5145,fit
5146,calibration
5147,fit
5148,fit
5149,fit
5150,calibration
5151,fit
5152,fit
5153,test
5154,fit
5155,test
5156,calibration
5157,calibration
5158,test
5159,fit
5160,fit
5161,fit
5162,fit
5163,calibration
5164,fit
5165,fit
5166,fit
5167,fit
5168,fit
5169,fit
5170,test
5171,fit
5172,fit
5173,test
5174,fit
5175,calibration
5176,fit
5177,fit
5178,fit
5179,fit
5180,test
5181,fit
5182,fit
5183,calibration
5184,calibration
5185,fit
5186,fit
5187,test
5188,calibration
5189,fit
5190,fit
5191,test
5192,fit
5193,calibration
5194,fit
5195,fit
5196,fit
5197,calibration
5198,fit
5199,fit
5200,fit
5201,fit
5202,fit
5203,calibration
5204,fit
5205,calibration
5206,test
5207,fit
5208,fit
5209,fit
5210,fit
5211,fit
5212,fit
5213,calibration
5214,fit
5215,calibration
5216,test
5217,fit
5218,test
5219,fit
5220,fit
5221,fit
5222,test
5223,calibration
5224,fit
5225,fit
5226,fit
5227,test
5228,test
5229,fit
5230,fit
5231,test
5232,fit
5233,fit
5234,fit
5235,fit
5236,fit
5237,calibration
5238,calibration
5239,calibration
5240,fit
5241,fit
5242,fit
5243,fit
5244,fit
5245,calibration
5246,test
5247,fit
5248,fit
5249,calibration
5250,fit
5251,test
5252,fit
5253,fit
5254,fit
5255,test
5256,fit
5257,fit
5258,fit
5259,fit
5260,fit
5261,fit
5262,fit
5263,fit
5264,test
5265,fit
5266,calibration
5267,fit
5268,fit
5269,test
5270,fit
5271,fit
5272,test
5273,fit
5274,fit
5275,fit
5276,fit
5277,fit
5278,fit
5279,fit
5280,fit
5281,calibration
5282,fit
5283,calibration
5284,fit
5285,fit
5286,fit
5287,fit
5288,test
5289,calibration
5290,calibration
5291,fit
5292,fit
5293,fit
5294,test
5295,fit
5296,calibration
5297,fit
5298,test
5299,fit
5300,fit
5301,fit
5302,fit
5303,fit
5304,fit
5305,test
5306,fit
5307,fit
5308,fit
5309,fit
5310,fit
5311,fit
5312,fit
5313,fit
5314,fit
5315,fit
5316,fit
5317,calibration
5318,fit
5319,fit
5320,calibration
5321,test
5322,fit
5323,test
5324,fit
5325,calibration
5326,test
5327,test
5328,fit
5329,fit
5330,calibration
5331,fit
5332,fit
5333,calibration
5334,fit
5335,fit
5336,fit
5337,test
5338,test
5339,fit
5340,fit
5341,fit
5342,fit
5343,fit
5344,fit
5345,calibration
5346,fit
5347,fit
5348,test
5349,fit
5350,fit
5351,fit
5352,fit
5353,test
5354,fit
5355,fit
5356,fit
5357,test
5358,test
5359,fit
5360,test
5361,fit
5362,fit
5363,fit
5364,test
5365,fit
5366,fit
5367,calibration
5368,fit
5369,fit
5370,test
5371,fit
5372,fit
5373,fit
5374,fit
5375,fit
5376,fit
5377,fit
5378,calibration
5379,test
5380,fit
5381,fit
5382,fit
5383,fit
5384,fit
5385,test
5386,fit
5387,fit
5388,fit
5389,fit
5390,fit
5391,fit
5392,fit
5393,test
5394,fit
5395,fit
5396,fit
5397,fit
5398,fit
5399,fit
5400,calibration
5401,test
5402,test
5403,fit
5404,fit
5405,fit
5406,fit
5407,calibration
5408,fit
5409,test
5410,fit
5411,fit
5412,fit
5413,fit
5414,fit
5415,fit
5416,fit
5417,calibration
5418,test
5419,test
5420,fit
5421,fit
5422,fit
5423,fit
5424,fit
5425,calibration
5426,calibration
5427,calibration
5428,fit
5429,fit
5430,fit
5431,fit
5432,calibration
5433,calibration
5434,test
5435,calibration
5436,fit
5437,fit
5438,test
5439,calibration
5440,fit
5441,fit
5442,fit
5443,fit
5444,test
5445,calibration
5446,fit
5447,calibration
5448,fit
5449,fit
5450,fit
5451,calibration
5452,fit
5453,fit
5454,calibration
5455,fit
5456,fit
5457,test
5458,fit
5459,fit
5460,fit
5461,test
5462,calibration
5463,fit
5464,calibration
5465,calibration
5466,test
5467,fit
5468,fit
5469,fit
5470,fit
5471,calibration
5472,fit
5473,fit
5474,test
5475,fit
5476,fit
5477,calibration
5478,calibration
5479,test
5480,test
5481,fit
5482,test
5483,test
5484,fit
5485,fit
5486,fit
5487,fit
5488,fit
5489,test
5490,fit
5491,fit
5492,test
5493,fit
5494,fit
5495,fit
5496,fit
5497,fit
5498,fit
5499,fit
5500,fit
5501,fit
5502,calibration
5503,fit
5504,fit
5505,calibration
5506,fit
5507,fit
5508,fit
5509,test
5510,test
5511,fit
5512,fit
5513,calibration
5514,fit
5515,calibration
5516,fit
5517,fit
5518,fit
5519,fit
5520,test
5521,calibration
5522,fit
5523,fit
5524,test
5525,fit
5526,calibration
5527,fit
5528,fit
5529,fit
5530,test
5531,fit
5532,fit
5533,test
5534,fit
5535,fit
5536,test
5537,fit
5538,test
5539,test
5540,calibration
5541,fit
5542,fit
5543,calibration
5544,test
5545,fit
5546,calibration
5547,fit
5548,fit
5549,fit
5550,fit
5551,fit
5552,fit
5553,calibration
5554,calibration
5555,test
5556,test
5557,test
5558,fit
5559,fit
5560,fit
5561,test
5562,fit
5563,test
5564,test
5565,fit
5566,test
5567,calibration
5568,fit
5569,test
5570,calibration
5571,fit
5572,test
5573,calibration
5574,fit
5575,fit
5576,test
5577,fit
5578,calibration
5579,fit
5580,calibration
5581,fit
5582,fit
5583,test
5584,calibration
5585,test
5586,fit
5587,fit
5588,fit
5589,fit
5590,fit
5591,fit
5592,fit
5593,fit
5594,fit
5595,fit
5596,test
5597,test
5598,fit
5599,calibration
5600,fit
5601,fit
5602,calibration
5603,fit
5604,fit
5605,fit
5606,calibration
5607,calibration
5608,test
5609,fit
5610,calibration
5611,test
5612,test
5613,fit
5614,test
5615,fit
5616,fit
5617,fit
5618,calibration
5619,calibration
5620,test
5621,fit
5622,fit
5623,test
5624,calibration
5625,fit
5626,calibration
5627,fit
5628,test
5629,test
5630,fit
5631,fit
5632,test
5633,fit
5634,calibration
5635,fit
5636,fit
5637,fit
5638,fit
5639,test
5640,fit
5641,fit
5642,test
5643,calibration
5644,test
5645,calibration
5646,fit
5647,calibration
5648,fit
5649,fit
5650,fit
5651,fit
5652,test
5653,fit
5654,fit
5655,fit
5656,fit
5657,test
5658,fit
5659,test
5660,fit
5661,calibration
5662,fit
5663,fit
5664,fit
5665,fit
5666,fit
5667,fit
5668,fit
5669,calibration
5670,fit
5671,fit
5672,fit
5673,fit
5674,fit
5675,calibration
5676,fit
5677,test
5678,calibration
5679,fit
5680,fit
5681,fit
5682,test
5683,calibration
5684,fit
5685,fit
5686,fit
5687,calibration
5688,calibration
5689,fit
5690,fit
5691,fit
5692,fit
5693,test
5694,calibration
5695,calibration
5696,calibration
5697,fit
5698,calibration
5699,fit
5700,fit
5701,fit
5702,calibration
5703,calibration
5704,fit
5705,test
5706,calibration
5707,fit
5708,fit
5709,calibration
5710,calibration
5711,fit
5712,fit
5713,fit
5714,calibration
5715,test
5716,calibration
5717,fit
5718,test
5719,fit
5720,fit
5721,calibration
5722,fit
5723,fit
5724,fit
5725,test
5726,fit
5727,fit
5728,calibration
5729,fit
5730,calibration
5731,calibration
5732,fit
5733,fit
5734,calibration
5735,fit
5736,fit
5737,fit
5738,fit
5739,test
5740,fit
5741,calibration
5742,fit
5743,fit
5744,test
5745,fit
5746,fit
5747,fit
5748,calibration
5749,fit
5750,fit
5751,fit
5752,fit
5753,test
5754,calibration
5755,fit
5756,fit
5757,test
5758,fit
5759,fit
5760,calibration
5761,fit
5762,fit
5763,fit
5764,fit
5765,test
5766,test
5767,test
5768,fit
5769,calibration
5770,fit
5771,fit
5772,test
5773,fit
5774,fit
5775,calibration
5776,calibration
5777,test
5778,fit
5779,fit
5780,test
5781,fit
5782,fit
5783,test
5784,fit
5785,fit
5786,fit
5787,fit
5788,fit
5789,fit
5790,test
5791,fit
5792,test
5793,test
5794,test
5795,fit
5796,calibration
5797,calibration
5798,fit
5799,fit
5800,fit
5801,fit
5802,fit
5803,fit
5804,calibration
5814,calibration
5815,calibration
5816,test
5817,fit
5818,calibration
5819,fit
5820,fit
5821,calibration
5822,calibration
5823,fit
5824,calibration
5825,fit
5826,fit
5827,fit
5828,fit
5829,calibration
5830,fit
5831,fit
5832,fit
5833,fit
5834,fit
5835,fit
5836,fit
5837,fit
5838,test
5839,fit
5840,calibration
5841,test
5842,fit
5843,calibration
5844,fit
5845,test
5846,fit
5847,fit
5848,fit
5849,fit
5850,test
5851,test
5852,calibration
5853,fit
5854,fit
5855,fit
5856,fit
5857,fit
5858,test
5859,fit
5860,fit
5861,fit
5862,fit
5863,calibration
5864,fit
5865,fit
5866,fit
5868,fit
5869,fit
5870,test
5872,calibration
5873,calibration
5874,test
5875,fit
5876,fit
5877,calibration
5878,fit
5879,calibration
5880,test
5881,test
5882,calibration
5883,fit
5884,test
5885,calibration
5886,fit
5887,test
5888,fit
5889,fit
5890,test
5891,calibration
5892,fit
5893,calibration
5894,test
5895,fit
5896,test
5897,test
5898,calibration
5899,fit
5900,fit
5901,test
5902,fit
5903,test
5904,calibration
5905,fit
5906,fit
5907,fit
5908,fit
5909,fit
5910,fit
5911,test
5912,fit
5913,calibration
5914,calibration
5915,fit
5916,fit
5917,fit
5918,fit
5919,test
5920,test
5921,fit
5922,fit
5923,fit
5924,calibration
5925,calibration
5926,fit
5927,fit
5928,fit
5929,test
5930,calibration
5931,calibration
5932,fit
5933,fit
5934,fit
5935,fit
5936,fit
5937,fit
5938,calibration
5939,fit
5940,calibration
5941,fit
5942,test
5943,calibration
5944,fit
5945,calibration
5946,test
5947,fit
5948,calibration
5949,fit
5950,fit
5951,test
5952,fit
5953,fit
5954,calibration
5955,fit
5956,fit
5957,calibration
5958,test
5959,calibration
5960,test
5961,fit
5962,test
5963,fit
5964,test
5965,fit
5966,fit
5969,calibration
5970,test
5971,fit
5972,fit
5973,test
5974,fit
5975,test
5976,fit
5977,calibration
5978,fit
5979,calibration
5980,fit
5981,fit
5982,calibration
5983,fit
5984,fit
5985,fit
5986,fit
5987,fit
5988,fit
5989,fit
5990,fit
5991,fit
5992,calibration
5993,fit
5994,fit
5995,fit
5996,fit
5997,fit
5998,test
5999,fit
6000,fit
6001,fit
6002,fit
6003,fit
6004,test
6005,fit
6006,test
6007,fit
6008,fit
6009,fit
6010,fit
6011,fit
6012,calibration
6013,fit
6014,test
6015,fit
6016,fit
6017,test
6018,calibration
6019,test
6020,fit
6021,fit
6022,fit
6023,fit
6024,fit
6025,fit
6026,fit
6027,test
6028,fit
6029,test
6030,fit
6031,fit
6032,fit
6033,fit
6034,fit
6035,fit
6036,fit
6037,fit
6038,fit
6039,test
6040,test
6041,calibration
6042,fit
6043,fit
6044,test
6045,fit
6046,calibration
6047,test
6048,test
6049,test
6050,fit
6051,test
6052,test
6053,calibration
6054,calibration
6055,test
6056,fit
6057,fit
6059,fit
6060,fit
6061,calibration
6062,test
6063,calibration
6064,fit
6065,test
6066,fit
6067,test
6068,test
6069,calibration
6070,calibration
6071,calibration
6072,fit
6073,test
6074,test
6075,fit
6076,fit
6077,fit
6078,fit
6079,calibration
6080,calibration
6081,fit
6082,test
6083,calibration
6084,fit
6085,fit
6086,calibration
6087,fit
6088,fit
6089,fit
6090,fit
6091,fit
6092,fit
6093,calibration
6094,fit
6095,fit
6096,fit
6097,calibration
6098,calibration
6099,fit
6100,calibration
6101,fit
6102,fit
6103,fit
6104,fit
6105,calibration
6106,fit
6107,fit
6108,test
6109,fit
6110,test
6111,fit
6112,fit
6113,calibration
6114,test
6115,fit
6116,calibration
6117,calibration
6118,fit
6119,fit
6120,fit
6121,test
6122,fit
6123,test
6124,test
6125,fit
6126,calibration
6127,fit
6128,fit
6129,calibration
6130,fit
6131,fit
6132,test
6133,calibration
6134,fit
6135,fit
6136,calibration
6137,calibration
6138,fit
6139,fit
6140,calibration
6141,fit
6142,calibration
6143,fit
6144,fit
6145,fit
6146,fit
6147,fit
6148,calibration
6149,fit
6150,test
6151,fit
6152,calibration
6153,fit
6154,calibration
6155,calibration
6156,fit
6157,test
6158,fit
6159,calibration
6160,calibration
6161,calibration
6162,fit
6163,test
6164,fit
6165,calibration
6166,fit
6167,fit
6168,fit
6169,test
6170,test
6171,fit
6172,fit
6173,calibration
6174,calibration
6175,fit
6176,fit
6177,calibration
6178,calibration
6179,calibration
6180,fit
6181,fit
6182,test
6183,fit
6184,fit
6185,calibration
6186,fit
6187,fit
6188,fit
6189,fit
6190,test
6191,fit
6192,test
6193,calibration
6194,calibration
6195,test
6196,calibration
6197,fit
6198,fit
6199,calibration
6200,test
6201,fit
6202,fit
6203,fit
6204,fit
6205,calibration
6206,test
6207,fit
6208,fit
6209,fit
6210,test
6211,fit
6212,calibration
6213,test
6214,fit
6215,calibration
6216,calibration
6217,fit
6218,calibration
6219,fit
6220,fit
6221,fit
6222,fit
6223,fit
6224,fit
6225,fit
6226,test
6227,fit
6228,fit
6229,test
6230,fit
6231,calibration
6232,fit
6233,calibration
6234,fit
6235,fit
6236,fit
6237,fit
6238,test
6239,calibration
6240,test
6241,test
6242,calibration
6243,fit
6244,fit
6245,fit
6246,fit
6247,fit
6248,calibration
6249,fit
6250,fit
6251,fit
6252,fit
6253,fit
6254,fit
6255,fit
6256,fit
6257,fit
6258,test
6259,calibration
6260,fit
6261,fit
6262,fit
6263,fit
6264,test
6265,fit
6266,fit
6267,test
6268,test
6269,fit
6270,fit
6271,fit
6272,test
6273,calibration
6274,fit
6275,calibration
6276,test
6277,fit
6278,test
6279,fit
6280,fit
6281,fit
6282,test
6283,calibration
6284,test
6285,fit
6286,fit
6287,fit
6288,fit
6289,test
6290,fit
6291,fit
6292,test
6293,fit
6294,fit
6295,calibration
6296,fit
6297,calibration
6298,fit
6299,calibration
6300,fit
6301,fit
6302,fit
6303,fit
6304,calibration
6305,fit
6306,fit
6307,test
6308,fit
6309,fit
6310,calibration
6311,calibration
6312,calibration
6313,test
6314,fit
6315,calibration
6316,fit
6317,fit
6318,fit
6319,fit
6320,fit
6321,calibration
6322,test
6323,fit
6324,calibration
6325,fit
6326,fit
6327,fit
6328,fit
6329,test
6330,fit
6331,fit
6332,calibration
6333,fit
6334,fit
6335,fit
6336,fit
6337,test
6338,fit
6339,fit
6340,fit
6341,fit
6342,calibration
6343,fit
6344,fit
6345,fit
6346,calibration
6347,fit
6348,calibration
6349,test
6350,test
6351,fit
6352,fit
6353,fit
6354,test
6355,calibration
6356,fit
6357,fit
6358,fit
6359,fit
6360,fit
6361,calibration
6362,fit
6363,calibration
6364,fit
6365,fit
6366,fit
6367,test
6368,fit
6369,calibration
6370,fit
6371,calibration
6372,test
6373,fit
6374,fit
6375,fit
6376,calibration
6377,calibration
6378,fit
6379,fit
6380,fit
6381,fit
6382,fit
6383,test
6384,test
6385,fit
6386,fit
6387,fit
6388,calibration
6389,fit
6390,fit
6391,fit
6392,fit
6393,fit
6394,fit
6395,fit
6396,test
6397,fit
6398,test
6399,fit
6400,fit
6401,fit
6402,fit
6403,fit
6404,fit
6405,fit
6406,fit
6407,fit
6408,fit
6409,fit
6410,calibration
6411,fit
6412,test
6413,test
6414,calibration
6415,calibration
6416,calibration
6417,fit
6418,fit
6419,calibration
6420,calibration
6421,test
6422,test
6423,calibration
6424,fit
6425,test
6426,fit
6427,calibration
6428,fit
6429,fit
6430,fit
6431,calibration
6432,test
6433,fit
6434,fit
6435,test
6436,test
6437,test
6438,fit
6439,fit
6440,fit
6441,calibration
6442,fit
6443,fit
6444,test
6445,calibration
6446,fit
6447,calibration
6448,fit
6449,fit
6450,fit
6451,fit
6452,test
6453,fit
6454,fit
6455,calibration
6456,fit
6457,fit
6458,fit
6459,fit
6460,fit
6461,fit
6462,fit
6463,fit
6464,fit
6465,test
6466,fit
6467,test
6468,fit
6469,fit
6470,calibration
6471,calibration
6472,fit
6473,calibration
6474,test
6475,calibration
6476,fit
6477,fit
6478,fit
6479,fit
6480,test
6481,calibration
6482,calibration
6483,calibration
6484,fit
6485,fit
6486,fit
6487,test
6488,test
6489,fit
6490,fit
6491,fit
6492,test
6493,fit
6494,calibration
6495,fit
6496,test
6497,fit
6498,calibration
6499,fit
6500,test
6501,fit
6502,fit
6503,fit
6504,fit
6505,calibration
6506,test
6507,calibration
6508,fit
6509,calibration
6510,test
6511,calibration
6512,fit
6513,fit
6514,calibration
6515,test
6516,fit
6517,fit
6518,test
6519,fit
6520,fit
6521,fit
6522,calibration
6523,calibration
6524,calibration
6525,test
6526,fit
6527,test
6528,fit
6529,fit
6530,fit
6531,test
6532,test
6533,fit
6534,fit
6535,test
6536,fit
6537,fit
6538,fit
6539,calibration
6540,fit
6541,fit
6542,test
6543,fit
6544,calibration
6545,fit
6546,calibration
6547,fit
6548,calibration
6549,calibration
6550,calibration
6551,fit
6552,fit
6553,calibration
6554,fit
6555,calibration
6556,fit
6557,fit
6558,calibration
6559,fit
6560,fit
6561,fit
6562,fit
6563,fit
6564,test
6565,fit
6566,test
6567,fit
6568,fit
6569,calibration
6570,fit
6571,fit
6572,fit
6573,test
6574,fit
6575,fit
6576,fit
6577,test
6578,fit
6579,test
6580,test
6581,fit
6582,test
6583,fit
6584,fit
6585,fit
6586,fit
6587,fit
6588,fit
6589,test
6590,fit
6591,calibration
6592,fit
6593,test
6594,test
6595,fit
6596,test
6597,test
6598,calibration
6599,calibration
6600,fit
6601,fit
6602,calibration
6603,test
6604,fit
6605,calibration
6606,calibration
6607,calibration
6608,fit
6609,fit
6610,fit
6611,calibration
6612,fit
6613,calibration
6614,fit
6615,fit
6616,test
6617,fit
6618,fit
6619,fit
6620,test
6621,fit
6622,fit
6623,fit
6624,fit
6625,test
6626,calibration
6627,fit
6628,fit
6629,test
6630,fit
6631,test
6632,fit
6633,test
6634,fit
6635,fit
6636,test
6637,fit
6638,calibration
6639,test
6640,fit
6641,fit
6642,fit
6643,fit
6644,fit
6645,calibration
6646,fit
6647,fit
6648,fit
6649,fit
6650,calibration
6651,calibration
6652,fit
6653,fit
6654,calibration
6655,calibration
6656,fit
6657,fit
6658,fit
6659,fit
6660,fit
6661,test
6662,fit
6663,fit
6664,fit
6665,calibration
6666,fit
6667,fit
6668,fit
6669,fit
6670,calibration
6671,calibration
6672,calibration
6673,fit
6674,test
6675,fit
6676,fit
6677,fit
6678,fit
6679,fit
6680,calibration
6681,fit
6682,fit
6683,calibration
6684,fit
6685,fit
6686,calibration
6687,fit
6688,fit
6689,calibration
6690,fit
6691,fit
6692,test
6693,fit
6694,test
6695,fit
6696,test
6697,test
6698,test
6699,test
6700,calibration
6701,test
6702,fit
6703,test
6704,fit
6705,test
6706,fit
6707,calibration
6708,fit
6709,fit
6710,fit
6711,fit
6712,fit
6713,calibration
6714,test
6715,fit
6716,fit
6717,fit
6718,fit
6719,fit
6720,fit
6721,fit
6722,calibration
6723,fit
6724,fit
6725,fit
6726,fit
6727,fit
6728,fit
6729,fit
6730,fit
6731,fit
6732,fit
6733,fit
6734,test
6735,test
6736,fit
6737,calibration
6738,calibration
6739,fit
6740,fit
6741,fit
6742,calibration
6743,fit
6744,fit
6745,fit
6746,fit
6747,fit
6748,calibration
6749,fit
6750,fit
6751,fit
6752,fit
6753,test
6754,fit
6755,fit
6756,fit
6757,fit
6758,test
6759,fit
6760,test
6761,test
6762,fit
6763,calibration
6764,test
6765,test
6766,fit
6767,calibration
6768,calibration
6769,test
6770,fit
6771,fit
6772,test
6773,test
6774,fit
6775,calibration
6776,fit
6777,fit
6778,fit
6779,calibration
6780,fit
6781,fit
6782,calibration
6783,fit
6784,fit
6785,calibration
6786,fit
6787,test
6788,test
6789,fit
6790,fit
6791,test
6792,test
6793,fit
6794,fit
6795,fit
6796,fit
6797,fit
6798,test
6799,fit
6800,fit
6801,calibration
6802,fit
6803,calibration
6804,test
6805,fit
6806,fit
6807,test
6808,test
6809,fit
6810,calibration
6811,fit
6812,fit
6813,fit
6814,fit
6815,test
6816,calibration
6817,fit
6818,fit
6819,fit
6820,fit
6821,fit
6822,calibration
6823,calibration
6824,calibration
6825,calibration
6826,calibration
6827,calibration
6828,fit
6829,fit
6830,fit
6831,calibration
6832,fit
6833,fit
6834,fit
6835,test
6836,calibration
6837,calibration
6838,calibration
6839,calibration
6840,fit
6841,test
6842,calibration
6843,fit
6844,test
6845,fit
6846,fit
6847,fit
6848,fit
6849,calibration
6850,fit
6851,fit
6852,fit
6853,fit
6854,fit
6855,fit
6856,test
6857,fit
6858,fit
6859,calibration
6860,fit
6861,calibration
6862,calibration
6863,test
6864,calibration
6865,test
6866,calibration
6867,fit
6868,fit
6869,test
6870,fit
6871,fit
6872,fit
6873,fit
6874,test
6875,test
6876,fit
6877,fit
6878,test
6879,test
6880,fit
6881,test
6882,fit
6883,fit
6884,fit
6885,fit
6886,fit
6887,fit
6888,fit
6889,test
6890,calibration
6891,calibration
6892,fit
6893,calibration
6894,fit
6895,fit
6896,calibration
6897,fit
6898,calibration
6899,fit
6900,fit
6901,fit
6902,calibration
6903,fit
6904,fit
6905,test
6906,fit
6907,fit
6908,fit
6909,calibration
6910,fit
6911,fit
6912,fit
6913,fit
6914,calibration
6915,fit
6916,calibration
6917,fit
6918,fit
6919,fit
6920,test
6921,fit
6922,fit
6923,fit
6924,fit
6925,calibration
6926,fit
6927,test
6928,fit
6929,fit
6930,calibration
6931,fit
6932,fit
6933,fit
6934,fit
6935,fit
6936,calibration
6937,fit
6938,fit
6939,fit
6940,calibration
6941,fit
6942,fit
6943,fit
6944,test
6945,test
6946,fit
6947,test
6948,fit
6949,fit
6950,fit
6951,fit
6952,calibration
6953,fit
6954,fit
6955,fit
6956,fit
6957,fit
6958,fit
6959,test
6960,calibration
6961,test
6962,fit
6963,fit
6964,fit
6965,fit
6966,fit
6967,fit
6968,fit
6969,fit
6970,fit
6971,fit
6972,fit
6973,fit
6974,fit
6975,fit
6976,test
6977,fit
6978,fit
6979,calibration
6980,calibration
6981,fit
6982,fit
6983,test
6984,fit
6985,fit
6986,test
6987,fit
6988,fit
6989,fit
6990,fit
6991,fit
6992,test
6993,fit
6994,test
6995,calibration
6996,calibration
6997,fit
6998,test
6999,test
7000,test
7001,fit
7002,fit
7003,calibration
7004,fit
7005,fit
7006,calibration
7007,fit
7008,calibration
7009,calibration
7010,fit
7011,calibration
7012,test
7013,fit
7014,fit
7015,fit
7016,calibration
7017,calibration
7018,test
7019,fit
7020,calibration
7021,fit
7022,fit
7023,fit
7024,calibration
7025,fit
7026,calibration
7027,fit
7028,fit
7029,fit
7030,fit
7031,calibration
7032,fit
7033,fit
7034,calibration
7035,calibration
7036,test
7037,fit
7038,fit
7039,fit
7040,test
7041,fit
7042,calibration
7043,fit
7044,fit
7045,calibration
7046,fit
7047,calibration
7048,fit
7049,fit
7050,test
7051,fit
7052,fit
7053,calibration
7054,test
7055,fit
7056,fit
7057,fit
7058,fit
7059,fit
7060,fit
7061,fit
7062,calibration
7063,calibration
7064,fit
7065,fit
7066,calibration
7067,test
7068,fit
7069,fit
7070,fit
7071,calibration
7072,fit
7073,fit
7074,fit
7075,fit
7076,calibration
7077,test
7078,fit
7079,calibration
7080,test
7081,fit
7082,calibration
7083,test
7084,fit
7085,fit
7086,calibration
7087,calibration
7088,test
7089,fit
7090,calibration
7091,fit
7092,fit
7093,calibration
7094,test
7095,calibration
7096,fit
7097,calibration
7098,calibration
7099,fit
7100,calibration
7101,fit
7102,fit
7103,calibration
7104,fit
7105,calibration
7106,test
7107,fit
7108,calibration
7109,test
7110,fit
7111,fit
7112,calibration
7113,calibration
7114,calibration
7115,test
7116,calibration
7117,calibration
7118,test
7119,test
7120,test
7121,test
7122,fit
7123,fit
7124,test
7125,fit
7126,fit
7127,fit
7128,fit
7129,fit
7130,fit
7131,test
7132,fit
7133,calibration
7134,fit
7135,fit
7136,calibration
7137,fit
7138,calibration
7139,fit
7140,fit
7141,fit
7142,calibration
7143,fit
7144,fit
7145,test
7146,test
7147,calibration
7148,fit
7149,fit
7150,fit
7151,fit
7152,fit
7153,fit
7154,fit
7155,fit
7156,test
7157,fit
7158,fit
7159,fit
7160,fit
7161,fit
7162,fit
7163,fit
7164,fit
7165,fit
7166,fit
7167,test
7168,calibration
7169,fit
7170,fit
7171,fit
7172,fit
7173,calibration
7174,test
7175,calibration
7176,test
7177,calibration
7178,fit
7179,test
7180,fit
7181,calibration
7182,fit
7183,calibration
7184,fit
7185,fit
7186,fit
7187,test
7188,test
7189,test
7190,calibration
7191,fit
7192,calibration
7193,fit
7194,test
7195,test
7196,calibration
7197,test
7198,fit
7199,fit
7200,test
7201,fit
7202,fit
7203,fit
7204,fit
7205,fit
7206,fit
7207,fit
7208,fit
7209,test
7210,fit
7211,fit
7212,test
7213,fit
7214,fit
7215,fit
7216,fit
7217,test
7218,fit
7219,fit
7220,fit
7221,fit
7222,fit
7223,test
7224,fit
7225,fit
7226,test
7227,fit
7228,fit
7229,fit
7231,fit
7232,fit
7233,calibration
7234,fit
7235,fit
7236,fit
7237,calibration
7238,fit
7239,fit
7240,calibration
7241,calibration
7242,fit
7243,fit
7244,fit
7245,fit
7246,fit
7247,test
7248,fit
7249,fit
7250,fit
7251,test
7252,fit
7253,fit
7254,test
7255,test
7256,calibration
7257,calibration
7258,calibration
7259,test
7260,fit
7261,fit
7262,fit
7263,test
7264,test
7265,fit
7266,test
7267,fit
7268,fit
7269,test
7270,fit
7271,fit
7272,calibration
7273,test
7274,fit
7275,calibration
7276,calibration
7278,fit
7279,fit
7280,fit
7281,test
7282,fit
7283,fit
7284,calibration
7286,calibration
7287,calibration
7288,fit
7289,fit
7291,test
7292,test
7293,test
7295,test
7296,fit
7297,fit
7298,calibration
7299,test
7300,test
7301,fit
7302,fit
7303,calibration
7304,test
7305,fit
7306,fit
7307,calibration
7308,fit
7309,fit
7310,calibration
7311,fit
7312,test
7313,fit
7314,calibration
7315,fit
7316,fit
7317,test
7318,calibration
7319,fit
7320,test
7321,fit
7322,fit
7323,fit
7324,calibration
7325,fit
7326,fit
7327,test
7328,fit
7330,fit
7331,fit
7332,fit
7333,calibration
7334,fit
7335,calibration
7336,fit
7337,fit
7338,fit
7339,fit
7340,fit
7341,test
7342,fit
7343,fit
7344,fit
7345,fit
7346,fit
7347,fit
7348,test
7349,calibration
7350,test
7351,fit
7352,test
7353,calibration
7354,test
7355,calibration
7356,fit
7357,fit
7358,fit
7359,test
7360,fit
7361,fit
7362,fit
7363,test
7364,fit
7365,fit
7366,fit
7367,calibration
7368,test
7369,fit
7370,calibration
7371,calibration
7372,fit
7373,calibration
7374,calibration
7375,fit
7376,calibration
7378,test
7379,test
7380,fit
7381,fit
7382,fit
7383,fit
7384,test
7385,fit
7386,calibration
7387,fit
7388,test
7389,fit
7390,test
7391,fit
7392,fit
7393,fit
7394,fit
7395,fit
7396,fit
7398,fit
7399,test
7400,test
7401,fit
7402,fit
7403,fit
7404,fit
7405,test
7406,fit
7407,calibration
7408,fit
7409,test
7410,calibration
7411,fit
7412,calibration
7413,calibration
7414,calibration
7415,test
7416,fit
7417,fit
7418,test
7419,calibration
7420,fit
7421,fit
7422,fit
7423,calibration
7424,fit
7426,test
7427,fit
7428,test
7429,test
7430,fit
7431,test
7432,fit
7433,fit
7434,calibration
7435,fit
7436,fit
7437,test
7438,test
7439,fit
7440,calibration
7441,test
7442,fit
7443,fit
7444,test
7445,calibration
7446,fit
7447,fit
7448,fit
7449,calibration
7450,calibration
7451,fit
7452,calibration
7453,test
7454,test
7455,fit
7456,calibration
7457,calibration
7459,fit
7460,test
7461,test
7462,fit
7463,fit
7464,test
7465,calibration
7466,test
7467,fit
7468,fit
7469,fit
7471,fit
7472,fit
7473,test
7474,fit
7475,fit
7477,fit
7478,test
7479,test
7480,fit
7481,fit
7482,calibration
7483,test
7484,calibration
7485,calibration
7486,test
7487,test
7488,fit
7489,fit
7490,fit
7491,calibration
7492,test
7493,fit
7494,fit
7495,fit
7496,test
7497,fit
7498,fit
7499,test
7500,calibration
7501,fit
7502,fit
7503,fit
7504,calibration
7505,calibration
7506,fit
7507,fit
7508,fit
7509,fit
7510,fit
7511,fit
7512,fit
7513,calibration
7514,fit
7515,fit
7516,test
7517,calibration
7518,calibration
7519,fit
7520,calibration
7521,fit
7522,calibration
7523,fit
7524,fit
7525,calibration
7527,fit
7528,fit
7529,calibration
7530,fit
7531,fit
7532,calibration
7533,calibration
7534,fit
7535,fit
7536,fit
7537,fit
7538,fit
7539,fit
7540,fit
7541,calibration
7542,calibration
7543,calibration
7544,calibration
7545,fit
7546,calibration
7547,test
7548,fit
7549,test
7550,fit
7551,fit
7552,fit
7553,fit
7554,fit
7555,fit
7556,fit
7557,calibration
7558,test
7559,fit
7560,fit
7561,fit
7562,fit
7563,calibration
7564,calibration
7565,test
7566,fit
7567,fit
7568,fit
7569,fit
7570,fit
7571,test
7572,fit
7573,fit
7574,fit
7575,test
7577,fit
7578,fit
7579,fit
7580,fit
7581,fit
7582,fit
7583,calibration
7584,fit
7585,fit
7586,fit
7587,test
7588,test
7589,fit
7590,fit
7592,test
7593,test
7594,fit
7595,test
7596,fit
7597,fit
7598,fit
7599,fit
7600,fit
7601,fit
7602,fit
7603,calibration
7604,calibration
7605,fit
7606,test
7607,fit
7608,fit
7609,calibration
7610,fit
7611,calibration
7612,fit
7613,calibration
7614,fit
7616,fit
7617,test
7618,fit
7619,fit
7620,test
7621,fit
7622,test
7623,fit
7624,fit
7625,test
7626,calibration
7628,calibration
7629,fit
7630,calibration
7631,calibration
7633,fit
7634,fit
7635,fit
7636,fit
7637,fit
7638,fit
7639,fit
7640,fit
7641,fit
7642,fit
7643,fit
7644,test
7645,fit
7646,calibration
7647,test
7648,calibration
7649,test
7650,test
7651,fit
7652,fit
7653,test
7654,test
7655,fit
7656,fit
7657,test
7658,fit
7659,fit
7660,fit
7661,fit
7662,fit
7663,fit
7665,calibration
7666,test
7667,fit
7668,test
7669,calibration
7670,calibration
7671,fit
7672,test
7673,fit
7674,fit
7675,fit
7676,calibration
7677,calibration
7678,test
7679,fit
7680,fit
7681,calibration
7682,calibration
7683,fit
7684,fit
7685,test
7686,test
7687,test
7688,calibration
7689,fit
7690,fit
7691,fit
7692,fit
7693,fit
7694,fit
7695,fit
7698,fit
7699,fit
7700,fit
7701,fit
7702,fit
7703,test
7704,calibration
7705,test
7706,fit
7707,fit
7708,fit
7709,fit
7710,fit
7711,fit
7713,fit
7714,fit
7715,fit
7716,calibration
7717,fit
7718,fit
7719,fit
7720,fit
7721,fit
7722,fit
7723,test
7724,fit
7725,fit
7726,calibration
7727,test
7728,fit
7729,fit
7730,fit
7731,test
7732,fit
7733,fit
7734,fit
7735,fit
7736,fit
7737,calibration
7738,test
7739,fit
7740,fit
7742,test
7743,fit
7744,fit
7745,fit
7746,calibration
7747,test
7748,fit
7749,calibration
7750,fit
7751,fit
7752,fit
7753,fit
7754,fit
7755,calibration
7756,calibration
7757,test
7758,fit
7759,fit
7760,test
7761,calibration
7762,fit
7763,fit
7764,calibration
7765,fit
7766,test
7767,test
7768,calibration
7769,fit
7770,test
7771,calibration
7772,test
7773,fit
7774,calibration
7775,fit
7776,fit
7777,calibration
7778,fit
7779,calibration
7780,test
7781,test
7782,fit
7783,fit
7784,test
7785,calibration
7786,fit
7787,calibration
7788,fit
7789,fit
7790,calibration
7791,fit
7792,fit
7793,fit
7794,fit
7795,calibration
7796,fit
7797,test
7798,test
7799,fit
7800,fit
7801,test
7802,calibration
7803,test
7804,fit
7805,fit
7806,test
7807,fit
7808,fit
7809,test
7810,fit
7811,fit
7812,fit
7813,fit
7814,fit
7815,fit
7816,test
7817,test
7818,fit
7819,fit
7820,fit
7821,fit
7822,calibration
7823,fit
7824,calibration
7825,calibration
7826,fit
7827,fit
7828,fit
7829,test
7830,calibration
7831,fit
7832,fit
7833,fit
7834,fit
7835,calibration
7836,fit
7837,fit
7838,calibration
7839,fit
7840,fit
7841,fit
7842,fit
7844,test
7845,test
7846,calibration
7847,fit
7848,calibration
7849,calibration
7850,calibration
7851,test
7852,calibration
7853,fit
7854,calibration
7855,calibration
7856,fit
7857,fit
7860,test
7861,fit
7862,fit
7863,fit
7864,calibration
7865,fit
7866,fit
7867,calibration
7868,test
7869,fit
7870,fit
7871,fit
7872,fit
7873,fit
7874,fit
7875,fit
7876,fit
7877,test
7878,fit
7879,fit
7880,fit
7881,test
7882,fit
7883,fit
7884,calibration
7885,calibration
7887,fit
7888,test
7889,fit
7890,fit
7891,test
7892,fit
7893,fit
7894,fit
7895,fit
7896,fit
7897,calibration
7898,fit
7899,fit
7900,fit
7901,test
7902,test
7904,fit
7905,fit
7906,fit
7907,calibration
7908,calibration
7909,calibration
7910,fit
7911,test
7912,fit
7913,test
7914,test
7915,fit
7916,fit
7917,fit
7918,fit
7919,calibration
7920,fit
7921,fit
7922,calibration
7924,fit
7925,calibration
7926,fit
7927,fit
7928,fit
7929,calibration
7930,test
7931,fit
7932,fit
7933,test
7934,fit
7935,test
7936,fit
7937,test
7938,fit
7939,calibration
7940,test
7941,fit
7942,fit
7943,fit
7944,fit
7945,fit
7946,calibration
7947,fit
7948,test
7949,fit
7950,fit
7951,fit
7952,calibration
7953,test
7954,test
7955,fit
7956,calibration
7957,fit
7958,calibration
7959,calibration
7960,calibration
7962,test
7963,fit
7964,calibration
7965,calibration
7966,calibration
7967,fit
7968,fit
7969,fit
7970,calibration
7972,test
7973,test
7974,fit
7976,fit
7977,calibration
7979,fit
7980,test
7981,fit
7982,fit
7983,fit
7984,calibration
7985,fit
7986,fit
7987,fit
7988,test
7989,test
7990,fit
7991,test
7992,fit
7993,fit
7994,fit
7995,test
7996,fit
7997,fit
7998,fit
7999,fit
8000,test
8001,fit
8002,calibration
8003,fit
8004,fit
8005,fit
8006,fit
8007,fit
8008,fit
8009,calibration
8011,test
8012,calibration
8013,test
8014,fit
8015,fit
8016,calibration
8017,fit
8018,calibration
8019,fit
8020,fit
8021,fit
8022,test
8023,test
8024,fit
8025,fit
8026,fit
8027,test
8028,fit
8029,fit
8030,fit
8031,test
8032,fit
8033,calibration
8035,test
8036,calibration
8037,fit
8038,test
8039,fit
8040,fit
8041,test
8042,test
8043,fit
8044,calibration
8045,fit
8046,fit
8047,fit
8048,calibration
8049,fit
8050,test
8051,fit
8052,fit
8053,fit
8054,fit
8055,fit
8056,calibration
8057,fit
8058,calibration
8060,test
8061,fit
8062,fit
8063,fit
8064,calibration
8066,fit
8067,fit
8068,fit
8069,fit
8070,fit
8071,fit
8072,fit
8073,calibration
8074,test
8075,fit
8077,calibration
8078,fit
8079,fit
8080,fit
8081,fit
8083,fit
8084,fit
8085,test
8086,calibration
8087,fit
8088,fit
8089,calibration
8090,fit
8092,test
8093,fit
8094,calibration
8095,fit
8096,fit
8097,fit
8098,fit
8099,calibration
8100,calibration
8101,calibration
8102,fit
8103,test
8104,calibration
8106,fit
8107,fit
8108,calibration
8109,test
8110,fit
8111,fit
8112,test
8113,fit
8114,test
8115,test
8116,fit
8117,calibration
8118,calibration
8119,calibration
8120,fit
8121,fit
8122,fit
8123,fit
8124,test
8125,fit
8126,fit
8127,calibration
8129,test
8130,fit
8131,fit
8132,fit
8133,fit
8135,fit
8136,calibration
8137,fit
8138,test
8139,fit
8140,fit
8141,fit
8142,fit
8143,fit
8144,fit
8145,fit
8146,test
8147,fit
8148,fit
8149,fit
8150,calibration
8151,fit
8152,test
8153,test
8154,test
8155,calibration
8156,fit
8157,fit
8158,fit
8159,fit
8160,calibration
8161,fit
8162,calibration
8163,fit
8164,fit
8165,fit
8166,test
8167,fit
8168,fit
8169,fit
8171,calibration
8172,calibration
8173,calibration
8174,fit
8175,fit
8176,fit
8177,fit
8178,calibration
8179,calibration
8180,fit
8181,test
8182,calibration
8183,fit
8184,fit
8185,fit
8186,fit
8187,test
8188,fit
8189,fit
8190,test
8191,fit
8192,test
8194,test
8195,fit
8196,fit
8197,test
8198,calibration
8199,fit
8200,fit
8201,calibration
8202,fit
8203,calibration
8204,calibration
8205,test
8206,fit
8207,fit
8208,test
8209,fit
8210,calibration
8211,fit
8212,fit
8213,test
8214,calibration
8215,fit
8216,fit
8217,fit
8218,calibration
8219,fit
8220,test
8221,fit
8222,fit
8223,test
8224,fit
8225,test
8226,fit
8227,fit
8228,calibration
8229,fit
8230,fit
8231,test
8232,test
8233,fit
8234,calibration
8235,fit
8236,fit
8238,fit
8239,calibration
8240,fit
8241,fit
8242,fit
8243,fit
8244,fit
8245,fit
8246,calibration
8247,fit
8248,fit
8249,test
8250,fit
8253,test
8254,fit
8255,fit
8256,fit
8257,fit
8259,fit
8260,fit
8261,calibration
8262,calibration
8263,fit
8264,fit
8265,fit
8266,fit
8267,test
8268,fit
8269,fit
8270,fit
8271,fit
8272,calibration
8273,fit
8274,fit
8275,calibration
8276,calibration
8277,fit
8278,test
8279,fit
8280,fit
8281,fit
8282,test
8283,fit
8284,fit
8285,calibration
8286,test
8287,test
8288,fit
8289,fit
8290,calibration
8291,calibration
8292,fit
8293,fit
8294,calibration
8295,test
8296,calibration
8297,calibration
8298,fit
8299,calibration
8300,fit
8301,test
8302,fit
8303,fit
8304,fit
8305,fit
8306,fit
8307,fit
8308,test
8309,calibration
8310,fit
8311,fit
8312,test
8313,test
8314,calibration
8316,test
8317,test
8318,calibration
8319,test
8321,test
8322,fit
8323,calibration
8324,fit
8325,calibration
8326,fit
8327,fit
8328,calibration
8329,calibration
8330,fit
8331,calibration
8332,test
8333,calibration
8334,fit
8335,fit
8336,test
8337,fit
8338,fit
8339,fit
8340,fit
8341,fit
8342,fit
8343,fit
8344,test
8345,fit
8346,calibration
8347,fit
8348,fit
8349,fit
8350,calibration
8351,test
8352,test
8353,fit
8354,fit
8355,fit
8356,fit
8357,calibration
8358,fit
8359,test
8360,calibration
8361,calibration
8362,fit
8363,fit
8365,fit
8366,test
8367,fit
8369,fit
8370,fit
8372,fit
8373,calibration
8374,test
8375,fit
8376,fit
8377,calibration
8378,test
8379,test
8380,fit
8381,fit
8382,fit
8383,test
8384,fit
8385,fit
8386,calibration
8387,calibration
8388,calibration
8389,test
8390,fit
8391,test
8392,fit
8393,fit
8394,fit
8395,fit
8396,calibration
8397,fit
8398,calibration
8399,calibration
8400,fit
8401,calibration
8402,fit
8403,fit
8404,fit
8405,calibration
8406,fit
8407,fit
8408,fit
8409,fit
8410,fit
8411,calibration
8412,fit
8413,calibration
8414,fit
8415,fit
8417,fit
8418,fit
8419,calibration
8421,fit
8422,test
8423,fit
8424,test
8425,fit
8426,fit
8427,test
8428,fit
8429,test
8430,test
8431,fit
8432,calibration
8433,test
8434,test
8435,fit
8436,fit
8437,fit
8438,calibration
8439,fit
8440,fit
8441,test
8442,fit
8443,fit
8444,calibration
8445,fit
8446,fit
8447,calibration
8448,fit
8450,fit
8451,fit
8453,fit
8454,fit
8455,fit
8457,fit
8458,fit
8459,calibration
8460,fit
8461,fit
8462,fit
8464,fit
8466,calibration
8467,fit
8468,fit
8469,fit
8470,fit
8471,test
8472,fit
8473,fit
8474,fit
8475,fit
8476,fit
8477,test
8478,fit
8479,fit
8480,calibration
8481,fit
8482,test
8483,fit
8484,fit
8485,fit
8486,fit
8487,fit
8488,fit
8489,fit
8490,fit
8491,calibration
8492,fit
8493,fit
8494,test
8495,test
8496,fit
8497,test
8498,calibration
8499,fit
8500,fit
8501,fit
8503,test
8504,fit
8505,calibration
8506,test
8507,fit
8508,calibration
8509,fit
8510,fit
8511,fit
8513,fit
8514,fit
8515,fit
8516,fit
8517,test
8519,fit
8520,fit
8521,test
8522,fit
8523,calibration
8524,fit
8525,test
8526,fit
8527,fit
8528,fit
8529,test
8530,fit
8531,test
8532,fit
8533,fit
8534,test
8535,test
8536,fit
8537,fit
8538,fit
8539,fit
8540,test
8541,fit
8542,test
8543,fit
8544,fit
8545,test
8546,test
8547,fit
8548,fit
8549,calibration
8550,test
8552,test
8553,calibration
8554,fit
8555,calibration
8556,fit
8557,fit
8558,fit
8559,calibration
8560,fit
8561,calibration
8562,test
8563,fit
8564,calibration
8565,fit
8566,calibration
8567,fit
8568,fit
8569,fit
8570,calibration
8571,calibration
8573,fit
8574,fit
8575,calibration
8576,fit
8577,fit
8578,calibration
8579,fit
8580,test
8581,calibration
8582,fit
8583,test
8584,calibration
8585,fit
8586,fit
8587,fit
8588,fit
8589,calibration
8590,fit
8591,fit
8592,fit
8593,fit
8595,fit
8596,fit
8597,test
8598,fit
8599,fit
8600,test
8601,test
8602,fit
8603,test
8604,fit
8605,fit
8606,fit
8607,test
8608,fit
8609,fit
8610,fit
8611,fit
8612,fit
8613,fit
8614,fit
8615,fit
8616,fit
8617,calibration
8618,fit
8619,fit
8620,test
8621,fit
8622,test
8623,test
8624,calibration
8625,fit
8626,fit
8627,test
8628,fit
8629,fit
8630,fit
8631,fit
8632,fit
8633,fit
8634,fit
8635,test
8636,calibration
8637,test
8638,fit
8639,fit
8640,fit
8641,fit
8642,test
8644,fit
8645,calibration
8646,fit
8647,fit
8648,fit
8649,fit
8650,fit
8651,test
8652,fit
8654,fit
8655,test
8656,calibration
8657,fit
8658,fit
8659,fit
8660,fit
8661,fit
8662,test
8663,fit
8664,fit
8665,fit
8666,test
8667,test
8668,test
8670,fit
8671,fit
8672,test
8673,fit
8674,fit
8675,fit
8676,calibration
8677,fit
8678,fit
8679,fit
8680,fit
8681,calibration
8682,test
8684,test
8685,fit
8686,fit
8687,test
8688,fit
8689,fit
8690,fit
8692,calibration
8693,fit
8694,calibration
8695,fit
8696,fit
8697,fit
8698,fit
8699,test
8700,test
8701,fit
8702,fit
8703,test
8704,fit
8705,fit
8706,fit
8707,test
8708,fit
8709,fit
8710,fit
8711,test
8712,fit
8713,test
8714,fit
8715,calibration
8716,test
8717,calibration
8718,fit
8719,fit
8720,fit
8721,fit
8722,fit
8723,fit
8724,test
8725,calibration
8726,test
8727,fit
8728,fit
8729,calibration
8730,calibration
8731,test
8732,fit
8733,test
8734,test
8735,test
8737,fit
8738,fit
8739,test
8741,calibration
8742,fit
8743,calibration
8744,fit
8745,fit
8746,test
8747,fit
8748,fit
8749,test
8750,fit
8751,fit
8753,test
8754,fit
8755,test
8756,test
8757,fit
8758,calibration
8759,calibration
8760,test
8761,test
8762,test
8763,fit
8764,test
8765,fit
8766,fit
8767,fit
8768,fit
8769,fit
8770,fit
8771,calibration
8772,test
8773,calibration
8774,fit
8775,fit
8776,fit
8778,test
8779,fit
8780,fit
8781,fit
8782,fit
8783,fit
8784,fit
8785,fit
8786,fit
8787,fit
8788,fit
8789,fit
8790,calibration
8791,test
8792,fit
8793,fit
8794,calibration
8795,test
8797,fit
8798,fit
8799,fit
8800,fit
8801,fit
8802,test
8803,calibration
8804,fit
8805,fit
8806,fit
8807,fit
8808,test
8809,fit
8810,fit
8811,fit
8812,fit
8813,fit
8814,fit
8815,test
8816,calibration
8817,fit
8818,test
8819,calibration
8820,fit
8822,fit
8823,calibration
8825,fit
8827,fit
8828,fit
8829,calibration
8830,test
8831,fit
8832,fit
8833,fit
8834,fit
8835,fit
8836,calibration
8837,test
8838,fit
8839,fit
8840,fit
8841,test
8842,fit
8843,fit
8844,calibration
8845,test
8846,fit
8847,fit
8848,fit
8849,fit
8850,test
8851,fit
8852,calibration
8854,test
8855,fit
8856,calibration
8857,fit
8858,fit
8859,fit
8860,calibration
8861,fit
8862,fit
8863,calibration
8864,test
8865,fit
8866,calibration
8867,fit
8868,fit
8869,fit
8870,fit
8871,fit
8872,fit
8873,fit
8874,fit
8875,test
8876,fit
8877,fit
8878,fit
8879,calibration
8880,fit
8881,test
8882,test
8883,fit
8884,test
8885,calibration
8886,fit
8888,calibration
8889,fit
8890,test
8891,fit
8892,test
8893,fit
8895,calibration
8896,fit
8897,test
8898,calibration
8899,fit
8900,fit
8901,calibration
8902,test
8903,fit
8904,fit
8905,test
8906,fit
8907,calibration
8908,fit
8909,fit
8910,fit
8911,calibration
8912,calibration
8913,calibration
8914,fit
8916,calibration
8917,calibration
8918,test
8919,fit
8920,fit
8921,fit
8922,fit
8923,calibration
8924,calibration
8925,fit
8926,calibration
8927,test
8928,fit
8929,fit
8930,calibration
8932,fit
8933,fit
8934,fit
8935,fit
8936,fit
8937,test
8938,fit
8939,fit
8940,fit
8942,test
8943,calibration
8944,test
8945,calibration
8946,fit
8947,calibration
8948,test
8949,fit
8950,calibration
8951,fit
8952,fit
8953,fit
8954,fit
8955,calibration
8956,calibration
8957,fit
8958,calibration
8959,fit
8960,calibration
8961,fit
8962,fit
8963,fit
8964,fit
8965,fit
8966,fit
8967,test
8968,fit
8969,fit
8971,fit
8972,test
8973,test
8974,fit
8975,test
8976,test
8977,fit
8978,fit
8979,fit
8980,fit
8981,fit
8982,fit
8983,calibration
8984,fit
8985,test
8986,fit
8987,fit
8988,fit
8989,test
8990,calibration
8992,calibration
8993,calibration
8994,test
8995,test
8996,fit
8997,fit
8998,calibration
8999,test
9000,fit
9001,fit
9002,fit
9003,fit
9005,fit
9006,fit
9007,test
9008,fit
9009,fit
9010,fit
9011,fit
9012,fit
9013,calibration
9014,calibration
9015,fit
9016,fit
9017,fit
9018,fit
9019,test
9020,fit
9021,fit
9023,fit
9024,fit
9025,fit
9026,fit
9027,test
9028,fit
9029,test
9030,fit
9032,test
9034,calibration
9035,test
9036,fit
9037,calibration
9038,test
9039,test
9040,fit
9041,fit
9042,calibration
9043,fit
9044,fit
9045,fit
9046,fit
9047,fit
9049,test
9050,fit
9051,test
9052,calibration
9053,fit
9054,fit
9055,fit
9056,test
9057,fit
9058,fit
9059,fit
9060,fit
9061,fit
9062,fit
9064,fit
9065,fit
9066,fit
9068,calibration
9069,fit
9070,fit
9071,fit
9072,fit
9073,calibration
9074,fit
9075,test
9076,fit
9077,fit
9078,calibration
9079,fit
9080,fit
9081,test
9082,fit
9083,fit
9084,fit
9085,calibration
9086,test
9087,fit
9088,calibration
9089,fit
9090,test
9091,test
9092,fit
9093,fit
9094,fit
9095,calibration
9096,fit
9097,test
9098,fit
9099,fit
9100,fit
9101,fit
9102,calibration
9103,fit
9104,fit
9105,test
9106,fit
9107,fit
9108,fit
9109,calibration
9110,fit
9111,fit
9112,fit
9113,fit
9114,fit
9115,test
9116,test
9117,fit
9118,fit
9119,fit
9120,fit
9121,fit
9122,fit
9123,fit
9124,calibration
9125,fit
9126,fit
9128,test
9129,fit
9130,calibration
9131,test
9132,fit
9133,fit
9134,calibration
9135,fit
9136,calibration
9137,test
9138,fit
9139,test
9140,fit
9141,fit
9142,fit
9143,fit
9144,fit
9145,fit
9146,fit
9147,fit
9148,calibration
9149,fit
9150,fit
9152,fit
9153,fit
9154,fit
9155,fit
9156,fit
9157,calibration
9158,fit
9159,fit
9160,test
9161,fit
9163,fit
9164,fit
9165,calibration
9166,test
9167,fit
9168,fit
9169,fit
9170,fit
9171,fit
9172,fit
9173,fit
9174,fit
9175,calibration
9176,fit
9177,fit
9178,test
9179,test
9180,fit
9181,test
9182,calibration
9183,fit
9184,test
9186,fit
9187,fit
9188,calibration
9189,test
9190,fit
9191,calibration
9192,fit
9193,calibration
9194,fit
9195,test
9196,fit
9197,test
9198,calibration
9199,fit
9200,fit
9201,fit
9202,test
9203,calibration
9204,fit
9205,fit
9206,calibration
9207,fit
9209,fit
9210,test
9211,fit
9212,fit
9213,test
9214,test
9215,fit
9216,calibration
9217,fit
9218,fit
9219,calibration
9220,test
9221,fit
9222,fit
9223,fit
9224,test
9225,test
9226,fit
9227,calibration
9228,fit
9229,calibration
9230,calibration
9231,calibration
9232,fit
9233,test
9234,fit
9235,test
9236,calibration
9237,fit
9238,fit
9239,calibration
9240,calibration
9241,fit
9242,test
9243,fit
9244,fit
9245,fit
9246,fit
9248,test
9249,calibration
9250,fit
9251,fit
9252,fit
9253,fit
9254,calibration
9255,fit
9256,fit
9257,fit
9258,fit
9259,fit
9260,fit
9261,calibration
9262,test
9263,test
9264,fit
9265,fit
9266,test
9267,test
9268,fit
9269,fit
9270,fit
9271,calibration
9272,calibration
9273,fit
9274,calibration
9275,calibration
9276,fit
9277,calibration
9278,fit
9279,calibration
9280,test
9281,calibration
9282,calibration
9283,calibration
9284,test
9285,test
9286,fit
9287,calibration
9288,fit
9289,fit
9290,fit
9291,calibration
9292,calibration
9293,fit
9294,fit
9295,test
9296,test
9297,fit
9298,calibration
9299,calibration
9300,test
9301,calibration
9303,fit
9304,fit
9305,fit
9306,calibration
9307,fit
9308,fit
9309,fit
9311,test
9312,fit
9313,fit
9314,test
9315,fit
9316,test
9317,calibration
9318,test
9319,fit
9320,fit
9321,calibration
9322,test
9323,fit
9324,fit
9325,fit
9326,fit
9327,test
9328,fit
9329,fit
9330,calibration
9331,calibration
9332,calibration
9333,fit
9334,fit
9335,test
9336,fit
9337,fit
9338,fit
9339,fit
9340,test
9341,test
9342,fit
9344,fit
9345,fit
9347,fit
9348,fit
9349,calibration
9350,calibration
9351,fit
9352,test
9353,calibration
9354,fit
9355,calibration
9356,fit
9357,fit
9358,fit
9359,fit
9360,test
9361,fit
9362,test
9363,fit
9364,calibration
9365,fit
9366,calibration
9367,test
9369,fit
9370,fit
9371,fit
9373,fit
9374,test
9375,calibration
9376,fit
9377,fit
9378,calibration
9379,fit
9380,test
9381,fit
9382,fit
9383,fit
9384,fit
9385,fit
9386,fit
9388,fit
9389,calibration
9390,fit
9391,fit
9392,calibration
9393,fit
9394,fit
9395,fit
9396,fit
9397,test
9399,test
9400,fit
9401,fit
9402,fit
9403,fit
9404,fit
9405,test
9406,fit
9407,fit
9408,test
9409,fit
9410,calibration
9411,test
9412,fit
9413,fit
9414,test
9415,calibration
9416,test
9417,fit
9418,fit
9419,fit
9420,fit
9421,test
9422,test
9423,fit
9424,fit
9426,fit
9427,fit
9428,test
9429,fit
9430,calibration
9431,fit
9432,calibration
9433,fit
9434,fit
9435,calibration
9436,fit
9437,fit
9438,fit
9439,fit
9440,fit
9441,fit
9442,test
9443,fit
9444,fit
9445,fit
9446,test
9447,calibration
9448,fit
9449,calibration
9450,fit
9451,fit
9452,fit
9453,calibration
9454,fit
9455,fit
9456,fit
9457,test
9458,fit
9459,test
9460,fit
9461,test
9462,calibration
9463,fit
9464,fit
9465,test
9466,fit
9467,fit
9469,test
9470,fit
9472,calibration
9473,fit
9474,fit
9475,fit
9476,fit
9478,test
9479,fit
9481,calibration
9482,test
9483,fit
9484,fit
9485,fit
9486,fit
9487,fit
9488,fit
9489,test
9490,fit
9491,fit
9492,fit
9493,fit
9494,fit
9495,fit
9496,test
9497,fit
9498,fit
9499,test
9500,fit
9501,calibration
9502,fit
9503,fit
9504,test
9505,calibration
9506,fit
9507,calibration
9508,fit
9509,fit
9510,test
9511,fit
9512,fit
9513,fit
9514,fit
9515,calibration
9516,calibration
9517,fit
9518,fit
9519,fit
9520,calibration
9521,fit
9522,fit
9523,test
9524,fit
9525,test
9526,calibration
9527,test
9528,fit
9529,fit
9530,fit
9531,test
9532,fit
9533,fit
9534,test
9535,fit
9536,fit
9537,fit
9538,fit
9539,test
9540,test
9541,test
9542,fit
9543,fit
9544,fit
9545,fit
9546,calibration
9547,test
9548,fit
9549,test
9550,fit
9551,test
9552,fit
9553,calibration
9554,calibration
9555,test
9556,calibration
9557,fit
9558,fit
9559,calibration
9560,test
9561,calibration
9562,fit
9563,fit
9564,calibration
9565,fit
9566,fit
9567,fit
9568,fit
9569,test
9570,fit
9572,fit
9573,fit
9574,fit
9575,test
9576,fit
9577,fit
9578,fit
9580,calibration
9581,calibration
9582,fit
9583,fit
9584,fit
9585,test
9586,fit
9587,fit
9588,test
9589,fit
9590,test
9591,fit
9592,test
9593,test
9594,fit
9595,test
9596,test
9597,calibration
9598,fit
9599,test
9600,fit
9601,calibration
9602,calibration
9603,test
9604,test
9605,fit
9606,calibration
9607,test
9608,calibration
9609,calibration
9610,fit
9611,fit
9612,test
9613,fit
9614,fit
9615,calibration
9616,test
9617,fit
9618,fit
9619,fit
9620,fit
9622,calibration
9623,fit
9624,test
9625,calibration
9626,fit
9627,fit
9628,test
9629,fit
9630,fit
9631,fit
9632,fit
9633,test
9635,calibration
9636,fit
9637,test
9638,fit
9639,calibration
9640,test
9641,fit
9642,calibration
9643,fit
9644,fit
9645,test
9646,fit
9647,fit
9648,fit
9649,test
9650,test
9651,calibration
9652,calibration
9653,fit
9654,calibration
9655,fit
9656,test
9657,calibration
9658,fit
9659,test
9660,test
9661,fit
9662,fit
9663,test
9664,fit
9665,fit
9666,fit
9667,fit
9668,fit
9669,calibration
9670,fit
9671,calibration
9672,fit
9673,fit
9674,test
9675,test
9676,fit
9677,fit
9678,fit
9679,fit
9680,calibration
9681,test
9682,calibration
9683,calibration
9684,fit
9685,test
9686,fit
9687,fit
9688,test
9689,fit
9690,fit
9691,calibration
9693,test
9694,fit
9695,calibration
9696,test
9697,calibration
9698,test
9699,fit
9700,calibration
9701,test
9703,fit
9704,fit
9705,fit
9706,fit
9707,fit
9708,calibration
9709,fit
9710,fit
9711,calibration
9712,fit
9713,fit
9714,test
9715,fit
9716,fit
9717,test
9718,fit
9719,fit
9720,fit
9721,calibration
9722,fit
9723,fit
9724,fit
9725,fit
9726,fit
9727,fit
9728,fit
9729,fit
9730,fit
9731,calibration
9732,calibration
9733,fit
9734,fit
9735,fit
9737,test
9739,test
9741,fit
9742,fit
9743,calibration
9744,fit
9745,fit
9746,fit
9747,fit
9748,calibration
9749,fit
9750,fit
9751,fit
9752,test
9753,fit
9754,fit
9755,fit
9756,test
9757,fit
9758,calibration
9759,test
9760,fit
9761,test
9762,test
9763,calibration
9764,calibration
9766,calibration
9767,fit
9768,fit
9769,fit
9770,fit
9771,test
9772,fit
9773,fit
9774,fit
9775,fit
9776,fit
9777,test
9778,calibration
9779,test
9780,fit
9781,fit
9782,test
9783,calibration
9784,fit
9785,test
9786,test
9787,calibration
9788,calibration
9789,fit
9790,test
9791,calibration
9792,calibration
9793,calibration
9794,fit
9795,fit
9796,calibration
9797,fit
9798,fit
9799,calibration
9800,fit
9801,fit
9802,fit
9804,fit
9805,test
9806,fit
9807,fit
9809,fit
9810,calibration
9811,fit
9812,fit
9813,fit
9814,calibration
9816,calibration
9817,test
9818,fit
9819,fit
9820,fit
9821,fit
9822,calibration
9823,calibration
9824,fit
9825,fit
9826,test
9827,fit
9829,calibration
9830,calibration
9831,fit
9832,fit
9833,calibration
9834,fit
9835,fit
9836,fit
9837,calibration
9838,fit
9839,test
9840,calibration
9841,fit
9842,fit
9843,fit
9844,test
9845,fit
9846,calibration
9847,fit
9848,calibration
9849,fit
9850,calibration
9851,test
9852,calibration
9853,test
9854,fit
9856,fit
9857,calibration
9858,fit
9859,fit
9860,test
9861,calibration
9862,fit
9863,fit
9864,fit
9865,fit
9866,calibration
9867,calibration
9868,test
9869,fit
9870,calibration
9871,test
9872,calibration
9873,fit
9874,fit
9875,test
9876,fit
9877,calibration
9878,calibration
9879,test
9880,test
9881,fit
9882,calibration
9883,fit
9884,fit
9885,test
9886,fit
9887,calibration
9888,fit
9889,fit
9890,fit
9891,fit
9892,test
9893,test
9894,test
9895,calibration
9896,calibration
9897,fit
9898,fit
9899,fit
9900,fit
9901,calibration
9902,test
9903,fit
9904,test
9905,fit
9906,calibration
9907,calibration
9908,test
9909,fit
9910,fit
9911,fit
9912,fit
9913,test
9914,test
9916,test
9917,fit
9918,fit
9919,fit
9920,fit
9921,test
9922,fit
9923,fit
9925,fit
9926,calibration
9927,fit
9928,test
9929,calibration
9930,fit
9931,fit
9932,calibration
9933,calibration
9934,test
9935,fit
9936,fit
9937,test
9938,calibration
9939,fit
9940,test
9941,fit
9942,fit
9943,fit
9945,calibration
9946,test
9947,fit
9948,test
9949,fit
9951,calibration
9952,test
9953,fit
9954,fit
9955,test
9956,fit
9957,test
9958,fit
9959,fit
9960,fit
9961,test
9962,test
9963,calibration
9964,fit
9965,calibration
9966,fit
9967,fit
9968,fit
9969,fit
9970,calibration
9971,calibration
9972,calibration
9973,test
9974,calibration
9975,fit
9976,fit
9977,test
9978,test
9979,fit
9980,test
9981,test
9982,fit
9983,test
9984,fit
9985,calibration
9986,test
9987,fit
9988,fit
9989,fit
9990,fit
9991,calibration
9992,fit
9993,fit
9994,calibration
9995,fit
9996,calibration
9997,calibration
9998,fit
9999,fit
10000,fit
10001,test
10002,fit
10003,fit
10004,fit
10005,calibration
10006,fit
10007,fit
10008,calibration
10009,test
10010,test
10011,fit
10012,test
10013,test
10014,fit
10015,fit
10016,test
10017,calibration
10018,calibration
10019,test
10020,fit
10021,fit
10022,calibration
10023,fit
10024,test
10025,fit
10026,calibration
10027,fit
10028,test
10029,fit
10030,calibration
10031,fit
10032,test
10033,fit
10034,calibration
10035,test
10036,calibration
10037,test
10038,fit
10039,test
10040,calibration
10041,fit
10042,fit
10043,fit
10044,fit
10045,test
10046,fit
10047,test
10048,fit
10049,calibration
10050,fit
10051,test
10052,test
10053,fit
10054,fit
10056,fit
10057,fit
10058,fit
10059,fit
10060,fit
10061,fit
10062,calibration
10063,fit
10064,fit
10065,calibration
10066,fit
10067,test
10068,test
10069,fit
10070,fit
10072,test
10073,fit
10074,fit
10075,fit
10076,test
10077,calibration
10078,fit
10079,fit
10080,test
10081,calibration
10082,test
10083,calibration
10084,fit
10085,fit
10086,test
10087,fit
10088,calibration
10089,fit
10090,calibration
10091,fit
10092,fit
10093,fit
10094,calibration
10095,fit
10096,fit
10097,fit
10098,fit
10099,fit
10100,calibration
10101,fit
10102,fit
10103,calibration
10104,test
10106,fit
10107,calibration
10108,fit
10109,fit
10110,calibration
10111,fit
10112,fit
10113,fit
10114,test
10115,fit
10116,fit
10117,test
10118,fit
10119,test
10120,test
10121,fit
10122,fit
10123,calibration
10124,test
10125,fit
10126,fit
10127,fit
10128,fit
10129,fit
10130,fit
10131,fit
10132,fit
10133,fit
10134,test
10135,fit
10136,fit
10137,calibration
10138,fit
10139,fit
10140,fit
10141,calibration
10142,fit
10143,test
10144,fit
10145,fit
10146,calibration
10147,calibration
10149,test
10150,fit
10151,test
10152,fit
10153,fit
10154,fit
10155,fit
10156,fit
10157,fit
10158,fit
10159,test
10161,fit
10162,calibration
10163,test
10164,calibration
10165,fit
10166,calibration
10167,test
10169,test
10170,fit
10171,fit
10172,fit
10173,fit
10174,calibration
10175,calibration
10176,calibration
10177,calibration
10178,fit
10179,fit
10180,test
10181,calibration
10182,test
10183,fit
10184,test
10185,calibration
10186,fit
10187,calibration
10188,fit
10189,fit
10190,fit
10191,calibration
10192,test
10194,fit
10195,fit
10196,fit
10197,calibration
10198,calibration
10199,test
10200,fit
10201,test
10202,test
10203,fit
10204,fit
10205,fit
10206,calibration
10207,fit
10208,calibration
10209,fit
10210,fit
10212,test
10213,test
10214,fit
10215,calibration
10216,test
10217,fit
10218,fit
10219,calibration
10220,fit
10221,fit
10222,fit
10223,fit
10225,test
10226,calibration
10227,fit
10228,test
10229,test
10230,test
10231,fit
10233,calibration
10234,fit
10235,fit
10236,calibration
10237,fit
10238,calibration
10240,fit
10241,fit
10242,fit
10243,fit
10244,calibration
10245,fit
10246,calibration
10247,calibration
10248,test
10249,fit
10250,test
10251,calibration
10252,test
10253,test
10255,fit
10257,calibration
10258,fit
10259,fit
10260,fit
10261,test
10262,fit
10263,test
10264,calibration
10265,fit
10266,fit
10267,fit
10268,test
10269,fit
10270,fit
10272,fit
10273,fit
10274,fit
10275,fit
10276,test
10277,fit
10278,test
10279,fit
10280,calibration
10281,fit
10282,fit
10283,fit
10284,test
10285,test
10286,fit
10287,test
10288,fit
10289,fit
10290,fit
10291,test
10292,fit
10293,calibration
10294,calibration
10295,test
10296,fit
10297,fit
10298,fit
10299,fit
10300,fit
10301,fit
10302,fit
10303,fit
10304,fit
10305,test
10306,calibration
10307,fit
10308,fit
10309,calibration
10310,fit
10311,fit
10312,calibration
10313,calibration
10314,calibration
10315,fit
10316,fit
10317,calibration
10318,fit
10319,fit
10320,fit
10321,fit
10322,test
10323,calibration
10324,fit
10325,fit
10326,fit
10327,calibration
10328,calibration
10329,fit
10330,fit
10331,fit
10332,test
10333,fit
10335,test
10336,fit
10337,fit
10338,fit
10339,fit
10340,test
10341,fit
10342,fit
10343,fit
10344,fit
10345,fit
10346,fit
10347,calibration
10348,fit
10349,fit
10350,test
10351,fit
10352,test
10353,test
10354,calibration
10355,calibration
10356,test
10357,test
10358,fit
10359,fit
10360,fit
10361,fit
10362,fit
10363,fit
10364,fit
10366,fit
10367,calibration
10368,fit
10369,fit
10370,test
10371,fit
10372,fit
10373,fit
10374,calibration
10375,test
10376,fit
10377,fit
10378,fit
10379,fit
10382,test
10383,fit
10384,fit
10385,test
10386,fit
10388,fit
10389,fit
10390,fit
10391,calibration
10392,test
10393,fit
10394,test
10395,calibration
10396,calibration
10397,calibration
10398,fit
10399,fit
10400,test
10401,fit
10402,fit
10403,fit
10404,fit
10405,test
10407,fit
10408,test
10410,fit
10411,fit
10412,test
10413,fit
10414,fit
10415,fit
10416,fit
10417,fit
10418,fit
10419,test
10420,fit
10422,fit
10423,test
10424,test
10425,fit
10426,fit
10427,fit
10428,test
10429,fit
10430,fit
10431,test
10432,fit
10433,fit
10434,test
10435,fit
10436,calibration
10437,fit
10438,fit
10439,calibration
10440,calibration
10441,fit
10442,fit
10444,fit
10445,fit
10446,calibration
10448,fit
10449,calibration
10450,calibration
10451,fit
10452,fit
10453,test
10454,calibration
10455,fit
10456,fit
10457,calibration
10458,fit
10459,fit
10460,fit
10461,fit
10462,fit
10463,test
10464,fit
10465,calibration
10466,test
10467,fit
10468,calibration
10470,fit
10471,fit
10472,fit
10473,fit
10474,fit
10475,fit
10476,calibration
10477,test
10478,fit
10479,fit
10480,test
10481,test
10482,calibration
10483,fit
10484,test
10485,test
10486,fit
10487,fit
10488,fit
10489,fit
10490,fit
10491,fit
10492,fit
10493,calibration
10494,fit
10495,fit
10496,calibration
10497,fit
10498,fit
10499,fit
10500,fit
10501,fit
10502,calibration
10503,fit
10504,test
10505,fit
10506,calibration
10508,fit
10509,calibration
10511,fit
10512,fit
10513,calibration
10514,fit
10515,test
10516,calibration
10518,calibration
10519,fit
10520,fit
10521,fit
10522,calibration
10523,fit
10524,fit
10525,test
10526,fit
10527,fit
10528,calibration
10529,calibration
10530,fit
10531,fit
10533,fit
10534,test
10535,calibration
10536,fit
10537,calibration
10538,test
10539,test
10541,fit
10542,calibration
10543,fit
10544,fit
10545,fit
10546,fit
10547,fit
10548,calibration
10549,fit
10550,fit
10551,fit
10552,fit
10553,fit
10554,fit
10555,fit
10556,calibration
10557,fit
10558,fit
10560,fit
10561,test
10562,fit
10563,fit
10564,test
10565,fit
10566,test
10567,calibration
10568,test
10569,test
10570,test
10571,fit
10572,fit
10573,calibration
10574,test
10575,test
10576,fit
10577,test
10578,fit
10579,fit
10580,calibration
10581,fit
10582,fit
10583,test
10584,test
10585,calibration
10586,test
10587,calibration
10588,fit
10589,fit
10590,fit
10591,calibration
10593,fit
10594,test
10595,fit
10596,fit
10597,fit
10598,fit
10599,test
10600,fit
10601,fit
10602,fit
10603,fit
10605,fit
10606,calibration
10607,calibration
10609,fit
10610,calibration
10611,test
10612,calibration
10613,calibration
10614,fit
10615,test
10616,fit
10617,fit
10618,fit
10619,fit
10620,calibration
10621,fit
10622,fit
10623,fit
10624,fit
10625,fit
10626,calibration
10627,fit
10628,fit
10629,test
10630,test
10631,fit
10632,calibration
10633,fit
10634,fit
10635,fit
10636,calibration
10637,test
10638,fit
10639,calibration
10640,fit
10641,fit
10642,fit
10643,fit
10644,fit
10645,test
10646,test
10647,fit
10648,fit
10649,fit
10653,test
10654,calibration
10655,calibration
10656,fit
10657,fit
10658,fit
10659,fit
10660,fit
10661,calibration
10662,fit
10663,fit
10664,fit
10665,test
10666,fit
10667,calibration
10668,fit
10669,fit
10670,calibration
10671,test
10672,test
10673,fit
10674,fit
10675,fit
10676,fit
10677,calibration
10678,test
10679,calibration
10680,fit
10681,fit
10682,test
10683,test
10684,calibration
10685,calibration
10686,test
10687,fit
10688,test
10689,fit
10690,test
10691,fit
10692,test
10693,fit
10694,fit
10695,fit
10696,fit
10698,fit
10699,fit
10700,fit
10701,test
10702,test
10703,test
10704,test
10705,calibration
10706,fit
10707,test
10708,calibration
10709,fit
10710,fit
10712,fit
10713,fit
10715,fit
10716,fit
10717,test
10718,fit
10720,fit
10721,calibration
10722,calibration
10723,fit
10724,calibration
10725,fit
10726,fit
10727,calibration
10728,fit
10729,fit
10730,fit
10731,calibration
10732,fit
10734,fit
10736,calibration
10737,test
10738,calibration
10739,fit
10740,fit
10741,calibration
10742,fit
10743,calibration
10744,fit
10745,fit
10746,calibration
10747,fit
10748,test
10749,fit
10750,fit
10751,calibration
10752,fit
10753,test
10755,fit
10756,fit
10757,calibration
10758,calibration
10759,test
10760,calibration
10761,fit
10762,fit
10763,test
10764,test
10765,calibration
10766,test
10767,fit
10768,fit
10769,fit
10770,fit
10771,fit
10772,calibration
10773,test
10774,fit
10775,fit
10776,test
10777,test
10778,fit
10779,calibration
10780,calibration
10781,fit
10782,fit
10784,fit
10785,calibration
10786,fit
10787,fit
10788,fit
10789,calibration
10790,fit
10791,fit
10792,fit
10793,fit
10794,fit
10795,fit
10796,fit
10797,fit
10798,fit
10799,test
10800,calibration
10801,test
10802,fit
10803,fit
10804,calibration
10805,test
10806,fit
10807,test
10808,fit
10809,fit
10810,fit
10811,fit
10812,test
10813,calibration
10814,fit
10815,test
10816,fit
10817,fit
10818,fit
10819,fit
10820,test
10821,fit
10822,test
10823,fit
10824,test
10825,fit
10826,fit
10827,fit
10828,test
10829,calibration
10830,fit
10831,test
10832,fit
10833,calibration
10834,fit
10835,calibration
10836,fit
10837,calibration
10839,fit
10842,fit
10843,fit
10844,fit
10845,fit
10846,calibration
10847,fit
10848,fit
10849,fit
10850,fit
10851,fit
10852,fit
10853,fit
10854,calibration
10855,fit
10856,fit
10857,fit
10858,fit
10859,fit
10860,fit
10861,fit
10862,test
10863,fit
10864,calibration
10865,fit
10866,calibration
10867,test
10868,fit
10869,calibration
10870,fit
10871,fit
10872,test
10873,test
10874,calibration
10875,fit
10876,calibration
10877,test
10878,fit
10879,fit
10880,fit
10881,test
10883,calibration
10884,calibration
10885,fit
10886,calibration
10887,calibration
10888,fit
10889,calibration
10890,calibration
10891,fit
10892,calibration
10893,fit
10894,fit
10895,fit
10896,test
10897,fit
10898,test
10899,test
10900,fit
10901,test
10902,fit
10903,fit
10904,fit
10905,calibration
10906,fit
10907,test
10908,calibration
10909,fit
10910,fit
10911,test
10912,calibration
10913,test
10914,fit
10915,test
10916,test
10917,fit
10918,fit
10919,calibration
10920,test
10921,fit
10922,fit
10923,fit
10925,test
10926,fit
10927,fit
10928,fit
10929,test
10930,fit
10931,fit
10932,test
10934,fit
10935,fit
10936,test
10937,fit
10938,fit
10939,test
10940,fit
10941,test
10942,calibration
10943,fit
10944,calibration
10945,fit
10946,test
10947,test
10948,fit
10949,test
10950,fit
10951,fit
10952,fit
10953,fit
10954,test
10955,fit
10956,fit
10957,test
10958,fit
10959,fit
10960,fit
10961,test
10962,fit
10963,fit
10964,calibration
10965,calibration
10966,test
10967,fit
10968,fit
10969,test
10970,calibration
10971,fit
10972,calibration
10973,test
10974,fit
10975,calibration
10976,fit
10977,fit
10978,fit
10979,test
10980,fit
10981,fit
10982,fit
10984,calibration
10985,test
10986,fit
10987,fit
10988,fit
10989,test
10990,fit
10993,test
10994,fit
10995,fit
10996,test
10997,test
10998,test
10999,calibration
11000,fit
11001,test
11002,test
11003,fit
11004,fit
11006,calibration
11007,fit
11008,calibration
11009,fit
11010,calibration
11011,fit
11012,calibration
11013,fit
11014,calibration
11015,fit
11016,test
11017,test
11018,fit
11019,calibration
11020,fit
11021,calibration
11022,fit
11024,calibration
11025,fit
11026,fit
11027,fit
11028,fit
11029,fit
11030,fit
11031,fit
11032,test
11033,fit
11034,fit
11035,fit
11036,calibration
11037,fit
11038,fit
11039,fit
11040,calibration
11041,fit
11042,fit
11044,test
11045,fit
11046,fit
11047,fit
11048,calibration
11049,fit
11050,fit
11051,fit
11052,test
11053,test
11054,fit
11055,fit
11056,calibration
11057,fit
11058,fit
11059,test
11060,fit
11061,fit
11062,calibration
11063,fit
11065,calibration
11066,test
11067,calibration
11068,fit
11069,test
11070,test
11071,fit
11072,fit
11073,test
11074,calibration
11075,calibration
11076,fit
11077,test
11078,calibration
11079,calibration
11082,fit
11083,fit
11084,fit
11085,fit
11086,fit
11087,test
11088,fit
11089,test
11090,test
11091,fit
11092,fit
11093,calibration
11094,test
11095,fit
11096,fit
11097,fit
11098,test
11099,calibration
11100,fit
11101,fit
11102,fit
11103,test
11104,fit
11105,test
11106,fit
11107,fit
11108,fit
11109,test
11110,fit
11111,fit
11112,fit
11113,fit
11114,test
11115,fit
11116,fit
11117,fit
11118,fit
11119,fit
11120,fit
11121,fit
11122,calibration
11123,fit
11124,fit
11125,fit
11126,test
11127,fit
11128,fit
11129,fit
11130,fit
11131,fit
11132,calibration
11133,fit
11134,fit
11135,fit
11136,calibration
11137,fit
11138,fit
11139,fit
11140,fit
11141,fit
11142,calibration
11143,fit
11144,fit
11145,fit
11146,calibration
11147,test
11148,test
11149,calibration
11150,fit
11151,fit
11152,calibration
11153,fit
11154,fit
11155,fit
11156,calibration
11157,fit
11158,test
11159,calibration
11160,fit
11161,fit
11162,test
11163,fit
11164,calibration
11165,test
11167,test
11168,fit
11169,fit
11170,calibration
11171,fit
11172,test
11173,test
11174,fit
11175,fit
11176,calibration
11177,calibration
11178,test
11179,fit
11180,calibration
11181,test
11182,fit
11183,fit
11184,fit
11185,fit
11186,fit
11187,calibration
11188,fit
11189,calibration
11190,fit
11191,test
11192,calibration
11193,fit
11194,fit
11195,fit
11196,calibration
11197,fit
11198,fit
11199,fit
11200,calibration
11201,calibration
11202,test
11203,calibration
11204,test
11205,fit
11206,fit
11207,test
11208,fit
11209,fit
11210,fit
11211,test
11212,calibration
11213,fit
11214,fit
11215,fit
11216,calibration
11217,fit
11218,calibration
11219,calibration
11220,calibration
11221,fit
11222,test
11223,calibration
11224,calibration
11225,fit
11226,fit
11227,test
11228,test
11229,calibration
11230,calibration
11231,fit
11232,test
11233,test
11234,fit
11235,fit
11236,calibration
11237,calibration
11239,calibration
11240,test
11241,calibration
11242,calibration
11243,calibration
11244,calibration
11245,fit
11246,fit
11247,fit
11248,fit
11249,calibration
11250,test
11251,fit
11252,test
11253,fit
11254,test
11256,test
11257,fit
11258,fit
11259,calibration
11260,calibration
11261,test
11262,fit
11263,fit
11264,fit
11265,fit
11266,calibration
11268,test
11269,fit
11270,test
11271,fit
11272,fit
11273,test
11274,fit
11275,calibration
11276,fit
11277,fit
11278,calibration
11279,fit
11280,fit
11281,fit
11282,calibration
11283,fit
11284,test
11285,fit
11286,fit
11287,calibration
11288,fit
11289,fit
11290,fit
11291,test
11292,fit
11293,fit
11294,fit
11295,fit
11296,calibration
11298,test
11299,test
11300,calibration
11301,test
11302,test
11303,test
11304,test
11305,test
11306,fit
11307,test
11308,fit
11309,calibration
11310,test
11311,test
11312,calibration
11313,test
11314,fit
11315,test
11316,calibration
11317,fit
11318,test
11319,fit
11320,calibration
11321,fit
11322,calibration
11323,test
11324,calibration
11325,fit
11326,test
11329,test
11330,fit
11331,test
11332,fit
11333,fit
11334,test
11336,test
11337,calibration
11338,fit
11339,fit
11340,calibration
11341,calibration
11342,calibration
11343,fit
11344,fit
11345,test
11346,calibration
11347,fit
11348,test
11349,calibration
11350,fit
11351,fit
11352,fit
11353,calibration
11354,test
11355,fit
11356,calibration
11358,fit
11359,fit
11360,fit
11361,calibration
11362,fit
11363,test
11364,fit
11365,fit
11366,fit
11367,fit
11369,fit
11370,test
11371,fit
11372,fit
11373,fit
11374,fit
11375,fit
11376,fit
11377,fit
11378,fit
11379,test
11380,fit
11381,fit
11382,calibration
11383,fit
11384,fit
11385,fit
11386,test
11387,calibration
11388,fit
11389,fit
11390,fit
11391,test
11392,fit
11393,test
11394,fit
11395,test
11397,fit
11398,fit
11399,calibration
11401,calibration
11402,test
11403,calibration
11404,calibration
11405,calibration
11406,calibration
11407,fit
11408,fit
11409,fit
11410,fit
11411,test
11412,calibration
11413,calibration
11414,fit
11415,fit
11416,fit
11417,fit
11418,fit
11419,fit
11420,fit
11421,fit
11422,fit
11423,fit
11424,fit
11425,fit
11426,test
11427,fit
11428,calibration
11429,test
11430,fit
11431,fit
11432,fit
11433,test
11434,test
11435,test
11436,calibration
11437,fit
11438,fit
11439,fit
11440,fit
11441,fit
11442,test
11443,fit
11444,test
11445,test
11446,fit
11447,calibration
11448,test
11449,calibration
11450,fit
11451,fit
11452,fit
11453,fit
11454,calibration
11455,calibration
11456,fit
11457,test
11458,fit
11459,fit
11460,fit
11461,fit
11462,calibration
11463,test
11464,fit
11465,test
11466,fit
11467,test
11468,calibration
11469,fit
11470,fit
11471,calibration
11472,fit
11473,calibration
11474,fit
11475,test
11476,calibration
11477,fit
11478,fit
11480,fit
11481,test
11482,fit
11483,calibration
11484,test
11485,fit
11486,test
11487,test
11488,calibration
11489,test
11490,fit
11491,fit
11492,test
11493,test
11494,calibration
11495,fit
11496,fit
11497,fit
11498,test
11499,calibration
11501,fit
11502,test
11503,test
11506,fit
11507,fit
11508,fit
11509,fit
11510,calibration
11511,calibration
11512,fit
11513,fit
11514,calibration
11515,fit
11516,fit
11517,test
11518,fit
11519,test
11520,calibration
11521,fit
11522,fit
11524,test
11525,fit
11526,fit
11527,fit
11528,fit
11529,fit
11530,fit
11533,fit
11534,fit
11535,test
11536,fit
11537,fit
11538,test
11539,calibration
11540,fit
11541,calibration
11542,fit
11543,calibration
11544,fit
11545,fit
11546,test
11547,test
11548,calibration
11549,fit
11550,test
11551,test
11552,calibration
11553,fit
11554,fit
11555,calibration
11556,fit
11557,fit
11558,test
11559,fit
11560,fit
11561,test
11562,fit
11563,fit
11564,test
11565,test
11566,fit
11567,fit
11568,test
11569,fit
11570,fit
11571,fit
11572,test
11573,test
11574,fit
11575,fit
11576,fit
11577,calibration
11578,fit
11579,fit
11580,calibration
11581,fit
11582,fit
11583,calibration
11584,fit
11586,calibration
11587,fit
11588,test
11589,fit
11590,test
11591,fit
11592,fit
11593,fit
11594,fit
11595,calibration
11596,fit
11597,calibration
11598,fit
11599,calibration
11601,fit
11602,fit
11603,fit
11604,fit
11605,fit
11606,calibration
11608,fit
11609,test
11611,calibration
11612,calibration
11613,fit
11614,fit
11615,test
11616,test
11617,calibration
11618,fit
11619,test
11620,test
11621,calibration
11622,test
11623,calibration
11624,fit
11625,calibration
11626,fit
11627,calibration
11628,fit
11629,fit
11630,fit
11631,fit
11632,calibration
11633,test
11634,fit
11635,fit
11636,calibration
11637,test
11638,fit
11639,fit
11640,calibration
11641,fit
11642,fit
11643,calibration
11644,test
11645,test
11646,test
11647,test
11648,calibration
11649,fit
11650,test
11651,calibration
11652,fit
11653,test
11654,fit
11655,fit
11656,fit
11657,fit
11658,fit
11659,test
11660,fit
11661,fit
11662,fit
11663,fit
11664,fit
11665,fit
11666,calibration
11667,calibration
11668,fit
11669,fit
11670,fit
11671,fit
11672,fit
11673,fit
11674,fit
11675,fit
11676,fit
11677,fit
11678,test
11679,fit
11680,fit
11681,fit
11682,fit
11683,calibration
11684,fit
11685,fit
11686,calibration
11687,fit
11688,test
11689,fit
11690,fit
11691,test
11692,fit
11693,test
11694,fit
11695,calibration
11696,fit
11697,fit
11698,test
11699,fit
11700,fit
11701,test
11702,fit
11703,fit
11704,fit
11705,calibration
11706,test
11707,fit
11709,test
11711,test
11712,calibration
11713,test
11714,calibration
11715,test
11716,fit
11717,fit
11718,fit
11719,fit
11720,fit
11721,test
11722,fit
11723,fit
11724,fit
11725,fit
11726,fit
11727,test
11728,fit
11729,calibration
11730,calibration
11731,test
11732,fit
11733,test
11734,test
11735,test
11736,fit
11737,calibration
11738,fit
11739,fit
11740,test
11741,fit
11742,fit
11743,fit
11744,fit
11745,calibration
11746,fit
11747,fit
11748,fit
11749,test
11750,calibration
11751,fit
11752,fit
11753,fit
11754,fit
11755,fit
11756,calibration
11757,fit
11758,fit
11759,test
11760,fit
11761,fit
11762,test
11763,test
11764,fit
11765,test
11767,calibration
11768,test
11769,calibration
11771,fit
11772,calibration
11773,fit
11774,fit
11775,fit
11776,calibration
11777,fit
11778,test
11779,calibration
11780,test
11781,fit
11782,test
11783,fit
11784,fit
11785,test
11786,fit
11787,calibration
11788,calibration
11789,fit
11790,test
11791,fit
11792,fit
11793,fit
11794,fit
11795,fit
11796,test
11797,fit
11798,fit
11799,fit
11800,calibration
11801,calibration
11802,test
11803,test
11804,test
11805,fit
11806,test
11807,fit
11808,fit
11809,fit
11810,test
11811,calibration
11812,test
11813,fit
11814,test
11815,fit
11816,test
11817,calibration
11818,test
11819,test
11820,test
11821,fit
11822,fit
11823,fit
11824,test
11825,fit
11826,calibration
11827,fit
11828,test
11829,fit
11830,fit
11831,test
11832,fit
11833,fit
11834,calibration
11835,test
11836,fit
11837,fit
11838,fit
11839,test
11840,fit
11841,fit
11842,fit
11843,fit
11844,fit
11845,calibration
11846,calibration
11847,fit
11848,fit
11849,calibration
11850,calibration
11851,test
11852,fit
11853,calibration
11854,calibration
11855,calibration
11856,calibration
11857,test
11858,fit
11860,fit
11861,calibration
11862,fit
11864,calibration
11865,test
11866,test
11867,test
11868,test
11869,fit
11870,fit
11871,fit
11872,test
11873,fit
11874,fit
11875,test
11876,fit
11877,calibration
11878,fit
11879,fit
11880,fit
11881,calibration
11882,calibration
11883,fit
11884,test
11885,fit
11886,test
11887,calibration
11888,fit
11889,test
11890,test
11891,fit
11892,fit
11893,fit
11894,calibration
11895,calibration
11896,fit
11897,calibration
11898,fit
11899,fit
11900,test
11901,calibration
11902,fit
11903,fit
11904,fit
11905,test
11906,fit
11909,calibration
11910,fit
11911,fit
11912,fit
11913,test
11914,fit
11915,fit
11916,fit
11917,test
11918,fit
11919,fit
11920,fit
11921,test
11922,fit
11923,fit
11924,fit
11925,fit
11926,fit
11927,test
11928,fit
11929,test
11930,test
11931,fit
11932,test
11933,fit
11934,test
11935,calibration
11936,fit
11937,fit
11938,fit
11939,fit
11940,test
11941,fit
11943,calibration
11944,fit
11945,calibration
11946,fit
11947,fit
11948,fit
11949,fit
11950,calibration
11951,test
11952,fit
11953,fit
11954,fit
11955,fit
11956,fit
11957,fit
11958,calibration
11959,test
11960,fit
11961,fit
11962,fit
11963,fit
11964,calibration
11965,fit
11966,fit
11967,calibration
11968,fit
11969,test
11970,test
11971,fit
11972,fit
11973,fit
11974,fit
11975,fit
11976,fit
11978,fit
11979,calibration
11980,calibration
11981,test
11982,test
11983,fit
11984,fit
11985,fit
11986,calibration
11987,fit
11988,fit
11989,fit
11990,calibration
11991,fit
11992,calibration
11993,test
11994,calibration
11995,fit
11996,calibration
11997,calibration
11998,fit
11999,calibration
12000,fit
12001,fit
12002,test
12003,test
12004,fit
12005,fit
12006,test
12007,test
12008,test
12009,fit
12010,fit
12011,test
12012,fit
12013,calibration
12014,fit
12015,calibration
12016,fit
12017,fit
12018,fit
12019,fit
12020,fit
12021,fit
12022,fit
12023,calibration
12024,fit
12025,test
12029,test
12030,fit
12031,fit
12032,fit
12033,fit
12034,fit
12035,test
12036,fit
12037,calibration
12038,fit
12039,fit
12040,calibration
12041,fit
12042,fit
12043,fit
12044,calibration
12045,fit
12046,fit
12047,fit
12048,test
12049,fit
12050,fit
12051,test
12052,fit
12053,fit
12054,test
12055,test
12056,calibration
12057,fit
12058,fit
12059,fit
12060,fit
12061,fit
12062,test
12063,fit
12064,fit
12065,test
12066,test
12067,fit
12068,fit
12069,test
12070,fit
12071,fit
12072,calibration
12073,test
12074,fit
12075,calibration
12076,test
12078,test
12079,test
12080,calibration
12081,test
12082,test
12083,calibration
12084,fit
12085,test
12086,fit
12087,fit
12088,fit
12089,fit
12090,fit
12091,test
12092,fit
12093,fit
12094,fit
12095,test
12096,test
12097,test
12098,fit
12099,test
12101,fit
12102,fit
12103,fit
12104,calibration
12105,calibration
12106,calibration
12107,fit
12108,fit
12109,fit
12110,calibration
12111,fit
12112,fit
12113,test
12114,test
12115,fit
12116,fit
12118,calibration
12119,fit
12120,fit
12121,calibration
12122,fit
12123,fit
12124,test
12125,calibration
12126,fit
12127,calibration
12128,fit
12129,fit
12130,fit
12131,test
12132,calibration
12133,calibration
12134,test
12135,calibration
12136,fit
12137,fit
12138,fit
12139,fit
12140,calibration
12141,calibration
12142,calibration
12143,calibration
12144,fit
12145,fit
12146,fit
12147,fit
12148,fit
12149,test
12150,fit
12151,fit
12152,fit
12153,fit
12154,calibration
12155,fit
12156,fit
12157,test
12158,fit
12159,fit
12160,test
12161,calibration
12162,fit
12163,calibration
12164,calibration
12165,calibration
12166,calibration
12167,fit
12168,fit
12169,fit
12170,fit
12171,calibration
12172,fit
12173,calibration
12174,fit
12175,fit
12176,test
12177,test
12180,fit
12181,fit
12182,fit
12183,calibration
12184,test
12185,fit
12186,fit
12187,fit
12188,test
12189,calibration
12190,fit
12191,test
12192,calibration
12193,fit
12194,fit
12195,test
12196,calibration
12197,fit
12198,calibration
12200,fit
12202,calibration
12203,fit
12204,fit
12205,fit
12206,calibration
12207,fit
12208,calibration
12209,fit
12210,fit
12211,test
12212,fit
12213,test
12214,fit
12215,calibration
12216,fit
12217,fit
12218,fit
12220,fit
12221,fit
12222,test
12223,fit
12224,fit
12225,test
12226,test
12227,fit
12228,fit
12229,fit
12230,fit
12231,fit
12232,fit
12233,fit
12234,fit
12235,fit
12236,test
12237,fit
12238,fit
12239,fit
12240,calibration
12241,test
12242,fit
12244,fit
12245,fit
12246,calibration
12247,fit
12248,fit
12249,fit
12250,fit
12251,fit
12252,fit
12253,fit
12255,test
12256,calibration
12257,calibration
12258,fit
12259,fit
12260,calibration
12261,fit
12262,fit
12263,fit
12264,test
12266,fit
12267,test
12268,fit
12269,fit
12270,fit
12272,fit
12273,fit
12274,calibration
12275,fit
12276,fit
12277,fit
12278,fit
12279,fit
12280,fit
12281,fit
12282,fit
12283,fit
12284,fit
12285,calibration
12286,fit
12287,fit
12289,calibration
12290,fit
12291,test
12292,test
12293,fit
12294,fit
12295,fit
12296,fit
12297,fit
12298,fit
12299,fit
12300,calibration
12301,fit
12302,fit
12303,fit
12304,fit
12305,fit
12306,fit
12307,fit
12308,fit
12309,fit
12310,fit
12311,fit
12313,test
12314,fit
12315,fit
12316,fit
12317,fit
12318,fit
12319,fit
12320,calibration
12321,fit
12322,fit
12323,fit
12324,fit
12325,fit
12326,fit
12327,fit
12328,fit
12329,calibration
12330,fit
12331,fit
12332,fit
12333,fit
12334,fit
12335,fit
12336,fit
12337,test
12338,fit
12339,fit
12340,fit
12341,test
12342,test
12343,fit
12344,test
12345,test
12346,fit
12347,fit
12348,test
12349,test
12350,fit
12351,test
12352,calibration
12353,fit
12354,test
12355,fit
12356,fit
12357,test
12358,fit
12359,test
12360,calibration
12361,fit
12362,calibration
12363,fit
12364,fit
12365,fit
12366,test
12367,fit
12368,fit
12369,calibration
12370,fit
12371,fit
12372,test
12373,calibration
12374,fit
12375,fit
12377,fit
12378,calibration
12379,fit
12380,fit
12381,test
12382,fit
12383,fit
12384,fit
12385,test
12386,calibration
12387,fit
12389,fit
12390,calibration
12391,calibration
12392,fit
12394,test
12395,fit
12396,fit
12397,fit
12398,calibration
12399,calibration
12400,fit
12401,fit
12402,test
12403,fit
12404,test
12405,calibration
12406,test
12407,fit
12408,fit
12409,fit
12411,fit
12412,test
12413,fit
12414,fit
12415,fit
12416,test
12417,fit
12418,fit
12419,calibration
12420,calibration
12421,fit
12422,calibration
12423,calibration
12424,fit
12425,test
12426,calibration
12427,fit
12428,fit
12429,fit
12430,test
12431,calibration
12432,fit
12434,fit
12435,fit
12436,test
12437,fit
12438,fit
12439,calibration
12440,fit
12441,test
12442,calibration
12443,fit
12444,fit
12445,test
12446,fit
12447,calibration
12448,fit
12449,fit
12450,fit
12452,fit
12453,fit
12454,fit
12455,fit
12456,fit
12457,fit
12458,fit
12459,calibration
12460,fit
12461,test
12462,fit
12463,fit
12464,fit
12465,fit
12466,fit
12467,fit
12468,test
12469,fit
12470,fit
12471,calibration
12472,test
12473,test
12475,fit
12476,test
12477,test
12478,calibration
12479,fit
12480,test
12481,fit
12482,fit
12483,fit
12484,test
12485,fit
12486,fit
12487,fit
12488,fit
12489,fit
12490,fit
12491,fit
12492,fit
12493,fit
12494,fit
12496,test
12497,fit
12499,fit
12500,calibration
12502,fit
12503,fit
12504,calibration
12505,fit
12506,fit
12507,fit
12508,fit
12509,fit
12510,calibration
12511,fit
12512,test
12513,fit
12514,test
12515,test
12516,fit
12517,fit
12518,fit
12519,test
12520,fit
12521,fit
12522,fit
12523,calibration
12524,fit
12525,test
12526,test
12527,fit
12528,fit
12530,calibration
12531,fit
12532,fit
12533,fit
12534,calibration
12535,fit
12536,fit
12537,test
12538,fit
12539,test
12540,calibration
12541,fit
12542,test
12543,test
12544,test
12545,fit
12547,fit
12548,fit
12549,test
12550,test
12551,fit
12552,fit
12553,fit
12554,fit
12555,fit
12556,fit
12557,fit
12558,fit
12559,test
12560,calibration
12561,calibration
12562,test
12563,fit
12564,fit
12565,fit
12566,test
12567,calibration
12568,fit
12569,fit
12570,test
12571,test
12572,fit
12573,fit
12574,calibration
12575,fit
12576,test
12577,fit
12578,fit
12579,test
12580,calibration
12581,fit
12582,calibration
12583,fit
12584,calibration
12585,test
12586,calibration
12587,fit
12588,calibration
12589,fit
12590,fit
12591,calibration
12592,fit
12593,fit
12594,fit
12595,fit
12596,test
12597,test
12598,fit
12599,test
12600,calibration
12601,calibration
12603,fit
12604,fit
12605,test
12606,calibration
12607,calibration
12608,test
12609,test
12610,calibration
12611,calibration
12612,fit
12613,calibration
12614,test
12615,fit
12616,fit
12617,fit
12618,fit
12619,fit
12620,fit
12621,test
12622,test
12623,fit
12624,test
12625,calibration
12626,test
12627,fit
12628,fit
12629,fit
12630,test
12631,calibration
12632,test
12633,fit
12634,calibration
12635,fit
12636,fit
12637,fit
12638,test
12640,fit
12641,fit
12642,calibration
12643,calibration
12644,fit
12645,test
12646,calibration
12647,fit
12648,fit
12650,calibration
12651,fit
12652,fit
12653,calibration
12654,fit
12655,calibration
12656,fit
12657,test
12658,calibration
12660,fit
12661,calibration
12662,test
12663,fit
12664,calibration
12667,test
12668,test
12669,fit
12670,fit
12671,test
12672,fit
12673,test
12674,fit
12675,fit
12676,fit
12677,calibration
12678,fit
12679,calibration
12680,test
12681,calibration
12682,fit
12683,fit
12684,fit
12685,fit
12686,fit
12687,fit
12688,calibration
12689,fit
12690,fit
12691,fit
12692,calibration
12693,fit
12694,fit
12695,fit
12696,fit
12697,fit
12698,calibration
12699,fit
12700,fit
12701,calibration
12702,calibration
12703,test
12704,test
12705,test
12706,fit
12707,fit
12708,fit
12709,fit
12711,test
12712,fit
12713,calibration
12714,fit
12715,fit
12716,fit
12717,fit
12718,fit
12719,fit
12720,calibration
12721,fit
12722,test
12723,test
12724,fit
12725,fit
12726,test
12727,test
12728,fit
12729,test
12730,fit
12731,test
12732,fit
12733,fit
12734,calibration
12735,fit
12736,test
12737,fit
12738,fit
12739,calibration
12740,fit
12741,test
12742,calibration
12743,calibration
12744,fit
12745,fit
12746,fit
12747,fit
12748,fit
12749,test
12750,fit
12751,fit
12752,calibration
12753,calibration
12754,test
12755,calibration
12756,calibration
12757,fit
12758,fit
12760,calibration
12761,fit
12762,calibration
12763,test
12764,fit
12765,fit
12766,fit
12767,fit
12768,test
12770,test
12771,calibration
12772,test
12773,calibration
12774,calibration
12775,fit
12776,fit
12777,fit
12778,fit
12779,fit
12780,calibration
12781,fit
12782,fit
12783,test
12784,fit
12785,fit
12786,calibration
12787,test
12788,calibration
12789,calibration
12790,calibration
12791,calibration
12792,test
12793,test
12794,fit
12795,fit
12796,fit
12797,test
12798,fit
12799,fit
12800,test
12801,fit
12802,fit
12803,fit
12804,fit
12805,fit
12806,fit
12807,fit
12808,fit
12809,calibration
12810,fit
12811,fit
12812,test
12813,calibration
12814,fit
12815,fit
12816,fit
12817,test
12818,test
12819,fit
12820,test
12821,test
12822,fit
12823,test
12825,fit
12826,test
12827,fit
12828,fit
12829,test
12830,calibration
12831,test
12832,fit
12834,fit
12835,test
12836,test
12837,fit
12838,fit
12839,fit
12840,fit
12841,fit
12842,test
12843,fit
12844,fit
12845,fit
12846,fit
12847,calibration
12848,fit
12849,fit
12850,test
12851,fit
12852,test
12853,calibration
12854,fit
12855,fit
12856,fit
12857,test
12858,test
12859,fit
12860,test
12861,fit
12862,calibration
12863,test
12864,fit
12865,test
12866,fit
12867,fit
12868,test
12869,fit
12870,fit
12871,fit
12872,fit
12873,test
12874,fit
12875,fit
12876,calibration
12877,calibration
12878,fit
12879,fit
12880,fit
12881,fit
12882,calibration
12883,calibration
12884,fit
12885,calibration
12886,calibration
12887,test
12888,fit
12889,calibration
12890,fit
12891,fit
12892,test
12893,fit
12894,fit
12895,fit
12896,calibration
12897,fit
12898,fit
12899,fit
12900,test
12901,fit
12902,fit
12903,fit
12904,test
12905,calibration
12906,test
12907,test
12909,fit
12910,test
12911,test
12912,fit
12913,fit
12914,fit
12915,calibration
12916,fit
12917,fit
12918,fit
12919,fit
12920,fit
12921,calibration
12922,fit
12924,calibration
12925,fit
12926,calibration
12927,fit
12928,fit
12929,test
12930,fit
12931,fit
12932,fit
12933,calibration
12934,fit
12935,fit
12936,calibration
12937,fit
12938,fit
12939,fit
12940,fit
12941,fit
12942,fit
12943,calibration
12944,fit
12947,fit
12948,calibration
12949,fit
12950,fit
12951,calibration
12952,calibration
12953,test
12954,fit
12955,fit
12956,fit
12957,fit
12958,fit
12959,fit
12960,calibration
12961,fit
12962,calibration
12963,calibration
12964,test
12965,fit
12966,fit
12968,calibration
12970,fit
12971,calibration
12972,fit
12973,fit
12974,fit
12975,fit
12976,fit
12977,calibration
12978,calibration
12979,fit
12980,test
12981,fit
12982,calibration
12983,fit
12984,fit
12985,calibration
12986,fit
12987,fit
12988,test
12989,test
12990,fit
12991,calibration
12992,fit
12993,calibration
12994,test
12995,fit
12996,fit
12997,fit
12998,fit
12999,fit
13000,fit
13001,test
13002,fit
13003,test
13004,fit
13005,calibration
13006,fit
13007,test
13008,calibration
13010,fit
13011,fit
13012,fit
13014,fit
13015,fit
13016,fit
13017,calibration
13018,fit
13019,calibration
13020,fit
13021,fit
13022,fit
13023,fit
13024,test
13025,test
13026,fit
13027,fit
13028,fit
13029,fit
13030,fit
13031,fit
13032,fit
13033,calibration
13034,fit
13035,fit
13036,fit
13037,fit
13038,fit
13039,fit
13040,fit
13041,fit
13042,fit
13043,calibration
13045,fit
13046,fit
13047,fit
13048,fit
13049,test
13050,fit
13051,fit
13052,fit
13053,test
13054,fit
13055,test
13056,fit
13057,calibration
13058,test
13059,test
13060,calibration
13061,fit
13062,fit
13063,calibration
13064,test
13065,calibration
13066,fit
13067,calibration
13068,calibration
13069,fit
13070,test
13071,fit
13072,test
13073,fit
13074,fit
13075,calibration
13076,calibration
13077,fit
13078,fit
13079,fit
13080,fit
13081,calibration
13082,fit
13083,fit
13084,calibration
13085,calibration
13086,fit
13087,test
13088,fit
13089,test
13090,test
13091,fit
13092,calibration
13093,test
13094,fit
13096,fit
13097,test
13098,calibration
13099,test
13100,fit
13101,fit
13102,calibration
13103,fit
13104,fit
13105,test
13106,fit
13107,fit
13108,fit
13110,fit
13111,fit
13113,test
13114,fit
13115,fit
13116,test
13117,fit
13118,test
13119,fit
13120,fit
13121,fit
13122,fit
13123,calibration
13124,fit
13125,fit
13126,fit
13127,test
13128,fit
13129,fit
13131,calibration
13132,fit
13133,test
13134,fit
13135,fit
13136,fit
13137,fit
13138,fit
13139,fit
13140,calibration
13141,fit
13142,fit
13143,test
13144,fit
13145,fit
13146,fit
13147,fit
13148,fit
13149,test
13151,fit
13152,test
13153,fit
13154,fit
13155,fit
13156,fit
13157,fit
13158,calibration
13162,fit
13163,fit
13164,fit
13165,fit
13166,calibration
13167,test
13168,fit
13169,fit
13170,fit
13171,fit
13172,fit
13173,fit
13174,fit
13175,fit
13176,fit
13177,fit
13179,test
13180,fit
13181,fit
13182,calibration
13183,fit
13184,fit
13185,calibration
13186,calibration
13187,calibration
13188,fit
13189,fit
13190,calibration
13191,fit
13192,test
13193,calibration
13194,test
13195,calibration
13196,fit
13197,fit
13198,calibration
13199,test
13201,calibration
13202,fit
13204,calibration
13205,fit
13206,fit
13207,fit
13208,calibration
13209,fit
13210,fit
13211,fit
13212,fit
13213,fit
13215,fit
13216,calibration
13217,test
13218,fit
13219,fit
13220,calibration
13221,calibration
13222,test
13223,fit
13224,fit
13225,test
13226,fit
13227,fit
13228,fit
13229,fit
13230,calibration
13231,fit
13232,test
13233,calibration
13234,fit
13235,fit
13236,fit
13237,fit
13238,fit
13239,fit
13241,test
13242,fit
13243,fit
13244,test
13245,fit
13246,calibration
13248,fit
13249,test
13250,test
13251,test
13252,test
13253,fit
13254,fit
13255,fit
13256,fit
13257,fit
13258,test
13259,test
13260,fit
13261,calibration
13262,fit
13263,test
13264,fit
13266,calibration
13267,fit
13268,fit
13269,calibration
13270,calibration
13271,fit
13272,fit
13273,fit
13274,test
13275,fit
13276,fit
13277,calibration
13278,calibration
13279,calibration
13280,fit
13281,calibration
13282,test
13283,fit
13284,calibration
13285,calibration
13286,fit
13287,fit
13288,test
13289,fit
13290,calibration
13291,fit
13292,calibration
13293,fit
13294,calibration
13295,fit
13296,calibration
13297,fit
13298,fit
13300,calibration
13302,fit
13303,fit
13304,test
13305,fit
13306,fit
13307,test
13308,fit
13309,fit
13310,test
13311,fit
13312,fit
13313,fit
13314,calibration
13315,fit
13316,test
13317,fit
13318,fit
13319,fit
13320,fit
13321,test
13322,test
13323,test
13324,fit
13325,fit
13326,fit
13327,test
13328,calibration
13329,test
13330,fit
13331,test
13332,fit
13333,fit
13334,fit
13335,fit
13336,fit
13337,test
13338,test
13339,fit
13340,test
13341,fit
13342,calibration
13343,test
13344,fit
13345,test
13346,test
13347,fit
13348,calibration
13349,fit
13351,test
13352,fit
13353,fit
13354,fit
13355,fit
13356,fit
13357,test
13358,calibration
13359,fit
13360,fit
13361,fit
13362,fit
13364,fit
13365,calibration
13367,fit
13368,fit
13369,test
13370,fit
13371,calibration
13372,fit
13373,calibration
13374,fit
13375,fit
13376,calibration
13377,fit
13378,calibration
13379,fit
13380,fit
13381,fit
13382,test
13383,test
13384,fit
13385,test
13386,fit
13387,fit
13388,calibration
13389,fit
13390,fit
13391,fit
13392,test
13393,fit
13394,fit
13395,calibration
13396,fit
13397,calibration
13398,fit
13399,fit
13400,calibration
13401,fit
13402,fit
13403,test
13404,test
13405,fit
13406,fit
13408,fit
13409,fit
13410,test
13411,test
13412,fit
13413,fit
13414,fit
13415,fit
13416,calibration
13417,test
13418,calibration
13419,fit
13420,calibration
13421,fit
13422,test
13423,fit
13424,test
13425,fit
13426,fit
13427,fit
13428,fit
13429,fit
13430,fit
13431,test
13432,fit
13433,fit
13434,test
13435,fit
13436,fit
13437,test
13438,test
13439,fit
13440,calibration
13441,fit
13442,fit
13443,fit
13444,fit
13445,fit
13446,fit
13447,calibration
13448,fit
13449,fit
13450,fit
13451,fit
13452,fit
13453,calibration
13454,fit
13455,fit
13456,test
13457,fit
13458,calibration
13459,fit
13460,fit
13461,fit
13462,fit
13463,fit
13464,fit
13465,fit
13466,test
13467,fit
13469,fit
13470,fit
13471,fit
13472,fit
13473,test
13474,test
13475,fit
13476,fit
13477,calibration
13478,test
13479,fit
13480,fit
13481,test
13482,fit
13483,test
13484,test
13485,calibration
13486,fit
13487,test
13488,fit
13489,fit
13490,test
13491,fit
13492,test
13493,fit
13494,fit
13495,calibration
13496,fit
13497,test
13498,fit
13499,fit
13500,fit
13501,fit
13503,test
13504,fit
13505,fit
13506,fit
13507,fit
13508,fit
13509,fit
13510,fit
13511,calibration
13512,calibration
13513,fit
13515,fit
13516,fit
13517,calibration
13518,fit
13519,test
13520,fit
13521,fit
13522,fit
13523,fit
13524,fit
13525,calibration
13526,fit
13528,test
13529,fit
13530,fit
13531,fit
13532,calibration
13533,test
13534,test
13536,test
13537,test
13538,fit
13539,fit
13540,calibration
13541,test
13542,calibration
13543,fit
13544,fit
13545,fit
13546,fit
13547,fit
13548,test
13549,fit
13550,calibration
13551,fit
13552,fit
13553,fit
13554,fit
13556,test
13557,fit
13558,fit
13559,fit
13560,fit
13561,test
13562,calibration
13563,fit
13564,fit
13565,fit
13566,test
13567,fit
13568,fit
13569,calibration
13570,calibration
13571,fit
13573,fit
13574,fit
13575,calibration
13576,fit
13577,fit
13578,calibration
13579,test
13580,fit
13581,fit
13582,fit
13583,fit
13584,test
13585,test
13586,test
13588,calibration
13589,fit
13590,calibration
13591,fit
13593,test
13594,test
13595,fit
13596,fit
13597,fit
13599,test
13600,test
13601,fit
13603,fit
13604,calibration
13605,fit
13606,fit
13607,fit
13608,fit
13609,fit
13610,fit
13611,fit
13613,calibration
13614,calibration
13615,fit
13616,test
13617,calibration
13618,fit
13619,fit
13620,fit
13621,test
13622,test
13623,fit
13624,fit
13625,fit
13626,test
13627,fit
13628,fit
13631,calibration
13632,calibration
13633,fit
13634,fit
13635,calibration
13636,fit
13637,fit
13638,test
13639,test
13640,fit
13642,calibration
13643,fit
13644,test
13646,test
13647,fit
13648,test
13649,calibration
13650,fit
13651,calibration
13652,fit
13653,test
13654,test
13655,fit
13656,fit
13657,test
13658,test
13659,calibration
13660,fit
13661,calibration
13662,test
13663,test
13664,fit
13665,test
13666,fit
13667,calibration
13669,calibration
13670,fit
13671,fit
13672,calibration
13673,fit
13674,calibration
13675,test
13676,fit
13677,fit
13678,test
13679,calibration
13680,fit
13681,calibration
13682,calibration
13683,test
13684,test
13685,fit
13686,fit
13688,calibration
13690,fit
13691,fit
13692,fit
13693,test
13694,fit
13695,fit
13696,fit
13697,calibration
13698,fit
13699,fit
13700,fit
13701,fit
13702,fit
13703,fit
13704,test
13705,fit
13706,fit
13707,test
13708,fit
13709,test
13710,fit
13711,fit
13712,calibration
13713,calibration
13714,fit
13715,fit
13716,calibration
13717,fit
13718,fit
13719,fit
13720,fit
13721,fit
13722,calibration
13723,fit
13724,fit
13725,fit
13726,fit
13727,fit
13728,calibration
13729,test
13730,calibration
13732,fit
13733,calibration
13734,fit
13735,fit
13736,calibration
13737,fit
13738,calibration
13739,fit
13740,fit
13741,calibration
13742,fit
13743,fit
13744,calibration
13745,test
13746,calibration
13747,test
13748,fit
13749,fit
13751,fit
13752,calibration
13753,calibration
13754,test
13756,calibration
13757,fit
13758,calibration
13759,fit
13761,fit
13762,test
13763,fit
13764,calibration
13765,calibration
13766,calibration
13767,calibration
13768,test
13769,fit
13770,calibration
13771,fit
13772,fit
13773,fit
13774,calibration
13776,fit
13778,calibration
13779,fit
13780,fit
13781,fit
13782,test
13783,fit
13784,fit
13785,fit
13786,fit
13787,fit
13788,fit
13789,fit
13790,fit
13791,fit
13792,fit
13793,fit
13794,calibration
13795,calibration
13796,fit
13797,calibration
13798,calibration
13799,fit
13800,fit
13801,test
13802,test
13803,fit
13805,fit
13806,fit
13807,fit
13808,fit
13809,fit
13810,fit
13811,fit
13812,calibration
13813,calibration
13814,fit
13815,fit
13816,fit
13817,fit
13818,test
13819,fit
13820,fit
13821,fit
13822,test
13823,fit
13824,fit
13825,fit
13826,fit
13827,fit
13828,fit
13829,calibration
13830,fit
13831,calibration
13832,test
13833,test
13834,fit
13835,fit
13836,test
13837,fit
13838,fit
13839,test
13840,test
13841,calibration
13842,calibration
13843,fit
13844,test
13845,fit
13846,test
13848,test
13849,fit
13850,fit
13851,test
13852,calibration
13853,fit
13854,test
13855,test
13856,fit
13857,fit
13858,test
13859,fit
13860,calibration
13861,fit
13862,fit
13863,test
13864,test
13865,fit
13866,test
13867,fit
13868,fit
13869,fit
13870,test
13871,fit
13872,calibration
13873,fit
13874,fit
13875,fit
13876,calibration
13878,fit
13879,test
13880,fit
13881,fit
13882,fit
13883,fit
13884,fit
13885,test
13886,fit
13887,fit
13888,test
13889,calibration
13890,test
13891,fit
13892,fit
13893,fit
13894,fit
13895,fit
13896,fit
13897,fit
13898,fit
13899,fit
13900,fit
13901,test
13902,fit
13903,fit
13904,fit
13905,calibration
13906,test
13907,calibration
13909,test
13910,calibration
13911,fit
13912,fit
13913,fit
13914,test
13915,fit
13916,fit
13917,fit
13918,fit
13919,calibration
13920,fit
13921,fit
13922,test
13924,fit
13925,fit
13926,fit
13927,calibration
13928,test
13930,calibration
13931,fit
13932,test
13933,calibration
13934,fit
13935,fit
13936,test
13937,calibration
13938,calibration
13939,fit
13940,calibration
13941,fit
13942,test
13943,test
13944,fit
13945,fit
13946,fit
13947,calibration
13948,test
13949,fit
13950,fit
13951,fit
13952,calibration
13953,fit
13955,test
13956,calibration
13957,fit
13958,fit
13959,calibration
13960,test
13961,fit
13964,test
13965,fit
13966,test
13967,test
13968,fit
13969,calibration
13970,calibration
13971,test
13972,fit
13973,fit
13974,fit
13975,calibration
13976,test
13977,fit
13978,fit
13979,fit
13980,fit
13981,fit
13982,fit
13983,fit
13984,fit
13985,fit
13986,fit
13987,fit
13988,fit
13989,test
13990,fit
13991,test
13992,calibration
13993,calibration
13994,fit
13995,calibration
13996,fit
13997,fit
13998,fit
13999,calibration
14000,fit
14001,fit
14002,test
14003,fit
14004,fit
14005,fit
14006,test
14008,calibration
14009,fit
14010,fit
14011,fit
14012,test
14013,test
14015,calibration
14016,fit
14017,test
14018,fit
14019,fit
14020,calibration
14021,calibration
14022,fit
14023,fit
14024,fit
14025,test
14026,fit
14027,calibration
14028,fit
14029,test
14030,test
14031,fit
14032,fit
14033,fit
14034,fit
14035,test
14036,fit
14037,fit
14038,calibration
14039,calibration
14040,fit
14041,fit
14043,calibration
14044,fit
14045,calibration
14046,fit
14047,fit
14048,fit
14049,fit
14050,fit
14051,test
14052,fit
14053,test
14054,fit
14055,fit
14056,fit
14057,calibration
14059,fit
14060,calibration
14061,fit
14062,fit
14063,calibration
14064,calibration
14065,fit
14066,test
14068,calibration
14069,fit
14070,fit
14071,test
14072,fit
14073,test
14074,fit
14075,fit
14076,fit
14077,fit
14078,fit
14079,fit
14080,fit
14082,test
14083,test
14084,fit
14085,fit
14086,calibration
14087,fit
14088,fit
14089,fit
14090,fit
14091,test
14092,test
14093,fit
14094,fit
14095,fit
14096,test
14097,test
14098,test
14099,fit
14100,test
14101,fit
14102,fit
14103,fit
14104,test
14105,fit
14106,fit
14107,fit
14108,fit
14109,calibration
14110,fit
14111,calibration
14112,calibration
14113,calibration
14114,fit
14115,fit
14116,fit
14117,fit
14118,fit
14119,fit
14120,fit
14121,calibration
14122,fit
14123,fit
14124,calibration
14125,fit
14126,test
14127,calibration
14128,fit
14129,fit
14130,fit
14131,test
14132,fit
14133,calibration
14134,fit
14135,fit
14136,fit
14137,test
14138,calibration
14140,test
14141,test
14142,fit
14143,fit
14144,fit
14145,fit
14146,fit
14147,test
14148,calibration
14149,calibration
14151,fit
14153,fit
14154,fit
14155,fit
14158,fit
14159,fit
14160,fit
14161,test
14162,test
14163,test
14164,fit
14165,fit
14167,fit
14168,fit
14169,fit
14170,calibration
14171,calibration
14172,test
14173,fit
14174,fit
14175,test
14176,calibration
14177,fit
14178,calibration
14179,fit
14180,calibration
14181,fit
14182,fit
14183,calibration
14184,fit
14185,calibration
14186,fit
14187,fit
14188,test
14189,fit
14190,fit
14191,fit
14192,test
14193,fit
14194,calibration
14197,calibration
14198,fit
14199,test
14200,fit
14201,calibration
14202,fit
14203,fit
14204,fit
14205,test
14206,fit
14207,fit
14208,calibration
14209,fit
14210,fit
14211,fit
14212,fit
14214,fit
14215,fit
14216,calibration
14217,fit
14218,fit
14219,fit
14220,calibration
14221,fit
14222,calibration
14223,fit
14224,calibration
14225,fit
14226,fit
14227,fit
14228,fit
14229,calibration
14230,test
14231,test
14232,fit
14233,fit
14234,test
14236,fit
14237,fit
14238,fit
14239,fit
14240,calibration
14241,calibration
14242,fit
14243,calibration
14244,test
14245,fit
14246,fit
14247,test
14248,fit
14249,fit
14250,calibration
14251,test
14252,calibration
14253,fit
14254,fit
14255,fit
14256,test
14257,calibration
14258,test
14259,calibration
14260,fit
14261,fit
14262,fit
14263,fit
14264,fit
14265,fit
14266,fit
14267,fit
14268,fit
14269,fit
14270,calibration
14271,test
14272,calibration
14273,test
14275,calibration
14276,fit
14277,fit
14278,fit
14279,calibration
14280,fit
14281,test
14282,fit
14283,calibration
14284,fit
14285,fit
14286,fit
14287,test
14288,calibration
14289,fit
14290,fit
14291,fit
14292,fit
14293,test
14294,fit
14295,test
14296,fit
14297,fit
14298,fit
14299,fit
14300,fit
14301,calibration
14302,fit
14304,fit
14305,calibration
14306,calibration
14307,fit
14308,fit
14309,test
14310,test
14311,fit
14312,fit
14313,calibration
14314,fit
14315,fit
14316,fit
14317,fit
14318,calibration
14319,test
14320,calibration
14321,fit
14323,test
14324,test
14326,calibration
14327,fit
14328,fit
14329,fit
14330,fit
14331,fit
14333,fit
14334,test
14335,fit
14336,fit
14337,fit
14338,fit
14339,test
14340,test
14341,fit
14343,calibration
14344,test
14345,fit
14346,fit
14347,calibration
14348,fit
14349,test
14350,calibration
14351,fit
14352,calibration
14353,calibration
14354,fit
14355,fit
14356,calibration
14357,fit
14358,fit
14359,fit
14360,fit
14361,fit
14362,fit
14363,test
14364,fit
14365,test
14366,calibration
14367,fit
14368,fit
14369,test
14370,fit
14371,fit
14372,test
14374,test
14375,calibration
14376,fit
14377,fit
14378,fit
14379,calibration
14380,test
14381,test
14382,fit
14383,fit
14384,calibration
14385,fit
14386,fit
14387,fit
14388,fit
14389,fit
14391,fit
14392,fit
14393,fit
14394,fit
14395,test
14397,test
14398,fit
14399,fit
14400,fit
14401,test
14402,fit
14404,test
14405,test
14406,fit
14407,calibration
14408,test
14409,fit
14410,test
14411,calibration
14412,fit
14413,fit
14414,fit
14415,fit
14416,fit
14417,fit
14418,calibration
14419,fit
14420,test
14421,fit
14422,fit
14423,calibration
14424,test
14425,test
14426,calibration
14427,test
14428,fit
14429,calibration
14430,fit
14431,calibration
14432,test
14433,fit
14434,fit
14435,fit
14436,fit
14437,calibration
14438,fit
14439,test
14440,fit
14441,calibration
14442,fit
14443,fit
14444,test
14445,test
14446,fit
14447,fit
14448,fit
14449,fit
14450,fit
14451,fit
14452,test
14453,calibration
14454,test
14455,fit
14456,calibration
14457,calibration
14458,fit
14459,fit
14460,calibration
14461,fit
14462,fit
14463,test
14464,fit
14465,fit
14466,fit
14467,calibration
14468,fit
14469,fit
14470,fit
14471,calibration
14472,fit
14473,fit
14474,test
14475,fit
14476,calibration
14477,fit
14478,fit
14479,calibration
14480,calibration
14481,fit
14482,fit
14483,calibration
14484,fit
14485,fit
14486,calibration
14487,calibration
14488,calibration
14489,calibration
14490,fit
14491,test
14492,calibration
14493,fit
14494,calibration
14495,calibration
14496,test
14497,calibration
14498,fit
14499,calibration
14500,calibration
14501,calibration
14502,fit
14503,fit
14504,fit
14505,fit
14506,calibration
14507,fit
14509,test
14510,fit
14511,fit
14512,test
14513,calibration
14514,fit
14515,calibration
14516,test
14517,calibration
14518,test
14519,test
14520,calibration
14521,calibration
14523,calibration
14524,fit
14525,fit
14526,fit
14527,fit
14528,calibration
14529,fit
14530,fit
14531,fit
14532,fit
14533,calibration
14534,test
14535,test
14536,fit
14537,calibration
14538,fit
14539,fit
14540,calibration
14541,test
14542,fit
14543,fit
14544,calibration
14545,fit
14546,fit
14547,fit
14548,fit
14549,fit
14550,test
14551,fit
14552,test
14553,fit
14554,fit
14555,fit
14556,fit
14557,fit
14558,test
14559,fit
14560,calibration
14561,calibration
14562,fit
14563,fit
14565,test
14566,fit
14567,test
14568,calibration
14569,calibration
14570,test
14571,test
14572,fit
14573,calibration
14574,test
14575,calibration
14576,fit
14577,fit
14578,test
14579,fit
14580,fit
14581,fit
14582,calibration
14583,test
14584,fit
14585,fit
14586,fit
14587,fit
14588,fit
14589,fit
14590,fit
14591,calibration
14592,calibration
14594,fit
14595,fit
14596,fit
14597,fit
14598,test
14599,fit
14600,test
14601,fit
14602,fit
14603,fit
14604,fit
14605,fit
14606,fit
14607,test
14608,fit
14609,calibration
14610,fit
14611,fit
14612,test
14613,fit
14614,fit
14615,fit
14616,test
14617,fit
14618,fit
14619,fit
14620,test
14621,fit
14622,fit
14623,calibration
14624,fit
14625,calibration
14626,fit
14627,fit
14628,fit
14629,fit
14630,fit
14631,fit
14632,calibration
14633,fit
14634,fit
14635,calibration
14636,fit
14637,test
14638,fit
14639,fit
14640,calibration
14641,test
14642,fit
14643,fit
14644,test
14645,fit
14646,test
14647,fit
14648,test
14649,test
14650,fit
14651,fit
14652,fit
14653,fit
14654,fit
14655,fit
14656,fit
14657,fit
14658,test
14659,test
14660,fit
14662,test
14663,test
14664,calibration
14665,calibration
14666,fit
14668,test
14669,calibration
14670,fit
14671,calibration
14672,calibration
14673,fit
14674,fit
14675,fit
14676,test
14677,fit
14678,fit
14680,calibration
14681,fit
14682,fit
14683,calibration
14684,calibration
14685,test
14686,fit
14687,fit
14688,fit
14689,fit
14690,test
14691,test
14692,calibration
14693,fit
14694,fit
14695,calibration
14696,calibration
14697,test
14698,test
14699,fit
14700,test
14701,fit
14702,fit
14704,fit
14705,calibration
14706,fit
14708,test
14709,calibration
14710,fit
14711,fit
14712,test
14713,fit
14714,fit
14715,fit
14716,calibration
14717,calibration
14718,fit
14719,fit
14720,fit
14721,fit
14722,fit
14723,calibration
14724,calibration
14726,fit
14727,fit
14728,fit
14729,fit
14730,fit
14731,calibration
14732,fit
14733,fit
14734,test
14735,test
14736,fit
14737,fit
14738,calibration
14739,fit
14740,fit
14741,fit
14742,calibration
14743,fit
14744,calibration
14745,test
14746,fit
14747,calibration
14748,calibration
14749,test
14750,calibration
14751,fit
14752,calibration
14753,test
14754,fit
14755,fit
14756,fit
14757,fit
14759,fit
14761,calibration
14762,fit
14763,calibration
14764,test
14765,fit
14766,test
14767,fit
14768,calibration
14769,fit
14770,fit
14771,fit
14772,calibration
14773,fit
14774,fit
14775,fit
14776,calibration
14777,test
14778,test
14779,fit
14782,fit
14783,calibration
14784,test
14785,fit
14786,fit
14787,calibration
14788,calibration
14789,fit
14790,fit
14791,fit
14792,fit
14793,fit
14794,fit
14795,fit
14796,fit
14797,fit
14798,fit
14799,test
14800,fit
14801,fit
14802,test
14803,test
14804,calibration
14805,fit
14806,calibration
14807,fit
14808,calibration
14809,fit
14810,fit
14811,test
14812,test
14813,test
14814,test
14815,test
14816,fit
14817,fit
14818,calibration
14819,fit
14820,calibration
14821,fit
14822,fit
14823,fit
14824,fit
14825,test
14826,test
14827,fit
14828,fit
14829,fit
14830,calibration
14832,calibration
14833,fit
14834,fit
14835,fit
14836,fit
14837,fit
14838,fit
14839,fit
14840,fit
14841,test
14842,fit
14843,fit
14844,test
14845,fit
14846,fit
14847,test
14848,fit
14849,fit
14850,fit
14851,fit
14852,test
14853,fit
14854,test
14855,fit
14856,fit
14857,calibration
14858,calibration
14859,calibration
14861,calibration
14862,calibration
14863,fit
14864,fit
14865,calibration
14866,test
14867,test
14868,fit
14869,fit
14870,fit
14871,calibration
14872,test
14873,test
14874,fit
14875,fit
14876,fit
14877,fit
14878,fit
14879,fit
14880,fit
14881,fit
14882,fit
14885,fit
14886,calibration
14887,fit
14888,fit
14889,test
14890,fit
14891,test
14892,test
14893,test
14894,test
14895,fit
14896,fit
14897,fit
14899,fit
14900,calibration
14901,test
14902,fit
14903,fit
14904,calibration
14905,calibration
14906,fit
14907,fit
14908,test
14910,fit
14911,fit
14912,fit
14913,fit
14914,fit
14915,fit
14916,fit
14917,fit
14918,calibration
14920,calibration
14921,calibration
14922,test
14923,fit
14924,fit
14926,fit
14928,fit
14929,calibration
14930,test
14931,fit
14932,calibration
14933,fit
14934,calibration
14935,fit
14936,calibration
14937,calibration
14938,test
14939,fit
14940,fit
14941,fit
14942,test
14943,fit
14944,calibration
14945,fit
14946,fit
14948,calibration
14949,calibration
14950,calibration
14951,test
14952,fit
14953,test
14954,calibration
14955,calibration
14956,fit
14957,calibration
14958,calibration
14959,fit
14960,test
14961,fit
14962,test
14963,fit
14964,fit
14965,test
14966,calibration
14967,fit
14968,test
14969,calibration
14970,test
14971,fit
14972,calibration
14973,test
14974,fit
14975,test
14976,fit
14977,fit
14978,fit
14979,fit
14980,fit
14981,fit
14982,fit
14983,calibration
14984,fit
14985,fit
14986,test
14987,fit
14989,test
14990,fit
14991,fit
14992,test
14993,test
14995,fit
14996,fit
14997,fit
14998,fit
14999,fit
15000,fit
15001,calibration
15002,test
15003,calibration
15004,calibration
15005,test
15006,fit
15007,calibration
15008,fit
15009,fit
15010,fit
15011,fit
15012,fit
15013,fit
15014,fit
15015,calibration
15016,fit
15017,fit
15018,fit
15019,fit
15020,fit
15021,fit
15022,calibration
15023,calibration
15024,test
15026,fit
15027,test
15028,calibration
15029,fit
15030,test
15031,fit
15032,fit
15033,fit
15034,fit
15035,test
15036,fit
15037,fit
15038,calibration
15039,fit
15041,fit
15042,fit
15043,calibration
15044,fit
15045,fit
15046,fit
15049,fit
15050,test
15051,fit
15052,fit
15053,fit
15054,fit
15055,fit
15056,fit
15057,test
15058,calibration
15059,fit
15060,calibration
15061,test
15062,fit
15063,fit
15064,calibration
15065,test
15066,test
15067,fit
15068,calibration
15069,fit
15070,fit
15071,fit
15072,fit
15073,fit
15074,fit
15075,fit
15077,fit
15078,fit
15079,fit
15080,calibration
15081,calibration
15082,fit
15083,fit
15084,calibration
15085,test
15087,fit
15088,fit
15089,fit
15090,fit
15091,test
15092,fit
15093,fit
15094,calibration
15095,calibration
15096,test
15097,fit
15098,fit
15099,test
15100,test
15101,fit
15102,fit
15103,fit
15104,fit
15105,calibration
15106,fit
15107,calibration
15108,fit
15109,fit
15110,fit
15111,calibration
15112,fit
15113,fit
15114,fit
15115,fit
15116,calibration
15117,calibration
15118,fit
15119,fit
15120,calibration
15121,calibration
15122,calibration
15123,fit
15124,fit
15125,test
15126,fit
15127,fit
15128,test
15129,fit
15130,fit
15131,test
15133,fit
15134,fit
15135,fit
15136,calibration
15137,fit
15138,fit
15139,test
15140,test
15141,calibration
15142,fit
15143,calibration
15144,fit
15145,calibration
15146,calibration
15147,fit
15149,calibration
15150,fit
15151,fit
15152,test
15153,fit
15154,test
15155,test
15156,fit
15157,calibration
15158,calibration
15159,fit
15160,test
15161,calibration
15162,fit
15163,fit
15165,fit
15166,fit
15167,calibration
15168,calibration
15169,fit
15170,fit
15171,calibration
15172,test
15173,fit
15174,test
15175,fit
15176,fit
15177,fit
15178,fit
15179,calibration
15180,fit
15181,calibration
15182,fit
15183,test
15184,calibration
15185,fit
15186,fit
15187,fit
15188,fit
15189,test
15190,fit
15191,test
15192,calibration
15193,calibration
15194,fit
15195,calibration
15197,test
15198,fit
15199,calibration
15200,fit
15201,fit
15203,fit
15204,fit
15205,test
15206,fit
15207,fit
15208,test
15209,fit
15210,fit
15211,test
15212,fit
15213,calibration
15214,calibration
15215,fit
15216,test
15217,fit
15218,test
15219,calibration
15220,test
15221,fit
15222,test
15223,calibration
15225,fit
15226,fit
15228,fit
15229,fit
15230,fit
15231,fit
15232,fit
15233,test
15234,calibration
15235,test
15236,fit
15237,fit
15238,fit
15239,calibration
15240,fit
15241,calibration
15242,calibration
15243,calibration
15244,fit
15245,test
15246,fit
15247,fit
15249,calibration
15250,test
15251,fit
15252,fit
15253,fit
15254,fit
15255,test
15256,fit
15258,fit
15259,calibration
15260,calibration
15261,fit
15262,fit
15263,fit
15264,fit
15265,fit
15266,calibration
15267,fit
15268,fit
15269,fit
15270,fit
15271,fit
15272,fit
15273,fit
15274,fit
15275,fit
15276,test
15277,fit
15278,fit
15279,fit
15280,fit
15282,fit
15283,calibration
15284,test
15285,calibration
15286,calibration
15287,fit
15288,test
15289,test
15290,fit
15291,fit
15292,calibration
15293,calibration
15294,fit
15295,calibration
15296,fit
15297,calibration
15298,calibration
15299,test
15300,test
15301,fit
15302,calibration
15303,test
15305,fit
15306,fit
15307,fit
15308,fit
15309,fit
15310,test
15311,test
15312,fit
15313,calibration
15314,calibration
15315,test
15316,fit
15317,fit
15318,fit
15319,fit
15320,fit
15321,fit
15322,fit
15323,fit
15324,calibration
15325,fit
15326,fit
15327,fit
15328,fit
15329,fit
15330,calibration
15331,fit
15332,fit
15333,fit
15334,fit
15335,fit
15336,test
15337,calibration
15338,calibration
15339,fit
15341,fit
15342,fit
15343,fit
15344,fit
15345,fit
15346,calibration
15347,fit
15348,calibration
15349,calibration
15350,calibration
15351,fit
15352,fit
15353,test
15354,fit
15355,fit
15356,calibration
15357,calibration
15358,fit
15359,fit
15360,fit
15361,fit
15363,fit
15364,fit
15365,calibration
15366,test
15367,calibration
15368,calibration
15369,fit
15370,calibration
15371,fit
15372,test
15373,fit
15374,test
15375,calibration
15376,calibration
15378,fit
15379,fit
15381,fit
15382,fit
15383,fit
15384,test
15385,calibration
15386,fit
15387,fit
15388,fit
15389,fit
15390,fit
15391,fit
15392,test
15393,calibration
15394,test
15395,fit
15396,fit
15397,fit
15398,test
15399,test
15401,fit
15402,fit
15403,fit
15404,test
15405,fit
15406,fit
15407,fit
15408,fit
15409,fit
15410,fit
15411,calibration
15412,fit
15413,fit
15415,fit
15416,calibration
15417,fit
15418,fit
15419,fit
15420,fit
15421,calibration
15422,calibration
15423,fit
15424,fit
15425,fit
15426,fit
15427,calibration
15428,fit
15429,fit
15430,fit
15431,calibration
15432,fit
15433,fit
15434,fit
15435,fit
15436,test
15437,test
15438,fit
15439,fit
15440,calibration
15441,fit
15442,fit
15443,fit
15444,test
15445,fit
15446,calibration
15447,fit
15448,calibration
15449,fit
15450,calibration
15451,calibration
15452,fit
15453,test
15455,fit
15456,fit
15457,fit
15458,fit
15459,calibration
15460,fit
15461,test
15462,calibration
15463,fit
15464,fit
15465,calibration
15466,calibration
15467,fit
15468,fit
15469,fit
15470,fit
15471,fit
15472,fit
15473,fit
15474,calibration
15475,test
15476,fit
15477,fit
15478,fit
15479,fit
15480,calibration
15481,calibration
15482,fit
15483,calibration
15484,calibration
15485,calibration
15486,fit
15487,test
15488,fit
15489,test
15491,fit
15492,test
15493,calibration
15494,calibration
15495,fit
15496,fit
15497,fit
15498,fit
15499,fit
15500,test
15501,fit
15502,fit
15503,fit
15504,calibration
15505,fit
15506,calibration
15507,fit
15508,fit
15509,test
15510,test
15511,fit
15513,test
15514,fit
15515,fit
15516,calibration
15517,fit
15518,calibration
15519,calibration
15520,test
15521,test
15522,fit
15523,fit
15524,test
15525,fit
15526,calibration
15527,fit
15528,fit
15529,fit
15530,calibration
15531,fit
15532,fit
15533,fit
15534,fit
15535,calibration
15536,test
15537,fit
15538,fit
15539,fit
15540,test
15541,fit
15542,fit
15543,calibration
15544,fit
15545,fit
15546,test
15547,test
15548,test
15549,calibration
15550,test
15551,calibration
15552,test
15553,fit
15554,fit
15555,fit
15556,test
15557,fit
15558,test
15559,test
15560,calibration
15561,fit
15562,fit
15563,fit
15564,test
15565,calibration
15566,fit
15567,fit
15568,test
15569,fit
15570,calibration
15571,calibration
15572,calibration
15573,fit
15574,fit
15575,fit
15576,fit
15577,fit
15578,test
15579,test
15580,calibration
15581,fit
15582,test
15583,fit
15584,fit
15585,calibration
15586,calibration
15587,calibration
15588,fit
15589,fit
15590,fit
15591,fit
15592,test
15593,fit
15594,fit
15595,fit
15597,fit
15598,fit
15599,fit
15600,test
15601,fit
15602,calibration
15603,fit
15604,fit
15605,fit
15606,test
15607,test
15608,test
15609,fit
15610,calibration
15611,fit
15612,calibration
15613,fit
15614,calibration
15615,fit
15616,fit
15618,fit
15619,test
15620,fit
15621,calibration
15622,fit
15623,test
15624,fit
15625,fit
15626,fit
15627,fit
15628,fit
15629,calibration
15630,calibration
15631,test
15632,calibration
15633,calibration
15634,fit
15635,fit
15636,test
15637,fit
15638,calibration
15639,test
15640,calibration
15641,fit
15642,fit
15645,calibration
15646,calibration
15647,fit
15648,test
15649,fit
15650,fit
15651,calibration
15652,test
15653,fit
15655,calibration
15656,fit
15657,calibration
15658,fit
15659,test
15661,test
15662,calibration
15663,fit
15664,calibration
15665,fit
15666,fit
15667,fit
15668,fit
15669,fit
15670,fit
15671,test
15672,calibration
15675,fit
15676,calibration
15677,test
15678,test
15679,fit
15680,fit
15681,calibration
15682,test
15683,calibration
15684,test
15685,fit
15686,fit
15687,fit
15688,fit
15689,test
15690,test
15691,fit
15692,fit
15693,fit
15694,fit
15695,test
15696,calibration
15697,fit
15698,fit
15699,calibration
15700,fit
15701,calibration
15702,fit
15703,fit
15704,calibration
15705,calibration
15706,fit
15707,calibration
15708,fit
15709,test
15710,fit
15711,test
15712,fit
15713,fit
15714,fit
15715,calibration
15716,fit
15717,calibration
15718,fit
15719,fit
15720,calibration
15721,fit
15722,fit
15723,calibration
15724,test
15725,fit
15726,calibration
15727,fit
15728,calibration
15730,fit
15731,fit
15732,fit
15733,fit
15735,fit
15736,calibration
15737,fit
15739,fit
15740,fit
15741,fit
15742,fit
15743,test
15744,fit
15745,test
15746,calibration
15747,fit
15748,test
15749,test
15750,test
15751,calibration
15752,fit
15753,fit
15754,test
15755,test
15756,fit
15757,test
15758,fit
15759,fit
15760,fit
15761,fit
15762,test
15763,fit
15764,calibration
15765,fit
15766,calibration
15767,fit
15768,fit
15769,fit
15772,calibration
15773,fit
15775,fit
15776,fit
15777,fit
15778,fit
15779,test
15780,calibration
15781,fit
15782,calibration
15783,fit
15784,calibration
15785,test
15786,fit
15788,fit
15789,calibration
15790,calibration
15791,test
15792,fit
15793,fit
15795,test
15796,fit
15797,fit
15798,calibration
15799,fit
15800,fit
15801,fit
15802,test
15803,fit
15804,calibration
15805,fit
15806,fit
15807,test
15808,fit
15809,fit
15810,fit
15811,fit
15812,calibration
15813,fit
15814,test
15815,fit
15816,calibration
15817,test
15818,calibration
15819,test
15820,fit
15821,fit
15823,test
15824,calibration
15825,fit
15826,fit
15827,calibration
15828,fit
15829,fit
15830,calibration
15831,test
15832,fit
15833,fit
15834,calibration
15835,fit
15836,fit
15837,calibration
15838,fit
15839,fit
15840,fit
15841,fit
15842,fit
15843,fit
15844,test
15845,fit
15846,fit
15848,fit
15849,test
15850,fit
15851,calibration
15852,calibration
15853,fit
15854,test
15855,fit
15856,fit
15857,fit
15858,calibration
15859,fit
15860,fit
15861,fit
15862,fit
15863,test
15864,calibration
15865,fit
15866,calibration
15867,fit
15868,test
15869,test
15870,calibration
15871,fit
15872,calibration
15873,fit
15874,fit
15875,test
15876,calibration
15877,fit
15880,fit
15881,fit
15882,fit
15883,test
15884,fit
15885,fit
15886,calibration
15887,fit
15888,calibration
15889,fit
15890,fit
15892,fit
15893,fit
15894,fit
15895,fit
15896,calibration
15897,fit
15898,fit
15899,fit
15900,calibration
15901,test
15902,fit
15903,test
15904,calibration
15905,fit
15906,test
15907,calibration
15908,test
15909,fit
15910,fit
15911,fit
15912,test
15913,test
15915,fit
15916,calibration
15917,fit
15918,calibration
15919,calibration
15920,calibration
15921,fit
15922,test
15923,fit
15924,test
15925,fit
15926,test
15927,fit
15928,fit
15929,calibration
15930,fit
15931,test
15932,fit
15933,fit
15934,fit
15935,fit
15936,fit
15937,test
15939,fit
15940,test
15941,fit
15942,fit
15943,fit
15946,fit
15947,test
15948,fit
15949,fit
15950,fit
15951,calibration
15952,test
15953,calibration
15954,fit
15955,fit
15956,test
15957,calibration
15958,test
15959,calibration
15960,fit
15961,fit
15963,fit
15964,fit
15966,fit
15967,fit
15968,fit
15969,fit
15970,fit
15971,fit
15972,fit
15973,fit
15974,test
15976,calibration
15977,fit
15978,fit
15979,fit
15980,calibration
15981,fit
15982,test
15983,fit
15984,fit
15985,fit
15986,test
15987,fit
15988,fit
15989,fit
15990,fit
15991,fit
15992,fit
15993,fit
15994,calibration
15995,test
15996,test
15997,fit
15998,fit
15999,calibration
16000,fit
16001,fit
16002,calibration
16003,fit
16004,calibration
16006,fit
16007,calibration
16008,fit
16009,test
16010,fit
16011,test
16012,fit
16013,calibration
16014,fit
16015,fit
16016,test
16017,fit
16018,fit
16019,fit
16020,calibration
16021,fit
16022,fit
16023,test
16024,test
16025,calibration
16026,fit
16027,fit
16028,test
16029,fit
16030,fit
16031,calibration
16033,fit
16034,fit
16035,fit
16036,fit
16037,fit
16038,fit
16039,calibration
16040,calibration
16041,test
16042,test
16043,test
16044,calibration
16045,fit
16046,calibration
16048,fit
16049,fit
16050,fit
16051,fit
16052,calibration
16053,fit
16054,fit
16055,calibration
16056,fit
16057,test
16058,test
16059,fit
16060,test
16061,fit
16062,fit
16063,fit
16064,calibration
16065,fit
16066,test
16067,fit
16068,test
16069,calibration
16070,fit
16071,fit
16072,fit
16073,fit
16074,fit
16075,fit
16076,test
16077,fit
16078,fit
16079,fit
16080,fit
16081,fit
16082,calibration
16084,calibration
16085,test
16086,test
16087,test
16088,fit
16089,test
16090,test
16093,calibration
16094,fit
16095,calibration
16096,fit
16097,fit
16098,fit
16099,fit
16100,fit
16101,fit
16103,calibration
16104,calibration
16105,fit
16106,fit
16107,fit
16108,fit
16109,fit
16110,fit
16111,fit
16112,fit
16113,test
16114,fit
16115,fit
16117,fit
16119,fit
16120,calibration
16121,calibration
16122,fit
16123,fit
16124,fit
16125,fit
16126,fit
16127,fit
16128,calibration
16129,test
16130,fit
16131,test
16132,fit
16133,fit
16134,fit
16135,calibration
16136,calibration
16138,fit
16139,calibration
16140,fit
16141,calibration
16142,test
16143,calibration
16144,test
16145,fit
16146,test
16147,fit
16148,calibration
16149,test
16150,fit
16151,fit
16152,calibration
16153,fit
16154,fit
16155,calibration
16156,fit
16157,fit
16158,calibration
16159,fit
16160,fit
16161,fit
16162,fit
16163,fit
16164,fit
16166,fit
16167,fit
16168,fit
16169,fit
16170,fit
16171,test
16172,fit
16173,fit
16174,calibration
16175,fit
16176,fit
16177,test
16178,fit
16179,fit
16180,test
16181,fit
16182,fit
16183,test
16184,test
16185,calibration
16186,fit
16187,fit
16188,fit
16189,calibration
16190,test
16191,fit
16192,test
16193,fit
16194,fit
16195,fit
16196,calibration
16197,fit
16198,test
16199,fit
16200,fit
16201,test
16202,fit
16204,calibration
16205,fit
16206,calibration
16207,test
16208,fit
16209,test
16210,fit
16211,calibration
16212,calibration
16213,fit
16214,fit
16215,test
16216,fit
16217,test
16218,calibration
16220,calibration
16221,fit
16222,fit
16223,test
16224,calibration
16225,fit
16226,fit
16227,fit
16228,calibration
16229,fit
16230,test
16231,fit
16232,calibration
16233,fit
16234,fit
16235,calibration
16236,fit
16237,fit
16238,calibration
16239,fit
16240,calibration
16241,test
16242,fit
16243,fit
16244,calibration
16245,fit
16246,fit
16247,test
16248,fit
16249,test
16250,fit
16251,fit
16252,fit
16253,fit
16254,test
16255,fit
16256,fit
16257,fit
16258,test
16259,fit
16260,fit
16261,fit
16262,fit
16263,fit
16264,fit
16265,calibration
16266,calibration
16267,fit
16269,fit
16270,fit
16271,fit
16272,calibration
16273,fit
16274,fit
16275,fit
16276,fit
16277,calibration
16278,fit
16279,fit
16280,fit
16281,fit
16282,test
16283,fit
16284,fit
16285,calibration
16286,fit
16287,fit
16288,fit
16289,fit
16290,fit
16291,fit
16292,fit
16293,fit
16294,fit
16295,test
16296,calibration
16297,fit
16298,fit
16299,calibration
16300,test
16301,fit
16302,fit
16303,fit
16304,fit
16305,fit
16306,calibration
16307,fit
16308,test
16309,fit
16310,fit
16311,fit
16312,test
16313,test
16314,fit
16315,test
16316,calibration
16317,test
16318,calibration
16321,fit
16322,test
16323,fit
16325,calibration
16326,fit
16327,fit
16328,calibration
16329,fit
16330,calibration
16331,fit
16332,fit
16333,fit
16334,fit
16335,fit
16336,fit
16337,test
16338,fit
16339,fit
16340,calibration
16341,fit
16343,test
16344,calibration
16345,calibration
16346,fit
16347,calibration
16348,test
16349,calibration
16350,fit
16351,fit
16352,fit
16353,fit
16354,fit
16355,test
16356,test
16357,calibration
16359,fit
16360,fit
16361,calibration
16362,fit
16363,fit
16364,fit
16365,calibration
16367,test
16368,test
16369,fit
16370,test
16371,calibration
16372,calibration
16373,test
16374,test
16375,fit
16376,calibration
16377,fit
16378,test
16379,calibration
16380,fit
16381,fit
16382,fit
16383,test
16384,fit
16385,fit
16386,fit
16387,fit
16388,test
16389,test
16390,test
16391,fit
16392,fit
16393,fit
16394,test
16395,fit
16396,calibration
16397,test
16398,test
16399,test
16400,fit
16401,calibration
16402,test
16403,test
16404,test
16405,fit
16406,fit
16407,test
16408,calibration
16409,fit
16410,fit
16411,test
16412,fit
16413,calibration
16414,fit
16415,fit
16417,fit
16418,fit
16419,fit
16420,calibration
16421,fit
16422,fit
16423,calibration
16424,fit
16425,fit
16426,calibration
16427,fit
16428,test
16429,fit
16430,fit
16431,calibration
16432,fit
16433,fit
16434,test
16435,fit
16436,test
16437,fit
16438,fit
16439,fit
16440,fit
16441,test
16442,fit
16443,fit
16444,calibration
16445,calibration
16446,fit
16447,fit
16449,fit
16450,fit
16451,test
16452,test
16453,fit
16454,fit
16455,fit
16456,fit
16457,fit
16459,calibration
16460,fit
16461,test
16462,calibration
16464,test
16465,test
16466,fit
16467,calibration
16468,fit
16469,fit
16471,fit
16472,calibration
16473,test
16474,test
16475,fit
16477,fit
16478,fit
16479,fit
16481,test
16482,calibration
16483,fit
16484,fit
16485,calibration
16486,fit
16487,fit
16488,fit
16489,fit
16490,fit
16491,fit
16492,fit
16493,fit
16494,calibration
16495,fit
16496,calibration
16497,fit
16498,fit
16499,fit
16500,fit
16501,fit
16502,test
16503,fit
16504,calibration
16505,test
16506,fit
16507,test
16508,fit
16509,test
16510,calibration
16511,fit
16512,fit
16513,test
16514,calibration
16515,calibration
16517,fit
16518,test
16519,fit
16520,fit
16522,fit
16523,calibration
16524,fit
16525,fit
16526,calibration
16527,fit
16528,test
16529,calibration
16530,fit
16531,fit
16532,fit
16533,calibration
16534,fit
16535,test
16536,fit
16537,test
16538,fit
16539,fit
16540,calibration
16541,test
16542,fit
16543,calibration
16544,fit
16545,test
16546,fit
16547,fit
16548,fit
16549,calibration
16550,fit
16552,fit
16553,fit
16554,test
16555,test
16556,fit
16557,fit
16558,fit
16559,fit
16560,fit
16561,fit
16562,test
16563,fit
16564,calibration
16565,fit
16566,fit
16567,fit
16569,fit
16570,calibration
16571,test
16572,test
16573,test
16574,fit
16575,fit
16576,calibration
16577,test
16578,fit
16579,fit
16580,calibration
16581,test
16582,fit
16583,test
16584,test
16585,test
16586,fit
16587,fit
16588,fit
16589,fit
16590,fit
16591,test
16592,fit
16593,fit
16594,fit
16595,fit
16596,fit
16597,fit
16598,test
16599,test
16600,fit
16601,fit
16603,test
16604,fit
16605,calibration
16606,fit
16607,fit
16608,fit
16609,calibration
16610,fit
16611,fit
16612,calibration
16613,fit
16615,fit
16616,calibration
16619,calibration
16620,calibration
16621,fit
16622,fit
16623,fit
16624,calibration
16626,fit
16627,calibration
16628,fit
16629,fit
16631,test
16632,calibration
16633,fit
16634,fit
16635,fit
16636,fit
16637,test
16638,test
16639,fit
16640,calibration
16641,fit
16642,fit
16643,test
16644,test
16645,test
16646,fit
16647,fit
16648,test
16649,fit
16650,fit
16651,test
16652,calibration
16653,fit
16654,test
16655,fit
16656,fit
16657,calibration
16658,test
16659,fit
16660,fit
16661,fit
16662,fit
16663,fit
16664,fit
16665,fit
16666,calibration
16667,fit
16669,calibration
16670,fit
16671,fit
16672,test
16673,fit
16674,test
16675,fit
16677,test
16678,fit
16679,fit
16680,test
16681,fit
16682,fit
16684,calibration
16685,fit
16686,fit
16687,fit
16688,calibration
16689,calibration
16690,test
16691,fit
16692,fit
16693,calibration
16694,fit
16695,fit
16696,calibration
16697,test
16698,fit
16699,fit
16700,test
16701,test
16702,fit
16704,fit
16705,test
16706,fit
16707,fit
16708,test
16709,calibration
16710,fit
16711,calibration
16712,calibration
16713,test
16714,fit
16715,fit
16716,calibration
16717,test
16718,fit
16719,calibration
16720,test
16721,calibration
16722,fit
16723,fit
16724,fit
16725,calibration
16726,fit
16727,test
16728,fit
16729,fit
16730,calibration
16731,calibration
16732,fit
16733,calibration
16734,fit
16735,calibration
16736,calibration
16737,fit
16738,calibration
16739,calibration
16740,fit
16741,fit
16742,fit
16743,fit
16746,fit
16747,fit
16748,test
16749,calibration
16750,fit
16751,test
16752,fit
16753,test
16754,fit
16755,fit
16756,calibration
16757,fit
16759,calibration
16760,test
16761,test
16762,test
16763,calibration
16764,fit
16765,fit
16766,fit
16767,test
16768,fit
16769,fit
16770,test
16771,fit
16772,test
16773,fit
16774,test
16775,calibration
16776,test
16777,fit
16778,fit
16779,fit
16780,fit
16781,fit
16782,fit
16783,fit
16784,calibration
16785,test
16786,fit
16787,calibration
16788,fit
16789,calibration
16790,fit
16791,test
16792,fit
16793,test
16794,test
16795,fit
16796,fit
16797,fit
16798,test
16799,calibration
16800,fit
16801,fit
16802,fit
16803,calibration
16804,fit
16805,fit
16806,calibration
16807,fit
16808,calibration
16809,test
16811,calibration
16812,fit
16813,fit
16814,fit
16815,fit
16816,calibration
16817,calibration
16818,calibration
16819,test
16820,fit
16821,calibration
16822,fit
16823,fit
16824,fit
16825,calibration
16826,fit
16827,fit
16828,fit
16829,fit
16830,fit
16831,fit
16832,test
16833,calibration
16834,fit
16835,calibration
16837,calibration
16838,test
16839,fit
16840,test
16841,test
16842,fit
16843,fit
16844,fit
16845,fit
16846,fit
16847,fit
16848,fit
16849,fit
16850,test
16851,fit
16852,fit
16853,calibration
16854,fit
16855,fit
16856,calibration
16857,calibration
16858,fit
16859,fit
16860,calibration
16861,test
16862,calibration
16863,fit
16864,calibration
16865,fit
16866,fit
16867,test
16868,test
16869,fit
16870,test
16871,fit
16872,fit
16873,fit
16874,fit
16875,fit
16876,fit
16877,calibration
16878,fit
16879,fit
16880,fit
16881,fit
16882,calibration
16883,fit
16884,fit
16885,fit
16886,fit
16887,test
16888,fit
16889,fit
16890,fit
16891,fit
16894,fit
16895,fit
16896,test
16897,calibration
16898,test
16899,fit
16900,calibration
16901,test
16902,fit
16904,test
16905,test
16906,fit
16907,fit
16908,fit
16909,calibration
16911,test
16912,fit
16913,test
16914,fit
16915,test
16916,fit
16917,fit
16918,test
16919,fit
16920,test
16921,fit
16922,fit
16923,calibration
16924,fit
16925,fit
16926,fit
16927,fit
16928,calibration
16929,calibration
16930,fit
16931,fit
16932,calibration
16933,fit
16934,fit
16935,fit
16936,test
16937,fit
16938,test
16939,fit
16940,test
16941,test
16942,test
16943,fit
16944,test
16946,fit
16947,fit
16948,calibration
16950,test
16951,test
16952,calibration
16953,calibration
16954,test
16955,fit
16956,calibration
16957,calibration
16958,fit
16959,fit
16960,fit
16961,calibration
16962,test
16963,fit
16965,fit
16966,calibration
16967,fit
16968,test
16969,calibration
16970,fit
16971,fit
16972,fit
16973,test
16974,calibration
16975,fit
16976,fit
16977,test
16978,test
16980,fit
16981,test
16982,calibration
16983,test
16984,fit
16986,calibration
16987,fit
16988,fit
16989,fit
16991,fit
16992,test
16993,calibration
16994,calibration
16995,calibration
16997,calibration
16998,fit
17000,calibration
17001,fit
17002,fit
17003,fit
17004,fit
17005,test
17006,fit
17007,calibration
17008,calibration
17009,fit
17010,fit
17011,test
17012,fit
17013,fit
17014,test
17016,fit
17017,fit
17018,fit
17019,calibration
17020,fit
17022,fit
17023,fit
17024,fit
17025,fit
17026,test
17027,fit
17028,test
17029,test
17030,fit
17031,fit
17032,calibration
17033,fit
17034,fit
17035,fit
17036,calibration
17037,calibration
17038,test
17039,fit
17040,fit
17041,fit
17042,calibration
17043,calibration
17044,fit
17045,fit
17046,fit
17047,calibration
17048,test
17049,fit
17050,fit
17051,calibration
17052,fit
17053,fit
17054,fit
17056,test
17057,test
17060,fit
17061,fit
17062,test
17063,fit
17064,calibration
17065,test
17066,fit
17067,fit
17069,fit
17070,fit
17071,fit
17072,fit
17073,fit
17074,fit
17075,calibration
17076,fit
17077,fit
17078,fit
17079,fit
17080,calibration
17081,test
17082,calibration
17083,test
17084,fit
17086,calibration
17087,fit
17088,fit
17089,test
17090,fit
17091,fit
17092,test
17093,calibration
17094,fit
17095,fit
17096,calibration
17097,calibration
17098,fit
17099,fit
17100,test
17101,fit
17102,fit
17103,fit
17104,test
17105,fit
17106,fit
17107,fit
17108,fit
17109,calibration
17110,fit
17111,calibration
17112,fit
17113,fit
17114,test
17115,fit
17116,fit
17117,fit
17118,test
17119,fit
17120,test
17121,fit
17122,fit
17124,fit
17125,fit
17126,test
17127,test
17128,fit
17129,calibration
17130,fit
17131,fit
17132,fit
17133,fit
17134,test
17135,test
17136,fit
17137,calibration
17138,calibration
17139,calibration
17140,calibration
17141,fit
17142,test
17143,fit
17144,fit
17145,fit
17146,calibration
17147,fit
17148,fit
17149,fit
17150,fit
17151,fit
17152,fit
17153,fit
17154,fit
17155,calibration
17157,fit
17158,fit
17159,calibration
17160,calibration
17161,fit
17162,fit
17163,fit
17164,fit
17165,calibration
17166,test
17167,calibration
17168,fit
17169,fit
17170,test
17171,calibration
17172,test
17173,fit
17174,test
17175,fit
17176,calibration
17177,calibration
17178,fit
17179,calibration
17180,fit
17181,fit
17182,fit
17183,calibration
17184,fit
17185,fit
17186,fit
17188,fit
17189,calibration
17190,fit
17192,calibration
17193,fit
17194,test
17195,test
17196,calibration
17197,fit
17198,fit
17199,fit
17200,test
17201,fit
17202,test
17203,fit
17204,test
17205,test
17206,fit
17207,fit
17208,calibration
17209,fit
17210,fit
17211,calibration
17212,test
17213,fit
17214,fit
17215,fit
17216,calibration
17217,calibration
17218,calibration
17219,fit
17220,fit
17221,fit
17222,fit
17223,fit
17224,fit
17225,fit
17226,fit
17227,test
17229,fit
17230,fit
17231,test
17232,fit
17233,calibration
17234,fit
17235,fit
17236,fit
17237,fit
17238,fit
17239,fit
17240,calibration
17241,fit
17243,fit
17244,test
17245,fit
17247,test
17248,test
17249,calibration
17250,fit
17251,calibration
17252,fit
17253,fit
17254,test
17255,calibration
17256,test
17257,test
17258,calibration
17259,fit
17260,fit
17261,fit
17262,test
17263,test
17264,calibration
17265,fit
17266,test
17267,fit
17268,fit
17269,calibration
17270,fit
17271,fit
17273,fit
17274,fit
17275,fit
17276,fit
17277,fit
17278,fit
17279,fit
17280,test
17281,calibration
17282,fit
17283,calibration
17284,test
17285,fit
17286,calibration
17287,test
17288,fit
17290,test
17291,fit
17292,test
17294,fit
17296,test
17297,calibration
17298,calibration
17299,fit
17301,calibration
17302,fit
17303,calibration
17304,fit
17305,fit
17306,test
17307,fit
17308,calibration
17309,fit
17310,fit
17311,fit
17312,test
17313,fit
17314,calibration
17315,fit
17316,test
17317,fit
17318,fit
17319,fit
17320,fit
17321,fit
17322,calibration
17324,fit
17325,fit
17326,fit
17327,fit
17328,calibration
17329,fit
17330,fit
17332,fit
17333,fit
17334,test
17335,fit
17336,calibration
17337,test
17338,fit
17339,test
17340,calibration
17341,fit
17342,calibration
17343,fit
17344,test
17345,test
17346,calibration
17347,calibration
17348,test
17349,test
17350,fit
17351,fit
17352,fit
17353,fit
17354,fit
17355,fit
17356,test
17357,fit
17358,fit
17359,fit
17360,fit
17361,calibration
17362,calibration
17363,calibration
17364,calibration
17365,fit
17366,fit
17367,fit
17368,fit
17369,calibration
17370,test
17371,fit
17372,fit
17373,fit
17374,fit
17375,fit
17376,test
17377,calibration
17378,fit
17379,calibration
17380,test
17381,test
17382,fit
17383,fit
17384,test
17385,fit
17386,fit
17387,fit
17388,fit
17389,fit
17390,calibration
17391,test
17392,fit
17393,test
17394,calibration
17395,fit
17396,fit
17397,fit
17398,test
17399,fit
17400,test
17401,test
17402,fit
17403,fit
17404,test
17405,test
17406,test
17407,fit
17408,fit
17409,calibration
17410,test
17411,test
17413,test
17414,fit
17415,test
17416,test
17417,calibration
17418,fit
17419,calibration
17420,fit
17421,fit
17422,test
17423,fit
17424,fit
17425,test
17426,fit
17427,test
17428,fit
17429,fit
17430,fit
17431,fit
17432,fit
17433,fit
17434,calibration
17435,fit
17436,fit
17437,fit
17438,calibration
17439,calibration
17440,fit
17441,fit
17442,calibration
17443,calibration
17444,test
17445,fit
17446,test
17447,calibration
17448,calibration
17449,fit
17450,test
17451,calibration
17452,calibration
17453,calibration
17454,test
17455,fit
17456,fit
17457,fit
17458,fit
17459,test
17460,fit
17461,fit
17462,fit
17463,fit
17464,fit
17465,fit
17466,fit
17467,calibration
17468,fit
17469,fit
17470,fit
17471,fit
17472,calibration
17474,test
17475,fit
17476,test
17477,fit
17478,fit
17479,fit
17480,fit
17481,fit
17482,test
17483,test
17484,calibration
17485,test
17486,calibration
17487,test
17488,calibration
17489,test
17490,fit
17491,calibration
17492,fit
17493,test
17494,test
17496,fit
17497,calibration
17499,calibration
17500,test
17501,calibration
17502,fit
17503,test
17504,fit
17506,calibration
17507,fit
17508,test
17509,calibration
17510,calibration
17511,test
17512,calibration
17513,fit
17514,fit
17515,calibration
17516,fit
17517,test
17518,fit
17519,fit
17520,fit
17521,calibration
17522,fit
17523,fit
17524,calibration
17525,calibration
17526,test
17527,fit
17528,fit
17529,calibration
17530,calibration
17531,fit
17532,test
17533,fit
17534,test
17535,test
17536,calibration
17537,fit
17538,fit
17539,fit
17540,fit
17541,fit
17542,fit
17543,test
17544,fit
17545,fit
17546,fit
17547,test
17548,fit
17549,fit
17550,fit
17551,fit
17552,test
17553,fit
17554,calibration
17556,calibration
17557,fit
17558,fit
17559,test
17560,fit
17561,calibration
17562,test
17563,test
17564,fit
17565,fit
17566,fit
17567,fit
17568,fit
17569,calibration
17570,fit
17571,test
17572,fit
17573,test
17574,calibration
17575,test
17576,calibration
17577,calibration
17578,test
17579,fit
17580,fit
17582,fit
17583,fit
17584,test
17585,fit
17586,fit
17587,test
17588,calibration
17589,fit
17590,calibration
17591,fit
17592,calibration
17593,fit
17594,calibration
17595,fit
17596,calibration
17597,calibration
17598,fit
17599,fit
17600,test
17601,test
17602,fit
17603,calibration
17604,fit
17605,calibration
17606,fit
17607,fit
17608,calibration
17609,fit
17610,calibration
17611,fit
17612,fit
17613,test
17614,fit
17615,calibration
17616,test
17617,calibration
17618,fit
17619,test
17620,calibration
17621,calibration
17622,test
17623,test
17624,test
17625,calibration
17626,test
17627,calibration
17628,fit
17629,calibration
17630,fit
17631,fit
17632,test
17633,calibration
17634,fit
17635,fit
17637,fit
17638,fit
17639,fit
17640,calibration
17641,fit
17642,test
17643,fit
17644,fit
17645,fit
17646,test
17647,calibration
17648,test
17649,fit
17650,calibration
17651,fit
17652,fit
17653,fit
17654,fit
17655,fit
17656,fit
17657,calibration
17658,calibration
17659,fit
17660,test
17661,calibration
17662,fit
17663,fit
17664,calibration
17665,fit
17666,fit
17667,fit
17668,calibration
17669,calibration
17670,fit
17671,fit
17672,fit
17673,test
17674,calibration
17675,fit
17676,fit
17677,calibration
17678,test
17679,fit
17680,calibration
17681,fit
17682,fit
17683,calibration
17684,fit
17685,fit
17686,fit
17687,test
17688,fit
17689,fit
17690,calibration
17691,test
17693,fit
17694,test
17695,calibration
17696,fit
17697,test
17698,test
17699,fit
17700,calibration
17701,test
17702,fit
17703,test
17704,fit
17705,fit
17706,fit
17707,calibration
17708,test
17709,fit
17710,test
17711,test
17712,fit
17714,fit
17715,calibration
17716,test
17717,fit
17718,test
17719,test
17720,fit
17721,fit
17722,fit
17724,calibration
17725,fit
17727,fit
17728,calibration
17729,calibration
17730,fit
17731,fit
17732,fit
17733,fit
17734,fit
17735,calibration
17736,fit
17737,fit
17739,fit
17740,fit
17741,calibration
17742,fit
17743,calibration
17744,fit
17745,fit
17746,calibration
17747,fit
17748,fit
17749,calibration
17750,calibration
17751,fit
17752,calibration
17753,calibration
17754,test
17755,calibration
17756,calibration
17757,fit
17758,calibration
17759,test
17760,calibration
17761,test
17762,fit
17763,test
17764,test
17765,test
17766,fit
17767,fit
17768,fit
17769,test
17770,fit
17771,fit
17772,fit
17773,calibration
17774,fit
17775,fit
17776,fit
17777,calibration
17778,calibration
17779,fit
17780,fit
17781,fit
17782,fit
17783,test
17784,fit
17785,fit
17786,fit
17787,fit
17788,fit
17789,fit
17790,fit
17791,fit
17792,fit
17793,fit
17794,fit
17795,fit
17796,fit
17797,fit
17798,calibration
17799,test
17800,fit
17802,fit
17803,fit
17806,fit
17807,fit
17808,test
17809,fit
17810,calibration
17811,fit
17812,calibration
17813,fit
17814,fit
17815,calibration
17816,calibration
17817,calibration
17818,calibration
17819,fit
17820,test
17821,test
17822,fit
17823,fit
17824,calibration
17825,fit
17827,test
17828,fit
17829,fit
17830,fit
17831,test
17832,calibration
17833,fit
17834,fit
17835,test
17836,fit
17837,fit
17838,test
17839,fit
17840,calibration
17842,fit
17843,calibration
17844,fit
17845,test
17846,fit
17847,fit
17848,fit
17849,test
17850,fit
17851,fit
17852,fit
17853,calibration
17855,test
17856,test
17857,fit
17858,fit
17859,calibration
17860,test
17861,fit
17862,fit
17863,fit
17865,fit
17866,test
17867,fit
17868,fit
17869,test
17870,calibration
17871,fit
17872,fit
17873,calibration
17874,fit
17875,fit
17876,fit
17877,test
17878,calibration
17879,fit
17880,calibration
17881,fit
17882,calibration
17883,fit
17884,fit
17885,fit
17886,test
17887,test
17888,test
17889,calibration
17890,calibration
17891,fit
17892,fit
17894,fit
17895,calibration
17896,fit
17897,calibration
17898,test
17899,calibration
17900,fit
17901,fit
17902,calibration
17903,fit
17904,test
17905,calibration
17906,fit
17907,fit
17908,test
17909,calibration
17910,test
17911,fit
17912,fit
17913,test
17914,fit
17915,fit
17916,fit
17917,fit
17918,fit
17919,fit
17920,calibration
17922,fit
17923,calibration
17924,fit
17925,calibration
17926,fit
17927,fit
17928,fit
17929,calibration
17930,fit
17931,fit
17932,test
17933,calibration
17934,test
17935,fit
17936,fit
17937,fit
17938,fit
17939,calibration
17940,fit
17941,fit
17942,test
17943,fit
17944,fit
17945,fit
17946,test
17947,fit
17948,fit
17949,calibration
17950,calibration
17951,fit
17952,calibration
17953,test
17955,test
17956,fit
17957,test
17958,fit
17959,fit
17960,fit
17961,fit
17962,fit
17963,fit
17964,fit
17965,calibration
17966,fit
17967,calibration
17968,fit
17969,calibration
17970,fit
17972,fit
17973,fit
17974,calibration
17975,test
17976,calibration
17977,calibration
17978,calibration
17979,fit
17980,test
17981,fit
17982,test
17983,calibration
17984,test
17985,fit
17986,calibration
17987,calibration
17988,fit
17989,test
17990,fit
17991,test
17992,fit
17993,test
17995,test
17996,fit
17997,fit
17998,test
17999,fit
18000,test
18003,test
18004,fit
18005,fit
18006,fit
18007,calibration
18008,calibration
18009,fit
18010,test
18011,fit
18012,test
18013,fit
18014,test
18015,fit
18016,fit
18017,calibration
18018,test
18019,test
18020,test
18021,fit
18022,fit
18023,fit
18024,fit
18025,fit
18026,fit
18027,test
18028,test
18029,fit
18030,fit
18031,fit
18032,fit
18033,test
18034,fit
18036,calibration
18037,fit
18038,calibration
18039,fit
18040,fit
18041,test
18042,test
18043,calibration
18044,fit
18045,test
18046,fit
18047,calibration
18048,test
18049,fit
18050,fit
18051,fit
18052,calibration
18053,fit
18054,fit
18056,test
18057,fit
18058,calibration
18059,fit
18060,fit
18061,fit
18062,fit
18063,fit
18064,calibration
18065,test
18066,test
18067,fit
18068,fit
18069,fit
18070,fit
18071,test
18072,fit
18073,test
18074,fit
18075,fit
18076,fit
18077,fit
18078,fit
18079,fit
18080,fit
18081,test
18082,fit
18083,fit
18084,calibration
18085,test
18086,test
18087,calibration
18088,test
18089,fit
18090,calibration
18091,fit
18092,fit
18093,test
18096,fit
18097,fit
18098,fit
18099,fit
18100,fit
18101,calibration
18102,fit
18103,test
18105,test
18106,fit
18108,fit
18109,fit
18110,calibration
18111,calibration
18112,fit
18113,fit
18114,calibration
18115,test
18116,test
18117,fit
18118,fit
18119,test
18120,fit
18121,fit
18122,fit
18123,fit
18124,calibration
18125,fit
18126,fit
18127,test
18128,fit
18129,fit
18130,calibration
18131,calibration
18132,fit
18133,fit
18134,fit
18135,fit
18136,test
18137,calibration
18138,fit
18139,calibration
18140,fit
18141,test
18142,test
18143,fit
18144,fit
18145,fit
18146,fit
18147,test
18148,test
18149,test
18150,calibration
18151,fit
18152,test
18153,fit
18154,fit
18156,fit
18157,fit
18158,test
18159,fit
18160,calibration
18161,test
18162,calibration
18163,fit
18164,test
18165,fit
18166,test
18167,test
18168,test
18169,fit
18170,calibration
18171,fit
18173,fit
18174,fit
18175,fit
18177,fit
18178,test
18179,calibration
18180,fit
18181,calibration
18182,fit
18183,fit
18184,fit
18185,test
18186,fit
18187,fit
18188,fit
18189,test
18190,fit
18191,fit
18192,fit
18193,test
18194,fit
18195,fit
18196,fit
18197,calibration
18198,calibration
18199,fit
18200,fit
18201,fit
18202,calibration
18203,fit
18204,fit
18205,fit
18206,fit
18207,calibration
18208,fit
18209,calibration
18212,calibration
18213,fit
18214,fit
18215,test
18216,calibration
18217,fit
18218,fit
18219,fit
18220,fit
18221,fit
18222,test
18223,fit
18225,fit
18226,fit
18227,fit
18228,fit
18229,fit
18230,calibration
18231,test
18232,test
18233,fit
18234,test
18235,test
18237,test
18238,fit
18239,fit
18240,fit
18241,fit
18242,fit
18243,test
18244,calibration
18245,fit
18246,fit
18247,test
18248,fit
18249,fit
18250,fit
18251,fit
18252,fit
18253,calibration
18254,fit
18255,calibration
18256,calibration
18257,fit
18258,fit
18259,fit
18260,fit
18261,fit
18262,calibration
18263,fit
18266,test
18267,fit
18268,calibration
18269,fit
18270,fit
18271,test
18272,fit
18273,fit
18274,calibration
18275,fit
18276,fit
18277,calibration
18279,fit
18280,test
18281,fit
18282,fit
18283,fit
18284,calibration
18285,fit
18286,calibration
18287,test
18288,fit
18289,fit
18290,calibration
18291,calibration
18292,test
18293,fit
18294,test
18295,test
18296,fit
18298,fit
18299,fit
18300,calibration
18301,fit
18302,calibration
18303,calibration
18304,calibration
18305,fit
18306,fit
18307,calibration
18308,fit
18310,test
18311,fit
18312,calibration
18313,calibration
18314,fit
18315,calibration
18316,fit
18317,fit
18318,fit
18319,fit
18320,fit
18321,fit
18322,fit
18323,test
18324,fit
18325,calibration
18326,calibration
18327,fit
18328,test
18329,test
18330,fit
18331,fit
18332,calibration
18333,calibration
18334,calibration
18335,fit
18336,fit
18337,fit
18338,fit
18339,calibration
18340,fit
18341,calibration
18342,test
18343,calibration
18344,calibration
18345,fit
18346,test
18347,calibration
18348,test
18349,fit
18350,fit
18351,fit
18352,fit
18353,fit
18354,fit
18355,test
18356,fit
18357,fit
18358,fit
18359,fit
18360,fit
18362,fit
18364,calibration
18365,fit
18366,fit
18367,test
18368,fit
18370,fit
18371,fit
18372,fit
18373,calibration
18375,fit
18376,fit
18377,fit
18378,fit
18379,calibration
18380,fit
18381,test
18382,fit
18383,fit
18384,calibration
18385,fit
18386,fit
18387,fit
18388,calibration
18389,fit
18390,fit
18392,calibration
18393,test
18394,fit
18395,fit
18396,test
18397,fit
18398,fit
18400,fit
18401,calibration
18402,fit
18403,fit
18404,test
18405,fit
18406,calibration
18407,fit
18408,calibration
18409,fit
18410,fit
18411,fit
18412,fit
18413,fit
18414,fit
18416,calibration
18417,calibration
18418,test
18419,fit
18420,calibration
18421,fit
18422,test
18423,fit
18424,test
18425,fit
18426,fit
18427,fit
18428,fit
18429,fit
18430,test
18431,fit
18432,calibration
18433,fit
18435,fit
18436,fit
18437,fit
18438,fit
18439,fit
18440,fit
18441,fit
18442,fit
18443,calibration
18444,fit
18445,fit
18446,calibration
18447,fit
18449,fit
18450,fit
18451,calibration
18452,fit
18453,fit
18454,calibration
18455,calibration
18456,fit
18457,fit
18458,fit
18459,test
18460,test
18461,fit
18462,test
18463,fit
18464,fit
18466,fit
18467,test
18468,fit
18469,fit
18470,fit
18471,fit
18472,test
18473,fit
18474,fit
18475,fit
18476,fit
18477,fit
18478,fit
18479,fit
18480,fit
18481,test
18482,fit
18483,fit
18484,fit
18485,fit
18486,fit
18487,fit
18488,fit
18489,fit
18490,fit
18491,fit
18492,fit
18493,fit
18494,calibration
18495,calibration
18497,fit
18498,fit
18499,fit
18500,calibration
18501,fit
18502,calibration
18503,test
18504,fit
18505,fit
18506,fit
18507,calibration
18508,fit
18509,fit
18510,fit
18511,calibration
18512,fit
18513,fit
18515,test
18516,calibration
18517,fit
18519,test
18520,fit
18521,test
18522,test
18523,fit
18525,test
18526,calibration
18527,fit
18528,test
18529,fit
18530,fit
18531,fit
18533,test
18534,fit
18535,calibration
18536,fit
18538,fit
18540,fit
18541,calibration
18542,fit
18543,fit
18544,fit
18545,test
18546,test
18547,test
18548,test
18549,test
18550,fit
18551,test
18552,fit
18553,calibration
18554,fit
18555,fit
18556,fit
18557,calibration
18558,fit
18559,calibration
18561,fit
18562,fit
18563,fit
18564,fit
18565,test
18566,test
18567,fit
18568,fit
18569,fit
18570,test
18571,test
18572,test
18574,calibration
18575,fit
18577,fit
18578,calibration
18579,fit
18580,fit
18581,fit
18582,test
18583,fit
18584,calibration
18585,test
18586,fit
18587,fit
18588,fit
18589,calibration
18590,fit
18591,calibration
18592,fit
18593,calibration
18594,fit
18595,fit
18596,fit
18597,fit
18598,calibration
18599,calibration
18602,calibration
18603,fit
18604,calibration
18605,fit
18606,test
18607,fit
18608,fit
18609,calibration
18610,fit
18611,fit
18612,fit
18613,calibration
18614,calibration
18615,test
18616,fit
18617,calibration
18618,fit
18619,fit
18620,calibration
18621,fit
18622,fit
18623,fit
18624,fit
18625,fit
18626,test
18627,fit
18628,fit
18629,calibration
18630,test
18631,fit
18633,fit
18634,fit
18635,fit
18636,fit
18637,fit
18638,fit
18639,test
18640,fit
18641,fit
18642,fit
18643,fit
18644,test
18646,calibration
18647,test
18648,calibration
18650,calibration
18651,test
18653,calibration
18654,fit
18655,fit
18656,fit
18657,test
18658,fit
18660,fit
18661,fit
18662,fit
18663,fit
18664,fit
18665,test
18666,fit
18667,fit
18668,calibration
18669,fit
18671,test
18672,calibration
18673,fit
18674,test
18675,fit
18676,test
18677,calibration
18678,fit
18679,fit
18680,fit
18681,fit
18682,fit
18683,calibration
18684,test
18685,fit
18686,calibration
18687,calibration
18688,fit
18689,test
18690,calibration
18691,fit
18692,test
18693,fit
18694,test
18695,test
18696,fit
18697,test
18698,fit
18699,calibration
18700,fit
18701,fit
18702,fit
18703,test
18704,fit
18705,fit
18706,fit
18707,calibration
18708,fit
18709,fit
18710,fit
18711,fit
18712,fit
18713,test
18714,test
18715,test
18716,calibration
18717,fit
18718,fit
18719,test
18720,fit
18721,fit
18722,calibration
18723,fit
18724,calibration
18725,test
18726,fit
18727,fit
18728,fit
18729,fit
18730,calibration
18733,test
18734,fit
18735,fit
18736,calibration
18737,test
18738,calibration
18739,calibration
18740,calibration
18741,fit
18742,fit
18743,fit
18744,calibration
18745,fit
18746,fit
18747,fit
18748,test
18749,calibration
18750,calibration
18751,calibration
18752,fit
18753,fit
18754,calibration
18755,fit
18756,fit
18758,calibration
18759,calibration
18760,test
18761,test
18762,fit
18763,fit
18764,fit
18765,fit
18766,test
18768,fit
18769,fit
18770,fit
18772,fit
18773,fit
18774,test
18775,fit
18776,fit
18777,test
18778,fit
18779,fit
18780,fit
18781,fit
18782,calibration
18783,fit
18784,fit
18785,fit
18786,fit
18787,calibration
18788,fit
18789,fit
18790,test
18791,fit
18792,test
18793,fit
18794,fit
18795,fit
18796,fit
18797,calibration
18798,fit
18799,fit
18800,test
18801,test
18802,test
18803,calibration
18804,fit
18806,fit
18807,fit
18808,fit
18809,calibration
18811,fit
18812,fit
18813,fit
18814,calibration
18815,fit
18816,test
18817,test
18818,test
18819,calibration
18820,fit
18821,test
18822,calibration
18823,fit
18824,calibration
18825,fit
18826,fit
18827,fit
18828,fit
18829,calibration
18830,fit
18831,fit
18832,fit
18833,fit
18834,fit
18835,fit
18836,fit
18837,fit
18838,fit
18839,fit
18841,calibration
18842,calibration
18843,fit
18844,fit
18845,test
18846,fit
18847,fit
18848,test
18849,fit
18850,calibration
18851,fit
18852,test
18853,fit
18854,fit
18855,fit
18856,fit
18857,test
18858,fit
18859,fit
18860,fit
18861,test
18862,calibration
18863,test
18864,fit
18865,test
18866,fit
18867,test
18868,fit
18869,fit
18870,fit
18871,fit
18872,test
18873,test
18874,calibration
18875,fit
18876,fit
18877,test
18878,calibration
18879,fit
18880,fit
18882,test
18883,calibration
18884,fit
18885,test
18886,fit
18888,test
18889,fit
18890,test
18891,test
18892,test
18893,test
18894,fit
18895,calibration
18896,fit
18897,calibration
18898,fit
18899,fit
18900,fit
18901,fit
18902,fit
18903,fit
18904,fit
18905,test
18906,fit
18908,fit
18909,fit
18910,fit
18911,fit
18912,fit
18913,fit
18914,fit
18915,fit
18916,test
18917,fit
18918,fit
18919,fit
18920,calibration
18921,fit
18923,calibration
18924,fit
18925,fit
18926,test
18927,fit
18928,calibration
18929,test
18930,fit
18933,fit
18934,calibration
18935,calibration
18936,test
18937,fit
18938,calibration
18939,fit
18940,fit
18941,calibration
18942,test
18943,calibration
18945,fit
18946,fit
18947,fit
18948,test
18949,calibration
18950,fit
18951,calibration
18952,fit
18953,test
18954,fit
18955,calibration
18956,test
18957,test
18958,fit
18959,calibration
18960,calibration
18961,fit
18962,test
18963,fit
18964,fit
18965,fit
18966,fit
18967,calibration
18968,test
18969,fit
18970,calibration
18971,test
18972,calibration
18973,fit
18974,fit
18975,fit
18976,calibration
18977,calibration
18978,test
18979,test
18980,calibration
18981,fit
18982,fit
18983,calibration
18984,test
18985,fit
18986,fit
18987,fit
18988,calibration
18989,calibration
18990,test
18991,calibration
18992,fit
18993,fit
18994,fit
18996,test
18997,fit
18998,test
19000,fit
19001,fit
19002,calibration
19003,calibration
19004,fit
19005,fit
19006,test
19007,calibration
19008,calibration
19009,calibration
19010,calibration
19011,fit
19012,fit
19013,fit
19014,test
19015,test
19016,fit
19017,calibration
19018,calibration
19020,fit
19021,fit
19022,fit
19023,fit
19024,fit
19025,fit
19026,test
19027,fit
19028,test
19029,fit
19030,fit
19031,fit
19032,test
19033,fit
19034,fit
19035,calibration
19036,fit
19037,calibration
19038,fit
19039,fit
19040,calibration
19041,calibration
19042,fit
19043,fit
19044,calibration
19045,fit
19046,calibration
19047,test
19048,calibration
19049,test
19050,fit
19051,fit
19052,fit
19053,calibration
19054,fit
19056,test
19057,calibration
19058,fit
19059,test
19060,fit
19061,fit
19062,fit
19063,fit
19064,calibration
19065,fit
19066,fit
19067,test
19068,fit
19069,calibration
19070,fit
19071,fit
19072,fit
19073,fit
19074,fit
19075,fit
19076,fit
19077,calibration
19078,fit
19079,fit
19080,fit
19081,calibration
19082,fit
19084,fit
19085,test
19086,test
19087,fit
19088,test
19089,calibration
19090,fit
19091,fit
19092,calibration
19093,calibration
19094,test
19095,fit
19096,test
19097,fit
19099,fit
19100,fit
19101,test
19103,fit
19104,fit
19106,fit
19107,fit
19108,fit
19109,test
19110,fit
19111,fit
19112,test
19113,fit
19114,fit
19116,calibration
19117,fit
19118,test
19119,calibration
19120,calibration
19121,fit
19122,calibration
19123,fit
19124,fit
19125,fit
19126,fit
19127,fit
19128,fit
19129,fit
19130,fit
19131,test
19133,fit
19134,test
19135,fit
19136,test
19137,calibration
19138,fit
19139,calibration
19140,fit
19141,test
19142,fit
19143,fit
19144,calibration
19145,fit
19146,fit
19147,fit
19148,fit
19149,fit
19150,test
19152,fit
19154,fit
19155,test
19156,fit
19157,test
19158,test
19159,fit
19160,test
19161,fit
19162,fit
19163,fit
19164,fit
19165,fit
19166,calibration
19169,fit
19170,fit
19171,fit
19172,fit
19173,fit
19174,calibration
19175,calibration
19176,calibration
19177,calibration
19178,fit
19179,fit
19180,test
19181,calibration
19182,fit
19183,test
19184,calibration
19185,test
19186,test
19187,fit
19188,fit
19190,test
19191,fit
19192,fit
19193,test
19194,fit
19195,test
19196,fit
19197,fit
19198,calibration
19199,calibration
19200,fit
19201,fit
19203,fit
19205,fit
19206,test
19207,fit
19208,fit
19209,test
19210,test
19211,test
19212,test
19213,fit
19214,fit
19215,fit
19216,fit
19218,fit
19219,fit
19220,test
19221,fit
19222,calibration
19223,fit
19224,fit
19225,calibration
19226,fit
19227,test
19229,test
19230,fit
19232,test
19233,fit
19234,fit
19235,calibration
19236,test
19237,fit
19238,fit
19240,fit
19241,test
19242,fit
19243,fit
19244,fit
19245,calibration
19246,fit
19247,test
19248,fit
19249,test
19250,fit
19251,fit
19252,fit
19253,fit
19254,fit
19255,fit
19256,fit
19257,fit
19258,test
19259,fit
19260,fit
19261,fit
19262,fit
19263,fit
19264,test
19265,test
19266,calibration
19267,fit
19268,fit
19269,calibration
19270,fit
19271,fit
19272,fit
19273,calibration
19274,fit
19275,calibration
19276,calibration
19277,fit
19278,fit
19279,test
19280,test
19281,fit
19282,fit
19283,fit
19284,fit
19285,fit
19286,fit
19288,fit
19289,test
19291,test
19292,fit
19293,fit
19294,test
19295,fit
19296,fit
19297,fit
19298,fit
19299,fit
19300,fit
19301,test
19302,calibration
19303,fit
19304,calibration
19305,test
19306,fit
19307,test
19308,fit
19309,fit
19310,calibration
19311,fit
19312,fit
19313,test
19314,calibration
19315,fit
19317,test
19318,fit
19319,fit
19320,test
19321,fit
19322,fit
19323,calibration
19324,calibration
19325,test
19326,calibration
19327,test
19328,fit
19329,test
19330,test
19331,fit
19332,fit
19333,fit
19334,test
19335,calibration
19336,calibration
19337,calibration
19338,fit
19340,fit
19341,calibration
19342,test
19343,test
19344,test
19345,calibration
19346,test
19347,fit
19348,fit
19349,fit
19350,test
19351,test
19352,fit
19353,fit
19354,calibration
19355,fit
19357,calibration
19358,fit
19359,test
19361,test
19362,calibration
19363,calibration
19365,fit
19366,fit
19367,test
19368,fit
19369,fit
19370,fit
19371,fit
19372,test
19373,fit
19374,fit
19375,fit
19376,test
19377,fit
19378,fit
19379,fit
19380,fit
19381,fit
19382,fit
19385,fit
19386,test
19387,test
19388,test
19389,calibration
19391,fit
19392,fit
19393,fit
19394,calibration
19395,calibration
19396,test
19397,fit
19398,calibration
19399,fit
19400,fit
19401,test
19402,fit
19403,fit
19404,calibration
19405,fit
19406,fit
19408,test
19409,fit
19410,calibration
19411,fit
19412,fit
19413,calibration
19414,calibration
19415,test
19416,fit
19417,calibration
19418,fit
19419,test
19420,calibration
19421,fit
19422,test
19423,fit
19424,calibration
19425,test
19426,fit
19427,test
19428,fit
19429,fit
19430,calibration
19432,calibration
19433,fit
19434,test
19435,calibration
19436,fit
19437,fit
19438,fit
19440,fit
19441,fit
19442,fit
19443,fit
19444,fit
19445,calibration
19446,fit
19447,test
19448,fit
19449,test
19450,test
19451,calibration
19452,fit
19453,fit
19454,fit
19455,fit
19456,fit
19457,test
19458,fit
19459,calibration
19460,fit
19461,fit
19462,fit
19463,calibration
19464,fit
19465,fit
19466,test
19467,calibration
19468,fit
19469,fit
19471,fit
19472,calibration
19473,fit
19474,calibration
19475,calibration
19477,fit
19478,fit
19479,fit
19480,calibration
19481,fit
19482,fit
19484,test
19485,test
19486,calibration
19487,fit
19488,test
19489,fit
19491,calibration
19492,test
19493,fit
19494,fit
19495,fit
19496,calibration
19497,fit
19498,fit
19499,calibration
19500,calibration
19501,test
19502,calibration
19503,fit
19504,test
19506,fit
19507,fit
19508,test
19509,fit
19510,fit
19511,test
19512,fit
19513,fit
19515,fit
19516,fit
19517,calibration
19518,calibration
19519,test
19520,fit
19521,calibration
19522,fit
19523,calibration
19524,test
19525,fit
19527,calibration
19528,fit
19529,fit
19530,fit
19531,test
19532,fit
19533,fit
19534,calibration
19535,calibration
19536,fit
19537,fit
19538,fit
19539,fit
19540,calibration
19541,fit
19542,calibration
19543,test
19544,calibration
19545,fit
19546,test
19547,fit
19548,fit
19549,fit
19550,fit
19551,fit
19552,fit
19553,fit
19554,fit
19555,fit
19556,fit
19557,calibration
19558,fit
19559,fit
19560,calibration
19561,test
19562,calibration
19563,calibration
19564,fit
19565,test
19567,calibration
19568,test
19570,fit
19571,test
19572,calibration
19573,test
19574,fit
19575,fit
19577,fit
19578,fit
19579,fit
19580,calibration
19581,test
19582,fit
19583,fit
19584,test
19585,fit
19586,fit
19587,test
19588,fit
19589,fit
19590,fit
19591,fit
19592,calibration
19593,test
19594,fit
19595,test
19596,fit
19597,fit
19598,fit
19599,fit
19600,calibration
19601,test
19603,test
19604,test
19605,fit
19606,calibration
19607,test
19608,fit
19609,test
19610,fit
19611,fit
19612,fit
19613,test
19614,fit
19615,fit
19616,calibration
19617,calibration
19618,fit
19619,fit
19620,test
19621,fit
19622,test
19623,fit
19624,calibration
19625,test
19626,fit
19627,test
19628,fit
19629,calibration
19630,fit
19631,calibration
19632,fit
19633,calibration
19634,test
19635,fit
19636,fit
19637,fit
19638,test
19639,fit
19640,fit
19641,fit
19642,fit
19643,fit
19644,fit
19645,calibration
19646,test
19647,fit
19648,test
19650,test
19651,test
19652,test
19653,fit
19654,fit
19655,calibration
19656,calibration
19657,calibration
19658,fit
19659,calibration
19660,test
19662,fit
19663,fit
19664,fit
19665,calibration
19666,fit
19667,fit
19668,fit
19669,fit
19670,fit
19671,test
19672,test
19674,test
19675,fit
19676,fit
19677,fit
19679,calibration
19680,fit
19681,calibration
19682,fit
19683,test
19684,calibration
19687,fit
19688,fit
19691,fit
19692,calibration
19693,calibration
19694,test
19695,fit
19696,test
19697,calibration
19698,fit
19699,test
19700,fit
19701,calibration
19702,fit
19703,fit
19704,calibration
19705,test
19706,fit
19707,fit
19708,fit
19709,fit
19710,fit
19711,fit
19712,fit
19713,test
19714,fit
19715,fit
19716,test
19717,calibration
19718,fit
19719,calibration
19720,fit
19721,fit
19722,calibration
19723,calibration
19724,fit
19725,fit
19726,test
19727,fit
19728,fit
19729,test
19730,calibration
19731,fit
19732,fit
19733,calibration
19734,fit
19735,fit
19736,calibration
19737,test
19738,fit
19739,fit
19740,fit
19742,fit
19743,fit
19744,fit
19745,fit
19746,fit
19747,fit
19748,fit
19749,fit
19750,test
19751,fit
19752,test
19753,calibration
19754,fit
19755,fit
19756,fit
19757,fit
19758,fit
19759,fit
19760,test
19761,fit
19762,fit
19763,fit
19764,test
19765,fit
19766,fit
19767,fit
19768,fit
19769,test
19770,fit
19771,fit
19772,test
19773,test
19774,fit
19776,fit
19777,fit
19778,fit
19779,fit
19780,calibration
19781,fit
19782,fit
19783,test
19784,calibration
19785,fit
19786,fit
19787,fit
19788,test
19789,fit
19790,test
19791,fit
19792,test
19793,calibration
19794,fit
19795,test
19796,fit
19797,test
19799,fit
19800,test
19801,fit
19802,fit
19803,fit
19804,fit
19805,fit
19806,fit
19807,calibration
19808,fit
19810,fit
19811,fit
19812,test
19813,fit
19814,test
19815,test
19816,fit
19817,calibration
19818,test
19819,fit
19820,fit
19821,calibration
19822,fit
19823,fit
19824,test
19825,fit
19826,fit
19827,calibration
19828,calibration
19829,fit
19830,calibration
19831,fit
19832,fit
19833,fit
19834,fit
19835,fit
19836,fit
19837,fit
19838,test
19839,calibration
19840,calibration
19841,fit
19842,fit
19843,fit
19844,calibration
19845,test
19846,fit
19847,calibration
19848,fit
19849,calibration
19850,test
19851,calibration
19852,fit
19853,fit
19854,calibration
19855,fit
19856,test
19857,calibration
19858,fit
19859,fit
19860,calibration
19861,fit
19862,fit
19863,test
19864,fit
19865,fit
19866,fit
19867,fit
19868,test
19869,test
19870,fit
19871,fit
19874,calibration
19875,fit
19876,calibration
19877,fit
19878,fit
19880,fit
19881,fit
19882,test
19883,fit
19884,fit
19885,calibration
19886,calibration
19887,calibration
19888,test
19889,fit
19890,calibration
19891,fit
19893,fit
19895,fit
19896,fit
19897,fit
19898,fit
19899,test
19900,fit
19901,calibration
19902,fit
19903,test
19904,test
19905,fit
19906,fit
19907,fit
19908,calibration
19909,calibration
19910,fit
19911,fit
19912,fit
19913,fit
19914,calibration
19915,test
19916,calibration
19917,fit
19918,fit
19919,fit
19920,fit
19921,fit
19922,test
19924,calibration
19925,fit
19926,test
19927,fit
19928,fit
19929,fit
19930,fit
19932,calibration
19933,test
19935,fit
19936,fit
19937,calibration
19938,fit
19939,fit
19940,fit
19941,fit
19942,fit
19944,test
19945,test
19946,fit
19947,calibration
19948,fit
19949,calibration
19950,test
19951,fit
19952,fit
19953,fit
19954,fit
19956,test
19957,fit
19958,fit
19959,test
19960,calibration
19961,fit
19962,test
19963,fit
19964,calibration
19965,fit
19966,calibration
19967,fit
19968,fit
19969,fit
19970,fit
19971,fit
19972,test
19973,fit
19974,fit
19975,fit
19976,fit
19977,test
19978,fit
19979,fit
19980,fit
19981,test
19982,fit
19983,fit
19984,fit
19985,fit
19986,fit
19987,fit
19988,fit
19989,calibration
19990,test
19991,test
19992,test
19993,fit
19994,fit
19995,test
19996,test
19997,calibration
19998,fit
19999,test
20000,test
20001,fit
20002,fit
20003,test
20004,test
20005,calibration
20006,fit
20007,calibration
20008,fit
20009,calibration
20010,calibration
20012,fit
20013,fit
20014,fit
20015,fit
20016,calibration
20017,test
20019,test
20020,test
20021,fit
20022,fit
20023,fit
20024,fit
20026,fit
20027,fit
20028,test
20029,fit
20030,fit
20031,calibration
20032,test
20033,test
20034,fit
20035,fit
20036,fit
20038,fit
20039,fit
20040,fit
20041,test
20042,fit
20043,test
20046,test
20047,fit
20048,fit
20049,fit
20050,test
20051,fit
20052,fit
20053,fit
20054,fit
20055,test
20056,test
20057,test
20058,fit
20059,fit
20060,fit
20061,test
20063,fit
20064,fit
20065,calibration
20066,calibration
20067,fit
20068,test
20069,fit
20070,fit
20071,calibration
20072,test
20074,calibration
20075,calibration
20076,calibration
20077,fit
20078,fit
20079,fit
20080,fit
20081,fit
20082,fit
20083,fit
20084,fit
20085,calibration
20086,fit
20087,calibration
20088,calibration
20089,test
20090,fit
20091,calibration
20092,calibration
20093,calibration
20095,test
20096,fit
20097,fit
20098,fit
20099,calibration
20101,fit
20102,test
20103,calibration
20104,fit
20105,calibration
20106,fit
20107,fit
20108,fit
20109,calibration
20110,calibration
20111,calibration
20112,fit
20113,fit
20114,calibration
20115,fit
20116,calibration
20117,calibration
20118,test
20119,test
20120,fit
20121,fit
20122,test
20123,fit
20124,test
20125,calibration
20126,test
20127,test
20128,fit
20129,test
20130,test
20131,fit
20132,fit
20134,test
20135,fit
20136,fit
20137,fit
20138,test
20139,fit
20140,calibration
20141,test
20142,calibration
20143,test
20144,test
20145,fit
20146,test
20147,fit
20148,calibration
20149,fit
20150,fit
20151,fit
20152,fit
20153,fit
20155,fit
20156,fit
20157,fit
20158,test
20159,fit
20160,fit
20161,fit
20162,calibration
20163,calibration
20164,fit
20165,fit
20166,fit
20167,test
20168,test
20169,test
20170,fit
20171,fit
20172,test
20173,test
20174,fit
20175,fit
20176,calibration
20177,fit
20178,fit
20179,fit
20180,fit
20181,fit
20182,fit
20183,fit
20185,fit
20186,test
20187,fit
20188,fit
20189,fit
20190,calibration
20191,fit
20192,fit
20193,fit
20194,fit
20196,calibration
20197,calibration
20198,calibration
20199,fit
20200,fit
20201,fit
20202,test
20203,fit
20204,test
20205,fit
20206,fit
20207,test
20208,test
20209,fit
20210,calibration
20211,calibration
20212,fit
20213,test
20214,fit
20215,fit
20216,test
20217,test
20218,fit
20219,test
20220,fit
20221,calibration
20222,calibration
20223,calibration
20224,fit
20225,calibration
20226,fit
20227,fit
20228,fit
20230,fit
20231,fit
20232,calibration
20233,fit
20234,test
20235,test
20236,fit
20237,test
20238,fit
20239,fit
20241,calibration
20242,fit
20243,calibration
20244,fit
20245,test
20246,fit
20247,fit
20248,calibration
20249,calibration
20250,fit
20251,fit
20252,fit
20253,calibration
20254,fit
20255,calibration
20256,calibration
20257,fit
20258,fit
20259,calibration
20260,test
20261,fit
20262,test
20263,calibration
20264,test
20265,fit
20266,fit
20267,calibration
20268,fit
20269,fit
20270,fit
20271,fit
20272,calibration
20273,calibration
20274,fit
20275,fit
20276,calibration
20277,calibration
20278,calibration
20279,fit
20280,test
20281,calibration
20282,test
20283,test
20284,test
20285,test
20286,fit
20287,fit
20288,test
20289,test
20290,fit
20291,fit
20292,calibration
20293,fit
20294,fit
20295,calibration
20296,calibration
20297,fit
20298,fit
20299,fit
20300,fit
20301,calibration
20302,fit
20303,test
20304,fit
20305,calibration
20306,calibration
20307,test
20308,fit
20309,fit
20310,fit
20311,fit
20312,fit
20313,fit
20314,fit
20315,calibration
20317,calibration
20318,fit
20319,fit
20320,calibration
20321,fit
20322,fit
20323,fit
20324,test
20325,fit
20326,fit
20327,fit
20328,fit
20329,fit
20330,fit
20331,fit
20332,test
20333,test
20334,calibration
20335,test
20336,fit
20337,fit
20338,fit
20339,fit
20340,fit
20341,fit
20342,fit
20343,fit
20344,calibration
20345,fit
20346,fit
20347,test
20348,fit
20349,fit
20350,test
20351,test
20353,test
20354,fit
20356,fit
20357,test
20358,fit
20359,test
20361,fit
20362,calibration
20363,fit
20364,calibration
20365,fit
20366,test
20367,fit
20368,calibration
20369,fit
20370,fit
20371,test
20372,fit
20373,fit
20374,test
20375,calibration
20376,calibration
20377,test
20378,calibration
20379,fit
20380,fit
20381,fit
20382,fit
20383,fit
20384,fit
20385,calibration
20386,test
20387,test
20388,fit
20389,fit
20390,fit
20391,test
20392,fit
20393,fit
20394,test
20395,fit
20396,calibration
20397,fit
20398,fit
20399,fit
20400,fit
20401,fit
20402,calibration
20403,test
20404,calibration
20405,fit
20406,fit
20407,fit
20408,fit
20409,fit
20410,fit
20411,test
20412,fit
20413,test
20414,fit
20415,test
20416,fit
20417,fit
20418,fit
20419,fit
20420,calibration
20421,fit
20422,fit
20423,fit
20424,fit
20425,fit
20426,fit
20427,fit
20428,fit
20429,fit
20430,fit
20431,fit
20432,fit
20433,fit
20434,calibration
20435,fit
20436,fit
20437,fit
20438,test
20439,test
20440,fit
20441,fit
20442,test
20443,fit
20444,test
20445,fit
20447,test
20448,fit
20449,fit
20450,fit
20451,fit
20452,fit
20453,test
20454,fit
20455,fit
20456,fit
20457,fit
20458,fit
20459,fit
20460,fit
20461,fit
20462,calibration
20463,fit
20464,fit
20465,test
20466,fit
20467,fit
20468,test
20469,calibration
20470,fit
20471,test
20472,calibration
20473,fit
20475,test
20476,calibration
20477,fit
20478,calibration
20479,fit
20480,fit
20481,fit
20482,test
20483,test
20484,test
20485,test
20486,fit
20487,fit
20488,fit
20489,calibration
20490,fit
20491,test
20492,fit
20493,test
20495,fit
20496,fit
20497,fit
20498,calibration
20499,fit
20500,fit
20501,fit
20502,fit
20503,fit
20504,calibration
20505,fit
20506,fit
20507,test
20508,fit
20509,fit
20510,test
20511,test
20513,fit
20514,test
20515,fit
20516,calibration
20517,test
20518,fit
20519,fit
20520,calibration
20521,fit
20522,calibration
20523,fit
20524,fit
20525,test
20526,test
20527,fit
20528,calibration
20529,calibration
20530,fit
20531,fit
20532,fit
20534,fit
20535,fit
20536,fit
20537,fit
20538,fit
20539,fit
20540,fit
20541,calibration
20542,fit
20543,test
20544,fit
20545,fit
20546,calibration
20547,fit
20548,fit
20549,fit
20550,test
20551,fit
20552,fit
20553,fit
20554,fit
20555,fit
20556,calibration
20557,calibration
20558,fit
20559,fit
20560,calibration
20561,fit
20562,fit
20563,test
20564,test
20565,fit
20566,fit
20567,calibration
20570,test
20571,fit
20572,fit
20573,calibration
20575,fit
20576,test
20577,fit
20578,fit
20579,test
20581,calibration
20582,test
20583,fit
20584,test
20585,fit
20586,fit
20587,fit
20588,fit
20589,fit
20590,calibration
20591,fit
20592,fit
20593,fit
20594,fit
20595,test
20596,fit
20597,fit
20598,test
20599,fit
20600,calibration
20601,fit
20602,test
20603,fit
20604,fit
20605,calibration
20606,fit
20607,calibration
20608,fit
20609,fit
20610,fit
20611,calibration
20612,fit
20613,fit
20614,calibration
20615,test
20616,fit
20617,fit
20619,test
20620,test
20621,fit
20622,fit
20623,fit
20624,fit
20625,calibration
20626,fit
20627,fit
20628,calibration
20629,fit
20630,fit
20631,fit
20632,test
20633,calibration
20634,fit
20635,fit
20636,fit
20637,fit
20638,test
20639,test
20640,calibration
20641,fit
20642,fit
20643,test
20644,calibration
20645,fit
20646,fit
20647,fit
20648,fit
20650,fit
20651,test
20652,test
20654,fit
20655,fit
20656,test
20657,fit
20658,fit
20659,fit
20660,fit
20661,fit
20662,calibration
20663,fit
20664,fit
20665,test
20666,fit
20667,fit
20668,fit
20669,test
20670,calibration
20671,fit
20672,fit
20673,fit
20674,fit
20675,calibration
20676,calibration
20677,test
20678,test
20679,test
20680,calibration
20681,fit
20682,fit
20683,fit
20684,test
20685,fit
20686,fit
20687,fit
20688,test
20689,calibration
20690,fit
20691,test
20692,calibration
20693,fit
20694,fit
20695,fit
20696,fit
20697,fit
20698,fit
20699,fit
20700,fit
20701,fit
20702,fit
20703,test
20704,fit
20705,calibration
20706,fit
20707,fit
20708,fit
20709,calibration
20710,fit
20712,fit
20713,test
20714,fit
20715,calibration
20716,fit
20717,test
20718,fit
20719,fit
20720,calibration
20721,fit
20722,fit
20723,calibration
20724,calibration
20725,fit
20726,calibration
20727,fit
20728,calibration
20729,fit
20730,calibration
20731,fit
20732,fit
20733,calibration
20734,fit
20735,calibration
20736,test
20737,fit
20738,fit
20739,fit
20740,test
20741,test
20742,fit
20743,fit
20744,calibration
20745,fit
20746,fit
20747,calibration
20749,fit
20750,fit
20751,fit
20752,fit
20753,calibration
20754,test
20755,fit
20756,test
20757,calibration
20758,fit
20759,fit
20760,fit
20761,fit
20762,calibration
20763,calibration
20764,fit
20765,calibration
20766,fit
20767,calibration
20768,fit
20769,fit
20770,test
20771,fit
20772,test
20774,calibration
20775,fit
20776,test
20778,fit
20779,fit
20781,test
20782,fit
20783,fit
20784,fit
20785,fit
20786,fit
20787,fit
20788,calibration
20789,fit
20790,calibration
20791,fit
20793,fit
20794,fit
20795,test
20796,calibration
20797,fit
20798,fit
20799,fit
20800,fit
20801,calibration
20802,fit
20803,fit
20804,fit
20805,fit
20806,fit
20807,fit
20808,fit
20809,fit
20810,fit
20811,fit
20812,calibration
20813,fit
20814,fit
20815,calibration
20816,calibration
20817,test
20818,fit
20819,test
20820,fit
20821,fit
20822,calibration
20823,fit
20824,fit
20825,fit
20826,calibration
20827,test
20829,test
20830,fit
20831,fit
20833,fit
20834,calibration
20835,fit
20836,fit
20837,fit
20839,calibration
20841,fit
20842,fit
20843,fit
20844,fit
20845,calibration
20846,fit
20847,test
20848,fit
20849,calibration
20850,test
20851,fit
20852,fit
20853,fit
20854,fit
20855,fit
20856,calibration
20857,fit
20858,fit
20859,fit
20860,fit
20861,fit
20862,fit
20863,fit
20864,calibration
20865,test
20866,fit
20867,test
20868,fit
20869,calibration
20870,calibration
20871,fit
20872,calibration
20873,fit
20874,test
20875,fit
20876,calibration
20877,fit
20878,calibration
20879,fit
20880,calibration
20881,fit
20882,fit
20883,calibration
20884,fit
20885,fit
20886,fit
20887,fit
20888,fit
20889,test
20890,fit
20891,calibration
20892,fit
20893,fit
20894,calibration
20895,fit
20896,fit
20897,calibration
20898,calibration
20899,fit
20900,test
20901,test
20902,fit
20903,calibration
20904,test
20905,fit
20906,calibration
20907,fit
20908,calibration
20909,fit
20911,fit
20912,calibration
20913,fit
20914,fit
20915,fit
20916,fit
20918,fit
20919,test
20920,test
20921,fit
20922,fit
20923,fit
20924,fit
20925,calibration
20926,calibration
20927,fit
20929,fit
20930,test
20931,fit
20932,calibration
20933,fit
20934,test
20936,fit
20937,fit
20938,fit
20939,fit
20940,fit
20941,fit
20942,calibration
20943,fit
20944,fit
20945,fit
20946,test
20947,test
20948,fit
20951,fit
20952,fit
20953,fit
20954,calibration
20955,fit
20956,fit
20957,fit
20958,fit
20959,fit
20960,calibration
20962,test
20963,fit
20964,fit
20965,calibration
20966,fit
20969,test
20970,fit
20971,fit
20972,fit
20973,fit
20974,fit
20975,fit
20976,test
20977,fit
20978,fit
20979,fit
20980,test
20981,test
20982,fit
20983,fit
20984,fit
20985,test
20986,fit
20987,fit
20988,fit
20989,test
20990,fit
20991,test
20992,fit
20993,fit
20994,fit
20995,fit
20996,fit
20997,fit
20998,calibration
21000,fit
21001,test
21002,fit
21003,fit
21004,fit
21005,test
21006,fit
21009,fit
21010,calibration
21011,fit
21012,fit
21013,fit
21014,calibration
21015,fit
21016,fit
21017,test
21018,calibration
21019,fit
21020,fit
21021,fit
21022,fit
21023,fit
21024,fit
21025,calibration
21026,fit
21027,fit
21028,calibration
21030,fit
21031,calibration
21032,test
21033,fit
21034,test
21035,fit
21036,fit
21037,fit
21038,calibration
21039,test
21040,calibration
21041,fit
21042,fit
21043,fit
21044,fit
21046,fit
21047,test
21048,fit
21049,fit
21050,fit
21051,test
21052,fit
21053,fit
21054,calibration
21055,fit
21056,fit
21057,test
21058,test
21059,fit
21060,fit
21061,fit
21062,fit
21063,test
21064,calibration
21065,fit
21066,fit
21067,calibration
21068,calibration
21069,fit
21070,fit
21071,fit
21072,calibration
21073,fit
21074,fit
21075,fit
21076,fit
21077,fit
21078,test
21079,calibration
21080,calibration
21081,calibration
21082,calibration
21083,test
21084,calibration
21085,test
21086,fit
21087,fit
21088,fit
21089,calibration
21090,calibration
21091,fit
21092,fit
21093,calibration
21094,fit
21095,fit
21096,calibration
21097,fit
21098,test
21099,fit
21100,fit
21101,fit
21102,test
21103,fit
21104,fit
21105,fit
21106,test
21107,test
21108,fit
21109,fit
21110,fit
21111,fit
21112,fit
21113,fit
21114,fit
21115,calibration
21116,fit
21117,calibration
21118,fit
21119,calibration
21120,fit
21122,fit
21123,test
21124,fit
21125,fit
21126,test
21127,fit
21128,calibration
21129,fit
21130,fit
21131,fit
21132,test
21133,fit
21134,fit
21135,fit
21136,calibration
21137,fit
21138,fit
21139,test
21140,calibration
21141,calibration
21142,fit
21143,test
21144,calibration
21145,test
21146,fit
21147,test
21148,test
21150,test
21151,fit
21152,calibration
21153,calibration
21155,test
21156,fit
21157,fit
21158,calibration
21159,fit
21160,fit
21161,fit
21163,calibration
21164,fit
21167,fit
21168,fit
21169,fit
21170,calibration
21173,fit
21174,fit
21175,calibration
21176,test
21178,fit
21179,fit
21180,fit
21181,fit
21182,fit
21183,calibration
21184,test
21185,fit
21186,calibration
21187,test
21188,calibration
21189,fit
21190,fit
21191,fit
21192,calibration
21193,fit
21194,fit
21195,test
21196,calibration
21197,fit
21198,fit
21199,fit
21200,fit
21201,fit
21202,fit
21203,fit
21204,calibration
21205,fit
21206,fit
21207,fit
21208,fit
21209,fit
21210,fit
21211,calibration
21212,fit
21213,test
21214,fit
21215,fit
21216,calibration
21217,fit
21218,calibration
21219,test
21220,fit
21221,calibration
21222,fit
21223,fit
21224,fit
21225,fit
21226,calibration
21227,calibration
21228,fit
21229,fit
21230,fit
21232,calibration
21233,fit
21234,fit
21235,fit
21236,calibration
21237,calibration
21238,fit
21239,fit
21240,test
21241,calibration
21242,fit
21243,calibration
21244,fit
21245,fit
21246,fit
21247,fit
21248,calibration
21249,test
21250,test
21251,fit
21252,test
21253,test
21255,fit
21256,test
21257,fit
21258,fit
21259,fit
21260,fit
21261,fit
21262,calibration
21263,fit
21264,calibration
21265,calibration
21266,fit
21268,test
21269,fit
21270,fit
21271,fit
21272,fit
21273,fit
21274,calibration
21275,fit
21276,fit
21277,fit
21278,calibration
21279,fit
21280,fit
21281,test
21282,fit
21283,fit
21284,fit
21286,fit
21287,fit
21288,fit
21289,test
21290,fit
21291,calibration
21292,fit
21293,test
21294,fit
21295,test
21296,fit
21297,fit
21298,fit
21299,fit
21300,fit
21301,fit
21302,fit
21303,fit
21304,fit
21305,fit
21306,fit
21307,test
21308,fit
21309,calibration
21310,fit
21311,calibration
21312,fit
21314,fit
21315,test
21316,test
21317,fit
21318,calibration
21319,fit
21320,fit
21321,fit
21322,calibration
21323,fit
21324,fit
21326,fit
21327,fit
21328,fit
21329,fit
21330,test
21331,fit
21332,fit
21333,fit
21334,test
21337,calibration
21338,fit
21339,fit
21340,test
21341,test
21342,test
21343,fit
21344,calibration
21345,test
21346,test
21347,fit
21348,test
21349,test
21350,fit
21351,fit
21352,test
21355,fit
21356,calibration
21357,fit
21358,test
21359,calibration
21360,fit
21361,fit
21362,fit
21363,test
21364,test
21365,test
21366,fit
21367,test
21369,calibration
21370,fit
21371,calibration
21372,test
21373,fit
21374,fit
21376,fit
21377,test
21378,fit
21379,fit
21380,fit
21381,test
21382,calibration
21383,fit
21384,fit
21385,test
21386,test
21387,fit
21388,test
21389,fit
21390,test
21391,fit
21392,test
21393,fit
21394,fit
21395,fit
21396,fit
21397,calibration
21399,fit
21400,test
21401,fit
21402,fit
21403,calibration
21404,calibration
21405,fit
21406,fit
21407,calibration
21408,calibration
21409,fit
21410,test
21411,calibration
21412,calibration
21413,fit
21414,calibration
21415,calibration
21416,fit
21417,fit
21418,calibration
21419,fit
21420,fit
21421,test
21422,fit
21424,fit
21425,calibration
21426,test
21427,test
21428,calibration
21429,fit
21430,calibration
21431,fit
21432,fit
21433,fit
21434,fit
21435,calibration
21436,test
21437,fit
21438,fit
21439,calibration
21440,test
21441,fit
21442,fit
21443,fit
21444,test
21445,calibration
21446,fit
21448,fit
21449,calibration
21450,test
21451,fit
21452,fit
21453,fit
21454,test
21455,calibration
21456,fit
21457,fit
21458,fit
21459,fit
21460,calibration
21461,fit
21462,calibration
21463,fit
21464,fit
21465,calibration
21466,calibration
21467,fit
21468,fit
21469,fit
21470,fit
21471,fit
21472,calibration
21473,fit
21474,test
21475,fit
21476,fit
21477,fit
21480,fit
21481,fit
21482,fit
21484,fit
21485,fit
21486,fit
21487,fit
21488,fit
21489,fit
21490,fit
21491,fit
21492,calibration
21493,test
21494,fit
21495,fit
21496,calibration
21497,fit
21498,fit
21499,fit
21501,fit
21502,fit
21503,test
21504,test
21505,fit
21506,calibration
21508,fit
21509,fit
21510,test
21511,fit
21512,fit
21513,fit
21514,fit
21515,fit
21516,calibration
21517,test
21518,fit
21519,fit
21520,fit
21521,fit
21522,test
21523,fit
21524,calibration
21525,fit
21526,fit
21527,calibration
21528,fit
21529,fit
21530,test
21532,fit
21533,fit
21534,fit
21535,test
21536,calibration
21537,fit
21538,test
21539,test
21540,fit
21541,fit
21542,fit
21543,fit
21544,fit
21545,fit
21546,test
21547,fit
21548,calibration
21549,test
21550,fit
21551,calibration
21552,fit
21553,test
21554,fit
21555,test
21556,fit
21557,calibration
21558,fit
21560,test
21561,test
21562,calibration
21563,calibration
21564,fit
21565,fit
21566,fit
21567,fit
21568,fit
21569,fit
21570,fit
21571,fit
21572,fit
21573,fit
21574,fit
21575,fit
21576,test
21577,fit
21578,fit
21579,fit
21580,fit
21581,fit
21583,calibration
21585,test
21586,fit
21587,calibration
21588,fit
21589,test
21590,calibration
21591,test
21592,fit
21593,fit
21594,test
21595,calibration
21596,test
21597,fit
21598,fit
21599,test
21600,calibration
21601,fit
21602,calibration
21603,fit
21604,fit
21605,calibration
21606,calibration
21607,fit
21608,test
21609,fit
21610,fit
21611,fit
21612,test
21613,fit
21614,fit
21615,test
21616,fit
21617,fit
21620,calibration
21621,calibration
21622,fit
21623,fit
21624,calibration
21625,calibration
21626,fit
21627,fit
21628,fit
21629,fit
21630,test
21631,fit
21632,test
21633,fit
21634,test
21635,calibration
21636,test
21637,fit
21638,fit
21639,fit
21640,test
21641,test
21642,fit
21643,fit
21644,fit
21645,fit
21646,calibration
21647,fit
21648,fit
21649,fit
21650,calibration
21651,fit
21652,calibration
21653,calibration
21654,test
21655,test
21656,fit
21657,fit
21658,fit
21659,test
21660,calibration
21661,fit
21663,fit
21664,test
21665,fit
21666,fit
21667,fit
21668,calibration
21669,fit
21670,fit
21671,fit
21672,test
21673,test
21674,calibration
21675,fit
21676,test
21677,fit
21678,fit
21679,calibration
21680,fit
21682,calibration
21683,fit
21684,test
21685,fit
21686,test
21687,fit
21688,fit
21690,test
21691,calibration
21692,calibration
21693,fit
21694,fit
21695,fit
21696,test
21697,calibration
21698,test
21699,test
21701,fit
21702,fit
21703,test
21704,calibration
21705,fit
21706,fit
21707,fit
21708,fit
21709,fit
21710,fit
21712,fit
21713,test
21714,fit
21715,fit
21716,fit
21717,test
21718,fit
21719,fit
21720,fit
21721,fit
21722,fit
21723,fit
21725,test
21726,calibration
21727,fit
21728,calibration
21730,fit
21731,calibration
21732,fit
21733,fit
21734,test
21735,fit
21736,fit
21737,fit
21738,calibration
21739,test
21740,calibration
21741,fit
21742,test
21744,calibration
21745,fit
21746,fit
21747,fit
21748,fit
21749,test
21750,calibration
21752,calibration
21753,fit
21754,fit
21755,fit
21756,test
21757,fit
21758,fit
21759,test
21760,fit
21761,test
21762,fit
21763,calibration
21764,fit
21765,fit
21767,test
21768,calibration
21769,fit
21770,test
21771,fit
21772,fit
21773,test
21774,fit
21775,fit
21776,test
21778,test
21779,fit
21780,calibration
21781,fit
21782,fit
21783,fit
21785,calibration
21786,fit
21787,calibration
21788,fit
21789,calibration
21790,fit
21791,test
21792,fit
21793,test
21794,calibration
21795,fit
21796,fit
21797,test
21798,fit
21799,fit
21800,fit
21801,fit
21802,calibration
21803,fit
21804,fit
21805,fit
21806,calibration
21807,calibration
21808,fit
21809,fit
21811,fit
21812,fit
21813,calibration
21814,fit
21815,test
21816,fit
21817,fit
21818,fit
21819,test
21820,fit
21821,fit
21822,fit
21823,calibration
21824,fit
21825,fit
21826,calibration
21827,fit
21828,fit
21829,calibration
21830,fit
21831,fit
21832,fit
21833,fit
21834,calibration
21835,fit
21836,fit
21837,test
21838,fit
21839,fit
21840,calibration
21842,calibration
21843,test
21844,fit
21845,fit
21846,fit
21847,fit
21848,fit
21849,fit
21850,fit
21851,test
21852,calibration
21854,test
21855,test
21856,fit
21857,test
21858,fit
21859,fit
21860,fit
21861,fit
21862,test
21864,calibration
21865,fit
21866,test
21867,fit
21868,fit
21869,calibration
21870,test
21871,test
21872,fit
21873,fit
21874,fit
21875,calibration
21876,calibration
21877,test
21878,fit
21879,calibration
21880,calibration
21881,test
21882,test
21883,fit
21884,fit
21885,fit
21886,fit
21887,fit
21888,fit
21889,test
21890,fit
21891,calibration
21892,test
21893,calibration
21894,test
21895,calibration
21896,fit
21897,test
21898,fit
21899,test
21900,fit
21901,fit
21902,fit
21903,fit
21904,fit
21905,fit
21906,fit
21907,calibration
21908,fit
21912,calibration
21913,fit
21914,fit
21915,fit
21916,calibration
21917,test
21918,calibration
21919,fit
21920,test
21921,test
21922,calibration
21923,test
21924,fit
21925,fit
21926,fit
21927,fit
21928,calibration
21929,fit
21930,fit
21931,calibration
21932,fit
21933,fit
21934,calibration
21935,fit
21936,fit
21937,fit
21938,test
21939,calibration
21941,fit
21942,fit
21943,fit
21944,calibration
21945,fit
21946,calibration
21947,test
21948,calibration
21949,calibration
21950,fit
21951,test
21952,fit
21953,test
21954,fit
21955,fit
21956,fit
21957,fit
21958,fit
21959,fit
21960,fit
21961,fit
21962,fit
21963,test
21964,fit
21965,calibration
21966,fit
21967,fit
21968,test
21969,test
21970,fit
21971,fit
21972,fit
21973,fit
21974,test
21975,fit
21976,test
21978,fit
21979,test
21980,calibration
21981,test
21982,calibration
21983,fit
21984,calibration
21985,fit
21986,fit
21988,fit
21989,fit
21990,fit
21992,fit
21993,fit
21994,test
21995,fit
21996,fit
21997,calibration
21998,fit
21999,test
22000,fit
22001,fit
22002,fit
22003,fit
22005,calibration
22006,calibration
22007,fit
22008,calibration
22009,test
22010,fit
22011,fit
22012,fit
22013,fit
22014,calibration
22015,calibration
22016,test
22017,fit
22018,fit
22019,test
22020,fit
22021,fit
22023,fit
22024,test
22025,fit
22026,fit
22027,fit
22028,test
22029,fit
22030,fit
22031,fit
22032,calibration
22033,calibration
22034,calibration
22036,test
22037,calibration
22038,test
22039,fit
22040,fit
22042,fit
22043,fit
22044,test
22045,test
22046,fit
22047,calibration
22048,fit
22049,fit
22050,fit
22051,fit
22052,calibration
22053,test
22054,fit
22055,fit
22056,calibration
22057,fit
22058,fit
22059,fit
22060,fit
22061,fit
22062,test
22063,test
22064,fit
22065,fit
22066,fit
22067,fit
22068,test
22069,fit
22070,calibration
22071,fit
22072,fit
22073,test
22074,fit
22075,fit
22076,fit
22077,fit
22078,calibration
22079,fit
22080,test
22081,calibration
22082,fit
22083,calibration
22084,fit
22085,fit
22086,fit
22087,fit
22088,fit
22089,calibration
22090,fit
22091,calibration
22092,fit
22093,test
22095,fit
22096,fit
22097,test
22098,calibration
22100,fit
22101,test
22102,fit
22103,fit
22104,test
22105,fit
22106,fit
22107,test
22109,calibration
22110,calibration
22111,fit
22112,fit
22113,calibration
22114,test
22115,fit
22116,fit
22117,fit
22118,test
22119,fit
22121,fit
22122,fit
22123,test
22124,fit
22125,calibration
22126,test
22127,test
22128,fit
22129,test
22130,fit
22131,test
22132,fit
22133,fit
22134,fit
22135,calibration
22136,test
22138,calibration
22139,calibration
22140,fit
22141,fit
22142,fit
22143,fit
22144,fit
22145,test
22146,calibration
22147,fit
22148,fit
22149,fit
22150,calibration
22151,fit
22152,test
22153,test
22154,fit
22155,calibration
22156,fit
22157,fit
22158,fit
22159,fit
22160,test
22161,fit
22162,calibration
22163,fit
22164,fit
22165,calibration
22166,fit
22167,test
22168,calibration
22169,calibration
22170,fit
22171,fit
22173,fit
22174,fit
22175,test
22176,calibration
22177,fit
22178,calibration
22179,fit
22180,test
22181,fit
22182,calibration
22183,fit
22184,fit
22185,fit
22186,fit
22187,fit
22189,test
22190,fit
22191,calibration
22192,calibration
22193,fit
22194,test
22195,fit
22196,fit
22197,fit
22198,test
22199,fit
22200,calibration
22201,fit
22202,calibration
22203,fit
22204,fit
22205,fit
22206,test
22207,calibration
22208,fit
22209,calibration
22210,fit
22211,fit
22212,fit
22213,fit
22214,fit
22215,fit
22216,calibration
22217,test
22218,fit
22219,fit
22220,fit
22222,fit
22223,fit
22224,fit
22225,fit
22226,fit
22227,fit
22228,calibration
22230,test
22231,fit
22232,test
22233,fit
22234,calibration
22235,fit
22236,fit
22237,fit
22238,calibration
22239,fit
22240,fit
22242,calibration
22243,fit
22244,fit
22245,fit
22246,test
22247,fit
22248,test
22249,fit
22250,calibration
22251,test
22252,fit
22253,calibration
22254,fit
22255,fit
22256,calibration
22257,fit
22258,fit
22259,test
22260,fit
22261,test
22262,fit
22263,fit
22264,fit
22265,fit
22266,test
22267,fit
22268,fit
22269,calibration
22270,fit
22271,calibration
22272,fit
22273,fit
22274,fit
22277,test
22278,fit
22279,test
22280,fit
22281,fit
22282,calibration
22284,fit
22286,fit
22287,fit
22288,fit
22289,fit
22290,fit
22291,fit
22292,test
22293,calibration
22294,fit
22295,fit
22296,fit
22297,fit
22298,test
22299,fit
22302,fit
22303,test
22304,fit
22305,fit
22306,test
22307,fit
22308,calibration
22309,fit
22310,fit
22311,calibration
22312,fit
22313,test
22314,fit
22316,calibration
22317,fit
22318,fit
22319,test
22320,fit
22321,fit
22322,calibration
22323,fit
22324,test
22325,calibration
22326,test
22327,fit
22328,test
22329,fit
22330,fit
22331,fit
22332,fit
22333,calibration
22334,fit
22335,test
22336,calibration
22337,fit
22338,test
22339,calibration
22340,fit
22341,fit
22342,fit
22343,test
22344,calibration
22345,test
22346,fit
22347,fit
22348,fit
22349,fit
22350,fit
22351,fit
22352,fit
22353,calibration
22354,calibration
22355,fit
22356,fit
22357,fit
22358,calibration
22359,calibration
22360,fit
22361,fit
22362,fit
22363,fit
22364,fit
22365,test
22366,fit
22367,fit
22368,test
22369,test
22371,calibration
22372,calibration
22373,fit
22374,fit
22375,fit
22376,fit
22377,fit
22379,fit
22380,test
22381,calibration
22382,fit
22383,test
22384,fit
22385,fit
22388,calibration
22389,fit
22390,fit
22391,test
22392,fit
22393,fit
22394,fit
22395,calibration
22396,test
22397,test
22398,test
22399,fit
22400,fit
22401,fit
22402,fit
22403,fit
22404,fit
22405,fit
22406,fit
22407,fit
22408,fit
22409,fit
22410,fit
22412,calibration
22413,fit
22414,calibration
22415,fit
22416,fit
22417,fit
22418,fit
22419,calibration
22420,test
22421,calibration
22422,fit
22423,fit
22424,calibration
22425,fit
22426,test
22427,fit
22428,calibration
22429,calibration
22430,fit
22431,calibration
22432,fit
22433,fit
22434,fit
22435,fit
22436,calibration
22437,test
22438,test
22439,fit
22440,calibration
22441,fit
22442,test
22443,test
22444,fit
22445,calibration
22446,calibration
22447,fit
22448,calibration
22449,fit
22450,test
22451,fit
22452,fit
22453,fit
22454,calibration
22455,fit
22456,fit
22457,fit
22458,test
22459,test
22460,fit
22461,fit
22462,fit
22463,fit
22464,test
22465,fit
22466,fit
22467,calibration
22468,test
22469,fit
22470,fit
22471,fit
22472,fit
22473,fit
22474,calibration
22475,fit
22476,calibration
22477,fit
22478,calibration
22479,fit
22480,fit
22481,test
22482,fit
22483,test
22484,fit
22485,calibration
22486,fit
22487,fit
22488,fit
22491,fit
22492,fit
22493,calibration
22494,fit
22495,fit
22497,calibration
22498,calibration
22499,fit
22500,calibration
22502,fit
22504,fit
22505,fit
22506,fit
22507,test
22508,fit
22509,fit
22510,test
22511,fit
22512,fit
22513,fit
22514,fit
22515,test
22516,fit
22517,calibration
22519,fit
22520,test
22521,calibration
22522,calibration
22524,fit
22525,fit
22526,calibration
22527,fit
22529,test
22530,fit
22531,test
22532,fit
22533,fit
22534,calibration
22535,calibration
22536,fit
22537,calibration
22538,test
22539,fit
22540,fit
22541,fit
22542,calibration
22543,calibration
22544,fit
22545,fit
22546,fit
22547,test
22548,fit
22549,test
22550,fit
22551,calibration
22552,fit
22553,test
22554,fit
22555,test
22556,calibration
22557,test
22558,fit
22559,fit
22562,calibration
22563,fit
22564,test
22565,fit
22566,fit
22567,calibration
22568,fit
22570,fit
22571,test
22572,fit
22573,fit
22574,test
22575,test
22576,fit
22577,fit
22578,fit
22579,fit
22581,calibration
22582,test
22583,test
22584,fit
22585,calibration
22587,fit
22588,test
22589,test
22590,fit
22591,fit
22592,fit
22593,fit
22594,fit
22595,fit
22596,calibration
22597,fit
22598,fit
22599,calibration
22600,fit
22601,fit
22602,fit
22603,fit
22604,test
22605,fit
22606,test
22607,fit
22608,calibration
22609,fit
22610,fit
22611,test
22612,calibration
22613,calibration
22614,fit
22615,fit
22616,test
22617,test
22618,calibration
22619,fit
22620,fit
22621,fit
22622,test
22623,calibration
22624,test
22625,calibration
22626,calibration
22627,fit
22628,fit
22629,fit
22630,test
22631,fit
22632,fit
22633,fit
22634,fit
22636,fit
22637,fit
22638,fit
22639,calibration
22640,test
22641,test
22642,test
22643,calibration
22644,calibration
22645,fit
22646,test
22647,test
22648,fit
22649,calibration
22650,fit
22651,fit
22652,test
22653,fit
22654,fit
22655,fit
22656,calibration
22657,fit
22658,fit
22659,fit
22662,fit
22663,fit
22664,calibration
22665,test
22666,test
22667,fit
22669,fit
22670,fit
22671,fit
22672,fit
22674,test
22675,fit
22676,fit
22677,fit
22678,fit
22679,fit
22680,fit
22681,fit
22682,fit
22683,fit
22684,fit
22685,fit
22686,fit
22687,test
22688,test
22689,fit
22690,fit
22691,test
22692,test
22694,fit
22695,test
22696,fit
22697,fit
22698,test
22699,fit
22700,fit
22701,fit
22702,fit
22703,test
22704,fit
22706,test
22707,fit
22708,fit
22709,fit
22710,fit
22711,test
22713,test
22714,calibration
22715,test
22716,fit
22717,fit
22718,fit
22719,calibration
22720,fit
22721,fit
22722,test
22723,fit
22724,fit
22725,fit
22726,fit
22727,calibration
22728,test
22730,test
22731,calibration
22732,fit
22733,fit
22734,fit
22737,calibration
22738,fit
22739,test
22740,fit
22741,fit
22742,fit
22743,test
22745,calibration
22746,fit
22747,calibration
22748,test
22749,test
22750,calibration
22751,fit
22752,fit
22753,fit
22754,fit
22755,fit
22756,fit
22757,fit
22758,calibration
22759,fit
22760,calibration
22761,test
22762,fit
22763,fit
22764,fit
22765,fit
22767,fit
22768,test
22769,calibration
22770,fit
22771,test
22772,calibration
22773,test
22774,calibration
22775,calibration
22776,fit
22777,fit
22778,fit
22779,fit
22780,calibration
22781,fit
22782,test
22784,test
22785,test
22787,fit
22788,fit
22789,fit
22790,fit
22791,test
22792,test
22793,calibration
22794,test
22795,calibration
22796,fit
22797,fit
22798,fit
22799,fit
22800,fit
22801,fit
22803,fit
22804,fit
22805,calibration
22806,test
22807,test
22808,calibration
22809,fit
22810,fit
22811,test
22812,fit
22813,fit
22814,calibration
22815,test
22816,calibration
22817,calibration
22818,fit
22819,calibration
22820,calibration
22821,calibration
22822,fit
22823,fit
22824,fit
22825,fit
22826,fit
22827,calibration
22829,fit
22830,fit
22831,fit
22832,fit
22833,test
22834,test
22835,fit
22836,fit
22837,fit
22838,test
22839,fit
22840,calibration
22841,fit
22842,calibration
22843,fit
22844,fit
22845,fit
22846,test
22847,fit
22848,calibration
22849,fit
22850,fit
22851,calibration
22852,fit
22853,fit
22854,calibration
22855,calibration
22856,fit
22857,test
22858,fit
22859,fit
22861,fit
22862,fit
22863,fit
22864,fit
22865,test
22866,test
22867,fit
22868,fit
22869,fit
22870,fit
22871,fit
22872,fit
22873,fit
22874,calibration
22875,calibration
22876,test
22877,test
22878,calibration
22879,calibration
22880,calibration
22881,calibration
22882,fit
22883,fit
22884,fit
22885,fit
22886,fit
22887,fit
22888,fit
22889,fit
22890,fit
22891,test
22892,fit
22895,fit
22896,calibration
22897,fit
22898,fit
22899,fit
22900,fit
22901,calibration
22902,fit
22903,fit
22904,fit
22905,calibration
22906,calibration
22907,test
22908,fit
22909,fit
22910,calibration
22911,fit
22912,calibration
22913,calibration
22914,test
22916,fit
22917,fit
22918,fit
22919,calibration
22920,fit
22921,fit
22922,calibration
22923,fit
22924,test
22925,fit
22926,fit
22927,calibration
22928,calibration
22930,test
22931,fit
22932,test
22933,fit
22934,fit
22935,fit
22936,fit
22937,fit
22938,fit
22939,fit
22940,fit
22941,fit
22942,test
22943,fit
22944,test
22945,fit
22947,test
22950,fit
22951,test
22952,test
22953,calibration
22954,test
22955,calibration
22956,fit
22957,fit
22958,fit
22959,fit
22960,fit
22961,test
22962,fit
22963,fit
22964,fit
22965,test
22966,fit
22968,fit
22969,test
22970,test
22971,fit
22972,fit
22973,fit
22974,fit
22975,test
22976,fit
22977,test
22978,test
22979,fit
22980,test
22981,test
22982,fit
22983,fit
22984,fit
22985,fit
22987,fit
22988,calibration
22989,fit
22990,fit
22991,test
22992,test
22993,calibration
22994,calibration
22995,test
22996,fit
22997,fit
22998,calibration
22999,calibration
23000,fit
23001,fit
23002,fit
23004,calibration
23005,calibration
23006,fit
23007,fit
23008,fit
23010,test
23011,fit
23012,calibration
23014,fit
23015,test
23016,calibration
23017,test
23019,fit
23020,test
23021,fit
23022,fit
23023,fit
23024,test
23025,fit
23026,calibration
23027,fit
23028,calibration
23029,fit
23030,fit
23031,test
23032,fit
23033,fit
23034,fit
23035,fit
23036,fit
23037,test
23038,test
23039,test
23040,fit
23041,fit
23042,fit
23043,test
23045,test
23046,calibration
23047,test
23048,calibration
23049,test
23050,test
23053,fit
23054,test
23055,test
23056,calibration
23057,calibration
23058,fit
23059,calibration
23060,fit
23061,test
23062,test
23063,calibration
23064,fit
23065,fit
23066,test
23067,fit
23068,fit
23069,fit
23070,fit
23071,test
23072,test
23073,fit
23074,fit
23076,fit
23077,fit
23078,fit
23079,calibration
23080,fit
23081,fit
23082,fit
23083,test
23084,fit
23085,fit
23087,fit
23088,fit
23089,calibration
23090,fit
23091,fit
23092,test
23093,calibration
23094,fit
23095,test
23096,calibration
23097,fit
23098,fit
23099,fit
23100,fit
23101,calibration
23102,fit
23103,test
23105,fit
23106,fit
23107,fit
23108,fit
23109,calibration
23110,fit
23111,fit
23112,calibration
23113,fit
23114,fit
23115,fit
23116,fit
23117,fit
23118,fit
23119,test
23120,test
23121,fit
23122,test
23123,fit
23124,test
23125,fit
23127,fit
23128,fit
23129,test
23130,test
23131,calibration
23132,fit
23133,calibration
23134,fit
23135,test
23136,calibration
23137,fit
23138,calibration
23139,fit
23140,test
23141,test
23142,test
23143,fit
23144,calibration
23145,test
23146,fit
23147,fit
23148,fit
23149,fit
23150,fit
23151,calibration
23152,fit
23153,test
23154,fit
23155,test
23156,fit
23157,test
23158,fit
23159,calibration
23160,fit
23161,fit
23162,test
23163,fit
23164,fit
23165,fit
23166,fit
23167,fit
23168,fit
23169,test
23170,fit
23171,test
23173,fit
23174,fit
23176,fit
23177,fit
23178,fit
23179,fit
23180,fit
23181,test
23182,calibration
23183,fit
23184,calibration
23185,fit
23186,fit
23187,fit
23188,fit
23189,fit
23190,fit
23191,fit
23192,fit
23193,test
23194,fit
23195,fit
23196,fit
23197,test
23198,fit
23199,test
23200,fit
23201,fit
23202,fit
23203,fit
23205,fit
23206,fit
23207,calibration
23208,test
23209,calibration
23211,fit
23212,test
23213,fit
23214,fit
23216,calibration
23217,test
23219,test
23220,fit
23221,fit
23223,calibration
23224,test
23225,fit
23226,fit
23227,test
23228,fit
23229,fit
23230,fit
23231,test
23232,calibration
23233,fit
23234,fit
23235,calibration
23236,fit
23237,calibration
23238,calibration
23239,fit
23240,test
23241,fit
23242,calibration
23243,test
23244,calibration
23245,fit
23246,fit
23247,test
23248,fit
23249,test
23250,calibration
23251,test
23252,calibration
23254,test
23255,fit
23256,fit
23257,fit
23258,fit
23259,test
23260,calibration
23261,test
23262,fit
23264,fit
23265,fit
23266,test
23267,test
23268,calibration
23269,test
23271,calibration
23272,test
23273,fit
23274,fit
23275,fit
23276,fit
23277,fit
23278,fit
23279,calibration
23280,fit
23281,calibration
23282,fit
23283,fit
23284,fit
23285,calibration
23286,fit
23287,test
23288,fit
23289,fit
23290,fit
23291,fit
23292,fit
23293,fit
23294,fit
23295,calibration
23296,calibration
23297,calibration
23298,calibration
23300,fit
23301,calibration
23302,fit
23304,test
23305,fit
23307,fit
23308,fit
23309,fit
23310,fit
23311,fit
23312,calibration
23313,fit
23314,test
23315,calibration
23316,fit
23317,test
23318,calibration
23319,test
23320,fit
23321,test
23322,fit
23323,fit
23324,fit
23325,fit
23326,fit
23327,fit
23328,fit
23329,test
23330,test
23331,fit
23332,fit
23333,fit
23334,fit
23335,test
23336,fit
23337,fit
23338,test
23339,fit
23340,calibration
23341,fit
23342,test
23343,fit
23344,fit
23345,calibration
23346,calibration
23347,fit
23348,test
23349,calibration
23350,calibration
23351,test
23352,calibration
23353,test
23354,fit
23355,test
23356,fit
23357,test
23358,test
23359,fit
23360,fit
23361,calibration
23362,fit
23363,calibration
23364,test
23365,fit
23366,calibration
23367,fit
23368,calibration
23369,fit
23370,fit
23371,fit
23372,fit
23373,calibration
23374,calibration
23375,fit
23376,fit
23377,fit
23378,fit
23379,fit
23380,fit
23381,calibration
23383,fit
23384,fit
23385,calibration
23386,test
23387,fit
23388,fit
23389,fit
23390,fit
23391,fit
23392,fit
23393,fit
23394,fit
23395,fit
23396,fit
23397,fit
23398,fit
23399,fit
23400,calibration
23401,fit
23402,fit
23403,calibration
23404,fit
23405,fit
23406,test
23407,fit
23408,fit
23410,calibration
23411,fit
23412,fit
23413,calibration
23414,fit
23415,fit
23416,fit
23417,calibration
23418,fit
23419,test
23420,fit
23421,fit
23422,fit
23423,fit
23424,fit
23425,calibration
23426,fit
23427,fit
23429,fit
23430,fit
23431,calibration
23432,fit
23433,test
23434,fit
23435,calibration
23436,calibration
23437,calibration
23438,fit
23439,fit
23440,fit
23441,fit
23442,calibration
23443,fit
23444,fit
23445,test
23446,fit
23447,calibration
23448,calibration
23449,test
23450,fit
23451,fit
23452,fit
23453,test
23454,calibration
23455,fit
23456,fit
23457,calibration
23458,fit
23459,fit
23460,test
23461,fit
23462,test
23463,fit
23464,calibration
23466,fit
23467,fit
23468,test
23469,fit
23470,fit
23471,fit
23472,test
23473,fit
23474,test
23475,test
23476,calibration
23477,fit
23478,test
23479,fit
23480,calibration
23481,fit
23482,fit
23483,fit
23484,calibration
23485,fit
23486,fit
23487,test
23488,fit
23489,fit
23490,fit
23491,fit
23492,fit
23493,fit
23494,fit
23495,test
23496,calibration
23497,fit
23498,fit
23499,fit
23500,calibration
23501,calibration
23502,test
23503,calibration
23504,fit
23505,fit
23506,fit
23507,fit
23508,calibration
23509,fit
23510,test
23511,fit
23512,fit
23513,test
23514,calibration
23515,fit
23516,test
23517,fit
23518,calibration
23519,fit
23520,fit
23521,fit
23522,fit
23523,fit
23524,fit
23525,fit
23526,fit
23527,calibration
23528,test
23529,calibration
23530,fit
23531,fit
23532,calibration
23534,test
23535,fit
23536,fit
23537,test
23538,test
23539,fit
23540,fit
23541,fit
23542,test
23543,fit
23544,fit
23545,fit
23546,test
23547,fit
23548,fit
23549,fit
23550,fit
23551,calibration
23553,fit
23554,fit
23555,fit
23556,test
23557,fit
23558,fit
23559,test
23560,fit
23561,test
23562,fit
23563,test
23564,fit
23565,fit
23566,test
23567,fit
23568,fit
23569,calibration
23570,fit
23571,fit
23572,fit
23574,test
23575,calibration
23576,test
23577,calibration
23578,test
23579,test
23580,fit
23581,fit
23582,fit
23583,fit
23584,fit
23585,test
23586,fit
23587,calibration
23588,calibration
23590,fit
23591,fit
23592,fit
23593,fit
23594,fit
23595,fit
23596,fit
23597,calibration
23598,fit
23599,test
23600,test
23601,fit
23602,test
23603,fit
23604,fit
23605,calibration
23606,test
23607,fit
23608,calibration
23609,calibration
23610,fit
23611,test
23612,fit
23613,test
23615,fit
23616,fit
23617,fit
23618,fit
23619,fit
23620,fit
23621,fit
23622,fit
23623,fit
23624,calibration
23625,calibration
23626,test
23627,fit
23628,fit
23629,test
23630,calibration
23631,calibration
23632,fit
23633,fit
23634,fit
23635,fit
23637,test
23638,fit
23639,test
23640,calibration
23641,fit
23642,fit
23643,fit
23644,calibration
23645,fit
23646,fit
23647,calibration
23648,fit
23649,calibration
23650,calibration
23651,fit
23652,fit
23653,test
23654,test
23656,calibration
23657,fit
23658,fit
23659,calibration
23660,fit
23661,fit
23662,fit
23663,fit
23664,fit
23665,fit
23666,fit
23667,calibration
23668,calibration
23669,fit
23670,calibration
23671,calibration
23672,calibration
23673,test
23674,fit
23675,fit
23676,fit
23677,test
23678,fit
23679,fit
23680,fit
23681,fit
23682,test
23683,fit
23684,fit
23685,fit
23686,fit
23687,fit
23688,test
23690,calibration
23691,test
23692,fit
23693,calibration
23694,test
23695,fit
23696,test
23697,calibration
23698,calibration
23699,test
23700,fit
23701,fit
23702,test
23703,fit
23704,calibration
23705,fit
23706,fit
23707,fit
23708,calibration
23709,fit
23710,fit
23711,fit
23712,fit
23713,fit
23714,fit
23715,fit
23716,fit
23717,fit
23718,test
23719,fit
23720,fit
23722,fit
23723,fit
23724,test
23725,fit
23726,fit
23727,calibration
23728,test
23729,calibration
23731,fit
23732,fit
23733,test
23734,calibration
23735,fit
23736,fit
23737,fit
23738,fit
23739,test
23740,fit
23741,test
23742,test
23743,fit
23744,fit
23745,fit
23746,fit
23747,fit
23748,fit
23749,calibration
23750,calibration
23751,calibration
23752,calibration
23753,test
23754,fit
23755,fit
23756,fit
23757,fit
23758,fit
23759,fit
23760,calibration
23761,test
23762,fit
23763,fit
23764,fit
23765,fit
23768,fit
23769,fit
23770,fit
23771,fit
23772,test
23773,fit
23774,fit
23775,calibration
23776,fit
23777,fit
23778,fit
23779,fit
23780,calibration
23781,calibration
23782,fit
23783,test
23784,fit
23785,test
23786,fit
23787,calibration
23788,fit
23789,fit
23790,calibration
23791,calibration
23794,fit
23795,fit
23796,test
23797,fit
23798,test
23799,fit
23800,calibration
23801,fit
23802,fit
23803,fit
23804,test
23805,fit
23806,fit
23807,calibration
23809,fit
23810,fit
23811,test
23812,test
23813,fit
23814,test
23815,fit
23816,fit
23817,fit
23818,calibration
23819,fit
23820,test
23821,calibration
23822,test
23823,test
23824,test
23826,test
23827,fit
23828,fit
23829,calibration
23831,calibration
23832,fit
23833,test
23834,fit
23835,calibration
23836,fit
23838,fit
23839,calibration
23840,fit
23841,fit
23842,calibration
23843,calibration
23846,test
23847,calibration
23848,fit
23849,calibration
23850,fit
23851,test
23852,calibration
23853,test
23854,fit
23855,test
23856,test
23857,calibration
23858,test
23859,fit
23860,fit
23861,fit
23862,test
23864,fit
23865,fit
23866,fit
23867,fit
23868,fit
23869,fit
23870,fit
23871,test
23872,test
23873,calibration
23874,fit
23875,fit
23876,fit
23877,fit
23878,fit
23879,fit
23880,fit
23881,calibration
23882,fit
23884,fit
23885,fit
23886,calibration
23887,fit
23888,fit
23889,fit
23890,calibration
23891,fit
23892,test
23893,fit
23894,fit
23895,calibration
23896,fit
23897,fit
23898,fit
23899,fit
23900,test
23901,fit
23902,test
23903,fit
23904,fit
23905,fit
23906,test
23907,calibration
23909,fit
23910,fit
23911,test
23912,fit
23913,fit
23914,fit
23916,calibration
23917,calibration
23918,fit
23919,fit
23920,fit
23921,calibration
23922,fit
23923,test
23924,calibration
23925,fit
23926,fit
23927,test
23928,fit
23930,fit
23931,fit
23932,fit
23933,fit
23934,fit
23935,fit
23936,test
23937,fit
23938,test
23939,test
23940,fit
23941,fit
23942,calibration
23943,fit
23944,calibration
23945,fit
23946,fit
23947,fit
23948,calibration
23949,fit
23950,fit
23951,calibration
23952,fit
23953,fit
23954,fit
23955,fit
23956,calibration
23957,fit
23958,fit
23959,fit
23960,calibration
23961,fit
23962,fit
23963,test
23964,fit
23965,fit
23966,calibration
23967,fit
23968,calibration
23969,fit
23970,test
23971,fit
23972,calibration
23973,calibration
23974,calibration
23975,test
23976,fit
23977,fit
23978,test
23979,fit
23980,fit
23981,calibration
23982,calibration
23983,fit
23984,test
23985,fit
23986,fit
23987,calibration
23988,fit
23989,fit
23990,fit
23991,test
23992,test
23993,test
23994,fit
23995,fit
23996,fit
23997,test
23998,fit
23999,calibration
24000,fit
24001,fit
24002,fit
24003,calibration
24004,fit
24005,fit
24006,calibration
24007,calibration
24008,fit
24009,fit
24010,fit
24011,fit
24012,fit
24013,fit
24014,fit
24015,fit
24017,fit
24018,fit
24019,calibration
24020,fit
24021,fit
24022,fit
24023,test
24024,fit
24025,fit
24026,fit
24028,fit
24029,test
24030,fit
24031,fit
24032,test
24033,calibration
24034,fit
24035,fit
24037,calibration
24038,fit
24039,fit
24040,fit
24041,fit
24042,fit
24043,test
24044,fit
24045,fit
24047,fit
24048,fit
24049,fit
24050,calibration
24051,fit
24052,test
24053,fit
24054,calibration
24055,fit
24056,calibration
24057,test
24058,test
24059,test
24060,fit
24061,fit
24062,fit
24063,test
24065,test
24066,calibration
24067,test
24068,test
24069,fit
24070,fit
24071,calibration
24072,fit
24073,test
24074,fit
24075,fit
24076,test
24077,calibration
24078,test
24079,fit
24080,fit
24081,calibration
24082,calibration
24083,fit
24084,test
24085,calibration
24086,test
24087,fit
24088,fit
24089,fit
24090,fit
24091,fit
24092,test
24093,test
24094,fit
24095,calibration
24096,fit
24097,calibration
24098,fit
24099,fit
24100,calibration
24101,fit
24102,fit
24103,fit
24104,test
24105,fit
24106,fit
24107,fit
24108,fit
24109,fit
24110,test
24111,fit
24112,fit
24113,fit
24114,fit
24116,test
24117,fit
24118,test
24119,fit
24120,fit
24121,fit
24122,fit
24123,test
24124,fit
24125,test
24126,test
24127,fit
24128,test
24129,test
24130,calibration
24131,calibration
24132,fit
24133,fit
24134,fit
24135,fit
24137,fit
24138,calibration
24139,calibration
24141,test
24142,fit
24143,test
24144,fit
24145,test
24146,calibration
24147,calibration
24148,fit
24149,calibration
24150,fit
24151,test
24152,fit
24153,fit
24154,test
24155,calibration
24156,fit
24158,calibration
24159,calibration
24160,calibration
24161,calibration
24162,fit
24163,test
24164,calibration
24165,calibration
24166,test
24167,test
24168,fit
24169,fit
24170,fit
24171,fit
24172,fit
24173,fit
24174,fit
24175,fit
24176,fit
24177,fit
24178,fit
24179,fit
24180,fit
24181,calibration
24182,fit
24183,fit
24184,calibration
24185,fit
24187,calibration
24188,fit
24189,fit
24190,calibration
24191,fit
24192,test
24193,fit
24194,fit
24198,test
24199,fit
24200,test
24201,calibration
24203,fit
24204,test
24205,calibration
24206,fit
24208,fit
24209,test
24210,fit
24211,fit
24212,test
24213,calibration
24214,fit
24215,fit
24216,fit
24217,fit
24218,calibration
24219,fit
24220,test
24221,calibration
24222,fit
24223,fit
24224,test
24225,fit
24226,test
24227,test
24228,fit
24229,calibration
24230,fit
24231,test
24232,fit
24233,test
24234,fit
24235,fit
24236,fit
24238,calibration
24239,fit
24240,test
24241,fit
24242,calibration
24243,calibration
24244,fit
24245,test
24246,calibration
24247,fit
24248,calibration
24249,calibration
24251,fit
24252,fit
24253,fit
24254,fit
24255,fit
24256,fit
24257,fit
24258,fit
24259,calibration
24260,fit
24261,test
24262,fit
24263,calibration
24264,calibration
24266,fit
24267,calibration
24268,test
24269,test
24271,fit
24272,calibration
24273,calibration
24274,fit
24275,calibration
24276,calibration
24277,fit
24278,calibration
24279,test
24280,fit
24281,test
24282,fit
24283,test
24284,fit
24285,test
24286,fit
24287,fit
24288,calibration
24289,fit
24290,fit
24291,fit
24292,fit
24293,calibration
24294,fit
24295,calibration
24296,fit
24297,test
24298,fit
24299,calibration
24300,fit
24301,fit
24302,test
24303,test
24304,fit
24306,fit
24307,calibration
24308,fit
24309,fit
24310,fit
24311,calibration
24312,fit
24313,fit
24314,fit
24315,fit
24316,fit
24317,test
24319,fit
24320,fit
24321,test
24322,fit
24323,calibration
24324,calibration
24325,test
24326,calibration
24327,fit
24328,calibration
24329,calibration
24330,calibration
24334,fit
24335,fit
24336,test
24337,fit
24338,fit
24340,fit
24341,fit
24343,fit
24344,fit
24345,calibration
24346,fit
24347,fit
24348,fit
24349,calibration
24350,fit
24351,fit
24354,fit
24355,fit
24356,test
24357,test
24358,fit
24359,fit
24360,calibration
24362,test
24363,fit
24364,test
24365,test
24366,fit
24367,calibration
24368,fit
24369,test
24370,fit
24371,fit
24372,fit
24373,fit
24374,test
24375,test
24376,fit
24377,fit
24378,fit
24379,fit
24380,test
24382,fit
24383,fit
24384,fit
24385,fit
24386,test
24387,fit
24388,calibration
24389,calibration
24390,fit
24391,fit
24392,fit
24393,fit
24395,fit
24396,fit
24397,calibration
24398,calibration
24399,fit
24400,test
24401,fit
24402,fit
24403,fit
24404,fit
24405,fit
24406,fit
24407,fit
24408,calibration
24409,calibration
24410,fit
24411,fit
24412,fit
24413,calibration
24414,test
24415,test
24416,fit
24417,fit
24418,fit
24419,fit
24420,calibration
24421,fit
24422,fit
24423,fit
24424,fit
24425,calibration
24426,fit
24427,test
24428,test
24429,calibration
24430,fit
24431,fit
24432,fit
24433,fit
24434,fit
24435,test
24436,calibration
24437,fit
24438,fit
24439,calibration
24440,calibration
24441,calibration
24442,calibration
24443,test
24444,fit
24445,calibration
24446,calibration
24447,fit
24448,fit
24450,calibration
24451,fit
24452,test
24453,test
24455,fit
24456,fit
24457,fit
24458,calibration
24459,fit
24460,fit
24461,test
24462,fit
24463,fit
24464,calibration
24465,fit
24466,test
24467,fit
24468,fit
24469,fit
24470,fit
24471,test
24472,test
24473,calibration
24474,test
24475,fit
24476,calibration
24477,fit
24478,fit
24479,fit
24480,fit
24481,fit
24482,fit
24483,calibration
24484,fit
24485,fit
24486,calibration
24487,fit
24488,fit
24489,fit
24491,calibration
24492,fit
24493,calibration
24494,fit
24495,fit
24496,fit
24497,test
24498,fit
24499,fit
24500,fit
24501,fit
24502,fit
24505,fit
24506,fit
24507,fit
24508,fit
24509,fit
24510,fit
24511,fit
24512,fit
24513,fit
24514,calibration
24515,fit
24516,fit
24517,calibration
24518,test
24519,fit
24520,fit
24521,test
24522,fit
24523,fit
24524,calibration
24525,calibration
24527,fit
24528,fit
24529,fit
24530,calibration
24531,fit
24532,test
24533,calibration
24534,fit
24535,test
24536,test
24537,fit
24538,calibration
24539,fit
24540,fit
24541,fit
24542,calibration
24543,calibration
24544,fit
24545,fit
24546,test
24547,fit
24548,fit
24549,fit
24550,calibration
24551,fit
24552,calibration
24553,fit
24554,test
24555,calibration
24556,fit
24557,test
24558,fit
24559,calibration
24560,fit
24561,fit
24562,fit
24563,calibration
24564,test
24565,fit
24566,fit
24567,calibration
24568,fit
24569,fit
24570,fit
24571,fit
24572,fit
24573,calibration
24574,fit
24575,fit
24576,fit
24577,calibration
24578,fit
24579,calibration
24580,fit
24581,test
24582,fit
24583,test
24584,fit
24585,fit
24586,fit
24587,test
24588,test
24589,fit
24590,fit
24591,fit
24592,calibration
24593,fit
24594,fit
24596,fit
24597,fit
24598,fit
24599,calibration
24601,fit
24602,calibration
24603,test
24604,fit
24605,fit
24606,fit
24607,calibration
24608,fit
24609,test
24610,test
24611,test
24612,test
24614,test
24615,fit
24616,fit
24617,test
24618,fit
24619,fit
24621,test
24622,fit
24623,fit
24624,test
24625,fit
24626,calibration
24627,calibration
24628,fit
24630,fit
24631,calibration
24632,calibration
24633,test
24634,fit
24635,fit
24636,fit
24637,fit
24638,test
24639,fit
24640,test
24641,calibration
24642,fit
24643,fit
24645,fit
24646,calibration
24647,fit
24648,test
24649,fit
24650,calibration
24651,fit
24652,fit
24653,test
24654,fit
24655,test
24656,calibration
24657,fit
24658,fit
24659,fit
24660,fit
24661,calibration
24662,fit
24663,fit
24664,fit
24665,fit
24666,test
24667,test
24668,test
24669,fit
24670,fit
24671,calibration
24672,calibration
24673,fit
24674,fit
24675,fit
24676,fit
24677,test
24678,test
24679,fit
24681,fit
24682,fit
24683,fit
24684,fit
24685,test
24686,test
24687,test
24688,fit
24689,fit
24691,calibration
24692,fit
24693,fit
24694,fit
24695,calibration
24696,fit
24697,fit
24698,fit
24699,fit
24701,test
24702,fit
24703,fit
24704,calibration
24705,calibration
24706,fit
24707,fit
24708,fit
24709,fit
24710,fit
24712,fit
24713,calibration
24714,test
24715,fit
24716,fit
24717,fit
24718,fit
24719,test
24720,fit
24721,calibration
24722,calibration
24723,test
24724,fit
24726,test
24727,test
24728,fit
24729,test
24730,fit
24731,fit
24732,calibration
24733,fit
24735,fit
24736,fit
24737,calibration
24738,test
24739,calibration
24740,fit
24741,test
24742,fit
24743,calibration
24744,fit
24745,fit
24746,fit
24747,fit
24748,fit
24749,fit
24750,fit
24751,fit
24752,fit
24753,test
24754,fit
24755,calibration
24756,fit
24757,calibration
24758,fit
24759,fit
24760,calibration
24761,test
24762,fit
24763,fit
24764,calibration
24765,test
24766,test
24767,test
24768,fit
24769,fit
24770,calibration
24771,fit
24772,fit
24773,calibration
24774,fit
24776,fit
24777,calibration
24778,fit
24779,test
24782,test
24783,fit
24784,calibration
24785,test
24787,fit
24788,fit
24789,fit
24790,fit
24791,fit
24792,fit
24793,calibration
24794,fit
24795,fit
24796,calibration
24797,calibration
24798,test
24799,fit
24800,test
24801,fit
24802,fit
24803,fit
24804,calibration
24805,fit
24806,fit
24807,test
24808,test
24809,test
24810,fit
24811,fit
24812,fit
24813,fit
24814,fit
24815,calibration
24816,fit
24817,test
24818,calibration
24819,fit
24820,fit
24821,fit
24822,fit
24824,test
24825,fit
24826,calibration
24828,test
24829,fit
24830,test
24831,fit
24832,fit
24833,fit
24834,fit
24835,fit
24836,fit
24837,fit
24838,calibration
24839,fit
24840,fit
24841,fit
24842,fit
24843,calibration
24844,fit
24845,test
24846,calibration
24847,test
24848,test
24849,calibration
24850,fit
24851,fit
24852,fit
24853,fit
24854,fit
24855,fit
24856,fit
24857,fit
24858,calibration
24859,calibration
24860,fit
24861,fit
24862,test
24863,calibration
24864,fit
24865,calibration
24866,fit
24867,test
24868,fit
24869,calibration
24870,fit
24871,calibration
24872,fit
24873,fit
24874,fit
24875,fit
24876,fit
24877,fit
24878,fit
24879,test
24880,fit
24881,fit
24882,fit
24883,fit
24884,fit
24886,test
24887,calibration
24888,fit
24889,fit
24890,test
24891,fit
24892,fit
24893,fit
24894,calibration
24895,calibration
24897,calibration
24898,fit
24899,calibration
24900,test
24901,fit
24902,calibration
24904,test
24905,fit
24906,fit
24907,fit
24908,calibration
24909,fit
24910,test
24911,calibration
24912,test
24913,test
24914,calibration
24915,calibration
24916,test
24917,fit
24918,fit
24919,calibration
24920,calibration
24921,fit
24922,calibration
24923,fit
24924,fit
24925,test
24926,fit
24927,test
24928,test
24929,fit
24930,fit
24931,fit
24932,test
24933,fit
24934,fit
24935,calibration
24936,calibration
24937,calibration
24938,calibration
24939,calibration
24940,calibration
24941,fit
24942,fit
24943,test
24945,test
24946,fit
24947,fit
24948,fit
24949,fit
24950,fit
24951,fit
24952,fit
24953,fit
24954,fit
24955,test
24956,calibration
24957,fit
24959,test
24960,fit
24961,calibration
24962,fit
24963,calibration
24964,test
24965,fit
24966,fit
24967,fit
24968,calibration
24969,calibration
24970,calibration
24972,fit
24973,calibration
24974,fit
24975,fit
24976,calibration
24977,fit
24978,test
24979,fit
24980,test
24981,fit
24982,calibration
24983,fit
24984,fit
24985,test
24986,fit
24987,test
24988,fit
24989,fit
24990,test
24991,test
24992,fit
24993,test
24994,fit
24995,fit
24996,fit
24997,fit
24998,fit
24999,fit
25000,fit
25001,fit
25002,fit
25003,test
25004,test
25005,fit
25006,fit
25007,calibration
25008,fit
25009,fit
25010,fit
25011,test
25013,fit
25014,fit
25015,test
25016,fit
25017,fit
25018,fit
25019,fit
25020,calibration
25021,fit
25022,fit
25023,fit
25024,test
25025,calibration
25026,calibration
25027,fit
25028,fit
25029,test
25030,test
25031,test
25032,calibration
25033,fit
25034,fit
25035,test
25036,fit
25037,fit
25038,calibration
25039,fit
25040,fit
25041,fit
25042,fit
25043,fit
25044,fit
25045,fit
25047,test
25048,fit
25049,calibration
25050,fit
25051,test
25052,fit
25053,fit
25054,fit
25055,calibration
25056,calibration
25057,fit
25058,calibration
25059,fit
25060,fit
25061,fit
25062,calibration
25063,fit
25064,fit
25065,test
25066,calibration
25067,fit
25068,fit
25069,test
25070,calibration
25071,fit
25072,test
25073,fit
25074,fit
25075,fit
25076,test
25077,calibration
25078,fit
25079,fit
25080,fit
25081,fit
25082,fit
25083,calibration
25084,fit
25085,fit
25086,fit
25087,test
25088,fit
25089,calibration
25090,fit
25091,test
25092,fit
25094,calibration
25095,fit
25096,fit
25098,calibration
25099,fit
25100,fit
25101,fit
25102,fit
25103,fit
25104,fit
25105,fit
25106,fit
25107,fit
25108,test
25109,test
25110,test
25111,fit
25112,calibration
25113,test
25114,fit
25115,fit
25116,fit
25117,fit
25118,test
25119,calibration
25120,fit
25121,calibration
25122,test
25123,fit
25124,calibration
25125,calibration
25126,fit
25127,fit
25128,fit
25129,fit
25131,fit
25132,fit
25133,test
25134,fit
25135,fit
25136,calibration
25137,test
25138,fit
25139,fit
25140,fit
25141,test
25142,calibration
25143,test
25144,fit
25145,fit
25146,fit
25147,fit
25148,fit
25149,fit
25150,fit
25151,fit
25152,calibration
25153,test
25156,fit
25157,calibration
25158,fit
25159,test
25160,fit
25161,fit
25162,fit
25163,fit
25164,fit
25165,calibration
25166,fit
25167,fit
25168,calibration
25169,fit
25170,fit
25172,fit
25173,test
25174,fit
25175,calibration
25177,calibration
25178,calibration
25180,fit
25181,test
25182,test
25183,fit
25184,calibration
25185,test
25186,test
25187,calibration
25188,fit
25191,test
25192,fit
25193,calibration
25194,fit
25195,fit
25196,fit
25197,calibration
25198,fit
25199,test
25200,test
25201,fit
25202,fit
25203,fit
25205,calibration
25206,fit
25207,fit
25208,fit
25209,fit
25210,calibration
25211,fit
25212,fit
25213,calibration
25214,fit
25215,fit
25216,fit
25217,calibration
25218,fit
25219,fit
25220,fit
25221,test
25222,test
25223,fit
25224,fit
25225,test
25226,fit
25227,calibration
25228,fit
25229,test
25230,calibration
25231,fit
25232,fit
25233,calibration
25234,calibration
25235,fit
25236,calibration
25237,test
25238,calibration
25239,calibration
25240,fit
25241,calibration
25242,fit
25243,fit
25244,fit
25245,fit
25246,calibration
25247,fit
25248,fit
25249,test
25250,test
25251,fit
25252,fit
25253,test
25254,test
25255,fit
25256,test
25257,fit
25258,fit
25259,fit
25260,fit
25261,test
25262,test
25263,fit
25264,fit
25265,fit
25266,fit
25267,fit
25268,calibration
25270,fit
25271,fit
25272,fit
25273,fit
25274,fit
25275,fit
25276,calibration
25277,calibration
25278,fit
25279,calibration
25280,fit
25281,fit
25282,test
25283,calibration
25284,fit
25285,test
25287,fit
25288,fit
25289,fit
25290,fit
25291,fit
25292,fit
25294,fit
25295,fit
25296,calibration
25297,fit
25298,fit
25299,test
25300,fit
25301,fit
25302,calibration
25303,fit
25304,fit
25305,calibration
25306,test
25307,test
25308,fit
25309,test
25310,fit
25311,fit
25312,fit
25313,test
25314,fit
25315,calibration
25316,fit
25317,calibration
25319,fit
25320,calibration
25321,test
25322,calibration
25323,fit
25324,fit
25325,fit
25326,test
25327,test
25328,fit
25329,fit
25330,fit
25331,fit
25332,fit
25333,calibration
25334,test
25335,fit
25336,fit
25337,test
25338,fit
25339,fit
25341,fit
25342,fit
25343,fit
25344,test
25345,test
25346,fit
25347,fit
25348,test
25349,fit
25350,fit
25351,calibration
25352,calibration
25353,fit
25354,fit
25356,fit
25357,test
25358,fit
25359,test
25360,fit
25361,test
25362,fit
25363,test
25364,test
25365,fit
25367,fit
25368,fit
25369,test
25370,fit
25371,fit
25372,fit
25373,fit
25374,fit
25375,fit
25376,test
25377,test
25378,calibration
25380,calibration
25381,fit
25383,fit
25384,fit
25385,fit
25386,fit
25387,fit
25388,fit
25389,fit
25390,test
25391,calibration
25393,fit
25394,fit
25395,fit
25396,test
25398,calibration
25400,calibration
25401,test
25402,fit
25403,fit
25404,fit
25405,fit
25406,fit
25407,test
25408,fit
25409,fit
25410,fit
25411,fit
25412,fit
25413,test
25414,test
25415,calibration
25416,test
25417,fit
25418,fit
25419,fit
25420,calibration
25421,fit
25422,fit
25423,fit
25425,fit
25426,fit
25427,fit
25428,calibration
25429,test
25430,test
25431,calibration
25432,fit
25433,fit
25434,fit
25435,calibration
25436,fit
25437,test
25438,test
25439,calibration
25440,fit
25441,test
25442,calibration
25443,fit
25444,fit
25445,fit
25446,calibration
25447,fit
25448,fit
25449,fit
25450,fit
25451,fit
25452,calibration
25453,fit
25454,fit
25455,fit
25456,fit
25457,fit
25458,fit
25459,fit
25460,calibration
25461,fit
25462,fit
25463,calibration
25464,fit
25465,calibration
25466,fit
25467,fit
25468,test
25469,test
25470,calibration
25471,test
25472,fit
25473,fit
25474,fit
25475,fit
25477,calibration
25478,calibration
25479,fit
25480,calibration
25481,fit
25482,fit
25483,calibration
25484,test
25485,test
25486,fit
25487,test
25488,fit
25489,fit
25490,fit
25491,calibration
25492,test
25493,test
25494,fit
25495,calibration
25496,test
25497,test
25498,fit
25499,test
25500,fit
25501,fit
25502,fit
25503,calibration
25504,fit
25505,fit
25506,fit
25507,test
25509,fit
25510,calibration
25511,test
25512,fit
25513,calibration
25514,test
25515,fit
25517,fit
25518,fit
25519,calibration
25520,fit
25521,fit
25522,fit
25524,fit
25525,fit
25526,fit
25527,fit
25528,calibration
25529,fit
25530,calibration
25531,fit
25532,test
25533,calibration
25534,fit
25536,test
25537,test
25538,fit
25539,test
25540,fit
25542,fit
25543,test
25544,fit
25545,test
25546,calibration
25548,fit
25549,fit
25550,fit
25551,fit
25552,test
25553,test
25554,fit
25555,fit
25556,fit
25557,test
25558,fit
25560,fit
25561,fit
25562,fit
25563,fit
25564,fit
25565,fit
25566,fit
25567,fit
25568,fit
25569,fit
25570,test
25571,fit
25572,fit
25573,fit
25574,fit
25575,fit
25576,test
25577,fit
25578,fit
25579,fit
25580,fit
25581,fit
25582,test
25583,fit
25584,calibration
25585,fit
25586,calibration
25587,fit
25588,calibration
25589,fit
25590,test
25591,fit
25592,fit
25593,test
25594,fit
25595,fit
25596,calibration
25597,test
25598,fit
25599,calibration
25600,calibration
25601,fit
25602,fit
25603,fit
25604,fit
25605,fit
25606,test
25607,calibration
25608,fit
25609,calibration
25610,fit
25611,fit
25612,fit
25613,calibration
25614,fit
25615,fit
25616,calibration
25617,calibration
25618,fit
25619,test
25620,calibration
25622,test
25623,fit
25624,fit
25626,fit
25627,fit
25628,fit
25629,calibration
25630,fit
25631,fit
25632,fit
25633,fit
25634,fit
25635,fit
25636,test
25637,test
25638,calibration
25639,fit
25640,calibration
25641,calibration
25642,fit
25643,fit
25644,calibration
25645,fit
25646,fit
25647,fit
25649,test
25650,test
25651,fit
25652,calibration
25653,test
25654,fit
25655,test
25656,calibration
25657,calibration
25658,fit
25659,fit
25660,calibration
25661,test
25662,fit
25663,fit
25664,calibration
25665,calibration
25666,fit
25668,fit
25669,test
25670,calibration
25671,fit
25672,calibration
25673,calibration
25674,fit
25675,fit
25676,test
25677,test
25678,calibration
25680,fit
25681,fit
25682,fit
25683,fit
25684,fit
25685,fit
25686,calibration
25688,test
25689,calibration
25690,test
25691,fit
25692,test
25693,fit
25694,calibration
25695,fit
25696,calibration
25698,test
25699,fit
25700,calibration
25701,fit
25702,fit
25703,fit
25704,test
25705,fit
25706,fit
25707,fit
25708,test
25709,fit
25710,fit
25711,fit
25712,test
25713,fit
25714,fit
25715,fit
25716,fit
25717,fit
25718,test
25719,fit
25720,fit
25721,fit
25722,test
25723,test
25724,calibration
25725,fit
25726,fit
25727,fit
25728,fit
25729,test
25730,fit
25731,fit
25732,calibration
25733,test
25735,fit
25736,fit
25737,fit
25738,fit
25739,calibration
25740,calibration
25741,fit
25742,fit
25743,fit
25744,fit
25745,fit
25746,fit
25747,test
25748,calibration
25749,fit
25750,fit
25751,fit
25752,calibration
25753,fit
25754,test
25755,fit
25756,test
25758,test
25759,fit
25760,test
25761,fit
25762,fit
25763,calibration
25764,calibration
25765,calibration
25766,calibration
25767,fit
25768,fit
25770,fit
25771,fit
25772,test
25774,fit
25775,fit
25776,fit
25777,calibration
25778,fit
25779,fit
25780,calibration
25781,test
25782,test
25783,fit
25785,calibration
25786,calibration
25787,fit
25788,fit
25789,fit
25790,fit
25791,fit
25792,test
25793,calibration
25794,calibration
25795,fit
25796,test
25797,fit
25798,fit
25799,test
25800,fit
25801,fit
25802,fit
25803,calibration
25804,test
25805,test
25807,test
25808,fit
25809,test
25810,calibration
25811,test
25812,fit
25813,fit
25814,test
25815,test
25816,fit
25817,calibration
25818,test
25819,test
25820,calibration
25821,fit
25822,fit
25823,test
25824,test
25825,fit
25826,fit
25827,fit
25828,test
25829,calibration
25830,fit
25831,fit
25832,fit
25833,fit
25835,fit
25836,fit
25837,calibration
25838,fit
25839,fit
25840,calibration
25841,fit
25842,calibration
25843,fit
25844,test
25845,calibration
25846,fit
25847,fit
25848,fit
25849,fit
25850,fit
25851,test
25852,fit
25853,calibration
25854,fit
25855,test
25856,fit
25857,test
25858,fit
25859,fit
25860,fit
25861,test
25863,fit
25864,fit
25865,calibration
25866,fit
25868,fit
25869,fit
25870,fit
25871,fit
25872,fit
25873,test
25874,test
25875,fit
25877,calibration
25878,test
25879,fit
25880,test
25881,calibration
25882,fit
25883,fit
25884,fit
25885,calibration
25886,fit
25887,fit
25888,test
25889,fit
25890,calibration
25891,fit
25892,fit
25893,fit
25895,fit
25896,fit
25897,calibration
25898,fit
25899,calibration
25900,calibration
25901,fit
25903,test
25904,fit
25905,fit
25906,fit
25907,fit
25908,fit
25909,test
25910,fit
25911,calibration
25912,fit
25913,calibration
25914,calibration
25915,calibration
25916,fit
25917,fit
25918,fit
25919,calibration
25920,calibration
25921,calibration
25922,fit
25923,fit
25924,test
25925,fit
25926,test
25927,fit
25928,test
25929,test
25930,calibration
25931,fit
25932,test
25933,fit
25934,test
25935,fit
25936,fit
25937,calibration
25938,fit
25939,fit
25940,fit
25941,fit
25942,fit
25943,fit
25944,test
25945,fit
25946,calibration
25947,test
25948,fit
25950,test
25951,test
25952,calibration
25953,fit
25954,calibration
25955,fit
25956,fit
25957,fit
25958,fit
25959,test
25960,fit
25961,fit
25962,test
25963,fit
25964,fit
25965,fit
25966,fit
25967,fit
25968,fit
25969,test
25970,test
25971,test
25972,test
25973,fit
25974,test
25975,fit
25976,test
25977,test
25979,fit
25980,fit
25981,fit
25982,test
25983,calibration
25984,test
25985,calibration
25986,fit
25987,fit
25988,calibration
25989,fit
25990,calibration
25991,calibration
25992,test
25994,test
25995,fit
25996,fit
25997,calibration
25998,calibration
25999,fit
26000,test
26001,fit
26002,fit
26003,fit
26004,fit
26005,fit
26006,calibration
26007,test
26008,calibration
26009,calibration
26010,calibration
26011,fit
26012,calibration
26013,fit
26014,fit
26015,fit
26016,fit
26017,fit
26018,fit
26019,fit
26020,fit
26021,test
26022,fit
26023,fit
26024,fit
26025,fit
26026,calibration
26027,fit
26028,calibration
26029,calibration
26030,fit
26031,test
26032,calibration
26033,calibration
26034,fit
26035,fit
26036,fit
26037,fit
26038,fit
26039,fit
26040,fit
26041,fit
26042,fit
26044,test
26045,calibration
26046,calibration
26047,calibration
26048,calibration
26049,fit
26050,calibration
26051,fit
26052,fit
26053,fit
26054,fit
26055,fit
26056,fit
26057,calibration
26058,fit
26060,fit
26061,fit
26062,fit
26063,fit
26064,test
26065,fit
26066,fit
26067,fit
26068,fit
26069,test
26070,calibration
26072,calibration
26073,fit
26074,fit
26075,fit
26076,calibration
26077,fit
26078,calibration
26079,test
26080,test
26081,fit
26082,fit
26083,fit
26084,fit
26085,test
26086,fit
26087,fit
26088,test
26089,test
26090,calibration
26091,fit
26092,fit
26093,fit
26094,fit
26095,fit
26096,calibration
26097,test
26098,calibration
26099,test
26100,fit
26101,fit
26102,test
26103,fit
26104,test
26105,fit
26106,fit
26107,fit
26108,calibration
26109,fit
26110,calibration
26111,test
26112,fit
26113,fit
26114,fit
26115,fit
26116,fit
26117,fit
26118,calibration
26119,calibration
26120,fit
26121,calibration
26122,fit
26123,calibration
26124,fit
26125,test
26126,fit
26127,fit
26128,fit
26129,calibration
26130,calibration
26131,test
26132,fit
26133,fit
26134,calibration
26135,fit
26136,fit
26137,fit
26138,fit
26139,fit
26140,fit
26141,fit
26142,fit
26143,calibration
26144,test
26145,calibration
26146,fit
26147,test
26148,fit
26149,calibration
26150,test
26151,test
26152,fit
26153,test
26154,fit
26155,test
26156,fit
26157,fit
26158,fit
26159,calibration
26160,fit
26161,fit
26162,fit
26163,fit
26164,calibration
26165,test
26166,fit
26167,calibration
26168,fit
26169,calibration
26170,fit
26171,test
26172,fit
26173,test
26174,fit
26177,calibration
26178,test
26179,test
26180,fit
26181,test
26182,calibration
26183,calibration
26184,test
26185,fit
26186,fit
26187,fit
26189,fit
26190,fit
26191,fit
26192,fit
26193,calibration
26194,calibration
26195,fit
26196,fit
26197,calibration
26198,fit
26199,fit
26200,fit
26201,fit
26202,fit
26203,calibration
26204,test
26205,fit
26206,fit
26207,fit
26208,fit
26209,fit
26210,fit
26211,fit
26212,fit
26213,fit
26214,fit
26215,calibration
26216,fit
26217,fit
26218,test
26219,fit
26220,fit
26221,fit
26222,fit
26223,test
26224,fit
26225,test
26226,calibration
26227,calibration
26228,test
26229,test
26230,calibration
26231,fit
26232,calibration
26233,fit
26234,fit
26235,fit
26236,fit
26237,fit
26238,fit
26239,fit
26240,fit
26241,fit
26242,calibration
26243,calibration
26244,test
26245,calibration
26246,test
26247,calibration
26248,fit
26249,fit
26250,calibration
26251,test
26252,fit
26253,fit
26254,fit
26256,fit
26257,fit
26258,test
26259,fit
26260,test
26261,calibration
26262,fit
26263,fit
26264,fit
26265,test
26266,fit
26267,test
26268,fit
26269,fit
26270,test
26271,calibration
26272,fit
26273,fit
26274,fit
26275,calibration
26276,test
26277,calibration
26278,fit
26279,fit
26281,fit
26282,fit
26283,calibration
26284,fit
26285,test
26286,calibration
26287,test
26288,fit
26289,fit
26290,test
26291,fit
26292,fit
26294,fit
26295,fit
26296,fit
26297,fit
26298,test
26299,calibration
26300,fit
26301,test
26302,calibration
26303,test
26304,fit
26305,fit
26306,fit
26307,fit
26308,fit
26309,fit
26310,fit
26311,fit
26312,test
26313,fit
26314,calibration
26315,fit
26316,fit
26318,fit
26319,test
26320,fit
26321,fit
26322,fit
26323,calibration
26324,fit
26325,test
26326,fit
26327,fit
26328,fit
26329,fit
26330,calibration
26331,calibration
26332,fit
26333,fit
26334,calibration
26335,fit
26336,fit
26337,test
26338,fit
26339,fit
26340,fit
26341,test
26342,calibration
26343,fit
26344,calibration
26345,fit
26347,test
26348,test
26349,test
26350,fit
26351,fit
26352,calibration
26353,calibration
26354,calibration
26355,fit
26356,calibration
26357,fit
26358,fit
26359,fit
26360,fit
26361,test
26362,fit
26363,calibration
26364,fit
26365,calibration
26366,calibration
26367,test
26368,fit
26369,test
26370,test
26371,test
26372,calibration
26373,fit
26374,fit
26375,fit
26377,fit
26378,test
26379,fit
26380,test
26381,fit
26382,calibration
26383,fit
26384,fit
26387,calibration
26388,test
26389,fit
26390,test
26391,fit
26392,fit
26393,fit
26394,calibration
26395,test
26396,test
26397,calibration
26398,test
26399,calibration
26400,fit
26401,fit
26403,calibration
26404,fit
26405,fit
26406,fit
26407,fit
26409,fit
26410,test
26411,fit
26412,fit
26413,calibration
26414,calibration
26416,fit
26417,calibration
26418,fit
26419,fit
26420,fit
26421,fit
26422,fit
26423,fit
26424,fit
26425,fit
26426,fit
26427,fit
26428,test
26429,fit
26430,fit
26431,fit
26432,fit
26433,fit
26434,test
26435,calibration
26436,test
26437,fit
26439,calibration
26440,test
26441,test
26442,test
26443,test
26444,calibration
26445,fit
26446,calibration
26447,calibration
26448,fit
26449,fit
26450,fit
26451,fit
26452,fit
26453,fit
26454,calibration
26455,fit
26456,fit
26457,fit
26458,fit
26459,test
26460,fit
26461,fit
26462,fit
26463,calibration
26465,calibration
26467,test
26468,fit
26469,calibration
26470,calibration
26471,calibration
26472,fit
26473,fit
26475,test
26476,fit
26477,fit
26478,fit
26479,fit
26480,test
26481,fit
26482,calibration
26483,fit
26484,fit
26485,fit
26486,fit
26487,calibration
26488,fit
26489,fit
26490,test
26491,test
26492,fit
26493,test
26494,calibration
26495,fit
26496,fit
26497,test
26498,test
26499,fit
26501,fit
26502,fit
26503,test
26504,fit
26505,fit
26506,fit
26507,test
26508,fit
26509,test
26510,test
26511,test
26512,fit
26513,fit
26514,test
26515,test
26516,test
26517,fit
26518,fit
26519,fit
26520,calibration
26522,fit
26523,calibration
26524,test
26525,calibration
26526,fit
26527,fit
26529,fit
26530,calibration
26531,test
26532,test
26533,calibration
26534,fit
26535,fit
26536,test
26537,fit
26538,fit
26539,test
26540,test
26541,fit
26542,fit
26543,fit
26544,fit
26545,fit
26546,fit
26547,fit
26548,fit
26549,calibration
26550,fit
26551,fit
26552,calibration
26553,fit
26554,calibration
26555,calibration
26556,test
26557,fit
26558,fit
26559,fit
26560,fit
26561,fit
26562,fit
26563,fit
26564,fit
26565,test
26566,fit
26567,calibration
26568,test
26571,test
26572,calibration
26573,fit
26574,fit
26575,fit
26576,fit
26577,fit
26578,fit
26579,fit
26580,fit
26581,fit
26582,test
26583,fit
26584,fit
26585,fit
26586,test
26587,fit
26588,calibration
26589,test
26590,fit
26592,test
26593,calibration
26594,test
26595,test
26596,calibration
26597,calibration
26598,fit
26599,fit
26600,fit
26602,test
26603,fit
26604,test
26605,fit
26606,fit
26607,fit
26608,test
26609,fit
26610,fit
26611,test
26612,calibration
26613,fit
26614,calibration
26615,fit
26616,test
26617,calibration
26619,fit
26620,fit
26621,fit
26622,calibration
26623,fit
26624,fit
26625,fit
26627,fit
26628,fit
26629,fit
26630,fit
26631,test
26632,fit
26633,fit
26634,fit
26635,fit
26636,test
26637,fit
26638,calibration
26639,fit
26640,test
26641,calibration
26642,test
26643,fit
26644,calibration
26645,fit
26647,fit
26648,test
26649,test
26650,test
26651,fit
26652,test
26653,test
26654,calibration
26655,calibration
26656,fit
26657,fit
26658,fit
26659,fit
26660,calibration
26661,fit
26662,fit
26663,fit
26664,test
26665,fit
26666,fit
26667,fit
26668,fit
26669,fit
26670,calibration
26671,calibration
26672,fit
26673,fit
26674,fit
26675,fit
26676,fit
26677,fit
26678,test
26679,test
26680,calibration
26681,test
26682,fit
26683,test
26684,fit
26685,fit
26686,test
26687,test
26688,test
26689,fit
26690,fit
26691,calibration
26692,fit
26693,test
26694,fit
26695,fit
26696,test
26698,fit
26699,fit
26700,calibration
26701,fit
26702,fit
26703,fit
26704,test
26705,calibration
26706,fit
26707,test
26708,fit
26709,fit
26710,fit
26711,fit
26712,test
26713,fit
26714,fit
26715,fit
26716,calibration
26717,fit
26718,test
26719,fit
26720,fit
26722,calibration
26723,test
26724,fit
26725,calibration
26726,fit
26727,calibration
26728,fit
26729,test
26730,test
26731,fit
26732,calibration
26733,calibration
26734,calibration
26735,test
26736,fit
26737,test
26738,test
26739,fit
26740,fit
26741,fit
26742,calibration
26743,fit
26744,fit
26745,calibration
26746,fit
26747,fit
26748,fit
26749,fit
26750,fit
26751,fit
26752,test
26753,calibration
26754,calibration
26755,fit
26756,fit
26757,fit
26758,calibration
26759,fit
26761,calibration
26762,fit
26763,fit
26764,fit
26765,fit
26766,calibration
26767,test
26768,fit
26769,fit
26770,fit
26771,calibration
26772,fit
26773,fit
26774,calibration
26775,calibration
26776,test
26777,fit
26778,fit
26779,calibration
26780,fit
26781,fit
26783,fit
26784,fit
26785,calibration
26786,fit
26787,fit
26788,test
26789,calibration
26790,calibration
26791,test
26792,calibration
26793,test
26794,fit
26795,fit
26796,fit
26797,fit
26798,fit
26799,fit
26800,fit
26801,fit
26802,fit
26803,calibration
26804,fit
26805,test
26806,calibration
26807,fit
26808,test
26809,fit
26811,fit
26812,calibration
26813,fit
26814,fit
26815,calibration
26816,test
26817,fit
26818,test
26819,calibration
26820,calibration
26821,fit
26822,fit
26823,fit
26824,fit
26825,fit
26826,fit
26827,calibration
26828,fit
26829,fit
26830,calibration
26831,test
26832,fit
26833,fit
26834,calibration
26835,fit
26836,fit
26837,fit
26838,calibration
26839,fit
26840,fit
26841,fit
26842,test
26843,calibration
26844,fit
26845,fit
26846,fit
26847,calibration
26848,fit
26849,fit
26850,test
26851,calibration
26852,fit
26853,fit
26855,test
26856,fit
26857,fit
26858,fit
26859,fit
26860,calibration
26861,fit
26862,fit
26863,fit
26864,fit
26865,fit
26866,fit
26867,fit
26868,calibration
26869,fit
26870,calibration
26871,fit
26872,fit
26873,calibration
26874,calibration
26875,calibration
26877,fit
26878,fit
26879,test
26880,fit
26881,fit
26883,fit
26884,calibration
26885,fit
26886,calibration
26887,fit
26888,calibration
26889,calibration
26890,fit
26891,fit
26892,fit
26893,fit
26894,fit
26895,fit
26896,calibration
26897,fit
26898,test
26899,fit
26900,fit
26901,fit
26902,calibration
26903,calibration
26904,calibration
26905,fit
26906,fit
26907,test
26908,fit
26909,test
26910,test
26911,fit
26913,test
26914,fit
26915,fit
26916,calibration
26917,calibration
26918,fit
26919,fit
26920,test
26922,test
26923,fit
26924,calibration
26925,test
26926,fit
26927,test
26928,test
26929,fit
26930,fit
26931,fit
26932,fit
26933,test
26934,fit
26935,test
26936,fit
26937,test
26938,fit
26939,calibration
26941,fit
26942,fit
26943,calibration
26944,calibration
26945,test
26946,fit
26947,fit
26948,fit
26949,test
26950,fit
26951,fit
26952,fit
26953,calibration
26954,test
26955,test
26956,test
26957,fit
26958,fit
26959,fit
26960,fit
26961,fit
26962,test
26963,fit
26965,test
26966,test
26967,fit
26968,fit
26969,test
26970,test
26971,calibration
26972,calibration
26973,fit
26974,fit
26975,fit
26976,fit
26977,fit
26978,fit
26979,calibration
26980,calibration
26981,fit
26982,fit
26983,test
26984,test
26985,fit
26987,fit
26988,fit
26989,fit
26990,fit
26991,test
26992,calibration
26993,fit
26994,fit
26995,calibration
26996,calibration
26997,fit
26998,test
26999,fit
27000,fit
27001,calibration
27003,fit
27004,fit
27005,calibration
27006,fit
27007,test
27008,fit
27009,fit
27010,fit
27011,fit
27012,fit
27013,calibration
27014,calibration
27015,calibration
27016,calibration
27017,fit
27018,test
27019,fit
27020,calibration
27021,test
27022,calibration
27023,fit
27024,test
27025,test
27026,test
27027,calibration
27028,fit
27029,fit
27031,fit
27032,fit
27033,test
27034,calibration
27035,calibration
27036,fit
27037,fit
27038,fit
27039,fit
27040,calibration
27041,fit
27042,fit
27043,test
27044,calibration
27045,calibration
27046,fit
27047,fit
27048,calibration
27049,fit
27051,test
27052,fit
27053,fit
27055,fit
27056,calibration
27057,calibration
27058,test
27059,calibration
27060,fit
27061,fit
27062,test
27063,fit
27064,fit
27065,calibration
27066,test
27067,fit
27068,calibration
27069,fit
27070,fit
27071,test
27072,calibration
27073,test
27074,fit
27075,calibration
27076,fit
27077,calibration
27078,fit
27079,fit
27080,fit
27081,test
27082,calibration
27083,fit
27084,calibration
27085,fit
27086,test
27088,test
27089,calibration
27090,test
27091,fit
27092,calibration
27093,fit
27094,fit
27095,calibration
27096,fit
27097,fit
27098,fit
27099,fit
27100,calibration
27101,calibration
27102,fit
27103,fit
27104,fit
27105,fit
27106,calibration
27107,fit
27108,test
27109,calibration
27110,test
27111,fit
27112,fit
27113,test
27114,calibration
27115,calibration
27116,fit
27117,fit
27118,fit
27120,fit
27121,calibration
27122,fit
27123,fit
27124,fit
27125,fit
27126,fit
27127,calibration
27128,fit
27129,test
27130,fit
27131,test
27132,fit
27133,calibration
27134,fit
27135,calibration
27136,calibration
27137,fit
27138,fit
27139,fit
27140,calibration
27141,fit
27143,test
27144,test
27145,fit
27146,test
27148,calibration
27149,fit
27150,test
27151,fit
27152,fit
27153,fit
27154,fit
27155,fit
27156,fit
27157,test
27158,fit
27159,test
27160,fit
27161,test
27162,calibration
27163,fit
27164,test
27165,fit
27166,fit
27167,fit
27168,fit
27169,fit
27170,fit
27171,fit
27172,calibration
27173,fit
27174,test
27175,fit
27177,fit
27178,fit
27179,calibration
27180,test
27181,test
27182,fit
27183,fit
27184,fit
27185,calibration
27186,fit
27187,fit
27188,fit
27189,test
27190,calibration
27191,fit
27192,fit
27193,fit
27194,calibration
27195,fit
27196,calibration
27197,fit
27198,fit
27199,fit
27200,fit
27201,fit
27202,fit
27203,fit
27204,calibration
27206,calibration
27207,fit
27208,calibration
27209,test
27210,fit
27211,fit
27212,test
27213,calibration
27214,fit
27215,test
27216,fit
27217,calibration
27219,fit
27220,calibration
27221,fit
27222,test
27223,fit
27224,calibration
27225,fit
27226,test
27227,test
27228,fit
27229,calibration
27230,fit
27231,calibration
27232,fit
27233,fit
27234,fit
27235,fit
27236,fit
27237,fit
27238,fit
27239,fit
27240,fit
27241,fit
27242,fit
27243,fit
27244,test
27245,fit
27246,fit
27247,fit
27248,fit
27249,fit
27250,test
27251,test
27252,fit
27253,fit
27254,calibration
27255,test
27256,test
27257,test
27258,fit
27259,test
27260,fit
27261,fit
27262,test
27263,fit
27264,fit
27265,test
27266,calibration
27267,fit
27268,calibration
27269,calibration
27270,fit
27271,calibration
27272,fit
27274,fit
27275,calibration
27276,fit
27277,fit
27279,fit
27280,fit
27281,fit
27283,test
27284,fit
27286,calibration
27287,fit
27288,fit
27289,fit
27290,test
27291,fit
27292,fit
27293,fit
27294,calibration
27295,calibration
27296,fit
27297,fit
27298,fit
27299,fit
27300,fit
27301,fit
27302,fit
27303,fit
27304,calibration
27305,fit
27306,calibration
27308,test
27309,fit
27310,fit
27311,fit
27312,fit
27313,test
27314,fit
27315,fit
27316,fit
27317,fit
27318,fit
27319,test
27320,fit
27321,fit
27322,fit
27323,fit
27324,fit
27325,fit
27327,fit
27328,fit
27329,test
27330,calibration
27331,fit
27332,test
27333,fit
27334,fit
27335,test
27336,calibration
27337,fit
27338,fit
27339,fit
27340,fit
27341,test
27342,fit
27343,fit
27344,test
27345,test
27346,fit
27347,fit
27348,calibration
27349,calibration
27350,fit
27351,test
27352,fit
27353,fit
27354,fit
27355,fit
27356,calibration
27357,fit
27358,calibration
27359,test
27360,fit
27361,test
27362,fit
27363,fit
27364,test
27365,fit
27366,fit
27367,test
27368,fit
27369,fit
27370,fit
27371,calibration
27372,test
27373,fit
27374,fit
27375,test
27376,fit
27377,fit
27378,fit
27379,calibration
27380,fit
27381,test
27382,fit
27384,fit
27385,fit
27386,fit
27387,test
27388,calibration
27389,fit
27390,fit
27391,test
27392,calibration
27393,fit
27394,fit
27396,calibration
27397,fit
27398,fit
27399,test
27400,fit
27401,fit
27402,calibration
27405,calibration
27406,fit
27407,fit
27408,fit
27409,fit
27410,fit
27411,test
27412,calibration
27413,fit
27414,fit
27415,fit
27416,fit
27417,calibration
27418,fit
27419,fit
27420,test
27421,calibration
27422,fit
27424,fit
27425,test
27426,fit
27427,calibration
27428,fit
27430,fit
27431,fit
27432,fit
27433,test
27434,fit
27435,fit
27436,calibration
27437,fit
27439,fit
27440,fit
27441,calibration
27442,fit
27443,fit
27444,fit
27445,fit
27446,fit
27447,calibration
27448,fit
27449,test
27450,test
27451,fit
27453,fit
27454,test
27455,fit
27456,fit
27457,fit
27458,calibration
27459,test
27460,fit
27461,fit
27462,calibration
27464,test
27465,fit
27466,test
27467,fit
27468,calibration
27469,calibration
27470,test
27471,fit
27472,fit
27473,fit
27474,fit
27475,fit
27476,fit
27477,fit
27478,calibration
27479,fit
27480,calibration
27481,fit
27482,calibration
27483,fit
27484,fit
27485,test
27486,fit
27487,fit
27488,fit
27489,test
27490,calibration
27491,calibration
27492,fit
27493,test
27494,fit
27495,fit
27496,fit
27497,fit
27498,fit
27499,fit
27500,test
27501,fit
27502,test
27503,fit
27504,fit
27505,fit
27506,fit
27507,test
27508,test
27509,calibration
27510,test
27511,fit
27512,fit
27513,test
27514,fit
27515,test
27516,fit
27517,calibration
27518,fit
27519,test
27520,test
27521,fit
27522,test
27523,fit
27524,fit
27525,test
27526,fit
27527,fit
27528,fit
27529,calibration
27530,fit
27531,test
27532,fit
27533,calibration
27534,fit
27535,test
27536,fit
27537,fit
27538,fit
27539,fit
27540,calibration
27541,calibration
27542,fit
27543,test
27544,fit
27545,test
27546,test
27547,test
27548,calibration
27549,fit
27550,fit
27551,fit
27552,fit
27553,test
27554,fit
27555,fit
27556,test
27557,fit
27558,fit
27559,test
27560,calibration
27561,calibration
27562,test
27563,test
27564,test
27565,test
27566,test
27567,calibration
27568,test
27569,fit
27570,fit
27571,fit
27572,test
27573,calibration
27574,calibration
27575,fit
27576,fit
27577,calibration
27578,fit
27579,test
27580,fit
27581,calibration
27582,test
27583,fit
27584,calibration
27585,test
27586,fit
27587,fit
27588,calibration
27589,fit
27590,calibration
27592,test
27593,calibration
27594,calibration
27595,fit
27596,fit
27597,fit
27598,fit
27599,fit
27600,calibration
27601,test
27602,fit
27603,test
27604,fit
27605,calibration
27606,test
27607,test
27608,calibration
27609,fit
27610,fit
27611,fit
27612,calibration
27613,fit
27614,fit
27615,calibration
27616,fit
27618,calibration
27619,fit
27620,fit
27621,test
27622,test
27623,calibration
27624,fit
27625,fit
27626,calibration
27627,fit
27628,fit
27629,fit
27630,fit
27631,fit
27632,calibration
27633,fit
27634,fit
27635,test
27636,fit
27637,test
27638,calibration
27639,fit
27640,fit
27641,calibration
27642,fit
27643,calibration
27644,fit
27647,calibration
27648,test
27649,calibration
27650,test
27651,fit
27652,calibration
27653,calibration
27654,test
27655,test
27656,calibration
27657,fit
27658,fit
27661,fit
27662,fit
27663,fit
27664,calibration
27665,calibration
27667,calibration
27668,calibration
27669,fit
27670,fit
27671,test
27672,fit
27673,test
27674,test
27675,test
27676,fit
27677,fit
27678,fit
27679,calibration
27680,fit
27681,fit
27682,fit
27683,fit
27684,test
27685,test
27686,fit
27687,test
27688,test
27689,fit
27690,calibration
27691,fit
27692,test
27693,calibration
27694,fit
27695,fit
27696,calibration
27697,fit
27698,calibration
27699,fit
27700,fit
27701,fit
27702,fit
27703,fit
27704,test
27705,fit
27706,fit
27707,calibration
27709,fit
27710,fit
27711,test
27712,calibration
27713,calibration
27714,fit
27715,test
27716,fit
27717,fit
27718,calibration
27719,test
27720,fit
27721,fit
27722,test
27723,fit
27724,fit
27725,fit
27726,fit
27727,fit
27728,calibration
27729,fit
27730,fit
27731,fit
27732,fit
27733,test
27734,fit
27735,test
27736,fit
27737,test
27738,calibration
27739,fit
27740,fit
27742,fit
27743,fit
27744,fit
27745,test
27746,fit
27747,fit
27748,fit
27749,test
27750,fit
27751,fit
27752,fit
27753,fit
27754,fit
27755,test
27756,calibration
27757,fit
27758,fit
27759,fit
27760,test
27761,fit
27762,calibration
27763,fit
27764,fit
27765,fit
27766,calibration
27767,test
27768,calibration
27769,fit
27770,fit
27771,fit
27772,fit
27773,test
27774,fit
27775,fit
27776,fit
27777,test
27778,fit
27779,fit
27780,test
27781,fit
27782,fit
27783,fit
27785,fit
27786,calibration
27787,calibration
27788,calibration
27789,fit
27790,fit
27791,fit
27792,fit
27793,test
27794,test
27796,test
27797,fit
27798,fit
27799,test
27800,fit
27801,test
27802,fit
27803,fit
27804,fit
27805,fit
27806,fit
27807,fit
27808,fit
27809,fit
27810,test
27811,fit
27812,fit
27814,calibration
27815,fit
27816,test
27817,test
27818,fit
27819,fit
27820,calibration
27821,test
27822,fit
27823,test
27825,fit
27826,fit
27827,fit
27828,fit
27829,fit
27830,test
27831,calibration
27832,fit
27834,fit
27835,fit
27836,calibration
27837,fit
27838,fit
27839,fit
27840,fit
27841,test
27842,fit
27843,calibration
27844,fit
27846,fit
27847,test
27848,fit
27849,fit
27850,test
27851,fit
27852,calibration
27853,fit
27854,fit
27855,test
27856,calibration
27857,fit
27858,fit
27859,fit
27860,test
27861,fit
27862,fit
27863,fit
27864,test
27865,test
27866,fit
27867,fit
27868,fit
27869,fit
27870,fit
27871,fit
27872,fit
27873,calibration
27874,fit
27875,fit
27876,fit
27877,test
27878,fit
27879,calibration
27880,test
27881,calibration
27882,fit
27883,fit
27885,fit
27886,test
27887,fit
27888,fit
27890,calibration
27891,fit
27892,calibration
27893,fit
27894,fit
27895,fit
27896,fit
27897,fit
27898,fit
27899,fit
27900,fit
27901,fit
27902,fit
27903,test
27904,fit
27906,fit
27907,fit
27908,fit
27909,fit
27910,fit
27911,calibration
27912,fit
27913,test
27914,calibration
27915,fit
27916,fit
27918,fit
27919,fit
27920,test
27921,calibration
27922,test
27923,fit
27924,fit
27925,calibration
27926,test
27927,fit
27928,calibration
27929,fit
27930,fit
27931,fit
27932,calibration
27933,fit
27934,fit
27935,fit
27936,test
27937,fit
27938,fit
27939,calibration
27940,fit
27941,calibration
27942,test
27943,calibration
27944,calibration
27945,test
27946,calibration
27947,fit
27948,test
27949,fit
27951,fit
27952,fit
27953,calibration
27954,fit
27955,test
27956,test
27957,test
27958,fit
27959,calibration
27961,fit
27962,fit
27963,test
27964,test
27965,test
27966,fit
27968,calibration
27969,fit
27970,fit
27971,calibration
27972,calibration
27974,test
27975,test
27976,fit
27977,calibration
27978,fit
27979,fit
27980,fit
27981,calibration
27982,test
27983,fit
27984,fit
27985,fit
27986,fit
27987,fit
27988,calibration
27989,fit
27990,calibration
27991,calibration
27992,fit
27993,fit
27995,test
27996,calibration
27997,fit
27998,fit
27999,calibration
28000,calibration
28001,fit
28002,fit
28003,fit
28004,test
28005,fit
28006,fit
28007,fit
28008,calibration
28009,test
28010,fit
28011,test
28012,calibration
28013,fit
28014,fit
28015,calibration
28016,calibration
28017,fit
28020,fit
28021,fit
28022,test
28023,fit
28024,fit
28025,fit
28026,fit
28027,test
28028,test
28029,calibration
28030,fit
28031,fit
28032,fit
28034,calibration
28035,fit
28036,fit
28037,fit
28038,fit
28039,fit
28040,fit
28041,test
28042,fit
28043,fit
28045,calibration
28046,fit
28047,fit
28048,fit
28049,test
28050,test
28051,calibration
28052,fit
28053,test
28054,fit
28055,fit
28056,fit
28057,calibration
28058,calibration
28059,fit
28060,test
28061,fit
28062,test
28063,fit
28064,calibration
28065,test
28066,fit
28067,test
28068,calibration
28069,test
28070,calibration
28071,fit
28072,fit
28073,fit
28074,fit
28075,fit
28076,calibration
28077,fit
28078,test
28079,fit
28080,fit
28081,calibration
28082,test
28083,test
28084,test
28085,test
28086,calibration
28087,test
28088,fit
28089,calibration
28090,fit
28091,calibration
28092,fit
28093,fit
28094,fit
28095,fit
28096,calibration
28098,fit
28099,fit
28100,fit
28101,fit
28102,fit
28104,fit
28105,fit
28106,fit
28107,fit
28108,fit
28109,fit
28110,test
28111,test
28112,fit
28113,fit
28114,fit
28115,fit
28116,calibration
28117,test
28118,fit
28119,fit
28120,test
28121,fit
28122,calibration
28123,calibration
28124,test
28125,test
28126,fit
28127,fit
28128,test
28129,fit
28130,fit
28131,fit
28132,fit
28133,fit
28134,fit
28135,fit
28136,calibration
28137,fit
28138,calibration
28139,fit
28140,test
28141,test
28142,fit
28143,fit
28144,fit
28145,fit
28146,fit
28147,fit
28148,fit
28149,fit
28150,fit
28151,fit
28152,fit
28153,calibration
28154,fit
28155,test
28156,test
28158,fit
28159,fit
28160,fit
28161,fit
28162,fit
28163,test
28164,fit
28165,fit
