row_index,role
0,fit
1,test
2,fit
3,fit
4,calibration
5,calibration
6,fit
7,calibration
8,fit
9,test
10,fit
11,fit
12,test
13,test
14,test
15,fit
16,fit
17,calibration
18,fit
19,fit
20,fit
21,fit
22,fit
23,test
24,fit
25,test
26,calibration
27,fit
28,fit
29,fit
30,fit
31,fit
32,fit
33,test
34,fit
35,fit
36,fit
37,test
38,fit
39,fit
40,fit
41,fit
42,fit
43,fit
44,fit
45,test
46,test
47,test
48,test
49,fit
50,fit
51,calibration
52,calibration
53,calibration
54,fit
55,fit
56,fit
57,fit
58,fit
59,test
60,test
61,fit
62,fit
63,fit
64,fit
65,fit
66,calibration
67,fit
68,fit
69,test
70,fit
71,test
72,fit
73,calibration
74,fit
75,fit
76,test
77,fit
78,fit
79,calibration
80,test
81,test
82,fit
83,calibration
84,fit
85,calibration
86,fit
87,test
88,fit
89,fit
90,calibration
91,calibration
92,calibration
93,fit
94,fit
95,test
96,calibration
97,fit
98,test
99,fit
100,fit
101,fit
102,fit
103,calibration
104,calibration
105,test
106,fit
107,fit
108,fit
109,fit
110,fit
111,fit
112,fit
113,fit
114,calibration
115,fit
116,calibration
117,fit
118,test
119,fit
120,calibration
121,test
122,test
123,test
124,fit
125,fit
126,fit
127,fit
128,fit
129,fit
130,fit
131,calibration
132,fit
133,test
134,test
135,fit
136,calibration
137,calibration
138,fit
139,test
140,test
141,fit
142,calibration
143,test
144,fit
145,fit
146,calibration
147,fit
148,fit
149,fit
150,test
151,fit
152,fit
153,fit
154,fit
155,fit
156,fit
157,fit
158,test
159,test
160,fit
161,fit
162,calibration
163,fit
164,fit
165,test
166,calibration
167,fit
168,test
169,fit
170,calibration
171,fit
172,fit
173,test
174,calibration
175,fit
176,calibration
177,calibration
178,test
179,fit
180,calibration
181,test
182,fit
183,calibration
184,calibration
185,fit
186,test
187,fit
188,fit
189,fit
190,calibration
191,test
192,fit
193,test
194,calibration
195,fit
196,test
197,fit
198,test
199,fit
200,fit
201,fit
202,fit
203,fit
204,fit
205,fit
206,calibration
207,fit
208,calibration
209,calibration
210,fit
211,fit
212,fit
213,test
214,test
215,calibration
216,fit
217,fit
218,fit
219,fit
220,fit
221,test
222,fit
223,fit
224,fit
225,fit
226,calibration
227,fit
228,fit
229,fit
230,fit
231,fit
232,test
233,test
234,test
235,fit
236,test
237,test
238,fit
239,fit
240,fit
241,calibration
242,fit
243,fit
244,fit
245,test
246,fit
247,test
248,fit
249,test
250,fit
251,fit
252,fit
253,fit
254,fit
255,test
256,fit
257,fit
258,calibration
259,fit
260,calibration
261,calibration
262,fit
263,fit
264,fit
265,fit
266,fit
267,test
268,fit
269,calibration
270,calibration
271,calibration
272,fit
273,test
274,fit
275,fit
276,fit
277,calibration
278,test
279,calibration
280,calibration
281,fit
282,fit
283,test
284,test
285,fit
286,fit
287,fit
288,test
289,calibration
290,fit
291,fit
292,test
293,test
294,calibration
295,fit
296,fit
297,fit
298,fit
299,fit
300,test
301,calibration
302,fit
303,fit
304,fit
305,fit
306,fit
307,fit
308,fit
309,test
310,fit
311,fit
312,fit
313,fit
314,test
315,test
316,fit
317,test
318,calibration
319,calibration
320,fit
321,calibration
322,calibration
323,test
324,calibration
325,fit
326,fit
327,calibration
328,fit
329,calibration
330,test
331,fit
332,fit
333,fit
334,fit
335,calibration
336,calibration
337,fit
338,fit
339,test
340,fit
341,fit
342,test
343,fit
344,test
345,test
346,fit
347,fit
348,fit
349,fit
350,fit
351,test
352,fit
353,calibration
354,fit
355,calibration
356,fit
357,calibration
358,test
359,calibration
360,fit
361,fit
362,fit
363,calibration
364,test
365,fit
366,calibration
367,test
368,calibration
369,calibration
370,fit
371,calibration
372,fit
373,fit
374,calibration
375,fit
376,fit
377,fit
378,fit
379,fit
380,fit
381,calibration
382,fit
383,fit
384,fit
385,fit
386,fit
387,test
388,calibration
389,test
390,fit
391,fit
392,calibration
393,test
394,fit
395,fit
396,test
397,fit
398,calibration
399,calibration
400,fit
401,fit
402,fit
403,test
404,fit
405,calibration
406,fit
407,fit
408,fit
409,test
410,fit
411,calibration
412,fit
413,test
414,calibration
415,fit
416,fit
417,fit
418,fit
419,fit
420,fit
421,fit
422,fit
423,fit
424,fit
425,fit
426,fit
427,fit
428,fit
429,fit
430,calibration
431,calibration
432,fit
433,calibration
434,fit
435,calibration
436,fit
437,fit
438,calibration
439,test
440,test
441,fit
442,calibration
443,fit
444,fit
445,test
446,fit
447,test
448,fit
449,fit
450,fit
451,fit
452,fit
453,fit
454,fit
455,calibration
456,test
457,test
458,fit
459,fit
460,fit
461,calibration
462,fit
463,fit
464,calibration
465,fit
466,calibration
467,fit
468,fit
469,fit
470,fit
471,calibration
472,fit
473,fit
474,fit
475,calibration
476,fit
477,calibration
478,fit
479,fit
480,test
481,calibration
482,test
483,calibration
484,calibration
485,fit
486,fit
487,fit
488,fit
489,fit
490,fit
491,fit
492,fit
493,calibration
494,test
495,calibration
496,fit
497,fit
498,test
499,fit
500,fit
501,fit
502,fit
503,test
504,calibration
505,fit
506,fit
507,calibration
508,test
509,fit
510,fit
511,test
512,fit
513,fit
514,calibration
515,fit
516,fit
517,fit
518,test
519,fit
520,fit
521,fit
522,fit
523,fit
524,fit
525,fit
526,fit
527,test
528,fit
529,test
530,fit
531,calibration
532,fit
533,test
534,fit
535,fit
536,calibration
537,fit
538,fit
539,fit
540,fit
541,fit
542,fit
543,test
544,fit
545,calibration
546,fit
547,calibration
548,fit
549,calibration
550,fit
551,calibration
552,fit
553,calibration
554,fit
555,fit
556,calibration
557,fit
558,test
559,calibration
560,fit
561,fit
562,test
563,test
564,calibration
565,fit
566,calibration
567,calibration
568,fit
569,fit
570,calibration
571,fit
572,fit
573,fit
574,calibration
575,test
576,fit
577,fit
578,test
579,fit
580,fit
581,fit
582,fit
583,test
584,fit
585,fit
586,fit
587,fit
588,fit
589,fit
590,test
591,fit
592,calibration
593,fit
594,fit
595,calibration
596,fit
597,calibration
598,fit
599,test
600,test
601,fit
602,fit
603,fit
604,fit
605,fit
606,fit
607,fit
608,test
609,fit
610,fit
611,fit
612,calibration
613,fit
614,calibration
615,fit
616,fit
617,fit
618,fit
619,fit
620,test
621,test
622,fit
623,test
624,fit
625,fit
626,calibration
627,test
628,fit
629,calibration
630,fit
631,fit
632,fit
633,fit
634,fit
635,test
636,test
637,fit
638,fit
639,fit
640,calibration
641,fit
642,fit
643,fit
644,calibration
645,fit
646,fit
647,test
648,fit
649,fit
650,fit
651,test
652,fit
653,calibration
654,fit
655,fit
656,calibration
657,fit
658,calibration
659,fit
660,test
661,fit
662,test
663,fit
664,fit
665,fit
666,calibration
667,fit
668,fit
669,fit
670,fit
671,fit
672,fit
673,test
674,fit
675,fit
676,test
677,fit
678,test
679,fit
680,fit
681,fit
682,fit
683,test
684,fit
685,calibration
686,test
687,test
688,calibration
689,fit
690,calibration
691,fit
692,calibration
693,fit
694,fit
695,fit
696,fit
697,fit
698,test
699,calibration
700,fit
701,fit
702,calibration
703,fit
704,calibration
705,test
706,test
707,fit
708,fit
709,calibration
710,fit
711,fit
712,fit
713,fit
714,test
715,fit
716,calibration
717,test
718,test
719,fit
720,fit
721,calibration
722,fit
723,fit
724,fit
725,fit
726,test
727,calibration
728,test
729,fit
730,fit
731,fit
732,calibration
733,fit
734,fit
735,fit
736,calibration
737,fit
738,calibration
739,test
740,fit
741,fit
742,test
743,fit
744,test
745,fit
746,fit
747,fit
748,fit
749,fit
750,calibration
751,fit
752,fit
753,calibration
754,fit
755,calibration
756,fit
757,fit
758,fit
759,test
760,calibration
761,test
762,calibration
763,fit
764,fit
765,test
766,fit
767,fit
768,test
769,test
770,test
771,fit
772,fit
773,fit
774,fit
775,fit
776,fit
777,fit
778,fit
779,fit
780,fit
781,fit
782,fit
783,fit
784,fit
785,fit
786,fit
787,test
788,fit
789,calibration
790,test
791,test
792,fit
793,test
794,fit
795,calibration
796,fit
797,fit
798,fit
799,calibration
800,fit
801,fit
802,fit
803,test
804,fit
805,fit
806,calibration
807,fit
808,fit
809,fit
810,fit
811,fit
812,calibration
813,fit
814,fit
815,fit
816,fit
817,fit
818,calibration
819,fit
820,calibration
821,fit
822,calibration
823,fit
824,test
825,fit
826,calibration
827,calibration
828,fit
829,calibration
830,fit
831,fit
832,fit
833,fit
834,test
835,fit
836,test
837,fit
838,fit
839,calibration
840,fit
841,fit
842,fit
843,fit
844,fit
845,fit
846,fit
847,fit
848,fit
849,fit
850,fit
851,calibration
852,fit
853,test
854,calibration
855,calibration
856,fit
857,test
858,fit
859,fit
860,fit
861,fit
862,fit
863,fit
864,calibration
865,fit
866,fit
867,calibration
868,test
869,fit
870,test
871,test
872,fit
873,fit
874,fit
875,calibration
876,calibration
877,fit
878,fit
879,test
880,calibration
881,calibration
882,fit
883,fit
884,calibration
885,fit
886,fit
887,calibration
888,fit
889,calibration
890,fit
891,test
892,fit
893,test
894,calibration
895,fit
896,fit
897,calibration
898,calibration
899,test
900,calibration
901,fit
902,fit
903,calibration
904,fit
905,test
906,fit
907,fit
908,fit
909,fit
910,calibration
911,fit
912,fit
913,fit
914,test
915,test
916,fit
917,fit
918,fit
919,fit
920,fit
921,fit
922,fit
923,fit
924,fit
925,fit
926,fit
927,test
928,fit
929,fit
930,calibration
931,fit
932,fit
933,fit
934,fit
935,calibration
936,fit
937,calibration
938,fit
939,test
940,fit
941,test
942,calibration
943,calibration
944,fit
945,calibration
946,fit
947,fit
948,test
949,fit
950,fit
951,fit
952,fit
953,fit
954,fit
955,fit
956,fit
957,fit
958,fit
959,fit
960,test
961,calibration
962,fit
963,fit
964,test
965,fit
966,test
967,fit
968,fit
969,fit
970,fit
971,calibration
972,calibration
973,fit
974,calibration
975,calibration
976,test
977,calibration
978,fit
979,test
980,calibration
981,fit
982,test
983,fit
984,calibration
985,fit
986,fit
987,fit
988,fit
989,fit
990,fit
991,calibration
992,fit
993,fit
994,fit
995,fit
996,calibration
997,fit
998,calibration
999,test
1000,fit
1001,test
1002,fit
1003,fit
1004,fit
1005,fit
1006,test
1007,fit
1008,calibration
1009,test
1010,fit
1011,fit
1012,fit
1013,fit
1014,fit
1015,test
1016,fit
1017,fit
1018,fit
1019,fit
1020,fit
1021,calibration
1022,fit
1023,fit
1024,fit
1025,test
1026,calibration
1027,fit
1028,calibration
1029,fit
1030,calibration
1031,fit
1032,test
1033,fit
1034,fit
1035,fit
1036,fit
1037,fit
1038,fit
1039,test
1040,calibration
1041,fit
1042,calibration
1043,fit
1044,fit
1045,calibration
1046,fit
1047,fit
1048,test
1049,fit
1050,fit
1051,fit
1052,test
1053,calibration
1054,fit
1055,fit
1056,fit
1057,fit
1058,fit
1059,calibration
1060,calibration
1061,fit
1062,test
1063,calibration
1064,fit
1065,fit
1066,calibration
1067,calibration
1068,fit
1069,calibration
1070,fit
1071,fit
1072,test
1073,fit
1074,calibration
1075,fit
1076,calibration
1077,fit
1078,calibration
1079,fit
1080,fit
1081,fit
1082,fit
1083,test
1084,test
1085,calibration
1086,fit
1087,test
1088,fit
1089,fit
1090,test
1091,fit
1092,test
1093,calibration
1094,test
1095,test
1096,test
1097,calibration
1098,fit
1099,calibration
1100,calibration
1101,test
1102,test
1103,fit
1104,test
1105,calibration
1106,fit
1107,test
1108,calibration
1109,fit
1110,fit
1111,fit
1112,test
1113,fit
1114,fit
1115,calibration
1116,test
1117,calibration
1118,calibration
1119,fit
1120,test
1121,fit
1122,test
1123,fit
1124,calibration
1125,fit
1126,fit
1127,test
1128,fit
1129,calibration
1130,fit
1131,fit
1132,fit
1133,fit
1134,calibration
1135,fit
1136,fit
1137,fit
1138,fit
1139,fit
1140,fit
1141,fit
1142,fit
1143,fit
1144,test
1145,fit
1146,fit
1147,fit
1148,fit
1149,test
1150,fit
1151,fit
1152,calibration
1153,test
1154,fit
1155,fit
1156,calibration
1157,fit
1158,fit
1159,fit
1160,fit
1161,test
1162,fit
1163,fit
1164,test
1165,test
1166,fit
1167,fit
1168,test
1169,calibration
1170,fit
1171,fit
1172,test
1173,test
1174,fit
1175,fit
1176,test
1177,fit
1178,test
1179,test
1180,fit
1181,fit
1182,fit
1183,fit
1184,calibration
1185,test
1186,calibration
1187,fit
1188,fit
1189,fit
1190,fit
1191,fit
1192,fit
1193,fit
1194,fit
1195,fit
1196,test
1197,fit
1198,fit
1199,fit
1200,fit
1201,test
1202,fit
1203,calibration
1204,fit
1205,fit
1206,test
1207,fit
1208,fit
1209,test
1210,fit
1211,fit
1212,test
1213,fit
1214,fit
1215,test
1216,test
1217,fit
1218,fit
1219,fit
1220,test
1221,calibration
1222,calibration
1223,fit
1224,fit
1225,fit
1226,fit
1227,fit
1228,fit
1229,calibration
1230,test
1231,fit
1232,test
1233,fit
1234,fit
1235,test
1236,fit
1237,calibration
1238,test
1239,calibration
1240,fit
1241,test
1242,fit
1243,calibration
1244,fit
1245,test
1246,fit
1247,fit
1248,calibration
1249,fit
1250,fit
1251,fit
1252,fit
1253,fit
1254,fit
1255,calibration
1256,calibration
1257,fit
1258,fit
1259,fit
1260,calibration
1261,fit
1262,fit
1263,calibration
1264,fit
1265,fit
1266,fit
1267,fit
1268,calibration
1269,test
1270,fit
1271,calibration
1272,fit
1273,fit
1274,calibration
1275,test
1276,calibration
1277,fit
1278,test
1279,fit
1280,fit
1281,test
1282,calibration
1283,fit
1284,fit
1285,test
1286,calibration
1287,fit
1288,fit
1289,fit
1290,fit
1291,calibration
1292,fit
1293,fit
1294,fit
1295,test
1296,fit
1297,calibration
1298,fit
1299,fit
1300,fit
1301,fit
1302,calibration
1303,fit
1304,calibration
1305,calibration
1306,calibration
1307,calibration
1308,fit
1309,calibration
1310,calibration
1311,calibration
1312,calibration
1313,calibration
1314,test
1315,test
1316,fit
1317,test
1318,fit
1319,fit
1320,calibration
1321,calibration
1322,fit
1323,fit
1324,fit
1325,fit
1326,fit
1327,calibration
1328,test
1329,fit
1330,fit
1331,test
1332,calibration
1333,calibration
1334,test
1335,fit
1336,fit
1337,fit
1338,fit
1339,fit
1340,fit
1341,fit
1342,calibration
1343,fit
1344,calibration
1345,fit
1346,fit
1347,test
1348,test
1349,fit
1350,fit
1351,fit
1352,fit
1353,fit
1354,fit
1355,calibration
1356,fit
1357,calibration
1358,calibration
1359,fit
1360,calibration
1361,fit
1362,fit
1363,calibration
1364,fit
1365,fit
1366,calibration
1367,fit
1368,calibration
1369,fit
1370,calibration
1371,fit
1372,fit
1373,test
1374,calibration
1375,fit
1376,test
1377,fit
1378,calibration
1379,fit
1380,calibration
1381,fit
1382,fit
1383,fit
1384,test
1385,calibration
1386,fit
1387,fit
1388,calibration
1389,fit
1390,test
1391,fit
1392,fit
1393,calibration
1394,calibration
1395,test
1396,calibration
1397,calibration
1398,fit
1399,test
1400,fit
1401,calibration
1402,fit
1403,fit
1404,fit
1405,calibration
1406,fit
1407,fit
1408,fit
1409,fit
1410,fit
1411,calibration
1412,calibration
1413,fit
1414,fit
1415,fit
1416,fit
1417,fit
1418,calibration
1419,calibration
1420,calibration
1421,fit
1422,fit
1423,fit
1424,fit
1425,fit
1426,fit
1427,test
1428,test
1429,fit
1430,fit
1431,fit
1432,fit
1433,fit
1434,fit
1435,fit
1436,fit
1437,fit
1438,calibration
1439,fit
1440,test
1441,fit
1442,fit
1443,fit
1444,fit
1445,fit
1446,test
1447,fit
1448,fit
1449,fit
1450,fit
1451,calibration
1452,calibration
1453,fit
1454,test
1455,calibration
1456,fit
1457,test
1458,test
1459,calibration
1460,test
1461,fit
1462,calibration
1463,fit
1464,fit
1465,fit
1466,calibration
1467,fit
1468,calibration
1469,calibration
1470,fit
1471,fit
1472,test
1473,fit
1474,fit
1475,calibration
1476,fit
1477,fit
1478,fit
1479,calibration
1480,calibration
1481,fit
1482,fit
1483,fit
1484,calibration
1485,fit
1486,test
1487,fit
1488,fit
1489,fit
1490,fit
1491,test
1492,fit
1493,fit
1494,fit
1495,calibration
1496,calibration
1497,fit
1498,fit
1499,calibration
1500,fit
1501,calibration
1502,calibration
1503,calibration
1504,test
1505,calibration
1506,test
1507,fit
1508,fit
1509,fit
1510,fit
1511,fit
1512,calibration
1513,fit
1514,fit
1515,fit
1516,fit
1517,fit
1518,fit
1519,fit
1520,fit
1521,calibration
1522,calibration
1523,calibration
1524,test
1525,fit
1526,fit
1527,fit
1528,fit
1529,fit
1530,fit
1531,fit
1532,calibration
1533,fit
1534,test
1535,fit
1536,calibration
1537,fit
1538,calibration
1539,fit
1540,test
1541,fit
1542,calibration
1543,fit
1544,calibration
1545,fit
1546,fit
1547,fit
1548,fit
1549,test
1550,fit
1551,fit
1552,fit
1553,fit
1554,test
1555,fit
1556,calibration
1557,fit
1558,calibration
1559,test
1560,calibration
1561,fit
1562,calibration
1563,fit
1564,calibration
1565,test
1566,fit
1567,calibration
1568,calibration
1569,test
1570,fit
1571,calibration
1572,fit
1573,fit
1574,calibration
1575,test
1576,fit
1577,calibration
1578,fit
1579,fit
1580,fit
1581,test
1582,calibration
1583,calibration
1584,fit
1585,fit
1586,calibration
1587,fit
1588,fit
1589,fit
1590,fit
1591,calibration
1592,calibration
1593,calibration
1594,fit
1595,fit
1596,calibration
1597,fit
1598,fit
1599,fit
1600,fit
1601,calibration
1602,calibration
1603,fit
1604,fit
1605,fit
1606,calibration
1607,fit
1608,fit
1609,calibration
1610,fit
1611,fit
1612,fit
1613,test
1614,fit
1615,calibration
1616,calibration
1617,calibration
1618,fit
1619,calibration
1620,fit
1621,test
1622,test
1623,fit
1624,fit
1625,test
1626,fit
1627,test
1628,fit
1629,fit
1630,fit
1631,fit
1632,fit
1633,calibration
1634,fit
1635,fit
1636,fit
1637,test
1638,fit
1639,calibration
1640,fit
1641,fit
1642,fit
1643,fit
1644,fit
1645,test
1646,calibration
1647,fit
1648,fit
1649,fit
1650,fit
1651,fit
1652,fit
1653,fit
1654,fit
1655,test
1656,fit
1657,fit
1658,fit
1659,fit
1660,fit
1661,fit
1662,calibration
1663,calibration
1664,fit
1665,calibration
1666,fit
1667,calibration
1668,test
1669,test
1670,test
1671,calibration
1672,calibration
1673,calibration
1674,test
1675,fit
1676,fit
1677,fit
1678,fit
1679,fit
1680,fit
1681,calibration
1682,fit
1683,fit
1684,fit
1685,test
1686,fit
1687,fit
1688,calibration
1689,fit
1690,fit
1691,calibration
1692,calibration
1693,fit
1694,fit
1695,fit
1696,fit
1697,fit
1698,calibration
1699,fit
1700,fit
1701,fit
1702,fit
1703,calibration
1704,fit
1705,test
1706,calibration
1707,fit
1708,test
1709,fit
1710,fit
1711,fit
1712,calibration
1713,test
1714,calibration
1715,fit
1716,test
1717,calibration
1718,test
1719,fit
1720,fit
1721,test
1722,test
1723,test
1724,test
1725,test
1726,test
1727,fit
1728,calibration
1729,fit
1730,fit
1731,calibration
1732,fit
1733,fit
1734,test
1735,fit
1736,fit
1737,fit
1738,test
1739,fit
1740,calibration
1741,fit
1742,fit
1743,test
1744,test
1745,fit
1746,fit
1747,fit
1748,test
1749,fit
1750,fit
1751,test
1752,test
1753,fit
1754,fit
1755,fit
1756,test
1757,calibration
1758,calibration
1759,fit
1760,fit
1761,fit
1762,calibration
1763,fit
1764,fit
1765,fit
1766,fit
1767,fit
1768,test
1769,calibration
1770,fit
1771,test
1772,calibration
1773,calibration
1774,fit
1775,calibration
1776,test
1777,fit
1778,fit
1779,fit
1780,calibration
1781,fit
1782,fit
1783,fit
1784,test
1785,calibration
1786,fit
1787,fit
1788,fit
1789,calibration
1790,fit
1791,calibration
1792,fit
1793,test
1794,fit
1795,test
1796,fit
1797,fit
1798,test
1799,fit
1800,calibration
1801,fit
1802,test
1803,calibration
1804,calibration
1805,calibration
1806,calibration
1807,calibration
1808,calibration
1809,calibration
1810,test
1811,calibration
1812,calibration
1813,calibration
1814,test
1815,fit
1816,fit
1817,calibration
1818,calibration
1819,calibration
1820,fit
1821,fit
1822,calibration
1823,calibration
1824,calibration
1825,calibration
1826,fit
1827,test
1828,calibration
1829,fit
1830,fit
1831,fit
1832,fit
1833,fit
1834,test
1835,fit
1836,test
1837,calibration
1838,calibration
1839,test
1840,test
1841,fit
1842,fit
1843,fit
1844,fit
1845,test
1846,calibration
1847,fit
1848,test
1849,fit
1850,fit
1851,calibration
1852,fit
1853,calibration
1854,calibration
1855,fit
1856,fit
1857,fit
1858,calibration
1859,fit
1860,test
1861,fit
1862,fit
1863,fit
1864,fit
1865,fit
1866,test
1867,fit
1868,calibration
1869,fit
1870,calibration
1871,fit
1872,test
1873,calibration
1874,calibration
1875,test
1876,test
1877,test
1878,fit
1879,fit
1880,fit
1881,fit
1882,fit
1883,calibration
1884,fit
1885,calibration
1886,test
1887,test
1888,test
1889,fit
1890,calibration
1891,fit
1892,test
1893,fit
1894,fit
1895,calibration
1896,fit
1897,fit
1898,test
1899,fit
1900,calibration
1901,calibration
1902,fit
1903,calibration
1904,fit
1905,fit
1906,fit
1907,fit
1908,fit
1909,fit
1910,test
1911,fit
1912,fit
1913,calibration
1914,fit
1915,fit
1916,calibration
1917,calibration
1918,fit
1919,fit
1920,calibration
1921,fit
1922,fit
1923,calibration
1924,fit
1925,fit
1926,fit
1927,calibration
1928,test
1929,calibration
1930,calibration
1931,fit
1932,fit
1933,fit
1934,fit
1935,fit
1936,fit
1937,fit
1938,calibration
1939,calibration
1940,fit
1941,test
1942,fit
1943,calibration
1944,calibration
1945,fit
1946,fit
1947,calibration
1948,fit
1949,fit
1950,fit
1951,fit
1952,fit
1953,calibration
1954,fit
1955,calibration
1956,fit
1957,fit
1958,fit
1959,test
1960,fit
1961,fit
1962,test
1963,calibration
1964,test
1965,fit
1966,fit
1967,fit
1968,calibration
1969,calibration
1970,calibration
1971,fit
1972,calibration
1973,calibration
1974,fit
1975,test
1976,test
1977,fit
1978,calibration
1979,fit
1980,fit
1981,fit
1982,test
1983,fit
1984,fit
1985,calibration
1986,fit
1987,fit
1988,fit
1989,fit
1990,fit
1991,calibration
1992,fit
1993,fit
1994,test
1995,calibration
1996,fit
1997,fit
1998,calibration
1999,calibration
2000,fit
2001,calibration
2002,fit
2003,calibration
2004,fit
2005,fit
2006,calibration
2007,fit
2008,fit
2009,fit
2010,fit
2011,fit
2012,fit
2013,fit
2014,test
2015,fit
2016,calibration
2017,fit
2018,calibration
2019,test
2020,test
2021,fit
2022,fit
2023,fit
2024,test
2025,fit
2026,fit
2027,test
2028,calibration
2029,calibration
2030,test
2031,fit
2032,fit
2033,test
2034,fit
2035,calibration
2036,fit
2037,fit
2038,fit
2039,calibration
2040,fit
2041,calibration
2042,fit
2043,test
2044,test
2045,fit
2046,fit
2047,test
2048,calibration
2049,fit
2050,fit
2051,fit
2052,fit
2053,calibration
2054,calibration
2055,calibration
2056,fit
2057,fit
2058,fit
2059,calibration
2060,fit
2061,fit
2062,test
2063,calibration
2064,fit
2065,fit
2066,test
2067,fit
2068,fit
2069,fit
2070,fit
2071,fit
2072,fit
2073,fit
2074,fit
2075,calibration
2076,calibration
2077,test
2078,calibration
2079,fit
2080,calibration
2081,test
2082,test
2083,fit
2084,fit
2085,fit
2086,fit
2087,calibration
2088,calibration
2089,fit
2090,fit
2091,fit
2092,test
2093,fit
2094,fit
2095,calibration
2096,calibration
2097,fit
2098,fit
2099,test
2100,fit
2101,fit
2102,calibration
2103,test
2104,test
2105,calibration
2106,fit
2107,fit
2108,fit
2109,calibration
2110,calibration
2111,fit
2112,fit
2113,test
2114,fit
2115,fit
2116,calibration
2117,fit
2118,calibration
2119,fit
2120,fit
2121,calibration
2122,calibration
2123,fit
2124,fit
2125,fit
2126,fit
2127,fit
2128,test
2129,calibration
2130,test
2131,fit
2132,fit
2133,fit
2134,test
2135,fit
2136,test
2137,test
2138,calibration
2139,calibration
2140,fit
2141,calibration
2142,test
2143,calibration
2144,fit
2145,fit
2146,calibration
2147,test
2148,fit
2149,fit
2150,fit
2151,fit
2152,fit
2153,calibration
2154,fit
2155,fit
2156,fit
2157,test
2158,fit
2159,test
2160,test
2161,fit
2162,calibration
2163,fit
2164,calibration
2165,test
2166,fit
2167,fit
2168,fit
2169,fit
2170,test
2171,calibration
2172,fit
2173,test
2174,test
2175,fit
2176,fit
2177,test
2178,fit
2179,fit
2180,test
2181,fit
2182,fit
2183,fit
2184,fit
2185,fit
2186,fit
2187,test
2188,test
2189,fit
2190,test
2191,fit
2192,test
2193,fit
2194,fit
2195,fit
2196,calibration
2197,fit
2198,calibration
2199,calibration
2200,fit
2201,test
2202,test
2203,calibration
2204,calibration
2205,calibration
2206,fit
2207,test
2208,fit
2209,calibration
2210,test
2211,fit
2212,calibration
2213,fit
2214,test
2215,test
2216,fit
2217,fit
2218,calibration
2219,test
2220,fit
2221,fit
2222,fit
2223,test
2224,test
2225,fit
2226,fit
2227,fit
2228,test
2229,test
2230,fit
2231,fit
2232,fit
2233,calibration
2234,test
2235,fit
2236,test
2237,fit
2238,calibration
2239,fit
2240,fit
2241,fit
2242,fit
2243,test
2244,fit
2245,fit
2246,fit
2247,fit
2248,fit
2249,fit
2250,test
2251,fit
2252,calibration
2253,test
2254,test
2255,fit
2256,fit
2257,calibration
2258,calibration
2259,fit
2260,fit
2261,test
2262,fit
2263,calibration
2264,fit
2265,test
2266,calibration
2267,test
2268,test
2269,calibration
2270,calibration
2271,test
2272,fit
2273,fit
2274,fit
2275,calibration
2276,calibration
2277,test
2278,calibration
2279,fit
2280,test
2281,fit
2282,test
2283,fit
2284,fit
2285,calibration
2286,fit
2287,fit
2288,test
2289,fit
2290,fit
2291,fit
2292,fit
2293,test
2294,fit
2295,fit
2296,fit
2297,fit
2298,fit
2299,fit
2300,fit
2301,fit
2302,fit
2303,fit
2304,fit
2305,fit
2306,fit
2307,fit
2308,fit
2309,test
2310,fit
2311,fit
2312,fit
2313,fit
2314,calibration
2315,fit
2316,fit
2317,calibration
2318,calibration
2319,test
2320,calibration
2321,fit
2322,fit
2323,fit
2324,test
2325,fit
2326,fit
2327,fit
2328,test
2329,fit
2330,fit
2331,fit
2332,test
2333,test
2334,calibration
2335,fit
2336,calibration
2337,test
2338,fit
2339,fit
2340,test
2341,fit
2342,fit
2343,fit
2344,calibration
2345,fit
2346,fit
2347,calibration
2348,fit
2349,test
2350,fit
2351,fit
2352,fit
2353,fit
2354,calibration
2355,test
2356,fit
2357,calibration
2358,calibration
2359,calibration
2360,calibration
2361,calibration
2362,test
2363,calibration
2364,fit
2365,fit
2366,fit
2367,calibration
2368,fit
2369,test
2370,fit
2371,test
2372,fit
2373,fit
2374,fit
2375,fit
2376,fit
2377,fit
2378,calibration
2379,fit
2380,fit
2381,test
2382,fit
2383,fit
2384,fit
2385,fit
2386,fit
2387,fit
2388,test
2389,fit
2390,test
2391,fit
2392,calibration
2393,fit
2394,fit
2395,fit
2396,calibration
2397,fit
2398,fit
2399,fit
2400,fit
2401,fit
2402,fit
2403,fit
2404,fit
2405,fit
2406,calibration
2407,calibration
2408,fit
2409,fit
2410,test
2411,fit
2412,fit
2413,test
2414,test
2415,test
2416,fit
2417,fit
2418,fit
2419,calibration
2420,fit
2421,fit
2422,fit
2423,fit
2424,fit
2425,fit
2426,fit
2427,fit
2428,fit
2429,calibration
2430,fit
2431,fit
2432,fit
2433,fit
2434,fit
2435,test
2436,fit
2437,calibration
2438,fit
2439,test
2440,fit
2441,fit
2442,calibration
2443,calibration
2444,fit
2445,fit
2446,fit
2447,test
2448,fit
2449,test
2450,test
2451,fit
2452,fit
2453,fit
2454,fit
2455,fit
2456,calibration
2457,calibration
2458,test
2459,fit
2460,fit
2461,calibration
2462,fit
2463,test
2464,calibration
2465,test
2466,calibration
2467,fit
2468,test
2469,calibration
2470,calibration
2471,fit
2472,fit
2473,calibration
2474,fit
2475,fit
2476,calibration
2477,fit
2478,test
2479,fit
2480,fit
2481,calibration
2482,fit
2483,calibration
2484,fit
2485,calibration
2486,fit
2487,test
2488,fit
2489,test
2490,fit
2491,fit
2492,fit
2493,fit
2494,fit
2495,fit
2496,fit
2497,fit
2498,test
2499,calibration
2500,fit
2501,fit
2502,fit
2503,calibration
2504,fit
2505,test
2506,calibration
2507,fit
2508,fit
2509,test
2510,fit
2511,calibration
2512,fit
2513,fit
2514,fit
2515,fit
2516,calibration
2517,test
2518,fit
2519,fit
2520,test
2521,fit
2522,fit
2523,fit
2524,fit
2525,fit
2526,test
2527,fit
2528,fit
2529,fit
2530,fit
2531,fit
2532,test
2533,test
2534,calibration
2535,fit
2536,fit
2537,fit
2538,fit
2539,fit
2540,calibration
2541,fit
2542,fit
2543,fit
2544,fit
2545,calibration
2546,calibration
2547,fit
2548,fit
2549,fit
2550,fit
2551,fit
2552,fit
2553,fit
2554,calibration
2555,fit
2556,fit
2557,test
2558,calibration
2559,test
2560,calibration
2561,fit
2562,fit
2563,fit
2564,fit
2565,fit
2566,fit
2567,test
2568,fit
2569,calibration
2570,fit
2571,fit
2572,fit
2573,calibration
2574,calibration
2575,calibration
2576,fit
2577,fit
2578,test
2579,fit
2580,calibration
2581,fit
2582,fit
2583,fit
2584,test
2585,fit
2586,fit
2587,fit
2588,test
2589,test
2590,fit
2591,test
2592,calibration
2593,test
2594,fit
2595,fit
2596,fit
2597,calibration
2598,fit
2599,fit
2600,test
2601,fit
2602,calibration
2603,fit
2604,test
2605,calibration
2606,fit
2607,fit
2608,fit
2609,test
2610,test
2611,fit
2612,calibration
2613,fit
2614,fit
2615,calibration
2616,calibration
2617,fit
2618,fit
2619,fit
2620,fit
2621,fit
2622,fit
2623,fit
2624,fit
2625,fit
2626,fit
2627,test
2628,fit
2629,fit
2630,fit
2631,fit
2632,fit
2633,fit
2634,calibration
2635,calibration
2636,test
2637,fit
2638,fit
2639,test
2640,calibration
2641,calibration
2642,test
2643,calibration
2644,calibration
2645,fit
2646,test
2647,fit
2648,fit
2649,fit
2650,calibration
2651,fit
2652,fit
2653,test
2654,fit
2655,test
2656,calibration
2657,test
2658,fit
2659,fit
2660,test
2661,fit
2662,calibration
2663,test
2664,fit
2665,fit
2666,fit
2667,fit
2668,fit
2669,calibration
2670,fit
2671,test
2672,test
2673,fit
2674,test
2675,fit
2676,fit
2677,fit
2678,test
2679,fit
2680,fit
2681,fit
2682,fit
2683,fit
2684,calibration
2685,fit
2686,calibration
2687,fit
2688,fit
2689,calibration
2690,fit
2691,fit
2692,fit
2693,test
2694,calibration
2695,test
2696,fit
2697,fit
2698,fit
2699,test
2700,test
2701,fit
2702,fit
2703,fit
2704,fit
2705,fit
2706,fit
2707,fit
2708,fit
2709,fit
2710,test
2711,fit
2712,calibration
2713,calibration
2714,fit
2715,fit
2716,fit
2717,test
2718,fit
2719,fit
2720,fit
2721,test
2722,fit
2723,test
2724,fit
2725,test
2726,calibration
2727,fit
2728,calibration
2729,fit
2730,fit
2731,calibration
2732,fit
2733,test
2734,fit
2735,fit
2736,fit
2737,calibration
2738,fit
2739,calibration
2740,fit
2741,test
2742,fit
2743,calibration
2744,calibration
2745,fit
2746,fit
2747,calibration
2748,fit
2749,fit
2750,test
2751,test
2752,test
2753,fit
2754,test
2755,test
2756,fit
2757,fit
2758,test
2759,fit
2760,calibration
2761,fit
2762,fit
2763,fit
2764,fit
2765,test
2766,test
2767,test
2768,fit
2769,fit
2770,fit
2771,fit
2772,fit
2773,fit
2774,fit
2775,test
2776,test
2777,fit
2778,fit
2779,test
2780,fit
2781,calibration
2782,test
2783,test
2784,fit
2785,calibration
2786,fit
2787,fit
2788,test
2789,calibration
2790,fit
2791,fit
2792,fit
2793,fit
2794,fit
2795,fit
2796,fit
2797,fit
2798,fit
2799,test
2800,fit
2801,fit
2802,fit
2803,fit
2804,fit
2805,fit
2806,calibration
2807,fit
2808,fit
2809,test
2810,fit
2811,test
2812,fit
2813,fit
2814,fit
2815,fit
2816,fit
2817,calibration
2818,fit
2819,fit
2820,calibration
2821,fit
2822,fit
2823,calibration
2824,test
2825,calibration
2826,test
2827,calibration
2828,fit
2829,calibration
2830,fit
2831,fit
2832,fit
2833,test
2834,calibration
2835,fit
2836,test
2837,fit
2838,fit
2839,fit
2840,calibration
2841,fit
2842,fit
2843,fit
2844,calibration
2845,fit
2846,fit
2847,fit
2848,test
2849,fit
2850,fit
2851,test
2852,calibration
2853,fit
2854,fit
2855,test
2856,calibration
2857,fit
2858,fit
2859,fit
2860,fit
2861,fit
2862,fit
2863,fit
2864,fit
2865,fit
2866,calibration
2867,fit
2868,fit
2869,fit
2870,calibration
2871,fit
2872,test
2873,test
2874,fit
2875,calibration
2876,fit
2877,fit
2878,fit
2879,fit
2880,calibration
2881,fit
2882,test
2883,fit
2884,fit
2885,fit
2886,fit
2887,fit
2888,fit
2889,fit
2890,fit
2891,fit
2892,fit
2893,fit
2894,fit
2895,fit
2896,calibration
2897,fit
2898,fit
2899,fit
2900,fit
2901,calibration
2902,fit
2903,test
2904,fit
2905,fit
2906,test
2907,fit
2908,fit
2909,fit
2910,fit
2911,fit
2912,fit
2913,fit
2914,fit
2915,fit
2916,test
2917,fit
2918,calibration
2919,calibration
2920,test
2921,fit
2922,test
2923,fit
2924,fit
2925,test
2926,calibration
2927,fit
2928,fit
2929,calibration
2930,test
2931,fit
2932,calibration
2933,fit
2934,test
2935,calibration
2936,fit
2937,fit
2938,calibration
2939,fit
2940,fit
2941,calibration
2942,fit
2943,fit
2944,fit
2945,calibration
2946,fit
2947,fit
2948,fit
2949,fit
2950,test
2951,fit
2952,calibration
2953,test
2954,calibration
2955,fit
2956,calibration
2957,fit
2958,test
2959,fit
2960,test
2961,fit
2962,test
2963,fit
2964,fit
2965,fit
2966,calibration
2967,test
2968,fit
2969,fit
2970,fit
2971,fit
2972,test
2973,fit
2974,fit
2975,fit
2976,fit
2977,calibration
2978,fit
2979,fit
2980,calibration
2981,fit
2982,fit
2983,fit
2984,calibration
2985,fit
2986,fit
2987,test
2988,fit
2989,calibration
2990,fit
2991,fit
2992,fit
2993,fit
2994,fit
2995,fit
2996,fit
2997,fit
2998,fit
2999,fit
3000,fit
3001,test
3002,fit
3003,fit
3004,fit
3005,calibration
3006,fit
3007,fit
3008,fit
3009,test
3010,calibration
3011,calibration
3012,fit
3013,fit
3014,test
3015,fit
3016,calibration
3017,fit
3018,fit
3019,fit
3020,test
3021,fit
3022,calibration
3023,calibration
3024,calibration
3025,fit
3026,fit
3027,fit
3028,fit
3029,test
3030,fit
3031,test
3032,fit
3033,fit
3034,test
3035,test
3036,calibration
3037,test
3038,fit
3039,calibration
3040,fit
3041,fit
3042,calibration
3043,fit
3044,fit
3045,calibration
3046,fit
3047,test
3048,fit
3049,calibration
3050,calibration
3051,fit
3052,calibration
3053,test
3054,fit
3055,fit
3056,fit
3057,test
3058,calibration
3059,fit
3060,test
3061,fit
3062,fit
3063,fit
3064,test
3065,fit
3066,fit
3067,fit
3068,fit
3069,fit
3070,fit
3071,test
3072,fit
3073,fit
3074,test
3075,fit
3076,fit
3077,calibration
3078,calibration
3079,fit
3080,fit
3081,calibration
3082,fit
3083,fit
3084,fit
3085,fit
3086,fit
3087,fit
3088,fit
3089,test
3090,fit
3091,calibration
3092,fit
3093,fit
3094,fit
3095,test
3096,calibration
3097,test
3098,fit
3099,fit
3100,calibration
3101,fit
3102,fit
3103,calibration
3104,test
3105,fit
3106,fit
3107,test
3108,fit
3109,fit
3110,fit
3111,fit
3112,calibration
3113,calibration
3114,fit
3115,fit
3116,fit
3117,fit
3118,calibration
3119,calibration
3120,fit
3121,fit
3122,fit
3123,fit
3124,calibration
3125,fit
3126,fit
3127,fit
3128,calibration
3129,calibration
3130,fit
3131,fit
3132,fit
3133,fit
3134,calibration
3135,calibration
3136,fit
3137,fit
3138,calibration
3139,calibration
3140,calibration
3141,fit
3142,calibration
3143,calibration
3144,fit
3145,test
3146,fit
3147,calibration
3148,fit
3149,fit
3150,test
3151,fit
3152,calibration
3153,fit
3154,fit
3155,test
3156,fit
3157,fit
3158,fit
3159,calibration
3160,test
3161,fit
3162,calibration
3163,calibration
3164,calibration
3165,fit
3166,fit
3167,fit
3168,test
3169,fit
3170,calibration
3171,calibration
3172,calibration
3173,fit
3174,test
3175,fit
3176,calibration
3177,calibration
3178,fit
3179,test
3180,fit
3181,fit
3182,fit
3183,fit
3184,calibration
3185,calibration
3186,test
3187,fit
3188,test
3189,fit
3190,calibration
3191,fit
3192,calibration
3193,fit
3194,calibration
3195,fit
3196,fit
3197,test
3198,fit
3199,fit
3200,test
3201,fit
3202,calibration
3203,fit
3204,test
3205,fit
3206,calibration
3207,fit
3208,fit
3209,fit
3210,fit
3211,test
3212,fit
3213,test
3214,fit
3215,fit
3216,test
3217,fit
3218,fit
3219,fit
3220,fit
3221,fit
3222,fit
3223,fit
3224,test
3225,test
3226,test
3227,calibration
3228,test
3229,fit
3230,fit
3231,fit
3232,fit
3233,fit
3234,fit
3235,fit
3236,fit
3237,calibration
3238,fit
3239,test
3240,calibration
3241,fit
3242,fit
3243,fit
3244,test
3245,fit
3246,fit
3247,fit
3248,calibration
3249,fit
3250,fit
3251,fit
3252,fit
3253,test
3254,calibration
3255,fit
3256,fit
3257,fit
3258,fit
3259,fit
3260,fit
3261,calibration
3262,fit
3263,fit
3264,test
3265,test
3266,calibration
3267,fit
3268,fit
3269,calibration
3270,fit
3271,calibration
3272,calibration
3273,fit
3274,test
3275,calibration
3276,fit
3277,fit
3278,fit
3279,test
3280,calibration
3281,test
3282,calibration
3283,fit
3284,calibration
3285,fit
3286,fit
3287,calibration
3288,test
3289,fit
3290,test
3291,test
3292,calibration
3293,fit
3294,calibration
3295,fit
3296,fit
3297,fit
3298,calibration
3299,fit
3300,fit
3301,fit
3302,fit
3303,test
3304,fit
3305,test
3306,calibration
3307,fit
3308,test
3309,fit
3310,fit
3311,test
3312,test
3313,fit
3314,fit
3315,fit
3316,fit
3317,test
3318,calibration
3319,test
3320,test
3321,fit
3322,calibration
3323,fit
3324,calibration
3325,test
3326,fit
3327,fit
3328,test
3329,test
3330,test
3331,fit
3332,test
3333,fit
3334,fit
3335,fit
3336,fit
3337,test
3338,calibration
3339,fit
3340,fit
3341,fit
3342,fit
3343,test
3344,fit
3345,test
3346,fit
3347,fit
3348,fit
3349,fit
3350,fit
3351,calibration
3352,fit
3353,fit
3354,test
3355,fit
3356,fit
3357,fit
3358,fit
3359,fit
3360,fit
3361,calibration
3362,fit
3363,fit
3364,test
3365,fit
3366,calibration
3367,fit
3368,calibration
3369,fit
3370,fit
3371,calibration
3372,calibration
3373,calibration
3374,fit
3375,fit
3376,fit
3377,calibration
3378,fit
3379,fit
3380,fit
3381,fit
3382,test
3383,calibration
3384,calibration
3385,test
3386,fit
3387,fit
3388,fit
3389,test
3390,fit
3391,fit
3392,test
3393,fit
3394,fit
3395,calibration
3396,fit
3397,fit
3398,fit
3399,calibration
3400,fit
3401,test
3402,fit
3403,fit
3404,calibration
3405,fit
3406,test
3407,fit
3408,fit
3409,fit
3410,fit
3411,test
3412,fit
3413,test
3414,calibration
3415,fit
3416,fit
3417,test
3418,fit
3419,fit
3420,fit
3421,fit
3422,fit
3423,fit
3424,calibration
3425,fit
3426,fit
3427,fit
3428,fit
3429,fit
3430,test
3431,fit
3432,test
3433,fit
3434,calibration
3435,calibration
3436,calibration
3437,fit
3438,test
3439,fit
3440,test
3441,test
3442,fit
3443,test
3444,calibration
3445,test
3446,test
3447,fit
3448,fit
3449,test
3450,test
3451,fit
3452,fit
3453,fit
3454,fit
3455,calibration
3456,test
3457,test
3458,fit
3459,fit
3460,calibration
3461,fit
3462,fit
3463,fit
3464,fit
3465,fit
3466,test
3467,test
3468,fit
3469,fit
3470,fit
3471,calibration
3472,test
3473,fit
3474,fit
3475,calibration
3476,calibration
3477,fit
3478,test
3479,test
3480,fit
3481,test
3482,test
3483,fit
3484,calibration
3485,fit
3486,calibration
3487,test
3488,fit
3489,fit
3490,test
3491,test
3492,fit
3493,calibration
3494,test
3495,fit
3496,fit
3497,fit
3498,fit
3499,test
3500,fit
3501,fit
3502,fit
3503,test
3504,fit
3505,calibration
3506,fit
3507,fit
3508,calibration
3509,calibration
3510,calibration
3511,fit
3512,test
3513,test
3514,fit
3515,fit
3516,fit
3517,test
3518,fit
3519,fit
3520,fit
3521,test
3522,test
3523,calibration
3524,fit
3525,fit
3526,fit
3527,fit
3528,fit
3529,fit
3530,fit
3531,fit
3532,test
3533,calibration
3534,fit
3535,test
3536,fit
3537,calibration
3538,fit
3539,fit
3540,calibration
3541,test
3542,fit
3543,calibration
3544,calibration
3545,fit
3546,fit
3547,fit
3548,calibration
3549,calibration
3550,test
3551,fit
3552,calibration
3553,fit
3554,fit
3555,calibration
3556,fit
3557,fit
3558,fit
3559,fit
3560,fit
3561,fit
3562,calibration
3563,calibration
3564,fit
3565,fit
3566,fit
3567,fit
3568,fit
3569,fit
3570,test
3571,test
3572,fit
3573,calibration
3574,fit
3575,test
3576,fit
3577,test
3578,test
3579,fit
3580,fit
3581,fit
3582,fit
3583,fit
3584,fit
3585,calibration
3586,calibration
3587,calibration
3588,test
3589,test
3590,fit
3591,calibration
3592,fit
3593,fit
3594,calibration
3595,fit
3596,calibration
3597,fit
3598,fit
3599,fit
3600,fit
3601,test
3602,fit
3603,test
3604,fit
3605,calibration
3606,calibration
3607,test
3608,calibration
3609,calibration
3610,calibration
3611,calibration
3612,fit
3613,calibration
3614,test
3615,calibration
3616,test
3617,calibration
3618,calibration
3619,fit
3620,test
3621,calibration
3622,fit
3623,test
3624,test
3625,fit
3626,fit
3627,calibration
3628,fit
3629,calibration
3630,calibration
3631,fit
3632,calibration
3633,fit
3634,fit
3635,test
3636,calibration
3637,calibration
3638,fit
3639,fit
3640,calibration
3641,test
3642,test
3643,fit
3644,fit
3645,fit
3646,fit
3647,test
3648,test
3649,fit
3650,fit
3651,calibration
3652,fit
3653,fit
3654,fit
3655,test
3656,fit
3657,fit
3658,calibration
3659,test
3660,fit
3661,calibration
3662,calibration
3663,fit
3664,fit
3665,fit
3666,test
3667,fit
3668,calibration
3669,fit
3670,fit
3671,fit
3672,test
3673,fit
3674,fit
3675,fit
3676,fit
3677,calibration
3678,fit
3679,test
3680,calibration
3681,fit
3682,fit
3683,fit
3684,fit
3685,test
3686,fit
3687,calibration
3688,fit
3689,fit
3690,fit
3691,fit
3692,fit
3693,calibration
3694,fit
3695,calibration
3696,fit
3697,fit
3698,fit
3699,fit
3700,calibration
3701,calibration
3702,fit
3703,calibration
3704,fit
3705,calibration
3706,test
3707,fit
3708,test
3709,calibration
3710,fit
3711,calibration
3712,fit
3713,test
3714,calibration
3715,test
3716,test
3717,calibration
3718,test
3719,fit
3720,calibration
3721,fit
3722,calibration
3723,calibration
3724,calibration
3725,test
3726,fit
3727,test
3728,fit
3729,fit
3730,test
3731,fit
3732,fit
3733,calibration
3734,fit
3735,fit
3736,fit
3737,fit
3738,calibration
3739,fit
3740,test
3741,calibration
3742,test
3743,calibration
3744,fit
3745,fit
3746,fit
3747,fit
3748,fit
3749,fit
3750,fit
3751,fit
3752,fit
3753,fit
3754,fit
3755,fit
3756,test
3757,calibration
3758,fit
3759,fit
3760,calibration
3761,fit
3762,fit
3763,fit
3764,test
3765,fit
3766,fit
3767,calibration
3768,fit
3769,test
3770,fit
3771,fit
3772,calibration
3773,fit
3774,fit
3775,fit
3776,test
3777,fit
3778,fit
3779,calibration
3780,fit
3781,fit
3782,fit
3783,test
3784,fit
3785,fit
3786,fit
3787,fit
3788,fit
3789,fit
3790,fit
3791,test
3792,fit
3793,calibration
3794,fit
3795,fit
3796,fit
3797,fit
3798,fit
3799,calibration
3800,fit
3801,fit
3802,fit
3803,fit
3804,test
3805,fit
3806,calibration
3807,fit
3808,test
3809,fit
3810,fit
3811,test
3812,calibration
3813,calibration
3814,test
3815,fit
3816,fit
3817,fit
3818,fit
3819,fit
3820,fit
3821,fit
3822,calibration
3823,fit
3824,test
3825,test
3826,fit
3827,fit
3828,calibration
3829,fit
3830,calibration
3831,fit
3832,fit
3833,fit
3834,fit
3835,fit
3836,fit
3837,fit
3838,fit
3839,fit
3840,fit
3841,calibration
3842,fit
3843,test
3844,fit
3845,test
3846,fit
3847,fit
3848,fit
3849,test
3850,fit
3851,test
3852,fit
3853,fit
3854,calibration
3855,test
3856,calibration
3857,calibration
3858,fit
3859,fit
3860,fit
3861,fit
3862,fit
3863,calibration
3864,test
3865,test
3866,calibration
3867,fit
3868,fit
3869,calibration
3870,test
3871,calibration
3872,fit
3873,test
3874,calibration
3875,calibration
3876,fit
3877,fit
3878,fit
3879,fit
3880,fit
3881,test
3882,test
3883,fit
3884,fit
3885,calibration
3886,fit
3887,fit
3888,fit
3889,fit
3890,fit
3891,calibration
3892,test
3893,test
3894,fit
3895,test
3896,fit
3897,test
3898,test
3899,fit
3900,test
3901,test
3902,calibration
3903,test
3904,fit
3905,fit
3906,test
3907,test
3908,test
3909,test
3910,fit
3911,test
3912,fit
3913,calibration
3914,fit
3915,calibration
3916,fit
3917,calibration
3918,fit
3919,fit
3920,test
3921,fit
3922,fit
3923,test
3924,fit
3925,fit
3926,fit
3927,calibration
3928,test
3929,test
3930,fit
3931,test
3932,fit
3933,fit
3934,calibration
3935,fit
3936,fit
3937,fit
3938,calibration
3939,calibration
3940,fit
3941,fit
3942,test
3943,fit
3944,calibration
3945,fit
3946,fit
3947,fit
3948,fit
3949,calibration
3950,fit
3951,fit
3952,fit
3953,fit
3954,calibration
3955,test
3956,calibration
3957,test
3958,fit
3959,fit
3960,test
3961,test
3962,calibration
3963,fit
3964,fit
3965,fit
3966,calibration
3967,test
3968,test
3969,test
3970,calibration
3971,fit
3972,test
3973,test
3974,calibration
3975,calibration
3976,fit
3977,fit
3978,fit
3979,test
3980,calibration
3981,fit
3982,fit
3983,fit
3984,test
3985,test
3986,calibration
3987,fit
3988,fit
3989,calibration
3990,fit
3991,fit
3992,calibration
3993,fit
3994,fit
3995,test
3996,fit
3997,fit
3998,fit
3999,fit
4000,fit
4001,fit
4002,fit
4003,fit
4004,fit
4005,fit
4006,fit
4007,calibration
4008,test
4009,calibration
4010,test
4011,test
4012,calibration
4013,fit
4014,calibration
4015,test
4016,calibration
4017,test
4018,test
4019,calibration
4020,fit
4021,fit
4022,calibration
4023,calibration
4024,fit
4025,fit
4026,fit
4027,fit
4028,fit
4029,fit
4030,fit
4031,fit
4032,test
4033,test
4034,test
4035,test
4036,calibration
4037,test
4038,fit
4039,fit
4040,fit
4041,test
4042,fit
4043,fit
4044,fit
4045,test
4046,fit
4047,test
4048,test
4049,fit
4050,fit
4051,fit
4052,fit
4053,test
4054,calibration
4055,calibration
4056,fit
4057,calibration
4058,test
4059,test
4060,fit
4061,test
4062,test
4063,fit
4064,fit
4065,fit
4066,fit
4067,fit
4068,fit
4069,fit
4070,test
4071,test
4072,calibration
4073,test
4074,fit
4075,fit
4076,fit
4077,calibration
4078,fit
4079,fit
4080,test
4081,fit
4082,fit
4083,test
4084,test
4085,test
4086,fit
4087,test
4088,calibration
4089,fit
4090,fit
4091,fit
4092,test
4093,calibration
4094,fit
4095,test
4096,fit
4097,fit
4098,calibration
4099,test
4100,calibration
4101,fit
4102,fit
4103,test
4104,fit
4105,fit
4106,fit
4107,fit
4108,calibration
4109,fit
4110,calibration
4111,calibration
4112,fit
4113,calibration
4114,fit
4115,test
4116,calibration
4117,fit
4118,fit
4119,calibration
4120,fit
4121,fit
4122,fit
4123,calibration
4124,fit
4125,test
4126,fit
4127,fit
4128,fit
4129,calibration
4130,fit
4131,calibration
4132,fit
4133,fit
4134,fit
4135,fit
4136,fit
4137,test
4138,test
4139,test
4140,fit
4141,fit
4142,fit
4143,fit
4144,test
4145,fit
4146,calibration
4147,fit
4148,test
4149,fit
4150,fit
4151,test
4152,fit
4153,fit
4154,fit
4155,fit
4156,fit
4157,calibration
4158,fit
4159,calibration
4160,fit
4161,calibration
4162,calibration
4163,fit
4164,fit
4165,test
4166,test
4167,fit
4168,fit
4169,test
4170,fit
4171,test
4172,fit
4173,fit
4174,fit
4175,fit
4176,fit
4177,test
4178,test
4179,calibration
4180,fit
4181,fit
4182,fit
4183,fit
4184,fit
4185,calibration
4186,fit
4187,fit
4188,fit
4189,test
4190,fit
4191,test
4192,test
4193,fit
4194,fit
4195,calibration
4196,fit
4197,fit
4198,fit
4199,calibration
4200,fit
4201,calibration
4202,test
4203,fit
4204,test
4205,fit
4206,test
4207,fit
4208,fit
4209,fit
4210,fit
4211,fit
4212,calibration
4213,calibration
4214,fit
4215,fit
4216,fit
4217,fit
4218,test
4219,calibration
4220,fit
4221,fit
4222,test
4223,calibration
4224,test
4225,fit
4226,test
4227,fit
4228,fit
4229,fit
4230,fit
4231,test
4232,calibration
4233,test
4234,test
4235,test
4236,fit
4237,test
4238,test
4239,test
4240,test
4241,test
4242,calibration
4243,fit
4244,calibration
4245,fit
4246,fit
4247,fit
4248,fit
4249,test
4250,test
4251,fit
4252,fit
4253,calibration
4254,fit
4255,fit
4256,fit
4257,fit
4258,fit
4259,fit
4260,fit
4261,fit
4262,fit
4263,calibration
4264,fit
4265,fit
4266,test
4267,fit
4268,calibration
4269,fit
4270,fit
4271,test
4272,calibration
4273,calibration
4274,fit
4275,fit
4276,test
4277,fit
4278,fit
4279,fit
4280,test
4281,calibration
4282,fit
4283,fit
4284,fit
4285,fit
4286,fit
4287,fit
4288,fit
4289,fit
4290,fit
4291,fit
4292,test
4293,test
4294,test
4295,fit
4296,calibration
4297,fit
4298,fit
4299,fit
4300,fit
4301,test
4302,fit
4303,calibration
4304,fit
4305,fit
4306,calibration
4307,test
4308,fit
4309,calibration
4310,fit
4311,calibration
4312,fit
4313,fit
4314,fit
4315,fit
4316,fit
4317,calibration
4318,fit
4319,fit
4320,fit
4321,fit
4322,fit
4323,fit
4324,calibration
4325,fit
4326,fit
4327,calibration
4328,calibration
4329,fit
4330,fit
4331,test
4332,fit
4333,fit
4334,fit
4335,fit
4336,fit
4337,fit
4338,test
4339,test
4340,test
4341,calibration
4342,test
4343,calibration
4344,fit
4345,fit
4346,fit
4347,fit
4348,calibration
4349,test
4350,fit
4351,fit
4352,fit
4353,calibration
4354,fit
4355,fit
4356,fit
4357,fit
4358,calibration
4359,fit
4360,calibration
4361,fit
4362,test
4363,fit
4364,fit
4365,fit
4366,fit
4367,fit
4368,fit
4369,fit
4370,fit
4371,test
4372,test
4373,fit
4374,fit
4375,calibration
4376,fit
4377,fit
4378,fit
4379,test
4380,calibration
4381,fit
4382,fit
4383,fit
4384,fit
4385,fit
4386,test
4387,test
4388,fit
4389,fit
4390,fit
4391,fit
4392,fit
4393,fit
4394,fit
4395,fit
4396,test
4397,calibration
4398,test
4399,test
4400,calibration
4401,calibration
4402,fit
4403,test
4404,fit
4405,fit
4406,fit
4407,fit
4408,test
4409,fit
4410,calibration
4411,fit
4412,test
4413,test
4414,calibration
4415,fit
4416,fit
4417,calibration
4418,fit
4419,fit
4420,fit
4421,fit
4422,fit
4423,fit
4424,fit
4425,fit
4426,calibration
4427,fit
4428,test
4429,fit
4430,fit
4431,fit
4432,calibration
4433,fit
4434,fit
4435,fit
4436,fit
4437,test
4438,calibration
4439,fit
4440,fit
4441,fit
4442,calibration
4443,calibration
4444,fit
4445,fit
4446,fit
4447,fit
4448,fit
4449,fit
4450,fit
4451,fit
4452,fit
4453,fit
4454,fit
4455,fit
4456,fit
4457,fit
4458,fit
4459,calibration
4460,test
4461,test
4462,fit
4463,fit
4464,fit
4465,fit
4466,fit
4467,fit
4468,fit
4469,fit
4470,test
4471,fit
4472,fit
4473,fit
4474,fit
4475,fit
4476,fit
4477,fit
4478,fit
4479,fit
4480,fit
4481,fit
4482,calibration
4483,calibration
4484,calibration
4485,calibration
4486,calibration
4487,fit
4488,fit
4489,fit
4490,fit
4491,fit
4492,fit
4493,calibration
4494,fit
4495,calibration
4496,calibration
4497,fit
4498,fit
4499,fit
4500,calibration
4501,fit
4502,fit
4503,fit
4504,test
4505,fit
4506,fit
4507,fit
4508,fit
4509,fit
4510,test
4511,test
4512,test
4513,calibration
4514,fit
4515,test
4516,fit
4517,fit
4518,fit
4519,test
4520,fit
4521,fit
4522,test
4523,fit
4524,fit
4525,fit
4526,fit
4527,fit
4528,fit
4529,calibration
4530,test
4531,test
4532,test
4533,fit
4534,calibration
4535,calibration
4536,test
4537,calibration
4538,fit
4539,test
4540,test
4541,fit
4542,calibration
4543,calibration
4544,fit
4545,test
4546,fit
4547,calibration
4548,fit
4549,fit
4550,test
4551,fit
4552,fit
4553,fit
4554,calibration
4555,calibration
4556,fit
4557,test
4558,calibration
4559,calibration
4560,test
4561,fit
4562,fit
4563,fit
4564,fit
4565,fit
4566,fit
4567,fit
4568,fit
4569,calibration
4570,fit
4571,fit
4572,fit
4573,test
4574,fit
4575,calibration
4576,test
4577,fit
4578,fit
4579,test
4580,fit
4581,test
4582,calibration
4583,fit
4584,calibration
4585,fit
4586,fit
4587,fit
4588,fit
4589,fit
4590,calibration
4591,fit
4592,fit
4593,test
4594,fit
4595,calibration
4596,fit
4597,fit
4598,fit
4599,fit
4600,fit
4601,fit
4602,calibration
4603,fit
4604,test
4605,fit
4606,fit
4607,calibration
4608,test
4609,fit
4610,test
4611,test
4612,calibration
4613,test
4614,test
4615,fit
4616,calibration
4617,calibration
4618,fit
4619,fit
4620,fit
4621,fit
4622,fit
4623,test
4624,fit
4625,calibration
4626,fit
4627,fit
4628,calibration
4629,fit
4630,fit
4631,test
4632,calibration
4633,fit
4634,fit
4635,calibration
4636,fit
4637,calibration
4638,fit
4639,calibration
4640,test
4641,fit
4642,fit
4643,fit
4644,fit
4645,test
4646,calibration
4647,fit
4648,calibration
4649,test
4650,fit
4651,fit
4652,calibration
4653,test
4654,calibration
4655,fit
4656,test
4657,fit
4658,calibration
4659,calibration
4660,fit
4661,fit
4662,calibration
4663,fit
4664,fit
4665,fit
4666,fit
4667,calibration
4668,fit
4669,fit
4670,calibration
4671,calibration
4672,fit
4673,calibration
4674,test
4675,fit
4676,fit
4677,fit
4678,calibration
4679,fit
4680,test
4681,fit
4682,fit
4683,test
4684,calibration
4685,fit
4686,calibration
4687,fit
4688,fit
4689,test
4690,fit
4691,test
4692,fit
4693,test
4694,calibration
4695,fit
4696,calibration
4697,fit
4698,fit
4699,fit
4700,test
4701,fit
4702,calibration
4703,fit
4704,calibration
4705,calibration
4706,fit
4707,calibration
4708,calibration
4709,fit
4710,fit
4711,calibration
4712,fit
4713,fit
4714,fit
4715,fit
4716,fit
4717,fit
4718,fit
4719,fit
4720,fit
4721,test
4722,calibration
4723,calibration
4724,fit
4725,calibration
4726,calibration
4727,fit
4728,fit
4729,fit
4730,fit
4731,fit
4732,fit
4733,fit
4734,test
4735,calibration
4736,fit
4737,calibration
4738,test
4739,fit
4740,fit
4741,fit
4742,calibration
4743,test
4744,fit
4745,fit
4746,test
4747,fit
4748,calibration
4749,fit
4750,calibration
4751,calibration
4752,fit
4753,fit
4754,fit
4755,test
4756,test
4757,calibration
4758,calibration
4759,fit
4760,fit
4761,fit
4762,fit
4763,test
4764,fit
4765,fit
4766,test
4767,fit
4768,test
4769,calibration
4770,fit
4771,fit
4772,calibration
4773,fit
4774,fit
4775,test
4776,fit
4777,fit
4778,test
4779,fit
4780,calibration
4781,test
4782,fit
4783,fit
4784,fit
4785,fit
4786,fit
4787,fit
4788,calibration
4789,calibration
4790,calibration
4791,fit
4792,fit
4793,fit
4794,fit
4795,calibration
4796,calibration
4797,test
4798,fit
4799,fit
4800,test
4801,calibration
4802,calibration
4803,fit
4804,fit
4805,test
4806,fit
4807,calibration
4808,fit
4809,test
4810,fit
4811,fit
4812,fit
4813,fit
4814,fit
4815,fit
4816,fit
4817,calibration
4818,fit
4819,fit
4820,fit
4821,test
4822,fit
4823,calibration
4824,test
4825,fit
4826,fit
4827,fit
4828,fit
4829,fit
4830,fit
4831,fit
4832,test
4833,fit
4834,calibration
4835,fit
4836,fit
4837,fit
4838,calibration
4839,calibration
4840,fit
4841,calibration
4842,calibration
4843,fit
4844,test
4845,fit
4846,test
4847,test
4848,test
4849,fit
4850,fit
4851,test
4852,calibration
4853,fit
4854,test
4855,fit
4856,calibration
4857,fit
4858,fit
4859,test
4860,test
4861,calibration
4862,calibration
4863,fit
4864,test
4865,fit
4866,calibration
4867,fit
4868,fit
4869,fit
4870,fit
4871,test
4872,calibration
4873,fit
4874,fit
4875,test
4876,calibration
4877,fit
4878,fit
4879,calibration
4880,test
4881,calibration
4882,fit
4883,fit
4884,test
4885,calibration
4886,calibration
4887,calibration
4888,calibration
4889,calibration
4890,calibration
4891,test
4892,fit
4893,fit
4894,fit
4895,test
4896,calibration
4897,fit
4898,fit
4899,fit
4900,fit
4901,test
4902,fit
4903,fit
4904,test
4905,test
4906,calibration
4907,calibration
4908,fit
4909,fit
4910,fit
4911,calibration
4912,calibration
4913,fit
4914,calibration
4915,fit
4916,test
4917,test
4918,calibration
4919,fit
4920,fit
4921,fit
4922,fit
4923,calibration
4924,fit
4925,fit
4926,test
4927,fit
4928,fit
4929,fit
4930,calibration
4931,fit
4932,test
4933,fit
4934,test
4935,fit
4936,test
4937,calibration
4938,fit
4939,test
4940,fit
4941,fit
4942,fit
4943,test
4944,fit
4945,calibration
4946,fit
4947,test
4948,calibration
4949,test
4950,fit
4951,fit
4952,fit
4953,fit
4954,test
4955,fit
4956,calibration
4957,fit
4958,fit
4959,fit
4960,fit
4961,fit
4962,fit
4963,test
4964,fit
4965,calibration
4966,fit
4967,test
4968,test
4969,fit
4970,test
4971,fit
4972,fit
4973,fit
4974,calibration
4975,test
4976,fit
4977,fit
4978,fit
4979,fit
4980,test
4981,fit
4982,fit
4983,fit
4984,fit
4985,fit
4986,fit
4987,fit
4988,fit
4989,fit
4990,fit
4991,test
4992,test
4993,test
4994,fit
4995,test
4996,fit
4997,calibration
4998,fit
4999,calibration
5000,fit
5001,fit
5002,calibration
5003,test
5004,fit
5005,calibration
5006,fit
5007,test
5008,fit
5009,fit
5010,fit
5011,fit
5012,fit
5013,fit
5014,calibration
5015,test
5016,fit
5017,calibration
5018,fit
5019,calibration
5020,test
5021,fit
5022,fit
5023,fit
5024,test
5025,fit
5026,fit
5027,fit
5028,fit
5029,test
5030,fit
5031,fit
5032,fit
5033,fit
5034,test
5035,fit
5036,test
5037,test
5038,fit
5039,fit
5040,test
5041,test
5042,fit
5043,fit
5044,test
5045,fit
5046,calibration
5047,fit
5048,fit
5049,fit
5050,fit
5051,calibration
5052,fit
5053,fit
5054,calibration
5055,fit
5056,test
5057,fit
5058,fit
5059,fit
5060,fit
5061,fit
5062,fit
5063,fit
5064,fit
5065,fit
5066,fit
5067,fit
5068,calibration
5069,test
5070,fit
5071,test
5072,fit
5073,fit
5074,fit
5075,fit
5076,calibration
5077,fit
5078,fit
5079,fit
5080,test
5081,fit
5082,fit
5083,calibration
5084,fit
5085,fit
5086,test
5087,fit
5088,fit
5089,fit
5090,test
5091,fit
5092,fit
5093,fit
5094,calibration
5095,test
5096,test
5097,fit
5098,fit
5099,test
5100,fit
5101,test
5102,fit
5103,test
5104,fit
5105,test
5106,fit
5107,test
5108,calibration
5109,fit
5110,fit
5111,test
5112,fit
5113,fit
5114,calibration
5115,fit
5116,test
5117,fit
5118,fit
5119,calibration
5120,fit
5121,calibration
5122,calibration
5123,fit
5124,fit
5125,fit
5126,fit
5127,test
5128,fit
5129,calibration
5130,fit
5131,test
5132,fit
5133,fit
5134,calibration
5135,fit
5136,test
5137,calibration
5138,calibration
5139,fit
5140,test
5141,fit
5142,test
5143,fit
5144,calibration
5145,calibration
5146,calibration
5147,test
5148,calibration
5149,fit
5150,fit
5151,fit
5152,test
5153,fit
5154,test
5155,fit
5156,fit
5157,test
5158,fit
5159,fit
5160,test
5161,calibration
5162,calibration
5163,fit
5164,fit
5165,test
5166,fit
5167,fit
5168,test
5169,fit
5170,fit
5171,fit
5172,calibration
5173,fit
5174,test
5175,fit
5176,fit
5177,test
5178,test
5179,calibration
5180,fit
5181,fit
5182,test
5183,test
5184,fit
5185,test
5186,fit
5187,fit
5188,calibration
5189,test
5190,fit
5191,fit
5192,fit
5193,fit
5194,fit
5195,test
5196,fit
5197,fit
5198,calibration
5199,calibration
5200,fit
5201,fit
5202,test
5203,fit
5204,test
5205,calibration
5206,fit
5207,fit
5208,calibration
5209,test
5210,test
5211,fit
5212,calibration
5213,fit
5214,calibration
5215,test
5216,calibration
5217,calibration
5218,fit
5219,calibration
5220,test
5221,fit
5222,fit
5223,test
5224,fit
5225,fit
5226,calibration
5227,fit
5228,fit
5229,fit
5230,test
5231,calibration
5232,fit
5233,test
5234,fit
5235,fit
5236,calibration
5237,test
5238,test
5239,fit
5240,test
5241,fit
5242,test
5243,test
5244,fit
5245,fit
5246,fit
5247,fit
5248,fit
5249,test
5250,fit
5251,fit
5252,fit
5253,test
5254,calibration
5255,fit
5256,calibration
5257,fit
5258,fit
5259,fit
5260,test
5261,fit
5262,fit
5263,calibration
5264,fit
5265,fit
5266,fit
5267,fit
5268,calibration
5269,fit
5270,calibration
5271,test
5272,calibration
5273,fit
5274,fit
5275,calibration
5276,fit
5277,test
5278,fit
5279,calibration
5280,fit
5281,fit
5282,fit
5283,fit
5284,test
5285,fit
5286,calibration
5287,fit
5288,fit
5289,calibration
5290,test
5291,calibration
5292,test
5293,fit
5294,calibration
5295,test
5296,test
5297,test
5298,fit
5299,test
5300,fit
5301,test
5302,fit
5303,calibration
5304,fit
5305,fit
5306,fit
5307,fit
5308,fit
5309,test
5310,test
5311,test
5312,test
5313,calibration
5314,fit
5315,test
5316,calibration
5317,calibration
5318,fit
5319,fit
5320,fit
5321,calibration
5322,fit
5323,fit
5324,calibration
5325,fit
5326,fit
5327,fit
5328,test
5329,calibration
5330,test
5331,calibration
5332,fit
5333,fit
5334,fit
5335,test
5336,fit
5337,fit
5338,calibration
5339,test
5340,calibration
5341,calibration
5342,calibration
5343,fit
5344,fit
5345,fit
5346,calibration
5347,fit
5348,calibration
5349,fit
5350,fit
5351,test
5352,fit
5353,calibration
5354,fit
5355,test
5356,fit
5357,calibration
5358,calibration
5359,fit
5360,fit
5361,test
5362,test
5363,fit
5364,fit
5365,test
5366,test
5367,fit
5368,fit
5369,calibration
5370,fit
5371,fit
5372,fit
5373,test
5374,fit
5375,calibration
5376,fit
5377,fit
5378,fit
5379,calibration
5380,calibration
5381,fit
5382,fit
5383,calibration
5384,fit
5385,fit
5386,fit
5387,fit
5388,fit
5389,calibration
5390,test
5391,fit
5392,test
5393,fit
5394,fit
5395,test
5396,fit
5397,calibration
5398,fit
5399,fit
5400,fit
5401,calibration
5402,fit
5403,calibration
5404,test
5405,fit
5406,fit
5407,test
5408,calibration
5409,fit
5410,fit
5411,fit
5412,test
5413,fit
5414,calibration
5415,fit
5416,fit
5417,fit
5418,calibration
5419,fit
5420,calibration
5421,fit
5422,fit
5423,calibration
5424,fit
5425,test
5426,fit
5427,test
5428,fit
5429,calibration
5430,fit
5431,fit
5432,test
5433,fit
5434,fit
5435,test
5436,fit
5437,fit
5438,fit
5439,calibration
5440,fit
5441,fit
5442,fit
5443,fit
5444,fit
5445,fit
5446,fit
5447,fit
5448,fit
5449,fit
5450,test
5451,fit
5452,test
5453,fit
5454,fit
5455,fit
5456,fit
5457,fit
5458,fit
5459,fit
5460,calibration
5461,calibration
5462,calibration
5463,fit
5464,fit
5465,fit
5466,fit
5467,fit
5468,test
5469,test
5470,fit
5471,calibration
5472,fit
5473,test
5474,calibration
5475,calibration
5476,calibration
5477,test
5478,fit
5479,fit
5480,fit
5481,test
5482,calibration
5483,fit
5484,test
5485,fit
5486,fit
5487,fit
5488,fit
5489,calibration
5490,calibration
5491,calibration
5492,fit
5493,fit
5494,test
5495,fit
5496,test
5497,fit
5498,fit
5499,fit
5500,test
5501,fit
5502,test
5503,test
5504,test
5505,fit
5506,test
5507,fit
5508,fit
5509,calibration
5510,calibration
5511,fit
5512,calibration
5513,calibration
5514,fit
5515,fit
5516,fit
5517,fit
5518,fit
5519,test
5520,calibration
5521,test
5522,fit
5523,fit
5524,fit
5525,fit
5526,fit
5527,fit
5528,fit
5529,test
5530,fit
5531,fit
5532,test
5533,fit
5534,fit
5535,fit
5536,fit
5537,calibration
5538,fit
5539,fit
5540,fit
5541,test
5542,fit
5543,fit
5544,fit
5545,fit
5546,calibration
5547,fit
5548,fit
5549,calibration
5550,test
5551,calibration
5552,fit
5553,calibration
5554,calibration
5555,fit
5556,fit
5557,fit
5558,fit
5559,calibration
5560,calibration
5561,fit
5562,calibration
5563,fit
5564,calibration
5565,test
5566,fit
5567,fit
5568,fit
5569,fit
5570,fit
5571,test
5572,fit
5573,fit
5574,fit
5575,fit
5576,fit
5577,calibration
5578,calibration
5579,test
5580,fit
5581,calibration
5582,fit
5583,fit
5584,fit
5585,fit
5586,fit
5587,test
5588,fit
5589,fit
5590,fit
5591,fit
5592,fit
5593,calibration
5594,test
5595,fit
5596,calibration
5597,fit
5598,fit
5599,fit
5600,test
5601,fit
5602,test
5603,fit
5604,calibration
5605,calibration
5606,test
5607,test
5608,fit
5609,fit
5610,fit
5611,fit
5612,calibration
5613,fit
5614,calibration
5615,fit
5616,fit
5617,fit
5618,test
5619,fit
5620,fit
5621,fit
5622,test
5623,calibration
5624,fit
5625,fit
5626,fit
5627,calibration
5628,fit
5629,fit
5630,test
5631,calibration
5632,fit
5633,fit
5634,calibration
5635,fit
5636,fit
5637,fit
5638,fit
5639,fit
5640,test
5641,fit
5642,fit
5643,test
5644,calibration
5645,fit
5646,fit
5647,test
5648,fit
5649,test
5650,calibration
5651,fit
5652,fit
5653,fit
5654,fit
5655,fit
5656,fit
5657,fit
5658,calibration
5659,fit
5660,test
5661,calibration
5662,fit
5663,test
5664,calibration
5665,calibration
5666,calibration
5667,test
5668,calibration
5669,calibration
5670,fit
5671,fit
5672,test
5673,calibration
5674,fit
5675,fit
5676,test
5677,fit
5678,calibration
5679,fit
5680,fit
5681,fit
5682,fit
5683,fit
5684,calibration
5685,fit
5686,test
5687,fit
5688,fit
5689,fit
5690,fit
5691,fit
5692,fit
5693,fit
5694,fit
5695,fit
5696,fit
5697,test
5698,calibration
5699,calibration
5700,fit
5701,fit
5702,fit
5703,test
5704,fit
5705,fit
5706,fit
5707,test
5708,test
5709,fit
5710,calibration
5711,fit
5712,fit
5713,fit
5714,calibration
5715,calibration
5716,test
5717,calibration
5718,fit
5719,calibration
5720,test
5721,fit
5722,test
5723,fit
5724,calibration
5725,fit
5726,fit
5727,fit
5728,test
5729,test
5730,calibration
5731,test
5732,calibration
5733,fit
5734,calibration
5735,fit
5736,fit
5737,fit
5738,test
5739,fit
5740,fit
5741,fit
5742,calibration
5743,fit
5744,fit
5745,fit
5746,test
5747,test
5748,test
5749,fit
5750,fit
5751,fit
5752,fit
5753,fit
5754,fit
5755,fit
5756,test
5757,calibration
5758,fit
5759,calibration
5760,calibration
5761,fit
5762,calibration
5763,test
5764,calibration
5765,fit
5766,calibration
5767,fit
5768,fit
5769,fit
5770,calibration
5771,fit
5772,fit
5773,test
5774,test
5775,fit
5776,test
5777,fit
5778,fit
5779,fit
5780,calibration
5781,fit
5782,test
5783,fit
5784,fit
5785,fit
5786,fit
5787,fit
5788,fit
5789,test
5790,calibration
5791,fit
5792,fit
5793,fit
5794,fit
5795,test
5796,fit
5797,calibration
5798,fit
5799,calibration
5800,test
5801,calibration
5802,test
5803,test
5804,calibration
5814,calibration
5815,fit
5816,fit
5817,fit
5818,calibration
5819,calibration
5820,calibration
5821,fit
5822,fit
5823,calibration
5824,calibration
5825,test
5826,fit
5827,fit
5828,fit
5829,test
5830,test
5831,fit
5832,fit
5833,test
5834,calibration
5835,calibration
5836,test
5837,test
5838,calibration
5839,fit
5840,fit
5841,fit
5842,fit
5843,fit
5844,calibration
5845,fit
5846,fit
5847,test
5848,test
5849,fit
5850,calibration
5851,calibration
5852,fit
5853,fit
5854,fit
5855,fit
5856,test
5857,test
5858,calibration
5859,fit
5860,fit
5861,fit
5862,fit
5863,calibration
5864,test
5865,test
5866,test
5868,fit
5869,fit
5870,fit
5872,fit
5873,test
5874,fit
5875,fit
5876,fit
5877,fit
5878,fit
5879,calibration
5880,calibration
5881,calibration
5882,fit
5883,calibration
5884,fit
5885,test
5886,test
5887,fit
5888,calibration
5889,fit
5890,fit
5891,test
5892,test
5893,fit
5894,fit
5895,fit
5896,fit
5897,fit
5898,fit
5899,fit
5900,test
5901,fit
5902,calibration
5903,calibration
5904,fit
5905,test
5906,fit
5907,calibration
5908,test
5909,calibration
5910,fit
5911,calibration
5912,test
5913,fit
5914,fit
5915,fit
5916,fit
5917,fit
5918,test
5919,fit
5920,fit
5921,calibration
5922,fit
5923,fit
5924,fit
5925,test
5926,fit
5927,fit
5928,fit
5929,fit
5930,fit
5931,test
5932,test
5933,test
5934,fit
5935,fit
5936,test
5937,fit
5938,fit
5939,test
5940,fit
5941,test
5942,calibration
5943,fit
5944,test
5945,fit
5946,fit
5947,fit
5948,test
5949,fit
5950,fit
5951,fit
5952,fit
5953,fit
5954,calibration
5955,fit
5956,test
5957,fit
5958,fit
5959,test
5960,fit
5961,fit
5962,fit
5963,calibration
5964,fit
5965,test
5966,fit
5969,fit
5970,fit
5971,fit
5972,calibration
5973,fit
5974,test
5975,fit
5976,calibration
5977,test
5978,fit
5979,calibration
5980,fit
5981,fit
5982,calibration
5983,fit
5984,fit
5985,fit
5986,fit
5987,fit
5988,test
5989,fit
5990,fit
5991,fit
5992,fit
5993,fit
5994,fit
5995,fit
5996,calibration
5997,test
5998,calibration
5999,calibration
6000,calibration
6001,calibration
6002,calibration
6003,fit
6004,fit
6005,fit
6006,fit
6007,fit
6008,calibration
6009,test
6010,fit
6011,test
6012,test
6013,test
6014,fit
6015,test
6016,calibration
6017,fit
6018,fit
6019,fit
6020,fit
6021,fit
6022,test
6023,test
6024,fit
6025,fit
6026,fit
6027,fit
6028,fit
6029,fit
6030,calibration
6031,calibration
6032,calibration
6033,fit
6034,test
6035,fit
6036,test
6037,test
6038,fit
6039,calibration
6040,fit
6041,fit
6042,fit
6043,test
6044,fit
6045,fit
6046,fit
6047,fit
6048,fit
6049,calibration
6050,calibration
6051,calibration
6052,calibration
6053,test
6054,calibration
6055,fit
6056,fit
6057,fit
6059,calibration
6060,fit
6061,calibration
6062,fit
6063,calibration
6064,test
6065,fit
6066,fit
6067,calibration
6068,fit
6069,fit
6070,test
6071,calibration
6072,test
6073,calibration
6074,fit
6075,calibration
6076,calibration
6077,test
6078,fit
6079,calibration
6080,fit
6081,fit
6082,fit
6083,calibration
6084,fit
6085,fit
6086,test
6087,calibration
6088,test
6089,fit
6090,calibration
6091,fit
6092,calibration
6093,calibration
6094,fit
6095,test
6096,fit
6097,calibration
6098,fit
6099,test
6100,fit
6101,fit
6102,fit
6103,test
6104,fit
6105,test
6106,fit
6107,fit
6108,calibration
6109,test
6110,fit
6111,test
6112,test
6113,fit
6114,calibration
6115,fit
6116,test
6117,fit
6118,test
6119,fit
6120,fit
6121,fit
6122,fit
6123,fit
6124,fit
6125,calibration
6126,test
6127,fit
6128,fit
6129,test
6130,test
6131,test
6132,fit
6133,calibration
6134,fit
6135,fit
6136,fit
6137,test
6138,calibration
6139,test
6140,fit
6141,fit
6142,calibration
6143,fit
6144,fit
6145,calibration
6146,test
6147,fit
6148,fit
6149,fit
6150,fit
6151,calibration
6152,fit
6153,calibration
6154,fit
6155,calibration
6156,test
6157,fit
6158,fit
6159,fit
6160,calibration
6161,fit
6162,fit
6163,calibration
6164,test
6165,fit
6166,fit
6167,test
6168,fit
6169,fit
6170,fit
6171,fit
6172,test
6173,fit
6174,fit
6175,calibration
6176,calibration
6177,test
6178,fit
6179,fit
6180,fit
6181,fit
6182,fit
6183,fit
6184,fit
6185,calibration
6186,calibration
6187,fit
6188,calibration
6189,test
6190,fit
6191,test
6192,fit
6193,fit
6194,test
6195,fit
6196,fit
6197,test
6198,fit
6199,fit
6200,fit
6201,test
6202,fit
6203,calibration
6204,fit
6205,fit
6206,fit
6207,test
6208,test
6209,fit
6210,fit
6211,fit
6212,fit
6213,calibration
6214,calibration
6215,calibration
6216,test
6217,fit
6218,calibration
6219,fit
6220,fit
6221,fit
6222,test
6223,fit
6224,fit
6225,fit
6226,fit
6227,calibration
6228,test
6229,calibration
6230,fit
6231,calibration
6232,fit
6233,calibration
6234,fit
6235,calibration
6236,fit
6237,calibration
6238,calibration
6239,fit
6240,fit
6241,calibration
6242,test
6243,fit
6244,fit
6245,fit
6246,fit
6247,calibration
6248,fit
6249,test
6250,fit
6251,fit
6252,calibration
6253,fit
6254,calibration
6255,calibration
6256,fit
6257,fit
6258,calibration
6259,test
6260,fit
6261,test
6262,fit
6263,fit
6264,fit
6265,fit
6266,fit
6267,fit
6268,fit
6269,calibration
6270,test
6271,test
6272,fit
6273,test
6274,calibration
6275,test
6276,fit
6277,calibration
6278,fit
6279,calibration
6280,calibration
6281,fit
6282,fit
6283,test
6284,fit
6285,test
6286,fit
6287,fit
6288,fit
6289,calibration
6290,calibration
6291,fit
6292,fit
6293,fit
6294,fit
6295,fit
6296,fit
6297,test
6298,fit
6299,calibration
6300,fit
6301,fit
6302,fit
6303,test
6304,calibration
6305,fit
6306,test
6307,calibration
6308,test
6309,fit
6310,fit
6311,fit
6312,calibration
6313,fit
6314,fit
6315,test
6316,fit
6317,test
6318,fit
6319,fit
6320,test
6321,test
6322,fit
6323,test
6324,calibration
6325,fit
6326,test
6327,calibration
6328,test
6329,fit
6330,calibration
6331,calibration
6332,calibration
6333,fit
6334,fit
6335,fit
6336,fit
6337,calibration
6338,fit
6339,test
6340,fit
6341,fit
6342,fit
6343,calibration
6344,calibration
6345,test
6346,fit
6347,test
6348,fit
6349,calibration
6350,fit
6351,fit
6352,fit
6353,fit
6354,fit
6355,test
6356,fit
6357,calibration
6358,fit
6359,fit
6360,fit
6361,test
6362,fit
6363,fit
6364,fit
6365,fit
6366,fit
6367,calibration
6368,fit
6369,fit
6370,test
6371,test
6372,calibration
6373,calibration
6374,fit
6375,calibration
6376,fit
6377,fit
6378,test
6379,fit
6380,fit
6381,test
6382,test
6383,fit
6384,calibration
6385,fit
6386,fit
6387,fit
6388,fit
6389,calibration
6390,test
6391,calibration
6392,test
6393,fit
6394,test
6395,calibration
6396,fit
6397,fit
6398,fit
6399,fit
6400,test
6401,test
6402,calibration
6403,fit
6404,fit
6405,test
6406,fit
6407,fit
6408,fit
6409,test
6410,test
6411,fit
6412,fit
6413,calibration
6414,test
6415,test
6416,fit
6417,fit
6418,test
6419,fit
6420,fit
6421,fit
6422,calibration
6423,fit
6424,fit
6425,fit
6426,fit
6427,test
6428,fit
6429,fit
6430,test
6431,fit
6432,fit
6433,fit
6434,calibration
6435,fit
6436,fit
6437,fit
6438,fit
6439,calibration
6440,test
6441,fit
6442,test
6443,fit
6444,calibration
6445,test
6446,test
6447,fit
6448,fit
6449,fit
6450,test
6451,fit
6452,fit
6453,fit
6454,test
6455,calibration
6456,fit
6457,fit
6458,test
6459,test
6460,calibration
6461,calibration
6462,fit
6463,fit
6464,fit
6465,fit
6466,test
6467,fit
6468,fit
6469,fit
6470,fit
6471,fit
6472,fit
6473,fit
6474,fit
6475,fit
6476,calibration
6477,fit
6478,fit
6479,fit
6480,calibration
6481,fit
6482,fit
6483,test
6484,fit
6485,fit
6486,fit
6487,fit
6488,fit
6489,test
6490,fit
6491,fit
6492,fit
6493,fit
6494,fit
6495,test
6496,calibration
6497,fit
6498,fit
6499,calibration
6500,fit
6501,fit
6502,fit
6503,calibration
6504,fit
6505,fit
6506,fit
6507,test
6508,fit
6509,fit
6510,fit
6511,fit
6512,fit
6513,fit
6514,fit
6515,fit
6516,fit
6517,fit
6518,fit
6519,fit
6520,fit
6521,calibration
6522,test
6523,fit
6524,test
6525,fit
6526,test
6527,fit
6528,fit
6529,test
6530,fit
6531,fit
6532,calibration
6533,calibration
6534,test
6535,fit
6536,test
6537,fit
6538,test
6539,fit
6540,fit
6541,calibration
6542,fit
6543,test
6544,fit
6545,calibration
6546,fit
6547,calibration
6548,fit
6549,test
6550,fit
6551,test
6552,fit
6553,calibration
6554,fit
6555,fit
6556,calibration
6557,fit
6558,fit
6559,fit
6560,test
6561,fit
6562,calibration
6563,fit
6564,fit
6565,fit
6566,fit
6567,fit
6568,fit
6569,fit
6570,test
6571,calibration
6572,test
6573,fit
6574,fit
6575,calibration
6576,fit
6577,calibration
6578,calibration
6579,fit
6580,fit
6581,fit
6582,calibration
6583,fit
6584,calibration
6585,fit
6586,fit
6587,fit
6588,fit
6589,fit
6590,fit
6591,fit
6592,fit
6593,fit
6594,calibration
6595,test
6596,fit
6597,calibration
6598,calibration
6599,test
6600,calibration
6601,calibration
6602,fit
6603,fit
6604,fit
6605,test
6606,fit
6607,test
6608,test
6609,fit
6610,fit
6611,fit
6612,fit
6613,test
6614,fit
6615,test
6616,fit
6617,fit
6618,test
6619,test
6620,calibration
6621,test
6622,calibration
6623,fit
6624,test
6625,calibration
6626,fit
6627,test
6628,fit
6629,fit
6630,calibration
6631,fit
6632,test
6633,fit
6634,test
6635,fit
6636,fit
6637,fit
6638,fit
6639,fit
6640,test
6641,fit
6642,calibration
6643,test
6644,fit
6645,fit
6646,fit
6647,fit
6648,fit
6649,calibration
6650,calibration
6651,test
6652,fit
6653,test
6654,test
6655,fit
6656,test
6657,fit
6658,fit
6659,calibration
6660,fit
6661,fit
6662,calibration
6663,fit
6664,fit
6665,test
6666,fit
6667,calibration
6668,calibration
6669,fit
6670,test
6671,fit
6672,fit
6673,test
6674,fit
6675,calibration
6676,fit
6677,test
6678,test
6679,calibration
6680,calibration
6681,fit
6682,fit
6683,test
6684,fit
6685,fit
6686,calibration
6687,test
6688,fit
6689,test
6690,test
6691,fit
6692,fit
6693,fit
6694,fit
6695,fit
6696,calibration
6697,fit
6698,calibration
6699,calibration
6700,fit
6701,fit
6702,fit
6703,fit
6704,fit
6705,fit
6706,fit
6707,fit
6708,fit
6709,fit
6710,fit
6711,fit
6712,test
6713,fit
6714,fit
6715,calibration
6716,test
6717,calibration
6718,fit
6719,fit
6720,fit
6721,fit
6722,test
6723,test
6724,fit
6725,fit
6726,calibration
6727,calibration
6728,fit
6729,fit
6730,fit
6731,calibration
6732,test
6733,calibration
6734,fit
6735,calibration
6736,fit
6737,fit
6738,calibration
6739,fit
6740,fit
6741,fit
6742,test
6743,fit
6744,test
6745,fit
6746,test
6747,test
6748,calibration
6749,fit
6750,test
6751,calibration
6752,fit
6753,fit
6754,calibration
6755,test
6756,fit
6757,fit
6758,fit
6759,test
6760,fit
6761,fit
6762,fit
6763,fit
6764,fit
6765,fit
6766,fit
6767,test
6768,fit
6769,fit
6770,fit
6771,calibration
6772,fit
6773,fit
6774,calibration
6775,fit
6776,test
6777,fit
6778,fit
6779,fit
6780,fit
6781,fit
6782,fit
6783,fit
6784,calibration
6785,fit
6786,test
6787,fit
6788,fit
6789,fit
6790,calibration
6791,fit
6792,calibration
6793,test
6794,test
6795,fit
6796,fit
6797,fit
6798,fit
6799,test
6800,fit
6801,test
6802,calibration
6803,fit
6804,fit
6805,fit
6806,fit
6807,fit
6808,fit
6809,fit
6810,test
6811,test
6812,test
6813,test
6814,test
6815,fit
6816,fit
6817,fit
6818,fit
6819,fit
6820,fit
6821,test
6822,fit
6823,fit
6824,fit
6825,fit
6826,fit
6827,test
6828,fit
6829,fit
6830,fit
6831,test
6832,fit
6833,fit
6834,calibration
6835,fit
6836,test
6837,test
6838,fit
6839,test
6840,test
6841,fit
6842,fit
6843,test
6844,fit
6845,fit
6846,test
6847,calibration
6848,fit
6849,fit
6850,fit
6851,test
6852,fit
6853,test
6854,fit
6855,calibration
6856,fit
6857,fit
6858,test
6859,fit
6860,calibration
6861,test
6862,fit
6863,fit
6864,test
6865,fit
6866,fit
6867,fit
6868,fit
6869,fit
6870,fit
6871,test
6872,fit
6873,fit
6874,fit
6875,calibration
6876,fit
6877,test
6878,calibration
6879,fit
6880,calibration
6881,fit
6882,test
6883,fit
6884,fit
6885,test
6886,test
6887,fit
6888,calibration
6889,fit
6890,fit
6891,fit
6892,fit
6893,fit
6894,calibration
6895,fit
6896,fit
6897,calibration
6898,test
6899,test
6900,fit
6901,fit
6902,calibration
6903,test
6904,calibration
6905,fit
6906,fit
6907,fit
6908,test
6909,fit
6910,calibration
6911,fit
6912,test
6913,test
6914,fit
6915,test
6916,fit
6917,calibration
6918,test
6919,calibration
6920,fit
6921,calibration
6922,calibration
6923,test
6924,fit
6925,fit
6926,fit
6927,fit
6928,calibration
6929,fit
6930,fit
6931,calibration
6932,calibration
6933,fit
6934,calibration
6935,calibration
6936,calibration
6937,test
6938,fit
6939,calibration
6940,fit
6941,calibration
6942,test
6943,fit
6944,calibration
6945,fit
6946,fit
6947,fit
6948,calibration
6949,fit
6950,test
6951,calibration
6952,test
6953,test
6954,test
6955,test
6956,calibration
6957,fit
6958,fit
6959,fit
6960,fit
6961,fit
6962,fit
6963,calibration
6964,calibration
6965,fit
6966,fit
6967,fit
6968,fit
6969,fit
6970,fit
6971,test
6972,fit
6973,fit
6974,fit
6975,calibration
6976,fit
6977,test
6978,fit
6979,fit
6980,calibration
6981,fit
6982,calibration
6983,fit
6984,fit
6985,fit
6986,calibration
6987,fit
6988,fit
6989,calibration
6990,fit
6991,fit
6992,calibration
6993,fit
6994,fit
6995,fit
6996,fit
6997,fit
6998,calibration
6999,fit
7000,fit
7001,calibration
7002,fit
7003,fit
7004,test
7005,fit
7006,fit
7007,test
7008,test
7009,calibration
7010,test
7011,fit
7012,calibration
7013,fit
7014,calibration
7015,test
7016,calibration
7017,fit
7018,calibration
7019,fit
7020,calibration
7021,fit
7022,test
7023,fit
7024,fit
7025,fit
7026,fit
7027,calibration
7028,fit
7029,fit
7030,fit
7031,fit
7032,test
7033,calibration
7034,fit
7035,test
7036,fit
7037,test
7038,fit
7039,test
7040,fit
7041,fit
7042,test
7043,fit
7044,calibration
7045,calibration
7046,calibration
7047,calibration
7048,test
7049,test
7050,calibration
7051,test
7052,calibration
7053,fit
7054,calibration
7055,fit
7056,fit
7057,test
7058,test
7059,fit
7060,test
7061,fit
7062,fit
7063,fit
7064,fit
7065,fit
7066,calibration
7067,fit
7068,fit
7069,fit
7070,fit
7071,test
7072,fit
7073,calibration
7074,test
7075,test
7076,fit
7077,fit
7078,test
7079,fit
7080,fit
7081,fit
7082,test
7083,fit
7084,calibration
7085,fit
7086,test
7087,fit
7088,calibration
7089,test
7090,calibration
7091,test
7092,test
7093,calibration
7094,fit
7095,test
7096,fit
7097,calibration
7098,test
7099,fit
7100,calibration
7101,calibration
7102,fit
7103,fit
7104,test
7105,test
7106,fit
7107,fit
7108,fit
7109,fit
7110,fit
7111,test
7112,calibration
7113,fit
7114,test
7115,calibration
7116,fit
7117,fit
7118,fit
7119,fit
7120,calibration
7121,calibration
7122,test
7123,test
7124,fit
7125,test
7126,fit
7127,test
7128,fit
7129,fit
7130,test
7131,fit
7132,fit
7133,test
7134,calibration
7135,fit
7136,fit
7137,test
7138,test
7139,fit
7140,calibration
7141,fit
7142,fit
7143,fit
7144,test
7145,calibration
7146,calibration
7147,test
7148,calibration
7149,fit
7150,fit
7151,fit
7152,fit
7153,fit
7154,fit
7155,test
7156,fit
7157,test
7158,fit
7159,fit
7160,calibration
7161,fit
7162,test
7163,fit
7164,calibration
7165,fit
7166,fit
7167,fit
7168,fit
7169,calibration
7170,fit
7171,fit
7172,test
7173,test
7174,fit
7175,test
7176,fit
7177,fit
7178,fit
7179,fit
7180,fit
7181,fit
7182,test
7183,fit
7184,fit
7185,fit
7186,test
7187,fit
7188,fit
7189,fit
7190,test
7191,fit
7192,test
7193,fit
7194,calibration
7195,fit
7196,fit
7197,fit
7198,fit
7199,test
7200,fit
7201,fit
7202,fit
7203,fit
7204,test
7205,fit
7206,test
7207,calibration
7208,test
7209,calibration
7210,test
7211,fit
7212,calibration
7213,test
7214,fit
7215,fit
7216,fit
7217,fit
7218,test
7219,fit
7220,calibration
7221,test
7222,calibration
7223,fit
7224,test
7225,calibration
7226,fit
7227,calibration
7228,test
7229,fit
7231,test
7232,fit
7233,calibration
7234,fit
7235,test
7236,fit
7237,calibration
7238,test
7239,fit
7240,calibration
7241,fit
7242,test
7243,fit
7244,fit
7245,fit
7246,fit
7247,fit
7248,test
7249,fit
7250,fit
7251,fit
7252,test
7253,fit
7254,fit
7255,fit
7256,test
7257,test
7258,fit
7259,calibration
7260,fit
7261,test
7262,fit
7263,fit
7264,calibration
7265,fit
7266,fit
7267,fit
7268,fit
7269,fit
7270,test
7271,calibration
7272,calibration
7273,calibration
7274,test
7275,calibration
7276,test
7278,fit
7279,calibration
7280,fit
7281,fit
7282,fit
7283,test
7284,fit
7286,test
7287,fit
7288,test
7289,calibration
7291,fit
7292,fit
7293,fit
7295,fit
7296,test
7297,fit
7298,calibration
7299,fit
7300,calibration
7301,test
7302,fit
7303,calibration
7304,fit
7305,calibration
7306,fit
7307,calibration
7308,fit
7309,fit
7310,fit
7311,fit
7312,fit
7313,test
7314,test
7315,fit
7316,calibration
7317,calibration
7318,test
7319,fit
7320,calibration
7321,calibration
7322,test
7323,test
7324,calibration
7325,fit
7326,fit
7327,calibration
7328,test
7330,fit
7331,fit
7332,fit
7333,test
7334,calibration
7335,fit
7336,fit
7337,fit
7338,fit
7339,fit
7340,calibration
7341,fit
7342,fit
7343,calibration
7344,calibration
7345,calibration
7346,fit
7347,fit
7348,fit
7349,fit
7350,fit
7351,test
7352,fit
7353,fit
7354,fit
7355,fit
7356,fit
7357,fit
7358,fit
7359,fit
7360,fit
7361,fit
7362,fit
7363,fit
7364,fit
7365,test
7366,calibration
7367,fit
7368,calibration
7369,fit
7370,fit
7371,calibration
7372,fit
7373,fit
7374,calibration
7375,fit
7376,test
7378,fit
7379,fit
7380,fit
7381,fit
7382,fit
7383,test
7384,fit
7385,fit
7386,fit
7387,test
7388,fit
7389,calibration
7390,fit
7391,fit
7392,fit
7393,calibration
7394,fit
7395,test
7396,test
7398,fit
7399,fit
7400,fit
7401,fit
7402,calibration
7403,fit
7404,test
7405,fit
7406,test
7407,test
7408,fit
7409,fit
7410,test
7411,fit
7412,fit
7413,test
7414,calibration
7415,fit
7416,fit
7417,test
7418,calibration
7419,fit
7420,test
7421,fit
7422,fit
7423,test
7424,fit
7426,calibration
7427,calibration
7428,fit
7429,fit
7430,test
7431,fit
7432,fit
7433,fit
7434,test
7435,test
7436,calibration
7437,fit
7438,fit
7439,test
7440,fit
7441,calibration
7442,fit
7443,test
7444,fit
7445,test
7446,calibration
7447,fit
7448,fit
7449,calibration
7450,fit
7451,fit
7452,fit
7453,fit
7454,fit
7455,test
7456,fit
7457,fit
7459,fit
7460,fit
7461,calibration
7462,fit
7463,test
7464,fit
7465,calibration
7466,calibration
7467,test
7468,fit
7469,fit
7471,fit
7472,test
7473,fit
7474,test
7475,fit
7477,fit
7478,fit
7479,fit
7480,test
7481,test
7482,fit
7483,fit
7484,fit
7485,fit
7486,calibration
7487,fit
7488,test
7489,test
7490,test
7491,test
7492,fit
7493,test
7494,fit
7495,test
7496,fit
7497,calibration
7498,test
7499,fit
7500,test
7501,calibration
7502,fit
7503,fit
7504,calibration
7505,fit
7506,test
7507,calibration
7508,test
7509,calibration
7510,test
7511,fit
7512,fit
7513,fit
7514,fit
7515,fit
7516,fit
7517,test
7518,test
7519,fit
7520,fit
7521,fit
7522,fit
7523,test
7524,test
7525,calibration
7527,fit
7528,fit
7529,fit
7530,fit
7531,fit
7532,fit
7533,calibration
7534,fit
7535,test
7536,fit
7537,fit
7538,fit
7539,fit
7540,test
7541,test
7542,test
7543,calibration
7544,calibration
7545,test
7546,fit
7547,fit
7548,calibration
7549,calibration
7550,calibration
7551,fit
7552,calibration
7553,test
7554,test
7555,fit
7556,calibration
7557,test
7558,fit
7559,calibration
7560,fit
7561,test
7562,test
7563,fit
7564,fit
7565,fit
7566,test
7567,test
7568,fit
7569,calibration
7570,calibration
7571,fit
7572,test
7573,fit
7574,fit
7575,fit
7577,fit
7578,fit
7579,fit
7580,fit
7581,fit
7582,test
7583,calibration
7584,test
7585,calibration
7586,calibration
7587,calibration
7588,fit
7589,fit
7590,fit
7592,fit
7593,fit
7594,calibration
7595,fit
7596,fit
7597,test
7598,fit
7599,fit
7600,fit
7601,calibration
7602,fit
7603,calibration
7604,calibration
7605,fit
7606,fit
7607,fit
7608,fit
7609,fit
7610,fit
7611,fit
7612,test
7613,test
7614,test
7616,fit
7617,calibration
7618,test
7619,fit
7620,fit
7621,fit
7622,fit
7623,fit
7624,fit
7625,fit
7626,test
7628,fit
7629,calibration
7630,calibration
7631,fit
7633,fit
7634,fit
7635,fit
7636,test
7637,fit
7638,test
7639,fit
7640,calibration
7641,calibration
7642,fit
7643,test
7644,calibration
7645,fit
7646,test
7647,fit
7648,test
7649,calibration
7650,fit
7651,fit
7652,fit
7653,fit
7654,calibration
7655,fit
7656,fit
7657,fit
7658,fit
7659,fit
7660,calibration
7661,fit
7662,calibration
7663,calibration
7665,fit
7666,calibration
7667,fit
7668,calibration
7669,test
7670,test
7671,fit
7672,fit
7673,calibration
7674,fit
7675,test
7676,test
7677,fit
7678,calibration
7679,fit
7680,calibration
7681,calibration
7682,test
7683,fit
7684,test
7685,fit
7686,calibration
7687,fit
7688,test
7689,fit
7690,calibration
7691,fit
7692,fit
7693,test
7694,calibration
7695,test
7698,fit
7699,fit
7700,fit
7701,fit
7702,fit
7703,calibration
7704,fit
7705,fit
7706,calibration
7707,fit
7708,fit
7709,calibration
7710,fit
7711,fit
7713,fit
7714,fit
7715,fit
7716,fit
7717,fit
7718,fit
7719,fit
7720,calibration
7721,test
7722,test
7723,fit
7724,fit
7725,fit
7726,test
7727,calibration
7728,test
7729,fit
7730,test
7731,fit
7732,fit
7733,test
7734,test
7735,fit
7736,test
7737,fit
7738,fit
7739,test
7740,fit
7742,fit
7743,fit
7744,fit
7745,test
7746,fit
7747,fit
7748,fit
7749,fit
7750,fit
7751,calibration
7752,fit
7753,fit
7754,test
7755,fit
7756,calibration
7757,calibration
7758,fit
7759,fit
7760,fit
7761,fit
7762,fit
7763,fit
7764,fit
7765,fit
7766,fit
7767,fit
7768,calibration
7769,fit
7770,calibration
7771,test
7772,fit
7773,calibration
7774,test
7775,fit
7776,calibration
7777,fit
7778,fit
7779,fit
7780,fit
7781,fit
7782,test
7783,calibration
7784,calibration
7785,test
7786,fit
7787,test
7788,fit
7789,fit
7790,fit
7791,calibration
7792,fit
7793,fit
7794,fit
7795,calibration
7796,fit
7797,calibration
7798,calibration
7799,test
7800,fit
7801,calibration
7802,fit
7803,fit
7804,fit
7805,fit
7806,fit
7807,fit
7808,fit
7809,fit
7810,fit
7811,fit
7812,test
7813,calibration
7814,test
7815,fit
7816,fit
7817,fit
7818,fit
7819,fit
7820,fit
7821,fit
7822,fit
7823,test
7824,fit
7825,fit
7826,test
7827,test
7828,test
7829,fit
7830,calibration
7831,test
7832,fit
7833,fit
7834,fit
7835,test
7836,test
7837,fit
7838,test
7839,test
7840,calibration
7841,test
7842,test
7844,fit
7845,fit
7846,test
7847,test
7848,fit
7849,fit
7850,calibration
7851,calibration
7852,fit
7853,fit
7854,test
7855,fit
7856,test
7857,fit
7860,fit
7861,calibration
7862,fit
7863,fit
7864,calibration
7865,test
7866,fit
7867,test
7868,fit
7869,fit
7870,fit
7871,fit
7872,test
7873,test
7874,test
7875,test
7876,calibration
7877,calibration
7878,fit
7879,fit
7880,calibration
7881,fit
7882,calibration
7883,fit
7884,fit
7885,fit
7887,fit
7888,fit
7889,test
7890,fit
7891,fit
7892,calibration
7893,fit
7894,fit
7895,calibration
7896,test
7897,test
7898,test
7899,fit
7900,test
7901,fit
7902,fit
7904,test
7905,fit
7906,fit
7907,fit
7908,fit
7909,test
7910,fit
7911,calibration
7912,fit
7913,fit
7914,fit
7915,fit
7916,fit
7917,fit
7918,calibration
7919,test
7920,test
7921,test
7922,fit
7924,test
7925,fit
7926,fit
7927,test
7928,fit
7929,fit
7930,calibration
7931,fit
7932,test
7933,fit
7934,fit
7935,calibration
7936,calibration
7937,fit
7938,fit
7939,fit
7940,fit
7941,test
7942,fit
7943,fit
7944,fit
7945,calibration
7946,fit
7947,calibration
7948,fit
7949,calibration
7950,calibration
7951,test
7952,calibration
7953,calibration
7954,fit
7955,fit
7956,calibration
7957,fit
7958,test
7959,fit
7960,test
7962,fit
7963,fit
7964,test
7965,fit
7966,fit
7967,fit
7968,fit
7969,calibration
7970,fit
7972,fit
7973,fit
7974,test
7976,test
7977,test
7979,fit
7980,fit
7981,fit
7982,fit
7983,fit
7984,fit
7985,fit
7986,fit
7987,fit
7988,fit
7989,fit
7990,calibration
7991,fit
7992,test
7993,fit
7994,fit
7995,fit
7996,fit
7997,calibration
7998,test
7999,calibration
8000,fit
8001,test
8002,fit
8003,test
8004,test
8005,fit
8006,fit
8007,fit
8008,fit
8009,test
8011,fit
8012,test
8013,fit
8014,test
8015,test
8016,test
8017,calibration
8018,test
8019,test
8020,test
8021,fit
8022,fit
8023,fit
8024,fit
8025,fit
8026,fit
8027,calibration
8028,calibration
8029,test
8030,calibration
8031,fit
8032,fit
8033,fit
8035,calibration
8036,test
8037,fit
8038,calibration
8039,calibration
8040,calibration
8041,fit
8042,fit
8043,fit
8044,test
8045,test
8046,fit
8047,fit
8048,fit
8049,calibration
8050,fit
8051,fit
8052,fit
8053,fit
8054,fit
8055,test
8056,test
8057,fit
8058,fit
8060,fit
8061,calibration
8062,test
8063,test
8064,test
8066,fit
8067,fit
8068,fit
8069,fit
8070,test
8071,fit
8072,calibration
8073,fit
8074,fit
8075,fit
8077,fit
8078,fit
8079,fit
8080,fit
8081,fit
8083,fit
8084,test
8085,fit
8086,fit
8087,test
8088,calibration
8089,fit
8090,fit
8092,calibration
8093,test
8094,fit
8095,test
8096,fit
8097,fit
8098,test
8099,fit
8100,test
8101,fit
8102,fit
8103,fit
8104,calibration
8106,test
8107,fit
8108,fit
8109,fit
8110,calibration
8111,test
8112,fit
8113,calibration
8114,fit
8115,fit
8116,fit
8117,test
8118,fit
8119,calibration
8120,test
8121,fit
8122,calibration
8123,test
8124,fit
8125,fit
8126,fit
8127,fit
8129,fit
8130,test
8131,test
8132,fit
8133,fit
8135,fit
8136,test
8137,fit
8138,fit
8139,test
8140,fit
8141,fit
8142,fit
8143,fit
8144,test
8145,test
8146,calibration
8147,fit
8148,test
8149,fit
8150,fit
8151,test
8152,fit
8153,fit
8154,fit
8155,test
8156,fit
8157,test
8158,test
8159,test
8160,fit
8161,test
8162,fit
8163,fit
8164,fit
8165,fit
8166,fit
8167,calibration
8168,fit
8169,fit
8171,test
8172,fit
8173,test
8174,calibration
8175,fit
8176,fit
8177,test
8178,fit
8179,calibration
8180,test
8181,fit
8182,fit
8183,calibration
8184,fit
8185,fit
8186,fit
8187,fit
8188,test
8189,fit
8190,fit
8191,fit
8192,calibration
8194,fit
8195,fit
8196,fit
8197,fit
8198,fit
8199,fit
8200,fit
8201,fit
8202,fit
8203,fit
8204,fit
8205,fit
8206,fit
8207,fit
8208,fit
8209,calibration
8210,test
8211,fit
8212,test
8213,fit
8214,calibration
8215,test
8216,test
8217,calibration
8218,fit
8219,calibration
8220,fit
8221,test
8222,fit
8223,fit
8224,calibration
8225,calibration
8226,fit
8227,fit
8228,fit
8229,test
8230,calibration
8231,calibration
8232,fit
8233,fit
8234,fit
8235,calibration
8236,test
8238,fit
8239,fit
8240,test
8241,fit
8242,fit
8243,test
8244,fit
8245,fit
8246,fit
8247,fit
8248,fit
8249,fit
8250,test
8253,fit
8254,fit
8255,fit
8256,fit
8257,fit
8259,calibration
8260,test
8261,fit
8262,calibration
8263,fit
8264,test
8265,fit
8266,fit
8267,fit
8268,fit
8269,fit
8270,test
8271,calibration
8272,calibration
8273,calibration
8274,fit
8275,fit
8276,fit
8277,test
8278,fit
8279,fit
8280,calibration
8281,calibration
8282,calibration
8283,test
8284,fit
8285,fit
8286,fit
8287,fit
8288,fit
8289,fit
8290,fit
8291,fit
8292,fit
8293,test
8294,test
8295,fit
8296,fit
8297,calibration
8298,test
8299,calibration
8300,fit
8301,fit
8302,fit
8303,fit
8304,fit
8305,test
8306,test
8307,fit
8308,fit
8309,fit
8310,test
8311,fit
8312,fit
8313,fit
8314,fit
8316,calibration
8317,fit
8318,fit
8319,fit
8321,fit
8322,test
8323,fit
8324,calibration
8325,fit
8326,calibration
8327,calibration
8328,fit
8329,test
8330,fit
8331,fit
8332,fit
8333,calibration
8334,test
8335,test
8336,fit
8337,test
8338,calibration
8339,fit
8340,fit
8341,test
8342,fit
8343,fit
8344,fit
8345,calibration
8346,test
8347,test
8348,test
8349,calibration
8350,fit
8351,fit
8352,fit
8353,calibration
8354,fit
8355,test
8356,test
8357,calibration
8358,fit
8359,fit
8360,fit
8361,fit
8362,fit
8363,test
8365,fit
8366,calibration
8367,fit
8369,calibration
8370,fit
8372,fit
8373,fit
8374,calibration
8375,fit
8376,fit
8377,fit
8378,fit
8379,fit
8380,test
8381,fit
8382,test
8383,calibration
8384,fit
8385,calibration
8386,calibration
8387,fit
8388,fit
8389,calibration
8390,test
8391,fit
8392,fit
8393,fit
8394,fit
8395,calibration
8396,fit
8397,test
8398,fit
8399,fit
8400,test
8401,fit
8402,fit
8403,test
8404,fit
8405,test
8406,test
8407,fit
8408,calibration
8409,test
8410,calibration
8411,test
8412,fit
8413,test
8414,fit
8415,calibration
8417,test
8418,fit
8419,test
8421,fit
8422,fit
8423,calibration
8424,calibration
8425,calibration
8426,fit
8427,fit
8428,calibration
8429,fit
8430,fit
8431,fit
8432,fit
8433,calibration
8434,fit
8435,fit
8436,test
8437,test
8438,fit
8439,test
8440,fit
8441,fit
8442,calibration
8443,fit
8444,fit
8445,test
8446,test
8447,test
8448,fit
8450,test
8451,fit
8453,fit
8454,test
8455,fit
8457,fit
8458,test
8459,fit
8460,fit
8461,fit
8462,fit
8464,fit
8466,fit
8467,fit
8468,fit
8469,fit
8470,test
8471,calibration
8472,fit
8473,fit
8474,fit
8475,fit
8476,fit
8477,fit
8478,fit
8479,fit
8480,fit
8481,fit
8482,fit
8483,fit
8484,fit
8485,calibration
8486,fit
8487,fit
8488,fit
8489,fit
8490,test
8491,calibration
8492,calibration
8493,fit
8494,fit
8495,fit
8496,fit
8497,fit
8498,test
8499,fit
8500,fit
8501,test
8503,fit
8504,calibration
8505,calibration
8506,calibration
8507,fit
8508,fit
8509,fit
8510,test
8511,fit
8513,fit
8514,fit
8515,test
8516,fit
8517,fit
8519,fit
8520,test
8521,calibration
8522,fit
8523,fit
8524,test
8525,calibration
8526,fit
8527,calibration
8528,test
8529,fit
8530,test
8531,fit
8532,calibration
8533,calibration
8534,fit
8535,fit
8536,calibration
8537,fit
8538,fit
8539,calibration
8540,calibration
8541,test
8542,calibration
8543,test
8544,fit
8545,fit
8546,fit
8547,test
8548,test
8549,fit
8550,fit
8552,fit
8553,test
8554,calibration
8555,fit
8556,fit
8557,calibration
8558,fit
8559,calibration
8560,fit
8561,fit
8562,fit
8563,test
8564,fit
8565,fit
8566,test
8567,fit
8568,fit
8569,fit
8570,calibration
8571,fit
8573,fit
8574,calibration
8575,fit
8576,fit
8577,fit
8578,fit
8579,test
8580,fit
8581,calibration
8582,fit
8583,fit
8584,test
8585,fit
8586,test
8587,calibration
8588,fit
8589,test
8590,fit
8591,fit
8592,test
8593,test
8595,test
8596,test
8597,fit
8598,fit
8599,fit
8600,fit
8601,calibration
8602,fit
8603,calibration
8604,test
8605,test
8606,fit
8607,fit
8608,calibration
8609,fit
8610,fit
8611,fit
8612,test
8613,test
8614,fit
8615,fit
8616,fit
8617,fit
8618,fit
8619,test
8620,calibration
8621,fit
8622,fit
8623,fit
8624,test
8625,fit
8626,fit
8627,fit
8628,fit
8629,calibration
8630,fit
8631,fit
8632,fit
8633,fit
8634,test
8635,fit
8636,fit
8637,fit
8638,test
8639,calibration
8640,test
8641,calibration
8642,fit
8644,fit
8645,test
8646,fit
8647,test
8648,fit
8649,fit
8650,calibration
8651,fit
8652,fit
8654,calibration
8655,fit
8656,fit
8657,calibration
8658,fit
8659,fit
8660,calibration
8661,fit
8662,fit
8663,test
8664,fit
8665,test
8666,fit
8667,fit
8668,fit
8670,fit
8671,calibration
8672,calibration
8673,calibration
8674,fit
8675,fit
8676,test
8677,fit
8678,fit
8679,fit
8680,fit
8681,fit
8682,fit
8684,calibration
8685,calibration
8686,calibration
8687,fit
8688,fit
8689,fit
8690,test
8692,test
8693,fit
8694,fit
8695,fit
8696,fit
8697,fit
8698,test
8699,calibration
8700,calibration
8701,calibration
8702,fit
8703,fit
8704,fit
8705,calibration
8706,fit
8707,fit
8708,fit
8709,fit
8710,fit
8711,calibration
8712,test
8713,fit
8714,fit
8715,test
8716,calibration
8717,fit
8718,calibration
8719,fit
8720,fit
8721,fit
8722,test
8723,fit
8724,fit
8725,test
8726,calibration
8727,fit
8728,fit
8729,test
8730,fit
8731,fit
8732,fit
8733,calibration
8734,calibration
8735,fit
8737,fit
8738,fit
8739,calibration
8741,fit
8742,fit
8743,fit
8744,fit
8745,fit
8746,calibration
8747,fit
8748,fit
8749,fit
8750,fit
8751,fit
8753,fit
8754,calibration
8755,fit
8756,calibration
8757,calibration
8758,fit
8759,test
8760,fit
8761,fit
8762,fit
8763,calibration
8764,calibration
8765,fit
8766,fit
8767,test
8768,fit
8769,calibration
8770,fit
8771,fit
8772,fit
8773,fit
8774,fit
8775,test
8776,fit
8778,fit
8779,test
8780,test
8781,fit
8782,test
8783,calibration
8784,fit
8785,calibration
8786,test
8787,fit
8788,test
8789,test
8790,test
8791,fit
8792,fit
8793,fit
8794,fit
8795,fit
8797,calibration
8798,test
8799,fit
8800,fit
8801,calibration
8802,fit
8803,fit
8804,test
8805,fit
8806,fit
8807,test
8808,fit
8809,test
8810,fit
8811,fit
8812,test
8813,fit
8814,test
8815,fit
8816,test
8817,fit
8818,fit
8819,fit
8820,fit
8822,test
8823,fit
8825,fit
8827,fit
8828,fit
8829,calibration
8830,fit
8831,test
8832,fit
8833,fit
8834,test
8835,calibration
8836,test
8837,fit
8838,fit
8839,fit
8840,calibration
8841,fit
8842,calibration
8843,fit
8844,fit
8845,calibration
8846,fit
8847,calibration
8848,test
8849,test
8850,calibration
8851,calibration
8852,fit
8854,fit
8855,fit
8856,calibration
8857,fit
8858,fit
8859,test
8860,fit
8861,calibration
8862,fit
8863,test
8864,calibration
8865,fit
8866,test
8867,test
8868,test
8869,fit
8870,fit
8871,fit
8872,calibration
8873,test
8874,fit
8875,calibration
8876,calibration
8877,test
8878,calibration
8879,fit
8880,calibration
8881,fit
8882,fit
8883,fit
8884,fit
8885,fit
8886,fit
8888,fit
8889,test
8890,fit
8891,test
8892,fit
8893,test
8895,calibration
8896,fit
8897,fit
8898,fit
8899,fit
8900,fit
8901,fit
8902,fit
8903,fit
8904,test
8905,fit
8906,fit
8907,calibration
8908,test
8909,fit
8910,fit
8911,fit
8912,calibration
8913,fit
8914,calibration
8916,calibration
8917,calibration
8918,calibration
8919,fit
8920,test
8921,fit
8922,fit
8923,fit
8924,calibration
8925,fit
8926,fit
8927,calibration
8928,fit
8929,calibration
8930,fit
8932,fit
8933,calibration
8934,fit
8935,fit
8936,test
8937,fit
8938,fit
8939,test
8940,fit
8942,fit
8943,fit
8944,fit
8945,fit
8946,calibration
8947,calibration
8948,fit
8949,fit
8950,calibration
8951,fit
8952,test
8953,fit
8954,test
8955,test
8956,fit
8957,test
8958,fit
8959,fit
8960,test
8961,calibration
8962,test
8963,test
8964,fit
8965,fit
8966,fit
8967,fit
8968,fit
8969,fit
8971,test
8972,calibration
8973,fit
8974,fit
8975,fit
8976,calibration
8977,fit
8978,test
8979,fit
8980,test
8981,fit
8982,calibration
8983,fit
8984,fit
8985,calibration
8986,test
8987,fit
8988,calibration
8989,fit
8990,fit
8992,calibration
8993,fit
8994,fit
8995,fit
8996,fit
8997,fit
8998,calibration
8999,fit
9000,test
9001,fit
9002,test
9003,test
9005,fit
9006,fit
9007,fit
9008,fit
9009,fit
9010,fit
9011,test
9012,test
9013,test
9014,test
9015,fit
9016,fit
9017,test
9018,fit
9019,fit
9020,test
9021,fit
9023,fit
9024,fit
9025,calibration
9026,fit
9027,calibration
9028,fit
9029,fit
9030,test
9032,calibration
9034,test
9035,fit
9036,fit
9037,fit
9038,calibration
9039,fit
9040,fit
9041,calibration
9042,fit
9043,calibration
9044,calibration
9045,fit
9046,fit
9047,test
9049,calibration
9050,fit
9051,calibration
9052,fit
9053,fit
9054,calibration
9055,fit
9056,fit
9057,calibration
9058,calibration
9059,fit
9060,fit
9061,test
9062,fit
9064,fit
9065,fit
9066,fit
9068,calibration
9069,test
9070,calibration
9071,fit
9072,test
9073,fit
9074,fit
9075,calibration
9076,fit
9077,calibration
9078,fit
9079,fit
9080,fit
9081,fit
9082,fit
9083,calibration
9084,calibration
9085,fit
9086,fit
9087,fit
9088,calibration
9089,fit
9090,calibration
9091,fit
9092,calibration
9093,fit
9094,test
9095,fit
9096,fit
9097,fit
9098,fit
9099,fit
9100,fit
9101,calibration
9102,fit
9103,test
9104,calibration
9105,fit
9106,fit
9107,fit
9108,test
9109,fit
9110,test
9111,test
9112,calibration
9113,fit
9114,test
9115,calibration
9116,fit
9117,test
9118,fit
9119,fit
9120,fit
9121,fit
9122,test
9123,fit
9124,fit
9125,test
9126,fit
9128,calibration
9129,calibration
9130,fit
9131,fit
9132,calibration
9133,test
9134,fit
9135,test
9136,fit
9137,fit
9138,test
9139,fit
9140,test
9141,calibration
9142,calibration
9143,fit
9144,fit
9145,fit
9146,fit
9147,calibration
9148,fit
9149,fit
9150,test
9152,fit
9153,test
9154,fit
9155,fit
9156,calibration
9157,fit
9158,fit
9159,fit
9160,fit
9161,fit
9163,test
9164,calibration
9165,test
9166,fit
9167,calibration
9168,fit
9169,fit
9170,fit
9171,fit
9172,fit
9173,fit
9174,calibration
9175,fit
9176,fit
9177,fit
9178,calibration
9179,fit
9180,test
9181,fit
9182,test
9183,fit
9184,fit
9186,fit
9187,test
9188,fit
9189,fit
9190,fit
9191,fit
9192,test
9193,fit
9194,fit
9195,calibration
9196,test
9197,fit
9198,fit
9199,calibration
9200,test
9201,test
9202,fit
9203,fit
9204,calibration
9205,test
9206,test
9207,fit
9209,fit
9210,fit
9211,fit
9212,test
9213,calibration
9214,fit
9215,fit
9216,fit
9217,fit
9218,fit
9219,fit
9220,fit
9221,fit
9222,test
9223,calibration
9224,fit
9225,fit
9226,fit
9227,fit
9228,fit
9229,fit
9230,fit
9231,fit
9232,fit
9233,fit
9234,test
9235,fit
9236,test
9237,test
9238,test
9239,test
9240,fit
9241,fit
9242,fit
9243,test
9244,fit
9245,fit
9246,fit
9248,fit
9249,test
9250,calibration
9251,fit
9252,test
9253,fit
9254,calibration
9255,fit
9256,calibration
9257,fit
9258,test
9259,fit
9260,test
9261,fit
9262,calibration
9263,calibration
9264,calibration
9265,fit
9266,fit
9267,fit
9268,fit
9269,fit
9270,test
9271,fit
9272,fit
9273,test
9274,calibration
9275,fit
9276,fit
9277,fit
9278,fit
9279,test
9280,calibration
9281,calibration
9282,test
9283,calibration
9284,fit
9285,fit
9286,fit
9287,fit
9288,fit
9289,fit
9290,fit
9291,fit
9292,fit
9293,test
9294,fit
9295,calibration
9296,fit
9297,calibration
9298,test
9299,test
9300,fit
9301,fit
9303,fit
9304,test
9305,fit
9306,fit
9307,fit
9308,test
9309,calibration
9311,calibration
9312,fit
9313,fit
9314,fit
9315,calibration
9316,calibration
9317,fit
9318,fit
9319,test
9320,fit
9321,calibration
9322,calibration
9323,test
9324,test
9325,test
9326,calibration
9327,calibration
9328,test
9329,calibration
9330,fit
9331,test
9332,test
9333,fit
9334,calibration
9335,calibration
9336,calibration
9337,calibration
9338,fit
9339,fit
9340,fit
9341,fit
9342,calibration
9344,fit
9345,fit
9347,test
9348,fit
9349,fit
9350,fit
9351,test
9352,fit
9353,fit
9354,calibration
9355,fit
9356,fit
9357,calibration
9358,fit
9359,fit
9360,fit
9361,calibration
9362,fit
9363,fit
9364,fit
9365,fit
9366,test
9367,fit
9369,fit
9370,fit
9371,fit
9373,test
9374,fit
9375,fit
9376,fit
9377,test
9378,calibration
9379,fit
9380,fit
9381,fit
9382,calibration
9383,test
9384,test
9385,fit
9386,test
9388,test
9389,fit
9390,calibration
9391,test
9392,fit
9393,fit
9394,fit
9395,test
9396,calibration
9397,fit
9399,calibration
9400,calibration
9401,test
9402,fit
9403,test
9404,calibration
9405,fit
9406,fit
9407,fit
9408,fit
9409,fit
9410,calibration
9411,fit
9412,test
9413,calibration
9414,calibration
9415,fit
9416,calibration
9417,calibration
9418,fit
9419,fit
9420,fit
9421,calibration
9422,fit
9423,fit
9424,fit
9426,fit
9427,fit
9428,fit
9429,fit
9430,test
9431,fit
9432,fit
9433,fit
9434,fit
9435,fit
9436,calibration
9437,fit
9438,test
9439,fit
9440,fit
9441,fit
9442,fit
9443,fit
9444,fit
9445,test
9446,fit
9447,test
9448,test
9449,calibration
9450,test
9451,test
9452,test
9453,fit
9454,test
9455,fit
9456,fit
9457,fit
9458,test
9459,calibration
9460,fit
9461,fit
9462,fit
9463,fit
9464,fit
9465,calibration
9466,test
9467,fit
9469,fit
9470,calibration
9472,fit
9473,fit
9474,calibration
9475,fit
9476,calibration
9478,fit
9479,fit
9481,test
9482,fit
9483,calibration
9484,fit
9485,test
9486,calibration
9487,fit
9488,test
9489,fit
9490,calibration
9491,fit
9492,calibration
9493,test
9494,fit
9495,fit
9496,fit
9497,fit
9498,fit
9499,calibration
9500,test
9501,fit
9502,test
9503,test
9504,fit
9505,fit
9506,fit
9507,fit
9508,fit
9509,fit
9510,fit
9511,test
9512,fit
9513,fit
9514,fit
9515,fit
9516,calibration
9517,fit
9518,fit
9519,test
9520,calibration
9521,fit
9522,fit
9523,fit
9524,fit
9525,calibration
9526,fit
9527,calibration
9528,calibration
9529,calibration
9530,fit
9531,fit
9532,fit
9533,fit
9534,fit
9535,fit
9536,fit
9537,calibration
9538,calibration
9539,calibration
9540,fit
9541,calibration
9542,test
9543,test
9544,calibration
9545,calibration
9546,fit
9547,calibration
9548,fit
9549,calibration
9550,fit
9551,fit
9552,calibration
9553,calibration
9554,fit
9555,fit
9556,fit
9557,fit
9558,test
9559,calibration
9560,fit
9561,calibration
9562,test
9563,fit
9564,fit
9565,test
9566,calibration
9567,test
9568,test
9569,calibration
9570,fit
9572,fit
9573,test
9574,fit
9575,calibration
9576,calibration
9577,fit
9578,test
9580,fit
9581,fit
9582,fit
9583,calibration
9584,fit
9585,fit
9586,fit
9587,calibration
9588,fit
9589,fit
9590,calibration
9591,fit
9592,fit
9593,fit
9594,calibration
9595,fit
9596,fit
9597,fit
9598,test
9599,fit
9600,fit
9601,fit
9602,fit
9603,calibration
9604,calibration
9605,fit
9606,fit
9607,fit
9608,fit
9609,fit
9610,calibration
9611,test
9612,calibration
9613,test
9614,fit
9615,fit
9616,calibration
9617,test
9618,fit
9619,fit
9620,calibration
9622,fit
9623,calibration
9624,calibration
9625,test
9626,test
9627,test
9628,fit
9629,fit
9630,test
9631,fit
9632,test
9633,fit
9635,fit
9636,fit
9637,fit
9638,fit
9639,fit
9640,calibration
9641,test
9642,fit
9643,fit
9644,test
9645,fit
9646,fit
9647,fit
9648,test
9649,calibration
9650,fit
9651,test
9652,calibration
9653,fit
9654,calibration
9655,fit
9656,fit
9657,fit
9658,fit
9659,fit
9660,fit
9661,fit
9662,test
9663,calibration
9664,fit
9665,fit
9666,fit
9667,fit
9668,fit
9669,fit
9670,fit
9671,fit
9672,calibration
9673,fit
9674,calibration
9675,calibration
9676,calibration
9677,fit
9678,test
9679,test
9680,test
9681,calibration
9682,fit
9683,fit
9684,fit
9685,calibration
9686,fit
9687,fit
9688,fit
9689,fit
9690,fit
9691,fit
9693,calibration
9694,fit
9695,fit
9696,fit
9697,fit
9698,calibration
9699,fit
9700,fit
9701,calibration
9703,fit
9704,calibration
9705,fit
9706,fit
9707,calibration
9708,fit
9709,test
9710,fit
9711,fit
9712,fit
9713,test
9714,fit
9715,calibration
9716,test
9717,fit
9718,calibration
9719,fit
9720,fit
9721,fit
9722,fit
9723,test
9724,test
9725,test
9726,test
9727,test
9728,test
9729,fit
9730,test
9731,fit
9732,fit
9733,test
9734,test
9735,calibration
9737,fit
9739,fit
9741,fit
9742,fit
9743,fit
9744,fit
9745,fit
9746,fit
9747,calibration
9748,fit
9749,fit
9750,fit
9751,calibration
9752,calibration
9753,test
9754,test
9755,fit
9756,fit
9757,calibration
9758,fit
9759,fit
9760,fit
9761,fit
9762,fit
9763,fit
9764,fit
9766,calibration
9767,fit
9768,calibration
9769,test
9770,fit
9771,fit
9772,fit
9773,calibration
9774,fit
9775,fit
9776,test
9777,fit
9778,test
9779,fit
9780,calibration
9781,test
9782,fit
9783,calibration
9784,fit
9785,calibration
9786,fit
9787,fit
9788,test
9789,calibration
9790,calibration
9791,test
9792,calibration
9793,fit
9794,calibration
9795,fit
9796,calibration
9797,fit
9798,fit
9799,fit
9800,fit
9801,fit
9802,fit
9804,test
9805,fit
9806,fit
9807,fit
9809,calibration
9810,fit
9811,fit
9812,fit
9813,test
9814,calibration
9816,fit
9817,fit
9818,test
9819,test
9820,fit
9821,fit
9822,fit
9823,fit
9824,test
9825,fit
9826,fit
9827,fit
9829,fit
9830,fit
9831,fit
9832,test
9833,fit
9834,calibration
9835,fit
9836,fit
9837,test
9838,test
9839,calibration
9840,calibration
9841,fit
9842,fit
9843,fit
9844,fit
9845,fit
9846,calibration
9847,test
9848,test
9849,fit
9850,test
9851,fit
9852,test
9853,fit
9854,fit
9856,test
9857,fit
9858,test
9859,fit
9860,fit
9861,calibration
9862,calibration
9863,calibration
9864,calibration
9865,fit
9866,fit
9867,test
9868,fit
9869,test
9870,fit
9871,fit
9872,test
9873,fit
9874,calibration
9875,fit
9876,fit
9877,fit
9878,fit
9879,fit
9880,calibration
9881,fit
9882,fit
9883,fit
9884,fit
9885,calibration
9886,test
9887,test
9888,fit
9889,fit
9890,calibration
9891,fit
9892,fit
9893,fit
9894,fit
9895,fit
9896,fit
9897,test
9898,fit
9899,calibration
9900,calibration
9901,fit
9902,fit
9903,fit
9904,fit
9905,fit
9906,test
9907,fit
9908,fit
9909,test
9910,fit
9911,fit
9912,fit
9913,fit
9914,fit
9916,fit
9917,fit
9918,calibration
9919,test
9920,calibration
9921,fit
9922,calibration
9923,calibration
9925,calibration
9926,fit
9927,calibration
9928,fit
9929,test
9930,fit
9931,fit
9932,calibration
9933,fit
9934,fit
9935,fit
9936,fit
9937,calibration
9938,test
9939,test
9940,calibration
9941,fit
9942,fit
9943,fit
9945,fit
9946,fit
9947,fit
9948,fit
9949,fit
9951,test
9952,calibration
9953,test
9954,fit
9955,fit
9956,calibration
9957,fit
9958,calibration
9959,fit
9960,fit
9961,fit
9962,calibration
9963,fit
9964,fit
9965,fit
9966,fit
9967,test
9968,calibration
9969,fit
9970,fit
9971,fit
9972,calibration
9973,fit
9974,fit
9975,fit
9976,test
9977,fit
9978,calibration
9979,fit
9980,fit
9981,fit
9982,fit
9983,fit
9984,fit
9985,fit
9986,calibration
9987,calibration
9988,fit
9989,test
9990,test
9991,fit
9992,fit
9993,fit
9994,fit
9995,calibration
9996,fit
9997,test
9998,fit
9999,fit
10000,fit
10001,fit
10002,fit
10003,fit
10004,fit
10005,fit
10006,fit
10007,test
10008,fit
10009,fit
10010,calibration
10011,fit
10012,fit
10013,fit
10014,fit
10015,fit
10016,fit
10017,fit
10018,test
10019,fit
10020,test
10021,fit
10022,fit
10023,fit
10024,fit
10025,fit
10026,fit
10027,test
10028,fit
10029,fit
10030,fit
10031,fit
10032,fit
10033,fit
10034,fit
10035,fit
10036,fit
10037,fit
10038,fit
10039,fit
10040,fit
10041,fit
10042,fit
10043,test
10044,calibration
10045,calibration
10046,fit
10047,fit
10048,fit
10049,fit
10050,test
10051,fit
10052,fit
10053,fit
10054,fit
10056,fit
10057,calibration
10058,calibration
10059,fit
10060,fit
10061,fit
10062,test
10063,fit
10064,test
10065,fit
10066,fit
10067,calibration
10068,fit
10069,test
10070,test
10072,fit
10073,test
10074,calibration
10075,fit
10076,fit
10077,fit
10078,test
10079,fit
10080,fit
10081,fit
10082,fit
10083,fit
10084,fit
10085,test
10086,fit
10087,fit
10088,fit
10089,test
10090,fit
10091,test
10092,calibration
10093,fit
10094,calibration
10095,test
10096,fit
10097,test
10098,test
10099,calibration
10100,fit
10101,fit
10102,calibration
10103,fit
10104,fit
10106,fit
10107,fit
10108,fit
10109,fit
10110,fit
10111,fit
10112,fit
10113,fit
10114,fit
10115,test
10116,fit
10117,fit
10118,calibration
10119,fit
10120,fit
10121,fit
10122,test
10123,fit
10124,fit
10125,calibration
10126,test
10127,test
10128,fit
10129,fit
10130,test
10131,test
10132,calibration
10133,fit
10134,fit
10135,test
10136,calibration
10137,fit
10138,test
10139,fit
10140,test
10141,fit
10142,fit
10143,calibration
10144,test
10145,fit
10146,calibration
10147,fit
10149,fit
10150,fit
10151,fit
10152,fit
10153,test
10154,test
10155,test
10156,fit
10157,calibration
10158,fit
10159,calibration
10161,fit
10162,calibration
10163,fit
10164,fit
10165,calibration
10166,fit
10167,fit
10169,fit
10170,fit
10171,calibration
10172,test
10173,fit
10174,fit
10175,fit
10176,fit
10177,fit
10178,test
10179,fit
10180,calibration
10181,fit
10182,fit
10183,fit
10184,fit
10185,test
10186,test
10187,fit
10188,calibration
10189,fit
10190,calibration
10191,fit
10192,fit
10194,fit
10195,fit
10196,calibration
10197,test
10198,fit
10199,calibration
10200,test
10201,fit
10202,fit
10203,fit
10204,fit
10205,test
10206,calibration
10207,calibration
10208,fit
10209,fit
10210,fit
10212,fit
10213,fit
10214,fit
10215,calibration
10216,fit
10217,fit
10218,fit
10219,calibration
10220,test
10221,fit
10222,fit
10223,calibration
10225,fit
10226,fit
10227,fit
10228,calibration
10229,fit
10230,fit
10231,fit
10233,fit
10234,fit
10235,test
10236,fit
10237,test
10238,fit
10240,test
10241,fit
10242,calibration
10243,fit
10244,calibration
10245,fit
10246,fit
10247,calibration
10248,fit
10249,fit
10250,fit
10251,fit
10252,fit
10253,fit
10255,calibration
10257,fit
10258,test
10259,fit
10260,test
10261,fit
10262,test
10263,fit
10264,fit
10265,test
10266,test
10267,calibration
10268,fit
10269,fit
10270,calibration
10272,fit
10273,calibration
10274,fit
10275,fit
10276,fit
10277,fit
10278,fit
10279,test
10280,test
10281,fit
10282,calibration
10283,test
10284,fit
10285,fit
10286,test
10287,calibration
10288,test
10289,fit
10290,calibration
10291,calibration
10292,fit
10293,calibration
10294,test
10295,fit
10296,fit
10297,fit
10298,fit
10299,fit
10300,fit
10301,fit
10302,fit
10303,test
10304,calibration
10305,calibration
10306,fit
10307,fit
10308,test
10309,fit
10310,fit
10311,fit
10312,fit
10313,test
10314,test
10315,fit
10316,calibration
10317,fit
10318,fit
10319,fit
10320,fit
10321,test
10322,fit
10323,fit
10324,fit
10325,fit
10326,test
10327,fit
10328,fit
10329,fit
10330,calibration
10331,fit
10332,fit
10333,fit
10335,fit
10336,calibration
10337,test
10338,fit
10339,calibration
10340,fit
10341,fit
10342,fit
10343,fit
10344,calibration
10345,test
10346,calibration
10347,calibration
10348,fit
10349,fit
10350,calibration
10351,test
10352,fit
10353,calibration
10354,test
10355,test
10356,calibration
10357,fit
10358,calibration
10359,test
10360,fit
10361,test
10362,fit
10363,fit
10364,fit
10366,calibration
10367,fit
10368,test
10369,fit
10370,calibration
10371,fit
10372,test
10373,test
10374,fit
10375,fit
10376,fit
10377,fit
10378,fit
10379,test
10382,fit
10383,test
10384,fit
10385,fit
10386,fit
10388,calibration
10389,fit
10390,fit
10391,fit
10392,fit
10393,fit
10394,calibration
10395,fit
10396,fit
10397,calibration
10398,fit
10399,fit
10400,fit
10401,fit
10402,fit
10403,fit
10404,fit
10405,calibration
10407,fit
10408,fit
10410,calibration
10411,test
10412,calibration
10413,fit
10414,fit
10415,fit
10416,test
10417,fit
10418,fit
10419,fit
10420,fit
10422,test
10423,fit
10424,fit
10425,test
10426,fit
10427,fit
10428,calibration
10429,fit
10430,fit
10431,fit
10432,calibration
10433,fit
10434,calibration
10435,fit
10436,fit
10437,fit
10438,fit
10439,calibration
10440,test
10441,test
10442,test
10444,test
10445,fit
10446,test
10448,fit
10449,fit
10450,fit
10451,fit
10452,test
10453,fit
10454,test
10455,test
10456,fit
10457,fit
10458,fit
10459,fit
10460,fit
10461,test
10462,fit
10463,fit
10464,fit
10465,test
10466,fit
10467,fit
10468,fit
10470,fit
10471,fit
10472,fit
10473,fit
10474,fit
10475,test
10476,test
10477,fit
10478,fit
10479,test
10480,fit
10481,calibration
10482,fit
10483,fit
10484,fit
10485,calibration
10486,fit
10487,fit
10488,fit
10489,fit
10490,calibration
10491,test
10492,test
10493,test
10494,calibration
10495,fit
10496,fit
10497,fit
10498,fit
10499,fit
10500,fit
10501,fit
10502,fit
10503,fit
10504,fit
10505,test
10506,fit
10508,test
10509,calibration
10511,test
10512,calibration
10513,test
10514,calibration
10515,calibration
10516,fit
10518,calibration
10519,fit
10520,fit
10521,test
10522,fit
10523,fit
10524,test
10525,fit
10526,test
10527,calibration
10528,calibration
10529,fit
10530,calibration
10531,fit
10533,test
10534,fit
10535,fit
10536,calibration
10537,fit
10538,fit
10539,fit
10541,fit
10542,fit
10543,fit
10544,fit
10545,fit
10546,fit
10547,test
10548,fit
10549,fit
10550,calibration
10551,fit
10552,fit
10553,test
10554,fit
10555,test
10556,fit
10557,calibration
10558,fit
10560,test
10561,fit
10562,fit
10563,calibration
10564,fit
10565,test
10566,fit
10567,fit
10568,fit
10569,fit
10570,fit
10571,fit
10572,calibration
10573,fit
10574,calibration
10575,fit
10576,fit
10577,calibration
10578,test
10579,calibration
10580,calibration
10581,fit
10582,fit
10583,fit
10584,fit
10585,fit
10586,fit
10587,test
10588,calibration
10589,test
10590,test
10591,fit
10593,test
10594,fit
10595,test
10596,calibration
10597,fit
10598,calibration
10599,calibration
10600,test
10601,calibration
10602,calibration
10603,fit
10605,fit
10606,fit
10607,calibration
10609,fit
10610,fit
10611,fit
10612,fit
10613,test
10614,fit
10615,fit
10616,test
10617,fit
10618,fit
10619,calibration
10620,fit
10621,test
10622,fit
10623,test
10624,calibration
10625,fit
10626,test
10627,fit
10628,fit
10629,fit
10630,fit
10631,fit
10632,fit
10633,calibration
10634,calibration
10635,fit
10636,fit
10637,fit
10638,fit
10639,fit
10640,test
10641,fit
10642,calibration
10643,fit
10644,fit
10645,calibration
10646,fit
10647,fit
10648,fit
10649,test
10653,fit
10654,calibration
10655,fit
10656,calibration
10657,calibration
10658,fit
10659,fit
10660,fit
10661,test
10662,fit
10663,fit
10664,test
10665,fit
10666,fit
10667,fit
10668,test
10669,calibration
10670,test
10671,fit
10672,fit
10673,test
10674,fit
10675,fit
10676,fit
10677,fit
10678,fit
10679,test
10680,fit
10681,test
10682,fit
10683,fit
10684,fit
10685,calibration
10686,fit
10687,calibration
10688,fit
10689,fit
10690,calibration
10691,fit
10692,fit
10693,fit
10694,calibration
10695,test
10696,test
10698,fit
10699,fit
10700,fit
10701,calibration
10702,fit
10703,fit
10704,fit
10705,test
10706,test
10707,calibration
10708,calibration
10709,calibration
10710,fit
10712,fit
10713,calibration
10715,calibration
10716,test
10717,calibration
10718,fit
10720,calibration
10721,fit
10722,fit
10723,fit
10724,test
10725,test
10726,test
10727,fit
10728,test
10729,fit
10730,fit
10731,fit
10732,test
10734,fit
10736,calibration
10737,fit
10738,fit
10739,test
10740,test
10741,calibration
10742,calibration
10743,fit
10744,fit
10745,test
10746,test
10747,calibration
10748,fit
10749,fit
10750,test
10751,fit
10752,test
10753,calibration
10755,calibration
10756,fit
10757,calibration
10758,fit
10759,calibration
10760,calibration
10761,test
10762,fit
10763,fit
10764,fit
10765,test
10766,calibration
10767,test
10768,fit
10769,test
10770,fit
10771,fit
10772,fit
10773,fit
10774,calibration
10775,test
10776,fit
10777,fit
10778,fit
10779,calibration
10780,test
10781,fit
10782,test
10784,fit
10785,calibration
10786,fit
10787,calibration
10788,fit
10789,test
10790,fit
10791,fit
10792,fit
10793,fit
10794,fit
10795,fit
10796,test
10797,fit
10798,calibration
10799,fit
10800,fit
10801,fit
10802,test
10803,test
10804,fit
10805,fit
10806,test
10807,calibration
10808,fit
10809,fit
10810,fit
10811,test
10812,fit
10813,calibration
10814,fit
10815,fit
10816,fit
10817,test
10818,fit
10819,test
10820,calibration
10821,test
10822,fit
10823,test
10824,fit
10825,fit
10826,fit
10827,fit
10828,fit
10829,calibration
10830,test
10831,calibration
10832,fit
10833,test
10834,fit
10835,fit
10836,test
10837,fit
10839,fit
10842,test
10843,fit
10844,calibration
10845,calibration
10846,calibration
10847,calibration
10848,calibration
10849,fit
10850,calibration
10851,fit
10852,test
10853,fit
10854,test
10855,fit
10856,fit
10857,test
10858,fit
10859,test
10860,fit
10861,calibration
10862,fit
10863,fit
10864,fit
10865,fit
10866,fit
10867,fit
10868,fit
10869,fit
10870,fit
10871,calibration
10872,fit
10873,fit
10874,test
10875,calibration
10876,test
10877,fit
10878,fit
10879,calibration
10880,test
10881,fit
10883,fit
10884,fit
10885,test
10886,test
10887,test
10888,fit
10889,test
10890,test
10891,fit
10892,calibration
10893,fit
10894,fit
10895,calibration
10896,calibration
10897,calibration
10898,fit
10899,calibration
10900,calibration
10901,fit
10902,fit
10903,fit
10904,fit
10905,fit
10906,fit
10907,fit
10908,test
10909,fit
10910,calibration
10911,fit
10912,fit
10913,calibration
10914,fit
10915,fit
10916,fit
10917,fit
10918,calibration
10919,test
10920,fit
10921,fit
10922,test
10923,fit
10925,fit
10926,calibration
10927,calibration
10928,fit
10929,calibration
10930,fit
10931,fit
10932,calibration
10934,test
10935,fit
10936,fit
10937,calibration
10938,fit
10939,calibration
10940,fit
10941,calibration
10942,calibration
10943,calibration
10944,fit
10945,fit
10946,fit
10947,fit
10948,fit
10949,fit
10950,fit
10951,fit
10952,calibration
10953,fit
10954,calibration
10955,fit
10956,fit
10957,fit
10958,test
10959,test
10960,fit
10961,fit
10962,fit
10963,test
10964,fit
10965,fit
10966,calibration
10967,fit
10968,fit
10969,fit
10970,fit
10971,fit
10972,fit
10973,fit
10974,fit
10975,fit
10976,fit
10977,calibration
10978,fit
10979,fit
10980,test
10981,test
10982,fit
10984,fit
10985,fit
10986,fit
10987,fit
10988,fit
10989,fit
10990,fit
10993,calibration
10994,fit
10995,fit
10996,fit
10997,fit
10998,fit
10999,fit
11000,fit
11001,calibration
11002,fit
11003,test
11004,fit
11006,fit
11007,fit
11008,test
11009,test
11010,fit
11011,calibration
11012,test
11013,fit
11014,fit
11015,test
11016,fit
11017,fit
11018,test
11019,calibration
11020,fit
11021,fit
11022,test
11024,fit
11025,test
11026,fit
11027,fit
11028,fit
11029,fit
11030,calibration
11031,fit
11032,calibration
11033,fit
11034,test
11035,test
11036,fit
11037,test
11038,fit
11039,fit
11040,test
11041,test
11042,test
11044,fit
11045,fit
11046,test
11047,test
11048,fit
11049,fit
11050,fit
11051,fit
11052,fit
11053,fit
11054,fit
11055,calibration
11056,fit
11057,test
11058,test
11059,fit
11060,test
11061,test
11062,calibration
11063,fit
11065,fit
11066,fit
11067,fit
11068,fit
11069,calibration
11070,calibration
11071,fit
11072,calibration
11073,fit
11074,calibration
11075,fit
11076,fit
11077,fit
11078,fit
11079,test
11082,fit
11083,test
11084,test
11085,fit
11086,fit
11087,fit
11088,test
11089,fit
11090,fit
11091,test
11092,test
11093,test
11094,calibration
11095,fit
11096,fit
11097,fit
11098,fit
11099,fit
11100,fit
11101,fit
11102,calibration
11103,fit
11104,fit
11105,fit
11106,test
11107,calibration
11108,test
11109,fit
11110,calibration
11111,test
11112,test
11113,fit
11114,fit
11115,fit
11116,fit
11117,test
11118,test
11119,test
11120,test
11121,test
11122,fit
11123,calibration
11124,test
11125,fit
11126,fit
11127,test
11128,fit
11129,fit
11130,calibration
11131,calibration
11132,fit
11133,fit
11134,calibration
11135,fit
11136,fit
11137,fit
11138,calibration
11139,fit
11140,fit
11141,test
11142,test
11143,test
11144,fit
11145,fit
11146,fit
11147,calibration
11148,calibration
11149,fit
11150,test
11151,test
11152,fit
11153,calibration
11154,fit
11155,calibration
11156,fit
11157,fit
11158,fit
11159,fit
11160,fit
11161,calibration
11162,fit
11163,fit
11164,fit
11165,calibration
11167,fit
11168,fit
11169,calibration
11170,fit
11171,fit
11172,fit
11173,fit
11174,fit
11175,fit
11176,calibration
11177,fit
11178,fit
11179,calibration
11180,fit
11181,calibration
11182,calibration
11183,fit
11184,fit
11185,fit
11186,calibration
11187,fit
11188,test
11189,calibration
11190,fit
11191,calibration
11192,fit
11193,fit
11194,fit
11195,fit
11196,test
11197,calibration
11198,fit
11199,test
11200,fit
11201,fit
11202,fit
11203,fit
11204,fit
11205,calibration
11206,fit
11207,calibration
11208,test
11209,fit
11210,fit
11211,calibration
11212,fit
11213,test
11214,test
11215,fit
11216,fit
11217,calibration
11218,calibration
11219,calibration
11220,fit
11221,fit
11222,fit
11223,fit
11224,fit
11225,fit
11226,fit
11227,fit
11228,fit
11229,test
11230,fit
11231,fit
11232,fit
11233,calibration
11234,test
11235,fit
11236,fit
11237,test
11239,fit
11240,fit
11241,fit
11242,test
11243,test
11244,fit
11245,test
11246,test
11247,test
11248,calibration
11249,test
11250,fit
11251,fit
11252,fit
11253,fit
11254,fit
11256,fit
11257,fit
11258,test
11259,fit
11260,test
11261,fit
11262,calibration
11263,calibration
11264,fit
11265,calibration
11266,fit
11268,fit
11269,fit
11270,fit
11271,fit
11272,test
11273,fit
11274,calibration
11275,fit
11276,calibration
11277,calibration
11278,test
11279,fit
11280,fit
11281,fit
11282,fit
11283,fit
11284,fit
11285,calibration
11286,fit
11287,fit
11288,fit
11289,fit
11290,fit
11291,calibration
11292,test
11293,fit
11294,fit
11295,calibration
11296,test
11298,fit
11299,fit
11300,fit
11301,fit
11302,calibration
11303,fit
11304,calibration
11305,fit
11306,calibration
11307,fit
11308,test
11309,test
11310,fit
11311,fit
11312,fit
11313,fit
11314,fit
11315,fit
11316,test
11317,fit
11318,fit
11319,test
11320,fit
11321,test
11322,fit
11323,fit
11324,test
11325,fit
11326,fit
11329,fit
11330,fit
11331,fit
11332,calibration
11333,fit
11334,calibration
11336,fit
11337,calibration
11338,fit
11339,fit
11340,test
11341,test
11342,test
11343,fit
11344,fit
11345,fit
11346,test
11347,fit
11348,fit
11349,calibration
11350,calibration
11351,fit
11352,test
11353,fit
11354,fit
11355,fit
11356,test
11358,test
11359,test
11360,test
11361,calibration
11362,fit
11363,fit
11364,fit
11365,fit
11366,calibration
11367,test
11369,fit
11370,fit
11371,calibration
11372,test
11373,fit
11374,fit
11375,fit
11376,fit
11377,fit
11378,fit
11379,fit
11380,test
11381,fit
11382,test
11383,calibration
11384,fit
11385,fit
11386,fit
11387,fit
11388,fit
11389,fit
11390,fit
11391,fit
11392,test
11393,fit
11394,fit
11395,calibration
11397,fit
11398,fit
11399,fit
11401,test
11402,fit
11403,test
11404,fit
11405,fit
11406,calibration
11407,fit
11408,fit
11409,test
11410,calibration
11411,fit
11412,fit
11413,fit
11414,calibration
11415,fit
11416,test
11417,calibration
11418,fit
11419,test
11420,fit
11421,fit
11422,calibration
11423,fit
11424,test
11425,fit
11426,fit
11427,fit
11428,fit
11429,calibration
11430,fit
11431,fit
11432,fit
11433,fit
11434,fit
11435,fit
11436,fit
11437,fit
11438,fit
11439,test
11440,fit
11441,calibration
11442,fit
11443,calibration
11444,fit
11445,fit
11446,fit
11447,test
11448,fit
11449,fit
11450,test
11451,test
11452,test
11453,fit
11454,fit
11455,calibration
11456,calibration
11457,fit
11458,test
11459,calibration
11460,fit
11461,fit
11462,fit
11463,fit
11464,calibration
11465,fit
11466,test
11467,fit
11468,fit
11469,fit
11470,fit
11471,calibration
11472,fit
11473,calibration
11474,fit
11475,fit
11476,calibration
11477,test
11478,calibration
11480,test
11481,fit
11482,fit
11483,test
11484,fit
11485,fit
11486,fit
11487,fit
11488,test
11489,fit
11490,fit
11491,test
11492,fit
11493,fit
11494,fit
11495,fit
11496,test
11497,fit
11498,fit
11499,fit
11501,fit
11502,fit
11503,fit
11506,fit
11507,fit
11508,calibration
11509,calibration
11510,test
11511,fit
11512,fit
11513,test
11514,fit
11515,fit
11516,fit
11517,fit
11518,test
11519,fit
11520,fit
11521,fit
11522,fit
11524,fit
11525,calibration
11526,test
11527,test
11528,fit
11529,fit
11530,fit
11533,fit
11534,fit
11535,fit
11536,fit
11537,fit
11538,fit
11539,fit
11540,fit
11541,fit
11542,fit
11543,fit
11544,fit
11545,test
11546,fit
11547,calibration
11548,fit
11549,fit
11550,fit
11551,fit
11552,fit
11553,fit
11554,fit
11555,calibration
11556,fit
11557,calibration
11558,fit
11559,test
11560,fit
11561,fit
11562,fit
11563,fit
11564,fit
11565,fit
11566,fit
11567,test
11568,fit
11569,test
11570,fit
11571,fit
11572,fit
11573,calibration
11574,fit
11575,fit
11576,calibration
11577,fit
11578,calibration
11579,fit
11580,test
11581,fit
11582,fit
11583,fit
11584,test
11586,fit
11587,fit
11588,fit
11589,fit
11590,calibration
11591,fit
11592,fit
11593,fit
11594,fit
11595,fit
11596,calibration
11597,fit
11598,test
11599,fit
11601,fit
11602,test
11603,calibration
11604,test
11605,fit
11606,fit
11608,test
11609,calibration
11611,calibration
11612,fit
11613,test
11614,fit
11615,fit
11616,fit
11617,test
11618,calibration
11619,fit
11620,calibration
11621,fit
11622,fit
11623,fit
11624,test
11625,test
11626,calibration
11627,fit
11628,fit
11629,fit
11630,fit
11631,fit
11632,test
11633,fit
11634,fit
11635,fit
11636,test
11637,fit
11638,fit
11639,test
11640,fit
11641,fit
11642,fit
11643,fit
11644,fit
11645,fit
11646,fit
11647,fit
11648,fit
11649,test
11650,fit
11651,fit
11652,calibration
11653,fit
11654,fit
11655,fit
11656,fit
11657,fit
11658,fit
11659,fit
11660,test
11661,test
11662,fit
11663,fit
11664,calibration
11665,test
11666,calibration
11667,fit
11668,fit
11669,fit
11670,fit
11671,fit
11672,fit
11673,calibration
11674,calibration
11675,calibration
11676,fit
11677,test
11678,fit
11679,fit
11680,fit
11681,test
11682,fit
11683,fit
11684,fit
11685,fit
11686,calibration
11687,calibration
11688,fit
11689,fit
11690,test
11691,fit
11692,calibration
11693,fit
11694,fit
11695,calibration
11696,calibration
11697,test
11698,fit
11699,fit
11700,fit
11701,fit
11702,test
11703,fit
11704,test
11705,test
11706,fit
11707,fit
11709,fit
11711,calibration
11712,calibration
11713,fit
11714,fit
11715,fit
11716,fit
11717,fit
11718,fit
11719,fit
11720,calibration
11721,fit
11722,fit
11723,fit
11724,fit
11725,test
11726,test
11727,fit
11728,test
11729,fit
11730,fit
11731,calibration
11732,fit
11733,fit
11734,fit
11735,fit
11736,test
11737,fit
11738,fit
11739,test
11740,fit
11741,calibration
11742,fit
11743,test
11744,calibration
11745,fit
11746,fit
11747,test
11748,test
11749,fit
11750,test
11751,fit
11752,fit
11753,fit
11754,fit
11755,fit
11756,calibration
11757,fit
11758,fit
11759,calibration
11760,fit
11761,fit
11762,fit
11763,calibration
11764,fit
11765,calibration
11767,test
11768,fit
11769,test
11771,fit
11772,fit
11773,test
11774,calibration
11775,fit
11776,test
11777,calibration
11778,fit
11779,fit
11780,fit
11781,fit
11782,fit
11783,fit
11784,test
11785,fit
11786,calibration
11787,fit
11788,fit
11789,test
11790,fit
11791,fit
11792,fit
11793,fit
11794,test
11795,fit
11796,fit
11797,calibration
11798,fit
11799,test
11800,fit
11801,fit
11802,fit
11803,calibration
11804,fit
11805,fit
11806,fit
11807,fit
11808,fit
11809,fit
11810,calibration
11811,fit
11812,calibration
11813,fit
11814,fit
11815,fit
11816,calibration
11817,fit
11818,calibration
11819,fit
11820,fit
11821,test
11822,fit
11823,fit
11824,calibration
11825,fit
11826,fit
11827,fit
11828,fit
11829,calibration
11830,fit
11831,fit
11832,calibration
11833,test
11834,fit
11835,fit
11836,fit
11837,fit
11838,fit
11839,fit
11840,fit
11841,test
11842,calibration
11843,fit
11844,test
11845,test
11846,fit
11847,fit
11848,test
11849,fit
11850,test
11851,fit
11852,fit
11853,fit
11854,calibration
11855,test
11856,calibration
11857,fit
11858,fit
11860,fit
11861,test
11862,test
11864,fit
11865,calibration
11866,fit
11867,fit
11868,fit
11869,fit
11870,fit
11871,fit
11872,calibration
11873,test
11874,fit
11875,fit
11876,calibration
11877,test
11878,fit
11879,fit
11880,calibration
11881,fit
11882,test
11883,fit
11884,fit
11885,fit
11886,calibration
11887,fit
11888,fit
11889,calibration
11890,calibration
11891,fit
11892,test
11893,fit
11894,fit
11895,fit
11896,fit
11897,calibration
11898,fit
11899,fit
11900,fit
11901,calibration
11902,fit
11903,fit
11904,test
11905,calibration
11906,fit
11909,fit
11910,fit
11911,fit
11912,fit
11913,fit
11914,calibration
11915,fit
11916,fit
11917,fit
11918,fit
11919,calibration
11920,test
11921,calibration
11922,fit
11923,fit
11924,fit
11925,fit
11926,test
11927,fit
11928,test
11929,fit
11930,fit
11931,fit
11932,fit
11933,test
11934,fit
11935,test
11936,calibration
11937,fit
11938,calibration
11939,fit
11940,fit
11941,calibration
11943,calibration
11944,fit
11945,fit
11946,test
11947,fit
11948,test
11949,test
11950,fit
11951,fit
11952,calibration
11953,test
11954,fit
11955,fit
11956,test
11957,test
11958,fit
11959,fit
11960,calibration
11961,fit
11962,fit
11963,fit
11964,calibration
11965,test
11966,fit
11967,fit
11968,fit
11969,fit
11970,fit
11971,fit
11972,calibration
11973,test
11974,calibration
11975,fit
11976,fit
11978,fit
11979,test
11980,test
11981,fit
11982,calibration
11983,fit
11984,calibration
11985,test
11986,test
11987,fit
11988,fit
11989,test
11990,calibration
11991,fit
11992,fit
11993,fit
11994,fit
11995,fit
11996,fit
11997,fit
11998,test
11999,test
12000,test
12001,fit
12002,fit
12003,calibration
12004,fit
12005,fit
12006,fit
12007,fit
12008,fit
12009,test
12010,calibration
12011,calibration
12012,fit
12013,test
12014,fit
12015,fit
12016,calibration
12017,calibration
12018,test
12019,fit
12020,fit
12021,test
12022,calibration
12023,test
12024,fit
12025,calibration
12029,fit
12030,fit
12031,calibration
12032,calibration
12033,test
12034,fit
12035,fit
12036,fit
12037,fit
12038,fit
12039,fit
12040,fit
12041,fit
12042,fit
12043,fit
12044,calibration
12045,fit
12046,test
12047,fit
12048,fit
12049,fit
12050,test
12051,fit
12052,fit
12053,fit
12054,fit
12055,fit
12056,fit
12057,calibration
12058,test
12059,fit
12060,test
12061,calibration
12062,fit
12063,test
12064,fit
12065,calibration
12066,fit
12067,calibration
12068,test
12069,fit
12070,fit
12071,fit
12072,fit
12073,fit
12074,fit
12075,fit
12076,fit
12078,calibration
12079,fit
12080,fit
12081,fit
12082,fit
12083,test
12084,fit
12085,fit
12086,test
12087,test
12088,fit
12089,fit
12090,test
12091,fit
12092,fit
12093,calibration
12094,fit
12095,fit
12096,fit
12097,calibration
12098,calibration
12099,fit
12101,fit
12102,fit
12103,calibration
12104,fit
12105,fit
12106,fit
12107,test
12108,calibration
12109,fit
12110,fit
12111,fit
12112,fit
12113,fit
12114,fit
12115,fit
12116,fit
12118,fit
12119,fit
12120,fit
12121,fit
12122,test
12123,calibration
12124,fit
12125,test
12126,calibration
12127,fit
12128,fit
12129,fit
12130,test
12131,fit
12132,test
12133,test
12134,calibration
12135,fit
12136,calibration
12137,calibration
12138,fit
12139,fit
12140,fit
12141,fit
12142,fit
12143,fit
12144,test
12145,fit
12146,test
12147,fit
12148,test
12149,calibration
12150,test
12151,fit
12152,fit
12153,fit
12154,calibration
12155,calibration
12156,fit
12157,fit
12158,test
12159,calibration
12160,calibration
12161,test
12162,fit
12163,fit
12164,fit
12165,calibration
12166,fit
12167,test
12168,fit
12169,fit
12170,fit
12171,test
12172,fit
12173,calibration
12174,fit
12175,fit
12176,calibration
12177,calibration
12180,calibration
12181,fit
12182,fit
12183,fit
12184,fit
12185,fit
12186,fit
12187,test
12188,fit
12189,calibration
12190,fit
12191,fit
12192,test
12193,fit
12194,test
12195,calibration
12196,fit
12197,fit
12198,calibration
12200,test
12202,test
12203,fit
12204,test
12205,calibration
12206,fit
12207,fit
12208,fit
12209,test
12210,fit
12211,fit
12212,fit
12213,calibration
12214,test
12215,test
12216,fit
12217,test
12218,fit
12220,fit
12221,fit
12222,fit
12223,fit
12224,fit
12225,fit
12226,fit
12227,fit
12228,fit
12229,calibration
12230,calibration
12231,fit
12232,test
12233,calibration
12234,calibration
12235,test
12236,calibration
12237,calibration
12238,fit
12239,fit
12240,fit
12241,calibration
12242,fit
12244,fit
12245,calibration
12246,calibration
12247,test
12248,calibration
12249,test
12250,fit
12251,fit
12252,fit
12253,fit
12255,fit
12256,test
12257,fit
12258,fit
12259,fit
12260,fit
12261,fit
12262,fit
12263,fit
12264,calibration
12266,fit
12267,fit
12268,test
12269,fit
12270,test
12272,fit
12273,fit
12274,calibration
12275,test
12276,calibration
12277,calibration
12278,fit
12279,fit
12280,fit
12281,test
12282,fit
12283,fit
12284,fit
12285,fit
12286,test
12287,test
12289,calibration
12290,fit
12291,fit
12292,fit
12293,calibration
12294,calibration
12295,fit
12296,fit
12297,calibration
12298,fit
12299,calibration
12300,fit
12301,fit
12302,fit
12303,fit
12304,fit
12305,test
12306,fit
12307,fit
12308,fit
12309,fit
12310,fit
12311,test
12313,fit
12314,test
12315,fit
12316,fit
12317,fit
12318,fit
12319,fit
12320,calibration
12321,test
12322,fit
12323,test
12324,fit
12325,calibration
12326,test
12327,test
12328,fit
12329,fit
12330,fit
12331,fit
12332,test
12333,calibration
12334,fit
12335,fit
12336,fit
12337,calibration
12338,fit
12339,test
12340,fit
12341,fit
12342,fit
12343,calibration
12344,calibration
12345,fit
12346,fit
12347,fit
12348,calibration
12349,fit
12350,fit
12351,fit
12352,fit
12353,fit
12354,fit
12355,test
12356,fit
12357,fit
12358,fit
12359,fit
12360,fit
12361,test
12362,fit
12363,fit
12364,fit
12365,test
12366,fit
12367,fit
12368,fit
12369,fit
12370,fit
12371,calibration
12372,fit
12373,test
12374,fit
12375,calibration
12377,fit
12378,fit
12379,fit
12380,fit
12381,fit
12382,fit
12383,calibration
12384,test
12385,fit
12386,fit
12387,fit
12389,test
12390,fit
12391,test
12392,fit
12394,fit
12395,test
12396,calibration
12397,fit
12398,fit
12399,fit
12400,calibration
12401,test
12402,fit
12403,calibration
12404,fit
12405,test
12406,calibration
12407,fit
12408,calibration
12409,test
12411,fit
12412,fit
12413,fit
12414,calibration
12415,test
12416,fit
12417,fit
12418,calibration
12419,fit
12420,fit
12421,test
12422,fit
12423,test
12424,fit
12425,fit
12426,fit
12427,test
12428,test
12429,fit
12430,fit
12431,test
12432,fit
12434,test
12435,fit
12436,fit
12437,fit
12438,test
12439,fit
12440,calibration
12441,fit
12442,test
12443,fit
12444,fit
12445,calibration
12446,test
12447,calibration
12448,calibration
12449,fit
12450,fit
12452,test
12453,fit
12454,test
12455,calibration
12456,fit
12457,fit
12458,fit
12459,fit
12460,fit
12461,fit
12462,fit
12463,fit
12464,test
12465,test
12466,test
12467,calibration
12468,fit
12469,fit
12470,test
12471,test
12472,fit
12473,fit
12475,fit
12476,calibration
12477,calibration
12478,fit
12479,fit
12480,fit
12481,fit
12482,fit
12483,test
12484,calibration
12485,test
12486,fit
12487,test
12488,test
12489,fit
12490,fit
12491,test
12492,fit
12493,calibration
12494,fit
12496,calibration
12497,fit
12499,fit
12500,test
12502,calibration
12503,fit
12504,calibration
12505,calibration
12506,calibration
12507,test
12508,fit
12509,calibration
12510,test
12511,fit
12512,calibration
12513,fit
12514,calibration
12515,fit
12516,calibration
12517,test
12518,fit
12519,calibration
12520,fit
12521,test
12522,fit
12523,test
12524,fit
12525,fit
12526,calibration
12527,fit
12528,fit
12530,fit
12531,test
12532,fit
12533,test
12534,fit
12535,fit
12536,fit
12537,fit
12538,fit
12539,fit
12540,calibration
12541,fit
12542,calibration
12543,fit
12544,calibration
12545,fit
12547,calibration
12548,fit
12549,fit
12550,fit
12551,fit
12552,calibration
12553,fit
12554,fit
12555,fit
12556,fit
12557,fit
12558,fit
12559,fit
12560,test
12561,fit
12562,fit
12563,fit
12564,fit
12565,fit
12566,calibration
12567,test
12568,fit
12569,calibration
12570,fit
12571,fit
12572,fit
12573,fit
12574,fit
12575,calibration
12576,fit
12577,fit
12578,calibration
12579,fit
12580,fit
12581,fit
12582,calibration
12583,calibration
12584,test
12585,fit
12586,fit
12587,fit
12588,fit
12589,fit
12590,calibration
12591,calibration
12592,calibration
12593,fit
12594,calibration
12595,test
12596,fit
12597,calibration
12598,test
12599,fit
12600,test
12601,fit
12603,fit
12604,fit
12605,calibration
12606,test
12607,fit
12608,calibration
12609,fit
12610,fit
12611,fit
12612,fit
12613,calibration
12614,fit
12615,fit
12616,test
12617,calibration
12618,test
12619,calibration
12620,test
12621,calibration
12622,fit
12623,fit
12624,fit
12625,fit
12626,fit
12627,calibration
12628,fit
12629,fit
12630,fit
12631,fit
12632,calibration
12633,fit
12634,fit
12635,fit
12636,fit
12637,test
12638,fit
12640,fit
12641,fit
12642,calibration
12643,calibration
12644,fit
12645,fit
12646,fit
12647,calibration
12648,fit
12650,fit
12651,fit
12652,test
12653,fit
12654,fit
12655,fit
12656,test
12657,calibration
12658,test
12660,fit
12661,fit
12662,fit
12663,test
12664,test
12667,fit
12668,calibration
12669,fit
12670,fit
12671,fit
12672,fit
12673,fit
12674,calibration
12675,fit
12676,test
12677,calibration
12678,fit
12679,fit
12680,fit
12681,fit
12682,fit
12683,calibration
12684,fit
12685,calibration
12686,fit
12687,fit
12688,test
12689,calibration
12690,calibration
12691,fit
12692,fit
12693,fit
12694,fit
12695,fit
12696,test
12697,fit
12698,calibration
12699,test
12700,calibration
12701,fit
12702,calibration
12703,fit
12704,calibration
12705,fit
12706,test
12707,calibration
12708,calibration
12709,fit
12711,calibration
12712,fit
12713,fit
12714,fit
12715,calibration
12716,fit
12717,fit
12718,fit
12719,test
12720,fit
12721,fit
12722,fit
12723,fit
12724,test
12725,fit
12726,calibration
12727,fit
12728,test
12729,fit
12730,test
12731,fit
12732,calibration
12733,test
12734,test
12735,fit
12736,fit
12737,calibration
12738,fit
12739,fit
12740,calibration
12741,fit
12742,test
12743,test
12744,fit
12745,test
12746,calibration
12747,fit
12748,fit
12749,calibration
12750,fit
12751,fit
12752,test
12753,test
12754,fit
12755,calibration
12756,fit
12757,fit
12758,test
12760,calibration
12761,calibration
12762,fit
12763,fit
12764,calibration
12765,test
12766,calibration
12767,test
12768,fit
12770,calibration
12771,fit
12772,fit
12773,fit
12774,test
12775,fit
12776,calibration
12777,fit
12778,test
12779,calibration
12780,fit
12781,test
12782,test
12783,fit
12784,fit
12785,calibration
12786,calibration
12787,fit
12788,fit
12789,fit
12790,fit
12791,fit
12792,fit
12793,fit
12794,fit
12795,test
12796,fit
12797,calibration
12798,fit
12799,calibration
12800,calibration
12801,test
12802,fit
12803,test
12804,fit
12805,fit
12806,test
12807,calibration
12808,fit
12809,fit
12810,fit
12811,fit
12812,fit
12813,fit
12814,calibration
12815,test
12816,fit
12817,fit
12818,calibration
12819,fit
12820,fit
12821,fit
12822,calibration
12823,calibration
12825,fit
12826,fit
12827,fit
12828,fit
12829,calibration
12830,test
12831,fit
12832,fit
12834,fit
12835,calibration
12836,calibration
12837,test
12838,test
12839,fit
12840,test
12841,fit
12842,fit
12843,calibration
12844,fit
12845,calibration
12846,calibration
12847,calibration
12848,fit
12849,fit
12850,fit
12851,fit
12852,fit
12853,test
12854,test
12855,test
12856,fit
12857,fit
12858,fit
12859,fit
12860,fit
12861,calibration
12862,fit
12863,fit
12864,calibration
12865,fit
12866,test
12867,test
12868,fit
12869,test
12870,calibration
12871,fit
12872,calibration
12873,calibration
12874,fit
12875,test
12876,fit
12877,fit
12878,fit
12879,test
12880,fit
12881,fit
12882,fit
12883,fit
12884,fit
12885,fit
12886,test
12887,fit
12888,fit
12889,fit
12890,fit
12891,fit
12892,fit
12893,fit
12894,fit
12895,test
12896,fit
12897,test
12898,fit
12899,calibration
12900,fit
12901,test
12902,fit
12903,fit
12904,fit
12905,test
12906,fit
12907,fit
12909,fit
12910,calibration
12911,calibration
12912,fit
12913,fit
12914,test
12915,calibration
12916,fit
12917,test
12918,calibration
12919,test
12920,calibration
12921,calibration
12922,fit
12924,fit
12925,fit
12926,fit
12927,calibration
12928,test
12929,fit
12930,fit
12931,test
12932,test
12933,fit
12934,test
12935,calibration
12936,fit
12937,fit
12938,test
12939,fit
12940,fit
12941,test
12942,calibration
12943,test
12944,fit
12947,fit
12948,fit
12949,test
12950,fit
12951,fit
12952,fit
12953,fit
12954,fit
12955,fit
12956,fit
12957,calibration
12958,calibration
12959,fit
12960,fit
12961,fit
12962,test
12963,test
12964,calibration
12965,test
12966,fit
12968,fit
12970,calibration
12971,fit
12972,fit
12973,fit
12974,test
12975,fit
12976,fit
12977,test
12978,test
12979,fit
12980,fit
12981,calibration
12982,calibration
12983,test
12984,fit
12985,fit
12986,fit
12987,fit
12988,fit
12989,fit
12990,calibration
12991,test
12992,calibration
12993,calibration
12994,fit
12995,fit
12996,fit
12997,calibration
12998,fit
12999,fit
13000,fit
13001,fit
13002,calibration
13003,calibration
13004,fit
13005,fit
13006,test
13007,fit
13008,fit
13010,calibration
13011,calibration
13012,fit
13014,calibration
13015,test
13016,calibration
13017,test
13018,fit
13019,fit
13020,fit
13021,fit
13022,fit
13023,fit
13024,fit
13025,fit
13026,test
13027,fit
13028,fit
13029,test
13030,fit
13031,calibration
13032,test
13033,fit
13034,test
13035,fit
13036,fit
13037,test
13038,fit
13039,fit
13040,fit
13041,fit
13042,fit
13043,fit
13045,fit
13046,calibration
13047,fit
13048,fit
13049,fit
13050,fit
13051,test
13052,test
13053,fit
13054,fit
13055,fit
13056,test
13057,test
13058,fit
13059,fit
13060,test
13061,fit
13062,fit
13063,fit
13064,fit
13065,calibration
13066,test
13067,test
13068,test
13069,fit
13070,fit
13071,fit
13072,fit
13073,fit
13074,test
13075,calibration
13076,test
13077,fit
13078,fit
13079,fit
13080,fit
13081,fit
13082,test
13083,fit
13084,fit
13085,calibration
13086,fit
13087,calibration
13088,fit
13089,fit
13090,fit
13091,test
13092,test
13093,fit
13094,test
13096,fit
13097,fit
13098,fit
13099,fit
13100,test
13101,fit
13102,fit
13103,fit
13104,fit
13105,calibration
13106,fit
13107,fit
13108,test
13110,calibration
13111,fit
13113,fit
13114,calibration
13115,fit
13116,fit
13117,test
13118,calibration
13119,fit
13120,test
13121,test
13122,fit
13123,test
13124,test
13125,test
13126,fit
13127,calibration
13128,test
13129,test
13131,fit
13132,test
13133,fit
13134,fit
13135,fit
13136,fit
13137,test
13138,fit
13139,calibration
13140,fit
13141,calibration
13142,test
13143,fit
13144,fit
13145,calibration
13146,fit
13147,fit
13148,fit
13149,fit
13151,fit
13152,calibration
13153,fit
13154,fit
13155,test
13156,fit
13157,test
13158,test
13162,test
13163,calibration
13164,calibration
13165,fit
13166,fit
13167,fit
13168,test
13169,fit
13170,test
13171,calibration
13172,fit
13173,fit
13174,test
13175,fit
13176,fit
13177,calibration
13179,fit
13180,fit
13181,fit
13182,test
13183,fit
13184,test
13185,test
13186,fit
13187,fit
13188,calibration
13189,fit
13190,test
13191,fit
13192,calibration
13193,calibration
13194,calibration
13195,fit
13196,fit
13197,fit
13198,fit
13199,fit
13201,test
13202,test
13204,fit
13205,fit
13206,fit
13207,fit
13208,fit
13209,test
13210,fit
13211,fit
13212,fit
13213,test
13215,fit
13216,fit
13217,calibration
13218,fit
13219,fit
13220,fit
13221,fit
13222,fit
13223,calibration
13224,fit
13225,fit
13226,fit
13227,calibration
13228,fit
13229,fit
13230,fit
13231,fit
13232,fit
13233,fit
13234,fit
13235,fit
13236,fit
13237,test
13238,fit
13239,fit
13241,fit
13242,calibration
13243,fit
13244,fit
13245,fit
13246,test
13248,fit
13249,fit
13250,calibration
13251,fit
13252,fit
13253,fit
13254,calibration
13255,test
13256,fit
13257,calibration
13258,calibration
13259,fit
13260,calibration
13261,fit
13262,test
13263,fit
13264,fit
13266,calibration
13267,fit
13268,calibration
13269,calibration
13270,fit
13271,test
13272,test
13273,fit
13274,fit
13275,fit
13276,test
13277,calibration
13278,test
13279,fit
13280,calibration
13281,fit
13282,fit
13283,fit
13284,fit
13285,test
13286,test
13287,fit
13288,fit
13289,fit
13290,fit
13291,fit
13292,fit
13293,fit
13294,calibration
13295,test
13296,calibration
13297,fit
13298,test
13300,fit
13302,calibration
13303,test
13304,calibration
13305,fit
13306,test
13307,fit
13308,fit
13309,fit
13310,fit
13311,test
13312,fit
13313,fit
13314,calibration
13315,calibration
13316,fit
13317,fit
13318,fit
13319,calibration
13320,calibration
13321,fit
13322,fit
13323,calibration
13324,calibration
13325,fit
13326,fit
13327,calibration
13328,fit
13329,fit
13330,fit
13331,fit
13332,fit
13333,calibration
13334,fit
13335,fit
13336,calibration
13337,calibration
13338,fit
13339,fit
13340,fit
13341,test
13342,calibration
13343,fit
13344,test
13345,fit
13346,fit
13347,test
13348,test
13349,test
13351,fit
13352,fit
13353,test
13354,calibration
13355,fit
13356,test
13357,fit
13358,fit
13359,calibration
13360,calibration
13361,calibration
13362,fit
13364,calibration
13365,fit
13367,calibration
13368,fit
13369,fit
13370,test
13371,calibration
13372,test
13373,fit
13374,fit
13375,fit
13376,test
13377,fit
13378,fit
13379,fit
13380,fit
13381,test
13382,fit
13383,calibration
13384,fit
13385,calibration
13386,fit
13387,calibration
13388,fit
13389,fit
13390,fit
13391,fit
13392,fit
13393,test
13394,fit
13395,test
13396,fit
13397,fit
13398,calibration
13399,calibration
13400,test
13401,fit
13402,fit
13403,calibration
13404,fit
13405,fit
13406,fit
13408,fit
13409,calibration
13410,fit
13411,calibration
13412,fit
13413,fit
13414,test
13415,fit
13416,fit
13417,fit
13418,fit
13419,calibration
13420,fit
13421,fit
13422,fit
13423,test
13424,calibration
13425,test
13426,calibration
13427,test
13428,test
13429,test
13430,calibration
13431,fit
13432,fit
13433,fit
13434,fit
13435,fit
13436,fit
13437,fit
13438,fit
13439,fit
13440,fit
13441,test
13442,test
13443,fit
13444,fit
13445,fit
13446,calibration
13447,fit
13448,calibration
13449,test
13450,calibration
13451,test
13452,test
13453,test
13454,test
13455,calibration
13456,calibration
13457,fit
13458,test
13459,fit
13460,test
13461,calibration
13462,calibration
13463,test
13464,fit
13465,test
13466,fit
13467,fit
13469,calibration
13470,fit
13471,test
13472,fit
13473,fit
13474,fit
13475,fit
13476,fit
13477,fit
13478,calibration
13479,test
13480,fit
13481,fit
13482,fit
13483,fit
13484,fit
13485,fit
13486,fit
13487,fit
13488,fit
13489,calibration
13490,fit
13491,fit
13492,fit
13493,test
13494,test
13495,test
13496,calibration
13497,fit
13498,calibration
13499,fit
13500,test
13501,fit
13503,fit
13504,calibration
13505,test
13506,test
13507,fit
13508,fit
13509,fit
13510,fit
13511,calibration
13512,fit
13513,fit
13515,test
13516,fit
13517,calibration
13518,fit
13519,fit
13520,fit
13521,fit
13522,test
13523,fit
13524,calibration
13525,fit
13526,fit
13528,fit
13529,calibration
13530,test
13531,fit
13532,test
13533,fit
13534,fit
13536,fit
13537,fit
13538,calibration
13539,calibration
13540,test
13541,fit
13542,fit
13543,fit
13544,test
13545,fit
13546,fit
13547,fit
13548,fit
13549,test
13550,test
13551,fit
13552,test
13553,fit
13554,fit
13556,fit
13557,fit
13558,fit
13559,fit
13560,fit
13561,fit
13562,calibration
13563,calibration
13564,fit
13565,fit
13566,fit
13567,test
13568,fit
13569,test
13570,test
13571,test
13573,test
13574,test
13575,test
13576,test
13577,test
13578,fit
13579,fit
13580,fit
13581,fit
13582,fit
13583,fit
13584,calibration
13585,fit
13586,fit
13588,calibration
13589,calibration
13590,calibration
13591,fit
13593,calibration
13594,fit
13595,test
13596,fit
13597,fit
13599,fit
13600,fit
13601,fit
13603,fit
13604,calibration
13605,calibration
13606,fit
13607,fit
13608,fit
13609,fit
13610,fit
13611,fit
13613,calibration
13614,fit
13615,test
13616,calibration
13617,calibration
13618,fit
13619,fit
13620,fit
13621,fit
13622,fit
13623,test
13624,fit
13625,test
13626,calibration
13627,test
13628,calibration
13631,fit
13632,fit
13633,fit
13634,fit
13635,calibration
13636,fit
13637,fit
13638,fit
13639,fit
13640,fit
13642,fit
13643,fit
13644,fit
13646,fit
13647,fit
13648,calibration
13649,fit
13650,fit
13651,fit
13652,calibration
13653,calibration
13654,fit
13655,fit
13656,calibration
13657,calibration
13658,fit
13659,calibration
13660,calibration
13661,fit
13662,fit
13663,fit
13664,fit
13665,fit
13666,test
13667,fit
13669,fit
13670,calibration
13671,fit
13672,fit
13673,test
13674,fit
13675,fit
13676,test
13677,fit
13678,fit
13679,fit
13680,calibration
13681,fit
13682,fit
13683,calibration
13684,fit
13685,test
13686,test
13688,test
13690,test
13691,fit
13692,fit
13693,fit
13694,fit
13695,fit
13696,test
13697,fit
13698,test
13699,fit
13700,fit
13701,fit
13702,fit
13703,fit
13704,fit
13705,fit
13706,fit
13707,fit
13708,fit
13709,calibration
13710,test
13711,fit
13712,fit
13713,fit
13714,calibration
13715,fit
13716,calibration
13717,fit
13718,fit
13719,fit
13720,calibration
13721,test
13722,fit
13723,calibration
13724,fit
13725,test
13726,test
13727,fit
13728,fit
13729,fit
13730,test
13732,fit
13733,test
13734,fit
13735,calibration
13736,calibration
13737,fit
13738,fit
13739,fit
13740,fit
13741,fit
13742,calibration
13743,fit
13744,fit
13745,fit
13746,fit
13747,fit
13748,test
13749,fit
13751,calibration
13752,test
13753,fit
13754,fit
13756,fit
13757,test
13758,fit
13759,fit
13761,test
13762,fit
13763,fit
13764,calibration
13765,fit
13766,fit
13767,test
13768,fit
13769,calibration
13770,fit
13771,fit
13772,test
13773,fit
13774,fit
13776,calibration
13778,fit
13779,test
13780,fit
13781,fit
13782,fit
13783,test
13784,calibration
13785,calibration
13786,fit
13787,fit
13788,fit
13789,fit
13790,test
13791,fit
13792,fit
13793,calibration
13794,fit
13795,fit
13796,calibration
13797,fit
13798,test
13799,calibration
13800,test
13801,fit
13802,fit
13803,calibration
13805,calibration
13806,fit
13807,fit
13808,fit
13809,fit
13810,test
13811,calibration
13812,fit
13813,test
13814,fit
13815,test
13816,test
13817,fit
13818,calibration
13819,fit
13820,fit
13821,calibration
13822,fit
13823,fit
13824,fit
13825,fit
13826,calibration
13827,fit
13828,fit
13829,test
13830,fit
13831,fit
13832,fit
13833,calibration
13834,test
13835,test
13836,fit
13837,test
13838,fit
13839,fit
13840,calibration
13841,fit
13842,fit
13843,fit
13844,fit
13845,fit
13846,fit
13848,fit
13849,fit
13850,test
13851,calibration
13852,fit
13853,fit
13854,fit
13855,fit
13856,calibration
13857,fit
13858,fit
13859,fit
13860,fit
13861,test
13862,test
13863,fit
13864,fit
13865,test
13866,calibration
13867,test
13868,fit
13869,fit
13870,calibration
13871,test
13872,fit
13873,fit
13874,fit
13875,fit
13876,calibration
13878,fit
13879,fit
13880,fit
13881,calibration
13882,test
13883,fit
13884,test
13885,fit
13886,fit
13887,fit
13888,fit
13889,test
13890,fit
13891,fit
13892,fit
13893,fit
13894,calibration
13895,calibration
13896,test
13897,test
13898,fit
13899,fit
13900,fit
13901,fit
13902,test
13903,calibration
13904,fit
13905,fit
13906,calibration
13907,fit
13909,fit
13910,calibration
13911,calibration
13912,test
13913,fit
13914,fit
13915,calibration
13916,fit
13917,test
13918,test
13919,fit
13920,fit
13921,fit
13922,fit
13924,calibration
13925,test
13926,test
13927,test
13928,fit
13930,fit
13931,calibration
13932,fit
13933,fit
13934,fit
13935,fit
13936,fit
13937,fit
13938,fit
13939,fit
13940,calibration
13941,fit
13942,calibration
13943,calibration
13944,test
13945,fit
13946,test
13947,test
13948,fit
13949,test
13950,calibration
13951,fit
13952,fit
13953,test
13955,calibration
13956,test
13957,fit
13958,fit
13959,fit
13960,calibration
13961,fit
13964,calibration
13965,test
13966,fit
13967,calibration
13968,fit
13969,fit
13970,test
13971,fit
13972,test
13973,test
13974,fit
13975,calibration
13976,fit
13977,fit
13978,test
13979,test
13980,test
13981,fit
13982,calibration
13983,fit
13984,fit
13985,fit
13986,test
13987,fit
13988,test
13989,calibration
13990,test
13991,calibration
13992,fit
13993,fit
13994,test
13995,calibration
13996,fit
13997,fit
13998,fit
13999,calibration
14000,test
14001,test
14002,fit
14003,fit
14004,fit
14005,test
14006,calibration
14008,test
14009,test
14010,test
14011,fit
14012,fit
14013,fit
14015,fit
14016,test
14017,fit
14018,fit
14019,fit
14020,fit
14021,fit
14022,fit
14023,fit
14024,fit
14025,fit
14026,calibration
14027,fit
14028,fit
14029,fit
14030,fit
14031,fit
14032,fit
14033,calibration
14034,fit
14035,fit
14036,fit
14037,fit
14038,fit
14039,fit
14040,fit
14041,calibration
14043,fit
14044,calibration
14045,fit
14046,test
14047,fit
14048,calibration
14049,fit
14050,calibration
14051,fit
14052,fit
14053,calibration
14054,fit
14055,fit
14056,calibration
14057,fit
14059,fit
14060,fit
14061,fit
14062,fit
14063,fit
14064,test
14065,fit
14066,fit
14068,fit
14069,fit
14070,fit
14071,fit
14072,test
14073,calibration
14074,calibration
14075,calibration
14076,fit
14077,fit
14078,fit
14079,test
14080,fit
14082,fit
14083,calibration
14084,fit
14085,fit
14086,fit
14087,fit
14088,fit
14089,fit
14090,fit
14091,fit
14092,calibration
14093,fit
14094,fit
14095,fit
14096,fit
14097,fit
14098,calibration
14099,fit
14100,fit
14101,test
14102,fit
14103,test
14104,calibration
14105,calibration
14106,fit
14107,fit
14108,test
14109,fit
14110,test
14111,test
14112,fit
14113,calibration
14114,fit
14115,fit
14116,fit
14117,test
14118,test
14119,calibration
14120,fit
14121,fit
14122,test
14123,fit
14124,calibration
14125,test
14126,calibration
14127,fit
14128,fit
14129,calibration
14130,test
14131,fit
14132,fit
14133,fit
14134,test
14135,fit
14136,fit
14137,fit
14138,test
14140,fit
14141,calibration
14142,calibration
14143,test
14144,calibration
14145,fit
14146,calibration
14147,fit
14148,test
14149,fit
14151,fit
14153,fit
14154,fit
14155,calibration
14158,test
14159,fit
14160,test
14161,fit
14162,fit
14163,fit
14164,test
14165,fit
14167,test
14168,fit
14169,test
14170,fit
14171,test
14172,calibration
14173,fit
14174,fit
14175,fit
14176,fit
14177,test
14178,fit
14179,fit
14180,test
14181,fit
14182,calibration
14183,fit
14184,test
14185,test
14186,test
14187,test
14188,fit
14189,test
14190,fit
14191,test
14192,fit
14193,test
14194,fit
14197,test
14198,fit
14199,fit
14200,calibration
14201,test
14202,fit
14203,fit
14204,test
14205,calibration
14206,calibration
14207,fit
14208,fit
14209,fit
14210,fit
14211,test
14212,test
14214,fit
14215,fit
14216,test
14217,fit
14218,fit
14219,fit
14220,test
14221,calibration
14222,calibration
14223,fit
14224,test
14225,fit
14226,test
14227,fit
14228,calibration
14229,fit
14230,fit
14231,fit
14232,fit
14233,test
14234,fit
14236,calibration
14237,fit
14238,calibration
14239,calibration
14240,calibration
14241,fit
14242,calibration
14243,fit
14244,calibration
14245,fit
14246,test
14247,fit
14248,fit
14249,fit
14250,test
14251,fit
14252,calibration
14253,fit
14254,calibration
14255,fit
14256,fit
14257,fit
14258,fit
14259,test
14260,fit
14261,fit
14262,fit
14263,test
14264,fit
14265,fit
14266,fit
14267,fit
14268,fit
14269,test
14270,test
14271,fit
14272,fit
14273,calibration
14275,fit
14276,fit
14277,fit
14278,fit
14279,fit
14280,calibration
14281,fit
14282,test
14283,test
14284,fit
14285,fit
14286,calibration
14287,fit
14288,test
14289,fit
14290,fit
14291,test
14292,fit
14293,fit
14294,fit
14295,fit
14296,test
14297,test
14298,fit
14299,test
14300,test
14301,fit
14302,fit
14304,fit
14305,test
14306,calibration
14307,fit
14308,fit
14309,fit
14310,fit
14311,test
14312,fit
14313,test
14314,test
14315,fit
14316,fit
14317,fit
14318,fit
14319,fit
14320,fit
14321,fit
14323,fit
14324,fit
14326,test
14327,test
14328,fit
14329,fit
14330,fit
14331,test
14333,calibration
14334,fit
14335,test
14336,fit
14337,test
14338,calibration
14339,fit
14340,calibration
14341,fit
14343,fit
14344,fit
14345,test
14346,fit
14347,fit
14348,fit
14349,fit
14350,fit
14351,fit
14352,fit
14353,fit
14354,fit
14355,fit
14356,fit
14357,fit
14358,fit
14359,fit
14360,fit
14361,test
14362,fit
14363,fit
14364,fit
14365,fit
14366,fit
14367,calibration
14368,calibration
14369,calibration
14370,fit
14371,fit
14372,fit
14374,fit
14375,fit
14376,fit
14377,fit
14378,fit
14379,test
14380,fit
14381,fit
14382,fit
14383,fit
14384,fit
14385,test
14386,fit
14387,test
14388,fit
14389,test
14391,fit
14392,calibration
14393,fit
14394,fit
14395,fit
14397,fit
14398,fit
14399,calibration
14400,fit
14401,fit
14402,calibration
14404,fit
14405,fit
14406,fit
14407,test
14408,fit
14409,test
14410,fit
14411,calibration
14412,fit
14413,fit
14414,fit
14415,fit
14416,fit
14417,fit
14418,test
14419,fit
14420,fit
14421,calibration
14422,test
14423,test
14424,fit
14425,fit
14426,test
14427,fit
14428,fit
14429,fit
14430,fit
14431,test
14432,fit
14433,fit
14434,calibration
14435,fit
14436,test
14437,test
14438,fit
14439,fit
14440,calibration
14441,fit
14442,fit
14443,fit
14444,fit
14445,calibration
14446,test
14447,fit
14448,test
14449,test
14450,fit
14451,fit
14452,fit
14453,calibration
14454,fit
14455,fit
14456,test
14457,calibration
14458,fit
14459,fit
14460,fit
14461,calibration
14462,test
14463,fit
14464,test
14465,test
14466,test
14467,fit
14468,test
14469,fit
14470,fit
14471,fit
14472,fit
14473,test
14474,calibration
14475,calibration
14476,fit
14477,calibration
14478,fit
14479,calibration
14480,fit
14481,test
14482,fit
14483,fit
14484,fit
14485,test
14486,fit
14487,fit
14488,test
14489,test
14490,calibration
14491,fit
14492,fit
14493,fit
14494,test
14495,fit
14496,calibration
14497,calibration
14498,fit
14499,fit
14500,test
14501,test
14502,test
14503,fit
14504,test
14505,test
14506,test
14507,fit
14509,calibration
14510,fit
14511,fit
14512,fit
14513,fit
14514,test
14515,fit
14516,fit
14517,fit
14518,fit
14519,calibration
14520,fit
14521,test
14523,calibration
14524,fit
14525,calibration
14526,fit
14527,fit
14528,calibration
14529,fit
14530,fit
14531,fit
14532,test
14533,test
14534,calibration
14535,calibration
14536,test
14537,fit
14538,fit
14539,fit
14540,calibration
14541,fit
14542,fit
14543,calibration
14544,calibration
14545,test
14546,fit
14547,fit
14548,test
14549,test
14550,fit
14551,fit
14552,fit
14553,fit
14554,test
14555,fit
14556,fit
14557,test
14558,fit
14559,fit
14560,fit
14561,fit
14562,test
14563,calibration
14565,fit
14566,fit
14567,fit
14568,calibration
14569,calibration
14570,fit
14571,fit
14572,calibration
14573,fit
14574,fit
14575,test
14576,fit
14577,fit
14578,fit
14579,fit
14580,calibration
14581,test
14582,test
14583,fit
14584,fit
14585,test
14586,test
14587,fit
14588,test
14589,fit
14590,calibration
14591,test
14592,fit
14594,test
14595,fit
14596,calibration
14597,fit
14598,fit
14599,fit
14600,calibration
14601,fit
14602,calibration
14603,fit
14604,calibration
14605,fit
14606,test
14607,fit
14608,calibration
14609,test
14610,test
14611,calibration
14612,fit
14613,fit
14614,fit
14615,test
14616,fit
14617,calibration
14618,test
14619,calibration
14620,calibration
14621,test
14622,fit
14623,test
14624,fit
14625,fit
14626,test
14627,test
14628,test
14629,test
14630,test
14631,test
14632,fit
14633,test
14634,fit
14635,fit
14636,test
14637,fit
14638,fit
14639,fit
14640,fit
14641,fit
14642,test
14643,test
14644,fit
14645,fit
14646,calibration
14647,calibration
14648,fit
14649,calibration
14650,fit
14651,test
14652,fit
14653,test
14654,test
14655,calibration
14656,test
14657,calibration
14658,fit
14659,fit
14660,fit
14662,fit
14663,calibration
14664,test
14665,test
14666,calibration
14668,fit
14669,fit
14670,fit
14671,calibration
14672,test
14673,fit
14674,fit
14675,test
14676,fit
14677,fit
14678,fit
14680,calibration
14681,fit
14682,calibration
14683,fit
14684,calibration
14685,fit
14686,fit
14687,fit
14688,fit
14689,fit
14690,fit
14691,fit
14692,fit
14693,calibration
14694,fit
14695,test
14696,test
14697,fit
14698,fit
14699,test
14700,fit
14701,fit
14702,calibration
14704,fit
14705,fit
14706,fit
14708,fit
14709,test
14710,calibration
14711,fit
14712,fit
14713,calibration
14714,fit
14715,calibration
14716,fit
14717,fit
14718,fit
14719,fit
14720,test
14721,test
14722,fit
14723,fit
14724,fit
14726,calibration
14727,calibration
14728,fit
14729,test
14730,fit
14731,fit
14732,fit
14733,fit
14734,fit
14735,fit
14736,test
14737,test
14738,fit
14739,fit
14740,fit
14741,calibration
14742,calibration
14743,fit
14744,calibration
14745,calibration
14746,calibration
14747,fit
14748,calibration
14749,fit
14750,fit
14751,fit
14752,fit
14753,calibration
14754,fit
14755,fit
14756,fit
14757,fit
14759,calibration
14761,test
14762,calibration
14763,fit
14764,calibration
14765,fit
14766,fit
14767,fit
14768,fit
14769,fit
14770,fit
14771,test
14772,fit
14773,fit
14774,calibration
14775,fit
14776,fit
14777,fit
14778,calibration
14779,calibration
14782,test
14783,fit
14784,fit
14785,fit
14786,fit
14787,test
14788,test
14789,fit
14790,fit
14791,fit
14792,calibration
14793,calibration
14794,test
14795,fit
14796,fit
14797,test
14798,calibration
14799,fit
14800,fit
14801,fit
14802,fit
14803,fit
14804,calibration
14805,fit
14806,calibration
14807,calibration
14808,calibration
14809,fit
14810,fit
14811,fit
14812,fit
14813,calibration
14814,fit
14815,calibration
14816,calibration
14817,test
14818,test
14819,fit
14820,calibration
14821,test
14822,test
14823,fit
14824,calibration
14825,calibration
14826,fit
14827,fit
14828,calibration
14829,test
14830,calibration
14832,fit
14833,fit
14834,fit
14835,fit
14836,test
14837,fit
14838,fit
14839,fit
14840,fit
14841,fit
14842,test
14843,fit
14844,fit
14845,test
14846,fit
14847,calibration
14848,test
14849,calibration
14850,fit
14851,fit
14852,calibration
14853,fit
14854,fit
14855,calibration
14856,calibration
14857,fit
14858,test
14859,fit
14861,test
14862,fit
14863,test
14864,fit
14865,test
14866,fit
14867,calibration
14868,calibration
14869,fit
14870,test
14871,fit
14872,calibration
14873,fit
14874,fit
14875,fit
14876,fit
14877,fit
14878,test
14879,fit
14880,test
14881,fit
14882,fit
14885,test
14886,fit
14887,fit
14888,calibration
14889,fit
14890,fit
14891,fit
14892,fit
14893,fit
14894,fit
14895,test
14896,calibration
14897,test
14899,calibration
14900,fit
14901,fit
14902,fit
14903,fit
14904,fit
14905,fit
14906,calibration
14907,fit
14908,fit
14910,test
14911,test
14912,calibration
14913,fit
14914,fit
14915,fit
14916,fit
14917,calibration
14918,fit
14920,fit
14921,calibration
14922,calibration
14923,fit
14924,fit
14926,fit
14928,fit
14929,fit
14930,fit
14931,calibration
14932,test
14933,test
14934,fit
14935,fit
14936,fit
14937,fit
14938,calibration
14939,fit
14940,fit
14941,fit
14942,fit
14943,test
14944,fit
14945,fit
14946,calibration
14948,fit
14949,test
14950,calibration
14951,fit
14952,fit
14953,fit
14954,calibration
14955,fit
14956,fit
14957,fit
14958,fit
14959,calibration
14960,fit
14961,fit
14962,fit
14963,calibration
14964,fit
14965,fit
14966,test
14967,fit
14968,fit
14969,test
14970,fit
14971,test
14972,fit
14973,fit
14974,fit
14975,fit
14976,fit
14977,fit
14978,fit
14979,fit
14980,fit
14981,fit
14982,fit
14983,fit
14984,fit
14985,calibration
14986,fit
14987,test
14989,fit
14990,test
14991,fit
14992,fit
14993,calibration
14995,test
14996,fit
14997,fit
14998,fit
14999,fit
15000,calibration
15001,test
15002,calibration
15003,fit
15004,calibration
15005,fit
15006,test
15007,fit
15008,fit
15009,calibration
15010,fit
15011,fit
15012,fit
15013,fit
15014,test
15015,fit
15016,fit
15017,calibration
15018,fit
15019,fit
15020,test
15021,test
15022,calibration
15023,test
15024,calibration
15026,fit
15027,fit
15028,test
15029,fit
15030,fit
15031,fit
15032,calibration
15033,calibration
15034,fit
15035,fit
15036,fit
15037,fit
15038,fit
15039,fit
15041,fit
15042,calibration
15043,test
15044,fit
15045,test
15046,fit
15049,fit
15050,fit
15051,test
15052,calibration
15053,fit
15054,fit
15055,fit
15056,fit
15057,fit
15058,fit
15059,fit
15060,fit
15061,fit
15062,fit
15063,test
15064,test
15065,fit
15066,fit
15067,calibration
15068,fit
15069,calibration
15070,fit
15071,fit
15072,calibration
15073,fit
15074,fit
15075,calibration
15077,fit
15078,test
15079,test
15080,fit
15081,test
15082,fit
15083,calibration
15084,test
15085,fit
15087,fit
15088,fit
15089,fit
15090,fit
15091,calibration
15092,calibration
15093,fit
15094,fit
15095,fit
15096,fit
15097,fit
15098,fit
15099,fit
15100,calibration
15101,fit
15102,test
15103,test
15104,fit
15105,calibration
15106,fit
15107,fit
15108,test
15109,calibration
15110,test
15111,calibration
15112,fit
15113,fit
15114,calibration
15115,test
15116,fit
15117,fit
15118,fit
15119,fit
15120,test
15121,fit
15122,test
15123,fit
15124,calibration
15125,fit
15126,calibration
15127,fit
15128,fit
15129,fit
15130,fit
15131,fit
15133,fit
15134,fit
15135,fit
15136,test
15137,fit
15138,fit
15139,fit
15140,fit
15141,calibration
15142,test
15143,test
15144,test
15145,fit
15146,test
15147,fit
15149,calibration
15150,fit
15151,test
15152,fit
15153,fit
15154,fit
15155,fit
15156,fit
15157,test
15158,fit
15159,fit
15160,fit
15161,test
15162,fit
15163,calibration
15165,fit
15166,fit
15167,test
15168,test
15169,fit
15170,fit
15171,fit
15172,calibration
15173,test
15174,fit
15175,calibration
15176,calibration
15177,fit
15178,fit
15179,calibration
15180,fit
15181,fit
15182,test
15183,fit
15184,fit
15185,test
15186,test
15187,fit
15188,fit
15189,fit
15190,fit
15191,fit
15192,test
15193,calibration
15194,fit
15195,test
15197,fit
15198,calibration
15199,fit
15200,calibration
15201,fit
15203,fit
15204,calibration
15205,fit
15206,fit
15207,calibration
15208,fit
15209,fit
15210,calibration
15211,fit
15212,fit
15213,test
15214,test
15215,fit
15216,fit
15217,fit
15218,fit
15219,fit
15220,calibration
15221,test
15222,calibration
15223,test
15225,fit
15226,test
15228,fit
15229,fit
15230,fit
15231,fit
15232,calibration
15233,fit
15234,calibration
15235,fit
15236,fit
15237,fit
15238,fit
15239,fit
15240,test
15241,calibration
15242,fit
15243,test
15244,fit
15245,fit
15246,fit
15247,calibration
15249,fit
15250,fit
15251,fit
15252,test
15253,test
15254,test
15255,fit
15256,test
15258,test
15259,fit
15260,fit
15261,calibration
15262,test
15263,fit
15264,fit
15265,fit
15266,fit
15267,fit
15268,fit
15269,fit
15270,fit
15271,fit
15272,calibration
15273,fit
15274,fit
15275,test
15276,calibration
15277,test
15278,fit
15279,calibration
15280,fit
15282,fit
15283,fit
15284,fit
15285,fit
15286,test
15287,fit
15288,fit
15289,calibration
15290,fit
15291,test
15292,test
15293,test
15294,fit
15295,test
15296,fit
15297,fit
15298,calibration
15299,fit
15300,calibration
15301,fit
15302,calibration
15303,fit
15305,fit
15306,test
15307,calibration
15308,test
15309,test
15310,fit
15311,fit
15312,fit
15313,fit
15314,test
15315,fit
15316,calibration
15317,test
15318,fit
15319,fit
15320,calibration
15321,fit
15322,calibration
15323,fit
15324,calibration
15325,fit
15326,test
15327,fit
15328,fit
15329,fit
15330,calibration
15331,calibration
15332,fit
15333,test
15334,fit
15335,calibration
15336,calibration
15337,test
15338,test
15339,fit
15341,fit
15342,fit
15343,calibration
15344,fit
15345,calibration
15346,test
15347,fit
15348,calibration
15349,fit
15350,test
15351,fit
15352,fit
15353,fit
15354,fit
15355,fit
15356,fit
15357,calibration
15358,fit
15359,fit
15360,fit
15361,calibration
15363,fit
15364,fit
15365,calibration
15366,fit
15367,calibration
15368,test
15369,test
15370,fit
15371,fit
15372,calibration
15373,fit
15374,fit
15375,test
15376,calibration
15378,fit
15379,test
15381,fit
15382,fit
15383,test
15384,fit
15385,fit
15386,fit
15387,fit
15388,fit
15389,fit
15390,fit
15391,test
15392,fit
15393,fit
15394,calibration
15395,fit
15396,calibration
15397,fit
15398,fit
15399,fit
15401,fit
15402,calibration
15403,test
15404,fit
15405,calibration
15406,test
15407,calibration
15408,fit
15409,fit
15410,fit
15411,fit
15412,calibration
15413,fit
15415,test
15416,fit
15417,fit
15418,fit
15419,fit
15420,fit
15421,fit
15422,fit
15423,fit
15424,fit
15425,test
15426,fit
15427,test
15428,fit
15429,fit
15430,fit
15431,test
15432,fit
15433,fit
15434,test
15435,test
15436,fit
15437,fit
15438,test
15439,test
15440,fit
15441,calibration
15442,test
15443,fit
15444,fit
15445,test
15446,test
15447,fit
15448,test
15449,fit
15450,test
15451,calibration
15452,fit
15453,fit
15455,fit
15456,calibration
15457,fit
15458,fit
15459,calibration
15460,fit
15461,fit
15462,fit
15463,test
15464,fit
15465,calibration
15466,calibration
15467,test
15468,test
15469,fit
15470,fit
15471,test
15472,calibration
15473,calibration
15474,calibration
15475,calibration
15476,fit
15477,calibration
15478,calibration
15479,test
15480,fit
15481,fit
15482,fit
15483,fit
15484,fit
15485,fit
15486,calibration
15487,fit
15488,test
15489,fit
15491,fit
15492,calibration
15493,fit
15494,fit
15495,calibration
15496,fit
15497,calibration
15498,fit
15499,calibration
15500,fit
15501,test
15502,fit
15503,calibration
15504,fit
15505,fit
15506,calibration
15507,fit
15508,test
15509,calibration
15510,fit
15511,fit
15513,fit
15514,fit
15515,test
15516,fit
15517,calibration
15518,test
15519,fit
15520,fit
15521,fit
15522,fit
15523,test
15524,fit
15525,fit
15526,fit
15527,fit
15528,calibration
15529,fit
15530,test
15531,test
15532,test
15533,fit
15534,test
15535,test
15536,fit
15537,fit
15538,test
15539,calibration
15540,fit
15541,calibration
15542,test
15543,test
15544,calibration
15545,test
15546,calibration
15547,calibration
15548,calibration
15549,calibration
15550,fit
15551,fit
15552,fit
15553,test
15554,test
15555,calibration
15556,calibration
15557,test
15558,calibration
15559,fit
15560,fit
15561,fit
15562,fit
15563,fit
15564,fit
15565,fit
15566,calibration
15567,fit
15568,calibration
15569,fit
15570,fit
15571,test
15572,fit
15573,test
15574,test
15575,fit
15576,fit
15577,calibration
15578,fit
15579,calibration
15580,calibration
15581,calibration
15582,fit
15583,fit
15584,test
15585,calibration
15586,fit
15587,fit
15588,fit
15589,fit
15590,fit
15591,fit
15592,calibration
15593,fit
15594,calibration
15595,test
15597,test
15598,fit
15599,fit
15600,fit
15601,fit
15602,test
15603,calibration
15604,fit
15605,test
15606,fit
15607,fit
15608,fit
15609,fit
15610,fit
15611,fit
15612,test
15613,calibration
15614,fit
15615,fit
15616,fit
15618,fit
15619,fit
15620,calibration
15621,fit
15622,test
15623,fit
15624,fit
15625,fit
15626,fit
15627,fit
15628,fit
15629,fit
15630,test
15631,fit
15632,fit
15633,test
15634,fit
15635,fit
15636,fit
15637,test
15638,fit
15639,fit
15640,test
15641,test
15642,fit
15645,fit
15646,test
15647,test
15648,calibration
15649,test
15650,fit
15651,calibration
15652,calibration
15653,fit
15655,fit
15656,fit
15657,fit
15658,fit
15659,calibration
15661,fit
15662,fit
15663,fit
15664,test
15665,test
15666,fit
15667,fit
15668,test
15669,calibration
15670,test
15671,fit
15672,calibration
15675,fit
15676,fit
15677,fit
15678,calibration
15679,test
15680,calibration
15681,test
15682,calibration
15683,test
15684,fit
15685,fit
15686,fit
15687,fit
15688,fit
15689,calibration
15690,fit
15691,fit
15692,calibration
15693,fit
15694,calibration
15695,fit
15696,calibration
15697,test
15698,fit
15699,fit
15700,fit
15701,fit
15702,fit
15703,fit
15704,fit
15705,fit
15706,fit
15707,fit
15708,fit
15709,fit
15710,fit
15711,fit
15712,fit
15713,fit
15714,fit
15715,calibration
15716,fit
15717,test
15718,test
15719,calibration
15720,fit
15721,fit
15722,test
15723,calibration
15724,fit
15725,calibration
15726,fit
15727,calibration
15728,calibration
15730,fit
15731,test
15732,fit
15733,fit
15735,test
15736,fit
15737,test
15739,fit
15740,calibration
15741,calibration
15742,calibration
15743,calibration
15744,fit
15745,fit
15746,test
15747,calibration
15748,fit
15749,fit
15750,fit
15751,fit
15752,test
15753,test
15754,calibration
15755,fit
15756,fit
15757,fit
15758,calibration
15759,fit
15760,fit
15761,test
15762,calibration
15763,fit
15764,test
15765,test
15766,fit
15767,fit
15768,test
15769,fit
15772,fit
15773,fit
15775,fit
15776,fit
15777,fit
15778,calibration
15779,calibration
15780,fit
15781,fit
15782,test
15783,test
15784,fit
15785,fit
15786,calibration
15788,fit
15789,fit
15790,fit
15791,fit
15792,fit
15793,fit
15795,calibration
15796,fit
15797,fit
15798,fit
15799,fit
15800,fit
15801,calibration
15802,fit
15803,calibration
15804,calibration
15805,fit
15806,fit
15807,fit
15808,fit
15809,fit
15810,fit
15811,fit
15812,fit
15813,test
15814,calibration
15815,test
15816,test
15817,fit
15818,fit
15819,calibration
15820,fit
15821,fit
15823,calibration
15824,fit
15825,test
15826,fit
15827,test
15828,fit
15829,calibration
15830,test
15831,fit
15832,fit
15833,fit
15834,test
15835,test
15836,fit
15837,test
15838,fit
15839,test
15840,test
15841,calibration
15842,fit
15843,fit
15844,calibration
15845,test
15846,test
15848,fit
15849,fit
15850,fit
15851,test
15852,fit
15853,fit
15854,fit
15855,fit
15856,test
15857,fit
15858,fit
15859,test
15860,fit
15861,fit
15862,test
15863,calibration
15864,test
15865,fit
15866,test
15867,fit
15868,fit
15869,fit
15870,fit
15871,fit
15872,fit
15873,fit
15874,fit
15875,fit
15876,test
15877,calibration
15880,fit
15881,fit
15882,fit
15883,calibration
15884,calibration
15885,fit
15886,test
15887,fit
15888,test
15889,fit
15890,fit
15892,fit
15893,calibration
15894,fit
15895,test
15896,fit
15897,test
15898,fit
15899,test
15900,calibration
15901,calibration
15902,fit
15903,fit
15904,test
15905,calibration
15906,fit
15907,fit
15908,fit
15909,test
15910,fit
15911,calibration
15912,fit
15913,fit
15915,fit
15916,test
15917,fit
15918,fit
15919,calibration
15920,fit
15921,fit
15922,calibration
15923,fit
15924,calibration
15925,test
15926,fit
15927,test
15928,test
15929,test
15930,calibration
15931,fit
15932,fit
15933,test
15934,calibration
15935,fit
15936,fit
15937,calibration
15939,fit
15940,fit
15941,test
15942,calibration
15943,calibration
15946,fit
15947,fit
15948,calibration
15949,fit
15950,calibration
15951,test
15952,fit
15953,fit
15954,calibration
15955,test
15956,fit
15957,test
15958,fit
15959,fit
15960,fit
15961,fit
15963,fit
15964,test
15966,fit
15967,fit
15968,fit
15969,calibration
15970,fit
15971,calibration
15972,fit
15973,fit
15974,fit
15976,fit
15977,fit
15978,fit
15979,fit
15980,fit
15981,fit
15982,fit
15983,fit
15984,fit
15985,fit
15986,fit
15987,test
15988,test
15989,test
15990,test
15991,calibration
15992,fit
15993,fit
15994,fit
15995,fit
15996,fit
15997,test
15998,fit
15999,calibration
16000,test
16001,fit
16002,calibration
16003,fit
16004,test
16006,fit
16007,fit
16008,fit
16009,fit
16010,test
16011,fit
16012,fit
16013,calibration
16014,test
16015,fit
16016,calibration
16017,fit
16018,test
16019,fit
16020,calibration
16021,test
16022,test
16023,fit
16024,calibration
16025,fit
16026,fit
16027,fit
16028,fit
16029,fit
16030,fit
16031,calibration
16033,calibration
16034,fit
16035,fit
16036,fit
16037,fit
16038,test
16039,test
16040,fit
16041,calibration
16042,fit
16043,fit
16044,test
16045,fit
16046,fit
16048,fit
16049,fit
16050,calibration
16051,fit
16052,fit
16053,fit
16054,calibration
16055,fit
16056,fit
16057,calibration
16058,fit
16059,fit
16060,fit
16061,fit
16062,test
16063,fit
16064,fit
16065,test
16066,fit
16067,fit
16068,calibration
16069,test
16070,calibration
16071,fit
16072,fit
16073,fit
16074,calibration
16075,fit
16076,calibration
16077,calibration
16078,test
16079,fit
16080,calibration
16081,fit
16082,fit
16084,test
16085,calibration
16086,fit
16087,fit
16088,fit
16089,fit
16090,calibration
16093,calibration
16094,calibration
16095,fit
16096,calibration
16097,fit
16098,calibration
16099,fit
16100,fit
16101,fit
16103,fit
16104,fit
16105,fit
16106,fit
16107,calibration
16108,fit
16109,calibration
16110,calibration
16111,test
16112,fit
16113,fit
16114,fit
16115,calibration
16117,fit
16119,fit
16120,fit
16121,calibration
16122,fit
16123,test
16124,calibration
16125,fit
16126,fit
16127,test
16128,test
16129,calibration
16130,test
16131,fit
16132,fit
16133,test
16134,fit
16135,fit
16136,test
16138,calibration
16139,calibration
16140,fit
16141,fit
16142,fit
16143,fit
16144,calibration
16145,test
16146,fit
16147,fit
16148,test
16149,fit
16150,calibration
16151,fit
16152,fit
16153,fit
16154,fit
16155,calibration
16156,fit
16157,test
16158,fit
16159,fit
16160,test
16161,calibration
16162,fit
16163,test
16164,fit
16166,calibration
16167,fit
16168,fit
16169,calibration
16170,fit
16171,fit
16172,test
16173,test
16174,test
16175,calibration
16176,fit
16177,fit
16178,fit
16179,calibration
16180,fit
16181,fit
16182,calibration
16183,fit
16184,fit
16185,fit
16186,test
16187,test
16188,test
16189,fit
16190,fit
16191,fit
16192,fit
16193,fit
16194,fit
16195,fit
16196,fit
16197,fit
16198,fit
16199,calibration
16200,fit
16201,fit
16202,test
16204,fit
16205,fit
16206,fit
16207,fit
16208,calibration
16209,calibration
16210,calibration
16211,calibration
16212,test
16213,test
16214,fit
16215,calibration
16216,fit
16217,fit
16218,calibration
16220,fit
16221,fit
16222,test
16223,calibration
16224,fit
16225,fit
16226,fit
16227,test
16228,fit
16229,calibration
16230,calibration
16231,test
16232,fit
16233,test
16234,test
16235,fit
16236,calibration
16237,test
16238,calibration
16239,calibration
16240,fit
16241,fit
16242,fit
16243,fit
16244,fit
16245,fit
16246,test
16247,fit
16248,fit
16249,fit
16250,fit
16251,test
16252,test
16253,calibration
16254,fit
16255,fit
16256,calibration
16257,fit
16258,fit
16259,test
16260,calibration
16261,test
16262,calibration
16263,calibration
16264,calibration
16265,fit
16266,fit
16267,fit
16269,fit
16270,test
16271,fit
16272,fit
16273,fit
16274,fit
16275,test
16276,test
16277,test
16278,fit
16279,fit
16280,test
16281,test
16282,fit
16283,test
16284,calibration
16285,fit
16286,fit
16287,fit
16288,fit
16289,fit
16290,calibration
16291,fit
16292,calibration
16293,fit
16294,fit
16295,fit
16296,fit
16297,fit
16298,fit
16299,fit
16300,fit
16301,fit
16302,fit
16303,test
16304,fit
16305,fit
16306,test
16307,calibration
16308,fit
16309,fit
16310,test
16311,fit
16312,fit
16313,fit
16314,fit
16315,fit
16316,calibration
16317,calibration
16318,fit
16321,fit
16322,calibration
16323,fit
16325,test
16326,test
16327,fit
16328,calibration
16329,fit
16330,fit
16331,fit
16332,fit
16333,calibration
16334,test
16335,fit
16336,test
16337,fit
16338,calibration
16339,test
16340,calibration
16341,fit
16343,fit
16344,calibration
16345,calibration
16346,test
16347,calibration
16348,calibration
16349,fit
16350,fit
16351,test
16352,fit
16353,fit
16354,test
16355,calibration
16356,fit
16357,fit
16359,fit
16360,fit
16361,fit
16362,test
16363,test
16364,fit
16365,fit
16367,fit
16368,fit
16369,calibration
16370,fit
16371,test
16372,fit
16373,fit
16374,calibration
16375,test
16376,fit
16377,fit
16378,fit
16379,fit
16380,test
16381,test
16382,calibration
16383,fit
16384,fit
16385,test
16386,calibration
16387,fit
16388,fit
16389,fit
16390,fit
16391,fit
16392,test
16393,test
16394,fit
16395,fit
16396,fit
16397,fit
16398,calibration
16399,fit
16400,fit
16401,fit
16402,fit
16403,calibration
16404,fit
16405,calibration
16406,fit
16407,calibration
16408,fit
16409,test
16410,fit
16411,calibration
16412,fit
16413,calibration
16414,fit
16415,fit
16417,fit
16418,fit
16419,test
16420,calibration
16421,fit
16422,fit
16423,test
16424,test
16425,calibration
16426,fit
16427,fit
16428,fit
16429,test
16430,calibration
16431,fit
16432,test
16433,fit
16434,fit
16435,fit
16436,fit
16437,calibration
16438,fit
16439,fit
16440,calibration
16441,fit
16442,calibration
16443,fit
16444,fit
16445,fit
16446,test
16447,fit
16449,fit
16450,test
16451,fit
16452,fit
16453,test
16454,fit
16455,fit
16456,fit
16457,fit
16459,test
16460,test
16461,fit
16462,calibration
16464,fit
16465,fit
16466,fit
16467,test
16468,calibration
16469,fit
16471,fit
16472,fit
16473,fit
16474,fit
16475,test
16477,test
16478,fit
16479,fit
16481,fit
16482,fit
16483,test
16484,calibration
16485,fit
16486,calibration
16487,test
16488,test
16489,fit
16490,calibration
16491,test
16492,calibration
16493,fit
16494,test
16495,fit
16496,fit
16497,fit
16498,fit
16499,fit
16500,test
16501,fit
16502,calibration
16503,test
16504,test
16505,fit
16506,fit
16507,fit
16508,test
16509,fit
16510,fit
16511,fit
16512,test
16513,fit
16514,calibration
16515,fit
16517,fit
16518,fit
16519,fit
16520,fit
16522,test
16523,fit
16524,test
16525,calibration
16526,fit
16527,test
16528,calibration
16529,calibration
16530,fit
16531,test
16532,fit
16533,fit
16534,fit
16535,fit
16536,fit
16537,fit
16538,fit
16539,fit
16540,fit
16541,calibration
16542,calibration
16543,calibration
16544,calibration
16545,fit
16546,fit
16547,fit
16548,fit
16549,fit
16550,fit
16552,fit
16553,fit
16554,calibration
16555,fit
16556,fit
16557,calibration
16558,fit
16559,test
16560,fit
16561,calibration
16562,fit
16563,test
16564,calibration
16565,test
16566,fit
16567,calibration
16569,fit
16570,fit
16571,calibration
16572,fit
16573,fit
16574,fit
16575,fit
16576,test
16577,fit
16578,fit
16579,fit
16580,fit
16581,calibration
16582,test
16583,calibration
16584,fit
16585,calibration
16586,test
16587,test
16588,calibration
16589,fit
16590,calibration
16591,fit
16592,fit
16593,test
16594,fit
16595,fit
16596,fit
16597,fit
16598,fit
16599,fit
16600,fit
16601,fit
16603,fit
16604,fit
16605,test
16606,fit
16607,test
16608,fit
16609,test
16610,calibration
16611,test
16612,fit
16613,fit
16615,calibration
16616,calibration
16619,test
16620,test
16621,fit
16622,calibration
16623,calibration
16624,fit
16626,test
16627,test
16628,fit
16629,fit
16631,fit
16632,test
16633,fit
16634,fit
16635,calibration
16636,fit
16637,fit
16638,fit
16639,fit
16640,test
16641,fit
16642,test
16643,fit
16644,fit
16645,fit
16646,fit
16647,fit
16648,fit
16649,fit
16650,fit
16651,calibration
16652,calibration
16653,calibration
16654,fit
16655,fit
16656,calibration
16657,fit
16658,calibration
16659,fit
16660,fit
16661,calibration
16662,fit
16663,fit
16664,fit
16665,fit
16666,fit
16667,fit
16669,fit
16670,fit
16671,fit
16672,fit
16673,fit
16674,calibration
16675,fit
16677,fit
16678,fit
16679,test
16680,fit
16681,fit
16682,test
16684,test
16685,test
16686,test
16687,test
16688,fit
16689,test
16690,fit
16691,calibration
16692,fit
16693,fit
16694,fit
16695,fit
16696,test
16697,fit
16698,fit
16699,calibration
16700,calibration
16701,calibration
16702,calibration
16704,test
16705,fit
16706,calibration
16707,test
16708,calibration
16709,fit
16710,calibration
16711,fit
16712,fit
16713,calibration
16714,fit
16715,fit
16716,calibration
16717,calibration
16718,calibration
16719,fit
16720,fit
16721,calibration
16722,fit
16723,calibration
16724,calibration
16725,fit
16726,calibration
16727,calibration
16728,fit
16729,fit
16730,test
16731,test
16732,calibration
16733,fit
16734,fit
16735,calibration
16736,fit
16737,fit
16738,calibration
16739,fit
16740,fit
16741,fit
16742,fit
16743,fit
16746,fit
16747,test
16748,fit
16749,fit
16750,fit
16751,calibration
16752,fit
16753,calibration
16754,calibration
16755,test
16756,test
16757,fit
16759,test
16760,calibration
16761,fit
16762,calibration
16763,fit
16764,calibration
16765,fit
16766,fit
16767,fit
16768,fit
16769,fit
16770,fit
16771,fit
16772,fit
16773,fit
16774,fit
16775,fit
16776,fit
16777,fit
16778,calibration
16779,fit
16780,fit
16781,fit
16782,fit
16783,fit
16784,fit
16785,fit
16786,fit
16787,test
16788,fit
16789,fit
16790,test
16791,fit
16792,test
16793,fit
16794,fit
16795,fit
16796,test
16797,fit
16798,fit
16799,calibration
16800,test
16801,calibration
16802,test
16803,test
16804,calibration
16805,fit
16806,fit
16807,calibration
16808,test
16809,fit
16811,fit
16812,fit
16813,fit
16814,fit
16815,test
16816,fit
16817,fit
16818,calibration
16819,fit
16820,fit
16821,test
16822,fit
16823,fit
16824,fit
16825,fit
16826,test
16827,fit
16828,test
16829,test
16830,fit
16831,calibration
16832,fit
16833,fit
16834,calibration
16835,fit
16837,test
16838,fit
16839,fit
16840,calibration
16841,fit
16842,fit
16843,fit
16844,fit
16845,fit
16846,test
16847,fit
16848,calibration
16849,test
16850,fit
16851,fit
16852,fit
16853,test
16854,calibration
16855,calibration
16856,fit
16857,fit
16858,fit
16859,test
16860,fit
16861,fit
16862,fit
16863,test
16864,fit
16865,test
16866,calibration
16867,fit
16868,fit
16869,fit
16870,fit
16871,calibration
16872,fit
16873,fit
16874,calibration
16875,calibration
16876,fit
16877,fit
16878,fit
16879,fit
16880,test
16881,fit
16882,test
16883,fit
16884,fit
16885,fit
16886,fit
16887,fit
16888,fit
16889,fit
16890,test
16891,fit
16894,test
16895,fit
16896,fit
16897,test
16898,fit
16899,calibration
16900,fit
16901,fit
16902,calibration
16904,fit
16905,fit
16906,fit
16907,calibration
16908,calibration
16909,calibration
16911,fit
16912,fit
16913,calibration
16914,fit
16915,fit
16916,fit
16917,test
16918,calibration
16919,test
16920,calibration
16921,fit
16922,calibration
16923,test
16924,test
16925,fit
16926,calibration
16927,test
16928,calibration
16929,fit
16930,calibration
16931,fit
16932,calibration
16933,calibration
16934,calibration
16935,fit
16936,fit
16937,calibration
16938,calibration
16939,test
16940,fit
16941,calibration
16942,fit
16943,fit
16944,fit
16946,test
16947,fit
16948,fit
16950,fit
16951,fit
16952,fit
16953,test
16954,fit
16955,calibration
16956,fit
16957,test
16958,fit
16959,fit
16960,calibration
16961,fit
16962,fit
16963,fit
16965,calibration
16966,fit
16967,fit
16968,fit
16969,test
16970,test
16971,test
16972,test
16973,fit
16974,fit
16975,fit
16976,fit
16977,fit
16978,calibration
16980,fit
16981,fit
16982,fit
16983,calibration
16984,fit
16986,fit
16987,fit
16988,fit
16989,test
16991,test
16992,fit
16993,fit
16994,test
16995,calibration
16997,fit
16998,fit
17000,fit
17001,calibration
17002,fit
17003,test
17004,fit
17005,calibration
17006,calibration
17007,fit
17008,fit
17009,fit
17010,test
17011,fit
17012,fit
17013,calibration
17014,fit
17016,fit
17017,fit
17018,fit
17019,test
17020,fit
17022,test
17023,test
17024,test
17025,fit
17026,fit
17027,fit
17028,fit
17029,fit
17030,test
17031,fit
17032,test
17033,fit
17034,test
17035,calibration
17036,calibration
17037,fit
17038,fit
17039,calibration
17040,test
17041,fit
17042,fit
17043,fit
17044,fit
17045,test
17046,fit
17047,test
17048,fit
17049,fit
17050,fit
17051,test
17052,calibration
17053,fit
17054,fit
17056,fit
17057,fit
17060,test
17061,fit
17062,fit
17063,calibration
17064,calibration
17065,fit
17066,test
17067,fit
17069,test
17070,fit
17071,fit
17072,calibration
17073,fit
17074,fit
17075,test
17076,fit
17077,fit
17078,fit
17079,calibration
17080,fit
17081,calibration
17082,test
17083,calibration
17084,calibration
17086,calibration
17087,fit
17088,fit
17089,fit
17090,fit
17091,fit
17092,calibration
17093,fit
17094,fit
17095,test
17096,calibration
17097,fit
17098,calibration
17099,fit
17100,calibration
17101,calibration
17102,calibration
17103,fit
17104,fit
17105,fit
17106,fit
17107,fit
17108,fit
17109,fit
17110,calibration
17111,fit
17112,fit
17113,fit
17114,fit
17115,fit
17116,test
17117,fit
17118,calibration
17119,fit
17120,calibration
17121,fit
17122,test
17124,fit
17125,fit
17126,calibration
17127,fit
17128,fit
17129,calibration
17130,test
17131,fit
17132,fit
17133,fit
17134,calibration
17135,fit
17136,calibration
17137,fit
17138,fit
17139,fit
17140,fit
17141,calibration
17142,fit
17143,fit
17144,calibration
17145,test
17146,fit
17147,fit
17148,fit
17149,fit
17150,calibration
17151,fit
17152,fit
17153,fit
17154,fit
17155,test
17157,calibration
17158,test
17159,fit
17160,fit
17161,fit
17162,test
17163,fit
17164,fit
17165,fit
17166,fit
17167,fit
17168,fit
17169,test
17170,fit
17171,test
17172,fit
17173,fit
17174,calibration
17175,calibration
17176,test
17177,test
17178,fit
17179,fit
17180,calibration
17181,fit
17182,calibration
17183,test
17184,fit
17185,fit
17186,calibration
17188,test
17189,test
17190,test
17192,fit
17193,fit
17194,fit
17195,fit
17196,fit
17197,fit
17198,fit
17199,fit
17200,fit
17201,test
17202,fit
17203,test
17204,calibration
17205,calibration
17206,fit
17207,test
17208,fit
17209,fit
17210,test
17211,calibration
17212,fit
17213,calibration
17214,calibration
17215,test
17216,fit
17217,fit
17218,fit
17219,fit
17220,fit
17221,fit
17222,fit
17223,fit
17224,fit
17225,test
17226,calibration
17227,calibration
17229,test
17230,calibration
17231,calibration
17232,test
17233,test
17234,fit
17235,test
17236,fit
17237,fit
17238,test
17239,test
17240,test
17241,calibration
17243,fit
17244,calibration
17245,fit
17247,calibration
17248,calibration
17249,fit
17250,calibration
17251,fit
17252,test
17253,fit
17254,fit
17255,fit
17256,fit
17257,fit
17258,fit
17259,fit
17260,test
17261,fit
17262,calibration
17263,fit
17264,test
17265,fit
17266,fit
17267,test
17268,fit
17269,calibration
17270,calibration
17271,fit
17273,calibration
17274,fit
17275,test
17276,fit
17277,fit
17278,fit
17279,fit
17280,fit
17281,fit
17282,fit
17283,fit
17284,fit
17285,calibration
17286,fit
17287,calibration
17288,test
17290,fit
17291,calibration
17292,calibration
17294,test
17296,calibration
17297,test
17298,test
17299,test
17301,calibration
17302,test
17303,test
17304,fit
17305,test
17306,calibration
17307,calibration
17308,test
17309,calibration
17310,calibration
17311,fit
17312,fit
17313,fit
17314,test
17315,fit
17316,fit
17317,test
17318,fit
17319,calibration
17320,fit
17321,calibration
17322,test
17324,test
17325,test
17326,fit
17327,test
17328,fit
17329,fit
17330,test
17332,test
17333,test
17334,fit
17335,test
17336,fit
17337,calibration
17338,test
17339,fit
17340,calibration
17341,fit
17342,fit
17343,fit
17344,fit
17345,fit
17346,test
17347,fit
17348,fit
17349,calibration
17350,fit
17351,fit
17352,fit
17353,test
17354,test
17355,fit
17356,calibration
17357,fit
17358,fit
17359,fit
17360,fit
17361,test
17362,calibration
17363,test
17364,fit
17365,fit
17366,fit
17367,fit
17368,fit
17369,fit
17370,calibration
17371,calibration
17372,test
17373,calibration
17374,test
17375,fit
17376,calibration
17377,fit
17378,test
17379,fit
17380,fit
17381,calibration
17382,fit
17383,calibration
17384,fit
17385,fit
17386,test
17387,test
17388,test
17389,fit
17390,calibration
17391,fit
17392,test
17393,calibration
17394,fit
17395,fit
17396,fit
17397,fit
17398,fit
17399,test
17400,fit
17401,calibration
17402,test
17403,fit
17404,fit
17405,fit
17406,calibration
17407,test
17408,fit
17409,test
17410,fit
17411,fit
17413,fit
17414,fit
17415,calibration
17416,fit
17417,test
17418,calibration
17419,fit
17420,fit
17421,test
17422,fit
17423,calibration
17424,calibration
17425,fit
17426,fit
17427,calibration
17428,fit
17429,test
17430,fit
17431,fit
17432,fit
17433,test
17434,calibration
17435,test
17436,calibration
17437,test
17438,fit
17439,fit
17440,test
17441,fit
17442,calibration
17443,test
17444,fit
17445,fit
17446,fit
17447,fit
17448,fit
17449,calibration
17450,fit
17451,fit
17452,fit
17453,test
17454,fit
17455,fit
17456,fit
17457,fit
17458,fit
17459,fit
17460,test
17461,fit
17462,calibration
17463,fit
17464,fit
17465,fit
17466,test
17467,calibration
17468,calibration
17469,test
17470,fit
17471,fit
17472,fit
17474,calibration
17475,fit
17476,fit
17477,fit
17478,fit
17479,fit
17480,fit
17481,calibration
17482,fit
17483,fit
17484,fit
17485,fit
17486,fit
17487,fit
17488,fit
17489,fit
17490,fit
17491,fit
17492,test
17493,fit
17494,fit
17496,calibration
17497,fit
17499,fit
17500,fit
17501,fit
17502,fit
17503,fit
17504,fit
17506,test
17507,fit
17508,fit
17509,test
17510,fit
17511,fit
17512,fit
17513,fit
17514,fit
17515,fit
17516,test
17517,fit
17518,calibration
17519,calibration
17520,test
17521,test
17522,fit
17523,fit
17524,fit
17525,fit
17526,calibration
17527,fit
17528,fit
17529,fit
17530,fit
17531,fit
17532,fit
17533,test
17534,calibration
17535,fit
17536,calibration
17537,fit
17538,fit
17539,fit
17540,fit
17541,fit
17542,fit
17543,fit
17544,test
17545,fit
17546,fit
17547,fit
17548,calibration
17549,calibration
17550,calibration
17551,fit
17552,calibration
17553,fit
17554,calibration
17556,fit
17557,fit
17558,calibration
17559,fit
17560,test
17561,fit
17562,fit
17563,fit
17564,calibration
17565,fit
17566,calibration
17567,fit
17568,fit
17569,fit
17570,fit
17571,fit
17572,fit
17573,fit
17574,fit
17575,fit
17576,test
17577,fit
17578,fit
17579,fit
17580,calibration
17582,fit
17583,test
17584,fit
17585,fit
17586,fit
17587,fit
17588,fit
17589,test
17590,fit
17591,test
17592,calibration
17593,test
17594,fit
17595,test
17596,test
17597,fit
17598,test
17599,fit
17600,fit
17601,calibration
17602,calibration
17603,calibration
17604,calibration
17605,fit
17606,fit
17607,fit
17608,fit
17609,fit
17610,fit
17611,fit
17612,fit
17613,calibration
17614,calibration
17615,test
17616,calibration
17617,fit
17618,test
17619,fit
17620,fit
17621,test
17622,fit
17623,fit
17624,fit
17625,fit
17626,fit
17627,fit
17628,test
17629,calibration
17630,test
17631,test
17632,fit
17633,fit
17634,test
17635,fit
17637,fit
17638,test
17639,fit
17640,test
17641,fit
17642,calibration
17643,fit
17644,calibration
17645,fit
17646,fit
17647,test
17648,fit
17649,calibration
17650,fit
17651,fit
17652,test
17653,test
17654,fit
17655,test
17656,fit
17657,calibration
17658,test
17659,calibration
17660,calibration
17661,test
17662,fit
17663,test
17664,fit
17665,fit
17666,calibration
17667,fit
17668,fit
17669,calibration
17670,fit
17671,fit
17672,fit
17673,fit
17674,fit
17675,test
17676,test
17677,fit
17678,calibration
17679,fit
17680,calibration
17681,fit
17682,test
17683,fit
17684,fit
17685,calibration
17686,fit
17687,fit
17688,fit
17689,fit
17690,fit
17691,fit
17693,calibration
17694,calibration
17695,fit
17696,fit
17697,fit
17698,fit
17699,fit
17700,fit
17701,fit
17702,test
17703,fit
17704,test
17705,test
17706,fit
17707,fit
17708,calibration
17709,calibration
17710,fit
17711,fit
17712,fit
17714,calibration
17715,fit
17716,fit
17717,fit
17718,fit
17719,fit
17720,fit
17721,calibration
17722,test
17724,fit
17725,calibration
17727,fit
17728,fit
17729,test
17730,fit
17731,fit
17732,fit
17733,calibration
17734,test
17735,fit
17736,test
17737,fit
17739,calibration
17740,fit
17741,test
17742,fit
17743,calibration
17744,calibration
17745,fit
17746,test
17747,fit
17748,fit
17749,test
17750,calibration
17751,fit
17752,test
17753,fit
17754,fit
17755,fit
17756,fit
17757,fit
17758,fit
17759,calibration
17760,fit
17761,fit
17762,calibration
17763,fit
17764,fit
17765,calibration
17766,fit
17767,fit
17768,fit
17769,fit
17770,fit
17771,calibration
17772,fit
17773,test
17774,calibration
17775,fit
17776,calibration
17777,fit
17778,fit
17779,fit
17780,fit
17781,calibration
17782,fit
17783,fit
17784,fit
17785,calibration
17786,calibration
17787,fit
17788,test
17789,fit
17790,fit
17791,test
17792,calibration
17793,fit
17794,test
17795,calibration
17796,fit
17797,calibration
17798,test
17799,fit
17800,test
17802,calibration
17803,test
17806,fit
17807,fit
17808,fit
17809,test
17810,calibration
17811,test
17812,fit
17813,fit
17814,fit
17815,test
17816,fit
17817,fit
17818,calibration
17819,fit
17820,fit
17821,fit
17822,fit
17823,fit
17824,fit
17825,calibration
17827,calibration
17828,fit
17829,fit
17830,calibration
17831,calibration
17832,fit
17833,test
17834,test
17835,fit
17836,fit
17837,calibration
17838,fit
17839,fit
17840,fit
17842,test
17843,test
17844,test
17845,fit
17846,test
17847,fit
17848,calibration
17849,fit
17850,test
17851,fit
17852,fit
17853,fit
17855,fit
17856,fit
17857,fit
17858,fit
17859,fit
17860,fit
17861,fit
17862,fit
17863,fit
17865,fit
17866,fit
17867,fit
17868,fit
17869,calibration
17870,calibration
17871,fit
17872,fit
17873,test
17874,fit
17875,calibration
17876,test
17877,fit
17878,calibration
17879,calibration
17880,calibration
17881,fit
17882,test
17883,fit
17884,fit
17885,test
17886,calibration
17887,fit
17888,fit
17889,test
17890,test
17891,fit
17892,fit
17894,fit
17895,fit
17896,fit
17897,fit
17898,fit
17899,test
17900,test
17901,fit
17902,test
17903,test
17904,fit
17905,test
17906,fit
17907,fit
17908,fit
17909,calibration
17910,fit
17911,fit
17912,fit
17913,calibration
17914,calibration
17915,fit
17916,fit
17917,calibration
17918,fit
17919,fit
17920,fit
17922,fit
17923,test
17924,fit
17925,fit
17926,test
17927,fit
17928,fit
17929,calibration
17930,test
17931,fit
17932,calibration
17933,calibration
17934,calibration
17935,test
17936,fit
17937,fit
17938,calibration
17939,fit
17940,test
17941,fit
17942,fit
17943,fit
17944,calibration
17945,test
17946,fit
17947,fit
17948,fit
17949,calibration
17950,fit
17951,calibration
17952,fit
17953,calibration
17955,fit
17956,calibration
17957,fit
17958,fit
17959,fit
17960,fit
17961,fit
17962,test
17963,fit
17964,calibration
17965,test
17966,test
17967,fit
17968,fit
17969,test
17970,fit
17972,test
17973,calibration
17974,fit
17975,fit
17976,test
17977,calibration
17978,fit
17979,fit
17980,calibration
17981,fit
17982,calibration
17983,fit
17984,calibration
17985,calibration
17986,fit
17987,test
17988,test
17989,fit
17990,fit
17991,fit
17992,test
17993,fit
17995,fit
17996,test
17997,fit
17998,fit
17999,fit
18000,fit
18003,fit
18004,calibration
18005,fit
18006,fit
18007,calibration
18008,test
18009,fit
18010,fit
18011,test
18012,fit
18013,test
18014,fit
18015,test
18016,fit
18017,fit
18018,fit
18019,fit
18020,fit
18021,fit
18022,fit
18023,fit
18024,calibration
18025,fit
18026,test
18027,fit
18028,calibration
18029,test
18030,test
18031,fit
18032,fit
18033,fit
18034,test
18036,fit
18037,fit
18038,fit
18039,calibration
18040,calibration
18041,fit
18042,calibration
18043,fit
18044,fit
18045,fit
18046,fit
18047,fit
18048,calibration
18049,test
18050,fit
18051,calibration
18052,fit
18053,calibration
18054,fit
18056,fit
18057,calibration
18058,fit
18059,fit
18060,fit
18061,calibration
18062,test
18063,fit
18064,fit
18065,fit
18066,fit
18067,test
18068,fit
18069,fit
18070,calibration
18071,calibration
18072,fit
18073,fit
18074,calibration
18075,test
18076,test
18077,fit
18078,fit
18079,fit
18080,fit
18081,fit
18082,test
18083,fit
18084,calibration
18085,fit
18086,fit
18087,test
18088,fit
18089,fit
18090,fit
18091,test
18092,test
18093,calibration
18096,fit
18097,fit
18098,fit
18099,fit
18100,test
18101,calibration
18102,fit
18103,fit
18105,fit
18106,fit
18108,fit
18109,test
18110,test
18111,calibration
18112,test
18113,test
18114,fit
18115,fit
18116,fit
18117,fit
18118,fit
18119,fit
18120,fit
18121,test
18122,fit
18123,calibration
18124,test
18125,fit
18126,calibration
18127,fit
18128,fit
18129,fit
18130,calibration
18131,calibration
18132,fit
18133,calibration
18134,calibration
18135,calibration
18136,fit
18137,fit
18138,fit
18139,calibration
18140,fit
18141,calibration
18142,fit
18143,test
18144,calibration
18145,test
18146,fit
18147,fit
18148,fit
18149,fit
18150,fit
18151,fit
18152,fit
18153,test
18154,test
18156,fit
18157,fit
18158,fit
18159,calibration
18160,fit
18161,fit
18162,fit
18163,fit
18164,calibration
18165,fit
18166,fit
18167,fit
18168,fit
18169,test
18170,test
18171,test
18173,fit
18174,calibration
18175,calibration
18177,fit
18178,fit
18179,test
18180,test
18181,fit
18182,fit
18183,test
18184,fit
18185,calibration
18186,fit
18187,calibration
18188,test
18189,calibration
18190,calibration
18191,test
18192,fit
18193,fit
18194,fit
18195,calibration
18196,fit
18197,test
18198,fit
18199,fit
18200,fit
18201,test
18202,fit
18203,fit
18204,test
18205,test
18206,fit
18207,fit
18208,fit
18209,fit
18212,fit
18213,fit
18214,fit
18215,fit
18216,fit
18217,test
18218,fit
18219,fit
18220,fit
18221,calibration
18222,fit
18223,fit
18225,fit
18226,fit
18227,test
18228,test
18229,fit
18230,fit
18231,fit
18232,calibration
18233,test
18234,fit
18235,calibration
18237,fit
18238,fit
18239,fit
18240,calibration
18241,fit
18242,calibration
18243,fit
18244,calibration
18245,test
18246,fit
18247,calibration
18248,fit
18249,fit
18250,test
18251,fit
18252,fit
18253,fit
18254,fit
18255,test
18256,fit
18257,fit
18258,fit
18259,fit
18260,test
18261,test
18262,fit
18263,test
18266,fit
18267,test
18268,calibration
18269,fit
18270,calibration
18271,fit
18272,calibration
18273,calibration
18274,calibration
18275,fit
18276,fit
18277,calibration
18279,fit
18280,calibration
18281,fit
18282,fit
18283,calibration
18284,test
18285,calibration
18286,fit
18287,fit
18288,calibration
18289,fit
18290,test
18291,test
18292,calibration
18293,test
18294,fit
18295,fit
18296,fit
18298,test
18299,test
18300,fit
18301,fit
18302,fit
18303,test
18304,fit
18305,fit
18306,calibration
18307,fit
18308,calibration
18310,calibration
18311,test
18312,fit
18313,fit
18314,fit
18315,test
18316,test
18317,fit
18318,fit
18319,test
18320,fit
18321,calibration
18322,test
18323,calibration
18324,test
18325,fit
18326,calibration
18327,calibration
18328,fit
18329,calibration
18330,fit
18331,calibration
18332,calibration
18333,fit
18334,calibration
18335,calibration
18336,test
18337,fit
18338,test
18339,fit
18340,fit
18341,test
18342,calibration
18343,fit
18344,calibration
18345,fit
18346,fit
18347,test
18348,fit
18349,fit
18350,fit
18351,fit
18352,fit
18353,fit
18354,fit
18355,calibration
18356,fit
18357,calibration
18358,test
18359,test
18360,calibration
18362,test
18364,fit
18365,fit
18366,fit
18367,calibration
18368,fit
18370,fit
18371,test
18372,test
18373,test
18375,fit
18376,fit
18377,fit
18378,fit
18379,fit
18380,fit
18381,fit
18382,fit
18383,test
18384,test
18385,calibration
18386,test
18387,fit
18388,test
18389,fit
18390,fit
18392,calibration
18393,fit
18394,fit
18395,fit
18396,fit
18397,test
18398,fit
18400,test
18401,test
18402,fit
18403,test
18404,calibration
18405,fit
18406,test
18407,test
18408,fit
18409,fit
18410,fit
18411,test
18412,test
18413,fit
18414,fit
18416,test
18417,calibration
18418,fit
18419,fit
18420,test
18421,fit
18422,fit
18423,fit
18424,fit
18425,fit
18426,test
18427,calibration
18428,fit
18429,test
18430,fit
18431,test
18432,fit
18433,fit
18435,test
18436,fit
18437,calibration
18438,fit
18439,calibration
18440,test
18441,fit
18442,fit
18443,fit
18444,fit
18445,fit
18446,test
18447,calibration
18449,fit
18450,fit
18451,fit
18452,test
18453,fit
18454,calibration
18455,fit
18456,fit
18457,fit
18458,fit
18459,fit
18460,calibration
18461,fit
18462,calibration
18463,fit
18464,fit
18466,calibration
18467,fit
18468,fit
18469,test
18470,test
18471,fit
18472,fit
18473,fit
18474,fit
18475,fit
18476,calibration
18477,test
18478,fit
18479,fit
18480,fit
18481,fit
18482,test
18483,test
18484,fit
18485,fit
18486,calibration
18487,fit
18488,calibration
18489,fit
18490,fit
18491,fit
18492,test
18493,test
18494,fit
18495,fit
18497,fit
18498,fit
18499,fit
18500,test
18501,calibration
18502,test
18503,fit
18504,fit
18505,fit
18506,fit
18507,calibration
18508,fit
18509,test
18510,fit
18511,test
18512,fit
18513,test
18515,fit
18516,fit
18517,fit
18519,fit
18520,calibration
18521,fit
18522,calibration
18523,fit
18525,calibration
18526,calibration
18527,calibration
18528,fit
18529,calibration
18530,fit
18531,calibration
18533,calibration
18534,fit
18535,fit
18536,calibration
18538,fit
18540,fit
18541,test
18542,fit
18543,test
18544,calibration
18545,fit
18546,fit
18547,calibration
18548,fit
18549,fit
18550,calibration
18551,fit
18552,fit
18553,fit
18554,fit
18555,fit
18556,fit
18557,test
18558,calibration
18559,test
18561,fit
18562,fit
18563,fit
18564,calibration
18565,fit
18566,fit
18567,fit
18568,fit
18569,test
18570,fit
18571,fit
18572,calibration
18574,test
18575,test
18577,fit
18578,fit
18579,test
18580,fit
18581,fit
18582,fit
18583,test
18584,fit
18585,fit
18586,test
18587,test
18588,fit
18589,test
18590,test
18591,fit
18592,fit
18593,test
18594,fit
18595,test
18596,fit
18597,fit
18598,fit
18599,fit
18602,test
18603,fit
18604,fit
18605,fit
18606,fit
18607,fit
18608,fit
18609,fit
18610,fit
18611,test
18612,fit
18613,fit
18614,test
18615,fit
18616,calibration
18617,fit
18618,calibration
18619,calibration
18620,fit
18621,test
18622,calibration
18623,test
18624,test
18625,fit
18626,calibration
18627,test
18628,fit
18629,test
18630,calibration
18631,test
18633,fit
18634,fit
18635,fit
18636,test
18637,fit
18638,test
18639,fit
18640,fit
18641,fit
18642,fit
18643,fit
18644,fit
18646,test
18647,fit
18648,test
18650,test
18651,fit
18653,fit
18654,fit
18655,fit
18656,fit
18657,fit
18658,test
18660,fit
18661,fit
18662,calibration
18663,test
18664,test
18665,fit
18666,fit
18667,fit
18668,fit
18669,fit
18671,fit
18672,fit
18673,fit
18674,fit
18675,fit
18676,fit
18677,test
18678,calibration
18679,fit
18680,fit
18681,fit
18682,test
18683,test
18684,fit
18685,fit
18686,fit
18687,fit
18688,fit
18689,fit
18690,fit
18691,fit
18692,calibration
18693,fit
18694,calibration
18695,fit
18696,test
18697,calibration
18698,fit
18699,fit
18700,fit
18701,fit
18702,fit
18703,fit
18704,fit
18705,fit
18706,fit
18707,calibration
18708,test
18709,fit
18710,fit
18711,fit
18712,fit
18713,fit
18714,fit
18715,fit
18716,fit
18717,test
18718,fit
18719,calibration
18720,calibration
18721,fit
18722,fit
18723,calibration
18724,calibration
18725,fit
18726,fit
18727,fit
18728,fit
18729,fit
18730,test
18733,fit
18734,fit
18735,fit
18736,fit
18737,fit
18738,fit
18739,fit
18740,calibration
18741,fit
18742,test
18743,fit
18744,fit
18745,test
18746,fit
18747,test
18748,fit
18749,calibration
18750,test
18751,fit
18752,test
18753,fit
18754,calibration
18755,fit
18756,fit
18758,test
18759,fit
18760,calibration
18761,fit
18762,fit
18763,fit
18764,test
18765,fit
18766,fit
18768,fit
18769,fit
18770,calibration
18772,calibration
18773,fit
18774,fit
18775,test
18776,fit
18777,fit
18778,test
18779,test
18780,fit
18781,fit
18782,calibration
18783,test
18784,calibration
18785,fit
18786,fit
18787,test
18788,calibration
18789,fit
18790,fit
18791,fit
18792,fit
18793,test
18794,test
18795,test
18796,calibration
18797,calibration
18798,fit
18799,test
18800,fit
18801,calibration
18802,fit
18803,fit
18804,test
18806,fit
18807,fit
18808,fit
18809,fit
18811,fit
18812,fit
18813,fit
18814,fit
18815,calibration
18816,calibration
18817,fit
18818,fit
18819,calibration
18820,fit
18821,fit
18822,test
18823,test
18824,calibration
18825,test
18826,test
18827,fit
18828,test
18829,test
18830,calibration
18831,test
18832,test
18833,fit
18834,calibration
18835,test
18836,fit
18837,fit
18838,test
18839,fit
18841,calibration
18842,test
18843,calibration
18844,fit
18845,fit
18846,fit
18847,test
18848,fit
18849,fit
18850,calibration
18851,test
18852,calibration
18853,fit
18854,calibration
18855,calibration
18856,fit
18857,calibration
18858,fit
18859,test
18860,fit
18861,fit
18862,fit
18863,calibration
18864,fit
18865,fit
18866,fit
18867,fit
18868,test
18869,fit
18870,test
18871,fit
18872,fit
18873,calibration
18874,fit
18875,calibration
18876,calibration
18877,fit
18878,calibration
18879,test
18880,fit
18882,calibration
18883,test
18884,test
18885,calibration
18886,fit
18888,fit
18889,fit
18890,calibration
18891,fit
18892,calibration
18893,fit
18894,fit
18895,fit
18896,calibration
18897,fit
18898,fit
18899,fit
18900,fit
18901,test
18902,fit
18903,calibration
18904,calibration
18905,fit
18906,calibration
18908,fit
18909,fit
18910,calibration
18911,test
18912,fit
18913,test
18914,calibration
18915,fit
18916,fit
18917,fit
18918,calibration
18919,fit
18920,fit
18921,test
18923,fit
18924,test
18925,calibration
18926,fit
18927,fit
18928,test
18929,fit
18930,fit
18933,test
18934,fit
18935,fit
18936,fit
18937,test
18938,fit
18939,calibration
18940,fit
18941,fit
18942,fit
18943,fit
18945,test
18946,calibration
18947,fit
18948,calibration
18949,fit
18950,calibration
18951,fit
18952,fit
18953,fit
18954,test
18955,fit
18956,calibration
18957,fit
18958,fit
18959,test
18960,fit
18961,fit
18962,fit
18963,fit
18964,fit
18965,fit
18966,calibration
18967,fit
18968,fit
18969,fit
18970,test
18971,fit
18972,fit
18973,fit
18974,calibration
18975,calibration
18976,fit
18977,fit
18978,fit
18979,calibration
18980,fit
18981,fit
18982,test
18983,fit
18984,fit
18985,fit
18986,fit
18987,fit
18988,test
18989,fit
18990,fit
18991,test
18992,calibration
18993,test
18994,fit
18996,fit
18997,test
18998,fit
19000,fit
19001,fit
19002,test
19003,calibration
19004,test
19005,test
19006,calibration
19007,test
19008,fit
19009,test
19010,calibration
19011,fit
19012,fit
19013,fit
19014,fit
19015,fit
19016,fit
19017,test
19018,test
19020,calibration
19021,fit
19022,fit
19023,fit
19024,fit
19025,fit
19026,fit
19027,fit
19028,fit
19029,fit
19030,test
19031,calibration
19032,fit
19033,fit
19034,fit
19035,fit
19036,test
19037,fit
19038,test
19039,test
19040,test
19041,fit
19042,calibration
19043,test
19044,fit
19045,test
19046,test
19047,calibration
19048,calibration
19049,calibration
19050,fit
19051,fit
19052,fit
19053,fit
19054,fit
19056,fit
19057,test
19058,test
19059,fit
19060,test
19061,test
19062,calibration
19063,test
19064,fit
19065,calibration
19066,fit
19067,fit
19068,fit
19069,calibration
19070,fit
19071,fit
19072,fit
19073,test
19074,test
19075,calibration
19076,test
19077,fit
19078,fit
19079,fit
19080,test
19081,calibration
19082,test
19084,calibration
19085,fit
19086,fit
19087,calibration
19088,fit
19089,fit
19090,fit
19091,test
19092,test
19093,fit
19094,fit
19095,calibration
19096,fit
19097,calibration
19099,calibration
19100,calibration
19101,fit
19103,fit
19104,test
19106,test
19107,fit
19108,fit
19109,fit
19110,calibration
19111,calibration
19112,fit
19113,test
19114,test
19116,fit
19117,test
19118,calibration
19119,calibration
19120,test
19121,test
19122,fit
19123,fit
19124,fit
19125,test
19126,fit
19127,fit
19128,test
19129,test
19130,fit
19131,fit
19133,fit
19134,fit
19135,calibration
19136,fit
19137,fit
19138,fit
19139,fit
19140,fit
19141,fit
19142,calibration
19143,fit
19144,fit
19145,fit
19146,test
19147,test
19148,calibration
19149,fit
19150,calibration
19152,test
19154,test
19155,calibration
19156,fit
19157,fit
19158,fit
19159,fit
19160,calibration
19161,test
19162,fit
19163,test
19164,test
19165,fit
19166,test
19169,fit
19170,fit
19171,test
19172,fit
19173,fit
19174,test
19175,test
19176,fit
19177,test
19178,test
19179,test
19180,calibration
19181,calibration
19182,calibration
19183,fit
19184,fit
19185,calibration
19186,calibration
19187,test
19188,calibration
19190,calibration
19191,calibration
19192,fit
19193,fit
19194,fit
19195,fit
19196,fit
19197,calibration
19198,fit
19199,calibration
19200,test
19201,calibration
19203,test
19205,test
19206,fit
19207,calibration
19208,fit
19209,fit
19210,fit
19211,calibration
19212,calibration
19213,calibration
19214,fit
19215,test
19216,fit
19218,test
19219,test
19220,fit
19221,calibration
19222,fit
19223,test
19224,fit
19225,test
19226,calibration
19227,fit
19229,calibration
19230,test
19232,fit
19233,fit
19234,test
19235,test
19236,fit
19237,fit
19238,test
19240,fit
19241,fit
19242,test
19243,fit
19244,test
19245,fit
19246,fit
19247,calibration
19248,fit
19249,fit
19250,calibration
19251,fit
19252,fit
19253,calibration
19254,test
19255,fit
19256,fit
19257,fit
19258,fit
19259,fit
19260,fit
19261,fit
19262,fit
19263,fit
19264,fit
19265,calibration
19266,calibration
19267,test
19268,test
19269,fit
19270,test
19271,test
19272,calibration
19273,fit
19274,test
19275,test
19276,fit
19277,calibration
19278,fit
19279,fit
19280,calibration
19281,calibration
19282,test
19283,test
19284,test
19285,fit
19286,fit
19288,calibration
19289,fit
19291,fit
19292,test
19293,fit
19294,fit
19295,fit
19296,test
19297,test
19298,test
19299,fit
19300,fit
19301,calibration
19302,fit
19303,fit
19304,fit
19305,fit
19306,fit
19307,fit
19308,calibration
19309,test
19310,fit
19311,test
19312,fit
19313,calibration
19314,fit
19315,fit
19317,calibration
19318,test
19319,fit
19320,fit
19321,test
19322,fit
19323,calibration
19324,calibration
19325,fit
19326,fit
19327,fit
19328,test
19329,fit
19330,fit
19331,fit
19332,fit
19333,test
19334,calibration
19335,fit
19336,calibration
19337,fit
19338,fit
19340,fit
19341,fit
19342,fit
19343,fit
19344,fit
19345,fit
19346,fit
19347,calibration
19348,fit
19349,fit
19350,calibration
19351,fit
19352,test
19353,fit
19354,fit
19355,calibration
19357,calibration
19358,fit
19359,calibration
19361,calibration
19362,fit
19363,test
19365,fit
19366,fit
19367,calibration
19368,fit
19369,fit
19370,test
19371,fit
19372,fit
19373,fit
19374,fit
19375,calibration
19376,calibration
19377,fit
19378,calibration
19379,test
19380,fit
19381,calibration
19382,fit
19385,fit
19386,fit
19387,fit
19388,fit
19389,test
19391,test
19392,calibration
19393,fit
19394,calibration
19395,fit
19396,fit
19397,test
19398,fit
19399,calibration
19400,fit
19401,calibration
19402,fit
19403,test
19404,calibration
19405,fit
19406,test
19408,fit
19409,test
19410,fit
19411,calibration
19412,calibration
19413,fit
19414,fit
19415,fit
19416,test
19417,test
19418,fit
19419,calibration
19420,test
19421,calibration
19422,fit
19423,fit
19424,test
19425,fit
19426,calibration
19427,calibration
19428,fit
19429,test
19430,fit
19432,fit
19433,fit
19434,fit
19435,fit
19436,test
19437,fit
19438,fit
19440,fit
19441,fit
19442,test
19443,test
19444,fit
19445,fit
19446,fit
19447,fit
19448,fit
19449,fit
19450,fit
19451,test
19452,calibration
19453,fit
19454,calibration
19455,fit
19456,calibration
19457,fit
19458,test
19459,test
19460,calibration
19461,fit
19462,test
19463,calibration
19464,fit
19465,test
19466,fit
19467,calibration
19468,fit
19469,calibration
19471,fit
19472,test
19473,calibration
19474,calibration
19475,test
19477,fit
19478,fit
19479,fit
19480,fit
19481,fit
19482,fit
19484,fit
19485,fit
19486,calibration
19487,fit
19488,calibration
19489,fit
19491,fit
19492,fit
19493,fit
19494,fit
19495,fit
19496,test
19497,test
19498,calibration
19499,fit
19500,fit
19501,fit
19502,test
19503,fit
19504,fit
19506,test
19507,fit
19508,fit
19509,calibration
19510,fit
19511,fit
19512,fit
19513,fit
19515,fit
19516,fit
19517,fit
19518,test
19519,fit
19520,fit
19521,calibration
19522,calibration
19523,fit
19524,fit
19525,fit
19527,fit
19528,fit
19529,fit
19530,test
19531,calibration
19532,calibration
19533,fit
19534,fit
19535,fit
19536,fit
19537,calibration
19538,calibration
19539,fit
19540,calibration
19541,calibration
19542,test
19543,calibration
19544,test
19545,test
19546,calibration
19547,test
19548,fit
19549,fit
19550,test
19551,fit
19552,calibration
19553,test
19554,fit
19555,fit
19556,calibration
19557,fit
19558,test
19559,fit
19560,test
19561,fit
19562,test
19563,test
19564,fit
19565,calibration
19567,test
19568,fit
19570,fit
19571,calibration
19572,fit
19573,calibration
19574,fit
19575,fit
19577,fit
19578,fit
19579,fit
19580,test
19581,fit
19582,test
19583,calibration
19584,calibration
19585,fit
19586,fit
19587,fit
19588,calibration
19589,fit
19590,test
19591,calibration
19592,calibration
19593,calibration
19594,fit
19595,fit
19596,fit
19597,fit
19598,calibration
19599,test
19600,test
19601,fit
19603,fit
19604,fit
19605,fit
19606,test
19607,fit
19608,test
19609,calibration
19610,calibration
19611,fit
19612,fit
19613,fit
19614,test
19615,test
19616,fit
19617,calibration
19618,fit
19619,test
19620,fit
19621,calibration
19622,calibration
19623,fit
19624,test
19625,fit
19626,fit
19627,fit
19628,calibration
19629,test
19630,test
19631,fit
19632,fit
19633,fit
19634,calibration
19635,fit
19636,calibration
19637,fit
19638,calibration
19639,fit
19640,calibration
19641,test
19642,test
19643,fit
19644,test
19645,fit
19646,fit
19647,fit
19648,fit
19650,fit
19651,calibration
19652,calibration
19653,fit
19654,calibration
19655,fit
19656,fit
19657,calibration
19658,fit
19659,fit
19660,calibration
19662,fit
19663,test
19664,fit
19665,fit
19666,fit
19667,fit
19668,fit
19669,fit
19670,fit
19671,fit
19672,fit
19674,calibration
19675,fit
19676,fit
19677,fit
19679,calibration
19680,fit
19681,fit
19682,fit
19683,fit
19684,fit
19687,calibration
19688,fit
19691,fit
19692,calibration
19693,fit
19694,fit
19695,test
19696,fit
19697,calibration
19698,fit
19699,calibration
19700,fit
19701,fit
19702,test
19703,calibration
19704,test
19705,fit
19706,fit
19707,calibration
19708,fit
19709,fit
19710,calibration
19711,fit
19712,fit
19713,fit
19714,test
19715,test
19716,fit
19717,test
19718,test
19719,fit
19720,calibration
19721,fit
19722,test
19723,fit
19724,test
19725,fit
19726,calibration
19727,fit
19728,fit
19729,fit
19730,test
19731,fit
19732,calibration
19733,fit
19734,fit
19735,fit
19736,fit
19737,fit
19738,fit
19739,calibration
19740,calibration
19742,test
19743,fit
19744,fit
19745,fit
19746,fit
19747,test
19748,fit
19749,test
19750,calibration
19751,fit
19752,calibration
19753,fit
19754,fit
19755,fit
19756,test
19757,fit
19758,fit
19759,fit
19760,fit
19761,test
19762,test
19763,fit
19764,fit
19765,fit
19766,test
19767,fit
19768,fit
19769,calibration
19770,fit
19771,calibration
19772,fit
19773,fit
19774,calibration
19776,test
19777,calibration
19778,calibration
19779,fit
19780,test
19781,fit
19782,calibration
19783,fit
19784,fit
19785,fit
19786,fit
19787,fit
19788,fit
19789,calibration
19790,fit
19791,fit
19792,fit
19793,test
19794,fit
19795,calibration
19796,fit
19797,fit
19799,fit
19800,calibration
19801,calibration
19802,test
19803,test
19804,fit
19805,fit
19806,fit
19807,fit
19808,fit
19810,test
19811,test
19812,fit
19813,test
19814,fit
19815,fit
19816,fit
19817,test
19818,fit
19819,fit
19820,calibration
19821,fit
19822,fit
19823,test
19824,fit
19825,test
19826,calibration
19827,test
19828,fit
19829,fit
19830,fit
19831,fit
19832,fit
19833,test
19834,test
19835,calibration
19836,fit
19837,fit
19838,fit
19839,calibration
19840,fit
19841,calibration
19842,fit
19843,test
19844,calibration
19845,fit
19846,fit
19847,fit
19848,fit
19849,fit
19850,fit
19851,fit
19852,calibration
19853,fit
19854,fit
19855,test
19856,calibration
19857,test
19858,test
19859,test
19860,test
19861,fit
19862,test
19863,fit
19864,fit
19865,test
19866,calibration
19867,calibration
19868,fit
19869,fit
19870,fit
19871,calibration
19874,fit
19875,calibration
19876,fit
19877,fit
19878,fit
19880,fit
19881,calibration
19882,fit
19883,test
19884,calibration
19885,calibration
19886,test
19887,calibration
19888,fit
19889,fit
19890,fit
19891,fit
19893,calibration
19895,calibration
19896,fit
19897,calibration
19898,fit
19899,fit
19900,calibration
19901,test
19902,fit
19903,calibration
19904,fit
19905,fit
19906,fit
19907,fit
19908,test
19909,fit
19910,test
19911,calibration
19912,fit
19913,calibration
19914,test
19915,fit
19916,fit
19917,test
19918,test
19919,test
19920,test
19921,fit
19922,fit
19924,fit
19925,test
19926,calibration
19927,test
19928,fit
19929,fit
19930,test
19932,fit
19933,calibration
19935,calibration
19936,test
19937,test
19938,test
19939,fit
19940,calibration
19941,fit
19942,test
19944,calibration
19945,fit
19946,test
19947,fit
19948,fit
19949,fit
19950,fit
19951,fit
19952,fit
19953,test
19954,fit
19956,calibration
19957,calibration
19958,fit
19959,fit
19960,calibration
19961,calibration
19962,fit
19963,fit
19964,fit
19965,fit
19966,test
19967,fit
19968,fit
19969,fit
19970,calibration
19971,fit
19972,fit
19973,test
19974,fit
19975,calibration
19976,fit
19977,fit
19978,fit
19979,test
19980,fit
19981,fit
19982,fit
19983,fit
19984,test
19985,calibration
19986,fit
19987,fit
19988,test
19989,test
19990,calibration
19991,fit
19992,calibration
19993,calibration
19994,fit
19995,calibration
19996,fit
19997,calibration
19998,test
19999,calibration
20000,fit
20001,calibration
20002,fit
20003,fit
20004,fit
20005,fit
20006,fit
20007,fit
20008,test
20009,test
20010,calibration
20012,fit
20013,fit
20014,calibration
20015,calibration
20016,fit
20017,calibration
20019,fit
20020,calibration
20021,fit
20022,fit
20023,fit
20024,fit
20026,fit
20027,fit
20028,fit
20029,calibration
20030,fit
20031,fit
20032,calibration
20033,fit
20034,fit
20035,fit
20036,test
20038,fit
20039,test
20040,fit
20041,fit
20042,calibration
20043,fit
20046,calibration
20047,fit
20048,test
20049,fit
20050,fit
20051,test
20052,fit
20053,test
20054,calibration
20055,fit
20056,fit
20057,fit
20058,fit
20059,calibration
20060,fit
20061,fit
20063,test
20064,test
20065,test
20066,fit
20067,fit
20068,calibration
20069,fit
20070,fit
20071,test
20072,fit
20074,calibration
20075,fit
20076,test
20077,fit
20078,fit
20079,fit
20080,fit
20081,fit
20082,fit
20083,fit
20084,fit
20085,fit
20086,fit
20087,fit
20088,fit
20089,fit
20090,fit
20091,fit
20092,fit
20093,calibration
20095,fit
20096,fit
20097,fit
20098,test
20099,fit
20101,fit
20102,calibration
20103,fit
20104,fit
20105,fit
20106,test
20107,fit
20108,calibration
20109,test
20110,test
20111,fit
20112,fit
20113,calibration
20114,test
20115,fit
20116,fit
20117,test
20118,fit
20119,fit
20120,calibration
20121,fit
20122,fit
20123,test
20124,fit
20125,fit
20126,calibration
20127,fit
20128,calibration
20129,fit
20130,fit
20131,test
20132,fit
20134,calibration
20135,fit
20136,fit
20137,test
20138,fit
20139,test
20140,test
20141,fit
20142,fit
20143,fit
20144,fit
20145,test
20146,calibration
20147,fit
20148,fit
20149,test
20150,fit
20151,fit
20152,fit
20153,fit
20155,fit
20156,fit
20157,fit
20158,fit
20159,fit
20160,fit
20161,test
20162,test
20163,fit
20164,fit
20165,calibration
20166,test
20167,calibration
20168,fit
20169,fit
20170,test
20171,test
20172,calibration
20173,calibration
20174,calibration
20175,fit
20176,calibration
20177,test
20178,fit
20179,fit
20180,test
20181,calibration
20182,calibration
20183,fit
20185,test
20186,fit
20187,fit
20188,fit
20189,fit
20190,fit
20191,test
20192,fit
20193,fit
20194,fit
20196,fit
20197,test
20198,fit
20199,test
20200,calibration
20201,test
20202,fit
20203,test
20204,calibration
20205,fit
20206,calibration
20207,fit
20208,fit
20209,test
20210,fit
20211,test
20212,fit
20213,calibration
20214,calibration
20215,calibration
20216,fit
20217,calibration
20218,calibration
20219,fit
20220,test
20221,fit
20222,fit
20223,test
20224,test
20225,calibration
20226,test
20227,test
20228,calibration
20230,fit
20231,test
20232,fit
20233,fit
20234,fit
20235,fit
20236,test
20237,fit
20238,fit
20239,fit
20241,fit
20242,fit
20243,fit
20244,fit
20245,fit
20246,fit
20247,fit
20248,fit
20249,test
20250,fit
20251,calibration
20252,fit
20253,calibration
20254,fit
20255,fit
20256,calibration
20257,fit
20258,test
20259,test
20260,calibration
20261,test
20262,calibration
20263,calibration
20264,fit
20265,fit
20266,fit
20267,calibration
20268,calibration
20269,test
20270,calibration
20271,fit
20272,fit
20273,calibration
20274,test
20275,fit
20276,calibration
20277,fit
20278,calibration
20279,fit
20280,fit
20281,calibration
20282,fit
20283,fit
20284,fit
20285,fit
20286,fit
20287,test
20288,fit
20289,fit
20290,calibration
20291,fit
20292,fit
20293,fit
20294,fit
20295,calibration
20296,calibration
20297,fit
20298,fit
20299,calibration
20300,test
20301,fit
20302,fit
20303,fit
20304,fit
20305,fit
20306,fit
20307,calibration
20308,calibration
20309,test
20310,test
20311,fit
20312,test
20313,fit
20314,fit
20315,fit
20317,fit
20318,fit
20319,test
20320,fit
20321,calibration
20322,fit
20323,test
20324,fit
20325,calibration
20326,fit
20327,fit
20328,calibration
20329,fit
20330,fit
20331,calibration
20332,fit
20333,fit
20334,test
20335,calibration
20336,fit
20337,fit
20338,fit
20339,fit
20340,calibration
20341,calibration
20342,fit
20343,fit
20344,fit
20345,test
20346,calibration
20347,fit
20348,fit
20349,fit
20350,fit
20351,fit
20353,fit
20354,test
20356,test
20357,fit
20358,fit
20359,fit
20361,test
20362,fit
20363,test
20364,fit
20365,fit
20366,fit
20367,fit
20368,test
20369,fit
20370,fit
20371,fit
20372,test
20373,test
20374,fit
20375,fit
20376,test
20377,fit
20378,fit
20379,calibration
20380,calibration
20381,fit
20382,test
20383,fit
20384,fit
20385,fit
20386,fit
20387,fit
20388,test
20389,fit
20390,fit
20391,calibration
20392,fit
20393,fit
20394,fit
20395,fit
20396,test
20397,test
20398,test
20399,fit
20400,fit
20401,test
20402,fit
20403,fit
20404,fit
20405,calibration
20406,fit
20407,fit
20408,fit
20409,test
20410,fit
20411,calibration
20412,test
20413,calibration
20414,fit
20415,fit
20416,fit
20417,fit
20418,fit
20419,fit
20420,fit
20421,calibration
20422,calibration
20423,calibration
20424,fit
20425,test
20426,fit
20427,fit
20428,fit
20429,fit
20430,fit
20431,fit
20432,test
20433,calibration
20434,test
20435,fit
20436,calibration
20437,calibration
20438,fit
20439,fit
20440,calibration
20441,test
20442,fit
20443,fit
20444,fit
20445,calibration
20447,calibration
20448,fit
20449,fit
20450,fit
20451,fit
20452,test
20453,fit
20454,test
20455,fit
20456,calibration
20457,test
20458,calibration
20459,fit
20460,calibration
20461,test
20462,fit
20463,test
20464,test
20465,fit
20466,fit
20467,fit
20468,calibration
20469,fit
20470,fit
20471,calibration
20472,fit
20473,fit
20475,fit
20476,calibration
20477,test
20478,test
20479,test
20480,calibration
20481,calibration
20482,fit
20483,calibration
20484,calibration
20485,fit
20486,fit
20487,fit
20488,fit
20489,fit
20490,fit
20491,fit
20492,test
20493,calibration
20495,fit
20496,test
20497,fit
20498,fit
20499,fit
20500,fit
20501,fit
20502,fit
20503,fit
20504,fit
20505,test
20506,fit
20507,fit
20508,test
20509,fit
20510,fit
20511,fit
20513,calibration
20514,fit
20515,fit
20516,test
20517,fit
20518,fit
20519,fit
20520,test
20521,fit
20522,fit
20523,fit
20524,test
20525,fit
20526,fit
20527,fit
20528,fit
20529,calibration
20530,test
20531,fit
20532,fit
20534,fit
20535,fit
20536,fit
20537,test
20538,fit
20539,fit
20540,calibration
20541,fit
20542,test
20543,fit
20544,calibration
20545,calibration
20546,fit
20547,fit
20548,fit
20549,test
20550,fit
20551,fit
20552,fit
20553,fit
20554,fit
20555,fit
20556,fit
20557,test
20558,test
20559,calibration
20560,fit
20561,fit
20562,test
20563,fit
20564,fit
20565,fit
20566,fit
20567,fit
20570,fit
20571,fit
20572,fit
20573,fit
20575,test
20576,fit
20577,fit
20578,fit
20579,fit
20581,test
20582,fit
20583,test
20584,calibration
20585,calibration
20586,fit
20587,fit
20588,fit
20589,test
20590,fit
20591,fit
20592,fit
20593,test
20594,calibration
20595,calibration
20596,fit
20597,fit
20598,fit
20599,fit
20600,calibration
20601,fit
20602,fit
20603,fit
20604,fit
20605,fit
20606,calibration
20607,test
20608,test
20609,fit
20610,fit
20611,fit
20612,calibration
20613,fit
20614,fit
20615,fit
20616,calibration
20617,test
20619,fit
20620,fit
20621,fit
20622,fit
20623,fit
20624,fit
20625,fit
20626,test
20627,test
20628,fit
20629,fit
20630,fit
20631,test
20632,fit
20633,test
20634,fit
20635,calibration
20636,fit
20637,fit
20638,fit
20639,fit
20640,fit
20641,calibration
20642,calibration
20643,calibration
20644,fit
20645,fit
20646,test
20647,calibration
20648,fit
20650,test
20651,calibration
20652,fit
20654,fit
20655,test
20656,fit
20657,fit
20658,test
20659,fit
20660,test
20661,fit
20662,calibration
20663,fit
20664,fit
20665,calibration
20666,fit
20667,calibration
20668,fit
20669,fit
20670,fit
20671,fit
20672,test
20673,fit
20674,test
20675,calibration
20676,calibration
20677,fit
20678,fit
20679,fit
20680,fit
20681,fit
20682,fit
20683,fit
20684,fit
20685,fit
20686,test
20687,fit
20688,fit
20689,fit
20690,fit
20691,fit
20692,fit
20693,fit
20694,fit
20695,fit
20696,fit
20697,test
20698,test
20699,fit
20700,fit
20701,fit
20702,fit
20703,fit
20704,fit
20705,test
20706,test
20707,fit
20708,fit
20709,fit
20710,test
20712,test
20713,fit
20714,test
20715,test
20716,test
20717,fit
20718,fit
20719,test
20720,fit
20721,test
20722,test
20723,fit
20724,calibration
20725,test
20726,test
20727,fit
20728,calibration
20729,fit
20730,calibration
20731,calibration
20732,fit
20733,test
20734,fit
20735,fit
20736,fit
20737,fit
20738,fit
20739,fit
20740,fit
20741,fit
20742,test
20743,fit
20744,fit
20745,fit
20746,calibration
20747,calibration
20749,test
20750,test
20751,fit
20752,fit
20753,fit
20754,fit
20755,calibration
20756,fit
20757,calibration
20758,fit
20759,calibration
20760,fit
20761,fit
20762,test
20763,fit
20764,calibration
20765,test
20766,test
20767,test
20768,fit
20769,test
20770,calibration
20771,fit
20772,fit
20774,test
20775,fit
20776,calibration
20778,fit
20779,fit
20781,calibration
20782,fit
20783,fit
20784,fit
20785,test
20786,test
20787,fit
20788,test
20789,calibration
20790,test
20791,fit
20793,test
20794,test
20795,fit
20796,fit
20797,fit
20798,fit
20799,fit
20800,fit
20801,fit
20802,fit
20803,calibration
20804,fit
20805,test
20806,test
20807,calibration
20808,fit
20809,test
20810,calibration
20811,calibration
20812,test
20813,fit
20814,fit
20815,test
20816,fit
20817,calibration
20818,calibration
20819,calibration
20820,test
20821,calibration
20822,calibration
20823,fit
20824,test
20825,test
20826,test
20827,calibration
20829,fit
20830,calibration
20831,fit
20833,fit
20834,test
20835,fit
20836,test
20837,test
20839,fit
20841,test
20842,test
20843,test
20844,fit
20845,test
20846,fit
20847,fit
20848,calibration
20849,fit
20850,fit
20851,test
20852,test
20853,test
20854,test
20855,fit
20856,fit
20857,test
20858,fit
20859,fit
20860,fit
20861,fit
20862,fit
20863,fit
20864,fit
20865,fit
20866,calibration
20867,calibration
20868,fit
20869,fit
20870,fit
20871,test
20872,fit
20873,test
20874,fit
20875,calibration
20876,calibration
20877,fit
20878,fit
20879,fit
20880,calibration
20881,fit
20882,fit
20883,fit
20884,calibration
20885,fit
20886,fit
20887,fit
20888,fit
20889,fit
20890,fit
20891,fit
20892,fit
20893,calibration
20894,fit
20895,calibration
20896,test
20897,fit
20898,calibration
20899,fit
20900,calibration
20901,fit
20902,fit
20903,fit
20904,calibration
20905,calibration
20906,test
20907,test
20908,fit
20909,fit
20911,fit
20912,fit
20913,fit
20914,fit
20915,fit
20916,fit
20918,fit
20919,fit
20920,fit
20921,fit
20922,calibration
20923,fit
20924,fit
20925,test
20926,test
20927,calibration
20929,fit
20930,fit
20931,fit
20932,fit
20933,calibration
20934,fit
20936,fit
20937,fit
20938,calibration
20939,fit
20940,test
20941,fit
20942,test
20943,calibration
20944,calibration
20945,fit
20946,calibration
20947,fit
20948,fit
20951,fit
20952,fit
20953,test
20954,fit
20955,fit
20956,test
20957,test
20958,test
20959,fit
20960,fit
20962,fit
20963,fit
20964,calibration
20965,test
20966,fit
20969,fit
20970,fit
20971,calibration
20972,calibration
20973,calibration
20974,fit
20975,fit
20976,calibration
20977,test
20978,fit
20979,fit
20980,fit
20981,fit
20982,calibration
20983,test
20984,test
20985,fit
20986,calibration
20987,calibration
20988,fit
20989,calibration
20990,test
20991,fit
20992,fit
20993,fit
20994,calibration
20995,fit
20996,fit
20997,fit
20998,fit
21000,fit
21001,fit
21002,fit
21003,fit
21004,fit
21005,fit
21006,fit
21009,fit
21010,fit
21011,fit
21012,test
21013,fit
21014,fit
21015,fit
21016,fit
21017,fit
21018,test
21019,fit
21020,test
21021,fit
21022,fit
21023,test
21024,fit
21025,calibration
21026,test
21027,calibration
21028,test
21030,fit
21031,calibration
21032,fit
21033,fit
21034,calibration
21035,test
21036,test
21037,fit
21038,fit
21039,calibration
21040,fit
21041,fit
21042,fit
21043,fit
21044,fit
21046,fit
21047,fit
21048,fit
21049,fit
21050,fit
21051,fit
21052,test
21053,test
21054,fit
21055,calibration
21056,calibration
21057,fit
21058,fit
21059,fit
21060,calibration
21061,fit
21062,fit
21063,calibration
21064,fit
21065,test
21066,fit
21067,fit
21068,calibration
21069,calibration
21070,test
21071,calibration
21072,test
21073,test
21074,calibration
21075,fit
21076,calibration
21077,fit
21078,fit
21079,fit
21080,fit
21081,fit
21082,calibration
21083,calibration
21084,test
21085,calibration
21086,calibration
21087,calibration
21088,test
21089,test
21090,fit
21091,test
21092,calibration
21093,calibration
21094,fit
21095,fit
21096,test
21097,fit
21098,calibration
21099,calibration
21100,test
21101,calibration
21102,fit
21103,fit
21104,test
21105,fit
21106,fit
21107,calibration
21108,fit
21109,fit
21110,calibration
21111,fit
21112,test
21113,fit
21114,fit
21115,fit
21116,test
21117,test
21118,test
21119,fit
21120,fit
21122,fit
21123,fit
21124,fit
21125,fit
21126,calibration
21127,fit
21128,test
21129,fit
21130,calibration
21131,calibration
21132,fit
21133,fit
21134,test
21135,fit
21136,calibration
21137,test
21138,calibration
21139,calibration
21140,fit
21141,fit
21142,fit
21143,calibration
21144,test
21145,fit
21146,calibration
21147,fit
21148,fit
21150,fit
21151,fit
21152,fit
21153,test
21155,fit
21156,fit
21157,calibration
21158,test
21159,test
21160,fit
21161,fit
21163,fit
21164,fit
21167,test
21168,fit
21169,fit
21170,test
21173,test
21174,fit
21175,test
21176,fit
21178,fit
21179,fit
21180,calibration
21181,fit
21182,fit
21183,fit
21184,fit
21185,fit
21186,fit
21187,fit
21188,test
21189,fit
21190,test
21191,calibration
21192,calibration
21193,fit
21194,test
21195,calibration
21196,test
21197,test
21198,calibration
21199,fit
21200,fit
21201,calibration
21202,test
21203,calibration
21204,fit
21205,test
21206,fit
21207,test
21208,calibration
21209,fit
21210,calibration
21211,calibration
21212,test
21213,fit
21214,calibration
21215,fit
21216,fit
21217,test
21218,fit
21219,fit
21220,calibration
21221,calibration
21222,test
21223,calibration
21224,fit
21225,fit
21226,fit
21227,test
21228,calibration
21229,fit
21230,test
21232,fit
21233,calibration
21234,fit
21235,fit
21236,test
21237,fit
21238,test
21239,calibration
21240,calibration
21241,test
21242,test
21243,fit
21244,fit
21245,test
21246,fit
21247,calibration
21248,fit
21249,fit
21250,fit
21251,test
21252,fit
21253,fit
21255,calibration
21256,fit
21257,fit
21258,test
21259,test
21260,fit
21261,test
21262,fit
21263,calibration
21264,calibration
21265,test
21266,fit
21268,fit
21269,fit
21270,fit
21271,fit
21272,calibration
21273,fit
21274,test
21275,fit
21276,fit
21277,fit
21278,fit
21279,fit
21280,fit
21281,fit
21282,calibration
21283,fit
21284,test
21286,calibration
21287,test
21288,fit
21289,calibration
21290,calibration
21291,fit
21292,fit
21293,fit
21294,fit
21295,fit
21296,test
21297,calibration
21298,test
21299,fit
21300,test
21301,test
21302,test
21303,calibration
21304,test
21305,calibration
21306,fit
21307,fit
21308,fit
21309,test
21310,test
21311,fit
21312,fit
21314,fit
21315,fit
21316,fit
21317,fit
21318,test
21319,test
21320,fit
21321,test
21322,fit
21323,fit
21324,fit
21326,fit
21327,fit
21328,fit
21329,fit
21330,calibration
21331,fit
21332,fit
21333,fit
21334,calibration
21337,fit
21338,test
21339,fit
21340,calibration
21341,fit
21342,fit
21343,test
21344,fit
21345,fit
21346,calibration
21347,fit
21348,fit
21349,fit
21350,fit
21351,fit
21352,fit
21355,calibration
21356,test
21357,calibration
21358,fit
21359,fit
21360,calibration
21361,fit
21362,fit
21363,fit
21364,fit
21365,fit
21366,test
21367,fit
21369,fit
21370,test
21371,calibration
21372,fit
21373,fit
21374,fit
21376,fit
21377,fit
21378,calibration
21379,fit
21380,test
21381,fit
21382,test
21383,fit
21384,fit
21385,fit
21386,fit
21387,calibration
21388,calibration
21389,fit
21390,fit
21391,calibration
21392,fit
21393,fit
21394,fit
21395,calibration
21396,calibration
21397,fit
21399,fit
21400,fit
21401,test
21402,fit
21403,fit
21404,fit
21405,fit
21406,calibration
21407,fit
21408,calibration
21409,fit
21410,fit
21411,fit
21412,fit
21413,fit
21414,fit
21415,calibration
21416,test
21417,test
21418,test
21419,fit
21420,test
21421,fit
21422,fit
21424,test
21425,test
21426,fit
21427,fit
21428,fit
21429,test
21430,calibration
21431,fit
21432,fit
21433,calibration
21434,test
21435,fit
21436,fit
21437,test
21438,calibration
21439,test
21440,fit
21441,calibration
21442,test
21443,fit
21444,calibration
21445,test
21446,fit
21448,calibration
21449,test
21450,fit
21451,fit
21452,fit
21453,fit
21454,fit
21455,test
21456,fit
21457,fit
21458,calibration
21459,test
21460,test
21461,test
21462,fit
21463,fit
21464,fit
21465,calibration
21466,fit
21467,fit
21468,test
21469,test
21470,calibration
21471,calibration
21472,fit
21473,fit
21474,fit
21475,fit
21476,fit
21477,fit
21480,test
21481,calibration
21482,test
21484,calibration
21485,fit
21486,fit
21487,test
21488,fit
21489,fit
21490,fit
21491,fit
21492,fit
21493,calibration
21494,calibration
21495,fit
21496,fit
21497,fit
21498,test
21499,test
21501,calibration
21502,fit
21503,calibration
21504,fit
21505,fit
21506,fit
21508,test
21509,fit
21510,fit
21511,calibration
21512,test
21513,fit
21514,calibration
21515,test
21516,calibration
21517,calibration
21518,calibration
21519,test
21520,fit
21521,fit
21522,fit
21523,test
21524,fit
21525,fit
21526,fit
21527,calibration
21528,calibration
21529,calibration
21530,fit
21532,test
21533,fit
21534,fit
21535,fit
21536,fit
21537,calibration
21538,calibration
21539,fit
21540,test
21541,test
21542,fit
21543,fit
21544,test
21545,test
21546,calibration
21547,fit
21548,test
21549,fit
21550,fit
21551,calibration
21552,calibration
21553,fit
21554,test
21555,calibration
21556,fit
21557,fit
21558,test
21560,calibration
21561,fit
21562,fit
21563,fit
21564,fit
21565,fit
21566,calibration
21567,fit
21568,test
21569,calibration
21570,fit
21571,test
21572,calibration
21573,fit
21574,fit
21575,test
21576,fit
21577,fit
21578,fit
21579,fit
21580,calibration
21581,fit
21583,fit
21585,calibration
21586,test
21587,calibration
21588,calibration
21589,fit
21590,fit
21591,fit
21592,fit
21593,fit
21594,fit
21595,fit
21596,fit
21597,calibration
21598,test
21599,fit
21600,fit
21601,calibration
21602,test
21603,fit
21604,test
21605,test
21606,calibration
21607,calibration
21608,fit
21609,fit
21610,test
21611,fit
21612,fit
21613,fit
21614,calibration
21615,fit
21616,fit
21617,test
21620,test
21621,fit
21622,fit
21623,calibration
21624,fit
21625,fit
21626,fit
21627,calibration
21628,calibration
21629,fit
21630,fit
21631,fit
21632,fit
21633,fit
21634,fit
21635,test
21636,calibration
21637,fit
21638,test
21639,test
21640,fit
21641,fit
21642,test
21643,fit
21644,calibration
21645,fit
21646,test
21647,calibration
21648,fit
21649,fit
21650,calibration
21651,fit
21652,fit
21653,fit
21654,fit
21655,fit
21656,fit
21657,test
21658,fit
21659,fit
21660,test
21661,fit
21663,test
21664,calibration
21665,calibration
21666,calibration
21667,fit
21668,calibration
21669,test
21670,test
21671,test
21672,calibration
21673,fit
21674,fit
21675,calibration
21676,fit
21677,fit
21678,test
21679,fit
21680,fit
21682,fit
21683,fit
21684,fit
21685,test
21686,fit
21687,test
21688,test
21690,calibration
21691,calibration
21692,fit
21693,calibration
21694,fit
21695,fit
21696,fit
21697,fit
21698,fit
21699,fit
21701,calibration
21702,calibration
21703,calibration
21704,fit
21705,test
21706,fit
21707,calibration
21708,test
21709,fit
21710,fit
21712,fit
21713,calibration
21714,test
21715,fit
21716,test
21717,fit
21718,calibration
21719,fit
21720,calibration
21721,calibration
21722,fit
21723,test
21725,calibration
21726,fit
21727,calibration
21728,test
21730,test
21731,test
21732,fit
21733,fit
21734,calibration
21735,fit
21736,test
21737,fit
21738,fit
21739,fit
21740,fit
21741,test
21742,fit
21744,test
21745,fit
21746,fit
21747,fit
21748,test
21749,fit
21750,calibration
21752,fit
21753,fit
21754,test
21755,calibration
21756,fit
21757,fit
21758,fit
21759,fit
21760,test
21761,fit
21762,fit
21763,calibration
21764,fit
21765,calibration
21767,calibration
21768,fit
21769,test
21770,fit
21771,fit
21772,fit
21773,fit
21774,fit
21775,test
21776,fit
21778,fit
21779,test
21780,test
21781,fit
21782,calibration
21783,fit
21785,fit
21786,test
21787,calibration
21788,fit
21789,fit
21790,test
21791,fit
21792,fit
21793,fit
21794,fit
21795,test
21796,calibration
21797,fit
21798,fit
21799,fit
21800,fit
21801,test
21802,test
21803,fit
21804,fit
21805,test
21806,fit
21807,fit
21808,test
21809,calibration
21811,fit
21812,fit
21813,test
21814,fit
21815,calibration
21816,test
21817,fit
21818,fit
21819,fit
21820,fit
21821,fit
21822,calibration
21823,fit
21824,fit
21825,fit
21826,fit
21827,fit
21828,fit
21829,fit
21830,calibration
21831,fit
21832,calibration
21833,fit
21834,fit
21835,calibration
21836,calibration
21837,fit
21838,fit
21839,fit
21840,fit
21842,test
21843,calibration
21844,fit
21845,test
21846,test
21847,fit
21848,fit
21849,fit
21850,fit
21851,fit
21852,calibration
21854,fit
21855,fit
21856,fit
21857,fit
21858,calibration
21859,fit
21860,calibration
21861,fit
21862,fit
21864,calibration
21865,calibration
21866,calibration
21867,calibration
21868,calibration
21869,test
21870,fit
21871,calibration
21872,fit
21873,fit
21874,fit
21875,fit
21876,fit
21877,calibration
21878,test
21879,fit
21880,fit
21881,calibration
21882,calibration
21883,fit
21884,fit
21885,test
21886,fit
21887,calibration
21888,fit
21889,calibration
21890,calibration
21891,fit
21892,fit
21893,fit
21894,fit
21895,calibration
21896,fit
21897,fit
21898,fit
21899,fit
21900,test
21901,fit
21902,calibration
21903,fit
21904,fit
21905,fit
21906,calibration
21907,fit
21908,test
21912,test
21913,calibration
21914,test
21915,fit
21916,test
21917,calibration
21918,fit
21919,test
21920,fit
21921,fit
21922,calibration
21923,fit
21924,test
21925,fit
21926,fit
21927,calibration
21928,fit
21929,fit
21930,calibration
21931,calibration
21932,fit
21933,calibration
21934,fit
21935,fit
21936,fit
21937,fit
21938,fit
21939,test
21941,fit
21942,fit
21943,fit
21944,fit
21945,fit
21946,fit
21947,fit
21948,fit
21949,fit
21950,calibration
21951,fit
21952,test
21953,calibration
21954,calibration
21955,calibration
21956,calibration
21957,fit
21958,test
21959,calibration
21960,fit
21961,test
21962,fit
21963,fit
21964,test
21965,fit
21966,fit
21967,fit
21968,fit
21969,fit
21970,fit
21971,calibration
21972,fit
21973,test
21974,fit
21975,fit
21976,fit
21978,calibration
21979,fit
21980,test
21981,fit
21982,test
21983,calibration
21984,fit
21985,calibration
21986,fit
21988,fit
21989,fit
21990,fit
21992,fit
21993,fit
21994,fit
21995,test
21996,fit
21997,calibration
21998,fit
21999,fit
22000,test
22001,calibration
22002,fit
22003,fit
22005,fit
22006,test
22007,test
22008,calibration
22009,calibration
22010,fit
22011,calibration
22012,test
22013,fit
22014,calibration
22015,test
22016,fit
22017,calibration
22018,fit
22019,fit
22020,fit
22021,test
22023,test
22024,fit
22025,calibration
22026,test
22027,fit
22028,calibration
22029,fit
22030,fit
22031,fit
22032,fit
22033,fit
22034,fit
22036,fit
22037,fit
22038,calibration
22039,test
22040,fit
22042,calibration
22043,calibration
22044,fit
22045,calibration
22046,fit
22047,fit
22048,test
22049,test
22050,fit
22051,fit
22052,fit
22053,fit
22054,fit
22055,test
22056,test
22057,fit
22058,calibration
22059,calibration
22060,fit
22061,fit
22062,calibration
22063,calibration
22064,test
22065,test
22066,calibration
22067,fit
22068,fit
22069,fit
22070,fit
22071,calibration
22072,test
22073,fit
22074,test
22075,fit
22076,fit
22077,fit
22078,fit
22079,fit
22080,fit
22081,calibration
22082,fit
22083,fit
22084,fit
22085,fit
22086,fit
22087,calibration
22088,test
22089,calibration
22090,fit
22091,test
22092,fit
22093,calibration
22095,fit
22096,test
22097,calibration
22098,fit
22100,calibration
22101,fit
22102,calibration
22103,test
22104,fit
22105,test
22106,calibration
22107,fit
22109,test
22110,fit
22111,test
22112,fit
22113,calibration
22114,fit
22115,fit
22116,fit
22117,fit
22118,fit
22119,test
22121,test
22122,calibration
22123,fit
22124,fit
22125,calibration
22126,calibration
22127,fit
22128,test
22129,calibration
22130,test
22131,fit
22132,calibration
22133,calibration
22134,test
22135,calibration
22136,calibration
22138,fit
22139,test
22140,test
22141,test
22142,fit
22143,test
22144,fit
22145,calibration
22146,fit
22147,fit
22148,calibration
22149,test
22150,calibration
22151,fit
22152,fit
22153,fit
22154,fit
22155,fit
22156,test
22157,calibration
22158,fit
22159,fit
22160,fit
22161,fit
22162,fit
22163,fit
22164,calibration
22165,test
22166,test
22167,calibration
22168,fit
22169,fit
22170,test
22171,fit
22173,calibration
22174,fit
22175,fit
22176,fit
22177,fit
22178,test
22179,fit
22180,fit
22181,calibration
22182,calibration
22183,calibration
22184,fit
22185,fit
22186,calibration
22187,fit
22189,fit
22190,fit
22191,test
22192,fit
22193,test
22194,calibration
22195,calibration
22196,test
22197,fit
22198,fit
22199,fit
22200,test
22201,fit
22202,fit
22203,fit
22204,fit
22205,fit
22206,fit
22207,fit
22208,calibration
22209,calibration
22210,test
22211,test
22212,calibration
22213,fit
22214,calibration
22215,fit
22216,calibration
22217,fit
22218,fit
22219,fit
22220,calibration
22222,fit
22223,fit
22224,test
22225,calibration
22226,fit
22227,calibration
22228,test
22230,fit
22231,test
22232,fit
22233,fit
22234,test
22235,fit
22236,fit
22237,calibration
22238,fit
22239,fit
22240,test
22242,fit
22243,fit
22244,calibration
22245,fit
22246,fit
22247,test
22248,fit
22249,fit
22250,calibration
22251,calibration
22252,fit
22253,fit
22254,fit
22255,test
22256,fit
22257,calibration
22258,test
22259,fit
22260,fit
22261,calibration
22262,fit
22263,calibration
22264,test
22265,fit
22266,calibration
22267,calibration
22268,calibration
22269,test
22270,test
22271,test
22272,fit
22273,fit
22274,fit
22277,fit
22278,fit
22279,fit
22280,test
22281,test
22282,fit
22284,calibration
22286,fit
22287,test
22288,fit
22289,fit
22290,fit
22291,calibration
22292,calibration
22293,test
22294,test
22295,fit
22296,calibration
22297,fit
22298,calibration
22299,test
22302,fit
22303,calibration
22304,fit
22305,fit
22306,fit
22307,calibration
22308,fit
22309,test
22310,fit
22311,fit
22312,fit
22313,calibration
22314,fit
22316,fit
22317,fit
22318,fit
22319,fit
22320,test
22321,fit
22322,calibration
22323,fit
22324,fit
22325,fit
22326,fit
22327,test
22328,fit
22329,calibration
22330,fit
22331,test
22332,test
22333,calibration
22334,test
22335,fit
22336,fit
22337,test
22338,calibration
22339,test
22340,fit
22341,fit
22342,fit
22343,calibration
22344,calibration
22345,calibration
22346,test
22347,fit
22348,test
22349,test
22350,fit
22351,fit
22352,calibration
22353,test
22354,calibration
22355,fit
22356,fit
22357,fit
22358,test
22359,fit
22360,test
22361,test
22362,test
22363,fit
22364,fit
22365,fit
22366,fit
22367,fit
22368,calibration
22369,fit
22371,test
22372,test
22373,test
22374,calibration
22375,calibration
22376,test
22377,fit
22379,fit
22380,fit
22381,fit
22382,fit
22383,fit
22384,fit
22385,fit
22388,calibration
22389,test
22390,fit
22391,fit
22392,calibration
22393,fit
22394,test
22395,fit
22396,fit
22397,fit
22398,fit
22399,test
22400,fit
22401,fit
22402,calibration
22403,calibration
22404,fit
22405,test
22406,calibration
22407,calibration
22408,test
22409,fit
22410,fit
22412,fit
22413,calibration
22414,calibration
22415,fit
22416,calibration
22417,test
22418,fit
22419,test
22420,fit
22421,fit
22422,calibration
22423,fit
22424,fit
22425,test
22426,fit
22427,calibration
22428,test
22429,fit
22430,fit
22431,fit
22432,test
22433,test
22434,calibration
22435,fit
22436,test
22437,fit
22438,fit
22439,fit
22440,fit
22441,fit
22442,fit
22443,fit
22444,fit
22445,fit
22446,calibration
22447,test
22448,fit
22449,fit
22450,calibration
22451,test
22452,test
22453,fit
22454,fit
22455,fit
22456,test
22457,fit
22458,calibration
22459,calibration
22460,calibration
22461,fit
22462,test
22463,test
22464,fit
22465,test
22466,test
22467,fit
22468,fit
22469,fit
22470,test
22471,fit
22472,calibration
22473,calibration
22474,fit
22475,test
22476,test
22477,calibration
22478,fit
22479,fit
22480,calibration
22481,fit
22482,fit
22483,fit
22484,test
22485,calibration
22486,fit
22487,fit
22488,fit
22491,calibration
22492,test
22493,fit
22494,fit
22495,calibration
22497,fit
22498,fit
22499,test
22500,fit
22502,fit
22504,fit
22505,test
22506,test
22507,fit
22508,fit
22509,fit
22510,fit
22511,fit
22512,fit
22513,fit
22514,fit
22515,fit
22516,test
22517,fit
22519,fit
22520,fit
22521,fit
22522,fit
22524,fit
22525,fit
22526,fit
22527,test
22529,calibration
22530,test
22531,fit
22532,fit
22533,calibration
22534,calibration
22535,test
22536,test
22537,test
22538,fit
22539,test
22540,fit
22541,test
22542,calibration
22543,fit
22544,fit
22545,fit
22546,test
22547,fit
22548,test
22549,fit
22550,fit
22551,calibration
22552,fit
22553,fit
22554,test
22555,fit
22556,fit
22557,fit
22558,fit
22559,calibration
22562,fit
22563,test
22564,fit
22565,fit
22566,test
22567,fit
22568,test
22570,fit
22571,calibration
22572,test
22573,fit
22574,fit
22575,fit
22576,fit
22577,test
22578,fit
22579,fit
22581,fit
22582,fit
22583,fit
22584,test
22585,test
22587,test
22588,fit
22589,calibration
22590,fit
22591,calibration
22592,test
22593,fit
22594,test
22595,fit
22596,calibration
22597,fit
22598,test
22599,calibration
22600,fit
22601,fit
22602,fit
22603,fit
22604,fit
22605,fit
22606,fit
22607,test
22608,calibration
22609,test
22610,fit
22611,calibration
22612,fit
22613,test
22614,calibration
22615,test
22616,calibration
22617,calibration
22618,calibration
22619,test
22620,fit
22621,calibration
22622,fit
22623,fit
22624,calibration
22625,fit
22626,fit
22627,test
22628,fit
22629,test
22630,fit
22631,fit
22632,calibration
22633,fit
22634,test
22636,test
22637,fit
22638,fit
22639,calibration
22640,fit
22641,calibration
22642,fit
22643,fit
22644,test
22645,calibration
22646,calibration
22647,fit
22648,fit
22649,test
22650,calibration
22651,test
22652,fit
22653,test
22654,fit
22655,fit
22656,test
22657,test
22658,calibration
22659,fit
22662,fit
22663,calibration
22664,fit
22665,calibration
22666,fit
22667,fit
22669,test
22670,fit
22671,fit
22672,fit
22674,fit
22675,fit
22676,fit
22677,fit
22678,test
22679,fit
22680,fit
22681,fit
22682,fit
22683,fit
22684,test
22685,test
22686,fit
22687,fit
22688,calibration
22689,test
22690,fit
22691,fit
22692,calibration
22694,fit
22695,fit
22696,fit
22697,fit
22698,calibration
22699,test
22700,calibration
22701,test
22702,calibration
22703,fit
22704,test
22706,calibration
22707,fit
22708,test
22709,test
22710,test
22711,fit
22713,fit
22714,test
22715,fit
22716,fit
22717,fit
22718,test
22719,fit
22720,calibration
22721,test
22722,calibration
22723,test
22724,fit
22725,fit
22726,fit
22727,fit
22728,calibration
22730,fit
22731,fit
22732,test
22733,fit
22734,calibration
22737,test
22738,test
22739,calibration
22740,fit
22741,calibration
22742,calibration
22743,calibration
22745,test
22746,fit
22747,test
22748,calibration
22749,calibration
22750,fit
22751,test
22752,calibration
22753,fit
22754,fit
22755,test
22756,fit
22757,fit
22758,calibration
22759,fit
22760,fit
22761,fit
22762,fit
22763,fit
22764,calibration
22765,fit
22767,fit
22768,fit
22769,fit
22770,fit
22771,calibration
22772,fit
22773,fit
22774,fit
22775,fit
22776,fit
22777,fit
22778,fit
22779,fit
22780,calibration
22781,fit
22782,fit
22784,fit
22785,calibration
22787,fit
22788,calibration
22789,fit
22790,fit
22791,fit
22792,calibration
22793,test
22794,calibration
22795,test
22796,fit
22797,fit
22798,test
22799,fit
22800,fit
22801,fit
22803,calibration
22804,calibration
22805,test
22806,fit
22807,fit
22808,fit
22809,calibration
22810,fit
22811,calibration
22812,fit
22813,fit
22814,fit
22815,calibration
22816,test
22817,test
22818,test
22819,calibration
22820,calibration
22821,fit
22822,fit
22823,fit
22824,fit
22825,calibration
22826,fit
22827,test
22829,calibration
22830,fit
22831,calibration
22832,fit
22833,fit
22834,fit
22835,fit
22836,fit
22837,calibration
22838,fit
22839,fit
22840,calibration
22841,fit
22842,test
22843,fit
22844,fit
22845,calibration
22846,fit
22847,test
22848,calibration
22849,test
22850,fit
22851,test
22852,test
22853,fit
22854,test
22855,test
22856,fit
22857,fit
22858,calibration
22859,fit
22861,test
22862,fit
22863,test
22864,calibration
22865,fit
22866,calibration
22867,fit
22868,fit
22869,test
22870,test
22871,fit
22872,fit
22873,fit
22874,test
22875,fit
22876,calibration
22877,fit
22878,calibration
22879,fit
22880,fit
22881,test
22882,fit
22883,fit
22884,calibration
22885,calibration
22886,calibration
22887,calibration
22888,fit
22889,test
22890,calibration
22891,fit
22892,fit
22895,test
22896,test
22897,fit
22898,calibration
22899,fit
22900,fit
22901,fit
22902,fit
22903,fit
22904,fit
22905,fit
22906,test
22907,fit
22908,fit
22909,fit
22910,test
22911,test
22912,fit
22913,fit
22914,fit
22916,test
22917,calibration
22918,fit
22919,test
22920,calibration
22921,calibration
22922,fit
22923,calibration
22924,calibration
22925,calibration
22926,test
22927,fit
22928,fit
22930,fit
22931,fit
22932,fit
22933,fit
22934,fit
22935,fit
22936,fit
22937,test
22938,test
22939,fit
22940,fit
22941,calibration
22942,fit
22943,fit
22944,calibration
22945,fit
22947,calibration
22950,fit
22951,fit
22952,calibration
22953,test
22954,calibration
22955,fit
22956,fit
22957,test
22958,fit
22959,fit
22960,fit
22961,fit
22962,fit
22963,fit
22964,fit
22965,fit
22966,fit
22968,fit
22969,fit
22970,calibration
22971,fit
22972,calibration
22973,fit
22974,test
22975,fit
22976,calibration
22977,fit
22978,fit
22979,fit
22980,fit
22981,fit
22982,calibration
22983,fit
22984,test
22985,fit
22987,fit
22988,calibration
22989,fit
22990,fit
22991,calibration
22992,fit
22993,fit
22994,fit
22995,fit
22996,fit
22997,calibration
22998,fit
22999,calibration
23000,fit
23001,fit
23002,test
23004,fit
23005,fit
23006,fit
23007,fit
23008,fit
23010,fit
23011,fit
23012,fit
23014,fit
23015,fit
23016,test
23017,fit
23019,fit
23020,fit
23021,test
23022,fit
23023,calibration
23024,calibration
23025,fit
23026,fit
23027,calibration
23028,fit
23029,fit
23030,fit
23031,fit
23032,fit
23033,test
23034,test
23035,test
23036,test
23037,fit
23038,fit
23039,fit
23040,test
23041,fit
23042,fit
23043,fit
23045,fit
23046,fit
23047,fit
23048,fit
23049,fit
23050,fit
23053,fit
23054,calibration
23055,fit
23056,fit
23057,test
23058,test
23059,fit
23060,calibration
23061,fit
23062,fit
23063,test
23064,fit
23065,fit
23066,fit
23067,calibration
23068,fit
23069,fit
23070,test
23071,calibration
23072,fit
23073,fit
23074,test
23076,fit
23077,test
23078,calibration
23079,fit
23080,fit
23081,fit
23082,fit
23083,calibration
23084,calibration
23085,fit
23087,fit
23088,test
23089,fit
23090,fit
23091,calibration
23092,fit
23093,fit
23094,fit
23095,fit
23096,fit
23097,fit
23098,fit
23099,fit
23100,calibration
23101,fit
23102,fit
23103,fit
23105,test
23106,test
23107,fit
23108,fit
23109,fit
23110,test
23111,fit
23112,test
23113,fit
23114,test
23115,fit
23116,fit
23117,fit
23118,fit
23119,calibration
23120,calibration
23121,fit
23122,calibration
23123,calibration
23124,calibration
23125,calibration
23127,fit
23128,fit
23129,calibration
23130,calibration
23131,test
23132,fit
23133,calibration
23134,test
23135,calibration
23136,fit
23137,fit
23138,fit
23139,fit
23140,fit
23141,fit
23142,fit
23143,fit
23144,fit
23145,calibration
23146,fit
23147,calibration
23148,fit
23149,fit
23150,fit
23151,calibration
23152,fit
23153,fit
23154,fit
23155,fit
23156,fit
23157,fit
23158,calibration
23159,test
23160,fit
23161,test
23162,fit
23163,calibration
23164,fit
23165,fit
23166,fit
23167,fit
23168,calibration
23169,fit
23170,fit
23171,fit
23173,fit
23174,test
23176,fit
23177,fit
23178,test
23179,test
23180,fit
23181,fit
23182,test
23183,test
23184,test
23185,fit
23186,calibration
23187,calibration
23188,test
23189,fit
23190,fit
23191,test
23192,test
23193,fit
23194,calibration
23195,fit
23196,fit
23197,calibration
23198,test
23199,fit
23200,fit
23201,calibration
23202,fit
23203,fit
23205,fit
23206,test
23207,test
23208,fit
23209,fit
23211,fit
23212,fit
23213,test
23214,test
23216,calibration
23217,fit
23219,fit
23220,calibration
23221,fit
23223,fit
23224,fit
23225,calibration
23226,test
23227,calibration
23228,test
23229,fit
23230,calibration
23231,calibration
23232,fit
23233,calibration
23234,test
23235,fit
23236,fit
23237,fit
23238,calibration
23239,fit
23240,fit
23241,calibration
23242,fit
23243,calibration
23244,fit
23245,calibration
23246,fit
23247,fit
23248,fit
23249,calibration
23250,fit
23251,fit
23252,test
23254,calibration
23255,test
23256,fit
23257,test
23258,test
23259,fit
23260,fit
23261,fit
23262,fit
23264,fit
23265,fit
23266,calibration
23267,fit
23268,fit
23269,fit
23271,calibration
23272,fit
23273,fit
23274,fit
23275,calibration
23276,fit
23277,fit
23278,test
23279,fit
23280,fit
23281,fit
23282,calibration
23283,calibration
23284,fit
23285,test
23286,fit
23287,fit
23288,fit
23289,fit
23290,fit
23291,calibration
23292,fit
23293,calibration
23294,fit
23295,fit
23296,calibration
23297,calibration
23298,fit
23300,fit
23301,fit
23302,fit
23304,calibration
23305,test
23307,calibration
23308,test
23309,test
23310,fit
23311,fit
23312,fit
23313,calibration
23314,fit
23315,test
23316,fit
23317,fit
23318,fit
23319,fit
23320,fit
23321,fit
23322,fit
23323,fit
23324,fit
23325,fit
23326,fit
23327,test
23328,test
23329,calibration
23330,fit
23331,test
23332,fit
23333,calibration
23334,calibration
23335,fit
23336,fit
23337,fit
23338,fit
23339,test
23340,fit
23341,fit
23342,fit
23343,fit
23344,fit
23345,fit
23346,fit
23347,fit
23348,fit
23349,test
23350,test
23351,fit
23352,test
23353,fit
23354,test
23355,fit
23356,test
23357,fit
23358,calibration
23359,calibration
23360,fit
23361,fit
23362,fit
23363,fit
23364,fit
23365,fit
23366,test
23367,fit
23368,test
23369,test
23370,test
23371,fit
23372,test
23373,fit
23374,test
23375,fit
23376,test
23377,fit
23378,test
23379,fit
23380,calibration
23381,fit
23383,test
23384,fit
23385,calibration
23386,calibration
23387,test
23388,fit
23389,test
23390,test
23391,fit
23392,fit
23393,test
23394,fit
23395,calibration
23396,test
23397,calibration
23398,fit
23399,fit
23400,test
23401,calibration
23402,fit
23403,calibration
23404,fit
23405,fit
23406,calibration
23407,test
23408,test
23410,test
23411,fit
23412,fit
23413,fit
23414,fit
23415,test
23416,test
23417,fit
23418,fit
23419,calibration
23420,test
23421,fit
23422,calibration
23423,fit
23424,calibration
23425,calibration
23426,calibration
23427,test
23429,test
23430,calibration
23431,test
23432,test
23433,calibration
23434,fit
23435,calibration
23436,fit
23437,fit
23438,fit
23439,fit
23440,test
23441,fit
23442,fit
23443,fit
23444,test
23445,calibration
23446,fit
23447,fit
23448,test
23449,fit
23450,fit
23451,fit
23452,fit
23453,fit
23454,fit
23455,fit
23456,fit
23457,fit
23458,calibration
23459,calibration
23460,fit
23461,fit
23462,fit
23463,fit
23464,fit
23466,fit
23467,fit
23468,fit
23469,fit
23470,fit
23471,calibration
23472,calibration
23473,fit
23474,fit
23475,calibration
23476,test
23477,test
23478,calibration
23479,calibration
23480,fit
23481,fit
23482,calibration
23483,calibration
23484,fit
23485,calibration
23486,fit
23487,calibration
23488,test
23489,fit
23490,fit
23491,fit
23492,calibration
23493,test
23494,fit
23495,fit
23496,test
23497,fit
23498,test
23499,calibration
23500,test
23501,test
23502,fit
23503,fit
23504,fit
23505,calibration
23506,test
23507,calibration
23508,calibration
23509,fit
23510,calibration
23511,calibration
23512,fit
23513,fit
23514,test
23515,calibration
23516,calibration
23517,fit
23518,calibration
23519,fit
23520,fit
23521,fit
23522,fit
23523,fit
23524,fit
23525,fit
23526,test
23527,test
23528,fit
23529,fit
23530,test
23531,calibration
23532,fit
23534,fit
23535,fit
23536,calibration
23537,calibration
23538,fit
23539,test
23540,calibration
23541,fit
23542,calibration
23543,calibration
23544,fit
23545,calibration
23546,calibration
23547,fit
23548,fit
23549,fit
23550,fit
23551,fit
23553,test
23554,fit
23555,fit
23556,calibration
23557,fit
23558,fit
23559,fit
23560,test
23561,fit
23562,fit
23563,fit
23564,test
23565,fit
23566,fit
23567,fit
23568,test
23569,test
23570,fit
23571,fit
23572,fit
23574,fit
23575,calibration
23576,fit
23577,fit
23578,fit
23579,fit
23580,calibration
23581,fit
23582,fit
23583,calibration
23584,fit
23585,calibration
23586,test
23587,calibration
23588,calibration
23590,test
23591,test
23592,test
23593,fit
23594,calibration
23595,fit
23596,test
23597,calibration
23598,fit
23599,fit
23600,calibration
23601,fit
23602,calibration
23603,test
23604,test
23605,fit
23606,fit
23607,test
23608,fit
23609,calibration
23610,fit
23611,fit
23612,test
23613,fit
23615,fit
23616,fit
23617,calibration
23618,fit
23619,fit
23620,fit
23621,calibration
23622,test
23623,test
23624,calibration
23625,calibration
23626,fit
23627,fit
23628,fit
23629,fit
23630,fit
23631,test
23632,fit
23633,fit
23634,fit
23635,fit
23637,calibration
23638,test
23639,fit
23640,fit
23641,test
23642,fit
23643,fit
23644,calibration
23645,fit
23646,fit
23647,fit
23648,calibration
23649,calibration
23650,test
23651,test
23652,test
23653,fit
23654,fit
23656,fit
23657,fit
23658,test
23659,fit
23660,fit
23661,fit
23662,fit
23663,fit
23664,fit
23665,test
23666,test
23667,fit
23668,test
23669,test
23670,test
23671,fit
23672,test
23673,calibration
23674,fit
23675,fit
23676,fit
23677,fit
23678,fit
23679,fit
23680,test
23681,calibration
23682,fit
23683,fit
23684,fit
23685,test
23686,fit
23687,test
23688,fit
23690,fit
23691,fit
23692,fit
23693,fit
23694,fit
23695,fit
23696,fit
23697,fit
23698,test
23699,calibration
23700,fit
23701,calibration
23702,fit
23703,calibration
23704,test
23705,test
23706,calibration
23707,fit
23708,fit
23709,fit
23710,calibration
23711,fit
23712,test
23713,fit
23714,fit
23715,test
23716,calibration
23717,fit
23718,fit
23719,fit
23720,fit
23722,fit
23723,calibration
23724,fit
23725,fit
23726,test
23727,test
23728,fit
23729,fit
23731,test
23732,test
23733,fit
23734,fit
23735,fit
23736,calibration
23737,fit
23738,fit
23739,fit
23740,fit
23741,fit
23742,fit
23743,fit
23744,fit
23745,calibration
23746,fit
23747,test
23748,fit
23749,fit
23750,fit
23751,calibration
23752,calibration
23753,fit
23754,fit
23755,test
23756,test
23757,calibration
23758,fit
23759,fit
23760,fit
23761,fit
23762,fit
23763,fit
23764,test
23765,test
23768,fit
23769,calibration
23770,fit
23771,test
23772,fit
23773,fit
23774,test
23775,test
23776,fit
23777,test
23778,test
23779,fit
23780,test
23781,fit
23782,calibration
23783,fit
23784,test
23785,calibration
23786,calibration
23787,test
23788,test
23789,test
23790,fit
23791,test
23794,calibration
23795,test
23796,fit
23797,fit
23798,fit
23799,fit
23800,test
23801,test
23802,fit
23803,test
23804,fit
23805,calibration
23806,fit
23807,calibration
23809,fit
23810,test
23811,fit
23812,calibration
23813,fit
23814,fit
23815,test
23816,test
23817,fit
23818,test
23819,fit
23820,calibration
23821,test
23822,fit
23823,fit
23824,calibration
23826,fit
23827,fit
23828,fit
23829,fit
23831,calibration
23832,test
23833,fit
23834,test
23835,calibration
23836,test
23838,test
23839,test
23840,fit
23841,fit
23842,fit
23843,fit
23846,calibration
23847,fit
23848,calibration
23849,test
23850,test
23851,fit
23852,fit
23853,fit
23854,fit
23855,fit
23856,fit
23857,test
23858,fit
23859,fit
23860,calibration
23861,fit
23862,calibration
23864,calibration
23865,fit
23866,fit
23867,test
23868,fit
23869,test
23870,fit
23871,fit
23872,fit
23873,test
23874,fit
23875,fit
23876,test
23877,test
23878,fit
23879,calibration
23880,fit
23881,calibration
23882,fit
23884,fit
23885,fit
23886,calibration
23887,test
23888,test
23889,test
23890,fit
23891,fit
23892,calibration
23893,fit
23894,fit
23895,test
23896,calibration
23897,fit
23898,fit
23899,fit
23900,calibration
23901,fit
23902,fit
23903,calibration
23904,fit
23905,fit
23906,fit
23907,fit
23909,calibration
23910,fit
23911,fit
23912,calibration
23913,test
23914,fit
23916,calibration
23917,fit
23918,fit
23919,fit
23920,fit
23921,fit
23922,fit
23923,calibration
23924,fit
23925,test
23926,fit
23927,calibration
23928,test
23930,calibration
23931,test
23932,calibration
23933,fit
23934,calibration
23935,fit
23936,fit
23937,fit
23938,calibration
23939,fit
23940,fit
23941,fit
23942,test
23943,fit
23944,test
23945,fit
23946,fit
23947,fit
23948,test
23949,fit
23950,test
23951,test
23952,calibration
23953,calibration
23954,fit
23955,test
23956,fit
23957,calibration
23958,calibration
23959,fit
23960,fit
23961,fit
23962,test
23963,fit
23964,test
23965,fit
23966,fit
23967,test
23968,fit
23969,calibration
23970,fit
23971,fit
23972,fit
23973,fit
23974,test
23975,fit
23976,fit
23977,fit
23978,calibration
23979,calibration
23980,fit
23981,calibration
23982,fit
23983,fit
23984,fit
23985,fit
23986,fit
23987,calibration
23988,fit
23989,fit
23990,calibration
23991,fit
23992,calibration
23993,fit
23994,fit
23995,test
23996,fit
23997,fit
23998,fit
23999,fit
24000,test
24001,fit
24002,calibration
24003,fit
24004,test
24005,test
24006,fit
24007,test
24008,fit
24009,fit
24010,fit
24011,fit
24012,fit
24013,fit
24014,calibration
24015,fit
24017,fit
24018,fit
24019,calibration
24020,fit
24021,test
24022,test
24023,fit
24024,calibration
24025,fit
24026,fit
24028,fit
24029,fit
24030,fit
24031,fit
24032,calibration
24033,fit
24034,test
24035,fit
24037,test
24038,fit
24039,fit
24040,test
24041,test
24042,test
24043,fit
24044,fit
24045,fit
24047,calibration
24048,fit
24049,fit
24050,fit
24051,fit
24052,fit
24053,fit
24054,calibration
24055,fit
24056,fit
24057,calibration
24058,fit
24059,calibration
24060,calibration
24061,fit
24062,fit
24063,fit
24065,fit
24066,test
24067,fit
24068,calibration
24069,fit
24070,fit
24071,fit
24072,fit
24073,calibration
24074,calibration
24075,test
24076,fit
24077,fit
24078,fit
24079,fit
24080,calibration
24081,calibration
24082,test
24083,fit
24084,fit
24085,test
24086,fit
24087,fit
24088,test
24089,test
24090,fit
24091,fit
24092,fit
24093,fit
24094,fit
24095,test
24096,calibration
24097,fit
24098,calibration
24099,test
24100,test
24101,test
24102,calibration
24103,fit
24104,fit
24105,fit
24106,test
24107,fit
24108,fit
24109,fit
24110,fit
24111,fit
24112,calibration
24113,fit
24114,fit
24116,fit
24117,fit
24118,fit
24119,calibration
24120,test
24121,fit
24122,fit
24123,fit
24124,fit
24125,calibration
24126,calibration
24127,fit
24128,fit
24129,fit
24130,fit
24131,test
24132,fit
24133,calibration
24134,calibration
24135,fit
24137,fit
24138,fit
24139,calibration
24141,calibration
24142,calibration
24143,fit
24144,test
24145,calibration
24146,calibration
24147,calibration
24148,fit
24149,test
24150,fit
24151,fit
24152,fit
24153,test
24154,fit
24155,calibration
24156,test
24158,fit
24159,test
24160,test
24161,test
24162,test
24163,calibration
24164,fit
24165,fit
24166,fit
24167,calibration
24168,fit
24169,test
24170,calibration
24171,fit
24172,fit
24173,test
24174,fit
24175,calibration
24176,fit
24177,test
24178,test
24179,fit
24180,fit
24181,test
24182,fit
24183,test
24184,test
24185,test
24187,test
24188,fit
24189,fit
24190,calibration
24191,test
24192,fit
24193,calibration
24194,calibration
24198,fit
24199,calibration
24200,fit
24201,fit
24203,fit
24204,fit
24205,fit
24206,fit
24208,test
24209,fit
24210,fit
24211,test
24212,fit
24213,fit
24214,fit
24215,calibration
24216,fit
24217,fit
24218,calibration
24219,calibration
24220,fit
24221,fit
24222,test
24223,fit
24224,fit
24225,fit
24226,fit
24227,calibration
24228,test
24229,fit
24230,fit
24231,calibration
24232,fit
24233,fit
24234,test
24235,test
24236,calibration
24238,fit
24239,fit
24240,fit
24241,calibration
24242,fit
24243,calibration
24244,test
24245,fit
24246,fit
24247,fit
24248,fit
24249,test
24251,test
24252,fit
24253,fit
24254,test
24255,fit
24256,test
24257,test
24258,fit
24259,fit
24260,fit
24261,calibration
24262,fit
24263,calibration
24264,test
24266,fit
24267,test
24268,fit
24269,fit
24271,fit
24272,test
24273,test
24274,fit
24275,fit
24276,fit
24277,fit
24278,fit
24279,fit
24280,fit
24281,fit
24282,fit
24283,calibration
24284,fit
24285,fit
24286,test
24287,fit
24288,calibration
24289,calibration
24290,fit
24291,test
24292,calibration
24293,test
24294,fit
24295,fit
24296,test
24297,calibration
24298,test
24299,fit
24300,calibration
24301,fit
24302,fit
24303,calibration
24304,test
24306,test
24307,fit
24308,fit
24309,fit
24310,fit
24311,fit
24312,fit
24313,test
24314,fit
24315,test
24316,fit
24317,fit
24319,calibration
24320,fit
24321,fit
24322,fit
24323,fit
24324,test
24325,fit
24326,fit
24327,fit
24328,fit
24329,test
24330,calibration
24334,fit
24335,fit
24336,calibration
24337,fit
24338,fit
24340,test
24341,test
24343,fit
24344,test
24345,test
24346,fit
24347,fit
24348,test
24349,test
24350,calibration
24351,test
24354,calibration
24355,fit
24356,fit
24357,fit
24358,fit
24359,fit
24360,test
24362,fit
24363,calibration
24364,fit
24365,calibration
24366,fit
24367,fit
24368,fit
24369,fit
24370,fit
24371,test
24372,fit
24373,fit
24374,calibration
24375,calibration
24376,fit
24377,test
24378,test
24379,fit
24380,fit
24382,fit
24383,test
24384,test
24385,calibration
24386,calibration
24387,fit
24388,test
24389,test
24390,fit
24391,fit
24392,fit
24393,calibration
24395,test
24396,fit
24397,fit
24398,fit
24399,test
24400,calibration
24401,fit
24402,fit
24403,calibration
24404,fit
24405,fit
24406,fit
24407,fit
24408,fit
24409,fit
24410,fit
24411,calibration
24412,test
24413,test
24414,fit
24415,fit
24416,fit
24417,calibration
24418,test
24419,test
24420,calibration
24421,calibration
24422,test
24423,fit
24424,calibration
24425,fit
24426,calibration
24427,calibration
24428,fit
24429,test
24430,fit
24431,test
24432,fit
24433,test
24434,fit
24435,fit
24436,calibration
24437,fit
24438,calibration
24439,calibration
24440,test
24441,test
24442,calibration
24443,calibration
24444,fit
24445,fit
24446,fit
24447,test
24448,test
24450,fit
24451,test
24452,fit
24453,fit
24455,calibration
24456,test
24457,fit
24458,fit
24459,fit
24460,fit
24461,fit
24462,test
24463,test
24464,fit
24465,fit
24466,calibration
24467,fit
24468,fit
24469,fit
24470,test
24471,fit
24472,fit
24473,test
24474,fit
24475,fit
24476,fit
24477,fit
24478,test
24479,fit
24480,calibration
24481,fit
24482,calibration
24483,test
24484,fit
24485,fit
24486,test
24487,fit
24488,fit
24489,fit
24491,fit
24492,test
24493,test
24494,fit
24495,calibration
24496,fit
24497,fit
24498,fit
24499,fit
24500,fit
24501,fit
24502,fit
24505,fit
24506,fit
24507,test
24508,calibration
24509,fit
24510,test
24511,fit
24512,fit
24513,fit
24514,fit
24515,fit
24516,test
24517,fit
24518,fit
24519,fit
24520,fit
24521,calibration
24522,fit
24523,test
24524,fit
24525,test
24527,fit
24528,fit
24529,fit
24530,test
24531,fit
24532,fit
24533,fit
24534,test
24535,fit
24536,fit
24537,fit
24538,calibration
24539,fit
24540,fit
24541,fit
24542,fit
24543,fit
24544,fit
24545,fit
24546,fit
24547,fit
24548,calibration
24549,calibration
24550,calibration
24551,fit
24552,fit
24553,fit
24554,calibration
24555,calibration
24556,test
24557,calibration
24558,fit
24559,calibration
24560,fit
24561,fit
24562,test
24563,calibration
24564,fit
24565,fit
24566,test
24567,fit
24568,fit
24569,calibration
24570,fit
24571,fit
24572,test
24573,fit
24574,test
24575,fit
24576,fit
24577,test
24578,test
24579,calibration
24580,calibration
24581,fit
24582,fit
24583,fit
24584,test
24585,fit
24586,fit
24587,fit
24588,fit
24589,calibration
24590,fit
24591,fit
24592,fit
24593,test
24594,fit
24596,fit
24597,calibration
24598,test
24599,fit
24601,fit
24602,fit
24603,fit
24604,fit
24605,fit
24606,calibration
24607,fit
24608,fit
24609,fit
24610,fit
24611,calibration
24612,fit
24614,fit
24615,fit
24616,fit
24617,fit
24618,fit
24619,test
24621,fit
24622,fit
24623,calibration
24624,calibration
24625,test
24626,fit
24627,test
24628,fit
24630,fit
24631,fit
24632,fit
24633,calibration
24634,test
24635,fit
24636,fit
24637,fit
24638,fit
24639,fit
24640,fit
24641,fit
24642,test
24643,test
24645,fit
24646,calibration
24647,calibration
24648,fit
24649,fit
24650,test
24651,fit
24652,fit
24653,fit
24654,calibration
24655,fit
24656,fit
24657,test
24658,fit
24659,calibration
24660,fit
24661,fit
24662,fit
24663,fit
24664,test
24665,test
24666,fit
24667,calibration
24668,calibration
24669,fit
24670,fit
24671,test
24672,fit
24673,fit
24674,fit
24675,fit
24676,fit
24677,calibration
24678,fit
24679,calibration
24681,fit
24682,fit
24683,fit
24684,calibration
24685,calibration
24686,fit
24687,fit
24688,fit
24689,fit
24691,test
24692,fit
24693,test
24694,fit
24695,fit
24696,fit
24697,fit
24698,test
24699,fit
24701,calibration
24702,fit
24703,test
24704,calibration
24705,test
24706,test
24707,fit
24708,fit
24709,fit
24710,fit
24712,fit
24713,test
24714,fit
24715,fit
24716,fit
24717,fit
24718,fit
24719,fit
24720,fit
24721,fit
24722,fit
24723,fit
24724,fit
24726,fit
24727,calibration
24728,calibration
24729,calibration
24730,test
24731,fit
24732,fit
24733,fit
24735,calibration
24736,test
24737,fit
24738,calibration
24739,calibration
24740,fit
24741,fit
24742,calibration
24743,fit
24744,test
24745,fit
24746,fit
24747,calibration
24748,test
24749,fit
24750,fit
24751,calibration
24752,fit
24753,fit
24754,calibration
24755,fit
24756,calibration
24757,test
24758,calibration
24759,test
24760,fit
24761,calibration
24762,fit
24763,fit
24764,test
24765,fit
24766,calibration
24767,fit
24768,calibration
24769,fit
24770,fit
24771,fit
24772,fit
24773,calibration
24774,calibration
24776,test
24777,fit
24778,fit
24779,fit
24782,fit
24783,fit
24784,test
24785,fit
24787,fit
24788,test
24789,calibration
24790,test
24791,fit
24792,fit
24793,calibration
24794,test
24795,fit
24796,fit
24797,test
24798,fit
24799,fit
24800,fit
24801,test
24802,fit
24803,fit
24804,fit
24805,calibration
24806,test
24807,fit
24808,fit
24809,calibration
24810,fit
24811,fit
24812,test
24813,calibration
24814,test
24815,fit
24816,test
24817,fit
24818,fit
24819,fit
24820,fit
24821,test
24822,test
24824,fit
24825,fit
24826,fit
24828,fit
24829,fit
24830,fit
24831,test
24832,fit
24833,test
24834,fit
24835,fit
24836,fit
24837,fit
24838,fit
24839,calibration
24840,fit
24841,test
24842,test
24843,fit
24844,fit
24845,calibration
24846,fit
24847,fit
24848,calibration
24849,fit
24850,test
24851,fit
24852,fit
24853,fit
24854,calibration
24855,calibration
24856,calibration
24857,calibration
24858,test
24859,calibration
24860,test
24861,fit
24862,fit
24863,test
24864,test
24865,calibration
24866,calibration
24867,fit
24868,test
24869,test
24870,calibration
24871,fit
24872,calibration
24873,fit
24874,fit
24875,calibration
24876,test
24877,fit
24878,fit
24879,fit
24880,test
24881,test
24882,test
24883,calibration
24884,fit
24886,fit
24887,fit
24888,fit
24889,calibration
24890,fit
24891,fit
24892,fit
24893,fit
24894,fit
24895,calibration
24897,test
24898,test
24899,test
24900,fit
24901,calibration
24902,test
24904,fit
24905,fit
24906,test
24907,test
24908,fit
24909,fit
24910,fit
24911,fit
24912,calibration
24913,fit
24914,fit
24915,fit
24916,calibration
24917,calibration
24918,fit
24919,test
24920,calibration
24921,test
24922,fit
24923,fit
24924,fit
24925,fit
24926,fit
24927,fit
24928,calibration
24929,test
24930,fit
24931,fit
24932,calibration
24933,test
24934,fit
24935,calibration
24936,test
24937,calibration
24938,fit
24939,calibration
24940,test
24941,test
24942,fit
24943,fit
24945,fit
24946,test
24947,fit
24948,test
24949,fit
24950,fit
24951,test
24952,test
24953,fit
24954,fit
24955,fit
24956,test
24957,calibration
24959,fit
24960,fit
24961,fit
24962,fit
24963,fit
24964,fit
24965,calibration
24966,fit
24967,fit
24968,fit
24969,fit
24970,fit
24972,fit
24973,fit
24974,calibration
24975,test
24976,fit
24977,calibration
24978,fit
24979,fit
24980,fit
24981,fit
24982,calibration
24983,fit
24984,fit
24985,calibration
24986,fit
24987,fit
24988,fit
24989,fit
24990,fit
24991,fit
24992,fit
24993,calibration
24994,fit
24995,fit
24996,fit
24997,fit
24998,fit
24999,test
25000,calibration
25001,fit
25002,fit
25003,fit
25004,fit
25005,fit
25006,fit
25007,fit
25008,fit
25009,fit
25010,test
25011,fit
25013,fit
25014,calibration
25015,fit
25016,fit
25017,calibration
25018,fit
25019,fit
25020,fit
25021,fit
25022,test
25023,test
25024,fit
25025,fit
25026,fit
25027,test
25028,fit
25029,calibration
25030,calibration
25031,fit
25032,test
25033,test
25034,fit
25035,fit
25036,fit
25037,calibration
25038,fit
25039,calibration
25040,fit
25041,fit
25042,fit
25043,calibration
25044,test
25045,fit
25047,fit
25048,calibration
25049,test
25050,fit
25051,fit
25052,fit
25053,test
25054,test
25055,test
25056,fit
25057,fit
25058,fit
25059,test
25060,fit
25061,fit
25062,calibration
25063,fit
25064,calibration
25065,fit
25066,calibration
25067,fit
25068,calibration
25069,fit
25070,calibration
25071,test
25072,calibration
25073,calibration
25074,calibration
25075,test
25076,calibration
25077,fit
25078,fit
25079,fit
25080,calibration
25081,test
25082,fit
25083,test
25084,fit
25085,fit
25086,test
25087,fit
25088,test
25089,fit
25090,test
25091,fit
25092,fit
25094,fit
25095,calibration
25096,fit
25098,fit
25099,fit
25100,fit
25101,test
25102,fit
25103,calibration
25104,test
25105,test
25106,test
25107,fit
25108,fit
25109,fit
25110,calibration
25111,fit
25112,fit
25113,fit
25114,calibration
25115,fit
25116,test
25117,calibration
25118,fit
25119,fit
25120,calibration
25121,fit
25122,fit
25123,test
25124,fit
25125,test
25126,fit
25127,calibration
25128,fit
25129,test
25131,fit
25132,fit
25133,calibration
25134,fit
25135,test
25136,fit
25137,fit
25138,fit
25139,fit
25140,test
25141,fit
25142,fit
25143,fit
25144,fit
25145,calibration
25146,test
25147,fit
25148,calibration
25149,fit
25150,fit
25151,fit
25152,fit
25153,calibration
25156,test
25157,test
25158,test
25159,fit
25160,test
25161,fit
25162,fit
25163,test
25164,calibration
25165,fit
25166,test
25167,test
25168,calibration
25169,fit
25170,calibration
25172,fit
25173,calibration
25174,fit
25175,fit
25177,test
25178,fit
25180,test
25181,fit
25182,fit
25183,test
25184,fit
25185,fit
25186,fit
25187,fit
25188,test
25191,calibration
25192,test
25193,calibration
25194,calibration
25195,fit
25196,fit
25197,fit
25198,calibration
25199,fit
25200,fit
25201,fit
25202,test
25203,calibration
25205,calibration
25206,calibration
25207,test
25208,fit
25209,fit
25210,fit
25211,test
25212,test
25213,fit
25214,test
25215,fit
25216,fit
25217,fit
25218,test
25219,fit
25220,fit
25221,fit
25222,fit
25223,fit
25224,fit
25225,fit
25226,fit
25227,fit
25228,fit
25229,fit
25230,test
25231,calibration
25232,calibration
25233,fit
25234,fit
25235,fit
25236,fit
25237,fit
25238,test
25239,fit
25240,calibration
25241,calibration
25242,test
25243,fit
25244,test
25245,fit
25246,test
25247,calibration
25248,fit
25249,fit
25250,calibration
25251,test
25252,fit
25253,fit
25254,calibration
25255,calibration
25256,fit
25257,fit
25258,fit
25259,fit
25260,fit
25261,calibration
25262,calibration
25263,fit
25264,fit
25265,test
25266,test
25267,test
25268,fit
25270,fit
25271,test
25272,fit
25273,test
25274,test
25275,calibration
25276,fit
25277,fit
25278,calibration
25279,test
25280,test
25281,fit
25282,fit
25283,calibration
25284,fit
25285,fit
25287,fit
25288,fit
25289,fit
25290,calibration
25291,fit
25292,calibration
25294,fit
25295,test
25296,test
25297,calibration
25298,fit
25299,fit
25300,fit
25301,test
25302,calibration
25303,fit
25304,fit
25305,fit
25306,fit
25307,fit
25308,test
25309,fit
25310,fit
25311,fit
25312,fit
25313,fit
25314,test
25315,calibration
25316,fit
25317,calibration
25319,fit
25320,calibration
25321,fit
25322,fit
25323,fit
25324,fit
25325,test
25326,fit
25327,fit
25328,test
25329,test
25330,test
25331,fit
25332,fit
25333,test
25334,fit
25335,fit
25336,fit
25337,calibration
25338,test
25339,calibration
25341,test
25342,test
25343,fit
25344,fit
25345,fit
25346,fit
25347,test
25348,fit
25349,fit
25350,calibration
25351,calibration
25352,fit
25353,fit
25354,fit
25356,fit
25357,fit
25358,fit
25359,calibration
25360,fit
25361,fit
25362,calibration
25363,fit
25364,fit
25365,fit
25367,calibration
25368,calibration
25369,fit
25370,fit
25371,fit
25372,fit
25373,calibration
25374,calibration
25375,test
25376,fit
25377,fit
25378,test
25380,fit
25381,calibration
25383,fit
25384,fit
25385,fit
25386,fit
25387,test
25388,calibration
25389,fit
25390,fit
25391,fit
25393,calibration
25394,calibration
25395,fit
25396,calibration
25398,test
25400,test
25401,fit
25402,test
25403,test
25404,test
25405,fit
25406,fit
25407,fit
25408,fit
25409,fit
25410,fit
25411,fit
25412,fit
25413,fit
25414,fit
25415,calibration
25416,fit
25417,fit
25418,fit
25419,fit
25420,fit
25421,test
25422,fit
25423,test
25425,test
25426,fit
25427,fit
25428,fit
25429,calibration
25430,fit
25431,test
25432,fit
25433,fit
25434,fit
25435,test
25436,fit
25437,fit
25438,fit
25439,fit
25440,test
25441,calibration
25442,fit
25443,test
25444,fit
25445,fit
25446,fit
25447,fit
25448,fit
25449,fit
25450,test
25451,test
25452,fit
25453,fit
25454,fit
25455,calibration
25456,fit
25457,test
25458,fit
25459,test
25460,fit
25461,calibration
25462,test
25463,calibration
25464,fit
25465,test
25466,fit
25467,fit
25468,calibration
25469,fit
25470,fit
25471,fit
25472,fit
25473,fit
25474,fit
25475,fit
25477,calibration
25478,fit
25479,fit
25480,fit
25481,fit
25482,fit
25483,test
25484,fit
25485,fit
25486,calibration
25487,fit
25488,calibration
25489,fit
25490,calibration
25491,fit
25492,fit
25493,fit
25494,test
25495,calibration
25496,fit
25497,fit
25498,test
25499,fit
25500,fit
25501,calibration
25502,fit
25503,calibration
25504,test
25505,fit
25506,calibration
25507,calibration
25509,fit
25510,test
25511,fit
25512,test
25513,test
25514,fit
25515,fit
25517,fit
25518,calibration
25519,test
25520,fit
25521,fit
25522,fit
25524,fit
25525,fit
25526,fit
25527,fit
25528,test
25529,calibration
25530,fit
25531,fit
25532,fit
25533,fit
25534,test
25536,fit
25537,fit
25538,fit
25539,fit
25540,test
25542,calibration
25543,fit
25544,test
25545,fit
25546,fit
25548,fit
25549,test
25550,fit
25551,calibration
25552,fit
25553,fit
25554,test
25555,calibration
25556,fit
25557,fit
25558,fit
25560,fit
25561,test
25562,fit
25563,test
25564,fit
25565,test
25566,calibration
25567,test
25568,fit
25569,test
25570,fit
25571,test
25572,test
25573,calibration
25574,fit
25575,test
25576,fit
25577,fit
25578,fit
25579,fit
25580,calibration
25581,test
25582,fit
25583,fit
25584,calibration
25585,test
25586,calibration
25587,fit
25588,test
25589,test
25590,calibration
25591,fit
25592,fit
25593,calibration
25594,test
25595,fit
25596,calibration
25597,fit
25598,fit
25599,fit
25600,calibration
25601,test
25602,calibration
25603,fit
25604,fit
25605,fit
25606,calibration
25607,fit
25608,calibration
25609,calibration
25610,fit
25611,fit
25612,calibration
25613,calibration
25614,fit
25615,test
25616,fit
25617,fit
25618,calibration
25619,calibration
25620,calibration
25622,calibration
25623,calibration
25624,test
25626,calibration
25627,fit
25628,fit
25629,fit
25630,fit
25631,fit
25632,fit
25633,fit
25634,fit
25635,fit
25636,calibration
25637,fit
25638,fit
25639,calibration
25640,test
25641,test
25642,fit
25643,fit
25644,fit
25645,fit
25646,fit
25647,calibration
25649,fit
25650,fit
25651,calibration
25652,test
25653,fit
25654,test
25655,fit
25656,test
25657,calibration
25658,fit
25659,test
25660,calibration
25661,fit
25662,test
25663,fit
25664,fit
25665,test
25666,fit
25668,test
25669,fit
25670,fit
25671,fit
25672,fit
25673,calibration
25674,fit
25675,fit
25676,calibration
25677,fit
25678,test
25680,test
25681,test
25682,fit
25683,fit
25684,calibration
25685,fit
25686,fit
25688,fit
25689,fit
25690,fit
25691,fit
25692,fit
25693,fit
25694,test
25695,fit
25696,fit
25698,fit
25699,fit
25700,calibration
25701,test
25702,test
25703,test
25704,fit
25705,fit
25706,fit
25707,test
25708,fit
25709,fit
25710,fit
25711,test
25712,fit
25713,test
25714,fit
25715,calibration
25716,fit
25717,fit
25718,fit
25719,test
25720,fit
25721,fit
25722,fit
25723,fit
25724,fit
25725,test
25726,fit
25727,calibration
25728,test
25729,fit
25730,test
25731,fit
25732,fit
25733,fit
25735,fit
25736,test
25737,fit
25738,fit
25739,fit
25740,fit
25741,calibration
25742,calibration
25743,fit
25744,test
25745,fit
25746,fit
25747,fit
25748,test
25749,fit
25750,fit
25751,test
25752,fit
25753,fit
25754,fit
25755,fit
25756,calibration
25758,fit
25759,test
25760,fit
25761,fit
25762,calibration
25763,test
25764,test
25765,fit
25766,fit
25767,fit
25768,fit
25770,fit
25771,fit
25772,fit
25774,calibration
25775,fit
25776,test
25777,calibration
25778,fit
25779,calibration
25780,fit
25781,fit
25782,calibration
25783,test
25785,test
25786,fit
25787,calibration
25788,test
25789,test
25790,fit
25791,test
25792,fit
25793,fit
25794,fit
25795,test
25796,fit
25797,fit
25798,fit
25799,calibration
25800,fit
25801,test
25802,fit
25803,test
25804,fit
25805,calibration
25807,calibration
25808,fit
25809,fit
25810,test
25811,fit
25812,fit
25813,test
25814,calibration
25815,calibration
25816,test
25817,test
25818,fit
25819,fit
25820,test
25821,test
25822,fit
25823,fit
25824,calibration
25825,test
25826,fit
25827,fit
25828,fit
25829,fit
25830,fit
25831,fit
25832,test
25833,fit
25835,fit
25836,fit
25837,fit
25838,fit
25839,calibration
25840,fit
25841,fit
25842,fit
25843,test
25844,calibration
25845,fit
25846,calibration
25847,fit
25848,test
25849,test
25850,test
25851,fit
25852,fit
25853,fit
25854,test
25855,fit
25856,fit
25857,fit
25858,calibration
25859,test
25860,fit
25861,fit
25863,calibration
25864,calibration
25865,fit
25866,test
25868,test
25869,fit
25870,fit
25871,calibration
25872,test
25873,fit
25874,fit
25875,fit
25877,fit
25878,fit
25879,calibration
25880,calibration
25881,test
25882,fit
25883,calibration
25884,fit
25885,test
25886,test
25887,calibration
25888,fit
25889,fit
25890,test
25891,fit
25892,test
25893,fit
25895,fit
25896,calibration
25897,fit
25898,fit
25899,calibration
25900,test
25901,fit
25903,fit
25904,fit
25905,fit
25906,calibration
25907,test
25908,fit
25909,fit
25910,calibration
25911,fit
25912,fit
25913,fit
25914,fit
25915,test
25916,test
25917,fit
25918,test
25919,fit
25920,calibration
25921,fit
25922,fit
25923,test
25924,fit
25925,fit
25926,fit
25927,fit
25928,fit
25929,calibration
25930,fit
25931,fit
25932,calibration
25933,fit
25934,fit
25935,test
25936,calibration
25937,fit
25938,test
25939,fit
25940,fit
25941,test
25942,calibration
25943,fit
25944,fit
25945,calibration
25946,fit
25947,fit
25948,test
25950,fit
25951,fit
25952,test
25953,test
25954,fit
25955,calibration
25956,test
25957,test
25958,fit
25959,calibration
25960,calibration
25961,fit
25962,fit
25963,test
25964,fit
25965,test
25966,fit
25967,test
25968,fit
25969,fit
25970,calibration
25971,fit
25972,fit
25973,calibration
25974,calibration
25975,fit
25976,calibration
25977,fit
25979,fit
25980,fit
25981,fit
25982,calibration
25983,calibration
25984,calibration
25985,calibration
25986,test
25987,test
25988,fit
25989,fit
25990,fit
25991,fit
25992,fit
25994,fit
25995,fit
25996,test
25997,fit
25998,fit
25999,test
26000,fit
26001,calibration
26002,test
26003,calibration
26004,test
26005,fit
26006,test
26007,fit
26008,fit
26009,fit
26010,test
26011,calibration
26012,fit
26013,test
26014,fit
26015,test
26016,calibration
26017,fit
26018,fit
26019,test
26020,test
26021,calibration
26022,calibration
26023,test
26024,fit
26025,fit
26026,fit
26027,fit
26028,test
26029,fit
26030,test
26031,fit
26032,fit
26033,fit
26034,fit
26035,test
26036,fit
26037,fit
26038,test
26039,fit
26040,test
26041,test
26042,fit
26044,fit
26045,test
26046,fit
26047,test
26048,test
26049,fit
26050,calibration
26051,fit
26052,calibration
26053,calibration
26054,fit
26055,fit
26056,calibration
26057,fit
26058,fit
26060,fit
26061,fit
26062,calibration
26063,test
26064,fit
26065,fit
26066,fit
26067,fit
26068,test
26069,fit
26070,fit
26072,test
26073,calibration
26074,test
26075,test
26076,fit
26077,calibration
26078,calibration
26079,fit
26080,fit
26081,test
26082,test
26083,test
26084,calibration
26085,fit
26086,fit
26087,fit
26088,fit
26089,fit
26090,test
26091,fit
26092,fit
26093,fit
26094,fit
26095,fit
26096,calibration
26097,fit
26098,calibration
26099,fit
26100,fit
26101,calibration
26102,calibration
26103,test
26104,fit
26105,test
26106,test
26107,fit
26108,fit
26109,calibration
26110,fit
26111,fit
26112,calibration
26113,fit
26114,calibration
26115,fit
26116,fit
26117,fit
26118,fit
26119,calibration
26120,test
26121,test
26122,fit
26123,fit
26124,fit
26125,fit
26126,fit
26127,fit
26128,fit
26129,test
26130,test
26131,calibration
26132,fit
26133,test
26134,test
26135,fit
26136,fit
26137,fit
26138,test
26139,fit
26140,fit
26141,test
26142,fit
26143,fit
26144,fit
26145,fit
26146,test
26147,calibration
26148,fit
26149,fit
26150,calibration
26151,fit
26152,test
26153,fit
26154,fit
26155,fit
26156,fit
26157,fit
26158,fit
26159,test
26160,calibration
26161,test
26162,test
26163,fit
26164,fit
26165,fit
26166,fit
26167,fit
26168,test
26169,test
26170,fit
26171,calibration
26172,calibration
26173,calibration
26174,fit
26177,calibration
26178,calibration
26179,fit
26180,calibration
26181,fit
26182,fit
26183,test
26184,fit
26185,test
26186,fit
26187,calibration
26189,test
26190,fit
26191,fit
26192,fit
26193,fit
26194,calibration
26195,fit
26196,test
26197,calibration
26198,test
26199,calibration
26200,test
26201,fit
26202,fit
26203,fit
26204,fit
26205,fit
26206,fit
26207,calibration
26208,fit
26209,test
26210,fit
26211,fit
26212,fit
26213,calibration
26214,test
26215,fit
26216,test
26217,fit
26218,fit
26219,calibration
26220,fit
26221,test
26222,fit
26223,calibration
26224,fit
26225,fit
26226,calibration
26227,fit
26228,fit
26229,fit
26230,calibration
26231,fit
26232,fit
26233,calibration
26234,fit
26235,fit
26236,fit
26237,fit
26238,fit
26239,test
26240,fit
26241,fit
26242,fit
26243,test
26244,fit
26245,fit
26246,fit
26247,fit
26248,fit
26249,fit
26250,test
26251,fit
26252,calibration
26253,fit
26254,calibration
26256,fit
26257,fit
26258,fit
26259,test
26260,calibration
26261,test
26262,fit
26263,fit
26264,fit
26265,calibration
26266,fit
26267,calibration
26268,test
26269,fit
26270,calibration
26271,test
26272,fit
26273,fit
26274,test
26275,fit
26276,fit
26277,calibration
26278,calibration
26279,fit
26281,fit
26282,fit
26283,fit
26284,fit
26285,fit
26286,fit
26287,fit
26288,test
26289,fit
26290,fit
26291,fit
26292,fit
26294,test
26295,test
26296,test
26297,fit
26298,fit
26299,calibration
26300,test
26301,fit
26302,fit
26303,fit
26304,fit
26305,test
26306,fit
26307,fit
26308,fit
26309,fit
26310,fit
26311,fit
26312,calibration
26313,calibration
26314,fit
26315,test
26316,test
26318,test
26319,calibration
26320,calibration
26321,fit
26322,calibration
26323,calibration
26324,calibration
26325,fit
26326,test
26327,calibration
26328,test
26329,fit
26330,test
26331,fit
26332,calibration
26333,fit
26334,fit
26335,calibration
26336,fit
26337,fit
26338,calibration
26339,test
26340,calibration
26341,calibration
26342,calibration
26343,fit
26344,fit
26345,test
26347,fit
26348,calibration
26349,calibration
26350,test
26351,test
26352,fit
26353,test
26354,test
26355,calibration
26356,fit
26357,fit
26358,fit
26359,fit
26360,fit
26361,fit
26362,calibration
26363,fit
26364,fit
26365,fit
26366,test
26367,fit
26368,calibration
26369,calibration
26370,fit
26371,fit
26372,calibration
26373,fit
26374,test
26375,calibration
26377,calibration
26378,fit
26379,fit
26380,fit
26381,test
26382,fit
26383,fit
26384,test
26387,test
26388,fit
26389,fit
26390,fit
26391,fit
26392,fit
26393,fit
26394,fit
26395,fit
26396,fit
26397,fit
26398,fit
26399,fit
26400,fit
26401,fit
26403,fit
26404,fit
26405,fit
26406,test
26407,fit
26409,calibration
26410,calibration
26411,fit
26412,calibration
26413,fit
26414,calibration
26416,test
26417,fit
26418,test
26419,fit
26420,calibration
26421,fit
26422,fit
26423,calibration
26424,fit
26425,fit
26426,fit
26427,test
26428,fit
26429,fit
26430,fit
26431,calibration
26432,fit
26433,test
26434,calibration
26435,fit
26436,fit
26437,test
26439,calibration
26440,fit
26441,calibration
26442,fit
26443,fit
26444,test
26445,calibration
26446,test
26447,calibration
26448,calibration
26449,test
26450,test
26451,test
26452,fit
26453,test
26454,fit
26455,test
26456,fit
26457,test
26458,fit
26459,fit
26460,fit
26461,fit
26462,test
26463,fit
26465,test
26467,fit
26468,test
26469,fit
26470,fit
26471,calibration
26472,calibration
26473,test
26475,calibration
26476,fit
26477,fit
26478,fit
26479,fit
26480,fit
26481,fit
26482,fit
26483,fit
26484,fit
26485,calibration
26486,fit
26487,fit
26488,calibration
26489,calibration
26490,fit
26491,fit
26492,fit
26493,fit
26494,calibration
26495,fit
26496,fit
26497,fit
26498,fit
26499,fit
26501,test
26502,calibration
26503,calibration
26504,fit
26505,fit
26506,calibration
26507,calibration
26508,fit
26509,fit
26510,fit
26511,calibration
26512,test
26513,fit
26514,fit
26515,fit
26516,calibration
26517,test
26518,fit
26519,test
26520,test
26522,calibration
26523,test
26524,fit
26525,fit
26526,fit
26527,fit
26529,fit
26530,calibration
26531,fit
26532,fit
26533,fit
26534,calibration
26535,calibration
26536,fit
26537,calibration
26538,test
26539,fit
26540,fit
26541,test
26542,test
26543,calibration
26544,calibration
26545,test
26546,fit
26547,fit
26548,test
26549,test
26550,fit
26551,fit
26552,test
26553,test
26554,test
26555,test
26556,fit
26557,test
26558,test
26559,fit
26560,fit
26561,calibration
26562,test
26563,fit
26564,test
26565,fit
26566,calibration
26567,fit
26568,fit
26571,fit
26572,test
26573,fit
26574,test
26575,fit
26576,fit
26577,fit
26578,fit
26579,test
26580,fit
26581,fit
26582,fit
26583,calibration
26584,calibration
26585,fit
26586,fit
26587,fit
26588,test
26589,fit
26590,test
26592,fit
26593,test
26594,calibration
26595,fit
26596,fit
26597,fit
26598,test
26599,fit
26600,test
26602,fit
26603,fit
26604,fit
26605,test
26606,fit
26607,fit
26608,calibration
26609,fit
26610,fit
26611,fit
26612,calibration
26613,calibration
26614,fit
26615,fit
26616,fit
26617,fit
26619,fit
26620,calibration
26621,fit
26622,fit
26623,fit
26624,fit
26625,fit
26627,test
26628,calibration
26629,fit
26630,fit
26631,fit
26632,calibration
26633,test
26634,fit
26635,test
26636,fit
26637,fit
26638,fit
26639,test
26640,fit
26641,calibration
26642,fit
26643,fit
26644,fit
26645,calibration
26647,fit
26648,fit
26649,fit
26650,fit
26651,calibration
26652,fit
26653,fit
26654,calibration
26655,calibration
26656,fit
26657,fit
26658,fit
26659,calibration
26660,fit
26661,fit
26662,test
26663,test
26664,calibration
26665,fit
26666,test
26667,fit
26668,fit
26669,test
26670,test
26671,calibration
26672,fit
26673,fit
26674,fit
26675,fit
26676,fit
26677,fit
26678,fit
26679,calibration
26680,calibration
26681,calibration
26682,fit
26683,fit
26684,calibration
26685,calibration
26686,calibration
26687,fit
26688,fit
26689,fit
26690,calibration
26691,fit
26692,calibration
26693,fit
26694,fit
26695,fit
26696,fit
26698,fit
26699,fit
26700,fit
26701,calibration
26702,calibration
26703,calibration
26704,fit
26705,test
26706,calibration
26707,fit
26708,fit
26709,test
26710,calibration
26711,fit
26712,fit
26713,test
26714,fit
26715,test
26716,calibration
26717,fit
26718,fit
26719,fit
26720,calibration
26722,calibration
26723,fit
26724,test
26725,fit
26726,test
26727,test
26728,fit
26729,fit
26730,fit
26731,test
26732,calibration
26733,calibration
26734,fit
26735,calibration
26736,test
26737,fit
26738,fit
26739,calibration
26740,test
26741,test
26742,test
26743,calibration
26744,test
26745,fit
26746,fit
26747,test
26748,fit
26749,calibration
26750,fit
26751,test
26752,fit
26753,test
26754,fit
26755,test
26756,test
26757,fit
26758,test
26759,calibration
26761,test
26762,fit
26763,fit
26764,test
26765,calibration
26766,fit
26767,calibration
26768,test
26769,fit
26770,fit
26771,fit
26772,test
26773,fit
26774,fit
26775,test
26776,fit
26777,test
26778,test
26779,calibration
26780,test
26781,test
26783,fit
26784,fit
26785,calibration
26786,test
26787,test
26788,fit
26789,calibration
26790,fit
26791,fit
26792,test
26793,fit
26794,fit
26795,test
26796,fit
26797,fit
26798,calibration
26799,fit
26800,calibration
26801,fit
26802,test
26803,fit
26804,calibration
26805,fit
26806,fit
26807,calibration
26808,fit
26809,fit
26811,test
26812,test
26813,calibration
26814,test
26815,calibration
26816,fit
26817,fit
26818,fit
26819,calibration
26820,fit
26821,test
26822,fit
26823,test
26824,test
26825,fit
26826,fit
26827,fit
26828,test
26829,fit
26830,test
26831,fit
26832,fit
26833,fit
26834,fit
26835,test
26836,fit
26837,fit
26838,test
26839,fit
26840,fit
26841,fit
26842,fit
26843,fit
26844,fit
26845,fit
26846,test
26847,test
26848,calibration
26849,fit
26850,calibration
26851,fit
26852,fit
26853,fit
26855,fit
26856,calibration
26857,fit
26858,fit
26859,fit
26860,fit
26861,fit
26862,fit
26863,test
26864,fit
26865,test
26866,test
26867,fit
26868,fit
26869,fit
26870,fit
26871,fit
26872,fit
26873,fit
26874,calibration
26875,fit
26877,calibration
26878,fit
26879,fit
26880,calibration
26881,fit
26883,fit
26884,fit
26885,fit
26886,test
26887,test
26888,test
26889,test
26890,calibration
26891,fit
26892,fit
26893,fit
26894,fit
26895,fit
26896,calibration
26897,fit
26898,calibration
26899,calibration
26900,test
26901,fit
26902,calibration
26903,calibration
26904,fit
26905,calibration
26906,fit
26907,calibration
26908,fit
26909,fit
26910,fit
26911,calibration
26913,fit
26914,test
26915,calibration
26916,test
26917,calibration
26918,test
26919,fit
26920,calibration
26922,fit
26923,fit
26924,calibration
26925,fit
26926,calibration
26927,fit
26928,fit
26929,fit
26930,fit
26931,calibration
26932,fit
26933,fit
26934,fit
26935,calibration
26936,calibration
26937,calibration
26938,test
26939,calibration
26941,test
26942,fit
26943,fit
26944,fit
26945,calibration
26946,test
26947,test
26948,fit
26949,fit
26950,fit
26951,calibration
26952,fit
26953,fit
26954,fit
26955,fit
26956,fit
26957,test
26958,fit
26959,calibration
26960,fit
26961,test
26962,fit
26963,calibration
26965,fit
26966,calibration
26967,fit
26968,fit
26969,fit
26970,fit
26971,test
26972,test
26973,fit
26974,calibration
26975,test
26976,test
26977,test
26978,fit
26979,fit
26980,fit
26981,fit
26982,calibration
26983,calibration
26984,fit
26985,fit
26987,calibration
26988,fit
26989,fit
26990,fit
26991,fit
26992,fit
26993,test
26994,fit
26995,fit
26996,calibration
26997,fit
26998,fit
26999,test
27000,calibration
27001,fit
27003,fit
27004,test
27005,test
27006,fit
27007,calibration
27008,fit
27009,fit
27010,fit
27011,test
27012,calibration
27013,test
27014,fit
27015,test
27016,fit
27017,fit
27018,fit
27019,test
27020,fit
27021,fit
27022,calibration
27023,fit
27024,fit
27025,fit
27026,fit
27027,calibration
27028,test
27029,fit
27031,fit
27032,fit
27033,fit
27034,fit
27035,fit
27036,test
27037,test
27038,test
27039,calibration
27040,test
27041,fit
27042,fit
27043,calibration
27044,fit
27045,fit
27046,fit
27047,fit
27048,fit
27049,calibration
27051,fit
27052,fit
27053,test
27055,test
27056,test
27057,fit
27058,fit
27059,fit
27060,fit
27061,calibration
27062,fit
27063,fit
27064,fit
27065,fit
27066,fit
27067,test
27068,test
27069,calibration
27070,fit
27071,fit
27072,fit
27073,fit
27074,fit
27075,calibration
27076,fit
27077,fit
27078,test
27079,calibration
27080,fit
27081,fit
27082,test
27083,test
27084,fit
27085,fit
27086,calibration
27088,fit
27089,test
27090,calibration
27091,calibration
27092,calibration
27093,calibration
27094,fit
27095,fit
27096,fit
27097,test
27098,fit
27099,test
27100,fit
27101,calibration
27102,test
27103,test
27104,fit
27105,calibration
27106,fit
27107,fit
27108,fit
27109,fit
27110,fit
27111,test
27112,fit
27113,fit
27114,fit
27115,fit
27116,fit
27117,calibration
27118,fit
27120,fit
27121,fit
27122,fit
27123,calibration
27124,fit
27125,fit
27126,calibration
27127,fit
27128,fit
27129,fit
27130,test
27131,fit
27132,calibration
27133,test
27134,fit
27135,test
27136,fit
27137,fit
27138,fit
27139,test
27140,fit
27141,test
27143,calibration
27144,fit
27145,fit
27146,fit
27148,fit
27149,test
27150,calibration
27151,fit
27152,calibration
27153,test
27154,fit
27155,calibration
27156,fit
27157,calibration
27158,fit
27159,fit
27160,fit
27161,fit
27162,test
27163,calibration
27164,calibration
27165,fit
27166,fit
27167,test
27168,test
27169,fit
27170,fit
27171,test
27172,test
27173,calibration
27174,fit
27175,test
27177,calibration
27178,test
27179,fit
27180,fit
27181,calibration
27182,fit
27183,calibration
27184,test
27185,test
27186,fit
27187,fit
27188,fit
27189,fit
27190,fit
27191,test
27192,fit
27193,test
27194,test
27195,fit
27196,calibration
27197,fit
27198,calibration
27199,test
27200,fit
27201,fit
27202,test
27203,fit
27204,fit
27206,calibration
27207,fit
27208,calibration
27209,calibration
27210,fit
27211,fit
27212,fit
27213,fit
27214,fit
27215,calibration
27216,fit
27217,test
27219,test
27220,fit
27221,calibration
27222,fit
27223,test
27224,fit
27225,fit
27226,calibration
27227,calibration
27228,test
27229,test
27230,fit
27231,calibration
27232,test
27233,fit
27234,test
27235,calibration
27236,fit
27237,fit
27238,test
27239,fit
27240,fit
27241,fit
27242,calibration
27243,fit
27244,fit
27245,calibration
27246,calibration
27247,fit
27248,fit
27249,test
27250,fit
27251,fit
27252,fit
27253,fit
27254,calibration
27255,fit
27256,fit
27257,fit
27258,test
27259,fit
27260,calibration
27261,calibration
27262,fit
27263,fit
27264,fit
27265,fit
27266,calibration
27267,fit
27268,test
27269,fit
27270,fit
27271,test
27272,calibration
27274,fit
27275,test
27276,fit
27277,fit
27279,fit
27280,fit
27281,fit
27283,fit
27284,fit
27286,fit
27287,fit
27288,fit
27289,fit
27290,calibration
27291,fit
27292,fit
27293,fit
27294,test
27295,test
27296,calibration
27297,test
27298,fit
27299,calibration
27300,fit
27301,calibration
27302,fit
27303,test
27304,test
27305,test
27306,calibration
27308,calibration
27309,calibration
27310,fit
27311,fit
27312,fit
27313,fit
27314,calibration
27315,fit
27316,test
27317,fit
27318,fit
27319,fit
27320,fit
27321,fit
27322,fit
27323,fit
27324,fit
27325,test
27327,fit
27328,test
27329,fit
27330,calibration
27331,fit
27332,fit
27333,calibration
27334,fit
27335,fit
27336,fit
27337,fit
27338,test
27339,fit
27340,fit
27341,fit
27342,test
27343,fit
27344,fit
27345,calibration
27346,test
27347,fit
27348,fit
27349,fit
27350,test
27351,fit
27352,test
27353,fit
27354,test
27355,test
27356,fit
27357,test
27358,calibration
27359,fit
27360,fit
27361,fit
27362,fit
27363,fit
27364,fit
27365,fit
27366,test
27367,calibration
27368,fit
27369,fit
27370,calibration
27371,fit
27372,fit
27373,fit
27374,calibration
27375,calibration
27376,fit
27377,test
27378,fit
27379,calibration
27380,calibration
27381,fit
27382,fit
27384,fit
27385,fit
27386,fit
27387,fit
27388,fit
27389,calibration
27390,calibration
27391,fit
27392,fit
27393,calibration
27394,calibration
27396,fit
27397,calibration
27398,calibration
27399,calibration
27400,test
27401,fit
27402,fit
27405,fit
27406,calibration
27407,test
27408,fit
27409,fit
27410,fit
27411,calibration
27412,fit
27413,fit
27414,fit
27415,fit
27416,test
27417,test
27418,fit
27419,fit
27420,fit
27421,calibration
27422,fit
27424,fit
27425,calibration
27426,test
27427,test
27428,test
27430,test
27431,fit
27432,fit
27433,fit
27434,fit
27435,test
27436,fit
27437,fit
27439,test
27440,fit
27441,test
27442,calibration
27443,fit
27444,calibration
27445,fit
27446,test
27447,fit
27448,fit
27449,fit
27450,calibration
27451,test
27453,calibration
27454,fit
27455,fit
27456,test
27457,fit
27458,fit
27459,fit
27460,test
27461,fit
27462,calibration
27464,fit
27465,test
27466,calibration
27467,fit
27468,test
27469,fit
27470,fit
27471,calibration
27472,calibration
27473,fit
27474,fit
27475,test
27476,fit
27477,calibration
27478,test
27479,fit
27480,test
27481,test
27482,calibration
27483,fit
27484,test
27485,fit
27486,fit
27487,calibration
27488,fit
27489,fit
27490,calibration
27491,fit
27492,fit
27493,fit
27494,fit
27495,calibration
27496,fit
27497,test
27498,calibration
27499,fit
27500,calibration
27501,fit
27502,fit
27503,fit
27504,test
27505,test
27506,test
27507,fit
27508,calibration
27509,fit
27510,calibration
27511,fit
27512,test
27513,fit
27514,calibration
27515,calibration
27516,test
27517,fit
27518,fit
27519,fit
27520,calibration
27521,calibration
27522,fit
27523,fit
27524,fit
27525,fit
27526,calibration
27527,calibration
27528,fit
27529,test
27530,test
27531,fit
27532,calibration
27533,calibration
27534,fit
27535,fit
27536,fit
27537,test
27538,fit
27539,fit
27540,fit
27541,test
27542,fit
27543,calibration
27544,calibration
27545,fit
27546,calibration
27547,fit
27548,fit
27549,calibration
27550,fit
27551,fit
27552,fit
27553,fit
27554,calibration
27555,fit
27556,fit
27557,fit
27558,fit
27559,fit
27560,calibration
27561,fit
27562,calibration
27563,fit
27564,fit
27565,fit
27566,fit
27567,fit
27568,fit
27569,fit
27570,fit
27571,calibration
27572,fit
27573,fit
27574,test
27575,test
27576,test
27577,fit
27578,fit
27579,fit
27580,fit
27581,test
27582,fit
27583,fit
27584,fit
27585,fit
27586,fit
27587,calibration
27588,test
27589,test
27590,fit
27592,calibration
27593,test
27594,fit
27595,fit
27596,fit
27597,fit
27598,fit
27599,fit
27600,test
27601,fit
27602,test
27603,fit
27604,calibration
27605,fit
27606,fit
27607,fit
27608,fit
27609,test
27610,calibration
27611,test
27612,fit
27613,test
27614,calibration
27615,calibration
27616,fit
27618,calibration
27619,fit
27620,test
27621,calibration
27622,calibration
27623,test
27624,fit
27625,calibration
27626,fit
27627,test
27628,fit
27629,fit
27630,fit
27631,fit
27632,test
27633,fit
27634,fit
27635,calibration
27636,fit
27637,fit
27638,calibration
27639,fit
27640,fit
27641,fit
27642,fit
27643,calibration
27644,calibration
27647,test
27648,fit
27649,test
27650,calibration
27651,fit
27652,test
27653,fit
27654,calibration
27655,fit
27656,test
27657,calibration
27658,fit
27661,fit
27662,fit
27663,fit
27664,calibration
27665,fit
27667,calibration
27668,fit
27669,fit
27670,fit
27671,fit
27672,calibration
27673,fit
27674,fit
27675,fit
27676,calibration
27677,calibration
27678,fit
27679,test
27680,fit
27681,fit
27682,fit
27683,fit
27684,fit
27685,calibration
27686,calibration
27687,fit
27688,fit
27689,fit
27690,fit
27691,fit
27692,fit
27693,test
27694,calibration
27695,fit
27696,fit
27697,fit
27698,calibration
27699,fit
27700,fit
27701,fit
27702,fit
27703,fit
27704,fit
27705,calibration
27706,fit
27707,calibration
27709,test
27710,test
27711,calibration
27712,fit
27713,fit
27714,test
27715,calibration
27716,fit
27717,test
27718,fit
27719,fit
27720,fit
27721,fit
27722,calibration
27723,test
27724,calibration
27725,test
27726,fit
27727,calibration
27728,test
27729,fit
27730,calibration
27731,fit
27732,test
27733,fit
27734,test
27735,fit
27736,calibration
27737,calibration
27738,test
27739,fit
27740,fit
27742,fit
27743,calibration
27744,fit
27745,fit
27746,fit
27747,fit
27748,calibration
27749,calibration
27750,fit
27751,calibration
27752,test
27753,fit
27754,fit
27755,fit
27756,fit
27757,fit
27758,fit
27759,fit
27760,fit
27761,calibration
27762,test
27763,calibration
27764,fit
27765,test
27766,test
27767,calibration
27768,fit
27769,test
27770,test
27771,fit
27772,test
27773,fit
27774,test
27775,test
27776,test
27777,fit
27778,fit
27779,fit
27780,fit
27781,fit
27782,fit
27783,calibration
27785,calibration
27786,test
27787,fit
27788,test
27789,test
27790,fit
27791,test
27792,calibration
27793,fit
27794,fit
27796,fit
27797,fit
27798,fit
27799,calibration
27800,fit
27801,fit
27802,fit
27803,fit
27804,fit
27805,fit
27806,calibration
27807,test
27808,calibration
27809,fit
27810,fit
27811,calibration
27812,fit
27814,fit
27815,fit
27816,fit
27817,fit
27818,fit
27819,fit
27820,test
27821,fit
27822,fit
27823,fit
27825,calibration
27826,calibration
27827,calibration
27828,test
27829,fit
27830,calibration
27831,fit
27832,fit
27834,fit
27835,fit
27836,calibration
27837,test
27838,fit
27839,fit
27840,fit
27841,fit
27842,fit
27843,fit
27844,fit
27846,test
27847,calibration
27848,fit
27849,fit
27850,fit
27851,fit
27852,test
27853,fit
27854,fit
27855,fit
27856,test
27857,test
27858,fit
27859,fit
27860,calibration
27861,test
27862,fit
27863,fit
27864,fit
27865,fit
27866,fit
27867,fit
27868,fit
27869,test
27870,fit
27871,fit
27872,fit
27873,test
27874,fit
27875,fit
27876,calibration
27877,calibration
27878,calibration
27879,calibration
27880,fit
27881,fit
27882,fit
27883,test
27885,fit
27886,fit
27887,test
27888,fit
27890,test
27891,calibration
27892,test
27893,test
27894,calibration
27895,fit
27896,fit
27897,fit
27898,fit
27899,fit
27900,test
27901,fit
27902,calibration
27903,fit
27904,test
27906,calibration
27907,fit
27908,fit
27909,calibration
27910,test
27911,calibration
27912,test
27913,calibration
27914,calibration
27915,fit
27916,fit
27918,fit
27919,calibration
27920,fit
27921,fit
27922,calibration
27923,calibration
27924,calibration
27925,calibration
27926,fit
27927,calibration
27928,fit
27929,calibration
27930,calibration
27931,fit
27932,calibration
27933,calibration
27934,fit
27935,fit
27936,calibration
27937,test
27938,calibration
27939,fit
27940,calibration
27941,fit
27942,fit
27943,fit
27944,fit
27945,fit
27946,fit
27947,fit
27948,calibration
27949,fit
27951,test
27952,calibration
27953,calibration
27954,test
27955,fit
27956,fit
27957,fit
27958,test
27959,calibration
27961,test
27962,test
27963,fit
27964,fit
27965,fit
27966,fit
27968,fit
27969,fit
27970,calibration
27971,calibration
27972,test
27974,fit
27975,fit
27976,fit
27977,calibration
27978,test
27979,test
27980,fit
27981,fit
27982,calibration
27983,calibration
27984,calibration
27985,fit
27986,test
27987,calibration
27988,fit
27989,calibration
27990,test
27991,fit
27992,fit
27993,test
27995,fit
27996,test
27997,calibration
27998,test
27999,fit
28000,fit
28001,test
28002,calibration
28003,calibration
28004,fit
28005,fit
28006,fit
28007,calibration
28008,fit
28009,fit
28010,test
28011,fit
28012,fit
28013,fit
28014,fit
28015,calibration
28016,fit
28017,test
28020,test
28021,fit
28022,fit
28023,fit
28024,fit
28025,test
28026,fit
28027,fit
28028,fit
28029,test
28030,fit
28031,fit
28032,fit
28034,test
28035,fit
28036,test
28037,test
28038,test
28039,test
28040,fit
28041,fit
28042,calibration
28043,fit
28045,test
28046,calibration
28047,fit
28048,fit
28049,fit
28050,fit
28051,fit
28052,test
28053,calibration
28054,calibration
28055,fit
28056,fit
28057,fit
28058,calibration
28059,fit
28060,fit
28061,fit
28062,fit
28063,fit
28064,calibration
28065,fit
28066,fit
28067,fit
28068,test
28069,fit
28070,fit
28071,fit
28072,calibration
28073,fit
28074,calibration
28075,fit
28076,fit
28077,calibration
28078,fit
28079,fit
28080,fit
28081,calibration
28082,fit
28083,fit
28084,calibration
28085,fit
28086,fit
28087,fit
28088,calibration
28089,calibration
28090,test
28091,fit
28092,test
28093,test
28094,fit
28095,test
28096,test
28098,fit
28099,calibration
28100,fit
28101,fit
28102,fit
28104,fit
28105,calibration
28106,test
28107,test
28108,fit
28109,fit
28110,fit
28111,calibration
28112,calibration
28113,fit
28114,fit
28115,test
28116,calibration
28117,calibration
28118,calibration
28119,fit
28120,calibration
28121,fit
28122,fit
28123,fit
28124,calibration
28125,fit
28126,test
28127,test
28128,fit
28129,fit
28130,fit
28131,test
28132,fit
28133,fit
28134,fit
28135,fit
28136,fit
28137,calibration
28138,test
28139,test
28140,fit
28141,fit
28142,test
28143,test
28144,calibration
28145,fit
28146,fit
28147,fit
28148,test
28149,fit
28150,fit
28151,fit
28152,fit
28153,fit
28154,fit
28155,fit
28156,fit
28158,fit
28159,test
28160,fit
28161,calibration
28162,calibration
28163,fit
28164,fit
28165,test
